dataset,metric,metric_column,session_id,subject_id,group,n_units,mean,unit_sd,analytic_se,bootstrap_se,bootstrap_ci_low,bootstrap_ci_high,bootstrap_bias,session_mean_unweighted,centered_mean,precision_weight,bootstrap_to_analytic_se_ratio
Within-V1,TTFS (ms),time_to_first_spike_fl,2,816305,A,214,74.1822429906542,17.66875608027476,1.2078113004507278,1.245361515008921,71.63054906542055,76.61454439252336,0.03791588785047395,71.88884320296035,2.2933997876938577,0.6447763783488201,1.0310894711319394
Within-V1,TTFS (ms),time_to_first_spike_fl,2,816305,B,209,69.98564593301435,16.979761275418088,1.1745146467199759,1.1486821757480252,67.79413875598085,72.20831339712919,-0.008550239234452306,71.88884320296035,-1.9031972699459914,0.7578796323533051,0.978005833265603
Within-V1,TTFS (ms),time_to_first_spike_fl,2,816305,C,302,70.63245033112582,17.46964163036947,1.005264913016883,1.019602031217021,68.6134105960265,72.6331953642384,-0.010382450331121618,71.88884320296035,-1.256392871834521,0.9619192501653226,1.0142620298535152
Within-V1,TTFS (ms),time_to_first_spike_fl,2,816305,E,149,72.75503355704699,16.410343789082948,1.3443877458708131,1.3215582017811023,70.22088926174497,75.39941275167786,0.03581208053689977,71.88884320296035,0.8661903540866405,0.5725684470091577,0.9830186312246373
Within-V1,TTFS (ms),time_to_first_spike_fl,3,810531,A,230,73.34565217391304,18.172844400100914,1.1982818743486516,1.214635030433431,70.89070652173913,75.59815217391304,-0.03156304347824346,73.26289405737691,0.08275811653612664,0.6778106614869994,1.0136471696975875
Within-V1,TTFS (ms),time_to_first_spike_fl,3,810531,B,192,71.24739583333333,17.989234520341213,1.2982611741042887,1.2648602440675765,68.60371093750001,73.6771484375,-0.04152343749998977,73.26289405737691,-2.015498224043583,0.6250502239485998,0.9742725649484538
Within-V1,TTFS (ms),time_to_first_spike_fl,3,810531,C,235,73.42340425531916,16.18161102517507,1.0555719138952788,1.0841196312403267,71.17436170212765,75.47595744680851,-0.041897872340427966,73.26289405737691,0.1605101979422443,0.8508354620440242,1.0270447867826464
Within-V1,TTFS (ms),time_to_first_spike_fl,3,810531,E,242,75.03512396694215,17.551105159169317,1.1282277704878931,1.1583635734157796,72.75371900826445,77.40160123966942,0.039045454545458824,73.26289405737691,1.7722299095652403,0.7452641250927646,1.0267107438020733
Within-V1,TTFS (ms),time_to_first_spike_fl,4,810532,A,258,71.53294573643412,17.395935161998853,1.0830236173143821,1.0320352328892346,69.49316860465116,73.43706395348838,0.011744186046513505,72.57703751788915,-1.0440917814550374,0.9388818681113764,0.9529203393074793
Within-V1,TTFS (ms),time_to_first_spike_fl,4,810532,B,228,70.96929824561404,18.963131989093146,1.2558640955424538,1.2446950816000408,68.50427631578947,73.34725877192983,0.010890350877190258,72.57703751788915,-1.6077392722751114,0.6454670142500232,0.9911065106630119
Within-V1,TTFS (ms),time_to_first_spike_fl,4,810532,C,145,74.77931034482759,16.78084596162361,1.393573405234727,1.3119744394324213,72.42379310344828,77.41422413793103,-0.013931034482752125,72.57703751788915,2.20227282693844,0.5809640405511834,0.9414462377828159
Within-V1,TTFS (ms),time_to_first_spike_fl,4,810532,E,188,73.02659574468085,16.436210679598656,1.1987338655186308,1.1750013620183095,70.77652925531915,75.4313829787234,0.03609574468084986,72.57703751788915,0.44955822679169444,0.7243079631869577,0.9802020246670403
Within-V1,TTFS (ms),time_to_first_spike_fl,5,813810,A,259,71.1023166023166,17.203021481731774,1.068943743261729,1.0431324875463046,69.03474903474904,73.1063223938224,-0.03538030888030619,70.25511527523078,0.847201327085827,0.9190117355390786,0.9758534947436381
Within-V1,TTFS (ms),time_to_first_spike_fl,5,813810,B,292,66.96404109589041,17.12751573630205,1.0023120451982857,1.009699833319675,65.06164383561644,68.9628852739726,0.01409246575342138,70.25511527523078,-3.29107417934037,0.980878986908299,1.007370746622054
Within-V1,TTFS (ms),time_to_first_spike_fl,5,813810,C,337,69.59643916913947,18.80959700960388,1.0246240385463636,1.0443398539007618,67.50103857566765,71.5745178041543,-0.04650445103858658,70.25511527523078,-0.6586761060913062,0.9168880160485835,1.0192419996141893
Within-V1,TTFS (ms),time_to_first_spike_fl,5,813810,E,274,73.35766423357664,16.83935614574772,1.0173027085101491,1.0397981903775002,71.27354014598541,75.38412408759123,-0.015124087591232183,70.25511527523078,3.1025489583458636,0.9249151335250224,1.0221128693349257
Within-V1,TTFS (ms),time_to_first_spike_fl,6,815152,A,203,70.05665024630542,17.466814152683753,1.2259300212359006,1.2383945623496322,67.79525862068967,72.53017241379311,0.009098522167477086,73.19068196271785,-3.134031716412423,0.6520515433565409,1.010167416490189
Within-V1,TTFS (ms),time_to_first_spike_fl,6,815152,B,195,73.22051282051282,16.421088708573336,1.1759385872130348,1.1657250270446533,70.85621794871795,75.56153846153846,-0.040328205128204786,73.19068196271785,0.02983085779497685,0.7358812866983228,0.9913145462871599
Within-V1,TTFS (ms),time_to_first_spike_fl,6,815152,C,175,72.49428571428571,15.871700813066866,1.1997878067141883,1.1733878450366606,70.2227857142857,74.68378571428572,-0.027848571428563673,73.19068196271785,-0.6963962484321371,0.7263013138549759,0.9779961410427831
Within-V1,TTFS (ms),time_to_first_spike_fl,6,815152,E,172,76.99127906976744,16.64212876456619,1.2689504219437304,1.2577946517809808,74.70290697674419,79.4779796511628,0.06883139534885174,73.19068196271785,3.8005971070495974,0.632092318358111,0.9912086634987192
Within-V1,TTFS (ms),time_to_first_spike_fl,7,816308,A,214,70.97429906542057,16.639735327219157,1.1374688899102146,1.1155298587828348,68.76845794392523,73.1427570093458,0.001060747663544248,70.16546824198946,0.8088308234311086,0.8035956948277947,0.9807124121617854
Within-V1,TTFS (ms),time_to_first_spike_fl,7,816308,B,247,72.65384615384616,16.10687802461459,1.0248561066171658,1.0280291133847042,70.7042004048583,74.75708502024291,-0.040313765182190764,70.16546824198946,2.488377911856702,0.9462135702090246,1.0030960509939408
Within-V1,TTFS (ms),time_to_first_spike_fl,7,816308,C,382,64.3717277486911,20.303033316143818,1.0387935534514383,1.0652387166708897,62.31410340314136,66.48907068062827,0.05218193717277586,70.16546824198946,-5.793740493298358,0.881264172860863,1.0254575734818396
Within-V1,TTFS (ms),time_to_first_spike_fl,7,816308,E,250,72.662,17.7805892313403,1.1245432022179578,1.0921507727261683,70.56765,74.83445,-0.009712000000007492,70.16546824198946,2.4965317580105477,0.8383682162778477,0.9711950333007204
Within-V1,TTFS (ms),time_to_first_spike_fl,8,817334,A,236,69.48516949152543,17.740529159660582,1.1548100857598809,1.1021442258839926,67.23463983050847,71.59602754237288,0.03062500000000057,73.1191772455723,-3.634007754046877,0.8232337001619657,0.9543943540801054
Within-V1,TTFS (ms),time_to_first_spike_fl,8,817334,B,167,71.34730538922156,16.81442945437207,1.30113961535994,1.3215317307724657,68.66766467065868,73.74618263473054,-0.01981137724550308,73.1191772455723,-1.7718718563507423,0.5725913849617608,1.0156725036820007
Within-V1,TTFS (ms),time_to_first_spike_fl,8,817334,C,232,75.91810344827586,16.599489373766037,1.089809868481044,1.1191835374498214,73.67963362068966,77.93432112068966,-0.023562499999997044,73.1191772455723,2.798926202703555,0.7983574335502659,1.0269530216401122
Within-V1,TTFS (ms),time_to_first_spike_fl,8,817334,E,199,75.72613065326634,16.660123582399482,1.1810048480679138,1.1769288133539153,73.42192211055277,78.04566582914572,-0.0167788944723668,73.1191772455723,2.6069534076940357,0.7219375136447377,0.9965486723270723
Within-V1,TTFS (ms),time_to_first_spike_fl,9,817335,A,211,71.74170616113744,16.524969992881335,1.1376258500573107,1.1347451892407672,69.5478672985782,73.9763625592417,0.042381516587681745,72.02428923360763,-0.28258307247018877,0.7766105742343407,0.9974678310831295
Within-V1,TTFS (ms),time_to_first_spike_fl,9,817335,B,241,71.91908713692946,17.291155277478584,1.1138212250113526,1.1052803851515007,69.77147302904565,74.17645228215767,0.05586721991701893,72.02428923360763,-0.10520209667816971,0.8185685867635034,0.9923319472927401
Within-V1,TTFS (ms),time_to_first_spike_fl,9,817335,C,234,70.5,16.6308699985861,1.0871939827027606,1.0583910364880385,68.43798076923078,72.62911324786324,0.014696581196574243,72.02428923360763,-1.5242892336076324,0.8927044376982677,0.9735070772346274
Within-V1,TTFS (ms),time_to_first_spike_fl,9,817335,E,275,73.93636363636364,18.108063329122736,1.091957304412618,1.0730548789242331,71.87263636363636,76.10009090909091,-0.02578363636364145,72.02428923360763,1.912074402756005,0.8684726235634533,0.982689409730582
Within-V1,log10 F1/F0,f1_f0_dg,2,816305,A,318,-0.019082813568391654,0.21382987514075827,0.01199098396919159,0.011860945118143024,-0.0426510872620178,0.0029605863119859547,-4.351921424601557e-05,-0.040850560755237,0.021767747186845345,7108.22894374616,0.989155281052608
Within-V1,log10 F1/F0,f1_f0_dg,2,816305,B,350,-0.013455049991781171,0.19784159368753723,0.010575078006172892,0.010372959003197688,-0.03386897486614251,0.006853175787768969,-0.0002543342130627256,-0.040850560755237,0.027395510763455828,9293.828991577251,0.9808872329019963
Within-V1,log10 F1/F0,f1_f0_dg,2,816305,C,431,-0.028739339012829934,0.21876687106814752,0.010537629388300206,0.010514204549443414,-0.04823366916141602,-0.008825387216367277,0.000315329331038134,-0.040850560755237,0.012111221742407065,9045.803645960781,0.9977770295392244
Within-V1,log10 F1/F0,f1_f0_dg,2,816305,E,230,-0.10212504044794524,0.235561718766238,0.015532479763400725,0.01622723413419517,-0.13296073264389213,-0.06895625462443924,2.512093192699738e-06,-0.040850560755237,-0.06127447969270824,3797.61553396251,1.0447291341355227
Within-V1,log10 F1/F0,f1_f0_dg,3,810531,A,341,-0.04913475020494942,0.2277902002467242,0.012335530938870052,0.012573583188214232,-0.07488334272044049,-0.02658868430161883,-0.0004774841093012766,-0.03067350393496454,-0.018461246269984882,6325.310963307432,1.0192980951143384
Within-V1,log10 F1/F0,f1_f0_dg,3,810531,B,341,-0.003961132170003236,0.2376872320248749,0.012871485258108216,0.013148024080969357,-0.028805434538190244,0.02114765024802226,0.00047567441870694383,-0.03067350393496454,0.026712371764961305,5784.6757232427135,1.0214846085992244
Within-V1,log10 F1/F0,f1_f0_dg,3,810531,C,365,-0.026154695798131684,0.229733182440966,0.012024784350238363,0.012315085575546883,-0.050492826053479906,-0.003021784526781078,-0.0010350424547354818,-0.03067350393496454,0.004518808136832857,6593.63848371436,1.0241419069858633
Within-V1,log10 F1/F0,f1_f0_dg,3,810531,E,362,-0.04344343756677382,0.2441924675952178,0.012834471154172928,0.012955494238714617,-0.06923648616917352,-0.017978971439064257,0.0003228077165919607,-0.03067350393496454,-0.012769933631809276,5957.883803895659,1.0094295341886634
Within-V1,log10 F1/F0,f1_f0_dg,4,810532,A,345,-0.05247864451360212,0.22213069193176632,0.011959114442772076,0.012147290704039944,-0.07537775921993435,-0.028644883721987518,0.0004812955737742569,-0.06638192225020859,0.013903277736606469,6777.05718205579,1.0157349661773325
Within-V1,log10 F1/F0,f1_f0_dg,4,810532,B,349,-0.055547175003046435,0.23058952637578553,0.012343174357564162,0.011714368212168591,-0.07719976055272741,-0.031055407001200356,0.0001053754625550754,-0.06638192225020859,0.01083474724716215,7287.226329874387,0.9490563669296119
Within-V1,log10 F1/F0,f1_f0_dg,4,810532,C,230,-0.023681836121995287,0.21815410700758764,0.01438465583518983,0.014304323797935505,-0.05149323070823793,0.005171193584907324,0.000271436849535657,-0.06638192225020859,0.0427000861282133,4887.258776353495,0.9944154355742175
Within-V1,log10 F1/F0,f1_f0_dg,4,810532,E,252,-0.1338200333621905,0.2471527107308111,0.015569157344028832,0.015259932676073267,-0.16479763195655495,-0.10484516164929088,-0.0004928824071144255,-0.06638192225020859,-0.06743811111198192,4294.323571161799,0.9801386381341852
Within-V1,log10 F1/F0,f1_f0_dg,5,813810,A,358,0.006438902481637662,0.20426253075103307,0.010795610202001843,0.010732202206242153,-0.014160095758679877,0.02734839548033668,-6.122927771769898e-06,0.011268213959487773,-0.004829311477850111,8682.050481376224,0.9941265019231676
Within-V1,log10 F1/F0,f1_f0_dg,5,813810,B,441,0.00410335785553979,0.20939502116191347,0.00997119148390064,0.009901785330407937,-0.015099508758752113,0.0231584776729985,-7.13543493268947e-05,0.011268213959487773,-0.007164856103947983,10199.361541990806,0.993039331999113
Within-V1,log10 F1/F0,f1_f0_dg,5,813810,C,516,0.038013546040153036,0.19627162768899695,0.008640376624239138,0.008624558333119954,0.02081392771445055,0.054780447245688146,0.0001759705716806309,0.011268213959487773,0.026745332080665263,13443.930917043053,0.9981692590720168
Within-V1,log10 F1/F0,f1_f0_dg,5,813810,E,396,-0.0034829505393793943,0.22692159677555868,0.011403239292921969,0.011507880440693629,-0.026156704717795482,0.0187814769499919,-0.0006863194380315207,0.011268213959487773,-0.014751164498867167,7551.084279887941,1.0091764405783024
Within-V1,log10 F1/F0,f1_f0_dg,6,815152,A,320,-0.06985579266530287,0.2335211178946908,0.013054227344856778,0.013022111934506532,-0.09636702216880903,-0.04581685325666564,-0.00046310094157177295,-0.06622179630877809,-0.0036339963565247824,5897.081796724903,0.9975398459440115
Within-V1,log10 F1/F0,f1_f0_dg,6,815152,B,334,-0.08615332145446415,0.2247859733673264,0.012299741224907526,0.012518060973381422,-0.10897344762314763,-0.06193093057480758,0.00011187580371659067,-0.06622179630877809,-0.019931525145686066,6381.545569479578,1.017749946481133
Within-V1,log10 F1/F0,f1_f0_dg,6,815152,C,275,-0.05581224716495088,0.24065163005749174,0.014511839310692977,0.014401303037604967,-0.08289223380986666,-0.02737614631438896,0.0006006669939877043,-0.06622179630877809,0.010409549143827204,4821.658213332027,0.9923830280420373
Within-V1,log10 F1/F0,f1_f0_dg,6,815152,E,280,-0.053065823950394414,0.23030215354676273,0.01376318613552066,0.013443600030017312,-0.0796769812336199,-0.027275853191047847,0.00030618875647591554,-0.06622179630877809,0.013155972358383672,5533.104009533729,0.976779642274942
Within-V1,log10 F1/F0,f1_f0_dg,7,816308,A,321,-0.05986494881608088,0.22740249255892164,0.012692369432581,0.013144131321505832,-0.08552389202864157,-0.03421112405286468,0.0002823873859453471,-0.05318637166477639,-0.006678577151304488,5788.102604049987,1.0355931878066178
Within-V1,log10 F1/F0,f1_f0_dg,7,816308,B,321,-0.10464215780755202,0.24699787720124422,0.013786077149920287,0.013959165447979108,-0.13255134361934243,-0.07714379603037443,0.0002542694672256346,-0.05318637166477639,-0.051455786142775635,5131.934333714275,1.0125552973609917
Within-V1,log10 F1/F0,f1_f0_dg,7,816308,C,538,-0.019616522811409864,0.23310190936104158,0.010049736920465315,0.010080617219040027,-0.04150698334594329,-0.0009670015511344605,-0.00020772655169614546,-0.05318637166477639,0.03356984885336653,9840.694554200614,1.0030727469603535
Within-V1,log10 F1/F0,f1_f0_dg,7,816308,E,359,-0.028621857224062807,0.23353909813838275,0.012325722177002429,0.011935993214784571,-0.05270288773713133,-0.00579740374323327,0.00035236608334617697,-0.05318637166477639,0.024564514440713583,7019.123333646922,0.9683808415749446
Within-V1,log10 F1/F0,f1_f0_dg,8,817334,A,359,0.011214056344734042,0.22605915825620346,0.011930946049050647,0.012454082896892734,-0.012148296044571657,0.036647827101227534,0.00019345065459984087,-0.007197540312727384,0.018411596657461424,6447.279466129944,1.043847055019054
Within-V1,log10 F1/F0,f1_f0_dg,8,817334,B,286,-0.01745605846794361,0.19251967547840004,0.011383927058217336,0.011280761746342825,-0.03809967077552476,0.006014790475041808,6.492965932197031e-05,-0.007197540312727384,-0.010258518155216226,7858.2012369823415,0.9909376341444456
Within-V1,log10 F1/F0,f1_f0_dg,8,817334,C,380,-0.03793684287238303,0.22406303862829965,0.011494191356752757,0.010852385959784374,-0.05933160505918698,-0.016830250025939384,-0.0002926600526899012,-0.007197540312727384,-0.030739302559655648,8490.818125471062,0.9441626316242485
Within-V1,log10 F1/F0,f1_f0_dg,8,817334,E,307,0.015388683744683069,0.21643690889170406,0.012352706851098346,0.012453167414952107,-0.01021451769656812,0.038302352944360095,8.463181165954681e-05,-0.007197540312727384,0.022586224057410453,6448.227431362246,1.0081326761061142
Within-V1,log10 F1/F0,f1_f0_dg,9,817335,A,323,-0.05973627060703713,0.25030151838269554,0.013927149033461823,0.01432962167368867,-0.08777230744671158,-0.03135932360104286,0.0004368060347414368,-0.0649059353772079,0.005169664770170772,4870.017828624873,1.0288984227324525
Within-V1,log10 F1/F0,f1_f0_dg,9,817335,B,378,-0.07616056914208667,0.25194151113028784,0.012958473053971693,0.01349093698501675,-0.10390173137468581,-0.04962930108305496,0.0002983936408910842,-0.0649059353772079,-0.011254633764878771,5494.343057160397,1.0410900210871574
Within-V1,log10 F1/F0,f1_f0_dg,9,817335,C,411,-0.07682934030342103,0.23911573789160917,0.011794709534822133,0.011610652189531669,-0.09927201032575537,-0.05274762588700847,0.00016417957199053868,-0.0649059353772079,-0.011923404926213133,7417.99897655916,0.984394923440288
Within-V1,log10 F1/F0,f1_f0_dg,9,817335,E,425,-0.0468975614562868,0.24052109333686003,0.011666986741375505,0.011878915145715563,-0.07198888815520135,-0.024167468028745746,-0.00035654324285105954,-0.0649059353772079,0.018008373920921104,7086.739026213553,1.0181647934499214
Within-V1,Response timescale (ms),timescale_ac,2,816305,A,34,43.54538518053912,29.148159771918095,4.998868160391746,5.05399505978616,33.07481262011959,53.46484383997736,-0.23617702181720546,50.90683975138656,-7.361454570847442,0.039149874469097685,1.0110278762363065
Within-V1,Response timescale (ms),timescale_ac,2,816305,B,85,46.58709113557917,32.46765458582219,3.5216115868001996,3.365045450021918,40.09852826271606,53.94399062378909,-0.008276411874625467,50.90683975138656,-4.3197486158073914,0.08831167685542755,0.9555413386969968
Within-V1,Response timescale (ms),timescale_ac,2,816305,C,103,45.965210720743556,29.233327565408093,2.880445354836389,2.86786569497496,40.45899604668032,51.78681502214032,0.0461542396929886,50.90683975138656,-4.941629030643007,0.12158566709725852,0.9956327378888451
Within-V1,Response timescale (ms),timescale_ac,2,816305,E,23,67.52967196868441,30.614138659266697,6.3834891843990365,6.164742277838705,56.4853318150655,80.27508886629825,0.35071120154906055,50.90683975138656,16.622832217297848,0.02631298689671929,0.9657323917623392
Within-V1,Response timescale (ms),timescale_ac,3,810531,A,72,49.16449762071209,25.953382998827,3.058635518867038,3.0587794922918543,43.21842400611246,55.81894170598215,0.21565129976962538,49.57727651466617,-0.4127788939540764,0.10688177570326594,1.0000470711282623
Within-V1,Response timescale (ms),timescale_ac,3,810531,B,49,40.01240855165449,27.970301713741538,3.9957573876773624,3.824969797982651,32.62644586001524,47.61526846563563,0.0012355390077587458,49.57727651466617,-9.564867963011679,0.06835085938512787,0.9572577678961669
Within-V1,Response timescale (ms),timescale_ac,3,810531,C,100,53.908612419517546,30.467379373789786,3.0467379373789787,3.031431374827482,48.193741412379254,60.008969269617694,0.0009646872009412277,49.57727651466617,4.331335904851379,0.10881894663923582,0.9949760816761731
Within-V1,Response timescale (ms),timescale_ac,3,810531,E,49,55.22358746678053,31.98811581239728,4.569730830342468,4.717923853817644,46.05142489383852,63.998139132504214,-0.09875845859870225,49.57727651466617,5.646310952114362,0.0449260406372805,1.0324292674945297
Within-V1,Response timescale (ms),timescale_ac,4,810532,A,68,44.382380167911776,33.93674979035479,4.11543541105267,4.265111703147322,36.30550410233404,53.26037395090273,-0.06583919068940958,43.90301990837055,0.47936025954122385,0.05497170160050371,1.0363694912311519
Within-V1,Response timescale (ms),timescale_ac,4,810532,B,64,37.64405055856902,26.644794787994773,3.3305993484993466,3.385157339891503,31.15659206274692,44.39329112565863,-0.17844706149298162,43.90301990837055,-6.258969349801532,0.08726543975815762,1.0163808329022637
Within-V1,Response timescale (ms),timescale_ac,4,810532,C,48,51.69582698523272,26.509252350253718,3.826280995108676,3.674416052025033,44.671159920119365,59.30780966723981,0.03385676862952636,43.90301990837055,7.792807076862168,0.07406675889324028,0.9603100391012109
Within-V1,Response timescale (ms),timescale_ac,4,810532,E,44,41.88982192176871,25.204045751696672,3.7996528616967673,3.808096886789806,34.83213979833281,49.762438272736794,0.19512113752627158,43.90301990837055,-2.0131979866018455,0.06895789906194216,1.0022223148799092
Within-V1,Response timescale (ms),timescale_ac,5,813810,A,106,48.362392962981644,28.218994054122135,2.740870997471253,2.6146023193208356,43.366131644490885,53.35246000691426,0.0007499700107445051,43.73186652335113,4.630526439630515,0.14628126785520887,0.9539311852812797
Within-V1,Response timescale (ms),timescale_ac,5,813810,B,135,39.933114508720585,27.531474664192835,2.3695320637988955,2.368740447736346,35.0921449568741,44.87589803096587,-0.07779849868577315,43.73186652335113,-3.7987520146305442,0.17822353277466377,0.9996659188222673
Within-V1,Response timescale (ms),timescale_ac,5,813810,C,136,37.90378900722173,23.984424552172083,2.0566474380773814,2.008940724285638,34.00764512120054,41.96733983241386,0.04540363675349823,43.73186652335113,-5.828077516129397,0.24777971819206698,0.9768036500041344
Within-V1,Response timescale (ms),timescale_ac,5,813810,E,102,48.728169614480564,26.562656409908598,2.630094897920461,2.674269614837576,43.95554867023395,54.32499521892825,0.02109536260897471,43.73186652335113,4.996303091129434,0.1398265429085986,1.0167958642678798
Within-V1,Response timescale (ms),timescale_ac,6,815152,A,72,47.51332299554242,29.693272862702177,3.4993857661398664,3.5626502318570408,40.81946152762061,54.57740644867694,-0.015303815201534121,50.2798221468917,-2.7664991513492865,0.07878682983952565,1.0180787343679918
Within-V1,Response timescale (ms),timescale_ac,6,815152,B,73,52.421433891377774,29.52570222513827,3.4557220602015284,3.47462027900988,45.65129909417716,59.35583425105706,0.07345267802801914,50.2798221468917,2.1416117444860703,0.08282954963252206,1.0054686744127939
Within-V1,Response timescale (ms),timescale_ac,6,815152,C,64,44.03108930881451,26.995249745160216,3.374406218145027,3.354795860555954,37.420066486184275,50.43670335325076,-0.3072929569870837,50.2798221468917,-6.248732838077196,0.08885212175451285,0.9941885012291575
Within-V1,Response timescale (ms),timescale_ac,6,815152,E,34,57.15344239183213,30.017705311971966,5.147993990227964,5.050522547998002,47.731928724227075,67.29719787642307,0.13708870504273563,50.2798221468917,6.873620244940426,0.03920372835661306,0.9810661313095965
Within-V1,Response timescale (ms),timescale_ac,7,816308,A,95,49.30776017427741,23.820653509020254,2.4439474832776047,2.388311927700821,44.49716729442431,53.99086871060108,-0.008983129650133037,47.560108722026825,1.7476514522505866,0.17531452720007007,0.9772353718901642
Within-V1,Response timescale (ms),timescale_ac,7,816308,B,120,53.12913472176032,26.412839568459685,2.411151339901731,2.4565273002331622,48.5398147095304,58.04122370007495,0.059805331733741696,47.560108722026825,5.569025999733498,0.16571308791458159,1.0188192087242771
Within-V1,Response timescale (ms),timescale_ac,7,816308,C,155,38.721894652043474,22.28770175878612,1.790191284947123,1.7457384175381512,35.15285402674009,41.7753699497092,-0.07593226891010119,47.560108722026825,-8.838214069983351,0.32812676844003485,0.9751686494159841
Within-V1,Response timescale (ms),timescale_ac,7,816308,E,86,49.08164534002608,23.977594127852473,2.5855704695528123,2.633847043580837,43.926923373660834,54.33137547605176,-0.004794798214469154,47.560108722026825,1.5215366179992529,0.14415141147434488,1.0186715367446064
Within-V1,Response timescale (ms),timescale_ac,8,817334,A,73,41.7650686668853,26.211107070154736,3.067778040771519,3.0218330867126393,36.18277348277463,47.42191040806847,-0.008999335737179592,40.79336177134595,0.9717068955393486,0.10951133060814694,0.985023377360337
Within-V1,Response timescale (ms),timescale_ac,8,817334,B,38,44.66352356811354,32.89829545117795,5.3368082408697886,5.356551427108806,34.581909461715554,55.433813218874384,-0.064782775382632,40.79336177134595,3.87016179676759,0.03485213939106731,1.003699437069487
Within-V1,Response timescale (ms),timescale_ac,8,817334,C,39,40.43637614785855,26.75176117359949,4.283710127763097,4.271454252656542,32.61299321866207,49.028992828946585,0.17789716112575604,40.79336177134595,-0.3569856234873967,0.05480857126565375,0.9971389578797306
Within-V1,Response timescale (ms),timescale_ac,8,817334,E,44,36.3084787025264,29.633074815183406,4.467354115749706,4.513505357452911,28.252320367547146,45.37628449983355,-0.052360319991549886,40.79336177134595,-4.484883068819549,0.049087631240466105,1.0103307775715604
Within-V1,Response timescale (ms),timescale_ac,9,817335,A,86,44.547827545722974,22.014441339809416,2.3738782601960677,2.375616217268775,40.07132184888033,49.45592447170463,0.13317059766354333,42.47558590112325,2.072241644599721,0.17719335748843346,1.0007321171863985
Within-V1,Response timescale (ms),timescale_ac,9,817335,B,84,40.6315464137021,25.292335966124913,2.7596200968338445,2.789877037018651,35.393867669230616,46.09478622246968,0.014273686392137108,42.47558590112325,-1.8440394874211563,0.12847832778791493,1.0109641686620274
Within-V1,Response timescale (ms),timescale_ac,9,817335,C,112,44.11286945965877,32.20530870500549,3.0431156331967197,2.9776057824209583,38.5409830599121,50.22554982816005,0.11327732227567111,42.47558590112325,1.6372835585355148,0.1127887027617273,0.9784727697951638
Within-V1,Response timescale (ms),timescale_ac,9,817335,E,90,40.61010018540919,25.596897496207564,2.69814990406257,2.704990781345441,35.27959690484401,46.064874521924466,-0.10026825348553103,42.47558590112325,-1.8654857157140654,0.13666849792717783,1.002535395558479
Post-V1,TTFS (ms),time_to_first_spike_fl,715093703,699733581,LM,42,71.26190476190474,18.039333073780913,2.7835295243663554,2.7340958195691507,65.66428571428573,76.52440476190476,0.17664285714288042,70.05593971987291,1.2059650420318349,0.13377425415641783,0.9822406393162085
Post-V1,TTFS (ms),time_to_first_spike_fl,715093703,699733581,LP,212,67.69339622641509,14.547694196004388,0.9991397394581164,1.0405849217966647,65.6745283018868,69.74540094339622,-0.0018915094339604366,70.05593971987291,-2.362543493457821,0.9235171030370588,1.0414808666914062
Post-V1,TTFS (ms),time_to_first_spike_fl,715093703,699733581,PM,43,72.74418604651163,14.056167978872367,2.1435455211329733,2.0092155180159565,68.88372093023256,76.62906976744186,0.04311627906977833,70.05593971987291,2.688246326638719,0.24771194680931327,0.9373327966247171
Post-V1,TTFS (ms),time_to_first_spike_fl,715093703,699733581,RL,103,68.52427184466019,15.810051816334438,1.5578106943928884,1.5495251840765887,65.43640776699027,71.50558252427182,-0.06168932038836772,70.05593971987291,-1.5316678752127189,0.4164882194972355,0.994681311184907
Post-V1,TTFS (ms),time_to_first_spike_fl,719161530,703279284,AL,20,69.14999999999999,17.559747630364896,3.9264789369236754,3.7208063965006635,62.14999999999999,76.45124999999999,0.13040000000000873,71.39541692015558,-2.2454169201555914,0.07223137027586009,0.9476190898443599
Post-V1,TTFS (ms),time_to_first_spike_fl,719161530,703279284,AM,41,76.29268292682927,12.76370616717383,1.9933560077683385,2.0018200467180693,72.41463414634147,80.36585365853658,0.05387804878047575,71.39541692015558,4.897266006673689,0.2495456086745955,1.004246125085908
Post-V1,TTFS (ms),time_to_first_spike_fl,719161530,703279284,LM,49,68.10204081632651,14.790544414646567,2.112934916378081,2.0678156415647924,64.05918367346938,71.93877551020407,-0.05910204081632742,71.39541692015558,-3.2933761038290754,0.2338709973577358,0.9786461596788648
Post-V1,TTFS (ms),time_to_first_spike_fl,719161530,703279284,LP,45,75.42222222222222,14.737843818009486,2.196988041256283,2.1793226953283757,71.4661111111111,79.62222222222222,0.0961111111111137,71.39541692015558,4.026805302066634,0.21055081014601523,0.9919592889919392
Post-V1,TTFS (ms),time_to_first_spike_fl,719161530,703279284,PM,20,71.85,13.777460616987138,3.0807338496909433,2.9523863335550393,65.94624999999998,77.7525,-0.08015000000000327,71.39541692015558,0.4545830798444115,0.11472382737305753,0.9583386548796549
Post-V1,TTFS (ms),time_to_first_spike_fl,719161530,703279284,RL,18,67.55555555555554,12.733569446532792,3.001331101451057,2.880602911265568,62.05555555555554,73.00555555555555,-0.2664444444444456,71.39541692015558,-3.83986136460004,0.12051280901082824,0.9597751177378863
Post-V1,TTFS (ms),time_to_first_spike_fl,721123822,707296982,AL,87,61.229885057471265,16.279321417079647,1.7453264549904461,1.7766979750100844,57.81580459770114,64.70114942528734,0.0008735632183771713,65.30017640502612,-4.070291347554857,0.3167909638585121,1.0179745857457996
Post-V1,TTFS (ms),time_to_first_spike_fl,721123822,707296982,AM,41,66.21951219512195,16.353152899551137,2.553933407062467,2.4757504441556817,61.46341463414633,70.92743902439024,-0.006609756097560648,65.30017640502612,0.919335790095829,0.16314969593752005,0.9693872351210945
Post-V1,TTFS (ms),time_to_first_spike_fl,721123822,707296982,LM,45,64.97777777777777,15.638659685781159,2.331273742292811,2.2421004376247486,60.48833333333333,69.20111111111112,0.020888888888890733,65.30017640502612,-0.3223986272483472,0.1989252319410335,0.9617491060572061
Post-V1,TTFS (ms),time_to_first_spike_fl,721123822,707296982,LP,154,66.56493506493507,13.89922898349492,1.120031789714735,1.1218249069607455,64.33733766233765,68.72077922077919,0.005370129870101437,65.30017640502612,1.2647586599089493,0.7946023476972532,1.0016009521001785
Post-V1,TTFS (ms),time_to_first_spike_fl,721123822,707296982,RL,57,67.50877192982456,15.204701818631095,2.0139119538302603,2.05572341095678,63.753947368421045,71.56359649122807,0.042701754385973345,65.30017640502612,2.20859552479844,0.23663045376169495,1.0207613133468911
Post-V1,TTFS (ms),time_to_first_spike_fl,732592105,717038288,AL,119,66.00840336134453,15.678169967532439,1.4372154845389828,1.3686634933180928,63.47794117647058,68.64054621848739,0.007193277310932444,67.08524472154453,-1.0768413601999924,0.5338344948960508,0.9523022177548556
Post-V1,TTFS (ms),time_to_first_spike_fl,732592105,717038288,LM,126,61.793650793650784,17.165228788602832,1.5292001212509643,1.5072798318732812,59.21309523809524,64.96845238095237,0.04335714285714687,67.08524472154453,-5.291593927893743,0.44016167301476894,0.9856655194614089
Post-V1,TTFS (ms),time_to_first_spike_fl,732592105,717038288,PM,93,64.36559139784946,16.798540921523486,1.7419275477572178,1.6847393581834347,61.13870967741936,67.66720430107526,-0.040827956989232916,67.08524472154453,-2.71965332369507,0.3523177764837772,0.9671695934498455
Post-V1,TTFS (ms),time_to_first_spike_fl,732592105,717038288,RL,75,76.17333333333333,16.51892717324448,1.907441410039305,1.9046301688931726,72.31899999999999,79.96199999999999,-0.01889333333332388,67.08524472154453,9.088088611788805,0.27566312913930774,0.9985261716919135
Post-V1,TTFS (ms),time_to_first_spike_fl,737581020,718643567,LM,38,64.6842105263158,18.274343650221013,2.9644899971707797,2.943676678847699,59.024999999999984,70.28947368421052,-0.031447368421055444,68.04106690288133,-3.3568563765655313,0.11540371395014666,0.9929791234435116
Post-V1,TTFS (ms),time_to_first_spike_fl,737581020,718643567,PM,23,73.82608695652173,15.984800092340693,3.3330612250738945,3.190502651491291,67.69456521739129,79.87391304347825,0.09865217391305237,68.04106690288133,5.785020053640409,0.09823851303243926,0.9572289364173192
Post-V1,TTFS (ms),time_to_first_spike_fl,737581020,718643567,RL,93,65.61290322580643,13.08420243790905,1.3567685892185752,1.3621720567802427,62.97741935483871,68.46236559139783,0.022677419354835138,68.04106690288133,-2.428163677074892,0.5389345992542657,1.0039826007210113
Post-V1,TTFS (ms),time_to_first_spike_fl,739448407,716813543,AM,71,70.36619718309859,14.291095565940672,1.6960410093153895,1.7373298643518957,66.85809859154931,73.50704225352112,-0.04209859154930484,69.53400466595426,0.8321925171443354,0.33131067530287045,1.024344255126928
Post-V1,TTFS (ms),time_to_first_spike_fl,739448407,716813543,LM,77,63.077922077922075,15.49937709594387,1.7663179486190725,1.6786228574694357,59.70064935064935,66.1564935064935,-0.01815584415584226,69.53400466595426,-6.4560825880321815,0.3548899778413956,0.9503514691575218
Post-V1,TTFS (ms),time_to_first_spike_fl,739448407,716813543,RL,76,75.1578947368421,15.629930800937828,1.7928760225216243,1.7538046411226573,71.6575657894737,78.54243421052631,0.03344736842105078,69.53400466595426,5.623890070887839,0.3251154212584539,0.9782074271125484
Post-V1,TTFS (ms),time_to_first_spike_fl,742951821,723627604,AL,61,66.63934426229508,16.05410932532566,2.055518068116307,2.096617897986563,62.73770491803279,70.93483606557376,0.01934426229507835,72.34636222547022,-5.707017963175133,0.22748953461447863,1.019994876477987
Post-V1,TTFS (ms),time_to_first_spike_fl,742951821,723627604,LM,64,68.03124999999997,15.812360796802425,1.9765450996003031,2.0509265962424563,63.96835937499998,72.10976562499997,-0.08514062499996555,72.34636222547022,-4.315112225470244,0.23773863562254774,1.0376320766256204
Post-V1,TTFS (ms),time_to_first_spike_fl,742951821,723627604,PM,31,83.25806451612904,12.992222652893753,2.3334720735720893,2.292234108501119,78.45,87.19596774193548,-0.032870967741942536,72.34636222547022,10.911702290658823,0.19031896134187345,0.982327637198656
Post-V1,TTFS (ms),time_to_first_spike_fl,742951821,723627604,RL,81,71.45679012345678,17.62104521780423,1.957893913089359,1.9674567890570447,67.50524691358025,75.25987654320987,-0.04696296296295088,72.34636222547022,-0.8895721020134317,0.2583387741179756,1.004884266662128
Post-V1,TTFS (ms),time_to_first_spike_fl,743475441,722882755,AM,75,72.01333333333334,13.552194729341148,1.5648726550190677,1.5322728256384264,68.95966666666666,75.01466666666667,-0.026826666666664778,70.85787439613526,1.1554589371980768,0.4259197715400628,0.9791677429622897
Post-V1,TTFS (ms),time_to_first_spike_fl,743475441,722882755,LM,27,65.88888888888887,12.518703955200357,2.4092256994800527,2.2805446667968883,61.70370370370369,70.5185185185185,0.02240740740741387,70.85787439613526,-4.968985507246387,0.192275006397596,0.9465882201443659
Post-V1,TTFS (ms),time_to_first_spike_fl,743475441,722882755,LP,115,77.58260869565217,13.225429126918783,1.233277625189326,1.2077230039571074,75.23434782608696,80.03521739130434,0.026634782608695673,70.85787439613526,6.724734299516911,0.6855913395421264,0.9792791009013111
Post-V1,TTFS (ms),time_to_first_spike_fl,743475441,722882755,RL,150,67.94666666666667,13.771766988862609,1.1244600659739645,1.1127535008448786,65.79299999999999,69.98016666666665,-0.04167333333334966,70.85787439613526,-2.911207729468586,0.8076106947024827,0.9895891677407448
Post-V1,TTFS (ms),time_to_first_spike_fl,744228101,719817805,AL,60,68.01666666666667,16.83770150853125,2.173737917698434,2.091868588533156,64.15,72.08583333333333,0.1066499999999877,66.25685049019607,1.7598161764705935,0.22852367669792148,0.9623370745393437
Post-V1,TTFS (ms),time_to_first_spike_fl,744228101,719817805,LM,68,62.838235294117645,18.820130770333847,2.2822760898242214,2.2189619441494783,58.55845588235293,67.27941176470587,-0.009264705882358726,66.25685049019607,-3.4186151960784272,0.2030954958584883,0.9722583319533354
Post-V1,TTFS (ms),time_to_first_spike_fl,744228101,719817805,LP,112,68.81249999999999,16.54561331047658,1.563413503877184,1.6063443381261946,65.47321428571426,71.90178571428571,-0.09205357142856485,66.25685049019607,2.5556495098039136,0.38754550699085916,1.027459679824016
Post-V1,TTFS (ms),time_to_first_spike_fl,744228101,719817805,RL,50,65.36,15.0722883979514,2.131543466838152,2.032963975609535,61.41849999999999,69.24149999999999,0.01858000000000004,66.25685049019607,-0.8968504901960728,0.24195836106564886,0.9537520614698767
Post-V1,TTFS (ms),time_to_first_spike_fl,746083955,726170935,AL,60,59.59999999999999,14.641709634361323,1.890236585796203,1.9091329214712056,56.066249999999975,63.38333333333332,0.04476666666666773,64.37611734824554,-4.776117348245556,0.27436434151120287,1.009996809826344
Post-V1,TTFS (ms),time_to_first_spike_fl,746083955,726170935,LM,53,61.226415094339615,15.066061592244546,2.0694827167963945,2.0540294695124337,57.45235849056603,65.17075471698114,-0.004962264150940143,64.37611734824554,-3.1497022539059287,0.2370209091300837,0.9925327971291866
Post-V1,TTFS (ms),time_to_first_spike_fl,746083955,726170935,PM,130,69.36923076923077,16.541298310329026,1.4507678332823886,1.5126759434428834,66.39961538461537,72.30019230769228,0.01797692307691534,64.37611734824554,4.993113420985225,0.4370269301179457,1.042672651502361
Post-V1,TTFS (ms),time_to_first_spike_fl,746083955,726170935,RL,68,67.30882352941177,16.499893579884017,2.000906001215074,1.9298601743655661,63.645588235294106,71.06213235294118,-0.027308823529423876,64.37611734824554,2.9327061811662247,0.2685024867186729,0.9644931711902687
Post-V1,TTFS (ms),time_to_first_spike_fl,750332458,726141251,AL,51,73.01960784313725,19.361291481797824,2.7111230863022646,2.705861722684185,67.52941176470588,78.54901960784312,-0.023725490196071064,72.56215873909372,0.45744910404353334,0.13658053253907612,0.9980593416637326
Post-V1,TTFS (ms),time_to_first_spike_fl,750332458,726141251,AM,55,72.89090909090909,15.733513096045476,2.1215064730834956,2.134442964278853,68.59954545454545,77.14590909090909,-0.011963636363645946,72.56215873909372,0.3287503518153727,0.21949816378301637,1.0060977853989552
Post-V1,TTFS (ms),time_to_first_spike_fl,750332458,726141251,LM,33,67.96969696969695,15.723161356111016,2.737051073085017,2.7291335416168185,62.87803030303029,73.3643939393939,-0.00736363636362114,72.56215873909372,-4.592461769396763,0.1342611695275766,0.9971072766796149
Post-V1,TTFS (ms),time_to_first_spike_fl,750332458,726141251,RL,76,76.36842105263158,15.072130665802277,1.728891958844014,1.6448282676238783,73.06348684210526,79.40789473684211,-0.04734210526316929,72.56215873909372,3.8062623135378573,0.36962290661133884,0.9513771286921
Post-V1,TTFS (ms),time_to_first_spike_fl,750749662,726162197,AL,55,68.43636363636362,14.590412423236526,1.9673708098056089,1.9835841351522856,64.58136363636363,72.30909090909091,-0.03750909090906873,71.87868548118546,-3.4423218448218336,0.25415505252745435,1.0082411130966606
Post-V1,TTFS (ms),time_to_first_spike_fl,750749662,726162197,AM,65,75.49230769230768,15.273673302576762,1.894466014287388,1.914129780254174,71.8,79.04692307692308,0.0015230769230782926,71.87868548118546,3.6136222111222196,0.27293374842380175,1.0103795823300543
Post-V1,TTFS (ms),time_to_first_spike_fl,750749662,726162197,LM,40,75.37499999999997,14.174168451166773,2.2411328122294063,2.2075634813123792,70.62437499999999,79.15062499999999,-0.2007499999999851,71.87868548118546,3.496314518814515,0.20519822406482938,0.9850212665961401
Post-V1,TTFS (ms),time_to_first_spike_fl,750749662,726162197,LP,154,74.55844155844156,15.364838482967317,1.238133968811595,1.2107671888853,72.16152597402598,76.99350649350649,-0.012045454545457801,71.87868548118546,2.6797560772561013,0.6821481621479366,0.977896753812059
Post-V1,TTFS (ms),time_to_first_spike_fl,750749662,726162197,PM,40,71.94999999999997,15.02468055038196,2.375610582781961,2.3728201054341995,66.971875,76.2525,-0.06264999999997656,71.87868548118546,0.07131451881451767,0.17761120995125024,0.9988253641535417
Post-V1,TTFS (ms),time_to_first_spike_fl,750749662,726162197,RL,50,65.45999999999998,14.533859130474944,2.0553980695937706,2.031984826403666,61.41949999999998,69.30099999999999,-0.04173999999999012,71.87868548118546,-6.418685481185477,0.24219160140734117,0.9886089008564983
Post-V1,TTFS (ms),time_to_first_spike_fl,751348571,732548380,AM,52,74.25,15.93599329671487,2.209924652182919,2.182472334948441,70.07644230769232,78.46346153846154,0.06713461538461729,74.4593247759828,-0.2093247759827932,0.2099435349533167,0.9875777134721038
Post-V1,TTFS (ms),time_to_first_spike_fl,751348571,732548380,LM,28,72.07142857142857,14.724453260122216,2.7826601084055453,2.790381080109938,66.74732142857142,77.43035714285713,-0.013821428571432648,74.4593247759828,-2.387896204554224,0.12843191637472348,1.0027746729401372
Post-V1,TTFS (ms),time_to_first_spike_fl,751348571,732548380,LP,193,74.32124352331606,14.326200302671412,1.0312224626243598,1.0311372128524494,72.33134715025906,76.27979274611398,-0.031626943005164776,74.4593247759828,-0.138081252666737,0.9405179294683349,0.9999173313470175
Post-V1,TTFS (ms),time_to_first_spike_fl,751348571,732548380,PM,29,78.03448275862068,17.01571281958592,3.1597385463566043,3.10279473441915,71.65517241379311,83.86379310344827,-0.011931034482742575,74.4593247759828,3.57515798263789,0.1038709033155579,0.9819783152618389
Post-V1,TTFS (ms),time_to_first_spike_fl,751348571,732548380,RL,113,73.61946902654867,16.442170620558283,1.5467493024282857,1.527477810312164,70.5391592920354,76.43495575221239,-0.049601769911504334,74.4593247759828,-0.8398557494341219,0.42859803942845565,0.987540649227469
Post-V1,TTFS (ms),time_to_first_spike_fl,754312389,719828690,AL,55,70.34545454545454,18.790480432446504,2.533707864634735,2.57939115544393,65.39545454545456,75.27318181818181,-0.08143636363637086,71.05582174409037,-0.7103671986358222,0.15030228646794308,1.0180302123409088
Post-V1,TTFS (ms),time_to_first_spike_fl,754312389,719828690,AM,64,66.984375,13.625946523115148,1.7032433153893936,1.7257089975428814,63.54648437499998,70.360546875,-0.09462499999999352,71.05582174409037,-4.071446744090366,0.33578776908412955,1.013189942946203
Post-V1,TTFS (ms),time_to_first_spike_fl,754312389,719828690,LM,17,72.17647058823529,11.630967791405231,2.820924043065925,2.8330614577489404,66.93970588235294,77.82352941176471,-0.012058823529400797,71.05582174409037,1.1206488441449238,0.12459138350493,1.004302637893725
Post-V1,TTFS (ms),time_to_first_spike_fl,754312389,719828690,PM,26,71.30769230769229,14.987379305987375,2.939266905340243,2.9574529772140026,65.53653846153843,77.50096153846152,0.034884615384612516,71.05582174409037,0.2518705636019263,0.11433107938893373,1.006187281543135
Post-V1,TTFS (ms),time_to_first_spike_fl,754312389,719828690,RL,43,74.46511627906976,13.685843984986649,2.087071641505541,2.1236888794822315,70.5813953488372,78.79244186046512,0.030697674418604493,71.05582174409037,3.409294534979395,0.22172681274040174,1.017544792065823
Post-V1,TTFS (ms),time_to_first_spike_fl,754829445,726298253,AM,54,70.18518518518518,13.550846348384011,1.8440366186887511,1.783237314767812,66.6476851851852,73.66805555555555,-0.05622222222221751,75.31353154860616,-5.128346363420988,0.31447180496571,0.9670292317924944
Post-V1,TTFS (ms),time_to_first_spike_fl,754829445,726298253,LP,201,74.49751243781094,13.50782157792642,0.9527682729790573,0.9343705290233413,72.65485074626864,76.30870646766168,0.0058258706467739785,75.31353154860616,-0.8160191107952244,1.1454120197015967,0.9806902218750514
Post-V1,TTFS (ms),time_to_first_spike_fl,754829445,726298253,PM,28,82.60714285714286,14.024685341988919,2.6504164022025374,2.648781891699562,76.9642857142857,87.60892857142858,0.05464285714285211,75.31353154860616,7.293611308536697,0.1425304323644768,0.9993833004875697
Post-V1,TTFS (ms),time_to_first_spike_fl,754829445,726298253,RL,56,73.9642857142857,14.545182627328456,1.9436817864114115,1.9099848795066494,70.14062499999999,77.46473214285712,-0.022964285714280663,75.31353154860616,-1.3492458343204703,0.27411963300494635,0.9826633623156102
Post-V1,TTFS (ms),time_to_first_spike_fl,755434585,730760270,AL,72,63.388888888888886,13.82848209522299,1.629702243841489,1.648619314909044,60.20798611111111,66.72326388888888,-0.05419444444444821,70.972093861808,-7.58320497291912,0.3679249442161997,1.0116076854769276
Post-V1,TTFS (ms),time_to_first_spike_fl,755434585,730760270,AM,109,73.69724770642202,14.272159240695753,1.367024926760034,1.3457866880001854,71.04426605504587,76.34013761467891,-0.007743119266066856,70.972093861808,2.725153844614013,0.5521378804797614,0.9844638979552589
Post-V1,TTFS (ms),time_to_first_spike_fl,755434585,730760270,LM,73,66.90410958904108,14.311188691565812,1.6749979422011536,1.6217030744717795,63.73972602739726,70.24828767123286,-0.0071780821917855064,70.972093861808,-4.067984272766921,0.38023957851496565,0.9681821294303573
Post-V1,TTFS (ms),time_to_first_spike_fl,755434585,730760270,LP,21,76.52380952380952,15.936182251778648,3.477560069399403,3.3417318801494056,69.0440476190476,82.52738095238094,-0.31747619047618514,70.972093861808,5.551715662001513,0.08954818674672237,0.9609415260874399
Post-V1,TTFS (ms),time_to_first_spike_fl,755434585,730760270,PM,100,71.01999999999998,15.515375235129463,1.5515375235129463,1.5374619382643624,67.89874999999999,73.77999999999999,-0.015759999999986007,70.972093861808,0.04790613819197631,0.4230495659628673,0.9909279762588569
Post-V1,TTFS (ms),time_to_first_spike_fl,755434585,730760270,RL,67,74.29850746268657,13.54119967534895,1.654320840255162,1.699279756389207,70.99104477611941,77.65671641791043,-0.014313432835820095,70.972093861808,3.326413600878567,0.3463141467904911,1.0271766606815584
Post-V1,TTFS (ms),time_to_first_spike_fl,756029989,734865738,AL,76,68.05263157894737,17.202243835687717,1.9732326968923224,1.9796420916146962,64.11809210526314,72.00328947368419,-0.01740789473684856,71.62310757122232,-3.5704759922749503,0.2551682536653521,1.0032481697330822
Post-V1,TTFS (ms),time_to_first_spike_fl,756029989,734865738,AM,73,73.5068493150685,14.340234082692765,1.6783974480994124,1.6407459777095685,70.4791095890411,76.72705479452054,0.030287671232869684,71.62310757122232,1.8837417438461728,0.3714644896693486,0.9775670116559819
Post-V1,TTFS (ms),time_to_first_spike_fl,756029989,734865738,LM,51,70.2549019607843,16.84855262300582,2.3592692682692933,2.3129927542126985,65.98039215686275,75.09803921568626,0.09580392156863127,71.62310757122232,-1.3682056104380251,0.18691814201197096,0.9803852342422354
Post-V1,TTFS (ms),time_to_first_spike_fl,756029989,734865738,LP,47,67.3191489361702,18.070040522293677,2.6357863071509775,2.674568304389562,62.21223404255318,72.68297872340425,0.009382978723422752,71.62310757122232,-4.303958635052126,0.1397953136479401,1.01471363483958
Post-V1,TTFS (ms),time_to_first_spike_fl,756029989,734865738,PM,64,73.21875,14.618393230273995,1.8272991537842493,1.7660049798963493,69.73320312499999,76.734765625,-0.029281249999996817,71.62310757122232,1.5956424287776798,0.32063885737683234,0.9664564098544222
Post-V1,TTFS (ms),time_to_first_spike_fl,756029989,734865738,RL,44,77.38636363636363,15.01195788338752,2.263137803082465,2.2903774730267275,72.68181818181816,81.68295454545455,-0.10065909090909031,71.62310757122232,5.763256065141306,0.19062764072548166,1.0120362400854077
Post-V1,TTFS (ms),time_to_first_spike_fl,757216464,733457989,AL,62,68.53225806451613,16.83547945821707,2.138108029302666,2.140223721331121,64.25725806451612,72.59717741935484,-0.005548387096794727,71.37365224877135,-2.841394184255222,0.21831403341487407,1.000989515964329
Post-V1,TTFS (ms),time_to_first_spike_fl,757216464,733457989,AM,61,73.39344262295081,14.175423201824337,1.8149769584899706,1.7876418682889275,70.04877049180327,76.78688524590164,-0.05677049180326321,71.37365224877135,2.0197903741794647,0.31292406596561717,0.9849391530436918
Post-V1,TTFS (ms),time_to_first_spike_fl,757216464,733457989,LM,73,73.8082191780822,15.964942090445986,1.868555137185589,1.7921360411590546,70.23253424657534,77.3972602739726,-0.028780821917820276,71.37365224877135,2.434566929310847,0.3113565828400148,0.9591025736914369
Post-V1,TTFS (ms),time_to_first_spike_fl,757216464,733457989,LP,181,70.50276243093921,14.807514724847675,1.1006339015447997,1.110261127231284,68.414226519337,72.69074585635357,0.023116022099443967,71.37365224877135,-0.8708898178321363,0.8112406999914431,1.0087469826914943
Post-V1,TTFS (ms),time_to_first_spike_fl,757216464,733457989,RL,38,70.63157894736842,15.130818831795784,2.4545429337660165,2.526136812496564,65.71052631578948,75.68552631578947,-0.19494736842106875,71.37365224877135,-0.7420733014029253,0.1567062307138455,1.0291679064748323
Post-V1,TTFS (ms),time_to_first_spike_fl,757970808,730756780,AL,77,71.51948051948052,14.169658456689097,1.6147824459604732,1.6466698581705252,68.41428571428571,74.7314935064935,0.018779220779208572,71.07279167843026,0.4466888410502605,0.3687966166146445,1.0197471877959916
Post-V1,TTFS (ms),time_to_first_spike_fl,757970808,730756780,AM,64,71.21875,16.247557814041922,2.0309447267552403,2.0496745553199625,67.1859375,75.110546875,0.08082812499999648,71.07279167843026,0.14595832156973643,0.23802916897773835,1.0092222246710998
Post-V1,TTFS (ms),time_to_first_spike_fl,757970808,730756780,LP,92,72.22826086956522,15.434443614508455,1.609151983288095,1.6124993010953197,69.28233695652173,75.45652173913044,-0.03705434782608563,71.07279167843026,1.155469191134955,0.38459260548633634,1.002080175049957
Post-V1,TTFS (ms),time_to_first_spike_fl,757970808,730756780,RL,77,69.32467532467533,14.790147465940004,1.685493731141576,1.6318988064709306,66.14253246753246,72.58441558441558,-0.0038051948051958107,71.07279167843026,-1.7481163537549378,0.3755031204993674,0.9682022402810445
Post-V1,TTFS (ms),time_to_first_spike_fl,758798717,735109609,AL,82,64.76829268292683,12.678648115502535,1.400122459960922,1.4230564360758096,61.93841463414634,67.50060975609755,0.03580487804877919,75.47271042563366,-10.704417742706838,0.49380530619341106,1.0163799787309515
Post-V1,TTFS (ms),time_to_first_spike_fl,758798717,735109609,AM,48,75.41666666666667,13.681534897924305,1.9747594640609643,1.9062399745793903,71.81145833333333,79.02135416666667,-0.05906250000001023,75.47271042563366,-0.056043758966993096,0.2751977347493768,0.9653023617668006
Post-V1,TTFS (ms),time_to_first_spike_fl,758798717,735109609,LP,51,79.70588235294117,13.078675953852608,1.831380946363584,1.8699610657993926,75.86274509803921,83.0593137254902,-0.1208627450980373,75.47271042563366,4.2331719273075095,0.28597947958385184,1.0210661356461166
Post-V1,TTFS (ms),time_to_first_spike_fl,758798717,735109609,PM,17,81.99999999999997,15.431299362010947,3.7426398358880912,3.790899864593502,74.11617647058823,88.94117647058818,-0.214764705882331,75.47271042563366,6.527289574366307,0.0695849587850967,1.0128946494510764
Post-V1,TTFS (ms),time_to_first_spike_fl,759883607,740268986,AL,65,68.63076923076923,12.680656073781774,1.5728418105285566,1.5840458386582283,65.61461538461538,71.70807692307693,0.015923076923073154,67.52843822843823,1.102331002330999,0.3985332034910735,1.0071234297401508
Post-V1,TTFS (ms),time_to_first_spike_fl,759883607,740268986,AM,102,66.5,14.158054070016298,1.4018562450757541,1.3848147602844565,63.86225490196078,69.09828431372549,0.038392156862741444,67.52843822843823,-1.0284382284382332,0.5214547552286575,0.987843628866256
Post-V1,TTFS (ms),time_to_first_spike_fl,759883607,740268986,PM,99,67.45454545454545,13.377007937984969,1.344439883269755,1.349562065539461,64.87777777777778,70.22247474747475,0.04769696969695758,67.52843822843823,-0.07389277389277993,0.5490530083007343,1.003809900564128
Post-V1,TTFS (ms),time_to_first_spike_fl,760345702,739783171,AL,77,73.62337662337661,15.601989550120777,1.778011723049011,1.7264751792333286,70.22077922077922,76.87110389610389,-0.07566233766233665,71.81351540408744,1.809861219289175,0.33548980088101865,0.9710145084266907
Post-V1,TTFS (ms),time_to_first_spike_fl,760345702,739783171,AM,65,75.3076923076923,14.17846416766802,1.7586220399193053,1.7777376750856495,71.66115384615384,78.80038461538462,0.002815384615374228,71.81351540408744,3.494176903604867,0.31642052531826215,1.0108696665528094
Post-V1,TTFS (ms),time_to_first_spike_fl,760345702,739783171,LM,77,66.81818181818181,13.451401093847426,1.532929422844657,1.47539430379965,63.96071428571428,69.6762987012987,-0.012064935064941551,71.81351540408744,-4.995333585905627,0.459392388436007,0.9624672093916502
Post-V1,TTFS (ms),time_to_first_spike_fl,760345702,739783171,LP,32,66.84375,16.32158549975481,2.8852759466481626,2.873770922699319,61.34296875,72.6875,-0.022031249999997726,71.81351540408744,-4.96976540408744,0.12108649483744692,0.9960125048135486
Post-V1,TTFS (ms),time_to_first_spike_fl,760345702,739783171,PM,59,76.47457627118644,15.429881368354593,2.008799451909389,1.9709220929392257,72.87881355932204,80.11864406779661,0.048084745762722036,71.81351540408744,4.661060867098996,0.25743114274726775,0.9811442805133384
Post-V1,TTFS (ms),time_to_first_spike_fl,760693773,738651054,AL,162,69.53086419753085,16.235140492960433,1.2755531040098478,1.2603452912495792,67.12947530864196,72.04382716049382,0.07911728395060891,70.75215146529699,-1.2212872677661437,0.629536497772766,0.9880774757926886
Post-V1,TTFS (ms),time_to_first_spike_fl,760693773,738651054,AM,71,74.02816901408451,15.930179651920275,1.8905645022631925,1.9094728668353111,70.3943661971831,77.91619718309859,0.02725352112675239,70.75215146529699,3.2760175487875216,0.27426665949098056,1.0100014384854277
Post-V1,TTFS (ms),time_to_first_spike_fl,760693773,738651054,PM,45,75.9111111111111,14.756850831550974,2.1998214395448183,2.146125044477535,71.5772222222222,80.04777777777778,-0.0669111111111107,70.75215146529699,5.158959645814107,0.2171150628810676,0.9755905665332574
Post-V1,TTFS (ms),time_to_first_spike_fl,760693773,738651054,RL,78,63.53846153846151,15.680819872956645,1.7755032218706985,1.8149563073966017,60.28108974358972,67.18012820512818,-0.058410256410247996,70.75215146529699,-7.213689926835478,0.3035761515555372,1.0222207907256484
Post-V1,TTFS (ms),time_to_first_spike_fl,761418226,742714475,AL,210,72.11428571428571,15.088456429666305,1.041202412575042,1.0554441820179772,70.08988095238095,74.06678571428571,0.027528571428561577,75.42307185448969,-3.3087861402039778,0.8976963502800082,1.013678194816811
Post-V1,TTFS (ms),time_to_first_spike_fl,761418226,742714475,LP,53,77.67924528301884,14.22724037367112,1.9542617611610225,1.9089391797847157,73.82830188679243,81.58537735849056,0.005169811320769213,75.42307185448969,2.256173428529152,0.27442003580281743,0.9768083363871477
Post-V1,TTFS (ms),time_to_first_spike_fl,761418226,742714475,PM,54,79.31481481481481,15.218935665651788,2.071034822727285,2.013809432941583,75.33240740740739,83.00046296296296,0.02983333333334315,75.42307185448969,3.891742960325118,0.2465830717314391,0.9723686974464566
Post-V1,TTFS (ms),time_to_first_spike_fl,761418226,742714475,RL,137,72.58394160583941,13.79292355636974,1.1784089862686387,1.206654890763125,70.17518248175182,75.04397810218978,-0.02242335766422343,75.42307185448969,-2.839130248650278,0.686805627516025,1.0239695257110397
Post-V1,TTFS (ms),time_to_first_spike_fl,762120172,745276236,AL,100,69.58999999999997,16.644891836308954,1.6644891836308955,1.6582695110781522,66.25974999999998,72.8005,0.046920000000014284,69.53648579519502,0.05351420480495506,0.36365517170049594,0.9962633145268174
Post-V1,TTFS (ms),time_to_first_spike_fl,762120172,745276236,AM,41,69.390243902439,16.741980242463082,2.6146580359301765,2.5817016220623454,64.41341463414632,74.36768292682925,0.08907317073170873,69.53648579519502,-0.14624189275602362,0.1500333839576857,0.9873955165780955
Post-V1,TTFS (ms),time_to_first_spike_fl,762120172,745276236,LM,89,69.62921348314607,14.640682751149834,1.5519092678064508,1.5594431907125572,66.79691011235954,72.78679775280898,0.12801123595504293,69.53648579519502,0.09272768795105435,0.41120736375648925,1.0048546155773368
Post-V1,TTFS (ms),time_to_first_spike_fl,762602078,744915204,AM,50,71.66,15.879148180515717,2.245650671581738,2.214230951890139,67.36,75.861,0.05651999999999191,74.08243386243386,-2.422433862433863,0.2039643028826257,0.9860086343396105
Post-V1,TTFS (ms),time_to_first_spike_fl,762602078,744915204,LP,21,81.14285714285712,14.910686484148574,3.2537785465412288,3.32833956727887,74.52380952380952,87.19166666666665,0.047523809523795535,74.08243386243386,7.060423280423265,0.0902702705657686,1.022915210630084
Post-V1,TTFS (ms),time_to_first_spike_fl,762602078,744915204,RL,63,69.44444444444444,16.19117419657386,2.0398962075362124,1.9476148562198732,65.66666666666667,73.38095238095238,-0.02134920634919979,74.08243386243386,-4.6379894179894166,0.26362940090376186,0.9547617418104832
Post-V1,TTFS (ms),time_to_first_spike_fl,763673393,742602892,AM,69,71.6376811594203,15.458645985996801,1.8610022845751266,1.826417906177409,67.97101449275361,74.97173913043476,0.000594202898525964,67.48852937872148,4.149151780698816,0.2997779513532499,0.9814162622558987
Post-V1,TTFS (ms),time_to_first_spike_fl,763673393,742602892,LM,50,67.19999999999999,15.497201854080712,2.1916353040874417,2.086993558810022,63.09999999999998,71.34299999999999,-0.07674000000001513,67.48852937872148,-0.288529378721492,0.22959254524656628,0.9522540337426301
Post-V1,TTFS (ms),time_to_first_spike_fl,763673393,742602892,RL,86,63.627906976744164,14.811002676172793,1.59711149249526,1.6187357318996936,60.60436046511627,66.86162790697674,-0.025674418604637594,67.48852937872148,-3.8606224019773165,0.3816349084929309,1.0135395928875628
Post-V1,TTFS (ms),time_to_first_spike_fl,766640955,744912849,AL,127,67.6535433070866,16.10105880022147,1.4287379334868124,1.4532714709689585,64.79488188976377,70.4023622047244,-0.0005669291338392668,67.54717418897103,0.10636911811556615,0.4734853039606098,1.0171714748430263
Post-V1,TTFS (ms),time_to_first_spike_fl,766640955,744912849,AM,57,72.71929824561404,16.861573373846344,2.233369952468588,2.1624496015825074,68.50701754385963,77.08947368421053,0.05971929824559652,67.54717418897103,5.172124056643014,0.21384938763236827,0.9682451396788557
Post-V1,TTFS (ms),time_to_first_spike_fl,766640955,744912849,LM,63,67.03174603174604,16.43459005050045,2.0705637225200304,2.034448016184542,63.17420634920634,71.04761904761905,-0.0032539682539720616,67.54717418897103,-0.5154281572249886,0.2416054937942078,0.9825575489695468
Post-V1,TTFS (ms),time_to_first_spike_fl,766640955,744912849,LP,139,60.92805755395683,13.014841187163919,1.1039044216495366,1.096605968751362,58.77679856115107,63.10107913669064,-0.028683453237412948,67.54717418897103,-6.619116635014194,0.8315699541110388,0.9933885101327263
Post-V1,TTFS (ms),time_to_first_spike_fl,766640955,744912849,RL,62,69.40322580645162,14.975892843926397,1.9019402931198965,1.8869415168155217,65.65685483870968,72.95241935483871,0.002048387096763804,67.54717418897103,1.8560516174805883,0.2808556208613688,0.99211396048623
Post-V1,TTFS (ms),time_to_first_spike_fl,767871931,753795610,AL,76,66.76315789473684,15.522773309820325,1.7805842152893994,1.7940082446648387,63.40756578947368,70.38256578947369,-0.036631578947364574,71.93769696535271,-5.174539070615879,0.310707066626998,1.0075391151174826
Post-V1,TTFS (ms),time_to_first_spike_fl,767871931,753795610,AM,61,72.78688524590163,15.830471412330455,2.026884167501697,2.0518025119905996,68.72131147540982,76.62459016393441,-0.04490163934427471,71.93769696535271,0.8491882805489155,0.23753569741091599,1.0122939163907017
Post-V1,TTFS (ms),time_to_first_spike_fl,767871931,753795610,LP,79,75.53164556962025,15.801521707830075,1.777810088969954,1.7849845246257032,72.26550632911392,79.0259493670886,0.0808101265822927,71.93769696535271,3.5939486042675384,0.31385647265351535,1.0040355467101134
Post-V1,TTFS (ms),time_to_first_spike_fl,767871931,753795610,PM,103,75.10679611650485,13.291536907370222,1.3096540466633162,1.3183317257853675,72.44635922330097,77.48592233009708,-0.061961165048543876,71.93769696535271,3.169099151152139,0.5753744766973541,1.0066259323553117
Post-V1,TTFS (ms),time_to_first_spike_fl,767871931,753795610,RL,58,69.49999999999999,16.778484551938796,2.2031229553070433,2.1660762803160343,64.98232758620689,73.55172413793103,-0.003293103448271495,71.93769696535271,-2.4376969653527283,0.21313388765882055,0.983184472341061
Post-V1,TTFS (ms),time_to_first_spike_fl,768515987,754477358,AL,70,59.6,13.096520170629685,1.5653335590661552,1.5238586107897034,56.85642857142856,62.785714285714285,0.03381428571427847,66.32130152381394,-6.721301523813942,0.43063631759287224,0.9735040828606557
Post-V1,TTFS (ms),time_to_first_spike_fl,768515987,754477358,AM,74,71.10810810810808,14.865209514364766,1.7280455054770605,1.7163791012686747,67.65844594594591,74.24527027027025,-0.03955405405405088,66.32130152381394,4.7868065842941405,0.33944824230922294,0.99324878646343
Post-V1,TTFS (ms),time_to_first_spike_fl,768515987,754477358,LM,68,64.3235294117647,18.164621327028698,2.2027838935496047,2.192403099388509,60.1908088235294,68.53161764705882,0.04044117647059409,66.32130152381394,-1.9977721120492475,0.20804591139627454,0.995287420526592
Post-V1,TTFS (ms),time_to_first_spike_fl,768515987,754477358,LP,29,67.93103448275862,13.228570364617093,2.4564838474564974,2.403554331442726,62.99827586206896,72.55431034482758,0.06424137931033158,66.32130152381394,1.6097329589446758,0.1730980249985281,0.97845313899842
Post-V1,TTFS (ms),time_to_first_spike_fl,768515987,754477358,RL,73,68.64383561643834,15.522716206162093,1.816796512369179,1.7860875870666364,65.08150684931503,71.85068493150683,-0.06269863013696408,66.32130152381394,2.3225340926243945,0.3134689257222154,0.9830972125422583
Post-V1,TTFS (ms),time_to_first_spike_fl,771160300,754488979,AL,105,74.39047619047619,16.008708710534854,1.5622899998422783,1.5454877092148496,71.13309523809525,77.16285714285713,-0.13002857142858204,71.63131123262701,2.7591649578491797,0.41866715263823306,0.9892450885372593
Post-V1,TTFS (ms),time_to_first_spike_fl,771160300,754488979,AM,66,73.92424242424242,15.072451289647207,1.855290501956041,1.8264905571375674,70.37765151515151,77.75871212121211,0.009287878787887394,71.63131123262701,2.292931191615409,0.29975410373710065,0.9844768542780175
Post-V1,TTFS (ms),time_to_first_spike_fl,771160300,754488979,LP,57,65.5438596491228,19.918647199688646,2.6382892724950637,2.5224981789133687,60.929385964912264,70.45877192982455,0.15068421052632175,71.63131123262701,-6.087451583504219,0.15715864554997078,0.9561112972755297
Post-V1,TTFS (ms),time_to_first_spike_fl,771160300,754488979,PM,33,72.66666666666667,15.357544291541753,2.6734053115073966,2.6175864863219283,67.51363636363635,77.79166666666664,0.04242424242423226,71.63131123262701,1.0353554340396585,0.14594792345263755,0.9791207023696699
Post-V1,TTFS (ms),time_to_first_spike_fl,771990200,756578435,AL,42,67.47619047619048,16.03842656238387,2.4747829466968287,2.4461416095025514,62.66488095238094,72.19285714285714,-0.04054761904764348,71.59117361410966,-4.114983137919182,0.16712322576781766,0.9884267275914012
Post-V1,TTFS (ms),time_to_first_spike_fl,771990200,756578435,AM,44,75.45454545454544,14.443884270231454,2.177497483621548,2.1776672869859355,71.15738636363635,79.6369318181818,0.04461363636363558,71.59117361410966,3.863371840435775,0.21087104276216337,1.0000779809692846
Post-V1,TTFS (ms),time_to_first_spike_fl,771990200,756578435,LP,50,73.25999999999998,13.63490418906191,1.928266642582908,1.9945702903239693,69.29899999999998,77.1205,0.06474000000001467,71.59117361410966,1.6688263858903127,0.2513629753243934,1.0343851033238056
Post-V1,TTFS (ms),time_to_first_spike_fl,771990200,756578435,PM,51,75.96078431372548,15.006612921393991,2.1013461202545396,2.1288956410124924,71.66617647058823,80.01960784313724,-0.034000000000006025,71.59117361410966,4.369610699615819,0.220643559217351,1.0131104155057595
Post-V1,TTFS (ms),time_to_first_spike_fl,771990200,756578435,RL,46,65.80434782608695,12.439398994444838,1.8340893211322074,1.8120690370006556,62.5429347826087,69.54402173913043,-0.008413043478256554,71.59117361410966,-5.7868257880227105,0.3045443318076359,0.9879938867328674
Post-V1,TTFS (ms),time_to_first_spike_fl,773418906,757329624,AL,209,68.34928229665071,15.29980869543933,1.0583098969019322,1.0666201981064019,66.3346889952153,70.5183014354067,0.00493301435406579,70.70905901116429,-2.359776714513572,0.878982832831962,1.0078524269959082
Post-V1,TTFS (ms),time_to_first_spike_fl,773418906,757329624,AM,25,73.12,14.248742634585925,2.849748526917185,2.880281257537625,67.23899999999999,78.441,-0.16823999999999728,70.70905901116429,2.410940988835719,0.12053972690894774,1.010714184192761
Post-V1,TTFS (ms),time_to_first_spike_fl,773418906,757329624,RL,76,70.65789473684211,14.022413136669403,1.6084811001926083,1.5956802625242157,67.59177631578947,73.71085526315788,-0.035578947368435365,70.70905901116429,-0.05116427432217563,0.39274281959801566,0.992041661125605
Post-V1,TTFS (ms),time_to_first_spike_fl,774875821,759711152,AL,114,63.692982456140335,14.886667547582837,1.3942641606799737,1.3554140796755747,61.13991228070173,66.50043859649121,0.0681578947368422,64.60781039136302,-0.9148279352226822,0.5443221591948252,0.9721357816545667
Post-V1,TTFS (ms),time_to_first_spike_fl,774875821,759711152,AM,78,67.67948717948718,14.523150877888435,1.6444230202449999,1.6271154790706412,64.53685897435896,70.7951923076923,-0.019000000000005457,64.60781039136302,3.071676788124165,0.37771414303441336,0.9894750067584313
Post-V1,TTFS (ms),time_to_first_spike_fl,774875821,759711152,LM,80,60.55,13.78854780725336,1.541606510401209,1.498160054382891,57.4871875,63.4878125,-0.07215000000000771,64.60781039136302,-4.05781039136302,0.44553679203693686,0.9718174153227914
Post-V1,TTFS (ms),time_to_first_spike_fl,774875821,759711152,RL,57,66.50877192982456,15.170604572915652,2.00939566330657,2.016029898432658,62.68377192982456,70.5969298245614,0.10371929824560766,64.60781039136302,1.9009615384615444,0.2460401951836485,1.0033016071683816
Post-V1,TTFS (ms),time_to_first_spike_fl,778240327,760938797,AL,92,66.19565217391302,16.597523402197048,1.7304114335038518,1.7356431781160533,62.89103260869563,69.6861413043478,0.056391304347826576,71.49480879289648,-5.29915661898346,0.33195491910853975,1.0030234107975164
Post-V1,TTFS (ms),time_to_first_spike_fl,778240327,760938797,AM,78,77.58974358974359,15.232770464931713,1.7247716163838274,1.6883984268905323,74.42307692307692,81.10256410256407,0.04426923076921696,71.49480879289648,6.094934796847113,0.35079235687558524,0.9789113009816596
Post-V1,TTFS (ms),time_to_first_spike_fl,778240327,760938797,LM,88,66.80681818181819,16.841968620118166,1.7953598873239522,1.737514714322095,63.19289772727273,70.05681818181819,-0.06356818181818369,71.49480879289648,-4.687990611078291,0.3312401843767023,0.9677807366588336
Post-V1,TTFS (ms),time_to_first_spike_fl,778240327,760938797,LP,83,73.39759036144578,14.287073945623396,1.5682100990593375,1.5765544099231192,70.1683734939759,76.37680722891565,0.015566265060229512,71.49480879289648,1.902781568549301,0.40232968077128634,1.0053209138678465
Post-V1,TTFS (ms),time_to_first_spike_fl,778240327,760938797,PM,79,75.77215189873418,15.208760436929534,1.7111192355671807,1.764989145087281,72.22721518987342,79.03829113924051,0.028936708860740623,71.49480879289648,4.277343105837701,0.32100804927344123,1.0314822651749598
Post-V1,TTFS (ms),time_to_first_spike_fl,778240327,760938797,RL,29,69.20689655172414,15.098200721431363,2.8036654888312054,2.661307580573677,63.99913793103448,74.55172413793103,0.17203448275860467,71.49480879289648,-2.287912241172336,0.14119192452438215,0.9492243604578966
Post-V1,TTFS (ms),time_to_first_spike_fl,778998620,759674770,AL,77,73.6103896103896,14.665709956576151,1.67131276084127,1.5889323731425364,70.37532467532468,76.7012987012987,-0.03654545454544689,70.2851600772228,3.325229533166805,0.3960857088984323,0.9507091732745063
Post-V1,TTFS (ms),time_to_first_spike_fl,778998620,759674770,AM,66,68.12121212121212,18.182421901398786,2.2381014214584507,2.2402440788527818,63.696969696969695,72.51704545454545,0.07000000000000739,70.2851600772228,-2.1639479560106736,0.19925504385901846,1.0009573549142088
Post-V1,TTFS (ms),time_to_first_spike_fl,778998620,759674770,LM,84,68.36904761904759,16.308604988545277,1.7794146866462655,1.7609439502124042,65.05922619047618,71.83482142857142,0.05077380952383237,70.2851600772228,-1.9161124581752063,0.32248456600406655,0.989619768470792
Post-V1,TTFS (ms),time_to_first_spike_fl,778998620,759674770,LP,107,68.69158878504673,15.591731731765547,1.5073095992508887,1.5088250608049671,65.9053738317757,71.65467289719626,-0.03705607476635464,70.2851600772228,-1.5935712921760654,0.43926057150333747,1.0010054082816375
Post-V1,TTFS (ms),time_to_first_spike_fl,778998620,759674770,PM,51,72.45098039215686,16.813463326144554,2.3543557839135554,2.3100778731552487,67.88039215686274,76.6671568627451,-0.006627450980388971,70.2851600772228,2.1658203149340665,0.18739015025280067,0.9811931947325713
Post-V1,TTFS (ms),time_to_first_spike_fl,778998620,759674770,RL,62,70.46774193548387,16.677969902342983,2.1181042957029135,2.105368863281452,66.20927419354838,74.66129032258064,-0.10809677419355523,70.2851600772228,0.18258185826107365,0.22560234441733776,0.9939873440381107
Post-V1,TTFS (ms),time_to_first_spike_fl,779839471,760960653,AM,97,73.8659793814433,14.019056127568073,1.4234194877919206,1.447469491233353,70.87525773195877,76.56726804123711,-0.03381443298968634,75.03390348323458,-1.1679241017912858,0.47728871113928917,1.0168959352093316
Post-V1,TTFS (ms),time_to_first_spike_fl,779839471,760960653,LP,14,80.21428571428571,15.841418795377814,4.2337972609074965,4.026127052252278,72.06964285714285,87.43571428571428,0.28807142857145607,75.03390348323458,5.1803822310511265,0.06169146000047256,0.9509494206128554
Post-V1,TTFS (ms),time_to_first_spike_fl,779839471,760960653,PM,100,77.66,15.13122398862496,1.513122398862496,1.5787395022345885,74.73,80.88199999999999,-0.043450000000007094,75.03390348323458,2.626096516765415,0.4012167433903826,1.0433653638472478
Post-V1,TTFS (ms),time_to_first_spike_fl,779839471,760960653,RL,43,68.3953488372093,14.792436186368905,2.255825370157545,2.245285959088687,64.18604651162791,72.60581395348838,-0.11774418604652226,75.03390348323458,-6.638554646025284,0.198361178107957,0.9953279135839661
Post-V1,TTFS (ms),time_to_first_spike_fl,781842082,760946813,AL,217,71.59447004608293,14.350492533174618,0.9741749101190875,0.9579337135565923,69.91232718894008,73.53456221198155,0.00941935483871248,73.82307577797339,-2.228605731890454,1.0897555356534467,0.9833282541011964
Post-V1,TTFS (ms),time_to_first_spike_fl,781842082,760946813,AM,89,76.87640449438203,11.662703008774969,1.2362440464445263,1.2214771402204558,74.61713483146067,79.20308988764044,-0.021168539325842062,73.82307577797339,3.053328716408643,0.6702384100126253,0.988055023385924
Post-V1,TTFS (ms),time_to_first_spike_fl,781842082,760946813,LP,7,73.28571428571429,9.995236960911026,3.7778444705330854,3.5049844533262733,65.42857142857143,79.71428571428571,0.10371428571428964,73.82307577797339,-0.5373614922590946,0.08140063786598102,0.9277736234683295
Post-V1,TTFS (ms),time_to_first_spike_fl,781842082,760946813,RL,84,73.53571428571429,12.307747025067039,1.3428852946842205,1.337905028395787,70.79732142857144,76.04761904761905,0.00346428571428703,73.82307577797339,-0.2873614922590946,0.5586623810276375,0.9962913688100185
Post-V1,TTFS (ms),time_to_first_spike_fl,786091066,763884103,AL,169,67.17159763313609,16.82756095075644,1.294427765442803,1.2633148662284899,64.77440828402368,69.64526627218935,-0.0231183431952644,69.77716514254975,-2.6055675094136603,0.6265803722801331,0.9759639741630003
Post-V1,TTFS (ms),time_to_first_spike_fl,786091066,763884103,AM,66,71.25757575757575,16.40760668438749,2.019636770183722,2.0422102853680997,67.45340909090909,75.37992424242424,-0.008939393939385809,69.77716514254975,1.4804106150260026,0.23977234001888761,1.0111770173318464
Post-V1,TTFS (ms),time_to_first_spike_fl,786091066,763884103,PM,60,72.33333333333333,15.407093531015066,1.989047221969379,1.9558468410779624,68.59833333333333,76.2,0.06060000000002219,69.77716514254975,2.5561681907835805,0.2614148858241076,0.9833083998586295
Post-V1,TTFS (ms),time_to_first_spike_fl,786091066,763884103,RL,52,68.34615384615384,14.504745153771827,2.0114462457485436,1.965186846238192,64.55721153846153,72.07884615384616,0.018442307692311033,69.77716514254975,-1.4310112963959085,0.2589359213288581,0.9770019210763763
Post-V1,TTFS (ms),time_to_first_spike_fl,787025148,763236014,AL,90,70.83333333333333,14.859075840423609,1.5662841193639754,1.5035981937979936,68.01027777777777,73.68972222222222,-0.012988888888884276,71.51895131086142,-0.6856179775280964,0.4423198292828535,0.9599779345324418
Post-V1,TTFS (ms),time_to_first_spike_fl,787025148,763236014,AM,89,72.02247191011236,16.01631095313454,1.6977255655845256,1.6534143041136546,68.7182584269663,75.12359550561797,0.00957303370786633,71.51895131086142,0.5035205992509333,0.3657940348608809,0.9738996323262561
Post-V1,TTFS (ms),time_to_first_spike_fl,787025148,763236014,LP,36,74.5,17.350998324509835,2.8918330540849726,2.8882504447910224,68.47152777777778,80.38888888888889,-0.007472222222219216,71.51895131086142,2.981048689138575,0.11987546427871783,0.9987611285897402
Post-V1,TTFS (ms),time_to_first_spike_fl,787025148,763236014,RL,25,68.72,16.092234151913143,3.2184468303826286,3.265320217945817,62.51699999999999,75.321,0.03851999999999123,71.51895131086142,-2.798951310861426,0.09378825277813982,1.0145639776058117
Post-V1,TTFS (ms),time_to_first_spike_fl,789848216,763808604,AL,15,70.13333333333334,16.978417672641545,4.383808592739626,4.126424958543903,61.995,78.20333333333333,-0.08666666666668732,70.60274078052274,-0.469407447189397,0.05872893113475973,0.9412876660212772
Post-V1,TTFS (ms),time_to_first_spike_fl,789848216,763808604,AM,49,75.44897959183673,15.73883364019524,2.2484048057421773,2.2761773654658803,71.1015306122449,79.83724489795918,0.03714285714285381,70.60274078052274,4.846238811313995,0.19301355031973041,1.012352117222297
Post-V1,TTFS (ms),time_to_first_spike_fl,789848216,763808604,LM,56,68.83928571428571,15.4740566294501,2.0678077961050088,2.081036787774608,64.53571428571429,72.50133928571428,-0.180499999999995,70.60274078052274,-1.7634550662370287,0.23090880028599445,1.0063975925105406
Post-V1,TTFS (ms),time_to_first_spike_fl,789848216,763808604,LP,38,70.34210526315789,19.948956913447038,3.236148140575729,3.1848312366531517,63.78421052631579,76.2125,-0.0918421052631544,70.60274078052274,-0.2606355173648467,0.09858870266260966,0.9841425974048742
Post-V1,TTFS (ms),time_to_first_spike_fl,789848216,763808604,RL,36,68.25,14.187267933910723,2.364544655651787,2.3189011586196697,63.72222222222222,72.88958333333333,0.011277777777777942,70.60274078052274,-2.352740780522737,0.18596684573380506,0.9806967075360496
Post-V1,TTFS (ms),time_to_first_spike_fl,791319847,769360779,AL,44,71.86363636363635,16.146986051965477,2.434249737703253,2.396402448377835,67.36079545454545,76.70511363636362,0.12352272727272862,72.61758690379078,-0.7539505401544346,0.17413276284802195,0.9844521748367826
Post-V1,TTFS (ms),time_to_first_spike_fl,791319847,769360779,AM,59,73.55932203389828,15.71762812943466,2.0462608893726624,1.9941326407752056,69.59279661016947,77.38983050847457,-0.054847457627090535,72.61758690379078,0.941735130107503,0.2514733200048095,0.9745251209813045
Post-V1,TTFS (ms),time_to_first_spike_fl,791319847,769360779,LM,80,71.875,14.993986136220233,1.676378612713893,1.6361935289764058,68.5621875,74.9259375,-0.04569999999999652,72.61758690379078,-0.7425869037907802,0.37353444727101087,0.9760286349201082
Post-V1,TTFS (ms),time_to_first_spike_fl,791319847,769360779,LP,24,70.75,17.351231005070062,3.5418051976317146,3.508073253399239,63.708333333333336,77.37708333333333,0.056958333333327005,72.61758690379078,-1.8675869037907802,0.08125735716005947,0.9904760588597501
Post-V1,TTFS (ms),time_to_first_spike_fl,791319847,769360779,PM,28,78.64285714285714,13.010577707201646,2.458768073324035,2.4157844987366275,73.60625,83.00178571428572,-0.022357142857131862,72.61758690379078,6.025270239066359,0.17134980698438,0.9825182476323204
Post-V1,TTFS (ms),time_to_first_spike_fl,791319847,769360779,RL,68,69.01470588235294,16.161953339033595,1.9599247274452807,1.8628092893763966,65.36727941176471,72.45588235294117,0.054735294117648436,72.61758690379078,-3.602881021437838,0.28817958395115767,0.9504494041485604
Post-V1,TTFS (ms),time_to_first_spike_fl,793224716,769319624,AL,124,73.0,17.241470142738027,1.5483297261860427,1.583515465437831,69.7328629032258,75.96814516129032,-0.024717741935489812,70.9233114446529,2.076688555347104,0.39880021286472656,1.0227249652685158
Post-V1,TTFS (ms),time_to_first_spike_fl,793224716,769319624,LP,104,74.72115384615384,15.680955446153682,1.5376441886868593,1.5328837548993364,71.6247596153846,77.6826923076923,-0.02375961538460558,70.9233114446529,3.7978424015009438,0.42558033941050366,0.9969040732423355
Post-V1,TTFS (ms),time_to_first_spike_fl,793224716,769319624,RL,41,65.04878048780486,16.605648465977172,2.5933665895314153,2.5619987218529574,60.39024390243901,70.41463414634146,0.12400000000000944,70.9233114446529,-5.874530956848034,0.1523499031624782,0.987904576312088
Post-V1,TTFS (ms),time_to_first_spike_fl,794812542,774672366,AL,59,69.05084745762711,19.655150881282616,2.5588826883979645,2.4234862948446017,64.04957627118644,73.4436440677966,-0.031220338983075635,73.05458980783924,-4.003742350212121,0.17026244429880724,0.9470876901988304
Post-V1,TTFS (ms),time_to_first_spike_fl,794812542,774672366,AM,138,68.97101449275362,16.955477132853208,1.4433460641471916,1.4755499521830817,66.05724637681158,72.02952898550724,0.024847826086954683,73.05458980783924,-4.083575315085611,0.45929547553755545,1.0223119658104434
Post-V1,TTFS (ms),time_to_first_spike_fl,794812542,774672366,LM,128,76.0703125,15.292004803988158,1.351635036854661,1.3412258891954967,73.3279296875,78.6177734375,0.008710937499998295,73.05458980783924,3.0157226921607645,0.5558993218900798,0.9922988474141754
Post-V1,TTFS (ms),time_to_first_spike_fl,794812542,774672366,LP,27,73.4074074074074,16.089316233640783,3.096390352856507,3.169816661529316,67.22222222222223,79.77777777777777,0.07144444444445242,73.05458980783924,0.35281759956816927,0.09952489138065103,1.0237135180986052
Post-V1,TTFS (ms),time_to_first_spike_fl,794812542,774672366,PM,93,75.48387096774194,12.343465885646795,1.2799577868968635,1.3025953152616356,72.90295698924731,77.95833333333333,-0.05117204301075162,73.05458980783924,2.4292811599027004,0.5893604333354496,1.017686152306362
Post-V1,TTFS (ms),time_to_first_spike_fl,794812542,774672366,RL,93,75.34408602150538,15.265401790277483,1.5829484257169104,1.5517895573635054,71.97822580645162,78.39784946236558,-0.05225806451613835,73.05458980783924,2.2894962136661405,0.4152736260379522,0.980315929535548
Post-V1,TTFS (ms),time_to_first_spike_fl,797828357,776061251,AL,86,71.38372093023256,14.000981986276086,1.5097647151515359,1.565847468497719,68.43023255813952,74.3956395348837,0.03819767441858346,70.67598341306577,0.707737517166791,0.4078505863044269,1.0371466843696597
Post-V1,TTFS (ms),time_to_first_spike_fl,797828357,776061251,AM,80,67.8625,16.02430412794297,1.7915716661105483,1.6633656835681898,64.7484375,71.075,0.0015250000000008868,70.67598341306577,-2.813483413065768,0.3614302724692286,0.9284393781351264
Post-V1,TTFS (ms),time_to_first_spike_fl,797828357,776061251,LM,89,69.6629213483146,15.774651573896476,1.6721097226169255,1.6497166582449685,66.42696629213484,73.04522471910111,-0.024089887640442953,70.67598341306577,-1.0130620647511677,0.36743564115240884,0.986607897753916
Post-V1,TTFS (ms),time_to_first_spike_fl,797828357,776061251,LP,95,72.61052631578947,15.517522516149082,1.5920642179562912,1.6081868348577966,69.65210526315789,75.75947368421052,0.01122105263156925,70.67598341306577,1.934542902723706,0.38665799532759426,1.010126863426528
Post-V1,TTFS (ms),time_to_first_spike_fl,797828357,776061251,PM,69,78.53623188405797,14.673485201050193,1.766480033669837,1.7802840224330787,75.01413043478261,81.98550724637681,-0.007666666666651167,70.67598341306577,7.860248470992204,0.3155160175595448,1.0078144040691839
Post-V1,TTFS (ms),time_to_first_spike_fl,797828357,776061251,RL,26,64.0,14.524462124292246,2.8484813767771335,2.776866443695458,59.152884615384615,69.53846153846153,0.0887307692307644,70.67598341306577,-6.675983413065765,0.1296850802733381,0.9748585566802256
Post-V1,TTFS (ms),time_to_first_spike_fl,798911424,775876828,AL,90,66.65555555555555,16.359830986676155,1.7244776017765473,1.701457225119438,63.25555555555554,69.91194444444444,-0.06874444444444805,71.98298862006642,-5.3274330645108705,0.3454283111835168,0.9866508114495695
Post-V1,TTFS (ms),time_to_first_spike_fl,798911424,775876828,AM,119,76.19327731092437,16.824254742566932,1.5422769036130863,1.5451063416866455,73.30210084033614,79.08466386554622,0.133428571428567,71.98298862006642,4.210288690857951,0.41887385137145045,1.001834585000223
Post-V1,TTFS (ms),time_to_first_spike_fl,798911424,775876828,LM,91,69.69230769230768,16.373211391845256,1.7163789230513957,1.7330727283751775,66.41648351648352,72.89038461538459,0.04697802197803469,71.98298862006642,-2.2906809277587428,0.3329403436653273,1.0097261770693986
Post-V1,TTFS (ms),time_to_first_spike_fl,798911424,775876828,LP,93,75.3010752688172,14.666424941694553,1.5208374198926744,1.5170189588698988,72.23521505376344,78.35564516129033,-0.049365591397858566,71.98298862006642,3.3180866487507785,0.4345282166883245,0.9974892378548622
Post-V1,TTFS (ms),time_to_first_spike_fl,798911424,775876828,RL,55,72.07272727272728,15.46663618945099,2.0855207983393718,2.1256511941709233,67.87,76.36636363636363,-0.02992727272727791,71.98298862006642,0.08973865266085568,0.2213176233584127,1.019242385817253
Post-V1,TTFS (ms),time_to_first_spike_fl,799864342,772616823,AL,77,65.37662337662337,16.411676652726765,1.8702841320139234,1.879207194921745,61.7262987012987,69.2211038961039,-0.004727272727265586,68.37844967532467,-3.001826298701303,0.2831722338905443,1.0047709664831586
Post-V1,TTFS (ms),time_to_first_spike_fl,799864342,772616823,AM,40,73.49999999999999,16.579257971085287,2.6214108552065767,2.6640482864707344,68.54999999999998,78.675625,0.10507499999999936,68.37844967532467,5.121550324675312,0.14090156455462052,1.0162650700783789
Post-V1,TTFS (ms),time_to_first_spike_fl,799864342,772616823,LM,41,72.0,17.933209417167916,2.80069677741529,2.691286718556183,66.9,77.51280487804877,0.06778048780488177,68.37844967532467,3.621550324675326,0.13806387666026196,0.9609347003426484
Post-V1,TTFS (ms),time_to_first_spike_fl,799864342,772616823,LP,64,67.515625,15.485776564113628,1.9357220705142035,1.9310504155553272,63.592578125,71.156640625,-0.1346093749999966,68.37844967532467,-0.8628246753246742,0.268171595069132,0.9975866086200922
Post-V1,TTFS (ms),time_to_first_spike_fl,799864342,772616823,RL,42,63.5,15.570845176553362,2.402633572483264,2.3483224280187094,59.04345238095238,68.14345238095238,-0.04509523809524296,68.37844967532467,-4.878449675324674,0.18133621567798125,0.9773951612569781
Post-V1,TTFS (ms),time_to_first_spike_fl,816200189,791857608,AM,64,68.6875,15.652856121548705,1.9566070151935882,1.963098168262758,64.93710937499998,72.48476562499998,0.01782812499999409,67.43438010412413,1.2531198958758694,0.259487214667296,1.0033175558601009
Post-V1,TTFS (ms),time_to_first_spike_fl,816200189,791857608,LM,79,65.58227848101265,17.181241705326155,1.9330407165548062,1.955684384894062,61.80949367088607,69.41930379746834,0.057227848101277345,67.43438010412413,-1.85210162311148,0.26145831842396283,1.0117140152017143
Post-V1,TTFS (ms),time_to_first_spike_fl,816200189,791857608,LP,62,69.8225806451613,17.479284407407217,2.219871339613166,2.212568714751595,65.25806451612901,74.11330645161289,-0.05053225806453554,67.43438010412413,2.3882005410371647,0.2042708826432042,0.9967103386888884
Post-V1,TTFS (ms),time_to_first_spike_fl,816200189,791857608,PM,62,65.64516129032258,16.89028896878229,2.145068844105267,2.104658880658882,61.498387096774195,69.72620967741935,0.004790322580632278,67.43438010412413,-1.7892188138015541,0.22575457883595132,0.9811614608279667
Post-V1,TTFS (ms),time_to_first_spike_fl,819186360,800249587,AM,73,71.3972602739726,13.795872698048543,1.6146847671513784,1.6129049373094797,68.31472602739727,74.48013698630137,0.04082191780821631,69.78988688835368,1.6073733856189278,0.3843991842031112,0.9988977230242664
Post-V1,TTFS (ms),time_to_first_spike_fl,819186360,800249587,LM,83,58.89156626506023,15.378962545643693,1.6880604432317443,1.6461005033771496,55.67409638554217,62.08463855421687,-0.027915662650599415,69.78988688835368,-10.89832062329345,0.36905178017773055,0.9751431057917195
Post-V1,TTFS (ms),time_to_first_spike_fl,819186360,800249587,LP,94,74.91489361702128,16.00917718965082,1.6512205488527496,1.6613031284516953,71.63776595744682,78.13882978723403,-0.06662765957447903,69.78988688835368,5.1250067286676,0.3623282815152421,1.0061061374302487
Post-V1,TTFS (ms),time_to_first_spike_fl,819186360,800249587,PM,35,75.08571428571429,16.906962416450234,2.8577982441596075,2.848604452663778,69.2,80.48642857142855,-0.10177142857142485,69.78988688835368,5.295827397360611,0.12323546337353326,0.9967829109299026
Post-V1,TTFS (ms),time_to_first_spike_fl,819186360,800249587,RL,150,68.66,14.470905780011138,1.1815445092306363,1.1742661175121079,66.3865,70.98,0.007446666666652391,69.78988688835368,-1.1298868883536812,0.7252152705916226,0.9938399343726224
Post-V1,TTFS (ms),time_to_first_spike_fl,819701982,795770036,AM,87,72.06896551724138,17.831115411672336,1.9116962342993296,1.869522492699551,68.34482758620689,75.95488505747126,-0.03678160919540119,65.55735280522924,6.511612712012138,0.2861136717306517,0.9779390988782086
Post-V1,TTFS (ms),time_to_first_spike_fl,819701982,795770036,LM,47,65.31914893617021,19.399805448350705,2.829752456784484,2.7071308346489817,60.18617021276596,70.76755319148937,0.046212765957449164,65.55735280522924,-0.2382038690590349,0.13645250373785164,0.9566670145151707
Post-V1,TTFS (ms),time_to_first_spike_fl,819701982,795770036,LP,81,61.864197530864196,14.482535246305938,1.609170582922882,1.6214333344602687,58.75308641975309,64.95277777777778,0.015703703703707106,65.55735280522924,-3.693155274365047,0.3803661015825249,1.0076205417048532
Post-V1,TTFS (ms),time_to_first_spike_fl,819701982,795770036,RL,131,62.97709923664121,17.231663899682317,1.5055374652172,1.5014905473621156,60.00553435114503,66.09179389312975,0.020938931297713737,65.55735280522924,-2.5802535685880343,0.443562471958124,0.997311977982228
Post-V1,TTFS (ms),time_to_first_spike_fl,821695405,800250057,AL,54,65.12962962962963,15.655544917143267,2.130449816234653,2.1525405432155322,61.25787037037037,69.31759259259259,0.013518518518509381,65.79928717398428,-0.6696575443546493,0.21582279854442876,1.0103690435759347
Post-V1,TTFS (ms),time_to_first_spike_fl,821695405,800250057,AM,69,69.0,15.1560510144609,1.8245741307873131,1.8471566979207927,65.47826086956522,72.5800724637681,0.04099999999999682,65.79928717398428,3.2007128260157174,0.293084277868462,1.0123768975743042
Post-V1,TTFS (ms),time_to_first_spike_fl,821695405,800250057,LM,85,63.047058823529404,16.56222457622059,1.7964254799074657,1.7803816613402053,59.57647058823528,66.55411764705882,-0.04014117647059123,65.79928717398428,-2.752228350454878,0.31548141172747823,0.9910690319488862
Post-V1,TTFS (ms),time_to_first_spike_fl,821695405,800250057,LP,67,64.35820895522389,18.64314114882656,2.277622195208311,2.246298007738323,59.877238805970144,68.47835820895521,-0.15005970149255177,65.79928717398428,-1.4410782187603957,0.19818247880940484,0.9862469783022453
Post-V1,TTFS (ms),time_to_first_spike_fl,821695405,800250057,PM,78,67.46153846153847,16.036235192863668,1.8157460823020861,1.8211240348507647,63.856730769230765,71.15448717948718,-0.0020128205128315813,65.79928717398428,1.6622512875541844,0.3015233486960547,1.0029618417470907
Post-V1,TTFS (ms),time_to_first_spike_fl,829720705,811322619,AL,85,74.25882352941174,16.21298196858695,1.7585448005255921,1.7381301883854077,70.91617647058821,77.51852941176469,0.02463529411765819,70.40409456600922,3.854728963402522,0.33100564078692046,0.988391190185156
Post-V1,TTFS (ms),time_to_first_spike_fl,829720705,811322619,AM,107,71.19626168224298,13.22479036630688,1.2784887407088428,1.2500063477238847,68.86915887850465,73.62663551401867,-0.019476635514024565,70.40409456600922,0.792167116233756,0.6399934999802545,0.977721827280883
Post-V1,TTFS (ms),time_to_first_spike_fl,829720705,811322619,LM,117,65.6068376068376,15.335308180210198,1.417749742789493,1.3863711516432173,62.845940170940175,68.333547008547,0.004034188034196973,70.40409456600922,-4.797256959171619,0.5202846037653339,0.9778673272163416
Post-V1,TTFS (ms),time_to_first_spike_fl,829720705,811322619,RL,101,70.55445544554455,15.593251904285234,1.5515865561076543,1.584318901591229,67.37623762376236,73.47673267326732,-0.04064356435642935,70.40409456600922,0.15036087953532729,0.3983958381321436,1.0210960486572451
Post-V1,TTFS (ms),time_to_first_spike_fl,831882777,803390291,AL,74,65.86486486486486,15.45237874521584,1.7963025421065226,1.764206226986974,62.60743243243241,69.3929054054054,-0.03318918918920133,70.65121256580986,-4.786347700945001,0.3212930259096676,0.9821320104118378
Post-V1,TTFS (ms),time_to_first_spike_fl,831882777,803390291,AM,62,72.88709677419354,15.550135562858218,1.9748691913531724,1.958624661961994,68.95120967741936,76.88991935483871,-0.027032258064508596,70.65121256580986,2.2358842083836805,0.2606739079305816,0.9917743770259296
Post-V1,TTFS (ms),time_to_first_spike_fl,831882777,803390291,LM,69,70.56521739130434,17.085837152508685,2.056893081289288,2.0392159745315586,66.63695652173914,74.76847826086956,0.08311594202899641,70.65121256580986,-0.08599517450551275,0.24047700301978253,0.9914059185095566
Post-V1,TTFS (ms),time_to_first_spike_fl,831882777,803390291,PM,73,73.28767123287672,12.57696246234757,1.4720221148358308,1.4304112409381553,70.45034246575342,76.00068493150685,-0.0475479452054941,70.65121256580986,2.6364586670668615,0.48874032268681017,0.9717321679624927
Post-V1,TTFS (ms),time_to_first_spike_fl,835479236,813701562,AL,71,77.01408450704224,15.049910258628008,1.786095745240323,1.7523517140759177,73.5482394366197,80.45070422535208,0.016112676056337705,73.64379858605889,3.370285920983349,0.32565477053710384,0.9811073783394154
Post-V1,TTFS (ms),time_to_first_spike_fl,835479236,813701562,LM,89,67.8876404494382,16.780967440314367,1.7787789911188983,1.7596287719262134,64.39241573033708,71.1688202247191,-0.02089887640450172,73.64379858605889,-5.756158136620698,0.32296680771872227,0.9892340648904118
Post-V1,TTFS (ms),time_to_first_spike_fl,835479236,813701562,LP,14,78.92857142857143,11.452002080350475,3.0606762983781355,3.038818124561849,73.21249999999999,84.9285714285714,0.04049999999999443,73.64379858605889,5.284772842512538,0.1082905561053383,0.9928583843290225
Post-V1,TTFS (ms),time_to_first_spike_fl,835479236,813701562,RL,98,70.74489795918367,16.25969098785116,1.64247682250105,1.6434537559457618,67.64030612244898,74.00204081632653,-0.026704081632658472,73.64379858605889,-2.8989006268752178,0.37024143750146765,1.0005947928344123
Post-V1,TTFS (ms),time_to_first_spike_fl,839068429,817060751,AM,88,69.56818181818181,15.467277624584982,1.6488173348163113,1.5892514933616144,66.36335227272727,72.39801136363636,-0.032363636363641035,67.16171609095167,2.4064657272301417,0.3959266575861275,0.9638735958211326
Post-V1,TTFS (ms),time_to_first_spike_fl,839068429,817060751,LM,99,55.808080808080796,14.986849179194875,1.5062350156677333,1.5106364571668862,52.959343434343424,58.94040404040404,0.007252525252525288,67.16171609095167,-11.353635282870876,0.4382077729262954,1.0029221479074444
Post-V1,TTFS (ms),time_to_first_spike_fl,839068429,817060751,LP,89,70.31460674157302,17.093057805076352,1.8118605036207098,1.7792879931999361,66.64016853932583,73.80898876404493,-0.06128089887639021,67.16171609095167,3.1528906506213445,0.31586936242451247,0.9820226168870712
Post-V1,TTFS (ms),time_to_first_spike_fl,839068429,817060751,PM,109,72.3211009174312,15.233905127820151,1.4591434757991424,1.4641782642286614,69.35733944954129,75.1295871559633,-0.04369724770641881,67.16171609095167,5.159384826479524,0.46645750941822106,1.003450509503023
Post-V1,TTFS (ms),time_to_first_spike_fl,839068429,817060751,RL,59,67.79661016949152,15.734630882247748,2.048474459245074,2.022900760011086,63.93177966101695,71.93220338983049,0.019677966101681932,67.16171609095167,0.634894078539844,0.2443716633221699,0.9875157343951397
Post-V1,TTFS (ms),time_to_first_spike_fl,839557629,821469666,AL,59,74.3050847457627,15.01867141064648,1.955264475330899,2.0248838532471005,70.49067796610169,78.47499999999998,-0.08310169491524277,71.00538996038703,3.2996947853756637,0.2438932413259934,1.0356061181464566
Post-V1,TTFS (ms),time_to_first_spike_fl,839557629,821469666,AM,66,72.5,14.558370576618586,1.7920115405056296,1.817258372016164,68.98333333333332,76.15265151515152,0.06449999999999534,71.00538996038703,1.4946100396129651,0.3028075109668894,1.0140885429250142
Post-V1,TTFS (ms),time_to_first_spike_fl,839557629,821469666,LM,58,66.32758620689654,16.088993656484636,2.112588365335702,2.0918682296068347,62.24051724137931,70.27586206896551,-0.06191379310345724,71.00538996038703,-4.677803753490494,0.22852375511889317,0.9901920619895231
Post-V1,TTFS (ms),time_to_first_spike_fl,839557629,821469666,PM,63,70.88888888888889,14.675095329811937,1.8488882242308466,1.7653343575810752,67.68214285714286,74.36547619047619,-0.11107936507936245,71.00538996038703,-0.11650107149814914,0.32088251480608576,0.9548085895324848
Post-V1,TTFS (ms),time_to_first_spike_fl,840012044,820866121,AM,58,75.0,16.077662394458205,2.1111004977392125,1.992043193203039,71.29310344827586,78.91465517241379,0.03070689655172032,70.91177365985999,4.088226340140011,0.25200113575303784,0.9436041511696518
Post-V1,TTFS (ms),time_to_first_spike_fl,840012044,820866121,LM,66,67.13636363636364,16.48018517785839,2.028570565158089,2.0309852271299715,63.21136363636362,71.01590909090909,0.0028484848484851,70.91177365985999,-3.775410023496349,0.242430061167675,1.0011903268308018
Post-V1,TTFS (ms),time_to_first_spike_fl,840012044,820866121,LP,139,73.16546762589927,16.01068353568146,1.358008453157439,1.374794699011102,70.56816546762587,75.81366906474818,0.016007194244593848,70.91177365985999,2.253693966039279,0.5290836027841537,1.0123609288400481
Post-V1,TTFS (ms),time_to_first_spike_fl,840012044,820866121,PM,54,71.53703703703704,13.945599106938095,1.897755664967284,1.9764995880620018,67.68518518518519,75.5,0.07561111111110108,70.91177365985999,0.625263377177049,0.25598029997831195,1.0414931829994434
Post-V1,TTFS (ms),time_to_first_spike_fl,840012044,820866121,RL,125,67.72,17.86806486263926,1.5981683063694732,1.5672936700670481,64.62219999999999,70.696,-0.04090399999999761,70.91177365985999,-3.19177365985999,0.4070982550240772,0.9806812360254081
Post-V1,TTFS (ms),time_to_first_spike_fl,847657808,827809884,AL,87,66.13793103448275,15.15821399385695,1.6251311228567709,1.6296021093493742,63.14913793103448,69.38074712643677,0.013413793103453031,69.51199116673348,-3.374060132250733,0.3765623050196752,1.002751154309779
Post-V1,TTFS (ms),time_to_first_spike_fl,847657808,827809884,AM,64,72.09375,14.305863766135829,1.7882329707669786,1.7531100811072637,68.46875,75.36015625,-0.05659375000000466,69.51199116673348,2.5817588332665196,0.32537308551626576,0.9803588848690948
Post-V1,TTFS (ms),time_to_first_spike_fl,847657808,827809884,LM,91,62.35164835164835,15.347365772067729,1.6088410822483576,1.6213304373831119,59.362087912087915,65.70631868131866,0.07179120879120404,69.51199116673348,-7.16034281508513,0.3804143826745914,1.0077629514018254
Post-V1,TTFS (ms),time_to_first_spike_fl,847657808,827809884,LP,50,74.32,13.529167282096068,1.9133131857954604,1.900951924225917,70.81949999999999,78.08,0.06500000000001194,69.51199116673348,4.808008833266513,0.2767309493179041,0.9935393422983158
Post-V1,TTFS (ms),time_to_first_spike_fl,847657808,827809884,PM,52,73.09615384615384,14.28733103327205,1.981296331922703,1.9780967621004248,68.99951923076924,76.84615384615384,-0.06265384615383596,69.51199116673348,3.584162679420359,0.2555670946786794,0.9983851129330193
Post-V1,TTFS (ms),time_to_first_spike_fl,847657808,827809884,RL,69,69.07246376811594,13.078179897402206,1.5744278437579222,1.5555033555726971,66.11521739130434,72.14528985507246,0.02144927536231478,69.51199116673348,-0.43952739861754253,0.413293043515345,0.9879800854257917
Post-V1,log10 F1/F0,f1_f0_dg,715093703,699733581,AM,74,-0.22084973210086617,0.2584102527969249,0.030039581714835943,0.029509170657162142,-0.27951973164997335,-0.16399684107401205,0.0008919935275719659,-0.21872281513398492,-0.002126916966881248,1148.3809828569172,0.9823429279838527
Post-V1,log10 F1/F0,f1_f0_dg,715093703,699733581,LM,125,-0.12916925300928792,0.3017478662102516,0.026989149636465377,0.027924806300452503,-0.1844631472669464,-0.07840300017435452,-0.00025173434795747185,-0.21872281513398492,0.089553562124697,1282.388637534775,1.0346678823375357
Post-V1,log10 F1/F0,f1_f0_dg,715093703,699733581,LP,257,-0.27476388797629503,0.24699413927274916,0.015407071098208061,0.015600383658194297,-0.3043279068293924,-0.24636190224927765,-0.00033456816575139214,-0.21872281513398492,-0.05604107284231011,4108.936615986483,1.0125470025259193
Post-V1,log10 F1/F0,f1_f0_dg,715093703,699733581,PM,119,-0.24472091785282427,0.2877669160170723,0.02637954994072937,0.02593917647491057,-0.2961907566389147,-0.19624943569754974,-0.0007337168554086837,-0.21872281513398492,-0.025998102718839344,1486.235505864056,0.9833062555347514
Post-V1,log10 F1/F0,f1_f0_dg,715093703,699733581,RL,181,-0.22411028473065137,0.30855502615513775,0.02293471447362552,0.022669033014868483,-0.26745677072917445,-0.17921725828072946,-8.070977382412803e-05,-0.21872281513398492,-0.005387469596666444,1945.96045314938,0.9884157503219599
Post-V1,log10 F1/F0,f1_f0_dg,719161530,703279284,AL,30,-0.30371709303916644,0.1954001315558501,0.03567501993087204,0.036184753058931686,-0.37027102594747086,-0.23351712786373666,0.00029547956529868413,-0.1748089708727711,-0.12890812216639533,763.7456922310294,1.014288236672253
Post-V1,log10 F1/F0,f1_f0_dg,719161530,703279284,AM,85,-0.17701670715843365,0.3341669740522431,0.03624549733451405,0.03564797964746607,-0.25421337113435777,-0.11395262384912291,-0.0008084333832175938,-0.1748089708727711,-0.002207736285662537,786.9192286677618,0.9835147057982563
Post-V1,log10 F1/F0,f1_f0_dg,719161530,703279284,LM,83,-0.1456948779804141,0.2985511601750898,0.03277024716568224,0.03174568243224343,-0.20717592897787848,-0.08147363178757233,0.0010810239736285532,-0.1748089708727711,0.029114092892357002,992.2718365766203,0.9687349098022137
Post-V1,log10 F1/F0,f1_f0_dg,719161530,703279284,LP,59,-0.11289837501644358,0.21347148962211424,0.0277916207593573,0.027674149006303085,-0.16927918423832827,-0.06073396368517614,-5.5073552080009414e-05,-0.1748089708727711,0.061910595856327535,1305.7241901435852,0.9957731233427737
Post-V1,log10 F1/F0,f1_f0_dg,719161530,703279284,PM,50,-0.2106545389878484,0.2700536972440794,0.03819136012115748,0.03881301361961083,-0.2862534528119158,-0.13849659625921118,-0.0011954017242253034,-0.1748089708727711,-0.035845568115077275,663.8122623280946,1.0162773333152113
Post-V1,log10 F1/F0,f1_f0_dg,719161530,703279284,RL,35,-0.09887223305432039,0.2538692214352875,0.042911730528129834,0.04098709429843795,-0.1856531960852479,-0.02657990639255532,-0.0019914552125783747,-0.1748089708727711,0.07593673781845073,595.2586816115305,0.9551489486440023
Post-V1,log10 F1/F0,f1_f0_dg,721123822,707296982,AL,139,-0.23244241713480399,0.3199259056197607,0.027135761146452025,0.026630002600431815,-0.28455288571463605,-0.1820306398152422,-0.000458746783711772,-0.22612861740884518,-0.006313799725958802,1410.1249028234847,0.9813619178289997
Post-V1,log10 F1/F0,f1_f0_dg,721123822,707296982,AM,92,-0.14535444918010554,0.26746912901858916,0.02788558435783363,0.02714710638227358,-0.1987085131022877,-0.0949408256630563,-0.0011127731976326993,-0.22612861740884518,0.08077416822873965,1356.9158341057419,0.9735175721590144
Post-V1,log10 F1/F0,f1_f0_dg,721123822,707296982,LM,95,-0.22546492650801161,0.29122876348568877,0.029879440684084407,0.028679455932901984,-0.28504734695795936,-0.17051572025689243,-0.0014048794876670712,-0.22612861740884518,0.000663690900833569,1215.7889266286018,0.9598391160038813
Post-V1,log10 F1/F0,f1_f0_dg,721123822,707296982,LP,180,-0.29665113082937555,0.24094759000013646,0.017959173008501788,0.01776480457716958,-0.3309689110010016,-0.26141458279730473,0.0003775596241045731,-0.22612861740884518,-0.07052251342053037,3168.685461716317,0.989177205919215
Post-V1,log10 F1/F0,f1_f0_dg,721123822,707296982,RL,89,-0.2307301633919292,0.2763679795698617,0.029294947244569443,0.030297567333131485,-0.28617908061856145,-0.168824721612725,0.00043741913407924216,-0.22612861740884518,-0.0046015459830840155,1089.392751702057,1.0342250177203478
Post-V1,log10 F1/F0,f1_f0_dg,732592105,717038288,AL,185,-0.09891234034901136,0.2762879353228815,0.02031309299574907,0.020072488934771933,-0.13849137554257834,-0.05787725058940715,-0.000273342260337886,-0.126291568618939,0.02737922826992764,2481.9758169314305,0.9881552227901733
Post-V1,log10 F1/F0,f1_f0_dg,732592105,717038288,LM,198,-0.12479338305867432,0.2691188057669098,0.019125440724757182,0.019427583011439712,-0.162156364130334,-0.08829398724507642,-0.00029694380713887747,-0.126291568618939,0.001498185560264681,2649.491029021886,1.0157979254455254
Post-V1,log10 F1/F0,f1_f0_dg,732592105,717038288,PM,154,-0.14322334081951502,0.2794340685429184,0.02251743893629258,0.0220703434407526,-0.18514876461667631,-0.09864651389009454,0.001105534418734705,-0.126291568618939,-0.016931772200576012,2052.9662854815224,0.9801444783838463
Post-V1,log10 F1/F0,f1_f0_dg,732592105,717038288,RL,163,-0.13823721024855534,0.26446376575141084,0.02071440081679598,0.019843848988597833,-0.17501688602482696,-0.09611132271198176,0.0006288007628866554,-0.126291568618939,-0.011945641629616338,2539.4997428968863,0.9579735935450148
Post-V1,log10 F1/F0,f1_f0_dg,737581020,718643567,LM,59,-0.24708213754495323,0.25026886730382675,0.03258223128668952,0.03199277935820235,-0.3104018113778447,-0.18768601173407626,-0.00023037533472147764,-0.23998312921386275,-0.007099008331090478,977.0033622123007,0.9819087918411538
Post-V1,log10 F1/F0,f1_f0_dg,737581020,718643567,PM,46,-0.1992249534063697,0.3124545808400473,0.046068914608615015,0.04597616960442564,-0.2903557194507389,-0.10702545540088956,0.0006697642871135445,-0.23998312921386275,0.04075817580749305,473.07982506888845,0.9979868202891841
Post-V1,log10 F1/F0,f1_f0_dg,737581020,718643567,RL,145,-0.2736422966902653,0.30537747248157815,0.02536021873875493,0.025520155398161923,-0.32516199553785613,-0.22384346275060357,-0.00072489811227755,-0.23998312921386275,-0.033659167476402546,1535.4418403967093,1.0063065962109619
Post-V1,log10 F1/F0,f1_f0_dg,739448407,716813543,AM,115,-0.1063235963282875,0.2551116111625603,0.02378928040470208,0.02377052790142181,-0.15448886965344044,-0.06379243990409118,0.00011791356863932734,-0.10152751363881103,-0.004796082689476469,1769.7924844321888,0.9992117246523957
Post-V1,log10 F1/F0,f1_f0_dg,739448407,716813543,LM,108,-0.14621615158529186,0.22868577068658727,0.022005298544289696,0.022091022343305875,-0.18659231298451545,-0.10131954671032857,0.0010669635133414568,-0.10152751363881103,-0.04468863794648083,2049.124614469806,1.0038955980916888
Post-V1,log10 F1/F0,f1_f0_dg,739448407,716813543,RL,160,-0.05204279300285375,0.2350052347248452,0.018578795094825105,0.01856730083733853,-0.09004897850567675,-0.014360615295133784,-0.0007734074165627325,-0.10152751363881103,0.04948472063595728,2900.6975739245936,0.9993813238464654
Post-V1,log10 F1/F0,f1_f0_dg,742951821,723627604,AL,92,-0.19865930683467437,0.3005679581619083,0.031336375840230836,0.03139577691812559,-0.26294724646708934,-0.13740027568634014,0.00013980959257359205,-0.1671037805970455,-0.03155552623762886,1014.512800094859,1.0018955950170374
Post-V1,log10 F1/F0,f1_f0_dg,742951821,723627604,LM,106,-0.09734070024722478,0.24853772543719121,0.02414011789795752,0.023704244777432538,-0.14523503993354195,-0.053665077609027674,-0.0010674512336321246,-0.1671037805970455,0.06976308034982072,1779.7039063296263,0.9819440351382103
Post-V1,log10 F1/F0,f1_f0_dg,742951821,723627604,PM,66,-0.16690040047638527,0.2341638724553626,0.028823580194024884,0.029021136468180445,-0.22379020327630492,-0.1112119443175868,4.6845665894745814e-05,-0.1671037805970455,0.0002033801206602348,1187.3292563989935,1.0068539811094153
Post-V1,log10 F1/F0,f1_f0_dg,742951821,723627604,RL,122,-0.20551471482989758,0.2926383649625706,0.026494232692549146,0.026510181127507252,-0.2561237949920339,-0.1528516013057713,0.0004983182335585312,-0.1671037805970455,-0.03841093423285208,1422.9007555792234,1.0006019587411032
Post-V1,log10 F1/F0,f1_f0_dg,743475441,722882755,AM,125,-0.14119088296930737,0.27185024950125264,0.024315025503403167,0.023809127316345435,-0.18704448367448054,-0.09408560344707625,0.0008967778974014462,-0.17590255449573278,0.0347116715264254,1764.0587522407711,0.979194009605833
Post-V1,log10 F1/F0,f1_f0_dg,743475441,722882755,LM,64,-0.21490364081804186,0.24941637659939564,0.031177047074924455,0.030697546078793977,-0.2736185314387233,-0.1545935251651442,0.0009958238904990424,-0.17590255449573278,-0.039001086322309086,1061.188854781734,0.9846200637610694
Post-V1,log10 F1/F0,f1_f0_dg,743475441,722882755,LP,255,-0.20064041202274768,0.23653141532300556,0.014812171788001623,0.015290852802910532,-0.22869806642735302,-0.17182729596252824,9.058619322122041e-05,-0.17590255449573278,-0.024737857527014906,4276.97375021875,1.0323167339509698
Post-V1,log10 F1/F0,f1_f0_dg,743475441,722882755,RL,193,-0.14687528217283413,0.22864938773406104,0.01645854306900225,0.01583703959827855,-0.17556323426254808,-0.11294275828619577,0.0005307452721702022,-0.17590255449573278,0.029027272322898645,3987.0528713205963,0.9622382450185258
Post-V1,log10 F1/F0,f1_f0_dg,744228101,719817805,AL,90,-0.22385457248909107,0.27530269937603113,0.02901945253402915,0.02809720361249756,-0.2821844521877215,-0.16914920526405527,0.00015497548129067562,-0.2314636327447584,0.0076090602556673215,1266.700093530923,0.9682196305926127
Post-V1,log10 F1/F0,f1_f0_dg,744228101,719817805,LM,120,-0.15090032814859716,0.24012276102421543,0.021920108797230848,0.02153372271160347,-0.19432016795590926,-0.10762539552183477,0.00013226064343357935,-0.2314636327447584,0.08056330459616123,2156.561100544566,0.9823729850430217
Post-V1,log10 F1/F0,f1_f0_dg,744228101,719817805,LP,167,-0.2925868851571592,0.207055887142412,0.016022465590376466,0.015527729151791368,-0.32057721316817694,-0.26117264880404945,-0.0005885523711687823,-0.2314636327447584,-0.0611232524124008,4147.478141107373,0.969122327909242
Post-V1,log10 F1/F0,f1_f0_dg,744228101,719817805,RL,70,-0.2585127451841862,0.26501739292311866,0.031675636999292565,0.030744594109948432,-0.3153615538380577,-0.19828137855397915,0.0007109493789242971,-0.2314636327447584,-0.027049112439427814,1057.9434943168876,0.9706069718703707
Post-V1,log10 F1/F0,f1_f0_dg,746083955,726170935,AL,75,-0.27604156034894617,0.27244164483541167,0.031458851396837864,0.031154889766423038,-0.33570215956994165,-0.21855468526341587,0.0003424786290570636,-0.2424356721368035,-0.033605888212142665,1030.2617163033467,0.9903378026559043
Post-V1,log10 F1/F0,f1_f0_dg,746083955,726170935,LM,87,-0.2174464986531397,0.23279103424842168,0.024957818581558728,0.02422730175684999,-0.2647006097415272,-0.17281928679421737,9.997813815360024e-06,-0.2424356721368035,0.024989173483663807,1703.68736602312,0.9707299409072347
Post-V1,log10 F1/F0,f1_f0_dg,746083955,726170935,PM,250,-0.21270151547664323,0.29587570156437115,0.018712822424873148,0.018562184204117194,-0.24798105523617503,-0.17590076141314953,0.0005534358453014587,-0.2424356721368035,0.02973415666016027,2902.2969386294453,0.9919499999874031
Post-V1,log10 F1/F0,f1_f0_dg,746083955,726170935,RL,93,-0.2635531140684849,0.27210622913672217,0.028216101545002946,0.02734282128252015,-0.31454498213878596,-0.20770431745677076,0.0013295317430011,-0.2424356721368035,-0.021117441931681413,1337.5602454088353,0.9690502863731912
Post-V1,log10 F1/F0,f1_f0_dg,750332458,726141251,AL,147,-0.20172310244108316,0.28904106235094085,0.023839705022167302,0.023120421619342867,-0.2512827418851307,-0.15979636801919633,-0.001004467756200278,-0.17605529536889133,-0.025667807072191823,1870.7187577378584,0.9698283430035896
Post-V1,log10 F1/F0,f1_f0_dg,750332458,726141251,AM,114,-0.22874186409332423,0.3230000892449147,0.0302517300726408,0.02966269645065677,-0.2890316377013766,-0.16922996019101746,-0.0007921072836489795,-0.17605529536889133,-0.05268656872443289,1136.52435030401,0.9805289277482764
Post-V1,log10 F1/F0,f1_f0_dg,750332458,726141251,LM,103,-0.17183382260517494,0.2798286872004345,0.027572339836886593,0.027767238863357312,-0.22609556502587588,-0.11482668244008357,-0.000515385813108088,-0.17605529536889133,0.0042214727637164,1296.9839671240334,1.0070686429814701
Post-V1,log10 F1/F0,f1_f0_dg,750332458,726141251,PM,62,-0.12183767091020868,0.2470162339972698,0.031371093088762035,0.029480222212761104,-0.17709325507793708,-0.062258205032702976,0.0011775086013642716,-0.17605529536889133,0.05421762445868265,1150.6374220981854,0.9397256936297738
Post-V1,log10 F1/F0,f1_f0_dg,750332458,726141251,RL,123,-0.15614001679466571,0.2911635313531644,0.02625333149436872,0.026045004170648617,-0.21119651222118083,-0.11000538507933083,-0.0026291291241911374,-0.17605529536889133,0.01991527857422562,1474.1821129764987,0.9920647280988019
Post-V1,log10 F1/F0,f1_f0_dg,750749662,726162197,AL,108,-0.2481394226564674,0.2901514722104182,0.027919838431075195,0.028143425587576366,-0.3041485477390666,-0.19403374671284793,-0.00017606988897994613,-0.19787423286253278,-0.05026518979393463,1262.5427246959723,1.0080081823200064
Post-V1,log10 F1/F0,f1_f0_dg,750749662,726162197,AM,150,-0.17428253696741994,0.2941380107275095,0.024016268007989432,0.023728620065709437,-0.224262605360725,-0.1307025189094761,-0.0005780905247939616,-0.19787423286253278,0.02359169589511284,1776.0493731856732,0.9880227876294392
Post-V1,log10 F1/F0,f1_f0_dg,750749662,726162197,LM,79,-0.20752686042507099,0.24695996017454463,0.027785166320555287,0.027714917127792633,-0.26469377491685514,-0.15547377668710677,-0.0005945736455806316,-0.19787423286253278,-0.009652627562538207,1301.8856240318894,0.9974717015564278
Post-V1,log10 F1/F0,f1_f0_dg,750749662,726162197,LP,258,-0.19549421154389213,0.25877433589298815,0.016110586451205666,0.016352164179760202,-0.2293225630535298,-0.16447109718532088,-0.0001153028446604365,-0.19787423286253278,0.0023800213186406516,3739.80985919124,1.0149949680159815
Post-V1,log10 F1/F0,f1_f0_dg,750749662,726162197,PM,134,-0.14509986047792922,0.28320656103944314,0.024465320599945512,0.02468672270130266,-0.19456289420600034,-0.09588019080099851,0.0009952027247577266,-0.19787423286253278,0.05277437238460356,1640.8660236885678,1.009049630085683
Post-V1,log10 F1/F0,f1_f0_dg,750749662,726162197,RL,124,-0.21670250510441694,0.2952473990581374,0.026513999140228253,0.02550181122272887,-0.26593360564117696,-0.16761962793626145,-0.0006050765580286888,-0.19787423286253278,-0.01882827224188416,1537.6516085336805,0.9618243965330886
Post-V1,log10 F1/F0,f1_f0_dg,751348571,732548380,AM,134,-0.16519173735430695,0.3403799242889742,0.02940434692950187,0.02863604946701496,-0.22281058919653274,-0.1096353760116438,-0.00022562550189120234,-0.22621934030850208,0.061027602954195126,1219.477500872052,0.9738712965015366
Post-V1,log10 F1/F0,f1_f0_dg,751348571,732548380,LM,56,-0.29100326126965453,0.313985274909687,0.04195804725728846,0.040708983138257916,-0.3691607260959105,-0.21254064526760252,0.0005190952783226677,-0.22621934030850208,-0.06478392096115246,603.4197092938316,0.9702306422562701
Post-V1,log10 F1/F0,f1_f0_dg,751348571,732548380,LP,268,-0.25652438800088934,0.22418587920219749,0.013694332147331114,0.01375568683669954,-0.28317158887369825,-0.23080155016026008,9.082552067279925e-05,-0.22621934030850208,-0.03030504769238726,5284.883764021753,1.0044802980319405
Post-V1,log10 F1/F0,f1_f0_dg,751348571,732548380,PM,84,-0.18770440115475068,0.30820625249626776,0.03362805908863856,0.03310456417559404,-0.25390222328844186,-0.12224026350013585,0.0005930598655137231,-0.22621934030850208,0.0385149391537514,912.4818831776129,0.9844327943023813
Post-V1,log10 F1/F0,f1_f0_dg,751348571,732548380,RL,229,-0.2306729137629089,0.3295005893891083,0.021774011832923774,0.022502050208705562,-0.27728072447761265,-0.18925715034613355,-0.0003636366609491293,-0.22621934030850208,-0.004453573454406834,1974.9487093963874,1.0334361155568468
Post-V1,log10 F1/F0,f1_f0_dg,754312389,719828690,AL,72,-0.2943190768165833,0.31041784917387444,0.03658309435869826,0.0370671961704996,-0.36779051103554095,-0.22312307334292672,-0.00015046897362391842,-0.20697895190248858,-0.08734012491409474,727.8142041329224,1.013232937789644
Post-V1,log10 F1/F0,f1_f0_dg,754312389,719828690,AM,115,-0.2082014908053428,0.29164097712817316,0.027195661345192485,0.02750290110689438,-0.26408546401869387,-0.1564706451210906,-0.00014985116851148894,-0.20697895190248858,-0.001222538902854231,1322.0350992270307,1.0112973815125186
Post-V1,log10 F1/F0,f1_f0_dg,754312389,719828690,LM,26,-0.2107148223285134,0.2947682796525162,0.05780881576678289,0.05651268137876396,-0.32196391076232245,-0.10037834621231653,0.0007100757759228582,-0.20697895190248858,-0.0037358704260248288,313.11809937309533,0.9775789493206728
Post-V1,log10 F1/F0,f1_f0_dg,754312389,719828690,PM,63,-0.12403191735422948,0.25804213475720955,0.03251025315922823,0.03238917096546398,-0.18678076716027334,-0.0610474596420312,-0.00013444067307707974,-0.20697895190248858,0.0829470345482591,953.2357817018965,0.9962755690282935
Post-V1,log10 F1/F0,f1_f0_dg,754312389,719828690,RL,82,-0.1976274522077739,0.29148192687183777,0.032188794007693866,0.030758771093995968,-0.256247267455314,-0.141146616174153,-2.673931418525899e-05,-0.20697895190248858,0.009351499694714688,1056.9684884209116,0.9555738896786227
Post-V1,log10 F1/F0,f1_f0_dg,754829445,726298253,AM,97,-0.20604637040568352,0.2692468775824016,0.027337878462749248,0.027585843760751506,-0.26364520893238924,-0.1545084756840598,-0.001767186019329181,-0.18085119572298,-0.02519517468270352,1314.0970964605901,1.0090703928741265
Post-V1,log10 F1/F0,f1_f0_dg,754829445,726298253,LP,293,-0.1512584481870791,0.2392691080566169,0.013978250544836745,0.01399203615991052,-0.1791301396753666,-0.12370439462416974,0.00010860694392855752,-0.18085119572298,0.02959274753590091,5107.850321094494,1.0009862189141308
Post-V1,log10 F1/F0,f1_f0_dg,754829445,726298253,PM,53,-0.20446719018195025,0.2618234175335058,0.03596421228737543,0.03527127737381764,-0.2749870060910212,-0.13548467452246,-0.0009276771673180917,-0.18085119572298,-0.023615994458970252,803.8178081869116,0.9807326542280189
Post-V1,log10 F1/F0,f1_f0_dg,754829445,726298253,RL,88,-0.1616327741172071,0.2705737468692594,0.028843258329773854,0.028726773514364513,-0.2210646436820136,-0.10530582845076868,-0.0007020559745556654,-0.18085119572298,0.01921842160577289,1211.7870283652244,0.9959614543517402
Post-V1,log10 F1/F0,f1_f0_dg,755434585,730760270,AL,89,-0.21800725026420398,0.26365095982673675,0.027946945847798294,0.027334817057143284,-0.2709653610534769,-0.1639220574551673,-0.0010686007083286764,-0.1428104334261503,-0.07519681683805368,1338.3436932095428,0.978096755402586
Post-V1,log10 F1/F0,f1_f0_dg,755434585,730760270,AM,171,-0.1520167619810587,0.2543615841096046,0.019451516495661184,0.018986296783554374,-0.18760771059536216,-0.11429783882965791,0.0010431049814372262,-0.1428104334261503,-0.00920632855490841,2774.083118619135,0.9760831135088834
Post-V1,log10 F1/F0,f1_f0_dg,755434585,730760270,LM,110,-0.11769741259851245,0.22519662697844217,0.021471655904823927,0.021729674553238033,-0.15984058326575026,-0.07620142356036123,-0.0007796964590164601,-0.1428104334261503,0.025113020827637847,2117.8419971066455,1.0120167093566426
Post-V1,log10 F1/F0,f1_f0_dg,755434585,730760270,LP,43,-0.09625743052110779,0.17491785019547634,0.026674722080462857,0.027796674642461487,-0.15130311065068763,-0.04294597014749391,-0.00035393918219261966,-0.1428104334261503,0.04655300290504251,1294.238493461704,1.042060515517812
Post-V1,log10 F1/F0,f1_f0_dg,755434585,730760270,PM,131,-0.16123895236227748,0.26068494854537005,0.022776149705456376,0.021891139571903757,-0.20416906754926617,-0.11912845838368873,-0.0006940639823349304,-0.1428104334261503,-0.01842851893612718,2086.715587351358,0.9611431192278912
Post-V1,log10 F1/F0,f1_f0_dg,755434585,730760270,RL,108,-0.1116447928297414,0.2662307871359608,0.02561806943658549,0.024714653919050516,-0.16188627540589304,-0.06456989918917477,-0.001069376293931626,-0.1428104334261503,0.031165640596408903,1637.1592764100476,0.9647352225439441
Post-V1,log10 F1/F0,f1_f0_dg,756029989,734865738,AL,104,-0.265122697521603,0.298693190951361,0.029289277100736262,0.028835169215680984,-0.3240411300663168,-0.20667625730911124,-0.0012116204587582224,-0.2098642368535433,-0.0552584606680597,1202.6935760620277,0.9844957632961223
Post-V1,log10 F1/F0,f1_f0_dg,756029989,734865738,AM,133,-0.2083731800662702,0.31585735618895866,0.027388306249897704,0.027197671020738452,-0.2618153311893984,-0.1548332550799205,-0.00115026576779384,-0.2098642368535433,0.0014910567872730984,1351.8750952532375,0.993039539304846
Post-V1,log10 F1/F0,f1_f0_dg,756029989,734865738,LM,95,-0.21602633681164346,0.3328728072354767,0.03415202942214136,0.0344109455520412,-0.2829261566925045,-0.1493080163573045,8.960330879242973e-05,-0.2098642368535433,-0.006162099958100159,844.5138709191583,1.0075812809452542
Post-V1,log10 F1/F0,f1_f0_dg,756029989,734865738,LP,85,-0.25257763906153047,0.3838862124796443,0.04163830591173958,0.04116182306879544,-0.33932269198562676,-0.17505985752692013,-0.0012071820849144932,-0.2098642368535433,-0.04271340220798717,590.2157532360187,0.9885566227417096
Post-V1,log10 F1/F0,f1_f0_dg,756029989,734865738,PM,157,-0.13662991872494373,0.3036000716358537,0.024229923529600537,0.024195549097444962,-0.18266353798376428,-0.09086859610292597,0.0008222443458845707,-0.2098642368535433,0.07323431812859957,1708.1619163525647,0.998581323126605
Post-V1,log10 F1/F0,f1_f0_dg,756029989,734865738,RL,59,-0.18045564893526903,0.24027637640213992,0.03128131977821312,0.03120794783344758,-0.24402635820601615,-0.12098643532585773,8.8178615150869e-05,-0.2098642368535433,0.029408587918274276,1026.76150364232,0.9976544485563349
Post-V1,log10 F1/F0,f1_f0_dg,757216464,733457989,AL,106,-0.2581521225680164,0.2901349979299285,0.028180402166439363,0.028147906615251277,-0.3125769520542899,-0.20261680935568369,0.000678405633329493,-0.210515921864937,-0.04763620070307939,1262.1407737698667,0.998846874114991
Post-V1,log10 F1/F0,f1_f0_dg,757216464,733457989,AM,122,-0.20133225579571049,0.265305000977922,0.024019586192347273,0.024842674411088336,-0.2551484933177869,-0.1555548910568684,-0.00031525546142605054,-0.210515921864937,0.00918366606922652,1620.3293733113958,1.0342673771375503
Post-V1,log10 F1/F0,f1_f0_dg,757216464,733457989,LM,126,-0.1224794781595787,0.27695765967786645,0.02467334936088839,0.024233847194921235,-0.16871182778551516,-0.0754398976200866,0.00043728768097481274,-0.210515921864937,0.0880364437053583,1702.7671758368867,0.9821871704753695
Post-V1,log10 F1/F0,f1_f0_dg,757216464,733457989,LP,230,-0.25617670892392197,0.20933086153750305,0.01380286825769467,0.013702567581893085,-0.2818191840828388,-0.2284380135601244,0.0003900132839319559,-0.210515921864937,-0.045660787058984964,5325.937854297418,0.9927333454229217
Post-V1,log10 F1/F0,f1_f0_dg,757216464,733457989,RL,70,-0.21443904387745757,0.30681923975174946,0.03667191332455194,0.036341332830231075,-0.28859674699710625,-0.14952971973116255,-0.000951577538312931,-0.210515921864937,-0.003923122012520569,757.1785417829316,0.9909854582335211
Post-V1,log10 F1/F0,f1_f0_dg,757970808,730756780,AL,145,-0.09706095322428587,0.28405316611537174,0.023589331484025155,0.023340138896459833,-0.14245923733819166,-0.04987961870787416,-1.4896559293306466e-05,-0.1306222669010144,0.033561313676728516,1835.6637326830123,0.9894362166331812
Post-V1,log10 F1/F0,f1_f0_dg,757970808,730756780,AM,140,-0.11111565578506034,0.2824916635950668,0.023874903141270748,0.023667234559355318,-0.15740599679246678,-0.06737148559754762,-0.00047116404263507217,-0.1306222669010144,0.019506611115954045,1785.2743696018072,0.9913018042131259
Post-V1,log10 F1/F0,f1_f0_dg,757970808,730756780,LP,118,-0.183610151005177,0.20337962759243614,0.01872261229592102,0.018133916101997778,-0.2195437390665924,-0.14815814648508763,0.00029091600221461955,-0.1306222669010144,-0.05298788410416261,3041.0026303947507,0.9685569414877273
Post-V1,log10 F1/F0,f1_f0_dg,757970808,730756780,RL,131,-0.1307023075895343,0.2944352809267751,0.025724929936985573,0.02572559701657859,-0.18347530334176737,-0.08201787444756749,-0.0021060609882364023,-0.1306222669010144,-8.00406885199112e-05,1511.0160431379686,1.0000259312501394
Post-V1,log10 F1/F0,f1_f0_dg,758798717,735109609,AL,162,-0.27361761335808893,0.31313232403402397,0.024601998859240186,0.02526901987385445,-0.32245454661555556,-0.2245542451742601,-0.00019438724346748648,-0.24381933869923772,-0.02979827465885121,1566.1134019687015,1.0271124723820455
Post-V1,log10 F1/F0,f1_f0_dg,758798717,735109609,AM,96,-0.27515842697330717,0.3001048593754829,0.030629323949984733,0.0302782861192016,-0.3346045194990743,-0.21648140772666813,-0.0009345594992029027,-0.24381933869923772,-0.03133908827406945,1090.7806441706055,0.9885391583778882
Post-V1,log10 F1/F0,f1_f0_dg,758798717,735109609,LP,72,-0.23189827208826091,0.2164261042677905,0.02550606099225691,0.02470085603916852,-0.2787934512340057,-0.18099503970879408,-0.0009011212425490966,-0.24381933869923772,0.011921066610976805,1638.9888191755654,0.9684308387197524
Post-V1,log10 F1/F0,f1_f0_dg,758798717,735109609,PM,56,-0.1946030423772938,0.2680540727176413,0.035820232187100065,0.03539334168420792,-0.2666324450313125,-0.12815637483237638,0.00019946024938227724,-0.24381933869923772,0.04921629632194391,798.2829664140087,0.9880824194365251
Post-V1,log10 F1/F0,f1_f0_dg,759883607,740268986,AL,144,-0.11764475538138768,0.25721818549099656,0.02143484879091638,0.0217503513171715,-0.161275895301679,-0.07683261302859065,-0.0012461505189869104,-0.1333077171723204,0.015662961790932725,2113.8172984656994,1.0147191393479211
Post-V1,log10 F1/F0,f1_f0_dg,759883607,740268986,AM,151,-0.14161206478151456,0.24395674409686668,0.01985291827854193,0.01928098438842341,-0.1776386996915899,-0.10333376535886962,0.0008526906751570862,-0.1333077171723204,-0.008304347609194157,2689.9338123654584,0.9711914449002343
Post-V1,log10 F1/F0,f1_f0_dg,759883607,740268986,PM,146,-0.140666331354059,0.24676878105148514,0.020422729632143755,0.021012850427261306,-0.1819086193728529,-0.10118961348072744,-0.0004689978450503063,-0.1333077171723204,-0.00735861418173861,2264.80107080681,1.028895294886965
Post-V1,log10 F1/F0,f1_f0_dg,760345702,739783171,AL,136,-0.21769875655970086,0.26079156457671354,0.022362692171003798,0.02151291944731916,-0.2636366742363047,-0.18095530257976852,-0.0027658805340176063,-0.20324005370839915,-0.014458702851301714,2160.733960710747,0.9620004283390136
Post-V1,log10 F1/F0,f1_f0_dg,760345702,739783171,AM,109,-0.1820009249918356,0.30139813368470214,0.02886870547598062,0.028378924181482267,-0.2375242851894339,-0.12659433135286993,0.00071668643668793,-0.20324005370839915,0.021239128716563554,1241.675593103035,0.9830341788305726
Post-V1,log10 F1/F0,f1_f0_dg,760345702,739783171,LM,112,-0.26720913874428265,0.27980863564820413,0.026439430879051085,0.02608663250902249,-0.3194732446042076,-0.21446330365738472,5.381677095328552e-05,-0.20324005370839915,-0.0639690850358835,1469.4809475571467,0.9866563553639829
Post-V1,log10 F1/F0,f1_f0_dg,760345702,739783171,LP,46,-0.14653239901287557,0.18716243155201995,0.02759559502673686,0.027888374493450323,-0.19805984238828964,-0.09004660150805006,0.000571089838552391,-0.20324005370839915,0.05670765469552358,1285.7413070405091,1.0106096449969568
Post-V1,log10 F1/F0,f1_f0_dg,760345702,739783171,PM,93,-0.20275904923330096,0.24684585331518483,0.025596722593235886,0.025633828770809303,-0.2537907514940624,-0.15256281420541412,-0.00019912402072061464,-0.20324005370839915,0.0004810044750981901,1521.854181896921,1.001449645650464
Post-V1,log10 F1/F0,f1_f0_dg,760693773,738651054,AL,238,-0.24021171661817448,0.3069620110102217,0.019897391852588618,0.020698358924966315,-0.28193637714779846,-0.20169052699265644,0.00014423646295602666,-0.23343174736026578,-0.006779969257908691,2334.146833839146,1.040254877539314
Post-V1,log10 F1/F0,f1_f0_dg,760693773,738651054,AM,128,-0.26794244028627423,0.32230772826613735,0.0284882475357271,0.028787298380024997,-0.32562724128054993,-0.21192509060477224,0.0003960775078774015,-0.23343174736026578,-0.034510692926008446,1206.696856679647,1.0104973408393358
Post-V1,log10 F1/F0,f1_f0_dg,760693773,738651054,PM,104,-0.29429909522850245,0.25686209786211034,0.025187400948101544,0.02492272475861363,-0.3440579189328569,-0.24481323997567753,0.0005990972497129654,-0.23343174736026578,-0.060867347868236665,1609.9372814741494,0.9894917228644085
Post-V1,log10 F1/F0,f1_f0_dg,760693773,738651054,RL,115,-0.13127373730811195,0.2782862631575348,0.025950327846163048,0.025185643362839516,-0.18297635708459586,-0.08396435662622559,0.00037354770248726465,-0.23343174736026578,0.10215801005215383,1576.499732440211,0.9705327621347721
Post-V1,log10 F1/F0,f1_f0_dg,761418226,742714475,AL,338,-0.1246257319648311,0.260657271469821,0.014177886478607172,0.014204392020253807,-0.15367884673257598,-0.09701198575898799,0.00030421073352929207,-0.1458707466066495,0.02124501464181841,4956.267072376619,1.0018694987921246
Post-V1,log10 F1/F0,f1_f0_dg,761418226,742714475,LP,102,-0.10211811099246813,0.23846480182606947,0.023611533761450226,0.02365207375839178,-0.14839171290334063,-0.05813652408298501,0.0006741544132475158,-0.1458707466066495,0.04375263561418137,1787.5637979429396,1.0017169573713902
Post-V1,log10 F1/F0,f1_f0_dg,761418226,742714475,PM,114,-0.20364774197979096,0.2378266532327587,0.02227450690337614,0.022261777165594607,-0.24914064460336316,-0.1614438626288664,0.00014498806438908995,-0.1458707466066495,-0.05777699537314146,2017.8103134261505,0.9994285064160229
Post-V1,log10 F1/F0,f1_f0_dg,761418226,742714475,RL,239,-0.15309140148950787,0.2680150594822129,0.017336453009989972,0.017252797408923198,-0.18649665121960451,-0.12003125109617865,-0.00013654713295496723,-0.1458707466066495,-0.007220654882858363,3359.548806091101,0.9951745838079699
Post-V1,log10 F1/F0,f1_f0_dg,762120172,745276236,AL,183,-0.13632776986387876,0.2812495402042373,0.020790564256516552,0.021512135208351855,-0.17809534644359343,-0.09338826251992138,-0.0003766588907261059,-0.17928167932797892,0.04295390946410016,2160.8915055235875,1.0347066555256736
Post-V1,log10 F1/F0,f1_f0_dg,762120172,745276236,AM,61,-0.24556578987327773,0.2901559269342851,0.0371506595787032,0.03660778162985102,-0.31766620987159294,-0.17545328775356275,0.00015731443091723807,-0.17928167932797892,-0.06628411054529881,746.196445026205,0.9853871248853038
Post-V1,log10 F1/F0,f1_f0_dg,762120172,745276236,LM,140,-0.15595147824678027,0.2598372049906663,0.021960251933462738,0.023221805698039198,-0.20107083897736577,-0.11183774893089155,0.00037387792655857455,-0.17928167932797892,0.023330201081198654,1854.419674063476,1.057447144431623
Post-V1,log10 F1/F0,f1_f0_dg,762602078,744915204,AM,119,-0.22587697727209455,0.3014030096718364,0.02762956859659519,0.027719415739441557,-0.2785955071416434,-0.1747485089513583,-0.0015341965037638239,-0.2061793200125067,-0.01969765725958786,1301.4630896865888,1.0032518474739212
Post-V1,log10 F1/F0,f1_f0_dg,762602078,744915204,LP,49,-0.19141573304689538,0.2071184274954013,0.02958834678505733,0.030074574560916948,-0.2504711361980213,-0.13560253301232011,-0.0011359364167630448,-0.2061793200125067,0.014763586965611308,1105.6075991524997,1.0164330835849595
Post-V1,log10 F1/F0,f1_f0_dg,762602078,744915204,RL,133,-0.2012452497185301,0.2976142708209519,0.025806430130149875,0.02606975574693301,-0.2499228275111978,-0.14874356946608297,0.0012900408675529385,-0.2061793200125067,0.004934070293976578,1471.3841573911252,1.0102038761446315
Post-V1,log10 F1/F0,f1_f0_dg,763673393,742602892,AM,174,-0.202009131033768,0.26773182323032557,0.020296697139472263,0.02034883905862099,-0.2399517230410786,-0.16265505329825922,0.00010966876180951157,-0.24631924917110629,0.04431011813733829,2415.0199692053375,1.0025689854260733
Post-V1,log10 F1/F0,f1_f0_dg,763673393,742602892,LM,89,-0.14712675891677462,0.22471111365085744,0.023819330408377713,0.023913303512393527,-0.19359554254668387,-0.09952335308563375,-0.0010400795944189023,-0.24631924917110629,0.09919249025433166,1748.722298618341,1.0039452454122204
Post-V1,log10 F1/F0,f1_f0_dg,763673393,742602892,LP,7,-0.46852090782349753,0.32285247965437086,0.12202676733228653,0.1148194695190801,-0.7089444088849917,-0.2655451929986771,-0.005240356384235145,-0.24631924917110629,-0.22220165865239125,75.85233037005153,0.9409367471517089
Post-V1,log10 F1/F0,f1_f0_dg,763673393,742602892,RL,136,-0.16762019891038496,0.2800380322593179,0.024013063159282633,0.023460165076002338,-0.21235345823792676,-0.12445663906776185,0.0005553949336689068,-0.24631924917110629,0.07869905026072133,1816.9286481589143,0.976975112270649
Post-V1,log10 F1/F0,f1_f0_dg,766640955,744912849,AL,171,-0.15617030689146974,0.3125231555090815,0.023899243024219877,0.023548224469945044,-0.20059845053843864,-0.10916605593669462,0.0002255238024291284,-0.18949580974866564,0.033325502857195904,1803.3651221723248,0.9853125660122748
Post-V1,log10 F1/F0,f1_f0_dg,766640955,744912849,AM,126,-0.2003126462072564,0.2885286338866067,0.025704173673276574,0.025975588664589773,-0.25085099745310036,-0.14808376088964922,0.00011223827738968128,-0.18949580974866564,-0.010816836458590745,1482.0716611416287,1.01055917979559
Post-V1,log10 F1/F0,f1_f0_dg,766640955,744912849,LM,98,-0.11318183796710642,0.28062418025465646,0.028347322974711948,0.027750193433819834,-0.1695630386420031,-0.06002813341273956,2.8251814799568065e-05,-0.18949580974866564,0.07631397178155923,1298.5777894256137,0.9789352405013764
Post-V1,log10 F1/F0,f1_f0_dg,766640955,744912849,LP,155,-0.2677893914888288,0.22352699272327298,0.017954120108678105,0.01803075876809455,-0.3043077518647604,-0.23051594775415077,-0.0007914445254753044,-0.18949580974866564,-0.07829358174016315,3075.8984548940034,1.0042685834199918
Post-V1,log10 F1/F0,f1_f0_dg,766640955,744912849,RL,80,-0.21002486618866692,0.29970156442676643,0.03350765355106412,0.03307105208593612,-0.27347280171153965,-0.1453740368202127,-3.94254058455612e-07,-0.18949580974866564,-0.020529056440001275,914.3321217542983,0.986970097310376
Post-V1,log10 F1/F0,f1_f0_dg,767871931,753795610,AL,115,-0.19765462780412246,0.2935791347924758,0.027376395479301492,0.027701788745945907,-0.24993596317991798,-0.14312322362118307,-0.0001854376808479441,-0.20079102536979881,0.003136397565676352,1303.1198910153116,1.0118859061226828
Post-V1,log10 F1/F0,f1_f0_dg,767871931,753795610,AM,82,-0.2351006361849372,0.2737794095967388,0.03023387800963835,0.031332809021183225,-0.29242732489209067,-0.17367813890186765,0.0008316076824374241,-0.20079102536979881,-0.03430961081513839,1018.5945233315064,1.036347669696707
Post-V1,log10 F1/F0,f1_f0_dg,767871931,753795610,LP,147,-0.13476503312119206,0.2378788935675807,0.019619920462253294,0.019570876540078667,-0.17148286464046167,-0.0956246928394788,-0.0008952412540469412,-0.20079102536979881,0.06602599224860675,2610.8351165821146,0.9975002996434679
Post-V1,log10 F1/F0,f1_f0_dg,767871931,753795610,PM,119,-0.2249427254933929,0.2512172391230701,0.02302904655316951,0.023264190176414658,-0.2721436325873121,-0.17990482148432377,-0.00033006137386296097,-0.20079102536979881,-0.024151700123594078,1847.668782542801,1.0102107407140042
Post-V1,log10 F1/F0,f1_f0_dg,767871931,753795610,RL,87,-0.21149210424534956,0.28008257120745667,0.03002800353811135,0.030767924991427748,-0.2769223053168501,-0.15284143010996462,-0.00018812972259063532,-0.20079102536979881,-0.010701078875550746,1056.3396555144195,1.0246410472270424
Post-V1,log10 F1/F0,f1_f0_dg,768515987,754477358,AL,110,-0.301427966984456,0.30950925635339965,0.029510549695819024,0.029332033762395387,-0.36030948385340344,-0.24249818696886827,-0.0003163760973041163,-0.20900031387530155,-0.09242765310915446,1162.2930677922925,0.993950775730588
Post-V1,log10 F1/F0,f1_f0_dg,768515987,754477358,AM,106,-0.2104420580620121,0.27718485892438066,0.026922573473274366,0.026912451348889845,-0.263195403441036,-0.15901093761860377,-9.681309066730814e-05,-0.20900031387530155,-0.0014417441867105585,1380.6814327022603,0.9996240283494975
Post-V1,log10 F1/F0,f1_f0_dg,768515987,754477358,LM,117,-0.2504477694287794,0.29513133999780244,0.027284902034832637,0.02689447000138833,-0.30317988686233305,-0.20126826742555826,-0.0017803260074303329,-0.20900031387530155,-0.04144745555347784,1382.5282667909019,0.9856905466273667
Post-V1,log10 F1/F0,f1_f0_dg,768515987,754477358,LP,55,-0.14337048387690837,0.24549219082929483,0.03310216025858211,0.032686255534888624,-0.20820812058713245,-0.07715799895685423,4.6841808012176855e-05,-0.20900031387530155,0.06562982999839317,935.9866550439574,0.9874357226101079
Post-V1,log10 F1/F0,f1_f0_dg,768515987,754477358,RL,110,-0.139313291024352,0.2596009925878812,0.024751983456356704,0.024834423246006664,-0.1872643662697803,-0.09543109786890025,4.518649276241682e-05,-0.20900031387530155,0.06968702285094955,1621.406251644319,1.0033306336760979
Post-V1,log10 F1/F0,f1_f0_dg,771160300,754488979,AL,203,-0.0534684245812141,0.24838994999458983,0.01743355680147684,0.017517184589819306,-0.08744283291652939,-0.01677154988043112,0.00041116001366585386,-0.15036383351177443,0.09689540893056034,3258.902647930591,1.0047969435781103
Post-V1,log10 F1/F0,f1_f0_dg,771160300,754488979,AM,164,-0.16270871391387712,0.31058324886261535,0.024252477177229885,0.02513263917147172,-0.21025697159966694,-0.11288623583697552,-0.0001789775147178485,-0.15036383351177443,-0.012344880402102687,1583.1563519226709,1.036291632718995
Post-V1,log10 F1/F0,f1_f0_dg,771160300,754488979,LP,74,-0.22618993945247923,0.2280259952284098,0.026507483517512042,0.026326157420646003,-0.27715328546171336,-0.17176559058923027,-0.00022486517001590878,-0.15036383351177443,-0.0758261059407048,1442.8628520964255,0.9931594375321879
Post-V1,log10 F1/F0,f1_f0_dg,771160300,754488979,PM,121,-0.15908825609952726,0.27014586107354943,0.02455871464304995,0.02465951007074759,-0.2060827157470329,-0.11475351539089054,-0.0002901383227049692,-0.15036383351177443,-0.008724422587752828,1644.4895278409626,1.0041042631571993
Post-V1,log10 F1/F0,f1_f0_dg,771990200,756578435,AL,66,-0.2109335105004768,0.28861274146632593,0.03552577266272275,0.03557631274751239,-0.28073707273424453,-0.141919163820772,0.0002585724831219438,-0.21370222919565732,0.0027687186951805276,790.0928495942654,1.0014226315432873
Post-V1,log10 F1/F0,f1_f0_dg,771990200,756578435,AM,109,-0.19229231175474276,0.30403894852436714,0.029121649662763944,0.02802497528203485,-0.24755224738452195,-0.1374208208516186,0.0009960030382511198,-0.21370222919565732,0.021409917440914555,1273.237800130702,0.9623416120505239
Post-V1,log10 F1/F0,f1_f0_dg,771990200,756578435,LP,70,-0.18860105765228555,0.24630463315045278,0.029439034415303367,0.029420764224838837,-0.24689732433667821,-0.12815411246585803,3.9327790209875424e-05,-0.21370222919565732,0.02510117154337177,1155.2928903763866,0.9993793889362407
Post-V1,log10 F1/F0,f1_f0_dg,771990200,756578435,PM,91,-0.2404356691799737,0.2828119089815843,0.029646743582977413,0.03048731555583829,-0.3035159956657397,-0.18351052945839563,-0.0005538054315452068,-0.21370222919565732,-0.026733439984316376,1075.8745347973058,1.028352927548627
Post-V1,log10 F1/F0,f1_f0_dg,771990200,756578435,RL,60,-0.23624859689080777,0.2690757153743768,0.03473752548379361,0.03420217656099496,-0.30287875481867665,-0.16912174418386167,0.00027790111048983657,-0.21370222919565732,-0.02254636769515045,854.85510745291,0.9845887432871864
Post-V1,log10 F1/F0,f1_f0_dg,773418906,757329624,AL,345,-0.12863095168114533,0.2776390478110804,0.014947583864614741,0.014830375478401903,-0.15807330135756303,-0.10115555757718098,-0.0007240884900024391,-0.19257145524305738,0.06394050356191205,4546.693791686458,0.9921587069004306
Post-V1,log10 F1/F0,f1_f0_dg,773418906,757329624,AM,38,-0.3012284412702779,0.269220409160848,0.04367331737147813,0.04395484081811005,-0.38615591294826185,-0.21329486153829288,-0.0005530564362419277,-0.19257145524305738,-0.10865698602722054,517.5908339713046,1.0064461200471062
Post-V1,log10 F1/F0,f1_f0_dg,773418906,757329624,RL,93,-0.1478549727777488,0.23330004799132203,0.024192088014529094,0.023918882486774318,-0.19648541518664142,-0.10476361872021228,-0.0017436652875386371,-0.19257145524305738,0.04471648246530857,1747.9066301499302,0.9887068231733162
Post-V1,log10 F1/F0,f1_f0_dg,774875821,759711152,AL,158,-0.2266397783335234,0.322387153582183,0.02564774483569855,0.02628775456120304,-0.28068516979562835,-0.1740202772041825,-0.0010330771049761045,-0.17974941128740246,-0.04689036704612093,1447.0815869056228,1.024953840175986
Post-V1,log10 F1/F0,f1_f0_dg,774875821,759711152,AM,114,-0.14292752254052946,0.265372317686571,0.024854394753179222,0.024638908482690576,-0.19241694410898216,-0.09471702347062154,-0.00029576034665440565,-0.17974941128740246,0.036821888746873005,1647.2407259860993,0.9913300535929935
Post-V1,log10 F1/F0,f1_f0_dg,774875821,759711152,LM,122,-0.16638508901194515,0.31181760044406875,0.02823063908539172,0.028329149470827472,-0.22099095094147655,-0.11096725985755121,0.002244891195073845,-0.17974941128740246,0.013364322275457308,1246.0427089404193,1.0034894847806235
Post-V1,log10 F1/F0,f1_f0_dg,774875821,759711152,RL,109,-0.1830452552636119,0.26591991981178226,0.025470508895962585,0.025675350348304357,-0.23509741634546635,-0.13420203538986508,-0.0008086213779858187,-0.17974941128740246,-0.0032958439762094394,1516.9359477953997,1.0080422991616882
Post-V1,log10 F1/F0,f1_f0_dg,778240327,760938797,AL,146,-0.25469929391475704,0.32015695520954035,0.026496378140842016,0.026370595317313512,-0.30727173053285484,-0.20599579205876864,0.00025396820167700174,-0.2341737340496479,-0.02052555986510915,1438.004124704702,0.9952528295429699
Post-V1,log10 F1/F0,f1_f0_dg,778240327,760938797,AM,138,-0.2639451190564471,0.3359093666326305,0.02859450420890616,0.028312460678567707,-0.31779662958093075,-0.21035859017908548,-0.001369204921720768,-0.2341737340496479,-0.029771385006799184,1247.5121027135713,0.9901364427136804
Post-V1,log10 F1/F0,f1_f0_dg,778240327,760938797,LM,144,-0.22412291332130488,0.33123255253781364,0.02760271271148447,0.027376973813082288,-0.27974907292169854,-0.1698369140803304,-0.0005396506983742777,-0.2341737340496479,0.010050820728343013,1334.2251380218847,0.9918218582078615
Post-V1,log10 F1/F0,f1_f0_dg,778240327,760938797,LP,120,-0.18289537595054733,0.2629264976554633,0.0240017956219544,0.023723689752161808,-0.22839667198761404,-0.13676947422879548,0.0003652471438286009,-0.2341737340496479,0.05127835809910056,1776.7876554911343,0.9884131223274725
Post-V1,log10 F1/F0,f1_f0_dg,778240327,760938797,PM,134,-0.2065461253759042,0.29006885799787635,0.025058132766880854,0.025046466473243444,-0.2562518191974108,-0.1574537493070618,-0.0009755302602660887,-0.2341737340496479,0.027627608673743698,1594.0688325685205,0.9995344308474241
Post-V1,log10 F1/F0,f1_f0_dg,778240327,760938797,RL,40,-0.2728335766789267,0.28477903818939887,0.04502751952752869,0.04427638893523083,-0.36174790665417045,-0.19112020419291278,-0.001721229659050083,-0.2341737340496479,-0.03865984262927882,510.1003394181805,0.9833184106035724
Post-V1,log10 F1/F0,f1_f0_dg,778998620,759674770,AL,130,-0.05806155560609777,0.2143411132319381,0.018798959222726733,0.01845184033363599,-0.09449611589290874,-0.023029368477945032,0.0003684046392634713,-0.09193671405733518,0.03387515845123741,2937.1127876069886,0.9815352070836402
Post-V1,log10 F1/F0,f1_f0_dg,778998620,759674770,AM,113,-0.15315894553655443,0.2696660415388288,0.025368047276997423,0.02552610407633634,-0.20570912448567005,-0.10402579013525125,-0.0004730543811061194,-0.09193671405733518,-0.06122223147921925,1534.7262760436677,1.0062305465459391
Post-V1,log10 F1/F0,f1_f0_dg,778998620,759674770,LM,136,-0.06604237021718073,0.2227508184475301,0.019100725101543634,0.018646185927517423,-0.10097375651206858,-0.029471862669255788,-1.532938232413905e-05,-0.09193671405733518,0.025894343840154446,2876.2059421702183,0.976203040899768
Post-V1,log10 F1/F0,f1_f0_dg,778998620,759674770,LP,126,-0.09864760234550794,0.16065547699074098,0.014312327433526117,0.013941112943433894,-0.12498006376080263,-0.07152211533582403,0.0003514477922174353,-0.09193671405733518,-0.006710888288172762,5145.233738333617,0.9740633036928245
Post-V1,log10 F1/F0,f1_f0_dg,778998620,759674770,PM,129,-0.07771776120892536,0.2521117121541063,0.02219719854613877,0.021993532631019296,-0.12141667750042162,-0.03540486756833635,0.0009127116329197688,-0.09193671405733518,0.014218952848409822,2067.3309958546943,0.9908247018336058
Post-V1,log10 F1/F0,f1_f0_dg,778998620,759674770,RL,113,-0.09799204942974486,0.298397447394509,0.02807087058364113,0.028688098160711654,-0.15511787287998619,-0.04101424645749074,-0.0008040958260627368,-0.09193671405733518,-0.0060553353724096814,1215.0565293683044,1.0219881879057298
Post-V1,log10 F1/F0,f1_f0_dg,779839471,760960653,AM,147,-0.1252249096193623,0.2977675429952618,0.024559453014892554,0.02435849018195281,-0.17272716365795024,-0.07544362993686021,0.00014769196942718277,-0.11274996456538237,-0.012474945053979933,1685.3855588350038,0.9918172919886333
Post-V1,log10 F1/F0,f1_f0_dg,779839471,760960653,LP,23,-0.16616600179398022,0.17114494355160528,0.03568618762349411,0.034204516376397306,-0.22950988542547446,-0.09519297068550488,-5.281842655871505e-05,-0.11274996456538237,-0.05341603722859785,854.7381559537797,0.9584805397895363
Post-V1,log10 F1/F0,f1_f0_dg,779839471,760960653,PM,170,-0.049977811768947916,0.27638639123824693,0.0211978685473607,0.020983469522364188,-0.09217501078101352,-0.010090621120854886,-0.0004103397716412119,-0.11274996456538237,0.06277215279643446,2271.147827767325,0.9898858215618472
Post-V1,log10 F1/F0,f1_f0_dg,779839471,760960653,RL,62,-0.10963113507923904,0.30074289533937465,0.03819438590250558,0.03797678376798251,-0.1841473724941523,-0.035951337515300066,0.00045702422614285476,-0.11274996456538237,0.0031188294861433374,693.3677476825601,0.9943027717456037
Post-V1,log10 F1/F0,f1_f0_dg,781842082,760946813,AL,328,-0.10940346353703528,0.26500891244192765,0.014632669312198728,0.014640403079708944,-0.13821616912068066,-0.08174857878968259,0.00011807858087872769,-0.11535117539301798,0.005947711855982696,4665.454219762774,1.0005285274576505
Post-V1,log10 F1/F0,f1_f0_dg,781842082,760946813,AM,113,-0.1489663240759538,0.2717934542139624,0.025568177426913617,0.02502287090020492,-0.1979506246733852,-0.10264509368926228,-0.0010220347667697083,-0.11535117539301798,-0.03361514868293583,1597.0765371188386,0.9786724521813317
Post-V1,log10 F1/F0,f1_f0_dg,781842082,760946813,LP,7,-0.14214802988022393,0.10464833654709496,0.039553353374315,0.03676389879967988,-0.21228827543473258,-0.07081713725903215,-8.157646303411092e-05,-0.11535117539301798,-0.02679685448720595,739.8724839648988,0.929476154695735
Post-V1,log10 F1/F0,f1_f0_dg,781842082,760946813,RL,104,-0.060886884078858866,0.25581176643534587,0.02508440747808593,0.026327571176150952,-0.11225980633783524,-0.008444558695001794,0.0001701560207387834,-0.11535117539301798,0.05446429131415911,1442.7078966303377,1.0495592211676144
Post-V1,log10 F1/F0,f1_f0_dg,786091066,763884103,AL,307,-0.22360918729374374,0.32401807781688713,0.018492688470851622,0.018320906113123384,-0.2563263298644521,-0.18686063085519589,0.0005390693928796764,-0.2096391025367601,-0.013970084756983636,2979.244194344088,0.9907107958910895
Post-V1,log10 F1/F0,f1_f0_dg,786091066,763884103,AM,147,-0.18422835330326057,0.3259157806470185,0.026881080527100448,0.027540771544162033,-0.23784726107817686,-0.13251440199950434,0.0005039109115045348,-0.2096391025367601,0.025410749233499536,1318.4018222799677,1.0245410900204146
Post-V1,log10 F1/F0,f1_f0_dg,786091066,763884103,PM,137,-0.17739246474439163,0.3453517056423781,0.029505387432111046,0.02957507989870754,-0.23721420834367812,-0.12225810275817883,0.001541273672100607,-0.2096391025367601,0.03224663779236847,1143.2682607976199,1.0023620251303884
Post-V1,log10 F1/F0,f1_f0_dg,786091066,763884103,RL,102,-0.25332640480564445,0.3411236538289523,0.03377627476899628,0.035088569822606615,-0.3157816052951828,-0.18344642904598743,-0.0008162614826293657,-0.2096391025367601,-0.04368730226888434,812.2106236422302,1.0388525692245645
Post-V1,log10 F1/F0,f1_f0_dg,787025148,763236014,AL,130,-0.13173557870627156,0.25203031789710584,0.022104521142015658,0.02133793835629504,-0.1729645371921358,-0.0897599648377256,0.0008857862139645956,-0.16459167762002874,0.03285609891375718,2196.31732656223,0.9653200908178228
Post-V1,log10 F1/F0,f1_f0_dg,787025148,763236014,AM,127,-0.13996955510321274,0.285838052497904,0.025364025652284,0.025241934605964408,-0.19157839897931989,-0.09061754847219204,0.0012044906643203512,-0.16459167762002874,0.024622122516816003,1569.4761679250503,0.9951864483976897
Post-V1,log10 F1/F0,f1_f0_dg,787025148,763236014,LP,79,-0.1794791632545046,0.2393864835032405,0.02693308362347231,0.026821518858820056,-0.23661265638454304,-0.13036594857448547,0.00011506631973681736,-0.16459167762002874,-0.014887485634475867,1390.0590987619262,0.9958577054817807
Post-V1,log10 F1/F0,f1_f0_dg,787025148,763236014,RL,35,-0.207182413416126,0.2413832426115307,0.040801214902660185,0.04151379899718341,-0.2845298515483521,-0.12524148151525455,0.00037262160547985035,-0.16459167762002874,-0.04259073579609726,580.2498589758703,1.0174647763852924
Post-V1,log10 F1/F0,f1_f0_dg,789848216,763808604,AL,25,-0.31603653609222193,0.32875071897181407,0.06575014379436281,0.06761937106220252,-0.44760178942646434,-0.18200996030394637,0.0029622049281686214,-0.24106423149263484,-0.07497230459958709,218.70451356233414,1.0284292498840126
Post-V1,log10 F1/F0,f1_f0_dg,789848216,763808604,AM,92,-0.18532225701195457,0.32522134745423353,0.033906669351635915,0.034108718775393565,-0.25552495285815846,-0.12067984911699493,0.0006191249173237989,-0.24106423149263484,0.05574197448068027,859.5461261325224,1.0059589876452404
Post-V1,log10 F1/F0,f1_f0_dg,789848216,763808604,LM,90,-0.14377021332253737,0.2809200616277837,0.029611574505955494,0.029370169313425867,-0.20381597115562217,-0.08701157292042454,-0.0016051953044558809,-0.24106423149263484,0.09729401817009747,1159.2766800049799,0.9918476070064739
Post-V1,log10 F1/F0,f1_f0_dg,789848216,763808604,LP,53,-0.2701386812480008,0.2560658820526501,0.0351733539667705,0.034473968438086776,-0.3371143691216992,-0.19863889380285155,0.0015705193892384672,-0.24106423149263484,-0.02907444975536594,841.4289315318464,0.9801160409853306
Post-V1,log10 F1/F0,f1_f0_dg,789848216,763808604,RL,54,-0.2900534697884594,0.29635866375525594,0.04032930594741268,0.03970067037395177,-0.3689702207029114,-0.21185768577044714,0.00013116123449946615,-0.24106423149263484,-0.04898923829582458,634.4601062552875,0.9844124375886703
Post-V1,log10 F1/F0,f1_f0_dg,791319847,769360779,AL,96,-0.1282584212209622,0.2891032519306272,0.029506477092055516,0.028868675132833636,-0.18523342655457878,-0.07235383278151086,-0.0003091385717880757,-0.1879157942750528,0.05965737305409061,1199.9034261205952,0.9783843405896259
Post-V1,log10 F1/F0,f1_f0_dg,791319847,769360779,AM,116,-0.20949935086474863,0.298377856866402,0.02770368851767525,0.02703335881977215,-0.2625664971821469,-0.1590340756926307,-0.0001916354593495262,-0.1879157942750528,-0.021583556589695824,1368.3587767481067,0.9758035938977793
Post-V1,log10 F1/F0,f1_f0_dg,791319847,769360779,LM,123,-0.17582546519417613,0.236227134012675,0.021299883362374324,0.02092514462459066,-0.2191894999088625,-0.1376847700801602,-0.001061533292407546,-0.1879157942750528,0.012090329080876677,2283.826265802605,0.9824065356880954
Post-V1,log10 F1/F0,f1_f0_dg,791319847,769360779,LP,40,-0.2826425495684252,0.2918988864053504,0.04615326637538335,0.04535726424618574,-0.37063762961513913,-0.19198401726505443,0.0012795557502736088,-0.1879157942750528,-0.0947267552933724,486.0783703813476,0.9827530705470898
Post-V1,log10 F1/F0,f1_f0_dg,791319847,769360779,PM,81,-0.08935094820063169,0.26868876371105227,0.02985430707900581,0.02849413073446009,-0.1474958201619628,-0.03729506030568905,-0.0004556608529184131,-0.1879157942750528,0.09856484607442112,1231.6552853816413,0.9544395272365164
Post-V1,log10 F1/F0,f1_f0_dg,791319847,769360779,RL,124,-0.24191803060137315,0.2982611973803775,0.026784646219185113,0.026295419301151972,-0.29308634207518036,-0.18954943951889522,7.371600397138023e-05,-0.1879157942750528,-0.05400223632632034,1446.23810253948,0.9817348000780118
Post-V1,log10 F1/F0,f1_f0_dg,793224716,769319624,AL,314,-0.08119285604500119,0.2728696340049821,0.015398924311221099,0.01566776747224887,-0.11200223718356898,-0.050666652233709586,-0.00029792786677788896,-0.12996125232493916,0.04876839627993797,4073.6692521223426,1.0174585675982488
Post-V1,log10 F1/F0,f1_f0_dg,793224716,769319624,LP,161,-0.08284287211313905,0.203563020320457,0.016043013464001367,0.015506151605961298,-0.11288307228068116,-0.055586971092490854,-0.0003683824050022544,-0.12996125232493916,0.04711838021180011,4159.028997619715,0.9665360962736381
Post-V1,log10 F1/F0,f1_f0_dg,793224716,769319624,RL,66,-0.2258480288166772,0.32009511940054614,0.03940098550222076,0.039216721105757864,-0.3002988812017968,-0.14756914432028223,0.0016181088479597094,-0.12996125232493916,-0.09588677649173805,650.2156835083599,0.9953233556441753
Post-V1,log10 F1/F0,f1_f0_dg,794812542,774672366,AL,93,-0.11392601045715146,0.27121486391054145,0.02812367127681176,0.028566711105455708,-0.16960214191528575,-0.06045824315142833,-0.0009042901004429477,-0.06500422486236303,-0.048921785594788436,1225.4046229161443,1.0157532714802153
Post-V1,log10 F1/F0,f1_f0_dg,794812542,774672366,AM,187,-0.09862570101297524,0.26678172577401554,0.019509011931958375,0.01982364673434278,-0.1365485057603382,-0.05838518200098871,0.0001483855514391036,-0.06500422486236303,-0.033621476150612215,2544.678382518808,1.0161276646650153
Post-V1,log10 F1/F0,f1_f0_dg,794812542,774672366,LM,201,-0.021914182989743996,0.2232800815611443,0.015748962663770336,0.01644419402026226,-0.053599543971256554,0.009839041391270174,-0.00015722179867428202,-0.06500422486236303,0.04309004187261903,3698.0673426296635,1.0441445809057168
Post-V1,log10 F1/F0,f1_f0_dg,794812542,774672366,LP,38,-0.07301118381116223,0.2883669111645457,0.04677929013620096,0.04712192637105255,-0.16858088844225658,0.014792183418343615,-0.00023096232857486299,-0.06500422486236303,-0.0080069589487992,450.35389925673104,1.0073245283084455
Post-V1,log10 F1/F0,f1_f0_dg,794812542,774672366,PM,143,-0.03759720945030498,0.24609299370561602,0.020579329970504667,0.020692366687124597,-0.07905959255833976,0.001643537267995164,-0.0008029242807698067,-0.06500422486236303,0.027407015412058047,2335.4989061650313,1.0054927306565344
Post-V1,log10 F1/F0,f1_f0_dg,794812542,774672366,RL,161,-0.04495106145284021,0.2578768080638044,0.02032353959628075,0.019938116626758557,-0.08378412605653165,-0.005329573441579941,-0.00033178596356953083,-0.06500422486236303,0.020053163409522817,2515.5429447901756,0.9810356376311179
Post-V1,log10 F1/F0,f1_f0_dg,797828357,776061251,AL,121,-0.15504986850766464,0.23109435801801456,0.021008578001637686,0.02026462116675462,-0.19448245463222325,-0.11410766932404576,-0.0006571753894457633,-0.18205680913964817,0.027006940631983528,2435.13487977568,0.9645879490356238
Post-V1,log10 F1/F0,f1_f0_dg,797828357,776061251,AM,143,-0.21051935176749692,0.26171316960293,0.021885554699408085,0.02062757281202458,-0.24971993207234058,-0.17005258810688967,-0.00018762835854263527,-0.18205680913964817,-0.028462542627848753,2350.1941583029793,0.9425199907125256
Post-V1,log10 F1/F0,f1_f0_dg,797828357,776061251,LM,135,-0.17282215131823525,0.24381310306607734,0.020984090839157112,0.0197913028030159,-0.2108856591638595,-0.13326499662059435,-7.389314048206197e-05,-0.18205680913964817,0.009234657821412917,2553.0024587108414,0.9431575070235865
Post-V1,log10 F1/F0,f1_f0_dg,797828357,776061251,LP,142,-0.0762891612923882,0.26514837484520676,0.02225075733527603,0.021729522606385353,-0.1191218820728373,-0.034953123213950936,-0.0006248256755118364,-0.18205680913964817,0.10576764784725996,2117.8716158476436,0.97657451739567
Post-V1,log10 F1/F0,f1_f0_dg,797828357,776061251,PM,140,-0.16051709515716284,0.22923169548802702,0.019373614276033773,0.019597881353808157,-0.20022307630039898,-0.11929031092684997,-9.459821135357482e-05,-0.18205680913964817,0.02153971398248533,2603.644896514576,1.0115759029047984
Post-V1,log10 F1/F0,f1_f0_dg,797828357,776061251,RL,29,-0.3171432267949412,0.27605056065315026,0.05126130221445151,0.04915005628206713,-0.4203346155642944,-0.2274911140205182,-0.000693630520825439,-0.18205680913964817,-0.13508641765529306,413.9538832740807,0.958814040198355
Post-V1,log10 F1/F0,f1_f0_dg,798911424,775876828,AL,175,-0.15393969233211757,0.3099608014124855,0.023430834191877564,0.024068957862903636,-0.19827870634678765,-0.10606313335993332,-0.0001535123283234463,-0.17694466365865563,0.02300497132653806,1726.1774018782216,1.0272343556273076
Post-V1,log10 F1/F0,f1_f0_dg,798911424,775876828,AM,261,-0.1486967731156758,0.31034701332193715,0.019209997863685047,0.01893138977722791,-0.1875731404496368,-0.11309563769525217,0.0006550151864657683,-0.17694466365865563,0.028247890542979825,2790.1978871859073,0.9854967143445745
Post-V1,log10 F1/F0,f1_f0_dg,798911424,775876828,LM,145,-0.18794359889316767,0.2808871227494842,0.023326405893467274,0.024084533767282867,-0.23615300711953982,-0.14174626086072226,-0.0005309816963041669,-0.17694466365865563,-0.010998935234512036,1723.9454234367079,1.0325008437767051
Post-V1,log10 F1/F0,f1_f0_dg,798911424,775876828,LP,123,-0.25618149871751333,0.2250954320258194,0.02029617159600284,0.020333572263834424,-0.2976907605989904,-0.21506533872333305,-0.00020541697063986009,-0.17694466365865563,-0.0792368350588577,2418.647807439181,1.0018427449558494
Post-V1,log10 F1/F0,f1_f0_dg,798911424,775876828,RL,102,-0.13796175523480364,0.3078902913730058,0.030485681550935402,0.030838864811434722,-0.19362371450517057,-0.07652366944568889,0.0018137620082214478,-0.17694466365865563,0.03898290842385199,1051.4853681866568,1.0115852177983695
Post-V1,log10 F1/F0,f1_f0_dg,799864342,772616823,AL,119,-0.23134723012873043,0.2969744200498746,0.02722360045155448,0.02745930762418958,-0.28406915219314427,-0.17681565960160814,0.0014487520611253246,-0.2478097896466041,0.016462559517873676,1326.2360690719888,1.008658192477316
Post-V1,log10 F1/F0,f1_f0_dg,799864342,772616823,AM,77,-0.29769811365601945,0.27382193873722754,0.031204905985790114,0.029999163349994726,-0.3510431658990687,-0.23493485876793166,0.000920315336694677,-0.2478097896466041,-0.04988832400941534,1111.1730877782027,0.9613604784983345
Post-V1,log10 F1/F0,f1_f0_dg,799864342,772616823,LM,88,-0.18896090811278154,0.3035346265637521,0.03235689991106232,0.03219558513716165,-0.2522884530524035,-0.12395663712016233,0.0013548533808580288,-0.2478097896466041,0.05884888153382256,964.7334897273182,0.9950145170166467
Post-V1,log10 F1/F0,f1_f0_dg,799864342,772616823,LP,115,-0.24978195889448265,0.3138379858758344,0.029265543083767127,0.028160555894674328,-0.3067663801886622,-0.19625518933965033,-0.0007922183793653004,-0.2478097896466041,-0.001972169247878547,1261.0071608024073,0.9622427239457002
Post-V1,log10 F1/F0,f1_f0_dg,799864342,772616823,RL,74,-0.2712607374410063,0.35163804774388313,0.040877092742712805,0.039656486741961955,-0.34786376601768226,-0.19405565781040188,0.00045481038834671583,-0.2478097896466041,-0.02345094779440221,635.8746727296718,0.9701396083025389
Post-V1,log10 F1/F0,f1_f0_dg,816200189,791857608,AM,110,-0.20299543150175361,0.257733891342189,0.024573962337546565,0.02404564093818814,-0.2500853998889764,-0.1529963511349429,-0.00048392682057168956,-0.1409998489648354,-0.061995582536918226,1729.5267543298196,0.9785007646670312
Post-V1,log10 F1/F0,f1_f0_dg,816200189,791857608,LM,124,-0.12610672057459296,0.2716666740837538,0.024396387524711013,0.023919555732859723,-0.17326632426361388,-0.08263999067951552,-0.0011309153079556988,-0.1409998489648354,0.014893128390242427,1747.8082374583028,0.980454819740492
Post-V1,log10 F1/F0,f1_f0_dg,816200189,791857608,LP,101,-0.09803328354283439,0.21451749491171038,0.021345288538783393,0.022199716200674652,-0.13964068697005402,-0.05238501618779967,0.0007181538468918197,-0.1409998489648354,0.042966565422001,2029.1079620101239,1.0400288644652802
Post-V1,log10 F1/F0,f1_f0_dg,816200189,791857608,PM,152,-0.13686396024016062,0.28504149637627924,0.02311991831169956,0.02353279382622257,-0.18365884682941858,-0.09501045979413034,-0.0018395343734333158,-0.1409998489648354,0.004135888724674769,1805.730859800408,1.0178580005758098
Post-V1,log10 F1/F0,f1_f0_dg,819186360,800249587,AM,141,-0.12216133177363885,0.2704056266398007,0.022772261794190406,0.02231018706247118,-0.163468193600789,-0.07723015480369612,0.0005318659850289259,-0.1405975924565992,0.01843626068296035,2009.0630975482084,0.9797088784638376
Post-V1,log10 F1/F0,f1_f0_dg,819186360,800249587,LM,149,-0.20514228884537059,0.3221306934988606,0.026389974669320197,0.02638276529805921,-0.2575664229921844,-0.15262759483620703,-0.0007474235464109968,-0.1405975924565992,-0.06454469638877139,1436.677770476484,0.9997268140136047
Post-V1,log10 F1/F0,f1_f0_dg,819186360,800249587,LP,135,-0.1334670374485239,0.2237472061543334,0.019257093404359354,0.019293751351684405,-0.17133185614814747,-0.09413369420467095,0.0008687086204455241,-0.1405975924565992,0.007130555008075301,2686.375051486921,1.0019036074944079
Post-V1,log10 F1/F0,f1_f0_dg,819186360,800249587,PM,73,-0.07827793272802537,0.26226994737958137,0.030696375516375003,0.03098701243663852,-0.14128542727625276,-0.021566573882513092,-0.0009557341979876954,-0.1405975924565992,0.062319659728573826,1041.4551864458278,1.0094681184789545
Post-V1,log10 F1/F0,f1_f0_dg,819186360,800249587,RL,242,-0.1639393714874372,0.29861217236531107,0.019195517456759785,0.01803361956342001,-0.19845333403824653,-0.12913950315432943,0.00033302195713486027,-0.1405975924565992,-0.023341779030838006,3074.922631052653,0.9394703531198317
Post-V1,log10 F1/F0,f1_f0_dg,819701982,795770036,AM,154,-0.2940534593610218,0.34104317092881287,0.02748204188584704,0.028764786492958477,-0.34992523639353806,-0.23663176291913077,0.0002036842594236865,-0.2721585580532536,-0.021894901307768166,1208.5863651109544,1.0466757387402148
Post-V1,log10 F1/F0,f1_f0_dg,819701982,795770036,LM,134,-0.16916751120997295,0.3183607767771663,0.027502182300134948,0.027475039505083065,-0.22546684588213564,-0.11426046764356307,-0.0013791061929375181,-0.2721585580532536,0.10299104684328067,1324.7177298842694,0.9990130675902127
Post-V1,log10 F1/F0,f1_f0_dg,819701982,795770036,LP,88,-0.34414725089814807,0.19785524777582353,0.021091440280261185,0.020998592334624453,-0.3836675207471456,-0.30037009306226825,-0.0005928264569507458,-0.2721585580532536,-0.07198869284489445,2267.8777252835484,0.9955978375870507
Post-V1,log10 F1/F0,f1_f0_dg,819701982,795770036,RL,226,-0.2812660107438718,0.33386247769345867,0.022208201667184416,0.021508501463233364,-0.3261113876803869,-0.2404946665540612,-0.0005879929189707145,-0.2721585580532536,-0.00910745269061819,2161.6217090908226,0.9684936126555014
Post-V1,log10 F1/F0,f1_f0_dg,821695405,800250057,AL,87,-0.14490210155844882,0.3046661764853011,0.03266364267509951,0.03249377897618944,-0.20846885611641677,-0.08281891295764676,0.00048177759893772154,-0.1742623431520752,0.02936024159362638,947.1081109424345,0.9947996094434514
Post-V1,log10 F1/F0,f1_f0_dg,821695405,800250057,AM,122,-0.21113426835451857,0.3297397844924024,0.02985323738891893,0.028457235941794317,-0.2659708143017419,-0.15691586481085473,0.0003005998061429982,-0.1742623431520752,-0.03687192520244337,1234.8510366508185,0.9532378539406655
Post-V1,log10 F1/F0,f1_f0_dg,821695405,800250057,LM,145,-0.16928618157288625,0.28440291173628385,0.023618376276940547,0.023699937808573036,-0.21637879678716815,-0.12037632853576223,0.0001941520621107362,-0.1742623431520752,0.0049761615791889535,1780.3508131573335,1.003453308164631
Post-V1,log10 F1/F0,f1_f0_dg,821695405,800250057,LP,90,-0.23205089636776582,0.22148635455421775,0.02334671170129786,0.02360587288532372,-0.27732301973397827,-0.18317949533620756,0.00037478475238886255,-0.1742623431520752,-0.057788553215690625,1794.5678030251158,1.0111005432945597
Post-V1,log10 F1/F0,f1_f0_dg,821695405,800250057,PM,138,-0.11393826790675661,0.3015081586792269,0.0256660789152737,0.02508284342003915,-0.16343341556507499,-0.06497064859782353,0.0006293352401669366,-0.1742623431520752,0.06032407524531859,1589.4485184024597,0.9772760187810585
Post-V1,log10 F1/F0,f1_f0_dg,829720705,811322619,AL,140,-0.12660855859485962,0.2868750270974331,0.024245364972675407,0.02360096246238323,-0.17141937805680582,-0.08042186245980891,0.00031492617431086445,-0.14816707699105675,0.02155851839619713,1795.3146372819763,0.9734216205440329
Post-V1,log10 F1/F0,f1_f0_dg,829720705,811322619,AM,142,-0.1561035527768786,0.27706663357407474,0.023250915390138308,0.02249231963757108,-0.2005644631056761,-0.1132240678333585,-0.001790869438943049,-0.14816707699105675,-0.00793647578582185,1976.657873777891,0.967373510253752
Post-V1,log10 F1/F0,f1_f0_dg,829720705,811322619,LM,148,-0.15424201938555823,0.3000200729349317,0.024661498080891103,0.023901834710199688,-0.19811202864955144,-0.10504768622226124,0.000986329812964315,-0.14816707699105675,-0.006074942394501487,1750.400877861062,0.9691963818175329
Post-V1,log10 F1/F0,f1_f0_dg,829720705,811322619,RL,166,-0.15571417720693054,0.3035543707905476,0.02356038844695386,0.023241667194101142,-0.2017932118414341,-0.11150037291806356,-0.0009450103847393199,-0.14816707699105675,-0.007547100215873792,1851.2515870854597,0.9864721562817048
Post-V1,log10 F1/F0,f1_f0_dg,831882777,803390291,AL,110,-0.2569190668455169,0.33461960793540735,0.031904727779443844,0.03270227591727029,-0.3186118733240862,-0.19208127315244497,-0.001147862610819561,-0.22644061725258532,-0.030478449592931584,935.0698264250591,1.0249978041919012
Post-V1,log10 F1/F0,f1_f0_dg,831882777,803390291,AM,118,-0.2725966788024862,0.3068995998364948,0.028252398185262952,0.02733618998168312,-0.32262051107587164,-0.21808380440771175,0.00114642395282466,-0.22644061725258532,-0.0461560615499009,1338.2092634474777,0.9675706041812144
Post-V1,log10 F1/F0,f1_f0_dg,831882777,803390291,LM,143,-0.24136572446927781,0.30839535390471473,0.025789315062612676,0.026238963388105194,-0.29272553059975565,-0.189395614098648,-5.349656147632387e-05,-0.22644061725258532,-0.01492510721669249,1452.4682671435019,1.0174354504724472
Post-V1,log10 F1/F0,f1_f0_dg,831882777,803390291,PM,158,-0.22326038062095147,0.34024136585214654,0.027068149698157466,0.028418416212884736,-0.2793440467156022,-0.16633230667874072,-0.0002725183522573338,-0.22644061725258532,0.0031802366316338593,1238.226968860296,1.049883960661677
Post-V1,log10 F1/F0,f1_f0_dg,831882777,803390291,RL,178,-0.13806123552469418,0.2668924381920928,0.020004433997834286,0.020669467749835784,-0.17782782010361195,-0.09812983380359813,0.0005970415732798884,-0.22644061725258532,0.08837938172789114,2340.676598028061,1.0332443173385208
Post-V1,log10 F1/F0,f1_f0_dg,835479236,813701562,AL,130,-0.08480504755950621,0.2542632489144122,0.022300362147544453,0.021943729799656593,-0.12590445259398203,-0.0433056879771165,-0.0007521770128506577,-0.10303734964318115,0.018232302083674934,2076.7255494840915,0.9840077777424288
Post-V1,log10 F1/F0,f1_f0_dg,835479236,813701562,LM,152,-0.151823726771662,0.2664060867421996,0.02160838699460241,0.02137590972221283,-0.19188446446937807,-0.10814576613407945,0.0015293071985674478,-0.10303734964318115,-0.04878637712848086,2188.521345183501,0.9892413407605273
Post-V1,log10 F1/F0,f1_f0_dg,835479236,813701562,LP,25,-0.13264294408394825,0.2993444725575462,0.059868894511509244,0.05677771652734891,-0.24675139226897475,-0.021474626458162553,-0.0007738798295482407,-0.10303734964318115,-0.029605594440767102,310.20168719398447,0.9483675452940579
Post-V1,log10 F1/F0,f1_f0_dg,835479236,813701562,RL,190,-0.04287768015760815,0.29986401408979146,0.02175442204847976,0.021953654944920135,-0.08488522934113872,0.0009045821458838409,0.0010899526750843755,-0.10303734964318115,0.060159669485573,2074.848218028097,1.0091582711779878
Post-V1,log10 F1/F0,f1_f0_dg,839068429,817060751,AM,116,-0.21681413904658486,0.3288592859084586,0.030533818154717503,0.03037630601818002,-0.274103530912217,-0.15489211532156563,0.0005294686757350564,-0.18174632629788096,-0.03506781274870391,1083.7524226501398,0.9948413874825822
Post-V1,log10 F1/F0,f1_f0_dg,839068429,817060751,LM,117,-0.2321110890613041,0.3285028493329834,0.03037009916425879,0.031175318928825607,-0.2953467160452578,-0.17027782791346954,0.0002444379792365947,-0.18174632629788096,-0.05036476276342314,1028.9118993022544,1.0265135704763995
Post-V1,log10 F1/F0,f1_f0_dg,839068429,817060751,LP,113,-0.159817065118138,0.23446034021994241,0.022056173485321788,0.022086983167002996,-0.20373607519465445,-0.11723352991395625,-0.0006897745341116479,-0.18174632629788096,0.021929261179742948,2049.8741539006196,1.0013968733833958
Post-V1,log10 F1/F0,f1_f0_dg,839068429,817060751,PM,145,-0.15026545482985684,0.2793758449368898,0.023200901102328062,0.023053537352115416,-0.19472032002488662,-0.10634024015559389,-0.0002374997150516034,-0.18174632629788096,0.03148087146802411,1881.5893808882581,0.9936483609165568
Post-V1,log10 F1/F0,f1_f0_dg,839068429,817060751,RL,128,-0.1497238834335209,0.2945135447417373,0.026031565579771262,0.025541519049971068,-0.20106022675589802,-0.09999925410437527,0.00015740357769114532,-0.18174632629788096,0.03202244286436007,1532.8743402996738,0.9811749113475909
Post-V1,log10 F1/F0,f1_f0_dg,839557629,821469666,AL,102,-0.1974541168104237,0.3000039612937546,0.029704818515828044,0.029555422884038948,-0.2559808955271401,-0.14384709682549665,0.00011996462939367625,-0.20912238070460332,0.011668263894179604,1144.7895189724172,0.9949706600055647
Post-V1,log10 F1/F0,f1_f0_dg,839557629,821469666,AM,115,-0.18986867850997888,0.33025053032585144,0.030796020745277004,0.03120896908973018,-0.2537394080393839,-0.12996908947851432,-0.0005232057687449276,-0.20912238070460332,0.01925370219462444,1026.6943069671092,1.0134091461968024
Post-V1,log10 F1/F0,f1_f0_dg,839557629,821469666,LM,120,-0.21746675235546287,0.3113757350813118,0.028424585660631194,0.028477642674033434,-0.27247177474956946,-0.16356975550104644,0.00039246233861151003,-0.20912238070460332,-0.00834437165085955,1233.0819122888245,1.0018665888057507
Post-V1,log10 F1/F0,f1_f0_dg,839557629,821469666,PM,103,-0.23169997514254775,0.2947816922013715,0.029045703199282624,0.028619907525885186,-0.2851020383870694,-0.1707750374385468,0.000984607662686876,-0.20912238070460332,-0.022577594437944437,1220.8534861168043,0.9853404935499047
Post-V1,log10 F1/F0,f1_f0_dg,840012044,820866121,AM,99,-0.23948850081430922,0.2885087804088307,0.0289962234345191,0.02796528990176117,-0.2932653476859396,-0.1822399717857462,0.0012837857988252377,-0.1946222668360474,-0.04486623397826184,1278.6784573118352,0.9644459377585484
Post-V1,log10 F1/F0,f1_f0_dg,840012044,820866121,LM,129,-0.1793936939241465,0.2904934411015636,0.02557652134995209,0.02491717749385903,-0.2278669718259492,-0.13041393213796673,0.0006806956905639483,-0.1946222668360474,0.015228572911900884,1610.6541959367742,0.9742207375635039
Post-V1,log10 F1/F0,f1_f0_dg,840012044,820866121,LP,185,-0.13480758767162873,0.21085267613346276,0.015502197060093184,0.015751570666261816,-0.16723018000435128,-0.10653198073086463,-0.0004020094382498063,-0.1946222668360474,0.059814679164418655,4030.4382167684585,1.0160863395815414
Post-V1,log10 F1/F0,f1_f0_dg,840012044,820866121,PM,118,-0.21897146426523248,0.3019754851821021,0.027799096688617447,0.027111154807579516,-0.27543600441925026,-0.16634404385528362,-0.0003557901082043291,-0.1946222668360474,-0.024349197429185093,1360.5169795808276,0.975253085064465
Post-V1,log10 F1/F0,f1_f0_dg,840012044,820866121,RL,205,-0.20045008750491988,0.3115575129886969,0.021760120594592976,0.021508740275903278,-0.24141033445194238,-0.15984374385357655,-0.00038922439281779964,-0.1946222668360474,-0.0058278206688724965,2161.5737081591783,0.9884476596718788
Post-V1,log10 F1/F0,f1_f0_dg,847657808,827809884,AL,138,-0.2161704992545688,0.27922543918807774,0.0237692478662831,0.02264949202230122,-0.2604705413393983,-0.1709695297579936,-0.0002731874918079358,-0.13967323638081572,-0.07649726287375308,1949.3196810119073,0.9528905647212226
Post-V1,log10 F1/F0,f1_f0_dg,847657808,827809884,AM,149,-0.16765258299342697,0.31355801258424265,0.025687673284352258,0.025037195102991783,-0.21740068361663017,-0.11706566206468806,-0.00017728034237979307,-0.13967323638081572,-0.027979346612611256,1595.2496308720436,0.9746774192368479
Post-V1,log10 F1/F0,f1_f0_dg,847657808,827809884,LM,181,-0.09728310247695043,0.29415786170817576,0.02186458166802705,0.021681452424320128,-0.13998461501514303,-0.057098067859763235,-0.001435143948354381,-0.13967323638081572,0.042390133903865285,2127.2731384288813,0.9916243884064465
Post-V1,log10 F1/F0,f1_f0_dg,847657808,827809884,LP,82,-0.16092890637272644,0.20093748708223685,0.022189833344136177,0.021334295780995768,-0.2032852846086869,-0.11837171823507957,-0.0013680534153140689,-0.13967323638081572,-0.021255669991910725,2197.0673803065615,0.9614446152040844
Post-V1,log10 F1/F0,f1_f0_dg,847657808,827809884,PM,156,-0.08252968899898286,0.2951220497484325,0.023628674486694787,0.02390542187314123,-0.12796548728480894,-0.03523048731057148,0.0012836962933996526,-0.13967323638081572,0.05714354738183286,1749.875599361901,1.0117123534205137
Post-V1,log10 F1/F0,f1_f0_dg,847657808,827809884,RL,159,-0.11347463818823879,0.33893606054576453,0.026879378027287945,0.02740428489510657,-0.1648177668826493,-0.05888880619437201,-8.03783240693745e-06,-0.13967323638081572,0.02619859819257693,1331.5670883977452,1.019528237122367
Post-V1,Response timescale (ms),timescale_ac,715093703,699733581,LM,11,57.76020762595031,26.593919283275333,8.018368360692861,8.096917616746275,44.142303401304524,76.53231627925838,0.03239969966436007,53.84774550813911,3.912462117811195,0.015253185748210418,1.0097961645711455
Post-V1,Response timescale (ms),timescale_ac,715093703,699733581,LP,101,45.70222444483028,18.012389094722028,1.7922997033781258,1.7665498052573598,42.43095503837063,49.33011109055127,0.031320498479068704,53.84774550813911,-8.145521063308834,0.3204411100593075,0.9856330400143276
Post-V1,Response timescale (ms),timescale_ac,715093703,699733581,PM,9,66.95382547474776,25.901226088869183,8.633742029623061,8.294712372638921,50.80899635276893,81.61173579370352,0.05024711140130478,53.84774550813911,13.106079966608647,0.014534407688486633,0.9607320144821444
Post-V1,Response timescale (ms),timescale_ac,715093703,699733581,RL,40,44.974724487028126,20.08499258959788,3.175716168536641,3.216335958634372,38.816458760173454,51.49283594560034,-0.10441244562793628,53.84774550813911,-8.873021021110986,0.09666676560016157,1.0127907495323956
Post-V1,Response timescale (ms),timescale_ac,719161530,703279284,AL,8,42.869390489945594,22.02330292172756,7.786413420039531,7.2537240684481725,28.05142639321329,56.93505184148331,-0.07199107147430084,39.936831941000264,2.9325585489453303,0.019005440414461772,0.9315873274567723
Post-V1,Response timescale (ms),timescale_ac,719161530,703279284,AM,5,25.38548351109346,19.315396682263042,8.638107998782813,7.619883394293546,13.400739747319273,42.05171431372874,-0.4483322614227845,39.936831941000264,-14.551348429906803,0.017222783768967204,0.8821241173839521
Post-V1,Response timescale (ms),timescale_ac,719161530,703279284,LM,17,41.04554843621821,21.138075144962414,5.126736267348434,4.791278926164208,32.190526514516904,51.387974258009834,-0.07001997967940099,39.936831941000264,1.1087164952179478,0.04356092482996456,0.9345670766564074
Post-V1,Response timescale (ms),timescale_ac,719161530,703279284,LP,11,50.4469053267438,21.43467227770261,6.462796859033829,5.966496645644235,39.29064620742131,62.78942973688017,0.1653311920935039,39.936831941000264,10.510073385743539,0.028090611823931046,0.9232065893118928
Post-V1,Response timescale (ms),timescale_ac,721123822,707296982,AL,36,44.12033984125885,22.797401969918834,3.7995669949864723,3.6775723801212674,37.32962087523078,51.52560637545265,0.07966256135834016,45.31535778389994,-1.195017942641094,0.07393967578194394,0.9678924953748211
Post-V1,Response timescale (ms),timescale_ac,721123822,707296982,AM,16,65.62631944995113,27.7459562535648,6.9364890633912,6.604244711175639,53.72106006830223,79.17142391140186,0.25066694196647177,45.31535778389994,20.310961666051185,0.02292734076452318,0.952101942469851
Post-V1,Response timescale (ms),timescale_ac,721123822,707296982,LM,14,35.89118672059232,31.680680261501994,8.467017951319452,8.384294993420273,21.65723022114068,53.25857563127267,0.14438116674539714,45.31535778389994,-9.424171063307618,0.014225479027579471,0.9902299772629762
Post-V1,Response timescale (ms),timescale_ac,721123822,707296982,LP,86,42.16178428716524,15.210073079621123,1.6401443608025086,1.6317500818645505,39.01002994400051,45.37573011581299,0.03165098590194759,45.31535778389994,-3.153573496734701,0.3755715735050783,0.9948819877453647
Post-V1,Response timescale (ms),timescale_ac,721123822,707296982,RL,21,38.77715862053218,21.739007790638695,4.743840415896978,4.368412278800063,30.58992608417179,47.815768586376436,-0.11183205811096286,45.31535778389994,-6.538199163367764,0.052402591104350645,0.9208598721325394
Post-V1,Response timescale (ms),timescale_ac,732592105,717038288,AL,34,41.91926547070159,14.38812470596852,2.467543029927577,2.4933739956961274,36.94576179594031,46.866272920215536,0.02664346716215249,43.72855302423955,-1.8092875535379633,0.16085151232813236,1.0104682939487821
Post-V1,Response timescale (ms),timescale_ac,732592105,717038288,LM,20,40.31180154810556,18.202771779572018,4.0702635078037845,4.064070589392651,32.18310831010187,48.30979909773416,-0.03956487607399595,43.72855302423955,-3.416751476133996,0.06054489281430278,0.9984784969328743
Post-V1,Response timescale (ms),timescale_ac,732592105,717038288,PM,42,43.936088330872835,18.692172877788323,2.8842648931132944,2.9261142296712026,37.86022682650005,49.412571317143545,-0.056922606215458416,43.72855302423955,0.20753530663328235,0.1167931704191692,1.0145095329689833
Post-V1,Response timescale (ms),timescale_ac,732592105,717038288,RL,19,48.747056747278236,18.680407215246515,4.285579330286716,4.131390042228449,40.62715160034003,56.85253524523987,0.05560505344975297,43.72855302423955,5.018503723038684,0.05858785569202669,0.964021366500302
Post-V1,Response timescale (ms),timescale_ac,737581020,718643567,LM,10,40.39829870985838,28.72358604270551,9.08319544627719,8.611893363956455,23.874725620271395,56.664189963620714,-0.08195938354142385,40.716844060748656,-0.31854535089027536,0.013483502278125732,0.9481127445612875
Post-V1,Response timescale (ms),timescale_ac,737581020,718643567,RL,36,41.03538941163893,21.55536492782108,3.5925608213035134,3.583147461090846,33.920838946969575,48.135425845071936,-0.033825191499254004,40.716844060748656,0.31854535089027536,0.07788801519934993,0.9973797631603486
Post-V1,Response timescale (ms),timescale_ac,739448407,716813543,AM,22,52.522293985807615,18.695042395266103,3.9857964309692404,3.8202404988866436,45.167820024072014,59.896256586646615,-0.06126888012388321,50.03292010393502,2.489373881872595,0.06852019518671412,0.9584635254334005
Post-V1,Response timescale (ms),timescale_ac,739448407,716813543,LM,24,46.70604304020111,18.00752882485358,3.6757714291126056,3.554461093640583,40.0025530856094,53.50785534142639,0.08740151513427463,50.03292010393502,-3.3268770637339102,0.07915028267098,0.9669973125882562
Post-V1,Response timescale (ms),timescale_ac,739448407,716813543,RL,10,50.87042328579631,27.899589491622038,8.822624857722484,8.730111476240058,34.35304700684068,67.85368538051205,-0.19370030738310362,50.03292010393502,0.8375031818612939,0.01312080319514994,0.9895140751222751
Post-V1,Response timescale (ms),timescale_ac,742951821,723627604,AL,31,43.070144180768295,15.727666902297162,2.8247723641635933,2.823035849793347,37.70003645592967,48.83908434930427,0.027955642859197383,50.09726633095498,-7.027122150186685,0.12547789181723895,0.999385255112137
Post-V1,Response timescale (ms),timescale_ac,742951821,723627604,LM,35,40.95406591491246,20.778704479779304,3.512242099766393,3.5116544770680584,34.327218690687076,47.8792770380477,-0.04269943184339553,50.09726633095498,-9.143200416042518,0.08109170738458113,0.9998326929973382
Post-V1,Response timescale (ms),timescale_ac,742951821,723627604,PM,10,62.23871720076429,24.85463261883877,7.859724948224614,7.406515525418819,47.861572956374616,76.78494782345501,0.16734745111815386,50.09726633095498,12.141450869809312,0.018229389521053727,0.9423377502659087
Post-V1,Response timescale (ms),timescale_ac,742951821,723627604,RL,27,54.126138027374886,21.04445190737384,4.05000665789014,3.976419070587806,46.75517039577832,62.55797332889793,0.06408694557043049,50.09726633095498,4.028871696419905,0.06324347197548703,0.9818302552271186
Post-V1,Response timescale (ms),timescale_ac,743475441,722882755,AM,25,47.186798014463804,18.271839209288128,3.6543678418576255,3.5989881995976067,39.90786823862284,54.25235288468785,-0.13767645088505986,46.064869869243935,1.1219281452198686,0.07720388490743545,0.9848456300360098
Post-V1,Response timescale (ms),timescale_ac,743475441,722882755,LM,20,40.860081783028086,22.362745769876632,5.000461970499002,4.795304891899622,31.349779787088053,49.803036215282525,-0.14917946225690315,46.064869869243935,-5.204788086215849,0.04348781115918331,0.9589723749906038
Post-V1,Response timescale (ms),timescale_ac,743475441,722882755,LP,35,40.00989505422551,13.486485861815396,2.2796321814898532,2.2156170109520303,35.84149180634895,44.39099858201829,-0.0591967071793249,46.064869869243935,-6.054974815018426,0.2037091882664492,0.9719186406221086
Post-V1,Response timescale (ms),timescale_ac,743475441,722882755,RL,61,56.202704625258356,21.097601384254357,2.7012710553078754,2.780714949047812,51.532171817180725,61.96611718081114,0.04033546042263936,46.064869869243935,10.13783475601442,0.12932636076256168,1.0294098193455385
Post-V1,Response timescale (ms),timescale_ac,744228101,719817805,AL,30,41.93197777991759,12.55013300368743,2.2913303152698905,2.2762841128430313,37.428381009008305,46.64931541979192,0.04187789575593115,42.49320295968759,-0.5612251797700054,0.1929954478280201,0.9934334206087232
Post-V1,Response timescale (ms),timescale_ac,744228101,719817805,LM,19,40.64773282558849,13.152799499116488,3.0174591495421663,2.985722723806565,34.54202059970593,46.186893927692886,-0.21076936693408044,42.49320295968759,-1.8454701340991022,0.1121762849704765,0.9894824008668297
Post-V1,Response timescale (ms),timescale_ac,744228101,719817805,LP,35,39.393199540750075,13.80046833667899,2.3327049063980847,2.2916697420740406,35.1847584801356,43.93062641598647,0.12531002283365922,42.49320295968759,-3.1000034189375185,0.19041271207397797,0.9824087632295478
Post-V1,Response timescale (ms),timescale_ac,744228101,719817805,RL,21,47.99990169249423,18.238472947053065,3.9799610876321423,3.878658215066567,40.09938144719087,55.351552349760865,-0.253612944556842,42.49320295968759,5.506698732806633,0.06647172923928987,0.9745467680876636
Post-V1,Response timescale (ms),timescale_ac,746083955,726170935,AL,20,44.2331518449789,16.292910244799106,3.643205485867354,3.5935120242483336,37.282433767220546,51.224523370179305,0.03953276293619723,47.10334775596061,-2.870195910981714,0.07743936715912295,0.9863599619039359
Post-V1,Response timescale (ms),timescale_ac,746083955,726170935,LM,11,46.99744168172428,15.002495247256073,4.523422514021687,4.244525647230969,38.689978536515596,55.69123589388745,0.18701031514684274,47.10334775596061,-0.10590607423633003,0.05550622295057453,0.9383438390010673
Post-V1,Response timescale (ms),timescale_ac,746083955,726170935,PM,64,50.49949502055155,19.960561520721967,2.495070190090246,2.4309716054191717,45.834119963282234,55.170026087344866,-0.06288836074948279,47.10334775596061,3.3961472645909367,0.16921553355902597,0.9743099072219865
Post-V1,Response timescale (ms),timescale_ac,746083955,726170935,RL,27,46.683302476587734,19.686072455898206,3.788586410566435,3.6862254739636,40.0298014420086,54.054161049300475,0.20044204573924418,47.10334775596061,-0.4200452793728786,0.07359294929322226,0.9729817600788123
Post-V1,Response timescale (ms),timescale_ac,750332458,726141251,AL,12,54.24247303347813,17.091175989461014,4.933797529141293,4.6614719606461,45.57086477252575,63.29906968111331,0.3083734421260189,49.67820980623103,4.564263227247096,0.046020766473485034,0.9448040648432142
Post-V1,Response timescale (ms),timescale_ac,750332458,726141251,LM,11,48.51053220050903,27.83319056820126,8.39202271210749,7.9717764463822745,34.21056269133085,65.29666223160676,0.17581662978969348,49.67820980623103,-1.1676776057219982,0.015735834437403923,0.9499231257895775
Post-V1,Response timescale (ms),timescale_ac,750332458,726141251,RL,12,46.281624184705954,18.38650038415466,5.307725473123426,5.0147304306281475,36.71345836604599,56.14837420304579,-0.45370678345615545,49.67820980623103,-3.3965856215250767,0.03976535056452554,0.9447983804025077
Post-V1,Response timescale (ms),timescale_ac,750749662,726162197,AL,20,59.9474785924249,26.744344884918707,5.980217317637702,5.789725250009413,48.83551833030794,71.24294861929799,-0.04395175317788613,52.85575726479411,7.091721327630793,0.029832118140711652,0.9681462967798072
Post-V1,Response timescale (ms),timescale_ac,750749662,726162197,AM,6,57.29948638862271,19.91579425481327,8.130588957757544,7.284763071004932,46.39163272648196,73.19573428310807,-0.1311442768285218,52.85575726479411,4.443729123828604,0.018843828249345208,0.8959699117558274
Post-V1,Response timescale (ms),timescale_ac,750749662,726162197,LM,5,35.509990092835935,12.900515603540674,5.769285966862735,5.2815876680417615,26.091748218325275,45.86562655690733,-0.034357985196216134,52.85575726479411,-17.345767171958173,0.03584850212829457,0.915466436986798
Post-V1,Response timescale (ms),timescale_ac,750749662,726162197,RL,14,58.66607398529287,29.942694077896153,8.00252160546232,7.857234492125339,43.739482966256446,74.598066049642,-0.17917723554892717,52.85575726479411,5.810316720498761,0.016197969283255887,0.9818448333538004
Post-V1,Response timescale (ms),timescale_ac,751348571,732548380,AM,7,48.625519903695626,32.90704841091423,12.437695210920324,11.689124053018759,28.125788350520708,72.53731370581295,-0.18770810487585976,45.110395811061366,3.5151240926342595,0.007318735712933399,0.9398143188744231
Post-V1,Response timescale (ms),timescale_ac,751348571,732548380,LM,11,41.58159415954595,20.805203882007486,6.273004996678584,5.859372587529961,30.8447528166772,53.84831900417247,0.14846177327319765,45.110395811061366,-3.5288016515154155,0.029127135096033145,0.934061520855215
Post-V1,Response timescale (ms),timescale_ac,751348571,732548380,LP,39,44.31239352468031,16.913641553507553,2.70835019608417,2.699904462287175,39.31884410520942,49.70733679570353,0.06996608652936942,45.110395811061366,-0.7980022863810561,0.1371839194008914,0.9968815946293775
Post-V1,Response timescale (ms),timescale_ac,751348571,732548380,PM,7,44.11235142706603,9.68654848954392,3.6611711951287935,3.332481555917486,37.419748603194286,50.83103455082437,0.02547570592722792,45.110395811061366,-0.9980443839953352,0.09004601361671631,0.910222816226504
Post-V1,Response timescale (ms),timescale_ac,751348571,732548380,RL,36,46.92012004031894,24.895247079729934,4.149207846621656,4.2285290706406,39.33013419475487,55.556994566977046,-0.045720305037654896,45.110395811061366,1.8097242292575757,0.05592697873495437,1.019117197053295
Post-V1,Response timescale (ms),timescale_ac,754312389,719828690,AL,24,35.05434362949467,15.699217297666273,3.204589311696482,3.187687690498806,28.694618526698104,40.972807601445105,-0.01653720633078848,48.476216520239554,-13.421872890744886,0.09841209320116746,0.9947258074112691
Post-V1,Response timescale (ms),timescale_ac,754312389,719828690,AM,31,48.40056312264868,19.89092882179786,3.572516278632087,3.5391052315674014,41.73303979422205,55.53152138472808,0.006890722127280924,48.476216520239554,-0.07565339759087664,0.07983862480569892,0.9906477551230422
Post-V1,Response timescale (ms),timescale_ac,754312389,719828690,PM,13,54.67484445176852,17.55672069576858,4.869358207507187,4.700877950167791,45.401173772521105,63.48902007778263,-0.2532019438012867,48.476216520239554,6.198627931528968,0.045252444945143876,0.9653999048417415
Post-V1,Response timescale (ms),timescale_ac,754312389,719828690,RL,9,55.77511487704634,16.984535653263535,5.661511884421178,5.353987518362686,46.51976935476362,66.84991918986185,-0.08573169009073212,48.476216520239554,7.298898356806788,0.03488552725401419,0.9456815825283863
Post-V1,Response timescale (ms),timescale_ac,754829445,726298253,AM,18,39.201257426532926,17.464177934919864,4.116346215210104,3.9509710198357952,31.26709756045969,46.84245491934491,-0.1310502003306766,51.00415268149269,-11.802895254959765,0.06406079318195584,0.9598247604238829
Post-V1,Response timescale (ms),timescale_ac,754829445,726298253,LP,46,48.42180979549625,19.562338276500906,2.8843094224511128,2.8351301907881594,43.29164278574101,54.281603839797405,0.09760928158323168,51.00415268149269,-2.5823428859964395,0.1244096265779657,0.9829493911852355
Post-V1,Response timescale (ms),timescale_ac,754829445,726298253,PM,9,58.31268949454675,19.924530230655837,6.641510076885279,6.130368564309169,45.806779951096345,69.50411524129632,-0.3737419713926968,51.00415268149269,7.3085368130540616,0.026608894333414602,0.9230383592497952
Post-V1,Response timescale (ms),timescale_ac,754829445,726298253,RL,23,58.08085400939484,22.3740776413537,4.665317689454365,4.6546831410820255,49.271816581202664,67.49819456551432,-0.11730984113133047,51.00415268149269,7.07670132790215,0.0461551062368018,0.9977205092814199
Post-V1,Response timescale (ms),timescale_ac,755434585,730760270,AL,34,29.610983851174172,14.431711536639883,2.4750181097185617,2.4563503330782477,25.101214710990693,34.5839292363104,0.012943839905627641,50.18481624220484,-20.573832391030667,0.16573696629193638,0.9924575191724813
Post-V1,Response timescale (ms),timescale_ac,755434585,730760270,AM,32,56.48209066962546,20.419735878579733,3.609733427445493,3.6724344729280243,49.362973141741556,63.976416426723766,0.17852095522549405,50.18481624220484,6.297274427420618,0.07414671061968922,1.0173699933091467
Post-V1,Response timescale (ms),timescale_ac,755434585,730760270,LM,11,51.5024006735061,19.44239428032508,5.862102441271835,5.7029594062111295,39.97588649781337,62.26790263629766,-0.0366843265986887,50.18481624220484,1.3175844313012632,0.030746765773583866,0.9728522255189082
Post-V1,Response timescale (ms),timescale_ac,755434585,730760270,LP,6,48.139549621565685,16.585143874886043,6.770856634019436,6.159245159024629,37.019404926465455,60.12384259487735,-0.17149626026697717,50.18481624220484,-2.045266620639154,0.026359976474047725,0.9096700007024471
Post-V1,Response timescale (ms),timescale_ac,755434585,730760270,PM,42,50.13408700142794,12.306564654340415,1.8989441526897997,1.8786316924981765,46.583891506469556,53.960995304708334,-0.04957544198622088,50.18481624220484,-0.05072924077689578,0.28334575514986843,0.989303287217346
Post-V1,Response timescale (ms),timescale_ac,755434585,730760270,RL,11,65.23978563592969,26.12283039312611,7.876329716008324,7.293117213320935,50.8419189286058,79.23953751007244,-0.23313396177867673,50.18481624220484,15.054969393724853,0.0188006824023515,0.9259537724148301
Post-V1,Response timescale (ms),timescale_ac,756029989,734865738,AL,32,48.419404990216165,15.043238980129507,2.659294073464844,2.6462308311224505,43.4562863608676,53.73932366384334,-0.08404547253124406,52.75162295985949,-4.332217969643324,0.14280537363282178,0.9950877029837571
Post-V1,Response timescale (ms),timescale_ac,756029989,734865738,AM,11,65.54950626618648,24.479745883833832,7.380921096356714,7.226943306914921,52.11296489618658,79.22574321436467,-0.40010876122515526,52.75162295985949,12.797883306326995,0.01914655767677204,0.9791384046202856
Post-V1,Response timescale (ms),timescale_ac,756029989,734865738,LM,24,47.45395979599609,20.239653310751763,4.1314019318478366,4.013707576976369,39.38393806092697,55.48763315863332,0.0675456656704796,52.75162295985949,-5.2976631638633975,0.062073830127167176,0.9715122477035715
Post-V1,Response timescale (ms),timescale_ac,756029989,734865738,PM,23,49.49425247544443,22.419190077432503,4.674724282630024,4.663078349502445,40.58351829823375,58.00995502081786,-0.044379019769309025,52.75162295985949,-3.2573704844150555,0.045989064448665656,0.9975087443828823
Post-V1,Response timescale (ms),timescale_ac,756029989,734865738,RL,13,52.840991271454264,29.379716921417206,8.148467370675904,7.553946897684412,38.21701851999701,67.6068340881466,-0.046647657897224803,52.75162295985949,0.08936831159477521,0.0175247626591346,0.9270389821856552
Post-V1,Response timescale (ms),timescale_ac,757216464,733457989,AL,26,46.1191958937123,26.212598452249445,5.140713500384306,5.001890142185635,36.636445766686606,56.135306424326046,0.07360906116625188,47.30889634587436,-1.1897004521620573,0.03996977486505026,0.9729953131626002
Post-V1,Response timescale (ms),timescale_ac,757216464,733457989,AM,14,44.43704679499359,15.276381884775317,4.082784794453514,3.790011558734322,37.46639226300247,52.358357664140684,0.23416283905103086,47.30889634587436,-2.8718495508807678,0.06961758136130738,0.9282907989377922
Post-V1,Response timescale (ms),timescale_ac,757216464,733457989,LM,33,48.76423119463339,21.080776520413366,3.669692162399471,3.541859192224244,42.451206205899446,55.63674995475907,0.06291448103075226,47.30889634587436,1.4553348487590299,0.07971451656810415,0.965165206094115
Post-V1,Response timescale (ms),timescale_ac,757216464,733457989,LP,75,49.178999410260055,18.268924036128993,2.1095136420127796,2.0194400310942324,45.25349587894795,53.259249801380115,-0.03480657150221589,47.30889634587436,1.8701030643856953,0.24520994394776097,0.9573012427487295
Post-V1,Response timescale (ms),timescale_ac,757216464,733457989,RL,8,48.04500843577246,35.390878386923184,12.512565049770902,11.457021706565676,28.953177413876656,73.15954681398401,0.015286261941568569,47.30889634587436,0.7361120898981,0.0076182729417024015,0.915641330214339
Post-V1,Response timescale (ms),timescale_ac,757970808,730756780,AL,34,45.60313058202186,19.67619815164183,3.3744401439902214,3.228198667999936,39.5828655000479,52.43709575722011,0.006099114477720491,45.66523841361865,-0.062107831596790675,0.09595762535758832,0.9566620032508987
Post-V1,Response timescale (ms),timescale_ac,757970808,730756780,AM,17,52.716776167141454,17.25432343105416,4.184788117929766,4.040477015105388,44.778166054042046,60.6632286861154,0.2197809413214955,45.66523841361865,7.051537753522801,0.06125403733245348,0.9655153143342968
Post-V1,Response timescale (ms),timescale_ac,757970808,730756780,LP,34,40.49198100663374,14.8717175052992,2.550478510797894,2.4669827385075007,35.900404669617956,45.72370944970249,0.10237421408464087,45.66523841361865,-5.173257406984909,0.1643114312098514,0.9672627030822258
Post-V1,Response timescale (ms),timescale_ac,757970808,730756780,RL,25,43.849065898677544,23.545849759905078,4.709169951981016,4.494640948911018,35.817820795513796,53.769555196716944,0.205821647614016,45.66523841361865,-1.8161725149411083,0.04950054627062559,0.9544444126549835
Post-V1,Response timescale (ms),timescale_ac,758798717,735109609,AL,38,36.81808578048767,21.976239790078356,3.5650168498569217,3.474186456903484,30.15065423378332,44.06041011891196,-0.02387422533430339,43.459062115849896,-6.640976335362225,0.0828502367969195,0.9745217493271924
Post-V1,Response timescale (ms),timescale_ac,758798717,735109609,AM,7,50.10003845121212,14.510997510755292,5.484641526990832,4.983981097252677,39.60979304003147,58.57918612205727,0.175508468672966,43.459062115849896,6.640976335362225,0.040257539431770496,0.908715924773876
Post-V1,Response timescale (ms),timescale_ac,759883607,740268986,AL,28,44.16730769235044,15.758289867624656,2.978036862671699,2.9745673110665445,38.37809925114311,49.95914425486268,0.09792618321043989,44.48375436166433,-0.31644666931389054,0.11301924404081577,0.998834953439078
Post-V1,Response timescale (ms),timescale_ac,759883607,740268986,AM,37,44.05398856184953,17.355495647654763,2.853225908656979,2.8423845123798444,38.77656387152155,50.25149621383726,0.029677069051935234,44.48375436166433,-0.42976579981480256,0.12377540151196335,0.996200302175779
Post-V1,Response timescale (ms),timescale_ac,759883607,740268986,PM,41,45.22996683079303,12.481893975881249,1.9493443377081048,1.9439483908535298,41.603593073561974,48.94393490268011,0.058109275411212025,44.48375436166433,0.7462124691287002,0.26462479729338984,0.9972319170347712
Post-V1,Response timescale (ms),timescale_ac,760345702,739783171,AL,28,55.84860786976504,12.823867836233674,2.4234832243310196,2.4360383629672615,50.98012840527186,60.84679090246398,0.047438992441854566,46.879490616019595,8.969117253745445,0.16851235707257964,1.005180617101118
Post-V1,Response timescale (ms),timescale_ac,760345702,739783171,AM,21,53.824594593673346,18.030708794142612,3.9346232325173554,3.968767743586412,46.04984104456416,61.5191408551495,-0.014830494331121713,46.879490616019595,6.945103977653751,0.06348755929146022,1.008677962043957
Post-V1,Response timescale (ms),timescale_ac,760345702,739783171,LM,45,44.45471664424159,12.853924451338786,1.9161499233893475,1.945957083463603,40.82313721689446,48.65461079278056,0.08945154363214414,46.879490616019595,-2.424773971778002,0.2640787672333751,1.0155557556903123
Post-V1,Response timescale (ms),timescale_ac,760345702,739783171,LP,9,31.586404561995494,11.211012906664301,3.737004302221434,3.5659589660619573,24.923577715890083,38.615876835734696,0.131101158007926,46.879490616019595,-15.293086054024101,0.07864069033485711,0.9542292910774012
Post-V1,Response timescale (ms),timescale_ac,760345702,739783171,PM,22,48.683129410422495,12.731670779871328,2.7144013306723602,2.695045926676686,43.38244370078467,54.1260298409741,0.15036504321756894,46.879490616019595,1.8036387944029002,0.13767898609660095,0.992869365418827
Post-V1,Response timescale (ms),timescale_ac,760693773,738651054,AL,69,42.482649150697476,18.065460639922545,2.1748258905244615,2.1524987335737102,38.32792631546082,46.63945279646483,0.010912312353276832,43.54457226958799,-1.0619231188905118,0.21583118281095431,0.9897338186711733
Post-V1,Response timescale (ms),timescale_ac,760693773,738651054,AM,15,46.96640969769054,18.104776206809245,4.674633115718966,4.330750476357116,38.835004509458166,55.878606085957244,-0.12136311886004592,43.54457226958799,3.421837428102549,0.05331797864136672,0.926436443064268
Post-V1,Response timescale (ms),timescale_ac,760693773,738651054,PM,14,49.66295248934316,21.653018468871757,5.787012607143327,5.411427934226738,39.01107500765128,60.79908771759332,0.10288418885131989,43.54457226958799,6.118380219755174,0.03414886248048138,0.9350986945400849
Post-V1,Response timescale (ms),timescale_ac,760693773,738651054,RL,26,35.066277740620784,16.996176553991514,3.333224457895035,3.1835638154753596,29.153249569759037,41.64497816038592,-0.049620333250132376,43.54457226958799,-8.478294528967204,0.09866721736483496,0.9551003407330727
Post-V1,Response timescale (ms),timescale_ac,761418226,742714475,AL,91,39.72955875088505,16.51702201308195,1.731454372411594,1.6976414852813053,36.383302714462125,42.96838001453854,-0.07735028207609673,47.58929617130038,-7.859737420415335,0.34698287481489976,0.9804713957993628
Post-V1,Response timescale (ms),timescale_ac,761418226,742714475,LP,8,37.418504656899536,23.708104138493432,8.382080602702779,7.872060695374364,23.208140388282462,53.30953916770923,-0.14511003585305815,47.58929617130038,-10.170791514400847,0.016137012377240443,0.939153542956392
Post-V1,Response timescale (ms),timescale_ac,761418226,742714475,PM,15,61.10950327213392,35.299956061716145,9.114409463258678,8.693274479208213,44.40690965041785,78.53397059993743,-0.23983673797423677,47.58929617130038,13.520207100833538,0.013232235320316693,0.9537945946198586
Post-V1,Response timescale (ms),timescale_ac,761418226,742714475,RL,62,52.09961800528303,19.877718515830388,2.5244727759844974,2.481084440679885,47.305463159678865,56.8753214852782,0.09676536661446278,47.58929617130038,4.510321833982644,0.162448950370257,0.9828129121781907
Post-V1,Response timescale (ms),timescale_ac,762120172,745276236,AL,33,46.3357413649325,20.901299628772335,3.638449245804386,3.611537528080359,39.56601755094786,53.55101517427867,0.029624588969312526,44.28137889659698,2.054362468335519,0.07666828276126966,0.9926035198223366
Post-V1,Response timescale (ms),timescale_ac,762120172,745276236,AM,13,48.66709586124095,18.196214217045227,5.046721798375646,4.682388274956823,39.37050909382536,57.89770461459556,-0.12137406542684204,44.28137889659698,4.385716964643969,0.045610533567554915,0.9278078844100167
Post-V1,Response timescale (ms),timescale_ac,762120172,745276236,LM,26,37.8412994636175,18.837888118604983,3.6944138119863266,3.6284297790463262,31.29815866637537,45.48552667802362,0.2528420460205041,44.28137889659698,-6.440079432979481,0.07595608202082361,0.9821395121667424
Post-V1,Response timescale (ms),timescale_ac,762602078,744915204,AM,14,47.42168728581419,22.894955116208706,6.118934137887154,5.92548895223748,36.69332073150352,59.788645712662245,0.11116706662540565,43.176678191680864,4.245009094133323,0.02848076264870398,0.9683858035908735
Post-V1,Response timescale (ms),timescale_ac,762602078,744915204,RL,22,38.93166909754754,22.13660671093883,4.719540408454572,4.6772804677687185,30.057778769466992,47.68684118894672,-0.08097645353400651,43.176678191680864,-4.245009094133323,0.045710205596946794,0.9910457508510471
Post-V1,Response timescale (ms),timescale_ac,763673393,742602892,AM,33,49.78301746455018,30.410723627233853,5.293827484945426,5.242754426953039,40.12981941466698,60.404883121572624,-0.08798948353718572,41.21051665203267,8.572500812517504,0.0363815308096279,0.9903523380507527
Post-V1,Response timescale (ms),timescale_ac,763673393,742602892,LM,14,28.4131887699316,13.450195437398142,3.5947159365638517,3.5656257727624223,21.899606740355566,35.97265830357671,0.06058181930339046,41.21051665203267,-12.797327882101072,0.07865538833011602,0.9919075208403709
Post-V1,Response timescale (ms),timescale_ac,763673393,742602892,RL,27,45.43534372161623,24.418241436143454,4.699292755431566,4.648911358230901,37.2384041006333,54.91664492110737,-0.05647983286835512,41.21051665203267,4.224827069583554,0.04626978367450252,0.9892789405081365
Post-V1,Response timescale (ms),timescale_ac,766640955,744912849,AL,59,35.450068497216385,14.81760059571606,1.9290872849050809,1.8647372631256842,31.76513396145537,39.335742512441605,0.02634033879971298,39.690301087595444,-4.240232590379058,0.2875839874970552,0.9666422446081474
Post-V1,Response timescale (ms),timescale_ac,766640955,744912849,AM,25,47.421241303828545,23.692715589690643,4.7385431179381285,4.648352006767055,38.85101257226041,57.41850640981029,0.03142788672860064,39.690301087595444,7.730940216233101,0.046280919934566137,0.9809664892929543
Post-V1,Response timescale (ms),timescale_ac,766640955,744912849,LM,28,36.30224700184116,12.059582893718549,2.2790469465677115,2.2506970700026847,31.796141643557064,40.61967218478588,-0.001467547564622862,39.690301087595444,-3.388054085754284,0.1974085274164115,0.9875606438876908
Post-V1,Response timescale (ms),timescale_ac,766640955,744912849,LP,107,35.87954360977085,13.314187017970498,1.2871310412250152,1.2722662970883667,33.4055062513911,38.42163358460692,0.03265434833728165,39.690301087595444,-3.8107574778245947,0.617794381981299,0.9884512581387975
Post-V1,Response timescale (ms),timescale_ac,766640955,744912849,RL,26,43.398405025320294,19.647670406086753,3.853225184510609,3.6738270003002977,36.56647883861337,51.4097314039683,-0.040697737758748076,39.690301087595444,3.70810393772485,0.07409051213462023,0.9534420710911302
Post-V1,Response timescale (ms),timescale_ac,767871931,753795610,AL,34,46.35388540275394,15.106643147395593,2.5907679260311207,2.6696314941892574,41.202165431505854,52.052667681466865,0.05134173776783513,45.450374247914944,0.9035111548389949,0.140312824064286,1.0304402286927143
Post-V1,Response timescale (ms),timescale_ac,767871931,753795610,AM,24,45.68376728011942,15.241069539682591,3.111070292208137,3.1298132436928743,39.323167723083365,51.77196033658925,-0.06382193346057363,45.450374247914944,0.23339303220447505,0.10208528654826901,1.006024599165014
Post-V1,Response timescale (ms),timescale_ac,767871931,753795610,LP,11,35.26121584219002,13.558538438874823,4.08805315521444,3.8466551197451238,27.708959259282878,42.70710108026659,0.04330431884303465,45.450374247914944,-10.189158405724925,0.06758238267492314,0.9409503677413281
Post-V1,Response timescale (ms),timescale_ac,767871931,753795610,PM,48,46.28275441135668,14.115733095529182,2.0374305756281705,1.9460653184002292,42.36064993853506,50.04052140038854,-0.013306594962962492,45.450374247914944,0.8323801634417336,0.2640493933438933,0.9551566279995715
Post-V1,Response timescale (ms),timescale_ac,767871931,753795610,RL,29,53.67024830315466,17.71284561471275,3.2891928565019946,3.174492082914286,47.524944116140844,60.14621670866424,0.12514885783873808,45.450374247914944,8.219874055239714,0.09923194490042431,0.9651279877490397
Post-V1,Response timescale (ms),timescale_ac,768515987,754477358,AL,42,34.51602070378083,17.84153724932334,2.753008966044038,2.7602063686035403,29.63666461067402,40.16895494183504,0.0018479997224929434,46.70399349856729,-12.187972794786461,0.13125531326194687,1.0026143767231694
Post-V1,Response timescale (ms),timescale_ac,768515987,754477358,AM,24,49.89676091330008,26.136649550601003,5.335121248742977,5.202390556389761,40.848970619232624,59.968596679407604,0.09666609986429364,46.70399349856729,3.192767414732785,0.03694826881953765,0.9751213353614993
Post-V1,Response timescale (ms),timescale_ac,768515987,754477358,LM,35,45.38330087307299,22.967629801755518,3.8822380095966302,3.6964191362769405,38.16811514973929,52.93019142229808,0.125516596237766,46.70399349856729,-1.3206926254943028,0.07318761253171212,0.9521361459909573
Post-V1,Response timescale (ms),timescale_ac,768515987,754477358,LP,5,59.26632371223006,49.73258251643601,22.241087040673694,19.58156117987261,28.834716761584513,103.51894326176391,0.33434841079641586,46.70399349856729,12.562330213662769,0.0026079866999647538,0.8804228473213814
Post-V1,Response timescale (ms),timescale_ac,768515987,754477358,RL,29,44.45756129045249,15.644687520282154,2.905145539753098,2.901550611771502,39.051552056620466,49.94737656427654,0.19524950165180854,46.70399349856729,-2.246432208114804,0.11877900947115584,0.9987625652717209
Post-V1,Response timescale (ms),timescale_ac,771160300,754488979,AL,9,48.715032878071575,22.27460223566167,7.424867411887224,6.736111983769428,36.17659967633684,62.83853882623964,0.030495755937536728,49.31030149759161,-0.5952686195200343,0.02203846809154371,0.9072366697060344
Post-V1,Response timescale (ms),timescale_ac,771160300,754488979,AM,12,65.54536476205668,32.38701362753095,9.349325518051536,9.071920414704548,48.25412147478757,82.36825202002781,0.13932199293878966,49.31030149759161,16.23506326446507,0.012150706671364754,0.9703288645997641
Post-V1,Response timescale (ms),timescale_ac,771160300,754488979,LP,27,39.0980527076003,25.058025754594148,4.822419304925169,4.794841869465103,30.596652867352113,49.385231548808484,0.04014475987755617,49.31030149759161,-10.212248789991307,0.04349621052040074,0.9942814106952707
Post-V1,Response timescale (ms),timescale_ac,771160300,754488979,PM,13,43.88275564263789,19.858057363503445,5.507634158093609,5.268556483934427,34.34217413063986,54.68579379652843,0.002372268839948788,49.31030149759161,-5.4275458549537205,0.03602605594299957,0.9565915841000712
Post-V1,Response timescale (ms),timescale_ac,771990200,756578435,AL,16,37.28771980779756,17.112937798753073,4.278234449688268,4.071773277440021,29.47144022714904,45.23343046772862,-0.24666187190908317,52.88669819204502,-15.59897838424746,0.060316040528681426,0.9517415011551573
Post-V1,Response timescale (ms),timescale_ac,771990200,756578435,AM,13,51.83665636687767,23.59121991410565,6.543027157773469,6.3049279178926625,41.20910856174089,64.58395717693996,-0.046472491240145075,52.88669819204502,-1.050041825167348,0.025155893556626657,0.9636102320623976
Post-V1,Response timescale (ms),timescale_ac,771990200,756578435,LP,11,57.400392108581165,26.25068061172266,7.9148780073219305,7.599953022699736,42.62665287314238,72.59741878568859,0.07664075236400691,52.88669819204502,4.513693916536148,0.017313233423858404,0.960211012181001
Post-V1,Response timescale (ms),timescale_ac,771990200,756578435,PM,9,71.10779624295849,14.727597305526547,4.909199101842183,4.5406711847043155,60.8666946129448,78.874627357333,0.05460999802211575,52.88669819204502,18.22109805091347,0.048502027473565384,0.924931152822957
Post-V1,Response timescale (ms),timescale_ac,771990200,756578435,RL,25,46.80092643401022,21.679696764868822,4.335939352973765,4.284918469531967,38.567207311407614,55.20906640537232,-0.043677149903444956,52.88669819204502,-6.085771758034795,0.05446466970369166,0.988233026505132
Post-V1,Response timescale (ms),timescale_ac,773418906,757329624,AL,87,42.70709262957267,16.253078977896735,1.7425129701911743,1.6946157225621001,39.30998912942099,46.034233973925495,0.07243366269150187,51.19552001376553,-8.48842738419286,0.34822306765433053,0.9725125445557978
Post-V1,Response timescale (ms),timescale_ac,773418906,757329624,AM,10,62.94691053619731,12.461581603475846,3.940698111503692,3.7273983822804744,55.82682273714853,70.04004823121245,-0.033418721782339844,51.19552001376553,11.751390522431777,0.07197611066704562,0.9458726034860289
Post-V1,Response timescale (ms),timescale_ac,773418906,757329624,RL,23,47.9325568755266,16.755342045358315,3.493730328913758,3.4104036253414263,41.64186754914025,54.908150888154076,0.05886508786110767,51.19552001376553,-3.2629631382389306,0.08597821756080552,0.9761496464444528
Post-V1,Response timescale (ms),timescale_ac,774875821,759711152,AL,67,41.75678271649408,15.531192759865377,1.8974371896634237,1.931910632858832,38.358205792126604,45.85099062997578,0.0644602426987575,44.58632454053895,-2.829541824044874,0.2679328319669552,1.018168423905259
Post-V1,Response timescale (ms),timescale_ac,774875821,759711152,AM,28,42.83078595257689,11.106756861456656,2.098979751991042,2.046976410762066,39.04390380834082,46.98933917923584,0.03771913110256264,44.58632454053895,-1.7555385879620644,0.23865708083231427,0.9752244674205901
Post-V1,Response timescale (ms),timescale_ac,774875821,759711152,LM,46,43.31623576314259,15.038063574065058,2.217241510141856,2.111558539931471,39.1871309490958,47.38119466214638,0.07000779979900784,44.58632454053895,-1.27008877739636,0.22428165273513193,0.9523358327331589
Post-V1,Response timescale (ms),timescale_ac,774875821,759711152,RL,23,50.44149372994225,18.401398707654394,3.836956869357169,3.7363452634258794,43.3236225841192,58.40785899940258,-0.03667318097789973,44.58632454053895,5.8551691894032984,0.071631821977697,0.9737782807164715
Post-V1,Response timescale (ms),timescale_ac,778240327,760938797,AL,45,38.86917868987993,25.891092851475456,3.8596162418438653,3.894078531046918,31.65954691348085,46.786051224193265,0.010323583430640326,42.774692012116994,-3.905513322237063,0.06594632351797874,1.0089289419060452
Post-V1,Response timescale (ms),timescale_ac,778240327,760938797,AM,21,42.76933076565719,15.421379953105209,3.365220997894246,3.3385243610170847,35.92793890300801,48.82284732123176,-0.1834057596256713,42.774692012116994,-0.005361246459806068,0.08972033795454426,0.9920668993525638
Post-V1,Response timescale (ms),timescale_ac,778240327,760938797,LM,35,41.98804658747921,18.034847323917322,3.048445589837585,3.018393587421258,36.03011866553299,48.08412701672555,-0.0038999815540137206,42.774692012116994,-0.7866454246377828,0.10976105201788941,0.9901418603249769
Post-V1,Response timescale (ms),timescale_ac,778240327,760938797,LP,24,40.80995934625194,17.920719148220847,3.6580514780720885,3.495298443069485,34.22309585830938,48.15330771677355,-0.019311381621122337,42.774692012116994,-1.964732665865057,0.08185241037167106,0.9555082710076077
Post-V1,Response timescale (ms),timescale_ac,778240327,760938797,PM,19,47.603071812209684,25.363726204167225,5.818837860821021,5.743006028277475,37.013492597148186,59.59508017042631,-0.10039241179147496,42.774692012116994,4.828379800092691,0.030319459553753387,0.9869678732493765
Post-V1,Response timescale (ms),timescale_ac,778240327,760938797,RL,13,44.60856487122404,12.007478036017998,3.3302752113746563,3.1992502286683173,38.38045380180696,50.78887940748449,0.15228842732189918,42.774692012116994,1.8338728591070463,0.09770202849884924,0.9606564099390887
Post-V1,Response timescale (ms),timescale_ac,778998620,759674770,AL,13,39.047434641223894,18.428630088508342,5.1111823631288695,4.920516052419656,29.58585010653555,48.67858528184014,-0.21177950617340713,42.54816929710836,-3.5007346558844645,0.041302723890952006,0.9626962418549874
Post-V1,Response timescale (ms),timescale_ac,778998620,759674770,AM,23,45.25394202281097,22.987433490158594,4.793211224876397,4.720232942536974,36.51930533109947,55.35231575283179,0.05253395033994224,42.54816929710836,2.7057727257026087,0.04488209668744741,0.9847746575488534
Post-V1,Response timescale (ms),timescale_ac,778998620,759674770,LM,29,35.56501464986217,15.203157438806631,2.823155461958159,2.632676662672114,30.426947544327533,41.209816633508986,-0.14008361641746347,42.54816929710836,-6.983154647246188,0.14427960766615663,0.9325298227983776
Post-V1,Response timescale (ms),timescale_ac,778998620,759674770,LP,52,40.81663221162807,17.675457990213552,2.451145003885563,2.3002873129244934,36.30063480005479,45.38135581725681,-0.07990902527641452,42.54816929710836,-1.7315370854802907,0.188988697444343,0.9384541956016762
Post-V1,Response timescale (ms),timescale_ac,778998620,759674770,PM,20,50.28376584223841,22.440028021206462,5.017742807241774,5.021832327659261,40.38910443014933,60.13455391227491,-0.11673516254665373,42.54816929710836,7.735596545130051,0.03965295743214441,1.000815011963464
Post-V1,Response timescale (ms),timescale_ac,778998620,759674770,RL,16,44.32222641488663,18.553281856330027,4.638320464082507,4.376104347396616,36.38320798401164,53.31071270556479,0.20568941292446397,42.54816929710836,1.7740571177782698,0.052218532391837456,0.9434674428564395
Post-V1,Response timescale (ms),timescale_ac,779839471,760960653,AM,24,51.404662101678674,20.928756244448778,4.272064479165556,4.196492834520173,43.536303243838184,59.59504823043217,0.09441816001317704,46.774583281669926,4.630078820008748,0.05678413679159924,0.9823102752746502
Post-V1,Response timescale (ms),timescale_ac,779839471,760960653,PM,16,47.636436906640824,19.7708124110109,4.942703102752725,4.782955846840083,39.15357284041615,57.680948093947755,0.3675963723246838,46.774583281669926,0.8618536249708981,0.04371266216579275,0.967680183779666
Post-V1,Response timescale (ms),timescale_ac,779839471,760960653,RL,18,41.28265083669028,11.163838278169072,2.631341916854434,2.501774019179704,36.89207619958282,46.50020986298878,0.18164967555789957,46.774583281669926,-5.491932444979646,0.15977316701718003,0.9507597637369688
Post-V1,Response timescale (ms),timescale_ac,781842082,760946813,AL,103,33.99414765603177,12.6685649328148,1.2482707940627884,1.209538044618925,31.718582235595832,36.35244458726807,-0.04728961843499491,38.93911005986743,-4.94496240383566,0.6835352777180117,0.9689708758483416
Post-V1,Response timescale (ms),timescale_ac,781842082,760946813,AM,41,44.85482151293979,14.316300247873645,2.2358304660372106,2.262080845672122,40.549365598092805,49.317510043310854,-0.14659274164156955,38.93911005986743,5.915711453072362,0.1954266355539849,1.0117407737454431
Post-V1,Response timescale (ms),timescale_ac,781842082,760946813,RL,29,37.96836101063073,13.495386054768838,2.5060302772701695,2.470905647851292,33.2554332824323,42.41144852773464,-0.09426917381851041,38.93911005986743,-0.9707490492367015,0.16379011047899167,0.9859839564839021
Post-V1,Response timescale (ms),timescale_ac,786091066,763884103,AL,91,44.95085081292975,22.524763255635463,2.3612367771633687,2.355131638765599,40.428868666002685,50.06964599264144,0.007977995673122962,49.035031838057265,-4.0841810251275135,0.18028916462563624,0.9974144319380356
Post-V1,Response timescale (ms),timescale_ac,786091066,763884103,AM,31,43.906082856184376,20.474281915886944,3.67728958728421,3.5859484043219867,37.19602971352526,50.98579428587361,0.17672134877306434,49.035031838057265,-5.128948981872888,0.07776638784542952,0.9751607316219875
Post-V1,Response timescale (ms),timescale_ac,786091066,763884103,PM,24,57.99733602912857,29.24553355151205,5.969719538054172,5.934144432577166,47.18333624813224,70.3095365381129,0.08958338379660091,49.035031838057265,8.962304191071304,0.028397739762385684,0.994040740900769
Post-V1,Response timescale (ms),timescale_ac,786091066,763884103,RL,20,49.28585765398635,22.001123579735953,4.91960079056631,4.957106984910107,40.397823998370605,59.07247663753118,0.05005613291886846,49.035031838057265,0.25082581592908326,0.04069522143867782,1.0076238288309323
Post-V1,Response timescale (ms),timescale_ac,787025148,763236014,AL,20,47.35353115856715,10.33372773217349,2.310691767011466,2.2434460355954298,43.26234086743923,51.94140401464364,0.05703134757740713,41.87745169037135,5.476079468195799,0.19868667651320265,0.9708980088231289
Post-V1,Response timescale (ms),timescale_ac,787025148,763236014,AM,24,37.657172056603834,12.676010536848692,2.587479815785197,2.5038257571126854,32.755876107046056,42.367725239780384,-0.003776158852367928,41.87745169037135,-4.220279633767518,0.15951142487724773,0.9676696768175076
Post-V1,Response timescale (ms),timescale_ac,787025148,763236014,LP,8,37.113155293401675,22.47374287395909,7.9456679924096605,7.606203957156074,22.83106565054089,52.07436889473636,-0.08531469058155494,41.87745169037135,-4.7642963969696766,0.0172847883761937,0.9572768412199113
Post-V1,Response timescale (ms),timescale_ac,787025148,763236014,RL,6,45.385948252912755,19.116622630971438,7.804328508536885,6.8744001805729145,32.04268539302433,58.28774102511339,0.20807066290307574,41.87745169037135,3.508496562541403,0.021160717027707457,0.8808445432625299
Post-V1,Response timescale (ms),timescale_ac,789848216,763808604,AL,7,49.66087566273114,21.830580853814993,8.251183987897509,7.737218289333991,35.39974908819074,65.60322096495544,0.37749160055209785,52.80133809874578,-3.1404624360146443,0.016704377674351952,0.937710066904655
Post-V1,Response timescale (ms),timescale_ac,789848216,763808604,AM,8,70.3924525213422,23.37146779200242,8.263061681003949,8.047236516227116,57.39288406910101,87.00801577615229,-0.2847797760122148,52.80133809874578,17.591114422596412,0.015442103831258516,0.9738807268892842
Post-V1,Response timescale (ms),timescale_ac,789848216,763808604,LM,21,43.344371723504686,20.400906472361903,4.451842769300616,4.320743134576066,34.8402407088667,52.01039599775909,0.15424901689340942,52.80133809874578,-9.456966375241095,0.053565245893830465,0.9705516026692143
Post-V1,Response timescale (ms),timescale_ac,789848216,763808604,RL,16,47.80765248740509,18.011434263510953,4.502858565877738,4.193308622878412,39.21104025190572,55.909964675323046,0.008448204531752879,52.80133809874578,-4.993685611340688,0.05687040821889557,0.9312547932673106
Post-V1,Response timescale (ms),timescale_ac,791319847,769360779,AL,14,50.6481883817547,20.70237088110622,5.53294135221606,5.253258510149,39.977420650064154,60.79214703101732,0.19937352705639455,47.86517737761383,2.7830110041408673,0.03623618385608182,0.9494513271941621
Post-V1,Response timescale (ms),timescale_ac,791319847,769360779,AM,10,55.37936468177661,16.543430723267857,5.231492139873316,4.812179602960081,46.48746145509093,65.08347281776155,0.08387072594397438,47.86517737761383,7.514187304162775,0.043183351378074775,0.9198483863299107
Post-V1,Response timescale (ms),timescale_ac,791319847,769360779,LM,22,42.48195052505947,15.430350887578971,3.289761862850266,3.1183403657081494,36.717486842174196,49.135518423155766,0.20439844682893948,47.86517737761383,-5.383226852554365,0.10283784492108514,0.9478924298205598
Post-V1,Response timescale (ms),timescale_ac,791319847,769360779,RL,19,42.951205921864556,18.746383597575225,4.300715350456781,4.142704301870502,34.94926636788089,51.118064273262135,-0.09415004178148223,47.86517737761383,-4.913971455749277,0.05826827072530046,0.9632593567092282
Post-V1,Response timescale (ms),timescale_ac,793224716,769319624,AL,27,34.80753139540638,20.798390699439942,4.00265215634422,3.959499536076737,27.15916589199171,42.37027527008202,-0.18267601800865663,39.31303968165559,-4.50550828624921,0.06378512444398686,0.9892189931620499
Post-V1,Response timescale (ms),timescale_ac,793224716,769319624,LP,16,45.57616650849883,16.527548155997764,4.131887038999441,3.8424989146024173,38.163807276567624,53.30405795041953,-0.2985360941159527,39.31303968165559,6.263126826843241,0.0677286615219674,0.9299622371895481
Post-V1,Response timescale (ms),timescale_ac,793224716,769319624,RL,21,37.55542114106156,16.63406423587159,3.6298504036018735,3.5760808646924382,30.318645730431744,44.548034851037755,0.004113831358708353,39.31303968165559,-1.7576185405940308,0.07819614412982893,0.985186844379019
Post-V1,Response timescale (ms),timescale_ac,794812542,774672366,AL,22,50.25964069408074,19.94545197234643,4.252384648540682,4.1551949873811855,42.385605280294854,58.606070458910125,0.24958708641396754,52.316388280159494,-2.0567475860787567,0.05791848365978133,0.9771446684173198
Post-V1,Response timescale (ms),timescale_ac,794812542,774672366,AM,20,55.05158929366289,15.547277992271722,3.476477045580602,3.4995211940052418,48.089737837493765,61.53925420692447,-0.17734930003540228,52.316388280159494,2.7352010135033993,0.08165499261877099,1.0066285921415572
Post-V1,Response timescale (ms),timescale_ac,794812542,774672366,LM,37,46.190135640490666,14.08925618682211,2.3162594489992947,2.3240973111492718,41.8609276681474,51.039687772590966,0.10330827750990323,52.316388280159494,-6.126252639668827,0.18513621625515636,1.003383844652361
Post-V1,Response timescale (ms),timescale_ac,794812542,774672366,LP,10,49.14227097291808,21.199673397872072,6.703925358895673,6.087215007559516,38.13188241119564,61.99010066807634,0.09094766365804219,52.316388280159494,-3.174117307241417,0.02698750379252402,0.9080075749176082
Post-V1,Response timescale (ms),timescale_ac,794812542,774672366,PM,17,53.457738255647484,16.462737213806612,3.9928002599594854,3.803187139404664,45.9207021655208,61.051459645665716,-0.18216006993828415,52.316388280159494,1.1413499754879908,0.06913605721667349,0.9525112431853164
Post-V1,Response timescale (ms),timescale_ac,794812542,774672366,RL,10,59.79695482415709,17.661925136567955,5.585191129493519,5.022518674469425,49.7390594810729,68.77950792099705,-0.10431820125693747,52.316388280159494,7.480566543997597,0.03964212070935795,0.8992563652740889
Post-V1,Response timescale (ms),timescale_ac,797828357,776061251,AL,24,49.89597063934482,34.54370574528352,7.05120440839936,6.913824808482127,37.101697826114936,64.60267354214041,0.22755987242053521,51.54877719742566,-1.6528065580808402,0.020920076039216032,0.9805168603886186
Post-V1,Response timescale (ms),timescale_ac,797828357,776061251,AM,25,60.450719730373024,19.204338538993856,3.840867707798771,3.8121423269889436,53.15094968662175,67.794246498422,0.0619918713139711,51.54877719742566,8.901942532947366,0.06881162066290561,0.9925211220497125
Post-V1,Response timescale (ms),timescale_ac,797828357,776061251,LM,48,44.842000918861196,23.675726836791522,3.4172968156204084,3.409480407053431,37.825932229752866,51.731880603357574,0.08787761794830118,51.54877719742566,-6.706776278564462,0.08602478618718862,0.9977126925202257
Post-V1,Response timescale (ms),timescale_ac,797828357,776061251,LP,51,40.259319824302956,13.1114271061921,1.8359670249985798,1.802211649610058,36.65255006841792,43.779048369637714,-0.1469724678473554,51.54877719742566,-11.289457373122701,0.3078849176557063,0.9816143890773049
Post-V1,Response timescale (ms),timescale_ac,797828357,776061251,PM,5,72.38897497787052,28.425059736855516,12.712073167220243,11.151812244638007,49.939018718012896,92.58274112225513,-0.6352428138538357,51.54877719742566,20.84019778044486,0.008040982227119976,0.877261489761908
Post-V1,Response timescale (ms),timescale_ac,797828357,776061251,RL,12,41.45567709380145,16.402912249736396,4.735112901439559,4.568907207240805,32.48972964632981,50.2069041671307,-0.0643327843868704,51.54877719742566,-10.09310010362421,0.04790439110929194,0.9648993175752526
Post-V1,Response timescale (ms),timescale_ac,798911424,775876828,AL,32,39.419309887650684,23.832538277170155,4.213037357168743,4.174466468154014,32.175603408080164,48.47986242806014,0.232152653596863,42.760035031282285,-3.3407251436316017,0.05738495510738242,0.9908448737229688
Post-V1,Response timescale (ms),timescale_ac,798911424,775876828,AM,14,42.178800183481385,17.247101544092885,4.609481778063957,4.506795772966297,34.22742479604137,51.45414069772558,0.040992824611635115,42.760035031282285,-0.5812348478009,0.04923390047235584,0.9777228742748627
Post-V1,Response timescale (ms),timescale_ac,798911424,775876828,LM,24,47.42792954778645,23.74884716315495,4.847713127422786,4.816502533439723,38.46051922523579,57.53252992704176,0.01844012167959619,42.760035031282285,4.6678945165041625,0.04310586990672017,0.9935617902374403
Post-V1,Response timescale (ms),timescale_ac,798911424,775876828,LP,33,50.35233246012931,16.75098406615757,2.915972041187954,2.7420003009557656,45.02097670390397,55.64863545048382,-0.09060532995013659,42.760035031282285,7.592297428847026,0.13300409233525512,0.9403383373451987
Post-V1,Response timescale (ms),timescale_ac,798911424,775876828,RL,12,34.421803077363606,15.974775538463094,4.611520478687758,4.351880547642988,26.506018616752275,43.14173148574736,0.19940899254146416,42.760035031282285,-8.33823195391868,0.05280147658852263,0.9436975435228572
Post-V1,Response timescale (ms),timescale_ac,799864342,772616823,AL,41,34.482302869595145,17.626310449290163,2.752767211082091,2.6855766203418523,29.084306004148825,39.67591397201835,-0.16475303775936823,39.98913115714522,-5.5068282875500785,0.138651606235361,0.9755916190552755
Post-V1,Response timescale (ms),timescale_ac,799864342,772616823,AM,6,37.96410174268974,17.193323204237977,7.0191448055228225,6.373343215307825,25.54687970743971,50.50902424617842,0.19936117319230107,39.98913115714522,-2.0250294144554815,0.024618715344189107,0.9079942631035527
Post-V1,Response timescale (ms),timescale_ac,799864342,772616823,LM,16,46.37178901213186,23.008915511494834,5.7522288778737085,5.698856476677721,36.2508459478886,57.955167376841786,0.0763508543986049,39.98913115714522,6.38265785498664,0.03079105438684626,0.9907214399271755
Post-V1,Response timescale (ms),timescale_ac,799864342,772616823,LP,20,44.76627143429507,20.987865147797912,4.69302931730748,4.546788637289095,35.95860392031489,53.69246130300252,-0.021103811124945082,39.98913115714522,4.777140277149847,0.04837160168327054,0.9688387456947983
Post-V1,Response timescale (ms),timescale_ac,799864342,772616823,RL,8,36.36119072701432,16.30471736803488,5.76458810813377,5.3099827476501025,26.021762815839537,47.56505717318039,-0.07299392660719661,39.98913115714522,-3.6279404301309057,0.03546612822666588,0.9211382752841917
Post-V1,Response timescale (ms),timescale_ac,816200189,791857608,AM,25,47.52632397671093,17.76724160405338,3.5534483208106757,3.443092089957483,41.39076789390702,54.5549049392726,-0.028065614240880166,43.48616800798099,4.040155968729934,0.08435342535195091,0.9689439043739867
Post-V1,Response timescale (ms),timescale_ac,816200189,791857608,LM,47,41.131160913627,15.136421892744215,2.20787405069368,2.1304497476155912,36.911512015468304,45.38794478302504,-0.05287024463295609,43.48616800798099,-2.3550070943539936,0.22032176937635808,0.9649326450239483
Post-V1,Response timescale (ms),timescale_ac,816200189,791857608,LP,27,35.629419451669456,14.749697991666773,2.838580701984831,2.750722951820499,30.538128870227126,40.949747634310576,0.05821372934729396,43.48616800798099,-7.856748556311537,0.13216190732179853,0.9690487044800598
Post-V1,Response timescale (ms),timescale_ac,816200189,791857608,PM,27,49.6577676899166,26.88864542853189,5.1747222254357625,5.210375305462363,40.03549056894278,59.80715027641318,0.07999899363676377,43.48616800798099,6.171599681935604,0.03683511129015594,1.0068898538845914
Post-V1,Response timescale (ms),timescale_ac,819186360,800249587,AM,27,42.446610291909245,23.531942636833573,4.528724471976898,4.3829521422183015,34.64681884889908,50.848026031744,-0.05782721626069787,44.66945745537078,-2.2228471634615374,0.05205549047556588,0.9678116143605965
Post-V1,Response timescale (ms),timescale_ac,819186360,800249587,LM,42,44.35656441670511,20.492148649974524,3.162007184612228,3.1504581059449874,38.49379013701564,50.710845974119444,-0.12428624311471026,44.66945745537078,-0.31289303866567053,0.10075174628574468,0.9963475482524379
Post-V1,Response timescale (ms),timescale_ac,819186360,800249587,LP,26,42.767569198244594,13.812926111970048,2.7089376840288693,2.683225631963055,37.44321122835334,47.614066424430135,-0.06516152603371239,44.66945745537078,-1.9018882571261884,0.13889468017928866,0.9905084372307988
Post-V1,Response timescale (ms),timescale_ac,819186360,800249587,PM,6,50.81724758581217,15.98003965026499,6.52382386876543,5.767839058900618,38.96752675875578,61.03884608330211,0.14143673686549363,44.66945745537078,6.147790130441386,0.03005894492123556,0.8841193715415442
Post-V1,Response timescale (ms),timescale_ac,819186360,800249587,RL,72,42.959295784182785,16.297445540304164,1.9206723762612554,1.9042503505956998,39.27951926287409,46.749926840939615,0.0582445122563513,44.66945745537078,-1.710161671187997,0.275773106634838,0.9914498558585393
Post-V1,Response timescale (ms),timescale_ac,819701982,795770036,AM,17,52.68953883435581,20.632857423917645,5.004202971595409,5.023467487430166,44.18194585215557,63.03856526197559,0.272081771651159,41.8351378789973,10.854400955358507,0.03962714722503863,1.0038496671586075
Post-V1,Response timescale (ms),timescale_ac,819701982,795770036,LM,23,34.30579663647455,21.828634493119196,4.551584930998801,4.5425793021402265,26.363297100096975,43.343012393792435,0.21602981993665793,41.8351378789973,-7.529341242522754,0.04846128932866068,0.9980214301182779
Post-V1,Response timescale (ms),timescale_ac,819701982,795770036,LP,49,39.762429073384126,19.197556026508966,2.742508003786995,2.628143512452874,35.003029385178394,45.4644173637234,-0.004652380888288121,41.8351378789973,-2.072708805613175,0.14477775793311118,0.9582993044409712
Post-V1,Response timescale (ms),timescale_ac,819701982,795770036,RL,51,40.58278697177473,16.70950347710933,2.3397984932992975,2.2308029679949852,36.377916541446936,44.82618479346957,-0.008009095095509622,41.8351378789973,-1.2523509072225707,0.20094517044540075,0.9534167042091646
Post-V1,Response timescale (ms),timescale_ac,821695405,800250057,AL,33,41.64004918382891,17.96003257607105,3.126440371730422,3.1622239810601385,35.863295410662296,48.01918273115433,-0.05989410290982278,42.92729546857626,-1.2872462847473543,0.10000339505134152,1.0114454795470513
Post-V1,Response timescale (ms),timescale_ac,821695405,800250057,AM,23,48.16206898533924,20.2754242349289,4.227718204104813,4.150316322605992,40.47188071721736,56.64428989163707,0.30326980160109684,42.92729546857626,5.234773516762978,0.05805472915072486,0.981691806841887
Post-V1,Response timescale (ms),timescale_ac,821695405,800250057,LM,54,42.445713287011095,22.155401144076173,3.0149682138700706,2.964306733854175,36.98415792512059,48.38298412564805,0.01654728927621818,42.92729546857626,-0.48158218156516597,0.11380300210862077,0.9831966785643601
Post-V1,Response timescale (ms),timescale_ac,821695405,800250057,LP,26,37.42365953325918,21.10693824301485,4.139411152820405,4.121828070258053,29.768515056053253,45.448163579925186,4.68181674762036e-05,42.92729546857626,-5.503635935317078,0.058859999618848594,0.9957522744387517
Post-V1,Response timescale (ms),timescale_ac,821695405,800250057,PM,25,44.96498635344289,16.53710759134745,3.30742151826949,3.157140817250995,38.61067931856667,51.00893511554253,0.06215922061468149,42.92729546857626,2.0376908848666275,0.10032567580471656,0.9545625798863626
Post-V1,Response timescale (ms),timescale_ac,829720705,811322619,AL,42,50.21208599013647,15.465868499373322,2.3864353195264947,2.346636570744193,45.367152615839636,54.60399374067029,-0.128382540551371,45.00955330311007,5.202532687026405,0.18159685833077155,0.9833229300385152
Post-V1,Response timescale (ms),timescale_ac,829720705,811322619,AM,36,44.84816593901503,16.58127273729984,2.76354545621664,2.706962342271832,39.809133871784205,50.31629799509411,0.04530192381015041,45.00955330311007,-0.1613873640950345,0.13646949098728398,0.9795251734262147
Post-V1,Response timescale (ms),timescale_ac,829720705,811322619,LM,72,36.718732476124174,13.082407849128323,1.5417765507277923,1.5687481391607583,33.74225807983572,39.875423260195966,-0.02336596857260531,45.00955330311007,-8.290820826985893,0.4063437204672329,1.0174938374956046
Post-V1,Response timescale (ms),timescale_ac,829720705,811322619,RL,57,48.259228807164604,13.545701559144142,1.794172001423283,1.7877119903446141,44.785501623942295,51.72235741282396,-0.046815495073275315,45.00955330311007,3.2496755040545366,0.3128995178856704,0.9963994471691988
Post-V1,Response timescale (ms),timescale_ac,831882777,803390291,AL,39,41.46570434555125,25.806332202428194,4.132320332055595,4.043390894794441,33.8970766417252,49.72297814752129,0.10108906545831786,45.04397531647315,-3.578270970921899,0.06116578339590084,0.9784795393108074
Post-V1,Response timescale (ms),timescale_ac,831882777,803390291,AM,15,49.97387155273027,18.97598632803083,4.899578601754869,4.662802759186041,41.100522865568976,58.91027053501513,0.18212677251707277,45.04397531647315,4.929896236257122,0.04599450088508528,0.9516742434779958
Post-V1,Response timescale (ms),timescale_ac,831882777,803390291,LM,31,42.10758379257967,23.40212069203469,4.203144954959929,4.164457787905678,33.67448537412909,49.734993198984895,-0.23355111376294957,45.04397531647315,-2.9363915238934837,0.0576611196778334,0.9907956619462772
Post-V1,Response timescale (ms),timescale_ac,831882777,803390291,PM,32,46.62874157503141,25.379615100939464,4.4865244854447,4.474048645199709,38.115881199914604,55.82353875886566,-0.12818704927873625,45.04397531647315,1.5847662585582611,0.049957258369166445,0.9972192639791746
Post-V1,Response timescale (ms),timescale_ac,835479236,813701562,AL,22,48.3323080346687,10.849155941066746,2.313047818489157,2.2470580989705007,43.943206092459945,52.73846592097365,-0.10392907501633886,46.80470652726757,1.5276015074011298,0.1980484268350997,0.971470663515396
Post-V1,Response timescale (ms),timescale_ac,835479236,813701562,LM,41,39.42337212327624,19.73078870629882,3.0814314972919097,3.0576133675735346,33.48771492974151,45.37439852505844,-0.044979083837681344,46.80470652726757,-7.381334403991332,0.10696331724103915,0.992270433485441
Post-V1,Response timescale (ms),timescale_ac,835479236,813701562,RL,30,52.658439423857764,21.218072700721812,3.8738723483232995,3.7833391319060814,45.48349165921947,60.324444251160735,-0.1225776431626997,46.80470652726757,5.853732896590195,0.06986335781513492,0.9766297884192279
Post-V1,Response timescale (ms),timescale_ac,839068429,817060751,AM,38,42.47679319854677,19.975371582411068,3.2404331657137724,3.0863291015814966,36.34308164295361,48.51405041666421,0.06449380025935625,38.70628759383238,3.770505604714394,0.10498216679026943,0.952443375236739
Post-V1,Response timescale (ms),timescale_ac,839068429,817060751,LM,53,23.867592016826617,11.042650599456348,1.516824713829653,1.5479858051893851,21.005647057214937,26.8494192427459,0.031272996623957994,38.70628759383238,-14.838695577005762,0.41731697639400317,1.02054363373409
Post-V1,Response timescale (ms),timescale_ac,839068429,817060751,LP,34,39.05582118422827,17.337110151966268,2.973289861522041,2.9019090859135446,33.53103007762083,44.54167270594312,-0.12678516224993785,38.70628759383238,0.34953359039589316,0.11874966563415874,0.975992661686891
Post-V1,Response timescale (ms),timescale_ac,839068429,817060751,PM,43,38.43498632906278,14.052427834485623,2.1429751544611575,2.12602614350433,34.526463786635276,42.772555626149256,0.029382133388182297,38.70628759383238,-0.2713012647695976,0.22123956638991718,0.9920908971242417
Post-V1,Response timescale (ms),timescale_ac,839068429,817060751,RL,28,49.69624524049745,17.701026736687638,3.345179621127192,3.1459593504143095,43.830923056583366,55.948485381664604,0.07230952917001332,38.70628759383238,10.989957646665069,0.10104010446639865,0.9404455684667381
Post-V1,Response timescale (ms),timescale_ac,839557629,821469666,AL,10,38.49872774968821,16.219218999449446,5.128967390733751,4.807919181129368,28.97309788044576,47.4919909450415,0.0893547983726819,48.19815180514529,-9.69942405545708,0.04325991706082065,0.9374049033369942
Post-V1,Response timescale (ms),timescale_ac,839557629,821469666,AM,21,49.91786593211342,21.23163852874444,4.6331233659958215,4.5698280905972615,40.803980390426055,58.666177751093144,-0.1156406937760508,48.19815180514529,1.7197141269681353,0.04788508626421954,0.986338530101938
Post-V1,Response timescale (ms),timescale_ac,839557629,821469666,LM,26,47.793787131020636,22.786401386865823,4.468780973699482,4.326046235761995,39.40179669373133,56.19520682395926,-0.27303558130402195,48.19815180514529,-0.4043646741246505,0.05343400004284807,0.9680595807273759
Post-V1,Response timescale (ms),timescale_ac,839557629,821469666,PM,23,56.58222640775888,23.847836403150637,4.972617634131933,4.7625187297155,47.612897742729544,66.34085766445426,0.18276893142245143,48.19815180514529,8.384074602613595,0.04408863028715764,0.957748831727113
Post-V1,Response timescale (ms),timescale_ac,840012044,820866121,AM,10,40.85596121707029,19.38371749507987,6.129669680570605,5.836252484229308,30.880205577417613,53.5719186670797,0.2905626327681361,42.29412119694181,-1.4381599798715214,0.029358364379992737,0.9521316462987639
Post-V1,Response timescale (ms),timescale_ac,840012044,820866121,LM,34,38.854015934698516,12.151168626693456,2.0839082273059697,1.9882882856386719,34.786522517173054,42.76705871377324,-0.0704552521929287,42.29412119694181,-3.440105262243293,0.25295384917163766,0.9541150898996579
Post-V1,Response timescale (ms),timescale_ac,840012044,820866121,LP,41,45.32208055549316,16.06050685959598,2.508229774100867,2.5528931077999726,40.41301513607839,50.38508625538631,0.020785246122585477,42.29412119694181,3.0279593585513496,0.15343863923645798,1.0178067153816146
Post-V1,Response timescale (ms),timescale_ac,840012044,820866121,PM,29,45.24047231044974,21.264236473466333,3.9486695830171317,3.8732695631612866,38.09915598803155,52.78764487275511,-0.02913927901624902,42.29412119694181,2.94635111350793,0.06665681430553218,0.9809049558919456
Post-V1,Response timescale (ms),timescale_ac,840012044,820866121,RL,51,41.19807596699734,19.347252832308172,2.7091572821735634,2.681579827609523,35.7291838948028,46.75025859432363,-0.026352216516656313,42.29412119694181,-1.0960452299444725,0.1390652241369493,0.9898206520730627
Post-V1,Response timescale (ms),timescale_ac,847657808,827809884,AL,52,44.43035913815366,19.492810326781516,2.70316642831172,2.630171776602721,39.1886151698724,49.59827757223885,0.06892715274070582,49.517591049451774,-5.087231911298112,0.14455455250206492,0.9729966120678007
Post-V1,Response timescale (ms),timescale_ac,847657808,827809884,AM,30,51.0430066743954,25.710244114130997,4.6940268867579915,4.579986116720534,42.698626417153356,60.67909217743247,0.12228657840912405,49.517591049451774,1.5254156249436264,0.047672911586116716,0.9757051306290616
Post-V1,Response timescale (ms),timescale_ac,847657808,827809884,LM,44,47.59418329335845,24.48907376795091,3.6918667796194593,3.655297230561978,40.4007873161991,54.714397356982005,-0.19543832824371066,49.517591049451774,-1.9234077560933258,0.07484358900257346,0.9900945642840203
Post-V1,Response timescale (ms),timescale_ac,847657808,827809884,LP,18,47.455058657631824,15.558315906987383,3.667130227224437,3.594259389895341,40.5886426392832,54.62422492763027,-0.054470249787897274,49.517591049451774,-2.06253239181995,0.07740716608549773,0.9801286475216753
Post-V1,Response timescale (ms),timescale_ac,847657808,827809884,PM,13,57.934411274514225,25.08276119277727,6.956706277752057,6.697114392097985,45.53725116778061,70.88734998116912,0.03369904297004922,49.517591049451774,8.416820225062452,0.022295877306497493,0.9626846563172774
Post-V1,Response timescale (ms),timescale_ac,847657808,827809884,RL,17,48.6485272586571,23.11732431756332,5.606774702527839,5.384042624648905,38.663757260448335,58.74697127990523,0.024346659948378147,49.517591049451774,-0.8690637907946765,0.03449713442828513,0.9602744733476603
