stimulus_presentation_id,stimulus_block,start_time,stop_time,Dir,y_position,spatial_frequency,size,x_position,color,frame,Speed,stimulus_name,coherence,orientation,temporal_frequency,contrast,phase,duration,stimulus_condition_id,gaze_dx_deg,gaze_dy_deg,gaze_samples,gaze_within_trial_sd_deg,valid_gaze,repeat_index_within_condition,trial_split,orientation_index
1,0.0,69.142649,69.376174,null,-10.0,0.08,"[20.0, 20.0]",20.0,null,null,null,gabors,null,0.0,4.0,0.8,"[3644.93333333, 3644.93333333]",0.23352508,1,,,0,,False,0,train,0
2,0.0,69.376174,69.62638,null,30.0,0.08,"[20.0, 20.0]",0.0,null,null,null,gabors,null,45.0,4.0,0.8,"[3644.93333333, 3644.93333333]",0.25020545,2,,,0,,False,0,train,1
3,0.0,69.62638,69.876585,null,40.0,0.08,"[20.0, 20.0]",-20.0,null,null,null,gabors,null,0.0,4.0,0.8,"[3644.93333333, 3644.93333333]",0.25020545,3,,,0,,False,0,train,0
4,0.0,69.876585,70.126791,null,-40.0,0.08,"[20.0, 20.0]",0.0,null,null,null,gabors,null,90.0,4.0,0.8,"[3644.93333333, 3644.93333333]",0.25020545,4,,,0,,False,0,train,2
5,0.0,70.126791,70.377003,null,20.0,0.08,"[20.0, 20.0]",20.0,null,null,null,gabors,null,45.0,4.0,0.8,"[3644.93333333, 3644.93333333]",0.25021214,5,,,0,,False,0,train,1
6,0.0,70.377003,70.627215,null,30.0,0.08,"[20.0, 20.0]",-40.0,null,null,null,gabors,null,90.0,4.0,0.8,"[3644.93333333, 3644.93333333]",0.25021214,6,,,0,,False,0,train,2
7,0.0,70.627215,70.877427,null,40.0,0.08,"[20.0, 20.0]",20.0,null,null,null,gabors,null,45.0,4.0,0.8,"[3644.93333333, 3644.93333333]",0.25021214,7,,,0,,False,0,train,1
8,0.0,70.877427,71.127639,null,40.0,0.08,"[20.0, 20.0]",10.0,null,null,null,gabors,null,90.0,4.0,0.8,"[3644.93333333, 3644.93333333]",0.25021214,8,,,0,,False,0,train,2
9,0.0,71.127639,71.377844,null,30.0,0.08,"[20.0, 20.0]",-30.0,null,null,null,gabors,null,0.0,4.0,0.8,"[3644.93333333, 3644.93333333]",0.25020536,9,,,0,,False,0,train,0
10,0.0,71.377844,71.62805,null,-10.0,0.08,"[20.0, 20.0]",10.0,null,null,null,gabors,null,90.0,4.0,0.8,"[3644.93333333, 3644.93333333]",0.25020536,10,,,0,,False,0,train,2
11,0.0,71.62805,71.878255,null,0.0,0.08,"[20.0, 20.0]",-40.0,null,null,null,gabors,null,0.0,4.0,0.8,"[3644.93333333, 3644.93333333]",0.25020536,11,,,0,,False,0,train,0
12,0.0,71.878255,72.128461,null,10.0,0.08,"[20.0, 20.0]",30.0,null,null,null,gabors,null,45.0,4.0,0.8,"[3644.93333333, 3644.93333333]",0.25020536,12,,,0,,False,0,train,1
13,0.0,72.128461,72.378675,null,-30.0,0.08,"[20.0, 20.0]",-20.0,null,null,null,gabors,null,90.0,4.0,0.8,"[3644.93333333, 3644.93333333]",0.25021464,13,,,0,,False,0,train,2
14,0.0,72.378675,72.62889,null,10.0,0.08,"[20.0, 20.0]",20.0,null,null,null,gabors,null,45.0,4.0,0.8,"[3644.93333333, 3644.93333333]",0.25021464,14,,,0,,False,0,train,1
15,0.0,72.62889,72.879104,null,10.0,0.08,"[20.0, 20.0]",0.0,null,null,null,gabors,null,90.0,4.0,0.8,"[3644.93333333, 3644.93333333]",0.25021464,15,,,0,,False,0,train,2
16,0.0,72.879104,73.129319,null,-10.0,0.08,"[20.0, 20.0]",-20.0,null,null,null,gabors,null,90.0,4.0,0.8,"[3644.93333333, 3644.93333333]",0.25021464,16,,,0,,False,0,train,2
17,0.0,73.129319,73.379524,null,-40.0,0.08,"[20.0, 20.0]",10.0,null,null,null,gabors,null,45.0,4.0,0.8,"[3644.93333333, 3644.93333333]",0.25020536,17,,,0,,False,0,train,1
18,0.0,73.379524,73.62973,null,40.0,0.08,"[20.0, 20.0]",0.0,null,null,null,gabors,null,0.0,4.0,0.8,"[3644.93333333, 3644.93333333]",0.25020536,18,,,0,,False,0,train,0
19,0.0,73.62973,73.879935,null,10.0,0.08,"[20.0, 20.0]",-40.0,null,null,null,gabors,null,0.0,4.0,0.8,"[3644.93333333, 3644.93333333]",0.25020536,19,,,0,,False,0,train,0
20,0.0,73.879935,74.130141,null,30.0,0.08,"[20.0, 20.0]",10.0,null,null,null,gabors,null,45.0,4.0,0.8,"[3644.93333333, 3644.93333333]",0.25020536,20,,,0,,False,0,train,1
21,0.0,74.130141,74.380353,null,20.0,0.08,"[20.0, 20.0]",10.0,null,null,null,gabors,null,0.0,4.0,0.8,"[3644.93333333, 3644.93333333]",0.25021214,21,,,0,,False,0,train,0
22,0.0,74.380353,74.630565,null,-30.0,0.08,"[20.0, 20.0]",40.0,null,null,null,gabors,null,0.0,4.0,0.8,"[3644.93333333, 3644.93333333]",0.25021214,22,,,0,,False,0,train,0
23,0.0,74.630565,74.880777,null,-10.0,0.08,"[20.0, 20.0]",10.0,null,null,null,gabors,null,0.0,4.0,0.8,"[3644.93333333, 3644.93333333]",0.25021214,23,,,0,,False,0,train,0
24,0.0,74.880777,75.130989,null,40.0,0.08,"[20.0, 20.0]",-20.0,null,null,null,gabors,null,0.0,4.0,0.8,"[3644.93333333, 3644.93333333]",0.25021214,3,,,0,,False,1,train,0
25,0.0,75.130989,75.381192,null,-10.0,0.08,"[20.0, 20.0]",20.0,null,null,null,gabors,null,0.0,4.0,0.8,"[3644.93333333, 3644.93333333]",0.25020286,1,,,0,,False,1,train,0
26,0.0,75.381192,75.631395,null,20.0,0.08,"[20.0, 20.0]",20.0,null,null,null,gabors,null,90.0,4.0,0.8,"[3644.93333333, 3644.93333333]",0.25020286,24,,,0,,False,0,train,2
27,0.0,75.631395,75.881598,null,-10.0,0.08,"[20.0, 20.0]",10.0,null,null,null,gabors,null,45.0,4.0,0.8,"[3644.93333333, 3644.93333333]",0.25020286,25,,,0,,False,0,train,1
28,0.0,75.881598,76.131801,null,20.0,0.08,"[20.0, 20.0]",-20.0,null,null,null,gabors,null,90.0,4.0,0.8,"[3644.93333333, 3644.93333333]",0.25020286,26,,,0,,False,0,train,2
29,0.0,76.131801,76.38201,null,-10.0,0.08,"[20.0, 20.0]",30.0,null,null,null,gabors,null,0.0,4.0,0.8,"[3644.93333333, 3644.93333333]",0.25020964,27,,,0,,False,0,train,0
30,0.0,76.38201,76.63222,null,20.0,0.08,"[20.0, 20.0]",-30.0,null,null,null,gabors,null,90.0,4.0,0.8,"[3644.93333333, 3644.93333333]",0.25020964,28,,,0,,False,0,train,2
31,0.0,76.63222,76.882429,null,-20.0,0.08,"[20.0, 20.0]",-10.0,null,null,null,gabors,null,45.0,4.0,0.8,"[3644.93333333, 3644.93333333]",0.25020964,29,,,0,,False,0,train,1
32,0.0,76.882429,77.132639,null,20.0,0.08,"[20.0, 20.0]",40.0,null,null,null,gabors,null,0.0,4.0,0.8,"[3644.93333333, 3644.93333333]",0.25020964,30,,,0,,False,0,train,0
33,0.0,77.132639,77.382847,null,-20.0,0.08,"[20.0, 20.0]",-10.0,null,null,null,gabors,null,45.0,4.0,0.8,"[3644.93333333, 3644.93333333]",0.25020786,29,,,0,,False,1,train,1
34,0.0,77.382847,77.633055,null,-40.0,0.08,"[20.0, 20.0]",-40.0,null,null,null,gabors,null,90.0,4.0,0.8,"[3644.93333333, 3644.93333333]",0.25020786,31,,,0,,False,0,train,2
35,0.0,77.633055,77.883263,null,-10.0,0.08,"[20.0, 20.0]",10.0,null,null,null,gabors,null,90.0,4.0,0.8,"[3644.93333333, 3644.93333333]",0.25020786,10,,,0,,False,1,train,2
36,0.0,77.883263,78.133471,null,-20.0,0.08,"[20.0, 20.0]",-20.0,null,null,null,gabors,null,45.0,4.0,0.8,"[3644.93333333, 3644.93333333]",0.25020786,32,,,0,,False,0,train,1
37,0.0,78.133471,78.383683,null,-40.0,0.08,"[20.0, 20.0]",-10.0,null,null,null,gabors,null,90.0,4.0,0.8,"[3644.93333333, 3644.93333333]",0.25021214,33,,,0,,False,0,train,2
38,0.0,78.383683,78.633895,null,40.0,0.08,"[20.0, 20.0]",-40.0,null,null,null,gabors,null,45.0,4.0,0.8,"[3644.93333333, 3644.93333333]",0.25021214,34,,,0,,False,0,train,1
39,0.0,78.633895,78.884107,null,20.0,0.08,"[20.0, 20.0]",20.0,null,null,null,gabors,null,45.0,4.0,0.8,"[3644.93333333, 3644.93333333]",0.25021214,5,,,0,,False,1,train,1
40,0.0,78.884107,79.134319,null,10.0,0.08,"[20.0, 20.0]",20.0,null,null,null,gabors,null,45.0,4.0,0.8,"[3644.93333333, 3644.93333333]",0.25021214,14,,,0,,False,1,train,1
41,0.0,79.134319,79.401207,null,20.0,0.08,"[20.0, 20.0]",20.0,null,null,null,gabors,null,90.0,4.0,0.8,"[3644.93333333, 3644.93333333]",0.26688824,24,,,0,,False,1,train,2
42,0.0,79.401207,79.651415,null,10.0,0.08,"[20.0, 20.0]",30.0,null,null,null,gabors,null,45.0,4.0,0.8,"[3644.93333333, 3644.93333333]",0.25020773,12,,,0,,False,1,train,1
43,0.0,79.651415,79.901623,null,10.0,0.08,"[20.0, 20.0]",-40.0,null,null,null,gabors,null,45.0,4.0,0.8,"[3644.93333333, 3644.93333333]",0.25020773,35,,,0,,False,0,train,1
44,0.0,79.901623,80.151831,null,20.0,0.08,"[20.0, 20.0]",-20.0,null,null,null,gabors,null,45.0,4.0,0.8,"[3644.93333333, 3644.93333333]",0.25020773,36,,,0,,False,0,train,1
45,0.0,80.151831,80.402045,null,30.0,0.08,"[20.0, 20.0]",-40.0,null,null,null,gabors,null,0.0,4.0,0.8,"[3644.93333333, 3644.93333333]",0.25021464,37,,,0,,False,0,train,0
46,0.0,80.402045,80.65226,null,10.0,0.08,"[20.0, 20.0]",40.0,null,null,null,gabors,null,45.0,4.0,0.8,"[3644.93333333, 3644.93333333]",0.25021464,38,,,0,,False,0,train,1
47,0.0,80.65226,80.902474,null,10.0,0.08,"[20.0, 20.0]",40.0,null,null,null,gabors,null,90.0,4.0,0.8,"[3644.93333333, 3644.93333333]",0.25021464,39,,,0,,False,0,train,2
48,0.0,80.902474,81.152689,null,-30.0,0.08,"[20.0, 20.0]",0.0,null,null,null,gabors,null,0.0,4.0,0.8,"[3644.93333333, 3644.93333333]",0.25021464,40,,,0,,False,0,train,0
49,0.0,81.152689,81.402892,null,20.0,0.08,"[20.0, 20.0]",-30.0,null,null,null,gabors,null,45.0,4.0,0.8,"[3644.93333333, 3644.93333333]",0.25020286,41,,,0,,False,0,train,1
50,0.0,81.402892,81.653095,null,-40.0,0.08,"[20.0, 20.0]",30.0,null,null,null,gabors,null,90.0,4.0,0.8,"[3644.93333333, 3644.93333333]",0.25020286,42,,,0,,False,0,train,2
51,0.0,81.653095,81.903298,null,-10.0,0.08,"[20.0, 20.0]",10.0,null,null,null,gabors,null,90.0,4.0,0.8,"[3644.93333333, 3644.93333333]",0.25020286,10,,,0,,False,2,test,2
52,0.0,81.903298,82.153501,null,-30.0,0.08,"[20.0, 20.0]",-30.0,null,null,null,gabors,null,0.0,4.0,0.8,"[3644.93333333, 3644.93333333]",0.25020286,43,,,0,,False,0,train,0
53,0.0,82.153501,82.403698,null,20.0,0.08,"[20.0, 20.0]",-20.0,null,null,null,gabors,null,90.0,4.0,0.8,"[3644.93333333, 3644.93333333]",0.25019714,26,,,0,,False,1,train,2
54,0.0,82.403698,82.653895,null,0.0,0.08,"[20.0, 20.0]",-20.0,null,null,null,gabors,null,90.0,4.0,0.8,"[3644.93333333, 3644.93333333]",0.25019714,44,,,0,,False,0,train,2
55,0.0,82.653895,82.904092,null,40.0,0.08,"[20.0, 20.0]",40.0,null,null,null,gabors,null,0.0,4.0,0.8,"[3644.93333333, 3644.93333333]",0.25019714,45,,,0,,False,0,train,0
56,0.0,82.904092,83.154289,null,-30.0,0.08,"[20.0, 20.0]",-30.0,null,null,null,gabors,null,45.0,4.0,0.8,"[3644.93333333, 3644.93333333]",0.25019714,46,,,0,,False,0,train,1
57,0.0,83.154289,83.404512,null,-30.0,0.08,"[20.0, 20.0]",-40.0,null,null,null,gabors,null,45.0,4.0,0.8,"[3644.93333333, 3644.93333333]",0.25022286,47,,,0,,False,0,train,1
58,0.0,83.404512,83.654735,null,20.0,0.08,"[20.0, 20.0]",-10.0,null,null,null,gabors,null,0.0,4.0,0.8,"[3644.93333333, 3644.93333333]",0.25022286,48,,,0,,False,0,train,0
59,0.0,83.654735,83.904958,null,20.0,0.08,"[20.0, 20.0]",10.0,null,null,null,gabors,null,0.0,4.0,0.8,"[3644.93333333, 3644.93333333]",0.25022286,21,,,0,,False,1,train,0
60,0.0,83.904958,84.155181,null,20.0,0.08,"[20.0, 20.0]",20.0,null,null,null,gabors,null,90.0,4.0,0.8,"[3644.93333333, 3644.93333333]",0.25022286,24,,,0,,False,2,test,2
61,0.0,84.155181,84.40539,null,30.0,0.08,"[20.0, 20.0]",-20.0,null,null,null,gabors,null,45.0,4.0,0.8,"[3644.93333333, 3644.93333333]",0.25020964,49,,,0,,False,0,train,1
62,0.0,84.40539,84.6556,null,20.0,0.08,"[20.0, 20.0]",-10.0,null,null,null,gabors,null,90.0,4.0,0.8,"[3644.93333333, 3644.93333333]",0.25020964,50,,,0,,False,0,train,2
63,0.0,84.6556,84.905809,null,-20.0,0.08,"[20.0, 20.0]",-10.0,null,null,null,gabors,null,45.0,4.0,0.8,"[3644.93333333, 3644.93333333]",0.25020964,29,,,0,,False,2,test,1
64,0.0,84.905809,85.156019,null,40.0,0.08,"[20.0, 20.0]",20.0,null,null,null,gabors,null,45.0,4.0,0.8,"[3644.93333333, 3644.93333333]",0.25020964,7,,,0,,False,1,train,1
65,0.0,85.156019,85.406222,null,10.0,0.08,"[20.0, 20.0]",30.0,null,null,null,gabors,null,90.0,4.0,0.8,"[3644.93333333, 3644.93333333]",0.25020286,51,,,0,,False,0,train,2
66,0.0,85.406222,85.656425,null,-30.0,0.08,"[20.0, 20.0]",-10.0,null,null,null,gabors,null,0.0,4.0,0.8,"[3644.93333333, 3644.93333333]",0.25020286,52,,,0,,False,0,train,0
67,0.0,85.656425,85.906628,null,-40.0,0.08,"[20.0, 20.0]",-40.0,null,null,null,gabors,null,0.0,4.0,0.8,"[3644.93333333, 3644.93333333]",0.25020286,53,,,0,,False,0,train,0
68,0.0,85.906628,86.156831,null,-20.0,0.08,"[20.0, 20.0]",-30.0,null,null,null,gabors,null,0.0,4.0,0.8,"[3644.93333333, 3644.93333333]",0.25020286,54,,,0,,False,0,train,0
69,0.0,86.156831,86.407035,null,-40.0,0.08,"[20.0, 20.0]",20.0,null,null,null,gabors,null,90.0,4.0,0.8,"[3644.93333333, 3644.93333333]",0.25020464,55,,,0,,False,0,train,2
70,0.0,86.407035,86.65724,null,10.0,0.08,"[20.0, 20.0]",40.0,null,null,null,gabors,null,0.0,4.0,0.8,"[3644.93333333, 3644.93333333]",0.25020464,56,,,0,,False,0,train,0
71,0.0,86.65724,86.907444,null,10.0,0.08,"[20.0, 20.0]",-20.0,null,null,null,gabors,null,90.0,4.0,0.8,"[3644.93333333, 3644.93333333]",0.25020464,57,,,0,,False,0,train,2
72,0.0,86.907444,87.157649,null,10.0,0.08,"[20.0, 20.0]",10.0,null,null,null,gabors,null,45.0,4.0,0.8,"[3644.93333333, 3644.93333333]",0.25020464,58,,,0,,False,0,train,1
73,0.0,87.157649,87.407864,null,0.0,0.08,"[20.0, 20.0]",30.0,null,null,null,gabors,null,90.0,4.0,0.8,"[3644.93333333, 3644.93333333]",0.25021536,59,,,0,,False,0,train,2
74,0.0,87.407864,87.65808,null,30.0,0.08,"[20.0, 20.0]",-10.0,null,null,null,gabors,null,45.0,4.0,0.8,"[3644.93333333, 3644.93333333]",0.25021536,60,,,0,,False,0,train,1
75,0.0,87.65808,87.908295,null,-40.0,0.08,"[20.0, 20.0]",30.0,null,null,null,gabors,null,45.0,4.0,0.8,"[3644.93333333, 3644.93333333]",0.25021536,61,,,0,,False,0,train,1
76,0.0,87.908295,88.158511,null,40.0,0.08,"[20.0, 20.0]",10.0,null,null,null,gabors,null,0.0,4.0,0.8,"[3644.93333333, 3644.93333333]",0.25021536,62,,,0,,False,0,train,0
77,0.0,88.158511,88.40872,null,-30.0,0.08,"[20.0, 20.0]",40.0,null,null,null,gabors,null,45.0,4.0,0.8,"[3644.93333333, 3644.93333333]",0.25020964,63,,,0,,False,0,train,1
78,0.0,88.40872,88.65893,null,20.0,0.08,"[20.0, 20.0]",30.0,null,null,null,gabors,null,90.0,4.0,0.8,"[3644.93333333, 3644.93333333]",0.25020964,64,,,0,,False,0,train,2
79,0.0,88.65893,88.909139,null,40.0,0.08,"[20.0, 20.0]",0.0,null,null,null,gabors,null,0.0,4.0,0.8,"[3644.93333333, 3644.93333333]",0.25020964,18,,,0,,False,1,train,0
80,0.0,88.909139,89.159349,null,-40.0,0.08,"[20.0, 20.0]",-20.0,null,null,null,gabors,null,90.0,4.0,0.8,"[3644.93333333, 3644.93333333]",0.25020964,65,,,0,,False,0,train,2
81,0.0,89.159349,89.409559,null,-30.0,0.08,"[20.0, 20.0]",30.0,null,null,null,gabors,null,0.0,4.0,0.8,"[3644.93333333, 3644.93333333]",0.25021036,66,,,0,,False,0,train,0
82,0.0,89.409559,89.65977,null,40.0,0.08,"[20.0, 20.0]",-10.0,null,null,null,gabors,null,45.0,4.0,0.8,"[3644.93333333, 3644.93333333]",0.25021036,67,,,0,,False,0,train,1
83,0.0,89.65977,89.90998,null,10.0,0.08,"[20.0, 20.0]",40.0,null,null,null,gabors,null,90.0,4.0,0.8,"[3644.93333333, 3644.93333333]",0.25021036,39,,,0,,False,1,train,2
84,0.0,89.90998,90.160191,null,-40.0,0.08,"[20.0, 20.0]",10.0,null,null,null,gabors,null,45.0,4.0,0.8,"[3644.93333333, 3644.93333333]",0.25021036,17,,,0,,False,1,train,1
85,0.0,90.160191,90.41039,null,-40.0,0.08,"[20.0, 20.0]",10.0,null,null,null,gabors,null,0.0,4.0,0.8,"[3644.93333333, 3644.93333333]",0.25019964,68,,,0,,False,0,train,0
86,0.0,90.41039,90.66059,null,30.0,0.08,"[20.0, 20.0]",0.0,null,null,null,gabors,null,0.0,4.0,0.8,"[3644.93333333, 3644.93333333]",0.25019964,69,,,0,,False,0,train,0
87,0.0,90.66059,90.910789,null,-10.0,0.08,"[20.0, 20.0]",30.0,null,null,null,gabors,null,90.0,4.0,0.8,"[3644.93333333, 3644.93333333]",0.25019964,70,,,0,,False,0,train,2
88,0.0,90.910789,91.160989,null,10.0,0.08,"[20.0, 20.0]",40.0,null,null,null,gabors,null,0.0,4.0,0.8,"[3644.93333333, 3644.93333333]",0.25019964,56,,,0,,False,1,train,0
89,0.0,91.160989,91.411207,null,-30.0,0.08,"[20.0, 20.0]",40.0,null,null,null,gabors,null,45.0,4.0,0.8,"[3644.93333333, 3644.93333333]",0.25021786,63,,,0,,False,1,train,1
90,0.0,91.411207,91.661425,null,40.0,0.08,"[20.0, 20.0]",0.0,null,null,null,gabors,null,45.0,4.0,0.8,"[3644.93333333, 3644.93333333]",0.25021786,71,,,0,,False,0,train,1
91,0.0,91.661425,91.911643,null,-20.0,0.08,"[20.0, 20.0]",30.0,null,null,null,gabors,null,45.0,4.0,0.8,"[3644.93333333, 3644.93333333]",0.25021786,72,,,0,,False,0,train,1
92,0.0,91.911643,92.161861,null,30.0,0.08,"[20.0, 20.0]",20.0,null,null,null,gabors,null,45.0,4.0,0.8,"[3644.93333333, 3644.93333333]",0.25021786,73,,,0,,False,0,train,1
93,0.0,92.161861,92.412065,null,-20.0,0.08,"[20.0, 20.0]",-10.0,null,null,null,gabors,null,45.0,4.0,0.8,"[3644.93333333, 3644.93333333]",0.25020464,29,,,0,,False,3,train,1
94,0.0,92.412065,92.66227,null,-40.0,0.08,"[20.0, 20.0]",-10.0,null,null,null,gabors,null,45.0,4.0,0.8,"[3644.93333333, 3644.93333333]",0.25020464,74,,,0,,False,0,train,1
95,0.0,92.66227,92.912474,null,30.0,0.08,"[20.0, 20.0]",-40.0,null,null,null,gabors,null,45.0,4.0,0.8,"[3644.93333333, 3644.93333333]",0.25020464,75,,,0,,False,0,train,1
96,0.0,92.912474,93.162679,null,30.0,0.08,"[20.0, 20.0]",20.0,null,null,null,gabors,null,90.0,4.0,0.8,"[3644.93333333, 3644.93333333]",0.25020464,76,,,0,,False,0,train,2
97,0.0,93.162679,93.412889,null,-30.0,0.08,"[20.0, 20.0]",20.0,null,null,null,gabors,null,45.0,4.0,0.8,"[3644.93333333, 3644.93333333]",0.25021036,77,,,0,,False,0,train,1
98,0.0,93.412889,93.6631,null,40.0,0.08,"[20.0, 20.0]",-20.0,null,null,null,gabors,null,45.0,4.0,0.8,"[3644.93333333, 3644.93333333]",0.25021036,78,,,0,,False,0,train,1
99,0.0,93.6631,93.91331,null,30.0,0.08,"[20.0, 20.0]",-20.0,null,null,null,gabors,null,45.0,4.0,0.8,"[3644.93333333, 3644.93333333]",0.25021036,49,,,0,,False,1,train,1
100,0.0,93.91331,94.163521,null,-20.0,0.08,"[20.0, 20.0]",40.0,null,null,null,gabors,null,90.0,4.0,0.8,"[3644.93333333, 3644.93333333]",0.25021036,79,,,0,,False,0,train,2
101,0.0,94.163521,94.413733,null,-30.0,0.08,"[20.0, 20.0]",-30.0,null,null,null,gabors,null,90.0,4.0,0.8,"[3644.93333333, 3644.93333333]",0.25021214,80,,,0,,False,0,train,2
102,0.0,94.413733,94.663945,null,10.0,0.08,"[20.0, 20.0]",-10.0,null,null,null,gabors,null,90.0,4.0,0.8,"[3644.93333333, 3644.93333333]",0.25021214,81,,,0,,False,0,train,2
103,0.0,94.663945,94.914157,null,-10.0,0.08,"[20.0, 20.0]",20.0,null,null,null,gabors,null,90.0,4.0,0.8,"[3644.93333333, 3644.93333333]",0.25021214,82,,,0,,False,0,train,2
104,0.0,94.914157,95.164369,null,40.0,0.08,"[20.0, 20.0]",-10.0,null,null,null,gabors,null,0.0,4.0,0.8,"[3644.93333333, 3644.93333333]",0.25021214,83,,,0,,False,0,train,0
105,0.0,95.164369,95.414574,null,-30.0,0.08,"[20.0, 20.0]",0.0,null,null,null,gabors,null,90.0,4.0,0.8,"[3644.93333333, 3644.93333333]",0.25020536,84,,,0,,False,0,train,2
106,0.0,95.414574,95.66478,null,-30.0,0.08,"[20.0, 20.0]",10.0,null,null,null,gabors,null,90.0,4.0,0.8,"[3644.93333333, 3644.93333333]",0.25020536,85,,,0,,False,0,train,2
107,0.0,95.66478,95.914985,null,10.0,0.08,"[20.0, 20.0]",-40.0,null,null,null,gabors,null,45.0,4.0,0.8,"[3644.93333333, 3644.93333333]",0.25020536,35,,,0,,False,1,train,1
108,0.0,95.914985,96.165191,null,-40.0,0.08,"[20.0, 20.0]",-30.0,null,null,null,gabors,null,90.0,4.0,0.8,"[3644.93333333, 3644.93333333]",0.25020536,86,,,0,,False,0,train,2
109,0.0,96.165191,96.415398,null,-30.0,0.08,"[20.0, 20.0]",10.0,null,null,null,gabors,null,0.0,4.0,0.8,"[3644.93333333, 3644.93333333]",0.25020714,87,,,0,,False,0,train,0
110,0.0,96.415398,96.665605,null,-20.0,0.08,"[20.0, 20.0]",-30.0,null,null,null,gabors,null,0.0,4.0,0.8,"[3644.93333333, 3644.93333333]",0.25020714,54,,,0,,False,1,train,0
111,0.0,96.665605,96.915812,null,30.0,0.08,"[20.0, 20.0]",-10.0,null,null,null,gabors,null,0.0,4.0,0.8,"[3644.93333333, 3644.93333333]",0.25020714,88,,,0,,False,0,train,0
112,0.0,96.915812,97.166019,null,-40.0,0.08,"[20.0, 20.0]",0.0,null,null,null,gabors,null,0.0,4.0,0.8,"[3644.93333333, 3644.93333333]",0.25020714,89,,,0,,False,0,train,0
113,0.0,97.166019,97.416232,null,0.0,0.08,"[20.0, 20.0]",10.0,null,null,null,gabors,null,0.0,4.0,0.8,"[3644.93333333, 3644.93333333]",0.25021286,90,,,0,,False,0,train,0
114,0.0,97.416232,97.666445,null,10.0,0.08,"[20.0, 20.0]",20.0,null,null,null,gabors,null,45.0,4.0,0.8,"[3644.93333333, 3644.93333333]",0.25021286,14,,,0,,False,2,test,1
115,0.0,97.666445,97.916658,null,-10.0,0.08,"[20.0, 20.0]",-40.0,null,null,null,gabors,null,90.0,4.0,0.8,"[3644.93333333, 3644.93333333]",0.25021286,91,,,0,,False,0,train,2
116,0.0,97.916658,98.166871,null,40.0,0.08,"[20.0, 20.0]",10.0,null,null,null,gabors,null,0.0,4.0,0.8,"[3644.93333333, 3644.93333333]",0.25021286,62,,,0,,False,1,train,0
117,0.0,98.166871,98.417083,null,-40.0,0.08,"[20.0, 20.0]",30.0,null,null,null,gabors,null,45.0,4.0,0.8,"[3644.93333333, 3644.93333333]",0.25021214,61,,,0,,False,1,train,1
118,0.0,98.417083,98.667295,null,20.0,0.08,"[20.0, 20.0]",30.0,null,null,null,gabors,null,90.0,4.0,0.8,"[3644.93333333, 3644.93333333]",0.25021214,64,,,0,,False,1,train,2
119,0.0,98.667295,98.917507,null,30.0,0.08,"[20.0, 20.0]",-30.0,null,null,null,gabors,null,90.0,4.0,0.8,"[3644.93333333, 3644.93333333]",0.25021214,92,,,0,,False,0,train,2
120,0.0,98.917507,99.167719,null,-10.0,0.08,"[20.0, 20.0]",20.0,null,null,null,gabors,null,45.0,4.0,0.8,"[3644.93333333, 3644.93333333]",0.25021214,93,,,0,,False,0,train,1
121,0.0,99.167719,99.417922,null,10.0,0.08,"[20.0, 20.0]",10.0,null,null,null,gabors,null,0.0,4.0,0.8,"[3644.93333333, 3644.93333333]",0.25020286,94,,,0,,False,0,train,0
122,0.0,99.417922,99.668125,null,10.0,0.08,"[20.0, 20.0]",-10.0,null,null,null,gabors,null,0.0,4.0,0.8,"[3644.93333333, 3644.93333333]",0.25020286,95,,,0,,False,0,train,0
123,0.0,99.668125,99.918328,null,-10.0,0.08,"[20.0, 20.0]",-20.0,null,null,null,gabors,null,0.0,4.0,0.8,"[3644.93333333, 3644.93333333]",0.25020286,96,,,0,,False,0,train,0
124,0.0,99.918328,100.16853,null,0.0,0.08,"[20.0, 20.0]",40.0,null,null,null,gabors,null,90.0,4.0,0.8,"[3644.93333333, 3644.93333333]",0.25020286,97,,,0,,False,0,train,2
125,0.0,100.16853,100.41874,null,40.0,0.08,"[20.0, 20.0]",20.0,null,null,null,gabors,null,0.0,4.0,0.8,"[3644.93333333, 3644.93333333]",0.25020714,98,,,0,,False,0,train,0
126,0.0,100.41874,100.66894,null,-30.0,0.08,"[20.0, 20.0]",0.0,null,null,null,gabors,null,45.0,4.0,0.8,"[3644.93333333, 3644.93333333]",0.25020714,99,,,0,,False,0,train,1
127,0.0,100.66894,100.91915,null,-40.0,0.08,"[20.0, 20.0]",10.0,null,null,null,gabors,null,45.0,4.0,0.8,"[3644.93333333, 3644.93333333]",0.25020714,17,,,0,,False,2,test,1
128,0.0,100.91915,101.16936,null,30.0,0.08,"[20.0, 20.0]",20.0,null,null,null,gabors,null,45.0,4.0,0.8,"[3644.93333333, 3644.93333333]",0.25020714,73,,,0,,False,1,train,1
129,0.0,101.16936,101.41957,null,30.0,0.08,"[20.0, 20.0]",-20.0,null,null,null,gabors,null,45.0,4.0,0.8,"[3644.93333333, 3644.93333333]",0.25021286,49,,,0,,False,2,test,1
130,0.0,101.41957,101.66978,null,0.0,0.08,"[20.0, 20.0]",30.0,null,null,null,gabors,null,45.0,4.0,0.8,"[3644.93333333, 3644.93333333]",0.25021286,100,,,0,,False,0,train,1
131,0.0,101.66978,101.92,null,20.0,0.08,"[20.0, 20.0]",-20.0,null,null,null,gabors,null,0.0,4.0,0.8,"[3644.93333333, 3644.93333333]",0.25021286,101,,,0,,False,0,train,0
132,0.0,101.92,102.17021,null,30.0,0.08,"[20.0, 20.0]",10.0,null,null,null,gabors,null,0.0,4.0,0.8,"[3644.93333333, 3644.93333333]",0.25021286,102,,,0,,False,0,train,0
133,0.0,102.17021,102.42043,null,0.0,0.08,"[20.0, 20.0]",-20.0,null,null,null,gabors,null,45.0,4.0,0.8,"[3644.93333333, 3644.93333333]",0.25021464,103,,,0,,False,0,train,1
134,0.0,102.42043,102.67064,null,40.0,0.08,"[20.0, 20.0]",30.0,null,null,null,gabors,null,90.0,4.0,0.8,"[3644.93333333, 3644.93333333]",0.25021464,104,,,0,,False,0,train,2
135,0.0,102.67064,102.92085,null,-20.0,0.08,"[20.0, 20.0]",0.0,null,null,null,gabors,null,90.0,4.0,0.8,"[3644.93333333, 3644.93333333]",0.25021464,105,,,0,,False,0,train,2
136,0.0,102.92085,103.17107,null,40.0,0.08,"[20.0, 20.0]",0.0,null,null,null,gabors,null,0.0,4.0,0.8,"[3644.93333333, 3644.93333333]",0.25021464,18,,,0,,False,2,test,0
137,0.0,103.17107,103.42127,null,-20.0,0.08,"[20.0, 20.0]",-40.0,null,null,null,gabors,null,45.0,4.0,0.8,"[3644.93333333, 3644.93333333]",0.25020286,106,,,0,,False,0,train,1
138,0.0,103.42127,103.67147,null,-40.0,0.08,"[20.0, 20.0]",-30.0,null,null,null,gabors,null,45.0,4.0,0.8,"[3644.93333333, 3644.93333333]",0.25020286,107,,,0,,False,0,train,1
139,0.0,103.67147,103.92168,null,-30.0,0.08,"[20.0, 20.0]",10.0,null,null,null,gabors,null,45.0,4.0,0.8,"[3644.93333333, 3644.93333333]",0.25020286,108,,,0,,False,0,train,1
140,0.0,103.92168,104.17188,null,-30.0,0.08,"[20.0, 20.0]",0.0,null,null,null,gabors,null,0.0,4.0,0.8,"[3644.93333333, 3644.93333333]",0.25020286,40,,,0,,False,1,train,0
141,0.0,104.17188,104.42209,null,0.0,0.08,"[20.0, 20.0]",-40.0,null,null,null,gabors,null,0.0,4.0,0.8,"[3644.93333333, 3644.93333333]",0.25020964,11,,,0,,False,1,train,0
142,0.0,104.42209,104.6723,null,0.0,0.08,"[20.0, 20.0]",-20.0,null,null,null,gabors,null,45.0,4.0,0.8,"[3644.93333333, 3644.93333333]",0.25020964,103,,,0,,False,1,train,1
143,0.0,104.6723,104.92251,null,10.0,0.08,"[20.0, 20.0]",30.0,null,null,null,gabors,null,45.0,4.0,0.8,"[3644.93333333, 3644.93333333]",0.25020964,12,,,0,,False,2,test,1
144,0.0,104.92251,105.17272,null,-20.0,0.08,"[20.0, 20.0]",40.0,null,null,null,gabors,null,0.0,4.0,0.8,"[3644.93333333, 3644.93333333]",0.25020964,109,,,0,,False,0,train,0
145,0.0,105.17272,105.42293,null,30.0,0.08,"[20.0, 20.0]",40.0,null,null,null,gabors,null,0.0,4.0,0.8,"[3644.93333333, 3644.93333333]",0.25020786,110,,,0,,False,0,train,0
146,0.0,105.42293,105.67313,null,40.0,0.08,"[20.0, 20.0]",30.0,null,null,null,gabors,null,90.0,4.0,0.8,"[3644.93333333, 3644.93333333]",0.25020786,104,,,0,,False,1,train,2
147,0.0,105.67313,105.92334,null,-30.0,0.08,"[20.0, 20.0]",30.0,null,null,null,gabors,null,90.0,4.0,0.8,"[3644.93333333, 3644.93333333]",0.25020786,111,,,0,,False,0,train,2
148,0.0,105.92334,106.17355,null,-10.0,0.08,"[20.0, 20.0]",30.0,null,null,null,gabors,null,0.0,4.0,0.8,"[3644.93333333, 3644.93333333]",0.25020786,27,,,0,,False,1,train,0
149,0.0,106.17355,106.42376,null,-10.0,0.08,"[20.0, 20.0]",40.0,null,null,null,gabors,null,45.0,4.0,0.8,"[3644.93333333, 3644.93333333]",0.25020964,112,,,0,,False,0,train,1
150,0.0,106.42376,106.67397,null,-30.0,0.08,"[20.0, 20.0]",10.0,null,null,null,gabors,null,90.0,4.0,0.8,"[3644.93333333, 3644.93333333]",0.25020964,85,,,0,,False,1,train,2
151,0.0,106.67397,106.92418,null,40.0,0.08,"[20.0, 20.0]",-10.0,null,null,null,gabors,null,0.0,4.0,0.8,"[3644.93333333, 3644.93333333]",0.25020964,83,,,0,,False,1,train,0
152,0.0,106.92418,107.17439,null,0.0,0.08,"[20.0, 20.0]",-30.0,null,null,null,gabors,null,90.0,4.0,0.8,"[3644.93333333, 3644.93333333]",0.25020964,113,,,0,,False,0,train,2
153,0.0,107.17439,107.4246,null,20.0,0.08,"[20.0, 20.0]",10.0,null,null,null,gabors,null,45.0,4.0,0.8,"[3644.93333333, 3644.93333333]",0.25021036,114,,,0,,False,0,train,1
154,0.0,107.4246,107.67481,null,10.0,0.08,"[20.0, 20.0]",30.0,null,null,null,gabors,null,90.0,4.0,0.8,"[3644.93333333, 3644.93333333]",0.25021036,51,,,0,,False,1,train,2
155,0.0,107.67481,107.92502,null,-40.0,0.08,"[20.0, 20.0]",-20.0,null,null,null,gabors,null,90.0,4.0,0.8,"[3644.93333333, 3644.93333333]",0.25021036,65,,,0,,False,1,train,2
156,0.0,107.92502,108.17523,null,40.0,0.08,"[20.0, 20.0]",20.0,null,null,null,gabors,null,90.0,4.0,0.8,"[3644.93333333, 3644.93333333]",0.25021036,115,,,0,,False,0,train,2
157,0.0,108.17523,108.42544,null,-40.0,0.08,"[20.0, 20.0]",-10.0,null,null,null,gabors,null,45.0,4.0,0.8,"[3644.93333333, 3644.93333333]",0.25020964,74,,,0,,False,1,train,1
158,0.0,108.42544,108.67565,null,0.0,0.08,"[20.0, 20.0]",30.0,null,null,null,gabors,null,90.0,4.0,0.8,"[3644.93333333, 3644.93333333]",0.25020964,59,,,0,,False,1,train,2
159,0.0,108.67565,108.92586,null,-10.0,0.08,"[20.0, 20.0]",20.0,null,null,null,gabors,null,45.0,4.0,0.8,"[3644.93333333, 3644.93333333]",0.25020964,93,,,0,,False,1,train,1
160,0.0,108.92586,109.17607,null,40.0,0.08,"[20.0, 20.0]",-10.0,null,null,null,gabors,null,45.0,4.0,0.8,"[3644.93333333, 3644.93333333]",0.25020964,67,,,0,,False,1,train,1
161,0.0,109.17607,109.42627,null,10.0,0.08,"[20.0, 20.0]",-20.0,null,null,null,gabors,null,0.0,4.0,0.8,"[3644.93333333, 3644.93333333]",0.25020536,116,,,0,,False,0,train,0
162,0.0,109.42627,109.67648,null,-10.0,0.08,"[20.0, 20.0]",-10.0,null,null,null,gabors,null,45.0,4.0,0.8,"[3644.93333333, 3644.93333333]",0.25020536,117,,,0,,False,0,train,1
163,0.0,109.67648,109.92669,null,10.0,0.08,"[20.0, 20.0]",-40.0,null,null,null,gabors,null,90.0,4.0,0.8,"[3644.93333333, 3644.93333333]",0.25020536,118,,,0,,False,0,train,2
164,0.0,109.92669,110.17689,null,30.0,0.08,"[20.0, 20.0]",0.0,null,null,null,gabors,null,0.0,4.0,0.8,"[3644.93333333, 3644.93333333]",0.25020536,69,,,0,,False,1,train,0
165,0.0,110.17689,110.42711,null,20.0,0.08,"[20.0, 20.0]",-10.0,null,null,null,gabors,null,0.0,4.0,0.8,"[3644.93333333, 3644.93333333]",0.25021964,48,,,0,,False,1,train,0
166,0.0,110.42711,110.67733,null,-30.0,0.08,"[20.0, 20.0]",-20.0,null,null,null,gabors,null,0.0,4.0,0.8,"[3644.93333333, 3644.93333333]",0.25021964,119,,,0,,False,0,train,0
167,0.0,110.67733,110.92755,null,-40.0,0.08,"[20.0, 20.0]",10.0,null,null,null,gabors,null,90.0,4.0,0.8,"[3644.93333333, 3644.93333333]",0.25021964,120,,,0,,False,0,train,2
168,0.0,110.92755,111.17777,null,20.0,0.08,"[20.0, 20.0]",20.0,null,null,null,gabors,null,0.0,4.0,0.8,"[3644.93333333, 3644.93333333]",0.25021964,121,,,0,,False,0,train,0
169,0.0,111.17777,111.42797,null,-10.0,0.08,"[20.0, 20.0]",-40.0,null,null,null,gabors,null,45.0,4.0,0.8,"[3644.93333333, 3644.93333333]",0.25019786,122,,,0,,False,0,train,1
170,0.0,111.42797,111.67816,null,-40.0,0.08,"[20.0, 20.0]",40.0,null,null,null,gabors,null,90.0,4.0,0.8,"[3644.93333333, 3644.93333333]",0.25019786,123,,,0,,False,0,train,2
171,0.0,111.67816,111.92836,null,40.0,0.08,"[20.0, 20.0]",30.0,null,null,null,gabors,null,90.0,4.0,0.8,"[3644.93333333, 3644.93333333]",0.25019786,104,,,0,,False,2,test,2
172,0.0,111.92836,112.17856,null,-30.0,0.08,"[20.0, 20.0]",10.0,null,null,null,gabors,null,90.0,4.0,0.8,"[3644.93333333, 3644.93333333]",0.25019786,85,,,0,,False,2,test,2
173,0.0,112.17856,112.42877,null,0.0,0.08,"[20.0, 20.0]",0.0,null,null,null,gabors,null,0.0,4.0,0.8,"[3644.93333333, 3644.93333333]",0.25021214,124,,,0,,False,0,train,0
174,0.0,112.42877,112.67898,null,-30.0,0.08,"[20.0, 20.0]",-10.0,null,null,null,gabors,null,0.0,4.0,0.8,"[3644.93333333, 3644.93333333]",0.25021214,52,,,0,,False,1,train,0
175,0.0,112.67898,112.9292,null,20.0,0.08,"[20.0, 20.0]",-40.0,null,null,null,gabors,null,45.0,4.0,0.8,"[3644.93333333, 3644.93333333]",0.25021214,125,,,0,,False,0,train,1
176,0.0,112.9292,113.17941,null,10.0,0.08,"[20.0, 20.0]",-40.0,null,null,null,gabors,null,90.0,4.0,0.8,"[3644.93333333, 3644.93333333]",0.25021214,118,,,0,,False,1,train,2
177,0.0,113.17941,113.42961,null,40.0,0.08,"[20.0, 20.0]",30.0,null,null,null,gabors,null,0.0,4.0,0.8,"[3644.93333333, 3644.93333333]",0.25020536,126,,,0,,False,0,train,0
178,0.0,113.42961,113.67982,null,-10.0,0.08,"[20.0, 20.0]",0.0,null,null,null,gabors,null,0.0,4.0,0.8,"[3644.93333333, 3644.93333333]",0.25020536,127,,,0,,False,0,train,0
179,0.0,113.67982,113.93003,null,-30.0,0.08,"[20.0, 20.0]",20.0,null,null,null,gabors,null,90.0,4.0,0.8,"[3644.93333333, 3644.93333333]",0.25020536,128,,,0,,False,0,train,2
180,0.0,113.93003,114.18023,null,-20.0,0.08,"[20.0, 20.0]",40.0,null,null,null,gabors,null,0.0,4.0,0.8,"[3644.93333333, 3644.93333333]",0.25020536,109,,,0,,False,1,train,0
181,0.0,114.18023,114.43044,null,10.0,0.08,"[20.0, 20.0]",20.0,null,null,null,gabors,null,0.0,4.0,0.8,"[3644.93333333, 3644.93333333]",0.25021214,129,,,0,,False,0,train,0
182,0.0,114.43044,114.68065,null,20.0,0.08,"[20.0, 20.0]",-10.0,null,null,null,gabors,null,0.0,4.0,0.8,"[3644.93333333, 3644.93333333]",0.25021214,48,,,0,,False,2,test,0
183,0.0,114.68065,114.93087,null,-40.0,0.08,"[20.0, 20.0]",0.0,null,null,null,gabors,null,45.0,4.0,0.8,"[3644.93333333, 3644.93333333]",0.25021214,130,,,0,,False,0,train,1
184,0.0,114.93087,115.18108,null,10.0,0.08,"[20.0, 20.0]",-10.0,null,null,null,gabors,null,45.0,4.0,0.8,"[3644.93333333, 3644.93333333]",0.25021214,131,,,0,,False,0,train,1
185,0.0,115.18108,115.43129,null,0.0,0.08,"[20.0, 20.0]",-20.0,null,null,null,gabors,null,45.0,4.0,0.8,"[3644.93333333, 3644.93333333]",0.25020786,103,,,0,,False,2,test,1
186,0.0,115.43129,115.68149,null,40.0,0.08,"[20.0, 20.0]",-40.0,null,null,null,gabors,null,0.0,4.0,0.8,"[3644.93333333, 3644.93333333]",0.25020786,132,,,0,,False,0,train,0
187,0.0,115.68149,115.9317,null,20.0,0.08,"[20.0, 20.0]",-40.0,null,null,null,gabors,null,90.0,4.0,0.8,"[3644.93333333, 3644.93333333]",0.25020786,133,,,0,,False,0,train,2
188,0.0,115.9317,116.18191,null,10.0,0.08,"[20.0, 20.0]",-40.0,null,null,null,gabors,null,45.0,4.0,0.8,"[3644.93333333, 3644.93333333]",0.25020786,35,,,0,,False,2,test,1
189,0.0,116.18191,116.43213,null,30.0,0.08,"[20.0, 20.0]",30.0,null,null,null,gabors,null,90.0,4.0,0.8,"[3644.93333333, 3644.93333333]",0.25021714,134,,,0,,False,0,train,2
190,0.0,116.43213,116.68234,null,-20.0,0.08,"[20.0, 20.0]",-40.0,null,null,null,gabors,null,90.0,4.0,0.8,"[3644.93333333, 3644.93333333]",0.25021714,135,,,0,,False,0,train,2
191,0.0,116.68234,116.93256,null,-20.0,0.08,"[20.0, 20.0]",-20.0,null,null,null,gabors,null,45.0,4.0,0.8,"[3644.93333333, 3644.93333333]",0.25021714,32,,,0,,False,1,train,1
192,0.0,116.93256,117.18278,null,30.0,0.08,"[20.0, 20.0]",20.0,null,null,null,gabors,null,45.0,4.0,0.8,"[3644.93333333, 3644.93333333]",0.25021714,73,,,0,,False,2,test,1
193,0.0,117.18278,117.43298,null,20.0,0.08,"[20.0, 20.0]",40.0,null,null,null,gabors,null,45.0,4.0,0.8,"[3644.93333333, 3644.93333333]",0.25020286,136,,,0,,False,0,train,1
194,0.0,117.43298,117.68318,null,40.0,0.08,"[20.0, 20.0]",40.0,null,null,null,gabors,null,0.0,4.0,0.8,"[3644.93333333, 3644.93333333]",0.25020286,45,,,0,,False,1,train,0
195,0.0,117.68318,117.93339,null,40.0,0.08,"[20.0, 20.0]",-30.0,null,null,null,gabors,null,45.0,4.0,0.8,"[3644.93333333, 3644.93333333]",0.25020286,137,,,0,,False,0,train,1
196,0.0,117.93339,118.18359,null,40.0,0.08,"[20.0, 20.0]",0.0,null,null,null,gabors,null,0.0,4.0,0.8,"[3644.93333333, 3644.93333333]",0.25020286,18,,,0,,False,3,train,0
197,0.0,118.18359,118.4338,null,0.0,0.08,"[20.0, 20.0]",-30.0,null,null,null,gabors,null,90.0,4.0,0.8,"[3644.93333333, 3644.93333333]",0.25020964,113,,,0,,False,1,train,2
198,0.0,118.4338,118.68401,null,30.0,0.08,"[20.0, 20.0]",40.0,null,null,null,gabors,null,0.0,4.0,0.8,"[3644.93333333, 3644.93333333]",0.25020964,110,,,0,,False,1,train,0
199,0.0,118.68401,118.93422,null,-20.0,0.08,"[20.0, 20.0]",10.0,null,null,null,gabors,null,0.0,4.0,0.8,"[3644.93333333, 3644.93333333]",0.25020964,138,,,0,,False,0,train,0
200,0.0,118.93422,119.18443,null,-40.0,0.08,"[20.0, 20.0]",20.0,null,null,null,gabors,null,90.0,4.0,0.8,"[3644.93333333, 3644.93333333]",0.25020964,55,,,0,,False,1,train,2
201,0.0,119.18443,119.43463,null,40.0,0.08,"[20.0, 20.0]",-40.0,null,null,null,gabors,null,45.0,4.0,0.8,"[3644.93333333, 3644.93333333]",0.25020536,34,,,0,,False,1,train,1
202,0.0,119.43463,119.68484,null,-40.0,0.08,"[20.0, 20.0]",20.0,null,null,null,gabors,null,0.0,4.0,0.8,"[3644.93333333, 3644.93333333]",0.25020536,139,,,0,,False,0,train,0
203,0.0,119.68484,119.93505,null,0.0,0.08,"[20.0, 20.0]",-20.0,null,null,null,gabors,null,90.0,4.0,0.8,"[3644.93333333, 3644.93333333]",0.25020536,44,,,0,,False,1,train,2
204,0.0,119.93505,120.18525,null,-20.0,0.08,"[20.0, 20.0]",-20.0,null,null,null,gabors,null,90.0,4.0,0.8,"[3644.93333333, 3644.93333333]",0.25020536,140,,,0,,False,0,train,2
205,0.0,120.18525,120.43547,null,-40.0,0.08,"[20.0, 20.0]",10.0,null,null,null,gabors,null,0.0,4.0,0.8,"[3644.93333333, 3644.93333333]",0.25021464,68,,,0,,False,1,train,0
206,0.0,120.43547,120.68568,null,-30.0,0.08,"[20.0, 20.0]",-20.0,null,null,null,gabors,null,90.0,4.0,0.8,"[3644.93333333, 3644.93333333]",0.25021464,13,,,0,,False,1,train,2
207,0.0,120.68568,120.93589,null,30.0,0.08,"[20.0, 20.0]",-10.0,null,null,null,gabors,null,45.0,4.0,0.8,"[3644.93333333, 3644.93333333]",0.25021464,60,,,0,,False,1,train,1
208,0.0,120.93589,121.18611,null,-10.0,0.08,"[20.0, 20.0]",10.0,null,null,null,gabors,null,45.0,4.0,0.8,"[3644.93333333, 3644.93333333]",0.25021464,25,,,0,,False,1,train,1
209,0.0,121.18611,121.43631,null,20.0,0.08,"[20.0, 20.0]",40.0,null,null,null,gabors,null,90.0,4.0,0.8,"[3644.93333333, 3644.93333333]",0.25020536,141,,,0,,False,0,train,2
210,0.0,121.43631,121.68652,null,-20.0,0.08,"[20.0, 20.0]",-10.0,null,null,null,gabors,null,45.0,4.0,0.8,"[3644.93333333, 3644.93333333]",0.25020536,29,,,0,,False,4,train,1
211,0.0,121.68652,121.93673,null,-40.0,0.08,"[20.0, 20.0]",30.0,null,null,null,gabors,null,90.0,4.0,0.8,"[3644.93333333, 3644.93333333]",0.25020536,42,,,0,,False,1,train,2
212,0.0,121.93673,122.18693,null,20.0,0.08,"[20.0, 20.0]",40.0,null,null,null,gabors,null,45.0,4.0,0.8,"[3644.93333333, 3644.93333333]",0.25020536,136,,,0,,False,1,train,1
213,0.0,122.18693,122.43714,null,30.0,0.08,"[20.0, 20.0]",30.0,null,null,null,gabors,null,90.0,4.0,0.8,"[3644.93333333, 3644.93333333]",0.25021214,134,,,0,,False,1,train,2
214,0.0,122.43714,122.68735,null,-40.0,0.08,"[20.0, 20.0]",-10.0,null,null,null,gabors,null,0.0,4.0,0.8,"[3644.93333333, 3644.93333333]",0.25021214,142,,,0,,False,0,train,0
215,0.0,122.68735,122.93757,null,-10.0,0.08,"[20.0, 20.0]",-20.0,null,null,null,gabors,null,90.0,4.0,0.8,"[3644.93333333, 3644.93333333]",0.25021214,16,,,0,,False,1,train,2
216,0.0,122.93757,123.18778,null,-10.0,0.08,"[20.0, 20.0]",-20.0,null,null,null,gabors,null,90.0,4.0,0.8,"[3644.93333333, 3644.93333333]",0.25021214,16,,,0,,False,2,test,2
217,0.0,123.18778,123.43798,null,30.0,0.08,"[20.0, 20.0]",20.0,null,null,null,gabors,null,90.0,4.0,0.8,"[3644.93333333, 3644.93333333]",0.25020286,76,,,0,,False,1,train,2
218,0.0,123.43798,123.68818,null,0.0,0.08,"[20.0, 20.0]",-10.0,null,null,null,gabors,null,0.0,4.0,0.8,"[3644.93333333, 3644.93333333]",0.25020286,143,,,0,,False,0,train,0
219,0.0,123.68818,123.93839,null,40.0,0.08,"[20.0, 20.0]",0.0,null,null,null,gabors,null,45.0,4.0,0.8,"[3644.93333333, 3644.93333333]",0.25020286,71,,,0,,False,1,train,1
220,0.0,123.93839,124.18859,null,-40.0,0.08,"[20.0, 20.0]",30.0,null,null,null,gabors,null,0.0,4.0,0.8,"[3644.93333333, 3644.93333333]",0.25020286,144,,,0,,False,0,train,0
221,0.0,124.18859,124.43881,null,-30.0,0.08,"[20.0, 20.0]",10.0,null,null,null,gabors,null,0.0,4.0,0.8,"[3644.93333333, 3644.93333333]",0.25021464,87,,,0,,False,1,train,0
222,0.0,124.43881,124.68902,null,0.0,0.08,"[20.0, 20.0]",30.0,null,null,null,gabors,null,45.0,4.0,0.8,"[3644.93333333, 3644.93333333]",0.25021464,100,,,0,,False,1,train,1
223,0.0,124.68902,124.93923,null,40.0,0.08,"[20.0, 20.0]",10.0,null,null,null,gabors,null,45.0,4.0,0.8,"[3644.93333333, 3644.93333333]",0.25021464,145,,,0,,False,0,train,1
224,0.0,124.93923,125.18945,null,20.0,0.08,"[20.0, 20.0]",0.0,null,null,null,gabors,null,90.0,4.0,0.8,"[3644.93333333, 3644.93333333]",0.25021464,146,,,0,,False,0,train,2
225,0.0,125.18945,125.43965,null,10.0,0.08,"[20.0, 20.0]",20.0,null,null,null,gabors,null,90.0,4.0,0.8,"[3644.93333333, 3644.93333333]",0.25020536,147,,,0,,False,0,train,2
226,0.0,125.43965,125.68986,null,-20.0,0.08,"[20.0, 20.0]",-10.0,null,null,null,gabors,null,45.0,4.0,0.8,"[3644.93333333, 3644.93333333]",0.25020536,29,,,0,,False,5,test,1
227,0.0,125.68986,125.94007,null,-40.0,0.08,"[20.0, 20.0]",30.0,null,null,null,gabors,null,90.0,4.0,0.8,"[3644.93333333, 3644.93333333]",0.25020536,42,,,0,,False,2,test,2
228,0.0,125.94007,126.19027,null,-30.0,0.08,"[20.0, 20.0]",40.0,null,null,null,gabors,null,90.0,4.0,0.8,"[3644.93333333, 3644.93333333]",0.25020536,148,,,0,,False,0,train,2
229,0.0,126.19027,126.44049,null,-40.0,0.08,"[20.0, 20.0]",20.0,null,null,null,gabors,null,0.0,4.0,0.8,"[3644.93333333, 3644.93333333]",0.25022214,139,,,0,,False,1,train,0
230,0.0,126.44049,126.69071,null,-20.0,0.08,"[20.0, 20.0]",-40.0,null,null,null,gabors,null,90.0,4.0,0.8,"[3644.93333333, 3644.93333333]",0.25022214,135,,,0,,False,1,train,2
231,0.0,126.69071,126.94094,null,30.0,0.08,"[20.0, 20.0]",-10.0,null,null,null,gabors,null,45.0,4.0,0.8,"[3644.93333333, 3644.93333333]",0.25022214,60,,,0,,False,2,test,1
232,0.0,126.94094,127.19116,null,40.0,0.08,"[20.0, 20.0]",-20.0,null,null,null,gabors,null,90.0,4.0,0.8,"[3644.93333333, 3644.93333333]",0.25022214,149,,,0,,False,0,train,2
233,0.0,127.19116,127.44135,null,-40.0,0.08,"[20.0, 20.0]",-10.0,null,null,null,gabors,null,0.0,4.0,0.8,"[3644.93333333, 3644.93333333]",0.25019536,142,,,0,,False,1,train,0
234,0.0,127.44135,127.69155,null,10.0,0.08,"[20.0, 20.0]",-10.0,null,null,null,gabors,null,90.0,4.0,0.8,"[3644.93333333, 3644.93333333]",0.25019536,81,,,0,,False,1,train,2
235,0.0,127.69155,127.94175,null,-30.0,0.08,"[20.0, 20.0]",-40.0,null,null,null,gabors,null,90.0,4.0,0.8,"[3644.93333333, 3644.93333333]",0.25019536,150,,,0,,False,0,train,2
236,0.0,127.94175,128.19194,null,-10.0,0.08,"[20.0, 20.0]",-30.0,null,null,null,gabors,null,45.0,4.0,0.8,"[3644.93333333, 3644.93333333]",0.25019536,151,,,0,,False,0,train,1
237,0.0,128.19194,128.44216,null,10.0,0.08,"[20.0, 20.0]",-30.0,null,null,null,gabors,null,45.0,4.0,0.8,"[3644.93333333, 3644.93333333]",0.25021714,152,,,0,,False,0,train,1
238,0.0,128.44216,128.69237,null,-40.0,0.08,"[20.0, 20.0]",0.0,null,null,null,gabors,null,90.0,4.0,0.8,"[3644.93333333, 3644.93333333]",0.25021714,4,,,0,,False,1,train,2
239,0.0,128.69237,128.94259,null,-30.0,0.08,"[20.0, 20.0]",20.0,null,null,null,gabors,null,90.0,4.0,0.8,"[3644.93333333, 3644.93333333]",0.25021714,128,,,0,,False,1,train,2
240,0.0,128.94259,129.19281,null,-30.0,0.08,"[20.0, 20.0]",20.0,null,null,null,gabors,null,90.0,4.0,0.8,"[3644.93333333, 3644.93333333]",0.25021714,128,,,0,,False,2,test,2
241,0.0,129.19281,129.44301,null,-30.0,0.08,"[20.0, 20.0]",20.0,null,null,null,gabors,null,0.0,4.0,0.8,"[3644.93333333, 3644.93333333]",0.25020286,153,,,0,,False,0,train,0
242,0.0,129.44301,129.69321,null,30.0,0.08,"[20.0, 20.0]",30.0,null,null,null,gabors,null,0.0,4.0,0.8,"[3644.93333333, 3644.93333333]",0.25020286,154,,,0,,False,0,train,0
243,0.0,129.69321,129.94342,null,-30.0,0.08,"[20.0, 20.0]",30.0,null,null,null,gabors,null,0.0,4.0,0.8,"[3644.93333333, 3644.93333333]",0.25020286,66,,,0,,False,1,train,0
244,0.0,129.94342,130.19362,null,-30.0,0.08,"[20.0, 20.0]",-30.0,null,null,null,gabors,null,90.0,4.0,0.8,"[3644.93333333, 3644.93333333]",0.25020286,80,,,0,,False,1,train,2
245,0.0,130.19362,130.44383,null,-10.0,0.08,"[20.0, 20.0]",0.0,null,null,null,gabors,null,90.0,4.0,0.8,"[3644.93333333, 3644.93333333]",0.25020964,155,,,0,,False,0,train,2
246,0.0,130.44383,130.69404,null,20.0,0.08,"[20.0, 20.0]",-40.0,null,null,null,gabors,null,90.0,4.0,0.8,"[3644.93333333, 3644.93333333]",0.25020964,133,,,0,,False,1,train,2
247,0.0,130.69404,130.94425,null,10.0,0.08,"[20.0, 20.0]",-40.0,null,null,null,gabors,null,45.0,4.0,0.8,"[3644.93333333, 3644.93333333]",0.25020964,35,,,0,,False,3,train,1
248,0.0,130.94425,131.19446,null,40.0,0.08,"[20.0, 20.0]",10.0,null,null,null,gabors,null,0.0,4.0,0.8,"[3644.93333333, 3644.93333333]",0.25020964,62,,,0,,False,2,test,0
249,0.0,131.19446,131.44467,null,0.0,0.08,"[20.0, 20.0]",40.0,null,null,null,gabors,null,45.0,4.0,0.8,"[3644.93333333, 3644.93333333]",0.25020786,156,,,0,,False,0,train,1
250,0.0,131.44467,131.69487,null,10.0,0.08,"[20.0, 20.0]",0.0,null,null,null,gabors,null,0.0,4.0,0.8,"[3644.93333333, 3644.93333333]",0.25020786,157,,,0,,False,0,train,0
251,0.0,131.69487,131.94508,null,-40.0,0.08,"[20.0, 20.0]",-10.0,null,null,null,gabors,null,0.0,4.0,0.8,"[3644.93333333, 3644.93333333]",0.25020786,142,,,0,,False,2,test,0
252,0.0,131.94508,132.19529,null,30.0,0.08,"[20.0, 20.0]",40.0,null,null,null,gabors,null,0.0,4.0,0.8,"[3644.93333333, 3644.93333333]",0.25020786,110,,,0,,False,2,test,0
253,0.0,132.19529,132.4455,null,-10.0,0.08,"[20.0, 20.0]",40.0,null,null,null,gabors,null,45.0,4.0,0.8,"[3644.93333333, 3644.93333333]",0.25021214,112,,,0,,False,1,train,1
254,0.0,132.4455,132.69571,null,-20.0,0.08,"[20.0, 20.0]",10.0,null,null,null,gabors,null,45.0,4.0,0.8,"[3644.93333333, 3644.93333333]",0.25021214,158,,,0,,False,0,train,1
255,0.0,132.69571,132.94593,null,20.0,0.08,"[20.0, 20.0]",40.0,null,null,null,gabors,null,45.0,4.0,0.8,"[3644.93333333, 3644.93333333]",0.25021214,136,,,0,,False,2,test,1
256,0.0,132.94593,133.19614,null,-40.0,0.08,"[20.0, 20.0]",-40.0,null,null,null,gabors,null,90.0,4.0,0.8,"[3644.93333333, 3644.93333333]",0.25021214,31,,,0,,False,1,train,2
257,0.0,133.19614,133.44634,null,-20.0,0.08,"[20.0, 20.0]",-20.0,null,null,null,gabors,null,45.0,4.0,0.8,"[3644.93333333, 3644.93333333]",0.25020536,32,,,0,,False,2,test,1
258,0.0,133.44634,133.69655,null,40.0,0.08,"[20.0, 20.0]",-20.0,null,null,null,gabors,null,0.0,4.0,0.8,"[3644.93333333, 3644.93333333]",0.25020536,3,,,0,,False,2,test,0
259,0.0,133.69655,133.94676,null,20.0,0.08,"[20.0, 20.0]",40.0,null,null,null,gabors,null,45.0,4.0,0.8,"[3644.93333333, 3644.93333333]",0.25020536,136,,,0,,False,3,train,1
260,0.0,133.94676,134.19696,null,0.0,0.08,"[20.0, 20.0]",-30.0,null,null,null,gabors,null,0.0,4.0,0.8,"[3644.93333333, 3644.93333333]",0.25020536,159,,,0,,False,0,train,0
261,0.0,134.19696,134.44718,null,0.0,0.08,"[20.0, 20.0]",30.0,null,null,null,gabors,null,90.0,4.0,0.8,"[3644.93333333, 3644.93333333]",0.25021464,59,,,0,,False,2,test,2
262,0.0,134.44718,134.69739,null,20.0,0.08,"[20.0, 20.0]",20.0,null,null,null,gabors,null,90.0,4.0,0.8,"[3644.93333333, 3644.93333333]",0.25021464,24,,,0,,False,3,train,2
263,0.0,134.69739,134.9476,null,0.0,0.08,"[20.0, 20.0]",-30.0,null,null,null,gabors,null,45.0,4.0,0.8,"[3644.93333333, 3644.93333333]",0.25021464,160,,,0,,False,0,train,1
264,0.0,134.9476,135.19782,null,-40.0,0.08,"[20.0, 20.0]",30.0,null,null,null,gabors,null,45.0,4.0,0.8,"[3644.93333333, 3644.93333333]",0.25021464,61,,,0,,False,2,test,1
265,0.0,135.19782,135.44802,null,40.0,0.08,"[20.0, 20.0]",40.0,null,null,null,gabors,null,0.0,4.0,0.8,"[3644.93333333, 3644.93333333]",0.25020536,45,,,0,,False,2,test,0
266,0.0,135.44802,135.69823,null,-20.0,0.08,"[20.0, 20.0]",30.0,null,null,null,gabors,null,90.0,4.0,0.8,"[3644.93333333, 3644.93333333]",0.25020536,161,,,0,,False,0,train,2
267,0.0,135.69823,135.94844,null,30.0,0.08,"[20.0, 20.0]",-40.0,null,null,null,gabors,null,0.0,4.0,0.8,"[3644.93333333, 3644.93333333]",0.25020536,37,,,0,,False,1,train,0
268,0.0,135.94844,136.19864,null,30.0,0.08,"[20.0, 20.0]",40.0,null,null,null,gabors,null,45.0,4.0,0.8,"[3644.93333333, 3644.93333333]",0.25020536,162,,,0,,False,0,train,1
269,0.0,136.19864,136.44885,null,40.0,0.08,"[20.0, 20.0]",30.0,null,null,null,gabors,null,45.0,4.0,0.8,"[3644.93333333, 3644.93333333]",0.25020964,163,,,0,,False,0,train,1
270,0.0,136.44885,136.69906,null,10.0,0.08,"[20.0, 20.0]",-40.0,null,null,null,gabors,null,0.0,4.0,0.8,"[3644.93333333, 3644.93333333]",0.25020964,19,,,0,,False,1,train,0
271,0.0,136.69906,136.94927,null,-30.0,0.08,"[20.0, 20.0]",-10.0,null,null,null,gabors,null,0.0,4.0,0.8,"[3644.93333333, 3644.93333333]",0.25020964,52,,,0,,False,2,test,0
272,0.0,136.94927,137.19948,null,30.0,0.08,"[20.0, 20.0]",20.0,null,null,null,gabors,null,0.0,4.0,0.8,"[3644.93333333, 3644.93333333]",0.25020964,164,,,0,,False,0,train,0
273,0.0,137.19948,137.44968,null,20.0,0.08,"[20.0, 20.0]",-10.0,null,null,null,gabors,null,90.0,4.0,0.8,"[3644.93333333, 3644.93333333]",0.25020286,50,,,0,,False,1,train,2
274,0.0,137.44968,137.69988,null,20.0,0.08,"[20.0, 20.0]",20.0,null,null,null,gabors,null,90.0,4.0,0.8,"[3644.93333333, 3644.93333333]",0.25020286,24,,,0,,False,4,train,2
275,0.0,137.69988,137.95009,null,10.0,0.08,"[20.0, 20.0]",20.0,null,null,null,gabors,null,45.0,4.0,0.8,"[3644.93333333, 3644.93333333]",0.25020286,14,,,0,,False,3,train,1
276,0.0,137.95009,138.20029,null,10.0,0.08,"[20.0, 20.0]",40.0,null,null,null,gabors,null,45.0,4.0,0.8,"[3644.93333333, 3644.93333333]",0.25020286,38,,,0,,False,1,train,1
277,0.0,138.20029,138.4505,null,-40.0,0.08,"[20.0, 20.0]",-10.0,null,null,null,gabors,null,90.0,4.0,0.8,"[3644.93333333, 3644.93333333]",0.25021214,33,,,0,,False,1,train,2
278,0.0,138.4505,138.70071,null,0.0,0.08,"[20.0, 20.0]",-30.0,null,null,null,gabors,null,45.0,4.0,0.8,"[3644.93333333, 3644.93333333]",0.25021214,160,,,0,,False,1,train,1
279,0.0,138.70071,138.95093,null,-30.0,0.08,"[20.0, 20.0]",-10.0,null,null,null,gabors,null,45.0,4.0,0.8,"[3644.93333333, 3644.93333333]",0.25021214,165,,,0,,False,0,train,1
280,0.0,138.95093,139.20114,null,-10.0,0.08,"[20.0, 20.0]",10.0,null,null,null,gabors,null,0.0,4.0,0.8,"[3644.93333333, 3644.93333333]",0.25021214,23,,,0,,False,1,train,0
281,0.0,139.20114,139.45135,null,40.0,0.08,"[20.0, 20.0]",-40.0,null,null,null,gabors,null,45.0,4.0,0.8,"[3644.93333333, 3644.93333333]",0.25021036,34,,,0,,False,2,test,1
282,0.0,139.45135,139.70156,null,20.0,0.08,"[20.0, 20.0]",40.0,null,null,null,gabors,null,0.0,4.0,0.8,"[3644.93333333, 3644.93333333]",0.25021036,30,,,0,,False,1,train,0
283,0.0,139.70156,139.95177,null,20.0,0.08,"[20.0, 20.0]",-20.0,null,null,null,gabors,null,45.0,4.0,0.8,"[3644.93333333, 3644.93333333]",0.25021036,36,,,0,,False,1,train,1
284,0.0,139.95177,140.20198,null,40.0,0.08,"[20.0, 20.0]",-20.0,null,null,null,gabors,null,45.0,4.0,0.8,"[3644.93333333, 3644.93333333]",0.25021036,78,,,0,,False,1,train,1
285,0.0,140.20198,140.45219,null,30.0,0.08,"[20.0, 20.0]",10.0,null,null,null,gabors,null,45.0,4.0,0.8,"[3644.93333333, 3644.93333333]",0.25021214,20,,,0,,False,1,train,1
286,0.0,140.45219,140.7024,null,-10.0,0.08,"[20.0, 20.0]",-20.0,null,null,null,gabors,null,45.0,4.0,0.8,"[3644.93333333, 3644.93333333]",0.25021214,166,,,0,,False,0,train,1
287,0.0,140.7024,140.95262,null,40.0,0.08,"[20.0, 20.0]",-40.0,null,null,null,gabors,null,45.0,4.0,0.8,"[3644.93333333, 3644.93333333]",0.25021214,34,,,0,,False,3,train,1
288,0.0,140.95262,141.20283,null,40.0,0.08,"[20.0, 20.0]",20.0,null,null,null,gabors,null,0.0,4.0,0.8,"[3644.93333333, 3644.93333333]",0.25021214,98,,,0,,False,1,train,0
289,0.0,141.20283,141.45303,null,-10.0,0.08,"[20.0, 20.0]",0.0,null,null,null,gabors,null,45.0,4.0,0.8,"[3644.93333333, 3644.93333333]",0.25020286,167,,,0,,False,0,train,1
290,0.0,141.45303,141.70323,null,0.0,0.08,"[20.0, 20.0]",-10.0,null,null,null,gabors,null,0.0,4.0,0.8,"[3644.93333333, 3644.93333333]",0.25020286,143,,,0,,False,1,train,0
291,0.0,141.70323,141.95344,null,-20.0,0.08,"[20.0, 20.0]",-30.0,null,null,null,gabors,null,45.0,4.0,0.8,"[3644.93333333, 3644.93333333]",0.25020286,168,,,0,,False,0,train,1
292,0.0,141.95344,142.20364,null,30.0,0.08,"[20.0, 20.0]",40.0,null,null,null,gabors,null,90.0,4.0,0.8,"[3644.93333333, 3644.93333333]",0.25020286,169,,,0,,False,0,train,2
293,0.0,142.20364,142.45385,null,-20.0,0.08,"[20.0, 20.0]",10.0,null,null,null,gabors,null,0.0,4.0,0.8,"[3644.93333333, 3644.93333333]",0.25020464,138,,,0,,False,1,train,0
294,0.0,142.45385,142.70405,null,30.0,0.08,"[20.0, 20.0]",20.0,null,null,null,gabors,null,90.0,4.0,0.8,"[3644.93333333, 3644.93333333]",0.25020464,76,,,0,,False,2,test,2
295,0.0,142.70405,142.95425,null,20.0,0.08,"[20.0, 20.0]",0.0,null,null,null,gabors,null,90.0,4.0,0.8,"[3644.93333333, 3644.93333333]",0.25020464,146,,,0,,False,1,train,2
296,0.0,142.95425,143.20446,null,10.0,0.08,"[20.0, 20.0]",-10.0,null,null,null,gabors,null,0.0,4.0,0.8,"[3644.93333333, 3644.93333333]",0.25020464,95,,,0,,False,1,train,0
297,0.0,143.20446,143.45467,null,40.0,0.08,"[20.0, 20.0]",-10.0,null,null,null,gabors,null,90.0,4.0,0.8,"[3644.93333333, 3644.93333333]",0.25021536,170,,,0,,False,0,train,2
298,0.0,143.45467,143.70489,null,-40.0,0.08,"[20.0, 20.0]",0.0,null,null,null,gabors,null,45.0,4.0,0.8,"[3644.93333333, 3644.93333333]",0.25021536,130,,,0,,False,1,train,1
299,0.0,143.70489,143.95511,null,20.0,0.08,"[20.0, 20.0]",20.0,null,null,null,gabors,null,45.0,4.0,0.8,"[3644.93333333, 3644.93333333]",0.25021536,5,,,0,,False,2,test,1
300,0.0,143.95511,144.20532,null,30.0,0.08,"[20.0, 20.0]",10.0,null,null,null,gabors,null,45.0,4.0,0.8,"[3644.93333333, 3644.93333333]",0.25021536,20,,,0,,False,2,test,1
301,0.0,144.20532,144.45554,null,-40.0,0.08,"[20.0, 20.0]",40.0,null,null,null,gabors,null,90.0,4.0,0.8,"[3644.93333333, 3644.93333333]",0.25021964,123,,,0,,False,1,train,2
302,0.0,144.45554,144.70576,null,30.0,0.08,"[20.0, 20.0]",10.0,null,null,null,gabors,null,90.0,4.0,0.8,"[3644.93333333, 3644.93333333]",0.25021964,171,,,0,,False,0,train,2
303,0.0,144.70576,144.95598,null,-10.0,0.08,"[20.0, 20.0]",0.0,null,null,null,gabors,null,0.0,4.0,0.8,"[3644.93333333, 3644.93333333]",0.25021964,127,,,0,,False,1,train,0
304,0.0,144.95598,145.2062,null,40.0,0.08,"[20.0, 20.0]",-20.0,null,null,null,gabors,null,0.0,4.0,0.8,"[3644.93333333, 3644.93333333]",0.25021964,3,,,0,,False,3,train,0
305,0.0,145.2062,145.4564,null,-30.0,0.08,"[20.0, 20.0]",-10.0,null,null,null,gabors,null,45.0,4.0,0.8,"[3644.93333333, 3644.93333333]",0.25019786,165,,,0,,False,1,train,1
306,0.0,145.4564,145.70659,null,10.0,0.08,"[20.0, 20.0]",0.0,null,null,null,gabors,null,0.0,4.0,0.8,"[3644.93333333, 3644.93333333]",0.25019786,157,,,0,,False,1,train,0
307,0.0,145.70659,145.95679,null,-40.0,0.08,"[20.0, 20.0]",-30.0,null,null,null,gabors,null,0.0,4.0,0.8,"[3644.93333333, 3644.93333333]",0.25019786,172,,,0,,False,0,train,0
308,0.0,145.95679,146.20699,null,-40.0,0.08,"[20.0, 20.0]",-20.0,null,null,null,gabors,null,90.0,4.0,0.8,"[3644.93333333, 3644.93333333]",0.25019786,65,,,0,,False,2,test,2
309,0.0,146.20699,146.4572,null,30.0,0.08,"[20.0, 20.0]",0.0,null,null,null,gabors,null,0.0,4.0,0.8,"[3644.93333333, 3644.93333333]",0.25021214,69,,,0,,False,2,test,0
310,0.0,146.4572,146.70741,null,-10.0,0.08,"[20.0, 20.0]",-10.0,null,null,null,gabors,null,0.0,4.0,0.8,"[3644.93333333, 3644.93333333]",0.25021214,173,,,0,,False,0,train,0
311,0.0,146.70741,146.95763,null,-20.0,0.08,"[20.0, 20.0]",40.0,null,null,null,gabors,null,90.0,4.0,0.8,"[3644.93333333, 3644.93333333]",0.25021214,79,,,0,,False,1,train,2
312,0.0,146.95763,147.20784,null,-40.0,0.08,"[20.0, 20.0]",30.0,null,null,null,gabors,null,90.0,4.0,0.8,"[3644.93333333, 3644.93333333]",0.25021214,42,,,0,,False,3,train,2
313,0.0,147.20784,147.45805,null,-20.0,0.08,"[20.0, 20.0]",0.0,null,null,null,gabors,null,0.0,4.0,0.8,"[3644.93333333, 3644.93333333]",0.25020786,174,,,0,,False,0,train,0
314,0.0,147.45805,147.70825,null,40.0,0.08,"[20.0, 20.0]",10.0,null,null,null,gabors,null,45.0,4.0,0.8,"[3644.93333333, 3644.93333333]",0.25020786,145,,,0,,False,1,train,1
315,0.0,147.70825,147.95846,null,-10.0,0.08,"[20.0, 20.0]",-10.0,null,null,null,gabors,null,45.0,4.0,0.8,"[3644.93333333, 3644.93333333]",0.25020786,117,,,0,,False,1,train,1
316,0.0,147.95846,148.20867,null,20.0,0.08,"[20.0, 20.0]",-30.0,null,null,null,gabors,null,0.0,4.0,0.8,"[3644.93333333, 3644.93333333]",0.25020786,175,,,0,,False,0,train,0
317,0.0,148.20867,148.45888,null,-30.0,0.08,"[20.0, 20.0]",-20.0,null,null,null,gabors,null,45.0,4.0,0.8,"[3644.93333333, 3644.93333333]",0.25020714,176,,,0,,False,0,train,1
318,0.0,148.45888,148.70908,null,-40.0,0.08,"[20.0, 20.0]",-20.0,null,null,null,gabors,null,90.0,4.0,0.8,"[3644.93333333, 3644.93333333]",0.25020714,65,,,0,,False,3,train,2
319,0.0,148.70908,148.95929,null,-30.0,0.08,"[20.0, 20.0]",-20.0,null,null,null,gabors,null,0.0,4.0,0.8,"[3644.93333333, 3644.93333333]",0.25020714,119,,,0,,False,1,train,0
320,0.0,148.95929,149.2095,null,30.0,0.08,"[20.0, 20.0]",-20.0,null,null,null,gabors,null,90.0,4.0,0.8,"[3644.93333333, 3644.93333333]",0.25020714,177,,,0,,False,0,train,2
321,0.0,149.2095,149.45971,null,40.0,0.08,"[20.0, 20.0]",0.0,null,null,null,gabors,null,45.0,4.0,0.8,"[3644.93333333, 3644.93333333]",0.25021036,71,,,0,,False,2,test,1
322,0.0,149.45971,149.70992,null,-30.0,0.08,"[20.0, 20.0]",-30.0,null,null,null,gabors,null,90.0,4.0,0.8,"[3644.93333333, 3644.93333333]",0.25021036,80,,,0,,False,2,test,2
323,0.0,149.70992,149.96013,null,-10.0,0.08,"[20.0, 20.0]",30.0,null,null,null,gabors,null,90.0,4.0,0.8,"[3644.93333333, 3644.93333333]",0.25021036,70,,,0,,False,1,train,2
324,0.0,149.96013,150.21034,null,-20.0,0.08,"[20.0, 20.0]",20.0,null,null,null,gabors,null,0.0,4.0,0.8,"[3644.93333333, 3644.93333333]",0.25021036,178,,,0,,False,0,train,0
325,0.0,150.21034,150.46055,null,-40.0,0.08,"[20.0, 20.0]",-10.0,null,null,null,gabors,null,90.0,4.0,0.8,"[3644.93333333, 3644.93333333]",0.25020464,33,,,0,,False,2,test,2
326,0.0,150.46055,150.71075,null,0.0,0.08,"[20.0, 20.0]",-10.0,null,null,null,gabors,null,0.0,4.0,0.8,"[3644.93333333, 3644.93333333]",0.25020464,143,,,0,,False,2,test,0
327,0.0,150.71075,150.96095,null,-20.0,0.08,"[20.0, 20.0]",40.0,null,null,null,gabors,null,45.0,4.0,0.8,"[3644.93333333, 3644.93333333]",0.25020464,179,,,0,,False,0,train,1
328,0.0,150.96095,151.21116,null,40.0,0.08,"[20.0, 20.0]",-40.0,null,null,null,gabors,null,90.0,4.0,0.8,"[3644.93333333, 3644.93333333]",0.25020464,180,,,0,,False,0,train,2
329,0.0,151.21116,151.46137,null,-10.0,0.08,"[20.0, 20.0]",30.0,null,null,null,gabors,null,45.0,4.0,0.8,"[3644.93333333, 3644.93333333]",0.25021286,181,,,0,,False,0,train,1
330,0.0,151.46137,151.71158,null,-10.0,0.08,"[20.0, 20.0]",-30.0,null,null,null,gabors,null,45.0,4.0,0.8,"[3644.93333333, 3644.93333333]",0.25021286,151,,,0,,False,1,train,1
331,0.0,151.71158,151.9618,null,-30.0,0.08,"[20.0, 20.0]",-20.0,null,null,null,gabors,null,45.0,4.0,0.8,"[3644.93333333, 3644.93333333]",0.25021286,176,,,0,,False,1,train,1
332,0.0,151.9618,152.21201,null,-20.0,0.08,"[20.0, 20.0]",-40.0,null,null,null,gabors,null,45.0,4.0,0.8,"[3644.93333333, 3644.93333333]",0.25021286,106,,,0,,False,1,train,1
333,0.0,152.21201,152.46222,null,-30.0,0.08,"[20.0, 20.0]",20.0,null,null,null,gabors,null,45.0,4.0,0.8,"[3644.93333333, 3644.93333333]",0.25020464,77,,,0,,False,1,train,1
334,0.0,152.46222,152.71242,null,-10.0,0.08,"[20.0, 20.0]",-10.0,null,null,null,gabors,null,45.0,4.0,0.8,"[3644.93333333, 3644.93333333]",0.25020464,117,,,0,,False,2,test,1
335,0.0,152.71242,152.96262,null,20.0,0.08,"[20.0, 20.0]",30.0,null,null,null,gabors,null,90.0,4.0,0.8,"[3644.93333333, 3644.93333333]",0.25020464,64,,,0,,False,2,test,2
336,0.0,152.96262,153.21283,null,-20.0,0.08,"[20.0, 20.0]",-30.0,null,null,null,gabors,null,45.0,4.0,0.8,"[3644.93333333, 3644.93333333]",0.25020464,168,,,0,,False,1,train,1
337,0.0,153.21283,153.46304,null,20.0,0.08,"[20.0, 20.0]",10.0,null,null,null,gabors,null,0.0,4.0,0.8,"[3644.93333333, 3644.93333333]",0.25021286,21,,,0,,False,2,test,0
338,0.0,153.46304,153.71325,null,-30.0,0.08,"[20.0, 20.0]",20.0,null,null,null,gabors,null,0.0,4.0,0.8,"[3644.93333333, 3644.93333333]",0.25021286,153,,,0,,False,1,train,0
339,0.0,153.71325,153.96347,null,-20.0,0.08,"[20.0, 20.0]",40.0,null,null,null,gabors,null,90.0,4.0,0.8,"[3644.93333333, 3644.93333333]",0.25021286,79,,,0,,False,2,test,2
340,0.0,153.96347,154.21368,null,-10.0,0.08,"[20.0, 20.0]",-10.0,null,null,null,gabors,null,90.0,4.0,0.8,"[3644.93333333, 3644.93333333]",0.25021286,182,,,0,,False,0,train,2
341,0.0,154.21368,154.46388,null,40.0,0.08,"[20.0, 20.0]",-30.0,null,null,null,gabors,null,0.0,4.0,0.8,"[3644.93333333, 3644.93333333]",0.25020214,183,,,0,,False,0,train,0
342,0.0,154.46388,154.71408,null,0.0,0.08,"[20.0, 20.0]",0.0,null,null,null,gabors,null,0.0,4.0,0.8,"[3644.93333333, 3644.93333333]",0.25020214,124,,,0,,False,1,train,0
343,0.0,154.71408,154.96429,null,30.0,0.08,"[20.0, 20.0]",30.0,null,null,null,gabors,null,90.0,4.0,0.8,"[3644.93333333, 3644.93333333]",0.25020214,134,,,0,,False,2,test,2
344,0.0,154.96429,155.21449,null,-20.0,0.08,"[20.0, 20.0]",20.0,null,null,null,gabors,null,0.0,4.0,0.8,"[3644.93333333, 3644.93333333]",0.25020214,178,,,0,,False,1,train,0
345,0.0,155.21449,155.4647,null,-40.0,0.08,"[20.0, 20.0]",-10.0,null,null,null,gabors,null,45.0,4.0,0.8,"[3644.93333333, 3644.93333333]",0.25021536,74,,,0,,False,2,test,1
346,0.0,155.4647,155.71492,null,40.0,0.08,"[20.0, 20.0]",10.0,null,null,null,gabors,null,90.0,4.0,0.8,"[3644.93333333, 3644.93333333]",0.25021536,8,,,0,,False,1,train,2
347,0.0,155.71492,155.96514,null,-10.0,0.08,"[20.0, 20.0]",20.0,null,null,null,gabors,null,45.0,4.0,0.8,"[3644.93333333, 3644.93333333]",0.25021536,93,,,0,,False,2,test,1
348,0.0,155.96514,156.21535,null,20.0,0.08,"[20.0, 20.0]",30.0,null,null,null,gabors,null,45.0,4.0,0.8,"[3644.93333333, 3644.93333333]",0.25021536,184,,,0,,False,0,train,1
349,0.0,156.21535,156.46556,null,40.0,0.08,"[20.0, 20.0]",-10.0,null,null,null,gabors,null,45.0,4.0,0.8,"[3644.93333333, 3644.93333333]",0.25020964,67,,,0,,False,2,test,1
350,0.0,156.46556,156.71577,null,-40.0,0.08,"[20.0, 20.0]",10.0,null,null,null,gabors,null,90.0,4.0,0.8,"[3644.93333333, 3644.93333333]",0.25020964,120,,,0,,False,1,train,2
351,0.0,156.71577,156.96598,null,10.0,0.08,"[20.0, 20.0]",-20.0,null,null,null,gabors,null,90.0,4.0,0.8,"[3644.93333333, 3644.93333333]",0.25020964,57,,,0,,False,1,train,2
352,0.0,156.96598,157.21619,null,20.0,0.08,"[20.0, 20.0]",10.0,null,null,null,gabors,null,0.0,4.0,0.8,"[3644.93333333, 3644.93333333]",0.25020964,21,,,0,,False,3,train,0
353,0.0,157.21619,157.4664,null,-10.0,0.08,"[20.0, 20.0]",0.0,null,null,null,gabors,null,45.0,4.0,0.8,"[3644.93333333, 3644.93333333]",0.25021286,167,,,0,,False,1,train,1
354,0.0,157.4664,157.71661,null,-10.0,0.08,"[20.0, 20.0]",-40.0,null,null,null,gabors,null,0.0,4.0,0.8,"[3644.93333333, 3644.93333333]",0.25021286,185,,,0,,False,0,train,0
355,0.0,157.71661,157.96683,null,-40.0,0.08,"[20.0, 20.0]",40.0,null,null,null,gabors,null,90.0,4.0,0.8,"[3644.93333333, 3644.93333333]",0.25021286,123,,,0,,False,2,test,2
356,0.0,157.96683,158.21704,null,20.0,0.08,"[20.0, 20.0]",30.0,null,null,null,gabors,null,0.0,4.0,0.8,"[3644.93333333, 3644.93333333]",0.25021286,186,,,0,,False,0,train,0
357,0.0,158.21704,158.46725,null,10.0,0.08,"[20.0, 20.0]",0.0,null,null,null,gabors,null,45.0,4.0,0.8,"[3644.93333333, 3644.93333333]",0.25021214,187,,,0,,False,0,train,1
358,0.0,158.46725,158.71746,null,10.0,0.08,"[20.0, 20.0]",-30.0,null,null,null,gabors,null,45.0,4.0,0.8,"[3644.93333333, 3644.93333333]",0.25021214,152,,,0,,False,1,train,1
359,0.0,158.71746,158.96768,null,10.0,0.08,"[20.0, 20.0]",40.0,null,null,null,gabors,null,45.0,4.0,0.8,"[3644.93333333, 3644.93333333]",0.25021214,38,,,0,,False,2,test,1
360,0.0,158.96768,159.21789,null,-20.0,0.08,"[20.0, 20.0]",-40.0,null,null,null,gabors,null,90.0,4.0,0.8,"[3644.93333333, 3644.93333333]",0.25021214,135,,,0,,False,2,test,2
361,0.0,159.21789,159.46809,null,-30.0,0.08,"[20.0, 20.0]",0.0,null,null,null,gabors,null,0.0,4.0,0.8,"[3644.93333333, 3644.93333333]",0.25020536,40,,,0,,False,2,test,0
362,0.0,159.46809,159.7183,null,30.0,0.08,"[20.0, 20.0]",20.0,null,null,null,gabors,null,45.0,4.0,0.8,"[3644.93333333, 3644.93333333]",0.25020536,73,,,0,,False,3,train,1
363,0.0,159.7183,159.96851,null,0.0,0.08,"[20.0, 20.0]",10.0,null,null,null,gabors,null,45.0,4.0,0.8,"[3644.93333333, 3644.93333333]",0.25020536,188,,,0,,False,0,train,1
364,0.0,159.96851,160.21871,null,40.0,0.08,"[20.0, 20.0]",-30.0,null,null,null,gabors,null,0.0,4.0,0.8,"[3644.93333333, 3644.93333333]",0.25020536,183,,,0,,False,1,train,0
365,0.0,160.21871,160.46892,null,-10.0,0.08,"[20.0, 20.0]",0.0,null,null,null,gabors,null,0.0,4.0,0.8,"[3644.93333333, 3644.93333333]",0.25020714,127,,,0,,False,2,test,0
366,0.0,160.46892,160.71912,null,20.0,0.08,"[20.0, 20.0]",-30.0,null,null,null,gabors,null,0.0,4.0,0.8,"[3644.93333333, 3644.93333333]",0.25020714,175,,,0,,False,1,train,0
367,0.0,160.71912,160.96933,null,40.0,0.08,"[20.0, 20.0]",40.0,null,null,null,gabors,null,90.0,4.0,0.8,"[3644.93333333, 3644.93333333]",0.25020714,189,,,0,,False,0,train,2
368,0.0,160.96933,161.21954,null,30.0,0.08,"[20.0, 20.0]",-20.0,null,null,null,gabors,null,45.0,4.0,0.8,"[3644.93333333, 3644.93333333]",0.25020714,49,,,0,,False,3,train,1
369,0.0,161.21954,161.46975,null,30.0,0.08,"[20.0, 20.0]",20.0,null,null,null,gabors,null,90.0,4.0,0.8,"[3644.93333333, 3644.93333333]",0.25021286,76,,,0,,False,3,train,2
370,0.0,161.46975,161.71996,null,20.0,0.08,"[20.0, 20.0]",-20.0,null,null,null,gabors,null,0.0,4.0,0.8,"[3644.93333333, 3644.93333333]",0.25021286,101,,,0,,False,1,train,0
371,0.0,161.71996,161.97018,null,40.0,0.08,"[20.0, 20.0]",40.0,null,null,null,gabors,null,90.0,4.0,0.8,"[3644.93333333, 3644.93333333]",0.25021286,189,,,0,,False,1,train,2
372,0.0,161.97018,162.22039,null,-20.0,0.08,"[20.0, 20.0]",40.0,null,null,null,gabors,null,0.0,4.0,0.8,"[3644.93333333, 3644.93333333]",0.25021286,109,,,0,,False,2,test,0
373,0.0,162.22039,162.4706,null,10.0,0.08,"[20.0, 20.0]",-20.0,null,null,null,gabors,null,45.0,4.0,0.8,"[3644.93333333, 3644.93333333]",0.25020714,190,,,0,,False,0,train,1
374,0.0,162.4706,162.7208,null,-40.0,0.08,"[20.0, 20.0]",30.0,null,null,null,gabors,null,0.0,4.0,0.8,"[3644.93333333, 3644.93333333]",0.25020714,144,,,0,,False,1,train,0
375,0.0,162.7208,162.97101,null,0.0,0.08,"[20.0, 20.0]",-40.0,null,null,null,gabors,null,45.0,4.0,0.8,"[3644.93333333, 3644.93333333]",0.25020714,191,,,0,,False,0,train,1
376,0.0,162.97101,163.22122,null,-10.0,0.08,"[20.0, 20.0]",0.0,null,null,null,gabors,null,45.0,4.0,0.8,"[3644.93333333, 3644.93333333]",0.25020714,167,,,0,,False,2,test,1
377,0.0,163.22122,163.47143,null,10.0,0.08,"[20.0, 20.0]",30.0,null,null,null,gabors,null,90.0,4.0,0.8,"[3644.93333333, 3644.93333333]",0.25020786,51,,,0,,False,2,test,2
378,0.0,163.47143,163.72163,null,20.0,0.08,"[20.0, 20.0]",20.0,null,null,null,gabors,null,45.0,4.0,0.8,"[3644.93333333, 3644.93333333]",0.25020786,5,,,0,,False,3,train,1
379,0.0,163.72163,163.97184,null,40.0,0.08,"[20.0, 20.0]",20.0,null,null,null,gabors,null,90.0,4.0,0.8,"[3644.93333333, 3644.93333333]",0.25020786,115,,,0,,False,1,train,2
380,0.0,163.97184,164.22205,null,40.0,0.08,"[20.0, 20.0]",40.0,null,null,null,gabors,null,0.0,4.0,0.8,"[3644.93333333, 3644.93333333]",0.25020786,45,,,0,,False,3,train,0
381,0.0,164.22205,164.47226,null,-40.0,0.08,"[20.0, 20.0]",30.0,null,null,null,gabors,null,90.0,4.0,0.8,"[3644.93333333, 3644.93333333]",0.25020714,42,,,0,,False,4,train,2
382,0.0,164.47226,164.72246,null,-20.0,0.08,"[20.0, 20.0]",40.0,null,null,null,gabors,null,45.0,4.0,0.8,"[3644.93333333, 3644.93333333]",0.25020714,179,,,0,,False,1,train,1
383,0.0,164.72246,164.97267,null,-20.0,0.08,"[20.0, 20.0]",20.0,null,null,null,gabors,null,45.0,4.0,0.8,"[3644.93333333, 3644.93333333]",0.25020714,192,,,0,,False,0,train,1
384,0.0,164.97267,165.22288,null,-20.0,0.08,"[20.0, 20.0]",0.0,null,null,null,gabors,null,45.0,4.0,0.8,"[3644.93333333, 3644.93333333]",0.25020714,193,,,0,,False,0,train,1
385,0.0,165.22288,165.47309,null,-40.0,0.08,"[20.0, 20.0]",40.0,null,null,null,gabors,null,90.0,4.0,0.8,"[3644.93333333, 3644.93333333]",0.25020786,123,,,0,,False,3,train,2
386,0.0,165.47309,165.72329,null,-10.0,0.08,"[20.0, 20.0]",-30.0,null,null,null,gabors,null,45.0,4.0,0.8,"[3644.93333333, 3644.93333333]",0.25020786,151,,,0,,False,2,test,1
387,0.0,165.72329,165.9735,null,20.0,0.08,"[20.0, 20.0]",-40.0,null,null,null,gabors,null,0.0,4.0,0.8,"[3644.93333333, 3644.93333333]",0.25020786,194,,,0,,False,0,train,0
388,0.0,165.9735,166.22371,null,20.0,0.08,"[20.0, 20.0]",-40.0,null,null,null,gabors,null,45.0,4.0,0.8,"[3644.93333333, 3644.93333333]",0.25020786,125,,,0,,False,1,train,1
389,0.0,166.22371,166.47392,null,20.0,0.08,"[20.0, 20.0]",40.0,null,null,null,gabors,null,0.0,4.0,0.8,"[3644.93333333, 3644.93333333]",0.25021214,30,,,0,,False,2,test,0
390,0.0,166.47392,166.72413,null,10.0,0.08,"[20.0, 20.0]",0.0,null,null,null,gabors,null,90.0,4.0,0.8,"[3644.93333333, 3644.93333333]",0.25021214,15,,,0,,False,1,train,2
391,0.0,166.72413,166.97435,null,-30.0,0.08,"[20.0, 20.0]",10.0,null,null,null,gabors,null,90.0,4.0,0.8,"[3644.93333333, 3644.93333333]",0.25021214,85,,,0,,False,3,train,2
392,0.0,166.97435,167.22456,null,0.0,0.08,"[20.0, 20.0]",-10.0,null,null,null,gabors,null,45.0,4.0,0.8,"[3644.93333333, 3644.93333333]",0.25021214,195,,,0,,False,0,train,1
393,0.0,167.22456,167.47477,null,0.0,0.08,"[20.0, 20.0]",10.0,null,null,null,gabors,null,90.0,4.0,0.8,"[3644.93333333, 3644.93333333]",0.25020786,196,,,0,,False,0,train,2
394,0.0,167.47477,167.72497,null,30.0,0.08,"[20.0, 20.0]",40.0,null,null,null,gabors,null,45.0,4.0,0.8,"[3644.93333333, 3644.93333333]",0.25020786,162,,,0,,False,1,train,1
395,0.0,167.72497,167.97518,null,10.0,0.08,"[20.0, 20.0]",0.0,null,null,null,gabors,null,0.0,4.0,0.8,"[3644.93333333, 3644.93333333]",0.25020786,157,,,0,,False,2,test,0
396,0.0,167.97518,168.22539,null,10.0,0.08,"[20.0, 20.0]",-10.0,null,null,null,gabors,null,45.0,4.0,0.8,"[3644.93333333, 3644.93333333]",0.25020786,131,,,0,,False,1,train,1
397,0.0,168.22539,168.4756,null,-40.0,0.08,"[20.0, 20.0]",40.0,null,null,null,gabors,null,90.0,4.0,0.8,"[3644.93333333, 3644.93333333]",0.25021214,123,,,0,,False,4,train,2
398,0.0,168.4756,168.72581,null,-40.0,0.08,"[20.0, 20.0]",-40.0,null,null,null,gabors,null,45.0,4.0,0.8,"[3644.93333333, 3644.93333333]",0.25021214,197,,,0,,False,0,train,1
399,0.0,168.72581,168.97603,null,20.0,0.08,"[20.0, 20.0]",10.0,null,null,null,gabors,null,45.0,4.0,0.8,"[3644.93333333, 3644.93333333]",0.25021214,114,,,0,,False,1,train,1
400,0.0,168.97603,169.22624,null,-20.0,0.08,"[20.0, 20.0]",20.0,null,null,null,gabors,null,45.0,4.0,0.8,"[3644.93333333, 3644.93333333]",0.25021214,192,,,0,,False,1,train,1
401,0.0,169.22624,169.47645,null,-30.0,0.08,"[20.0, 20.0]",30.0,null,null,null,gabors,null,90.0,4.0,0.8,"[3644.93333333, 3644.93333333]",0.25020786,111,,,0,,False,1,train,2
402,0.0,169.47645,169.72665,null,-40.0,0.08,"[20.0, 20.0]",-30.0,null,null,null,gabors,null,45.0,4.0,0.8,"[3644.93333333, 3644.93333333]",0.25020786,107,,,0,,False,1,train,1
403,0.0,169.72665,169.97686,null,-30.0,0.08,"[20.0, 20.0]",-10.0,null,null,null,gabors,null,0.0,4.0,0.8,"[3644.93333333, 3644.93333333]",0.25020786,52,,,0,,False,3,train,0
404,0.0,169.97686,170.22707,null,-40.0,0.08,"[20.0, 20.0]",-40.0,null,null,null,gabors,null,90.0,4.0,0.8,"[3644.93333333, 3644.93333333]",0.25020786,31,,,0,,False,2,test,2
405,0.0,170.22707,170.47728,null,-10.0,0.08,"[20.0, 20.0]",30.0,null,null,null,gabors,null,90.0,4.0,0.8,"[3644.93333333, 3644.93333333]",0.25020714,70,,,0,,False,2,test,2
406,0.0,170.47728,170.72748,null,0.0,0.08,"[20.0, 20.0]",10.0,null,null,null,gabors,null,0.0,4.0,0.8,"[3644.93333333, 3644.93333333]",0.25020714,90,,,0,,False,1,train,0
407,0.0,170.72748,170.97769,null,0.0,0.08,"[20.0, 20.0]",40.0,null,null,null,gabors,null,90.0,4.0,0.8,"[3644.93333333, 3644.93333333]",0.25020714,97,,,0,,False,1,train,2
408,0.0,170.97769,171.2279,null,-20.0,0.08,"[20.0, 20.0]",-30.0,null,null,null,gabors,null,0.0,4.0,0.8,"[3644.93333333, 3644.93333333]",0.25020714,54,,,0,,False,2,test,0
409,0.0,171.2279,171.47811,null,20.0,0.08,"[20.0, 20.0]",-30.0,null,null,null,gabors,null,45.0,4.0,0.8,"[3644.93333333, 3644.93333333]",0.25020786,41,,,0,,False,1,train,1
410,0.0,171.47811,171.72831,null,-20.0,0.08,"[20.0, 20.0]",20.0,null,null,null,gabors,null,90.0,4.0,0.8,"[3644.93333333, 3644.93333333]",0.25020786,198,,,0,,False,0,train,2
411,0.0,171.72831,171.97852,null,-40.0,0.08,"[20.0, 20.0]",-20.0,null,null,null,gabors,null,0.0,4.0,0.8,"[3644.93333333, 3644.93333333]",0.25020786,199,,,0,,False,0,train,0
412,0.0,171.97852,172.22873,null,30.0,0.08,"[20.0, 20.0]",-40.0,null,null,null,gabors,null,90.0,4.0,0.8,"[3644.93333333, 3644.93333333]",0.25020786,6,,,0,,False,1,train,2
413,0.0,172.22873,172.47894,null,-40.0,0.08,"[20.0, 20.0]",10.0,null,null,null,gabors,null,90.0,4.0,0.8,"[3644.93333333, 3644.93333333]",0.25020464,120,,,0,,False,2,test,2
414,0.0,172.47894,172.72914,null,10.0,0.08,"[20.0, 20.0]",-30.0,null,null,null,gabors,null,90.0,4.0,0.8,"[3644.93333333, 3644.93333333]",0.25020464,200,,,0,,False,0,train,2
415,0.0,172.72914,172.97934,null,10.0,0.08,"[20.0, 20.0]",0.0,null,null,null,gabors,null,90.0,4.0,0.8,"[3644.93333333, 3644.93333333]",0.25020464,15,,,0,,False,2,test,2
416,0.0,172.97934,173.22955,null,40.0,0.08,"[20.0, 20.0]",-30.0,null,null,null,gabors,null,45.0,4.0,0.8,"[3644.93333333, 3644.93333333]",0.25020464,137,,,0,,False,1,train,1
417,0.0,173.22955,173.47977,null,40.0,0.08,"[20.0, 20.0]",30.0,null,null,null,gabors,null,0.0,4.0,0.8,"[3644.93333333, 3644.93333333]",0.25021786,126,,,0,,False,1,train,0
418,0.0,173.47977,173.72998,null,-10.0,0.08,"[20.0, 20.0]",20.0,null,null,null,gabors,null,90.0,4.0,0.8,"[3644.93333333, 3644.93333333]",0.25021786,82,,,0,,False,1,train,2
419,0.0,173.72998,173.9802,null,0.0,0.08,"[20.0, 20.0]",0.0,null,null,null,gabors,null,45.0,4.0,0.8,"[3644.93333333, 3644.93333333]",0.25021786,201,,,0,,False,0,train,1
420,0.0,173.9802,174.23042,null,-30.0,0.08,"[20.0, 20.0]",20.0,null,null,null,gabors,null,90.0,4.0,0.8,"[3644.93333333, 3644.93333333]",0.25021786,128,,,0,,False,3,train,2
421,0.0,174.23042,174.48062,null,0.0,0.08,"[20.0, 20.0]",10.0,null,null,null,gabors,null,90.0,4.0,0.8,"[3644.93333333, 3644.93333333]",0.25019714,196,,,0,,False,1,train,2
422,0.0,174.48062,174.73081,null,-10.0,0.08,"[20.0, 20.0]",30.0,null,null,null,gabors,null,45.0,4.0,0.8,"[3644.93333333, 3644.93333333]",0.25019714,181,,,0,,False,1,train,1
423,0.0,174.73081,174.98101,null,10.0,0.08,"[20.0, 20.0]",-10.0,null,null,null,gabors,null,0.0,4.0,0.8,"[3644.93333333, 3644.93333333]",0.25019714,95,,,0,,False,2,test,0
424,0.0,174.98101,175.23121,null,0.0,0.08,"[20.0, 20.0]",10.0,null,null,null,gabors,null,90.0,4.0,0.8,"[3644.93333333, 3644.93333333]",0.25019714,196,,,0,,False,2,test,2
425,0.0,175.23121,175.48143,null,-10.0,0.08,"[20.0, 20.0]",10.0,null,null,null,gabors,null,90.0,4.0,0.8,"[3644.93333333, 3644.93333333]",0.25022036,10,,,0,,False,3,train,2
426,0.0,175.48143,175.73165,null,20.0,0.08,"[20.0, 20.0]",-30.0,null,null,null,gabors,null,45.0,4.0,0.8,"[3644.93333333, 3644.93333333]",0.25022036,41,,,0,,False,2,test,1
427,0.0,175.73165,175.98187,null,-20.0,0.08,"[20.0, 20.0]",20.0,null,null,null,gabors,null,90.0,4.0,0.8,"[3644.93333333, 3644.93333333]",0.25022036,198,,,0,,False,1,train,2
428,0.0,175.98187,176.23209,null,-20.0,0.08,"[20.0, 20.0]",30.0,null,null,null,gabors,null,90.0,4.0,0.8,"[3644.93333333, 3644.93333333]",0.25022036,161,,,0,,False,1,train,2
429,0.0,176.23209,176.48229,null,20.0,0.08,"[20.0, 20.0]",-10.0,null,null,null,gabors,null,90.0,4.0,0.8,"[3644.93333333, 3644.93333333]",0.25019714,50,,,0,,False,2,test,2
430,0.0,176.48229,176.73248,null,-30.0,0.08,"[20.0, 20.0]",20.0,null,null,null,gabors,null,45.0,4.0,0.8,"[3644.93333333, 3644.93333333]",0.25019714,77,,,0,,False,2,test,1
431,0.0,176.73248,176.98268,null,40.0,0.08,"[20.0, 20.0]",30.0,null,null,null,gabors,null,90.0,4.0,0.8,"[3644.93333333, 3644.93333333]",0.25019714,104,,,0,,False,3,train,2
432,0.0,176.98268,177.23288,null,20.0,0.08,"[20.0, 20.0]",-40.0,null,null,null,gabors,null,45.0,4.0,0.8,"[3644.93333333, 3644.93333333]",0.25019714,125,,,0,,False,2,test,1
433,0.0,177.23288,177.4831,null,30.0,0.08,"[20.0, 20.0]",40.0,null,null,null,gabors,null,0.0,4.0,0.8,"[3644.93333333, 3644.93333333]",0.25021786,110,,,0,,False,3,train,0
434,0.0,177.4831,177.73331,null,0.0,0.08,"[20.0, 20.0]",-40.0,null,null,null,gabors,null,45.0,4.0,0.8,"[3644.93333333, 3644.93333333]",0.25021786,191,,,0,,False,1,train,1
435,0.0,177.73331,177.98353,null,-10.0,0.08,"[20.0, 20.0]",-30.0,null,null,null,gabors,null,90.0,4.0,0.8,"[3644.93333333, 3644.93333333]",0.25021786,202,,,0,,False,0,train,2
436,0.0,177.98353,178.23375,null,30.0,0.08,"[20.0, 20.0]",-40.0,null,null,null,gabors,null,90.0,4.0,0.8,"[3644.93333333, 3644.93333333]",0.25021786,6,,,0,,False,2,test,2
437,0.0,178.23375,178.48396,null,10.0,0.08,"[20.0, 20.0]",20.0,null,null,null,gabors,null,0.0,4.0,0.8,"[3644.93333333, 3644.93333333]",0.25020964,129,,,0,,False,1,train,0
438,0.0,178.48396,178.73417,null,0.0,0.08,"[20.0, 20.0]",-30.0,null,null,null,gabors,null,0.0,4.0,0.8,"[3644.93333333, 3644.93333333]",0.25020964,159,,,0,,False,1,train,0
439,0.0,178.73417,178.98438,null,0.0,0.08,"[20.0, 20.0]",-30.0,null,null,null,gabors,null,45.0,4.0,0.8,"[3644.93333333, 3644.93333333]",0.25020964,160,,,0,,False,2,test,1
440,0.0,178.98438,179.23459,null,10.0,0.08,"[20.0, 20.0]",-10.0,null,null,null,gabors,null,0.0,4.0,0.8,"[3644.93333333, 3644.93333333]",0.25020964,95,,,0,,False,3,train,0
441,0.0,179.23459,179.4848,null,20.0,0.08,"[20.0, 20.0]",0.0,null,null,null,gabors,null,45.0,4.0,0.8,"[3644.93333333, 3644.93333333]",0.25020786,203,,,0,,False,0,train,1
442,0.0,179.4848,179.735,null,20.0,0.08,"[20.0, 20.0]",0.0,null,null,null,gabors,null,0.0,4.0,0.8,"[3644.93333333, 3644.93333333]",0.25020786,204,,,0,,False,0,train,0
443,0.0,179.735,179.98521,null,0.0,0.08,"[20.0, 20.0]",0.0,null,null,null,gabors,null,0.0,4.0,0.8,"[3644.93333333, 3644.93333333]",0.25020786,124,,,0,,False,2,test,0
444,0.0,179.98521,180.23542,null,-40.0,0.08,"[20.0, 20.0]",20.0,null,null,null,gabors,null,0.0,4.0,0.8,"[3644.93333333, 3644.93333333]",0.25020786,139,,,0,,False,2,test,0
445,0.0,180.23542,180.48563,null,-20.0,0.08,"[20.0, 20.0]",0.0,null,null,null,gabors,null,45.0,4.0,0.8,"[3644.93333333, 3644.93333333]",0.25020964,193,,,0,,False,1,train,1
446,0.0,180.48563,180.73584,null,-20.0,0.08,"[20.0, 20.0]",40.0,null,null,null,gabors,null,0.0,4.0,0.8,"[3644.93333333, 3644.93333333]",0.25020964,109,,,0,,False,3,train,0
447,0.0,180.73584,180.98605,null,10.0,0.08,"[20.0, 20.0]",-40.0,null,null,null,gabors,null,90.0,4.0,0.8,"[3644.93333333, 3644.93333333]",0.25020964,118,,,0,,False,2,test,2
448,0.0,180.98605,181.23626,null,0.0,0.08,"[20.0, 20.0]",-30.0,null,null,null,gabors,null,90.0,4.0,0.8,"[3644.93333333, 3644.93333333]",0.25020964,113,,,0,,False,2,test,2
449,0.0,181.23626,181.48647,null,-30.0,0.08,"[20.0, 20.0]",20.0,null,null,null,gabors,null,90.0,4.0,0.8,"[3644.93333333, 3644.93333333]",0.25021286,128,,,0,,False,4,train,2
450,0.0,181.48647,181.73668,null,-20.0,0.08,"[20.0, 20.0]",-40.0,null,null,null,gabors,null,45.0,4.0,0.8,"[3644.93333333, 3644.93333333]",0.25021286,106,,,0,,False,2,test,1
451,0.0,181.73668,181.9869,null,-20.0,0.08,"[20.0, 20.0]",-20.0,null,null,null,gabors,null,90.0,4.0,0.8,"[3644.93333333, 3644.93333333]",0.25021286,140,,,0,,False,1,train,2
452,0.0,181.9869,182.23711,null,-40.0,0.08,"[20.0, 20.0]",-10.0,null,null,null,gabors,null,45.0,4.0,0.8,"[3644.93333333, 3644.93333333]",0.25021286,74,,,0,,False,3,train,1
453,0.0,182.23711,182.48731,null,0.0,0.08,"[20.0, 20.0]",10.0,null,null,null,gabors,null,0.0,4.0,0.8,"[3644.93333333, 3644.93333333]",0.25020214,90,,,0,,False,2,test,0
454,0.0,182.48731,182.73751,null,0.0,0.08,"[20.0, 20.0]",-10.0,null,null,null,gabors,null,0.0,4.0,0.8,"[3644.93333333, 3644.93333333]",0.25020214,143,,,0,,False,3,train,0
455,0.0,182.73751,182.98772,null,30.0,0.08,"[20.0, 20.0]",20.0,null,null,null,gabors,null,90.0,4.0,0.8,"[3644.93333333, 3644.93333333]",0.25020214,76,,,0,,False,4,train,2
456,0.0,182.98772,183.23792,null,40.0,0.08,"[20.0, 20.0]",0.0,null,null,null,gabors,null,0.0,4.0,0.8,"[3644.93333333, 3644.93333333]",0.25020214,18,,,0,,False,4,train,0
457,0.0,183.23792,183.48813,null,40.0,0.08,"[20.0, 20.0]",10.0,null,null,null,gabors,null,90.0,4.0,0.8,"[3644.93333333, 3644.93333333]",0.25021036,8,,,0,,False,2,test,2
458,0.0,183.48813,183.73834,null,-30.0,0.08,"[20.0, 20.0]",30.0,null,null,null,gabors,null,0.0,4.0,0.8,"[3644.93333333, 3644.93333333]",0.25021036,66,,,0,,False,2,test,0
459,0.0,183.73834,183.98855,null,0.0,0.08,"[20.0, 20.0]",0.0,null,null,null,gabors,null,45.0,4.0,0.8,"[3644.93333333, 3644.93333333]",0.25021036,201,,,0,,False,1,train,1
460,0.0,183.98855,184.23876,null,0.0,0.08,"[20.0, 20.0]",40.0,null,null,null,gabors,null,90.0,4.0,0.8,"[3644.93333333, 3644.93333333]",0.25021036,97,,,0,,False,2,test,2
461,0.0,184.23876,184.48897,null,30.0,0.08,"[20.0, 20.0]",-30.0,null,null,null,gabors,null,0.0,4.0,0.8,"[3644.93333333, 3644.93333333]",0.25020964,9,,,0,,False,1,train,0
462,0.0,184.48897,184.73918,null,20.0,0.08,"[20.0, 20.0]",40.0,null,null,null,gabors,null,0.0,4.0,0.8,"[3644.93333333, 3644.93333333]",0.25020964,30,,,0,,False,3,train,0
463,0.0,184.73918,184.98939,null,-20.0,0.08,"[20.0, 20.0]",-20.0,null,null,null,gabors,null,0.0,4.0,0.8,"[3644.93333333, 3644.93333333]",0.25020964,205,,,0,,False,0,train,0
464,0.0,184.98939,185.2396,null,30.0,0.08,"[20.0, 20.0]",-40.0,null,null,null,gabors,null,0.0,4.0,0.8,"[3644.93333333, 3644.93333333]",0.25020964,37,,,0,,False,2,test,0
465,0.0,185.2396,185.48981,null,40.0,0.08,"[20.0, 20.0]",-30.0,null,null,null,gabors,null,0.0,4.0,0.8,"[3644.93333333, 3644.93333333]",0.25021286,183,,,0,,False,2,test,0
466,0.0,185.48981,185.74002,null,-40.0,0.08,"[20.0, 20.0]",40.0,null,null,null,gabors,null,45.0,4.0,0.8,"[3644.93333333, 3644.93333333]",0.25021286,206,,,0,,False,0,train,1
467,0.0,185.74002,185.99024,null,10.0,0.08,"[20.0, 20.0]",-10.0,null,null,null,gabors,null,90.0,4.0,0.8,"[3644.93333333, 3644.93333333]",0.25021286,81,,,0,,False,2,test,2
468,0.0,185.99024,186.24045,null,20.0,0.08,"[20.0, 20.0]",-40.0,null,null,null,gabors,null,0.0,4.0,0.8,"[3644.93333333, 3644.93333333]",0.25021286,194,,,0,,False,1,train,0
469,0.0,186.24045,186.49065,null,-10.0,0.08,"[20.0, 20.0]",20.0,null,null,null,gabors,null,90.0,4.0,0.8,"[3644.93333333, 3644.93333333]",0.25019964,82,,,0,,False,2,test,2
470,0.0,186.49065,186.74085,null,0.0,0.08,"[20.0, 20.0]",-40.0,null,null,null,gabors,null,90.0,4.0,0.8,"[3644.93333333, 3644.93333333]",0.25019964,207,,,0,,False,0,train,2
471,0.0,186.74085,186.99105,null,20.0,0.08,"[20.0, 20.0]",20.0,null,null,null,gabors,null,0.0,4.0,0.8,"[3644.93333333, 3644.93333333]",0.25019964,121,,,0,,False,1,train,0
472,0.0,186.99105,187.24125,null,20.0,0.08,"[20.0, 20.0]",30.0,null,null,null,gabors,null,0.0,4.0,0.8,"[3644.93333333, 3644.93333333]",0.25019964,186,,,0,,False,1,train,0
473,0.0,187.24125,187.49147,null,20.0,0.08,"[20.0, 20.0]",0.0,null,null,null,gabors,null,45.0,4.0,0.8,"[3644.93333333, 3644.93333333]",0.25021786,203,,,0,,False,1,train,1
474,0.0,187.49147,187.74168,null,-20.0,0.08,"[20.0, 20.0]",0.0,null,null,null,gabors,null,45.0,4.0,0.8,"[3644.93333333, 3644.93333333]",0.25021786,193,,,0,,False,2,test,1
475,0.0,187.74168,187.9919,null,-30.0,0.08,"[20.0, 20.0]",0.0,null,null,null,gabors,null,45.0,4.0,0.8,"[3644.93333333, 3644.93333333]",0.25021786,99,,,0,,False,1,train,1
476,0.0,187.9919,188.24212,null,-30.0,0.08,"[20.0, 20.0]",10.0,null,null,null,gabors,null,90.0,4.0,0.8,"[3644.93333333, 3644.93333333]",0.25021786,85,,,0,,False,4,train,2
477,0.0,188.24212,188.49233,null,10.0,0.08,"[20.0, 20.0]",10.0,null,null,null,gabors,null,45.0,4.0,0.8,"[3644.93333333, 3644.93333333]",0.25020964,58,,,0,,False,1,train,1
478,0.0,188.49233,188.74254,null,-20.0,0.08,"[20.0, 20.0]",-40.0,null,null,null,gabors,null,90.0,4.0,0.8,"[3644.93333333, 3644.93333333]",0.25020964,135,,,0,,False,3,train,2
479,0.0,188.74254,188.99275,null,30.0,0.08,"[20.0, 20.0]",30.0,null,null,null,gabors,null,45.0,4.0,0.8,"[3644.93333333, 3644.93333333]",0.25020964,208,,,0,,False,0,train,1
480,0.0,188.99275,189.24296,null,-10.0,0.08,"[20.0, 20.0]",0.0,null,null,null,gabors,null,0.0,4.0,0.8,"[3644.93333333, 3644.93333333]",0.25020964,127,,,0,,False,3,train,0
481,0.0,189.24296,189.49317,null,30.0,0.08,"[20.0, 20.0]",40.0,null,null,null,gabors,null,45.0,4.0,0.8,"[3644.93333333, 3644.93333333]",0.25020786,162,,,0,,False,2,test,1
482,0.0,189.49317,189.74337,null,0.0,0.08,"[20.0, 20.0]",0.0,null,null,null,gabors,null,45.0,4.0,0.8,"[3644.93333333, 3644.93333333]",0.25020786,201,,,0,,False,2,test,1
483,0.0,189.74337,189.99358,null,-10.0,0.08,"[20.0, 20.0]",-20.0,null,null,null,gabors,null,0.0,4.0,0.8,"[3644.93333333, 3644.93333333]",0.25020786,96,,,0,,False,1,train,0
484,0.0,189.99358,190.24379,null,10.0,0.08,"[20.0, 20.0]",-10.0,null,null,null,gabors,null,0.0,4.0,0.8,"[3644.93333333, 3644.93333333]",0.25020786,95,,,0,,False,4,train,0
485,0.0,190.24379,190.494,null,30.0,0.08,"[20.0, 20.0]",30.0,null,null,null,gabors,null,0.0,4.0,0.8,"[3644.93333333, 3644.93333333]",0.25020464,154,,,0,,False,1,train,0
486,0.0,190.494,190.7442,null,10.0,0.08,"[20.0, 20.0]",10.0,null,null,null,gabors,null,0.0,4.0,0.8,"[3644.93333333, 3644.93333333]",0.25020464,94,,,0,,False,1,train,0
487,0.0,190.7442,190.9944,null,-30.0,0.08,"[20.0, 20.0]",-10.0,null,null,null,gabors,null,90.0,4.0,0.8,"[3644.93333333, 3644.93333333]",0.25020464,209,,,0,,False,0,train,2
488,0.0,190.9944,191.24461,null,10.0,0.08,"[20.0, 20.0]",-40.0,null,null,null,gabors,null,0.0,4.0,0.8,"[3644.93333333, 3644.93333333]",0.25020464,19,,,0,,False,2,test,0
489,0.0,191.24461,191.49482,null,-20.0,0.08,"[20.0, 20.0]",40.0,null,null,null,gabors,null,45.0,4.0,0.8,"[3644.93333333, 3644.93333333]",0.25021036,179,,,0,,False,2,test,1
490,0.0,191.49482,191.74503,null,-30.0,0.08,"[20.0, 20.0]",-20.0,null,null,null,gabors,null,90.0,4.0,0.8,"[3644.93333333, 3644.93333333]",0.25021036,13,,,0,,False,2,test,2
491,0.0,191.74503,191.99524,null,0.0,0.08,"[20.0, 20.0]",0.0,null,null,null,gabors,null,90.0,4.0,0.8,"[3644.93333333, 3644.93333333]",0.25021036,210,,,0,,False,0,train,2
492,0.0,191.99524,192.24545,null,30.0,0.08,"[20.0, 20.0]",30.0,null,null,null,gabors,null,45.0,4.0,0.8,"[3644.93333333, 3644.93333333]",0.25021036,208,,,0,,False,1,train,1
493,0.0,192.24545,192.49566,null,40.0,0.08,"[20.0, 20.0]",0.0,null,null,null,gabors,null,90.0,4.0,0.8,"[3644.93333333, 3644.93333333]",0.25020464,211,,,0,,False,0,train,2
494,0.0,192.49566,192.74586,null,20.0,0.08,"[20.0, 20.0]",30.0,null,null,null,gabors,null,45.0,4.0,0.8,"[3644.93333333, 3644.93333333]",0.25020464,184,,,0,,False,1,train,1
495,0.0,192.74586,192.99606,null,-40.0,0.08,"[20.0, 20.0]",-40.0,null,null,null,gabors,null,90.0,4.0,0.8,"[3644.93333333, 3644.93333333]",0.25020464,31,,,0,,False,3,train,2
496,0.0,192.99606,193.24627,null,30.0,0.08,"[20.0, 20.0]",10.0,null,null,null,gabors,null,90.0,4.0,0.8,"[3644.93333333, 3644.93333333]",0.25020464,171,,,0,,False,1,train,2
497,0.0,193.24627,193.49649,null,40.0,0.08,"[20.0, 20.0]",0.0,null,null,null,gabors,null,45.0,4.0,0.8,"[3644.93333333, 3644.93333333]",0.25022036,71,,,0,,False,3,train,1
498,0.0,193.49649,193.74671,null,30.0,0.08,"[20.0, 20.0]",10.0,null,null,null,gabors,null,0.0,4.0,0.8,"[3644.93333333, 3644.93333333]",0.25022036,102,,,0,,False,1,train,0
499,0.0,193.74671,193.99693,null,0.0,0.08,"[20.0, 20.0]",-30.0,null,null,null,gabors,null,90.0,4.0,0.8,"[3644.93333333, 3644.93333333]",0.25022036,113,,,0,,False,3,train,2
500,0.0,193.99693,194.24715,null,-40.0,0.08,"[20.0, 20.0]",20.0,null,null,null,gabors,null,90.0,4.0,0.8,"[3644.93333333, 3644.93333333]",0.25022036,55,,,0,,False,2,test,2
501,0.0,194.24715,194.49736,null,-30.0,0.08,"[20.0, 20.0]",-10.0,null,null,null,gabors,null,90.0,4.0,0.8,"[3644.93333333, 3644.93333333]",0.25020464,209,,,0,,False,1,train,2
502,0.0,194.49736,194.74756,null,30.0,0.08,"[20.0, 20.0]",-10.0,null,null,null,gabors,null,0.0,4.0,0.8,"[3644.93333333, 3644.93333333]",0.25020464,88,,,0,,False,1,train,0
503,0.0,194.74756,194.99776,null,40.0,0.08,"[20.0, 20.0]",30.0,null,null,null,gabors,null,45.0,4.0,0.8,"[3644.93333333, 3644.93333333]",0.25020464,163,,,0,,False,1,train,1
504,0.0,194.99776,195.24797,null,-20.0,0.08,"[20.0, 20.0]",-40.0,null,null,null,gabors,null,90.0,4.0,0.8,"[3644.93333333, 3644.93333333]",0.25020464,135,,,0,,False,4,train,2
505,0.0,195.24797,195.49818,null,10.0,0.08,"[20.0, 20.0]",-40.0,null,null,null,gabors,null,0.0,4.0,0.8,"[3644.93333333, 3644.93333333]",0.25020786,19,,,0,,False,3,train,0
506,0.0,195.49818,195.74838,null,-30.0,0.08,"[20.0, 20.0]",10.0,null,null,null,gabors,null,0.0,4.0,0.8,"[3644.93333333, 3644.93333333]",0.25020786,87,,,0,,False,2,test,0
507,0.0,195.74838,195.99859,null,40.0,0.08,"[20.0, 20.0]",-40.0,null,null,null,gabors,null,0.0,4.0,0.8,"[3644.93333333, 3644.93333333]",0.25020786,132,,,0,,False,1,train,0
508,0.0,195.99859,196.2488,null,-20.0,0.08,"[20.0, 20.0]",-40.0,null,null,null,gabors,null,0.0,4.0,0.8,"[3644.93333333, 3644.93333333]",0.25020786,212,,,0,,False,0,train,0
509,0.0,196.2488,196.49901,null,0.0,0.08,"[20.0, 20.0]",-30.0,null,null,null,gabors,null,45.0,4.0,0.8,"[3644.93333333, 3644.93333333]",0.25020964,160,,,0,,False,3,train,1
510,0.0,196.49901,196.74922,null,-30.0,0.08,"[20.0, 20.0]",-40.0,null,null,null,gabors,null,0.0,4.0,0.8,"[3644.93333333, 3644.93333333]",0.25020964,213,,,0,,False,0,train,0
511,0.0,196.74922,196.99943,null,0.0,0.08,"[20.0, 20.0]",10.0,null,null,null,gabors,null,90.0,4.0,0.8,"[3644.93333333, 3644.93333333]",0.25020964,196,,,0,,False,3,train,2
512,0.0,196.99943,197.24964,null,-10.0,0.08,"[20.0, 20.0]",-40.0,null,null,null,gabors,null,90.0,4.0,0.8,"[3644.93333333, 3644.93333333]",0.25020964,91,,,0,,False,1,train,2
513,0.0,197.24964,197.49985,null,-30.0,0.08,"[20.0, 20.0]",-10.0,null,null,null,gabors,null,90.0,4.0,0.8,"[3644.93333333, 3644.93333333]",0.25021036,209,,,0,,False,2,test,2
514,0.0,197.49985,197.75006,null,10.0,0.08,"[20.0, 20.0]",30.0,null,null,null,gabors,null,45.0,4.0,0.8,"[3644.93333333, 3644.93333333]",0.25021036,12,,,0,,False,3,train,1
515,0.0,197.75006,198.00027,null,40.0,0.08,"[20.0, 20.0]",-40.0,null,null,null,gabors,null,90.0,4.0,0.8,"[3644.93333333, 3644.93333333]",0.25021036,180,,,0,,False,1,train,2
516,0.0,198.00027,198.25048,null,30.0,0.08,"[20.0, 20.0]",-20.0,null,null,null,gabors,null,45.0,4.0,0.8,"[3644.93333333, 3644.93333333]",0.25021036,49,,,0,,False,4,train,1
517,0.0,198.25048,198.50069,null,-10.0,0.08,"[20.0, 20.0]",20.0,null,null,null,gabors,null,90.0,4.0,0.8,"[3644.93333333, 3644.93333333]",0.25021214,82,,,0,,False,3,train,2
518,0.0,198.50069,198.7509,null,20.0,0.08,"[20.0, 20.0]",40.0,null,null,null,gabors,null,90.0,4.0,0.8,"[3644.93333333, 3644.93333333]",0.25021214,141,,,0,,False,1,train,2
519,0.0,198.7509,199.00112,null,10.0,0.08,"[20.0, 20.0]",10.0,null,null,null,gabors,null,90.0,4.0,0.8,"[3644.93333333, 3644.93333333]",0.25021214,214,,,0,,False,0,train,2
520,0.0,199.00112,199.25133,null,10.0,0.08,"[20.0, 20.0]",30.0,null,null,null,gabors,null,90.0,4.0,0.8,"[3644.93333333, 3644.93333333]",0.25021214,51,,,0,,False,3,train,2
521,0.0,199.25133,199.50153,null,40.0,0.08,"[20.0, 20.0]",-10.0,null,null,null,gabors,null,45.0,4.0,0.8,"[3644.93333333, 3644.93333333]",0.25020536,67,,,0,,False,3,train,1
522,0.0,199.50153,199.75174,null,0.0,0.08,"[20.0, 20.0]",40.0,null,null,null,gabors,null,0.0,4.0,0.8,"[3644.93333333, 3644.93333333]",0.25020536,215,,,0,,False,0,train,0
523,0.0,199.75174,200.00195,null,20.0,0.08,"[20.0, 20.0]",20.0,null,null,null,gabors,null,45.0,4.0,0.8,"[3644.93333333, 3644.93333333]",0.25020536,5,,,0,,False,4,train,1
524,0.0,200.00195,200.25215,null,30.0,0.08,"[20.0, 20.0]",40.0,null,null,null,gabors,null,0.0,4.0,0.8,"[3644.93333333, 3644.93333333]",0.25020536,110,,,0,,False,4,train,0
525,0.0,200.25215,200.50236,null,40.0,0.08,"[20.0, 20.0]",10.0,null,null,null,gabors,null,90.0,4.0,0.8,"[3644.93333333, 3644.93333333]",0.25020714,8,,,0,,False,3,train,2
526,0.0,200.50236,200.75256,null,40.0,0.08,"[20.0, 20.0]",-30.0,null,null,null,gabors,null,0.0,4.0,0.8,"[3644.93333333, 3644.93333333]",0.25020714,183,,,0,,False,3,train,0
527,0.0,200.75256,201.00277,null,30.0,0.08,"[20.0, 20.0]",-40.0,null,null,null,gabors,null,0.0,4.0,0.8,"[3644.93333333, 3644.93333333]",0.25020714,37,,,0,,False,3,train,0
528,0.0,201.00277,201.25298,null,0.0,0.08,"[20.0, 20.0]",-20.0,null,null,null,gabors,null,90.0,4.0,0.8,"[3644.93333333, 3644.93333333]",0.25020714,44,,,0,,False,2,test,2
529,0.0,201.25298,201.50319,null,-30.0,0.08,"[20.0, 20.0]",0.0,null,null,null,gabors,null,0.0,4.0,0.8,"[3644.93333333, 3644.93333333]",0.25021036,40,,,0,,False,3,train,0
530,0.0,201.50319,201.7534,null,30.0,0.08,"[20.0, 20.0]",-40.0,null,null,null,gabors,null,90.0,4.0,0.8,"[3644.93333333, 3644.93333333]",0.25021036,6,,,0,,False,3,train,2
531,0.0,201.7534,202.00361,null,-40.0,0.08,"[20.0, 20.0]",-30.0,null,null,null,gabors,null,90.0,4.0,0.8,"[3644.93333333, 3644.93333333]",0.25021036,86,,,0,,False,1,train,2
532,0.0,202.00361,202.25382,null,40.0,0.08,"[20.0, 20.0]",-40.0,null,null,null,gabors,null,0.0,4.0,0.8,"[3644.93333333, 3644.93333333]",0.25021036,132,,,0,,False,2,test,0
533,0.0,202.25382,202.50403,null,0.0,0.08,"[20.0, 20.0]",20.0,null,null,null,gabors,null,0.0,4.0,0.8,"[3644.93333333, 3644.93333333]",0.25021214,216,,,0,,False,0,train,0
534,0.0,202.50403,202.75424,null,-40.0,0.08,"[20.0, 20.0]",-40.0,null,null,null,gabors,null,0.0,4.0,0.8,"[3644.93333333, 3644.93333333]",0.25021214,53,,,0,,False,1,train,0
535,0.0,202.75424,203.00446,null,0.0,0.08,"[20.0, 20.0]",40.0,null,null,null,gabors,null,45.0,4.0,0.8,"[3644.93333333, 3644.93333333]",0.25021214,156,,,0,,False,1,train,1
536,0.0,203.00446,203.25467,null,-30.0,0.08,"[20.0, 20.0]",30.0,null,null,null,gabors,null,45.0,4.0,0.8,"[3644.93333333, 3644.93333333]",0.25021214,217,,,0,,False,0,train,1
537,0.0,203.25467,203.50488,null,-30.0,0.08,"[20.0, 20.0]",-30.0,null,null,null,gabors,null,0.0,4.0,0.8,"[3644.93333333, 3644.93333333]",0.25020786,43,,,0,,False,1,train,0
538,0.0,203.50488,203.75508,null,0.0,0.08,"[20.0, 20.0]",-10.0,null,null,null,gabors,null,90.0,4.0,0.8,"[3644.93333333, 3644.93333333]",0.25020786,218,,,0,,False,0,train,2
539,0.0,203.75508,204.00529,null,0.0,0.08,"[20.0, 20.0]",-40.0,null,null,null,gabors,null,0.0,4.0,0.8,"[3644.93333333, 3644.93333333]",0.25020786,11,,,0,,False,2,test,0
540,0.0,204.00529,204.2555,null,-10.0,0.08,"[20.0, 20.0]",0.0,null,null,null,gabors,null,90.0,4.0,0.8,"[3644.93333333, 3644.93333333]",0.25020786,155,,,0,,False,1,train,2
541,0.0,204.2555,204.50571,null,-30.0,0.08,"[20.0, 20.0]",20.0,null,null,null,gabors,null,90.0,4.0,0.8,"[3644.93333333, 3644.93333333]",0.25020714,128,,,0,,False,5,test,2
542,0.0,204.50571,204.75591,null,0.0,0.08,"[20.0, 20.0]",30.0,null,null,null,gabors,null,90.0,4.0,0.8,"[3644.93333333, 3644.93333333]",0.25020714,59,,,0,,False,3,train,2
543,0.0,204.75591,205.00612,null,10.0,0.08,"[20.0, 20.0]",-30.0,null,null,null,gabors,null,45.0,4.0,0.8,"[3644.93333333, 3644.93333333]",0.25020714,152,,,0,,False,2,test,1
544,0.0,205.00612,205.25633,null,-30.0,0.08,"[20.0, 20.0]",20.0,null,null,null,gabors,null,45.0,4.0,0.8,"[3644.93333333, 3644.93333333]",0.25020714,77,,,0,,False,3,train,1
545,0.0,205.25633,205.50654,null,-20.0,0.08,"[20.0, 20.0]",40.0,null,null,null,gabors,null,90.0,4.0,0.8,"[3644.93333333, 3644.93333333]",0.25021036,79,,,0,,False,3,train,2
546,0.0,205.50654,205.75675,null,-20.0,0.08,"[20.0, 20.0]",0.0,null,null,null,gabors,null,0.0,4.0,0.8,"[3644.93333333, 3644.93333333]",0.25021036,174,,,0,,False,1,train,0
547,0.0,205.75675,206.00696,null,40.0,0.08,"[20.0, 20.0]",-20.0,null,null,null,gabors,null,90.0,4.0,0.8,"[3644.93333333, 3644.93333333]",0.25021036,149,,,0,,False,1,train,2
548,0.0,206.00696,206.25717,null,-10.0,0.08,"[20.0, 20.0]",-20.0,null,null,null,gabors,null,0.0,4.0,0.8,"[3644.93333333, 3644.93333333]",0.25021036,96,,,0,,False,2,test,0
549,0.0,206.25717,206.50738,null,-20.0,0.08,"[20.0, 20.0]",30.0,null,null,null,gabors,null,0.0,4.0,0.8,"[3644.93333333, 3644.93333333]",0.25020964,219,,,0,,False,0,train,0
550,0.0,206.50738,206.75759,null,-20.0,0.08,"[20.0, 20.0]",30.0,null,null,null,gabors,null,90.0,4.0,0.8,"[3644.93333333, 3644.93333333]",0.25020964,161,,,0,,False,2,test,2
551,0.0,206.75759,207.0078,null,40.0,0.08,"[20.0, 20.0]",10.0,null,null,null,gabors,null,90.0,4.0,0.8,"[3644.93333333, 3644.93333333]",0.25020964,8,,,0,,False,4,train,2
552,0.0,207.0078,207.25801,null,-40.0,0.08,"[20.0, 20.0]",30.0,null,null,null,gabors,null,90.0,4.0,0.8,"[3644.93333333, 3644.93333333]",0.25020964,42,,,0,,False,5,test,2
553,0.0,207.25801,207.50822,null,20.0,0.08,"[20.0, 20.0]",0.0,null,null,null,gabors,null,45.0,4.0,0.8,"[3644.93333333, 3644.93333333]",0.25020786,203,,,0,,False,2,test,1
554,0.0,207.50822,207.75842,null,-40.0,0.08,"[20.0, 20.0]",30.0,null,null,null,gabors,null,90.0,4.0,0.8,"[3644.93333333, 3644.93333333]",0.25020786,42,,,0,,False,6,train,2
555,0.0,207.75842,208.00863,null,0.0,0.08,"[20.0, 20.0]",-10.0,null,null,null,gabors,null,90.0,4.0,0.8,"[3644.93333333, 3644.93333333]",0.25020786,218,,,0,,False,1,train,2
556,0.0,208.00863,208.25884,null,40.0,0.08,"[20.0, 20.0]",40.0,null,null,null,gabors,null,0.0,4.0,0.8,"[3644.93333333, 3644.93333333]",0.25020786,45,,,0,,False,4,train,0
557,0.0,208.25884,208.50904,null,20.0,0.08,"[20.0, 20.0]",30.0,null,null,null,gabors,null,0.0,4.0,0.8,"[3644.93333333, 3644.93333333]",0.25020214,186,,,0,,False,2,test,0
558,0.0,208.50904,208.75924,null,-10.0,0.08,"[20.0, 20.0]",40.0,null,null,null,gabors,null,45.0,4.0,0.8,"[3644.93333333, 3644.93333333]",0.25020214,112,,,0,,False,2,test,1
559,0.0,208.75924,209.00945,null,-10.0,0.08,"[20.0, 20.0]",-20.0,null,null,null,gabors,null,0.0,4.0,0.8,"[3644.93333333, 3644.93333333]",0.25020214,96,,,0,,False,3,train,0
560,0.0,209.00945,209.25965,null,10.0,0.08,"[20.0, 20.0]",-20.0,null,null,null,gabors,null,45.0,4.0,0.8,"[3644.93333333, 3644.93333333]",0.25020214,190,,,0,,False,1,train,1
561,0.0,209.25965,209.50986,null,-40.0,0.08,"[20.0, 20.0]",0.0,null,null,null,gabors,null,0.0,4.0,0.8,"[3644.93333333, 3644.93333333]",0.25021536,89,,,0,,False,1,train,0
562,0.0,209.50986,209.76008,null,30.0,0.08,"[20.0, 20.0]",-30.0,null,null,null,gabors,null,90.0,4.0,0.8,"[3644.93333333, 3644.93333333]",0.25021536,92,,,0,,False,1,train,2
563,0.0,209.76008,210.0103,null,30.0,0.08,"[20.0, 20.0]",40.0,null,null,null,gabors,null,90.0,4.0,0.8,"[3644.93333333, 3644.93333333]",0.25021536,169,,,0,,False,1,train,2
564,0.0,210.0103,210.26051,null,10.0,0.08,"[20.0, 20.0]",-30.0,null,null,null,gabors,null,90.0,4.0,0.8,"[3644.93333333, 3644.93333333]",0.25021536,200,,,0,,False,1,train,2
565,0.0,210.26051,210.51072,null,-20.0,0.08,"[20.0, 20.0]",-30.0,null,null,null,gabors,null,0.0,4.0,0.8,"[3644.93333333, 3644.93333333]",0.25020964,54,,,0,,False,3,train,0
566,0.0,210.51072,210.76093,null,40.0,0.08,"[20.0, 20.0]",10.0,null,null,null,gabors,null,45.0,4.0,0.8,"[3644.93333333, 3644.93333333]",0.25020964,145,,,0,,False,2,test,1
567,0.0,210.76093,211.01114,null,10.0,0.08,"[20.0, 20.0]",30.0,null,null,null,gabors,null,90.0,4.0,0.8,"[3644.93333333, 3644.93333333]",0.25020964,51,,,0,,False,4,train,2
568,0.0,211.01114,211.26135,null,-20.0,0.08,"[20.0, 20.0]",40.0,null,null,null,gabors,null,45.0,4.0,0.8,"[3644.93333333, 3644.93333333]",0.25020964,179,,,0,,False,3,train,1
569,0.0,211.26135,211.51156,null,0.0,0.08,"[20.0, 20.0]",0.0,null,null,null,gabors,null,45.0,4.0,0.8,"[3644.93333333, 3644.93333333]",0.25021286,201,,,0,,False,3,train,1
570,0.0,211.51156,211.76177,null,30.0,0.08,"[20.0, 20.0]",-20.0,null,null,null,gabors,null,90.0,4.0,0.8,"[3644.93333333, 3644.93333333]",0.25021286,177,,,0,,False,1,train,2
571,0.0,211.76177,212.01199,null,40.0,0.08,"[20.0, 20.0]",-10.0,null,null,null,gabors,null,0.0,4.0,0.8,"[3644.93333333, 3644.93333333]",0.25021286,83,,,0,,False,2,test,0
572,0.0,212.01199,212.2622,null,-10.0,0.08,"[20.0, 20.0]",0.0,null,null,null,gabors,null,90.0,4.0,0.8,"[3644.93333333, 3644.93333333]",0.25021286,155,,,0,,False,2,test,2
573,0.0,212.2622,212.51241,null,40.0,0.08,"[20.0, 20.0]",30.0,null,null,null,gabors,null,45.0,4.0,0.8,"[3644.93333333, 3644.93333333]",0.25020464,163,,,0,,False,2,test,1
574,0.0,212.51241,212.76261,null,20.0,0.08,"[20.0, 20.0]",-30.0,null,null,null,gabors,null,0.0,4.0,0.8,"[3644.93333333, 3644.93333333]",0.25020464,175,,,0,,False,2,test,0
575,0.0,212.76261,213.01281,null,10.0,0.08,"[20.0, 20.0]",-30.0,null,null,null,gabors,null,0.0,4.0,0.8,"[3644.93333333, 3644.93333333]",0.25020464,220,,,0,,False,0,train,0
576,0.0,213.01281,213.26302,null,40.0,0.08,"[20.0, 20.0]",0.0,null,null,null,gabors,null,0.0,4.0,0.8,"[3644.93333333, 3644.93333333]",0.25020464,18,,,0,,False,5,test,0
577,0.0,213.26302,213.51323,null,40.0,0.08,"[20.0, 20.0]",0.0,null,null,null,gabors,null,0.0,4.0,0.8,"[3644.93333333, 3644.93333333]",0.25021036,18,,,0,,False,6,train,0
578,0.0,213.51323,213.76344,null,-20.0,0.08,"[20.0, 20.0]",-30.0,null,null,null,gabors,null,90.0,4.0,0.8,"[3644.93333333, 3644.93333333]",0.25021036,221,,,0,,False,0,train,2
579,0.0,213.76344,214.01365,null,0.0,0.08,"[20.0, 20.0]",-20.0,null,null,null,gabors,null,90.0,4.0,0.8,"[3644.93333333, 3644.93333333]",0.25021036,44,,,0,,False,3,train,2
580,0.0,214.01365,214.26386,null,-10.0,0.08,"[20.0, 20.0]",30.0,null,null,null,gabors,null,0.0,4.0,0.8,"[3644.93333333, 3644.93333333]",0.25021036,27,,,0,,False,2,test,0
581,0.0,214.26386,214.51407,null,-30.0,0.08,"[20.0, 20.0]",40.0,null,null,null,gabors,null,0.0,4.0,0.8,"[3644.93333333, 3644.93333333]",0.25020464,22,,,0,,False,1,train,0
582,0.0,214.51407,214.76427,null,-40.0,0.08,"[20.0, 20.0]",20.0,null,null,null,gabors,null,90.0,4.0,0.8,"[3644.93333333, 3644.93333333]",0.25020464,55,,,0,,False,3,train,2
583,0.0,214.76427,215.01447,null,-40.0,0.08,"[20.0, 20.0]",-10.0,null,null,null,gabors,null,0.0,4.0,0.8,"[3644.93333333, 3644.93333333]",0.25020464,142,,,0,,False,3,train,0
584,0.0,215.01447,215.26468,null,10.0,0.08,"[20.0, 20.0]",0.0,null,null,null,gabors,null,45.0,4.0,0.8,"[3644.93333333, 3644.93333333]",0.25020464,187,,,0,,False,1,train,1
585,0.0,215.26468,215.51489,null,20.0,0.08,"[20.0, 20.0]",10.0,null,null,null,gabors,null,45.0,4.0,0.8,"[3644.93333333, 3644.93333333]",0.25021036,114,,,0,,False,2,test,1
586,0.0,215.51489,215.7651,null,-10.0,0.08,"[20.0, 20.0]",40.0,null,null,null,gabors,null,90.0,4.0,0.8,"[3644.93333333, 3644.93333333]",0.25021036,222,,,0,,False,0,train,2
587,0.0,215.7651,216.01531,null,30.0,0.08,"[20.0, 20.0]",20.0,null,null,null,gabors,null,0.0,4.0,0.8,"[3644.93333333, 3644.93333333]",0.25021036,164,,,0,,False,1,train,0
588,0.0,216.01531,216.26552,null,30.0,0.08,"[20.0, 20.0]",30.0,null,null,null,gabors,null,0.0,4.0,0.8,"[3644.93333333, 3644.93333333]",0.25021036,154,,,0,,False,2,test,0
589,0.0,216.26552,216.51574,null,20.0,0.08,"[20.0, 20.0]",0.0,null,null,null,gabors,null,0.0,4.0,0.8,"[3644.93333333, 3644.93333333]",0.25021464,204,,,0,,False,1,train,0
590,0.0,216.51574,216.76595,null,40.0,0.08,"[20.0, 20.0]",-20.0,null,null,null,gabors,null,90.0,4.0,0.8,"[3644.93333333, 3644.93333333]",0.25021464,149,,,0,,False,2,test,2
591,0.0,216.76595,217.01616,null,30.0,0.08,"[20.0, 20.0]",30.0,null,null,null,gabors,null,90.0,4.0,0.8,"[3644.93333333, 3644.93333333]",0.25021464,134,,,0,,False,3,train,2
592,0.0,217.01616,217.26638,null,10.0,0.08,"[20.0, 20.0]",-10.0,null,null,null,gabors,null,0.0,4.0,0.8,"[3644.93333333, 3644.93333333]",0.25021464,95,,,0,,False,5,test,0
593,0.0,217.26638,217.51659,null,40.0,0.08,"[20.0, 20.0]",40.0,null,null,null,gabors,null,90.0,4.0,0.8,"[3644.93333333, 3644.93333333]",0.25020786,189,,,0,,False,2,test,2
594,0.0,217.51659,217.76679,null,30.0,0.08,"[20.0, 20.0]",-20.0,null,null,null,gabors,null,90.0,4.0,0.8,"[3644.93333333, 3644.93333333]",0.25020786,177,,,0,,False,2,test,2
595,0.0,217.76679,218.017,null,-10.0,0.08,"[20.0, 20.0]",40.0,null,null,null,gabors,null,0.0,4.0,0.8,"[3644.93333333, 3644.93333333]",0.25020786,223,,,0,,False,0,train,0
596,0.0,218.017,218.26721,null,-40.0,0.08,"[20.0, 20.0]",30.0,null,null,null,gabors,null,0.0,4.0,0.8,"[3644.93333333, 3644.93333333]",0.25020786,144,,,0,,False,2,test,0
597,0.0,218.26721,218.51742,null,-30.0,0.08,"[20.0, 20.0]",-20.0,null,null,null,gabors,null,0.0,4.0,0.8,"[3644.93333333, 3644.93333333]",0.25020464,119,,,0,,False,2,test,0
598,0.0,218.51742,218.76762,null,-30.0,0.08,"[20.0, 20.0]",-10.0,null,null,null,gabors,null,90.0,4.0,0.8,"[3644.93333333, 3644.93333333]",0.25020464,209,,,0,,False,3,train,2
599,0.0,218.76762,219.01782,null,30.0,0.08,"[20.0, 20.0]",10.0,null,null,null,gabors,null,0.0,4.0,0.8,"[3644.93333333, 3644.93333333]",0.25020464,102,,,0,,False,2,test,0
600,0.0,219.01782,219.26803,null,-10.0,0.08,"[20.0, 20.0]",-30.0,null,null,null,gabors,null,0.0,4.0,0.8,"[3644.93333333, 3644.93333333]",0.25020464,224,,,0,,False,0,train,0
601,0.0,219.26803,219.51824,null,-40.0,0.08,"[20.0, 20.0]",10.0,null,null,null,gabors,null,45.0,4.0,0.8,"[3644.93333333, 3644.93333333]",0.25021036,17,,,0,,False,3,train,1
602,0.0,219.51824,219.76845,null,-10.0,0.08,"[20.0, 20.0]",30.0,null,null,null,gabors,null,45.0,4.0,0.8,"[3644.93333333, 3644.93333333]",0.25021036,181,,,0,,False,2,test,1
603,0.0,219.76845,220.01866,null,-40.0,0.08,"[20.0, 20.0]",40.0,null,null,null,gabors,null,45.0,4.0,0.8,"[3644.93333333, 3644.93333333]",0.25021036,206,,,0,,False,1,train,1
604,0.0,220.01866,220.26887,null,10.0,0.08,"[20.0, 20.0]",30.0,null,null,null,gabors,null,45.0,4.0,0.8,"[3644.93333333, 3644.93333333]",0.25021036,12,,,0,,False,4,train,1
605,0.0,220.26887,220.51908,null,0.0,0.08,"[20.0, 20.0]",-30.0,null,null,null,gabors,null,45.0,4.0,0.8,"[3644.93333333, 3644.93333333]",0.25021214,160,,,0,,False,4,train,1
606,0.0,220.51908,220.76929,null,-30.0,0.08,"[20.0, 20.0]",30.0,null,null,null,gabors,null,0.0,4.0,0.8,"[3644.93333333, 3644.93333333]",0.25021214,66,,,0,,False,3,train,0
607,0.0,220.76929,221.01951,null,0.0,0.08,"[20.0, 20.0]",40.0,null,null,null,gabors,null,90.0,4.0,0.8,"[3644.93333333, 3644.93333333]",0.25021214,97,,,0,,False,3,train,2
608,0.0,221.01951,221.26972,null,-40.0,0.08,"[20.0, 20.0]",30.0,null,null,null,gabors,null,0.0,4.0,0.8,"[3644.93333333, 3644.93333333]",0.25021214,144,,,0,,False,3,train,0
609,0.0,221.26972,221.51993,null,-30.0,0.08,"[20.0, 20.0]",40.0,null,null,null,gabors,null,45.0,4.0,0.8,"[3644.93333333, 3644.93333333]",0.25020786,63,,,0,,False,2,test,1
610,0.0,221.51993,221.77013,null,-10.0,0.08,"[20.0, 20.0]",0.0,null,null,null,gabors,null,90.0,4.0,0.8,"[3644.93333333, 3644.93333333]",0.25020786,155,,,0,,False,3,train,2
611,0.0,221.77013,222.02034,null,-20.0,0.08,"[20.0, 20.0]",40.0,null,null,null,gabors,null,0.0,4.0,0.8,"[3644.93333333, 3644.93333333]",0.25020786,109,,,0,,False,4,train,0
612,0.0,222.02034,222.27055,null,0.0,0.08,"[20.0, 20.0]",0.0,null,null,null,gabors,null,0.0,4.0,0.8,"[3644.93333333, 3644.93333333]",0.25020786,124,,,0,,False,3,train,0
613,0.0,222.27055,222.52076,null,20.0,0.08,"[20.0, 20.0]",-10.0,null,null,null,gabors,null,0.0,4.0,0.8,"[3644.93333333, 3644.93333333]",0.25020714,48,,,0,,False,3,train,0
614,0.0,222.52076,222.77096,null,0.0,0.08,"[20.0, 20.0]",30.0,null,null,null,gabors,null,0.0,4.0,0.8,"[3644.93333333, 3644.93333333]",0.25020714,225,,,0,,False,0,train,0
615,0.0,222.77096,223.02117,null,10.0,0.08,"[20.0, 20.0]",30.0,null,null,null,gabors,null,0.0,4.0,0.8,"[3644.93333333, 3644.93333333]",0.25020714,226,,,0,,False,0,train,0
616,0.0,223.02117,223.27138,null,30.0,0.08,"[20.0, 20.0]",40.0,null,null,null,gabors,null,90.0,4.0,0.8,"[3644.93333333, 3644.93333333]",0.25020714,169,,,0,,False,2,test,2
617,0.0,223.27138,223.52159,null,-40.0,0.08,"[20.0, 20.0]",0.0,null,null,null,gabors,null,45.0,4.0,0.8,"[3644.93333333, 3644.93333333]",0.25020786,130,,,0,,False,2,test,1
618,0.0,223.52159,223.77179,null,-30.0,0.08,"[20.0, 20.0]",30.0,null,null,null,gabors,null,90.0,4.0,0.8,"[3644.93333333, 3644.93333333]",0.25020786,111,,,0,,False,2,test,2
619,0.0,223.77179,224.022,null,-30.0,0.08,"[20.0, 20.0]",40.0,null,null,null,gabors,null,0.0,4.0,0.8,"[3644.93333333, 3644.93333333]",0.25020786,22,,,0,,False,2,test,0
620,0.0,224.022,224.27221,null,20.0,0.08,"[20.0, 20.0]",40.0,null,null,null,gabors,null,90.0,4.0,0.8,"[3644.93333333, 3644.93333333]",0.25020786,141,,,0,,False,2,test,2
621,0.0,224.27221,224.52242,null,-30.0,0.08,"[20.0, 20.0]",-20.0,null,null,null,gabors,null,90.0,4.0,0.8,"[3644.93333333, 3644.93333333]",0.25020464,13,,,0,,False,3,train,2
622,0.0,224.52242,224.77262,null,-30.0,0.08,"[20.0, 20.0]",-10.0,null,null,null,gabors,null,0.0,4.0,0.8,"[3644.93333333, 3644.93333333]",0.25020464,52,,,0,,False,4,train,0
623,0.0,224.77262,225.02282,null,0.0,0.08,"[20.0, 20.0]",-20.0,null,null,null,gabors,null,90.0,4.0,0.8,"[3644.93333333, 3644.93333333]",0.25020464,44,,,0,,False,4,train,2
624,0.0,225.02282,225.27303,null,10.0,0.08,"[20.0, 20.0]",-40.0,null,null,null,gabors,null,90.0,4.0,0.8,"[3644.93333333, 3644.93333333]",0.25020464,118,,,0,,False,3,train,2
625,0.0,225.27303,225.52325,null,-20.0,0.08,"[20.0, 20.0]",-30.0,null,null,null,gabors,null,0.0,4.0,0.8,"[3644.93333333, 3644.93333333]",0.25021786,54,,,0,,False,4,train,0
626,0.0,225.52325,225.77346,null,-20.0,0.08,"[20.0, 20.0]",30.0,null,null,null,gabors,null,90.0,4.0,0.8,"[3644.93333333, 3644.93333333]",0.25021786,161,,,0,,False,3,train,2
627,0.0,225.77346,226.02368,null,-40.0,0.08,"[20.0, 20.0]",-30.0,null,null,null,gabors,null,0.0,4.0,0.8,"[3644.93333333, 3644.93333333]",0.25021786,172,,,0,,False,1,train,0
628,0.0,226.02368,226.2739,null,0.0,0.08,"[20.0, 20.0]",0.0,null,null,null,gabors,null,0.0,4.0,0.8,"[3644.93333333, 3644.93333333]",0.25021786,124,,,0,,False,4,train,0
629,0.0,226.2739,226.52411,null,-30.0,0.08,"[20.0, 20.0]",30.0,null,null,null,gabors,null,45.0,4.0,0.8,"[3644.93333333, 3644.93333333]",0.25020464,217,,,0,,False,1,train,1
630,0.0,226.52411,226.77431,null,-30.0,0.08,"[20.0, 20.0]",40.0,null,null,null,gabors,null,45.0,4.0,0.8,"[3644.93333333, 3644.93333333]",0.25020464,63,,,0,,False,3,train,1
631,0.0,226.77431,227.02451,null,20.0,0.08,"[20.0, 20.0]",-40.0,null,null,null,gabors,null,45.0,4.0,0.8,"[3644.93333333, 3644.93333333]",0.25020464,125,,,0,,False,3,train,1
632,0.0,227.02451,227.27472,null,30.0,0.08,"[20.0, 20.0]",-10.0,null,null,null,gabors,null,90.0,4.0,0.8,"[3644.93333333, 3644.93333333]",0.25020464,227,,,0,,False,0,train,2
633,0.0,227.27472,227.52493,null,-40.0,0.08,"[20.0, 20.0]",-40.0,null,null,null,gabors,null,45.0,4.0,0.8,"[3644.93333333, 3644.93333333]",0.25021286,197,,,0,,False,1,train,1
634,0.0,227.52493,227.77514,null,-10.0,0.08,"[20.0, 20.0]",40.0,null,null,null,gabors,null,45.0,4.0,0.8,"[3644.93333333, 3644.93333333]",0.25021286,112,,,0,,False,3,train,1
635,0.0,227.77514,228.02536,null,40.0,0.08,"[20.0, 20.0]",-10.0,null,null,null,gabors,null,45.0,4.0,0.8,"[3644.93333333, 3644.93333333]",0.25021286,67,,,0,,False,4,train,1
636,0.0,228.02536,228.27557,null,20.0,0.08,"[20.0, 20.0]",0.0,null,null,null,gabors,null,90.0,4.0,0.8,"[3644.93333333, 3644.93333333]",0.25021286,146,,,0,,False,2,test,2
637,0.0,228.27557,228.52579,null,20.0,0.08,"[20.0, 20.0]",-30.0,null,null,null,gabors,null,90.0,4.0,0.8,"[3644.93333333, 3644.93333333]",0.25021464,28,,,0,,False,1,train,2
638,0.0,228.52579,228.776,null,-10.0,0.08,"[20.0, 20.0]",30.0,null,null,null,gabors,null,0.0,4.0,0.8,"[3644.93333333, 3644.93333333]",0.25021464,27,,,0,,False,3,train,0
639,0.0,228.776,229.02621,null,10.0,0.08,"[20.0, 20.0]",-30.0,null,null,null,gabors,null,90.0,4.0,0.8,"[3644.93333333, 3644.93333333]",0.25021464,200,,,0,,False,2,test,2
640,0.0,229.02621,229.27643,null,-30.0,0.08,"[20.0, 20.0]",0.0,null,null,null,gabors,null,90.0,4.0,0.8,"[3644.93333333, 3644.93333333]",0.25021464,84,,,0,,False,1,train,2
641,0.0,229.27643,229.52663,null,-10.0,0.08,"[20.0, 20.0]",30.0,null,null,null,gabors,null,45.0,4.0,0.8,"[3644.93333333, 3644.93333333]",0.25020536,181,,,0,,False,3,train,1
642,0.0,229.52663,229.77684,null,0.0,0.08,"[20.0, 20.0]",-20.0,null,null,null,gabors,null,0.0,4.0,0.8,"[3644.93333333, 3644.93333333]",0.25020536,228,,,0,,False,0,train,0
643,0.0,229.77684,230.02705,null,30.0,0.08,"[20.0, 20.0]",30.0,null,null,null,gabors,null,90.0,4.0,0.8,"[3644.93333333, 3644.93333333]",0.25020536,134,,,0,,False,4,train,2
644,0.0,230.02705,230.27725,null,-30.0,0.08,"[20.0, 20.0]",0.0,null,null,null,gabors,null,45.0,4.0,0.8,"[3644.93333333, 3644.93333333]",0.25020536,99,,,0,,False,2,test,1
645,0.0,230.27725,230.52746,null,-40.0,0.08,"[20.0, 20.0]",-10.0,null,null,null,gabors,null,90.0,4.0,0.8,"[3644.93333333, 3644.93333333]",0.25021214,33,,,0,,False,3,train,2
646,0.0,230.52746,230.77767,null,-10.0,0.08,"[20.0, 20.0]",-30.0,null,null,null,gabors,null,0.0,4.0,0.8,"[3644.93333333, 3644.93333333]",0.25021214,224,,,0,,False,1,train,0
647,0.0,230.77767,231.02789,null,-40.0,0.08,"[20.0, 20.0]",-40.0,null,null,null,gabors,null,0.0,4.0,0.8,"[3644.93333333, 3644.93333333]",0.25021214,53,,,0,,False,2,test,0
648,0.0,231.02789,231.2781,null,0.0,0.08,"[20.0, 20.0]",-30.0,null,null,null,gabors,null,45.0,4.0,0.8,"[3644.93333333, 3644.93333333]",0.25021214,160,,,0,,False,5,test,1
649,0.0,231.2781,231.5283,null,-40.0,0.08,"[20.0, 20.0]",-10.0,null,null,null,gabors,null,45.0,4.0,0.8,"[3644.93333333, 3644.93333333]",0.25020536,74,,,0,,False,4,train,1
650,0.0,231.5283,231.77851,null,40.0,0.08,"[20.0, 20.0]",-40.0,null,null,null,gabors,null,90.0,4.0,0.8,"[3644.93333333, 3644.93333333]",0.25020536,180,,,0,,False,2,test,2
651,0.0,231.77851,232.02872,null,-30.0,0.08,"[20.0, 20.0]",20.0,null,null,null,gabors,null,45.0,4.0,0.8,"[3644.93333333, 3644.93333333]",0.25020536,77,,,0,,False,4,train,1
652,0.0,232.02872,232.27892,null,-20.0,0.08,"[20.0, 20.0]",-40.0,null,null,null,gabors,null,0.0,4.0,0.8,"[3644.93333333, 3644.93333333]",0.25020536,212,,,0,,False,1,train,0
653,0.0,232.27892,232.52913,null,-10.0,0.08,"[20.0, 20.0]",20.0,null,null,null,gabors,null,0.0,4.0,0.8,"[3644.93333333, 3644.93333333]",0.25020714,1,,,0,,False,2,test,0
654,0.0,232.52913,232.77933,null,30.0,0.08,"[20.0, 20.0]",20.0,null,null,null,gabors,null,0.0,4.0,0.8,"[3644.93333333, 3644.93333333]",0.25020714,164,,,0,,False,2,test,0
655,0.0,232.77933,233.02954,null,-10.0,0.08,"[20.0, 20.0]",30.0,null,null,null,gabors,null,0.0,4.0,0.8,"[3644.93333333, 3644.93333333]",0.25020714,27,,,0,,False,4,train,0
656,0.0,233.02954,233.27975,null,-30.0,0.08,"[20.0, 20.0]",-30.0,null,null,null,gabors,null,45.0,4.0,0.8,"[3644.93333333, 3644.93333333]",0.25020714,46,,,0,,False,1,train,1
657,0.0,233.27975,233.52996,null,-30.0,0.08,"[20.0, 20.0]",30.0,null,null,null,gabors,null,0.0,4.0,0.8,"[3644.93333333, 3644.93333333]",0.25020786,66,,,0,,False,4,train,0
658,0.0,233.52996,233.78016,null,0.0,0.08,"[20.0, 20.0]",-20.0,null,null,null,gabors,null,0.0,4.0,0.8,"[3644.93333333, 3644.93333333]",0.25020786,228,,,0,,False,1,train,0
659,0.0,233.78016,234.03037,null,40.0,0.08,"[20.0, 20.0]",20.0,null,null,null,gabors,null,90.0,4.0,0.8,"[3644.93333333, 3644.93333333]",0.25020786,115,,,0,,False,2,test,2
660,0.0,234.03037,234.28058,null,-40.0,0.08,"[20.0, 20.0]",-40.0,null,null,null,gabors,null,90.0,4.0,0.8,"[3644.93333333, 3644.93333333]",0.25020786,31,,,0,,False,4,train,2
661,0.0,234.28058,234.5308,null,-30.0,0.08,"[20.0, 20.0]",30.0,null,null,null,gabors,null,90.0,4.0,0.8,"[3644.93333333, 3644.93333333]",0.25021464,111,,,0,,False,3,train,2
662,0.0,234.5308,234.78101,null,30.0,0.08,"[20.0, 20.0]",10.0,null,null,null,gabors,null,90.0,4.0,0.8,"[3644.93333333, 3644.93333333]",0.25021464,171,,,0,,False,2,test,2
663,0.0,234.78101,235.03122,null,-20.0,0.08,"[20.0, 20.0]",-40.0,null,null,null,gabors,null,90.0,4.0,0.8,"[3644.93333333, 3644.93333333]",0.25021464,135,,,0,,False,5,test,2
664,0.0,235.03122,235.28144,null,0.0,0.08,"[20.0, 20.0]",30.0,null,null,null,gabors,null,0.0,4.0,0.8,"[3644.93333333, 3644.93333333]",0.25021464,225,,,0,,False,1,train,0
665,0.0,235.28144,235.53164,null,40.0,0.08,"[20.0, 20.0]",-40.0,null,null,null,gabors,null,45.0,4.0,0.8,"[3644.93333333, 3644.93333333]",0.25020536,34,,,0,,False,4,train,1
666,0.0,235.53164,235.78185,null,20.0,0.08,"[20.0, 20.0]",-20.0,null,null,null,gabors,null,45.0,4.0,0.8,"[3644.93333333, 3644.93333333]",0.25020536,36,,,0,,False,2,test,1
667,0.0,235.78185,236.03206,null,20.0,0.08,"[20.0, 20.0]",40.0,null,null,null,gabors,null,0.0,4.0,0.8,"[3644.93333333, 3644.93333333]",0.25020536,30,,,0,,False,4,train,0
668,0.0,236.03206,236.28226,null,-10.0,0.08,"[20.0, 20.0]",-30.0,null,null,null,gabors,null,45.0,4.0,0.8,"[3644.93333333, 3644.93333333]",0.25020536,151,,,0,,False,3,train,1
669,0.0,236.28226,236.53247,null,20.0,0.08,"[20.0, 20.0]",-10.0,null,null,null,gabors,null,90.0,4.0,0.8,"[3644.93333333, 3644.93333333]",0.25020714,50,,,0,,False,3,train,2
670,0.0,236.53247,236.78267,null,30.0,0.08,"[20.0, 20.0]",0.0,null,null,null,gabors,null,90.0,4.0,0.8,"[3644.93333333, 3644.93333333]",0.25020714,229,,,0,,False,0,train,2
671,0.0,236.78267,237.03288,null,30.0,0.08,"[20.0, 20.0]",-40.0,null,null,null,gabors,null,0.0,4.0,0.8,"[3644.93333333, 3644.93333333]",0.25020714,37,,,0,,False,4,train,0
672,0.0,237.03288,237.28309,null,40.0,0.08,"[20.0, 20.0]",20.0,null,null,null,gabors,null,0.0,4.0,0.8,"[3644.93333333, 3644.93333333]",0.25020714,98,,,0,,False,2,test,0
673,0.0,237.28309,237.5333,null,-30.0,0.08,"[20.0, 20.0]",-30.0,null,null,null,gabors,null,0.0,4.0,0.8,"[3644.93333333, 3644.93333333]",0.25021286,43,,,0,,False,2,test,0
674,0.0,237.5333,237.78351,null,0.0,0.08,"[20.0, 20.0]",-40.0,null,null,null,gabors,null,45.0,4.0,0.8,"[3644.93333333, 3644.93333333]",0.25021286,191,,,0,,False,2,test,1
675,0.0,237.78351,238.03373,null,40.0,0.08,"[20.0, 20.0]",20.0,null,null,null,gabors,null,90.0,4.0,0.8,"[3644.93333333, 3644.93333333]",0.25021286,115,,,0,,False,3,train,2
676,0.0,238.03373,238.28394,null,0.0,0.08,"[20.0, 20.0]",-30.0,null,null,null,gabors,null,0.0,4.0,0.8,"[3644.93333333, 3644.93333333]",0.25021286,159,,,0,,False,2,test,0
677,0.0,238.28394,238.53415,null,-30.0,0.08,"[20.0, 20.0]",-40.0,null,null,null,gabors,null,45.0,4.0,0.8,"[3644.93333333, 3644.93333333]",0.25020464,47,,,0,,False,1,train,1
678,0.0,238.53415,238.78435,null,-10.0,0.08,"[20.0, 20.0]",-10.0,null,null,null,gabors,null,45.0,4.0,0.8,"[3644.93333333, 3644.93333333]",0.25020464,117,,,0,,False,3,train,1
679,0.0,238.78435,239.03455,null,-40.0,0.08,"[20.0, 20.0]",-40.0,null,null,null,gabors,null,90.0,4.0,0.8,"[3644.93333333, 3644.93333333]",0.25020464,31,,,0,,False,5,test,2
680,0.0,239.03455,239.28476,null,-20.0,0.08,"[20.0, 20.0]",0.0,null,null,null,gabors,null,90.0,4.0,0.8,"[3644.93333333, 3644.93333333]",0.25020464,105,,,0,,False,1,train,2
681,0.0,239.28476,239.53497,null,-30.0,0.08,"[20.0, 20.0]",10.0,null,null,null,gabors,null,90.0,4.0,0.8,"[3644.93333333, 3644.93333333]",0.25021286,85,,,0,,False,5,test,2
682,0.0,239.53497,239.78518,null,-20.0,0.08,"[20.0, 20.0]",10.0,null,null,null,gabors,null,0.0,4.0,0.8,"[3644.93333333, 3644.93333333]",0.25021286,138,,,0,,False,2,test,0
683,0.0,239.78518,240.0354,null,-30.0,0.08,"[20.0, 20.0]",-40.0,null,null,null,gabors,null,90.0,4.0,0.8,"[3644.93333333, 3644.93333333]",0.25021286,150,,,0,,False,1,train,2
684,0.0,240.0354,240.28561,null,30.0,0.08,"[20.0, 20.0]",20.0,null,null,null,gabors,null,90.0,4.0,0.8,"[3644.93333333, 3644.93333333]",0.25021286,76,,,0,,False,5,test,2
685,0.0,240.28561,240.53582,null,-10.0,0.08,"[20.0, 20.0]",-10.0,null,null,null,gabors,null,90.0,4.0,0.8,"[3644.93333333, 3644.93333333]",0.25020464,182,,,0,,False,1,train,2
686,0.0,240.53582,240.78602,null,40.0,0.08,"[20.0, 20.0]",-30.0,null,null,null,gabors,null,45.0,4.0,0.8,"[3644.93333333, 3644.93333333]",0.25020464,137,,,0,,False,2,test,1
687,0.0,240.78602,241.03622,null,-30.0,0.08,"[20.0, 20.0]",20.0,null,null,null,gabors,null,0.0,4.0,0.8,"[3644.93333333, 3644.93333333]",0.25020464,153,,,0,,False,2,test,0
688,0.0,241.03622,241.28643,null,10.0,0.08,"[20.0, 20.0]",-30.0,null,null,null,gabors,null,0.0,4.0,0.8,"[3644.93333333, 3644.93333333]",0.25020464,220,,,0,,False,1,train,0
689,0.0,241.28643,241.53664,null,-20.0,0.08,"[20.0, 20.0]",-40.0,null,null,null,gabors,null,45.0,4.0,0.8,"[3644.93333333, 3644.93333333]",0.25021536,106,,,0,,False,3,train,1
690,0.0,241.53664,241.78686,null,40.0,0.08,"[20.0, 20.0]",0.0,null,null,null,gabors,null,0.0,4.0,0.8,"[3644.93333333, 3644.93333333]",0.25021536,18,,,0,,False,7,train,0
691,0.0,241.78686,242.03708,null,-40.0,0.08,"[20.0, 20.0]",30.0,null,null,null,gabors,null,45.0,4.0,0.8,"[3644.93333333, 3644.93333333]",0.25021536,61,,,0,,False,3,train,1
692,0.0,242.03708,242.28729,null,-10.0,0.08,"[20.0, 20.0]",10.0,null,null,null,gabors,null,90.0,4.0,0.8,"[3644.93333333, 3644.93333333]",0.25021536,10,,,0,,False,4,train,2
693,0.0,242.28729,242.5375,null,30.0,0.08,"[20.0, 20.0]",-10.0,null,null,null,gabors,null,90.0,4.0,0.8,"[3644.93333333, 3644.93333333]",0.25020714,227,,,0,,False,1,train,2
694,0.0,242.5375,242.7877,null,20.0,0.08,"[20.0, 20.0]",10.0,null,null,null,gabors,null,0.0,4.0,0.8,"[3644.93333333, 3644.93333333]",0.25020714,21,,,0,,False,4,train,0
695,0.0,242.7877,243.03791,null,-40.0,0.08,"[20.0, 20.0]",20.0,null,null,null,gabors,null,90.0,4.0,0.8,"[3644.93333333, 3644.93333333]",0.25020714,55,,,0,,False,4,train,2
696,0.0,243.03791,243.28812,null,20.0,0.08,"[20.0, 20.0]",-20.0,null,null,null,gabors,null,90.0,4.0,0.8,"[3644.93333333, 3644.93333333]",0.25020714,26,,,0,,False,2,test,2
697,0.0,243.28812,243.53833,null,0.0,0.08,"[20.0, 20.0]",-10.0,null,null,null,gabors,null,90.0,4.0,0.8,"[3644.93333333, 3644.93333333]",0.25020786,218,,,0,,False,2,test,2
698,0.0,243.53833,243.78853,null,-30.0,0.08,"[20.0, 20.0]",-20.0,null,null,null,gabors,null,0.0,4.0,0.8,"[3644.93333333, 3644.93333333]",0.25020786,119,,,0,,False,3,train,0
699,0.0,243.78853,244.03874,null,30.0,0.08,"[20.0, 20.0]",20.0,null,null,null,gabors,null,45.0,4.0,0.8,"[3644.93333333, 3644.93333333]",0.25020786,73,,,0,,False,4,train,1
700,0.0,244.03874,244.28895,null,-40.0,0.08,"[20.0, 20.0]",-30.0,null,null,null,gabors,null,0.0,4.0,0.8,"[3644.93333333, 3644.93333333]",0.25020786,172,,,0,,False,2,test,0
701,0.0,244.28895,244.53917,null,-40.0,0.08,"[20.0, 20.0]",-10.0,null,null,null,gabors,null,0.0,4.0,0.8,"[3644.93333333, 3644.93333333]",0.25021464,142,,,0,,False,4,train,0
702,0.0,244.53917,244.78938,null,-10.0,0.08,"[20.0, 20.0]",10.0,null,null,null,gabors,null,0.0,4.0,0.8,"[3644.93333333, 3644.93333333]",0.25021464,23,,,0,,False,2,test,0
703,0.0,244.78938,245.03959,null,10.0,0.08,"[20.0, 20.0]",0.0,null,null,null,gabors,null,45.0,4.0,0.8,"[3644.93333333, 3644.93333333]",0.25021464,187,,,0,,False,2,test,1
704,0.0,245.03959,245.28981,null,-10.0,0.08,"[20.0, 20.0]",0.0,null,null,null,gabors,null,45.0,4.0,0.8,"[3644.93333333, 3644.93333333]",0.25021464,167,,,0,,False,3,train,1
705,0.0,245.28981,245.54001,null,20.0,0.08,"[20.0, 20.0]",10.0,null,null,null,gabors,null,45.0,4.0,0.8,"[3644.93333333, 3644.93333333]",0.25020036,114,,,0,,False,3,train,1
706,0.0,245.54001,245.79021,null,-40.0,0.08,"[20.0, 20.0]",40.0,null,null,null,gabors,null,45.0,4.0,0.8,"[3644.93333333, 3644.93333333]",0.25020036,206,,,0,,False,2,test,1
707,0.0,245.79021,246.04041,null,30.0,0.08,"[20.0, 20.0]",0.0,null,null,null,gabors,null,45.0,4.0,0.8,"[3644.93333333, 3644.93333333]",0.25020036,2,,,0,,False,1,train,1
708,0.0,246.04041,246.29061,null,-20.0,0.08,"[20.0, 20.0]",-20.0,null,null,null,gabors,null,90.0,4.0,0.8,"[3644.93333333, 3644.93333333]",0.25020036,140,,,0,,False,2,test,2
709,0.0,246.29061,246.54083,null,-20.0,0.08,"[20.0, 20.0]",20.0,null,null,null,gabors,null,90.0,4.0,0.8,"[3644.93333333, 3644.93333333]",0.25021464,198,,,0,,False,2,test,2
710,0.0,246.54083,246.79104,null,-20.0,0.08,"[20.0, 20.0]",-20.0,null,null,null,gabors,null,45.0,4.0,0.8,"[3644.93333333, 3644.93333333]",0.25021464,32,,,0,,False,3,train,1
711,0.0,246.79104,247.04125,null,-40.0,0.08,"[20.0, 20.0]",10.0,null,null,null,gabors,null,90.0,4.0,0.8,"[3644.93333333, 3644.93333333]",0.25021464,120,,,0,,False,3,train,2
712,0.0,247.04125,247.29147,null,0.0,0.08,"[20.0, 20.0]",-30.0,null,null,null,gabors,null,45.0,4.0,0.8,"[3644.93333333, 3644.93333333]",0.25021464,160,,,0,,False,6,train,1
713,0.0,247.29147,247.54167,null,20.0,0.08,"[20.0, 20.0]",-40.0,null,null,null,gabors,null,90.0,4.0,0.8,"[3644.93333333, 3644.93333333]",0.25020536,133,,,0,,False,2,test,2
714,0.0,247.54167,247.79188,null,0.0,0.08,"[20.0, 20.0]",0.0,null,null,null,gabors,null,45.0,4.0,0.8,"[3644.93333333, 3644.93333333]",0.25020536,201,,,0,,False,4,train,1
715,0.0,247.79188,248.04209,null,-20.0,0.08,"[20.0, 20.0]",30.0,null,null,null,gabors,null,0.0,4.0,0.8,"[3644.93333333, 3644.93333333]",0.25020536,219,,,0,,False,1,train,0
716,0.0,248.04209,248.29229,null,0.0,0.08,"[20.0, 20.0]",-40.0,null,null,null,gabors,null,45.0,4.0,0.8,"[3644.93333333, 3644.93333333]",0.25020536,191,,,0,,False,3,train,1
717,0.0,248.29229,248.5425,null,30.0,0.08,"[20.0, 20.0]",-20.0,null,null,null,gabors,null,0.0,4.0,0.8,"[3644.93333333, 3644.93333333]",0.25020964,230,,,0,,False,0,train,0
718,0.0,248.5425,248.79271,null,20.0,0.08,"[20.0, 20.0]",30.0,null,null,null,gabors,null,90.0,4.0,0.8,"[3644.93333333, 3644.93333333]",0.25020964,64,,,0,,False,3,train,2
719,0.0,248.79271,249.04292,null,-40.0,0.08,"[20.0, 20.0]",-30.0,null,null,null,gabors,null,0.0,4.0,0.8,"[3644.93333333, 3644.93333333]",0.25020964,172,,,0,,False,3,train,0
720,0.0,249.04292,249.29313,null,-40.0,0.08,"[20.0, 20.0]",40.0,null,null,null,gabors,null,0.0,4.0,0.8,"[3644.93333333, 3644.93333333]",0.25020964,231,,,0,,False,0,train,0
721,0.0,249.29313,249.54334,null,20.0,0.08,"[20.0, 20.0]",40.0,null,null,null,gabors,null,45.0,4.0,0.8,"[3644.93333333, 3644.93333333]",0.25021036,136,,,0,,False,4,train,1
722,0.0,249.54334,249.79355,null,-10.0,0.08,"[20.0, 20.0]",-20.0,null,null,null,gabors,null,90.0,4.0,0.8,"[3644.93333333, 3644.93333333]",0.25021036,16,,,0,,False,3,train,2
723,0.0,249.79355,250.04376,null,30.0,0.08,"[20.0, 20.0]",-20.0,null,null,null,gabors,null,90.0,4.0,0.8,"[3644.93333333, 3644.93333333]",0.25021036,177,,,0,,False,3,train,2
724,0.0,250.04376,250.29397,null,-30.0,0.08,"[20.0, 20.0]",40.0,null,null,null,gabors,null,45.0,4.0,0.8,"[3644.93333333, 3644.93333333]",0.25021036,63,,,0,,False,4,train,1
725,0.0,250.29397,250.54418,null,10.0,0.08,"[20.0, 20.0]",40.0,null,null,null,gabors,null,0.0,4.0,0.8,"[3644.93333333, 3644.93333333]",0.25021214,56,,,0,,False,2,test,0
726,0.0,250.54418,250.79439,null,-30.0,0.08,"[20.0, 20.0]",20.0,null,null,null,gabors,null,45.0,4.0,0.8,"[3644.93333333, 3644.93333333]",0.25021214,77,,,0,,False,5,test,1
727,0.0,250.79439,251.04461,null,0.0,0.08,"[20.0, 20.0]",20.0,null,null,null,gabors,null,45.0,4.0,0.8,"[3644.93333333, 3644.93333333]",0.25021214,232,,,0,,False,0,train,1
728,0.0,251.04461,251.29482,null,10.0,0.08,"[20.0, 20.0]",-10.0,null,null,null,gabors,null,45.0,4.0,0.8,"[3644.93333333, 3644.93333333]",0.25021214,131,,,0,,False,2,test,1
729,0.0,251.29482,251.54502,null,0.0,0.08,"[20.0, 20.0]",20.0,null,null,null,gabors,null,90.0,4.0,0.8,"[3644.93333333, 3644.93333333]",0.25020536,233,,,0,,False,0,train,2
730,0.0,251.54502,251.79523,null,10.0,0.08,"[20.0, 20.0]",30.0,null,null,null,gabors,null,90.0,4.0,0.8,"[3644.93333333, 3644.93333333]",0.25020536,51,,,0,,False,5,test,2
731,0.0,251.79523,252.04544,null,-40.0,0.08,"[20.0, 20.0]",0.0,null,null,null,gabors,null,45.0,4.0,0.8,"[3644.93333333, 3644.93333333]",0.25020536,130,,,0,,False,3,train,1
732,0.0,252.04544,252.29564,null,0.0,0.08,"[20.0, 20.0]",-20.0,null,null,null,gabors,null,0.0,4.0,0.8,"[3644.93333333, 3644.93333333]",0.25020536,228,,,0,,False,2,test,0
733,0.0,252.29564,252.54586,null,-30.0,0.08,"[20.0, 20.0]",-10.0,null,null,null,gabors,null,90.0,4.0,0.8,"[3644.93333333, 3644.93333333]",0.25021714,209,,,0,,False,4,train,2
734,0.0,252.54586,252.79607,null,40.0,0.08,"[20.0, 20.0]",-30.0,null,null,null,gabors,null,90.0,4.0,0.8,"[3644.93333333, 3644.93333333]",0.25021714,234,,,0,,False,0,train,2
735,0.0,252.79607,253.04629,null,-20.0,0.08,"[20.0, 20.0]",-20.0,null,null,null,gabors,null,90.0,4.0,0.8,"[3644.93333333, 3644.93333333]",0.25021714,140,,,0,,False,3,train,2
736,0.0,253.04629,253.29651,null,-30.0,0.08,"[20.0, 20.0]",10.0,null,null,null,gabors,null,0.0,4.0,0.8,"[3644.93333333, 3644.93333333]",0.25021714,87,,,0,,False,3,train,0
737,0.0,253.29651,253.54671,null,-40.0,0.08,"[20.0, 20.0]",-30.0,null,null,null,gabors,null,90.0,4.0,0.8,"[3644.93333333, 3644.93333333]",0.25020036,86,,,0,,False,2,test,2
738,0.0,253.54671,253.79691,null,30.0,0.08,"[20.0, 20.0]",0.0,null,null,null,gabors,null,0.0,4.0,0.8,"[3644.93333333, 3644.93333333]",0.25020036,69,,,0,,False,3,train,0
739,0.0,253.79691,254.04711,null,40.0,0.08,"[20.0, 20.0]",40.0,null,null,null,gabors,null,0.0,4.0,0.8,"[3644.93333333, 3644.93333333]",0.25020036,45,,,0,,False,5,test,0
740,0.0,254.04711,254.29731,null,-30.0,0.08,"[20.0, 20.0]",0.0,null,null,null,gabors,null,45.0,4.0,0.8,"[3644.93333333, 3644.93333333]",0.25020036,99,,,0,,False,3,train,1
741,0.0,254.29731,254.54752,null,10.0,0.08,"[20.0, 20.0]",-30.0,null,null,null,gabors,null,0.0,4.0,0.8,"[3644.93333333, 3644.93333333]",0.25020714,220,,,0,,False,2,test,0
742,0.0,254.54752,254.79772,null,-40.0,0.08,"[20.0, 20.0]",40.0,null,null,null,gabors,null,90.0,4.0,0.8,"[3644.93333333, 3644.93333333]",0.25020714,123,,,0,,False,5,test,2
743,0.0,254.79772,255.04793,null,0.0,0.08,"[20.0, 20.0]",-20.0,null,null,null,gabors,null,0.0,4.0,0.8,"[3644.93333333, 3644.93333333]",0.25020714,228,,,0,,False,3,train,0
744,0.0,255.04793,255.29814,null,-40.0,0.08,"[20.0, 20.0]",10.0,null,null,null,gabors,null,0.0,4.0,0.8,"[3644.93333333, 3644.93333333]",0.25020714,68,,,0,,False,2,test,0
745,0.0,255.29814,255.54835,null,-10.0,0.08,"[20.0, 20.0]",-40.0,null,null,null,gabors,null,0.0,4.0,0.8,"[3644.93333333, 3644.93333333]",0.25021036,185,,,0,,False,1,train,0
746,0.0,255.54835,255.79856,null,-30.0,0.08,"[20.0, 20.0]",30.0,null,null,null,gabors,null,0.0,4.0,0.8,"[3644.93333333, 3644.93333333]",0.25021036,66,,,0,,False,5,test,0
747,0.0,255.79856,256.04877,null,40.0,0.08,"[20.0, 20.0]",10.0,null,null,null,gabors,null,90.0,4.0,0.8,"[3644.93333333, 3644.93333333]",0.25021036,8,,,0,,False,5,test,2
748,0.0,256.04877,256.29898,null,30.0,0.08,"[20.0, 20.0]",40.0,null,null,null,gabors,null,0.0,4.0,0.8,"[3644.93333333, 3644.93333333]",0.25021036,110,,,0,,False,5,test,0
749,0.0,256.29898,256.54919,null,40.0,0.08,"[20.0, 20.0]",0.0,null,null,null,gabors,null,90.0,4.0,0.8,"[3644.93333333, 3644.93333333]",0.25021214,211,,,0,,False,1,train,2
750,0.0,256.54919,256.7994,null,10.0,0.08,"[20.0, 20.0]",10.0,null,null,null,gabors,null,0.0,4.0,0.8,"[3644.93333333, 3644.93333333]",0.25021214,94,,,0,,False,2,test,0
751,0.0,256.7994,257.04962,null,30.0,0.08,"[20.0, 20.0]",-30.0,null,null,null,gabors,null,0.0,4.0,0.8,"[3644.93333333, 3644.93333333]",0.25021214,9,,,0,,False,2,test,0
752,0.0,257.04962,257.29983,null,-10.0,0.08,"[20.0, 20.0]",-30.0,null,null,null,gabors,null,45.0,4.0,0.8,"[3644.93333333, 3644.93333333]",0.25021214,151,,,0,,False,4,train,1
753,0.0,257.29983,257.55004,null,30.0,0.08,"[20.0, 20.0]",10.0,null,null,null,gabors,null,0.0,4.0,0.8,"[3644.93333333, 3644.93333333]",0.25020786,102,,,0,,False,3,train,0
754,0.0,257.55004,257.80024,null,20.0,0.08,"[20.0, 20.0]",-40.0,null,null,null,gabors,null,0.0,4.0,0.8,"[3644.93333333, 3644.93333333]",0.25020786,194,,,0,,False,2,test,0
755,0.0,257.80024,258.05045,null,40.0,0.08,"[20.0, 20.0]",-40.0,null,null,null,gabors,null,90.0,4.0,0.8,"[3644.93333333, 3644.93333333]",0.25020786,180,,,0,,False,3,train,2
756,0.0,258.05045,258.30066,null,-10.0,0.08,"[20.0, 20.0]",40.0,null,null,null,gabors,null,45.0,4.0,0.8,"[3644.93333333, 3644.93333333]",0.25020786,112,,,0,,False,4,train,1
757,0.0,258.30066,258.55087,null,-10.0,0.08,"[20.0, 20.0]",20.0,null,null,null,gabors,null,45.0,4.0,0.8,"[3644.93333333, 3644.93333333]",0.25020964,93,,,0,,False,3,train,1
758,0.0,258.55087,258.80108,null,-30.0,0.08,"[20.0, 20.0]",20.0,null,null,null,gabors,null,45.0,4.0,0.8,"[3644.93333333, 3644.93333333]",0.25020964,77,,,0,,False,6,train,1
759,0.0,258.80108,259.05129,null,-20.0,0.08,"[20.0, 20.0]",-30.0,null,null,null,gabors,null,90.0,4.0,0.8,"[3644.93333333, 3644.93333333]",0.25020964,221,,,0,,False,1,train,2
760,0.0,259.05129,259.3015,null,-30.0,0.08,"[20.0, 20.0]",40.0,null,null,null,gabors,null,0.0,4.0,0.8,"[3644.93333333, 3644.93333333]",0.25020964,22,,,0,,False,3,train,0
761,0.0,259.3015,259.55171,null,30.0,0.08,"[20.0, 20.0]",-10.0,null,null,null,gabors,null,45.0,4.0,0.8,"[3644.93333333, 3644.93333333]",0.25020786,60,,,0,,False,3,train,1
762,0.0,259.55171,259.80191,null,-10.0,0.08,"[20.0, 20.0]",-30.0,null,null,null,gabors,null,45.0,4.0,0.8,"[3644.93333333, 3644.93333333]",0.25020786,151,,,0,,False,5,test,1
763,0.0,259.80191,260.05212,null,30.0,0.08,"[20.0, 20.0]",-20.0,null,null,null,gabors,null,45.0,4.0,0.8,"[3644.93333333, 3644.93333333]",0.25020786,49,,,0,,False,5,test,1
764,0.0,260.05212,260.30233,null,-40.0,0.08,"[20.0, 20.0]",30.0,null,null,null,gabors,null,0.0,4.0,0.8,"[3644.93333333, 3644.93333333]",0.25020786,144,,,0,,False,4,train,0
765,0.0,260.30233,260.55254,null,10.0,0.08,"[20.0, 20.0]",0.0,null,null,null,gabors,null,45.0,4.0,0.8,"[3644.93333333, 3644.93333333]",0.25021214,187,,,0,,False,3,train,1
766,0.0,260.55254,260.80275,null,10.0,0.08,"[20.0, 20.0]",20.0,null,null,null,gabors,null,0.0,4.0,0.8,"[3644.93333333, 3644.93333333]",0.25021214,129,,,0,,False,2,test,0
767,0.0,260.80275,261.05297,null,20.0,0.08,"[20.0, 20.0]",20.0,null,null,null,gabors,null,45.0,4.0,0.8,"[3644.93333333, 3644.93333333]",0.25021214,5,,,0,,False,5,test,1
768,0.0,261.05297,261.30318,null,-10.0,0.08,"[20.0, 20.0]",-20.0,null,null,null,gabors,null,0.0,4.0,0.8,"[3644.93333333, 3644.93333333]",0.25021214,96,,,0,,False,4,train,0
769,0.0,261.30318,261.55338,null,0.0,0.08,"[20.0, 20.0]",30.0,null,null,null,gabors,null,90.0,4.0,0.8,"[3644.93333333, 3644.93333333]",0.25020536,59,,,0,,False,4,train,2
770,0.0,261.55338,261.80359,null,-40.0,0.08,"[20.0, 20.0]",-30.0,null,null,null,gabors,null,0.0,4.0,0.8,"[3644.93333333, 3644.93333333]",0.25020536,172,,,0,,False,4,train,0
771,0.0,261.80359,262.0538,null,10.0,0.08,"[20.0, 20.0]",10.0,null,null,null,gabors,null,90.0,4.0,0.8,"[3644.93333333, 3644.93333333]",0.25020536,214,,,0,,False,1,train,2
772,0.0,262.0538,262.304,null,0.0,0.08,"[20.0, 20.0]",-20.0,null,null,null,gabors,null,0.0,4.0,0.8,"[3644.93333333, 3644.93333333]",0.25020536,228,,,0,,False,4,train,0
773,0.0,262.304,262.55422,null,20.0,0.08,"[20.0, 20.0]",30.0,null,null,null,gabors,null,0.0,4.0,0.8,"[3644.93333333, 3644.93333333]",0.25021464,186,,,0,,False,3,train,0
774,0.0,262.55422,262.80443,null,-40.0,0.08,"[20.0, 20.0]",30.0,null,null,null,gabors,null,0.0,4.0,0.8,"[3644.93333333, 3644.93333333]",0.25021464,144,,,0,,False,5,test,0
775,0.0,262.80443,263.05464,null,40.0,0.08,"[20.0, 20.0]",20.0,null,null,null,gabors,null,45.0,4.0,0.8,"[3644.93333333, 3644.93333333]",0.25021464,7,,,0,,False,2,test,1
776,0.0,263.05464,263.30486,null,-20.0,0.08,"[20.0, 20.0]",-10.0,null,null,null,gabors,null,45.0,4.0,0.8,"[3644.93333333, 3644.93333333]",0.25021464,29,,,0,,False,6,train,1
777,0.0,263.30486,263.55506,null,-40.0,0.08,"[20.0, 20.0]",0.0,null,null,null,gabors,null,90.0,4.0,0.8,"[3644.93333333, 3644.93333333]",0.25020536,4,,,0,,False,2,test,2
778,0.0,263.55506,263.80527,null,-40.0,0.08,"[20.0, 20.0]",20.0,null,null,null,gabors,null,90.0,4.0,0.8,"[3644.93333333, 3644.93333333]",0.25020536,55,,,0,,False,5,test,2
779,0.0,263.80527,264.05548,null,-10.0,0.08,"[20.0, 20.0]",-40.0,null,null,null,gabors,null,45.0,4.0,0.8,"[3644.93333333, 3644.93333333]",0.25020536,122,,,0,,False,1,train,1
780,0.0,264.05548,264.30568,null,20.0,0.08,"[20.0, 20.0]",-20.0,null,null,null,gabors,null,45.0,4.0,0.8,"[3644.93333333, 3644.93333333]",0.25020536,36,,,0,,False,3,train,1
781,0.0,264.30568,264.55589,null,-40.0,0.08,"[20.0, 20.0]",40.0,null,null,null,gabors,null,0.0,4.0,0.8,"[3644.93333333, 3644.93333333]",0.25020714,231,,,0,,False,1,train,0
782,0.0,264.55589,264.80609,null,10.0,0.08,"[20.0, 20.0]",20.0,null,null,null,gabors,null,45.0,4.0,0.8,"[3644.93333333, 3644.93333333]",0.25020714,14,,,0,,False,4,train,1
783,0.0,264.80609,265.0563,null,-20.0,0.08,"[20.0, 20.0]",10.0,null,null,null,gabors,null,90.0,4.0,0.8,"[3644.93333333, 3644.93333333]",0.25020714,235,,,0,,False,0,train,2
784,0.0,265.0563,265.30651,null,-30.0,0.08,"[20.0, 20.0]",40.0,null,null,null,gabors,null,90.0,4.0,0.8,"[3644.93333333, 3644.93333333]",0.25020714,148,,,0,,False,1,train,2
785,0.0,265.30651,265.55672,null,10.0,0.08,"[20.0, 20.0]",30.0,null,null,null,gabors,null,45.0,4.0,0.8,"[3644.93333333, 3644.93333333]",0.25021036,12,,,0,,False,5,test,1
786,0.0,265.55672,265.80693,null,-20.0,0.08,"[20.0, 20.0]",-40.0,null,null,null,gabors,null,0.0,4.0,0.8,"[3644.93333333, 3644.93333333]",0.25021036,212,,,0,,False,2,test,0
787,0.0,265.80693,266.05714,null,-10.0,0.08,"[20.0, 20.0]",10.0,null,null,null,gabors,null,0.0,4.0,0.8,"[3644.93333333, 3644.93333333]",0.25021036,23,,,0,,False,3,train,0
788,0.0,266.05714,266.30735,null,10.0,0.08,"[20.0, 20.0]",-20.0,null,null,null,gabors,null,90.0,4.0,0.8,"[3644.93333333, 3644.93333333]",0.25021036,57,,,0,,False,2,test,2
789,0.0,266.30735,266.55757,null,-10.0,0.08,"[20.0, 20.0]",-40.0,null,null,null,gabors,null,90.0,4.0,0.8,"[3644.93333333, 3644.93333333]",0.25021714,91,,,0,,False,2,test,2
790,0.0,266.55757,266.80778,null,-30.0,0.08,"[20.0, 20.0]",-40.0,null,null,null,gabors,null,0.0,4.0,0.8,"[3644.93333333, 3644.93333333]",0.25021714,213,,,0,,False,1,train,0
791,0.0,266.80778,267.058,null,40.0,0.08,"[20.0, 20.0]",40.0,null,null,null,gabors,null,90.0,4.0,0.8,"[3644.93333333, 3644.93333333]",0.25021714,189,,,0,,False,3,train,2
792,0.0,267.058,267.30822,null,-30.0,0.08,"[20.0, 20.0]",10.0,null,null,null,gabors,null,0.0,4.0,0.8,"[3644.93333333, 3644.93333333]",0.25021714,87,,,0,,False,4,train,0
793,0.0,267.30822,267.55842,null,0.0,0.08,"[20.0, 20.0]",20.0,null,null,null,gabors,null,45.0,4.0,0.8,"[3644.93333333, 3644.93333333]",0.25020036,232,,,0,,False,1,train,1
794,0.0,267.55842,267.80862,null,40.0,0.08,"[20.0, 20.0]",20.0,null,null,null,gabors,null,45.0,4.0,0.8,"[3644.93333333, 3644.93333333]",0.25020036,7,,,0,,False,3,train,1
795,0.0,267.80862,268.05882,null,40.0,0.08,"[20.0, 20.0]",-20.0,null,null,null,gabors,null,90.0,4.0,0.8,"[3644.93333333, 3644.93333333]",0.25020036,149,,,0,,False,3,train,2
796,0.0,268.05882,268.30902,null,-10.0,0.08,"[20.0, 20.0]",40.0,null,null,null,gabors,null,90.0,4.0,0.8,"[3644.93333333, 3644.93333333]",0.25020036,222,,,0,,False,1,train,2
797,0.0,268.30902,268.55923,null,-10.0,0.08,"[20.0, 20.0]",-40.0,null,null,null,gabors,null,90.0,4.0,0.8,"[3644.93333333, 3644.93333333]",0.25021214,91,,,0,,False,3,train,2
798,0.0,268.55923,268.80944,null,-20.0,0.08,"[20.0, 20.0]",-10.0,null,null,null,gabors,null,90.0,4.0,0.8,"[3644.93333333, 3644.93333333]",0.25021214,236,,,0,,False,0,train,2
799,0.0,268.80944,269.05966,null,-30.0,0.08,"[20.0, 20.0]",20.0,null,null,null,gabors,null,90.0,4.0,0.8,"[3644.93333333, 3644.93333333]",0.25021214,128,,,0,,False,6,train,2
800,0.0,269.05966,269.30987,null,-40.0,0.08,"[20.0, 20.0]",-10.0,null,null,null,gabors,null,0.0,4.0,0.8,"[3644.93333333, 3644.93333333]",0.25021214,142,,,0,,False,5,test,0
801,0.0,269.30987,269.56007,null,-10.0,0.08,"[20.0, 20.0]",20.0,null,null,null,gabors,null,0.0,4.0,0.8,"[3644.93333333, 3644.93333333]",0.25020536,1,,,0,,False,3,train,0
802,0.0,269.56007,269.81028,null,-20.0,0.08,"[20.0, 20.0]",20.0,null,null,null,gabors,null,0.0,4.0,0.8,"[3644.93333333, 3644.93333333]",0.25020536,178,,,0,,False,2,test,0
803,0.0,269.81028,270.06049,null,20.0,0.08,"[20.0, 20.0]",-30.0,null,null,null,gabors,null,45.0,4.0,0.8,"[3644.93333333, 3644.93333333]",0.25020536,41,,,0,,False,3,train,1
804,0.0,270.06049,270.31069,null,0.0,0.08,"[20.0, 20.0]",20.0,null,null,null,gabors,null,90.0,4.0,0.8,"[3644.93333333, 3644.93333333]",0.25020536,233,,,0,,False,1,train,2
805,0.0,270.31069,270.56091,null,20.0,0.08,"[20.0, 20.0]",10.0,null,null,null,gabors,null,45.0,4.0,0.8,"[3644.93333333, 3644.93333333]",0.25021964,114,,,0,,False,4,train,1
806,0.0,270.56091,270.81113,null,-10.0,0.08,"[20.0, 20.0]",20.0,null,null,null,gabors,null,0.0,4.0,0.8,"[3644.93333333, 3644.93333333]",0.25021964,1,,,0,,False,4,train,0
807,0.0,270.81113,271.06135,null,-20.0,0.08,"[20.0, 20.0]",20.0,null,null,null,gabors,null,45.0,4.0,0.8,"[3644.93333333, 3644.93333333]",0.25021964,192,,,0,,False,2,test,1
808,0.0,271.06135,271.31157,null,-10.0,0.08,"[20.0, 20.0]",-30.0,null,null,null,gabors,null,90.0,4.0,0.8,"[3644.93333333, 3644.93333333]",0.25021964,202,,,0,,False,1,train,2
809,0.0,271.31157,271.56177,null,40.0,0.08,"[20.0, 20.0]",-30.0,null,null,null,gabors,null,45.0,4.0,0.8,"[3644.93333333, 3644.93333333]",0.25020036,137,,,0,,False,3,train,1
810,0.0,271.56177,271.81197,null,-40.0,0.08,"[20.0, 20.0]",40.0,null,null,null,gabors,null,90.0,4.0,0.8,"[3644.93333333, 3644.93333333]",0.25020036,123,,,0,,False,6,train,2
811,0.0,271.81197,272.06217,null,-30.0,0.08,"[20.0, 20.0]",30.0,null,null,null,gabors,null,0.0,4.0,0.8,"[3644.93333333, 3644.93333333]",0.25020036,66,,,0,,False,6,train,0
812,0.0,272.06217,272.31237,null,-40.0,0.08,"[20.0, 20.0]",20.0,null,null,null,gabors,null,0.0,4.0,0.8,"[3644.93333333, 3644.93333333]",0.25020036,139,,,0,,False,3,train,0
813,0.0,272.31237,272.56259,null,-40.0,0.08,"[20.0, 20.0]",0.0,null,null,null,gabors,null,45.0,4.0,0.8,"[3644.93333333, 3644.93333333]",0.25021464,130,,,0,,False,4,train,1
814,0.0,272.56259,272.8128,null,-30.0,0.08,"[20.0, 20.0]",0.0,null,null,null,gabors,null,45.0,4.0,0.8,"[3644.93333333, 3644.93333333]",0.25021464,99,,,0,,False,4,train,1
815,0.0,272.8128,273.06301,null,-10.0,0.08,"[20.0, 20.0]",40.0,null,null,null,gabors,null,90.0,4.0,0.8,"[3644.93333333, 3644.93333333]",0.25021464,222,,,0,,False,2,test,2
816,0.0,273.06301,273.31323,null,0.0,0.08,"[20.0, 20.0]",20.0,null,null,null,gabors,null,45.0,4.0,0.8,"[3644.93333333, 3644.93333333]",0.25021464,232,,,0,,False,2,test,1
817,0.0,273.31323,273.56343,null,0.0,0.08,"[20.0, 20.0]",-40.0,null,null,null,gabors,null,0.0,4.0,0.8,"[3644.93333333, 3644.93333333]",0.25020286,11,,,0,,False,3,train,0
818,0.0,273.56343,273.81363,null,-20.0,0.08,"[20.0, 20.0]",-40.0,null,null,null,gabors,null,90.0,4.0,0.8,"[3644.93333333, 3644.93333333]",0.25020286,135,,,0,,False,6,train,2
819,0.0,273.81363,274.06384,null,-10.0,0.08,"[20.0, 20.0]",-40.0,null,null,null,gabors,null,90.0,4.0,0.8,"[3644.93333333, 3644.93333333]",0.25020286,91,,,0,,False,4,train,2
820,0.0,274.06384,274.31404,null,-10.0,0.08,"[20.0, 20.0]",-20.0,null,null,null,gabors,null,0.0,4.0,0.8,"[3644.93333333, 3644.93333333]",0.25020286,96,,,0,,False,5,test,0
821,0.0,274.31404,274.56426,null,30.0,0.08,"[20.0, 20.0]",40.0,null,null,null,gabors,null,45.0,4.0,0.8,"[3644.93333333, 3644.93333333]",0.25021464,162,,,0,,False,3,train,1
822,0.0,274.56426,274.81447,null,0.0,0.08,"[20.0, 20.0]",40.0,null,null,null,gabors,null,0.0,4.0,0.8,"[3644.93333333, 3644.93333333]",0.25021464,215,,,0,,False,1,train,0
823,0.0,274.81447,275.06468,null,0.0,0.08,"[20.0, 20.0]",30.0,null,null,null,gabors,null,90.0,4.0,0.8,"[3644.93333333, 3644.93333333]",0.25021464,59,,,0,,False,5,test,2
824,0.0,275.06468,275.3149,null,30.0,0.08,"[20.0, 20.0]",-10.0,null,null,null,gabors,null,0.0,4.0,0.8,"[3644.93333333, 3644.93333333]",0.25021464,88,,,0,,False,2,test,0
825,0.0,275.3149,275.5651,null,-10.0,0.08,"[20.0, 20.0]",0.0,null,null,null,gabors,null,90.0,4.0,0.8,"[3644.93333333, 3644.93333333]",0.25020286,155,,,0,,False,4,train,2
826,0.0,275.5651,275.8153,null,-30.0,0.08,"[20.0, 20.0]",-10.0,null,null,null,gabors,null,0.0,4.0,0.8,"[3644.93333333, 3644.93333333]",0.25020286,52,,,0,,False,5,test,0
827,0.0,275.8153,276.06551,null,-40.0,0.08,"[20.0, 20.0]",30.0,null,null,null,gabors,null,0.0,4.0,0.8,"[3644.93333333, 3644.93333333]",0.25020286,144,,,0,,False,6,train,0
828,0.0,276.06551,276.31571,null,20.0,0.08,"[20.0, 20.0]",-40.0,null,null,null,gabors,null,0.0,4.0,0.8,"[3644.93333333, 3644.93333333]",0.25020286,194,,,0,,False,3,train,0
829,0.0,276.31571,276.56593,null,-10.0,0.08,"[20.0, 20.0]",0.0,null,null,null,gabors,null,90.0,4.0,0.8,"[3644.93333333, 3644.93333333]",0.25021464,155,,,0,,False,5,test,2
830,0.0,276.56593,276.81614,null,30.0,0.08,"[20.0, 20.0]",-10.0,null,null,null,gabors,null,0.0,4.0,0.8,"[3644.93333333, 3644.93333333]",0.25021464,88,,,0,,False,3,train,0
831,0.0,276.81614,277.06635,null,40.0,0.08,"[20.0, 20.0]",-20.0,null,null,null,gabors,null,45.0,4.0,0.8,"[3644.93333333, 3644.93333333]",0.25021464,78,,,0,,False,2,test,1
832,0.0,277.06635,277.31657,null,40.0,0.08,"[20.0, 20.0]",-10.0,null,null,null,gabors,null,90.0,4.0,0.8,"[3644.93333333, 3644.93333333]",0.25021464,170,,,0,,False,1,train,2
833,0.0,277.31657,277.56677,null,-10.0,0.08,"[20.0, 20.0]",30.0,null,null,null,gabors,null,0.0,4.0,0.8,"[3644.93333333, 3644.93333333]",0.25020536,27,,,0,,False,5,test,0
834,0.0,277.56677,277.81698,null,-20.0,0.08,"[20.0, 20.0]",0.0,null,null,null,gabors,null,90.0,4.0,0.8,"[3644.93333333, 3644.93333333]",0.25020536,105,,,0,,False,2,test,2
835,0.0,277.81698,278.06719,null,30.0,0.08,"[20.0, 20.0]",-10.0,null,null,null,gabors,null,45.0,4.0,0.8,"[3644.93333333, 3644.93333333]",0.25020536,60,,,0,,False,4,train,1
836,0.0,278.06719,278.31739,null,-20.0,0.08,"[20.0, 20.0]",40.0,null,null,null,gabors,null,90.0,4.0,0.8,"[3644.93333333, 3644.93333333]",0.25020536,79,,,0,,False,4,train,2
837,0.0,278.31739,278.5676,null,0.0,0.08,"[20.0, 20.0]",-40.0,null,null,null,gabors,null,90.0,4.0,0.8,"[3644.93333333, 3644.93333333]",0.25020714,207,,,0,,False,1,train,2
838,0.0,278.5676,278.8178,null,0.0,0.08,"[20.0, 20.0]",10.0,null,null,null,gabors,null,90.0,4.0,0.8,"[3644.93333333, 3644.93333333]",0.25020714,196,,,0,,False,4,train,2
839,0.0,278.8178,279.06801,null,-30.0,0.08,"[20.0, 20.0]",10.0,null,null,null,gabors,null,90.0,4.0,0.8,"[3644.93333333, 3644.93333333]",0.25020714,85,,,0,,False,6,train,2
840,0.0,279.06801,279.31822,null,0.0,0.08,"[20.0, 20.0]",-20.0,null,null,null,gabors,null,90.0,4.0,0.8,"[3644.93333333, 3644.93333333]",0.25020714,44,,,0,,False,5,test,2
841,0.0,279.31822,279.56843,null,10.0,0.08,"[20.0, 20.0]",40.0,null,null,null,gabors,null,45.0,4.0,0.8,"[3644.93333333, 3644.93333333]",0.25021036,38,,,0,,False,3,train,1
842,0.0,279.56843,279.81864,null,30.0,0.08,"[20.0, 20.0]",-10.0,null,null,null,gabors,null,45.0,4.0,0.8,"[3644.93333333, 3644.93333333]",0.25021036,60,,,0,,False,5,test,1
843,0.0,279.81864,280.06885,null,-40.0,0.08,"[20.0, 20.0]",20.0,null,null,null,gabors,null,0.0,4.0,0.8,"[3644.93333333, 3644.93333333]",0.25021036,139,,,0,,False,4,train,0
844,0.0,280.06885,280.31906,null,-10.0,0.08,"[20.0, 20.0]",0.0,null,null,null,gabors,null,45.0,4.0,0.8,"[3644.93333333, 3644.93333333]",0.25021036,167,,,0,,False,4,train,1
845,0.0,280.31906,280.56928,null,-40.0,0.08,"[20.0, 20.0]",30.0,null,null,null,gabors,null,90.0,4.0,0.8,"[3644.93333333, 3644.93333333]",0.25021464,42,,,0,,False,7,train,2
846,0.0,280.56928,280.81949,null,-30.0,0.08,"[20.0, 20.0]",30.0,null,null,null,gabors,null,0.0,4.0,0.8,"[3644.93333333, 3644.93333333]",0.25021464,66,,,0,,False,7,train,0
847,0.0,280.81949,281.0697,null,0.0,0.08,"[20.0, 20.0]",0.0,null,null,null,gabors,null,90.0,4.0,0.8,"[3644.93333333, 3644.93333333]",0.25021464,210,,,0,,False,1,train,2
848,0.0,281.0697,281.31992,null,10.0,0.08,"[20.0, 20.0]",40.0,null,null,null,gabors,null,45.0,4.0,0.8,"[3644.93333333, 3644.93333333]",0.25021464,38,,,0,,False,4,train,1
849,0.0,281.31992,281.57012,null,10.0,0.08,"[20.0, 20.0]",40.0,null,null,null,gabors,null,90.0,4.0,0.8,"[3644.93333333, 3644.93333333]",0.25020286,39,,,0,,False,2,test,2
850,0.0,281.57012,281.82032,null,30.0,0.08,"[20.0, 20.0]",10.0,null,null,null,gabors,null,0.0,4.0,0.8,"[3644.93333333, 3644.93333333]",0.25020286,102,,,0,,False,4,train,0
851,0.0,281.82032,282.07053,null,-10.0,0.08,"[20.0, 20.0]",-40.0,null,null,null,gabors,null,45.0,4.0,0.8,"[3644.93333333, 3644.93333333]",0.25020286,122,,,0,,False,2,test,1
852,0.0,282.07053,282.32073,null,30.0,0.08,"[20.0, 20.0]",20.0,null,null,null,gabors,null,0.0,4.0,0.8,"[3644.93333333, 3644.93333333]",0.25020286,164,,,0,,False,3,train,0
853,0.0,282.32073,282.57094,null,40.0,0.08,"[20.0, 20.0]",-10.0,null,null,null,gabors,null,45.0,4.0,0.8,"[3644.93333333, 3644.93333333]",0.25021214,67,,,0,,False,5,test,1
854,0.0,282.57094,282.82115,null,-30.0,0.08,"[20.0, 20.0]",-30.0,null,null,null,gabors,null,45.0,4.0,0.8,"[3644.93333333, 3644.93333333]",0.25021214,46,,,0,,False,2,test,1
855,0.0,282.82115,283.07137,null,30.0,0.08,"[20.0, 20.0]",-20.0,null,null,null,gabors,null,0.0,4.0,0.8,"[3644.93333333, 3644.93333333]",0.25021214,230,,,0,,False,1,train,0
856,0.0,283.07137,283.32158,null,20.0,0.08,"[20.0, 20.0]",10.0,null,null,null,gabors,null,45.0,4.0,0.8,"[3644.93333333, 3644.93333333]",0.25021214,114,,,0,,False,5,test,1
857,0.0,283.32158,283.57178,null,-10.0,0.08,"[20.0, 20.0]",-40.0,null,null,null,gabors,null,90.0,4.0,0.8,"[3644.93333333, 3644.93333333]",0.25020536,91,,,0,,False,5,test,2
858,0.0,283.57178,283.82199,null,-30.0,0.08,"[20.0, 20.0]",-40.0,null,null,null,gabors,null,45.0,4.0,0.8,"[3644.93333333, 3644.93333333]",0.25020536,47,,,0,,False,2,test,1
859,0.0,283.82199,284.0722,null,-30.0,0.08,"[20.0, 20.0]",40.0,null,null,null,gabors,null,90.0,4.0,0.8,"[3644.93333333, 3644.93333333]",0.25020536,148,,,0,,False,2,test,2
860,0.0,284.0722,284.3224,null,-20.0,0.08,"[20.0, 20.0]",-10.0,null,null,null,gabors,null,90.0,4.0,0.8,"[3644.93333333, 3644.93333333]",0.25020536,236,,,0,,False,1,train,2
861,0.0,284.3224,284.57261,null,0.0,0.08,"[20.0, 20.0]",-20.0,null,null,null,gabors,null,0.0,4.0,0.8,"[3644.93333333, 3644.93333333]",0.25021214,228,,,0,,False,5,test,0
862,0.0,284.57261,284.82282,null,40.0,0.08,"[20.0, 20.0]",-10.0,null,null,null,gabors,null,45.0,4.0,0.8,"[3644.93333333, 3644.93333333]",0.25021214,67,,,0,,False,6,train,1
863,0.0,284.82282,285.07304,null,-30.0,0.08,"[20.0, 20.0]",0.0,null,null,null,gabors,null,0.0,4.0,0.8,"[3644.93333333, 3644.93333333]",0.25021214,40,,,0,,False,4,train,0
864,0.0,285.07304,285.32325,null,-40.0,0.08,"[20.0, 20.0]",10.0,null,null,null,gabors,null,90.0,4.0,0.8,"[3644.93333333, 3644.93333333]",0.25021214,120,,,0,,False,4,train,2
865,0.0,285.32325,285.57346,null,-20.0,0.08,"[20.0, 20.0]",40.0,null,null,null,gabors,null,0.0,4.0,0.8,"[3644.93333333, 3644.93333333]",0.25020786,109,,,0,,False,5,test,0
866,0.0,285.57346,285.82366,null,0.0,0.08,"[20.0, 20.0]",-30.0,null,null,null,gabors,null,0.0,4.0,0.8,"[3644.93333333, 3644.93333333]",0.25020786,159,,,0,,False,3,train,0
867,0.0,285.82366,286.07387,null,30.0,0.08,"[20.0, 20.0]",10.0,null,null,null,gabors,null,0.0,4.0,0.8,"[3644.93333333, 3644.93333333]",0.25020786,102,,,0,,False,5,test,0
868,0.0,286.07387,286.32408,null,40.0,0.08,"[20.0, 20.0]",-40.0,null,null,null,gabors,null,0.0,4.0,0.8,"[3644.93333333, 3644.93333333]",0.25020786,132,,,0,,False,3,train,0
869,0.0,286.32408,286.57429,null,-10.0,0.08,"[20.0, 20.0]",-40.0,null,null,null,gabors,null,90.0,4.0,0.8,"[3644.93333333, 3644.93333333]",0.25020964,91,,,0,,False,6,train,2
870,0.0,286.57429,286.8245,null,30.0,0.08,"[20.0, 20.0]",0.0,null,null,null,gabors,null,90.0,4.0,0.8,"[3644.93333333, 3644.93333333]",0.25020964,229,,,0,,False,1,train,2
871,0.0,286.8245,287.07471,null,30.0,0.08,"[20.0, 20.0]",10.0,null,null,null,gabors,null,0.0,4.0,0.8,"[3644.93333333, 3644.93333333]",0.25020964,102,,,0,,False,6,train,0
872,0.0,287.07471,287.32492,null,-40.0,0.08,"[20.0, 20.0]",-20.0,null,null,null,gabors,null,0.0,4.0,0.8,"[3644.93333333, 3644.93333333]",0.25020964,199,,,0,,False,1,train,0
873,0.0,287.32492,287.57512,null,10.0,0.08,"[20.0, 20.0]",-40.0,null,null,null,gabors,null,45.0,4.0,0.8,"[3644.93333333, 3644.93333333]",0.25020536,35,,,0,,False,4,train,1
874,0.0,287.57512,287.82533,null,0.0,0.08,"[20.0, 20.0]",20.0,null,null,null,gabors,null,90.0,4.0,0.8,"[3644.93333333, 3644.93333333]",0.25020536,233,,,0,,False,2,test,2
875,0.0,287.82533,288.07554,null,-20.0,0.08,"[20.0, 20.0]",-10.0,null,null,null,gabors,null,90.0,4.0,0.8,"[3644.93333333, 3644.93333333]",0.25020536,236,,,0,,False,2,test,2
876,0.0,288.07554,288.32574,null,0.0,0.08,"[20.0, 20.0]",-20.0,null,null,null,gabors,null,90.0,4.0,0.8,"[3644.93333333, 3644.93333333]",0.25020536,44,,,0,,False,6,train,2
877,0.0,288.32574,288.57596,null,0.0,0.08,"[20.0, 20.0]",40.0,null,null,null,gabors,null,45.0,4.0,0.8,"[3644.93333333, 3644.93333333]",0.25021464,156,,,0,,False,2,test,1
878,0.0,288.57596,288.82617,null,-40.0,0.08,"[20.0, 20.0]",10.0,null,null,null,gabors,null,0.0,4.0,0.8,"[3644.93333333, 3644.93333333]",0.25021464,68,,,0,,False,3,train,0
879,0.0,288.82617,289.07638,null,40.0,0.08,"[20.0, 20.0]",30.0,null,null,null,gabors,null,45.0,4.0,0.8,"[3644.93333333, 3644.93333333]",0.25021464,163,,,0,,False,3,train,1
880,0.0,289.07638,289.3266,null,0.0,0.08,"[20.0, 20.0]",30.0,null,null,null,gabors,null,90.0,4.0,0.8,"[3644.93333333, 3644.93333333]",0.25021464,59,,,0,,False,6,train,2
881,0.0,289.3266,289.57681,null,-20.0,0.08,"[20.0, 20.0]",0.0,null,null,null,gabors,null,45.0,4.0,0.8,"[3644.93333333, 3644.93333333]",0.25020786,193,,,0,,False,3,train,1
882,0.0,289.57681,289.82701,null,20.0,0.08,"[20.0, 20.0]",10.0,null,null,null,gabors,null,45.0,4.0,0.8,"[3644.93333333, 3644.93333333]",0.25020786,114,,,0,,False,6,train,1
883,0.0,289.82701,290.07722,null,30.0,0.08,"[20.0, 20.0]",-20.0,null,null,null,gabors,null,90.0,4.0,0.8,"[3644.93333333, 3644.93333333]",0.25020786,177,,,0,,False,4,train,2
884,0.0,290.07722,290.32743,null,20.0,0.08,"[20.0, 20.0]",30.0,null,null,null,gabors,null,90.0,4.0,0.8,"[3644.93333333, 3644.93333333]",0.25020786,64,,,0,,False,4,train,2
885,0.0,290.32743,290.57764,null,40.0,0.08,"[20.0, 20.0]",-40.0,null,null,null,gabors,null,90.0,4.0,0.8,"[3644.93333333, 3644.93333333]",0.25021214,180,,,0,,False,4,train,2
886,0.0,290.57764,290.82785,null,20.0,0.08,"[20.0, 20.0]",-20.0,null,null,null,gabors,null,0.0,4.0,0.8,"[3644.93333333, 3644.93333333]",0.25021214,101,,,0,,False,2,test,0
887,0.0,290.82785,291.07807,null,-40.0,0.08,"[20.0, 20.0]",0.0,null,null,null,gabors,null,90.0,4.0,0.8,"[3644.93333333, 3644.93333333]",0.25021214,4,,,0,,False,3,train,2
888,0.0,291.07807,291.32828,null,-10.0,0.08,"[20.0, 20.0]",40.0,null,null,null,gabors,null,0.0,4.0,0.8,"[3644.93333333, 3644.93333333]",0.25021214,223,,,0,,False,1,train,0
889,0.0,291.32828,291.57848,null,0.0,0.08,"[20.0, 20.0]",20.0,null,null,null,gabors,null,45.0,4.0,0.8,"[3644.93333333, 3644.93333333]",0.25020536,232,,,0,,False,3,train,1
890,0.0,291.57848,291.82869,null,0.0,0.08,"[20.0, 20.0]",0.0,null,null,null,gabors,null,90.0,4.0,0.8,"[3644.93333333, 3644.93333333]",0.25020536,210,,,0,,False,2,test,2
891,0.0,291.82869,292.0789,null,40.0,0.08,"[20.0, 20.0]",0.0,null,null,null,gabors,null,90.0,4.0,0.8,"[3644.93333333, 3644.93333333]",0.25020536,211,,,0,,False,2,test,2
892,0.0,292.0789,292.3291,null,-40.0,0.08,"[20.0, 20.0]",-30.0,null,null,null,gabors,null,90.0,4.0,0.8,"[3644.93333333, 3644.93333333]",0.25020536,86,,,0,,False,3,train,2
893,0.0,292.3291,292.57931,null,-30.0,0.08,"[20.0, 20.0]",0.0,null,null,null,gabors,null,45.0,4.0,0.8,"[3644.93333333, 3644.93333333]",0.25020464,99,,,0,,False,5,test,1
894,0.0,292.57931,292.82951,null,-20.0,0.08,"[20.0, 20.0]",-40.0,null,null,null,gabors,null,0.0,4.0,0.8,"[3644.93333333, 3644.93333333]",0.25020464,212,,,0,,False,3,train,0
895,0.0,292.82951,293.07971,null,-10.0,0.08,"[20.0, 20.0]",-30.0,null,null,null,gabors,null,0.0,4.0,0.8,"[3644.93333333, 3644.93333333]",0.25020464,224,,,0,,False,2,test,0
896,0.0,293.07971,293.32992,null,-30.0,0.08,"[20.0, 20.0]",-30.0,null,null,null,gabors,null,90.0,4.0,0.8,"[3644.93333333, 3644.93333333]",0.25020464,80,,,0,,False,3,train,2
897,0.0,293.32992,293.58013,null,-10.0,0.08,"[20.0, 20.0]",-20.0,null,null,null,gabors,null,45.0,4.0,0.8,"[3644.93333333, 3644.93333333]",0.25021286,166,,,0,,False,1,train,1
898,0.0,293.58013,293.83034,null,0.0,0.08,"[20.0, 20.0]",10.0,null,null,null,gabors,null,0.0,4.0,0.8,"[3644.93333333, 3644.93333333]",0.25021286,90,,,0,,False,3,train,0
899,0.0,293.83034,294.08056,null,-20.0,0.08,"[20.0, 20.0]",-40.0,null,null,null,gabors,null,90.0,4.0,0.8,"[3644.93333333, 3644.93333333]",0.25021286,135,,,0,,False,7,train,2
900,0.0,294.08056,294.33077,null,-20.0,0.08,"[20.0, 20.0]",-20.0,null,null,null,gabors,null,45.0,4.0,0.8,"[3644.93333333, 3644.93333333]",0.25021286,32,,,0,,False,4,train,1
901,0.0,294.33077,294.58099,null,0.0,0.08,"[20.0, 20.0]",-40.0,null,null,null,gabors,null,90.0,4.0,0.8,"[3644.93333333, 3644.93333333]",0.25021464,207,,,0,,False,2,test,2
902,0.0,294.58099,294.8312,null,40.0,0.08,"[20.0, 20.0]",40.0,null,null,null,gabors,null,0.0,4.0,0.8,"[3644.93333333, 3644.93333333]",0.25021464,45,,,0,,False,6,train,0
903,0.0,294.8312,295.08141,null,40.0,0.08,"[20.0, 20.0]",40.0,null,null,null,gabors,null,45.0,4.0,0.8,"[3644.93333333, 3644.93333333]",0.25021464,237,,,0,,False,0,train,1
904,0.0,295.08141,295.33163,null,-10.0,0.08,"[20.0, 20.0]",-10.0,null,null,null,gabors,null,90.0,4.0,0.8,"[3644.93333333, 3644.93333333]",0.25021464,182,,,0,,False,2,test,2
905,0.0,295.33163,295.58183,null,40.0,0.08,"[20.0, 20.0]",0.0,null,null,null,gabors,null,0.0,4.0,0.8,"[3644.93333333, 3644.93333333]",0.25020536,18,,,0,,False,8,test,0
906,0.0,295.58183,295.83204,null,-40.0,0.08,"[20.0, 20.0]",-40.0,null,null,null,gabors,null,90.0,4.0,0.8,"[3644.93333333, 3644.93333333]",0.25020536,31,,,0,,False,6,train,2
907,0.0,295.83204,296.08225,null,-10.0,0.08,"[20.0, 20.0]",20.0,null,null,null,gabors,null,90.0,4.0,0.8,"[3644.93333333, 3644.93333333]",0.25020536,82,,,0,,False,4,train,2
908,0.0,296.08225,296.33245,null,10.0,0.08,"[20.0, 20.0]",-40.0,null,null,null,gabors,null,90.0,4.0,0.8,"[3644.93333333, 3644.93333333]",0.25020536,118,,,0,,False,4,train,2
909,0.0,296.33245,296.58266,null,40.0,0.08,"[20.0, 20.0]",40.0,null,null,null,gabors,null,0.0,4.0,0.8,"[3644.93333333, 3644.93333333]",0.25020964,45,,,0,,False,7,train,0
910,0.0,296.58266,296.83287,null,0.0,0.08,"[20.0, 20.0]",0.0,null,null,null,gabors,null,0.0,4.0,0.8,"[3644.93333333, 3644.93333333]",0.25020964,124,,,0,,False,5,test,0
911,0.0,296.83287,297.08308,null,-20.0,0.08,"[20.0, 20.0]",40.0,null,null,null,gabors,null,90.0,4.0,0.8,"[3644.93333333, 3644.93333333]",0.25020964,79,,,0,,False,5,test,2
912,0.0,297.08308,297.33329,null,0.0,0.08,"[20.0, 20.0]",20.0,null,null,null,gabors,null,0.0,4.0,0.8,"[3644.93333333, 3644.93333333]",0.25020964,216,,,0,,False,1,train,0
913,0.0,297.33329,297.5835,null,0.0,0.08,"[20.0, 20.0]",20.0,null,null,null,gabors,null,0.0,4.0,0.8,"[3644.93333333, 3644.93333333]",0.25020786,216,,,0,,False,2,test,0
914,0.0,297.5835,297.8337,null,-10.0,0.08,"[20.0, 20.0]",40.0,null,null,null,gabors,null,45.0,4.0,0.8,"[3644.93333333, 3644.93333333]",0.25020786,112,,,0,,False,5,test,1
915,0.0,297.8337,298.08391,null,40.0,0.08,"[20.0, 20.0]",0.0,null,null,null,gabors,null,90.0,4.0,0.8,"[3644.93333333, 3644.93333333]",0.25020786,211,,,0,,False,3,train,2
916,0.0,298.08391,298.33412,null,-30.0,0.08,"[20.0, 20.0]",20.0,null,null,null,gabors,null,0.0,4.0,0.8,"[3644.93333333, 3644.93333333]",0.25020786,153,,,0,,False,3,train,0
917,0.0,298.33412,298.58434,null,-20.0,0.08,"[20.0, 20.0]",-10.0,null,null,null,gabors,null,90.0,4.0,0.8,"[3644.93333333, 3644.93333333]",0.25021714,236,,,0,,False,3,train,2
918,0.0,298.58434,298.83455,null,-10.0,0.08,"[20.0, 20.0]",-20.0,null,null,null,gabors,null,45.0,4.0,0.8,"[3644.93333333, 3644.93333333]",0.25021714,166,,,0,,False,2,test,1
919,0.0,298.83455,299.08477,null,-40.0,0.08,"[20.0, 20.0]",30.0,null,null,null,gabors,null,0.0,4.0,0.8,"[3644.93333333, 3644.93333333]",0.25021714,144,,,0,,False,7,train,0
920,0.0,299.08477,299.33499,null,10.0,0.08,"[20.0, 20.0]",-30.0,null,null,null,gabors,null,0.0,4.0,0.8,"[3644.93333333, 3644.93333333]",0.25021714,220,,,0,,False,3,train,0
921,0.0,299.33499,299.58519,null,0.0,0.08,"[20.0, 20.0]",30.0,null,null,null,gabors,null,0.0,4.0,0.8,"[3644.93333333, 3644.93333333]",0.25020286,225,,,0,,False,2,test,0
922,0.0,299.58519,299.83539,null,-30.0,0.08,"[20.0, 20.0]",40.0,null,null,null,gabors,null,45.0,4.0,0.8,"[3644.93333333, 3644.93333333]",0.25020286,63,,,0,,False,5,test,1
923,0.0,299.83539,300.0856,null,-20.0,0.08,"[20.0, 20.0]",-30.0,null,null,null,gabors,null,0.0,4.0,0.8,"[3644.93333333, 3644.93333333]",0.25020286,54,,,0,,False,5,test,0
924,0.0,300.0856,300.3358,null,-30.0,0.08,"[20.0, 20.0]",-30.0,null,null,null,gabors,null,0.0,4.0,0.8,"[3644.93333333, 3644.93333333]",0.25020286,43,,,0,,False,3,train,0
925,0.0,300.3358,300.58601,null,10.0,0.08,"[20.0, 20.0]",40.0,null,null,null,gabors,null,90.0,4.0,0.8,"[3644.93333333, 3644.93333333]",0.25020714,39,,,0,,False,3,train,2
926,0.0,300.58601,300.83621,null,-30.0,0.08,"[20.0, 20.0]",40.0,null,null,null,gabors,null,0.0,4.0,0.8,"[3644.93333333, 3644.93333333]",0.25020714,22,,,0,,False,4,train,0
927,0.0,300.83621,301.08642,null,0.0,0.08,"[20.0, 20.0]",40.0,null,null,null,gabors,null,0.0,4.0,0.8,"[3644.93333333, 3644.93333333]",0.25020714,215,,,0,,False,2,test,0
928,0.0,301.08642,301.33663,null,10.0,0.08,"[20.0, 20.0]",30.0,null,null,null,gabors,null,0.0,4.0,0.8,"[3644.93333333, 3644.93333333]",0.25020714,226,,,0,,False,1,train,0
929,0.0,301.33663,301.58684,null,20.0,0.08,"[20.0, 20.0]",40.0,null,null,null,gabors,null,45.0,4.0,0.8,"[3644.93333333, 3644.93333333]",0.25020786,136,,,0,,False,5,test,1
930,0.0,301.58684,301.83704,null,-20.0,0.08,"[20.0, 20.0]",0.0,null,null,null,gabors,null,0.0,4.0,0.8,"[3644.93333333, 3644.93333333]",0.25020786,174,,,0,,False,2,test,0
931,0.0,301.83704,302.08725,null,-10.0,0.08,"[20.0, 20.0]",20.0,null,null,null,gabors,null,45.0,4.0,0.8,"[3644.93333333, 3644.93333333]",0.25020786,93,,,0,,False,4,train,1
932,0.0,302.08725,302.33746,null,40.0,0.08,"[20.0, 20.0]",0.0,null,null,null,gabors,null,45.0,4.0,0.8,"[3644.93333333, 3644.93333333]",0.25020786,71,,,0,,False,4,train,1
933,0.0,302.33746,302.58767,null,-20.0,0.08,"[20.0, 20.0]",-40.0,null,null,null,gabors,null,90.0,4.0,0.8,"[3644.93333333, 3644.93333333]",0.25021214,135,,,0,,False,8,test,2
934,0.0,302.58767,302.83788,null,-30.0,0.08,"[20.0, 20.0]",30.0,null,null,null,gabors,null,45.0,4.0,0.8,"[3644.93333333, 3644.93333333]",0.25021214,217,,,0,,False,2,test,1
935,0.0,302.83788,303.0881,null,20.0,0.08,"[20.0, 20.0]",-20.0,null,null,null,gabors,null,90.0,4.0,0.8,"[3644.93333333, 3644.93333333]",0.25021214,26,,,0,,False,3,train,2
936,0.0,303.0881,303.33831,null,-20.0,0.08,"[20.0, 20.0]",40.0,null,null,null,gabors,null,90.0,4.0,0.8,"[3644.93333333, 3644.93333333]",0.25021214,79,,,0,,False,6,train,2
937,0.0,303.33831,303.58851,null,-40.0,0.08,"[20.0, 20.0]",20.0,null,null,null,gabors,null,0.0,4.0,0.8,"[3644.93333333, 3644.93333333]",0.25020286,139,,,0,,False,5,test,0
938,0.0,303.58851,303.83871,null,20.0,0.08,"[20.0, 20.0]",20.0,null,null,null,gabors,null,0.0,4.0,0.8,"[3644.93333333, 3644.93333333]",0.25020286,121,,,0,,False,2,test,0
939,0.0,303.83871,304.08892,null,-10.0,0.08,"[20.0, 20.0]",10.0,null,null,null,gabors,null,45.0,4.0,0.8,"[3644.93333333, 3644.93333333]",0.25020286,25,,,0,,False,2,test,1
940,0.0,304.08892,304.33912,null,20.0,0.08,"[20.0, 20.0]",-40.0,null,null,null,gabors,null,0.0,4.0,0.8,"[3644.93333333, 3644.93333333]",0.25020286,194,,,0,,False,4,train,0
941,0.0,304.33912,304.58934,null,40.0,0.08,"[20.0, 20.0]",-30.0,null,null,null,gabors,null,0.0,4.0,0.8,"[3644.93333333, 3644.93333333]",0.25021464,183,,,0,,False,4,train,0
942,0.0,304.58934,304.83955,null,-20.0,0.08,"[20.0, 20.0]",-20.0,null,null,null,gabors,null,0.0,4.0,0.8,"[3644.93333333, 3644.93333333]",0.25021464,205,,,0,,False,1,train,0
943,0.0,304.83955,305.08976,null,20.0,0.08,"[20.0, 20.0]",30.0,null,null,null,gabors,null,90.0,4.0,0.8,"[3644.93333333, 3644.93333333]",0.25021464,64,,,0,,False,5,test,2
944,0.0,305.08976,305.33998,null,30.0,0.08,"[20.0, 20.0]",-10.0,null,null,null,gabors,null,90.0,4.0,0.8,"[3644.93333333, 3644.93333333]",0.25021464,227,,,0,,False,2,test,2
945,0.0,305.33998,305.59019,null,-10.0,0.08,"[20.0, 20.0]",10.0,null,null,null,gabors,null,0.0,4.0,0.8,"[3644.93333333, 3644.93333333]",0.25020786,23,,,0,,False,4,train,0
946,0.0,305.59019,305.84039,null,-10.0,0.08,"[20.0, 20.0]",30.0,null,null,null,gabors,null,90.0,4.0,0.8,"[3644.93333333, 3644.93333333]",0.25020786,70,,,0,,False,3,train,2
947,0.0,305.84039,306.0906,null,-30.0,0.08,"[20.0, 20.0]",-40.0,null,null,null,gabors,null,90.0,4.0,0.8,"[3644.93333333, 3644.93333333]",0.25020786,150,,,0,,False,2,test,2
948,0.0,306.0906,306.34081,null,20.0,0.08,"[20.0, 20.0]",-20.0,null,null,null,gabors,null,90.0,4.0,0.8,"[3644.93333333, 3644.93333333]",0.25020786,26,,,0,,False,4,train,2
949,0.0,306.34081,306.59103,null,-40.0,0.08,"[20.0, 20.0]",30.0,null,null,null,gabors,null,90.0,4.0,0.8,"[3644.93333333, 3644.93333333]",0.25021464,42,,,0,,False,8,test,2
950,0.0,306.59103,306.84124,null,30.0,0.08,"[20.0, 20.0]",-30.0,null,null,null,gabors,null,45.0,4.0,0.8,"[3644.93333333, 3644.93333333]",0.25021464,238,,,0,,False,0,train,1
951,0.0,306.84124,307.09145,null,-30.0,0.08,"[20.0, 20.0]",10.0,null,null,null,gabors,null,45.0,4.0,0.8,"[3644.93333333, 3644.93333333]",0.25021464,108,,,0,,False,1,train,1
952,0.0,307.09145,307.34167,null,20.0,0.08,"[20.0, 20.0]",-10.0,null,null,null,gabors,null,0.0,4.0,0.8,"[3644.93333333, 3644.93333333]",0.25021464,48,,,0,,False,4,train,0
953,0.0,307.34167,307.59187,null,10.0,0.08,"[20.0, 20.0]",0.0,null,null,null,gabors,null,90.0,4.0,0.8,"[3644.93333333, 3644.93333333]",0.25020536,15,,,0,,False,3,train,2
954,0.0,307.59187,307.84208,null,-10.0,0.08,"[20.0, 20.0]",30.0,null,null,null,gabors,null,90.0,4.0,0.8,"[3644.93333333, 3644.93333333]",0.25020536,70,,,0,,False,4,train,2
955,0.0,307.84208,308.09229,null,-20.0,0.08,"[20.0, 20.0]",0.0,null,null,null,gabors,null,45.0,4.0,0.8,"[3644.93333333, 3644.93333333]",0.25020536,193,,,0,,False,4,train,1
956,0.0,308.09229,308.34249,null,40.0,0.08,"[20.0, 20.0]",-40.0,null,null,null,gabors,null,0.0,4.0,0.8,"[3644.93333333, 3644.93333333]",0.25020536,132,,,0,,False,4,train,0
957,0.0,308.34249,308.5927,null,-10.0,0.08,"[20.0, 20.0]",30.0,null,null,null,gabors,null,90.0,4.0,0.8,"[3644.93333333, 3644.93333333]",0.25020964,70,,,0,,False,5,test,2
958,0.0,308.5927,308.84291,null,10.0,0.08,"[20.0, 20.0]",20.0,null,null,null,gabors,null,45.0,4.0,0.8,"[3644.93333333, 3644.93333333]",0.25020964,14,,,0,,False,5,test,1
959,0.0,308.84291,309.09312,null,40.0,0.08,"[20.0, 20.0]",-10.0,null,null,null,gabors,null,45.0,4.0,0.8,"[3644.93333333, 3644.93333333]",0.25020964,67,,,0,,False,7,train,1
960,0.0,309.09312,309.34333,null,10.0,0.08,"[20.0, 20.0]",30.0,null,null,null,gabors,null,45.0,4.0,0.8,"[3644.93333333, 3644.93333333]",0.25020964,12,,,0,,False,6,train,1
961,0.0,309.34333,309.59354,null,-20.0,0.08,"[20.0, 20.0]",40.0,null,null,null,gabors,null,45.0,4.0,0.8,"[3644.93333333, 3644.93333333]",0.25020786,179,,,0,,False,4,train,1
962,0.0,309.59354,309.84374,null,-20.0,0.08,"[20.0, 20.0]",-30.0,null,null,null,gabors,null,45.0,4.0,0.8,"[3644.93333333, 3644.93333333]",0.25020786,168,,,0,,False,2,test,1
963,0.0,309.84374,310.09395,null,20.0,0.08,"[20.0, 20.0]",0.0,null,null,null,gabors,null,0.0,4.0,0.8,"[3644.93333333, 3644.93333333]",0.25020786,204,,,0,,False,2,test,0
964,0.0,310.09395,310.34416,null,30.0,0.08,"[20.0, 20.0]",40.0,null,null,null,gabors,null,45.0,4.0,0.8,"[3644.93333333, 3644.93333333]",0.25020786,162,,,0,,False,4,train,1
965,0.0,310.34416,310.59438,null,-20.0,0.08,"[20.0, 20.0]",10.0,null,null,null,gabors,null,0.0,4.0,0.8,"[3644.93333333, 3644.93333333]",0.25021464,138,,,0,,False,3,train,0
966,0.0,310.59438,310.84459,null,40.0,0.08,"[20.0, 20.0]",20.0,null,null,null,gabors,null,90.0,4.0,0.8,"[3644.93333333, 3644.93333333]",0.25021464,115,,,0,,False,4,train,2
967,0.0,310.84459,311.0948,null,20.0,0.08,"[20.0, 20.0]",-10.0,null,null,null,gabors,null,90.0,4.0,0.8,"[3644.93333333, 3644.93333333]",0.25021464,50,,,0,,False,4,train,2
968,0.0,311.0948,311.34502,null,-40.0,0.08,"[20.0, 20.0]",10.0,null,null,null,gabors,null,45.0,4.0,0.8,"[3644.93333333, 3644.93333333]",0.25021464,17,,,0,,False,4,train,1
969,0.0,311.34502,311.59522,null,20.0,0.08,"[20.0, 20.0]",-20.0,null,null,null,gabors,null,45.0,4.0,0.8,"[3644.93333333, 3644.93333333]",0.25020536,36,,,0,,False,4,train,1
970,0.0,311.59522,311.84543,null,10.0,0.08,"[20.0, 20.0]",-40.0,null,null,null,gabors,null,45.0,4.0,0.8,"[3644.93333333, 3644.93333333]",0.25020536,35,,,0,,False,5,test,1
971,0.0,311.84543,312.09564,null,-30.0,0.08,"[20.0, 20.0]",10.0,null,null,null,gabors,null,0.0,4.0,0.8,"[3644.93333333, 3644.93333333]",0.25020536,87,,,0,,False,5,test,0
972,0.0,312.09564,312.34584,null,40.0,0.08,"[20.0, 20.0]",-20.0,null,null,null,gabors,null,90.0,4.0,0.8,"[3644.93333333, 3644.93333333]",0.25020536,149,,,0,,False,4,train,2
973,0.0,312.34584,312.59605,null,-30.0,0.08,"[20.0, 20.0]",-30.0,null,null,null,gabors,null,45.0,4.0,0.8,"[3644.93333333, 3644.93333333]",0.25021214,46,,,0,,False,3,train,1
974,0.0,312.59605,312.84626,null,10.0,0.08,"[20.0, 20.0]",-30.0,null,null,null,gabors,null,45.0,4.0,0.8,"[3644.93333333, 3644.93333333]",0.25021214,152,,,0,,False,3,train,1
975,0.0,312.84626,313.09648,null,-20.0,0.08,"[20.0, 20.0]",0.0,null,null,null,gabors,null,90.0,4.0,0.8,"[3644.93333333, 3644.93333333]",0.25021214,105,,,0,,False,3,train,2
976,0.0,313.09648,313.34669,null,-30.0,0.08,"[20.0, 20.0]",-40.0,null,null,null,gabors,null,0.0,4.0,0.8,"[3644.93333333, 3644.93333333]",0.25021214,213,,,0,,False,2,test,0
977,0.0,313.34669,313.59689,null,-20.0,0.08,"[20.0, 20.0]",0.0,null,null,null,gabors,null,45.0,4.0,0.8,"[3644.93333333, 3644.93333333]",0.25020286,193,,,0,,False,5,test,1
978,0.0,313.59689,313.84709,null,40.0,0.08,"[20.0, 20.0]",10.0,null,null,null,gabors,null,90.0,4.0,0.8,"[3644.93333333, 3644.93333333]",0.25020286,8,,,0,,False,6,train,2
979,0.0,313.84709,314.0973,null,-40.0,0.08,"[20.0, 20.0]",-20.0,null,null,null,gabors,null,0.0,4.0,0.8,"[3644.93333333, 3644.93333333]",0.25020286,199,,,0,,False,2,test,0
980,0.0,314.0973,314.3475,null,-40.0,0.08,"[20.0, 20.0]",-40.0,null,null,null,gabors,null,45.0,4.0,0.8,"[3644.93333333, 3644.93333333]",0.25020286,197,,,0,,False,2,test,1
981,0.0,314.3475,314.59771,null,20.0,0.08,"[20.0, 20.0]",0.0,null,null,null,gabors,null,45.0,4.0,0.8,"[3644.93333333, 3644.93333333]",0.25021214,203,,,0,,False,3,train,1
982,0.0,314.59771,314.84792,null,10.0,0.08,"[20.0, 20.0]",-40.0,null,null,null,gabors,null,45.0,4.0,0.8,"[3644.93333333, 3644.93333333]",0.25021214,35,,,0,,False,6,train,1
983,0.0,314.84792,315.09814,null,-40.0,0.08,"[20.0, 20.0]",30.0,null,null,null,gabors,null,45.0,4.0,0.8,"[3644.93333333, 3644.93333333]",0.25021214,61,,,0,,False,4,train,1
984,0.0,315.09814,315.34835,null,-20.0,0.08,"[20.0, 20.0]",30.0,null,null,null,gabors,null,0.0,4.0,0.8,"[3644.93333333, 3644.93333333]",0.25021214,219,,,0,,False,2,test,0
985,0.0,315.34835,315.59856,null,20.0,0.08,"[20.0, 20.0]",30.0,null,null,null,gabors,null,90.0,4.0,0.8,"[3644.93333333, 3644.93333333]",0.25020786,64,,,0,,False,6,train,2
986,0.0,315.59856,315.84876,null,-30.0,0.08,"[20.0, 20.0]",40.0,null,null,null,gabors,null,0.0,4.0,0.8,"[3644.93333333, 3644.93333333]",0.25020786,22,,,0,,False,5,test,0
987,0.0,315.84876,316.09897,null,-20.0,0.08,"[20.0, 20.0]",-30.0,null,null,null,gabors,null,90.0,4.0,0.8,"[3644.93333333, 3644.93333333]",0.25020786,221,,,0,,False,2,test,2
988,0.0,316.09897,316.34918,null,-10.0,0.08,"[20.0, 20.0]",-10.0,null,null,null,gabors,null,0.0,4.0,0.8,"[3644.93333333, 3644.93333333]",0.25020786,173,,,0,,False,1,train,0
989,0.0,316.34918,316.5994,null,10.0,0.08,"[20.0, 20.0]",10.0,null,null,null,gabors,null,45.0,4.0,0.8,"[3644.93333333, 3644.93333333]",0.25021714,58,,,0,,False,2,test,1
990,0.0,316.5994,316.84961,null,30.0,0.08,"[20.0, 20.0]",10.0,null,null,null,gabors,null,45.0,4.0,0.8,"[3644.93333333, 3644.93333333]",0.25021714,20,,,0,,False,3,train,1
991,0.0,316.84961,317.09983,null,-10.0,0.08,"[20.0, 20.0]",-40.0,null,null,null,gabors,null,0.0,4.0,0.8,"[3644.93333333, 3644.93333333]",0.25021714,185,,,0,,False,2,test,0
992,0.0,317.09983,317.35005,null,30.0,0.08,"[20.0, 20.0]",0.0,null,null,null,gabors,null,0.0,4.0,0.8,"[3644.93333333, 3644.93333333]",0.25021714,69,,,0,,False,4,train,0
993,0.0,317.35005,317.60025,null,-30.0,0.08,"[20.0, 20.0]",40.0,null,null,null,gabors,null,90.0,4.0,0.8,"[3644.93333333, 3644.93333333]",0.25019786,148,,,0,,False,3,train,2
994,0.0,317.60025,317.85044,null,40.0,0.08,"[20.0, 20.0]",20.0,null,null,null,gabors,null,0.0,4.0,0.8,"[3644.93333333, 3644.93333333]",0.25019786,98,,,0,,False,3,train,0
995,0.0,317.85044,318.10064,null,10.0,0.08,"[20.0, 20.0]",30.0,null,null,null,gabors,null,45.0,4.0,0.8,"[3644.93333333, 3644.93333333]",0.25019786,12,,,0,,False,7,train,1
996,0.0,318.10064,318.35084,null,-10.0,0.08,"[20.0, 20.0]",-40.0,null,null,null,gabors,null,0.0,4.0,0.8,"[3644.93333333, 3644.93333333]",0.25019786,185,,,0,,False,3,train,0
997,0.0,318.35084,318.60105,null,-20.0,0.08,"[20.0, 20.0]",-40.0,null,null,null,gabors,null,0.0,4.0,0.8,"[3644.93333333, 3644.93333333]",0.25021214,212,,,0,,False,4,train,0
998,0.0,318.60105,318.85126,null,0.0,0.08,"[20.0, 20.0]",-40.0,null,null,null,gabors,null,0.0,4.0,0.8,"[3644.93333333, 3644.93333333]",0.25021214,11,,,0,,False,4,train,0
999,0.0,318.85126,319.10148,null,-20.0,0.08,"[20.0, 20.0]",30.0,null,null,null,gabors,null,90.0,4.0,0.8,"[3644.93333333, 3644.93333333]",0.25021214,161,,,0,,False,4,train,2
1000,0.0,319.10148,319.35169,null,-30.0,0.08,"[20.0, 20.0]",20.0,null,null,null,gabors,null,45.0,4.0,0.8,"[3644.93333333, 3644.93333333]",0.25021214,77,,,0,,False,7,train,1
1001,0.0,319.35169,319.6019,null,0.0,0.08,"[20.0, 20.0]",-10.0,null,null,null,gabors,null,90.0,4.0,0.8,"[3644.93333333, 3644.93333333]",0.25021036,218,,,0,,False,3,train,2
1002,0.0,319.6019,319.85211,null,-20.0,0.08,"[20.0, 20.0]",0.0,null,null,null,gabors,null,45.0,4.0,0.8,"[3644.93333333, 3644.93333333]",0.25021036,193,,,0,,False,6,train,1
1003,0.0,319.85211,320.10232,null,-20.0,0.08,"[20.0, 20.0]",-30.0,null,null,null,gabors,null,45.0,4.0,0.8,"[3644.93333333, 3644.93333333]",0.25021036,168,,,0,,False,3,train,1
1004,0.0,320.10232,320.35253,null,-10.0,0.08,"[20.0, 20.0]",30.0,null,null,null,gabors,null,45.0,4.0,0.8,"[3644.93333333, 3644.93333333]",0.25021036,181,,,0,,False,4,train,1
1005,0.0,320.35253,320.60274,null,-40.0,0.08,"[20.0, 20.0]",-20.0,null,null,null,gabors,null,45.0,4.0,0.8,"[3644.93333333, 3644.93333333]",0.25020464,239,,,0,,False,0,train,1
1006,0.0,320.60274,320.85294,null,30.0,0.08,"[20.0, 20.0]",30.0,null,null,null,gabors,null,0.0,4.0,0.8,"[3644.93333333, 3644.93333333]",0.25020464,154,,,0,,False,3,train,0
1007,0.0,320.85294,321.10314,null,10.0,0.08,"[20.0, 20.0]",10.0,null,null,null,gabors,null,45.0,4.0,0.8,"[3644.93333333, 3644.93333333]",0.25020464,58,,,0,,False,3,train,1
1008,0.0,321.10314,321.35335,null,-40.0,0.08,"[20.0, 20.0]",20.0,null,null,null,gabors,null,45.0,4.0,0.8,"[3644.93333333, 3644.93333333]",0.25020464,240,,,0,,False,0,train,1
1009,0.0,321.35335,321.60356,null,30.0,0.08,"[20.0, 20.0]",40.0,null,null,null,gabors,null,45.0,4.0,0.8,"[3644.93333333, 3644.93333333]",0.25020786,162,,,0,,False,5,test,1
1010,0.0,321.60356,321.85376,null,40.0,0.08,"[20.0, 20.0]",-40.0,null,null,null,gabors,null,45.0,4.0,0.8,"[3644.93333333, 3644.93333333]",0.25020786,34,,,0,,False,5,test,1
1011,0.0,321.85376,322.10397,null,-30.0,0.08,"[20.0, 20.0]",40.0,null,null,null,gabors,null,45.0,4.0,0.8,"[3644.93333333, 3644.93333333]",0.25020786,63,,,0,,False,6,train,1
1012,0.0,322.10397,322.35418,null,-20.0,0.08,"[20.0, 20.0]",30.0,null,null,null,gabors,null,0.0,4.0,0.8,"[3644.93333333, 3644.93333333]",0.25020786,219,,,0,,False,3,train,0
1013,0.0,322.35418,322.60439,null,-40.0,0.08,"[20.0, 20.0]",10.0,null,null,null,gabors,null,45.0,4.0,0.8,"[3644.93333333, 3644.93333333]",0.25021214,17,,,0,,False,5,test,1
1014,0.0,322.60439,322.8546,null,-20.0,0.08,"[20.0, 20.0]",-10.0,null,null,null,gabors,null,0.0,4.0,0.8,"[3644.93333333, 3644.93333333]",0.25021214,241,,,0,,False,0,train,0
1015,0.0,322.8546,323.10482,null,-20.0,0.08,"[20.0, 20.0]",-40.0,null,null,null,gabors,null,0.0,4.0,0.8,"[3644.93333333, 3644.93333333]",0.25021214,212,,,0,,False,5,test,0
1016,0.0,323.10482,323.35503,null,40.0,0.08,"[20.0, 20.0]",0.0,null,null,null,gabors,null,0.0,4.0,0.8,"[3644.93333333, 3644.93333333]",0.25021214,18,,,0,,False,9,train,0
1017,0.0,323.35503,323.60524,null,10.0,0.08,"[20.0, 20.0]",-40.0,null,null,null,gabors,null,90.0,4.0,0.8,"[3644.93333333, 3644.93333333]",0.25021036,118,,,0,,False,5,test,2
1018,0.0,323.60524,323.85545,null,-40.0,0.08,"[20.0, 20.0]",-20.0,null,null,null,gabors,null,90.0,4.0,0.8,"[3644.93333333, 3644.93333333]",0.25021036,65,,,0,,False,4,train,2
1019,0.0,323.85545,324.10566,null,20.0,0.08,"[20.0, 20.0]",-10.0,null,null,null,gabors,null,45.0,4.0,0.8,"[3644.93333333, 3644.93333333]",0.25021036,242,,,0,,False,0,train,1
1020,0.0,324.10566,324.35587,null,-40.0,0.08,"[20.0, 20.0]",-20.0,null,null,null,gabors,null,0.0,4.0,0.8,"[3644.93333333, 3644.93333333]",0.25021036,199,,,0,,False,3,train,0
1021,0.0,324.35587,324.60608,null,0.0,0.08,"[20.0, 20.0]",-40.0,null,null,null,gabors,null,0.0,4.0,0.8,"[3644.93333333, 3644.93333333]",0.25020964,11,,,0,,False,5,test,0
1022,0.0,324.60608,324.85629,null,30.0,0.08,"[20.0, 20.0]",40.0,null,null,null,gabors,null,45.0,4.0,0.8,"[3644.93333333, 3644.93333333]",0.25020964,162,,,0,,False,6,train,1
1023,0.0,324.85629,325.1065,null,20.0,0.08,"[20.0, 20.0]",40.0,null,null,null,gabors,null,90.0,4.0,0.8,"[3644.93333333, 3644.93333333]",0.25020964,141,,,0,,False,3,train,2
1024,0.0,325.1065,325.35671,null,-10.0,0.08,"[20.0, 20.0]",-20.0,null,null,null,gabors,null,90.0,4.0,0.8,"[3644.93333333, 3644.93333333]",0.25020964,16,,,0,,False,4,train,2
1025,0.0,325.35671,325.60692,null,-10.0,0.08,"[20.0, 20.0]",-40.0,null,null,null,gabors,null,45.0,4.0,0.8,"[3644.93333333, 3644.93333333]",0.25021036,122,,,0,,False,3,train,1
1026,0.0,325.60692,325.85713,null,-20.0,0.08,"[20.0, 20.0]",10.0,null,null,null,gabors,null,45.0,4.0,0.8,"[3644.93333333, 3644.93333333]",0.25021036,158,,,0,,False,1,train,1
1027,0.0,325.85713,326.10734,null,30.0,0.08,"[20.0, 20.0]",-30.0,null,null,null,gabors,null,90.0,4.0,0.8,"[3644.93333333, 3644.93333333]",0.25021036,92,,,0,,False,2,test,2
1028,0.0,326.10734,326.35755,null,-20.0,0.08,"[20.0, 20.0]",0.0,null,null,null,gabors,null,45.0,4.0,0.8,"[3644.93333333, 3644.93333333]",0.25021036,193,,,0,,False,7,train,1
1029,0.0,326.35755,326.60776,null,20.0,0.08,"[20.0, 20.0]",-20.0,null,null,null,gabors,null,0.0,4.0,0.8,"[3644.93333333, 3644.93333333]",0.25020714,101,,,0,,False,3,train,0
1030,0.0,326.60776,326.85796,null,-10.0,0.08,"[20.0, 20.0]",30.0,null,null,null,gabors,null,90.0,4.0,0.8,"[3644.93333333, 3644.93333333]",0.25020714,70,,,0,,False,6,train,2
1031,0.0,326.85796,327.10817,null,0.0,0.08,"[20.0, 20.0]",40.0,null,null,null,gabors,null,90.0,4.0,0.8,"[3644.93333333, 3644.93333333]",0.25020714,97,,,0,,False,4,train,2
1032,0.0,327.10817,327.35838,null,0.0,0.08,"[20.0, 20.0]",-40.0,null,null,null,gabors,null,90.0,4.0,0.8,"[3644.93333333, 3644.93333333]",0.25020714,207,,,0,,False,3,train,2
1033,0.0,327.35838,327.60859,null,-10.0,0.08,"[20.0, 20.0]",40.0,null,null,null,gabors,null,90.0,4.0,0.8,"[3644.93333333, 3644.93333333]",0.25021036,222,,,0,,False,3,train,2
1034,0.0,327.60859,327.8588,null,-20.0,0.08,"[20.0, 20.0]",0.0,null,null,null,gabors,null,0.0,4.0,0.8,"[3644.93333333, 3644.93333333]",0.25021036,174,,,0,,False,3,train,0
1035,0.0,327.8588,328.10901,null,-30.0,0.08,"[20.0, 20.0]",30.0,null,null,null,gabors,null,45.0,4.0,0.8,"[3644.93333333, 3644.93333333]",0.25021036,217,,,0,,False,3,train,1
1036,0.0,328.10901,328.35922,null,-20.0,0.08,"[20.0, 20.0]",0.0,null,null,null,gabors,null,90.0,4.0,0.8,"[3644.93333333, 3644.93333333]",0.25021036,105,,,0,,False,4,train,2
1037,0.0,328.35922,328.60943,null,30.0,0.08,"[20.0, 20.0]",-40.0,null,null,null,gabors,null,0.0,4.0,0.8,"[3644.93333333, 3644.93333333]",0.25020964,37,,,0,,False,5,test,0
1038,0.0,328.60943,328.85964,null,-20.0,0.08,"[20.0, 20.0]",-20.0,null,null,null,gabors,null,45.0,4.0,0.8,"[3644.93333333, 3644.93333333]",0.25020964,32,,,0,,False,5,test,1
1039,0.0,328.85964,329.10985,null,20.0,0.08,"[20.0, 20.0]",40.0,null,null,null,gabors,null,90.0,4.0,0.8,"[3644.93333333, 3644.93333333]",0.25020964,141,,,0,,False,4,train,2
1040,0.0,329.10985,329.36006,null,40.0,0.08,"[20.0, 20.0]",-40.0,null,null,null,gabors,null,45.0,4.0,0.8,"[3644.93333333, 3644.93333333]",0.25020964,34,,,0,,False,6,train,1
1041,0.0,329.36006,329.61027,null,0.0,0.08,"[20.0, 20.0]",0.0,null,null,null,gabors,null,45.0,4.0,0.8,"[3644.93333333, 3644.93333333]",0.25021286,201,,,0,,False,5,test,1
1042,0.0,329.61027,329.86048,null,-30.0,0.08,"[20.0, 20.0]",-30.0,null,null,null,gabors,null,0.0,4.0,0.8,"[3644.93333333, 3644.93333333]",0.25021286,43,,,0,,False,4,train,0
1043,0.0,329.86048,330.1107,null,30.0,0.08,"[20.0, 20.0]",10.0,null,null,null,gabors,null,90.0,4.0,0.8,"[3644.93333333, 3644.93333333]",0.25021286,171,,,0,,False,3,train,2
1044,0.0,330.1107,330.36091,null,20.0,0.08,"[20.0, 20.0]",-40.0,null,null,null,gabors,null,0.0,4.0,0.8,"[3644.93333333, 3644.93333333]",0.25021286,194,,,0,,False,5,test,0
1045,0.0,330.36091,330.61111,null,40.0,0.08,"[20.0, 20.0]",10.0,null,null,null,gabors,null,45.0,4.0,0.8,"[3644.93333333, 3644.93333333]",0.25020214,145,,,0,,False,3,train,1
1046,0.0,330.61111,330.86131,null,10.0,0.08,"[20.0, 20.0]",20.0,null,null,null,gabors,null,0.0,4.0,0.8,"[3644.93333333, 3644.93333333]",0.25020214,129,,,0,,False,3,train,0
1047,0.0,330.86131,331.11152,null,40.0,0.08,"[20.0, 20.0]",30.0,null,null,null,gabors,null,0.0,4.0,0.8,"[3644.93333333, 3644.93333333]",0.25020214,126,,,0,,False,2,test,0
1048,0.0,331.11152,331.36172,null,40.0,0.08,"[20.0, 20.0]",20.0,null,null,null,gabors,null,90.0,4.0,0.8,"[3644.93333333, 3644.93333333]",0.25020214,115,,,0,,False,5,test,2
1049,0.0,331.36172,331.61193,null,10.0,0.08,"[20.0, 20.0]",0.0,null,null,null,gabors,null,0.0,4.0,0.8,"[3644.93333333, 3644.93333333]",0.25021286,157,,,0,,False,3,train,0
1050,0.0,331.61193,331.86214,null,10.0,0.08,"[20.0, 20.0]",-30.0,null,null,null,gabors,null,0.0,4.0,0.8,"[3644.93333333, 3644.93333333]",0.25021286,220,,,0,,False,4,train,0
1051,0.0,331.86214,332.11236,null,30.0,0.08,"[20.0, 20.0]",30.0,null,null,null,gabors,null,90.0,4.0,0.8,"[3644.93333333, 3644.93333333]",0.25021286,134,,,0,,False,5,test,2
1052,0.0,332.11236,332.36257,null,30.0,0.08,"[20.0, 20.0]",0.0,null,null,null,gabors,null,90.0,4.0,0.8,"[3644.93333333, 3644.93333333]",0.25021286,229,,,0,,False,2,test,2
1053,0.0,332.36257,332.61277,null,-20.0,0.08,"[20.0, 20.0]",-10.0,null,null,null,gabors,null,45.0,4.0,0.8,"[3644.93333333, 3644.93333333]",0.25020214,29,,,0,,False,7,train,1
1054,0.0,332.61277,332.86297,null,-20.0,0.08,"[20.0, 20.0]",-40.0,null,null,null,gabors,null,90.0,4.0,0.8,"[3644.93333333, 3644.93333333]",0.25020214,135,,,0,,False,9,train,2
1055,0.0,332.86297,333.11318,null,10.0,0.08,"[20.0, 20.0]",10.0,null,null,null,gabors,null,90.0,4.0,0.8,"[3644.93333333, 3644.93333333]",0.25020214,214,,,0,,False,2,test,2
1056,0.0,333.11318,333.36338,null,20.0,0.08,"[20.0, 20.0]",-30.0,null,null,null,gabors,null,0.0,4.0,0.8,"[3644.93333333, 3644.93333333]",0.25020214,175,,,0,,False,3,train,0
1057,0.0,333.36338,333.61359,null,-20.0,0.08,"[20.0, 20.0]",10.0,null,null,null,gabors,null,90.0,4.0,0.8,"[3644.93333333, 3644.93333333]",0.25021536,235,,,0,,False,1,train,2
1058,0.0,333.61359,333.86381,null,-20.0,0.08,"[20.0, 20.0]",20.0,null,null,null,gabors,null,90.0,4.0,0.8,"[3644.93333333, 3644.93333333]",0.25021536,198,,,0,,False,3,train,2
1059,0.0,333.86381,334.11403,null,0.0,0.08,"[20.0, 20.0]",40.0,null,null,null,gabors,null,90.0,4.0,0.8,"[3644.93333333, 3644.93333333]",0.25021536,97,,,0,,False,5,test,2
1060,0.0,334.11403,334.36424,null,40.0,0.08,"[20.0, 20.0]",-10.0,null,null,null,gabors,null,0.0,4.0,0.8,"[3644.93333333, 3644.93333333]",0.25021536,83,,,0,,False,3,train,0
1061,0.0,334.36424,334.61445,null,10.0,0.08,"[20.0, 20.0]",30.0,null,null,null,gabors,null,0.0,4.0,0.8,"[3644.93333333, 3644.93333333]",0.25021214,226,,,0,,False,2,test,0
1062,0.0,334.61445,334.86466,null,-30.0,0.08,"[20.0, 20.0]",40.0,null,null,null,gabors,null,90.0,4.0,0.8,"[3644.93333333, 3644.93333333]",0.25021214,148,,,0,,False,4,train,2
1063,0.0,334.86466,335.11488,null,-30.0,0.08,"[20.0, 20.0]",30.0,null,null,null,gabors,null,0.0,4.0,0.8,"[3644.93333333, 3644.93333333]",0.25021214,66,,,0,,False,8,test,0
1064,0.0,335.11488,335.36509,null,-40.0,0.08,"[20.0, 20.0]",-30.0,null,null,null,gabors,null,45.0,4.0,0.8,"[3644.93333333, 3644.93333333]",0.25021214,107,,,0,,False,2,test,1
1065,0.0,335.36509,335.61529,null,0.0,0.08,"[20.0, 20.0]",-20.0,null,null,null,gabors,null,45.0,4.0,0.8,"[3644.93333333, 3644.93333333]",0.25020536,103,,,0,,False,3,train,1
1066,0.0,335.61529,335.8655,null,10.0,0.08,"[20.0, 20.0]",30.0,null,null,null,gabors,null,0.0,4.0,0.8,"[3644.93333333, 3644.93333333]",0.25020536,226,,,0,,False,3,train,0
1067,0.0,335.8655,336.11571,null,0.0,0.08,"[20.0, 20.0]",20.0,null,null,null,gabors,null,0.0,4.0,0.8,"[3644.93333333, 3644.93333333]",0.25020536,216,,,0,,False,3,train,0
1068,0.0,336.11571,336.36591,null,20.0,0.08,"[20.0, 20.0]",40.0,null,null,null,gabors,null,90.0,4.0,0.8,"[3644.93333333, 3644.93333333]",0.25020536,141,,,0,,False,5,test,2
1069,0.0,336.36591,336.61612,null,40.0,0.08,"[20.0, 20.0]",20.0,null,null,null,gabors,null,45.0,4.0,0.8,"[3644.93333333, 3644.93333333]",0.25021214,7,,,0,,False,4,train,1
1070,0.0,336.61612,336.86633,null,-30.0,0.08,"[20.0, 20.0]",20.0,null,null,null,gabors,null,0.0,4.0,0.8,"[3644.93333333, 3644.93333333]",0.25021214,153,,,0,,False,4,train,0
1071,0.0,336.86633,337.11655,null,-20.0,0.08,"[20.0, 20.0]",0.0,null,null,null,gabors,null,90.0,4.0,0.8,"[3644.93333333, 3644.93333333]",0.25021214,105,,,0,,False,5,test,2
1072,0.0,337.11655,337.36676,null,0.0,0.08,"[20.0, 20.0]",-40.0,null,null,null,gabors,null,45.0,4.0,0.8,"[3644.93333333, 3644.93333333]",0.25021214,191,,,0,,False,4,train,1
1073,0.0,337.36676,337.61696,null,30.0,0.08,"[20.0, 20.0]",0.0,null,null,null,gabors,null,0.0,4.0,0.8,"[3644.93333333, 3644.93333333]",0.25020536,69,,,0,,False,5,test,0
1074,0.0,337.61696,337.86717,null,-10.0,0.08,"[20.0, 20.0]",-10.0,null,null,null,gabors,null,90.0,4.0,0.8,"[3644.93333333, 3644.93333333]",0.25020536,182,,,0,,False,3,train,2
1075,0.0,337.86717,338.11738,null,10.0,0.08,"[20.0, 20.0]",-20.0,null,null,null,gabors,null,45.0,4.0,0.8,"[3644.93333333, 3644.93333333]",0.25020536,190,,,0,,False,2,test,1
1076,0.0,338.11738,338.36758,null,-20.0,0.08,"[20.0, 20.0]",30.0,null,null,null,gabors,null,0.0,4.0,0.8,"[3644.93333333, 3644.93333333]",0.25020536,219,,,0,,False,4,train,0
1077,0.0,338.36758,338.61779,null,-30.0,0.08,"[20.0, 20.0]",20.0,null,null,null,gabors,null,45.0,4.0,0.8,"[3644.93333333, 3644.93333333]",0.25020714,77,,,0,,False,8,test,1
1078,0.0,338.61779,338.86799,null,20.0,0.08,"[20.0, 20.0]",20.0,null,null,null,gabors,null,0.0,4.0,0.8,"[3644.93333333, 3644.93333333]",0.25020714,121,,,0,,False,3,train,0
1079,0.0,338.86799,339.1182,null,10.0,0.08,"[20.0, 20.0]",40.0,null,null,null,gabors,null,0.0,4.0,0.8,"[3644.93333333, 3644.93333333]",0.25020714,56,,,0,,False,3,train,0
1080,0.0,339.1182,339.36841,null,-10.0,0.08,"[20.0, 20.0]",-10.0,null,null,null,gabors,null,45.0,4.0,0.8,"[3644.93333333, 3644.93333333]",0.25020714,117,,,0,,False,4,train,1
1081,0.0,339.36841,339.61862,null,-30.0,0.08,"[20.0, 20.0]",0.0,null,null,null,gabors,null,0.0,4.0,0.8,"[3644.93333333, 3644.93333333]",0.25021286,40,,,0,,False,5,test,0
1082,0.0,339.61862,339.86883,null,-30.0,0.08,"[20.0, 20.0]",30.0,null,null,null,gabors,null,45.0,4.0,0.8,"[3644.93333333, 3644.93333333]",0.25021286,217,,,0,,False,4,train,1
1083,0.0,339.86883,340.11905,null,0.0,0.08,"[20.0, 20.0]",30.0,null,null,null,gabors,null,45.0,4.0,0.8,"[3644.93333333, 3644.93333333]",0.25021286,100,,,0,,False,2,test,1
1084,0.0,340.11905,340.36926,null,-30.0,0.08,"[20.0, 20.0]",30.0,null,null,null,gabors,null,90.0,4.0,0.8,"[3644.93333333, 3644.93333333]",0.25021286,111,,,0,,False,4,train,2
1085,0.0,340.36926,340.61947,null,-20.0,0.08,"[20.0, 20.0]",-10.0,null,null,null,gabors,null,90.0,4.0,0.8,"[3644.93333333, 3644.93333333]",0.25021214,236,,,0,,False,4,train,2
1086,0.0,340.61947,340.86968,null,30.0,0.08,"[20.0, 20.0]",20.0,null,null,null,gabors,null,90.0,4.0,0.8,"[3644.93333333, 3644.93333333]",0.25021214,76,,,0,,False,6,train,2
1087,0.0,340.86968,341.1199,null,10.0,0.08,"[20.0, 20.0]",20.0,null,null,null,gabors,null,45.0,4.0,0.8,"[3644.93333333, 3644.93333333]",0.25021214,14,,,0,,False,6,train,1
1088,0.0,341.1199,341.37011,null,30.0,0.08,"[20.0, 20.0]",20.0,null,null,null,gabors,null,90.0,4.0,0.8,"[3644.93333333, 3644.93333333]",0.25021214,76,,,0,,False,7,train,2
1089,0.0,341.37011,341.62031,null,-20.0,0.08,"[20.0, 20.0]",30.0,null,null,null,gabors,null,90.0,4.0,0.8,"[3644.93333333, 3644.93333333]",0.25020536,161,,,0,,False,5,test,2
1090,0.0,341.62031,341.87052,null,10.0,0.08,"[20.0, 20.0]",-20.0,null,null,null,gabors,null,90.0,4.0,0.8,"[3644.93333333, 3644.93333333]",0.25020536,57,,,0,,False,3,train,2
1091,0.0,341.87052,342.12073,null,-40.0,0.08,"[20.0, 20.0]",-10.0,null,null,null,gabors,null,0.0,4.0,0.8,"[3644.93333333, 3644.93333333]",0.25020536,142,,,0,,False,6,train,0
1092,0.0,342.12073,342.37093,null,10.0,0.08,"[20.0, 20.0]",10.0,null,null,null,gabors,null,0.0,4.0,0.8,"[3644.93333333, 3644.93333333]",0.25020536,94,,,0,,False,3,train,0
1093,0.0,342.37093,342.62114,null,40.0,0.08,"[20.0, 20.0]",10.0,null,null,null,gabors,null,90.0,4.0,0.8,"[3644.93333333, 3644.93333333]",0.25020714,8,,,0,,False,7,train,2
1094,0.0,342.62114,342.87134,null,-10.0,0.08,"[20.0, 20.0]",20.0,null,null,null,gabors,null,90.0,4.0,0.8,"[3644.93333333, 3644.93333333]",0.25020714,82,,,0,,False,5,test,2
1095,0.0,342.87134,343.12155,null,-30.0,0.08,"[20.0, 20.0]",-20.0,null,null,null,gabors,null,0.0,4.0,0.8,"[3644.93333333, 3644.93333333]",0.25020714,119,,,0,,False,4,train,0
1096,0.0,343.12155,343.37176,null,40.0,0.08,"[20.0, 20.0]",20.0,null,null,null,gabors,null,45.0,4.0,0.8,"[3644.93333333, 3644.93333333]",0.25020714,7,,,0,,False,5,test,1
1097,0.0,343.37176,343.62197,null,-40.0,0.08,"[20.0, 20.0]",-40.0,null,null,null,gabors,null,0.0,4.0,0.8,"[3644.93333333, 3644.93333333]",0.25021036,53,,,0,,False,3,train,0
1098,0.0,343.62197,343.87218,null,30.0,0.08,"[20.0, 20.0]",-30.0,null,null,null,gabors,null,0.0,4.0,0.8,"[3644.93333333, 3644.93333333]",0.25021036,9,,,0,,False,3,train,0
1099,0.0,343.87218,344.12239,null,-30.0,0.08,"[20.0, 20.0]",-20.0,null,null,null,gabors,null,0.0,4.0,0.8,"[3644.93333333, 3644.93333333]",0.25021036,119,,,0,,False,5,test,0
1100,0.0,344.12239,344.3726,null,0.0,0.08,"[20.0, 20.0]",-20.0,null,null,null,gabors,null,0.0,4.0,0.8,"[3644.93333333, 3644.93333333]",0.25021036,228,,,0,,False,6,train,0
1101,0.0,344.3726,344.62282,null,-10.0,0.08,"[20.0, 20.0]",-30.0,null,null,null,gabors,null,45.0,4.0,0.8,"[3644.93333333, 3644.93333333]",0.25021464,151,,,0,,False,6,train,1
1102,0.0,344.62282,344.87303,null,40.0,0.08,"[20.0, 20.0]",10.0,null,null,null,gabors,null,0.0,4.0,0.8,"[3644.93333333, 3644.93333333]",0.25021464,62,,,0,,False,3,train,0
1103,0.0,344.87303,345.12324,null,40.0,0.08,"[20.0, 20.0]",-20.0,null,null,null,gabors,null,45.0,4.0,0.8,"[3644.93333333, 3644.93333333]",0.25021464,78,,,0,,False,3,train,1
1104,0.0,345.12324,345.37346,null,-20.0,0.08,"[20.0, 20.0]",20.0,null,null,null,gabors,null,45.0,4.0,0.8,"[3644.93333333, 3644.93333333]",0.25021464,192,,,0,,False,3,train,1
1105,0.0,345.37346,345.62366,null,20.0,0.08,"[20.0, 20.0]",-10.0,null,null,null,gabors,null,45.0,4.0,0.8,"[3644.93333333, 3644.93333333]",0.25020286,242,,,0,,False,1,train,1
1106,0.0,345.62366,345.87386,null,10.0,0.08,"[20.0, 20.0]",0.0,null,null,null,gabors,null,45.0,4.0,0.8,"[3644.93333333, 3644.93333333]",0.25020286,187,,,0,,False,4,train,1
1107,0.0,345.87386,346.12407,null,-40.0,0.08,"[20.0, 20.0]",30.0,null,null,null,gabors,null,45.0,4.0,0.8,"[3644.93333333, 3644.93333333]",0.25020286,61,,,0,,False,5,test,1
1108,0.0,346.12407,346.37427,null,30.0,0.08,"[20.0, 20.0]",-20.0,null,null,null,gabors,null,0.0,4.0,0.8,"[3644.93333333, 3644.93333333]",0.25020286,230,,,0,,False,2,test,0
1109,0.0,346.37427,346.62448,null,40.0,0.08,"[20.0, 20.0]",-40.0,null,null,null,gabors,null,90.0,4.0,0.8,"[3644.93333333, 3644.93333333]",0.25020964,180,,,0,,False,5,test,2
1110,0.0,346.62448,346.87469,null,-10.0,0.08,"[20.0, 20.0]",-20.0,null,null,null,gabors,null,45.0,4.0,0.8,"[3644.93333333, 3644.93333333]",0.25020964,166,,,0,,False,3,train,1
1111,0.0,346.87469,347.1249,null,-10.0,0.08,"[20.0, 20.0]",0.0,null,null,null,gabors,null,0.0,4.0,0.8,"[3644.93333333, 3644.93333333]",0.25020964,127,,,0,,False,4,train,0
1112,0.0,347.1249,347.37511,null,40.0,0.08,"[20.0, 20.0]",40.0,null,null,null,gabors,null,45.0,4.0,0.8,"[3644.93333333, 3644.93333333]",0.25020964,237,,,0,,False,1,train,1
1113,0.0,347.37511,347.62532,null,-10.0,0.08,"[20.0, 20.0]",-10.0,null,null,null,gabors,null,90.0,4.0,0.8,"[3644.93333333, 3644.93333333]",0.25020786,182,,,0,,False,4,train,2
1114,0.0,347.62532,347.87552,null,-10.0,0.08,"[20.0, 20.0]",0.0,null,null,null,gabors,null,90.0,4.0,0.8,"[3644.93333333, 3644.93333333]",0.25020786,155,,,0,,False,6,train,2
1115,0.0,347.87552,348.12573,null,10.0,0.08,"[20.0, 20.0]",-30.0,null,null,null,gabors,null,90.0,4.0,0.8,"[3644.93333333, 3644.93333333]",0.25020786,200,,,0,,False,3,train,2
1116,0.0,348.12573,348.37594,null,-30.0,0.08,"[20.0, 20.0]",40.0,null,null,null,gabors,null,45.0,4.0,0.8,"[3644.93333333, 3644.93333333]",0.25020786,63,,,0,,False,7,train,1
1117,0.0,348.37594,348.62616,null,30.0,0.08,"[20.0, 20.0]",0.0,null,null,null,gabors,null,90.0,4.0,0.8,"[3644.93333333, 3644.93333333]",0.25021464,229,,,0,,False,3,train,2
1118,0.0,348.62616,348.87637,null,-40.0,0.08,"[20.0, 20.0]",-20.0,null,null,null,gabors,null,0.0,4.0,0.8,"[3644.93333333, 3644.93333333]",0.25021464,199,,,0,,False,4,train,0
1119,0.0,348.87637,349.12658,null,10.0,0.08,"[20.0, 20.0]",30.0,null,null,null,gabors,null,90.0,4.0,0.8,"[3644.93333333, 3644.93333333]",0.25021464,51,,,0,,False,6,train,2
1120,0.0,349.12658,349.3768,null,-40.0,0.08,"[20.0, 20.0]",-10.0,null,null,null,gabors,null,90.0,4.0,0.8,"[3644.93333333, 3644.93333333]",0.25021464,33,,,0,,False,4,train,2
1121,0.0,349.3768,349.627,null,-10.0,0.08,"[20.0, 20.0]",-30.0,null,null,null,gabors,null,90.0,4.0,0.8,"[3644.93333333, 3644.93333333]",0.25020286,202,,,0,,False,2,test,2
1122,0.0,349.627,349.8772,null,40.0,0.08,"[20.0, 20.0]",40.0,null,null,null,gabors,null,0.0,4.0,0.8,"[3644.93333333, 3644.93333333]",0.25020286,45,,,0,,False,8,test,0
1123,0.0,349.8772,350.12741,null,-40.0,0.08,"[20.0, 20.0]",40.0,null,null,null,gabors,null,0.0,4.0,0.8,"[3644.93333333, 3644.93333333]",0.25020286,231,,,0,,False,2,test,0
1124,0.0,350.12741,350.37761,null,10.0,0.08,"[20.0, 20.0]",10.0,null,null,null,gabors,null,0.0,4.0,0.8,"[3644.93333333, 3644.93333333]",0.25020286,94,,,0,,False,4,train,0
1125,0.0,350.37761,350.62782,null,10.0,0.08,"[20.0, 20.0]",-10.0,null,null,null,gabors,null,45.0,4.0,0.8,"[3644.93333333, 3644.93333333]",0.25020964,131,,,0,,False,3,train,1
1126,0.0,350.62782,350.87803,null,-30.0,0.08,"[20.0, 20.0]",40.0,null,null,null,gabors,null,0.0,4.0,0.8,"[3644.93333333, 3644.93333333]",0.25020964,22,,,0,,False,6,train,0
1127,0.0,350.87803,351.12824,null,-20.0,0.08,"[20.0, 20.0]",0.0,null,null,null,gabors,null,90.0,4.0,0.8,"[3644.93333333, 3644.93333333]",0.25020964,105,,,0,,False,6,train,2
1128,0.0,351.12824,351.37845,null,30.0,0.08,"[20.0, 20.0]",30.0,null,null,null,gabors,null,90.0,4.0,0.8,"[3644.93333333, 3644.93333333]",0.25020964,134,,,0,,False,6,train,2
1129,0.0,351.37845,351.62866,null,-10.0,0.08,"[20.0, 20.0]",20.0,null,null,null,gabors,null,45.0,4.0,0.8,"[3644.93333333, 3644.93333333]",0.25021036,93,,,0,,False,5,test,1
1130,0.0,351.62866,351.87887,null,-20.0,0.08,"[20.0, 20.0]",-30.0,null,null,null,gabors,null,90.0,4.0,0.8,"[3644.93333333, 3644.93333333]",0.25021036,221,,,0,,False,3,train,2
1131,0.0,351.87887,352.12908,null,-40.0,0.08,"[20.0, 20.0]",0.0,null,null,null,gabors,null,90.0,4.0,0.8,"[3644.93333333, 3644.93333333]",0.25021036,4,,,0,,False,4,train,2
1132,0.0,352.12908,352.37929,null,40.0,0.08,"[20.0, 20.0]",40.0,null,null,null,gabors,null,45.0,4.0,0.8,"[3644.93333333, 3644.93333333]",0.25021036,237,,,0,,False,2,test,1
1133,0.0,352.37929,352.6295,null,-20.0,0.08,"[20.0, 20.0]",10.0,null,null,null,gabors,null,45.0,4.0,0.8,"[3644.93333333, 3644.93333333]",0.25021214,158,,,0,,False,2,test,1
1134,0.0,352.6295,352.87971,null,10.0,0.08,"[20.0, 20.0]",0.0,null,null,null,gabors,null,90.0,4.0,0.8,"[3644.93333333, 3644.93333333]",0.25021214,15,,,0,,False,4,train,2
1135,0.0,352.87971,353.12993,null,-30.0,0.08,"[20.0, 20.0]",10.0,null,null,null,gabors,null,45.0,4.0,0.8,"[3644.93333333, 3644.93333333]",0.25021214,108,,,0,,False,2,test,1
1136,0.0,353.12993,353.38014,null,10.0,0.08,"[20.0, 20.0]",10.0,null,null,null,gabors,null,45.0,4.0,0.8,"[3644.93333333, 3644.93333333]",0.25021214,58,,,0,,False,4,train,1
1137,0.0,353.38014,353.63034,null,10.0,0.08,"[20.0, 20.0]",-10.0,null,null,null,gabors,null,90.0,4.0,0.8,"[3644.93333333, 3644.93333333]",0.25020536,81,,,0,,False,3,train,2
1138,0.0,353.63034,353.88055,null,-30.0,0.08,"[20.0, 20.0]",-10.0,null,null,null,gabors,null,90.0,4.0,0.8,"[3644.93333333, 3644.93333333]",0.25020536,209,,,0,,False,5,test,2
1139,0.0,353.88055,354.13076,null,40.0,0.08,"[20.0, 20.0]",20.0,null,null,null,gabors,null,0.0,4.0,0.8,"[3644.93333333, 3644.93333333]",0.25020536,98,,,0,,False,4,train,0
1140,0.0,354.13076,354.38096,null,0.0,0.08,"[20.0, 20.0]",0.0,null,null,null,gabors,null,90.0,4.0,0.8,"[3644.93333333, 3644.93333333]",0.25020536,210,,,0,,False,3,train,2
1141,0.0,354.38096,354.63118,null,0.0,0.08,"[20.0, 20.0]",-10.0,null,null,null,gabors,null,45.0,4.0,0.8,"[3644.93333333, 3644.93333333]",0.25021464,195,,,0,,False,1,train,1
1142,0.0,354.63118,354.88139,null,-40.0,0.08,"[20.0, 20.0]",-30.0,null,null,null,gabors,null,90.0,4.0,0.8,"[3644.93333333, 3644.93333333]",0.25021464,86,,,0,,False,4,train,2
1143,0.0,354.88139,355.1316,null,-10.0,0.08,"[20.0, 20.0]",-10.0,null,null,null,gabors,null,0.0,4.0,0.8,"[3644.93333333, 3644.93333333]",0.25021464,173,,,0,,False,2,test,0
1144,0.0,355.1316,355.38182,null,20.0,0.08,"[20.0, 20.0]",-20.0,null,null,null,gabors,null,45.0,4.0,0.8,"[3644.93333333, 3644.93333333]",0.25021464,36,,,0,,False,5,test,1
1145,0.0,355.38182,355.63202,null,-40.0,0.08,"[20.0, 20.0]",10.0,null,null,null,gabors,null,45.0,4.0,0.8,"[3644.93333333, 3644.93333333]",0.25020536,17,,,0,,False,6,train,1
1146,0.0,355.63202,355.88223,null,-40.0,0.08,"[20.0, 20.0]",-10.0,null,null,null,gabors,null,0.0,4.0,0.8,"[3644.93333333, 3644.93333333]",0.25020536,142,,,0,,False,7,train,0
1147,0.0,355.88223,356.13244,null,-40.0,0.08,"[20.0, 20.0]",-30.0,null,null,null,gabors,null,45.0,4.0,0.8,"[3644.93333333, 3644.93333333]",0.25020536,107,,,0,,False,3,train,1
1148,0.0,356.13244,356.38264,null,-10.0,0.08,"[20.0, 20.0]",-20.0,null,null,null,gabors,null,0.0,4.0,0.8,"[3644.93333333, 3644.93333333]",0.25020536,96,,,0,,False,6,train,0
1149,0.0,356.38264,356.63285,null,20.0,0.08,"[20.0, 20.0]",30.0,null,null,null,gabors,null,0.0,4.0,0.8,"[3644.93333333, 3644.93333333]",0.25020964,186,,,0,,False,4,train,0
1150,0.0,356.63285,356.88306,null,-30.0,0.08,"[20.0, 20.0]",20.0,null,null,null,gabors,null,45.0,4.0,0.8,"[3644.93333333, 3644.93333333]",0.25020964,77,,,0,,False,9,train,1
1151,0.0,356.88306,357.13327,null,10.0,0.08,"[20.0, 20.0]",-30.0,null,null,null,gabors,null,0.0,4.0,0.8,"[3644.93333333, 3644.93333333]",0.25020964,220,,,0,,False,5,test,0
1152,0.0,357.13327,357.38348,null,20.0,0.08,"[20.0, 20.0]",-30.0,null,null,null,gabors,null,0.0,4.0,0.8,"[3644.93333333, 3644.93333333]",0.25020964,175,,,0,,False,4,train,0
1153,0.0,357.38348,357.63369,null,20.0,0.08,"[20.0, 20.0]",-30.0,null,null,null,gabors,null,45.0,4.0,0.8,"[3644.93333333, 3644.93333333]",0.25020786,41,,,0,,False,4,train,1
1154,0.0,357.63369,357.88389,null,0.0,0.08,"[20.0, 20.0]",30.0,null,null,null,gabors,null,45.0,4.0,0.8,"[3644.93333333, 3644.93333333]",0.25020786,100,,,0,,False,3,train,1
1155,0.0,357.88389,358.1341,null,20.0,0.08,"[20.0, 20.0]",10.0,null,null,null,gabors,null,90.0,4.0,0.8,"[3644.93333333, 3644.93333333]",0.25020786,243,,,0,,False,0,train,2
1156,0.0,358.1341,358.38431,null,-20.0,0.08,"[20.0, 20.0]",0.0,null,null,null,gabors,null,0.0,4.0,0.8,"[3644.93333333, 3644.93333333]",0.25020786,174,,,0,,False,4,train,0
1157,0.0,358.38431,358.63453,null,20.0,0.08,"[20.0, 20.0]",-30.0,null,null,null,gabors,null,90.0,4.0,0.8,"[3644.93333333, 3644.93333333]",0.25021464,28,,,0,,False,2,test,2
1158,0.0,358.63453,358.88474,null,10.0,0.08,"[20.0, 20.0]",0.0,null,null,null,gabors,null,90.0,4.0,0.8,"[3644.93333333, 3644.93333333]",0.25021464,15,,,0,,False,5,test,2
1159,0.0,358.88474,359.13495,null,0.0,0.08,"[20.0, 20.0]",40.0,null,null,null,gabors,null,0.0,4.0,0.8,"[3644.93333333, 3644.93333333]",0.25021464,215,,,0,,False,3,train,0
1160,0.0,359.13495,359.38517,null,30.0,0.08,"[20.0, 20.0]",-40.0,null,null,null,gabors,null,0.0,4.0,0.8,"[3644.93333333, 3644.93333333]",0.25021464,37,,,0,,False,6,train,0
1161,0.0,359.38517,359.63537,null,-40.0,0.08,"[20.0, 20.0]",20.0,null,null,null,gabors,null,90.0,4.0,0.8,"[3644.93333333, 3644.93333333]",0.25020536,55,,,0,,False,6,train,2
1162,0.0,359.63537,359.88558,null,-30.0,0.08,"[20.0, 20.0]",-20.0,null,null,null,gabors,null,90.0,4.0,0.8,"[3644.93333333, 3644.93333333]",0.25020536,13,,,0,,False,4,train,2
1163,0.0,359.88558,360.13579,null,30.0,0.08,"[20.0, 20.0]",-20.0,null,null,null,gabors,null,45.0,4.0,0.8,"[3644.93333333, 3644.93333333]",0.25020536,49,,,0,,False,6,train,1
1164,0.0,360.13579,360.38599,null,-40.0,0.08,"[20.0, 20.0]",40.0,null,null,null,gabors,null,0.0,4.0,0.8,"[3644.93333333, 3644.93333333]",0.25020536,231,,,0,,False,3,train,0
1165,0.0,360.38599,360.6362,null,10.0,0.08,"[20.0, 20.0]",20.0,null,null,null,gabors,null,0.0,4.0,0.8,"[3644.93333333, 3644.93333333]",0.25021214,129,,,0,,False,4,train,0
1166,0.0,360.6362,360.88641,null,-20.0,0.08,"[20.0, 20.0]",-30.0,null,null,null,gabors,null,90.0,4.0,0.8,"[3644.93333333, 3644.93333333]",0.25021214,221,,,0,,False,4,train,2
1167,0.0,360.88641,361.13663,null,10.0,0.08,"[20.0, 20.0]",-40.0,null,null,null,gabors,null,45.0,4.0,0.8,"[3644.93333333, 3644.93333333]",0.25021214,35,,,0,,False,7,train,1
1168,0.0,361.13663,361.38684,null,-30.0,0.08,"[20.0, 20.0]",0.0,null,null,null,gabors,null,90.0,4.0,0.8,"[3644.93333333, 3644.93333333]",0.25021214,84,,,0,,False,2,test,2
1169,0.0,361.38684,361.63704,null,-20.0,0.08,"[20.0, 20.0]",-20.0,null,null,null,gabors,null,90.0,4.0,0.8,"[3644.93333333, 3644.93333333]",0.25020536,140,,,0,,False,4,train,2
1170,0.0,361.63704,361.88725,null,-10.0,0.08,"[20.0, 20.0]",-10.0,null,null,null,gabors,null,0.0,4.0,0.8,"[3644.93333333, 3644.93333333]",0.25020536,173,,,0,,False,3,train,0
1171,0.0,361.88725,362.13746,null,10.0,0.08,"[20.0, 20.0]",40.0,null,null,null,gabors,null,90.0,4.0,0.8,"[3644.93333333, 3644.93333333]",0.25020536,39,,,0,,False,4,train,2
1172,0.0,362.13746,362.38766,null,0.0,0.08,"[20.0, 20.0]",30.0,null,null,null,gabors,null,0.0,4.0,0.8,"[3644.93333333, 3644.93333333]",0.25020536,225,,,0,,False,3,train,0
1173,0.0,362.38766,362.63787,null,-40.0,0.08,"[20.0, 20.0]",20.0,null,null,null,gabors,null,45.0,4.0,0.8,"[3644.93333333, 3644.93333333]",0.25020964,240,,,0,,False,1,train,1
1174,0.0,362.63787,362.88808,null,-40.0,0.08,"[20.0, 20.0]",30.0,null,null,null,gabors,null,0.0,4.0,0.8,"[3644.93333333, 3644.93333333]",0.25020964,144,,,0,,False,8,test,0
1175,0.0,362.88808,363.13829,null,0.0,0.08,"[20.0, 20.0]",-30.0,null,null,null,gabors,null,90.0,4.0,0.8,"[3644.93333333, 3644.93333333]",0.25020964,113,,,0,,False,4,train,2
1176,0.0,363.13829,363.3885,null,20.0,0.08,"[20.0, 20.0]",30.0,null,null,null,gabors,null,45.0,4.0,0.8,"[3644.93333333, 3644.93333333]",0.25020964,184,,,0,,False,2,test,1
1177,0.0,363.3885,363.63871,null,20.0,0.08,"[20.0, 20.0]",-30.0,null,null,null,gabors,null,45.0,4.0,0.8,"[3644.93333333, 3644.93333333]",0.25020786,41,,,0,,False,5,test,1
1178,0.0,363.63871,363.88891,null,-10.0,0.08,"[20.0, 20.0]",30.0,null,null,null,gabors,null,0.0,4.0,0.8,"[3644.93333333, 3644.93333333]",0.25020786,27,,,0,,False,6,train,0
1179,0.0,363.88891,364.13912,null,30.0,0.08,"[20.0, 20.0]",0.0,null,null,null,gabors,null,0.0,4.0,0.8,"[3644.93333333, 3644.93333333]",0.25020786,69,,,0,,False,6,train,0
1180,0.0,364.13912,364.38933,null,40.0,0.08,"[20.0, 20.0]",30.0,null,null,null,gabors,null,45.0,4.0,0.8,"[3644.93333333, 3644.93333333]",0.25020786,163,,,0,,False,4,train,1
1181,0.0,364.38933,364.63955,null,-30.0,0.08,"[20.0, 20.0]",10.0,null,null,null,gabors,null,0.0,4.0,0.8,"[3644.93333333, 3644.93333333]",0.25021714,87,,,0,,False,6,train,0
1182,0.0,364.63955,364.88976,null,-20.0,0.08,"[20.0, 20.0]",10.0,null,null,null,gabors,null,45.0,4.0,0.8,"[3644.93333333, 3644.93333333]",0.25021714,158,,,0,,False,3,train,1
1183,0.0,364.88976,365.13998,null,30.0,0.08,"[20.0, 20.0]",-10.0,null,null,null,gabors,null,0.0,4.0,0.8,"[3644.93333333, 3644.93333333]",0.25021714,88,,,0,,False,4,train,0
1184,0.0,365.13998,365.3902,null,-30.0,0.08,"[20.0, 20.0]",10.0,null,null,null,gabors,null,45.0,4.0,0.8,"[3644.93333333, 3644.93333333]",0.25021714,108,,,0,,False,3,train,1
1185,0.0,365.3902,365.6404,null,-30.0,0.08,"[20.0, 20.0]",-40.0,null,null,null,gabors,null,0.0,4.0,0.8,"[3644.93333333, 3644.93333333]",0.25020286,213,,,0,,False,3,train,0
1186,0.0,365.6404,365.8906,null,20.0,0.08,"[20.0, 20.0]",-10.0,null,null,null,gabors,null,45.0,4.0,0.8,"[3644.93333333, 3644.93333333]",0.25020286,242,,,0,,False,2,test,1
1187,0.0,365.8906,366.14081,null,-40.0,0.08,"[20.0, 20.0]",30.0,null,null,null,gabors,null,90.0,4.0,0.8,"[3644.93333333, 3644.93333333]",0.25020286,42,,,0,,False,9,train,2
1188,0.0,366.14081,366.39101,null,-10.0,0.08,"[20.0, 20.0]",-30.0,null,null,null,gabors,null,0.0,4.0,0.8,"[3644.93333333, 3644.93333333]",0.25020286,224,,,0,,False,3,train,0
1189,0.0,366.39101,366.64122,null,30.0,0.08,"[20.0, 20.0]",0.0,null,null,null,gabors,null,45.0,4.0,0.8,"[3644.93333333, 3644.93333333]",0.25021214,2,,,0,,False,2,test,1
1190,0.0,366.64122,366.89143,null,-40.0,0.08,"[20.0, 20.0]",-20.0,null,null,null,gabors,null,90.0,4.0,0.8,"[3644.93333333, 3644.93333333]",0.25021214,65,,,0,,False,5,test,2
1191,0.0,366.89143,367.14165,null,30.0,0.08,"[20.0, 20.0]",-30.0,null,null,null,gabors,null,90.0,4.0,0.8,"[3644.93333333, 3644.93333333]",0.25021214,92,,,0,,False,3,train,2
1192,0.0,367.14165,367.39186,null,-30.0,0.08,"[20.0, 20.0]",10.0,null,null,null,gabors,null,45.0,4.0,0.8,"[3644.93333333, 3644.93333333]",0.25021214,108,,,0,,False,4,train,1
1193,0.0,367.39186,367.64206,null,0.0,0.08,"[20.0, 20.0]",-40.0,null,null,null,gabors,null,90.0,4.0,0.8,"[3644.93333333, 3644.93333333]",0.25020536,207,,,0,,False,4,train,2
1194,0.0,367.64206,367.89227,null,-20.0,0.08,"[20.0, 20.0]",10.0,null,null,null,gabors,null,45.0,4.0,0.8,"[3644.93333333, 3644.93333333]",0.25020536,158,,,0,,False,4,train,1
1195,0.0,367.89227,368.14248,null,-10.0,0.08,"[20.0, 20.0]",-10.0,null,null,null,gabors,null,0.0,4.0,0.8,"[3644.93333333, 3644.93333333]",0.25020536,173,,,0,,False,4,train,0
1196,0.0,368.14248,368.39268,null,10.0,0.08,"[20.0, 20.0]",-10.0,null,null,null,gabors,null,45.0,4.0,0.8,"[3644.93333333, 3644.93333333]",0.25020536,131,,,0,,False,4,train,1
1197,0.0,368.39268,368.64289,null,30.0,0.08,"[20.0, 20.0]",-10.0,null,null,null,gabors,null,0.0,4.0,0.8,"[3644.93333333, 3644.93333333]",0.25020714,88,,,0,,False,5,test,0
1198,0.0,368.64289,368.89309,null,-40.0,0.08,"[20.0, 20.0]",30.0,null,null,null,gabors,null,0.0,4.0,0.8,"[3644.93333333, 3644.93333333]",0.25020714,144,,,0,,False,9,train,0
1199,0.0,368.89309,369.1433,null,-10.0,0.08,"[20.0, 20.0]",-30.0,null,null,null,gabors,null,45.0,4.0,0.8,"[3644.93333333, 3644.93333333]",0.25020714,151,,,0,,False,7,train,1
1200,0.0,369.1433,369.39351,null,-20.0,0.08,"[20.0, 20.0]",-20.0,null,null,null,gabors,null,0.0,4.0,0.8,"[3644.93333333, 3644.93333333]",0.25020714,205,,,0,,False,2,test,0
1201,0.0,369.39351,369.64372,null,-20.0,0.08,"[20.0, 20.0]",20.0,null,null,null,gabors,null,0.0,4.0,0.8,"[3644.93333333, 3644.93333333]",0.25021286,178,,,0,,False,3,train,0
1202,0.0,369.64372,369.89393,null,-30.0,0.08,"[20.0, 20.0]",0.0,null,null,null,gabors,null,0.0,4.0,0.8,"[3644.93333333, 3644.93333333]",0.25021286,40,,,0,,False,6,train,0
1203,0.0,369.89393,370.14415,null,10.0,0.08,"[20.0, 20.0]",20.0,null,null,null,gabors,null,45.0,4.0,0.8,"[3644.93333333, 3644.93333333]",0.25021286,14,,,0,,False,7,train,1
1204,0.0,370.14415,370.39436,null,30.0,0.08,"[20.0, 20.0]",40.0,null,null,null,gabors,null,0.0,4.0,0.8,"[3644.93333333, 3644.93333333]",0.25021286,110,,,0,,False,6,train,0
1205,0.0,370.39436,370.64457,null,-30.0,0.08,"[20.0, 20.0]",-30.0,null,null,null,gabors,null,45.0,4.0,0.8,"[3644.93333333, 3644.93333333]",0.25021214,46,,,0,,False,4,train,1
1206,0.0,370.64457,370.89478,null,-30.0,0.08,"[20.0, 20.0]",-10.0,null,null,null,gabors,null,45.0,4.0,0.8,"[3644.93333333, 3644.93333333]",0.25021214,165,,,0,,False,2,test,1
1207,0.0,370.89478,371.145,null,40.0,0.08,"[20.0, 20.0]",-10.0,null,null,null,gabors,null,90.0,4.0,0.8,"[3644.93333333, 3644.93333333]",0.25021214,170,,,0,,False,2,test,2
1208,0.0,371.145,371.39521,null,0.0,0.08,"[20.0, 20.0]",20.0,null,null,null,gabors,null,90.0,4.0,0.8,"[3644.93333333, 3644.93333333]",0.25021214,233,,,0,,False,3,train,2
1209,0.0,371.39521,371.64541,null,-40.0,0.08,"[20.0, 20.0]",-30.0,null,null,null,gabors,null,90.0,4.0,0.8,"[3644.93333333, 3644.93333333]",0.25020036,86,,,0,,False,5,test,2
1210,0.0,371.64541,371.89561,null,-30.0,0.08,"[20.0, 20.0]",-40.0,null,null,null,gabors,null,0.0,4.0,0.8,"[3644.93333333, 3644.93333333]",0.25020036,213,,,0,,False,4,train,0
1211,0.0,371.89561,372.14581,null,30.0,0.08,"[20.0, 20.0]",-30.0,null,null,null,gabors,null,0.0,4.0,0.8,"[3644.93333333, 3644.93333333]",0.25020036,9,,,0,,False,4,train,0
1212,0.0,372.14581,372.39601,null,-40.0,0.08,"[20.0, 20.0]",0.0,null,null,null,gabors,null,45.0,4.0,0.8,"[3644.93333333, 3644.93333333]",0.25020036,130,,,0,,False,5,test,1
1213,0.0,372.39601,372.64622,null,-40.0,0.08,"[20.0, 20.0]",-20.0,null,null,null,gabors,null,90.0,4.0,0.8,"[3644.93333333, 3644.93333333]",0.25020964,65,,,0,,False,6,train,2
1214,0.0,372.64622,372.89643,null,-30.0,0.08,"[20.0, 20.0]",-40.0,null,null,null,gabors,null,90.0,4.0,0.8,"[3644.93333333, 3644.93333333]",0.25020964,150,,,0,,False,3,train,2
1215,0.0,372.89643,373.14664,null,30.0,0.08,"[20.0, 20.0]",30.0,null,null,null,gabors,null,0.0,4.0,0.8,"[3644.93333333, 3644.93333333]",0.25020964,154,,,0,,False,4,train,0
1216,0.0,373.14664,373.39685,null,30.0,0.08,"[20.0, 20.0]",30.0,null,null,null,gabors,null,0.0,4.0,0.8,"[3644.93333333, 3644.93333333]",0.25020964,154,,,0,,False,5,test,0
1217,0.0,373.39685,373.64706,null,40.0,0.08,"[20.0, 20.0]",0.0,null,null,null,gabors,null,90.0,4.0,0.8,"[3644.93333333, 3644.93333333]",0.25021286,211,,,0,,False,4,train,2
1218,0.0,373.64706,373.89727,null,-30.0,0.08,"[20.0, 20.0]",-40.0,null,null,null,gabors,null,90.0,4.0,0.8,"[3644.93333333, 3644.93333333]",0.25021286,150,,,0,,False,4,train,2
1219,0.0,373.89727,374.14749,null,10.0,0.08,"[20.0, 20.0]",-40.0,null,null,null,gabors,null,45.0,4.0,0.8,"[3644.93333333, 3644.93333333]",0.25021286,35,,,0,,False,8,test,1
1220,0.0,374.14749,374.3977,null,40.0,0.08,"[20.0, 20.0]",-30.0,null,null,null,gabors,null,90.0,4.0,0.8,"[3644.93333333, 3644.93333333]",0.25021286,234,,,0,,False,1,train,2
1221,0.0,374.3977,374.64791,null,-40.0,0.08,"[20.0, 20.0]",40.0,null,null,null,gabors,null,45.0,4.0,0.8,"[3644.93333333, 3644.93333333]",0.25020964,206,,,0,,False,3,train,1
1222,0.0,374.64791,374.89812,null,-40.0,0.08,"[20.0, 20.0]",-10.0,null,null,null,gabors,null,90.0,4.0,0.8,"[3644.93333333, 3644.93333333]",0.25020964,33,,,0,,False,5,test,2
1223,0.0,374.89812,375.14833,null,-30.0,0.08,"[20.0, 20.0]",40.0,null,null,null,gabors,null,0.0,4.0,0.8,"[3644.93333333, 3644.93333333]",0.25020964,22,,,0,,False,7,train,0
1224,0.0,375.14833,375.39854,null,40.0,0.08,"[20.0, 20.0]",10.0,null,null,null,gabors,null,90.0,4.0,0.8,"[3644.93333333, 3644.93333333]",0.25020964,8,,,0,,False,8,test,2
1225,0.0,375.39854,375.64875,null,-30.0,0.08,"[20.0, 20.0]",-30.0,null,null,null,gabors,null,45.0,4.0,0.8,"[3644.93333333, 3644.93333333]",0.25020786,46,,,0,,False,5,test,1
1226,0.0,375.64875,375.89895,null,30.0,0.08,"[20.0, 20.0]",20.0,null,null,null,gabors,null,0.0,4.0,0.8,"[3644.93333333, 3644.93333333]",0.25020786,164,,,0,,False,4,train,0
1227,0.0,375.89895,376.14916,null,-40.0,0.08,"[20.0, 20.0]",-30.0,null,null,null,gabors,null,90.0,4.0,0.8,"[3644.93333333, 3644.93333333]",0.25020786,86,,,0,,False,6,train,2
1228,0.0,376.14916,376.39937,null,-30.0,0.08,"[20.0, 20.0]",-40.0,null,null,null,gabors,null,0.0,4.0,0.8,"[3644.93333333, 3644.93333333]",0.25020786,213,,,0,,False,5,test,0
1229,0.0,376.39937,376.64958,null,10.0,0.08,"[20.0, 20.0]",-40.0,null,null,null,gabors,null,45.0,4.0,0.8,"[3644.93333333, 3644.93333333]",0.25020464,35,,,0,,False,9,train,1
1230,0.0,376.64958,376.89978,null,20.0,0.08,"[20.0, 20.0]",-30.0,null,null,null,gabors,null,45.0,4.0,0.8,"[3644.93333333, 3644.93333333]",0.25020464,41,,,0,,False,6,train,1
1231,0.0,376.89978,377.14998,null,30.0,0.08,"[20.0, 20.0]",10.0,null,null,null,gabors,null,45.0,4.0,0.8,"[3644.93333333, 3644.93333333]",0.25020464,20,,,0,,False,4,train,1
1232,0.0,377.14998,377.40019,null,10.0,0.08,"[20.0, 20.0]",30.0,null,null,null,gabors,null,0.0,4.0,0.8,"[3644.93333333, 3644.93333333]",0.25020464,226,,,0,,False,4,train,0
1233,0.0,377.40019,377.6504,null,0.0,0.08,"[20.0, 20.0]",0.0,null,null,null,gabors,null,45.0,4.0,0.8,"[3644.93333333, 3644.93333333]",0.25021286,201,,,0,,False,6,train,1
1234,0.0,377.6504,377.90061,null,-20.0,0.08,"[20.0, 20.0]",-20.0,null,null,null,gabors,null,45.0,4.0,0.8,"[3644.93333333, 3644.93333333]",0.25021286,32,,,0,,False,6,train,1
1235,0.0,377.90061,378.15083,null,-40.0,0.08,"[20.0, 20.0]",40.0,null,null,null,gabors,null,0.0,4.0,0.8,"[3644.93333333, 3644.93333333]",0.25021286,231,,,0,,False,4,train,0
1236,0.0,378.15083,378.40104,null,-30.0,0.08,"[20.0, 20.0]",10.0,null,null,null,gabors,null,45.0,4.0,0.8,"[3644.93333333, 3644.93333333]",0.25021286,108,,,0,,False,5,test,1
1237,0.0,378.40104,378.65126,null,10.0,0.08,"[20.0, 20.0]",10.0,null,null,null,gabors,null,45.0,4.0,0.8,"[3644.93333333, 3644.93333333]",0.25021464,58,,,0,,False,5,test,1
1238,0.0,378.65126,378.90147,null,0.0,0.08,"[20.0, 20.0]",10.0,null,null,null,gabors,null,90.0,4.0,0.8,"[3644.93333333, 3644.93333333]",0.25021464,196,,,0,,False,5,test,2
1239,0.0,378.90147,379.15168,null,40.0,0.08,"[20.0, 20.0]",-30.0,null,null,null,gabors,null,90.0,4.0,0.8,"[3644.93333333, 3644.93333333]",0.25021464,234,,,0,,False,2,test,2
1240,0.0,379.15168,379.4019,null,0.0,0.08,"[20.0, 20.0]",-10.0,null,null,null,gabors,null,45.0,4.0,0.8,"[3644.93333333, 3644.93333333]",0.25021464,195,,,0,,False,2,test,1
1241,0.0,379.4019,379.6521,null,30.0,0.08,"[20.0, 20.0]",40.0,null,null,null,gabors,null,90.0,4.0,0.8,"[3644.93333333, 3644.93333333]",0.25020536,169,,,0,,False,3,train,2
1242,0.0,379.6521,379.90231,null,0.0,0.08,"[20.0, 20.0]",30.0,null,null,null,gabors,null,0.0,4.0,0.8,"[3644.93333333, 3644.93333333]",0.25020536,225,,,0,,False,4,train,0
1243,0.0,379.90231,380.15252,null,0.0,0.08,"[20.0, 20.0]",40.0,null,null,null,gabors,null,45.0,4.0,0.8,"[3644.93333333, 3644.93333333]",0.25020536,156,,,0,,False,3,train,1
1244,0.0,380.15252,380.40272,null,20.0,0.08,"[20.0, 20.0]",30.0,null,null,null,gabors,null,0.0,4.0,0.8,"[3644.93333333, 3644.93333333]",0.25020536,186,,,0,,False,5,test,0
1245,0.0,380.40272,380.65293,null,10.0,0.08,"[20.0, 20.0]",-30.0,null,null,null,gabors,null,45.0,4.0,0.8,"[3644.93333333, 3644.93333333]",0.25020464,152,,,0,,False,4,train,1
1246,0.0,380.65293,380.90313,null,-30.0,0.08,"[20.0, 20.0]",-10.0,null,null,null,gabors,null,90.0,4.0,0.8,"[3644.93333333, 3644.93333333]",0.25020464,209,,,0,,False,6,train,2
1247,0.0,380.90313,381.15333,null,0.0,0.08,"[20.0, 20.0]",-40.0,null,null,null,gabors,null,45.0,4.0,0.8,"[3644.93333333, 3644.93333333]",0.25020464,191,,,0,,False,5,test,1
1248,0.0,381.15333,381.40354,null,40.0,0.08,"[20.0, 20.0]",-30.0,null,null,null,gabors,null,90.0,4.0,0.8,"[3644.93333333, 3644.93333333]",0.25020464,234,,,0,,False,3,train,2
1249,0.0,381.40354,381.65375,null,-30.0,0.08,"[20.0, 20.0]",-20.0,null,null,null,gabors,null,90.0,4.0,0.8,"[3644.93333333, 3644.93333333]",0.25021536,13,,,0,,False,5,test,2
1250,0.0,381.65375,381.90397,null,10.0,0.08,"[20.0, 20.0]",10.0,null,null,null,gabors,null,45.0,4.0,0.8,"[3644.93333333, 3644.93333333]",0.25021536,58,,,0,,False,6,train,1
1251,0.0,381.90397,382.15419,null,10.0,0.08,"[20.0, 20.0]",-40.0,null,null,null,gabors,null,90.0,4.0,0.8,"[3644.93333333, 3644.93333333]",0.25021536,118,,,0,,False,6,train,2
1252,0.0,382.15419,382.4044,null,-30.0,0.08,"[20.0, 20.0]",40.0,null,null,null,gabors,null,0.0,4.0,0.8,"[3644.93333333, 3644.93333333]",0.25021536,22,,,0,,False,8,test,0
1253,0.0,382.4044,382.65461,null,-10.0,0.08,"[20.0, 20.0]",-30.0,null,null,null,gabors,null,0.0,4.0,0.8,"[3644.93333333, 3644.93333333]",0.25021214,224,,,0,,False,4,train,0
1254,0.0,382.65461,382.90482,null,-30.0,0.08,"[20.0, 20.0]",-20.0,null,null,null,gabors,null,90.0,4.0,0.8,"[3644.93333333, 3644.93333333]",0.25021214,13,,,0,,False,6,train,2
1255,0.0,382.90482,383.15504,null,-20.0,0.08,"[20.0, 20.0]",-40.0,null,null,null,gabors,null,0.0,4.0,0.8,"[3644.93333333, 3644.93333333]",0.25021214,212,,,0,,False,6,train,0
1256,0.0,383.15504,383.40525,null,40.0,0.08,"[20.0, 20.0]",0.0,null,null,null,gabors,null,45.0,4.0,0.8,"[3644.93333333, 3644.93333333]",0.25021214,71,,,0,,False,5,test,1
1257,0.0,383.40525,383.65545,null,-30.0,0.08,"[20.0, 20.0]",20.0,null,null,null,gabors,null,0.0,4.0,0.8,"[3644.93333333, 3644.93333333]",0.25020536,153,,,0,,False,5,test,0
1258,0.0,383.65545,383.90566,null,10.0,0.08,"[20.0, 20.0]",-10.0,null,null,null,gabors,null,45.0,4.0,0.8,"[3644.93333333, 3644.93333333]",0.25020536,131,,,0,,False,5,test,1
1259,0.0,383.90566,384.15587,null,-40.0,0.08,"[20.0, 20.0]",-10.0,null,null,null,gabors,null,90.0,4.0,0.8,"[3644.93333333, 3644.93333333]",0.25020536,33,,,0,,False,6,train,2
1260,0.0,384.15587,384.40607,null,10.0,0.08,"[20.0, 20.0]",30.0,null,null,null,gabors,null,90.0,4.0,0.8,"[3644.93333333, 3644.93333333]",0.25020536,51,,,0,,False,7,train,2
1261,0.0,384.40607,384.65628,null,10.0,0.08,"[20.0, 20.0]",30.0,null,null,null,gabors,null,0.0,4.0,0.8,"[3644.93333333, 3644.93333333]",0.25020964,226,,,0,,False,5,test,0
1262,0.0,384.65628,384.90649,null,-30.0,0.08,"[20.0, 20.0]",40.0,null,null,null,gabors,null,90.0,4.0,0.8,"[3644.93333333, 3644.93333333]",0.25020964,148,,,0,,False,5,test,2
1263,0.0,384.90649,385.1567,null,40.0,0.08,"[20.0, 20.0]",-30.0,null,null,null,gabors,null,90.0,4.0,0.8,"[3644.93333333, 3644.93333333]",0.25020964,234,,,0,,False,4,train,2
1264,0.0,385.1567,385.40691,null,40.0,0.08,"[20.0, 20.0]",40.0,null,null,null,gabors,null,0.0,4.0,0.8,"[3644.93333333, 3644.93333333]",0.25020964,45,,,0,,False,9,train,0
1265,0.0,385.40691,385.65712,null,-20.0,0.08,"[20.0, 20.0]",10.0,null,null,null,gabors,null,45.0,4.0,0.8,"[3644.93333333, 3644.93333333]",0.25020786,158,,,0,,False,5,test,1
1266,0.0,385.65712,385.90732,null,-10.0,0.08,"[20.0, 20.0]",40.0,null,null,null,gabors,null,90.0,4.0,0.8,"[3644.93333333, 3644.93333333]",0.25020786,222,,,0,,False,4,train,2
1267,0.0,385.90732,386.15753,null,10.0,0.08,"[20.0, 20.0]",20.0,null,null,null,gabors,null,90.0,4.0,0.8,"[3644.93333333, 3644.93333333]",0.25020786,147,,,0,,False,1,train,2
1268,0.0,386.15753,386.40774,null,-40.0,0.08,"[20.0, 20.0]",10.0,null,null,null,gabors,null,0.0,4.0,0.8,"[3644.93333333, 3644.93333333]",0.25020786,68,,,0,,False,4,train,0
1269,0.0,386.40774,386.65796,null,30.0,0.08,"[20.0, 20.0]",20.0,null,null,null,gabors,null,45.0,4.0,0.8,"[3644.93333333, 3644.93333333]",0.25021464,73,,,0,,False,5,test,1
1270,0.0,386.65796,386.90817,null,30.0,0.08,"[20.0, 20.0]",30.0,null,null,null,gabors,null,0.0,4.0,0.8,"[3644.93333333, 3644.93333333]",0.25021464,154,,,0,,False,6,train,0
1271,0.0,386.90817,387.15838,null,20.0,0.08,"[20.0, 20.0]",-20.0,null,null,null,gabors,null,0.0,4.0,0.8,"[3644.93333333, 3644.93333333]",0.25021464,101,,,0,,False,4,train,0
1272,0.0,387.15838,387.4086,null,40.0,0.08,"[20.0, 20.0]",10.0,null,null,null,gabors,null,90.0,4.0,0.8,"[3644.93333333, 3644.93333333]",0.25021464,8,,,0,,False,9,train,2
1273,0.0,387.4086,387.6588,null,30.0,0.08,"[20.0, 20.0]",0.0,null,null,null,gabors,null,45.0,4.0,0.8,"[3644.93333333, 3644.93333333]",0.25020036,2,,,0,,False,3,train,1
1274,0.0,387.6588,387.909,null,0.0,0.08,"[20.0, 20.0]",-10.0,null,null,null,gabors,null,0.0,4.0,0.8,"[3644.93333333, 3644.93333333]",0.25020036,143,,,0,,False,4,train,0
1275,0.0,387.909,388.1592,null,30.0,0.08,"[20.0, 20.0]",30.0,null,null,null,gabors,null,0.0,4.0,0.8,"[3644.93333333, 3644.93333333]",0.25020036,154,,,0,,False,7,train,0
1276,0.0,388.1592,388.4094,null,-10.0,0.08,"[20.0, 20.0]",-10.0,null,null,null,gabors,null,90.0,4.0,0.8,"[3644.93333333, 3644.93333333]",0.25020036,182,,,0,,False,5,test,2
1277,0.0,388.4094,388.65961,null,-20.0,0.08,"[20.0, 20.0]",20.0,null,null,null,gabors,null,0.0,4.0,0.8,"[3644.93333333, 3644.93333333]",0.25021214,178,,,0,,False,4,train,0
1278,0.0,388.65961,388.90982,null,-30.0,0.08,"[20.0, 20.0]",-40.0,null,null,null,gabors,null,45.0,4.0,0.8,"[3644.93333333, 3644.93333333]",0.25021214,47,,,0,,False,3,train,1
1279,0.0,388.90982,389.16004,null,40.0,0.08,"[20.0, 20.0]",0.0,null,null,null,gabors,null,45.0,4.0,0.8,"[3644.93333333, 3644.93333333]",0.25021214,71,,,0,,False,6,train,1
1280,0.0,389.16004,389.41025,null,-30.0,0.08,"[20.0, 20.0]",0.0,null,null,null,gabors,null,90.0,4.0,0.8,"[3644.93333333, 3644.93333333]",0.25021214,84,,,0,,False,3,train,2
1281,0.0,389.41025,389.66046,null,10.0,0.08,"[20.0, 20.0]",-40.0,null,null,null,gabors,null,0.0,4.0,0.8,"[3644.93333333, 3644.93333333]",0.25021036,19,,,0,,False,4,train,0
1282,0.0,389.66046,389.91067,null,-30.0,0.08,"[20.0, 20.0]",-30.0,null,null,null,gabors,null,45.0,4.0,0.8,"[3644.93333333, 3644.93333333]",0.25021036,46,,,0,,False,6,train,1
1283,0.0,389.91067,390.16088,null,0.0,0.08,"[20.0, 20.0]",30.0,null,null,null,gabors,null,0.0,4.0,0.8,"[3644.93333333, 3644.93333333]",0.25021036,225,,,0,,False,5,test,0
1284,0.0,390.16088,390.41109,null,-10.0,0.08,"[20.0, 20.0]",30.0,null,null,null,gabors,null,45.0,4.0,0.8,"[3644.93333333, 3644.93333333]",0.25021036,181,,,0,,False,5,test,1
1285,0.0,390.41109,390.6613,null,0.0,0.08,"[20.0, 20.0]",-20.0,null,null,null,gabors,null,45.0,4.0,0.8,"[3644.93333333, 3644.93333333]",0.25020714,103,,,0,,False,4,train,1
1286,0.0,390.6613,390.9115,null,-40.0,0.08,"[20.0, 20.0]",-30.0,null,null,null,gabors,null,0.0,4.0,0.8,"[3644.93333333, 3644.93333333]",0.25020714,172,,,0,,False,5,test,0
1287,0.0,390.9115,391.16171,null,30.0,0.08,"[20.0, 20.0]",-30.0,null,null,null,gabors,null,0.0,4.0,0.8,"[3644.93333333, 3644.93333333]",0.25020714,9,,,0,,False,5,test,0
1288,0.0,391.16171,391.41192,null,30.0,0.08,"[20.0, 20.0]",0.0,null,null,null,gabors,null,0.0,4.0,0.8,"[3644.93333333, 3644.93333333]",0.25020714,69,,,0,,False,7,train,0
1289,0.0,391.41192,391.66213,null,-40.0,0.08,"[20.0, 20.0]",40.0,null,null,null,gabors,null,0.0,4.0,0.8,"[3644.93333333, 3644.93333333]",0.25021036,231,,,0,,False,5,test,0
1290,0.0,391.66213,391.91234,null,0.0,0.08,"[20.0, 20.0]",-10.0,null,null,null,gabors,null,45.0,4.0,0.8,"[3644.93333333, 3644.93333333]",0.25021036,195,,,0,,False,3,train,1
1291,0.0,391.91234,392.16255,null,-30.0,0.08,"[20.0, 20.0]",-30.0,null,null,null,gabors,null,90.0,4.0,0.8,"[3644.93333333, 3644.93333333]",0.25021036,80,,,0,,False,4,train,2
1292,0.0,392.16255,392.41276,null,30.0,0.08,"[20.0, 20.0]",20.0,null,null,null,gabors,null,0.0,4.0,0.8,"[3644.93333333, 3644.93333333]",0.25021036,164,,,0,,False,5,test,0
1293,0.0,392.41276,392.66297,null,20.0,0.08,"[20.0, 20.0]",30.0,null,null,null,gabors,null,0.0,4.0,0.8,"[3644.93333333, 3644.93333333]",0.25021214,186,,,0,,False,6,train,0
1294,0.0,392.66297,392.91318,null,-20.0,0.08,"[20.0, 20.0]",-20.0,null,null,null,gabors,null,90.0,4.0,0.8,"[3644.93333333, 3644.93333333]",0.25021214,140,,,0,,False,5,test,2
1295,0.0,392.91318,393.1634,null,20.0,0.08,"[20.0, 20.0]",-30.0,null,null,null,gabors,null,90.0,4.0,0.8,"[3644.93333333, 3644.93333333]",0.25021214,28,,,0,,False,3,train,2
1296,0.0,393.1634,393.41361,null,-40.0,0.08,"[20.0, 20.0]",0.0,null,null,null,gabors,null,90.0,4.0,0.8,"[3644.93333333, 3644.93333333]",0.25021214,4,,,0,,False,5,test,2
1297,0.0,393.41361,393.66381,null,-20.0,0.08,"[20.0, 20.0]",30.0,null,null,null,gabors,null,90.0,4.0,0.8,"[3644.93333333, 3644.93333333]",0.25020536,161,,,0,,False,6,train,2
1298,0.0,393.66381,393.91402,null,-30.0,0.08,"[20.0, 20.0]",10.0,null,null,null,gabors,null,90.0,4.0,0.8,"[3644.93333333, 3644.93333333]",0.25020536,85,,,0,,False,7,train,2
1299,0.0,393.91402,394.16423,null,-10.0,0.08,"[20.0, 20.0]",40.0,null,null,null,gabors,null,90.0,4.0,0.8,"[3644.93333333, 3644.93333333]",0.25020536,222,,,0,,False,5,test,2
1300,0.0,394.16423,394.41443,null,30.0,0.08,"[20.0, 20.0]",10.0,null,null,null,gabors,null,45.0,4.0,0.8,"[3644.93333333, 3644.93333333]",0.25020536,20,,,0,,False,5,test,1
1301,0.0,394.41443,394.66464,null,20.0,0.08,"[20.0, 20.0]",-40.0,null,null,null,gabors,null,0.0,4.0,0.8,"[3644.93333333, 3644.93333333]",0.25020964,194,,,0,,False,6,train,0
1302,0.0,394.66464,394.91485,null,20.0,0.08,"[20.0, 20.0]",30.0,null,null,null,gabors,null,45.0,4.0,0.8,"[3644.93333333, 3644.93333333]",0.25020964,184,,,0,,False,3,train,1
1303,0.0,394.91485,395.16506,null,0.0,0.08,"[20.0, 20.0]",-10.0,null,null,null,gabors,null,90.0,4.0,0.8,"[3644.93333333, 3644.93333333]",0.25020964,218,,,0,,False,4,train,2
1304,0.0,395.16506,395.41527,null,20.0,0.08,"[20.0, 20.0]",10.0,null,null,null,gabors,null,90.0,4.0,0.8,"[3644.93333333, 3644.93333333]",0.25020964,243,,,0,,False,1,train,2
1305,0.0,395.41527,395.66548,null,20.0,0.08,"[20.0, 20.0]",30.0,null,null,null,gabors,null,0.0,4.0,0.8,"[3644.93333333, 3644.93333333]",0.25021036,186,,,0,,False,7,train,0
1306,0.0,395.66548,395.91569,null,30.0,0.08,"[20.0, 20.0]",40.0,null,null,null,gabors,null,45.0,4.0,0.8,"[3644.93333333, 3644.93333333]",0.25021036,162,,,0,,False,7,train,1
1307,0.0,395.91569,396.1659,null,-40.0,0.08,"[20.0, 20.0]",40.0,null,null,null,gabors,null,45.0,4.0,0.8,"[3644.93333333, 3644.93333333]",0.25021036,206,,,0,,False,4,train,1
1308,0.0,396.1659,396.41611,null,-10.0,0.08,"[20.0, 20.0]",-30.0,null,null,null,gabors,null,90.0,4.0,0.8,"[3644.93333333, 3644.93333333]",0.25021036,202,,,0,,False,3,train,2
1309,0.0,396.41611,396.66632,null,-40.0,0.08,"[20.0, 20.0]",-10.0,null,null,null,gabors,null,90.0,4.0,0.8,"[3644.93333333, 3644.93333333]",0.25020464,33,,,0,,False,7,train,2
1310,0.0,396.66632,396.91652,null,20.0,0.08,"[20.0, 20.0]",10.0,null,null,null,gabors,null,0.0,4.0,0.8,"[3644.93333333, 3644.93333333]",0.25020464,21,,,0,,False,5,test,0
1311,0.0,396.91652,397.16672,null,-20.0,0.08,"[20.0, 20.0]",20.0,null,null,null,gabors,null,45.0,4.0,0.8,"[3644.93333333, 3644.93333333]",0.25020464,192,,,0,,False,4,train,1
1312,0.0,397.16672,397.41693,null,-20.0,0.08,"[20.0, 20.0]",-10.0,null,null,null,gabors,null,45.0,4.0,0.8,"[3644.93333333, 3644.93333333]",0.25020464,29,,,0,,False,8,test,1
1313,0.0,397.41693,397.66714,null,30.0,0.08,"[20.0, 20.0]",-30.0,null,null,null,gabors,null,45.0,4.0,0.8,"[3644.93333333, 3644.93333333]",0.25021036,238,,,0,,False,1,train,1
1314,0.0,397.66714,397.91735,null,30.0,0.08,"[20.0, 20.0]",40.0,null,null,null,gabors,null,0.0,4.0,0.8,"[3644.93333333, 3644.93333333]",0.25021036,110,,,0,,False,7,train,0
1315,0.0,397.91735,398.16756,null,0.0,0.08,"[20.0, 20.0]",0.0,null,null,null,gabors,null,0.0,4.0,0.8,"[3644.93333333, 3644.93333333]",0.25021036,124,,,0,,False,6,train,0
1316,0.0,398.16756,398.41777,null,30.0,0.08,"[20.0, 20.0]",-40.0,null,null,null,gabors,null,90.0,4.0,0.8,"[3644.93333333, 3644.93333333]",0.25021036,6,,,0,,False,4,train,2
1317,0.0,398.41777,398.66799,null,20.0,0.08,"[20.0, 20.0]",-10.0,null,null,null,gabors,null,0.0,4.0,0.8,"[3644.93333333, 3644.93333333]",0.25022214,48,,,0,,False,5,test,0
1318,0.0,398.66799,398.91821,null,20.0,0.08,"[20.0, 20.0]",-10.0,null,null,null,gabors,null,45.0,4.0,0.8,"[3644.93333333, 3644.93333333]",0.25022214,242,,,0,,False,3,train,1
1319,0.0,398.91821,399.16844,null,40.0,0.08,"[20.0, 20.0]",20.0,null,null,null,gabors,null,45.0,4.0,0.8,"[3644.93333333, 3644.93333333]",0.25022214,7,,,0,,False,6,train,1
1320,0.0,399.16844,399.41866,null,-10.0,0.08,"[20.0, 20.0]",30.0,null,null,null,gabors,null,90.0,4.0,0.8,"[3644.93333333, 3644.93333333]",0.25022214,70,,,0,,False,7,train,2
1321,0.0,399.41866,399.66886,null,20.0,0.08,"[20.0, 20.0]",-40.0,null,null,null,gabors,null,0.0,4.0,0.8,"[3644.93333333, 3644.93333333]",0.25019786,194,,,0,,False,7,train,0
1322,0.0,399.66886,399.91905,null,10.0,0.08,"[20.0, 20.0]",0.0,null,null,null,gabors,null,90.0,4.0,0.8,"[3644.93333333, 3644.93333333]",0.25019786,15,,,0,,False,6,train,2
1323,0.0,399.91905,400.16925,null,0.0,0.08,"[20.0, 20.0]",-20.0,null,null,null,gabors,null,90.0,4.0,0.8,"[3644.93333333, 3644.93333333]",0.25019786,44,,,0,,False,7,train,2
1324,0.0,400.16925,400.41945,null,10.0,0.08,"[20.0, 20.0]",0.0,null,null,null,gabors,null,90.0,4.0,0.8,"[3644.93333333, 3644.93333333]",0.25019786,15,,,0,,False,7,train,2
1325,0.0,400.41945,400.66967,null,40.0,0.08,"[20.0, 20.0]",20.0,null,null,null,gabors,null,0.0,4.0,0.8,"[3644.93333333, 3644.93333333]",0.25021464,98,,,0,,False,5,test,0
1326,0.0,400.66967,400.91988,null,-20.0,0.08,"[20.0, 20.0]",30.0,null,null,null,gabors,null,0.0,4.0,0.8,"[3644.93333333, 3644.93333333]",0.25021464,219,,,0,,False,5,test,0
1327,0.0,400.91988,401.17009,null,20.0,0.08,"[20.0, 20.0]",20.0,null,null,null,gabors,null,45.0,4.0,0.8,"[3644.93333333, 3644.93333333]",0.25021464,5,,,0,,False,6,train,1
1328,0.0,401.17009,401.42031,null,-40.0,0.08,"[20.0, 20.0]",30.0,null,null,null,gabors,null,0.0,4.0,0.8,"[3644.93333333, 3644.93333333]",0.25021464,144,,,0,,False,10,train,0
1329,0.0,401.42031,401.67051,null,20.0,0.08,"[20.0, 20.0]",20.0,null,null,null,gabors,null,45.0,4.0,0.8,"[3644.93333333, 3644.93333333]",0.25020036,5,,,0,,False,7,train,1
1330,0.0,401.67051,401.92071,null,0.0,0.08,"[20.0, 20.0]",-20.0,null,null,null,gabors,null,0.0,4.0,0.8,"[3644.93333333, 3644.93333333]",0.25020036,228,,,0,,False,7,train,0
1331,0.0,401.92071,402.17091,null,-20.0,0.08,"[20.0, 20.0]",40.0,null,null,null,gabors,null,45.0,4.0,0.8,"[3644.93333333, 3644.93333333]",0.25020036,179,,,0,,False,5,test,1
1332,0.0,402.17091,402.42111,null,40.0,0.08,"[20.0, 20.0]",10.0,null,null,null,gabors,null,0.0,4.0,0.8,"[3644.93333333, 3644.93333333]",0.25020036,62,,,0,,False,4,train,0
1333,0.0,402.42111,402.67133,null,30.0,0.08,"[20.0, 20.0]",-10.0,null,null,null,gabors,null,45.0,4.0,0.8,"[3644.93333333, 3644.93333333]",0.25021964,60,,,0,,False,6,train,1
1334,0.0,402.67133,402.92155,null,20.0,0.08,"[20.0, 20.0]",0.0,null,null,null,gabors,null,90.0,4.0,0.8,"[3644.93333333, 3644.93333333]",0.25021964,146,,,0,,False,3,train,2
1335,0.0,402.92155,403.17177,null,-20.0,0.08,"[20.0, 20.0]",30.0,null,null,null,gabors,null,45.0,4.0,0.8,"[3644.93333333, 3644.93333333]",0.25021964,72,,,0,,False,1,train,1
1336,0.0,403.17177,403.42199,null,-30.0,0.08,"[20.0, 20.0]",-20.0,null,null,null,gabors,null,90.0,4.0,0.8,"[3644.93333333, 3644.93333333]",0.25021964,13,,,0,,False,7,train,2
1337,0.0,403.42199,403.67219,null,-40.0,0.08,"[20.0, 20.0]",20.0,null,null,null,gabors,null,45.0,4.0,0.8,"[3644.93333333, 3644.93333333]",0.25020286,240,,,0,,False,2,test,1
1338,0.0,403.67219,403.92239,null,0.0,0.08,"[20.0, 20.0]",10.0,null,null,null,gabors,null,45.0,4.0,0.8,"[3644.93333333, 3644.93333333]",0.25020286,188,,,0,,False,1,train,1
1339,0.0,403.92239,404.1726,null,-30.0,0.08,"[20.0, 20.0]",-10.0,null,null,null,gabors,null,0.0,4.0,0.8,"[3644.93333333, 3644.93333333]",0.25020286,52,,,0,,False,6,train,0
1340,0.0,404.1726,404.4228,null,0.0,0.08,"[20.0, 20.0]",0.0,null,null,null,gabors,null,90.0,4.0,0.8,"[3644.93333333, 3644.93333333]",0.25020286,210,,,0,,False,4,train,2
1341,0.0,404.4228,404.67301,null,20.0,0.08,"[20.0, 20.0]",20.0,null,null,null,gabors,null,0.0,4.0,0.8,"[3644.93333333, 3644.93333333]",0.25020964,121,,,0,,False,4,train,0
1342,0.0,404.67301,404.92322,null,10.0,0.08,"[20.0, 20.0]",40.0,null,null,null,gabors,null,90.0,4.0,0.8,"[3644.93333333, 3644.93333333]",0.25020964,39,,,0,,False,5,test,2
1343,0.0,404.92322,405.17343,null,10.0,0.08,"[20.0, 20.0]",-20.0,null,null,null,gabors,null,45.0,4.0,0.8,"[3644.93333333, 3644.93333333]",0.25020964,190,,,0,,False,3,train,1
1344,0.0,405.17343,405.42364,null,-20.0,0.08,"[20.0, 20.0]",10.0,null,null,null,gabors,null,90.0,4.0,0.8,"[3644.93333333, 3644.93333333]",0.25020964,235,,,0,,False,2,test,2
1345,0.0,405.42364,405.67385,null,40.0,0.08,"[20.0, 20.0]",-10.0,null,null,null,gabors,null,90.0,4.0,0.8,"[3644.93333333, 3644.93333333]",0.25020786,170,,,0,,False,3,train,2
1346,0.0,405.67385,405.92405,null,30.0,0.08,"[20.0, 20.0]",-40.0,null,null,null,gabors,null,90.0,4.0,0.8,"[3644.93333333, 3644.93333333]",0.25020786,6,,,0,,False,5,test,2
1347,0.0,405.92405,406.17426,null,30.0,0.08,"[20.0, 20.0]",0.0,null,null,null,gabors,null,45.0,4.0,0.8,"[3644.93333333, 3644.93333333]",0.25020786,2,,,0,,False,4,train,1
1348,0.0,406.17426,406.42447,null,-40.0,0.08,"[20.0, 20.0]",-40.0,null,null,null,gabors,null,90.0,4.0,0.8,"[3644.93333333, 3644.93333333]",0.25020786,31,,,0,,False,7,train,2
1349,0.0,406.42447,406.67469,null,-20.0,0.08,"[20.0, 20.0]",-40.0,null,null,null,gabors,null,45.0,4.0,0.8,"[3644.93333333, 3644.93333333]",0.25021714,106,,,0,,False,4,train,1
1350,0.0,406.67469,406.9249,null,-20.0,0.08,"[20.0, 20.0]",-10.0,null,null,null,gabors,null,0.0,4.0,0.8,"[3644.93333333, 3644.93333333]",0.25021714,241,,,0,,False,1,train,0
1351,0.0,406.9249,407.17512,null,-40.0,0.08,"[20.0, 20.0]",-20.0,null,null,null,gabors,null,0.0,4.0,0.8,"[3644.93333333, 3644.93333333]",0.25021714,199,,,0,,False,5,test,0
1352,0.0,407.17512,407.42534,null,-40.0,0.08,"[20.0, 20.0]",30.0,null,null,null,gabors,null,45.0,4.0,0.8,"[3644.93333333, 3644.93333333]",0.25021714,61,,,0,,False,6,train,1
1353,0.0,407.42534,407.67554,null,-10.0,0.08,"[20.0, 20.0]",10.0,null,null,null,gabors,null,45.0,4.0,0.8,"[3644.93333333, 3644.93333333]",0.25020036,25,,,0,,False,3,train,1
1354,0.0,407.67554,407.92574,null,-20.0,0.08,"[20.0, 20.0]",30.0,null,null,null,gabors,null,0.0,4.0,0.8,"[3644.93333333, 3644.93333333]",0.25020036,219,,,0,,False,6,train,0
1355,0.0,407.92574,408.17594,null,-40.0,0.08,"[20.0, 20.0]",-10.0,null,null,null,gabors,null,0.0,4.0,0.8,"[3644.93333333, 3644.93333333]",0.25020036,142,,,0,,False,8,test,0
1356,0.0,408.17594,408.42614,null,30.0,0.08,"[20.0, 20.0]",-40.0,null,null,null,gabors,null,90.0,4.0,0.8,"[3644.93333333, 3644.93333333]",0.25020036,6,,,0,,False,6,train,2
1357,0.0,408.42614,408.67636,null,20.0,0.08,"[20.0, 20.0]",20.0,null,null,null,gabors,null,0.0,4.0,0.8,"[3644.93333333, 3644.93333333]",0.25021464,121,,,0,,False,5,test,0
1358,0.0,408.67636,408.92657,null,10.0,0.08,"[20.0, 20.0]",10.0,null,null,null,gabors,null,90.0,4.0,0.8,"[3644.93333333, 3644.93333333]",0.25021464,214,,,0,,False,3,train,2
1359,0.0,408.92657,409.17678,null,20.0,0.08,"[20.0, 20.0]",20.0,null,null,null,gabors,null,90.0,4.0,0.8,"[3644.93333333, 3644.93333333]",0.25021464,24,,,0,,False,5,test,2
1360,0.0,409.17678,409.427,null,-30.0,0.08,"[20.0, 20.0]",-10.0,null,null,null,gabors,null,45.0,4.0,0.8,"[3644.93333333, 3644.93333333]",0.25021464,165,,,0,,False,3,train,1
1361,0.0,409.427,409.67721,null,20.0,0.08,"[20.0, 20.0]",-10.0,null,null,null,gabors,null,45.0,4.0,0.8,"[3644.93333333, 3644.93333333]",0.25020786,242,,,0,,False,4,train,1
1362,0.0,409.67721,409.92741,null,-20.0,0.08,"[20.0, 20.0]",-30.0,null,null,null,gabors,null,45.0,4.0,0.8,"[3644.93333333, 3644.93333333]",0.25020786,168,,,0,,False,4,train,1
1363,0.0,409.92741,410.17762,null,20.0,0.08,"[20.0, 20.0]",-10.0,null,null,null,gabors,null,90.0,4.0,0.8,"[3644.93333333, 3644.93333333]",0.25020786,50,,,0,,False,5,test,2
1364,0.0,410.17762,410.42783,null,0.0,0.08,"[20.0, 20.0]",-40.0,null,null,null,gabors,null,45.0,4.0,0.8,"[3644.93333333, 3644.93333333]",0.25020786,191,,,0,,False,6,train,1
1365,0.0,410.42783,410.67804,null,-10.0,0.08,"[20.0, 20.0]",20.0,null,null,null,gabors,null,45.0,4.0,0.8,"[3644.93333333, 3644.93333333]",0.25020964,93,,,0,,False,6,train,1
1366,0.0,410.67804,410.92825,null,20.0,0.08,"[20.0, 20.0]",30.0,null,null,null,gabors,null,45.0,4.0,0.8,"[3644.93333333, 3644.93333333]",0.25020964,184,,,0,,False,4,train,1
1367,0.0,410.92825,411.17846,null,30.0,0.08,"[20.0, 20.0]",10.0,null,null,null,gabors,null,90.0,4.0,0.8,"[3644.93333333, 3644.93333333]",0.25020964,171,,,0,,False,4,train,2
1368,0.0,411.17846,411.42867,null,-10.0,0.08,"[20.0, 20.0]",-40.0,null,null,null,gabors,null,45.0,4.0,0.8,"[3644.93333333, 3644.93333333]",0.25020964,122,,,0,,False,4,train,1
1369,0.0,411.42867,411.67888,null,40.0,0.08,"[20.0, 20.0]",0.0,null,null,null,gabors,null,45.0,4.0,0.8,"[3644.93333333, 3644.93333333]",0.25020786,71,,,0,,False,7,train,1
1370,0.0,411.67888,411.92908,null,30.0,0.08,"[20.0, 20.0]",-40.0,null,null,null,gabors,null,0.0,4.0,0.8,"[3644.93333333, 3644.93333333]",0.25020786,37,,,0,,False,7,train,0
1371,0.0,411.92908,412.17929,null,40.0,0.08,"[20.0, 20.0]",-20.0,null,null,null,gabors,null,90.0,4.0,0.8,"[3644.93333333, 3644.93333333]",0.25020786,149,,,0,,False,5,test,2
1372,0.0,412.17929,412.4295,null,-10.0,0.08,"[20.0, 20.0]",20.0,null,null,null,gabors,null,0.0,4.0,0.8,"[3644.93333333, 3644.93333333]",0.25020786,1,,,0,,False,5,test,0
1373,0.0,412.4295,412.6797,null,-30.0,0.08,"[20.0, 20.0]",0.0,null,null,null,gabors,null,0.0,4.0,0.8,"[3644.93333333, 3644.93333333]",0.25020214,40,,,0,,False,7,train,0
1374,0.0,412.6797,412.9299,null,-10.0,0.08,"[20.0, 20.0]",20.0,null,null,null,gabors,null,90.0,4.0,0.8,"[3644.93333333, 3644.93333333]",0.25020214,82,,,0,,False,6,train,2
1375,0.0,412.9299,413.18011,null,-10.0,0.08,"[20.0, 20.0]",40.0,null,null,null,gabors,null,0.0,4.0,0.8,"[3644.93333333, 3644.93333333]",0.25020214,223,,,0,,False,2,test,0
1376,0.0,413.18011,413.43031,null,30.0,0.08,"[20.0, 20.0]",-20.0,null,null,null,gabors,null,90.0,4.0,0.8,"[3644.93333333, 3644.93333333]",0.25020214,177,,,0,,False,5,test,2
1377,0.0,413.43031,413.68052,null,20.0,0.08,"[20.0, 20.0]",-10.0,null,null,null,gabors,null,45.0,4.0,0.8,"[3644.93333333, 3644.93333333]",0.25021286,242,,,0,,False,5,test,1
1378,0.0,413.68052,413.93073,null,30.0,0.08,"[20.0, 20.0]",-40.0,null,null,null,gabors,null,90.0,4.0,0.8,"[3644.93333333, 3644.93333333]",0.25021286,6,,,0,,False,7,train,2
1379,0.0,413.93073,414.18095,null,20.0,0.08,"[20.0, 20.0]",20.0,null,null,null,gabors,null,0.0,4.0,0.8,"[3644.93333333, 3644.93333333]",0.25021286,121,,,0,,False,6,train,0
1380,0.0,414.18095,414.43116,null,0.0,0.08,"[20.0, 20.0]",-20.0,null,null,null,gabors,null,0.0,4.0,0.8,"[3644.93333333, 3644.93333333]",0.25021286,228,,,0,,False,8,test,0
1381,0.0,414.43116,414.68137,null,10.0,0.08,"[20.0, 20.0]",20.0,null,null,null,gabors,null,45.0,4.0,0.8,"[3644.93333333, 3644.93333333]",0.25020964,14,,,0,,False,8,test,1
1382,0.0,414.68137,414.93158,null,0.0,0.08,"[20.0, 20.0]",-40.0,null,null,null,gabors,null,90.0,4.0,0.8,"[3644.93333333, 3644.93333333]",0.25020964,207,,,0,,False,5,test,2
1383,0.0,414.93158,415.18179,null,-10.0,0.08,"[20.0, 20.0]",-30.0,null,null,null,gabors,null,45.0,4.0,0.8,"[3644.93333333, 3644.93333333]",0.25020964,151,,,0,,False,8,test,1
1384,0.0,415.18179,415.432,null,-40.0,0.08,"[20.0, 20.0]",0.0,null,null,null,gabors,null,45.0,4.0,0.8,"[3644.93333333, 3644.93333333]",0.25020964,130,,,0,,False,6,train,1
1385,0.0,415.432,415.68221,null,-10.0,0.08,"[20.0, 20.0]",-30.0,null,null,null,gabors,null,90.0,4.0,0.8,"[3644.93333333, 3644.93333333]",0.25021036,202,,,0,,False,4,train,2
1386,0.0,415.68221,415.93242,null,10.0,0.08,"[20.0, 20.0]",-40.0,null,null,null,gabors,null,45.0,4.0,0.8,"[3644.93333333, 3644.93333333]",0.25021036,35,,,0,,False,10,train,1
1387,0.0,415.93242,416.18263,null,-40.0,0.08,"[20.0, 20.0]",40.0,null,null,null,gabors,null,45.0,4.0,0.8,"[3644.93333333, 3644.93333333]",0.25021036,206,,,0,,False,5,test,1
1388,0.0,416.18263,416.43284,null,30.0,0.08,"[20.0, 20.0]",-40.0,null,null,null,gabors,null,45.0,4.0,0.8,"[3644.93333333, 3644.93333333]",0.25021036,75,,,0,,False,1,train,1
1389,0.0,416.43284,416.68304,null,30.0,0.08,"[20.0, 20.0]",-20.0,null,null,null,gabors,null,45.0,4.0,0.8,"[3644.93333333, 3644.93333333]",0.25019714,49,,,0,,False,7,train,1
1390,0.0,416.68304,416.93323,null,-20.0,0.08,"[20.0, 20.0]",-10.0,null,null,null,gabors,null,0.0,4.0,0.8,"[3644.93333333, 3644.93333333]",0.25019714,241,,,0,,False,2,test,0
1391,0.0,416.93323,417.18343,null,30.0,0.08,"[20.0, 20.0]",-30.0,null,null,null,gabors,null,45.0,4.0,0.8,"[3644.93333333, 3644.93333333]",0.25019714,238,,,0,,False,2,test,1
1392,0.0,417.18343,417.43363,null,-40.0,0.08,"[20.0, 20.0]",-20.0,null,null,null,gabors,null,0.0,4.0,0.8,"[3644.93333333, 3644.93333333]",0.25019714,199,,,0,,False,6,train,0
1393,0.0,417.43363,417.68385,null,-20.0,0.08,"[20.0, 20.0]",-20.0,null,null,null,gabors,null,0.0,4.0,0.8,"[3644.93333333, 3644.93333333]",0.25022286,205,,,0,,False,3,train,0
1394,0.0,417.68385,417.93407,null,20.0,0.08,"[20.0, 20.0]",10.0,null,null,null,gabors,null,0.0,4.0,0.8,"[3644.93333333, 3644.93333333]",0.25022286,21,,,0,,False,6,train,0
1395,0.0,417.93407,418.1843,null,-10.0,0.08,"[20.0, 20.0]",10.0,null,null,null,gabors,null,45.0,4.0,0.8,"[3644.93333333, 3644.93333333]",0.25022286,25,,,0,,False,4,train,1
1396,0.0,418.1843,418.43452,null,-20.0,0.08,"[20.0, 20.0]",-30.0,null,null,null,gabors,null,45.0,4.0,0.8,"[3644.93333333, 3644.93333333]",0.25022286,168,,,0,,False,5,test,1
1397,0.0,418.43452,418.68473,null,20.0,0.08,"[20.0, 20.0]",-20.0,null,null,null,gabors,null,0.0,4.0,0.8,"[3644.93333333, 3644.93333333]",0.25021214,101,,,0,,False,5,test,0
1398,0.0,418.68473,418.93494,null,-40.0,0.08,"[20.0, 20.0]",40.0,null,null,null,gabors,null,45.0,4.0,0.8,"[3644.93333333, 3644.93333333]",0.25021214,206,,,0,,False,6,train,1
1399,0.0,418.93494,419.18516,null,40.0,0.08,"[20.0, 20.0]",0.0,null,null,null,gabors,null,45.0,4.0,0.8,"[3644.93333333, 3644.93333333]",0.25021214,71,,,0,,False,8,test,1
1400,0.0,419.18516,419.43537,null,40.0,0.08,"[20.0, 20.0]",10.0,null,null,null,gabors,null,45.0,4.0,0.8,"[3644.93333333, 3644.93333333]",0.25021214,145,,,0,,False,4,train,1
1401,0.0,419.43537,419.68557,null,20.0,0.08,"[20.0, 20.0]",-10.0,null,null,null,gabors,null,0.0,4.0,0.8,"[3644.93333333, 3644.93333333]",0.25020286,48,,,0,,False,6,train,0
1402,0.0,419.68557,419.93577,null,-10.0,0.08,"[20.0, 20.0]",0.0,null,null,null,gabors,null,0.0,4.0,0.8,"[3644.93333333, 3644.93333333]",0.25020286,127,,,0,,False,5,test,0
1403,0.0,419.93577,420.18598,null,20.0,0.08,"[20.0, 20.0]",-20.0,null,null,null,gabors,null,90.0,4.0,0.8,"[3644.93333333, 3644.93333333]",0.25020286,26,,,0,,False,5,test,2
1404,0.0,420.18598,420.43618,null,20.0,0.08,"[20.0, 20.0]",10.0,null,null,null,gabors,null,45.0,4.0,0.8,"[3644.93333333, 3644.93333333]",0.25020286,114,,,0,,False,7,train,1
1405,0.0,420.43618,420.68639,null,20.0,0.08,"[20.0, 20.0]",0.0,null,null,null,gabors,null,0.0,4.0,0.8,"[3644.93333333, 3644.93333333]",0.25020964,204,,,0,,False,3,train,0
1406,0.0,420.68639,420.9366,null,-30.0,0.08,"[20.0, 20.0]",-10.0,null,null,null,gabors,null,0.0,4.0,0.8,"[3644.93333333, 3644.93333333]",0.25020964,52,,,0,,False,7,train,0
1407,0.0,420.9366,421.18681,null,-30.0,0.08,"[20.0, 20.0]",10.0,null,null,null,gabors,null,90.0,4.0,0.8,"[3644.93333333, 3644.93333333]",0.25020964,85,,,0,,False,8,test,2
1408,0.0,421.18681,421.43702,null,-40.0,0.08,"[20.0, 20.0]",0.0,null,null,null,gabors,null,0.0,4.0,0.8,"[3644.93333333, 3644.93333333]",0.25020964,89,,,0,,False,2,test,0
1409,0.0,421.43702,421.68723,null,-10.0,0.08,"[20.0, 20.0]",-10.0,null,null,null,gabors,null,45.0,4.0,0.8,"[3644.93333333, 3644.93333333]",0.25021036,117,,,0,,False,5,test,1
1410,0.0,421.68723,421.93744,null,0.0,0.08,"[20.0, 20.0]",40.0,null,null,null,gabors,null,0.0,4.0,0.8,"[3644.93333333, 3644.93333333]",0.25021036,215,,,0,,False,4,train,0
1411,0.0,421.93744,422.18765,null,30.0,0.08,"[20.0, 20.0]",-20.0,null,null,null,gabors,null,45.0,4.0,0.8,"[3644.93333333, 3644.93333333]",0.25021036,49,,,0,,False,8,test,1
1412,0.0,422.18765,422.43786,null,0.0,0.08,"[20.0, 20.0]",10.0,null,null,null,gabors,null,0.0,4.0,0.8,"[3644.93333333, 3644.93333333]",0.25021036,90,,,0,,False,4,train,0
1413,0.0,422.43786,422.68807,null,-10.0,0.08,"[20.0, 20.0]",-20.0,null,null,null,gabors,null,90.0,4.0,0.8,"[3644.93333333, 3644.93333333]",0.25020714,16,,,0,,False,5,test,2
1414,0.0,422.68807,422.93827,null,-30.0,0.08,"[20.0, 20.0]",-10.0,null,null,null,gabors,null,90.0,4.0,0.8,"[3644.93333333, 3644.93333333]",0.25020714,209,,,0,,False,7,train,2
1415,0.0,422.93827,423.18848,null,10.0,0.08,"[20.0, 20.0]",40.0,null,null,null,gabors,null,45.0,4.0,0.8,"[3644.93333333, 3644.93333333]",0.25020714,38,,,0,,False,5,test,1
1416,0.0,423.18848,423.43869,null,-20.0,0.08,"[20.0, 20.0]",10.0,null,null,null,gabors,null,90.0,4.0,0.8,"[3644.93333333, 3644.93333333]",0.25020714,235,,,0,,False,3,train,2
1417,0.0,423.43869,423.6889,null,-10.0,0.08,"[20.0, 20.0]",10.0,null,null,null,gabors,null,90.0,4.0,0.8,"[3644.93333333, 3644.93333333]",0.25021036,10,,,0,,False,5,test,2
1418,0.0,423.6889,423.93911,null,20.0,0.08,"[20.0, 20.0]",-10.0,null,null,null,gabors,null,90.0,4.0,0.8,"[3644.93333333, 3644.93333333]",0.25021036,50,,,0,,False,6,train,2
1419,0.0,423.93911,424.18932,null,-40.0,0.08,"[20.0, 20.0]",10.0,null,null,null,gabors,null,90.0,4.0,0.8,"[3644.93333333, 3644.93333333]",0.25021036,120,,,0,,False,5,test,2
1420,0.0,424.18932,424.43953,null,-40.0,0.08,"[20.0, 20.0]",20.0,null,null,null,gabors,null,0.0,4.0,0.8,"[3644.93333333, 3644.93333333]",0.25021036,139,,,0,,False,6,train,0
1421,0.0,424.43953,424.68974,null,0.0,0.08,"[20.0, 20.0]",-10.0,null,null,null,gabors,null,0.0,4.0,0.8,"[3644.93333333, 3644.93333333]",0.25021214,143,,,0,,False,5,test,0
1422,0.0,424.68974,424.93995,null,-40.0,0.08,"[20.0, 20.0]",-20.0,null,null,null,gabors,null,45.0,4.0,0.8,"[3644.93333333, 3644.93333333]",0.25021214,239,,,0,,False,1,train,1
1423,0.0,424.93995,425.19017,null,10.0,0.08,"[20.0, 20.0]",30.0,null,null,null,gabors,null,45.0,4.0,0.8,"[3644.93333333, 3644.93333333]",0.25021214,12,,,0,,False,8,test,1
1424,0.0,425.19017,425.44038,null,-30.0,0.08,"[20.0, 20.0]",30.0,null,null,null,gabors,null,45.0,4.0,0.8,"[3644.93333333, 3644.93333333]",0.25021214,217,,,0,,False,5,test,1
1425,0.0,425.44038,425.69059,null,10.0,0.08,"[20.0, 20.0]",-10.0,null,null,null,gabors,null,45.0,4.0,0.8,"[3644.93333333, 3644.93333333]",0.25020786,131,,,0,,False,6,train,1
1426,0.0,425.69059,425.94079,null,-30.0,0.08,"[20.0, 20.0]",30.0,null,null,null,gabors,null,0.0,4.0,0.8,"[3644.93333333, 3644.93333333]",0.25020786,66,,,0,,False,9,train,0
1427,0.0,425.94079,426.191,null,20.0,0.08,"[20.0, 20.0]",-20.0,null,null,null,gabors,null,90.0,4.0,0.8,"[3644.93333333, 3644.93333333]",0.25020786,26,,,0,,False,6,train,2
1428,0.0,426.191,426.44121,null,-20.0,0.08,"[20.0, 20.0]",10.0,null,null,null,gabors,null,0.0,4.0,0.8,"[3644.93333333, 3644.93333333]",0.25020786,138,,,0,,False,4,train,0
1429,0.0,426.44121,426.69142,null,-10.0,0.08,"[20.0, 20.0]",10.0,null,null,null,gabors,null,90.0,4.0,0.8,"[3644.93333333, 3644.93333333]",0.25020964,10,,,0,,False,6,train,2
1430,0.0,426.69142,426.94163,null,-30.0,0.08,"[20.0, 20.0]",20.0,null,null,null,gabors,null,0.0,4.0,0.8,"[3644.93333333, 3644.93333333]",0.25020964,153,,,0,,False,6,train,0
1431,0.0,426.94163,427.19184,null,20.0,0.08,"[20.0, 20.0]",-30.0,null,null,null,gabors,null,90.0,4.0,0.8,"[3644.93333333, 3644.93333333]",0.25020964,28,,,0,,False,4,train,2
1432,0.0,427.19184,427.44205,null,-40.0,0.08,"[20.0, 20.0]",40.0,null,null,null,gabors,null,0.0,4.0,0.8,"[3644.93333333, 3644.93333333]",0.25020964,231,,,0,,False,6,train,0
1433,0.0,427.44205,427.69225,null,-30.0,0.08,"[20.0, 20.0]",30.0,null,null,null,gabors,null,0.0,4.0,0.8,"[3644.93333333, 3644.93333333]",0.25020536,66,,,0,,False,10,train,0
1434,0.0,427.69225,427.94246,null,-10.0,0.08,"[20.0, 20.0]",-10.0,null,null,null,gabors,null,45.0,4.0,0.8,"[3644.93333333, 3644.93333333]",0.25020536,117,,,0,,False,6,train,1
1435,0.0,427.94246,428.19267,null,20.0,0.08,"[20.0, 20.0]",-20.0,null,null,null,gabors,null,0.0,4.0,0.8,"[3644.93333333, 3644.93333333]",0.25020536,101,,,0,,False,6,train,0
1436,0.0,428.19267,428.44287,null,-20.0,0.08,"[20.0, 20.0]",10.0,null,null,null,gabors,null,0.0,4.0,0.8,"[3644.93333333, 3644.93333333]",0.25020536,138,,,0,,False,5,test,0
1437,0.0,428.44287,428.69307,null,30.0,0.08,"[20.0, 20.0]",10.0,null,null,null,gabors,null,0.0,4.0,0.8,"[3644.93333333, 3644.93333333]",0.25020214,102,,,0,,False,7,train,0
1438,0.0,428.69307,428.94327,null,40.0,0.08,"[20.0, 20.0]",30.0,null,null,null,gabors,null,90.0,4.0,0.8,"[3644.93333333, 3644.93333333]",0.25020214,104,,,0,,False,4,train,2
1439,0.0,428.94327,429.19348,null,30.0,0.08,"[20.0, 20.0]",40.0,null,null,null,gabors,null,45.0,4.0,0.8,"[3644.93333333, 3644.93333333]",0.25020214,162,,,0,,False,8,test,1
1440,0.0,429.19348,429.44368,null,-30.0,0.08,"[20.0, 20.0]",30.0,null,null,null,gabors,null,45.0,4.0,0.8,"[3644.93333333, 3644.93333333]",0.25020214,217,,,0,,False,6,train,1
1441,0.0,429.44368,429.69389,null,20.0,0.08,"[20.0, 20.0]",30.0,null,null,null,gabors,null,45.0,4.0,0.8,"[3644.93333333, 3644.93333333]",0.25021536,184,,,0,,False,5,test,1
1442,0.0,429.69389,429.94411,null,-40.0,0.08,"[20.0, 20.0]",30.0,null,null,null,gabors,null,45.0,4.0,0.8,"[3644.93333333, 3644.93333333]",0.25021536,61,,,0,,False,7,train,1
1443,0.0,429.94411,430.19433,null,-30.0,0.08,"[20.0, 20.0]",-30.0,null,null,null,gabors,null,0.0,4.0,0.8,"[3644.93333333, 3644.93333333]",0.25021536,43,,,0,,False,5,test,0
1444,0.0,430.19433,430.44454,null,10.0,0.08,"[20.0, 20.0]",-40.0,null,null,null,gabors,null,90.0,4.0,0.8,"[3644.93333333, 3644.93333333]",0.25021536,118,,,0,,False,7,train,2
1445,0.0,430.44454,430.69475,null,40.0,0.08,"[20.0, 20.0]",40.0,null,null,null,gabors,null,90.0,4.0,0.8,"[3644.93333333, 3644.93333333]",0.25020964,189,,,0,,False,4,train,2
1446,0.0,430.69475,430.94496,null,-30.0,0.08,"[20.0, 20.0]",40.0,null,null,null,gabors,null,45.0,4.0,0.8,"[3644.93333333, 3644.93333333]",0.25020964,63,,,0,,False,8,test,1
1447,0.0,430.94496,431.19517,null,40.0,0.08,"[20.0, 20.0]",30.0,null,null,null,gabors,null,90.0,4.0,0.8,"[3644.93333333, 3644.93333333]",0.25020964,104,,,0,,False,5,test,2
1448,0.0,431.19517,431.44538,null,30.0,0.08,"[20.0, 20.0]",20.0,null,null,null,gabors,null,45.0,4.0,0.8,"[3644.93333333, 3644.93333333]",0.25020964,73,,,0,,False,6,train,1
1449,0.0,431.44538,431.69559,null,-30.0,0.08,"[20.0, 20.0]",-30.0,null,null,null,gabors,null,90.0,4.0,0.8,"[3644.93333333, 3644.93333333]",0.25021536,80,,,0,,False,5,test,2
1450,0.0,431.69559,431.94581,null,0.0,0.08,"[20.0, 20.0]",10.0,null,null,null,gabors,null,45.0,4.0,0.8,"[3644.93333333, 3644.93333333]",0.25021536,188,,,0,,False,2,test,1
1451,0.0,431.94581,432.19603,null,0.0,0.08,"[20.0, 20.0]",0.0,null,null,null,gabors,null,45.0,4.0,0.8,"[3644.93333333, 3644.93333333]",0.25021536,201,,,0,,False,7,train,1
1452,0.0,432.19603,432.44624,null,20.0,0.08,"[20.0, 20.0]",-20.0,null,null,null,gabors,null,0.0,4.0,0.8,"[3644.93333333, 3644.93333333]",0.25021536,101,,,0,,False,7,train,0
1453,0.0,432.44624,432.69645,null,0.0,0.08,"[20.0, 20.0]",10.0,null,null,null,gabors,null,90.0,4.0,0.8,"[3644.93333333, 3644.93333333]",0.25020714,196,,,0,,False,6,train,2
1454,0.0,432.69645,432.94665,null,-30.0,0.08,"[20.0, 20.0]",-20.0,null,null,null,gabors,null,45.0,4.0,0.8,"[3644.93333333, 3644.93333333]",0.25020714,176,,,0,,False,2,test,1
1455,0.0,432.94665,433.19686,null,10.0,0.08,"[20.0, 20.0]",10.0,null,null,null,gabors,null,0.0,4.0,0.8,"[3644.93333333, 3644.93333333]",0.25020714,94,,,0,,False,5,test,0
1456,0.0,433.19686,433.44707,null,0.0,0.08,"[20.0, 20.0]",-20.0,null,null,null,gabors,null,90.0,4.0,0.8,"[3644.93333333, 3644.93333333]",0.25020714,44,,,0,,False,8,test,2
1457,0.0,433.44707,433.69728,null,-40.0,0.08,"[20.0, 20.0]",40.0,null,null,null,gabors,null,0.0,4.0,0.8,"[3644.93333333, 3644.93333333]",0.25020786,231,,,0,,False,7,train,0
1458,0.0,433.69728,433.94748,null,-20.0,0.08,"[20.0, 20.0]",10.0,null,null,null,gabors,null,90.0,4.0,0.8,"[3644.93333333, 3644.93333333]",0.25020786,235,,,0,,False,4,train,2
1459,0.0,433.94748,434.19769,null,30.0,0.08,"[20.0, 20.0]",20.0,null,null,null,gabors,null,0.0,4.0,0.8,"[3644.93333333, 3644.93333333]",0.25020786,164,,,0,,False,6,train,0
1460,0.0,434.19769,434.4479,null,30.0,0.08,"[20.0, 20.0]",10.0,null,null,null,gabors,null,45.0,4.0,0.8,"[3644.93333333, 3644.93333333]",0.25020786,20,,,0,,False,6,train,1
1461,0.0,434.4479,434.69811,null,-10.0,0.08,"[20.0, 20.0]",20.0,null,null,null,gabors,null,45.0,4.0,0.8,"[3644.93333333, 3644.93333333]",0.25021214,93,,,0,,False,7,train,1
1462,0.0,434.69811,434.94832,null,20.0,0.08,"[20.0, 20.0]",-20.0,null,null,null,gabors,null,0.0,4.0,0.8,"[3644.93333333, 3644.93333333]",0.25021214,101,,,0,,False,8,test,0
1463,0.0,434.94832,435.19854,null,40.0,0.08,"[20.0, 20.0]",30.0,null,null,null,gabors,null,90.0,4.0,0.8,"[3644.93333333, 3644.93333333]",0.25021214,104,,,0,,False,6,train,2
1464,0.0,435.19854,435.44875,null,30.0,0.08,"[20.0, 20.0]",0.0,null,null,null,gabors,null,45.0,4.0,0.8,"[3644.93333333, 3644.93333333]",0.25021214,2,,,0,,False,5,test,1
1465,0.0,435.44875,435.69895,null,-20.0,0.08,"[20.0, 20.0]",40.0,null,null,null,gabors,null,45.0,4.0,0.8,"[3644.93333333, 3644.93333333]",0.25020286,179,,,0,,False,6,train,1
1466,0.0,435.69895,435.94915,null,30.0,0.08,"[20.0, 20.0]",-20.0,null,null,null,gabors,null,0.0,4.0,0.8,"[3644.93333333, 3644.93333333]",0.25020286,230,,,0,,False,3,train,0
1467,0.0,435.94915,436.19936,null,20.0,0.08,"[20.0, 20.0]",-40.0,null,null,null,gabors,null,45.0,4.0,0.8,"[3644.93333333, 3644.93333333]",0.25020286,125,,,0,,False,4,train,1
1468,0.0,436.19936,436.44956,null,30.0,0.08,"[20.0, 20.0]",-30.0,null,null,null,gabors,null,90.0,4.0,0.8,"[3644.93333333, 3644.93333333]",0.25020286,92,,,0,,False,4,train,2
1469,0.0,436.44956,436.69977,null,-10.0,0.08,"[20.0, 20.0]",-40.0,null,null,null,gabors,null,45.0,4.0,0.8,"[3644.93333333, 3644.93333333]",0.25020964,122,,,0,,False,5,test,1
1470,0.0,436.69977,436.94998,null,-20.0,0.08,"[20.0, 20.0]",20.0,null,null,null,gabors,null,0.0,4.0,0.8,"[3644.93333333, 3644.93333333]",0.25020964,178,,,0,,False,5,test,0
1471,0.0,436.94998,437.20019,null,-10.0,0.08,"[20.0, 20.0]",0.0,null,null,null,gabors,null,45.0,4.0,0.8,"[3644.93333333, 3644.93333333]",0.25020964,167,,,0,,False,5,test,1
1472,0.0,437.20019,437.4504,null,40.0,0.08,"[20.0, 20.0]",30.0,null,null,null,gabors,null,90.0,4.0,0.8,"[3644.93333333, 3644.93333333]",0.25020964,104,,,0,,False,7,train,2
1473,0.0,437.4504,437.70061,null,-20.0,0.08,"[20.0, 20.0]",30.0,null,null,null,gabors,null,0.0,4.0,0.8,"[3644.93333333, 3644.93333333]",0.25021036,219,,,0,,False,7,train,0
1474,0.0,437.70061,437.95082,null,-10.0,0.08,"[20.0, 20.0]",40.0,null,null,null,gabors,null,45.0,4.0,0.8,"[3644.93333333, 3644.93333333]",0.25021036,112,,,0,,False,6,train,1
1475,0.0,437.95082,438.20103,null,40.0,0.08,"[20.0, 20.0]",-40.0,null,null,null,gabors,null,45.0,4.0,0.8,"[3644.93333333, 3644.93333333]",0.25021036,34,,,0,,False,7,train,1
1476,0.0,438.20103,438.45124,null,-30.0,0.08,"[20.0, 20.0]",-30.0,null,null,null,gabors,null,45.0,4.0,0.8,"[3644.93333333, 3644.93333333]",0.25021036,46,,,0,,False,7,train,1
1477,0.0,438.45124,438.70145,null,-20.0,0.08,"[20.0, 20.0]",-10.0,null,null,null,gabors,null,90.0,4.0,0.8,"[3644.93333333, 3644.93333333]",0.25020714,236,,,0,,False,5,test,2
1478,0.0,438.70145,438.95165,null,40.0,0.08,"[20.0, 20.0]",0.0,null,null,null,gabors,null,90.0,4.0,0.8,"[3644.93333333, 3644.93333333]",0.25020714,211,,,0,,False,5,test,2
1479,0.0,438.95165,439.20186,null,30.0,0.08,"[20.0, 20.0]",-10.0,null,null,null,gabors,null,0.0,4.0,0.8,"[3644.93333333, 3644.93333333]",0.25020714,88,,,0,,False,6,train,0
1480,0.0,439.20186,439.45207,null,-10.0,0.08,"[20.0, 20.0]",40.0,null,null,null,gabors,null,0.0,4.0,0.8,"[3644.93333333, 3644.93333333]",0.25020714,223,,,0,,False,3,train,0
1481,0.0,439.45207,439.70228,null,0.0,0.08,"[20.0, 20.0]",-30.0,null,null,null,gabors,null,0.0,4.0,0.8,"[3644.93333333, 3644.93333333]",0.25021536,159,,,0,,False,4,train,0
1482,0.0,439.70228,439.9525,null,40.0,0.08,"[20.0, 20.0]",-20.0,null,null,null,gabors,null,0.0,4.0,0.8,"[3644.93333333, 3644.93333333]",0.25021536,3,,,0,,False,4,train,0
1483,0.0,439.9525,440.20272,null,10.0,0.08,"[20.0, 20.0]",30.0,null,null,null,gabors,null,45.0,4.0,0.8,"[3644.93333333, 3644.93333333]",0.25021536,12,,,0,,False,9,train,1
1484,0.0,440.20272,440.45293,null,-40.0,0.08,"[20.0, 20.0]",-20.0,null,null,null,gabors,null,0.0,4.0,0.8,"[3644.93333333, 3644.93333333]",0.25021536,199,,,0,,False,7,train,0
1485,0.0,440.45293,440.70314,null,20.0,0.08,"[20.0, 20.0]",10.0,null,null,null,gabors,null,90.0,4.0,0.8,"[3644.93333333, 3644.93333333]",0.25020714,243,,,0,,False,2,test,2
1486,0.0,440.70314,440.95334,null,30.0,0.08,"[20.0, 20.0]",-30.0,null,null,null,gabors,null,0.0,4.0,0.8,"[3644.93333333, 3644.93333333]",0.25020714,9,,,0,,False,6,train,0
1487,0.0,440.95334,441.20355,null,40.0,0.08,"[20.0, 20.0]",30.0,null,null,null,gabors,null,90.0,4.0,0.8,"[3644.93333333, 3644.93333333]",0.25020714,104,,,0,,False,8,test,2
1488,0.0,441.20355,441.45376,null,20.0,0.08,"[20.0, 20.0]",-20.0,null,null,null,gabors,null,90.0,4.0,0.8,"[3644.93333333, 3644.93333333]",0.25020714,26,,,0,,False,7,train,2
1489,0.0,441.45376,441.70396,null,-20.0,0.08,"[20.0, 20.0]",10.0,null,null,null,gabors,null,90.0,4.0,0.8,"[3644.93333333, 3644.93333333]",0.25020536,235,,,0,,False,5,test,2
1490,0.0,441.70396,441.95417,null,-20.0,0.08,"[20.0, 20.0]",0.0,null,null,null,gabors,null,45.0,4.0,0.8,"[3644.93333333, 3644.93333333]",0.25020536,193,,,0,,False,8,test,1
1491,0.0,441.95417,442.20438,null,-30.0,0.08,"[20.0, 20.0]",0.0,null,null,null,gabors,null,0.0,4.0,0.8,"[3644.93333333, 3644.93333333]",0.25020536,40,,,0,,False,8,test,0
1492,0.0,442.20438,442.45458,null,10.0,0.08,"[20.0, 20.0]",10.0,null,null,null,gabors,null,45.0,4.0,0.8,"[3644.93333333, 3644.93333333]",0.25020536,58,,,0,,False,7,train,1
1493,0.0,442.45458,442.70479,null,-40.0,0.08,"[20.0, 20.0]",10.0,null,null,null,gabors,null,0.0,4.0,0.8,"[3644.93333333, 3644.93333333]",0.25020964,68,,,0,,False,5,test,0
1494,0.0,442.70479,442.955,null,10.0,0.08,"[20.0, 20.0]",-10.0,null,null,null,gabors,null,45.0,4.0,0.8,"[3644.93333333, 3644.93333333]",0.25020964,131,,,0,,False,7,train,1
1495,0.0,442.955,443.20521,null,-10.0,0.08,"[20.0, 20.0]",-40.0,null,null,null,gabors,null,0.0,4.0,0.8,"[3644.93333333, 3644.93333333]",0.25020964,185,,,0,,False,4,train,0
1496,0.0,443.20521,443.45542,null,-10.0,0.08,"[20.0, 20.0]",0.0,null,null,null,gabors,null,90.0,4.0,0.8,"[3644.93333333, 3644.93333333]",0.25020964,155,,,0,,False,7,train,2
1497,0.0,443.45542,443.70563,null,-20.0,0.08,"[20.0, 20.0]",-40.0,null,null,null,gabors,null,45.0,4.0,0.8,"[3644.93333333, 3644.93333333]",0.25021036,106,,,0,,False,5,test,1
1498,0.0,443.70563,443.95584,null,-10.0,0.08,"[20.0, 20.0]",-10.0,null,null,null,gabors,null,45.0,4.0,0.8,"[3644.93333333, 3644.93333333]",0.25021036,117,,,0,,False,7,train,1
1499,0.0,443.95584,444.20605,null,-20.0,0.08,"[20.0, 20.0]",0.0,null,null,null,gabors,null,0.0,4.0,0.8,"[3644.93333333, 3644.93333333]",0.25021036,174,,,0,,False,5,test,0
1500,0.0,444.20605,444.45626,null,10.0,0.08,"[20.0, 20.0]",10.0,null,null,null,gabors,null,0.0,4.0,0.8,"[3644.93333333, 3644.93333333]",0.25021036,94,,,0,,False,6,train,0
1501,0.0,444.45626,444.70647,null,-40.0,0.08,"[20.0, 20.0]",10.0,null,null,null,gabors,null,0.0,4.0,0.8,"[3644.93333333, 3644.93333333]",0.25020714,68,,,0,,False,6,train,0
1502,0.0,444.70647,444.95667,null,-20.0,0.08,"[20.0, 20.0]",-20.0,null,null,null,gabors,null,90.0,4.0,0.8,"[3644.93333333, 3644.93333333]",0.25020714,140,,,0,,False,6,train,2
1503,0.0,444.95667,445.20688,null,0.0,0.08,"[20.0, 20.0]",-30.0,null,null,null,gabors,null,45.0,4.0,0.8,"[3644.93333333, 3644.93333333]",0.25020714,160,,,0,,False,7,train,1
1504,0.0,445.20688,445.45709,null,10.0,0.08,"[20.0, 20.0]",-20.0,null,null,null,gabors,null,0.0,4.0,0.8,"[3644.93333333, 3644.93333333]",0.25020714,116,,,0,,False,1,train,0
1505,0.0,445.45709,445.7073,null,10.0,0.08,"[20.0, 20.0]",30.0,null,null,null,gabors,null,90.0,4.0,0.8,"[3644.93333333, 3644.93333333]",0.25021286,51,,,0,,False,8,test,2
1506,0.0,445.7073,445.95751,null,40.0,0.08,"[20.0, 20.0]",40.0,null,null,null,gabors,null,45.0,4.0,0.8,"[3644.93333333, 3644.93333333]",0.25021286,237,,,0,,False,3,train,1
1507,0.0,445.95751,446.20773,null,40.0,0.08,"[20.0, 20.0]",30.0,null,null,null,gabors,null,90.0,4.0,0.8,"[3644.93333333, 3644.93333333]",0.25021286,104,,,0,,False,9,train,2
1508,0.0,446.20773,446.45794,null,-30.0,0.08,"[20.0, 20.0]",-30.0,null,null,null,gabors,null,45.0,4.0,0.8,"[3644.93333333, 3644.93333333]",0.25021286,46,,,0,,False,8,test,1
1509,0.0,446.45794,446.70815,null,10.0,0.08,"[20.0, 20.0]",-40.0,null,null,null,gabors,null,45.0,4.0,0.8,"[3644.93333333, 3644.93333333]",0.25020964,35,,,0,,False,11,test,1
1510,0.0,446.70815,446.95836,null,20.0,0.08,"[20.0, 20.0]",40.0,null,null,null,gabors,null,90.0,4.0,0.8,"[3644.93333333, 3644.93333333]",0.25020964,141,,,0,,False,6,train,2
1511,0.0,446.95836,447.20857,null,10.0,0.08,"[20.0, 20.0]",-10.0,null,null,null,gabors,null,0.0,4.0,0.8,"[3644.93333333, 3644.93333333]",0.25020964,95,,,0,,False,6,train,0
1512,0.0,447.20857,447.45878,null,-20.0,0.08,"[20.0, 20.0]",-40.0,null,null,null,gabors,null,0.0,4.0,0.8,"[3644.93333333, 3644.93333333]",0.25020964,212,,,0,,False,7,train,0
1513,0.0,447.45878,447.70899,null,20.0,0.08,"[20.0, 20.0]",-20.0,null,null,null,gabors,null,45.0,4.0,0.8,"[3644.93333333, 3644.93333333]",0.25020786,36,,,0,,False,6,train,1
1514,0.0,447.70899,447.95919,null,-40.0,0.08,"[20.0, 20.0]",40.0,null,null,null,gabors,null,0.0,4.0,0.8,"[3644.93333333, 3644.93333333]",0.25020786,231,,,0,,False,8,test,0
1515,0.0,447.95919,448.2094,null,-20.0,0.08,"[20.0, 20.0]",0.0,null,null,null,gabors,null,0.0,4.0,0.8,"[3644.93333333, 3644.93333333]",0.25020786,174,,,0,,False,6,train,0
1516,0.0,448.2094,448.45961,null,0.0,0.08,"[20.0, 20.0]",30.0,null,null,null,gabors,null,45.0,4.0,0.8,"[3644.93333333, 3644.93333333]",0.25020786,100,,,0,,False,4,train,1
1517,0.0,448.45961,448.70982,null,-20.0,0.08,"[20.0, 20.0]",0.0,null,null,null,gabors,null,45.0,4.0,0.8,"[3644.93333333, 3644.93333333]",0.25020464,193,,,0,,False,9,train,1
1518,0.0,448.70982,448.96002,null,10.0,0.08,"[20.0, 20.0]",20.0,null,null,null,gabors,null,0.0,4.0,0.8,"[3644.93333333, 3644.93333333]",0.25020464,129,,,0,,False,5,test,0
1519,0.0,448.96002,449.21022,null,-40.0,0.08,"[20.0, 20.0]",-40.0,null,null,null,gabors,null,45.0,4.0,0.8,"[3644.93333333, 3644.93333333]",0.25020464,197,,,0,,False,3,train,1
1520,0.0,449.21022,449.46043,null,-10.0,0.08,"[20.0, 20.0]",-20.0,null,null,null,gabors,null,45.0,4.0,0.8,"[3644.93333333, 3644.93333333]",0.25020464,166,,,0,,False,4,train,1
1521,0.0,449.46043,449.71064,null,0.0,0.08,"[20.0, 20.0]",20.0,null,null,null,gabors,null,0.0,4.0,0.8,"[3644.93333333, 3644.93333333]",0.25021536,216,,,0,,False,4,train,0
1522,0.0,449.71064,449.96086,null,0.0,0.08,"[20.0, 20.0]",-40.0,null,null,null,gabors,null,0.0,4.0,0.8,"[3644.93333333, 3644.93333333]",0.25021536,11,,,0,,False,6,train,0
1523,0.0,449.96086,450.21108,null,-10.0,0.08,"[20.0, 20.0]",20.0,null,null,null,gabors,null,90.0,4.0,0.8,"[3644.93333333, 3644.93333333]",0.25021536,82,,,0,,False,7,train,2
1524,0.0,450.21108,450.46129,null,0.0,0.08,"[20.0, 20.0]",40.0,null,null,null,gabors,null,90.0,4.0,0.8,"[3644.93333333, 3644.93333333]",0.25021536,97,,,0,,False,6,train,2
1525,0.0,450.46129,450.7115,null,30.0,0.08,"[20.0, 20.0]",0.0,null,null,null,gabors,null,0.0,4.0,0.8,"[3644.93333333, 3644.93333333]",0.25020964,69,,,0,,False,8,test,0
1526,0.0,450.7115,450.96171,null,-20.0,0.08,"[20.0, 20.0]",-10.0,null,null,null,gabors,null,90.0,4.0,0.8,"[3644.93333333, 3644.93333333]",0.25020964,236,,,0,,False,6,train,2
1527,0.0,450.96171,451.21192,null,-40.0,0.08,"[20.0, 20.0]",20.0,null,null,null,gabors,null,90.0,4.0,0.8,"[3644.93333333, 3644.93333333]",0.25020964,55,,,0,,False,7,train,2
1528,0.0,451.21192,451.46213,null,-30.0,0.08,"[20.0, 20.0]",10.0,null,null,null,gabors,null,45.0,4.0,0.8,"[3644.93333333, 3644.93333333]",0.25020964,108,,,0,,False,6,train,1
1529,0.0,451.46213,451.71233,null,20.0,0.08,"[20.0, 20.0]",30.0,null,null,null,gabors,null,90.0,4.0,0.8,"[3644.93333333, 3644.93333333]",0.25020536,64,,,0,,False,7,train,2
1530,0.0,451.71233,451.96254,null,30.0,0.08,"[20.0, 20.0]",0.0,null,null,null,gabors,null,90.0,4.0,0.8,"[3644.93333333, 3644.93333333]",0.25020536,229,,,0,,False,4,train,2
1531,0.0,451.96254,452.21275,null,-30.0,0.08,"[20.0, 20.0]",-20.0,null,null,null,gabors,null,45.0,4.0,0.8,"[3644.93333333, 3644.93333333]",0.25020536,176,,,0,,False,3,train,1
1532,0.0,452.21275,452.46295,null,40.0,0.08,"[20.0, 20.0]",-40.0,null,null,null,gabors,null,0.0,4.0,0.8,"[3644.93333333, 3644.93333333]",0.25020536,132,,,0,,False,5,test,0
1533,0.0,452.46295,452.71317,null,30.0,0.08,"[20.0, 20.0]",-30.0,null,null,null,gabors,null,45.0,4.0,0.8,"[3644.93333333, 3644.93333333]",0.25021714,238,,,0,,False,3,train,1
1534,0.0,452.71317,452.96338,null,-40.0,0.08,"[20.0, 20.0]",-40.0,null,null,null,gabors,null,45.0,4.0,0.8,"[3644.93333333, 3644.93333333]",0.25021714,197,,,0,,False,4,train,1
1535,0.0,452.96338,453.2136,null,-30.0,0.08,"[20.0, 20.0]",10.0,null,null,null,gabors,null,45.0,4.0,0.8,"[3644.93333333, 3644.93333333]",0.25021714,108,,,0,,False,7,train,1
1536,0.0,453.2136,453.46382,null,10.0,0.08,"[20.0, 20.0]",20.0,null,null,null,gabors,null,90.0,4.0,0.8,"[3644.93333333, 3644.93333333]",0.25021714,147,,,0,,False,2,test,2
1537,0.0,453.46382,453.71402,null,-40.0,0.08,"[20.0, 20.0]",-40.0,null,null,null,gabors,null,90.0,4.0,0.8,"[3644.93333333, 3644.93333333]",0.25020036,31,,,0,,False,8,test,2
1538,0.0,453.71402,453.96422,null,10.0,0.08,"[20.0, 20.0]",30.0,null,null,null,gabors,null,0.0,4.0,0.8,"[3644.93333333, 3644.93333333]",0.25020036,226,,,0,,False,6,train,0
1539,0.0,453.96422,454.21442,null,-40.0,0.08,"[20.0, 20.0]",0.0,null,null,null,gabors,null,0.0,4.0,0.8,"[3644.93333333, 3644.93333333]",0.25020036,89,,,0,,False,3,train,0
1540,0.0,454.21442,454.46462,null,-10.0,0.08,"[20.0, 20.0]",-40.0,null,null,null,gabors,null,0.0,4.0,0.8,"[3644.93333333, 3644.93333333]",0.25020036,185,,,0,,False,5,test,0
1541,0.0,454.46462,454.71483,null,10.0,0.08,"[20.0, 20.0]",20.0,null,null,null,gabors,null,90.0,4.0,0.8,"[3644.93333333, 3644.93333333]",0.25021214,147,,,0,,False,3,train,2
1542,0.0,454.71483,454.96504,null,10.0,0.08,"[20.0, 20.0]",-20.0,null,null,null,gabors,null,45.0,4.0,0.8,"[3644.93333333, 3644.93333333]",0.25021214,190,,,0,,False,4,train,1
1543,0.0,454.96504,455.21526,null,-30.0,0.08,"[20.0, 20.0]",-10.0,null,null,null,gabors,null,90.0,4.0,0.8,"[3644.93333333, 3644.93333333]",0.25021214,209,,,0,,False,8,test,2
1544,0.0,455.21526,455.46547,null,-40.0,0.08,"[20.0, 20.0]",-30.0,null,null,null,gabors,null,45.0,4.0,0.8,"[3644.93333333, 3644.93333333]",0.25021214,107,,,0,,False,4,train,1
1545,0.0,455.46547,455.71567,null,0.0,0.08,"[20.0, 20.0]",10.0,null,null,null,gabors,null,45.0,4.0,0.8,"[3644.93333333, 3644.93333333]",0.25020536,188,,,0,,False,3,train,1
1546,0.0,455.71567,455.96588,null,20.0,0.08,"[20.0, 20.0]",-10.0,null,null,null,gabors,null,90.0,4.0,0.8,"[3644.93333333, 3644.93333333]",0.25020536,50,,,0,,False,7,train,2
1547,0.0,455.96588,456.21609,null,-30.0,0.08,"[20.0, 20.0]",20.0,null,null,null,gabors,null,90.0,4.0,0.8,"[3644.93333333, 3644.93333333]",0.25020536,128,,,0,,False,7,train,2
1548,0.0,456.21609,456.46629,null,20.0,0.08,"[20.0, 20.0]",-30.0,null,null,null,gabors,null,90.0,4.0,0.8,"[3644.93333333, 3644.93333333]",0.25020536,28,,,0,,False,5,test,2
1549,0.0,456.46629,456.7165,null,-20.0,0.08,"[20.0, 20.0]",-30.0,null,null,null,gabors,null,90.0,4.0,0.8,"[3644.93333333, 3644.93333333]",0.25020964,221,,,0,,False,5,test,2
1550,0.0,456.7165,456.96671,null,30.0,0.08,"[20.0, 20.0]",10.0,null,null,null,gabors,null,45.0,4.0,0.8,"[3644.93333333, 3644.93333333]",0.25020964,20,,,0,,False,7,train,1
1551,0.0,456.96671,457.21692,null,30.0,0.08,"[20.0, 20.0]",20.0,null,null,null,gabors,null,45.0,4.0,0.8,"[3644.93333333, 3644.93333333]",0.25020964,73,,,0,,False,7,train,1
1552,0.0,457.21692,457.46713,null,-40.0,0.08,"[20.0, 20.0]",-20.0,null,null,null,gabors,null,45.0,4.0,0.8,"[3644.93333333, 3644.93333333]",0.25020964,239,,,0,,False,2,test,1
1553,0.0,457.46713,457.71734,null,30.0,0.08,"[20.0, 20.0]",-30.0,null,null,null,gabors,null,45.0,4.0,0.8,"[3644.93333333, 3644.93333333]",0.25021036,238,,,0,,False,4,train,1
1554,0.0,457.71734,457.96755,null,-40.0,0.08,"[20.0, 20.0]",0.0,null,null,null,gabors,null,0.0,4.0,0.8,"[3644.93333333, 3644.93333333]",0.25021036,89,,,0,,False,4,train,0
1555,0.0,457.96755,458.21776,null,-30.0,0.08,"[20.0, 20.0]",-20.0,null,null,null,gabors,null,90.0,4.0,0.8,"[3644.93333333, 3644.93333333]",0.25021036,13,,,0,,False,8,test,2
1556,0.0,458.21776,458.46797,null,-30.0,0.08,"[20.0, 20.0]",-40.0,null,null,null,gabors,null,45.0,4.0,0.8,"[3644.93333333, 3644.93333333]",0.25021036,47,,,0,,False,4,train,1
1557,0.0,458.46797,458.71818,null,-10.0,0.08,"[20.0, 20.0]",10.0,null,null,null,gabors,null,0.0,4.0,0.8,"[3644.93333333, 3644.93333333]",0.25020964,23,,,0,,False,5,test,0
1558,0.0,458.71818,458.96839,null,-40.0,0.08,"[20.0, 20.0]",-40.0,null,null,null,gabors,null,0.0,4.0,0.8,"[3644.93333333, 3644.93333333]",0.25020964,53,,,0,,False,4,train,0
1559,0.0,458.96839,459.2186,null,40.0,0.08,"[20.0, 20.0]",-30.0,null,null,null,gabors,null,90.0,4.0,0.8,"[3644.93333333, 3644.93333333]",0.25020964,234,,,0,,False,5,test,2
1560,0.0,459.2186,459.46881,null,-20.0,0.08,"[20.0, 20.0]",-30.0,null,null,null,gabors,null,0.0,4.0,0.8,"[3644.93333333, 3644.93333333]",0.25020964,54,,,0,,False,6,train,0
1561,0.0,459.46881,459.71902,null,-40.0,0.08,"[20.0, 20.0]",-20.0,null,null,null,gabors,null,45.0,4.0,0.8,"[3644.93333333, 3644.93333333]",0.25021036,239,,,0,,False,3,train,1
1562,0.0,459.71902,459.96923,null,-10.0,0.08,"[20.0, 20.0]",20.0,null,null,null,gabors,null,0.0,4.0,0.8,"[3644.93333333, 3644.93333333]",0.25021036,1,,,0,,False,6,train,0
1563,0.0,459.96923,460.21944,null,-10.0,0.08,"[20.0, 20.0]",-40.0,null,null,null,gabors,null,45.0,4.0,0.8,"[3644.93333333, 3644.93333333]",0.25021036,122,,,0,,False,6,train,1
1564,0.0,460.21944,460.46965,null,30.0,0.08,"[20.0, 20.0]",-20.0,null,null,null,gabors,null,0.0,4.0,0.8,"[3644.93333333, 3644.93333333]",0.25021036,230,,,0,,False,4,train,0
1565,0.0,460.46965,460.71986,null,10.0,0.08,"[20.0, 20.0]",10.0,null,null,null,gabors,null,90.0,4.0,0.8,"[3644.93333333, 3644.93333333]",0.25020714,214,,,0,,False,4,train,2
1566,0.0,460.71986,460.97006,null,10.0,0.08,"[20.0, 20.0]",20.0,null,null,null,gabors,null,45.0,4.0,0.8,"[3644.93333333, 3644.93333333]",0.25020714,14,,,0,,False,9,train,1
1567,0.0,460.97006,461.22027,null,20.0,0.08,"[20.0, 20.0]",-10.0,null,null,null,gabors,null,90.0,4.0,0.8,"[3644.93333333, 3644.93333333]",0.25020714,50,,,0,,False,8,test,2
1568,0.0,461.22027,461.47048,null,-40.0,0.08,"[20.0, 20.0]",30.0,null,null,null,gabors,null,45.0,4.0,0.8,"[3644.93333333, 3644.93333333]",0.25020714,61,,,0,,False,8,test,1
1569,0.0,461.47048,461.72069,null,-40.0,0.08,"[20.0, 20.0]",10.0,null,null,null,gabors,null,45.0,4.0,0.8,"[3644.93333333, 3644.93333333]",0.25021036,17,,,0,,False,7,train,1
1570,0.0,461.72069,461.9709,null,0.0,0.08,"[20.0, 20.0]",30.0,null,null,null,gabors,null,0.0,4.0,0.8,"[3644.93333333, 3644.93333333]",0.25021036,225,,,0,,False,6,train,0
1571,0.0,461.9709,462.22111,null,-40.0,0.08,"[20.0, 20.0]",10.0,null,null,null,gabors,null,0.0,4.0,0.8,"[3644.93333333, 3644.93333333]",0.25021036,68,,,0,,False,7,train,0
1572,0.0,462.22111,462.47132,null,-40.0,0.08,"[20.0, 20.0]",20.0,null,null,null,gabors,null,0.0,4.0,0.8,"[3644.93333333, 3644.93333333]",0.25021036,139,,,0,,False,7,train,0
1573,0.0,462.47132,462.72153,null,0.0,0.08,"[20.0, 20.0]",-40.0,null,null,null,gabors,null,45.0,4.0,0.8,"[3644.93333333, 3644.93333333]",0.25020964,191,,,0,,False,7,train,1
1574,0.0,462.72153,462.97174,null,30.0,0.08,"[20.0, 20.0]",0.0,null,null,null,gabors,null,90.0,4.0,0.8,"[3644.93333333, 3644.93333333]",0.25020964,229,,,0,,False,5,test,2
1575,0.0,462.97174,463.22195,null,-20.0,0.08,"[20.0, 20.0]",-30.0,null,null,null,gabors,null,0.0,4.0,0.8,"[3644.93333333, 3644.93333333]",0.25020964,54,,,0,,False,7,train,0
1576,0.0,463.22195,463.47216,null,40.0,0.08,"[20.0, 20.0]",0.0,null,null,null,gabors,null,45.0,4.0,0.8,"[3644.93333333, 3644.93333333]",0.25020964,71,,,0,,False,9,train,1
1577,0.0,463.47216,463.72237,null,-20.0,0.08,"[20.0, 20.0]",-30.0,null,null,null,gabors,null,0.0,4.0,0.8,"[3644.93333333, 3644.93333333]",0.25020786,54,,,0,,False,8,test,0
1578,0.0,463.72237,463.97257,null,30.0,0.08,"[20.0, 20.0]",0.0,null,null,null,gabors,null,90.0,4.0,0.8,"[3644.93333333, 3644.93333333]",0.25020786,229,,,0,,False,6,train,2
1579,0.0,463.97257,464.22278,null,-40.0,0.08,"[20.0, 20.0]",40.0,null,null,null,gabors,null,90.0,4.0,0.8,"[3644.93333333, 3644.93333333]",0.25020786,123,,,0,,False,7,train,2
1580,0.0,464.22278,464.47299,null,40.0,0.08,"[20.0, 20.0]",10.0,null,null,null,gabors,null,45.0,4.0,0.8,"[3644.93333333, 3644.93333333]",0.25020786,145,,,0,,False,5,test,1
1581,0.0,464.47299,464.7232,null,10.0,0.08,"[20.0, 20.0]",40.0,null,null,null,gabors,null,90.0,4.0,0.8,"[3644.93333333, 3644.93333333]",0.25020714,39,,,0,,False,6,train,2
1582,0.0,464.7232,464.9734,null,-30.0,0.08,"[20.0, 20.0]",-20.0,null,null,null,gabors,null,0.0,4.0,0.8,"[3644.93333333, 3644.93333333]",0.25020714,119,,,0,,False,6,train,0
1583,0.0,464.9734,465.22361,null,30.0,0.08,"[20.0, 20.0]",-20.0,null,null,null,gabors,null,45.0,4.0,0.8,"[3644.93333333, 3644.93333333]",0.25020714,49,,,0,,False,9,train,1
1584,0.0,465.22361,465.47382,null,-20.0,0.08,"[20.0, 20.0]",-30.0,null,null,null,gabors,null,45.0,4.0,0.8,"[3644.93333333, 3644.93333333]",0.25020714,168,,,0,,False,6,train,1
1585,0.0,465.47382,465.72403,null,-10.0,0.08,"[20.0, 20.0]",0.0,null,null,null,gabors,null,90.0,4.0,0.8,"[3644.93333333, 3644.93333333]",0.25021286,155,,,0,,False,8,test,2
1586,0.0,465.72403,465.97424,null,-10.0,0.08,"[20.0, 20.0]",0.0,null,null,null,gabors,null,0.0,4.0,0.8,"[3644.93333333, 3644.93333333]",0.25021286,127,,,0,,False,6,train,0
1587,0.0,465.97424,466.22446,null,-20.0,0.08,"[20.0, 20.0]",30.0,null,null,null,gabors,null,90.0,4.0,0.8,"[3644.93333333, 3644.93333333]",0.25021286,161,,,0,,False,7,train,2
1588,0.0,466.22446,466.47467,null,10.0,0.08,"[20.0, 20.0]",0.0,null,null,null,gabors,null,90.0,4.0,0.8,"[3644.93333333, 3644.93333333]",0.25021286,15,,,0,,False,8,test,2
1589,0.0,466.47467,466.72488,null,30.0,0.08,"[20.0, 20.0]",0.0,null,null,null,gabors,null,0.0,4.0,0.8,"[3644.93333333, 3644.93333333]",0.25020464,69,,,0,,False,9,train,0
1590,0.0,466.72488,466.97508,null,-10.0,0.08,"[20.0, 20.0]",40.0,null,null,null,gabors,null,0.0,4.0,0.8,"[3644.93333333, 3644.93333333]",0.25020464,223,,,0,,False,4,train,0
1591,0.0,466.97508,467.22528,null,30.0,0.08,"[20.0, 20.0]",0.0,null,null,null,gabors,null,0.0,4.0,0.8,"[3644.93333333, 3644.93333333]",0.25020464,69,,,0,,False,10,train,0
1592,0.0,467.22528,467.47549,null,-40.0,0.08,"[20.0, 20.0]",30.0,null,null,null,gabors,null,45.0,4.0,0.8,"[3644.93333333, 3644.93333333]",0.25020464,61,,,0,,False,9,train,1
1593,0.0,467.47549,467.7257,null,-20.0,0.08,"[20.0, 20.0]",-20.0,null,null,null,gabors,null,0.0,4.0,0.8,"[3644.93333333, 3644.93333333]",0.25021286,205,,,0,,False,4,train,0
1594,0.0,467.7257,467.97591,null,-40.0,0.08,"[20.0, 20.0]",40.0,null,null,null,gabors,null,0.0,4.0,0.8,"[3644.93333333, 3644.93333333]",0.25021286,231,,,0,,False,9,train,0
1595,0.0,467.97591,468.22613,null,30.0,0.08,"[20.0, 20.0]",-30.0,null,null,null,gabors,null,0.0,4.0,0.8,"[3644.93333333, 3644.93333333]",0.25021286,9,,,0,,False,7,train,0
1596,0.0,468.22613,468.47634,null,10.0,0.08,"[20.0, 20.0]",-30.0,null,null,null,gabors,null,90.0,4.0,0.8,"[3644.93333333, 3644.93333333]",0.25021286,200,,,0,,False,4,train,2
1597,0.0,468.47634,468.72655,null,-40.0,0.08,"[20.0, 20.0]",40.0,null,null,null,gabors,null,90.0,4.0,0.8,"[3644.93333333, 3644.93333333]",0.25020714,123,,,0,,False,8,test,2
1598,0.0,468.72655,468.97675,null,30.0,0.08,"[20.0, 20.0]",0.0,null,null,null,gabors,null,90.0,4.0,0.8,"[3644.93333333, 3644.93333333]",0.25020714,229,,,0,,False,7,train,2
1599,0.0,468.97675,469.22696,null,30.0,0.08,"[20.0, 20.0]",-40.0,null,null,null,gabors,null,45.0,4.0,0.8,"[3644.93333333, 3644.93333333]",0.25020714,75,,,0,,False,2,test,1
1600,0.0,469.22696,469.47717,null,-10.0,0.08,"[20.0, 20.0]",40.0,null,null,null,gabors,null,0.0,4.0,0.8,"[3644.93333333, 3644.93333333]",0.25020714,223,,,0,,False,5,test,0
1601,0.0,469.47717,469.72738,null,20.0,0.08,"[20.0, 20.0]",10.0,null,null,null,gabors,null,90.0,4.0,0.8,"[3644.93333333, 3644.93333333]",0.25021036,243,,,0,,False,3,train,2
1602,0.0,469.72738,469.97759,null,30.0,0.08,"[20.0, 20.0]",-30.0,null,null,null,gabors,null,90.0,4.0,0.8,"[3644.93333333, 3644.93333333]",0.25021036,92,,,0,,False,5,test,2
1603,0.0,469.97759,470.2278,null,30.0,0.08,"[20.0, 20.0]",-40.0,null,null,null,gabors,null,90.0,4.0,0.8,"[3644.93333333, 3644.93333333]",0.25021036,6,,,0,,False,8,test,2
1604,0.0,470.2278,470.47801,null,-30.0,0.08,"[20.0, 20.0]",-20.0,null,null,null,gabors,null,90.0,4.0,0.8,"[3644.93333333, 3644.93333333]",0.25021036,13,,,0,,False,9,train,2
1605,0.0,470.47801,470.72822,null,-40.0,0.08,"[20.0, 20.0]",10.0,null,null,null,gabors,null,90.0,4.0,0.8,"[3644.93333333, 3644.93333333]",0.25020964,120,,,0,,False,6,train,2
1606,0.0,470.72822,470.97843,null,10.0,0.08,"[20.0, 20.0]",20.0,null,null,null,gabors,null,0.0,4.0,0.8,"[3644.93333333, 3644.93333333]",0.25020964,129,,,0,,False,6,train,0
1607,0.0,470.97843,471.22864,null,0.0,0.08,"[20.0, 20.0]",30.0,null,null,null,gabors,null,45.0,4.0,0.8,"[3644.93333333, 3644.93333333]",0.25020964,100,,,0,,False,5,test,1
1608,0.0,471.22864,471.47885,null,0.0,0.08,"[20.0, 20.0]",0.0,null,null,null,gabors,null,45.0,4.0,0.8,"[3644.93333333, 3644.93333333]",0.25020964,201,,,0,,False,8,test,1
1609,0.0,471.47885,471.72906,null,-40.0,0.08,"[20.0, 20.0]",-20.0,null,null,null,gabors,null,90.0,4.0,0.8,"[3644.93333333, 3644.93333333]",0.25021036,65,,,0,,False,7,train,2
1610,0.0,471.72906,471.97927,null,-30.0,0.08,"[20.0, 20.0]",20.0,null,null,null,gabors,null,0.0,4.0,0.8,"[3644.93333333, 3644.93333333]",0.25021036,153,,,0,,False,7,train,0
1611,0.0,471.97927,472.22948,null,-20.0,0.08,"[20.0, 20.0]",10.0,null,null,null,gabors,null,0.0,4.0,0.8,"[3644.93333333, 3644.93333333]",0.25021036,138,,,0,,False,6,train,0
1612,0.0,472.22948,472.47969,null,-40.0,0.08,"[20.0, 20.0]",-20.0,null,null,null,gabors,null,45.0,4.0,0.8,"[3644.93333333, 3644.93333333]",0.25021036,239,,,0,,False,4,train,1
1613,0.0,472.47969,472.7299,null,-10.0,0.08,"[20.0, 20.0]",-30.0,null,null,null,gabors,null,0.0,4.0,0.8,"[3644.93333333, 3644.93333333]",0.25020964,224,,,0,,False,5,test,0
1614,0.0,472.7299,472.98011,null,-40.0,0.08,"[20.0, 20.0]",0.0,null,null,null,gabors,null,0.0,4.0,0.8,"[3644.93333333, 3644.93333333]",0.25020964,89,,,0,,False,5,test,0
1615,0.0,472.98011,473.23032,null,-30.0,0.08,"[20.0, 20.0]",-30.0,null,null,null,gabors,null,90.0,4.0,0.8,"[3644.93333333, 3644.93333333]",0.25020964,80,,,0,,False,6,train,2
1616,0.0,473.23032,473.48053,null,0.0,0.08,"[20.0, 20.0]",20.0,null,null,null,gabors,null,90.0,4.0,0.8,"[3644.93333333, 3644.93333333]",0.25020964,233,,,0,,False,4,train,2
1617,0.0,473.48053,473.73074,null,-20.0,0.08,"[20.0, 20.0]",0.0,null,null,null,gabors,null,90.0,4.0,0.8,"[3644.93333333, 3644.93333333]",0.25020786,105,,,0,,False,7,train,2
1618,0.0,473.73074,473.98094,null,-40.0,0.08,"[20.0, 20.0]",-20.0,null,null,null,gabors,null,45.0,4.0,0.8,"[3644.93333333, 3644.93333333]",0.25020786,239,,,0,,False,5,test,1
1619,0.0,473.98094,474.23115,null,10.0,0.08,"[20.0, 20.0]",0.0,null,null,null,gabors,null,90.0,4.0,0.8,"[3644.93333333, 3644.93333333]",0.25020786,15,,,0,,False,9,train,2
1620,0.0,474.23115,474.48136,null,0.0,0.08,"[20.0, 20.0]",-30.0,null,null,null,gabors,null,45.0,4.0,0.8,"[3644.93333333, 3644.93333333]",0.25020786,160,,,0,,False,8,test,1
1621,0.0,474.48136,474.73157,null,30.0,0.08,"[20.0, 20.0]",-30.0,null,null,null,gabors,null,90.0,4.0,0.8,"[3644.93333333, 3644.93333333]",0.25020964,92,,,0,,False,6,train,2
1622,0.0,474.73157,474.98178,null,-30.0,0.08,"[20.0, 20.0]",10.0,null,null,null,gabors,null,45.0,4.0,0.8,"[3644.93333333, 3644.93333333]",0.25020964,108,,,0,,False,8,test,1
1623,0.0,474.98178,475.23199,null,20.0,0.08,"[20.0, 20.0]",-30.0,null,null,null,gabors,null,90.0,4.0,0.8,"[3644.93333333, 3644.93333333]",0.25020964,28,,,0,,False,6,train,2
1624,0.0,475.23199,475.4822,null,-40.0,0.08,"[20.0, 20.0]",-10.0,null,null,null,gabors,null,0.0,4.0,0.8,"[3644.93333333, 3644.93333333]",0.25020964,142,,,0,,False,9,train,0
1625,0.0,475.4822,475.73241,null,20.0,0.08,"[20.0, 20.0]",-40.0,null,null,null,gabors,null,90.0,4.0,0.8,"[3644.93333333, 3644.93333333]",0.25020786,133,,,0,,False,3,train,2
1626,0.0,475.73241,475.98261,null,40.0,0.08,"[20.0, 20.0]",-40.0,null,null,null,gabors,null,0.0,4.0,0.8,"[3644.93333333, 3644.93333333]",0.25020786,132,,,0,,False,6,train,0
1627,0.0,475.98261,476.23282,null,-10.0,0.08,"[20.0, 20.0]",-40.0,null,null,null,gabors,null,45.0,4.0,0.8,"[3644.93333333, 3644.93333333]",0.25020786,122,,,0,,False,7,train,1
1628,0.0,476.23282,476.48303,null,-20.0,0.08,"[20.0, 20.0]",10.0,null,null,null,gabors,null,0.0,4.0,0.8,"[3644.93333333, 3644.93333333]",0.25020786,138,,,0,,False,7,train,0
1629,0.0,476.48303,476.73324,null,-10.0,0.08,"[20.0, 20.0]",40.0,null,null,null,gabors,null,0.0,4.0,0.8,"[3644.93333333, 3644.93333333]",0.25020714,223,,,0,,False,6,train,0
1630,0.0,476.73324,476.98344,null,-40.0,0.08,"[20.0, 20.0]",-40.0,null,null,null,gabors,null,45.0,4.0,0.8,"[3644.93333333, 3644.93333333]",0.25020714,197,,,0,,False,5,test,1
1631,0.0,476.98344,477.23365,null,20.0,0.08,"[20.0, 20.0]",40.0,null,null,null,gabors,null,90.0,4.0,0.8,"[3644.93333333, 3644.93333333]",0.25020714,141,,,0,,False,7,train,2
1632,0.0,477.23365,477.48386,null,-40.0,0.08,"[20.0, 20.0]",40.0,null,null,null,gabors,null,45.0,4.0,0.8,"[3644.93333333, 3644.93333333]",0.25020714,206,,,0,,False,7,train,1
1633,0.0,477.48386,477.73407,null,10.0,0.08,"[20.0, 20.0]",20.0,null,null,null,gabors,null,90.0,4.0,0.8,"[3644.93333333, 3644.93333333]",0.25021286,147,,,0,,False,4,train,2
1634,0.0,477.73407,477.98428,null,-20.0,0.08,"[20.0, 20.0]",10.0,null,null,null,gabors,null,90.0,4.0,0.8,"[3644.93333333, 3644.93333333]",0.25021286,235,,,0,,False,6,train,2
1635,0.0,477.98428,478.2345,null,0.0,0.08,"[20.0, 20.0]",20.0,null,null,null,gabors,null,90.0,4.0,0.8,"[3644.93333333, 3644.93333333]",0.25021286,233,,,0,,False,5,test,2
1636,0.0,478.2345,478.48471,null,40.0,0.08,"[20.0, 20.0]",-10.0,null,null,null,gabors,null,45.0,4.0,0.8,"[3644.93333333, 3644.93333333]",0.25021286,67,,,0,,False,8,test,1
1637,0.0,478.48471,478.73491,null,-20.0,0.08,"[20.0, 20.0]",40.0,null,null,null,gabors,null,45.0,4.0,0.8,"[3644.93333333, 3644.93333333]",0.25020214,179,,,0,,False,7,train,1
1638,0.0,478.73491,478.98511,null,-10.0,0.08,"[20.0, 20.0]",10.0,null,null,null,gabors,null,45.0,4.0,0.8,"[3644.93333333, 3644.93333333]",0.25020214,25,,,0,,False,5,test,1
1639,0.0,478.98511,479.23532,null,10.0,0.08,"[20.0, 20.0]",-30.0,null,null,null,gabors,null,90.0,4.0,0.8,"[3644.93333333, 3644.93333333]",0.25020214,200,,,0,,False,5,test,2
1640,0.0,479.23532,479.48552,null,-30.0,0.08,"[20.0, 20.0]",40.0,null,null,null,gabors,null,45.0,4.0,0.8,"[3644.93333333, 3644.93333333]",0.25020214,63,,,0,,False,9,train,1
1641,0.0,479.48552,479.73573,null,30.0,0.08,"[20.0, 20.0]",-20.0,null,null,null,gabors,null,90.0,4.0,0.8,"[3644.93333333, 3644.93333333]",0.25021286,177,,,0,,False,6,train,2
1642,0.0,479.73573,479.98594,null,10.0,0.08,"[20.0, 20.0]",-10.0,null,null,null,gabors,null,0.0,4.0,0.8,"[3644.93333333, 3644.93333333]",0.25021286,95,,,0,,False,7,train,0
1643,0.0,479.98594,480.23616,null,-30.0,0.08,"[20.0, 20.0]",-30.0,null,null,null,gabors,null,90.0,4.0,0.8,"[3644.93333333, 3644.93333333]",0.25021286,80,,,0,,False,7,train,2
1644,0.0,480.23616,480.48637,null,-20.0,0.08,"[20.0, 20.0]",40.0,null,null,null,gabors,null,45.0,4.0,0.8,"[3644.93333333, 3644.93333333]",0.25021286,179,,,0,,False,8,test,1
1645,0.0,480.48637,480.73659,null,0.0,0.08,"[20.0, 20.0]",-40.0,null,null,null,gabors,null,0.0,4.0,0.8,"[3644.93333333, 3644.93333333]",0.25021464,11,,,0,,False,7,train,0
1646,0.0,480.73659,480.9868,null,30.0,0.08,"[20.0, 20.0]",20.0,null,null,null,gabors,null,0.0,4.0,0.8,"[3644.93333333, 3644.93333333]",0.25021464,164,,,0,,False,7,train,0
1647,0.0,480.9868,481.23701,null,-20.0,0.08,"[20.0, 20.0]",10.0,null,null,null,gabors,null,0.0,4.0,0.8,"[3644.93333333, 3644.93333333]",0.25021464,138,,,0,,False,8,test,0
1648,0.0,481.23701,481.48723,null,-10.0,0.08,"[20.0, 20.0]",-40.0,null,null,null,gabors,null,45.0,4.0,0.8,"[3644.93333333, 3644.93333333]",0.25021464,122,,,0,,False,8,test,1
1649,0.0,481.48723,481.73744,null,-20.0,0.08,"[20.0, 20.0]",-40.0,null,null,null,gabors,null,0.0,4.0,0.8,"[3644.93333333, 3644.93333333]",0.25020786,212,,,0,,False,8,test,0
1650,0.0,481.73744,481.98764,null,10.0,0.08,"[20.0, 20.0]",40.0,null,null,null,gabors,null,0.0,4.0,0.8,"[3644.93333333, 3644.93333333]",0.25020786,56,,,0,,False,4,train,0
1651,0.0,481.98764,482.23785,null,-30.0,0.08,"[20.0, 20.0]",30.0,null,null,null,gabors,null,90.0,4.0,0.8,"[3644.93333333, 3644.93333333]",0.25020786,111,,,0,,False,5,test,2
1652,0.0,482.23785,482.48806,null,20.0,0.08,"[20.0, 20.0]",20.0,null,null,null,gabors,null,90.0,4.0,0.8,"[3644.93333333, 3644.93333333]",0.25020786,24,,,0,,False,6,train,2
1653,0.0,482.48806,482.73827,null,40.0,0.08,"[20.0, 20.0]",-30.0,null,null,null,gabors,null,0.0,4.0,0.8,"[3644.93333333, 3644.93333333]",0.25020964,183,,,0,,False,5,test,0
1654,0.0,482.73827,482.98848,null,-40.0,0.08,"[20.0, 20.0]",-40.0,null,null,null,gabors,null,0.0,4.0,0.8,"[3644.93333333, 3644.93333333]",0.25020964,53,,,0,,False,5,test,0
1655,0.0,482.98848,483.23869,null,-20.0,0.08,"[20.0, 20.0]",-40.0,null,null,null,gabors,null,45.0,4.0,0.8,"[3644.93333333, 3644.93333333]",0.25020964,106,,,0,,False,6,train,1
1656,0.0,483.23869,483.4889,null,0.0,0.08,"[20.0, 20.0]",40.0,null,null,null,gabors,null,0.0,4.0,0.8,"[3644.93333333, 3644.93333333]",0.25020964,215,,,0,,False,5,test,0
1657,0.0,483.4889,483.73911,null,-20.0,0.08,"[20.0, 20.0]",20.0,null,null,null,gabors,null,90.0,4.0,0.8,"[3644.93333333, 3644.93333333]",0.25020786,198,,,0,,False,4,train,2
1658,0.0,483.73911,483.98931,null,10.0,0.08,"[20.0, 20.0]",-20.0,null,null,null,gabors,null,90.0,4.0,0.8,"[3644.93333333, 3644.93333333]",0.25020786,57,,,0,,False,4,train,2
1659,0.0,483.98931,484.23952,null,-10.0,0.08,"[20.0, 20.0]",-30.0,null,null,null,gabors,null,90.0,4.0,0.8,"[3644.93333333, 3644.93333333]",0.25020786,202,,,0,,False,5,test,2
1660,0.0,484.23952,484.48973,null,0.0,0.08,"[20.0, 20.0]",-10.0,null,null,null,gabors,null,90.0,4.0,0.8,"[3644.93333333, 3644.93333333]",0.25020786,218,,,0,,False,5,test,2
1661,0.0,484.48973,484.73994,null,-20.0,0.08,"[20.0, 20.0]",-10.0,null,null,null,gabors,null,90.0,4.0,0.8,"[3644.93333333, 3644.93333333]",0.25020464,236,,,0,,False,7,train,2
1662,0.0,484.73994,484.99014,null,-20.0,0.08,"[20.0, 20.0]",20.0,null,null,null,gabors,null,0.0,4.0,0.8,"[3644.93333333, 3644.93333333]",0.25020464,178,,,0,,False,6,train,0
1663,0.0,484.99014,485.24034,null,-40.0,0.08,"[20.0, 20.0]",-40.0,null,null,null,gabors,null,45.0,4.0,0.8,"[3644.93333333, 3644.93333333]",0.25020464,197,,,0,,False,6,train,1
1664,0.0,485.24034,485.49055,null,-30.0,0.08,"[20.0, 20.0]",30.0,null,null,null,gabors,null,45.0,4.0,0.8,"[3644.93333333, 3644.93333333]",0.25020464,217,,,0,,False,7,train,1
1665,0.0,485.49055,485.74076,null,30.0,0.08,"[20.0, 20.0]",10.0,null,null,null,gabors,null,90.0,4.0,0.8,"[3644.93333333, 3644.93333333]",0.25021286,171,,,0,,False,5,test,2
1666,0.0,485.74076,485.99097,null,10.0,0.08,"[20.0, 20.0]",-30.0,null,null,null,gabors,null,45.0,4.0,0.8,"[3644.93333333, 3644.93333333]",0.25021286,152,,,0,,False,5,test,1
1667,0.0,485.99097,486.24119,null,-40.0,0.08,"[20.0, 20.0]",-40.0,null,null,null,gabors,null,0.0,4.0,0.8,"[3644.93333333, 3644.93333333]",0.25021286,53,,,0,,False,6,train,0
1668,0.0,486.24119,486.4914,null,30.0,0.08,"[20.0, 20.0]",-40.0,null,null,null,gabors,null,90.0,4.0,0.8,"[3644.93333333, 3644.93333333]",0.25021286,6,,,0,,False,9,train,2
1669,0.0,486.4914,486.74162,null,20.0,0.08,"[20.0, 20.0]",-10.0,null,null,null,gabors,null,0.0,4.0,0.8,"[3644.93333333, 3644.93333333]",0.25021464,48,,,0,,False,7,train,0
1670,0.0,486.74162,486.99183,null,30.0,0.08,"[20.0, 20.0]",40.0,null,null,null,gabors,null,90.0,4.0,0.8,"[3644.93333333, 3644.93333333]",0.25021464,169,,,0,,False,4,train,2
1671,0.0,486.99183,487.24204,null,-40.0,0.08,"[20.0, 20.0]",-30.0,null,null,null,gabors,null,90.0,4.0,0.8,"[3644.93333333, 3644.93333333]",0.25021464,86,,,0,,False,7,train,2
1672,0.0,487.24204,487.49226,null,30.0,0.08,"[20.0, 20.0]",-40.0,null,null,null,gabors,null,0.0,4.0,0.8,"[3644.93333333, 3644.93333333]",0.25021464,37,,,0,,False,8,test,0
1673,0.0,487.49226,487.74246,null,-40.0,0.08,"[20.0, 20.0]",10.0,null,null,null,gabors,null,0.0,4.0,0.8,"[3644.93333333, 3644.93333333]",0.25020286,68,,,0,,False,8,test,0
1674,0.0,487.74246,487.99266,null,-10.0,0.08,"[20.0, 20.0]",40.0,null,null,null,gabors,null,90.0,4.0,0.8,"[3644.93333333, 3644.93333333]",0.25020286,222,,,0,,False,6,train,2
1675,0.0,487.99266,488.24287,null,-20.0,0.08,"[20.0, 20.0]",-30.0,null,null,null,gabors,null,0.0,4.0,0.8,"[3644.93333333, 3644.93333333]",0.25020286,54,,,0,,False,9,train,0
1676,0.0,488.24287,488.49307,null,-30.0,0.08,"[20.0, 20.0]",40.0,null,null,null,gabors,null,0.0,4.0,0.8,"[3644.93333333, 3644.93333333]",0.25020286,22,,,0,,False,9,train,0
1677,0.0,488.49307,488.74329,null,-30.0,0.08,"[20.0, 20.0]",40.0,null,null,null,gabors,null,0.0,4.0,0.8,"[3644.93333333, 3644.93333333]",0.25021464,22,,,0,,False,10,train,0
1678,0.0,488.74329,488.9935,null,20.0,0.08,"[20.0, 20.0]",-30.0,null,null,null,gabors,null,45.0,4.0,0.8,"[3644.93333333, 3644.93333333]",0.25021464,41,,,0,,False,7,train,1
1679,0.0,488.9935,489.24371,null,20.0,0.08,"[20.0, 20.0]",40.0,null,null,null,gabors,null,90.0,4.0,0.8,"[3644.93333333, 3644.93333333]",0.25021464,141,,,0,,False,8,test,2
1680,0.0,489.24371,489.49393,null,20.0,0.08,"[20.0, 20.0]",-40.0,null,null,null,gabors,null,45.0,4.0,0.8,"[3644.93333333, 3644.93333333]",0.25021464,125,,,0,,False,5,test,1
1681,0.0,489.49393,489.74413,null,-20.0,0.08,"[20.0, 20.0]",-10.0,null,null,null,gabors,null,45.0,4.0,0.8,"[3644.93333333, 3644.93333333]",0.25020536,29,,,0,,False,9,train,1
1682,0.0,489.74413,489.99434,null,20.0,0.08,"[20.0, 20.0]",20.0,null,null,null,gabors,null,90.0,4.0,0.8,"[3644.93333333, 3644.93333333]",0.25020536,24,,,0,,False,7,train,2
1683,0.0,489.99434,490.24455,null,10.0,0.08,"[20.0, 20.0]",30.0,null,null,null,gabors,null,0.0,4.0,0.8,"[3644.93333333, 3644.93333333]",0.25020536,226,,,0,,False,7,train,0
1684,0.0,490.24455,490.49475,null,20.0,0.08,"[20.0, 20.0]",20.0,null,null,null,gabors,null,90.0,4.0,0.8,"[3644.93333333, 3644.93333333]",0.25020536,24,,,0,,False,8,test,2
1685,0.0,490.49475,490.74497,null,10.0,0.08,"[20.0, 20.0]",-20.0,null,null,null,gabors,null,0.0,4.0,0.8,"[3644.93333333, 3644.93333333]",0.25021714,116,,,0,,False,2,test,0
1686,0.0,490.74497,490.99518,null,10.0,0.08,"[20.0, 20.0]",40.0,null,null,null,gabors,null,0.0,4.0,0.8,"[3644.93333333, 3644.93333333]",0.25021714,56,,,0,,False,5,test,0
1687,0.0,490.99518,491.2454,null,0.0,0.08,"[20.0, 20.0]",20.0,null,null,null,gabors,null,45.0,4.0,0.8,"[3644.93333333, 3644.93333333]",0.25021714,232,,,0,,False,4,train,1
1688,0.0,491.2454,491.49562,null,-30.0,0.08,"[20.0, 20.0]",0.0,null,null,null,gabors,null,45.0,4.0,0.8,"[3644.93333333, 3644.93333333]",0.25021714,99,,,0,,False,6,train,1
1689,0.0,491.49562,491.74582,null,20.0,0.08,"[20.0, 20.0]",30.0,null,null,null,gabors,null,0.0,4.0,0.8,"[3644.93333333, 3644.93333333]",0.25020036,186,,,0,,False,8,test,0
1690,0.0,491.74582,491.99602,null,-10.0,0.08,"[20.0, 20.0]",-10.0,null,null,null,gabors,null,90.0,4.0,0.8,"[3644.93333333, 3644.93333333]",0.25020036,182,,,0,,False,6,train,2
1691,0.0,491.99602,492.24622,null,10.0,0.08,"[20.0, 20.0]",40.0,null,null,null,gabors,null,45.0,4.0,0.8,"[3644.93333333, 3644.93333333]",0.25020036,38,,,0,,False,6,train,1
1692,0.0,492.24622,492.49642,null,-40.0,0.08,"[20.0, 20.0]",40.0,null,null,null,gabors,null,45.0,4.0,0.8,"[3644.93333333, 3644.93333333]",0.25020036,206,,,0,,False,8,test,1
1693,0.0,492.49642,492.74663,null,-40.0,0.08,"[20.0, 20.0]",0.0,null,null,null,gabors,null,45.0,4.0,0.8,"[3644.93333333, 3644.93333333]",0.25020964,130,,,0,,False,7,train,1
1694,0.0,492.74663,492.99684,null,10.0,0.08,"[20.0, 20.0]",-40.0,null,null,null,gabors,null,90.0,4.0,0.8,"[3644.93333333, 3644.93333333]",0.25020964,118,,,0,,False,8,test,2
1695,0.0,492.99684,493.24705,null,-30.0,0.08,"[20.0, 20.0]",-40.0,null,null,null,gabors,null,0.0,4.0,0.8,"[3644.93333333, 3644.93333333]",0.25020964,213,,,0,,False,6,train,0
1696,0.0,493.24705,493.49726,null,-20.0,0.08,"[20.0, 20.0]",30.0,null,null,null,gabors,null,45.0,4.0,0.8,"[3644.93333333, 3644.93333333]",0.25020964,72,,,0,,False,2,test,1
1697,0.0,493.49726,493.74747,null,-40.0,0.08,"[20.0, 20.0]",-10.0,null,null,null,gabors,null,0.0,4.0,0.8,"[3644.93333333, 3644.93333333]",0.25021036,142,,,0,,False,10,train,0
1698,0.0,493.74747,493.99768,null,-10.0,0.08,"[20.0, 20.0]",30.0,null,null,null,gabors,null,90.0,4.0,0.8,"[3644.93333333, 3644.93333333]",0.25021036,70,,,0,,False,8,test,2
1699,0.0,493.99768,494.24789,null,-40.0,0.08,"[20.0, 20.0]",0.0,null,null,null,gabors,null,45.0,4.0,0.8,"[3644.93333333, 3644.93333333]",0.25021036,130,,,0,,False,8,test,1
1700,0.0,494.24789,494.4981,null,-30.0,0.08,"[20.0, 20.0]",-40.0,null,null,null,gabors,null,45.0,4.0,0.8,"[3644.93333333, 3644.93333333]",0.25021036,47,,,0,,False,5,test,1
1701,0.0,494.4981,494.74831,null,-40.0,0.08,"[20.0, 20.0]",-30.0,null,null,null,gabors,null,0.0,4.0,0.8,"[3644.93333333, 3644.93333333]",0.25020964,172,,,0,,False,6,train,0
1702,0.0,494.74831,494.99852,null,20.0,0.08,"[20.0, 20.0]",-40.0,null,null,null,gabors,null,90.0,4.0,0.8,"[3644.93333333, 3644.93333333]",0.25020964,133,,,0,,False,4,train,2
1703,0.0,494.99852,495.24873,null,30.0,0.08,"[20.0, 20.0]",20.0,null,null,null,gabors,null,90.0,4.0,0.8,"[3644.93333333, 3644.93333333]",0.25020964,76,,,0,,False,8,test,2
1704,0.0,495.24873,495.49894,null,0.0,0.08,"[20.0, 20.0]",20.0,null,null,null,gabors,null,45.0,4.0,0.8,"[3644.93333333, 3644.93333333]",0.25020964,232,,,0,,False,5,test,1
1705,0.0,495.49894,495.74915,null,20.0,0.08,"[20.0, 20.0]",-30.0,null,null,null,gabors,null,90.0,4.0,0.8,"[3644.93333333, 3644.93333333]",0.25020786,28,,,0,,False,7,train,2
1706,0.0,495.74915,495.99935,null,0.0,0.08,"[20.0, 20.0]",10.0,null,null,null,gabors,null,90.0,4.0,0.8,"[3644.93333333, 3644.93333333]",0.25020786,196,,,0,,False,7,train,2
1707,0.0,495.99935,496.24956,null,-40.0,0.08,"[20.0, 20.0]",20.0,null,null,null,gabors,null,0.0,4.0,0.8,"[3644.93333333, 3644.93333333]",0.25020786,139,,,0,,False,8,test,0
1708,0.0,496.24956,496.49977,null,20.0,0.08,"[20.0, 20.0]",0.0,null,null,null,gabors,null,45.0,4.0,0.8,"[3644.93333333, 3644.93333333]",0.25020786,203,,,0,,False,4,train,1
1709,0.0,496.49977,496.74998,null,0.0,0.08,"[20.0, 20.0]",40.0,null,null,null,gabors,null,45.0,4.0,0.8,"[3644.93333333, 3644.93333333]",0.25020964,156,,,0,,False,4,train,1
1710,0.0,496.74998,497.00019,null,20.0,0.08,"[20.0, 20.0]",40.0,null,null,null,gabors,null,45.0,4.0,0.8,"[3644.93333333, 3644.93333333]",0.25020964,136,,,0,,False,6,train,1
1711,0.0,497.00019,497.2504,null,0.0,0.08,"[20.0, 20.0]",-20.0,null,null,null,gabors,null,90.0,4.0,0.8,"[3644.93333333, 3644.93333333]",0.25020964,44,,,0,,False,9,train,2
1712,0.0,497.2504,497.50061,null,20.0,0.08,"[20.0, 20.0]",-10.0,null,null,null,gabors,null,45.0,4.0,0.8,"[3644.93333333, 3644.93333333]",0.25020964,242,,,0,,False,6,train,1
1713,0.0,497.50061,497.75082,null,0.0,0.08,"[20.0, 20.0]",30.0,null,null,null,gabors,null,0.0,4.0,0.8,"[3644.93333333, 3644.93333333]",0.25021036,225,,,0,,False,7,train,0
1714,0.0,497.75082,498.00103,null,10.0,0.08,"[20.0, 20.0]",-30.0,null,null,null,gabors,null,0.0,4.0,0.8,"[3644.93333333, 3644.93333333]",0.25021036,220,,,0,,False,6,train,0
1715,0.0,498.00103,498.25124,null,40.0,0.08,"[20.0, 20.0]",-10.0,null,null,null,gabors,null,0.0,4.0,0.8,"[3644.93333333, 3644.93333333]",0.25021036,83,,,0,,False,4,train,0
1716,0.0,498.25124,498.50145,null,20.0,0.08,"[20.0, 20.0]",10.0,null,null,null,gabors,null,0.0,4.0,0.8,"[3644.93333333, 3644.93333333]",0.25021036,21,,,0,,False,7,train,0
1717,0.0,498.50145,498.75166,null,20.0,0.08,"[20.0, 20.0]",-30.0,null,null,null,gabors,null,90.0,4.0,0.8,"[3644.93333333, 3644.93333333]",0.25020964,28,,,0,,False,8,test,2
1718,0.0,498.75166,499.00187,null,40.0,0.08,"[20.0, 20.0]",-20.0,null,null,null,gabors,null,0.0,4.0,0.8,"[3644.93333333, 3644.93333333]",0.25020964,3,,,0,,False,5,test,0
1719,0.0,499.00187,499.25208,null,0.0,0.08,"[20.0, 20.0]",-30.0,null,null,null,gabors,null,90.0,4.0,0.8,"[3644.93333333, 3644.93333333]",0.25020964,113,,,0,,False,5,test,2
1720,0.0,499.25208,499.50229,null,-40.0,0.08,"[20.0, 20.0]",0.0,null,null,null,gabors,null,0.0,4.0,0.8,"[3644.93333333, 3644.93333333]",0.25020964,89,,,0,,False,6,train,0
1721,0.0,499.50229,499.75249,null,0.0,0.08,"[20.0, 20.0]",-40.0,null,null,null,gabors,null,0.0,4.0,0.8,"[3644.93333333, 3644.93333333]",0.25020536,11,,,0,,False,8,test,0
1722,0.0,499.75249,500.0027,null,0.0,0.08,"[20.0, 20.0]",-10.0,null,null,null,gabors,null,0.0,4.0,0.8,"[3644.93333333, 3644.93333333]",0.25020536,143,,,0,,False,6,train,0
1723,0.0,500.0027,500.25291,null,-30.0,0.08,"[20.0, 20.0]",-40.0,null,null,null,gabors,null,90.0,4.0,0.8,"[3644.93333333, 3644.93333333]",0.25020536,150,,,0,,False,5,test,2
1724,0.0,500.25291,500.50311,null,-10.0,0.08,"[20.0, 20.0]",-10.0,null,null,null,gabors,null,0.0,4.0,0.8,"[3644.93333333, 3644.93333333]",0.25020536,173,,,0,,False,5,test,0
1725,0.0,500.50311,500.75332,null,10.0,0.08,"[20.0, 20.0]",-10.0,null,null,null,gabors,null,90.0,4.0,0.8,"[3644.93333333, 3644.93333333]",0.25020964,81,,,0,,False,4,train,2
1726,0.0,500.75332,501.00353,null,10.0,0.08,"[20.0, 20.0]",20.0,null,null,null,gabors,null,90.0,4.0,0.8,"[3644.93333333, 3644.93333333]",0.25020964,147,,,0,,False,5,test,2
1727,0.0,501.00353,501.25374,null,10.0,0.08,"[20.0, 20.0]",-20.0,null,null,null,gabors,null,45.0,4.0,0.8,"[3644.93333333, 3644.93333333]",0.25020964,190,,,0,,False,5,test,1
1728,0.0,501.25374,501.50395,null,-10.0,0.08,"[20.0, 20.0]",-40.0,null,null,null,gabors,null,90.0,4.0,0.8,"[3644.93333333, 3644.93333333]",0.25020964,91,,,0,,False,7,train,2
1729,0.0,501.50395,501.75416,null,-30.0,0.08,"[20.0, 20.0]",-30.0,null,null,null,gabors,null,0.0,4.0,0.8,"[3644.93333333, 3644.93333333]",0.25021036,43,,,0,,False,6,train,0
1730,0.0,501.75416,502.00437,null,10.0,0.08,"[20.0, 20.0]",-30.0,null,null,null,gabors,null,90.0,4.0,0.8,"[3644.93333333, 3644.93333333]",0.25021036,200,,,0,,False,6,train,2
1731,0.0,502.00437,502.25458,null,0.0,0.08,"[20.0, 20.0]",-20.0,null,null,null,gabors,null,45.0,4.0,0.8,"[3644.93333333, 3644.93333333]",0.25021036,103,,,0,,False,5,test,1
1732,0.0,502.25458,502.50479,null,30.0,0.08,"[20.0, 20.0]",-30.0,null,null,null,gabors,null,45.0,4.0,0.8,"[3644.93333333, 3644.93333333]",0.25021036,238,,,0,,False,5,test,1
1733,0.0,502.50479,502.755,null,0.0,0.08,"[20.0, 20.0]",-20.0,null,null,null,gabors,null,45.0,4.0,0.8,"[3644.93333333, 3644.93333333]",0.25020714,103,,,0,,False,6,train,1
1734,0.0,502.755,503.0052,null,40.0,0.08,"[20.0, 20.0]",-30.0,null,null,null,gabors,null,45.0,4.0,0.8,"[3644.93333333, 3644.93333333]",0.25020714,137,,,0,,False,4,train,1
1735,0.0,503.0052,503.25541,null,40.0,0.08,"[20.0, 20.0]",0.0,null,null,null,gabors,null,45.0,4.0,0.8,"[3644.93333333, 3644.93333333]",0.25020714,71,,,0,,False,10,train,1
1736,0.0,503.25541,503.50562,null,-40.0,0.08,"[20.0, 20.0]",-40.0,null,null,null,gabors,null,90.0,4.0,0.8,"[3644.93333333, 3644.93333333]",0.25020714,31,,,0,,False,9,train,2
1737,0.0,503.50562,503.75583,null,20.0,0.08,"[20.0, 20.0]",-10.0,null,null,null,gabors,null,90.0,4.0,0.8,"[3644.93333333, 3644.93333333]",0.25021036,50,,,0,,False,9,train,2
1738,0.0,503.75583,504.00604,null,10.0,0.08,"[20.0, 20.0]",0.0,null,null,null,gabors,null,45.0,4.0,0.8,"[3644.93333333, 3644.93333333]",0.25021036,187,,,0,,False,5,test,1
1739,0.0,504.00604,504.25625,null,-10.0,0.08,"[20.0, 20.0]",-30.0,null,null,null,gabors,null,45.0,4.0,0.8,"[3644.93333333, 3644.93333333]",0.25021036,151,,,0,,False,9,train,1
1740,0.0,504.25625,504.50646,null,10.0,0.08,"[20.0, 20.0]",40.0,null,null,null,gabors,null,45.0,4.0,0.8,"[3644.93333333, 3644.93333333]",0.25021036,38,,,0,,False,7,train,1
1741,0.0,504.50646,504.75667,null,-30.0,0.08,"[20.0, 20.0]",-40.0,null,null,null,gabors,null,90.0,4.0,0.8,"[3644.93333333, 3644.93333333]",0.25021214,150,,,0,,False,6,train,2
1742,0.0,504.75667,505.00688,null,-40.0,0.08,"[20.0, 20.0]",-40.0,null,null,null,gabors,null,0.0,4.0,0.8,"[3644.93333333, 3644.93333333]",0.25021214,53,,,0,,False,7,train,0
1743,0.0,505.00688,505.2571,null,-30.0,0.08,"[20.0, 20.0]",0.0,null,null,null,gabors,null,90.0,4.0,0.8,"[3644.93333333, 3644.93333333]",0.25021214,84,,,0,,False,4,train,2
1744,0.0,505.2571,505.50731,null,30.0,0.08,"[20.0, 20.0]",0.0,null,null,null,gabors,null,0.0,4.0,0.8,"[3644.93333333, 3644.93333333]",0.25021214,69,,,0,,False,11,test,0
1745,0.0,505.50731,505.75752,null,-20.0,0.08,"[20.0, 20.0]",-30.0,null,null,null,gabors,null,45.0,4.0,0.8,"[3644.93333333, 3644.93333333]",0.25020786,168,,,0,,False,7,train,1
1746,0.0,505.75752,506.00772,null,40.0,0.08,"[20.0, 20.0]",10.0,null,null,null,gabors,null,0.0,4.0,0.8,"[3644.93333333, 3644.93333333]",0.25020786,62,,,0,,False,5,test,0
1747,0.0,506.00772,506.25793,null,-30.0,0.08,"[20.0, 20.0]",-40.0,null,null,null,gabors,null,90.0,4.0,0.8,"[3644.93333333, 3644.93333333]",0.25020786,150,,,0,,False,7,train,2
1748,0.0,506.25793,506.50814,null,10.0,0.08,"[20.0, 20.0]",-10.0,null,null,null,gabors,null,90.0,4.0,0.8,"[3644.93333333, 3644.93333333]",0.25020786,81,,,0,,False,5,test,2
1749,0.0,506.50814,506.75835,null,-10.0,0.08,"[20.0, 20.0]",0.0,null,null,null,gabors,null,0.0,4.0,0.8,"[3644.93333333, 3644.93333333]",0.25020714,127,,,0,,False,7,train,0
1750,0.0,506.75835,507.00855,null,40.0,0.08,"[20.0, 20.0]",-40.0,null,null,null,gabors,null,45.0,4.0,0.8,"[3644.93333333, 3644.93333333]",0.25020714,34,,,0,,False,8,test,1
1751,0.0,507.00855,507.25876,null,40.0,0.08,"[20.0, 20.0]",30.0,null,null,null,gabors,null,0.0,4.0,0.8,"[3644.93333333, 3644.93333333]",0.25020714,126,,,0,,False,3,train,0
1752,0.0,507.25876,507.50897,null,10.0,0.08,"[20.0, 20.0]",-10.0,null,null,null,gabors,null,90.0,4.0,0.8,"[3644.93333333, 3644.93333333]",0.25020714,81,,,0,,False,6,train,2
1753,0.0,507.50897,507.75918,null,40.0,0.08,"[20.0, 20.0]",10.0,null,null,null,gabors,null,45.0,4.0,0.8,"[3644.93333333, 3644.93333333]",0.25021036,145,,,0,,False,6,train,1
1754,0.0,507.75918,508.00939,null,0.0,0.08,"[20.0, 20.0]",10.0,null,null,null,gabors,null,45.0,4.0,0.8,"[3644.93333333, 3644.93333333]",0.25021036,188,,,0,,False,4,train,1
1755,0.0,508.00939,508.2596,null,20.0,0.08,"[20.0, 20.0]",0.0,null,null,null,gabors,null,90.0,4.0,0.8,"[3644.93333333, 3644.93333333]",0.25021036,146,,,0,,False,4,train,2
1756,0.0,508.2596,508.50981,null,40.0,0.08,"[20.0, 20.0]",-20.0,null,null,null,gabors,null,0.0,4.0,0.8,"[3644.93333333, 3644.93333333]",0.25021036,3,,,0,,False,6,train,0
1757,0.0,508.50981,508.76002,null,0.0,0.08,"[20.0, 20.0]",-10.0,null,null,null,gabors,null,90.0,4.0,0.8,"[3644.93333333, 3644.93333333]",0.25021214,218,,,0,,False,6,train,2
1758,0.0,508.76002,509.01023,null,10.0,0.08,"[20.0, 20.0]",0.0,null,null,null,gabors,null,45.0,4.0,0.8,"[3644.93333333, 3644.93333333]",0.25021214,187,,,0,,False,6,train,1
1759,0.0,509.01023,509.26045,null,10.0,0.08,"[20.0, 20.0]",30.0,null,null,null,gabors,null,0.0,4.0,0.8,"[3644.93333333, 3644.93333333]",0.25021214,226,,,0,,False,8,test,0
1760,0.0,509.26045,509.51066,null,-20.0,0.08,"[20.0, 20.0]",20.0,null,null,null,gabors,null,90.0,4.0,0.8,"[3644.93333333, 3644.93333333]",0.25021214,198,,,0,,False,5,test,2
1761,0.0,509.51066,509.76086,null,-20.0,0.08,"[20.0, 20.0]",30.0,null,null,null,gabors,null,45.0,4.0,0.8,"[3644.93333333, 3644.93333333]",0.25020286,72,,,0,,False,3,train,1
1762,0.0,509.76086,510.01106,null,0.0,0.08,"[20.0, 20.0]",10.0,null,null,null,gabors,null,90.0,4.0,0.8,"[3644.93333333, 3644.93333333]",0.25020286,196,,,0,,False,8,test,2
1763,0.0,510.01106,510.26127,null,-40.0,0.08,"[20.0, 20.0]",20.0,null,null,null,gabors,null,90.0,4.0,0.8,"[3644.93333333, 3644.93333333]",0.25020286,55,,,0,,False,8,test,2
1764,0.0,510.26127,510.51147,null,-20.0,0.08,"[20.0, 20.0]",40.0,null,null,null,gabors,null,90.0,4.0,0.8,"[3644.93333333, 3644.93333333]",0.25020286,79,,,0,,False,7,train,2
1765,0.0,510.51147,510.76168,null,-10.0,0.08,"[20.0, 20.0]",-20.0,null,null,null,gabors,null,45.0,4.0,0.8,"[3644.93333333, 3644.93333333]",0.25020964,166,,,0,,False,5,test,1
1766,0.0,510.76168,511.01189,null,10.0,0.08,"[20.0, 20.0]",-20.0,null,null,null,gabors,null,45.0,4.0,0.8,"[3644.93333333, 3644.93333333]",0.25020964,190,,,0,,False,6,train,1
1767,0.0,511.01189,511.2621,null,0.0,0.08,"[20.0, 20.0]",10.0,null,null,null,gabors,null,45.0,4.0,0.8,"[3644.93333333, 3644.93333333]",0.25020964,188,,,0,,False,5,test,1
1768,0.0,511.2621,511.51231,null,-40.0,0.08,"[20.0, 20.0]",30.0,null,null,null,gabors,null,0.0,4.0,0.8,"[3644.93333333, 3644.93333333]",0.25020964,144,,,0,,False,11,test,0
1769,0.0,511.51231,511.76252,null,0.0,0.08,"[20.0, 20.0]",10.0,null,null,null,gabors,null,0.0,4.0,0.8,"[3644.93333333, 3644.93333333]",0.25021036,90,,,0,,False,5,test,0
1770,0.0,511.76252,512.01273,null,40.0,0.08,"[20.0, 20.0]",10.0,null,null,null,gabors,null,90.0,4.0,0.8,"[3644.93333333, 3644.93333333]",0.25021036,8,,,0,,False,10,train,2
1771,0.0,512.01273,512.26294,null,-30.0,0.08,"[20.0, 20.0]",-20.0,null,null,null,gabors,null,0.0,4.0,0.8,"[3644.93333333, 3644.93333333]",0.25021036,119,,,0,,False,7,train,0
1772,0.0,512.26294,512.51315,null,0.0,0.08,"[20.0, 20.0]",-10.0,null,null,null,gabors,null,90.0,4.0,0.8,"[3644.93333333, 3644.93333333]",0.25021036,218,,,0,,False,7,train,2
1773,0.0,512.51315,512.76335,null,-40.0,0.08,"[20.0, 20.0]",40.0,null,null,null,gabors,null,0.0,4.0,0.8,"[3644.93333333, 3644.93333333]",0.25020214,231,,,0,,False,10,train,0
1774,0.0,512.76335,513.01355,null,20.0,0.08,"[20.0, 20.0]",0.0,null,null,null,gabors,null,90.0,4.0,0.8,"[3644.93333333, 3644.93333333]",0.25020214,146,,,0,,False,5,test,2
1775,0.0,513.01355,513.26376,null,40.0,0.08,"[20.0, 20.0]",30.0,null,null,null,gabors,null,45.0,4.0,0.8,"[3644.93333333, 3644.93333333]",0.25020214,163,,,0,,False,5,test,1
1776,0.0,513.26376,513.51396,null,-30.0,0.08,"[20.0, 20.0]",-30.0,null,null,null,gabors,null,45.0,4.0,0.8,"[3644.93333333, 3644.93333333]",0.25020214,46,,,0,,False,9,train,1
1777,0.0,513.51396,513.76418,null,-40.0,0.08,"[20.0, 20.0]",20.0,null,null,null,gabors,null,90.0,4.0,0.8,"[3644.93333333, 3644.93333333]",0.25021786,55,,,0,,False,9,train,2
1778,0.0,513.76418,514.01439,null,-30.0,0.08,"[20.0, 20.0]",0.0,null,null,null,gabors,null,45.0,4.0,0.8,"[3644.93333333, 3644.93333333]",0.25021786,99,,,0,,False,7,train,1
1779,0.0,514.01439,514.26461,null,-20.0,0.08,"[20.0, 20.0]",30.0,null,null,null,gabors,null,90.0,4.0,0.8,"[3644.93333333, 3644.93333333]",0.25021786,161,,,0,,False,8,test,2
1780,0.0,514.26461,514.51483,null,40.0,0.08,"[20.0, 20.0]",0.0,null,null,null,gabors,null,45.0,4.0,0.8,"[3644.93333333, 3644.93333333]",0.25021786,71,,,0,,False,11,test,1
1781,0.0,514.51483,514.76504,null,0.0,0.08,"[20.0, 20.0]",40.0,null,null,null,gabors,null,90.0,4.0,0.8,"[3644.93333333, 3644.93333333]",0.25021214,97,,,0,,False,7,train,2
1782,0.0,514.76504,515.01525,null,40.0,0.08,"[20.0, 20.0]",30.0,null,null,null,gabors,null,45.0,4.0,0.8,"[3644.93333333, 3644.93333333]",0.25021214,163,,,0,,False,6,train,1
1783,0.0,515.01525,515.26547,null,40.0,0.08,"[20.0, 20.0]",30.0,null,null,null,gabors,null,0.0,4.0,0.8,"[3644.93333333, 3644.93333333]",0.25021214,126,,,0,,False,4,train,0
1784,0.0,515.26547,515.51568,null,-20.0,0.08,"[20.0, 20.0]",40.0,null,null,null,gabors,null,90.0,4.0,0.8,"[3644.93333333, 3644.93333333]",0.25021214,79,,,0,,False,8,test,2
1785,0.0,515.51568,515.76588,null,-20.0,0.08,"[20.0, 20.0]",10.0,null,null,null,gabors,null,45.0,4.0,0.8,"[3644.93333333, 3644.93333333]",0.25020536,158,,,0,,False,6,train,1
1786,0.0,515.76588,516.01609,null,10.0,0.08,"[20.0, 20.0]",10.0,null,null,null,gabors,null,0.0,4.0,0.8,"[3644.93333333, 3644.93333333]",0.25020536,94,,,0,,False,7,train,0
1787,0.0,516.01609,516.2663,null,20.0,0.08,"[20.0, 20.0]",-30.0,null,null,null,gabors,null,45.0,4.0,0.8,"[3644.93333333, 3644.93333333]",0.25020536,41,,,0,,False,8,test,1
1788,0.0,516.2663,516.5165,null,0.0,0.08,"[20.0, 20.0]",0.0,null,null,null,gabors,null,0.0,4.0,0.8,"[3644.93333333, 3644.93333333]",0.25020536,124,,,0,,False,7,train,0
1789,0.0,516.5165,516.76671,null,10.0,0.08,"[20.0, 20.0]",10.0,null,null,null,gabors,null,90.0,4.0,0.8,"[3644.93333333, 3644.93333333]",0.25021214,214,,,0,,False,5,test,2
1790,0.0,516.76671,517.01692,null,0.0,0.08,"[20.0, 20.0]",40.0,null,null,null,gabors,null,90.0,4.0,0.8,"[3644.93333333, 3644.93333333]",0.25021214,97,,,0,,False,8,test,2
1791,0.0,517.01692,517.26714,null,-40.0,0.08,"[20.0, 20.0]",30.0,null,null,null,gabors,null,90.0,4.0,0.8,"[3644.93333333, 3644.93333333]",0.25021214,42,,,0,,False,10,train,2
1792,0.0,517.26714,517.51735,null,-30.0,0.08,"[20.0, 20.0]",10.0,null,null,null,gabors,null,0.0,4.0,0.8,"[3644.93333333, 3644.93333333]",0.25021214,87,,,0,,False,7,train,0
1793,0.0,517.51735,517.76755,null,20.0,0.08,"[20.0, 20.0]",0.0,null,null,null,gabors,null,90.0,4.0,0.8,"[3644.93333333, 3644.93333333]",0.25020536,146,,,0,,False,6,train,2
1794,0.0,517.76755,518.01776,null,40.0,0.08,"[20.0, 20.0]",-20.0,null,null,null,gabors,null,90.0,4.0,0.8,"[3644.93333333, 3644.93333333]",0.25020536,149,,,0,,False,6,train,2
1795,0.0,518.01776,518.26797,null,0.0,0.08,"[20.0, 20.0]",20.0,null,null,null,gabors,null,45.0,4.0,0.8,"[3644.93333333, 3644.93333333]",0.25020536,232,,,0,,False,6,train,1
1796,0.0,518.26797,518.51817,null,0.0,0.08,"[20.0, 20.0]",20.0,null,null,null,gabors,null,45.0,4.0,0.8,"[3644.93333333, 3644.93333333]",0.25020536,232,,,0,,False,7,train,1
1797,0.0,518.51817,518.76838,null,-10.0,0.08,"[20.0, 20.0]",10.0,null,null,null,gabors,null,0.0,4.0,0.8,"[3644.93333333, 3644.93333333]",0.25020964,23,,,0,,False,6,train,0
1798,0.0,518.76838,519.01859,null,-20.0,0.08,"[20.0, 20.0]",20.0,null,null,null,gabors,null,0.0,4.0,0.8,"[3644.93333333, 3644.93333333]",0.25020964,178,,,0,,False,7,train,0
1799,0.0,519.01859,519.2688,null,20.0,0.08,"[20.0, 20.0]",-40.0,null,null,null,gabors,null,0.0,4.0,0.8,"[3644.93333333, 3644.93333333]",0.25020964,194,,,0,,False,8,test,0
1800,0.0,519.2688,519.51901,null,-10.0,0.08,"[20.0, 20.0]",20.0,null,null,null,gabors,null,90.0,4.0,0.8,"[3644.93333333, 3644.93333333]",0.25020964,82,,,0,,False,8,test,2
1801,0.0,519.51901,519.76922,null,20.0,0.08,"[20.0, 20.0]",-40.0,null,null,null,gabors,null,45.0,4.0,0.8,"[3644.93333333, 3644.93333333]",0.25021036,125,,,0,,False,6,train,1
1802,0.0,519.76922,520.01943,null,40.0,0.08,"[20.0, 20.0]",-10.0,null,null,null,gabors,null,90.0,4.0,0.8,"[3644.93333333, 3644.93333333]",0.25021036,170,,,0,,False,4,train,2
1803,0.0,520.01943,520.26964,null,0.0,0.08,"[20.0, 20.0]",10.0,null,null,null,gabors,null,0.0,4.0,0.8,"[3644.93333333, 3644.93333333]",0.25021036,90,,,0,,False,6,train,0
1804,0.0,520.26964,520.51985,null,-10.0,0.08,"[20.0, 20.0]",40.0,null,null,null,gabors,null,0.0,4.0,0.8,"[3644.93333333, 3644.93333333]",0.25021036,223,,,0,,False,7,train,0
1805,0.0,520.51985,520.77006,null,10.0,0.08,"[20.0, 20.0]",-20.0,null,null,null,gabors,null,45.0,4.0,0.8,"[3644.93333333, 3644.93333333]",0.25020464,190,,,0,,False,7,train,1
1806,0.0,520.77006,521.02026,null,30.0,0.08,"[20.0, 20.0]",30.0,null,null,null,gabors,null,0.0,4.0,0.8,"[3644.93333333, 3644.93333333]",0.25020464,154,,,0,,False,8,test,0
1807,0.0,521.02026,521.27046,null,0.0,0.08,"[20.0, 20.0]",-20.0,null,null,null,gabors,null,90.0,4.0,0.8,"[3644.93333333, 3644.93333333]",0.25020464,44,,,0,,False,10,train,2
1808,0.0,521.27046,521.52067,null,-10.0,0.08,"[20.0, 20.0]",20.0,null,null,null,gabors,null,0.0,4.0,0.8,"[3644.93333333, 3644.93333333]",0.25020464,1,,,0,,False,7,train,0
1809,0.0,521.52067,521.77088,null,20.0,0.08,"[20.0, 20.0]",10.0,null,null,null,gabors,null,90.0,4.0,0.8,"[3644.93333333, 3644.93333333]",0.25021286,243,,,0,,False,4,train,2
1810,0.0,521.77088,522.02109,null,40.0,0.08,"[20.0, 20.0]",40.0,null,null,null,gabors,null,45.0,4.0,0.8,"[3644.93333333, 3644.93333333]",0.25021286,237,,,0,,False,4,train,1
1811,0.0,522.02109,522.27131,null,-40.0,0.08,"[20.0, 20.0]",20.0,null,null,null,gabors,null,45.0,4.0,0.8,"[3644.93333333, 3644.93333333]",0.25021286,240,,,0,,False,3,train,1
1812,0.0,522.27131,522.52152,null,10.0,0.08,"[20.0, 20.0]",-30.0,null,null,null,gabors,null,45.0,4.0,0.8,"[3644.93333333, 3644.93333333]",0.25021286,152,,,0,,False,6,train,1
1813,0.0,522.52152,522.77174,null,-30.0,0.08,"[20.0, 20.0]",10.0,null,null,null,gabors,null,0.0,4.0,0.8,"[3644.93333333, 3644.93333333]",0.25021714,87,,,0,,False,8,test,0
1814,0.0,522.77174,523.02195,null,-40.0,0.08,"[20.0, 20.0]",20.0,null,null,null,gabors,null,45.0,4.0,0.8,"[3644.93333333, 3644.93333333]",0.25021714,240,,,0,,False,4,train,1
1815,0.0,523.02195,523.27217,null,0.0,0.08,"[20.0, 20.0]",20.0,null,null,null,gabors,null,90.0,4.0,0.8,"[3644.93333333, 3644.93333333]",0.25021714,233,,,0,,False,6,train,2
1816,0.0,523.27217,523.52239,null,-30.0,0.08,"[20.0, 20.0]",-40.0,null,null,null,gabors,null,45.0,4.0,0.8,"[3644.93333333, 3644.93333333]",0.25021714,47,,,0,,False,6,train,1
1817,0.0,523.52239,523.77259,null,-40.0,0.08,"[20.0, 20.0]",0.0,null,null,null,gabors,null,0.0,4.0,0.8,"[3644.93333333, 3644.93333333]",0.25020036,89,,,0,,False,7,train,0
1818,0.0,523.77259,524.02279,null,40.0,0.08,"[20.0, 20.0]",-40.0,null,null,null,gabors,null,90.0,4.0,0.8,"[3644.93333333, 3644.93333333]",0.25020036,180,,,0,,False,6,train,2
1819,0.0,524.02279,524.27299,null,10.0,0.08,"[20.0, 20.0]",-10.0,null,null,null,gabors,null,45.0,4.0,0.8,"[3644.93333333, 3644.93333333]",0.25020036,131,,,0,,False,8,test,1
1820,0.0,524.27299,524.52319,null,0.0,0.08,"[20.0, 20.0]",-10.0,null,null,null,gabors,null,90.0,4.0,0.8,"[3644.93333333, 3644.93333333]",0.25020036,218,,,0,,False,8,test,2
1821,0.0,524.52319,524.7734,null,10.0,0.08,"[20.0, 20.0]",0.0,null,null,null,gabors,null,45.0,4.0,0.8,"[3644.93333333, 3644.93333333]",0.25021214,187,,,0,,False,7,train,1
1822,0.0,524.7734,525.02361,null,30.0,0.08,"[20.0, 20.0]",40.0,null,null,null,gabors,null,45.0,4.0,0.8,"[3644.93333333, 3644.93333333]",0.25021214,162,,,0,,False,9,train,1
1823,0.0,525.02361,525.27383,null,30.0,0.08,"[20.0, 20.0]",0.0,null,null,null,gabors,null,0.0,4.0,0.8,"[3644.93333333, 3644.93333333]",0.25021214,69,,,0,,False,12,train,0
1824,0.0,525.27383,525.52404,null,-30.0,0.08,"[20.0, 20.0]",20.0,null,null,null,gabors,null,0.0,4.0,0.8,"[3644.93333333, 3644.93333333]",0.25021214,153,,,0,,False,8,test,0
1825,0.0,525.52404,525.77424,null,30.0,0.08,"[20.0, 20.0]",40.0,null,null,null,gabors,null,0.0,4.0,0.8,"[3644.93333333, 3644.93333333]",0.25020536,110,,,0,,False,8,test,0
1826,0.0,525.77424,526.02445,null,20.0,0.08,"[20.0, 20.0]",-40.0,null,null,null,gabors,null,90.0,4.0,0.8,"[3644.93333333, 3644.93333333]",0.25020536,133,,,0,,False,5,test,2
1827,0.0,526.02445,526.27466,null,-20.0,0.08,"[20.0, 20.0]",-10.0,null,null,null,gabors,null,0.0,4.0,0.8,"[3644.93333333, 3644.93333333]",0.25020536,241,,,0,,False,3,train,0
1828,0.0,526.27466,526.52486,null,-10.0,0.08,"[20.0, 20.0]",-20.0,null,null,null,gabors,null,45.0,4.0,0.8,"[3644.93333333, 3644.93333333]",0.25020536,166,,,0,,False,6,train,1
1829,0.0,526.52486,526.77508,null,-40.0,0.08,"[20.0, 20.0]",-30.0,null,null,null,gabors,null,0.0,4.0,0.8,"[3644.93333333, 3644.93333333]",0.25021464,172,,,0,,False,7,train,0
1830,0.0,526.77508,527.02529,null,-20.0,0.08,"[20.0, 20.0]",20.0,null,null,null,gabors,null,0.0,4.0,0.8,"[3644.93333333, 3644.93333333]",0.25021464,178,,,0,,False,8,test,0
1831,0.0,527.02529,527.2755,null,10.0,0.08,"[20.0, 20.0]",-30.0,null,null,null,gabors,null,45.0,4.0,0.8,"[3644.93333333, 3644.93333333]",0.25021464,152,,,0,,False,7,train,1
1832,0.0,527.2755,527.52572,null,-30.0,0.08,"[20.0, 20.0]",20.0,null,null,null,gabors,null,90.0,4.0,0.8,"[3644.93333333, 3644.93333333]",0.25021464,128,,,0,,False,8,test,2
1833,0.0,527.52572,527.77592,null,-30.0,0.08,"[20.0, 20.0]",-30.0,null,null,null,gabors,null,0.0,4.0,0.8,"[3644.93333333, 3644.93333333]",0.25020536,43,,,0,,False,7,train,0
1834,0.0,527.77592,528.02613,null,40.0,0.08,"[20.0, 20.0]",0.0,null,null,null,gabors,null,90.0,4.0,0.8,"[3644.93333333, 3644.93333333]",0.25020536,211,,,0,,False,6,train,2
1835,0.0,528.02613,528.27634,null,30.0,0.08,"[20.0, 20.0]",-10.0,null,null,null,gabors,null,90.0,4.0,0.8,"[3644.93333333, 3644.93333333]",0.25020536,227,,,0,,False,3,train,2
1836,0.0,528.27634,528.52654,null,-20.0,0.08,"[20.0, 20.0]",0.0,null,null,null,gabors,null,0.0,4.0,0.8,"[3644.93333333, 3644.93333333]",0.25020536,174,,,0,,False,7,train,0
1837,0.0,528.52654,528.77675,null,-40.0,0.08,"[20.0, 20.0]",20.0,null,null,null,gabors,null,45.0,4.0,0.8,"[3644.93333333, 3644.93333333]",0.25021214,240,,,0,,False,5,test,1
1838,0.0,528.77675,529.02696,null,10.0,0.08,"[20.0, 20.0]",-20.0,null,null,null,gabors,null,0.0,4.0,0.8,"[3644.93333333, 3644.93333333]",0.25021214,116,,,0,,False,3,train,0
1839,0.0,529.02696,529.27718,null,20.0,0.08,"[20.0, 20.0]",10.0,null,null,null,gabors,null,90.0,4.0,0.8,"[3644.93333333, 3644.93333333]",0.25021214,243,,,0,,False,5,test,2
1840,0.0,529.27718,529.52739,null,-20.0,0.08,"[20.0, 20.0]",30.0,null,null,null,gabors,null,45.0,4.0,0.8,"[3644.93333333, 3644.93333333]",0.25021214,72,,,0,,False,4,train,1
1841,0.0,529.52739,529.7776,null,40.0,0.08,"[20.0, 20.0]",0.0,null,null,null,gabors,null,0.0,4.0,0.8,"[3644.93333333, 3644.93333333]",0.25020786,18,,,0,,False,10,train,0
1842,0.0,529.7776,530.0278,null,-40.0,0.08,"[20.0, 20.0]",10.0,null,null,null,gabors,null,45.0,4.0,0.8,"[3644.93333333, 3644.93333333]",0.25020786,17,,,0,,False,8,test,1
1843,0.0,530.0278,530.27801,null,-20.0,0.08,"[20.0, 20.0]",20.0,null,null,null,gabors,null,90.0,4.0,0.8,"[3644.93333333, 3644.93333333]",0.25020786,198,,,0,,False,6,train,2
1844,0.0,530.27801,530.52822,null,10.0,0.08,"[20.0, 20.0]",-30.0,null,null,null,gabors,null,45.0,4.0,0.8,"[3644.93333333, 3644.93333333]",0.25020786,152,,,0,,False,8,test,1
1845,0.0,530.52822,530.77843,null,30.0,0.08,"[20.0, 20.0]",-30.0,null,null,null,gabors,null,90.0,4.0,0.8,"[3644.93333333, 3644.93333333]",0.25021214,92,,,0,,False,7,train,2
1846,0.0,530.77843,531.02864,null,30.0,0.08,"[20.0, 20.0]",30.0,null,null,null,gabors,null,90.0,4.0,0.8,"[3644.93333333, 3644.93333333]",0.25021214,134,,,0,,False,7,train,2
1847,0.0,531.02864,531.27886,null,-20.0,0.08,"[20.0, 20.0]",30.0,null,null,null,gabors,null,45.0,4.0,0.8,"[3644.93333333, 3644.93333333]",0.25021214,72,,,0,,False,5,test,1
1848,0.0,531.27886,531.52907,null,30.0,0.08,"[20.0, 20.0]",40.0,null,null,null,gabors,null,0.0,4.0,0.8,"[3644.93333333, 3644.93333333]",0.25021214,110,,,0,,False,9,train,0
1849,0.0,531.52907,531.77927,null,-30.0,0.08,"[20.0, 20.0]",-10.0,null,null,null,gabors,null,0.0,4.0,0.8,"[3644.93333333, 3644.93333333]",0.25020286,52,,,0,,False,8,test,0
1850,0.0,531.77927,532.02947,null,30.0,0.08,"[20.0, 20.0]",0.0,null,null,null,gabors,null,90.0,4.0,0.8,"[3644.93333333, 3644.93333333]",0.25020286,229,,,0,,False,8,test,2
1851,0.0,532.02947,532.27968,null,-30.0,0.08,"[20.0, 20.0]",-30.0,null,null,null,gabors,null,45.0,4.0,0.8,"[3644.93333333, 3644.93333333]",0.25020286,46,,,0,,False,10,train,1
1852,0.0,532.27968,532.52988,null,40.0,0.08,"[20.0, 20.0]",-30.0,null,null,null,gabors,null,0.0,4.0,0.8,"[3644.93333333, 3644.93333333]",0.25020286,183,,,0,,False,6,train,0
1853,0.0,532.52988,532.7801,null,40.0,0.08,"[20.0, 20.0]",40.0,null,null,null,gabors,null,45.0,4.0,0.8,"[3644.93333333, 3644.93333333]",0.25021464,237,,,0,,False,5,test,1
1854,0.0,532.7801,533.03031,null,20.0,0.08,"[20.0, 20.0]",30.0,null,null,null,gabors,null,90.0,4.0,0.8,"[3644.93333333, 3644.93333333]",0.25021464,64,,,0,,False,8,test,2
1855,0.0,533.03031,533.28052,null,-20.0,0.08,"[20.0, 20.0]",-30.0,null,null,null,gabors,null,45.0,4.0,0.8,"[3644.93333333, 3644.93333333]",0.25021464,168,,,0,,False,8,test,1
1856,0.0,533.28052,533.53074,null,30.0,0.08,"[20.0, 20.0]",-40.0,null,null,null,gabors,null,45.0,4.0,0.8,"[3644.93333333, 3644.93333333]",0.25021464,75,,,0,,False,3,train,1
1857,0.0,533.53074,533.78094,null,20.0,0.08,"[20.0, 20.0]",0.0,null,null,null,gabors,null,45.0,4.0,0.8,"[3644.93333333, 3644.93333333]",0.25020286,203,,,0,,False,5,test,1
1858,0.0,533.78094,534.03114,null,30.0,0.08,"[20.0, 20.0]",-10.0,null,null,null,gabors,null,0.0,4.0,0.8,"[3644.93333333, 3644.93333333]",0.25020286,88,,,0,,False,7,train,0
1859,0.0,534.03114,534.28135,null,30.0,0.08,"[20.0, 20.0]",30.0,null,null,null,gabors,null,0.0,4.0,0.8,"[3644.93333333, 3644.93333333]",0.25020286,154,,,0,,False,9,train,0
1860,0.0,534.28135,534.53155,null,-40.0,0.08,"[20.0, 20.0]",10.0,null,null,null,gabors,null,90.0,4.0,0.8,"[3644.93333333, 3644.93333333]",0.25020286,120,,,0,,False,7,train,2
1861,0.0,534.53155,534.78176,null,-10.0,0.08,"[20.0, 20.0]",-20.0,null,null,null,gabors,null,45.0,4.0,0.8,"[3644.93333333, 3644.93333333]",0.25020464,166,,,0,,False,7,train,1
1862,0.0,534.78176,535.03196,null,20.0,0.08,"[20.0, 20.0]",-40.0,null,null,null,gabors,null,90.0,4.0,0.8,"[3644.93333333, 3644.93333333]",0.25020464,133,,,0,,False,6,train,2
1863,0.0,535.03196,535.28216,null,-10.0,0.08,"[20.0, 20.0]",40.0,null,null,null,gabors,null,90.0,4.0,0.8,"[3644.93333333, 3644.93333333]",0.25020464,222,,,0,,False,7,train,2
1864,0.0,535.28216,535.53237,null,40.0,0.08,"[20.0, 20.0]",-30.0,null,null,null,gabors,null,45.0,4.0,0.8,"[3644.93333333, 3644.93333333]",0.25020464,137,,,0,,False,5,test,1
1865,0.0,535.53237,535.78259,null,20.0,0.08,"[20.0, 20.0]",20.0,null,null,null,gabors,null,90.0,4.0,0.8,"[3644.93333333, 3644.93333333]",0.25021786,24,,,0,,False,9,train,2
1866,0.0,535.78259,536.0328,null,40.0,0.08,"[20.0, 20.0]",-20.0,null,null,null,gabors,null,45.0,4.0,0.8,"[3644.93333333, 3644.93333333]",0.25021786,78,,,0,,False,4,train,1
1867,0.0,536.0328,536.28302,null,10.0,0.08,"[20.0, 20.0]",-30.0,null,null,null,gabors,null,90.0,4.0,0.8,"[3644.93333333, 3644.93333333]",0.25021786,200,,,0,,False,7,train,2
1868,0.0,536.28302,536.53324,null,-10.0,0.08,"[20.0, 20.0]",-30.0,null,null,null,gabors,null,0.0,4.0,0.8,"[3644.93333333, 3644.93333333]",0.25021786,224,,,0,,False,6,train,0
1869,0.0,536.53324,536.78345,null,40.0,0.08,"[20.0, 20.0]",20.0,null,null,null,gabors,null,0.0,4.0,0.8,"[3644.93333333, 3644.93333333]",0.25021214,98,,,0,,False,6,train,0
1870,0.0,536.78345,537.03366,null,10.0,0.08,"[20.0, 20.0]",0.0,null,null,null,gabors,null,0.0,4.0,0.8,"[3644.93333333, 3644.93333333]",0.25021214,157,,,0,,False,4,train,0
1871,0.0,537.03366,537.28388,null,-30.0,0.08,"[20.0, 20.0]",-30.0,null,null,null,gabors,null,0.0,4.0,0.8,"[3644.93333333, 3644.93333333]",0.25021214,43,,,0,,False,8,test,0
1872,0.0,537.28388,537.53409,null,40.0,0.08,"[20.0, 20.0]",-30.0,null,null,null,gabors,null,45.0,4.0,0.8,"[3644.93333333, 3644.93333333]",0.25021214,137,,,0,,False,6,train,1
1873,0.0,537.53409,537.78429,null,40.0,0.08,"[20.0, 20.0]",-30.0,null,null,null,gabors,null,0.0,4.0,0.8,"[3644.93333333, 3644.93333333]",0.25020286,183,,,0,,False,7,train,0
1874,0.0,537.78429,538.03449,null,-10.0,0.08,"[20.0, 20.0]",0.0,null,null,null,gabors,null,0.0,4.0,0.8,"[3644.93333333, 3644.93333333]",0.25020286,127,,,0,,False,8,test,0
1875,0.0,538.03449,538.2847,null,0.0,0.08,"[20.0, 20.0]",-30.0,null,null,null,gabors,null,0.0,4.0,0.8,"[3644.93333333, 3644.93333333]",0.25020286,159,,,0,,False,5,test,0
1876,0.0,538.2847,538.5349,null,-10.0,0.08,"[20.0, 20.0]",20.0,null,null,null,gabors,null,0.0,4.0,0.8,"[3644.93333333, 3644.93333333]",0.25020286,1,,,0,,False,8,test,0
1877,0.0,538.5349,538.78511,null,-10.0,0.08,"[20.0, 20.0]",-10.0,null,null,null,gabors,null,0.0,4.0,0.8,"[3644.93333333, 3644.93333333]",0.25021214,173,,,0,,False,6,train,0
1878,0.0,538.78511,539.03532,null,0.0,0.08,"[20.0, 20.0]",30.0,null,null,null,gabors,null,45.0,4.0,0.8,"[3644.93333333, 3644.93333333]",0.25021214,100,,,0,,False,6,train,1
1879,0.0,539.03532,539.28554,null,-20.0,0.08,"[20.0, 20.0]",-20.0,null,null,null,gabors,null,45.0,4.0,0.8,"[3644.93333333, 3644.93333333]",0.25021214,32,,,0,,False,7,train,1
1880,0.0,539.28554,539.53575,null,20.0,0.08,"[20.0, 20.0]",30.0,null,null,null,gabors,null,45.0,4.0,0.8,"[3644.93333333, 3644.93333333]",0.25021214,184,,,0,,False,6,train,1
1881,0.0,539.53575,539.78596,null,10.0,0.08,"[20.0, 20.0]",10.0,null,null,null,gabors,null,90.0,4.0,0.8,"[3644.93333333, 3644.93333333]",0.25020786,214,,,0,,False,6,train,2
1882,0.0,539.78596,540.03616,null,0.0,0.08,"[20.0, 20.0]",-30.0,null,null,null,gabors,null,90.0,4.0,0.8,"[3644.93333333, 3644.93333333]",0.25020786,113,,,0,,False,6,train,2
1883,0.0,540.03616,540.28637,null,0.0,0.08,"[20.0, 20.0]",-30.0,null,null,null,gabors,null,0.0,4.0,0.8,"[3644.93333333, 3644.93333333]",0.25020786,159,,,0,,False,6,train,0
1884,0.0,540.28637,540.53658,null,0.0,0.08,"[20.0, 20.0]",20.0,null,null,null,gabors,null,0.0,4.0,0.8,"[3644.93333333, 3644.93333333]",0.25020786,216,,,0,,False,5,test,0
1885,0.0,540.53658,540.78679,null,10.0,0.08,"[20.0, 20.0]",-20.0,null,null,null,gabors,null,90.0,4.0,0.8,"[3644.93333333, 3644.93333333]",0.25020964,57,,,0,,False,5,test,2
1886,0.0,540.78679,541.037,null,40.0,0.08,"[20.0, 20.0]",-10.0,null,null,null,gabors,null,0.0,4.0,0.8,"[3644.93333333, 3644.93333333]",0.25020964,83,,,0,,False,5,test,0
1887,0.0,541.037,541.28721,null,-10.0,0.08,"[20.0, 20.0]",-20.0,null,null,null,gabors,null,90.0,4.0,0.8,"[3644.93333333, 3644.93333333]",0.25020964,16,,,0,,False,6,train,2
1888,0.0,541.28721,541.53742,null,30.0,0.08,"[20.0, 20.0]",0.0,null,null,null,gabors,null,0.0,4.0,0.8,"[3644.93333333, 3644.93333333]",0.25020964,69,,,0,,False,13,train,0
1889,0.0,541.53742,541.78763,null,0.0,0.08,"[20.0, 20.0]",-30.0,null,null,null,gabors,null,90.0,4.0,0.8,"[3644.93333333, 3644.93333333]",0.25021036,113,,,0,,False,7,train,2
1890,0.0,541.78763,542.03784,null,20.0,0.08,"[20.0, 20.0]",20.0,null,null,null,gabors,null,45.0,4.0,0.8,"[3644.93333333, 3644.93333333]",0.25021036,5,,,0,,False,8,test,1
1891,0.0,542.03784,542.28805,null,-30.0,0.08,"[20.0, 20.0]",0.0,null,null,null,gabors,null,90.0,4.0,0.8,"[3644.93333333, 3644.93333333]",0.25021036,84,,,0,,False,5,test,2
1892,0.0,542.28805,542.53826,null,-20.0,0.08,"[20.0, 20.0]",20.0,null,null,null,gabors,null,0.0,4.0,0.8,"[3644.93333333, 3644.93333333]",0.25021036,178,,,0,,False,9,train,0
1893,0.0,542.53826,542.78847,null,-10.0,0.08,"[20.0, 20.0]",0.0,null,null,null,gabors,null,90.0,4.0,0.8,"[3644.93333333, 3644.93333333]",0.25020964,155,,,0,,False,9,train,2
1894,0.0,542.78847,543.03868,null,30.0,0.08,"[20.0, 20.0]",10.0,null,null,null,gabors,null,90.0,4.0,0.8,"[3644.93333333, 3644.93333333]",0.25020964,171,,,0,,False,6,train,2
1895,0.0,543.03868,543.28889,null,40.0,0.08,"[20.0, 20.0]",-20.0,null,null,null,gabors,null,45.0,4.0,0.8,"[3644.93333333, 3644.93333333]",0.25020964,78,,,0,,False,5,test,1
1896,0.0,543.28889,543.5391,null,-20.0,0.08,"[20.0, 20.0]",-30.0,null,null,null,gabors,null,90.0,4.0,0.8,"[3644.93333333, 3644.93333333]",0.25020964,221,,,0,,False,6,train,2
1897,0.0,543.5391,543.78931,null,0.0,0.08,"[20.0, 20.0]",40.0,null,null,null,gabors,null,90.0,4.0,0.8,"[3644.93333333, 3644.93333333]",0.25020786,97,,,0,,False,9,train,2
1898,0.0,543.78931,544.03951,null,-30.0,0.08,"[20.0, 20.0]",-20.0,null,null,null,gabors,null,0.0,4.0,0.8,"[3644.93333333, 3644.93333333]",0.25020786,119,,,0,,False,8,test,0
1899,0.0,544.03951,544.28972,null,-10.0,0.08,"[20.0, 20.0]",10.0,null,null,null,gabors,null,45.0,4.0,0.8,"[3644.93333333, 3644.93333333]",0.25020786,25,,,0,,False,6,train,1
1900,0.0,544.28972,544.53993,null,-30.0,0.08,"[20.0, 20.0]",-10.0,null,null,null,gabors,null,45.0,4.0,0.8,"[3644.93333333, 3644.93333333]",0.25020786,165,,,0,,False,4,train,1
1901,0.0,544.53993,544.79014,null,-10.0,0.08,"[20.0, 20.0]",30.0,null,null,null,gabors,null,90.0,4.0,0.8,"[3644.93333333, 3644.93333333]",0.25020464,70,,,0,,False,9,train,2
1902,0.0,544.79014,545.04034,null,-40.0,0.08,"[20.0, 20.0]",-30.0,null,null,null,gabors,null,45.0,4.0,0.8,"[3644.93333333, 3644.93333333]",0.25020464,107,,,0,,False,5,test,1
1903,0.0,545.04034,545.29054,null,-10.0,0.08,"[20.0, 20.0]",-20.0,null,null,null,gabors,null,90.0,4.0,0.8,"[3644.93333333, 3644.93333333]",0.25020464,16,,,0,,False,7,train,2
1904,0.0,545.29054,545.54075,null,30.0,0.08,"[20.0, 20.0]",-20.0,null,null,null,gabors,null,0.0,4.0,0.8,"[3644.93333333, 3644.93333333]",0.25020464,230,,,0,,False,5,test,0
1905,0.0,545.54075,545.79096,null,-10.0,0.08,"[20.0, 20.0]",-30.0,null,null,null,gabors,null,45.0,4.0,0.8,"[3644.93333333, 3644.93333333]",0.25020786,151,,,0,,False,10,train,1
1906,0.0,545.79096,546.04116,null,10.0,0.08,"[20.0, 20.0]",20.0,null,null,null,gabors,null,90.0,4.0,0.8,"[3644.93333333, 3644.93333333]",0.25020786,147,,,0,,False,6,train,2
1907,0.0,546.04116,546.29137,null,0.0,0.08,"[20.0, 20.0]",30.0,null,null,null,gabors,null,45.0,4.0,0.8,"[3644.93333333, 3644.93333333]",0.25020786,100,,,0,,False,7,train,1
1908,0.0,546.29137,546.54158,null,40.0,0.08,"[20.0, 20.0]",40.0,null,null,null,gabors,null,90.0,4.0,0.8,"[3644.93333333, 3644.93333333]",0.25020786,189,,,0,,False,5,test,2
1909,0.0,546.54158,546.79181,null,0.0,0.08,"[20.0, 20.0]",10.0,null,null,null,gabors,null,45.0,4.0,0.8,"[3644.93333333, 3644.93333333]",0.25022464,188,,,0,,False,6,train,1
1910,0.0,546.79181,547.04203,null,20.0,0.08,"[20.0, 20.0]",40.0,null,null,null,gabors,null,45.0,4.0,0.8,"[3644.93333333, 3644.93333333]",0.25022464,136,,,0,,False,7,train,1
1911,0.0,547.04203,547.29225,null,-10.0,0.08,"[20.0, 20.0]",-40.0,null,null,null,gabors,null,45.0,4.0,0.8,"[3644.93333333, 3644.93333333]",0.25022464,122,,,0,,False,9,train,1
1912,0.0,547.29225,547.54248,null,-20.0,0.08,"[20.0, 20.0]",20.0,null,null,null,gabors,null,90.0,4.0,0.8,"[3644.93333333, 3644.93333333]",0.25022464,198,,,0,,False,7,train,2
1913,0.0,547.54248,547.79268,null,-40.0,0.08,"[20.0, 20.0]",30.0,null,null,null,gabors,null,90.0,4.0,0.8,"[3644.93333333, 3644.93333333]",0.25019786,42,,,0,,False,11,test,2
1914,0.0,547.79268,548.04287,null,30.0,0.08,"[20.0, 20.0]",-30.0,null,null,null,gabors,null,45.0,4.0,0.8,"[3644.93333333, 3644.93333333]",0.25019786,238,,,0,,False,6,train,1
1915,0.0,548.04287,548.29307,null,20.0,0.08,"[20.0, 20.0]",30.0,null,null,null,gabors,null,90.0,4.0,0.8,"[3644.93333333, 3644.93333333]",0.25019786,64,,,0,,False,9,train,2
1916,0.0,548.29307,548.54327,null,0.0,0.08,"[20.0, 20.0]",30.0,null,null,null,gabors,null,0.0,4.0,0.8,"[3644.93333333, 3644.93333333]",0.25019786,225,,,0,,False,8,test,0
1917,0.0,548.54327,548.79348,null,10.0,0.08,"[20.0, 20.0]",-40.0,null,null,null,gabors,null,90.0,4.0,0.8,"[3644.93333333, 3644.93333333]",0.25021214,118,,,0,,False,9,train,2
1918,0.0,548.79348,549.04369,null,0.0,0.08,"[20.0, 20.0]",-40.0,null,null,null,gabors,null,45.0,4.0,0.8,"[3644.93333333, 3644.93333333]",0.25021214,191,,,0,,False,8,test,1
1919,0.0,549.04369,549.29391,null,20.0,0.08,"[20.0, 20.0]",0.0,null,null,null,gabors,null,90.0,4.0,0.8,"[3644.93333333, 3644.93333333]",0.25021214,146,,,0,,False,7,train,2
1920,0.0,549.29391,549.54412,null,40.0,0.08,"[20.0, 20.0]",0.0,null,null,null,gabors,null,90.0,4.0,0.8,"[3644.93333333, 3644.93333333]",0.25021214,211,,,0,,False,7,train,2
1921,0.0,549.54412,549.79433,null,0.0,0.08,"[20.0, 20.0]",0.0,null,null,null,gabors,null,0.0,4.0,0.8,"[3644.93333333, 3644.93333333]",0.25021036,124,,,0,,False,8,test,0
1922,0.0,549.79433,550.04454,null,10.0,0.08,"[20.0, 20.0]",30.0,null,null,null,gabors,null,90.0,4.0,0.8,"[3644.93333333, 3644.93333333]",0.25021036,51,,,0,,False,9,train,2
1923,0.0,550.04454,550.29475,null,0.0,0.08,"[20.0, 20.0]",40.0,null,null,null,gabors,null,90.0,4.0,0.8,"[3644.93333333, 3644.93333333]",0.25021036,97,,,0,,False,10,train,2
1924,0.0,550.29475,550.54496,null,-10.0,0.08,"[20.0, 20.0]",-40.0,null,null,null,gabors,null,0.0,4.0,0.8,"[3644.93333333, 3644.93333333]",0.25021036,185,,,0,,False,6,train,0
1925,0.0,550.54496,550.79517,null,20.0,0.08,"[20.0, 20.0]",0.0,null,null,null,gabors,null,0.0,4.0,0.8,"[3644.93333333, 3644.93333333]",0.25020714,204,,,0,,False,4,train,0
1926,0.0,550.79517,551.04537,null,-30.0,0.08,"[20.0, 20.0]",10.0,null,null,null,gabors,null,90.0,4.0,0.8,"[3644.93333333, 3644.93333333]",0.25020714,85,,,0,,False,9,train,2
1927,0.0,551.04537,551.29558,null,0.0,0.08,"[20.0, 20.0]",40.0,null,null,null,gabors,null,45.0,4.0,0.8,"[3644.93333333, 3644.93333333]",0.25020714,156,,,0,,False,5,test,1
1928,0.0,551.29558,551.54579,null,30.0,0.08,"[20.0, 20.0]",20.0,null,null,null,gabors,null,0.0,4.0,0.8,"[3644.93333333, 3644.93333333]",0.25020714,164,,,0,,False,8,test,0
1929,0.0,551.54579,551.79599,null,0.0,0.08,"[20.0, 20.0]",-30.0,null,null,null,gabors,null,90.0,4.0,0.8,"[3644.93333333, 3644.93333333]",0.25020536,113,,,0,,False,8,test,2
1930,0.0,551.79599,552.0462,null,20.0,0.08,"[20.0, 20.0]",0.0,null,null,null,gabors,null,45.0,4.0,0.8,"[3644.93333333, 3644.93333333]",0.25020536,203,,,0,,False,6,train,1
1931,0.0,552.0462,552.29641,null,20.0,0.08,"[20.0, 20.0]",-40.0,null,null,null,gabors,null,45.0,4.0,0.8,"[3644.93333333, 3644.93333333]",0.25020536,125,,,0,,False,7,train,1
1932,0.0,552.29641,552.54661,null,40.0,0.08,"[20.0, 20.0]",10.0,null,null,null,gabors,null,45.0,4.0,0.8,"[3644.93333333, 3644.93333333]",0.25020536,145,,,0,,False,7,train,1
1933,0.0,552.54661,552.79683,null,10.0,0.08,"[20.0, 20.0]",0.0,null,null,null,gabors,null,0.0,4.0,0.8,"[3644.93333333, 3644.93333333]",0.25021964,157,,,0,,False,5,test,0
1934,0.0,552.79683,553.04705,null,-10.0,0.08,"[20.0, 20.0]",-10.0,null,null,null,gabors,null,45.0,4.0,0.8,"[3644.93333333, 3644.93333333]",0.25021964,117,,,0,,False,8,test,1
1935,0.0,553.04705,553.29727,null,-30.0,0.08,"[20.0, 20.0]",20.0,null,null,null,gabors,null,45.0,4.0,0.8,"[3644.93333333, 3644.93333333]",0.25021964,77,,,0,,False,10,train,1
1936,0.0,553.29727,553.54749,null,-40.0,0.08,"[20.0, 20.0]",40.0,null,null,null,gabors,null,90.0,4.0,0.8,"[3644.93333333, 3644.93333333]",0.25021964,123,,,0,,False,9,train,2
1937,0.0,553.54749,553.79769,null,20.0,0.08,"[20.0, 20.0]",-10.0,null,null,null,gabors,null,45.0,4.0,0.8,"[3644.93333333, 3644.93333333]",0.25020286,242,,,0,,False,7,train,1
1938,0.0,553.79769,554.04789,null,40.0,0.08,"[20.0, 20.0]",40.0,null,null,null,gabors,null,0.0,4.0,0.8,"[3644.93333333, 3644.93333333]",0.25020286,45,,,0,,False,10,train,0
1939,0.0,554.04789,554.2981,null,30.0,0.08,"[20.0, 20.0]",-10.0,null,null,null,gabors,null,0.0,4.0,0.8,"[3644.93333333, 3644.93333333]",0.25020286,88,,,0,,False,8,test,0
1940,0.0,554.2981,554.5483,null,-30.0,0.08,"[20.0, 20.0]",-20.0,null,null,null,gabors,null,45.0,4.0,0.8,"[3644.93333333, 3644.93333333]",0.25020286,176,,,0,,False,4,train,1
1941,0.0,554.5483,554.79851,null,10.0,0.08,"[20.0, 20.0]",-40.0,null,null,null,gabors,null,90.0,4.0,0.8,"[3644.93333333, 3644.93333333]",0.25020964,118,,,0,,False,10,train,2
1942,0.0,554.79851,555.04872,null,30.0,0.08,"[20.0, 20.0]",20.0,null,null,null,gabors,null,45.0,4.0,0.8,"[3644.93333333, 3644.93333333]",0.25020964,73,,,0,,False,8,test,1
1943,0.0,555.04872,555.29893,null,-30.0,0.08,"[20.0, 20.0]",-10.0,null,null,null,gabors,null,45.0,4.0,0.8,"[3644.93333333, 3644.93333333]",0.25020964,165,,,0,,False,5,test,1
1944,0.0,555.29893,555.54914,null,0.0,0.08,"[20.0, 20.0]",40.0,null,null,null,gabors,null,45.0,4.0,0.8,"[3644.93333333, 3644.93333333]",0.25020964,156,,,0,,False,6,train,1
1945,0.0,555.54914,555.79935,null,0.0,0.08,"[20.0, 20.0]",-10.0,null,null,null,gabors,null,0.0,4.0,0.8,"[3644.93333333, 3644.93333333]",0.25020786,143,,,0,,False,7,train,0
1946,0.0,555.79935,556.04955,null,30.0,0.08,"[20.0, 20.0]",-10.0,null,null,null,gabors,null,45.0,4.0,0.8,"[3644.93333333, 3644.93333333]",0.25020786,60,,,0,,False,7,train,1
1947,0.0,556.04955,556.29976,null,-30.0,0.08,"[20.0, 20.0]",-10.0,null,null,null,gabors,null,0.0,4.0,0.8,"[3644.93333333, 3644.93333333]",0.25020786,52,,,0,,False,9,train,0
1948,0.0,556.29976,556.54997,null,-10.0,0.08,"[20.0, 20.0]",20.0,null,null,null,gabors,null,90.0,4.0,0.8,"[3644.93333333, 3644.93333333]",0.25020786,82,,,0,,False,9,train,2
1949,0.0,556.54997,556.80018,null,-10.0,0.08,"[20.0, 20.0]",40.0,null,null,null,gabors,null,45.0,4.0,0.8,"[3644.93333333, 3644.93333333]",0.25020964,112,,,0,,False,7,train,1
1950,0.0,556.80018,557.05039,null,-10.0,0.08,"[20.0, 20.0]",-40.0,null,null,null,gabors,null,0.0,4.0,0.8,"[3644.93333333, 3644.93333333]",0.25020964,185,,,0,,False,7,train,0
1951,0.0,557.05039,557.3006,null,-40.0,0.08,"[20.0, 20.0]",0.0,null,null,null,gabors,null,0.0,4.0,0.8,"[3644.93333333, 3644.93333333]",0.25020964,89,,,0,,False,8,test,0
1952,0.0,557.3006,557.55081,null,40.0,0.08,"[20.0, 20.0]",40.0,null,null,null,gabors,null,45.0,4.0,0.8,"[3644.93333333, 3644.93333333]",0.25020964,237,,,0,,False,6,train,1
1953,0.0,557.55081,557.80102,null,40.0,0.08,"[20.0, 20.0]",-40.0,null,null,null,gabors,null,45.0,4.0,0.8,"[3644.93333333, 3644.93333333]",0.25020786,34,,,0,,False,9,train,1
1954,0.0,557.80102,558.05122,null,-20.0,0.08,"[20.0, 20.0]",-30.0,null,null,null,gabors,null,90.0,4.0,0.8,"[3644.93333333, 3644.93333333]",0.25020786,221,,,0,,False,7,train,2
1955,0.0,558.05122,558.30143,null,-20.0,0.08,"[20.0, 20.0]",10.0,null,null,null,gabors,null,90.0,4.0,0.8,"[3644.93333333, 3644.93333333]",0.25020786,235,,,0,,False,7,train,2
1956,0.0,558.30143,558.55164,null,-10.0,0.08,"[20.0, 20.0]",0.0,null,null,null,gabors,null,45.0,4.0,0.8,"[3644.93333333, 3644.93333333]",0.25020786,167,,,0,,False,6,train,1
1957,0.0,558.55164,558.80185,null,0.0,0.08,"[20.0, 20.0]",0.0,null,null,null,gabors,null,90.0,4.0,0.8,"[3644.93333333, 3644.93333333]",0.25020714,210,,,0,,False,5,test,2
1958,0.0,558.80185,559.05205,null,10.0,0.08,"[20.0, 20.0]",20.0,null,null,null,gabors,null,45.0,4.0,0.8,"[3644.93333333, 3644.93333333]",0.25020714,14,,,0,,False,10,train,1
1959,0.0,559.05205,559.30226,null,-30.0,0.08,"[20.0, 20.0]",-40.0,null,null,null,gabors,null,0.0,4.0,0.8,"[3644.93333333, 3644.93333333]",0.25020714,213,,,0,,False,7,train,0
1960,0.0,559.30226,559.55247,null,30.0,0.08,"[20.0, 20.0]",30.0,null,null,null,gabors,null,45.0,4.0,0.8,"[3644.93333333, 3644.93333333]",0.25020714,208,,,0,,False,2,test,1
1961,0.0,559.55247,559.80268,null,-10.0,0.08,"[20.0, 20.0]",-40.0,null,null,null,gabors,null,45.0,4.0,0.8,"[3644.93333333, 3644.93333333]",0.25021036,122,,,0,,False,10,train,1
1962,0.0,559.80268,560.05289,null,30.0,0.08,"[20.0, 20.0]",-10.0,null,null,null,gabors,null,90.0,4.0,0.8,"[3644.93333333, 3644.93333333]",0.25021036,227,,,0,,False,4,train,2
1963,0.0,560.05289,560.3031,null,10.0,0.08,"[20.0, 20.0]",-10.0,null,null,null,gabors,null,90.0,4.0,0.8,"[3644.93333333, 3644.93333333]",0.25021036,81,,,0,,False,7,train,2
1964,0.0,560.3031,560.55331,null,0.0,0.08,"[20.0, 20.0]",10.0,null,null,null,gabors,null,90.0,4.0,0.8,"[3644.93333333, 3644.93333333]",0.25021036,196,,,0,,False,9,train,2
1965,0.0,560.55331,560.80352,null,20.0,0.08,"[20.0, 20.0]",40.0,null,null,null,gabors,null,0.0,4.0,0.8,"[3644.93333333, 3644.93333333]",0.25021214,30,,,0,,False,5,test,0
1966,0.0,560.80352,561.05373,null,20.0,0.08,"[20.0, 20.0]",-10.0,null,null,null,gabors,null,0.0,4.0,0.8,"[3644.93333333, 3644.93333333]",0.25021214,48,,,0,,False,8,test,0
1967,0.0,561.05373,561.30395,null,-10.0,0.08,"[20.0, 20.0]",20.0,null,null,null,gabors,null,45.0,4.0,0.8,"[3644.93333333, 3644.93333333]",0.25021214,93,,,0,,False,8,test,1
1968,0.0,561.30395,561.55416,null,0.0,0.08,"[20.0, 20.0]",40.0,null,null,null,gabors,null,90.0,4.0,0.8,"[3644.93333333, 3644.93333333]",0.25021214,97,,,0,,False,11,test,2
1969,0.0,561.55416,561.80437,null,40.0,0.08,"[20.0, 20.0]",-30.0,null,null,null,gabors,null,90.0,4.0,0.8,"[3644.93333333, 3644.93333333]",0.25020786,234,,,0,,False,6,train,2
1970,0.0,561.80437,562.05457,null,-30.0,0.08,"[20.0, 20.0]",40.0,null,null,null,gabors,null,0.0,4.0,0.8,"[3644.93333333, 3644.93333333]",0.25020786,22,,,0,,False,11,test,0
1971,0.0,562.05457,562.30478,null,-30.0,0.08,"[20.0, 20.0]",40.0,null,null,null,gabors,null,0.0,4.0,0.8,"[3644.93333333, 3644.93333333]",0.25020786,22,,,0,,False,12,train,0
1972,0.0,562.30478,562.55499,null,10.0,0.08,"[20.0, 20.0]",-20.0,null,null,null,gabors,null,45.0,4.0,0.8,"[3644.93333333, 3644.93333333]",0.25020786,190,,,0,,False,8,test,1
1973,0.0,562.55499,562.80519,null,40.0,0.08,"[20.0, 20.0]",-30.0,null,null,null,gabors,null,0.0,4.0,0.8,"[3644.93333333, 3644.93333333]",0.25019964,183,,,0,,False,8,test,0
1974,0.0,562.80519,563.05539,null,10.0,0.08,"[20.0, 20.0]",40.0,null,null,null,gabors,null,45.0,4.0,0.8,"[3644.93333333, 3644.93333333]",0.25019964,38,,,0,,False,8,test,1
1975,0.0,563.05539,563.30559,null,30.0,0.08,"[20.0, 20.0]",30.0,null,null,null,gabors,null,90.0,4.0,0.8,"[3644.93333333, 3644.93333333]",0.25019964,134,,,0,,False,8,test,2
1976,0.0,563.30559,563.55579,null,30.0,0.08,"[20.0, 20.0]",10.0,null,null,null,gabors,null,0.0,4.0,0.8,"[3644.93333333, 3644.93333333]",0.25019964,102,,,0,,False,8,test,0
1977,0.0,563.55579,563.80601,null,0.0,0.08,"[20.0, 20.0]",30.0,null,null,null,gabors,null,45.0,4.0,0.8,"[3644.93333333, 3644.93333333]",0.25021786,100,,,0,,False,8,test,1
1978,0.0,563.80601,564.05622,null,30.0,0.08,"[20.0, 20.0]",20.0,null,null,null,gabors,null,0.0,4.0,0.8,"[3644.93333333, 3644.93333333]",0.25021786,164,,,0,,False,9,train,0
1979,0.0,564.05622,564.30644,null,10.0,0.08,"[20.0, 20.0]",10.0,null,null,null,gabors,null,90.0,4.0,0.8,"[3644.93333333, 3644.93333333]",0.25021786,214,,,0,,False,7,train,2
1980,0.0,564.30644,564.55666,null,30.0,0.08,"[20.0, 20.0]",-20.0,null,null,null,gabors,null,90.0,4.0,0.8,"[3644.93333333, 3644.93333333]",0.25021786,177,,,0,,False,7,train,2
1981,0.0,564.55666,564.80687,null,30.0,0.08,"[20.0, 20.0]",-40.0,null,null,null,gabors,null,45.0,4.0,0.8,"[3644.93333333, 3644.93333333]",0.25020964,75,,,0,,False,4,train,1
1982,0.0,564.80687,565.05708,null,-30.0,0.08,"[20.0, 20.0]",-10.0,null,null,null,gabors,null,45.0,4.0,0.8,"[3644.93333333, 3644.93333333]",0.25020964,165,,,0,,False,6,train,1
1983,0.0,565.05708,565.30729,null,40.0,0.08,"[20.0, 20.0]",-20.0,null,null,null,gabors,null,90.0,4.0,0.8,"[3644.93333333, 3644.93333333]",0.25020964,149,,,0,,False,7,train,2
1984,0.0,565.30729,565.5575,null,30.0,0.08,"[20.0, 20.0]",10.0,null,null,null,gabors,null,0.0,4.0,0.8,"[3644.93333333, 3644.93333333]",0.25020964,102,,,0,,False,9,train,0
1985,0.0,565.5575,565.80771,null,40.0,0.08,"[20.0, 20.0]",40.0,null,null,null,gabors,null,90.0,4.0,0.8,"[3644.93333333, 3644.93333333]",0.25021036,189,,,0,,False,6,train,2
1986,0.0,565.80771,566.05792,null,40.0,0.08,"[20.0, 20.0]",-10.0,null,null,null,gabors,null,45.0,4.0,0.8,"[3644.93333333, 3644.93333333]",0.25021036,67,,,0,,False,9,train,1
1987,0.0,566.05792,566.30813,null,10.0,0.08,"[20.0, 20.0]",40.0,null,null,null,gabors,null,0.0,4.0,0.8,"[3644.93333333, 3644.93333333]",0.25021036,56,,,0,,False,6,train,0
1988,0.0,566.30813,566.55834,null,10.0,0.08,"[20.0, 20.0]",30.0,null,null,null,gabors,null,45.0,4.0,0.8,"[3644.93333333, 3644.93333333]",0.25021036,12,,,0,,False,10,train,1
1989,0.0,566.55834,566.80855,null,0.0,0.08,"[20.0, 20.0]",20.0,null,null,null,gabors,null,0.0,4.0,0.8,"[3644.93333333, 3644.93333333]",0.25020464,216,,,0,,False,6,train,0
1990,0.0,566.80855,567.05875,null,0.0,0.08,"[20.0, 20.0]",-20.0,null,null,null,gabors,null,45.0,4.0,0.8,"[3644.93333333, 3644.93333333]",0.25020464,103,,,0,,False,7,train,1
1991,0.0,567.05875,567.30895,null,40.0,0.08,"[20.0, 20.0]",-30.0,null,null,null,gabors,null,45.0,4.0,0.8,"[3644.93333333, 3644.93333333]",0.25020464,137,,,0,,False,7,train,1
1992,0.0,567.30895,567.55916,null,20.0,0.08,"[20.0, 20.0]",0.0,null,null,null,gabors,null,45.0,4.0,0.8,"[3644.93333333, 3644.93333333]",0.25020464,203,,,0,,False,7,train,1
1993,0.0,567.55916,567.80937,null,-10.0,0.08,"[20.0, 20.0]",-30.0,null,null,null,gabors,null,90.0,4.0,0.8,"[3644.93333333, 3644.93333333]",0.25021286,202,,,0,,False,6,train,2
1994,0.0,567.80937,568.05958,null,40.0,0.08,"[20.0, 20.0]",-40.0,null,null,null,gabors,null,0.0,4.0,0.8,"[3644.93333333, 3644.93333333]",0.25021286,132,,,0,,False,7,train,0
1995,0.0,568.05958,568.3098,null,40.0,0.08,"[20.0, 20.0]",30.0,null,null,null,gabors,null,45.0,4.0,0.8,"[3644.93333333, 3644.93333333]",0.25021286,163,,,0,,False,7,train,1
1996,0.0,568.3098,568.56001,null,20.0,0.08,"[20.0, 20.0]",0.0,null,null,null,gabors,null,0.0,4.0,0.8,"[3644.93333333, 3644.93333333]",0.25021286,204,,,0,,False,5,test,0
1997,0.0,568.56001,568.81022,null,-20.0,0.08,"[20.0, 20.0]",-10.0,null,null,null,gabors,null,0.0,4.0,0.8,"[3644.93333333, 3644.93333333]",0.25020964,241,,,0,,False,4,train,0
1998,0.0,568.81022,569.06043,null,-10.0,0.08,"[20.0, 20.0]",40.0,null,null,null,gabors,null,0.0,4.0,0.8,"[3644.93333333, 3644.93333333]",0.25020964,223,,,0,,False,8,test,0
1999,0.0,569.06043,569.31064,null,-20.0,0.08,"[20.0, 20.0]",10.0,null,null,null,gabors,null,45.0,4.0,0.8,"[3644.93333333, 3644.93333333]",0.25020964,158,,,0,,False,7,train,1
2000,0.0,569.31064,569.56085,null,40.0,0.08,"[20.0, 20.0]",20.0,null,null,null,gabors,null,0.0,4.0,0.8,"[3644.93333333, 3644.93333333]",0.25020964,98,,,0,,False,7,train,0
2001,0.0,569.56085,569.81106,null,-10.0,0.08,"[20.0, 20.0]",0.0,null,null,null,gabors,null,0.0,4.0,0.8,"[3644.93333333, 3644.93333333]",0.25020786,127,,,0,,False,9,train,0
2002,0.0,569.81106,570.06126,null,20.0,0.08,"[20.0, 20.0]",20.0,null,null,null,gabors,null,45.0,4.0,0.8,"[3644.93333333, 3644.93333333]",0.25020786,5,,,0,,False,9,train,1
2003,0.0,570.06126,570.31147,null,40.0,0.08,"[20.0, 20.0]",20.0,null,null,null,gabors,null,0.0,4.0,0.8,"[3644.93333333, 3644.93333333]",0.25020786,98,,,0,,False,8,test,0
2004,0.0,570.31147,570.56168,null,-30.0,0.08,"[20.0, 20.0]",0.0,null,null,null,gabors,null,90.0,4.0,0.8,"[3644.93333333, 3644.93333333]",0.25020786,84,,,0,,False,6,train,2
2005,0.0,570.56168,570.81189,null,-20.0,0.08,"[20.0, 20.0]",40.0,null,null,null,gabors,null,45.0,4.0,0.8,"[3644.93333333, 3644.93333333]",0.25020964,179,,,0,,False,9,train,1
2006,0.0,570.81189,571.0621,null,-20.0,0.08,"[20.0, 20.0]",40.0,null,null,null,gabors,null,90.0,4.0,0.8,"[3644.93333333, 3644.93333333]",0.25020964,79,,,0,,False,9,train,2
2007,0.0,571.0621,571.31231,null,-20.0,0.08,"[20.0, 20.0]",-20.0,null,null,null,gabors,null,0.0,4.0,0.8,"[3644.93333333, 3644.93333333]",0.25020964,205,,,0,,False,5,test,0
2008,0.0,571.31231,571.56252,null,-10.0,0.08,"[20.0, 20.0]",10.0,null,null,null,gabors,null,90.0,4.0,0.8,"[3644.93333333, 3644.93333333]",0.25020964,10,,,0,,False,7,train,2
2009,0.0,571.56252,571.81273,null,40.0,0.08,"[20.0, 20.0]",0.0,null,null,null,gabors,null,0.0,4.0,0.8,"[3644.93333333, 3644.93333333]",0.25021036,18,,,0,,False,11,test,0
2010,0.0,571.81273,572.06294,null,-40.0,0.08,"[20.0, 20.0]",-40.0,null,null,null,gabors,null,45.0,4.0,0.8,"[3644.93333333, 3644.93333333]",0.25021036,197,,,0,,False,7,train,1
2011,0.0,572.06294,572.31315,null,40.0,0.08,"[20.0, 20.0]",-20.0,null,null,null,gabors,null,45.0,4.0,0.8,"[3644.93333333, 3644.93333333]",0.25021036,78,,,0,,False,6,train,1
2012,0.0,572.31315,572.56336,null,20.0,0.08,"[20.0, 20.0]",10.0,null,null,null,gabors,null,90.0,4.0,0.8,"[3644.93333333, 3644.93333333]",0.25021036,243,,,0,,False,6,train,2
2013,0.0,572.56336,572.81357,null,0.0,0.08,"[20.0, 20.0]",30.0,null,null,null,gabors,null,0.0,4.0,0.8,"[3644.93333333, 3644.93333333]",0.25020714,225,,,0,,False,9,train,0
2014,0.0,572.81357,573.06377,null,-40.0,0.08,"[20.0, 20.0]",-20.0,null,null,null,gabors,null,45.0,4.0,0.8,"[3644.93333333, 3644.93333333]",0.25020714,239,,,0,,False,6,train,1
2015,0.0,573.06377,573.31398,null,-30.0,0.08,"[20.0, 20.0]",-20.0,null,null,null,gabors,null,45.0,4.0,0.8,"[3644.93333333, 3644.93333333]",0.25020714,176,,,0,,False,5,test,1
2016,0.0,573.31398,573.56419,null,-10.0,0.08,"[20.0, 20.0]",40.0,null,null,null,gabors,null,90.0,4.0,0.8,"[3644.93333333, 3644.93333333]",0.25020714,222,,,0,,False,8,test,2
2017,0.0,573.56419,573.8144,null,-20.0,0.08,"[20.0, 20.0]",-30.0,null,null,null,gabors,null,90.0,4.0,0.8,"[3644.93333333, 3644.93333333]",0.25021036,221,,,0,,False,8,test,2
2018,0.0,573.8144,574.06461,null,10.0,0.08,"[20.0, 20.0]",0.0,null,null,null,gabors,null,45.0,4.0,0.8,"[3644.93333333, 3644.93333333]",0.25021036,187,,,0,,False,8,test,1
2019,0.0,574.06461,574.31482,null,-20.0,0.08,"[20.0, 20.0]",-40.0,null,null,null,gabors,null,0.0,4.0,0.8,"[3644.93333333, 3644.93333333]",0.25021036,212,,,0,,False,9,train,0
2020,0.0,574.31482,574.56503,null,-10.0,0.08,"[20.0, 20.0]",10.0,null,null,null,gabors,null,90.0,4.0,0.8,"[3644.93333333, 3644.93333333]",0.25021036,10,,,0,,False,8,test,2
2021,0.0,574.56503,574.81524,null,0.0,0.08,"[20.0, 20.0]",-10.0,null,null,null,gabors,null,0.0,4.0,0.8,"[3644.93333333, 3644.93333333]",0.25020964,143,,,0,,False,8,test,0
2022,0.0,574.81524,575.06545,null,20.0,0.08,"[20.0, 20.0]",-20.0,null,null,null,gabors,null,45.0,4.0,0.8,"[3644.93333333, 3644.93333333]",0.25020964,36,,,0,,False,7,train,1
2023,0.0,575.06545,575.31566,null,20.0,0.08,"[20.0, 20.0]",-20.0,null,null,null,gabors,null,0.0,4.0,0.8,"[3644.93333333, 3644.93333333]",0.25020964,101,,,0,,False,9,train,0
2024,0.0,575.31566,575.56587,null,10.0,0.08,"[20.0, 20.0]",20.0,null,null,null,gabors,null,90.0,4.0,0.8,"[3644.93333333, 3644.93333333]",0.25020964,147,,,0,,False,7,train,2
2025,0.0,575.56587,575.81608,null,30.0,0.08,"[20.0, 20.0]",-10.0,null,null,null,gabors,null,0.0,4.0,0.8,"[3644.93333333, 3644.93333333]",0.25020786,88,,,0,,False,9,train,0
2026,0.0,575.81608,576.06628,null,20.0,0.08,"[20.0, 20.0]",40.0,null,null,null,gabors,null,45.0,4.0,0.8,"[3644.93333333, 3644.93333333]",0.25020786,136,,,0,,False,8,test,1
2027,0.0,576.06628,576.31649,null,10.0,0.08,"[20.0, 20.0]",10.0,null,null,null,gabors,null,90.0,4.0,0.8,"[3644.93333333, 3644.93333333]",0.25020786,214,,,0,,False,8,test,2
2028,0.0,576.31649,576.5667,null,20.0,0.08,"[20.0, 20.0]",30.0,null,null,null,gabors,null,90.0,4.0,0.8,"[3644.93333333, 3644.93333333]",0.25020786,64,,,0,,False,10,train,2
2029,0.0,576.5667,576.81691,null,-40.0,0.08,"[20.0, 20.0]",-10.0,null,null,null,gabors,null,90.0,4.0,0.8,"[3644.93333333, 3644.93333333]",0.25021214,33,,,0,,False,8,test,2
2030,0.0,576.81691,577.06712,null,30.0,0.08,"[20.0, 20.0]",40.0,null,null,null,gabors,null,0.0,4.0,0.8,"[3644.93333333, 3644.93333333]",0.25021214,110,,,0,,False,10,train,0
2031,0.0,577.06712,577.31734,null,40.0,0.08,"[20.0, 20.0]",10.0,null,null,null,gabors,null,0.0,4.0,0.8,"[3644.93333333, 3644.93333333]",0.25021214,62,,,0,,False,6,train,0
2032,0.0,577.31734,577.56755,null,10.0,0.08,"[20.0, 20.0]",0.0,null,null,null,gabors,null,45.0,4.0,0.8,"[3644.93333333, 3644.93333333]",0.25021214,187,,,0,,False,9,train,1
2033,0.0,577.56755,577.81775,null,-10.0,0.08,"[20.0, 20.0]",30.0,null,null,null,gabors,null,90.0,4.0,0.8,"[3644.93333333, 3644.93333333]",0.25020536,70,,,0,,False,10,train,2
2034,0.0,577.81775,578.06796,null,-40.0,0.08,"[20.0, 20.0]",20.0,null,null,null,gabors,null,45.0,4.0,0.8,"[3644.93333333, 3644.93333333]",0.25020536,240,,,0,,False,6,train,1
2035,0.0,578.06796,578.31817,null,-10.0,0.08,"[20.0, 20.0]",20.0,null,null,null,gabors,null,90.0,4.0,0.8,"[3644.93333333, 3644.93333333]",0.25020536,82,,,0,,False,10,train,2
2036,0.0,578.31817,578.56837,null,10.0,0.08,"[20.0, 20.0]",40.0,null,null,null,gabors,null,45.0,4.0,0.8,"[3644.93333333, 3644.93333333]",0.25020536,38,,,0,,False,9,train,1
2037,0.0,578.56837,578.81858,null,20.0,0.08,"[20.0, 20.0]",30.0,null,null,null,gabors,null,90.0,4.0,0.8,"[3644.93333333, 3644.93333333]",0.25020714,64,,,0,,False,11,test,2
2038,0.0,578.81858,579.06878,null,20.0,0.08,"[20.0, 20.0]",10.0,null,null,null,gabors,null,45.0,4.0,0.8,"[3644.93333333, 3644.93333333]",0.25020714,114,,,0,,False,8,test,1
2039,0.0,579.06878,579.31899,null,-10.0,0.08,"[20.0, 20.0]",0.0,null,null,null,gabors,null,0.0,4.0,0.8,"[3644.93333333, 3644.93333333]",0.25020714,127,,,0,,False,10,train,0
2040,0.0,579.31899,579.5692,null,-10.0,0.08,"[20.0, 20.0]",20.0,null,null,null,gabors,null,90.0,4.0,0.8,"[3644.93333333, 3644.93333333]",0.25020714,82,,,0,,False,11,test,2
2041,0.0,579.5692,579.81941,null,0.0,0.08,"[20.0, 20.0]",20.0,null,null,null,gabors,null,45.0,4.0,0.8,"[3644.93333333, 3644.93333333]",0.25021036,232,,,0,,False,8,test,1
2042,0.0,579.81941,580.06962,null,-20.0,0.08,"[20.0, 20.0]",-30.0,null,null,null,gabors,null,90.0,4.0,0.8,"[3644.93333333, 3644.93333333]",0.25021036,221,,,0,,False,9,train,2
2043,0.0,580.06962,580.31983,null,30.0,0.08,"[20.0, 20.0]",-40.0,null,null,null,gabors,null,0.0,4.0,0.8,"[3644.93333333, 3644.93333333]",0.25021036,37,,,0,,False,9,train,0
2044,0.0,580.31983,580.57004,null,-10.0,0.08,"[20.0, 20.0]",-40.0,null,null,null,gabors,null,45.0,4.0,0.8,"[3644.93333333, 3644.93333333]",0.25021036,122,,,0,,False,11,test,1
2045,0.0,580.57004,580.82024,null,10.0,0.08,"[20.0, 20.0]",30.0,null,null,null,gabors,null,90.0,4.0,0.8,"[3644.93333333, 3644.93333333]",0.25019964,51,,,0,,False,10,train,2
2046,0.0,580.82024,581.07044,null,30.0,0.08,"[20.0, 20.0]",30.0,null,null,null,gabors,null,0.0,4.0,0.8,"[3644.93333333, 3644.93333333]",0.25019964,154,,,0,,False,10,train,0
2047,0.0,581.07044,581.32064,null,-40.0,0.08,"[20.0, 20.0]",-20.0,null,null,null,gabors,null,45.0,4.0,0.8,"[3644.93333333, 3644.93333333]",0.25019964,239,,,0,,False,7,train,1
2048,0.0,581.32064,581.57084,null,-10.0,0.08,"[20.0, 20.0]",-20.0,null,null,null,gabors,null,90.0,4.0,0.8,"[3644.93333333, 3644.93333333]",0.25019964,16,,,0,,False,8,test,2
2049,0.0,581.57084,581.82106,null,30.0,0.08,"[20.0, 20.0]",-30.0,null,null,null,gabors,null,0.0,4.0,0.8,"[3644.93333333, 3644.93333333]",0.25021786,9,,,0,,False,8,test,0
2050,0.0,581.82106,582.07127,null,-20.0,0.08,"[20.0, 20.0]",30.0,null,null,null,gabors,null,45.0,4.0,0.8,"[3644.93333333, 3644.93333333]",0.25021786,72,,,0,,False,6,train,1
2051,0.0,582.07127,582.32149,null,-30.0,0.08,"[20.0, 20.0]",30.0,null,null,null,gabors,null,90.0,4.0,0.8,"[3644.93333333, 3644.93333333]",0.25021786,111,,,0,,False,6,train,2
2052,0.0,582.32149,582.57171,null,-20.0,0.08,"[20.0, 20.0]",-40.0,null,null,null,gabors,null,90.0,4.0,0.8,"[3644.93333333, 3644.93333333]",0.25021786,135,,,0,,False,10,train,2
2053,0.0,582.57171,582.82192,null,-10.0,0.08,"[20.0, 20.0]",0.0,null,null,null,gabors,null,90.0,4.0,0.8,"[3644.93333333, 3644.93333333]",0.25020964,155,,,0,,False,10,train,2
2054,0.0,582.82192,583.07213,null,0.0,0.08,"[20.0, 20.0]",-20.0,null,null,null,gabors,null,90.0,4.0,0.8,"[3644.93333333, 3644.93333333]",0.25020964,44,,,0,,False,11,test,2
2055,0.0,583.07213,583.32234,null,0.0,0.08,"[20.0, 20.0]",10.0,null,null,null,gabors,null,0.0,4.0,0.8,"[3644.93333333, 3644.93333333]",0.25020964,90,,,0,,False,7,train,0
2056,0.0,583.32234,583.57255,null,-30.0,0.08,"[20.0, 20.0]",-40.0,null,null,null,gabors,null,0.0,4.0,0.8,"[3644.93333333, 3644.93333333]",0.25020964,213,,,0,,False,8,test,0
2057,0.0,583.57255,583.82276,null,-40.0,0.08,"[20.0, 20.0]",10.0,null,null,null,gabors,null,90.0,4.0,0.8,"[3644.93333333, 3644.93333333]",0.25021036,120,,,0,,False,8,test,2
2058,0.0,583.82276,584.07297,null,20.0,0.08,"[20.0, 20.0]",-30.0,null,null,null,gabors,null,90.0,4.0,0.8,"[3644.93333333, 3644.93333333]",0.25021036,28,,,0,,False,9,train,2
2059,0.0,584.07297,584.32318,null,40.0,0.08,"[20.0, 20.0]",-20.0,null,null,null,gabors,null,0.0,4.0,0.8,"[3644.93333333, 3644.93333333]",0.25021036,3,,,0,,False,7,train,0
2060,0.0,584.32318,584.57339,null,-40.0,0.08,"[20.0, 20.0]",-10.0,null,null,null,gabors,null,90.0,4.0,0.8,"[3644.93333333, 3644.93333333]",0.25021036,33,,,0,,False,9,train,2
2061,0.0,584.57339,584.8236,null,-10.0,0.08,"[20.0, 20.0]",30.0,null,null,null,gabors,null,45.0,4.0,0.8,"[3644.93333333, 3644.93333333]",0.25020714,181,,,0,,False,6,train,1
2062,0.0,584.8236,585.0738,null,-40.0,0.08,"[20.0, 20.0]",-30.0,null,null,null,gabors,null,90.0,4.0,0.8,"[3644.93333333, 3644.93333333]",0.25020714,86,,,0,,False,8,test,2
2063,0.0,585.0738,585.32401,null,30.0,0.08,"[20.0, 20.0]",20.0,null,null,null,gabors,null,90.0,4.0,0.8,"[3644.93333333, 3644.93333333]",0.25020714,76,,,0,,False,9,train,2
2064,0.0,585.32401,585.57422,null,0.0,0.08,"[20.0, 20.0]",-30.0,null,null,null,gabors,null,0.0,4.0,0.8,"[3644.93333333, 3644.93333333]",0.25020714,159,,,0,,False,7,train,0
2065,0.0,585.57422,585.82443,null,-10.0,0.08,"[20.0, 20.0]",-40.0,null,null,null,gabors,null,45.0,4.0,0.8,"[3644.93333333, 3644.93333333]",0.25021286,122,,,0,,False,12,train,1
2066,0.0,585.82443,586.07464,null,30.0,0.08,"[20.0, 20.0]",-20.0,null,null,null,gabors,null,90.0,4.0,0.8,"[3644.93333333, 3644.93333333]",0.25021286,177,,,0,,False,8,test,2
2067,0.0,586.07464,586.32486,null,20.0,0.08,"[20.0, 20.0]",20.0,null,null,null,gabors,null,90.0,4.0,0.8,"[3644.93333333, 3644.93333333]",0.25021286,24,,,0,,False,10,train,2
2068,0.0,586.32486,586.57507,null,-10.0,0.08,"[20.0, 20.0]",-10.0,null,null,null,gabors,null,90.0,4.0,0.8,"[3644.93333333, 3644.93333333]",0.25021286,182,,,0,,False,7,train,2
2069,0.0,586.57507,586.82527,null,0.0,0.08,"[20.0, 20.0]",-40.0,null,null,null,gabors,null,45.0,4.0,0.8,"[3644.93333333, 3644.93333333]",0.25020214,191,,,0,,False,9,train,1
2070,0.0,586.82527,587.07547,null,30.0,0.08,"[20.0, 20.0]",0.0,null,null,null,gabors,null,0.0,4.0,0.8,"[3644.93333333, 3644.93333333]",0.25020214,69,,,0,,False,14,test,0
2071,0.0,587.07547,587.32568,null,20.0,0.08,"[20.0, 20.0]",40.0,null,null,null,gabors,null,90.0,4.0,0.8,"[3644.93333333, 3644.93333333]",0.25020214,141,,,0,,False,9,train,2
2072,0.0,587.32568,587.57588,null,-10.0,0.08,"[20.0, 20.0]",0.0,null,null,null,gabors,null,45.0,4.0,0.8,"[3644.93333333, 3644.93333333]",0.25020214,167,,,0,,False,7,train,1
2073,0.0,587.57588,587.82609,null,30.0,0.08,"[20.0, 20.0]",-20.0,null,null,null,gabors,null,45.0,4.0,0.8,"[3644.93333333, 3644.93333333]",0.25021536,49,,,0,,False,10,train,1
2074,0.0,587.82609,588.07631,null,-40.0,0.08,"[20.0, 20.0]",0.0,null,null,null,gabors,null,90.0,4.0,0.8,"[3644.93333333, 3644.93333333]",0.25021536,4,,,0,,False,6,train,2
2075,0.0,588.07631,588.32653,null,-40.0,0.08,"[20.0, 20.0]",-40.0,null,null,null,gabors,null,0.0,4.0,0.8,"[3644.93333333, 3644.93333333]",0.25021536,53,,,0,,False,8,test,0
2076,0.0,588.32653,588.57674,null,-40.0,0.08,"[20.0, 20.0]",-30.0,null,null,null,gabors,null,45.0,4.0,0.8,"[3644.93333333, 3644.93333333]",0.25021536,107,,,0,,False,6,train,1
2077,0.0,588.57674,588.82695,null,30.0,0.08,"[20.0, 20.0]",20.0,null,null,null,gabors,null,0.0,4.0,0.8,"[3644.93333333, 3644.93333333]",0.25020964,164,,,0,,False,10,train,0
2078,0.0,588.82695,589.07716,null,10.0,0.08,"[20.0, 20.0]",-20.0,null,null,null,gabors,null,45.0,4.0,0.8,"[3644.93333333, 3644.93333333]",0.25020964,190,,,0,,False,9,train,1
2079,0.0,589.07716,589.32737,null,20.0,0.08,"[20.0, 20.0]",-40.0,null,null,null,gabors,null,45.0,4.0,0.8,"[3644.93333333, 3644.93333333]",0.25020964,125,,,0,,False,8,test,1
2080,0.0,589.32737,589.57758,null,-40.0,0.08,"[20.0, 20.0]",40.0,null,null,null,gabors,null,45.0,4.0,0.8,"[3644.93333333, 3644.93333333]",0.25020964,206,,,0,,False,9,train,1
2081,0.0,589.57758,589.82779,null,10.0,0.08,"[20.0, 20.0]",-30.0,null,null,null,gabors,null,0.0,4.0,0.8,"[3644.93333333, 3644.93333333]",0.25021036,220,,,0,,False,7,train,0
2082,0.0,589.82779,590.078,null,10.0,0.08,"[20.0, 20.0]",0.0,null,null,null,gabors,null,0.0,4.0,0.8,"[3644.93333333, 3644.93333333]",0.25021036,157,,,0,,False,6,train,0
2083,0.0,590.078,590.32821,null,10.0,0.08,"[20.0, 20.0]",20.0,null,null,null,gabors,null,0.0,4.0,0.8,"[3644.93333333, 3644.93333333]",0.25021036,129,,,0,,False,7,train,0
2084,0.0,590.32821,590.57842,null,-40.0,0.08,"[20.0, 20.0]",-10.0,null,null,null,gabors,null,45.0,4.0,0.8,"[3644.93333333, 3644.93333333]",0.25021036,74,,,0,,False,5,test,1
2085,0.0,590.57842,590.82864,null,-20.0,0.08,"[20.0, 20.0]",20.0,null,null,null,gabors,null,0.0,4.0,0.8,"[3644.93333333, 3644.93333333]",0.25021714,178,,,0,,False,10,train,0
2086,0.0,590.82864,591.07885,null,-30.0,0.08,"[20.0, 20.0]",-20.0,null,null,null,gabors,null,0.0,4.0,0.8,"[3644.93333333, 3644.93333333]",0.25021714,119,,,0,,False,9,train,0
2087,0.0,591.07885,591.32907,null,40.0,0.08,"[20.0, 20.0]",-10.0,null,null,null,gabors,null,0.0,4.0,0.8,"[3644.93333333, 3644.93333333]",0.25021714,83,,,0,,False,6,train,0
2088,0.0,591.32907,591.57929,null,10.0,0.08,"[20.0, 20.0]",40.0,null,null,null,gabors,null,45.0,4.0,0.8,"[3644.93333333, 3644.93333333]",0.25021714,38,,,0,,False,10,train,1
2089,0.0,591.57929,591.82949,null,0.0,0.08,"[20.0, 20.0]",40.0,null,null,null,gabors,null,0.0,4.0,0.8,"[3644.93333333, 3644.93333333]",0.25019786,215,,,0,,False,6,train,0
2090,0.0,591.82949,592.07968,null,40.0,0.08,"[20.0, 20.0]",0.0,null,null,null,gabors,null,90.0,4.0,0.8,"[3644.93333333, 3644.93333333]",0.25019786,211,,,0,,False,8,test,2
2091,0.0,592.07968,592.32988,null,-10.0,0.08,"[20.0, 20.0]",40.0,null,null,null,gabors,null,45.0,4.0,0.8,"[3644.93333333, 3644.93333333]",0.25019786,112,,,0,,False,8,test,1
2092,0.0,592.32988,592.58008,null,40.0,0.08,"[20.0, 20.0]",20.0,null,null,null,gabors,null,0.0,4.0,0.8,"[3644.93333333, 3644.93333333]",0.25019786,98,,,0,,False,9,train,0
2093,0.0,592.58008,592.83029,null,-20.0,0.08,"[20.0, 20.0]",-20.0,null,null,null,gabors,null,0.0,4.0,0.8,"[3644.93333333, 3644.93333333]",0.25021214,205,,,0,,False,6,train,0
2094,0.0,592.83029,593.0805,null,10.0,0.08,"[20.0, 20.0]",-10.0,null,null,null,gabors,null,45.0,4.0,0.8,"[3644.93333333, 3644.93333333]",0.25021214,131,,,0,,False,9,train,1
2095,0.0,593.0805,593.33072,null,-10.0,0.08,"[20.0, 20.0]",40.0,null,null,null,gabors,null,45.0,4.0,0.8,"[3644.93333333, 3644.93333333]",0.25021214,112,,,0,,False,9,train,1
2096,0.0,593.33072,593.58093,null,-30.0,0.08,"[20.0, 20.0]",0.0,null,null,null,gabors,null,45.0,4.0,0.8,"[3644.93333333, 3644.93333333]",0.25021214,99,,,0,,False,8,test,1
2097,0.0,593.58093,593.83114,null,40.0,0.08,"[20.0, 20.0]",-10.0,null,null,null,gabors,null,0.0,4.0,0.8,"[3644.93333333, 3644.93333333]",0.25021036,83,,,0,,False,7,train,0
2098,0.0,593.83114,594.08135,null,40.0,0.08,"[20.0, 20.0]",40.0,null,null,null,gabors,null,90.0,4.0,0.8,"[3644.93333333, 3644.93333333]",0.25021036,189,,,0,,False,7,train,2
2099,0.0,594.08135,594.33156,null,-30.0,0.08,"[20.0, 20.0]",40.0,null,null,null,gabors,null,90.0,4.0,0.8,"[3644.93333333, 3644.93333333]",0.25021036,148,,,0,,False,6,train,2
2100,0.0,594.33156,594.58177,null,-40.0,0.08,"[20.0, 20.0]",10.0,null,null,null,gabors,null,90.0,4.0,0.8,"[3644.93333333, 3644.93333333]",0.25021036,120,,,0,,False,9,train,2
2101,0.0,594.58177,594.83198,null,20.0,0.08,"[20.0, 20.0]",-10.0,null,null,null,gabors,null,0.0,4.0,0.8,"[3644.93333333, 3644.93333333]",0.25020714,48,,,0,,False,9,train,0
2102,0.0,594.83198,595.08218,null,-20.0,0.08,"[20.0, 20.0]",-20.0,null,null,null,gabors,null,90.0,4.0,0.8,"[3644.93333333, 3644.93333333]",0.25020714,140,,,0,,False,7,train,2
2103,0.0,595.08218,595.33239,null,10.0,0.08,"[20.0, 20.0]",40.0,null,null,null,gabors,null,0.0,4.0,0.8,"[3644.93333333, 3644.93333333]",0.25020714,56,,,0,,False,7,train,0
2104,0.0,595.33239,595.5826,null,40.0,0.08,"[20.0, 20.0]",-40.0,null,null,null,gabors,null,0.0,4.0,0.8,"[3644.93333333, 3644.93333333]",0.25020714,132,,,0,,False,8,test,0
2105,0.0,595.5826,595.83281,null,0.0,0.08,"[20.0, 20.0]",-20.0,null,null,null,gabors,null,0.0,4.0,0.8,"[3644.93333333, 3644.93333333]",0.25020786,228,,,0,,False,9,train,0
2106,0.0,595.83281,596.08301,null,0.0,0.08,"[20.0, 20.0]",0.0,null,null,null,gabors,null,0.0,4.0,0.8,"[3644.93333333, 3644.93333333]",0.25020786,124,,,0,,False,9,train,0
2107,0.0,596.08301,596.33322,null,-30.0,0.08,"[20.0, 20.0]",30.0,null,null,null,gabors,null,90.0,4.0,0.8,"[3644.93333333, 3644.93333333]",0.25020786,111,,,0,,False,7,train,2
2108,0.0,596.33322,596.58343,null,10.0,0.08,"[20.0, 20.0]",40.0,null,null,null,gabors,null,90.0,4.0,0.8,"[3644.93333333, 3644.93333333]",0.25020786,39,,,0,,False,7,train,2
2109,0.0,596.58343,596.83364,null,-30.0,0.08,"[20.0, 20.0]",30.0,null,null,null,gabors,null,0.0,4.0,0.8,"[3644.93333333, 3644.93333333]",0.25021214,66,,,0,,False,11,test,0
2110,0.0,596.83364,597.08385,null,20.0,0.08,"[20.0, 20.0]",-30.0,null,null,null,gabors,null,90.0,4.0,0.8,"[3644.93333333, 3644.93333333]",0.25021214,28,,,0,,False,10,train,2
2111,0.0,597.08385,597.33407,null,30.0,0.08,"[20.0, 20.0]",-10.0,null,null,null,gabors,null,0.0,4.0,0.8,"[3644.93333333, 3644.93333333]",0.25021214,88,,,0,,False,10,train,0
2112,0.0,597.33407,597.58428,null,0.0,0.08,"[20.0, 20.0]",30.0,null,null,null,gabors,null,45.0,4.0,0.8,"[3644.93333333, 3644.93333333]",0.25021214,100,,,0,,False,9,train,1
2113,0.0,597.58428,597.83448,null,-40.0,0.08,"[20.0, 20.0]",-10.0,null,null,null,gabors,null,45.0,4.0,0.8,"[3644.93333333, 3644.93333333]",0.25020536,74,,,0,,False,6,train,1
2114,0.0,597.83448,598.08469,null,10.0,0.08,"[20.0, 20.0]",0.0,null,null,null,gabors,null,45.0,4.0,0.8,"[3644.93333333, 3644.93333333]",0.25020536,187,,,0,,False,10,train,1
2115,0.0,598.08469,598.3349,null,-10.0,0.08,"[20.0, 20.0]",40.0,null,null,null,gabors,null,45.0,4.0,0.8,"[3644.93333333, 3644.93333333]",0.25020536,112,,,0,,False,10,train,1
2116,0.0,598.3349,598.5851,null,20.0,0.08,"[20.0, 20.0]",20.0,null,null,null,gabors,null,90.0,4.0,0.8,"[3644.93333333, 3644.93333333]",0.25020536,24,,,0,,False,11,test,2
2117,0.0,598.5851,598.83531,null,-10.0,0.08,"[20.0, 20.0]",-30.0,null,null,null,gabors,null,45.0,4.0,0.8,"[3644.93333333, 3644.93333333]",0.25020464,151,,,0,,False,11,test,1
2118,0.0,598.83531,599.08551,null,20.0,0.08,"[20.0, 20.0]",20.0,null,null,null,gabors,null,45.0,4.0,0.8,"[3644.93333333, 3644.93333333]",0.25020464,5,,,0,,False,10,train,1
2119,0.0,599.08551,599.33571,null,10.0,0.08,"[20.0, 20.0]",30.0,null,null,null,gabors,null,90.0,4.0,0.8,"[3644.93333333, 3644.93333333]",0.25020464,51,,,0,,False,11,test,2
2120,0.0,599.33571,599.58592,null,40.0,0.08,"[20.0, 20.0]",20.0,null,null,null,gabors,null,45.0,4.0,0.8,"[3644.93333333, 3644.93333333]",0.25020464,7,,,0,,False,7,train,1
2121,0.0,599.58592,599.83613,null,10.0,0.08,"[20.0, 20.0]",40.0,null,null,null,gabors,null,45.0,4.0,0.8,"[3644.93333333, 3644.93333333]",0.25021536,38,,,0,,False,11,test,1
2122,0.0,599.83613,600.08635,null,20.0,0.08,"[20.0, 20.0]",-30.0,null,null,null,gabors,null,90.0,4.0,0.8,"[3644.93333333, 3644.93333333]",0.25021536,28,,,0,,False,11,test,2
2123,0.0,600.08635,600.33657,null,0.0,0.08,"[20.0, 20.0]",-10.0,null,null,null,gabors,null,90.0,4.0,0.8,"[3644.93333333, 3644.93333333]",0.25021536,218,,,0,,False,9,train,2
2124,0.0,600.33657,600.58678,null,-40.0,0.08,"[20.0, 20.0]",-20.0,null,null,null,gabors,null,90.0,4.0,0.8,"[3644.93333333, 3644.93333333]",0.25021536,65,,,0,,False,8,test,2
2125,0.0,600.58678,600.83699,null,20.0,0.08,"[20.0, 20.0]",-20.0,null,null,null,gabors,null,0.0,4.0,0.8,"[3644.93333333, 3644.93333333]",0.25020464,101,,,0,,False,10,train,0
2126,0.0,600.83699,601.08719,null,0.0,0.08,"[20.0, 20.0]",10.0,null,null,null,gabors,null,90.0,4.0,0.8,"[3644.93333333, 3644.93333333]",0.25020464,196,,,0,,False,10,train,2
2127,0.0,601.08719,601.33739,null,10.0,0.08,"[20.0, 20.0]",40.0,null,null,null,gabors,null,0.0,4.0,0.8,"[3644.93333333, 3644.93333333]",0.25020464,56,,,0,,False,8,test,0
2128,0.0,601.33739,601.5876,null,-30.0,0.08,"[20.0, 20.0]",-20.0,null,null,null,gabors,null,45.0,4.0,0.8,"[3644.93333333, 3644.93333333]",0.25020464,176,,,0,,False,6,train,1
2129,0.0,601.5876,601.83781,null,10.0,0.08,"[20.0, 20.0]",0.0,null,null,null,gabors,null,0.0,4.0,0.8,"[3644.93333333, 3644.93333333]",0.25021286,157,,,0,,False,7,train,0
2130,0.0,601.83781,602.08802,null,0.0,0.08,"[20.0, 20.0]",-10.0,null,null,null,gabors,null,45.0,4.0,0.8,"[3644.93333333, 3644.93333333]",0.25021286,195,,,0,,False,4,train,1
2131,0.0,602.08802,602.33824,null,-20.0,0.08,"[20.0, 20.0]",20.0,null,null,null,gabors,null,90.0,4.0,0.8,"[3644.93333333, 3644.93333333]",0.25021286,198,,,0,,False,8,test,2
2132,0.0,602.33824,602.58845,null,-10.0,0.08,"[20.0, 20.0]",10.0,null,null,null,gabors,null,0.0,4.0,0.8,"[3644.93333333, 3644.93333333]",0.25021286,23,,,0,,False,7,train,0
2133,0.0,602.58845,602.83865,null,10.0,0.08,"[20.0, 20.0]",-10.0,null,null,null,gabors,null,90.0,4.0,0.8,"[3644.93333333, 3644.93333333]",0.25020214,81,,,0,,False,8,test,2
2134,0.0,602.83865,603.08885,null,10.0,0.08,"[20.0, 20.0]",-20.0,null,null,null,gabors,null,90.0,4.0,0.8,"[3644.93333333, 3644.93333333]",0.25020214,57,,,0,,False,6,train,2
2135,0.0,603.08885,603.33906,null,20.0,0.08,"[20.0, 20.0]",20.0,null,null,null,gabors,null,45.0,4.0,0.8,"[3644.93333333, 3644.93333333]",0.25020214,5,,,0,,False,11,test,1
2136,0.0,603.33906,603.58926,null,-20.0,0.08,"[20.0, 20.0]",10.0,null,null,null,gabors,null,0.0,4.0,0.8,"[3644.93333333, 3644.93333333]",0.25020214,138,,,0,,False,9,train,0
2137,0.0,603.58926,603.83947,null,20.0,0.08,"[20.0, 20.0]",-30.0,null,null,null,gabors,null,0.0,4.0,0.8,"[3644.93333333, 3644.93333333]",0.25021536,175,,,0,,False,5,test,0
2138,0.0,603.83947,604.08969,null,20.0,0.08,"[20.0, 20.0]",40.0,null,null,null,gabors,null,0.0,4.0,0.8,"[3644.93333333, 3644.93333333]",0.25021536,30,,,0,,False,6,train,0
2139,0.0,604.08969,604.33991,null,-40.0,0.08,"[20.0, 20.0]",0.0,null,null,null,gabors,null,45.0,4.0,0.8,"[3644.93333333, 3644.93333333]",0.25021536,130,,,0,,False,9,train,1
2140,0.0,604.33991,604.59012,null,40.0,0.08,"[20.0, 20.0]",-10.0,null,null,null,gabors,null,45.0,4.0,0.8,"[3644.93333333, 3644.93333333]",0.25021536,67,,,0,,False,10,train,1
2141,0.0,604.59012,604.84033,null,20.0,0.08,"[20.0, 20.0]",-40.0,null,null,null,gabors,null,0.0,4.0,0.8,"[3644.93333333, 3644.93333333]",0.25020964,194,,,0,,False,9,train,0
2142,0.0,604.84033,605.09054,null,30.0,0.08,"[20.0, 20.0]",40.0,null,null,null,gabors,null,0.0,4.0,0.8,"[3644.93333333, 3644.93333333]",0.25020964,110,,,0,,False,11,test,0
2143,0.0,605.09054,605.34075,null,-20.0,0.08,"[20.0, 20.0]",40.0,null,null,null,gabors,null,0.0,4.0,0.8,"[3644.93333333, 3644.93333333]",0.25020964,109,,,0,,False,6,train,0
2144,0.0,605.34075,605.59096,null,-30.0,0.08,"[20.0, 20.0]",40.0,null,null,null,gabors,null,45.0,4.0,0.8,"[3644.93333333, 3644.93333333]",0.25020964,63,,,0,,False,10,train,1
2145,0.0,605.59096,605.84117,null,30.0,0.08,"[20.0, 20.0]",-20.0,null,null,null,gabors,null,90.0,4.0,0.8,"[3644.93333333, 3644.93333333]",0.25021036,177,,,0,,False,9,train,2
2146,0.0,605.84117,606.09138,null,-10.0,0.08,"[20.0, 20.0]",20.0,null,null,null,gabors,null,0.0,4.0,0.8,"[3644.93333333, 3644.93333333]",0.25021036,1,,,0,,False,9,train,0
2147,0.0,606.09138,606.34159,null,20.0,0.08,"[20.0, 20.0]",20.0,null,null,null,gabors,null,0.0,4.0,0.8,"[3644.93333333, 3644.93333333]",0.25021036,121,,,0,,False,7,train,0
2148,0.0,606.34159,606.5918,null,20.0,0.08,"[20.0, 20.0]",10.0,null,null,null,gabors,null,90.0,4.0,0.8,"[3644.93333333, 3644.93333333]",0.25021036,243,,,0,,False,7,train,2
2149,0.0,606.5918,606.84201,null,40.0,0.08,"[20.0, 20.0]",20.0,null,null,null,gabors,null,90.0,4.0,0.8,"[3644.93333333, 3644.93333333]",0.25020714,115,,,0,,False,6,train,2
2150,0.0,606.84201,607.09221,null,40.0,0.08,"[20.0, 20.0]",-10.0,null,null,null,gabors,null,90.0,4.0,0.8,"[3644.93333333, 3644.93333333]",0.25020714,170,,,0,,False,5,test,2
2151,0.0,607.09221,607.34242,null,10.0,0.08,"[20.0, 20.0]",-30.0,null,null,null,gabors,null,0.0,4.0,0.8,"[3644.93333333, 3644.93333333]",0.25020714,220,,,0,,False,8,test,0
2152,0.0,607.34242,607.59263,null,-30.0,0.08,"[20.0, 20.0]",10.0,null,null,null,gabors,null,45.0,4.0,0.8,"[3644.93333333, 3644.93333333]",0.25020714,108,,,0,,False,9,train,1
2153,0.0,607.59263,607.84284,null,-10.0,0.08,"[20.0, 20.0]",-20.0,null,null,null,gabors,null,90.0,4.0,0.8,"[3644.93333333, 3644.93333333]",0.25021036,16,,,0,,False,9,train,2
2154,0.0,607.84284,608.09305,null,-40.0,0.08,"[20.0, 20.0]",40.0,null,null,null,gabors,null,0.0,4.0,0.8,"[3644.93333333, 3644.93333333]",0.25021036,231,,,0,,False,11,test,0
2155,0.0,608.09305,608.34326,null,0.0,0.08,"[20.0, 20.0]",20.0,null,null,null,gabors,null,45.0,4.0,0.8,"[3644.93333333, 3644.93333333]",0.25021036,232,,,0,,False,9,train,1
2156,0.0,608.34326,608.59347,null,20.0,0.08,"[20.0, 20.0]",-30.0,null,null,null,gabors,null,0.0,4.0,0.8,"[3644.93333333, 3644.93333333]",0.25021036,175,,,0,,False,6,train,0
2157,0.0,608.59347,608.84368,null,-20.0,0.08,"[20.0, 20.0]",40.0,null,null,null,gabors,null,0.0,4.0,0.8,"[3644.93333333, 3644.93333333]",0.25020964,109,,,0,,False,7,train,0
2158,0.0,608.84368,609.09389,null,-30.0,0.08,"[20.0, 20.0]",20.0,null,null,null,gabors,null,90.0,4.0,0.8,"[3644.93333333, 3644.93333333]",0.25020964,128,,,0,,False,9,train,2
2159,0.0,609.09389,609.3441,null,10.0,0.08,"[20.0, 20.0]",10.0,null,null,null,gabors,null,0.0,4.0,0.8,"[3644.93333333, 3644.93333333]",0.25020964,94,,,0,,False,8,test,0
2160,0.0,609.3441,609.59431,null,10.0,0.08,"[20.0, 20.0]",0.0,null,null,null,gabors,null,90.0,4.0,0.8,"[3644.93333333, 3644.93333333]",0.25020964,15,,,0,,False,10,train,2
2161,0.0,609.59431,609.84452,null,30.0,0.08,"[20.0, 20.0]",10.0,null,null,null,gabors,null,45.0,4.0,0.8,"[3644.93333333, 3644.93333333]",0.25020786,20,,,0,,False,8,test,1
2162,0.0,609.84452,610.09472,null,30.0,0.08,"[20.0, 20.0]",10.0,null,null,null,gabors,null,45.0,4.0,0.8,"[3644.93333333, 3644.93333333]",0.25020786,20,,,0,,False,9,train,1
2163,0.0,610.09472,610.34493,null,10.0,0.08,"[20.0, 20.0]",-20.0,null,null,null,gabors,null,0.0,4.0,0.8,"[3644.93333333, 3644.93333333]",0.25020786,116,,,0,,False,4,train,0
2164,0.0,610.34493,610.59514,null,-30.0,0.08,"[20.0, 20.0]",40.0,null,null,null,gabors,null,0.0,4.0,0.8,"[3644.93333333, 3644.93333333]",0.25020786,22,,,0,,False,13,train,0
2165,0.0,610.59514,610.84536,null,-30.0,0.08,"[20.0, 20.0]",-30.0,null,null,null,gabors,null,90.0,4.0,0.8,"[3644.93333333, 3644.93333333]",0.25021714,80,,,0,,False,8,test,2
2166,0.0,610.84536,611.09557,null,-20.0,0.08,"[20.0, 20.0]",-10.0,null,null,null,gabors,null,90.0,4.0,0.8,"[3644.93333333, 3644.93333333]",0.25021714,236,,,0,,False,8,test,2
2167,0.0,611.09557,611.34579,null,-20.0,0.08,"[20.0, 20.0]",-40.0,null,null,null,gabors,null,90.0,4.0,0.8,"[3644.93333333, 3644.93333333]",0.25021714,135,,,0,,False,11,test,2
2168,0.0,611.34579,611.59601,null,20.0,0.08,"[20.0, 20.0]",-10.0,null,null,null,gabors,null,90.0,4.0,0.8,"[3644.93333333, 3644.93333333]",0.25021714,50,,,0,,False,10,train,2
2169,0.0,611.59601,611.84621,null,-20.0,0.08,"[20.0, 20.0]",-10.0,null,null,null,gabors,null,45.0,4.0,0.8,"[3644.93333333, 3644.93333333]",0.25020286,29,,,0,,False,10,train,1
2170,0.0,611.84621,612.09641,null,40.0,0.08,"[20.0, 20.0]",-20.0,null,null,null,gabors,null,90.0,4.0,0.8,"[3644.93333333, 3644.93333333]",0.25020286,149,,,0,,False,8,test,2
2171,0.0,612.09641,612.34662,null,20.0,0.08,"[20.0, 20.0]",10.0,null,null,null,gabors,null,0.0,4.0,0.8,"[3644.93333333, 3644.93333333]",0.25020286,21,,,0,,False,8,test,0
2172,0.0,612.34662,612.59682,null,-40.0,0.08,"[20.0, 20.0]",-40.0,null,null,null,gabors,null,90.0,4.0,0.8,"[3644.93333333, 3644.93333333]",0.25020286,31,,,0,,False,10,train,2
2173,0.0,612.59682,612.84703,null,40.0,0.08,"[20.0, 20.0]",-10.0,null,null,null,gabors,null,90.0,4.0,0.8,"[3644.93333333, 3644.93333333]",0.25020964,170,,,0,,False,6,train,2
2174,0.0,612.84703,613.09724,null,30.0,0.08,"[20.0, 20.0]",-40.0,null,null,null,gabors,null,45.0,4.0,0.8,"[3644.93333333, 3644.93333333]",0.25020964,75,,,0,,False,5,test,1
2175,0.0,613.09724,613.34745,null,0.0,0.08,"[20.0, 20.0]",-20.0,null,null,null,gabors,null,45.0,4.0,0.8,"[3644.93333333, 3644.93333333]",0.25020964,103,,,0,,False,8,test,1
2176,0.0,613.34745,613.59766,null,0.0,0.08,"[20.0, 20.0]",-10.0,null,null,null,gabors,null,90.0,4.0,0.8,"[3644.93333333, 3644.93333333]",0.25020964,218,,,0,,False,10,train,2
2177,0.0,613.59766,613.84787,null,-40.0,0.08,"[20.0, 20.0]",-10.0,null,null,null,gabors,null,90.0,4.0,0.8,"[3644.93333333, 3644.93333333]",0.25021036,33,,,0,,False,10,train,2
2178,0.0,613.84787,614.09808,null,10.0,0.08,"[20.0, 20.0]",20.0,null,null,null,gabors,null,45.0,4.0,0.8,"[3644.93333333, 3644.93333333]",0.25021036,14,,,0,,False,11,test,1
2179,0.0,614.09808,614.34829,null,20.0,0.08,"[20.0, 20.0]",-10.0,null,null,null,gabors,null,45.0,4.0,0.8,"[3644.93333333, 3644.93333333]",0.25021036,242,,,0,,False,8,test,1
2180,0.0,614.34829,614.5985,null,-20.0,0.08,"[20.0, 20.0]",-30.0,null,null,null,gabors,null,45.0,4.0,0.8,"[3644.93333333, 3644.93333333]",0.25021036,168,,,0,,False,9,train,1
2181,0.0,614.5985,614.84871,null,-40.0,0.08,"[20.0, 20.0]",-10.0,null,null,null,gabors,null,45.0,4.0,0.8,"[3644.93333333, 3644.93333333]",0.25020714,74,,,0,,False,7,train,1
2182,0.0,614.84871,615.09891,null,40.0,0.08,"[20.0, 20.0]",30.0,null,null,null,gabors,null,90.0,4.0,0.8,"[3644.93333333, 3644.93333333]",0.25020714,104,,,0,,False,10,train,2
2183,0.0,615.09891,615.34912,null,40.0,0.08,"[20.0, 20.0]",-20.0,null,null,null,gabors,null,90.0,4.0,0.8,"[3644.93333333, 3644.93333333]",0.25020714,149,,,0,,False,9,train,2
2184,0.0,615.34912,615.59933,null,10.0,0.08,"[20.0, 20.0]",-10.0,null,null,null,gabors,null,45.0,4.0,0.8,"[3644.93333333, 3644.93333333]",0.25020714,131,,,0,,False,10,train,1
2185,0.0,615.59933,615.84954,null,30.0,0.08,"[20.0, 20.0]",-10.0,null,null,null,gabors,null,45.0,4.0,0.8,"[3644.93333333, 3644.93333333]",0.25020786,60,,,0,,False,8,test,1
2186,0.0,615.84954,616.09974,null,-10.0,0.08,"[20.0, 20.0]",20.0,null,null,null,gabors,null,45.0,4.0,0.8,"[3644.93333333, 3644.93333333]",0.25020786,93,,,0,,False,9,train,1
2187,0.0,616.09974,616.34995,null,-20.0,0.08,"[20.0, 20.0]",-40.0,null,null,null,gabors,null,45.0,4.0,0.8,"[3644.93333333, 3644.93333333]",0.25020786,106,,,0,,False,7,train,1
2188,0.0,616.34995,616.60016,null,20.0,0.08,"[20.0, 20.0]",-30.0,null,null,null,gabors,null,0.0,4.0,0.8,"[3644.93333333, 3644.93333333]",0.25020786,175,,,0,,False,7,train,0
2189,0.0,616.60016,616.85038,null,-40.0,0.08,"[20.0, 20.0]",-30.0,null,null,null,gabors,null,45.0,4.0,0.8,"[3644.93333333, 3644.93333333]",0.25021464,107,,,0,,False,7,train,1
2190,0.0,616.85038,617.10059,null,0.0,0.08,"[20.0, 20.0]",0.0,null,null,null,gabors,null,45.0,4.0,0.8,"[3644.93333333, 3644.93333333]",0.25021464,201,,,0,,False,9,train,1
2191,0.0,617.10059,617.3508,null,30.0,0.08,"[20.0, 20.0]",-10.0,null,null,null,gabors,null,90.0,4.0,0.8,"[3644.93333333, 3644.93333333]",0.25021464,227,,,0,,False,5,test,2
2192,0.0,617.3508,617.60102,null,20.0,0.08,"[20.0, 20.0]",0.0,null,null,null,gabors,null,45.0,4.0,0.8,"[3644.93333333, 3644.93333333]",0.25021464,203,,,0,,False,8,test,1
2193,0.0,617.60102,617.85122,null,40.0,0.08,"[20.0, 20.0]",-30.0,null,null,null,gabors,null,0.0,4.0,0.8,"[3644.93333333, 3644.93333333]",0.25020536,183,,,0,,False,9,train,0
2194,0.0,617.85122,618.10143,null,20.0,0.08,"[20.0, 20.0]",0.0,null,null,null,gabors,null,45.0,4.0,0.8,"[3644.93333333, 3644.93333333]",0.25020536,203,,,0,,False,9,train,1
2195,0.0,618.10143,618.35164,null,40.0,0.08,"[20.0, 20.0]",40.0,null,null,null,gabors,null,90.0,4.0,0.8,"[3644.93333333, 3644.93333333]",0.25020536,189,,,0,,False,8,test,2
2196,0.0,618.35164,618.60184,null,-30.0,0.08,"[20.0, 20.0]",-30.0,null,null,null,gabors,null,0.0,4.0,0.8,"[3644.93333333, 3644.93333333]",0.25020536,43,,,0,,False,9,train,0
2197,0.0,618.60184,618.85205,null,-40.0,0.08,"[20.0, 20.0]",-40.0,null,null,null,gabors,null,0.0,4.0,0.8,"[3644.93333333, 3644.93333333]",0.25020714,53,,,0,,False,9,train,0
2198,0.0,618.85205,619.10225,null,-20.0,0.08,"[20.0, 20.0]",10.0,null,null,null,gabors,null,90.0,4.0,0.8,"[3644.93333333, 3644.93333333]",0.25020714,235,,,0,,False,8,test,2
2199,0.0,619.10225,619.35246,null,10.0,0.08,"[20.0, 20.0]",10.0,null,null,null,gabors,null,0.0,4.0,0.8,"[3644.93333333, 3644.93333333]",0.25020714,94,,,0,,False,9,train,0
2200,0.0,619.35246,619.60267,null,40.0,0.08,"[20.0, 20.0]",-30.0,null,null,null,gabors,null,0.0,4.0,0.8,"[3644.93333333, 3644.93333333]",0.25020714,183,,,0,,False,10,train,0
2201,0.0,619.60267,619.85288,null,-10.0,0.08,"[20.0, 20.0]",-40.0,null,null,null,gabors,null,90.0,4.0,0.8,"[3644.93333333, 3644.93333333]",0.25021286,91,,,0,,False,8,test,2
2202,0.0,619.85288,620.10309,null,40.0,0.08,"[20.0, 20.0]",-30.0,null,null,null,gabors,null,0.0,4.0,0.8,"[3644.93333333, 3644.93333333]",0.25021286,183,,,0,,False,11,test,0
2203,0.0,620.10309,620.35331,null,-20.0,0.08,"[20.0, 20.0]",-30.0,null,null,null,gabors,null,0.0,4.0,0.8,"[3644.93333333, 3644.93333333]",0.25021286,54,,,0,,False,10,train,0
2204,0.0,620.35331,620.60352,null,0.0,0.08,"[20.0, 20.0]",30.0,null,null,null,gabors,null,45.0,4.0,0.8,"[3644.93333333, 3644.93333333]",0.25021286,100,,,0,,False,10,train,1
2205,0.0,620.60352,620.85373,null,40.0,0.08,"[20.0, 20.0]",10.0,null,null,null,gabors,null,90.0,4.0,0.8,"[3644.93333333, 3644.93333333]",0.25020714,8,,,0,,False,11,test,2
2206,0.0,620.85373,621.10393,null,30.0,0.08,"[20.0, 20.0]",30.0,null,null,null,gabors,null,45.0,4.0,0.8,"[3644.93333333, 3644.93333333]",0.25020714,208,,,0,,False,3,train,1
2207,0.0,621.10393,621.35414,null,-40.0,0.08,"[20.0, 20.0]",-20.0,null,null,null,gabors,null,90.0,4.0,0.8,"[3644.93333333, 3644.93333333]",0.25020714,65,,,0,,False,9,train,2
2208,0.0,621.35414,621.60435,null,-10.0,0.08,"[20.0, 20.0]",-40.0,null,null,null,gabors,null,0.0,4.0,0.8,"[3644.93333333, 3644.93333333]",0.25020714,185,,,0,,False,8,test,0
2209,0.0,621.60435,621.85456,null,10.0,0.08,"[20.0, 20.0]",30.0,null,null,null,gabors,null,90.0,4.0,0.8,"[3644.93333333, 3644.93333333]",0.25020786,51,,,0,,False,12,train,2
2210,0.0,621.85456,622.10476,null,-30.0,0.08,"[20.0, 20.0]",-40.0,null,null,null,gabors,null,0.0,4.0,0.8,"[3644.93333333, 3644.93333333]",0.25020786,213,,,0,,False,9,train,0
2211,0.0,622.10476,622.35497,null,0.0,0.08,"[20.0, 20.0]",20.0,null,null,null,gabors,null,0.0,4.0,0.8,"[3644.93333333, 3644.93333333]",0.25020786,216,,,0,,False,7,train,0
2212,0.0,622.35497,622.60518,null,30.0,0.08,"[20.0, 20.0]",40.0,null,null,null,gabors,null,45.0,4.0,0.8,"[3644.93333333, 3644.93333333]",0.25020786,162,,,0,,False,10,train,1
2213,0.0,622.60518,622.85539,null,0.0,0.08,"[20.0, 20.0]",-40.0,null,null,null,gabors,null,90.0,4.0,0.8,"[3644.93333333, 3644.93333333]",0.25020964,207,,,0,,False,6,train,2
2214,0.0,622.85539,623.1056,null,-30.0,0.08,"[20.0, 20.0]",20.0,null,null,null,gabors,null,0.0,4.0,0.8,"[3644.93333333, 3644.93333333]",0.25020964,153,,,0,,False,9,train,0
2215,0.0,623.1056,623.35581,null,0.0,0.08,"[20.0, 20.0]",-30.0,null,null,null,gabors,null,90.0,4.0,0.8,"[3644.93333333, 3644.93333333]",0.25020964,113,,,0,,False,9,train,2
2216,0.0,623.35581,623.60602,null,-40.0,0.08,"[20.0, 20.0]",30.0,null,null,null,gabors,null,45.0,4.0,0.8,"[3644.93333333, 3644.93333333]",0.25020964,61,,,0,,False,10,train,1
2217,0.0,623.60602,623.85623,null,10.0,0.08,"[20.0, 20.0]",40.0,null,null,null,gabors,null,0.0,4.0,0.8,"[3644.93333333, 3644.93333333]",0.25020786,56,,,0,,False,9,train,0
2218,0.0,623.85623,624.10643,null,30.0,0.08,"[20.0, 20.0]",30.0,null,null,null,gabors,null,90.0,4.0,0.8,"[3644.93333333, 3644.93333333]",0.25020786,134,,,0,,False,9,train,2
2219,0.0,624.10643,624.35664,null,-40.0,0.08,"[20.0, 20.0]",-10.0,null,null,null,gabors,null,45.0,4.0,0.8,"[3644.93333333, 3644.93333333]",0.25020786,74,,,0,,False,8,test,1
2220,0.0,624.35664,624.60685,null,40.0,0.08,"[20.0, 20.0]",-20.0,null,null,null,gabors,null,0.0,4.0,0.8,"[3644.93333333, 3644.93333333]",0.25020786,3,,,0,,False,8,test,0
2221,0.0,624.60685,624.85706,null,-20.0,0.08,"[20.0, 20.0]",10.0,null,null,null,gabors,null,90.0,4.0,0.8,"[3644.93333333, 3644.93333333]",0.25020964,235,,,0,,False,9,train,2
2222,0.0,624.85706,625.10727,null,30.0,0.08,"[20.0, 20.0]",10.0,null,null,null,gabors,null,0.0,4.0,0.8,"[3644.93333333, 3644.93333333]",0.25020964,102,,,0,,False,10,train,0
2223,0.0,625.10727,625.35748,null,-30.0,0.08,"[20.0, 20.0]",-10.0,null,null,null,gabors,null,0.0,4.0,0.8,"[3644.93333333, 3644.93333333]",0.25020964,52,,,0,,False,10,train,0
2224,0.0,625.35748,625.60769,null,30.0,0.08,"[20.0, 20.0]",10.0,null,null,null,gabors,null,45.0,4.0,0.8,"[3644.93333333, 3644.93333333]",0.25020964,20,,,0,,False,10,train,1
2225,0.0,625.60769,625.8579,null,10.0,0.08,"[20.0, 20.0]",-10.0,null,null,null,gabors,null,0.0,4.0,0.8,"[3644.93333333, 3644.93333333]",0.25020786,95,,,0,,False,8,test,0
2226,0.0,625.8579,626.1081,null,-10.0,0.08,"[20.0, 20.0]",-10.0,null,null,null,gabors,null,90.0,4.0,0.8,"[3644.93333333, 3644.93333333]",0.25020786,182,,,0,,False,8,test,2
2227,0.0,626.1081,626.35831,null,40.0,0.08,"[20.0, 20.0]",-20.0,null,null,null,gabors,null,0.0,4.0,0.8,"[3644.93333333, 3644.93333333]",0.25020786,3,,,0,,False,9,train,0
2228,0.0,626.35831,626.60852,null,-20.0,0.08,"[20.0, 20.0]",30.0,null,null,null,gabors,null,90.0,4.0,0.8,"[3644.93333333, 3644.93333333]",0.25020786,161,,,0,,False,9,train,2
2229,0.0,626.60852,626.85873,null,30.0,0.08,"[20.0, 20.0]",0.0,null,null,null,gabors,null,45.0,4.0,0.8,"[3644.93333333, 3644.93333333]",0.25021214,2,,,0,,False,6,train,1
2230,0.0,626.85873,627.10894,null,-40.0,0.08,"[20.0, 20.0]",-30.0,null,null,null,gabors,null,45.0,4.0,0.8,"[3644.93333333, 3644.93333333]",0.25021214,107,,,0,,False,8,test,1
2231,0.0,627.10894,627.35916,null,-20.0,0.08,"[20.0, 20.0]",-40.0,null,null,null,gabors,null,0.0,4.0,0.8,"[3644.93333333, 3644.93333333]",0.25021214,212,,,0,,False,10,train,0
2232,0.0,627.35916,627.60937,null,-20.0,0.08,"[20.0, 20.0]",-30.0,null,null,null,gabors,null,90.0,4.0,0.8,"[3644.93333333, 3644.93333333]",0.25021214,221,,,0,,False,10,train,2
2233,0.0,627.60937,627.85958,null,-30.0,0.08,"[20.0, 20.0]",-10.0,null,null,null,gabors,null,90.0,4.0,0.8,"[3644.93333333, 3644.93333333]",0.25021036,209,,,0,,False,9,train,2
2234,0.0,627.85958,628.10979,null,40.0,0.08,"[20.0, 20.0]",40.0,null,null,null,gabors,null,90.0,4.0,0.8,"[3644.93333333, 3644.93333333]",0.25021036,189,,,0,,False,9,train,2
2235,0.0,628.10979,628.36,null,30.0,0.08,"[20.0, 20.0]",30.0,null,null,null,gabors,null,90.0,4.0,0.8,"[3644.93333333, 3644.93333333]",0.25021036,134,,,0,,False,10,train,2
2236,0.0,628.36,628.61021,null,20.0,0.08,"[20.0, 20.0]",20.0,null,null,null,gabors,null,90.0,4.0,0.8,"[3644.93333333, 3644.93333333]",0.25021036,24,,,0,,False,12,train,2
2237,0.0,628.61021,628.86041,null,40.0,0.08,"[20.0, 20.0]",0.0,null,null,null,gabors,null,90.0,4.0,0.8,"[3644.93333333, 3644.93333333]",0.25019714,211,,,0,,False,9,train,2
2238,0.0,628.86041,629.1106,null,30.0,0.08,"[20.0, 20.0]",10.0,null,null,null,gabors,null,45.0,4.0,0.8,"[3644.93333333, 3644.93333333]",0.25019714,20,,,0,,False,11,test,1
2239,0.0,629.1106,629.3608,null,-30.0,0.08,"[20.0, 20.0]",40.0,null,null,null,gabors,null,45.0,4.0,0.8,"[3644.93333333, 3644.93333333]",0.25019714,63,,,0,,False,11,test,1
2240,0.0,629.3608,629.611,null,-30.0,0.08,"[20.0, 20.0]",-40.0,null,null,null,gabors,null,45.0,4.0,0.8,"[3644.93333333, 3644.93333333]",0.25019714,47,,,0,,False,7,train,1
2241,0.0,629.611,629.86122,null,0.0,0.08,"[20.0, 20.0]",0.0,null,null,null,gabors,null,0.0,4.0,0.8,"[3644.93333333, 3644.93333333]",0.25021786,124,,,0,,False,10,train,0
2242,0.0,629.86122,630.11143,null,-10.0,0.08,"[20.0, 20.0]",-20.0,null,null,null,gabors,null,90.0,4.0,0.8,"[3644.93333333, 3644.93333333]",0.25021786,16,,,0,,False,10,train,2
2243,0.0,630.11143,630.36165,null,10.0,0.08,"[20.0, 20.0]",-40.0,null,null,null,gabors,null,0.0,4.0,0.8,"[3644.93333333, 3644.93333333]",0.25021786,19,,,0,,False,5,test,0
2244,0.0,630.36165,630.61187,null,-40.0,0.08,"[20.0, 20.0]",-40.0,null,null,null,gabors,null,45.0,4.0,0.8,"[3644.93333333, 3644.93333333]",0.25021786,197,,,0,,False,8,test,1
2245,0.0,630.61187,630.86208,null,-10.0,0.08,"[20.0, 20.0]",40.0,null,null,null,gabors,null,0.0,4.0,0.8,"[3644.93333333, 3644.93333333]",0.25020714,223,,,0,,False,9,train,0
2246,0.0,630.86208,631.11228,null,-10.0,0.08,"[20.0, 20.0]",0.0,null,null,null,gabors,null,45.0,4.0,0.8,"[3644.93333333, 3644.93333333]",0.25020714,167,,,0,,False,8,test,1
2247,0.0,631.11228,631.36249,null,30.0,0.08,"[20.0, 20.0]",-40.0,null,null,null,gabors,null,45.0,4.0,0.8,"[3644.93333333, 3644.93333333]",0.25020714,75,,,0,,False,6,train,1
2248,0.0,631.36249,631.6127,null,10.0,0.08,"[20.0, 20.0]",-40.0,null,null,null,gabors,null,0.0,4.0,0.8,"[3644.93333333, 3644.93333333]",0.25020714,19,,,0,,False,6,train,0
2249,0.0,631.6127,631.86291,null,-40.0,0.08,"[20.0, 20.0]",-10.0,null,null,null,gabors,null,45.0,4.0,0.8,"[3644.93333333, 3644.93333333]",0.25021036,74,,,0,,False,9,train,1
2250,0.0,631.86291,632.11312,null,30.0,0.08,"[20.0, 20.0]",40.0,null,null,null,gabors,null,90.0,4.0,0.8,"[3644.93333333, 3644.93333333]",0.25021036,169,,,0,,False,5,test,2
2251,0.0,632.11312,632.36333,null,40.0,0.08,"[20.0, 20.0]",0.0,null,null,null,gabors,null,0.0,4.0,0.8,"[3644.93333333, 3644.93333333]",0.25021036,18,,,0,,False,12,train,0
2252,0.0,632.36333,632.61354,null,40.0,0.08,"[20.0, 20.0]",-30.0,null,null,null,gabors,null,45.0,4.0,0.8,"[3644.93333333, 3644.93333333]",0.25021036,137,,,0,,False,8,test,1
2253,0.0,632.61354,632.86376,null,-30.0,0.08,"[20.0, 20.0]",-10.0,null,null,null,gabors,null,90.0,4.0,0.8,"[3644.93333333, 3644.93333333]",0.25021714,209,,,0,,False,10,train,2
2254,0.0,632.86376,633.11397,null,-30.0,0.08,"[20.0, 20.0]",10.0,null,null,null,gabors,null,0.0,4.0,0.8,"[3644.93333333, 3644.93333333]",0.25021714,87,,,0,,False,9,train,0
2255,0.0,633.11397,633.36419,null,-20.0,0.08,"[20.0, 20.0]",-20.0,null,null,null,gabors,null,90.0,4.0,0.8,"[3644.93333333, 3644.93333333]",0.25021714,140,,,0,,False,8,test,2
2256,0.0,633.36419,633.61441,null,-10.0,0.08,"[20.0, 20.0]",-30.0,null,null,null,gabors,null,0.0,4.0,0.8,"[3644.93333333, 3644.93333333]",0.25021714,224,,,0,,False,7,train,0
2257,0.0,633.61441,633.86461,null,40.0,0.08,"[20.0, 20.0]",40.0,null,null,null,gabors,null,0.0,4.0,0.8,"[3644.93333333, 3644.93333333]",0.25020286,45,,,0,,False,11,test,0
2258,0.0,633.86461,634.11481,null,-30.0,0.08,"[20.0, 20.0]",10.0,null,null,null,gabors,null,45.0,4.0,0.8,"[3644.93333333, 3644.93333333]",0.25020286,108,,,0,,False,10,train,1
2259,0.0,634.11481,634.36502,null,10.0,0.08,"[20.0, 20.0]",-10.0,null,null,null,gabors,null,45.0,4.0,0.8,"[3644.93333333, 3644.93333333]",0.25020286,131,,,0,,False,11,test,1
2260,0.0,634.36502,634.61522,null,40.0,0.08,"[20.0, 20.0]",30.0,null,null,null,gabors,null,45.0,4.0,0.8,"[3644.93333333, 3644.93333333]",0.25020286,163,,,0,,False,8,test,1
2261,0.0,634.61522,634.86543,null,-10.0,0.08,"[20.0, 20.0]",0.0,null,null,null,gabors,null,45.0,4.0,0.8,"[3644.93333333, 3644.93333333]",0.25020964,167,,,0,,False,9,train,1
2262,0.0,634.86543,635.11564,null,0.0,0.08,"[20.0, 20.0]",30.0,null,null,null,gabors,null,45.0,4.0,0.8,"[3644.93333333, 3644.93333333]",0.25020964,100,,,0,,False,11,test,1
2263,0.0,635.11564,635.36585,null,10.0,0.08,"[20.0, 20.0]",20.0,null,null,null,gabors,null,90.0,4.0,0.8,"[3644.93333333, 3644.93333333]",0.25020964,147,,,0,,False,8,test,2
2264,0.0,635.36585,635.61606,null,-20.0,0.08,"[20.0, 20.0]",-20.0,null,null,null,gabors,null,0.0,4.0,0.8,"[3644.93333333, 3644.93333333]",0.25020964,205,,,0,,False,7,train,0
2265,0.0,635.61606,635.86627,null,30.0,0.08,"[20.0, 20.0]",-30.0,null,null,null,gabors,null,45.0,4.0,0.8,"[3644.93333333, 3644.93333333]",0.25021036,238,,,0,,False,7,train,1
2266,0.0,635.86627,636.11648,null,40.0,0.08,"[20.0, 20.0]",40.0,null,null,null,gabors,null,45.0,4.0,0.8,"[3644.93333333, 3644.93333333]",0.25021036,237,,,0,,False,7,train,1
2267,0.0,636.11648,636.36669,null,-30.0,0.08,"[20.0, 20.0]",10.0,null,null,null,gabors,null,90.0,4.0,0.8,"[3644.93333333, 3644.93333333]",0.25021036,85,,,0,,False,10,train,2
2268,0.0,636.36669,636.6169,null,-10.0,0.08,"[20.0, 20.0]",-10.0,null,null,null,gabors,null,0.0,4.0,0.8,"[3644.93333333, 3644.93333333]",0.25021036,173,,,0,,False,7,train,0
2269,0.0,636.6169,636.8671,null,-20.0,0.08,"[20.0, 20.0]",30.0,null,null,null,gabors,null,45.0,4.0,0.8,"[3644.93333333, 3644.93333333]",0.25020214,72,,,0,,False,7,train,1
2270,0.0,636.8671,637.1173,null,20.0,0.08,"[20.0, 20.0]",0.0,null,null,null,gabors,null,0.0,4.0,0.8,"[3644.93333333, 3644.93333333]",0.25020214,204,,,0,,False,6,train,0
2271,0.0,637.1173,637.36751,null,-40.0,0.08,"[20.0, 20.0]",-30.0,null,null,null,gabors,null,0.0,4.0,0.8,"[3644.93333333, 3644.93333333]",0.25020214,172,,,0,,False,8,test,0
2272,0.0,637.36751,637.61771,null,10.0,0.08,"[20.0, 20.0]",0.0,null,null,null,gabors,null,0.0,4.0,0.8,"[3644.93333333, 3644.93333333]",0.25020214,157,,,0,,False,8,test,0
2273,0.0,637.61771,637.86792,null,-10.0,0.08,"[20.0, 20.0]",-30.0,null,null,null,gabors,null,90.0,4.0,0.8,"[3644.93333333, 3644.93333333]",0.25021536,202,,,0,,False,7,train,2
2274,0.0,637.86792,638.11814,null,-30.0,0.08,"[20.0, 20.0]",-40.0,null,null,null,gabors,null,0.0,4.0,0.8,"[3644.93333333, 3644.93333333]",0.25021536,213,,,0,,False,10,train,0
2275,0.0,638.11814,638.36836,null,40.0,0.08,"[20.0, 20.0]",-10.0,null,null,null,gabors,null,45.0,4.0,0.8,"[3644.93333333, 3644.93333333]",0.25021536,67,,,0,,False,11,test,1
2276,0.0,638.36836,638.61857,null,0.0,0.08,"[20.0, 20.0]",-40.0,null,null,null,gabors,null,0.0,4.0,0.8,"[3644.93333333, 3644.93333333]",0.25021536,11,,,0,,False,9,train,0
2277,0.0,638.61857,638.86878,null,-40.0,0.08,"[20.0, 20.0]",-20.0,null,null,null,gabors,null,90.0,4.0,0.8,"[3644.93333333, 3644.93333333]",0.25020964,65,,,0,,False,10,train,2
2278,0.0,638.86878,639.11899,null,10.0,0.08,"[20.0, 20.0]",-40.0,null,null,null,gabors,null,0.0,4.0,0.8,"[3644.93333333, 3644.93333333]",0.25020964,19,,,0,,False,7,train,0
2279,0.0,639.11899,639.3692,null,-10.0,0.08,"[20.0, 20.0]",20.0,null,null,null,gabors,null,0.0,4.0,0.8,"[3644.93333333, 3644.93333333]",0.25020964,1,,,0,,False,10,train,0
2280,0.0,639.3692,639.61941,null,0.0,0.08,"[20.0, 20.0]",-20.0,null,null,null,gabors,null,90.0,4.0,0.8,"[3644.93333333, 3644.93333333]",0.25020964,44,,,0,,False,12,train,2
2281,0.0,639.61941,639.86962,null,10.0,0.08,"[20.0, 20.0]",40.0,null,null,null,gabors,null,90.0,4.0,0.8,"[3644.93333333, 3644.93333333]",0.25020786,39,,,0,,False,8,test,2
2282,0.0,639.86962,640.11982,null,-30.0,0.08,"[20.0, 20.0]",30.0,null,null,null,gabors,null,45.0,4.0,0.8,"[3644.93333333, 3644.93333333]",0.25020786,217,,,0,,False,8,test,1
2283,0.0,640.11982,640.37003,null,20.0,0.08,"[20.0, 20.0]",0.0,null,null,null,gabors,null,0.0,4.0,0.8,"[3644.93333333, 3644.93333333]",0.25020786,204,,,0,,False,7,train,0
2284,0.0,640.37003,640.62024,null,-30.0,0.08,"[20.0, 20.0]",-10.0,null,null,null,gabors,null,45.0,4.0,0.8,"[3644.93333333, 3644.93333333]",0.25020786,165,,,0,,False,7,train,1
2285,0.0,640.62024,640.87045,null,40.0,0.08,"[20.0, 20.0]",-20.0,null,null,null,gabors,null,0.0,4.0,0.8,"[3644.93333333, 3644.93333333]",0.25020964,3,,,0,,False,10,train,0
2286,0.0,640.87045,641.12066,null,-40.0,0.08,"[20.0, 20.0]",40.0,null,null,null,gabors,null,90.0,4.0,0.8,"[3644.93333333, 3644.93333333]",0.25020964,123,,,0,,False,10,train,2
2287,0.0,641.12066,641.37087,null,40.0,0.08,"[20.0, 20.0]",20.0,null,null,null,gabors,null,90.0,4.0,0.8,"[3644.93333333, 3644.93333333]",0.25020964,115,,,0,,False,7,train,2
2288,0.0,641.37087,641.62108,null,-20.0,0.08,"[20.0, 20.0]",-40.0,null,null,null,gabors,null,45.0,4.0,0.8,"[3644.93333333, 3644.93333333]",0.25020964,106,,,0,,False,8,test,1
2289,0.0,641.62108,641.87129,null,0.0,0.08,"[20.0, 20.0]",-20.0,null,null,null,gabors,null,45.0,4.0,0.8,"[3644.93333333, 3644.93333333]",0.25020786,103,,,0,,False,9,train,1
2290,0.0,641.87129,642.12149,null,-40.0,0.08,"[20.0, 20.0]",-40.0,null,null,null,gabors,null,0.0,4.0,0.8,"[3644.93333333, 3644.93333333]",0.25020786,53,,,0,,False,10,train,0
2291,0.0,642.12149,642.3717,null,-30.0,0.08,"[20.0, 20.0]",-20.0,null,null,null,gabors,null,0.0,4.0,0.8,"[3644.93333333, 3644.93333333]",0.25020786,119,,,0,,False,10,train,0
2292,0.0,642.3717,642.62191,null,0.0,0.08,"[20.0, 20.0]",-40.0,null,null,null,gabors,null,45.0,4.0,0.8,"[3644.93333333, 3644.93333333]",0.25020786,191,,,0,,False,10,train,1
2293,0.0,642.62191,642.87212,null,0.0,0.08,"[20.0, 20.0]",30.0,null,null,null,gabors,null,0.0,4.0,0.8,"[3644.93333333, 3644.93333333]",0.25020714,225,,,0,,False,10,train,0
2294,0.0,642.87212,643.12232,null,20.0,0.08,"[20.0, 20.0]",30.0,null,null,null,gabors,null,45.0,4.0,0.8,"[3644.93333333, 3644.93333333]",0.25020714,184,,,0,,False,7,train,1
2295,0.0,643.12232,643.37253,null,40.0,0.08,"[20.0, 20.0]",-10.0,null,null,null,gabors,null,90.0,4.0,0.8,"[3644.93333333, 3644.93333333]",0.25020714,170,,,0,,False,7,train,2
2296,0.0,643.37253,643.62274,null,20.0,0.08,"[20.0, 20.0]",0.0,null,null,null,gabors,null,90.0,4.0,0.8,"[3644.93333333, 3644.93333333]",0.25020714,146,,,0,,False,8,test,2
2297,0.0,643.62274,643.87295,null,40.0,0.08,"[20.0, 20.0]",10.0,null,null,null,gabors,null,45.0,4.0,0.8,"[3644.93333333, 3644.93333333]",0.25021286,145,,,0,,False,8,test,1
2298,0.0,643.87295,644.12316,null,40.0,0.08,"[20.0, 20.0]",40.0,null,null,null,gabors,null,45.0,4.0,0.8,"[3644.93333333, 3644.93333333]",0.25021286,237,,,0,,False,8,test,1
2299,0.0,644.12316,644.37338,null,30.0,0.08,"[20.0, 20.0]",30.0,null,null,null,gabors,null,90.0,4.0,0.8,"[3644.93333333, 3644.93333333]",0.25021286,134,,,0,,False,11,test,2
2300,0.0,644.37338,644.62359,null,30.0,0.08,"[20.0, 20.0]",30.0,null,null,null,gabors,null,45.0,4.0,0.8,"[3644.93333333, 3644.93333333]",0.25021286,208,,,0,,False,4,train,1
2301,0.0,644.62359,644.8738,null,-20.0,0.08,"[20.0, 20.0]",40.0,null,null,null,gabors,null,90.0,4.0,0.8,"[3644.93333333, 3644.93333333]",0.25020464,79,,,0,,False,10,train,2
2302,0.0,644.8738,645.124,null,40.0,0.08,"[20.0, 20.0]",20.0,null,null,null,gabors,null,0.0,4.0,0.8,"[3644.93333333, 3644.93333333]",0.25020464,98,,,0,,False,10,train,0
2303,0.0,645.124,645.3742,null,20.0,0.08,"[20.0, 20.0]",-30.0,null,null,null,gabors,null,45.0,4.0,0.8,"[3644.93333333, 3644.93333333]",0.25020464,41,,,0,,False,9,train,1
2304,0.0,645.3742,645.62441,null,20.0,0.08,"[20.0, 20.0]",-40.0,null,null,null,gabors,null,90.0,4.0,0.8,"[3644.93333333, 3644.93333333]",0.25020464,133,,,0,,False,7,train,2
2305,0.0,645.62441,645.87462,null,0.0,0.08,"[20.0, 20.0]",-30.0,null,null,null,gabors,null,45.0,4.0,0.8,"[3644.93333333, 3644.93333333]",0.25021286,160,,,0,,False,9,train,1
2306,0.0,645.87462,646.12483,null,-20.0,0.08,"[20.0, 20.0]",-20.0,null,null,null,gabors,null,90.0,4.0,0.8,"[3644.93333333, 3644.93333333]",0.25021286,140,,,0,,False,9,train,2
2307,0.0,646.12483,646.37505,null,20.0,0.08,"[20.0, 20.0]",40.0,null,null,null,gabors,null,0.0,4.0,0.8,"[3644.93333333, 3644.93333333]",0.25021286,30,,,0,,False,7,train,0
2308,0.0,646.37505,646.62526,null,30.0,0.08,"[20.0, 20.0]",-40.0,null,null,null,gabors,null,90.0,4.0,0.8,"[3644.93333333, 3644.93333333]",0.25021286,6,,,0,,False,10,train,2
2309,0.0,646.62526,646.87548,null,20.0,0.08,"[20.0, 20.0]",40.0,null,null,null,gabors,null,45.0,4.0,0.8,"[3644.93333333, 3644.93333333]",0.25021714,136,,,0,,False,9,train,1
2310,0.0,646.87548,647.12569,null,-10.0,0.08,"[20.0, 20.0]",-10.0,null,null,null,gabors,null,0.0,4.0,0.8,"[3644.93333333, 3644.93333333]",0.25021714,173,,,0,,False,8,test,0
2311,0.0,647.12569,647.37591,null,0.0,0.08,"[20.0, 20.0]",40.0,null,null,null,gabors,null,45.0,4.0,0.8,"[3644.93333333, 3644.93333333]",0.25021714,156,,,0,,False,7,train,1
2312,0.0,647.37591,647.62613,null,0.0,0.08,"[20.0, 20.0]",0.0,null,null,null,gabors,null,45.0,4.0,0.8,"[3644.93333333, 3644.93333333]",0.25021714,201,,,0,,False,10,train,1
2313,0.0,647.62613,647.87633,null,20.0,0.08,"[20.0, 20.0]",-30.0,null,null,null,gabors,null,45.0,4.0,0.8,"[3644.93333333, 3644.93333333]",0.25020036,41,,,0,,False,10,train,1
2314,0.0,647.87633,648.12653,null,0.0,0.08,"[20.0, 20.0]",-10.0,null,null,null,gabors,null,90.0,4.0,0.8,"[3644.93333333, 3644.93333333]",0.25020036,218,,,0,,False,11,test,2
2315,0.0,648.12653,648.37673,null,-20.0,0.08,"[20.0, 20.0]",30.0,null,null,null,gabors,null,90.0,4.0,0.8,"[3644.93333333, 3644.93333333]",0.25020036,161,,,0,,False,10,train,2
2316,0.0,648.37673,648.62693,null,-30.0,0.08,"[20.0, 20.0]",0.0,null,null,null,gabors,null,90.0,4.0,0.8,"[3644.93333333, 3644.93333333]",0.25020036,84,,,0,,False,7,train,2
2317,0.0,648.62693,648.87714,null,-30.0,0.08,"[20.0, 20.0]",30.0,null,null,null,gabors,null,45.0,4.0,0.8,"[3644.93333333, 3644.93333333]",0.25020714,217,,,0,,False,9,train,1
2318,0.0,648.87714,649.12734,null,30.0,0.08,"[20.0, 20.0]",-10.0,null,null,null,gabors,null,90.0,4.0,0.8,"[3644.93333333, 3644.93333333]",0.25020714,227,,,0,,False,6,train,2
2319,0.0,649.12734,649.37755,null,-30.0,0.08,"[20.0, 20.0]",-40.0,null,null,null,gabors,null,90.0,4.0,0.8,"[3644.93333333, 3644.93333333]",0.25020714,150,,,0,,False,8,test,2
2320,0.0,649.37755,649.62776,null,30.0,0.08,"[20.0, 20.0]",-10.0,null,null,null,gabors,null,90.0,4.0,0.8,"[3644.93333333, 3644.93333333]",0.25020714,227,,,0,,False,7,train,2
2321,0.0,649.62776,649.87797,null,20.0,0.08,"[20.0, 20.0]",-30.0,null,null,null,gabors,null,0.0,4.0,0.8,"[3644.93333333, 3644.93333333]",0.25021286,175,,,0,,False,8,test,0
2322,0.0,649.87797,650.12818,null,10.0,0.08,"[20.0, 20.0]",-10.0,null,null,null,gabors,null,90.0,4.0,0.8,"[3644.93333333, 3644.93333333]",0.25021286,81,,,0,,False,9,train,2
2323,0.0,650.12818,650.3784,null,-30.0,0.08,"[20.0, 20.0]",0.0,null,null,null,gabors,null,0.0,4.0,0.8,"[3644.93333333, 3644.93333333]",0.25021286,40,,,0,,False,9,train,0
2324,0.0,650.3784,650.62861,null,-10.0,0.08,"[20.0, 20.0]",-20.0,null,null,null,gabors,null,90.0,4.0,0.8,"[3644.93333333, 3644.93333333]",0.25021286,16,,,0,,False,11,test,2
2325,0.0,650.62861,650.87882,null,-10.0,0.08,"[20.0, 20.0]",40.0,null,null,null,gabors,null,90.0,4.0,0.8,"[3644.93333333, 3644.93333333]",0.25020964,222,,,0,,False,9,train,2
2326,0.0,650.87882,651.12903,null,-10.0,0.08,"[20.0, 20.0]",-10.0,null,null,null,gabors,null,45.0,4.0,0.8,"[3644.93333333, 3644.93333333]",0.25020964,117,,,0,,False,9,train,1
2327,0.0,651.12903,651.37924,null,-10.0,0.08,"[20.0, 20.0]",-40.0,null,null,null,gabors,null,0.0,4.0,0.8,"[3644.93333333, 3644.93333333]",0.25020964,185,,,0,,False,9,train,0
2328,0.0,651.37924,651.62945,null,0.0,0.08,"[20.0, 20.0]",-10.0,null,null,null,gabors,null,0.0,4.0,0.8,"[3644.93333333, 3644.93333333]",0.25020964,143,,,0,,False,9,train,0
2329,0.0,651.62945,651.87966,null,-30.0,0.08,"[20.0, 20.0]",-40.0,null,null,null,gabors,null,0.0,4.0,0.8,"[3644.93333333, 3644.93333333]",0.25021036,213,,,0,,False,11,test,0
2330,0.0,651.87966,652.12987,null,0.0,0.08,"[20.0, 20.0]",0.0,null,null,null,gabors,null,90.0,4.0,0.8,"[3644.93333333, 3644.93333333]",0.25021036,210,,,0,,False,6,train,2
2331,0.0,652.12987,652.38008,null,40.0,0.08,"[20.0, 20.0]",30.0,null,null,null,gabors,null,0.0,4.0,0.8,"[3644.93333333, 3644.93333333]",0.25021036,126,,,0,,False,5,test,0
2332,0.0,652.38008,652.63029,null,30.0,0.08,"[20.0, 20.0]",-40.0,null,null,null,gabors,null,0.0,4.0,0.8,"[3644.93333333, 3644.93333333]",0.25021036,37,,,0,,False,10,train,0
2333,0.0,652.63029,652.88049,null,10.0,0.08,"[20.0, 20.0]",-40.0,null,null,null,gabors,null,0.0,4.0,0.8,"[3644.93333333, 3644.93333333]",0.25019714,19,,,0,,False,8,test,0
2334,0.0,652.88049,653.13068,null,-30.0,0.08,"[20.0, 20.0]",-20.0,null,null,null,gabors,null,0.0,4.0,0.8,"[3644.93333333, 3644.93333333]",0.25019714,119,,,0,,False,11,test,0
2335,0.0,653.13068,653.38088,null,30.0,0.08,"[20.0, 20.0]",-40.0,null,null,null,gabors,null,45.0,4.0,0.8,"[3644.93333333, 3644.93333333]",0.25019714,75,,,0,,False,7,train,1
2336,0.0,653.38088,653.63108,null,-30.0,0.08,"[20.0, 20.0]",-30.0,null,null,null,gabors,null,90.0,4.0,0.8,"[3644.93333333, 3644.93333333]",0.25019714,80,,,0,,False,9,train,2
2337,0.0,653.63108,653.8813,null,20.0,0.08,"[20.0, 20.0]",0.0,null,null,null,gabors,null,90.0,4.0,0.8,"[3644.93333333, 3644.93333333]",0.25022036,146,,,0,,False,9,train,2
2338,0.0,653.8813,654.13152,null,0.0,0.08,"[20.0, 20.0]",30.0,null,null,null,gabors,null,0.0,4.0,0.8,"[3644.93333333, 3644.93333333]",0.25022036,225,,,0,,False,11,test,0
2339,0.0,654.13152,654.38174,null,10.0,0.08,"[20.0, 20.0]",10.0,null,null,null,gabors,null,90.0,4.0,0.8,"[3644.93333333, 3644.93333333]",0.25022036,214,,,0,,False,9,train,2
2340,0.0,654.38174,654.63196,null,0.0,0.08,"[20.0, 20.0]",0.0,null,null,null,gabors,null,45.0,4.0,0.8,"[3644.93333333, 3644.93333333]",0.25022036,201,,,0,,False,11,test,1
2341,0.0,654.63196,654.88216,null,-40.0,0.08,"[20.0, 20.0]",30.0,null,null,null,gabors,null,45.0,4.0,0.8,"[3644.93333333, 3644.93333333]",0.25020214,61,,,0,,False,11,test,1
2342,0.0,654.88216,655.13236,null,-10.0,0.08,"[20.0, 20.0]",10.0,null,null,null,gabors,null,90.0,4.0,0.8,"[3644.93333333, 3644.93333333]",0.25020214,10,,,0,,False,9,train,2
2343,0.0,655.13236,655.38257,null,-10.0,0.08,"[20.0, 20.0]",40.0,null,null,null,gabors,null,90.0,4.0,0.8,"[3644.93333333, 3644.93333333]",0.25020214,222,,,0,,False,10,train,2
2344,0.0,655.38257,655.63277,null,-10.0,0.08,"[20.0, 20.0]",30.0,null,null,null,gabors,null,0.0,4.0,0.8,"[3644.93333333, 3644.93333333]",0.25020214,27,,,0,,False,7,train,0
2345,0.0,655.63277,655.88299,null,20.0,0.08,"[20.0, 20.0]",30.0,null,null,null,gabors,null,0.0,4.0,0.8,"[3644.93333333, 3644.93333333]",0.25021786,186,,,0,,False,9,train,0
2346,0.0,655.88299,656.1332,null,20.0,0.08,"[20.0, 20.0]",20.0,null,null,null,gabors,null,0.0,4.0,0.8,"[3644.93333333, 3644.93333333]",0.25021786,121,,,0,,False,8,test,0
2347,0.0,656.1332,656.38342,null,20.0,0.08,"[20.0, 20.0]",0.0,null,null,null,gabors,null,0.0,4.0,0.8,"[3644.93333333, 3644.93333333]",0.25021786,204,,,0,,False,8,test,0
2348,0.0,656.38342,656.63364,null,-40.0,0.08,"[20.0, 20.0]",10.0,null,null,null,gabors,null,0.0,4.0,0.8,"[3644.93333333, 3644.93333333]",0.25021786,68,,,0,,False,9,train,0
2349,0.0,656.63364,656.88385,null,-10.0,0.08,"[20.0, 20.0]",-20.0,null,null,null,gabors,null,0.0,4.0,0.8,"[3644.93333333, 3644.93333333]",0.25020464,96,,,0,,False,7,train,0
2350,0.0,656.88385,657.13405,null,-10.0,0.08,"[20.0, 20.0]",-30.0,null,null,null,gabors,null,90.0,4.0,0.8,"[3644.93333333, 3644.93333333]",0.25020464,202,,,0,,False,8,test,2
2351,0.0,657.13405,657.38425,null,-30.0,0.08,"[20.0, 20.0]",-20.0,null,null,null,gabors,null,90.0,4.0,0.8,"[3644.93333333, 3644.93333333]",0.25020464,13,,,0,,False,10,train,2
2352,0.0,657.38425,657.63446,null,30.0,0.08,"[20.0, 20.0]",0.0,null,null,null,gabors,null,90.0,4.0,0.8,"[3644.93333333, 3644.93333333]",0.25020464,229,,,0,,False,9,train,2
2353,0.0,657.63446,657.88467,null,-30.0,0.08,"[20.0, 20.0]",10.0,null,null,null,gabors,null,0.0,4.0,0.8,"[3644.93333333, 3644.93333333]",0.25021036,87,,,0,,False,10,train,0
2354,0.0,657.88467,658.13488,null,10.0,0.08,"[20.0, 20.0]",10.0,null,null,null,gabors,null,0.0,4.0,0.8,"[3644.93333333, 3644.93333333]",0.25021036,94,,,0,,False,10,train,0
2355,0.0,658.13488,658.38509,null,-40.0,0.08,"[20.0, 20.0]",-40.0,null,null,null,gabors,null,45.0,4.0,0.8,"[3644.93333333, 3644.93333333]",0.25021036,197,,,0,,False,9,train,1
2356,0.0,658.38509,658.6353,null,-40.0,0.08,"[20.0, 20.0]",-30.0,null,null,null,gabors,null,45.0,4.0,0.8,"[3644.93333333, 3644.93333333]",0.25021036,107,,,0,,False,9,train,1
2357,0.0,658.6353,658.88551,null,-30.0,0.08,"[20.0, 20.0]",30.0,null,null,null,gabors,null,90.0,4.0,0.8,"[3644.93333333, 3644.93333333]",0.25020964,111,,,0,,False,8,test,2
2358,0.0,658.88551,659.13572,null,-10.0,0.08,"[20.0, 20.0]",40.0,null,null,null,gabors,null,90.0,4.0,0.8,"[3644.93333333, 3644.93333333]",0.25020964,222,,,0,,False,11,test,2
2359,0.0,659.13572,659.38593,null,40.0,0.08,"[20.0, 20.0]",-40.0,null,null,null,gabors,null,0.0,4.0,0.8,"[3644.93333333, 3644.93333333]",0.25020964,132,,,0,,False,9,train,0
2360,0.0,659.38593,659.63614,null,30.0,0.08,"[20.0, 20.0]",30.0,null,null,null,gabors,null,45.0,4.0,0.8,"[3644.93333333, 3644.93333333]",0.25020964,208,,,0,,False,5,test,1
2361,0.0,659.63614,659.88634,null,40.0,0.08,"[20.0, 20.0]",-40.0,null,null,null,gabors,null,45.0,4.0,0.8,"[3644.93333333, 3644.93333333]",0.25020536,34,,,0,,False,10,train,1
2362,0.0,659.88634,660.13655,null,0.0,0.08,"[20.0, 20.0]",-20.0,null,null,null,gabors,null,0.0,4.0,0.8,"[3644.93333333, 3644.93333333]",0.25020536,228,,,0,,False,10,train,0
2363,0.0,660.13655,660.38676,null,-30.0,0.08,"[20.0, 20.0]",-40.0,null,null,null,gabors,null,45.0,4.0,0.8,"[3644.93333333, 3644.93333333]",0.25020536,47,,,0,,False,8,test,1
2364,0.0,660.38676,660.63696,null,0.0,0.08,"[20.0, 20.0]",30.0,null,null,null,gabors,null,90.0,4.0,0.8,"[3644.93333333, 3644.93333333]",0.25020536,59,,,0,,False,7,train,2
2365,0.0,660.63696,660.88717,null,0.0,0.08,"[20.0, 20.0]",-10.0,null,null,null,gabors,null,45.0,4.0,0.8,"[3644.93333333, 3644.93333333]",0.25020714,195,,,0,,False,5,test,1
2366,0.0,660.88717,661.13737,null,-30.0,0.08,"[20.0, 20.0]",-40.0,null,null,null,gabors,null,45.0,4.0,0.8,"[3644.93333333, 3644.93333333]",0.25020714,47,,,0,,False,9,train,1
2367,0.0,661.13737,661.38758,null,30.0,0.08,"[20.0, 20.0]",-20.0,null,null,null,gabors,null,0.0,4.0,0.8,"[3644.93333333, 3644.93333333]",0.25020714,230,,,0,,False,6,train,0
2368,0.0,661.38758,661.63779,null,0.0,0.08,"[20.0, 20.0]",20.0,null,null,null,gabors,null,45.0,4.0,0.8,"[3644.93333333, 3644.93333333]",0.25020714,232,,,0,,False,10,train,1
2369,0.0,661.63779,661.888,null,40.0,0.08,"[20.0, 20.0]",-40.0,null,null,null,gabors,null,0.0,4.0,0.8,"[3644.93333333, 3644.93333333]",0.25021286,132,,,0,,False,10,train,0
2370,0.0,661.888,662.13821,null,30.0,0.08,"[20.0, 20.0]",10.0,null,null,null,gabors,null,90.0,4.0,0.8,"[3644.93333333, 3644.93333333]",0.25021286,171,,,0,,False,7,train,2
2371,0.0,662.13821,662.38843,null,-10.0,0.08,"[20.0, 20.0]",-10.0,null,null,null,gabors,null,90.0,4.0,0.8,"[3644.93333333, 3644.93333333]",0.25021286,182,,,0,,False,9,train,2
2372,0.0,662.38843,662.63864,null,10.0,0.08,"[20.0, 20.0]",0.0,null,null,null,gabors,null,90.0,4.0,0.8,"[3644.93333333, 3644.93333333]",0.25021286,15,,,0,,False,11,test,2
2373,0.0,662.63864,662.88885,null,20.0,0.08,"[20.0, 20.0]",40.0,null,null,null,gabors,null,45.0,4.0,0.8,"[3644.93333333, 3644.93333333]",0.25020714,136,,,0,,False,10,train,1
2374,0.0,662.88885,663.13905,null,-30.0,0.08,"[20.0, 20.0]",20.0,null,null,null,gabors,null,90.0,4.0,0.8,"[3644.93333333, 3644.93333333]",0.25020714,128,,,0,,False,10,train,2
2375,0.0,663.13905,663.38926,null,20.0,0.08,"[20.0, 20.0]",30.0,null,null,null,gabors,null,0.0,4.0,0.8,"[3644.93333333, 3644.93333333]",0.25020714,186,,,0,,False,10,train,0
2376,0.0,663.38926,663.63947,null,0.0,0.08,"[20.0, 20.0]",40.0,null,null,null,gabors,null,0.0,4.0,0.8,"[3644.93333333, 3644.93333333]",0.25020714,215,,,0,,False,7,train,0
2377,0.0,663.63947,663.88968,null,40.0,0.08,"[20.0, 20.0]",-20.0,null,null,null,gabors,null,0.0,4.0,0.8,"[3644.93333333, 3644.93333333]",0.25021536,3,,,0,,False,11,test,0
2378,0.0,663.88968,664.1399,null,10.0,0.08,"[20.0, 20.0]",-40.0,null,null,null,gabors,null,45.0,4.0,0.8,"[3644.93333333, 3644.93333333]",0.25021536,35,,,0,,False,12,train,1
2379,0.0,664.1399,664.39012,null,40.0,0.08,"[20.0, 20.0]",30.0,null,null,null,gabors,null,45.0,4.0,0.8,"[3644.93333333, 3644.93333333]",0.25021536,163,,,0,,False,9,train,1
2380,0.0,664.39012,664.64033,null,30.0,0.08,"[20.0, 20.0]",-40.0,null,null,null,gabors,null,90.0,4.0,0.8,"[3644.93333333, 3644.93333333]",0.25021536,6,,,0,,False,11,test,2
2381,0.0,664.64033,664.89054,null,30.0,0.08,"[20.0, 20.0]",40.0,null,null,null,gabors,null,90.0,4.0,0.8,"[3644.93333333, 3644.93333333]",0.25021214,169,,,0,,False,6,train,2
2382,0.0,664.89054,665.14075,null,-30.0,0.08,"[20.0, 20.0]",20.0,null,null,null,gabors,null,0.0,4.0,0.8,"[3644.93333333, 3644.93333333]",0.25021214,153,,,0,,False,10,train,0
2383,0.0,665.14075,665.39097,null,-20.0,0.08,"[20.0, 20.0]",-10.0,null,null,null,gabors,null,45.0,4.0,0.8,"[3644.93333333, 3644.93333333]",0.25021214,29,,,0,,False,11,test,1
2384,0.0,665.39097,665.64118,null,40.0,0.08,"[20.0, 20.0]",-30.0,null,null,null,gabors,null,45.0,4.0,0.8,"[3644.93333333, 3644.93333333]",0.25021214,137,,,0,,False,9,train,1
2385,0.0,665.64118,665.89138,null,-20.0,0.08,"[20.0, 20.0]",-40.0,null,null,null,gabors,null,90.0,4.0,0.8,"[3644.93333333, 3644.93333333]",0.25020536,135,,,0,,False,12,train,2
2386,0.0,665.89138,666.14159,null,40.0,0.08,"[20.0, 20.0]",-30.0,null,null,null,gabors,null,0.0,4.0,0.8,"[3644.93333333, 3644.93333333]",0.25020536,183,,,0,,False,12,train,0
2387,0.0,666.14159,666.3918,null,-30.0,0.08,"[20.0, 20.0]",-10.0,null,null,null,gabors,null,45.0,4.0,0.8,"[3644.93333333, 3644.93333333]",0.25020536,165,,,0,,False,8,test,1
2388,0.0,666.3918,666.642,null,-10.0,0.08,"[20.0, 20.0]",40.0,null,null,null,gabors,null,90.0,4.0,0.8,"[3644.93333333, 3644.93333333]",0.25020536,222,,,0,,False,12,train,2
2389,0.0,666.642,666.8922,null,20.0,0.08,"[20.0, 20.0]",40.0,null,null,null,gabors,null,90.0,4.0,0.8,"[3644.93333333, 3644.93333333]",0.25019964,141,,,0,,False,10,train,2
2390,0.0,666.8922,667.1424,null,30.0,0.08,"[20.0, 20.0]",20.0,null,null,null,gabors,null,45.0,4.0,0.8,"[3644.93333333, 3644.93333333]",0.25019964,73,,,0,,False,9,train,1
2391,0.0,667.1424,667.3926,null,40.0,0.08,"[20.0, 20.0]",40.0,null,null,null,gabors,null,45.0,4.0,0.8,"[3644.93333333, 3644.93333333]",0.25019964,237,,,0,,False,9,train,1
2392,0.0,667.3926,667.6428,null,40.0,0.08,"[20.0, 20.0]",-40.0,null,null,null,gabors,null,90.0,4.0,0.8,"[3644.93333333, 3644.93333333]",0.25019964,180,,,0,,False,7,train,2
2393,0.0,667.6428,667.89302,null,40.0,0.08,"[20.0, 20.0]",-10.0,null,null,null,gabors,null,90.0,4.0,0.8,"[3644.93333333, 3644.93333333]",0.25021786,170,,,0,,False,8,test,2
2394,0.0,667.89302,668.14323,null,-30.0,0.08,"[20.0, 20.0]",0.0,null,null,null,gabors,null,45.0,4.0,0.8,"[3644.93333333, 3644.93333333]",0.25021786,99,,,0,,False,9,train,1
2395,0.0,668.14323,668.39345,null,40.0,0.08,"[20.0, 20.0]",10.0,null,null,null,gabors,null,0.0,4.0,0.8,"[3644.93333333, 3644.93333333]",0.25021786,62,,,0,,False,7,train,0
2396,0.0,668.39345,668.64367,null,10.0,0.08,"[20.0, 20.0]",20.0,null,null,null,gabors,null,0.0,4.0,0.8,"[3644.93333333, 3644.93333333]",0.25021786,129,,,0,,False,8,test,0
2397,0.0,668.64367,668.89388,null,-40.0,0.08,"[20.0, 20.0]",-20.0,null,null,null,gabors,null,0.0,4.0,0.8,"[3644.93333333, 3644.93333333]",0.25020964,199,,,0,,False,8,test,0
2398,0.0,668.89388,669.14409,null,10.0,0.08,"[20.0, 20.0]",-40.0,null,null,null,gabors,null,90.0,4.0,0.8,"[3644.93333333, 3644.93333333]",0.25020964,118,,,0,,False,11,test,2
2399,0.0,669.14409,669.3943,null,-20.0,0.08,"[20.0, 20.0]",0.0,null,null,null,gabors,null,90.0,4.0,0.8,"[3644.93333333, 3644.93333333]",0.25020964,105,,,0,,False,8,test,2
2400,0.0,669.3943,669.64451,null,-30.0,0.08,"[20.0, 20.0]",30.0,null,null,null,gabors,null,90.0,4.0,0.8,"[3644.93333333, 3644.93333333]",0.25020964,111,,,0,,False,9,train,2
2401,0.0,669.64451,669.89472,null,-20.0,0.08,"[20.0, 20.0]",0.0,null,null,null,gabors,null,45.0,4.0,0.8,"[3644.93333333, 3644.93333333]",0.25021036,193,,,0,,False,10,train,1
2402,0.0,669.89472,670.14493,null,-40.0,0.08,"[20.0, 20.0]",10.0,null,null,null,gabors,null,90.0,4.0,0.8,"[3644.93333333, 3644.93333333]",0.25021036,120,,,0,,False,10,train,2
2403,0.0,670.14493,670.39514,null,20.0,0.08,"[20.0, 20.0]",20.0,null,null,null,gabors,null,45.0,4.0,0.8,"[3644.93333333, 3644.93333333]",0.25021036,5,,,0,,False,12,train,1
2404,0.0,670.39514,670.64535,null,-40.0,0.08,"[20.0, 20.0]",-20.0,null,null,null,gabors,null,90.0,4.0,0.8,"[3644.93333333, 3644.93333333]",0.25021036,65,,,0,,False,11,test,2
2405,0.0,670.64535,670.89556,null,-30.0,0.08,"[20.0, 20.0]",10.0,null,null,null,gabors,null,45.0,4.0,0.8,"[3644.93333333, 3644.93333333]",0.25020964,108,,,0,,False,11,test,1
2406,0.0,670.89556,671.14577,null,-10.0,0.08,"[20.0, 20.0]",10.0,null,null,null,gabors,null,0.0,4.0,0.8,"[3644.93333333, 3644.93333333]",0.25020964,23,,,0,,False,8,test,0
2407,0.0,671.14577,671.39598,null,40.0,0.08,"[20.0, 20.0]",10.0,null,null,null,gabors,null,45.0,4.0,0.8,"[3644.93333333, 3644.93333333]",0.25020964,145,,,0,,False,9,train,1
2408,0.0,671.39598,671.64619,null,-10.0,0.08,"[20.0, 20.0]",10.0,null,null,null,gabors,null,45.0,4.0,0.8,"[3644.93333333, 3644.93333333]",0.25020964,25,,,0,,False,7,train,1
2409,0.0,671.64619,671.8964,null,-10.0,0.08,"[20.0, 20.0]",30.0,null,null,null,gabors,null,90.0,4.0,0.8,"[3644.93333333, 3644.93333333]",0.25021036,70,,,0,,False,11,test,2
2410,0.0,671.8964,672.14661,null,-40.0,0.08,"[20.0, 20.0]",10.0,null,null,null,gabors,null,45.0,4.0,0.8,"[3644.93333333, 3644.93333333]",0.25021036,17,,,0,,False,9,train,1
2411,0.0,672.14661,672.39682,null,0.0,0.08,"[20.0, 20.0]",30.0,null,null,null,gabors,null,45.0,4.0,0.8,"[3644.93333333, 3644.93333333]",0.25021036,100,,,0,,False,12,train,1
2412,0.0,672.39682,672.64703,null,0.0,0.08,"[20.0, 20.0]",40.0,null,null,null,gabors,null,0.0,4.0,0.8,"[3644.93333333, 3644.93333333]",0.25021036,215,,,0,,False,8,test,0
2413,0.0,672.64703,672.89724,null,-40.0,0.08,"[20.0, 20.0]",-30.0,null,null,null,gabors,null,45.0,4.0,0.8,"[3644.93333333, 3644.93333333]",0.25020464,107,,,0,,False,10,train,1
2414,0.0,672.89724,673.14744,null,-10.0,0.08,"[20.0, 20.0]",-30.0,null,null,null,gabors,null,0.0,4.0,0.8,"[3644.93333333, 3644.93333333]",0.25020464,224,,,0,,False,8,test,0
2415,0.0,673.14744,673.39764,null,40.0,0.08,"[20.0, 20.0]",20.0,null,null,null,gabors,null,45.0,4.0,0.8,"[3644.93333333, 3644.93333333]",0.25020464,7,,,0,,False,8,test,1
2416,0.0,673.39764,673.64785,null,-30.0,0.08,"[20.0, 20.0]",40.0,null,null,null,gabors,null,45.0,4.0,0.8,"[3644.93333333, 3644.93333333]",0.25020464,63,,,0,,False,12,train,1
2417,0.0,673.64785,673.89806,null,-30.0,0.08,"[20.0, 20.0]",-10.0,null,null,null,gabors,null,0.0,4.0,0.8,"[3644.93333333, 3644.93333333]",0.25021036,52,,,0,,False,11,test,0
2418,0.0,673.89806,674.14827,null,20.0,0.08,"[20.0, 20.0]",0.0,null,null,null,gabors,null,90.0,4.0,0.8,"[3644.93333333, 3644.93333333]",0.25021036,146,,,0,,False,10,train,2
2419,0.0,674.14827,674.39848,null,30.0,0.08,"[20.0, 20.0]",-10.0,null,null,null,gabors,null,45.0,4.0,0.8,"[3644.93333333, 3644.93333333]",0.25021036,60,,,0,,False,9,train,1
2420,0.0,674.39848,674.64869,null,-40.0,0.08,"[20.0, 20.0]",-40.0,null,null,null,gabors,null,45.0,4.0,0.8,"[3644.93333333, 3644.93333333]",0.25021036,197,,,0,,False,10,train,1
2421,0.0,674.64869,674.89889,null,-20.0,0.08,"[20.0, 20.0]",10.0,null,null,null,gabors,null,45.0,4.0,0.8,"[3644.93333333, 3644.93333333]",0.25020214,158,,,0,,False,8,test,1
2422,0.0,674.89889,675.14909,null,-40.0,0.08,"[20.0, 20.0]",20.0,null,null,null,gabors,null,90.0,4.0,0.8,"[3644.93333333, 3644.93333333]",0.25020214,55,,,0,,False,10,train,2
2423,0.0,675.14909,675.3993,null,-10.0,0.08,"[20.0, 20.0]",30.0,null,null,null,gabors,null,90.0,4.0,0.8,"[3644.93333333, 3644.93333333]",0.25020214,70,,,0,,False,12,train,2
2424,0.0,675.3993,675.6495,null,-30.0,0.08,"[20.0, 20.0]",-40.0,null,null,null,gabors,null,90.0,4.0,0.8,"[3644.93333333, 3644.93333333]",0.25020214,150,,,0,,False,9,train,2
2425,0.0,675.6495,675.89971,null,-40.0,0.08,"[20.0, 20.0]",20.0,null,null,null,gabors,null,90.0,4.0,0.8,"[3644.93333333, 3644.93333333]",0.25021286,55,,,0,,False,11,test,2
2426,0.0,675.89971,676.14992,null,-30.0,0.08,"[20.0, 20.0]",0.0,null,null,null,gabors,null,90.0,4.0,0.8,"[3644.93333333, 3644.93333333]",0.25021286,84,,,0,,False,8,test,2
2427,0.0,676.14992,676.40014,null,20.0,0.08,"[20.0, 20.0]",0.0,null,null,null,gabors,null,0.0,4.0,0.8,"[3644.93333333, 3644.93333333]",0.25021286,204,,,0,,False,9,train,0
2428,0.0,676.40014,676.65035,null,-10.0,0.08,"[20.0, 20.0]",-30.0,null,null,null,gabors,null,90.0,4.0,0.8,"[3644.93333333, 3644.93333333]",0.25021286,202,,,0,,False,9,train,2
2429,0.0,676.65035,676.90056,null,-30.0,0.08,"[20.0, 20.0]",-20.0,null,null,null,gabors,null,45.0,4.0,0.8,"[3644.93333333, 3644.93333333]",0.25020964,176,,,0,,False,7,train,1
2430,0.0,676.90056,677.15077,null,-10.0,0.08,"[20.0, 20.0]",10.0,null,null,null,gabors,null,0.0,4.0,0.8,"[3644.93333333, 3644.93333333]",0.25020964,23,,,0,,False,9,train,0
2431,0.0,677.15077,677.40098,null,-20.0,0.08,"[20.0, 20.0]",20.0,null,null,null,gabors,null,0.0,4.0,0.8,"[3644.93333333, 3644.93333333]",0.25020964,178,,,0,,False,11,test,0
2432,0.0,677.40098,677.65119,null,-10.0,0.08,"[20.0, 20.0]",-20.0,null,null,null,gabors,null,45.0,4.0,0.8,"[3644.93333333, 3644.93333333]",0.25020964,166,,,0,,False,8,test,1
2433,0.0,677.65119,677.9014,null,-20.0,0.08,"[20.0, 20.0]",-10.0,null,null,null,gabors,null,0.0,4.0,0.8,"[3644.93333333, 3644.93333333]",0.25020786,241,,,0,,False,5,test,0
2434,0.0,677.9014,678.1516,null,20.0,0.08,"[20.0, 20.0]",30.0,null,null,null,gabors,null,45.0,4.0,0.8,"[3644.93333333, 3644.93333333]",0.25020786,184,,,0,,False,8,test,1
2435,0.0,678.1516,678.40181,null,-30.0,0.08,"[20.0, 20.0]",0.0,null,null,null,gabors,null,90.0,4.0,0.8,"[3644.93333333, 3644.93333333]",0.25020786,84,,,0,,False,9,train,2
2436,0.0,678.40181,678.65202,null,-10.0,0.08,"[20.0, 20.0]",30.0,null,null,null,gabors,null,90.0,4.0,0.8,"[3644.93333333, 3644.93333333]",0.25020786,70,,,0,,False,13,train,2
2437,0.0,678.65202,678.90225,null,10.0,0.08,"[20.0, 20.0]",40.0,null,null,null,gabors,null,45.0,4.0,0.8,"[3644.93333333, 3644.93333333]",0.25022464,38,,,0,,False,12,train,1
2438,0.0,678.90225,679.15247,null,30.0,0.08,"[20.0, 20.0]",40.0,null,null,null,gabors,null,0.0,4.0,0.8,"[3644.93333333, 3644.93333333]",0.25022464,110,,,0,,False,12,train,0
2439,0.0,679.15247,679.40269,null,-10.0,0.08,"[20.0, 20.0]",-30.0,null,null,null,gabors,null,45.0,4.0,0.8,"[3644.93333333, 3644.93333333]",0.25022464,151,,,0,,False,12,train,1
2440,0.0,679.40269,679.65292,null,20.0,0.08,"[20.0, 20.0]",-20.0,null,null,null,gabors,null,90.0,4.0,0.8,"[3644.93333333, 3644.93333333]",0.25022464,26,,,0,,False,8,test,2
2441,0.0,679.65292,679.90311,null,-30.0,0.08,"[20.0, 20.0]",0.0,null,null,null,gabors,null,90.0,4.0,0.8,"[3644.93333333, 3644.93333333]",0.25019536,84,,,0,,False,10,train,2
2442,0.0,679.90311,680.15331,null,20.0,0.08,"[20.0, 20.0]",0.0,null,null,null,gabors,null,45.0,4.0,0.8,"[3644.93333333, 3644.93333333]",0.25019536,203,,,0,,False,10,train,1
2443,0.0,680.15331,680.40351,null,20.0,0.08,"[20.0, 20.0]",-10.0,null,null,null,gabors,null,90.0,4.0,0.8,"[3644.93333333, 3644.93333333]",0.25019536,50,,,0,,False,11,test,2
2444,0.0,680.40351,680.6537,null,30.0,0.08,"[20.0, 20.0]",40.0,null,null,null,gabors,null,90.0,4.0,0.8,"[3644.93333333, 3644.93333333]",0.25019536,169,,,0,,False,7,train,2
2445,0.0,680.6537,680.90391,null,0.0,0.08,"[20.0, 20.0]",-30.0,null,null,null,gabors,null,90.0,4.0,0.8,"[3644.93333333, 3644.93333333]",0.25021214,113,,,0,,False,10,train,2
2446,0.0,680.90391,681.15412,null,-40.0,0.08,"[20.0, 20.0]",-10.0,null,null,null,gabors,null,45.0,4.0,0.8,"[3644.93333333, 3644.93333333]",0.25021214,74,,,0,,False,10,train,1
2447,0.0,681.15412,681.40434,null,40.0,0.08,"[20.0, 20.0]",20.0,null,null,null,gabors,null,0.0,4.0,0.8,"[3644.93333333, 3644.93333333]",0.25021214,98,,,0,,False,11,test,0
2448,0.0,681.40434,681.65455,null,10.0,0.08,"[20.0, 20.0]",-30.0,null,null,null,gabors,null,0.0,4.0,0.8,"[3644.93333333, 3644.93333333]",0.25021214,220,,,0,,False,9,train,0
2449,0.0,681.65455,681.90476,null,0.0,0.08,"[20.0, 20.0]",20.0,null,null,null,gabors,null,90.0,4.0,0.8,"[3644.93333333, 3644.93333333]",0.25020786,233,,,0,,False,7,train,2
2450,0.0,681.90476,682.15496,null,10.0,0.08,"[20.0, 20.0]",30.0,null,null,null,gabors,null,90.0,4.0,0.8,"[3644.93333333, 3644.93333333]",0.25020786,51,,,0,,False,13,train,2
2451,0.0,682.15496,682.40517,null,-20.0,0.08,"[20.0, 20.0]",-20.0,null,null,null,gabors,null,0.0,4.0,0.8,"[3644.93333333, 3644.93333333]",0.25020786,205,,,0,,False,8,test,0
2452,0.0,682.40517,682.65538,null,30.0,0.08,"[20.0, 20.0]",0.0,null,null,null,gabors,null,45.0,4.0,0.8,"[3644.93333333, 3644.93333333]",0.25020786,2,,,0,,False,7,train,1
2453,0.0,682.65538,682.90559,null,0.0,0.08,"[20.0, 20.0]",-20.0,null,null,null,gabors,null,45.0,4.0,0.8,"[3644.93333333, 3644.93333333]",0.25020964,103,,,0,,False,10,train,1
2454,0.0,682.90559,683.1558,null,-40.0,0.08,"[20.0, 20.0]",10.0,null,null,null,gabors,null,0.0,4.0,0.8,"[3644.93333333, 3644.93333333]",0.25020964,68,,,0,,False,10,train,0
2455,0.0,683.1558,683.40601,null,-20.0,0.08,"[20.0, 20.0]",40.0,null,null,null,gabors,null,90.0,4.0,0.8,"[3644.93333333, 3644.93333333]",0.25020964,79,,,0,,False,11,test,2
2456,0.0,683.40601,683.65622,null,0.0,0.08,"[20.0, 20.0]",20.0,null,null,null,gabors,null,0.0,4.0,0.8,"[3644.93333333, 3644.93333333]",0.25020964,216,,,0,,False,8,test,0
2457,0.0,683.65622,683.90643,null,40.0,0.08,"[20.0, 20.0]",-40.0,null,null,null,gabors,null,45.0,4.0,0.8,"[3644.93333333, 3644.93333333]",0.25021036,34,,,0,,False,11,test,1
2458,0.0,683.90643,684.15664,null,-30.0,0.08,"[20.0, 20.0]",-40.0,null,null,null,gabors,null,45.0,4.0,0.8,"[3644.93333333, 3644.93333333]",0.25021036,47,,,0,,False,10,train,1
2459,0.0,684.15664,684.40685,null,30.0,0.08,"[20.0, 20.0]",0.0,null,null,null,gabors,null,90.0,4.0,0.8,"[3644.93333333, 3644.93333333]",0.25021036,229,,,0,,False,10,train,2
2460,0.0,684.40685,684.65706,null,20.0,0.08,"[20.0, 20.0]",-10.0,null,null,null,gabors,null,45.0,4.0,0.8,"[3644.93333333, 3644.93333333]",0.25021036,242,,,0,,False,9,train,1
2461,0.0,684.65706,684.90727,null,-30.0,0.08,"[20.0, 20.0]",40.0,null,null,null,gabors,null,45.0,4.0,0.8,"[3644.93333333, 3644.93333333]",0.25020464,63,,,0,,False,13,train,1
2462,0.0,684.90727,685.15747,null,-40.0,0.08,"[20.0, 20.0]",-30.0,null,null,null,gabors,null,90.0,4.0,0.8,"[3644.93333333, 3644.93333333]",0.25020464,86,,,0,,False,9,train,2
2463,0.0,685.15747,685.40767,null,10.0,0.08,"[20.0, 20.0]",40.0,null,null,null,gabors,null,45.0,4.0,0.8,"[3644.93333333, 3644.93333333]",0.25020464,38,,,0,,False,13,train,1
2464,0.0,685.40767,685.65788,null,40.0,0.08,"[20.0, 20.0]",0.0,null,null,null,gabors,null,45.0,4.0,0.8,"[3644.93333333, 3644.93333333]",0.25020464,71,,,0,,False,12,train,1
2465,0.0,685.65788,685.90809,null,-10.0,0.08,"[20.0, 20.0]",0.0,null,null,null,gabors,null,90.0,4.0,0.8,"[3644.93333333, 3644.93333333]",0.25021286,155,,,0,,False,11,test,2
2466,0.0,685.90809,686.1583,null,10.0,0.08,"[20.0, 20.0]",-10.0,null,null,null,gabors,null,0.0,4.0,0.8,"[3644.93333333, 3644.93333333]",0.25021286,95,,,0,,False,9,train,0
2467,0.0,686.1583,686.40852,null,10.0,0.08,"[20.0, 20.0]",20.0,null,null,null,gabors,null,90.0,4.0,0.8,"[3644.93333333, 3644.93333333]",0.25021286,147,,,0,,False,9,train,2
2468,0.0,686.40852,686.65873,null,20.0,0.08,"[20.0, 20.0]",-40.0,null,null,null,gabors,null,45.0,4.0,0.8,"[3644.93333333, 3644.93333333]",0.25021286,125,,,0,,False,9,train,1
2469,0.0,686.65873,686.90893,null,20.0,0.08,"[20.0, 20.0]",40.0,null,null,null,gabors,null,0.0,4.0,0.8,"[3644.93333333, 3644.93333333]",0.25019464,30,,,0,,False,8,test,0
2470,0.0,686.90893,687.15912,null,20.0,0.08,"[20.0, 20.0]",-30.0,null,null,null,gabors,null,0.0,4.0,0.8,"[3644.93333333, 3644.93333333]",0.25019464,175,,,0,,False,9,train,0
2471,0.0,687.15912,687.40931,null,30.0,0.08,"[20.0, 20.0]",20.0,null,null,null,gabors,null,0.0,4.0,0.8,"[3644.93333333, 3644.93333333]",0.25019464,164,,,0,,False,11,test,0
2472,0.0,687.40931,687.65951,null,-20.0,0.08,"[20.0, 20.0]",-30.0,null,null,null,gabors,null,0.0,4.0,0.8,"[3644.93333333, 3644.93333333]",0.25019464,54,,,0,,False,11,test,0
2473,0.0,687.65951,687.90973,null,10.0,0.08,"[20.0, 20.0]",-10.0,null,null,null,gabors,null,45.0,4.0,0.8,"[3644.93333333, 3644.93333333]",0.25022286,131,,,0,,False,12,train,1
2474,0.0,687.90973,688.15995,null,30.0,0.08,"[20.0, 20.0]",-10.0,null,null,null,gabors,null,45.0,4.0,0.8,"[3644.93333333, 3644.93333333]",0.25022286,60,,,0,,False,10,train,1
2475,0.0,688.15995,688.41018,null,-40.0,0.08,"[20.0, 20.0]",0.0,null,null,null,gabors,null,90.0,4.0,0.8,"[3644.93333333, 3644.93333333]",0.25022286,4,,,0,,False,7,train,2
2476,0.0,688.41018,688.6604,null,0.0,0.08,"[20.0, 20.0]",-10.0,null,null,null,gabors,null,45.0,4.0,0.8,"[3644.93333333, 3644.93333333]",0.25022286,195,,,0,,False,6,train,1
2477,0.0,688.6604,688.91061,null,-20.0,0.08,"[20.0, 20.0]",-30.0,null,null,null,gabors,null,90.0,4.0,0.8,"[3644.93333333, 3644.93333333]",0.25020464,221,,,0,,False,11,test,2
2478,0.0,688.91061,689.16081,null,-20.0,0.08,"[20.0, 20.0]",-30.0,null,null,null,gabors,null,45.0,4.0,0.8,"[3644.93333333, 3644.93333333]",0.25020464,168,,,0,,False,10,train,1
2479,0.0,689.16081,689.41101,null,-10.0,0.08,"[20.0, 20.0]",-10.0,null,null,null,gabors,null,45.0,4.0,0.8,"[3644.93333333, 3644.93333333]",0.25020464,117,,,0,,False,10,train,1
2480,0.0,689.41101,689.66122,null,40.0,0.08,"[20.0, 20.0]",30.0,null,null,null,gabors,null,0.0,4.0,0.8,"[3644.93333333, 3644.93333333]",0.25020464,126,,,0,,False,6,train,0
2481,0.0,689.66122,689.91143,null,-20.0,0.08,"[20.0, 20.0]",0.0,null,null,null,gabors,null,0.0,4.0,0.8,"[3644.93333333, 3644.93333333]",0.25021536,174,,,0,,False,8,test,0
2482,0.0,689.91143,690.16165,null,30.0,0.08,"[20.0, 20.0]",30.0,null,null,null,gabors,null,0.0,4.0,0.8,"[3644.93333333, 3644.93333333]",0.25021536,154,,,0,,False,11,test,0
2483,0.0,690.16165,690.41187,null,10.0,0.08,"[20.0, 20.0]",0.0,null,null,null,gabors,null,0.0,4.0,0.8,"[3644.93333333, 3644.93333333]",0.25021536,157,,,0,,False,9,train,0
2484,0.0,690.41187,690.66208,null,30.0,0.08,"[20.0, 20.0]",-10.0,null,null,null,gabors,null,0.0,4.0,0.8,"[3644.93333333, 3644.93333333]",0.25021536,88,,,0,,False,11,test,0
2485,0.0,690.66208,690.91229,null,-20.0,0.08,"[20.0, 20.0]",-40.0,null,null,null,gabors,null,0.0,4.0,0.8,"[3644.93333333, 3644.93333333]",0.25020464,212,,,0,,False,11,test,0
2486,0.0,690.91229,691.16249,null,0.0,0.08,"[20.0, 20.0]",20.0,null,null,null,gabors,null,90.0,4.0,0.8,"[3644.93333333, 3644.93333333]",0.25020464,233,,,0,,False,8,test,2
2487,0.0,691.16249,691.41269,null,-40.0,0.08,"[20.0, 20.0]",40.0,null,null,null,gabors,null,45.0,4.0,0.8,"[3644.93333333, 3644.93333333]",0.25020464,206,,,0,,False,10,train,1
2488,0.0,691.41269,691.6629,null,-40.0,0.08,"[20.0, 20.0]",-40.0,null,null,null,gabors,null,90.0,4.0,0.8,"[3644.93333333, 3644.93333333]",0.25020464,31,,,0,,False,11,test,2
2489,0.0,691.6629,691.91311,null,-40.0,0.08,"[20.0, 20.0]",-20.0,null,null,null,gabors,null,0.0,4.0,0.8,"[3644.93333333, 3644.93333333]",0.25021536,199,,,0,,False,9,train,0
2490,0.0,691.91311,692.16333,null,-30.0,0.08,"[20.0, 20.0]",40.0,null,null,null,gabors,null,90.0,4.0,0.8,"[3644.93333333, 3644.93333333]",0.25021536,148,,,0,,False,7,train,2
2491,0.0,692.16333,692.41355,null,20.0,0.08,"[20.0, 20.0]",0.0,null,null,null,gabors,null,90.0,4.0,0.8,"[3644.93333333, 3644.93333333]",0.25021536,146,,,0,,False,11,test,2
2492,0.0,692.41355,692.66376,null,20.0,0.08,"[20.0, 20.0]",10.0,null,null,null,gabors,null,0.0,4.0,0.8,"[3644.93333333, 3644.93333333]",0.25021536,21,,,0,,False,9,train,0
2493,0.0,692.66376,692.91397,null,-30.0,0.08,"[20.0, 20.0]",-40.0,null,null,null,gabors,null,0.0,4.0,0.8,"[3644.93333333, 3644.93333333]",0.25020964,213,,,0,,False,12,train,0
2494,0.0,692.91397,693.16418,null,40.0,0.08,"[20.0, 20.0]",-30.0,null,null,null,gabors,null,90.0,4.0,0.8,"[3644.93333333, 3644.93333333]",0.25020964,234,,,0,,False,7,train,2
2495,0.0,693.16418,693.41439,null,-20.0,0.08,"[20.0, 20.0]",20.0,null,null,null,gabors,null,45.0,4.0,0.8,"[3644.93333333, 3644.93333333]",0.25020964,192,,,0,,False,5,test,1
2496,0.0,693.41439,693.6646,null,0.0,0.08,"[20.0, 20.0]",-30.0,null,null,null,gabors,null,90.0,4.0,0.8,"[3644.93333333, 3644.93333333]",0.25020964,113,,,0,,False,11,test,2
2497,0.0,693.6646,693.9148,null,30.0,0.08,"[20.0, 20.0]",40.0,null,null,null,gabors,null,90.0,4.0,0.8,"[3644.93333333, 3644.93333333]",0.25020536,169,,,0,,False,8,test,2
2498,0.0,693.9148,694.16501,null,20.0,0.08,"[20.0, 20.0]",-10.0,null,null,null,gabors,null,45.0,4.0,0.8,"[3644.93333333, 3644.93333333]",0.25020536,242,,,0,,False,10,train,1
2499,0.0,694.16501,694.41522,null,0.0,0.08,"[20.0, 20.0]",10.0,null,null,null,gabors,null,90.0,4.0,0.8,"[3644.93333333, 3644.93333333]",0.25020536,196,,,0,,False,11,test,2
2500,0.0,694.41522,694.66542,null,-20.0,0.08,"[20.0, 20.0]",0.0,null,null,null,gabors,null,0.0,4.0,0.8,"[3644.93333333, 3644.93333333]",0.25020536,174,,,0,,False,9,train,0
2501,0.0,694.66542,694.91563,null,0.0,0.08,"[20.0, 20.0]",20.0,null,null,null,gabors,null,45.0,4.0,0.8,"[3644.93333333, 3644.93333333]",0.25021214,232,,,0,,False,11,test,1
2502,0.0,694.91563,695.16584,null,30.0,0.08,"[20.0, 20.0]",-20.0,null,null,null,gabors,null,90.0,4.0,0.8,"[3644.93333333, 3644.93333333]",0.25021214,177,,,0,,False,10,train,2
2503,0.0,695.16584,695.41606,null,-10.0,0.08,"[20.0, 20.0]",-30.0,null,null,null,gabors,null,45.0,4.0,0.8,"[3644.93333333, 3644.93333333]",0.25021214,151,,,0,,False,13,train,1
2504,0.0,695.41606,695.66627,null,-40.0,0.08,"[20.0, 20.0]",-20.0,null,null,null,gabors,null,0.0,4.0,0.8,"[3644.93333333, 3644.93333333]",0.25021214,199,,,0,,False,10,train,0
2505,0.0,695.66627,695.91647,null,10.0,0.08,"[20.0, 20.0]",0.0,null,null,null,gabors,null,45.0,4.0,0.8,"[3644.93333333, 3644.93333333]",0.25020536,187,,,0,,False,11,test,1
2506,0.0,695.91647,696.16668,null,20.0,0.08,"[20.0, 20.0]",0.0,null,null,null,gabors,null,45.0,4.0,0.8,"[3644.93333333, 3644.93333333]",0.25020536,203,,,0,,False,11,test,1
2507,0.0,696.16668,696.41689,null,10.0,0.08,"[20.0, 20.0]",-10.0,null,null,null,gabors,null,90.0,4.0,0.8,"[3644.93333333, 3644.93333333]",0.25020536,81,,,0,,False,10,train,2
2508,0.0,696.41689,696.66709,null,-10.0,0.08,"[20.0, 20.0]",-20.0,null,null,null,gabors,null,0.0,4.0,0.8,"[3644.93333333, 3644.93333333]",0.25020536,96,,,0,,False,8,test,0
2509,0.0,696.66709,696.9173,null,-40.0,0.08,"[20.0, 20.0]",0.0,null,null,null,gabors,null,45.0,4.0,0.8,"[3644.93333333, 3644.93333333]",0.25020714,130,,,0,,False,10,train,1
2510,0.0,696.9173,697.1675,null,10.0,0.08,"[20.0, 20.0]",-30.0,null,null,null,gabors,null,90.0,4.0,0.8,"[3644.93333333, 3644.93333333]",0.25020714,200,,,0,,False,8,test,2
2511,0.0,697.1675,697.41771,null,-10.0,0.08,"[20.0, 20.0]",30.0,null,null,null,gabors,null,0.0,4.0,0.8,"[3644.93333333, 3644.93333333]",0.25020714,27,,,0,,False,8,test,0
2512,0.0,697.41771,697.66792,null,-10.0,0.08,"[20.0, 20.0]",-10.0,null,null,null,gabors,null,0.0,4.0,0.8,"[3644.93333333, 3644.93333333]",0.25020714,173,,,0,,False,9,train,0
2513,0.0,697.66792,697.91813,null,20.0,0.08,"[20.0, 20.0]",-20.0,null,null,null,gabors,null,45.0,4.0,0.8,"[3644.93333333, 3644.93333333]",0.25021036,36,,,0,,False,8,test,1
2514,0.0,697.91813,698.16834,null,-20.0,0.08,"[20.0, 20.0]",20.0,null,null,null,gabors,null,45.0,4.0,0.8,"[3644.93333333, 3644.93333333]",0.25021036,192,,,0,,False,6,train,1
2515,0.0,698.16834,698.41855,null,30.0,0.08,"[20.0, 20.0]",-10.0,null,null,null,gabors,null,45.0,4.0,0.8,"[3644.93333333, 3644.93333333]",0.25021036,60,,,0,,False,11,test,1
2516,0.0,698.41855,698.66876,null,30.0,0.08,"[20.0, 20.0]",40.0,null,null,null,gabors,null,90.0,4.0,0.8,"[3644.93333333, 3644.93333333]",0.25021036,169,,,0,,False,9,train,2
2517,0.0,698.66876,698.91897,null,-40.0,0.08,"[20.0, 20.0]",-20.0,null,null,null,gabors,null,90.0,4.0,0.8,"[3644.93333333, 3644.93333333]",0.25020464,65,,,0,,False,12,train,2
2518,0.0,698.91897,699.16917,null,-10.0,0.08,"[20.0, 20.0]",-10.0,null,null,null,gabors,null,45.0,4.0,0.8,"[3644.93333333, 3644.93333333]",0.25020464,117,,,0,,False,11,test,1
2519,0.0,699.16917,699.41937,null,-10.0,0.08,"[20.0, 20.0]",40.0,null,null,null,gabors,null,0.0,4.0,0.8,"[3644.93333333, 3644.93333333]",0.25020464,223,,,0,,False,10,train,0
2520,0.0,699.41937,699.66958,null,0.0,0.08,"[20.0, 20.0]",40.0,null,null,null,gabors,null,90.0,4.0,0.8,"[3644.93333333, 3644.93333333]",0.25020464,97,,,0,,False,12,train,2
2521,0.0,699.66958,699.91979,null,0.0,0.08,"[20.0, 20.0]",-20.0,null,null,null,gabors,null,45.0,4.0,0.8,"[3644.93333333, 3644.93333333]",0.25021536,103,,,0,,False,11,test,1
2522,0.0,699.91979,700.17001,null,-40.0,0.08,"[20.0, 20.0]",10.0,null,null,null,gabors,null,0.0,4.0,0.8,"[3644.93333333, 3644.93333333]",0.25021536,68,,,0,,False,11,test,0
2523,0.0,700.17001,700.42023,null,-20.0,0.08,"[20.0, 20.0]",-30.0,null,null,null,gabors,null,45.0,4.0,0.8,"[3644.93333333, 3644.93333333]",0.25021536,168,,,0,,False,11,test,1
2524,0.0,700.42023,700.67044,null,40.0,0.08,"[20.0, 20.0]",10.0,null,null,null,gabors,null,45.0,4.0,0.8,"[3644.93333333, 3644.93333333]",0.25021536,145,,,0,,False,10,train,1
2525,0.0,700.67044,700.92065,null,10.0,0.08,"[20.0, 20.0]",30.0,null,null,null,gabors,null,90.0,4.0,0.8,"[3644.93333333, 3644.93333333]",0.25020464,51,,,0,,False,14,test,2
2526,0.0,700.92065,701.17085,null,-20.0,0.08,"[20.0, 20.0]",-20.0,null,null,null,gabors,null,90.0,4.0,0.8,"[3644.93333333, 3644.93333333]",0.25020464,140,,,0,,False,10,train,2
2527,0.0,701.17085,701.42105,null,30.0,0.08,"[20.0, 20.0]",10.0,null,null,null,gabors,null,0.0,4.0,0.8,"[3644.93333333, 3644.93333333]",0.25020464,102,,,0,,False,11,test,0
2528,0.0,701.42105,701.67126,null,-20.0,0.08,"[20.0, 20.0]",-40.0,null,null,null,gabors,null,45.0,4.0,0.8,"[3644.93333333, 3644.93333333]",0.25020464,106,,,0,,False,9,train,1
2529,0.0,701.67126,701.92147,null,-30.0,0.08,"[20.0, 20.0]",-40.0,null,null,null,gabors,null,90.0,4.0,0.8,"[3644.93333333, 3644.93333333]",0.25021536,150,,,0,,False,10,train,2
2530,0.0,701.92147,702.17169,null,-10.0,0.08,"[20.0, 20.0]",0.0,null,null,null,gabors,null,45.0,4.0,0.8,"[3644.93333333, 3644.93333333]",0.25021536,167,,,0,,False,10,train,1
2531,0.0,702.17169,702.42191,null,-40.0,0.08,"[20.0, 20.0]",30.0,null,null,null,gabors,null,90.0,4.0,0.8,"[3644.93333333, 3644.93333333]",0.25021536,42,,,0,,False,12,train,2
2532,0.0,702.42191,702.67212,null,30.0,0.08,"[20.0, 20.0]",20.0,null,null,null,gabors,null,45.0,4.0,0.8,"[3644.93333333, 3644.93333333]",0.25021536,73,,,0,,False,10,train,1
2533,0.0,702.67212,702.92233,null,30.0,0.08,"[20.0, 20.0]",-40.0,null,null,null,gabors,null,90.0,4.0,0.8,"[3644.93333333, 3644.93333333]",0.25020964,6,,,0,,False,12,train,2
2534,0.0,702.92233,703.17254,null,40.0,0.08,"[20.0, 20.0]",-20.0,null,null,null,gabors,null,0.0,4.0,0.8,"[3644.93333333, 3644.93333333]",0.25020964,3,,,0,,False,12,train,0
2535,0.0,703.17254,703.42275,null,10.0,0.08,"[20.0, 20.0]",10.0,null,null,null,gabors,null,90.0,4.0,0.8,"[3644.93333333, 3644.93333333]",0.25020964,214,,,0,,False,10,train,2
2536,0.0,703.42275,703.67296,null,-20.0,0.08,"[20.0, 20.0]",10.0,null,null,null,gabors,null,45.0,4.0,0.8,"[3644.93333333, 3644.93333333]",0.25020964,158,,,0,,False,9,train,1
2537,0.0,703.67296,703.92317,null,40.0,0.08,"[20.0, 20.0]",-30.0,null,null,null,gabors,null,45.0,4.0,0.8,"[3644.93333333, 3644.93333333]",0.25020786,137,,,0,,False,10,train,1
2538,0.0,703.92317,704.17337,null,-40.0,0.08,"[20.0, 20.0]",-10.0,null,null,null,gabors,null,90.0,4.0,0.8,"[3644.93333333, 3644.93333333]",0.25020786,33,,,0,,False,11,test,2
2539,0.0,704.17337,704.42358,null,20.0,0.08,"[20.0, 20.0]",0.0,null,null,null,gabors,null,90.0,4.0,0.8,"[3644.93333333, 3644.93333333]",0.25020786,146,,,0,,False,12,train,2
2540,0.0,704.42358,704.67379,null,30.0,0.08,"[20.0, 20.0]",30.0,null,null,null,gabors,null,45.0,4.0,0.8,"[3644.93333333, 3644.93333333]",0.25020786,208,,,0,,False,6,train,1
2541,0.0,704.67379,704.924,null,10.0,0.08,"[20.0, 20.0]",-30.0,null,null,null,gabors,null,45.0,4.0,0.8,"[3644.93333333, 3644.93333333]",0.25021214,152,,,0,,False,9,train,1
2542,0.0,704.924,705.17421,null,-20.0,0.08,"[20.0, 20.0]",30.0,null,null,null,gabors,null,45.0,4.0,0.8,"[3644.93333333, 3644.93333333]",0.25021214,72,,,0,,False,8,test,1
2543,0.0,705.17421,705.42443,null,-20.0,0.08,"[20.0, 20.0]",40.0,null,null,null,gabors,null,0.0,4.0,0.8,"[3644.93333333, 3644.93333333]",0.25021214,109,,,0,,False,8,test,0
2544,0.0,705.42443,705.67464,null,10.0,0.08,"[20.0, 20.0]",-40.0,null,null,null,gabors,null,90.0,4.0,0.8,"[3644.93333333, 3644.93333333]",0.25021214,118,,,0,,False,12,train,2
2545,0.0,705.67464,705.92485,null,-20.0,0.08,"[20.0, 20.0]",-10.0,null,null,null,gabors,null,0.0,4.0,0.8,"[3644.93333333, 3644.93333333]",0.25020786,241,,,0,,False,6,train,0
2546,0.0,705.92485,706.17505,null,-30.0,0.08,"[20.0, 20.0]",20.0,null,null,null,gabors,null,90.0,4.0,0.8,"[3644.93333333, 3644.93333333]",0.25020786,128,,,0,,False,11,test,2
2547,0.0,706.17505,706.42526,null,40.0,0.08,"[20.0, 20.0]",40.0,null,null,null,gabors,null,90.0,4.0,0.8,"[3644.93333333, 3644.93333333]",0.25020786,189,,,0,,False,10,train,2
2548,0.0,706.42526,706.67547,null,30.0,0.08,"[20.0, 20.0]",40.0,null,null,null,gabors,null,0.0,4.0,0.8,"[3644.93333333, 3644.93333333]",0.25020786,110,,,0,,False,13,train,0
2549,0.0,706.67547,706.92568,null,-20.0,0.08,"[20.0, 20.0]",-10.0,null,null,null,gabors,null,0.0,4.0,0.8,"[3644.93333333, 3644.93333333]",0.25021214,241,,,0,,False,7,train,0
2550,0.0,706.92568,707.17589,null,-10.0,0.08,"[20.0, 20.0]",0.0,null,null,null,gabors,null,45.0,4.0,0.8,"[3644.93333333, 3644.93333333]",0.25021214,167,,,0,,False,11,test,1
2551,0.0,707.17589,707.42611,null,-30.0,0.08,"[20.0, 20.0]",40.0,null,null,null,gabors,null,45.0,4.0,0.8,"[3644.93333333, 3644.93333333]",0.25021214,63,,,0,,False,14,test,1
2552,0.0,707.42611,707.67632,null,30.0,0.08,"[20.0, 20.0]",-30.0,null,null,null,gabors,null,45.0,4.0,0.8,"[3644.93333333, 3644.93333333]",0.25021214,238,,,0,,False,8,test,1
2553,0.0,707.67632,707.92652,null,-10.0,0.08,"[20.0, 20.0]",-20.0,null,null,null,gabors,null,45.0,4.0,0.8,"[3644.93333333, 3644.93333333]",0.25020286,166,,,0,,False,9,train,1
2554,0.0,707.92652,708.17672,null,20.0,0.08,"[20.0, 20.0]",-20.0,null,null,null,gabors,null,90.0,4.0,0.8,"[3644.93333333, 3644.93333333]",0.25020286,26,,,0,,False,9,train,2
2555,0.0,708.17672,708.42693,null,-20.0,0.08,"[20.0, 20.0]",0.0,null,null,null,gabors,null,90.0,4.0,0.8,"[3644.93333333, 3644.93333333]",0.25020286,105,,,0,,False,9,train,2
2556,0.0,708.42693,708.67713,null,-20.0,0.08,"[20.0, 20.0]",-30.0,null,null,null,gabors,null,45.0,4.0,0.8,"[3644.93333333, 3644.93333333]",0.25020286,168,,,0,,False,12,train,1
2557,0.0,708.67713,708.92733,null,20.0,0.08,"[20.0, 20.0]",-30.0,null,null,null,gabors,null,45.0,4.0,0.8,"[3644.93333333, 3644.93333333]",0.25019964,41,,,0,,False,11,test,1
2558,0.0,708.92733,709.17753,null,-40.0,0.08,"[20.0, 20.0]",-10.0,null,null,null,gabors,null,0.0,4.0,0.8,"[3644.93333333, 3644.93333333]",0.25019964,142,,,0,,False,11,test,0
2559,0.0,709.17753,709.42773,null,-40.0,0.08,"[20.0, 20.0]",10.0,null,null,null,gabors,null,0.0,4.0,0.8,"[3644.93333333, 3644.93333333]",0.25019964,68,,,0,,False,12,train,0
2560,0.0,709.42773,709.67793,null,-20.0,0.08,"[20.0, 20.0]",20.0,null,null,null,gabors,null,90.0,4.0,0.8,"[3644.93333333, 3644.93333333]",0.25019964,198,,,0,,False,9,train,2
2561,0.0,709.67793,709.92815,null,0.0,0.08,"[20.0, 20.0]",-10.0,null,null,null,gabors,null,45.0,4.0,0.8,"[3644.93333333, 3644.93333333]",0.25021786,195,,,0,,False,7,train,1
2562,0.0,709.92815,710.17836,null,0.0,0.08,"[20.0, 20.0]",-30.0,null,null,null,gabors,null,45.0,4.0,0.8,"[3644.93333333, 3644.93333333]",0.25021786,160,,,0,,False,10,train,1
2563,0.0,710.17836,710.42858,null,-40.0,0.08,"[20.0, 20.0]",0.0,null,null,null,gabors,null,0.0,4.0,0.8,"[3644.93333333, 3644.93333333]",0.25021786,89,,,0,,False,9,train,0
2564,0.0,710.42858,710.6788,null,-20.0,0.08,"[20.0, 20.0]",20.0,null,null,null,gabors,null,90.0,4.0,0.8,"[3644.93333333, 3644.93333333]",0.25021786,198,,,0,,False,10,train,2
2565,0.0,710.6788,710.92901,null,-40.0,0.08,"[20.0, 20.0]",10.0,null,null,null,gabors,null,90.0,4.0,0.8,"[3644.93333333, 3644.93333333]",0.25020464,120,,,0,,False,11,test,2
2566,0.0,710.92901,711.17921,null,10.0,0.08,"[20.0, 20.0]",20.0,null,null,null,gabors,null,0.0,4.0,0.8,"[3644.93333333, 3644.93333333]",0.25020464,129,,,0,,False,9,train,0
2567,0.0,711.17921,711.42941,null,-40.0,0.08,"[20.0, 20.0]",10.0,null,null,null,gabors,null,90.0,4.0,0.8,"[3644.93333333, 3644.93333333]",0.25020464,120,,,0,,False,12,train,2
2568,0.0,711.42941,711.67962,null,-10.0,0.08,"[20.0, 20.0]",10.0,null,null,null,gabors,null,45.0,4.0,0.8,"[3644.93333333, 3644.93333333]",0.25020464,25,,,0,,False,8,test,1
2569,0.0,711.67962,711.92983,null,20.0,0.08,"[20.0, 20.0]",10.0,null,null,null,gabors,null,45.0,4.0,0.8,"[3644.93333333, 3644.93333333]",0.25021536,114,,,0,,False,9,train,1
2570,0.0,711.92983,712.18005,null,10.0,0.08,"[20.0, 20.0]",40.0,null,null,null,gabors,null,0.0,4.0,0.8,"[3644.93333333, 3644.93333333]",0.25021536,56,,,0,,False,10,train,0
2571,0.0,712.18005,712.43027,null,-40.0,0.08,"[20.0, 20.0]",20.0,null,null,null,gabors,null,45.0,4.0,0.8,"[3644.93333333, 3644.93333333]",0.25021536,240,,,0,,False,7,train,1
2572,0.0,712.43027,712.68048,null,20.0,0.08,"[20.0, 20.0]",10.0,null,null,null,gabors,null,45.0,4.0,0.8,"[3644.93333333, 3644.93333333]",0.25021536,114,,,0,,False,10,train,1
2573,0.0,712.68048,712.93069,null,20.0,0.08,"[20.0, 20.0]",0.0,null,null,null,gabors,null,45.0,4.0,0.8,"[3644.93333333, 3644.93333333]",0.25020464,203,,,0,,False,12,train,1
2574,0.0,712.93069,713.18089,null,0.0,0.08,"[20.0, 20.0]",-10.0,null,null,null,gabors,null,45.0,4.0,0.8,"[3644.93333333, 3644.93333333]",0.25020464,195,,,0,,False,8,test,1
2575,0.0,713.18089,713.43109,null,-20.0,0.08,"[20.0, 20.0]",-20.0,null,null,null,gabors,null,0.0,4.0,0.8,"[3644.93333333, 3644.93333333]",0.25020464,205,,,0,,False,9,train,0
2576,0.0,713.43109,713.6813,null,0.0,0.08,"[20.0, 20.0]",-20.0,null,null,null,gabors,null,90.0,4.0,0.8,"[3644.93333333, 3644.93333333]",0.25020464,44,,,0,,False,13,train,2
2577,0.0,713.6813,713.93151,null,-10.0,0.08,"[20.0, 20.0]",20.0,null,null,null,gabors,null,45.0,4.0,0.8,"[3644.93333333, 3644.93333333]",0.25021286,93,,,0,,False,10,train,1
2578,0.0,713.93151,714.18172,null,-10.0,0.08,"[20.0, 20.0]",-20.0,null,null,null,gabors,null,45.0,4.0,0.8,"[3644.93333333, 3644.93333333]",0.25021286,166,,,0,,False,10,train,1
2579,0.0,714.18172,714.43194,null,10.0,0.08,"[20.0, 20.0]",10.0,null,null,null,gabors,null,90.0,4.0,0.8,"[3644.93333333, 3644.93333333]",0.25021286,214,,,0,,False,11,test,2
2580,0.0,714.43194,714.68215,null,-30.0,0.08,"[20.0, 20.0]",10.0,null,null,null,gabors,null,0.0,4.0,0.8,"[3644.93333333, 3644.93333333]",0.25021286,87,,,0,,False,11,test,0
2581,0.0,714.68215,714.93236,null,0.0,0.08,"[20.0, 20.0]",40.0,null,null,null,gabors,null,45.0,4.0,0.8,"[3644.93333333, 3644.93333333]",0.25021214,156,,,0,,False,8,test,1
2582,0.0,714.93236,715.18257,null,-30.0,0.08,"[20.0, 20.0]",-20.0,null,null,null,gabors,null,90.0,4.0,0.8,"[3644.93333333, 3644.93333333]",0.25021214,13,,,0,,False,11,test,2
2583,0.0,715.18257,715.43279,null,-20.0,0.08,"[20.0, 20.0]",-30.0,null,null,null,gabors,null,45.0,4.0,0.8,"[3644.93333333, 3644.93333333]",0.25021214,168,,,0,,False,13,train,1
2584,0.0,715.43279,715.683,null,-10.0,0.08,"[20.0, 20.0]",40.0,null,null,null,gabors,null,45.0,4.0,0.8,"[3644.93333333, 3644.93333333]",0.25021214,112,,,0,,False,11,test,1
2585,0.0,715.683,715.9332,null,0.0,0.08,"[20.0, 20.0]",0.0,null,null,null,gabors,null,90.0,4.0,0.8,"[3644.93333333, 3644.93333333]",0.25020536,210,,,0,,False,7,train,2
2586,0.0,715.9332,716.18341,null,-20.0,0.08,"[20.0, 20.0]",-40.0,null,null,null,gabors,null,0.0,4.0,0.8,"[3644.93333333, 3644.93333333]",0.25020536,212,,,0,,False,12,train,0
2587,0.0,716.18341,716.43362,null,0.0,0.08,"[20.0, 20.0]",40.0,null,null,null,gabors,null,90.0,4.0,0.8,"[3644.93333333, 3644.93333333]",0.25020536,97,,,0,,False,13,train,2
2588,0.0,716.43362,716.68382,null,40.0,0.08,"[20.0, 20.0]",-40.0,null,null,null,gabors,null,45.0,4.0,0.8,"[3644.93333333, 3644.93333333]",0.25020536,34,,,0,,False,12,train,1
2589,0.0,716.68382,716.93403,null,0.0,0.08,"[20.0, 20.0]",10.0,null,null,null,gabors,null,0.0,4.0,0.8,"[3644.93333333, 3644.93333333]",0.25020964,90,,,0,,False,8,test,0
2590,0.0,716.93403,717.18424,null,0.0,0.08,"[20.0, 20.0]",-10.0,null,null,null,gabors,null,45.0,4.0,0.8,"[3644.93333333, 3644.93333333]",0.25020964,195,,,0,,False,9,train,1
2591,0.0,717.18424,717.43445,null,40.0,0.08,"[20.0, 20.0]",-20.0,null,null,null,gabors,null,90.0,4.0,0.8,"[3644.93333333, 3644.93333333]",0.25020964,149,,,0,,False,10,train,2
2592,0.0,717.43445,717.68466,null,-40.0,0.08,"[20.0, 20.0]",-30.0,null,null,null,gabors,null,90.0,4.0,0.8,"[3644.93333333, 3644.93333333]",0.25020964,86,,,0,,False,10,train,2
2593,0.0,717.68466,717.93487,null,20.0,0.08,"[20.0, 20.0]",-20.0,null,null,null,gabors,null,45.0,4.0,0.8,"[3644.93333333, 3644.93333333]",0.25021286,36,,,0,,False,9,train,1
2594,0.0,717.93487,718.18508,null,-30.0,0.08,"[20.0, 20.0]",-10.0,null,null,null,gabors,null,90.0,4.0,0.8,"[3644.93333333, 3644.93333333]",0.25021286,209,,,0,,False,11,test,2
2595,0.0,718.18508,718.4353,null,20.0,0.08,"[20.0, 20.0]",-30.0,null,null,null,gabors,null,0.0,4.0,0.8,"[3644.93333333, 3644.93333333]",0.25021286,175,,,0,,False,10,train,0
2596,0.0,718.4353,718.68551,null,30.0,0.08,"[20.0, 20.0]",30.0,null,null,null,gabors,null,90.0,4.0,0.8,"[3644.93333333, 3644.93333333]",0.25021286,134,,,0,,False,12,train,2
2597,0.0,718.68551,718.93572,null,-30.0,0.08,"[20.0, 20.0]",-40.0,null,null,null,gabors,null,45.0,4.0,0.8,"[3644.93333333, 3644.93333333]",0.25020464,47,,,0,,False,11,test,1
2598,0.0,718.93572,719.18592,null,40.0,0.08,"[20.0, 20.0]",10.0,null,null,null,gabors,null,0.0,4.0,0.8,"[3644.93333333, 3644.93333333]",0.25020464,62,,,0,,False,8,test,0
2599,0.0,719.18592,719.43612,null,-40.0,0.08,"[20.0, 20.0]",0.0,null,null,null,gabors,null,45.0,4.0,0.8,"[3644.93333333, 3644.93333333]",0.25020464,130,,,0,,False,11,test,1
2600,0.0,719.43612,719.68633,null,20.0,0.08,"[20.0, 20.0]",0.0,null,null,null,gabors,null,0.0,4.0,0.8,"[3644.93333333, 3644.93333333]",0.25020464,204,,,0,,False,10,train,0
2601,0.0,719.68633,719.93654,null,-30.0,0.08,"[20.0, 20.0]",-20.0,null,null,null,gabors,null,0.0,4.0,0.8,"[3644.93333333, 3644.93333333]",0.25021286,119,,,0,,False,12,train,0
2602,0.0,719.93654,720.18675,null,40.0,0.08,"[20.0, 20.0]",30.0,null,null,null,gabors,null,45.0,4.0,0.8,"[3644.93333333, 3644.93333333]",0.25021286,163,,,0,,False,10,train,1
2603,0.0,720.18675,720.43697,null,10.0,0.08,"[20.0, 20.0]",-20.0,null,null,null,gabors,null,0.0,4.0,0.8,"[3644.93333333, 3644.93333333]",0.25021286,116,,,0,,False,5,test,0
2604,0.0,720.43697,720.68718,null,0.0,0.08,"[20.0, 20.0]",-10.0,null,null,null,gabors,null,45.0,4.0,0.8,"[3644.93333333, 3644.93333333]",0.25021286,195,,,0,,False,10,train,1
2605,0.0,720.68718,720.93739,null,20.0,0.08,"[20.0, 20.0]",40.0,null,null,null,gabors,null,90.0,4.0,0.8,"[3644.93333333, 3644.93333333]",0.25020964,141,,,0,,False,11,test,2
2606,0.0,720.93739,721.1876,null,20.0,0.08,"[20.0, 20.0]",-10.0,null,null,null,gabors,null,0.0,4.0,0.8,"[3644.93333333, 3644.93333333]",0.25020964,48,,,0,,False,10,train,0
2607,0.0,721.1876,721.43781,null,40.0,0.08,"[20.0, 20.0]",-20.0,null,null,null,gabors,null,90.0,4.0,0.8,"[3644.93333333, 3644.93333333]",0.25020964,149,,,0,,False,11,test,2
2608,0.0,721.43781,721.68802,null,-40.0,0.08,"[20.0, 20.0]",-30.0,null,null,null,gabors,null,0.0,4.0,0.8,"[3644.93333333, 3644.93333333]",0.25020964,172,,,0,,False,9,train,0
2609,0.0,721.68802,721.93823,null,-20.0,0.08,"[20.0, 20.0]",-20.0,null,null,null,gabors,null,45.0,4.0,0.8,"[3644.93333333, 3644.93333333]",0.25020786,32,,,0,,False,8,test,1
2610,0.0,721.93823,722.18843,null,-10.0,0.08,"[20.0, 20.0]",-40.0,null,null,null,gabors,null,0.0,4.0,0.8,"[3644.93333333, 3644.93333333]",0.25020786,185,,,0,,False,10,train,0
2611,0.0,722.18843,722.43864,null,40.0,0.08,"[20.0, 20.0]",0.0,null,null,null,gabors,null,45.0,4.0,0.8,"[3644.93333333, 3644.93333333]",0.25020786,71,,,0,,False,13,train,1
2612,0.0,722.43864,722.68885,null,30.0,0.08,"[20.0, 20.0]",0.0,null,null,null,gabors,null,45.0,4.0,0.8,"[3644.93333333, 3644.93333333]",0.25020786,2,,,0,,False,8,test,1
2613,0.0,722.68885,722.93906,null,-20.0,0.08,"[20.0, 20.0]",20.0,null,null,null,gabors,null,45.0,4.0,0.8,"[3644.93333333, 3644.93333333]",0.25021214,192,,,0,,False,7,train,1
2614,0.0,722.93906,723.18927,null,30.0,0.08,"[20.0, 20.0]",-20.0,null,null,null,gabors,null,0.0,4.0,0.8,"[3644.93333333, 3644.93333333]",0.25021214,230,,,0,,False,7,train,0
2615,0.0,723.18927,723.43949,null,-10.0,0.08,"[20.0, 20.0]",-10.0,null,null,null,gabors,null,90.0,4.0,0.8,"[3644.93333333, 3644.93333333]",0.25021214,182,,,0,,False,10,train,2
2616,0.0,723.43949,723.6897,null,40.0,0.08,"[20.0, 20.0]",-10.0,null,null,null,gabors,null,90.0,4.0,0.8,"[3644.93333333, 3644.93333333]",0.25021214,170,,,0,,False,9,train,2
2617,0.0,723.6897,723.9399,null,0.0,0.08,"[20.0, 20.0]",10.0,null,null,null,gabors,null,45.0,4.0,0.8,"[3644.93333333, 3644.93333333]",0.25020286,188,,,0,,False,7,train,1
2618,0.0,723.9399,724.1901,null,10.0,0.08,"[20.0, 20.0]",-20.0,null,null,null,gabors,null,45.0,4.0,0.8,"[3644.93333333, 3644.93333333]",0.25020286,190,,,0,,False,10,train,1
2619,0.0,724.1901,724.44031,null,20.0,0.08,"[20.0, 20.0]",-40.0,null,null,null,gabors,null,45.0,4.0,0.8,"[3644.93333333, 3644.93333333]",0.25020286,125,,,0,,False,10,train,1
2620,0.0,724.44031,724.69051,null,20.0,0.08,"[20.0, 20.0]",30.0,null,null,null,gabors,null,90.0,4.0,0.8,"[3644.93333333, 3644.93333333]",0.25020286,64,,,0,,False,12,train,2
2621,0.0,724.69051,724.94073,null,-10.0,0.08,"[20.0, 20.0]",-40.0,null,null,null,gabors,null,45.0,4.0,0.8,"[3644.93333333, 3644.93333333]",0.25021464,122,,,0,,False,13,train,1
2622,0.0,724.94073,725.19094,null,-30.0,0.08,"[20.0, 20.0]",-20.0,null,null,null,gabors,null,45.0,4.0,0.8,"[3644.93333333, 3644.93333333]",0.25021464,176,,,0,,False,8,test,1
2623,0.0,725.19094,725.44115,null,40.0,0.08,"[20.0, 20.0]",-40.0,null,null,null,gabors,null,90.0,4.0,0.8,"[3644.93333333, 3644.93333333]",0.25021464,180,,,0,,False,8,test,2
2624,0.0,725.44115,725.69137,null,-10.0,0.08,"[20.0, 20.0]",20.0,null,null,null,gabors,null,0.0,4.0,0.8,"[3644.93333333, 3644.93333333]",0.25021464,1,,,0,,False,11,test,0
2625,0.0,725.69137,725.94158,null,20.0,0.08,"[20.0, 20.0]",10.0,null,null,null,gabors,null,45.0,4.0,0.8,"[3644.93333333, 3644.93333333]",0.25020786,114,,,0,,False,11,test,1
2626,0.0,725.94158,726.19178,null,10.0,0.08,"[20.0, 20.0]",-10.0,null,null,null,gabors,null,0.0,4.0,0.8,"[3644.93333333, 3644.93333333]",0.25020786,95,,,0,,False,10,train,0
2627,0.0,726.19178,726.44199,null,-20.0,0.08,"[20.0, 20.0]",-10.0,null,null,null,gabors,null,0.0,4.0,0.8,"[3644.93333333, 3644.93333333]",0.25020786,241,,,0,,False,8,test,0
2628,0.0,726.44199,726.6922,null,-30.0,0.08,"[20.0, 20.0]",-30.0,null,null,null,gabors,null,45.0,4.0,0.8,"[3644.93333333, 3644.93333333]",0.25020786,46,,,0,,False,11,test,1
2629,0.0,726.6922,726.94241,null,-10.0,0.08,"[20.0, 20.0]",0.0,null,null,null,gabors,null,0.0,4.0,0.8,"[3644.93333333, 3644.93333333]",0.25021214,127,,,0,,False,11,test,0
2630,0.0,726.94241,727.19262,null,-40.0,0.08,"[20.0, 20.0]",-30.0,null,null,null,gabors,null,0.0,4.0,0.8,"[3644.93333333, 3644.93333333]",0.25021214,172,,,0,,False,10,train,0
2631,0.0,727.19262,727.44284,null,-20.0,0.08,"[20.0, 20.0]",20.0,null,null,null,gabors,null,45.0,4.0,0.8,"[3644.93333333, 3644.93333333]",0.25021214,192,,,0,,False,8,test,1
2632,0.0,727.44284,727.69305,null,0.0,0.08,"[20.0, 20.0]",20.0,null,null,null,gabors,null,90.0,4.0,0.8,"[3644.93333333, 3644.93333333]",0.25021214,233,,,0,,False,9,train,2
2633,0.0,727.69305,727.94325,null,-40.0,0.08,"[20.0, 20.0]",30.0,null,null,null,gabors,null,90.0,4.0,0.8,"[3644.93333333, 3644.93333333]",0.25020286,42,,,0,,False,13,train,2
2634,0.0,727.94325,728.19345,null,-20.0,0.08,"[20.0, 20.0]",-10.0,null,null,null,gabors,null,90.0,4.0,0.8,"[3644.93333333, 3644.93333333]",0.25020286,236,,,0,,False,9,train,2
2635,0.0,728.19345,728.44366,null,-20.0,0.08,"[20.0, 20.0]",0.0,null,null,null,gabors,null,0.0,4.0,0.8,"[3644.93333333, 3644.93333333]",0.25020286,174,,,0,,False,10,train,0
2636,0.0,728.44366,728.69386,null,-10.0,0.08,"[20.0, 20.0]",0.0,null,null,null,gabors,null,90.0,4.0,0.8,"[3644.93333333, 3644.93333333]",0.25020286,155,,,0,,False,12,train,2
2637,0.0,728.69386,728.94408,null,20.0,0.08,"[20.0, 20.0]",-30.0,null,null,null,gabors,null,0.0,4.0,0.8,"[3644.93333333, 3644.93333333]",0.25021464,175,,,0,,False,11,test,0
2638,0.0,728.94408,729.19429,null,0.0,0.08,"[20.0, 20.0]",-10.0,null,null,null,gabors,null,90.0,4.0,0.8,"[3644.93333333, 3644.93333333]",0.25021464,218,,,0,,False,12,train,2
2639,0.0,729.19429,729.4445,null,-40.0,0.08,"[20.0, 20.0]",30.0,null,null,null,gabors,null,45.0,4.0,0.8,"[3644.93333333, 3644.93333333]",0.25021464,61,,,0,,False,12,train,1
2640,0.0,729.4445,729.69472,null,10.0,0.08,"[20.0, 20.0]",20.0,null,null,null,gabors,null,0.0,4.0,0.8,"[3644.93333333, 3644.93333333]",0.25021464,129,,,0,,False,10,train,0
2641,0.0,729.69472,729.94493,null,20.0,0.08,"[20.0, 20.0]",-40.0,null,null,null,gabors,null,0.0,4.0,0.8,"[3644.93333333, 3644.93333333]",0.25020786,194,,,0,,False,10,train,0
2642,0.0,729.94493,730.19513,null,40.0,0.08,"[20.0, 20.0]",30.0,null,null,null,gabors,null,0.0,4.0,0.8,"[3644.93333333, 3644.93333333]",0.25020786,126,,,0,,False,7,train,0
2643,0.0,730.19513,730.44534,null,-40.0,0.08,"[20.0, 20.0]",10.0,null,null,null,gabors,null,45.0,4.0,0.8,"[3644.93333333, 3644.93333333]",0.25020786,17,,,0,,False,10,train,1
2644,0.0,730.44534,730.69555,null,0.0,0.08,"[20.0, 20.0]",0.0,null,null,null,gabors,null,90.0,4.0,0.8,"[3644.93333333, 3644.93333333]",0.25020786,210,,,0,,False,8,test,2
2645,0.0,730.69555,730.94576,null,-30.0,0.08,"[20.0, 20.0]",30.0,null,null,null,gabors,null,45.0,4.0,0.8,"[3644.93333333, 3644.93333333]",0.25020964,217,,,0,,False,10,train,1
2646,0.0,730.94576,731.19597,null,20.0,0.08,"[20.0, 20.0]",0.0,null,null,null,gabors,null,0.0,4.0,0.8,"[3644.93333333, 3644.93333333]",0.25020964,204,,,0,,False,11,test,0
2647,0.0,731.19597,731.44618,null,30.0,0.08,"[20.0, 20.0]",-30.0,null,null,null,gabors,null,45.0,4.0,0.8,"[3644.93333333, 3644.93333333]",0.25020964,238,,,0,,False,9,train,1
2648,0.0,731.44618,731.69639,null,20.0,0.08,"[20.0, 20.0]",30.0,null,null,null,gabors,null,45.0,4.0,0.8,"[3644.93333333, 3644.93333333]",0.25020964,184,,,0,,False,9,train,1
2649,0.0,731.69639,731.94659,null,40.0,0.08,"[20.0, 20.0]",40.0,null,null,null,gabors,null,0.0,4.0,0.8,"[3644.93333333, 3644.93333333]",0.25020536,45,,,0,,False,12,train,0
2650,0.0,731.94659,732.1968,null,40.0,0.08,"[20.0, 20.0]",20.0,null,null,null,gabors,null,45.0,4.0,0.8,"[3644.93333333, 3644.93333333]",0.25020536,7,,,0,,False,9,train,1
2651,0.0,732.1968,732.44701,null,30.0,0.08,"[20.0, 20.0]",20.0,null,null,null,gabors,null,0.0,4.0,0.8,"[3644.93333333, 3644.93333333]",0.25020536,164,,,0,,False,12,train,0
2652,0.0,732.44701,732.69721,null,0.0,0.08,"[20.0, 20.0]",10.0,null,null,null,gabors,null,45.0,4.0,0.8,"[3644.93333333, 3644.93333333]",0.25020536,188,,,0,,False,8,test,1
2653,0.0,732.69721,732.94743,null,-20.0,0.08,"[20.0, 20.0]",-10.0,null,null,null,gabors,null,90.0,4.0,0.8,"[3644.93333333, 3644.93333333]",0.25021714,236,,,0,,False,10,train,2
2654,0.0,732.94743,733.19764,null,20.0,0.08,"[20.0, 20.0]",-20.0,null,null,null,gabors,null,90.0,4.0,0.8,"[3644.93333333, 3644.93333333]",0.25021714,26,,,0,,False,10,train,2
2655,0.0,733.19764,733.44786,null,30.0,0.08,"[20.0, 20.0]",-20.0,null,null,null,gabors,null,90.0,4.0,0.8,"[3644.93333333, 3644.93333333]",0.25021714,177,,,0,,False,11,test,2
2656,0.0,733.44786,733.69808,null,-40.0,0.08,"[20.0, 20.0]",30.0,null,null,null,gabors,null,0.0,4.0,0.8,"[3644.93333333, 3644.93333333]",0.25021714,144,,,0,,False,12,train,0
2657,0.0,733.69808,733.94828,null,-20.0,0.08,"[20.0, 20.0]",0.0,null,null,null,gabors,null,0.0,4.0,0.8,"[3644.93333333, 3644.93333333]",0.25020036,174,,,0,,False,11,test,0
2658,0.0,733.94828,734.19848,null,-40.0,0.08,"[20.0, 20.0]",0.0,null,null,null,gabors,null,90.0,4.0,0.8,"[3644.93333333, 3644.93333333]",0.25020036,4,,,0,,False,8,test,2
2659,0.0,734.19848,734.44868,null,-10.0,0.08,"[20.0, 20.0]",20.0,null,null,null,gabors,null,90.0,4.0,0.8,"[3644.93333333, 3644.93333333]",0.25020036,82,,,0,,False,12,train,2
2660,0.0,734.44868,734.69888,null,-40.0,0.08,"[20.0, 20.0]",0.0,null,null,null,gabors,null,90.0,4.0,0.8,"[3644.93333333, 3644.93333333]",0.25020036,4,,,0,,False,9,train,2
2661,0.0,734.69888,734.94909,null,30.0,0.08,"[20.0, 20.0]",-30.0,null,null,null,gabors,null,90.0,4.0,0.8,"[3644.93333333, 3644.93333333]",0.25021214,92,,,0,,False,8,test,2
2662,0.0,734.94909,735.1993,null,20.0,0.08,"[20.0, 20.0]",10.0,null,null,null,gabors,null,45.0,4.0,0.8,"[3644.93333333, 3644.93333333]",0.25021214,114,,,0,,False,12,train,1
2663,0.0,735.1993,735.44952,null,-30.0,0.08,"[20.0, 20.0]",-10.0,null,null,null,gabors,null,0.0,4.0,0.8,"[3644.93333333, 3644.93333333]",0.25021214,52,,,0,,False,12,train,0
2664,0.0,735.44952,735.69973,null,-20.0,0.08,"[20.0, 20.0]",30.0,null,null,null,gabors,null,45.0,4.0,0.8,"[3644.93333333, 3644.93333333]",0.25021214,72,,,0,,False,9,train,1
2665,0.0,735.69973,735.94994,null,-20.0,0.08,"[20.0, 20.0]",10.0,null,null,null,gabors,null,45.0,4.0,0.8,"[3644.93333333, 3644.93333333]",0.25020786,158,,,0,,False,10,train,1
2666,0.0,735.94994,736.20014,null,30.0,0.08,"[20.0, 20.0]",0.0,null,null,null,gabors,null,90.0,4.0,0.8,"[3644.93333333, 3644.93333333]",0.25020786,229,,,0,,False,11,test,2
2667,0.0,736.20014,736.45035,null,-30.0,0.08,"[20.0, 20.0]",-10.0,null,null,null,gabors,null,45.0,4.0,0.8,"[3644.93333333, 3644.93333333]",0.25020786,165,,,0,,False,9,train,1
2668,0.0,736.45035,736.70056,null,40.0,0.08,"[20.0, 20.0]",20.0,null,null,null,gabors,null,0.0,4.0,0.8,"[3644.93333333, 3644.93333333]",0.25020786,98,,,0,,False,12,train,0
2669,0.0,736.70056,736.95077,null,0.0,0.08,"[20.0, 20.0]",20.0,null,null,null,gabors,null,0.0,4.0,0.8,"[3644.93333333, 3644.93333333]",0.25020964,216,,,0,,False,9,train,0
2670,0.0,736.95077,737.20098,null,-20.0,0.08,"[20.0, 20.0]",10.0,null,null,null,gabors,null,90.0,4.0,0.8,"[3644.93333333, 3644.93333333]",0.25020964,235,,,0,,False,10,train,2
2671,0.0,737.20098,737.45119,null,20.0,0.08,"[20.0, 20.0]",30.0,null,null,null,gabors,null,45.0,4.0,0.8,"[3644.93333333, 3644.93333333]",0.25020964,184,,,0,,False,10,train,1
2672,0.0,737.45119,737.7014,null,10.0,0.08,"[20.0, 20.0]",-10.0,null,null,null,gabors,null,90.0,4.0,0.8,"[3644.93333333, 3644.93333333]",0.25020964,81,,,0,,False,11,test,2
2673,0.0,737.7014,737.9516,null,0.0,0.08,"[20.0, 20.0]",40.0,null,null,null,gabors,null,0.0,4.0,0.8,"[3644.93333333, 3644.93333333]",0.25020536,215,,,0,,False,9,train,0
2674,0.0,737.9516,738.20181,null,-30.0,0.08,"[20.0, 20.0]",-10.0,null,null,null,gabors,null,90.0,4.0,0.8,"[3644.93333333, 3644.93333333]",0.25020536,209,,,0,,False,12,train,2
2675,0.0,738.20181,738.45202,null,-20.0,0.08,"[20.0, 20.0]",40.0,null,null,null,gabors,null,45.0,4.0,0.8,"[3644.93333333, 3644.93333333]",0.25020536,179,,,0,,False,10,train,1
2676,0.0,738.45202,738.70222,null,0.0,0.08,"[20.0, 20.0]",40.0,null,null,null,gabors,null,0.0,4.0,0.8,"[3644.93333333, 3644.93333333]",0.25020536,215,,,0,,False,10,train,0
2677,0.0,738.70222,738.95244,null,-40.0,0.08,"[20.0, 20.0]",20.0,null,null,null,gabors,null,45.0,4.0,0.8,"[3644.93333333, 3644.93333333]",0.25021464,240,,,0,,False,8,test,1
2678,0.0,738.95244,739.20265,null,-30.0,0.08,"[20.0, 20.0]",-30.0,null,null,null,gabors,null,90.0,4.0,0.8,"[3644.93333333, 3644.93333333]",0.25021464,80,,,0,,False,10,train,2
2679,0.0,739.20265,739.45286,null,20.0,0.08,"[20.0, 20.0]",-10.0,null,null,null,gabors,null,0.0,4.0,0.8,"[3644.93333333, 3644.93333333]",0.25021464,48,,,0,,False,11,test,0
2680,0.0,739.45286,739.70308,null,-40.0,0.08,"[20.0, 20.0]",10.0,null,null,null,gabors,null,45.0,4.0,0.8,"[3644.93333333, 3644.93333333]",0.25021464,17,,,0,,False,11,test,1
2681,0.0,739.70308,739.95329,null,-40.0,0.08,"[20.0, 20.0]",0.0,null,null,null,gabors,null,90.0,4.0,0.8,"[3644.93333333, 3644.93333333]",0.25020786,4,,,0,,False,10,train,2
2682,0.0,739.95329,740.20349,null,0.0,0.08,"[20.0, 20.0]",-40.0,null,null,null,gabors,null,90.0,4.0,0.8,"[3644.93333333, 3644.93333333]",0.25020786,207,,,0,,False,7,train,2
2683,0.0,740.20349,740.4537,null,-20.0,0.08,"[20.0, 20.0]",20.0,null,null,null,gabors,null,45.0,4.0,0.8,"[3644.93333333, 3644.93333333]",0.25020786,192,,,0,,False,9,train,1
2684,0.0,740.4537,740.70391,null,-10.0,0.08,"[20.0, 20.0]",-20.0,null,null,null,gabors,null,90.0,4.0,0.8,"[3644.93333333, 3644.93333333]",0.25020786,16,,,0,,False,12,train,2
2685,0.0,740.70391,740.95412,null,0.0,0.08,"[20.0, 20.0]",-40.0,null,null,null,gabors,null,45.0,4.0,0.8,"[3644.93333333, 3644.93333333]",0.25020464,191,,,0,,False,11,test,1
2686,0.0,740.95412,741.20432,null,30.0,0.08,"[20.0, 20.0]",0.0,null,null,null,gabors,null,90.0,4.0,0.8,"[3644.93333333, 3644.93333333]",0.25020464,229,,,0,,False,12,train,2
2687,0.0,741.20432,741.45452,null,20.0,0.08,"[20.0, 20.0]",-20.0,null,null,null,gabors,null,0.0,4.0,0.8,"[3644.93333333, 3644.93333333]",0.25020464,101,,,0,,False,11,test,0
2688,0.0,741.45452,741.70473,null,-20.0,0.08,"[20.0, 20.0]",0.0,null,null,null,gabors,null,0.0,4.0,0.8,"[3644.93333333, 3644.93333333]",0.25020464,174,,,0,,False,12,train,0
2689,0.0,741.70473,741.95494,null,40.0,0.08,"[20.0, 20.0]",-10.0,null,null,null,gabors,null,0.0,4.0,0.8,"[3644.93333333, 3644.93333333]",0.25020786,83,,,0,,False,8,test,0
2690,0.0,741.95494,742.20514,null,-40.0,0.08,"[20.0, 20.0]",20.0,null,null,null,gabors,null,0.0,4.0,0.8,"[3644.93333333, 3644.93333333]",0.25020786,139,,,0,,False,9,train,0
2691,0.0,742.20514,742.45535,null,-20.0,0.08,"[20.0, 20.0]",20.0,null,null,null,gabors,null,90.0,4.0,0.8,"[3644.93333333, 3644.93333333]",0.25020786,198,,,0,,False,11,test,2
2692,0.0,742.45535,742.70556,null,-30.0,0.08,"[20.0, 20.0]",30.0,null,null,null,gabors,null,90.0,4.0,0.8,"[3644.93333333, 3644.93333333]",0.25020786,111,,,0,,False,10,train,2
2693,0.0,742.70556,742.95577,null,-10.0,0.08,"[20.0, 20.0]",-30.0,null,null,null,gabors,null,90.0,4.0,0.8,"[3644.93333333, 3644.93333333]",0.25020714,202,,,0,,False,10,train,2
2694,0.0,742.95577,743.20597,null,-20.0,0.08,"[20.0, 20.0]",20.0,null,null,null,gabors,null,90.0,4.0,0.8,"[3644.93333333, 3644.93333333]",0.25020714,198,,,0,,False,12,train,2
2695,0.0,743.20597,743.45618,null,-10.0,0.08,"[20.0, 20.0]",0.0,null,null,null,gabors,null,45.0,4.0,0.8,"[3644.93333333, 3644.93333333]",0.25020714,167,,,0,,False,12,train,1
2696,0.0,743.45618,743.70639,null,10.0,0.08,"[20.0, 20.0]",-10.0,null,null,null,gabors,null,45.0,4.0,0.8,"[3644.93333333, 3644.93333333]",0.25020714,131,,,0,,False,13,train,1
2697,0.0,743.70639,743.9566,null,-30.0,0.08,"[20.0, 20.0]",-40.0,null,null,null,gabors,null,0.0,4.0,0.8,"[3644.93333333, 3644.93333333]",0.25021536,213,,,0,,False,13,train,0
2698,0.0,743.9566,744.20682,null,0.0,0.08,"[20.0, 20.0]",0.0,null,null,null,gabors,null,90.0,4.0,0.8,"[3644.93333333, 3644.93333333]",0.25021536,210,,,0,,False,9,train,2
2699,0.0,744.20682,744.45704,null,-10.0,0.08,"[20.0, 20.0]",10.0,null,null,null,gabors,null,0.0,4.0,0.8,"[3644.93333333, 3644.93333333]",0.25021536,23,,,0,,False,10,train,0
2700,0.0,744.45704,744.70725,null,10.0,0.08,"[20.0, 20.0]",30.0,null,null,null,gabors,null,0.0,4.0,0.8,"[3644.93333333, 3644.93333333]",0.25021536,226,,,0,,False,9,train,0
2701,0.0,744.70725,744.95746,null,-40.0,0.08,"[20.0, 20.0]",-10.0,null,null,null,gabors,null,90.0,4.0,0.8,"[3644.93333333, 3644.93333333]",0.25020714,33,,,0,,False,12,train,2
2702,0.0,744.95746,745.20766,null,40.0,0.08,"[20.0, 20.0]",10.0,null,null,null,gabors,null,0.0,4.0,0.8,"[3644.93333333, 3644.93333333]",0.25020714,62,,,0,,False,9,train,0
2703,0.0,745.20766,745.45787,null,40.0,0.08,"[20.0, 20.0]",-40.0,null,null,null,gabors,null,90.0,4.0,0.8,"[3644.93333333, 3644.93333333]",0.25020714,180,,,0,,False,9,train,2
2704,0.0,745.45787,745.70808,null,-30.0,0.08,"[20.0, 20.0]",20.0,null,null,null,gabors,null,0.0,4.0,0.8,"[3644.93333333, 3644.93333333]",0.25020714,153,,,0,,False,11,test,0
2705,0.0,745.70808,745.95829,null,-20.0,0.08,"[20.0, 20.0]",30.0,null,null,null,gabors,null,0.0,4.0,0.8,"[3644.93333333, 3644.93333333]",0.25021286,219,,,0,,False,8,test,0
2706,0.0,745.95829,746.2085,null,-40.0,0.08,"[20.0, 20.0]",20.0,null,null,null,gabors,null,0.0,4.0,0.8,"[3644.93333333, 3644.93333333]",0.25021286,139,,,0,,False,10,train,0
2707,0.0,746.2085,746.45872,null,10.0,0.08,"[20.0, 20.0]",-30.0,null,null,null,gabors,null,0.0,4.0,0.8,"[3644.93333333, 3644.93333333]",0.25021286,220,,,0,,False,10,train,0
2708,0.0,746.45872,746.70893,null,40.0,0.08,"[20.0, 20.0]",-20.0,null,null,null,gabors,null,45.0,4.0,0.8,"[3644.93333333, 3644.93333333]",0.25021286,78,,,0,,False,7,train,1
2709,0.0,746.70893,746.95914,null,10.0,0.08,"[20.0, 20.0]",-40.0,null,null,null,gabors,null,0.0,4.0,0.8,"[3644.93333333, 3644.93333333]",0.25020464,19,,,0,,False,9,train,0
2710,0.0,746.95914,747.20934,null,0.0,0.08,"[20.0, 20.0]",10.0,null,null,null,gabors,null,45.0,4.0,0.8,"[3644.93333333, 3644.93333333]",0.25020464,188,,,0,,False,9,train,1
2711,0.0,747.20934,747.45954,null,-20.0,0.08,"[20.0, 20.0]",20.0,null,null,null,gabors,null,0.0,4.0,0.8,"[3644.93333333, 3644.93333333]",0.25020464,178,,,0,,False,12,train,0
2712,0.0,747.45954,747.70975,null,30.0,0.08,"[20.0, 20.0]",30.0,null,null,null,gabors,null,45.0,4.0,0.8,"[3644.93333333, 3644.93333333]",0.25020464,208,,,0,,False,7,train,1
2713,0.0,747.70975,747.95996,null,30.0,0.08,"[20.0, 20.0]",30.0,null,null,null,gabors,null,0.0,4.0,0.8,"[3644.93333333, 3644.93333333]",0.25021036,154,,,0,,False,12,train,0
2714,0.0,747.95996,748.21017,null,-40.0,0.08,"[20.0, 20.0]",-20.0,null,null,null,gabors,null,45.0,4.0,0.8,"[3644.93333333, 3644.93333333]",0.25021036,239,,,0,,False,8,test,1
2715,0.0,748.21017,748.46038,null,-30.0,0.08,"[20.0, 20.0]",30.0,null,null,null,gabors,null,0.0,4.0,0.8,"[3644.93333333, 3644.93333333]",0.25021036,66,,,0,,False,12,train,0
2716,0.0,748.46038,748.71059,null,30.0,0.08,"[20.0, 20.0]",-20.0,null,null,null,gabors,null,0.0,4.0,0.8,"[3644.93333333, 3644.93333333]",0.25021036,230,,,0,,False,8,test,0
2717,0.0,748.71059,748.9608,null,20.0,0.08,"[20.0, 20.0]",20.0,null,null,null,gabors,null,0.0,4.0,0.8,"[3644.93333333, 3644.93333333]",0.25020964,121,,,0,,False,9,train,0
2718,0.0,748.9608,749.21101,null,40.0,0.08,"[20.0, 20.0]",-10.0,null,null,null,gabors,null,45.0,4.0,0.8,"[3644.93333333, 3644.93333333]",0.25020964,67,,,0,,False,12,train,1
2719,0.0,749.21101,749.46122,null,0.0,0.08,"[20.0, 20.0]",10.0,null,null,null,gabors,null,0.0,4.0,0.8,"[3644.93333333, 3644.93333333]",0.25020964,90,,,0,,False,9,train,0
2720,0.0,749.46122,749.71143,null,-10.0,0.08,"[20.0, 20.0]",-40.0,null,null,null,gabors,null,90.0,4.0,0.8,"[3644.93333333, 3644.93333333]",0.25020964,91,,,0,,False,9,train,2
2721,0.0,749.71143,749.96164,null,-30.0,0.08,"[20.0, 20.0]",-10.0,null,null,null,gabors,null,45.0,4.0,0.8,"[3644.93333333, 3644.93333333]",0.25021036,165,,,0,,False,10,train,1
2722,0.0,749.96164,750.21185,null,20.0,0.08,"[20.0, 20.0]",-30.0,null,null,null,gabors,null,90.0,4.0,0.8,"[3644.93333333, 3644.93333333]",0.25021036,28,,,0,,False,12,train,2
2723,0.0,750.21185,750.46206,null,-20.0,0.08,"[20.0, 20.0]",-20.0,null,null,null,gabors,null,0.0,4.0,0.8,"[3644.93333333, 3644.93333333]",0.25021036,205,,,0,,False,10,train,0
2724,0.0,750.46206,750.71227,null,20.0,0.08,"[20.0, 20.0]",40.0,null,null,null,gabors,null,0.0,4.0,0.8,"[3644.93333333, 3644.93333333]",0.25021036,30,,,0,,False,9,train,0
2725,0.0,750.71227,750.96248,null,-10.0,0.08,"[20.0, 20.0]",30.0,null,null,null,gabors,null,0.0,4.0,0.8,"[3644.93333333, 3644.93333333]",0.25021214,27,,,0,,False,9,train,0
2726,0.0,750.96248,751.21269,null,-30.0,0.08,"[20.0, 20.0]",-30.0,null,null,null,gabors,null,90.0,4.0,0.8,"[3644.93333333, 3644.93333333]",0.25021214,80,,,0,,False,11,test,2
2727,0.0,751.21269,751.46291,null,-30.0,0.08,"[20.0, 20.0]",40.0,null,null,null,gabors,null,90.0,4.0,0.8,"[3644.93333333, 3644.93333333]",0.25021214,148,,,0,,False,8,test,2
2728,0.0,751.46291,751.71312,null,-10.0,0.08,"[20.0, 20.0]",20.0,null,null,null,gabors,null,45.0,4.0,0.8,"[3644.93333333, 3644.93333333]",0.25021214,93,,,0,,False,11,test,1
2729,0.0,751.71312,751.96332,null,30.0,0.08,"[20.0, 20.0]",-30.0,null,null,null,gabors,null,90.0,4.0,0.8,"[3644.93333333, 3644.93333333]",0.25020536,92,,,0,,False,9,train,2
2730,0.0,751.96332,752.21353,null,30.0,0.08,"[20.0, 20.0]",30.0,null,null,null,gabors,null,45.0,4.0,0.8,"[3644.93333333, 3644.93333333]",0.25020536,208,,,0,,False,8,test,1
2731,0.0,752.21353,752.46374,null,30.0,0.08,"[20.0, 20.0]",20.0,null,null,null,gabors,null,45.0,4.0,0.8,"[3644.93333333, 3644.93333333]",0.25020536,73,,,0,,False,11,test,1
2732,0.0,752.46374,752.71394,null,20.0,0.08,"[20.0, 20.0]",-20.0,null,null,null,gabors,null,0.0,4.0,0.8,"[3644.93333333, 3644.93333333]",0.25020536,101,,,0,,False,12,train,0
2733,0.0,752.71394,752.96414,null,0.0,0.08,"[20.0, 20.0]",40.0,null,null,null,gabors,null,45.0,4.0,0.8,"[3644.93333333, 3644.93333333]",0.25019964,156,,,0,,False,9,train,1
2734,0.0,752.96414,753.21434,null,-30.0,0.08,"[20.0, 20.0]",-10.0,null,null,null,gabors,null,45.0,4.0,0.8,"[3644.93333333, 3644.93333333]",0.25019964,165,,,0,,False,11,test,1
2735,0.0,753.21434,753.46454,null,0.0,0.08,"[20.0, 20.0]",20.0,null,null,null,gabors,null,90.0,4.0,0.8,"[3644.93333333, 3644.93333333]",0.25019964,233,,,0,,False,10,train,2
2736,0.0,753.46454,753.71474,null,-20.0,0.08,"[20.0, 20.0]",-20.0,null,null,null,gabors,null,45.0,4.0,0.8,"[3644.93333333, 3644.93333333]",0.25019964,32,,,0,,False,9,train,1
2737,0.0,753.71474,753.96496,null,-10.0,0.08,"[20.0, 20.0]",20.0,null,null,null,gabors,null,45.0,4.0,0.8,"[3644.93333333, 3644.93333333]",0.25021786,93,,,0,,False,12,train,1
2738,0.0,753.96496,754.21517,null,-40.0,0.08,"[20.0, 20.0]",30.0,null,null,null,gabors,null,45.0,4.0,0.8,"[3644.93333333, 3644.93333333]",0.25021786,61,,,0,,False,13,train,1
2739,0.0,754.21517,754.46539,null,-40.0,0.08,"[20.0, 20.0]",-30.0,null,null,null,gabors,null,45.0,4.0,0.8,"[3644.93333333, 3644.93333333]",0.25021786,107,,,0,,False,11,test,1
2740,0.0,754.46539,754.71561,null,20.0,0.08,"[20.0, 20.0]",40.0,null,null,null,gabors,null,0.0,4.0,0.8,"[3644.93333333, 3644.93333333]",0.25021786,30,,,0,,False,10,train,0
2741,0.0,754.71561,754.96582,null,0.0,0.08,"[20.0, 20.0]",20.0,null,null,null,gabors,null,90.0,4.0,0.8,"[3644.93333333, 3644.93333333]",0.25021214,233,,,0,,False,11,test,2
2742,0.0,754.96582,755.21603,null,-10.0,0.08,"[20.0, 20.0]",-10.0,null,null,null,gabors,null,90.0,4.0,0.8,"[3644.93333333, 3644.93333333]",0.25021214,182,,,0,,False,11,test,2
2743,0.0,755.21603,755.46625,null,10.0,0.08,"[20.0, 20.0]",-40.0,null,null,null,gabors,null,0.0,4.0,0.8,"[3644.93333333, 3644.93333333]",0.25021214,19,,,0,,False,10,train,0
2744,0.0,755.46625,755.71646,null,40.0,0.08,"[20.0, 20.0]",-10.0,null,null,null,gabors,null,0.0,4.0,0.8,"[3644.93333333, 3644.93333333]",0.25021214,83,,,0,,False,9,train,0
2745,0.0,755.71646,755.96667,null,-10.0,0.08,"[20.0, 20.0]",10.0,null,null,null,gabors,null,90.0,4.0,0.8,"[3644.93333333, 3644.93333333]",0.25020786,10,,,0,,False,10,train,2
2746,0.0,755.96667,756.21687,null,30.0,0.08,"[20.0, 20.0]",-30.0,null,null,null,gabors,null,90.0,4.0,0.8,"[3644.93333333, 3644.93333333]",0.25020786,92,,,0,,False,10,train,2
2747,0.0,756.21687,756.46708,null,30.0,0.08,"[20.0, 20.0]",-30.0,null,null,null,gabors,null,90.0,4.0,0.8,"[3644.93333333, 3644.93333333]",0.25020786,92,,,0,,False,11,test,2
2748,0.0,756.46708,756.71729,null,-40.0,0.08,"[20.0, 20.0]",-20.0,null,null,null,gabors,null,0.0,4.0,0.8,"[3644.93333333, 3644.93333333]",0.25020786,199,,,0,,False,11,test,0
2749,0.0,756.71729,756.9675,null,30.0,0.08,"[20.0, 20.0]",20.0,null,null,null,gabors,null,90.0,4.0,0.8,"[3644.93333333, 3644.93333333]",0.25020964,76,,,0,,False,10,train,2
2750,0.0,756.9675,757.21771,null,0.0,0.08,"[20.0, 20.0]",20.0,null,null,null,gabors,null,0.0,4.0,0.8,"[3644.93333333, 3644.93333333]",0.25020964,216,,,0,,False,10,train,0
2751,0.0,757.21771,757.46792,null,-40.0,0.08,"[20.0, 20.0]",-20.0,null,null,null,gabors,null,45.0,4.0,0.8,"[3644.93333333, 3644.93333333]",0.25020964,239,,,0,,False,9,train,1
2752,0.0,757.46792,757.71813,null,10.0,0.08,"[20.0, 20.0]",0.0,null,null,null,gabors,null,90.0,4.0,0.8,"[3644.93333333, 3644.93333333]",0.25020964,15,,,0,,False,12,train,2
2753,0.0,757.71813,757.96834,null,0.0,0.08,"[20.0, 20.0]",10.0,null,null,null,gabors,null,45.0,4.0,0.8,"[3644.93333333, 3644.93333333]",0.25020786,188,,,0,,False,10,train,1
2754,0.0,757.96834,758.21854,null,-10.0,0.08,"[20.0, 20.0]",-20.0,null,null,null,gabors,null,0.0,4.0,0.8,"[3644.93333333, 3644.93333333]",0.25020786,96,,,0,,False,9,train,0
2755,0.0,758.21854,758.46875,null,30.0,0.08,"[20.0, 20.0]",10.0,null,null,null,gabors,null,45.0,4.0,0.8,"[3644.93333333, 3644.93333333]",0.25020786,20,,,0,,False,12,train,1
2756,0.0,758.46875,758.71896,null,-30.0,0.08,"[20.0, 20.0]",10.0,null,null,null,gabors,null,45.0,4.0,0.8,"[3644.93333333, 3644.93333333]",0.25020786,108,,,0,,False,12,train,1
2757,0.0,758.71896,758.96917,null,40.0,0.08,"[20.0, 20.0]",-40.0,null,null,null,gabors,null,90.0,4.0,0.8,"[3644.93333333, 3644.93333333]",0.25021214,180,,,0,,False,10,train,2
2758,0.0,758.96917,759.21938,null,-20.0,0.08,"[20.0, 20.0]",-10.0,null,null,null,gabors,null,0.0,4.0,0.8,"[3644.93333333, 3644.93333333]",0.25021214,241,,,0,,False,9,train,0
2759,0.0,759.21938,759.4696,null,40.0,0.08,"[20.0, 20.0]",0.0,null,null,null,gabors,null,45.0,4.0,0.8,"[3644.93333333, 3644.93333333]",0.25021214,71,,,0,,False,14,test,1
2760,0.0,759.4696,759.71981,null,-10.0,0.08,"[20.0, 20.0]",10.0,null,null,null,gabors,null,0.0,4.0,0.8,"[3644.93333333, 3644.93333333]",0.25021214,23,,,0,,False,11,test,0
2761,0.0,759.71981,759.97001,null,-30.0,0.08,"[20.0, 20.0]",30.0,null,null,null,gabors,null,0.0,4.0,0.8,"[3644.93333333, 3644.93333333]",0.25020536,66,,,0,,False,13,train,0
2762,0.0,759.97001,760.22022,null,20.0,0.08,"[20.0, 20.0]",-20.0,null,null,null,gabors,null,45.0,4.0,0.8,"[3644.93333333, 3644.93333333]",0.25020536,36,,,0,,False,10,train,1
2763,0.0,760.22022,760.47043,null,-20.0,0.08,"[20.0, 20.0]",-20.0,null,null,null,gabors,null,0.0,4.0,0.8,"[3644.93333333, 3644.93333333]",0.25020536,205,,,0,,False,11,test,0
2764,0.0,760.47043,760.72063,null,20.0,0.08,"[20.0, 20.0]",20.0,null,null,null,gabors,null,0.0,4.0,0.8,"[3644.93333333, 3644.93333333]",0.25020536,121,,,0,,False,10,train,0
2765,0.0,760.72063,760.97085,null,20.0,0.08,"[20.0, 20.0]",-40.0,null,null,null,gabors,null,0.0,4.0,0.8,"[3644.93333333, 3644.93333333]",0.25022214,194,,,0,,False,11,test,0
2766,0.0,760.97085,761.22107,null,-40.0,0.08,"[20.0, 20.0]",-20.0,null,null,null,gabors,null,45.0,4.0,0.8,"[3644.93333333, 3644.93333333]",0.25022214,239,,,0,,False,10,train,1
2767,0.0,761.22107,761.4713,null,30.0,0.08,"[20.0, 20.0]",-20.0,null,null,null,gabors,null,90.0,4.0,0.8,"[3644.93333333, 3644.93333333]",0.25022214,177,,,0,,False,12,train,2
2768,0.0,761.4713,761.72152,null,10.0,0.08,"[20.0, 20.0]",-20.0,null,null,null,gabors,null,0.0,4.0,0.8,"[3644.93333333, 3644.93333333]",0.25022214,116,,,0,,False,6,train,0
2769,0.0,761.72152,761.97172,null,40.0,0.08,"[20.0, 20.0]",30.0,null,null,null,gabors,null,45.0,4.0,0.8,"[3644.93333333, 3644.93333333]",0.25019786,163,,,0,,False,11,test,1
2770,0.0,761.97172,762.22191,null,30.0,0.08,"[20.0, 20.0]",-20.0,null,null,null,gabors,null,0.0,4.0,0.8,"[3644.93333333, 3644.93333333]",0.25019786,230,,,0,,False,9,train,0
2771,0.0,762.22191,762.47211,null,-30.0,0.08,"[20.0, 20.0]",0.0,null,null,null,gabors,null,90.0,4.0,0.8,"[3644.93333333, 3644.93333333]",0.25019786,84,,,0,,False,11,test,2
2772,0.0,762.47211,762.72231,null,0.0,0.08,"[20.0, 20.0]",20.0,null,null,null,gabors,null,0.0,4.0,0.8,"[3644.93333333, 3644.93333333]",0.25019786,216,,,0,,False,11,test,0
2773,0.0,762.72231,762.97252,null,10.0,0.08,"[20.0, 20.0]",40.0,null,null,null,gabors,null,0.0,4.0,0.8,"[3644.93333333, 3644.93333333]",0.25021214,56,,,0,,False,11,test,0
2774,0.0,762.97252,763.22273,null,10.0,0.08,"[20.0, 20.0]",-20.0,null,null,null,gabors,null,0.0,4.0,0.8,"[3644.93333333, 3644.93333333]",0.25021214,116,,,0,,False,7,train,0
2775,0.0,763.22273,763.47295,null,30.0,0.08,"[20.0, 20.0]",-40.0,null,null,null,gabors,null,45.0,4.0,0.8,"[3644.93333333, 3644.93333333]",0.25021214,75,,,0,,False,8,test,1
2776,0.0,763.47295,763.72316,null,10.0,0.08,"[20.0, 20.0]",-20.0,null,null,null,gabors,null,90.0,4.0,0.8,"[3644.93333333, 3644.93333333]",0.25021214,57,,,0,,False,7,train,2
2777,0.0,763.72316,763.97336,null,0.0,0.08,"[20.0, 20.0]",-20.0,null,null,null,gabors,null,0.0,4.0,0.8,"[3644.93333333, 3644.93333333]",0.25020536,228,,,0,,False,11,test,0
2778,0.0,763.97336,764.22357,null,0.0,0.08,"[20.0, 20.0]",-40.0,null,null,null,gabors,null,0.0,4.0,0.8,"[3644.93333333, 3644.93333333]",0.25020536,11,,,0,,False,10,train,0
2779,0.0,764.22357,764.47378,null,30.0,0.08,"[20.0, 20.0]",20.0,null,null,null,gabors,null,0.0,4.0,0.8,"[3644.93333333, 3644.93333333]",0.25020536,164,,,0,,False,13,train,0
2780,0.0,764.47378,764.72398,null,30.0,0.08,"[20.0, 20.0]",10.0,null,null,null,gabors,null,90.0,4.0,0.8,"[3644.93333333, 3644.93333333]",0.25020536,171,,,0,,False,8,test,2
2781,0.0,764.72398,764.97419,null,-30.0,0.08,"[20.0, 20.0]",-40.0,null,null,null,gabors,null,45.0,4.0,0.8,"[3644.93333333, 3644.93333333]",0.25020464,47,,,0,,False,12,train,1
2782,0.0,764.97419,765.22439,null,40.0,0.08,"[20.0, 20.0]",30.0,null,null,null,gabors,null,45.0,4.0,0.8,"[3644.93333333, 3644.93333333]",0.25020464,163,,,0,,False,12,train,1
2783,0.0,765.22439,765.47459,null,10.0,0.08,"[20.0, 20.0]",40.0,null,null,null,gabors,null,90.0,4.0,0.8,"[3644.93333333, 3644.93333333]",0.25020464,39,,,0,,False,9,train,2
2784,0.0,765.47459,765.7248,null,-30.0,0.08,"[20.0, 20.0]",0.0,null,null,null,gabors,null,90.0,4.0,0.8,"[3644.93333333, 3644.93333333]",0.25020464,84,,,0,,False,12,train,2
2785,0.0,765.7248,765.97501,null,10.0,0.08,"[20.0, 20.0]",40.0,null,null,null,gabors,null,90.0,4.0,0.8,"[3644.93333333, 3644.93333333]",0.25021536,39,,,0,,False,10,train,2
2786,0.0,765.97501,766.22523,null,20.0,0.08,"[20.0, 20.0]",-10.0,null,null,null,gabors,null,45.0,4.0,0.8,"[3644.93333333, 3644.93333333]",0.25021536,242,,,0,,False,11,test,1
2787,0.0,766.22523,766.47545,null,10.0,0.08,"[20.0, 20.0]",-30.0,null,null,null,gabors,null,45.0,4.0,0.8,"[3644.93333333, 3644.93333333]",0.25021536,152,,,0,,False,10,train,1
2788,0.0,766.47545,766.72566,null,30.0,0.08,"[20.0, 20.0]",-20.0,null,null,null,gabors,null,45.0,4.0,0.8,"[3644.93333333, 3644.93333333]",0.25021536,49,,,0,,False,11,test,1
2789,0.0,766.72566,766.97588,null,-20.0,0.08,"[20.0, 20.0]",20.0,null,null,null,gabors,null,90.0,4.0,0.8,"[3644.93333333, 3644.93333333]",0.25021464,198,,,0,,False,13,train,2
2790,0.0,766.97588,767.22609,null,30.0,0.08,"[20.0, 20.0]",-20.0,null,null,null,gabors,null,45.0,4.0,0.8,"[3644.93333333, 3644.93333333]",0.25021464,49,,,0,,False,12,train,1
2791,0.0,767.22609,767.4763,null,-40.0,0.08,"[20.0, 20.0]",40.0,null,null,null,gabors,null,90.0,4.0,0.8,"[3644.93333333, 3644.93333333]",0.25021464,123,,,0,,False,11,test,2
2792,0.0,767.4763,767.72652,null,10.0,0.08,"[20.0, 20.0]",-20.0,null,null,null,gabors,null,0.0,4.0,0.8,"[3644.93333333, 3644.93333333]",0.25021464,116,,,0,,False,8,test,0
2793,0.0,767.72652,767.97672,null,40.0,0.08,"[20.0, 20.0]",10.0,null,null,null,gabors,null,90.0,4.0,0.8,"[3644.93333333, 3644.93333333]",0.25020286,8,,,0,,False,12,train,2
2794,0.0,767.97672,768.22692,null,-10.0,0.08,"[20.0, 20.0]",-30.0,null,null,null,gabors,null,45.0,4.0,0.8,"[3644.93333333, 3644.93333333]",0.25020286,151,,,0,,False,14,test,1
2795,0.0,768.22692,768.47713,null,-10.0,0.08,"[20.0, 20.0]",-30.0,null,null,null,gabors,null,90.0,4.0,0.8,"[3644.93333333, 3644.93333333]",0.25020286,202,,,0,,False,11,test,2
2796,0.0,768.47713,768.72733,null,0.0,0.08,"[20.0, 20.0]",0.0,null,null,null,gabors,null,90.0,4.0,0.8,"[3644.93333333, 3644.93333333]",0.25020286,210,,,0,,False,10,train,2
2797,0.0,768.72733,768.97755,null,30.0,0.08,"[20.0, 20.0]",-20.0,null,null,null,gabors,null,45.0,4.0,0.8,"[3644.93333333, 3644.93333333]",0.25021714,49,,,0,,False,13,train,1
2798,0.0,768.97755,769.22776,null,-40.0,0.08,"[20.0, 20.0]",10.0,null,null,null,gabors,null,45.0,4.0,0.8,"[3644.93333333, 3644.93333333]",0.25021714,17,,,0,,False,12,train,1
2799,0.0,769.22776,769.47798,null,10.0,0.08,"[20.0, 20.0]",-40.0,null,null,null,gabors,null,45.0,4.0,0.8,"[3644.93333333, 3644.93333333]",0.25021714,35,,,0,,False,13,train,1
2800,0.0,769.47798,769.7282,null,40.0,0.08,"[20.0, 20.0]",-30.0,null,null,null,gabors,null,90.0,4.0,0.8,"[3644.93333333, 3644.93333333]",0.25021714,234,,,0,,False,8,test,2
2801,0.0,769.7282,769.9784,null,-30.0,0.08,"[20.0, 20.0]",-20.0,null,null,null,gabors,null,90.0,4.0,0.8,"[3644.93333333, 3644.93333333]",0.25020036,13,,,0,,False,12,train,2
2802,0.0,769.9784,770.2286,null,20.0,0.08,"[20.0, 20.0]",20.0,null,null,null,gabors,null,0.0,4.0,0.8,"[3644.93333333, 3644.93333333]",0.25020036,121,,,0,,False,11,test,0
2803,0.0,770.2286,770.4788,null,-30.0,0.08,"[20.0, 20.0]",10.0,null,null,null,gabors,null,90.0,4.0,0.8,"[3644.93333333, 3644.93333333]",0.25020036,85,,,0,,False,11,test,2
2804,0.0,770.4788,770.729,null,-40.0,0.08,"[20.0, 20.0]",10.0,null,null,null,gabors,null,45.0,4.0,0.8,"[3644.93333333, 3644.93333333]",0.25020036,17,,,0,,False,13,train,1
2805,0.0,770.729,770.97921,null,-40.0,0.08,"[20.0, 20.0]",-30.0,null,null,null,gabors,null,90.0,4.0,0.8,"[3644.93333333, 3644.93333333]",0.25020714,86,,,0,,False,11,test,2
2806,0.0,770.97921,771.22941,null,10.0,0.08,"[20.0, 20.0]",0.0,null,null,null,gabors,null,0.0,4.0,0.8,"[3644.93333333, 3644.93333333]",0.25020714,157,,,0,,False,10,train,0
2807,0.0,771.22941,771.47962,null,-20.0,0.08,"[20.0, 20.0]",10.0,null,null,null,gabors,null,0.0,4.0,0.8,"[3644.93333333, 3644.93333333]",0.25020714,138,,,0,,False,10,train,0
2808,0.0,771.47962,771.72983,null,-10.0,0.08,"[20.0, 20.0]",40.0,null,null,null,gabors,null,90.0,4.0,0.8,"[3644.93333333, 3644.93333333]",0.25020714,222,,,0,,False,13,train,2
2809,0.0,771.72983,771.98004,null,-10.0,0.08,"[20.0, 20.0]",30.0,null,null,null,gabors,null,45.0,4.0,0.8,"[3644.93333333, 3644.93333333]",0.25021036,181,,,0,,False,7,train,1
2810,0.0,771.98004,772.23025,null,40.0,0.08,"[20.0, 20.0]",30.0,null,null,null,gabors,null,0.0,4.0,0.8,"[3644.93333333, 3644.93333333]",0.25021036,126,,,0,,False,8,test,0
2811,0.0,772.23025,772.48046,null,20.0,0.08,"[20.0, 20.0]",30.0,null,null,null,gabors,null,45.0,4.0,0.8,"[3644.93333333, 3644.93333333]",0.25021036,184,,,0,,False,11,test,1
2812,0.0,772.48046,772.73067,null,30.0,0.08,"[20.0, 20.0]",-10.0,null,null,null,gabors,null,0.0,4.0,0.8,"[3644.93333333, 3644.93333333]",0.25021036,88,,,0,,False,12,train,0
2813,0.0,772.73067,772.98088,null,0.0,0.08,"[20.0, 20.0]",0.0,null,null,null,gabors,null,45.0,4.0,0.8,"[3644.93333333, 3644.93333333]",0.25020964,201,,,0,,False,12,train,1
2814,0.0,772.98088,773.23109,null,40.0,0.08,"[20.0, 20.0]",-30.0,null,null,null,gabors,null,90.0,4.0,0.8,"[3644.93333333, 3644.93333333]",0.25020964,234,,,0,,False,9,train,2
2815,0.0,773.23109,773.4813,null,-30.0,0.08,"[20.0, 20.0]",0.0,null,null,null,gabors,null,0.0,4.0,0.8,"[3644.93333333, 3644.93333333]",0.25020964,40,,,0,,False,10,train,0
2816,0.0,773.4813,773.73151,null,-40.0,0.08,"[20.0, 20.0]",0.0,null,null,null,gabors,null,0.0,4.0,0.8,"[3644.93333333, 3644.93333333]",0.25020964,89,,,0,,False,10,train,0
2817,0.0,773.73151,773.98172,null,-40.0,0.08,"[20.0, 20.0]",-10.0,null,null,null,gabors,null,90.0,4.0,0.8,"[3644.93333333, 3644.93333333]",0.25021036,33,,,0,,False,13,train,2
2818,0.0,773.98172,774.23193,null,-30.0,0.08,"[20.0, 20.0]",0.0,null,null,null,gabors,null,45.0,4.0,0.8,"[3644.93333333, 3644.93333333]",0.25021036,99,,,0,,False,10,train,1
2819,0.0,774.23193,774.48214,null,-10.0,0.08,"[20.0, 20.0]",10.0,null,null,null,gabors,null,90.0,4.0,0.8,"[3644.93333333, 3644.93333333]",0.25021036,10,,,0,,False,11,test,2
2820,0.0,774.48214,774.73235,null,-30.0,0.08,"[20.0, 20.0]",40.0,null,null,null,gabors,null,90.0,4.0,0.8,"[3644.93333333, 3644.93333333]",0.25021036,148,,,0,,False,9,train,2
2821,0.0,774.73235,774.98256,null,30.0,0.08,"[20.0, 20.0]",-30.0,null,null,null,gabors,null,0.0,4.0,0.8,"[3644.93333333, 3644.93333333]",0.25020714,9,,,0,,False,9,train,0
2822,0.0,774.98256,775.23276,null,-20.0,0.08,"[20.0, 20.0]",40.0,null,null,null,gabors,null,90.0,4.0,0.8,"[3644.93333333, 3644.93333333]",0.25020714,79,,,0,,False,12,train,2
2823,0.0,775.23276,775.48297,null,-10.0,0.08,"[20.0, 20.0]",10.0,null,null,null,gabors,null,90.0,4.0,0.8,"[3644.93333333, 3644.93333333]",0.25020714,10,,,0,,False,12,train,2
2824,0.0,775.48297,775.73318,null,-30.0,0.08,"[20.0, 20.0]",30.0,null,null,null,gabors,null,90.0,4.0,0.8,"[3644.93333333, 3644.93333333]",0.25020714,111,,,0,,False,11,test,2
2825,0.0,775.73318,775.98339,null,-10.0,0.08,"[20.0, 20.0]",-20.0,null,null,null,gabors,null,90.0,4.0,0.8,"[3644.93333333, 3644.93333333]",0.25021036,16,,,0,,False,13,train,2
2826,0.0,775.98339,776.2336,null,0.0,0.08,"[20.0, 20.0]",-30.0,null,null,null,gabors,null,0.0,4.0,0.8,"[3644.93333333, 3644.93333333]",0.25021036,159,,,0,,False,8,test,0
2827,0.0,776.2336,776.48381,null,40.0,0.08,"[20.0, 20.0]",10.0,null,null,null,gabors,null,0.0,4.0,0.8,"[3644.93333333, 3644.93333333]",0.25021036,62,,,0,,False,10,train,0
2828,0.0,776.48381,776.73402,null,40.0,0.08,"[20.0, 20.0]",-20.0,null,null,null,gabors,null,45.0,4.0,0.8,"[3644.93333333, 3644.93333333]",0.25021036,78,,,0,,False,8,test,1
2829,0.0,776.73402,776.98423,null,30.0,0.08,"[20.0, 20.0]",20.0,null,null,null,gabors,null,90.0,4.0,0.8,"[3644.93333333, 3644.93333333]",0.25020964,76,,,0,,False,11,test,2
2830,0.0,776.98423,777.23444,null,20.0,0.08,"[20.0, 20.0]",30.0,null,null,null,gabors,null,45.0,4.0,0.8,"[3644.93333333, 3644.93333333]",0.25020964,184,,,0,,False,12,train,1
2831,0.0,777.23444,777.48465,null,-40.0,0.08,"[20.0, 20.0]",40.0,null,null,null,gabors,null,90.0,4.0,0.8,"[3644.93333333, 3644.93333333]",0.25020964,123,,,0,,False,12,train,2
2832,0.0,777.48465,777.73486,null,10.0,0.08,"[20.0, 20.0]",20.0,null,null,null,gabors,null,90.0,4.0,0.8,"[3644.93333333, 3644.93333333]",0.25020964,147,,,0,,False,10,train,2
2833,0.0,777.73486,777.98507,null,-20.0,0.08,"[20.0, 20.0]",10.0,null,null,null,gabors,null,90.0,4.0,0.8,"[3644.93333333, 3644.93333333]",0.25021036,235,,,0,,False,11,test,2
2834,0.0,777.98507,778.23528,null,30.0,0.08,"[20.0, 20.0]",40.0,null,null,null,gabors,null,90.0,4.0,0.8,"[3644.93333333, 3644.93333333]",0.25021036,169,,,0,,False,10,train,2
2835,0.0,778.23528,778.48549,null,-20.0,0.08,"[20.0, 20.0]",30.0,null,null,null,gabors,null,0.0,4.0,0.8,"[3644.93333333, 3644.93333333]",0.25021036,219,,,0,,False,9,train,0
2836,0.0,778.48549,778.7357,null,-20.0,0.08,"[20.0, 20.0]",40.0,null,null,null,gabors,null,45.0,4.0,0.8,"[3644.93333333, 3644.93333333]",0.25021036,179,,,0,,False,11,test,1
2837,0.0,778.7357,778.98591,null,30.0,0.08,"[20.0, 20.0]",-40.0,null,null,null,gabors,null,45.0,4.0,0.8,"[3644.93333333, 3644.93333333]",0.25020714,75,,,0,,False,9,train,1
2838,0.0,778.98591,779.23611,null,10.0,0.08,"[20.0, 20.0]",10.0,null,null,null,gabors,null,0.0,4.0,0.8,"[3644.93333333, 3644.93333333]",0.25020714,94,,,0,,False,11,test,0
2839,0.0,779.23611,779.48632,null,30.0,0.08,"[20.0, 20.0]",-40.0,null,null,null,gabors,null,45.0,4.0,0.8,"[3644.93333333, 3644.93333333]",0.25020714,75,,,0,,False,10,train,1
2840,0.0,779.48632,779.73653,null,30.0,0.08,"[20.0, 20.0]",-30.0,null,null,null,gabors,null,90.0,4.0,0.8,"[3644.93333333, 3644.93333333]",0.25020714,92,,,0,,False,12,train,2
2841,0.0,779.73653,779.98674,null,-30.0,0.08,"[20.0, 20.0]",40.0,null,null,null,gabors,null,90.0,4.0,0.8,"[3644.93333333, 3644.93333333]",0.25021036,148,,,0,,False,10,train,2
2842,0.0,779.98674,780.23695,null,40.0,0.08,"[20.0, 20.0]",30.0,null,null,null,gabors,null,90.0,4.0,0.8,"[3644.93333333, 3644.93333333]",0.25021036,104,,,0,,False,11,test,2
2843,0.0,780.23695,780.48716,null,-10.0,0.08,"[20.0, 20.0]",-40.0,null,null,null,gabors,null,90.0,4.0,0.8,"[3644.93333333, 3644.93333333]",0.25021036,91,,,0,,False,10,train,2
2844,0.0,780.48716,780.73737,null,-20.0,0.08,"[20.0, 20.0]",-20.0,null,null,null,gabors,null,90.0,4.0,0.8,"[3644.93333333, 3644.93333333]",0.25021036,140,,,0,,False,11,test,2
2845,0.0,780.73737,780.98758,null,-30.0,0.08,"[20.0, 20.0]",0.0,null,null,null,gabors,null,0.0,4.0,0.8,"[3644.93333333, 3644.93333333]",0.25020964,40,,,0,,False,11,test,0
2846,0.0,780.98758,781.23779,null,-30.0,0.08,"[20.0, 20.0]",10.0,null,null,null,gabors,null,90.0,4.0,0.8,"[3644.93333333, 3644.93333333]",0.25020964,85,,,0,,False,12,train,2
2847,0.0,781.23779,781.488,null,-20.0,0.08,"[20.0, 20.0]",-10.0,null,null,null,gabors,null,45.0,4.0,0.8,"[3644.93333333, 3644.93333333]",0.25020964,29,,,0,,False,12,train,1
2848,0.0,781.488,781.73821,null,-40.0,0.08,"[20.0, 20.0]",10.0,null,null,null,gabors,null,45.0,4.0,0.8,"[3644.93333333, 3644.93333333]",0.25020964,17,,,0,,False,14,test,1
2849,0.0,781.73821,781.98842,null,-30.0,0.08,"[20.0, 20.0]",-30.0,null,null,null,gabors,null,90.0,4.0,0.8,"[3644.93333333, 3644.93333333]",0.25021036,80,,,0,,False,12,train,2
2850,0.0,781.98842,782.23863,null,30.0,0.08,"[20.0, 20.0]",-40.0,null,null,null,gabors,null,45.0,4.0,0.8,"[3644.93333333, 3644.93333333]",0.25021036,75,,,0,,False,11,test,1
2851,0.0,782.23863,782.48884,null,0.0,0.08,"[20.0, 20.0]",-30.0,null,null,null,gabors,null,45.0,4.0,0.8,"[3644.93333333, 3644.93333333]",0.25021036,160,,,0,,False,11,test,1
2852,0.0,782.48884,782.73905,null,0.0,0.08,"[20.0, 20.0]",-30.0,null,null,null,gabors,null,90.0,4.0,0.8,"[3644.93333333, 3644.93333333]",0.25021036,113,,,0,,False,12,train,2
2853,0.0,782.73905,782.98926,null,-30.0,0.08,"[20.0, 20.0]",20.0,null,null,null,gabors,null,90.0,4.0,0.8,"[3644.93333333, 3644.93333333]",0.25021214,128,,,0,,False,12,train,2
2854,0.0,782.98926,783.23947,null,10.0,0.08,"[20.0, 20.0]",10.0,null,null,null,gabors,null,90.0,4.0,0.8,"[3644.93333333, 3644.93333333]",0.25021214,214,,,0,,False,12,train,2
2855,0.0,783.23947,783.48969,null,40.0,0.08,"[20.0, 20.0]",-40.0,null,null,null,gabors,null,90.0,4.0,0.8,"[3644.93333333, 3644.93333333]",0.25021214,180,,,0,,False,11,test,2
2856,0.0,783.48969,783.7399,null,20.0,0.08,"[20.0, 20.0]",10.0,null,null,null,gabors,null,0.0,4.0,0.8,"[3644.93333333, 3644.93333333]",0.25021214,21,,,0,,False,10,train,0
2857,0.0,783.7399,783.9901,null,20.0,0.08,"[20.0, 20.0]",-10.0,null,null,null,gabors,null,0.0,4.0,0.8,"[3644.93333333, 3644.93333333]",0.25020536,48,,,0,,False,12,train,0
2858,0.0,783.9901,784.24031,null,-20.0,0.08,"[20.0, 20.0]",-20.0,null,null,null,gabors,null,0.0,4.0,0.8,"[3644.93333333, 3644.93333333]",0.25020536,205,,,0,,False,12,train,0
2859,0.0,784.24031,784.49052,null,-40.0,0.08,"[20.0, 20.0]",40.0,null,null,null,gabors,null,0.0,4.0,0.8,"[3644.93333333, 3644.93333333]",0.25020536,231,,,0,,False,12,train,0
2860,0.0,784.49052,784.74072,null,-10.0,0.08,"[20.0, 20.0]",0.0,null,null,null,gabors,null,45.0,4.0,0.8,"[3644.93333333, 3644.93333333]",0.25020536,167,,,0,,False,13,train,1
2861,0.0,784.74072,784.99093,null,30.0,0.08,"[20.0, 20.0]",-10.0,null,null,null,gabors,null,0.0,4.0,0.8,"[3644.93333333, 3644.93333333]",0.25020964,88,,,0,,False,13,train,0
2862,0.0,784.99093,785.24114,null,30.0,0.08,"[20.0, 20.0]",-40.0,null,null,null,gabors,null,45.0,4.0,0.8,"[3644.93333333, 3644.93333333]",0.25020964,75,,,0,,False,12,train,1
2863,0.0,785.24114,785.49135,null,-40.0,0.08,"[20.0, 20.0]",-30.0,null,null,null,gabors,null,45.0,4.0,0.8,"[3644.93333333, 3644.93333333]",0.25020964,107,,,0,,False,12,train,1
2864,0.0,785.49135,785.74156,null,-20.0,0.08,"[20.0, 20.0]",-20.0,null,null,null,gabors,null,45.0,4.0,0.8,"[3644.93333333, 3644.93333333]",0.25020964,32,,,0,,False,10,train,1
2865,0.0,785.74156,785.99177,null,20.0,0.08,"[20.0, 20.0]",-20.0,null,null,null,gabors,null,90.0,4.0,0.8,"[3644.93333333, 3644.93333333]",0.25020786,26,,,0,,False,11,test,2
2866,0.0,785.99177,786.24197,null,30.0,0.08,"[20.0, 20.0]",-40.0,null,null,null,gabors,null,0.0,4.0,0.8,"[3644.93333333, 3644.93333333]",0.25020786,37,,,0,,False,11,test,0
2867,0.0,786.24197,786.49218,null,-40.0,0.08,"[20.0, 20.0]",20.0,null,null,null,gabors,null,45.0,4.0,0.8,"[3644.93333333, 3644.93333333]",0.25020786,240,,,0,,False,9,train,1
2868,0.0,786.49218,786.74239,null,-40.0,0.08,"[20.0, 20.0]",20.0,null,null,null,gabors,null,0.0,4.0,0.8,"[3644.93333333, 3644.93333333]",0.25020786,139,,,0,,False,11,test,0
2869,0.0,786.74239,786.99261,null,40.0,0.08,"[20.0, 20.0]",0.0,null,null,null,gabors,null,90.0,4.0,0.8,"[3644.93333333, 3644.93333333]",0.25021714,211,,,0,,False,10,train,2
2870,0.0,786.99261,787.24282,null,-30.0,0.08,"[20.0, 20.0]",40.0,null,null,null,gabors,null,90.0,4.0,0.8,"[3644.93333333, 3644.93333333]",0.25021714,148,,,0,,False,11,test,2
2871,0.0,787.24282,787.49304,null,20.0,0.08,"[20.0, 20.0]",0.0,null,null,null,gabors,null,45.0,4.0,0.8,"[3644.93333333, 3644.93333333]",0.25021714,203,,,0,,False,13,train,1
2872,0.0,787.49304,787.74326,null,10.0,0.08,"[20.0, 20.0]",30.0,null,null,null,gabors,null,45.0,4.0,0.8,"[3644.93333333, 3644.93333333]",0.25021714,12,,,0,,False,11,test,1
2873,0.0,787.74326,787.99346,null,20.0,0.08,"[20.0, 20.0]",0.0,null,null,null,gabors,null,90.0,4.0,0.8,"[3644.93333333, 3644.93333333]",0.25020036,146,,,0,,False,13,train,2
2874,0.0,787.99346,788.24366,null,30.0,0.08,"[20.0, 20.0]",20.0,null,null,null,gabors,null,90.0,4.0,0.8,"[3644.93333333, 3644.93333333]",0.25020036,76,,,0,,False,12,train,2
2875,0.0,788.24366,788.49386,null,-40.0,0.08,"[20.0, 20.0]",-10.0,null,null,null,gabors,null,45.0,4.0,0.8,"[3644.93333333, 3644.93333333]",0.25020036,74,,,0,,False,11,test,1
2876,0.0,788.49386,788.74406,null,-30.0,0.08,"[20.0, 20.0]",0.0,null,null,null,gabors,null,45.0,4.0,0.8,"[3644.93333333, 3644.93333333]",0.25020036,99,,,0,,False,11,test,1
2877,0.0,788.74406,788.99428,null,20.0,0.08,"[20.0, 20.0]",30.0,null,null,null,gabors,null,0.0,4.0,0.8,"[3644.93333333, 3644.93333333]",0.25021464,186,,,0,,False,11,test,0
2878,0.0,788.99428,789.24449,null,-40.0,0.08,"[20.0, 20.0]",-10.0,null,null,null,gabors,null,0.0,4.0,0.8,"[3644.93333333, 3644.93333333]",0.25021464,142,,,0,,False,12,train,0
2879,0.0,789.24449,789.4947,null,-30.0,0.08,"[20.0, 20.0]",-40.0,null,null,null,gabors,null,90.0,4.0,0.8,"[3644.93333333, 3644.93333333]",0.25021464,150,,,0,,False,11,test,2
2880,0.0,789.4947,789.74492,null,-10.0,0.08,"[20.0, 20.0]",-20.0,null,null,null,gabors,null,0.0,4.0,0.8,"[3644.93333333, 3644.93333333]",0.25021464,96,,,0,,False,10,train,0
2881,0.0,789.74492,789.99512,null,30.0,0.08,"[20.0, 20.0]",-30.0,null,null,null,gabors,null,45.0,4.0,0.8,"[3644.93333333, 3644.93333333]",0.25020286,238,,,0,,False,10,train,1
2882,0.0,789.99512,790.24532,null,-20.0,0.08,"[20.0, 20.0]",10.0,null,null,null,gabors,null,90.0,4.0,0.8,"[3644.93333333, 3644.93333333]",0.25020286,235,,,0,,False,12,train,2
2883,0.0,790.24532,790.49553,null,-10.0,0.08,"[20.0, 20.0]",10.0,null,null,null,gabors,null,45.0,4.0,0.8,"[3644.93333333, 3644.93333333]",0.25020286,25,,,0,,False,9,train,1
2884,0.0,790.49553,790.74573,null,-20.0,0.08,"[20.0, 20.0]",0.0,null,null,null,gabors,null,45.0,4.0,0.8,"[3644.93333333, 3644.93333333]",0.25020286,193,,,0,,False,11,test,1
2885,0.0,790.74573,790.99594,null,30.0,0.08,"[20.0, 20.0]",0.0,null,null,null,gabors,null,45.0,4.0,0.8,"[3644.93333333, 3644.93333333]",0.25021214,2,,,0,,False,9,train,1
2886,0.0,790.99594,791.24615,null,-20.0,0.08,"[20.0, 20.0]",10.0,null,null,null,gabors,null,0.0,4.0,0.8,"[3644.93333333, 3644.93333333]",0.25021214,138,,,0,,False,11,test,0
2887,0.0,791.24615,791.49637,null,40.0,0.08,"[20.0, 20.0]",-40.0,null,null,null,gabors,null,45.0,4.0,0.8,"[3644.93333333, 3644.93333333]",0.25021214,34,,,0,,False,13,train,1
2888,0.0,791.49637,791.74658,null,20.0,0.08,"[20.0, 20.0]",-40.0,null,null,null,gabors,null,45.0,4.0,0.8,"[3644.93333333, 3644.93333333]",0.25021214,125,,,0,,False,11,test,1
2889,0.0,791.74658,791.99679,null,30.0,0.08,"[20.0, 20.0]",10.0,null,null,null,gabors,null,45.0,4.0,0.8,"[3644.93333333, 3644.93333333]",0.25020786,20,,,0,,False,13,train,1
2890,0.0,791.99679,792.24699,null,0.0,0.08,"[20.0, 20.0]",-40.0,null,null,null,gabors,null,45.0,4.0,0.8,"[3644.93333333, 3644.93333333]",0.25020786,191,,,0,,False,12,train,1
2891,0.0,792.24699,792.4972,null,-20.0,0.08,"[20.0, 20.0]",-10.0,null,null,null,gabors,null,90.0,4.0,0.8,"[3644.93333333, 3644.93333333]",0.25020786,236,,,0,,False,11,test,2
2892,0.0,792.4972,792.74741,null,40.0,0.08,"[20.0, 20.0]",20.0,null,null,null,gabors,null,45.0,4.0,0.8,"[3644.93333333, 3644.93333333]",0.25020786,7,,,0,,False,10,train,1
2893,0.0,792.74741,792.99763,null,40.0,0.08,"[20.0, 20.0]",20.0,null,null,null,gabors,null,90.0,4.0,0.8,"[3644.93333333, 3644.93333333]",0.25021464,115,,,0,,False,8,test,2
2894,0.0,792.99763,793.24784,null,-40.0,0.08,"[20.0, 20.0]",40.0,null,null,null,gabors,null,45.0,4.0,0.8,"[3644.93333333, 3644.93333333]",0.25021464,206,,,0,,False,11,test,1
2895,0.0,793.24784,793.49805,null,-30.0,0.08,"[20.0, 20.0]",30.0,null,null,null,gabors,null,45.0,4.0,0.8,"[3644.93333333, 3644.93333333]",0.25021464,217,,,0,,False,11,test,1
2896,0.0,793.49805,793.74827,null,-10.0,0.08,"[20.0, 20.0]",40.0,null,null,null,gabors,null,0.0,4.0,0.8,"[3644.93333333, 3644.93333333]",0.25021464,223,,,0,,False,11,test,0
2897,0.0,793.74827,793.99847,null,0.0,0.08,"[20.0, 20.0]",10.0,null,null,null,gabors,null,45.0,4.0,0.8,"[3644.93333333, 3644.93333333]",0.25020286,188,,,0,,False,11,test,1
2898,0.0,793.99847,794.24867,null,0.0,0.08,"[20.0, 20.0]",20.0,null,null,null,gabors,null,90.0,4.0,0.8,"[3644.93333333, 3644.93333333]",0.25020286,233,,,0,,False,12,train,2
2899,0.0,794.24867,794.49888,null,-40.0,0.08,"[20.0, 20.0]",40.0,null,null,null,gabors,null,45.0,4.0,0.8,"[3644.93333333, 3644.93333333]",0.25020286,206,,,0,,False,12,train,1
2900,0.0,794.49888,794.74908,null,-20.0,0.08,"[20.0, 20.0]",0.0,null,null,null,gabors,null,90.0,4.0,0.8,"[3644.93333333, 3644.93333333]",0.25020286,105,,,0,,False,10,train,2
2901,0.0,794.74908,794.99929,null,10.0,0.08,"[20.0, 20.0]",0.0,null,null,null,gabors,null,45.0,4.0,0.8,"[3644.93333333, 3644.93333333]",0.25020714,187,,,0,,False,12,train,1
2902,0.0,794.99929,795.24949,null,20.0,0.08,"[20.0, 20.0]",-10.0,null,null,null,gabors,null,45.0,4.0,0.8,"[3644.93333333, 3644.93333333]",0.25020714,242,,,0,,False,12,train,1
2903,0.0,795.24949,795.4997,null,-30.0,0.08,"[20.0, 20.0]",20.0,null,null,null,gabors,null,0.0,4.0,0.8,"[3644.93333333, 3644.93333333]",0.25020714,153,,,0,,False,12,train,0
2904,0.0,795.4997,795.74991,null,-10.0,0.08,"[20.0, 20.0]",-30.0,null,null,null,gabors,null,0.0,4.0,0.8,"[3644.93333333, 3644.93333333]",0.25020714,224,,,0,,False,9,train,0
2905,0.0,795.74991,796.00012,null,30.0,0.08,"[20.0, 20.0]",40.0,null,null,null,gabors,null,90.0,4.0,0.8,"[3644.93333333, 3644.93333333]",0.25020786,169,,,0,,False,11,test,2
2906,0.0,796.00012,796.25032,null,20.0,0.08,"[20.0, 20.0]",40.0,null,null,null,gabors,null,45.0,4.0,0.8,"[3644.93333333, 3644.93333333]",0.25020786,136,,,0,,False,11,test,1
2907,0.0,796.25032,796.50053,null,40.0,0.08,"[20.0, 20.0]",-40.0,null,null,null,gabors,null,0.0,4.0,0.8,"[3644.93333333, 3644.93333333]",0.25020786,132,,,0,,False,11,test,0
2908,0.0,796.50053,796.75074,null,-40.0,0.08,"[20.0, 20.0]",0.0,null,null,null,gabors,null,90.0,4.0,0.8,"[3644.93333333, 3644.93333333]",0.25020786,4,,,0,,False,11,test,2
2909,0.0,796.75074,797.00095,null,30.0,0.08,"[20.0, 20.0]",-10.0,null,null,null,gabors,null,90.0,4.0,0.8,"[3644.93333333, 3644.93333333]",0.25020964,227,,,0,,False,8,test,2
2910,0.0,797.00095,797.25116,null,-40.0,0.08,"[20.0, 20.0]",-40.0,null,null,null,gabors,null,90.0,4.0,0.8,"[3644.93333333, 3644.93333333]",0.25020964,31,,,0,,False,12,train,2
2911,0.0,797.25116,797.50137,null,40.0,0.08,"[20.0, 20.0]",-10.0,null,null,null,gabors,null,90.0,4.0,0.8,"[3644.93333333, 3644.93333333]",0.25020964,170,,,0,,False,10,train,2
2912,0.0,797.50137,797.75158,null,-30.0,0.08,"[20.0, 20.0]",-20.0,null,null,null,gabors,null,45.0,4.0,0.8,"[3644.93333333, 3644.93333333]",0.25020964,176,,,0,,False,9,train,1
2913,0.0,797.75158,798.00179,null,30.0,0.08,"[20.0, 20.0]",-40.0,null,null,null,gabors,null,0.0,4.0,0.8,"[3644.93333333, 3644.93333333]",0.25021286,37,,,0,,False,12,train,0
2914,0.0,798.00179,798.252,null,30.0,0.08,"[20.0, 20.0]",-10.0,null,null,null,gabors,null,90.0,4.0,0.8,"[3644.93333333, 3644.93333333]",0.25021286,227,,,0,,False,9,train,2
2915,0.0,798.252,798.50222,null,-20.0,0.08,"[20.0, 20.0]",30.0,null,null,null,gabors,null,0.0,4.0,0.8,"[3644.93333333, 3644.93333333]",0.25021286,219,,,0,,False,10,train,0
2916,0.0,798.50222,798.75243,null,0.0,0.08,"[20.0, 20.0]",-30.0,null,null,null,gabors,null,0.0,4.0,0.8,"[3644.93333333, 3644.93333333]",0.25021286,159,,,0,,False,9,train,0
2917,0.0,798.75243,799.00264,null,-10.0,0.08,"[20.0, 20.0]",0.0,null,null,null,gabors,null,90.0,4.0,0.8,"[3644.93333333, 3644.93333333]",0.25020964,155,,,0,,False,13,train,2
2918,0.0,799.00264,799.25285,null,40.0,0.08,"[20.0, 20.0]",-20.0,null,null,null,gabors,null,45.0,4.0,0.8,"[3644.93333333, 3644.93333333]",0.25020964,78,,,0,,False,9,train,1
2919,0.0,799.25285,799.50306,null,20.0,0.08,"[20.0, 20.0]",10.0,null,null,null,gabors,null,0.0,4.0,0.8,"[3644.93333333, 3644.93333333]",0.25020964,21,,,0,,False,11,test,0
2920,0.0,799.50306,799.75327,null,-20.0,0.08,"[20.0, 20.0]",-40.0,null,null,null,gabors,null,45.0,4.0,0.8,"[3644.93333333, 3644.93333333]",0.25020964,106,,,0,,False,10,train,1
2921,0.0,799.75327,800.00348,null,-40.0,0.08,"[20.0, 20.0]",0.0,null,null,null,gabors,null,0.0,4.0,0.8,"[3644.93333333, 3644.93333333]",0.25020786,89,,,0,,False,11,test,0
2922,0.0,800.00348,800.25368,null,-10.0,0.08,"[20.0, 20.0]",30.0,null,null,null,gabors,null,0.0,4.0,0.8,"[3644.93333333, 3644.93333333]",0.25020786,27,,,0,,False,10,train,0
2923,0.0,800.25368,800.50389,null,-40.0,0.08,"[20.0, 20.0]",-40.0,null,null,null,gabors,null,45.0,4.0,0.8,"[3644.93333333, 3644.93333333]",0.25020786,197,,,0,,False,11,test,1
2924,0.0,800.50389,800.7541,null,-20.0,0.08,"[20.0, 20.0]",20.0,null,null,null,gabors,null,0.0,4.0,0.8,"[3644.93333333, 3644.93333333]",0.25020786,178,,,0,,False,13,train,0
2925,0.0,800.7541,801.00431,null,40.0,0.08,"[20.0, 20.0]",20.0,null,null,null,gabors,null,90.0,4.0,0.8,"[3644.93333333, 3644.93333333]",0.25020464,115,,,0,,False,9,train,2
2926,0.0,801.00431,801.25451,null,20.0,0.08,"[20.0, 20.0]",0.0,null,null,null,gabors,null,0.0,4.0,0.8,"[3644.93333333, 3644.93333333]",0.25020464,204,,,0,,False,12,train,0
2927,0.0,801.25451,801.50471,null,-30.0,0.08,"[20.0, 20.0]",-10.0,null,null,null,gabors,null,90.0,4.0,0.8,"[3644.93333333, 3644.93333333]",0.25020464,209,,,0,,False,13,train,2
2928,0.0,801.50471,801.75492,null,-20.0,0.08,"[20.0, 20.0]",-10.0,null,null,null,gabors,null,0.0,4.0,0.8,"[3644.93333333, 3644.93333333]",0.25020464,241,,,0,,False,10,train,0
2929,0.0,801.75492,802.00513,null,-10.0,0.08,"[20.0, 20.0]",20.0,null,null,null,gabors,null,90.0,4.0,0.8,"[3644.93333333, 3644.93333333]",0.25021536,82,,,0,,False,13,train,2
2930,0.0,802.00513,802.25535,null,40.0,0.08,"[20.0, 20.0]",20.0,null,null,null,gabors,null,90.0,4.0,0.8,"[3644.93333333, 3644.93333333]",0.25021536,115,,,0,,False,10,train,2
2931,0.0,802.25535,802.50557,null,40.0,0.08,"[20.0, 20.0]",0.0,null,null,null,gabors,null,90.0,4.0,0.8,"[3644.93333333, 3644.93333333]",0.25021536,211,,,0,,False,11,test,2
2932,0.0,802.50557,802.75578,null,-10.0,0.08,"[20.0, 20.0]",10.0,null,null,null,gabors,null,0.0,4.0,0.8,"[3644.93333333, 3644.93333333]",0.25021536,23,,,0,,False,12,train,0
2933,0.0,802.75578,803.00599,null,20.0,0.08,"[20.0, 20.0]",40.0,null,null,null,gabors,null,45.0,4.0,0.8,"[3644.93333333, 3644.93333333]",0.25020464,136,,,0,,False,12,train,1
2934,0.0,803.00599,803.25619,null,20.0,0.08,"[20.0, 20.0]",-40.0,null,null,null,gabors,null,90.0,4.0,0.8,"[3644.93333333, 3644.93333333]",0.25020464,133,,,0,,False,8,test,2
2935,0.0,803.25619,803.50639,null,-20.0,0.08,"[20.0, 20.0]",30.0,null,null,null,gabors,null,90.0,4.0,0.8,"[3644.93333333, 3644.93333333]",0.25020464,161,,,0,,False,11,test,2
2936,0.0,803.50639,803.7566,null,0.0,0.08,"[20.0, 20.0]",20.0,null,null,null,gabors,null,90.0,4.0,0.8,"[3644.93333333, 3644.93333333]",0.25020464,233,,,0,,False,13,train,2
2937,0.0,803.7566,804.00681,null,-40.0,0.08,"[20.0, 20.0]",0.0,null,null,null,gabors,null,45.0,4.0,0.8,"[3644.93333333, 3644.93333333]",0.25021286,130,,,0,,False,12,train,1
2938,0.0,804.00681,804.25702,null,-20.0,0.08,"[20.0, 20.0]",-10.0,null,null,null,gabors,null,0.0,4.0,0.8,"[3644.93333333, 3644.93333333]",0.25021286,241,,,0,,False,11,test,0
2939,0.0,804.25702,804.50724,null,-10.0,0.08,"[20.0, 20.0]",-20.0,null,null,null,gabors,null,45.0,4.0,0.8,"[3644.93333333, 3644.93333333]",0.25021286,166,,,0,,False,11,test,1
2940,0.0,804.50724,804.75745,null,30.0,0.08,"[20.0, 20.0]",-10.0,null,null,null,gabors,null,90.0,4.0,0.8,"[3644.93333333, 3644.93333333]",0.25021286,227,,,0,,False,10,train,2
2941,0.0,804.75745,805.00766,null,-20.0,0.08,"[20.0, 20.0]",10.0,null,null,null,gabors,null,45.0,4.0,0.8,"[3644.93333333, 3644.93333333]",0.25020714,158,,,0,,False,11,test,1
2942,0.0,805.00766,805.25786,null,20.0,0.08,"[20.0, 20.0]",-20.0,null,null,null,gabors,null,90.0,4.0,0.8,"[3644.93333333, 3644.93333333]",0.25020714,26,,,0,,False,12,train,2
2943,0.0,805.25786,805.50807,null,10.0,0.08,"[20.0, 20.0]",10.0,null,null,null,gabors,null,45.0,4.0,0.8,"[3644.93333333, 3644.93333333]",0.25020714,58,,,0,,False,8,test,1
2944,0.0,805.50807,805.75828,null,10.0,0.08,"[20.0, 20.0]",-10.0,null,null,null,gabors,null,0.0,4.0,0.8,"[3644.93333333, 3644.93333333]",0.25020714,95,,,0,,False,11,test,0
2945,0.0,805.75828,806.00849,null,10.0,0.08,"[20.0, 20.0]",-30.0,null,null,null,gabors,null,0.0,4.0,0.8,"[3644.93333333, 3644.93333333]",0.25021036,220,,,0,,False,11,test,0
2946,0.0,806.00849,806.2587,null,0.0,0.08,"[20.0, 20.0]",30.0,null,null,null,gabors,null,90.0,4.0,0.8,"[3644.93333333, 3644.93333333]",0.25021036,59,,,0,,False,8,test,2
2947,0.0,806.2587,806.50891,null,0.0,0.08,"[20.0, 20.0]",-40.0,null,null,null,gabors,null,90.0,4.0,0.8,"[3644.93333333, 3644.93333333]",0.25021036,207,,,0,,False,8,test,2
2948,0.0,806.50891,806.75912,null,-30.0,0.08,"[20.0, 20.0]",30.0,null,null,null,gabors,null,45.0,4.0,0.8,"[3644.93333333, 3644.93333333]",0.25021036,217,,,0,,False,12,train,1
2949,0.0,806.75912,807.00933,null,30.0,0.08,"[20.0, 20.0]",10.0,null,null,null,gabors,null,0.0,4.0,0.8,"[3644.93333333, 3644.93333333]",0.25020714,102,,,0,,False,12,train,0
2950,0.0,807.00933,807.25953,null,20.0,0.08,"[20.0, 20.0]",10.0,null,null,null,gabors,null,45.0,4.0,0.8,"[3644.93333333, 3644.93333333]",0.25020714,114,,,0,,False,13,train,1
2951,0.0,807.25953,807.50974,null,10.0,0.08,"[20.0, 20.0]",-30.0,null,null,null,gabors,null,45.0,4.0,0.8,"[3644.93333333, 3644.93333333]",0.25020714,152,,,0,,False,11,test,1
2952,0.0,807.50974,807.75995,null,0.0,0.08,"[20.0, 20.0]",30.0,null,null,null,gabors,null,90.0,4.0,0.8,"[3644.93333333, 3644.93333333]",0.25020714,59,,,0,,False,9,train,2
2953,0.0,807.75995,808.01016,null,40.0,0.08,"[20.0, 20.0]",10.0,null,null,null,gabors,null,45.0,4.0,0.8,"[3644.93333333, 3644.93333333]",0.25021536,145,,,0,,False,11,test,1
2954,0.0,808.01016,808.26038,null,-10.0,0.08,"[20.0, 20.0]",10.0,null,null,null,gabors,null,90.0,4.0,0.8,"[3644.93333333, 3644.93333333]",0.25021536,10,,,0,,False,13,train,2
2955,0.0,808.26038,808.5106,null,-20.0,0.08,"[20.0, 20.0]",20.0,null,null,null,gabors,null,90.0,4.0,0.8,"[3644.93333333, 3644.93333333]",0.25021536,198,,,0,,False,14,test,2
2956,0.0,808.5106,808.76081,null,-40.0,0.08,"[20.0, 20.0]",-10.0,null,null,null,gabors,null,45.0,4.0,0.8,"[3644.93333333, 3644.93333333]",0.25021536,74,,,0,,False,12,train,1
2957,0.0,808.76081,809.01102,null,-20.0,0.08,"[20.0, 20.0]",-20.0,null,null,null,gabors,null,45.0,4.0,0.8,"[3644.93333333, 3644.93333333]",0.25020464,32,,,0,,False,11,test,1
2958,0.0,809.01102,809.26122,null,-10.0,0.08,"[20.0, 20.0]",10.0,null,null,null,gabors,null,45.0,4.0,0.8,"[3644.93333333, 3644.93333333]",0.25020464,25,,,0,,False,10,train,1
2959,0.0,809.26122,809.51142,null,-20.0,0.08,"[20.0, 20.0]",40.0,null,null,null,gabors,null,0.0,4.0,0.8,"[3644.93333333, 3644.93333333]",0.25020464,109,,,0,,False,9,train,0
2960,0.0,809.51142,809.76163,null,-10.0,0.08,"[20.0, 20.0]",20.0,null,null,null,gabors,null,0.0,4.0,0.8,"[3644.93333333, 3644.93333333]",0.25020464,1,,,0,,False,12,train,0
2961,0.0,809.76163,810.01184,null,-40.0,0.08,"[20.0, 20.0]",-10.0,null,null,null,gabors,null,0.0,4.0,0.8,"[3644.93333333, 3644.93333333]",0.25021036,142,,,0,,False,13,train,0
2962,0.0,810.01184,810.26205,null,10.0,0.08,"[20.0, 20.0]",-20.0,null,null,null,gabors,null,0.0,4.0,0.8,"[3644.93333333, 3644.93333333]",0.25021036,116,,,0,,False,9,train,0
2963,0.0,810.26205,810.51226,null,-40.0,0.08,"[20.0, 20.0]",20.0,null,null,null,gabors,null,45.0,4.0,0.8,"[3644.93333333, 3644.93333333]",0.25021036,240,,,0,,False,10,train,1
2964,0.0,810.51226,810.76247,null,-20.0,0.08,"[20.0, 20.0]",-40.0,null,null,null,gabors,null,45.0,4.0,0.8,"[3644.93333333, 3644.93333333]",0.25021036,106,,,0,,False,11,test,1
2965,0.0,810.76247,811.01268,null,30.0,0.08,"[20.0, 20.0]",0.0,null,null,null,gabors,null,90.0,4.0,0.8,"[3644.93333333, 3644.93333333]",0.25021214,229,,,0,,False,13,train,2
2966,0.0,811.01268,811.26289,null,10.0,0.08,"[20.0, 20.0]",10.0,null,null,null,gabors,null,45.0,4.0,0.8,"[3644.93333333, 3644.93333333]",0.25021214,58,,,0,,False,9,train,1
2967,0.0,811.26289,811.51311,null,-20.0,0.08,"[20.0, 20.0]",-30.0,null,null,null,gabors,null,90.0,4.0,0.8,"[3644.93333333, 3644.93333333]",0.25021214,221,,,0,,False,12,train,2
2968,0.0,811.51311,811.76332,null,30.0,0.08,"[20.0, 20.0]",-10.0,null,null,null,gabors,null,0.0,4.0,0.8,"[3644.93333333, 3644.93333333]",0.25021214,88,,,0,,False,14,test,0
2969,0.0,811.76332,812.01352,null,40.0,0.08,"[20.0, 20.0]",-40.0,null,null,null,gabors,null,90.0,4.0,0.8,"[3644.93333333, 3644.93333333]",0.25020536,180,,,0,,False,12,train,2
2970,0.0,812.01352,812.26373,null,-20.0,0.08,"[20.0, 20.0]",-20.0,null,null,null,gabors,null,45.0,4.0,0.8,"[3644.93333333, 3644.93333333]",0.25020536,32,,,0,,False,12,train,1
2971,0.0,812.26373,812.51394,null,20.0,0.08,"[20.0, 20.0]",-30.0,null,null,null,gabors,null,45.0,4.0,0.8,"[3644.93333333, 3644.93333333]",0.25020536,41,,,0,,False,12,train,1
2972,0.0,812.51394,812.76414,null,20.0,0.08,"[20.0, 20.0]",-10.0,null,null,null,gabors,null,90.0,4.0,0.8,"[3644.93333333, 3644.93333333]",0.25020536,50,,,0,,False,12,train,2
2973,0.0,812.76414,813.01436,null,30.0,0.08,"[20.0, 20.0]",-40.0,null,null,null,gabors,null,0.0,4.0,0.8,"[3644.93333333, 3644.93333333]",0.25021964,37,,,0,,False,13,train,0
2974,0.0,813.01436,813.26458,null,-10.0,0.08,"[20.0, 20.0]",-30.0,null,null,null,gabors,null,90.0,4.0,0.8,"[3644.93333333, 3644.93333333]",0.25021964,202,,,0,,False,12,train,2
2975,0.0,813.26458,813.5148,null,40.0,0.08,"[20.0, 20.0]",30.0,null,null,null,gabors,null,90.0,4.0,0.8,"[3644.93333333, 3644.93333333]",0.25021964,104,,,0,,False,12,train,2
2976,0.0,813.5148,813.76502,null,10.0,0.08,"[20.0, 20.0]",40.0,null,null,null,gabors,null,0.0,4.0,0.8,"[3644.93333333, 3644.93333333]",0.25021964,56,,,0,,False,12,train,0
2977,0.0,813.76502,814.01522,null,30.0,0.08,"[20.0, 20.0]",-40.0,null,null,null,gabors,null,45.0,4.0,0.8,"[3644.93333333, 3644.93333333]",0.25020036,75,,,0,,False,13,train,1
2978,0.0,814.01522,814.26542,null,-30.0,0.08,"[20.0, 20.0]",20.0,null,null,null,gabors,null,45.0,4.0,0.8,"[3644.93333333, 3644.93333333]",0.25020036,77,,,0,,False,11,test,1
2979,0.0,814.26542,814.51562,null,-20.0,0.08,"[20.0, 20.0]",30.0,null,null,null,gabors,null,45.0,4.0,0.8,"[3644.93333333, 3644.93333333]",0.25020036,72,,,0,,False,10,train,1
2980,0.0,814.51562,814.76582,null,-40.0,0.08,"[20.0, 20.0]",-30.0,null,null,null,gabors,null,0.0,4.0,0.8,"[3644.93333333, 3644.93333333]",0.25020036,172,,,0,,False,11,test,0
2981,0.0,814.76582,815.01602,null,-10.0,0.08,"[20.0, 20.0]",-20.0,null,null,null,gabors,null,0.0,4.0,0.8,"[3644.93333333, 3644.93333333]",0.25020214,96,,,0,,False,11,test,0
2982,0.0,815.01602,815.26622,null,-10.0,0.08,"[20.0, 20.0]",-20.0,null,null,null,gabors,null,45.0,4.0,0.8,"[3644.93333333, 3644.93333333]",0.25020214,166,,,0,,False,12,train,1
2983,0.0,815.26622,815.51643,null,-40.0,0.08,"[20.0, 20.0]",20.0,null,null,null,gabors,null,45.0,4.0,0.8,"[3644.93333333, 3644.93333333]",0.25020214,240,,,0,,False,11,test,1
2984,0.0,815.51643,815.76663,null,40.0,0.08,"[20.0, 20.0]",-10.0,null,null,null,gabors,null,45.0,4.0,0.8,"[3644.93333333, 3644.93333333]",0.25020214,67,,,0,,False,13,train,1
2985,0.0,815.76663,816.01684,null,20.0,0.08,"[20.0, 20.0]",40.0,null,null,null,gabors,null,45.0,4.0,0.8,"[3644.93333333, 3644.93333333]",0.25021536,136,,,0,,False,13,train,1
2986,0.0,816.01684,816.26706,null,0.0,0.08,"[20.0, 20.0]",20.0,null,null,null,gabors,null,0.0,4.0,0.8,"[3644.93333333, 3644.93333333]",0.25021536,216,,,0,,False,12,train,0
2987,0.0,816.26706,816.51728,null,-30.0,0.08,"[20.0, 20.0]",-30.0,null,null,null,gabors,null,45.0,4.0,0.8,"[3644.93333333, 3644.93333333]",0.25021536,46,,,0,,False,12,train,1
2988,0.0,816.51728,816.76749,null,20.0,0.08,"[20.0, 20.0]",30.0,null,null,null,gabors,null,90.0,4.0,0.8,"[3644.93333333, 3644.93333333]",0.25021536,64,,,0,,False,13,train,2
2989,0.0,816.76749,817.01769,null,10.0,0.08,"[20.0, 20.0]",30.0,null,null,null,gabors,null,45.0,4.0,0.8,"[3644.93333333, 3644.93333333]",0.25020214,12,,,0,,False,12,train,1
2990,0.0,817.01769,817.26789,null,0.0,0.08,"[20.0, 20.0]",-20.0,null,null,null,gabors,null,45.0,4.0,0.8,"[3644.93333333, 3644.93333333]",0.25020214,103,,,0,,False,12,train,1
2991,0.0,817.26789,817.5181,null,20.0,0.08,"[20.0, 20.0]",-40.0,null,null,null,gabors,null,45.0,4.0,0.8,"[3644.93333333, 3644.93333333]",0.25020214,125,,,0,,False,12,train,1
2992,0.0,817.5181,817.7683,null,30.0,0.08,"[20.0, 20.0]",-40.0,null,null,null,gabors,null,45.0,4.0,0.8,"[3644.93333333, 3644.93333333]",0.25020214,75,,,0,,False,14,test,1
2993,0.0,817.7683,818.01852,null,-20.0,0.08,"[20.0, 20.0]",10.0,null,null,null,gabors,null,0.0,4.0,0.8,"[3644.93333333, 3644.93333333]",0.25022036,138,,,0,,False,12,train,0
2994,0.0,818.01852,818.26874,null,20.0,0.08,"[20.0, 20.0]",10.0,null,null,null,gabors,null,90.0,4.0,0.8,"[3644.93333333, 3644.93333333]",0.25022036,243,,,0,,False,8,test,2
2995,0.0,818.26874,818.51896,null,40.0,0.08,"[20.0, 20.0]",-20.0,null,null,null,gabors,null,0.0,4.0,0.8,"[3644.93333333, 3644.93333333]",0.25022036,3,,,0,,False,13,train,0
2996,0.0,818.51896,818.76918,null,-10.0,0.08,"[20.0, 20.0]",-10.0,null,null,null,gabors,null,90.0,4.0,0.8,"[3644.93333333, 3644.93333333]",0.25022036,182,,,0,,False,12,train,2
2997,0.0,818.76918,819.01939,null,-20.0,0.08,"[20.0, 20.0]",10.0,null,null,null,gabors,null,45.0,4.0,0.8,"[3644.93333333, 3644.93333333]",0.25020464,158,,,0,,False,12,train,1
2998,0.0,819.01939,819.26959,null,-20.0,0.08,"[20.0, 20.0]",40.0,null,null,null,gabors,null,0.0,4.0,0.8,"[3644.93333333, 3644.93333333]",0.25020464,109,,,0,,False,10,train,0
2999,0.0,819.26959,819.51979,null,-20.0,0.08,"[20.0, 20.0]",10.0,null,null,null,gabors,null,90.0,4.0,0.8,"[3644.93333333, 3644.93333333]",0.25020464,235,,,0,,False,13,train,2
3000,0.0,819.51979,819.77,null,40.0,0.08,"[20.0, 20.0]",-20.0,null,null,null,gabors,null,45.0,4.0,0.8,"[3644.93333333, 3644.93333333]",0.25020464,78,,,0,,False,10,train,1
3001,0.0,819.77,820.02021,null,-40.0,0.08,"[20.0, 20.0]",-20.0,null,null,null,gabors,null,0.0,4.0,0.8,"[3644.93333333, 3644.93333333]",0.25020786,199,,,0,,False,12,train,0
3002,0.0,820.02021,820.27041,null,20.0,0.08,"[20.0, 20.0]",30.0,null,null,null,gabors,null,0.0,4.0,0.8,"[3644.93333333, 3644.93333333]",0.25020786,186,,,0,,False,12,train,0
3003,0.0,820.27041,820.52062,null,-10.0,0.08,"[20.0, 20.0]",-10.0,null,null,null,gabors,null,0.0,4.0,0.8,"[3644.93333333, 3644.93333333]",0.25020786,173,,,0,,False,10,train,0
3004,0.0,820.52062,820.77083,null,20.0,0.08,"[20.0, 20.0]",-30.0,null,null,null,gabors,null,0.0,4.0,0.8,"[3644.93333333, 3644.93333333]",0.25020786,175,,,0,,False,12,train,0
3005,0.0,820.77083,821.02104,null,-30.0,0.08,"[20.0, 20.0]",30.0,null,null,null,gabors,null,0.0,4.0,0.8,"[3644.93333333, 3644.93333333]",0.25020964,66,,,0,,False,14,test,0
3006,0.0,821.02104,821.27125,null,30.0,0.08,"[20.0, 20.0]",0.0,null,null,null,gabors,null,45.0,4.0,0.8,"[3644.93333333, 3644.93333333]",0.25020964,2,,,0,,False,10,train,1
3007,0.0,821.27125,821.52146,null,40.0,0.08,"[20.0, 20.0]",-30.0,null,null,null,gabors,null,90.0,4.0,0.8,"[3644.93333333, 3644.93333333]",0.25020964,234,,,0,,False,10,train,2
3008,0.0,821.52146,821.77167,null,-20.0,0.08,"[20.0, 20.0]",-40.0,null,null,null,gabors,null,0.0,4.0,0.8,"[3644.93333333, 3644.93333333]",0.25020964,212,,,0,,False,13,train,0
3009,0.0,821.77167,822.02188,null,10.0,0.08,"[20.0, 20.0]",-40.0,null,null,null,gabors,null,90.0,4.0,0.8,"[3644.93333333, 3644.93333333]",0.25021036,118,,,0,,False,13,train,2
3010,0.0,822.02188,822.27209,null,-20.0,0.08,"[20.0, 20.0]",-40.0,null,null,null,gabors,null,45.0,4.0,0.8,"[3644.93333333, 3644.93333333]",0.25021036,106,,,0,,False,12,train,1
3011,0.0,822.27209,822.5223,null,20.0,0.08,"[20.0, 20.0]",20.0,null,null,null,gabors,null,0.0,4.0,0.8,"[3644.93333333, 3644.93333333]",0.25021036,121,,,0,,False,12,train,0
3012,0.0,822.5223,822.77251,null,30.0,0.08,"[20.0, 20.0]",-10.0,null,null,null,gabors,null,90.0,4.0,0.8,"[3644.93333333, 3644.93333333]",0.25021036,227,,,0,,False,11,test,2
3013,0.0,822.77251,823.02272,null,-40.0,0.08,"[20.0, 20.0]",-20.0,null,null,null,gabors,null,0.0,4.0,0.8,"[3644.93333333, 3644.93333333]",0.25021214,199,,,0,,False,13,train,0
3014,0.0,823.02272,823.27293,null,-40.0,0.08,"[20.0, 20.0]",-40.0,null,null,null,gabors,null,0.0,4.0,0.8,"[3644.93333333, 3644.93333333]",0.25021214,53,,,0,,False,11,test,0
3015,0.0,823.27293,823.52315,null,40.0,0.08,"[20.0, 20.0]",-10.0,null,null,null,gabors,null,90.0,4.0,0.8,"[3644.93333333, 3644.93333333]",0.25021214,170,,,0,,False,11,test,2
3016,0.0,823.52315,823.77336,null,-20.0,0.08,"[20.0, 20.0]",40.0,null,null,null,gabors,null,45.0,4.0,0.8,"[3644.93333333, 3644.93333333]",0.25021214,179,,,0,,False,12,train,1
3017,0.0,823.77336,824.02357,null,0.0,0.08,"[20.0, 20.0]",10.0,null,null,null,gabors,null,45.0,4.0,0.8,"[3644.93333333, 3644.93333333]",0.25020786,188,,,0,,False,12,train,1
3018,0.0,824.02357,824.27377,null,-40.0,0.08,"[20.0, 20.0]",40.0,null,null,null,gabors,null,0.0,4.0,0.8,"[3644.93333333, 3644.93333333]",0.25020786,231,,,0,,False,13,train,0
3019,0.0,824.27377,824.52398,null,10.0,0.08,"[20.0, 20.0]",-20.0,null,null,null,gabors,null,45.0,4.0,0.8,"[3644.93333333, 3644.93333333]",0.25020786,190,,,0,,False,11,test,1
3020,0.0,824.52398,824.77419,null,-40.0,0.08,"[20.0, 20.0]",-40.0,null,null,null,gabors,null,90.0,4.0,0.8,"[3644.93333333, 3644.93333333]",0.25020786,31,,,0,,False,13,train,2
3021,0.0,824.77419,825.0244,null,-20.0,0.08,"[20.0, 20.0]",0.0,null,null,null,gabors,null,45.0,4.0,0.8,"[3644.93333333, 3644.93333333]",0.25020714,193,,,0,,False,12,train,1
3022,0.0,825.0244,825.2746,null,-40.0,0.08,"[20.0, 20.0]",-40.0,null,null,null,gabors,null,0.0,4.0,0.8,"[3644.93333333, 3644.93333333]",0.25020714,53,,,0,,False,12,train,0
3023,0.0,825.2746,825.52481,null,0.0,0.08,"[20.0, 20.0]",-40.0,null,null,null,gabors,null,90.0,4.0,0.8,"[3644.93333333, 3644.93333333]",0.25020714,207,,,0,,False,9,train,2
3024,0.0,825.52481,825.77502,null,-30.0,0.08,"[20.0, 20.0]",10.0,null,null,null,gabors,null,0.0,4.0,0.8,"[3644.93333333, 3644.93333333]",0.25020714,87,,,0,,False,12,train,0
3025,0.0,825.77502,826.02523,null,0.0,0.08,"[20.0, 20.0]",40.0,null,null,null,gabors,null,0.0,4.0,0.8,"[3644.93333333, 3644.93333333]",0.25021036,215,,,0,,False,11,test,0
3026,0.0,826.02523,826.27544,null,10.0,0.08,"[20.0, 20.0]",20.0,null,null,null,gabors,null,45.0,4.0,0.8,"[3644.93333333, 3644.93333333]",0.25021036,14,,,0,,False,12,train,1
3027,0.0,826.27544,826.52565,null,20.0,0.08,"[20.0, 20.0]",10.0,null,null,null,gabors,null,0.0,4.0,0.8,"[3644.93333333, 3644.93333333]",0.25021036,21,,,0,,False,12,train,0
3028,0.0,826.52565,826.77586,null,30.0,0.08,"[20.0, 20.0]",-30.0,null,null,null,gabors,null,90.0,4.0,0.8,"[3644.93333333, 3644.93333333]",0.25021036,92,,,0,,False,13,train,2
3029,0.0,826.77586,827.02607,null,30.0,0.08,"[20.0, 20.0]",10.0,null,null,null,gabors,null,0.0,4.0,0.8,"[3644.93333333, 3644.93333333]",0.25020964,102,,,0,,False,13,train,0
3030,0.0,827.02607,827.27628,null,-20.0,0.08,"[20.0, 20.0]",-10.0,null,null,null,gabors,null,0.0,4.0,0.8,"[3644.93333333, 3644.93333333]",0.25020964,241,,,0,,False,12,train,0
3031,0.0,827.27628,827.52649,null,30.0,0.08,"[20.0, 20.0]",10.0,null,null,null,gabors,null,45.0,4.0,0.8,"[3644.93333333, 3644.93333333]",0.25020964,20,,,0,,False,14,test,1
3032,0.0,827.52649,827.7767,null,10.0,0.08,"[20.0, 20.0]",10.0,null,null,null,gabors,null,90.0,4.0,0.8,"[3644.93333333, 3644.93333333]",0.25020964,214,,,0,,False,13,train,2
3033,0.0,827.7767,828.0269,null,20.0,0.08,"[20.0, 20.0]",10.0,null,null,null,gabors,null,90.0,4.0,0.8,"[3644.93333333, 3644.93333333]",0.25020536,243,,,0,,False,9,train,2
3034,0.0,828.0269,828.27711,null,-30.0,0.08,"[20.0, 20.0]",-20.0,null,null,null,gabors,null,90.0,4.0,0.8,"[3644.93333333, 3644.93333333]",0.25020536,13,,,0,,False,13,train,2
3035,0.0,828.27711,828.52732,null,0.0,0.08,"[20.0, 20.0]",10.0,null,null,null,gabors,null,90.0,4.0,0.8,"[3644.93333333, 3644.93333333]",0.25020536,196,,,0,,False,12,train,2
3036,0.0,828.52732,828.77752,null,20.0,0.08,"[20.0, 20.0]",-40.0,null,null,null,gabors,null,0.0,4.0,0.8,"[3644.93333333, 3644.93333333]",0.25020536,194,,,0,,False,12,train,0
3037,0.0,828.77752,829.02773,null,-20.0,0.08,"[20.0, 20.0]",30.0,null,null,null,gabors,null,90.0,4.0,0.8,"[3644.93333333, 3644.93333333]",0.25020964,161,,,0,,False,12,train,2
3038,0.0,829.02773,829.27794,null,40.0,0.08,"[20.0, 20.0]",-30.0,null,null,null,gabors,null,90.0,4.0,0.8,"[3644.93333333, 3644.93333333]",0.25020964,234,,,0,,False,11,test,2
3039,0.0,829.27794,829.52815,null,20.0,0.08,"[20.0, 20.0]",-40.0,null,null,null,gabors,null,45.0,4.0,0.8,"[3644.93333333, 3644.93333333]",0.25020964,125,,,0,,False,13,train,1
3040,0.0,829.52815,829.77836,null,0.0,0.08,"[20.0, 20.0]",30.0,null,null,null,gabors,null,90.0,4.0,0.8,"[3644.93333333, 3644.93333333]",0.25020964,59,,,0,,False,10,train,2
3041,0.0,829.77836,830.02857,null,40.0,0.08,"[20.0, 20.0]",-10.0,null,null,null,gabors,null,90.0,4.0,0.8,"[3644.93333333, 3644.93333333]",0.25021286,170,,,0,,False,12,train,2
3042,0.0,830.02857,830.27878,null,-20.0,0.08,"[20.0, 20.0]",-20.0,null,null,null,gabors,null,90.0,4.0,0.8,"[3644.93333333, 3644.93333333]",0.25021286,140,,,0,,False,12,train,2
3043,0.0,830.27878,830.529,null,-10.0,0.08,"[20.0, 20.0]",-10.0,null,null,null,gabors,null,0.0,4.0,0.8,"[3644.93333333, 3644.93333333]",0.25021286,173,,,0,,False,11,test,0
3044,0.0,830.529,830.77921,null,30.0,0.08,"[20.0, 20.0]",30.0,null,null,null,gabors,null,0.0,4.0,0.8,"[3644.93333333, 3644.93333333]",0.25021286,154,,,0,,False,13,train,0
3045,0.0,830.77921,831.02942,null,-40.0,0.08,"[20.0, 20.0]",10.0,null,null,null,gabors,null,90.0,4.0,0.8,"[3644.93333333, 3644.93333333]",0.25021214,120,,,0,,False,13,train,2
3046,0.0,831.02942,831.27963,null,-40.0,0.08,"[20.0, 20.0]",30.0,null,null,null,gabors,null,0.0,4.0,0.8,"[3644.93333333, 3644.93333333]",0.25021214,144,,,0,,False,13,train,0
3047,0.0,831.27963,831.52985,null,-10.0,0.08,"[20.0, 20.0]",-10.0,null,null,null,gabors,null,45.0,4.0,0.8,"[3644.93333333, 3644.93333333]",0.25021214,117,,,0,,False,12,train,1
3048,0.0,831.52985,831.78006,null,10.0,0.08,"[20.0, 20.0]",-20.0,null,null,null,gabors,null,90.0,4.0,0.8,"[3644.93333333, 3644.93333333]",0.25021214,57,,,0,,False,8,test,2
3049,0.0,831.78006,832.03026,null,-30.0,0.08,"[20.0, 20.0]",-10.0,null,null,null,gabors,null,0.0,4.0,0.8,"[3644.93333333, 3644.93333333]",0.25020286,52,,,0,,False,13,train,0
3050,0.0,832.03026,832.28046,null,20.0,0.08,"[20.0, 20.0]",-30.0,null,null,null,gabors,null,0.0,4.0,0.8,"[3644.93333333, 3644.93333333]",0.25020286,175,,,0,,False,13,train,0
3051,0.0,832.28046,832.53067,null,20.0,0.08,"[20.0, 20.0]",-40.0,null,null,null,gabors,null,90.0,4.0,0.8,"[3644.93333333, 3644.93333333]",0.25020286,133,,,0,,False,9,train,2
3052,0.0,832.53067,832.78087,null,10.0,0.08,"[20.0, 20.0]",-30.0,null,null,null,gabors,null,90.0,4.0,0.8,"[3644.93333333, 3644.93333333]",0.25020286,200,,,0,,False,9,train,2
3053,0.0,832.78087,833.03108,null,40.0,0.08,"[20.0, 20.0]",10.0,null,null,null,gabors,null,0.0,4.0,0.8,"[3644.93333333, 3644.93333333]",0.25021214,62,,,0,,False,11,test,0
3054,0.0,833.03108,833.28129,null,-30.0,0.08,"[20.0, 20.0]",20.0,null,null,null,gabors,null,90.0,4.0,0.8,"[3644.93333333, 3644.93333333]",0.25021214,128,,,0,,False,13,train,2
3055,0.0,833.28129,833.53151,null,0.0,0.08,"[20.0, 20.0]",0.0,null,null,null,gabors,null,45.0,4.0,0.8,"[3644.93333333, 3644.93333333]",0.25021214,201,,,0,,False,13,train,1
3056,0.0,833.53151,833.78172,null,40.0,0.08,"[20.0, 20.0]",-10.0,null,null,null,gabors,null,0.0,4.0,0.8,"[3644.93333333, 3644.93333333]",0.25021214,83,,,0,,False,10,train,0
3057,0.0,833.78172,834.03193,null,30.0,0.08,"[20.0, 20.0]",-10.0,null,null,null,gabors,null,90.0,4.0,0.8,"[3644.93333333, 3644.93333333]",0.25021036,227,,,0,,False,12,train,2
3058,0.0,834.03193,834.28214,null,10.0,0.08,"[20.0, 20.0]",40.0,null,null,null,gabors,null,90.0,4.0,0.8,"[3644.93333333, 3644.93333333]",0.25021036,39,,,0,,False,11,test,2
3059,0.0,834.28214,834.53235,null,30.0,0.08,"[20.0, 20.0]",-20.0,null,null,null,gabors,null,0.0,4.0,0.8,"[3644.93333333, 3644.93333333]",0.25021036,230,,,0,,False,10,train,0
3060,0.0,834.53235,834.78256,null,0.0,0.08,"[20.0, 20.0]",-10.0,null,null,null,gabors,null,0.0,4.0,0.8,"[3644.93333333, 3644.93333333]",0.25021036,143,,,0,,False,10,train,0
3061,0.0,834.78256,835.03276,null,30.0,0.08,"[20.0, 20.0]",-40.0,null,null,null,gabors,null,0.0,4.0,0.8,"[3644.93333333, 3644.93333333]",0.25020214,37,,,0,,False,14,test,0
3062,0.0,835.03276,835.28296,null,0.0,0.08,"[20.0, 20.0]",20.0,null,null,null,gabors,null,45.0,4.0,0.8,"[3644.93333333, 3644.93333333]",0.25020214,232,,,0,,False,12,train,1
3063,0.0,835.28296,835.53317,null,-30.0,0.08,"[20.0, 20.0]",0.0,null,null,null,gabors,null,45.0,4.0,0.8,"[3644.93333333, 3644.93333333]",0.25020214,99,,,0,,False,12,train,1
3064,0.0,835.53317,835.78337,null,-20.0,0.08,"[20.0, 20.0]",40.0,null,null,null,gabors,null,0.0,4.0,0.8,"[3644.93333333, 3644.93333333]",0.25020214,109,,,0,,False,11,test,0
3065,0.0,835.78337,836.03358,null,40.0,0.08,"[20.0, 20.0]",10.0,null,null,null,gabors,null,0.0,4.0,0.8,"[3644.93333333, 3644.93333333]",0.25021286,62,,,0,,False,12,train,0
3066,0.0,836.03358,836.28379,null,0.0,0.08,"[20.0, 20.0]",10.0,null,null,null,gabors,null,90.0,4.0,0.8,"[3644.93333333, 3644.93333333]",0.25021286,196,,,0,,False,13,train,2
3067,0.0,836.28379,836.53401,null,-30.0,0.08,"[20.0, 20.0]",10.0,null,null,null,gabors,null,0.0,4.0,0.8,"[3644.93333333, 3644.93333333]",0.25021286,87,,,0,,False,13,train,0
3068,0.0,836.53401,836.78422,null,0.0,0.08,"[20.0, 20.0]",30.0,null,null,null,gabors,null,90.0,4.0,0.8,"[3644.93333333, 3644.93333333]",0.25021286,59,,,0,,False,11,test,2
3069,0.0,836.78422,837.03442,null,30.0,0.08,"[20.0, 20.0]",0.0,null,null,null,gabors,null,90.0,4.0,0.8,"[3644.93333333, 3644.93333333]",0.25019964,229,,,0,,False,14,test,2
3070,0.0,837.03442,837.28462,null,0.0,0.08,"[20.0, 20.0]",20.0,null,null,null,gabors,null,0.0,4.0,0.8,"[3644.93333333, 3644.93333333]",0.25019964,216,,,0,,False,13,train,0
3071,0.0,837.28462,837.53482,null,-10.0,0.08,"[20.0, 20.0]",30.0,null,null,null,gabors,null,45.0,4.0,0.8,"[3644.93333333, 3644.93333333]",0.25019964,181,,,0,,False,8,test,1
3072,0.0,837.53482,837.78502,null,-10.0,0.08,"[20.0, 20.0]",20.0,null,null,null,gabors,null,90.0,4.0,0.8,"[3644.93333333, 3644.93333333]",0.25019964,82,,,0,,False,14,test,2
3073,0.0,837.78502,838.03524,null,20.0,0.08,"[20.0, 20.0]",-20.0,null,null,null,gabors,null,45.0,4.0,0.8,"[3644.93333333, 3644.93333333]",0.25022036,36,,,0,,False,11,test,1
3074,0.0,838.03524,838.28546,null,-10.0,0.08,"[20.0, 20.0]",0.0,null,null,null,gabors,null,90.0,4.0,0.8,"[3644.93333333, 3644.93333333]",0.25022036,155,,,0,,False,14,test,2
3075,0.0,838.28546,838.53568,null,10.0,0.08,"[20.0, 20.0]",0.0,null,null,null,gabors,null,0.0,4.0,0.8,"[3644.93333333, 3644.93333333]",0.25022036,157,,,0,,False,11,test,0
3076,0.0,838.53568,838.7859,null,10.0,0.08,"[20.0, 20.0]",-30.0,null,null,null,gabors,null,0.0,4.0,0.8,"[3644.93333333, 3644.93333333]",0.25022036,220,,,0,,False,12,train,0
3077,0.0,838.7859,839.03611,null,10.0,0.08,"[20.0, 20.0]",40.0,null,null,null,gabors,null,90.0,4.0,0.8,"[3644.93333333, 3644.93333333]",0.25020714,39,,,0,,False,12,train,2
3078,0.0,839.03611,839.28631,null,10.0,0.08,"[20.0, 20.0]",-30.0,null,null,null,gabors,null,90.0,4.0,0.8,"[3644.93333333, 3644.93333333]",0.25020714,200,,,0,,False,10,train,2
3079,0.0,839.28631,839.53652,null,40.0,0.08,"[20.0, 20.0]",40.0,null,null,null,gabors,null,90.0,4.0,0.8,"[3644.93333333, 3644.93333333]",0.25020714,189,,,0,,False,11,test,2
3080,0.0,839.53652,839.78673,null,-40.0,0.08,"[20.0, 20.0]",40.0,null,null,null,gabors,null,45.0,4.0,0.8,"[3644.93333333, 3644.93333333]",0.25020714,206,,,0,,False,13,train,1
3081,0.0,839.78673,840.03694,null,-10.0,0.08,"[20.0, 20.0]",40.0,null,null,null,gabors,null,45.0,4.0,0.8,"[3644.93333333, 3644.93333333]",0.25020786,112,,,0,,False,12,train,1
3082,0.0,840.03694,840.28714,null,30.0,0.08,"[20.0, 20.0]",-40.0,null,null,null,gabors,null,90.0,4.0,0.8,"[3644.93333333, 3644.93333333]",0.25020786,6,,,0,,False,13,train,2
3083,0.0,840.28714,840.53735,null,40.0,0.08,"[20.0, 20.0]",-10.0,null,null,null,gabors,null,0.0,4.0,0.8,"[3644.93333333, 3644.93333333]",0.25020786,83,,,0,,False,11,test,0
3084,0.0,840.53735,840.78756,null,40.0,0.08,"[20.0, 20.0]",-10.0,null,null,null,gabors,null,0.0,4.0,0.8,"[3644.93333333, 3644.93333333]",0.25020786,83,,,0,,False,12,train,0
3085,0.0,840.78756,841.03777,null,-10.0,0.08,"[20.0, 20.0]",30.0,null,null,null,gabors,null,0.0,4.0,0.8,"[3644.93333333, 3644.93333333]",0.25021214,27,,,0,,False,11,test,0
3086,0.0,841.03777,841.28798,null,30.0,0.08,"[20.0, 20.0]",0.0,null,null,null,gabors,null,45.0,4.0,0.8,"[3644.93333333, 3644.93333333]",0.25021214,2,,,0,,False,11,test,1
3087,0.0,841.28798,841.5382,null,0.0,0.08,"[20.0, 20.0]",20.0,null,null,null,gabors,null,45.0,4.0,0.8,"[3644.93333333, 3644.93333333]",0.25021214,232,,,0,,False,13,train,1
3088,0.0,841.5382,841.78841,null,10.0,0.08,"[20.0, 20.0]",30.0,null,null,null,gabors,null,0.0,4.0,0.8,"[3644.93333333, 3644.93333333]",0.25021214,226,,,0,,False,10,train,0
3089,0.0,841.78841,842.03862,null,40.0,0.08,"[20.0, 20.0]",20.0,null,null,null,gabors,null,45.0,4.0,0.8,"[3644.93333333, 3644.93333333]",0.25021036,7,,,0,,False,11,test,1
3090,0.0,842.03862,842.28883,null,-30.0,0.08,"[20.0, 20.0]",-40.0,null,null,null,gabors,null,45.0,4.0,0.8,"[3644.93333333, 3644.93333333]",0.25021036,47,,,0,,False,13,train,1
3091,0.0,842.28883,842.53904,null,40.0,0.08,"[20.0, 20.0]",-30.0,null,null,null,gabors,null,90.0,4.0,0.8,"[3644.93333333, 3644.93333333]",0.25021036,234,,,0,,False,12,train,2
3092,0.0,842.53904,842.78925,null,0.0,0.08,"[20.0, 20.0]",40.0,null,null,null,gabors,null,0.0,4.0,0.8,"[3644.93333333, 3644.93333333]",0.25021036,215,,,0,,False,12,train,0
3093,0.0,842.78925,843.03946,null,10.0,0.08,"[20.0, 20.0]",40.0,null,null,null,gabors,null,0.0,4.0,0.8,"[3644.93333333, 3644.93333333]",0.25020714,56,,,0,,False,13,train,0
3094,0.0,843.03946,843.28966,null,30.0,0.08,"[20.0, 20.0]",10.0,null,null,null,gabors,null,90.0,4.0,0.8,"[3644.93333333, 3644.93333333]",0.25020714,171,,,0,,False,9,train,2
3095,0.0,843.28966,843.53987,null,-40.0,0.08,"[20.0, 20.0]",-20.0,null,null,null,gabors,null,90.0,4.0,0.8,"[3644.93333333, 3644.93333333]",0.25020714,65,,,0,,False,13,train,2
3096,0.0,843.53987,843.79008,null,0.0,0.08,"[20.0, 20.0]",-40.0,null,null,null,gabors,null,45.0,4.0,0.8,"[3644.93333333, 3644.93333333]",0.25020714,191,,,0,,False,13,train,1
3097,0.0,843.79008,844.04029,null,-30.0,0.08,"[20.0, 20.0]",-40.0,null,null,null,gabors,null,90.0,4.0,0.8,"[3644.93333333, 3644.93333333]",0.25021036,150,,,0,,False,12,train,2
3098,0.0,844.04029,844.2905,null,-10.0,0.08,"[20.0, 20.0]",0.0,null,null,null,gabors,null,0.0,4.0,0.8,"[3644.93333333, 3644.93333333]",0.25021036,127,,,0,,False,12,train,0
3099,0.0,844.2905,844.54071,null,20.0,0.08,"[20.0, 20.0]",0.0,null,null,null,gabors,null,0.0,4.0,0.8,"[3644.93333333, 3644.93333333]",0.25021036,204,,,0,,False,13,train,0
3100,0.0,844.54071,844.79092,null,0.0,0.08,"[20.0, 20.0]",40.0,null,null,null,gabors,null,45.0,4.0,0.8,"[3644.93333333, 3644.93333333]",0.25021036,156,,,0,,False,10,train,1
3101,0.0,844.79092,845.04113,null,-20.0,0.08,"[20.0, 20.0]",20.0,null,null,null,gabors,null,45.0,4.0,0.8,"[3644.93333333, 3644.93333333]",0.25020714,192,,,0,,False,10,train,1
3102,0.0,845.04113,845.29133,null,0.0,0.08,"[20.0, 20.0]",-20.0,null,null,null,gabors,null,45.0,4.0,0.8,"[3644.93333333, 3644.93333333]",0.25020714,103,,,0,,False,13,train,1
3103,0.0,845.29133,845.54154,null,-20.0,0.08,"[20.0, 20.0]",20.0,null,null,null,gabors,null,0.0,4.0,0.8,"[3644.93333333, 3644.93333333]",0.25020714,178,,,0,,False,14,test,0
3104,0.0,845.54154,845.79175,null,-20.0,0.08,"[20.0, 20.0]",0.0,null,null,null,gabors,null,0.0,4.0,0.8,"[3644.93333333, 3644.93333333]",0.25020714,174,,,0,,False,13,train,0
3105,0.0,845.79175,846.04196,null,10.0,0.08,"[20.0, 20.0]",20.0,null,null,null,gabors,null,90.0,4.0,0.8,"[3644.93333333, 3644.93333333]",0.25020786,147,,,0,,False,11,test,2
3106,0.0,846.04196,846.29216,null,-10.0,0.08,"[20.0, 20.0]",40.0,null,null,null,gabors,null,45.0,4.0,0.8,"[3644.93333333, 3644.93333333]",0.25020786,112,,,0,,False,13,train,1
3107,0.0,846.29216,846.54237,null,30.0,0.08,"[20.0, 20.0]",-30.0,null,null,null,gabors,null,45.0,4.0,0.8,"[3644.93333333, 3644.93333333]",0.25020786,238,,,0,,False,11,test,1
3108,0.0,846.54237,846.79258,null,30.0,0.08,"[20.0, 20.0]",30.0,null,null,null,gabors,null,45.0,4.0,0.8,"[3644.93333333, 3644.93333333]",0.25020786,208,,,0,,False,9,train,1
3109,0.0,846.79258,847.04278,null,10.0,0.08,"[20.0, 20.0]",-20.0,null,null,null,gabors,null,0.0,4.0,0.8,"[3644.93333333, 3644.93333333]",0.25020214,116,,,0,,False,10,train,0
3110,0.0,847.04278,847.29298,null,40.0,0.08,"[20.0, 20.0]",-30.0,null,null,null,gabors,null,90.0,4.0,0.8,"[3644.93333333, 3644.93333333]",0.25020214,234,,,0,,False,13,train,2
3111,0.0,847.29298,847.54319,null,-30.0,0.08,"[20.0, 20.0]",20.0,null,null,null,gabors,null,45.0,4.0,0.8,"[3644.93333333, 3644.93333333]",0.25020214,77,,,0,,False,12,train,1
3112,0.0,847.54319,847.79339,null,40.0,0.08,"[20.0, 20.0]",30.0,null,null,null,gabors,null,0.0,4.0,0.8,"[3644.93333333, 3644.93333333]",0.25020214,126,,,0,,False,9,train,0
3113,0.0,847.79339,848.04361,null,-20.0,0.08,"[20.0, 20.0]",30.0,null,null,null,gabors,null,45.0,4.0,0.8,"[3644.93333333, 3644.93333333]",0.25021786,72,,,0,,False,11,test,1
3114,0.0,848.04361,848.29382,null,30.0,0.08,"[20.0, 20.0]",20.0,null,null,null,gabors,null,45.0,4.0,0.8,"[3644.93333333, 3644.93333333]",0.25021786,73,,,0,,False,12,train,1
3115,0.0,848.29382,848.54404,null,10.0,0.08,"[20.0, 20.0]",-40.0,null,null,null,gabors,null,0.0,4.0,0.8,"[3644.93333333, 3644.93333333]",0.25021786,19,,,0,,False,11,test,0
3116,0.0,848.54404,848.79426,null,30.0,0.08,"[20.0, 20.0]",30.0,null,null,null,gabors,null,45.0,4.0,0.8,"[3644.93333333, 3644.93333333]",0.25021786,208,,,0,,False,10,train,1
3117,0.0,848.79426,849.04447,null,10.0,0.08,"[20.0, 20.0]",-20.0,null,null,null,gabors,null,0.0,4.0,0.8,"[3644.93333333, 3644.93333333]",0.25020714,116,,,0,,False,11,test,0
3118,0.0,849.04447,849.29467,null,20.0,0.08,"[20.0, 20.0]",30.0,null,null,null,gabors,null,45.0,4.0,0.8,"[3644.93333333, 3644.93333333]",0.25020714,184,,,0,,False,13,train,1
3119,0.0,849.29467,849.54488,null,-40.0,0.08,"[20.0, 20.0]",-20.0,null,null,null,gabors,null,45.0,4.0,0.8,"[3644.93333333, 3644.93333333]",0.25020714,239,,,0,,False,11,test,1
3120,0.0,849.54488,849.79509,null,0.0,0.08,"[20.0, 20.0]",-20.0,null,null,null,gabors,null,0.0,4.0,0.8,"[3644.93333333, 3644.93333333]",0.25020714,228,,,0,,False,12,train,0
3121,0.0,849.79509,850.0453,null,-30.0,0.08,"[20.0, 20.0]",-30.0,null,null,null,gabors,null,0.0,4.0,0.8,"[3644.93333333, 3644.93333333]",0.25021036,43,,,0,,False,10,train,0
3122,0.0,850.0453,850.29551,null,-10.0,0.08,"[20.0, 20.0]",10.0,null,null,null,gabors,null,45.0,4.0,0.8,"[3644.93333333, 3644.93333333]",0.25021036,25,,,0,,False,11,test,1
3123,0.0,850.29551,850.54572,null,30.0,0.08,"[20.0, 20.0]",40.0,null,null,null,gabors,null,90.0,4.0,0.8,"[3644.93333333, 3644.93333333]",0.25021036,169,,,0,,False,12,train,2
3124,0.0,850.54572,850.79593,null,30.0,0.08,"[20.0, 20.0]",30.0,null,null,null,gabors,null,0.0,4.0,0.8,"[3644.93333333, 3644.93333333]",0.25021036,154,,,0,,False,14,test,0
3125,0.0,850.79593,851.04613,null,-20.0,0.08,"[20.0, 20.0]",-40.0,null,null,null,gabors,null,45.0,4.0,0.8,"[3644.93333333, 3644.93333333]",0.25019964,106,,,0,,False,13,train,1
3126,0.0,851.04613,851.29633,null,20.0,0.08,"[20.0, 20.0]",40.0,null,null,null,gabors,null,0.0,4.0,0.8,"[3644.93333333, 3644.93333333]",0.25019964,30,,,0,,False,11,test,0
3127,0.0,851.29633,851.54653,null,30.0,0.08,"[20.0, 20.0]",0.0,null,null,null,gabors,null,45.0,4.0,0.8,"[3644.93333333, 3644.93333333]",0.25019964,2,,,0,,False,12,train,1
3128,0.0,851.54653,851.79673,null,40.0,0.08,"[20.0, 20.0]",40.0,null,null,null,gabors,null,0.0,4.0,0.8,"[3644.93333333, 3644.93333333]",0.25019964,45,,,0,,False,13,train,0
3129,0.0,851.79673,852.04695,null,20.0,0.08,"[20.0, 20.0]",40.0,null,null,null,gabors,null,0.0,4.0,0.8,"[3644.93333333, 3644.93333333]",0.25022036,30,,,0,,False,12,train,0
3130,0.0,852.04695,852.29717,null,10.0,0.08,"[20.0, 20.0]",-10.0,null,null,null,gabors,null,90.0,4.0,0.8,"[3644.93333333, 3644.93333333]",0.25022036,81,,,0,,False,12,train,2
3131,0.0,852.29717,852.54739,null,40.0,0.08,"[20.0, 20.0]",30.0,null,null,null,gabors,null,45.0,4.0,0.8,"[3644.93333333, 3644.93333333]",0.25022036,163,,,0,,False,13,train,1
3132,0.0,852.54739,852.79761,null,10.0,0.08,"[20.0, 20.0]",0.0,null,null,null,gabors,null,0.0,4.0,0.8,"[3644.93333333, 3644.93333333]",0.25022036,157,,,0,,False,12,train,0
3133,0.0,852.79761,853.04782,null,-40.0,0.08,"[20.0, 20.0]",10.0,null,null,null,gabors,null,0.0,4.0,0.8,"[3644.93333333, 3644.93333333]",0.25020714,68,,,0,,False,13,train,0
3134,0.0,853.04782,853.29802,null,-30.0,0.08,"[20.0, 20.0]",-10.0,null,null,null,gabors,null,45.0,4.0,0.8,"[3644.93333333, 3644.93333333]",0.25020714,165,,,0,,False,12,train,1
3135,0.0,853.29802,853.54823,null,10.0,0.08,"[20.0, 20.0]",20.0,null,null,null,gabors,null,0.0,4.0,0.8,"[3644.93333333, 3644.93333333]",0.25020714,129,,,0,,False,11,test,0
3136,0.0,853.54823,853.79844,null,40.0,0.08,"[20.0, 20.0]",-20.0,null,null,null,gabors,null,90.0,4.0,0.8,"[3644.93333333, 3644.93333333]",0.25020714,149,,,0,,False,12,train,2
3137,0.0,853.79844,854.04865,null,-40.0,0.08,"[20.0, 20.0]",0.0,null,null,null,gabors,null,0.0,4.0,0.8,"[3644.93333333, 3644.93333333]",0.25021286,89,,,0,,False,12,train,0
3138,0.0,854.04865,854.29886,null,-20.0,0.08,"[20.0, 20.0]",40.0,null,null,null,gabors,null,0.0,4.0,0.8,"[3644.93333333, 3644.93333333]",0.25021286,109,,,0,,False,12,train,0
3139,0.0,854.29886,854.54908,null,-30.0,0.08,"[20.0, 20.0]",-20.0,null,null,null,gabors,null,45.0,4.0,0.8,"[3644.93333333, 3644.93333333]",0.25021286,176,,,0,,False,10,train,1
3140,0.0,854.54908,854.79929,null,10.0,0.08,"[20.0, 20.0]",-20.0,null,null,null,gabors,null,90.0,4.0,0.8,"[3644.93333333, 3644.93333333]",0.25021286,57,,,0,,False,9,train,2
3141,0.0,854.79929,855.0495,null,40.0,0.08,"[20.0, 20.0]",40.0,null,null,null,gabors,null,45.0,4.0,0.8,"[3644.93333333, 3644.93333333]",0.25020714,237,,,0,,False,10,train,1
3142,0.0,855.0495,855.2997,null,-10.0,0.08,"[20.0, 20.0]",-20.0,null,null,null,gabors,null,0.0,4.0,0.8,"[3644.93333333, 3644.93333333]",0.25020714,96,,,0,,False,12,train,0
3143,0.0,855.2997,855.54991,null,-20.0,0.08,"[20.0, 20.0]",-30.0,null,null,null,gabors,null,0.0,4.0,0.8,"[3644.93333333, 3644.93333333]",0.25020714,54,,,0,,False,12,train,0
3144,0.0,855.54991,855.80012,null,0.0,0.08,"[20.0, 20.0]",0.0,null,null,null,gabors,null,90.0,4.0,0.8,"[3644.93333333, 3644.93333333]",0.25020714,210,,,0,,False,11,test,2
3145,0.0,855.80012,856.05033,null,-30.0,0.08,"[20.0, 20.0]",30.0,null,null,null,gabors,null,45.0,4.0,0.8,"[3644.93333333, 3644.93333333]",0.25021036,217,,,0,,False,13,train,1
3146,0.0,856.05033,856.30054,null,-20.0,0.08,"[20.0, 20.0]",40.0,null,null,null,gabors,null,90.0,4.0,0.8,"[3644.93333333, 3644.93333333]",0.25021036,79,,,0,,False,13,train,2
3147,0.0,856.30054,856.55075,null,-10.0,0.08,"[20.0, 20.0]",20.0,null,null,null,gabors,null,45.0,4.0,0.8,"[3644.93333333, 3644.93333333]",0.25021036,93,,,0,,False,13,train,1
3148,0.0,856.55075,856.80096,null,-40.0,0.08,"[20.0, 20.0]",-10.0,null,null,null,gabors,null,45.0,4.0,0.8,"[3644.93333333, 3644.93333333]",0.25021036,74,,,0,,False,13,train,1
3149,0.0,856.80096,857.05117,null,-30.0,0.08,"[20.0, 20.0]",-30.0,null,null,null,gabors,null,45.0,4.0,0.8,"[3644.93333333, 3644.93333333]",0.25020714,46,,,0,,False,13,train,1
3150,0.0,857.05117,857.30137,null,40.0,0.08,"[20.0, 20.0]",40.0,null,null,null,gabors,null,45.0,4.0,0.8,"[3644.93333333, 3644.93333333]",0.25020714,237,,,0,,False,11,test,1
3151,0.0,857.30137,857.55158,null,40.0,0.08,"[20.0, 20.0]",40.0,null,null,null,gabors,null,45.0,4.0,0.8,"[3644.93333333, 3644.93333333]",0.25020714,237,,,0,,False,12,train,1
3152,0.0,857.55158,857.80179,null,0.0,0.08,"[20.0, 20.0]",-40.0,null,null,null,gabors,null,90.0,4.0,0.8,"[3644.93333333, 3644.93333333]",0.25020714,207,,,0,,False,10,train,2
3153,0.0,857.80179,858.052,null,-30.0,0.08,"[20.0, 20.0]",40.0,null,null,null,gabors,null,90.0,4.0,0.8,"[3644.93333333, 3644.93333333]",0.25021036,148,,,0,,False,12,train,2
3154,0.0,858.052,858.30221,null,-10.0,0.08,"[20.0, 20.0]",-10.0,null,null,null,gabors,null,90.0,4.0,0.8,"[3644.93333333, 3644.93333333]",0.25021036,182,,,0,,False,13,train,2
3155,0.0,858.30221,858.55242,null,-20.0,0.08,"[20.0, 20.0]",30.0,null,null,null,gabors,null,45.0,4.0,0.8,"[3644.93333333, 3644.93333333]",0.25021036,72,,,0,,False,12,train,1
3156,0.0,858.55242,858.80263,null,40.0,0.08,"[20.0, 20.0]",40.0,null,null,null,gabors,null,45.0,4.0,0.8,"[3644.93333333, 3644.93333333]",0.25021036,237,,,0,,False,13,train,1
3157,0.0,858.80263,859.05283,null,20.0,0.08,"[20.0, 20.0]",-40.0,null,null,null,gabors,null,45.0,4.0,0.8,"[3644.93333333, 3644.93333333]",0.25020214,125,,,0,,False,14,test,1
3158,0.0,859.05283,859.30303,null,30.0,0.08,"[20.0, 20.0]",-10.0,null,null,null,gabors,null,90.0,4.0,0.8,"[3644.93333333, 3644.93333333]",0.25020214,227,,,0,,False,13,train,2
3159,0.0,859.30303,859.55324,null,-30.0,0.08,"[20.0, 20.0]",30.0,null,null,null,gabors,null,90.0,4.0,0.8,"[3644.93333333, 3644.93333333]",0.25020214,111,,,0,,False,12,train,2
3160,0.0,859.55324,859.80344,null,-30.0,0.08,"[20.0, 20.0]",10.0,null,null,null,gabors,null,90.0,4.0,0.8,"[3644.93333333, 3644.93333333]",0.25020214,85,,,0,,False,13,train,2
3161,0.0,859.80344,860.05365,null,0.0,0.08,"[20.0, 20.0]",-40.0,null,null,null,gabors,null,0.0,4.0,0.8,"[3644.93333333, 3644.93333333]",0.25021286,11,,,0,,False,11,test,0
3162,0.0,860.05365,860.30386,null,-30.0,0.08,"[20.0, 20.0]",-20.0,null,null,null,gabors,null,45.0,4.0,0.8,"[3644.93333333, 3644.93333333]",0.25021286,176,,,0,,False,11,test,1
3163,0.0,860.30386,860.55408,null,-30.0,0.08,"[20.0, 20.0]",-30.0,null,null,null,gabors,null,0.0,4.0,0.8,"[3644.93333333, 3644.93333333]",0.25021286,43,,,0,,False,11,test,0
3164,0.0,860.55408,860.80429,null,-40.0,0.08,"[20.0, 20.0]",20.0,null,null,null,gabors,null,90.0,4.0,0.8,"[3644.93333333, 3644.93333333]",0.25021286,55,,,0,,False,12,train,2
3165,0.0,860.80429,861.0545,null,-10.0,0.08,"[20.0, 20.0]",0.0,null,null,null,gabors,null,45.0,4.0,0.8,"[3644.93333333, 3644.93333333]",0.25020714,167,,,0,,False,14,test,1
3166,0.0,861.0545,861.3047,null,-10.0,0.08,"[20.0, 20.0]",-40.0,null,null,null,gabors,null,90.0,4.0,0.8,"[3644.93333333, 3644.93333333]",0.25020714,91,,,0,,False,11,test,2
3167,0.0,861.3047,861.55491,null,0.0,0.08,"[20.0, 20.0]",30.0,null,null,null,gabors,null,90.0,4.0,0.8,"[3644.93333333, 3644.93333333]",0.25020714,59,,,0,,False,12,train,2
3168,0.0,861.55491,861.80512,null,40.0,0.08,"[20.0, 20.0]",-30.0,null,null,null,gabors,null,45.0,4.0,0.8,"[3644.93333333, 3644.93333333]",0.25020714,137,,,0,,False,11,test,1
3169,0.0,861.80512,862.05533,null,0.0,0.08,"[20.0, 20.0]",-10.0,null,null,null,gabors,null,0.0,4.0,0.8,"[3644.93333333, 3644.93333333]",0.25021286,143,,,0,,False,11,test,0
3170,0.0,862.05533,862.30554,null,20.0,0.08,"[20.0, 20.0]",30.0,null,null,null,gabors,null,0.0,4.0,0.8,"[3644.93333333, 3644.93333333]",0.25021286,186,,,0,,False,13,train,0
3171,0.0,862.30554,862.55576,null,-30.0,0.08,"[20.0, 20.0]",0.0,null,null,null,gabors,null,0.0,4.0,0.8,"[3644.93333333, 3644.93333333]",0.25021286,40,,,0,,False,12,train,0
3172,0.0,862.55576,862.80597,null,-20.0,0.08,"[20.0, 20.0]",20.0,null,null,null,gabors,null,45.0,4.0,0.8,"[3644.93333333, 3644.93333333]",0.25021286,192,,,0,,False,11,test,1
3173,0.0,862.80597,863.05618,null,10.0,0.08,"[20.0, 20.0]",-20.0,null,null,null,gabors,null,90.0,4.0,0.8,"[3644.93333333, 3644.93333333]",0.25020714,57,,,0,,False,10,train,2
3174,0.0,863.05618,863.30638,null,-10.0,0.08,"[20.0, 20.0]",-40.0,null,null,null,gabors,null,90.0,4.0,0.8,"[3644.93333333, 3644.93333333]",0.25020714,91,,,0,,False,12,train,2
3175,0.0,863.30638,863.55659,null,-10.0,0.08,"[20.0, 20.0]",20.0,null,null,null,gabors,null,0.0,4.0,0.8,"[3644.93333333, 3644.93333333]",0.25020714,1,,,0,,False,13,train,0
3176,0.0,863.55659,863.8068,null,0.0,0.08,"[20.0, 20.0]",-30.0,null,null,null,gabors,null,45.0,4.0,0.8,"[3644.93333333, 3644.93333333]",0.25020714,160,,,0,,False,12,train,1
3177,0.0,863.8068,864.05701,null,10.0,0.08,"[20.0, 20.0]",40.0,null,null,null,gabors,null,0.0,4.0,0.8,"[3644.93333333, 3644.93333333]",0.25021036,56,,,0,,False,14,test,0
3178,0.0,864.05701,864.30722,null,-40.0,0.08,"[20.0, 20.0]",-30.0,null,null,null,gabors,null,45.0,4.0,0.8,"[3644.93333333, 3644.93333333]",0.25021036,107,,,0,,False,13,train,1
3179,0.0,864.30722,864.55743,null,20.0,0.08,"[20.0, 20.0]",-40.0,null,null,null,gabors,null,90.0,4.0,0.8,"[3644.93333333, 3644.93333333]",0.25021036,133,,,0,,False,10,train,2
3180,0.0,864.55743,864.80764,null,-10.0,0.08,"[20.0, 20.0]",-20.0,null,null,null,gabors,null,45.0,4.0,0.8,"[3644.93333333, 3644.93333333]",0.25021036,166,,,0,,False,13,train,1
3181,0.0,864.80764,865.05786,null,-40.0,0.08,"[20.0, 20.0]",20.0,null,null,null,gabors,null,0.0,4.0,0.8,"[3644.93333333, 3644.93333333]",0.25021714,139,,,0,,False,12,train,0
3182,0.0,865.05786,865.30807,null,-10.0,0.08,"[20.0, 20.0]",-30.0,null,null,null,gabors,null,90.0,4.0,0.8,"[3644.93333333, 3644.93333333]",0.25021714,202,,,0,,False,13,train,2
3183,0.0,865.30807,865.55829,null,0.0,0.08,"[20.0, 20.0]",-40.0,null,null,null,gabors,null,0.0,4.0,0.8,"[3644.93333333, 3644.93333333]",0.25021714,11,,,0,,False,12,train,0
3184,0.0,865.55829,865.80851,null,-30.0,0.08,"[20.0, 20.0]",40.0,null,null,null,gabors,null,90.0,4.0,0.8,"[3644.93333333, 3644.93333333]",0.25021714,148,,,0,,False,13,train,2
3185,0.0,865.80851,866.05871,null,-10.0,0.08,"[20.0, 20.0]",40.0,null,null,null,gabors,null,45.0,4.0,0.8,"[3644.93333333, 3644.93333333]",0.25020286,112,,,0,,False,14,test,1
3186,0.0,866.05871,866.30891,null,-10.0,0.08,"[20.0, 20.0]",30.0,null,null,null,gabors,null,0.0,4.0,0.8,"[3644.93333333, 3644.93333333]",0.25020286,27,,,0,,False,12,train,0
3187,0.0,866.30891,866.55912,null,20.0,0.08,"[20.0, 20.0]",-10.0,null,null,null,gabors,null,90.0,4.0,0.8,"[3644.93333333, 3644.93333333]",0.25020286,50,,,0,,False,13,train,2
3188,0.0,866.55912,866.80932,null,40.0,0.08,"[20.0, 20.0]",20.0,null,null,null,gabors,null,90.0,4.0,0.8,"[3644.93333333, 3644.93333333]",0.25020286,115,,,0,,False,11,test,2
3189,0.0,866.80932,867.05953,null,-40.0,0.08,"[20.0, 20.0]",10.0,null,null,null,gabors,null,0.0,4.0,0.8,"[3644.93333333, 3644.93333333]",0.25020464,68,,,0,,False,14,test,0
3190,0.0,867.05953,867.30973,null,10.0,0.08,"[20.0, 20.0]",-10.0,null,null,null,gabors,null,0.0,4.0,0.8,"[3644.93333333, 3644.93333333]",0.25020464,95,,,0,,False,12,train,0
3191,0.0,867.30973,867.55993,null,-40.0,0.08,"[20.0, 20.0]",-30.0,null,null,null,gabors,null,90.0,4.0,0.8,"[3644.93333333, 3644.93333333]",0.25020464,86,,,0,,False,12,train,2
3192,0.0,867.55993,867.81014,null,10.0,0.08,"[20.0, 20.0]",30.0,null,null,null,gabors,null,0.0,4.0,0.8,"[3644.93333333, 3644.93333333]",0.25020464,226,,,0,,False,11,test,0
3193,0.0,867.81014,868.06035,null,10.0,0.08,"[20.0, 20.0]",-20.0,null,null,null,gabors,null,45.0,4.0,0.8,"[3644.93333333, 3644.93333333]",0.25021286,190,,,0,,False,12,train,1
3194,0.0,868.06035,868.31056,null,20.0,0.08,"[20.0, 20.0]",20.0,null,null,null,gabors,null,0.0,4.0,0.8,"[3644.93333333, 3644.93333333]",0.25021286,121,,,0,,False,13,train,0
3195,0.0,868.31056,868.56078,null,30.0,0.08,"[20.0, 20.0]",40.0,null,null,null,gabors,null,45.0,4.0,0.8,"[3644.93333333, 3644.93333333]",0.25021286,162,,,0,,False,11,test,1
3196,0.0,868.56078,868.81099,null,40.0,0.08,"[20.0, 20.0]",-20.0,null,null,null,gabors,null,45.0,4.0,0.8,"[3644.93333333, 3644.93333333]",0.25021286,78,,,0,,False,11,test,1
3197,0.0,868.81099,869.0612,null,-20.0,0.08,"[20.0, 20.0]",30.0,null,null,null,gabors,null,45.0,4.0,0.8,"[3644.93333333, 3644.93333333]",0.25020714,72,,,0,,False,13,train,1
3198,0.0,869.0612,869.3114,null,-20.0,0.08,"[20.0, 20.0]",-10.0,null,null,null,gabors,null,0.0,4.0,0.8,"[3644.93333333, 3644.93333333]",0.25020714,241,,,0,,False,13,train,0
3199,0.0,869.3114,869.56161,null,20.0,0.08,"[20.0, 20.0]",20.0,null,null,null,gabors,null,45.0,4.0,0.8,"[3644.93333333, 3644.93333333]",0.25020714,5,,,0,,False,13,train,1
3200,0.0,869.56161,869.81182,null,20.0,0.08,"[20.0, 20.0]",-40.0,null,null,null,gabors,null,90.0,4.0,0.8,"[3644.93333333, 3644.93333333]",0.25020714,133,,,0,,False,11,test,2
3201,0.0,869.81182,870.06203,null,10.0,0.08,"[20.0, 20.0]",-20.0,null,null,null,gabors,null,45.0,4.0,0.8,"[3644.93333333, 3644.93333333]",0.25021286,190,,,0,,False,13,train,1
3202,0.0,870.06203,870.31224,null,-20.0,0.08,"[20.0, 20.0]",-10.0,null,null,null,gabors,null,90.0,4.0,0.8,"[3644.93333333, 3644.93333333]",0.25021286,236,,,0,,False,12,train,2
3203,0.0,870.31224,870.56246,null,10.0,0.08,"[20.0, 20.0]",30.0,null,null,null,gabors,null,45.0,4.0,0.8,"[3644.93333333, 3644.93333333]",0.25021286,12,,,0,,False,13,train,1
3204,0.0,870.56246,870.81267,null,-30.0,0.08,"[20.0, 20.0]",0.0,null,null,null,gabors,null,0.0,4.0,0.8,"[3644.93333333, 3644.93333333]",0.25021286,40,,,0,,False,13,train,0
3205,0.0,870.81267,871.06288,null,-30.0,0.08,"[20.0, 20.0]",-10.0,null,null,null,gabors,null,45.0,4.0,0.8,"[3644.93333333, 3644.93333333]",0.25020714,165,,,0,,False,13,train,1
3206,0.0,871.06288,871.31308,null,20.0,0.08,"[20.0, 20.0]",0.0,null,null,null,gabors,null,0.0,4.0,0.8,"[3644.93333333, 3644.93333333]",0.25020714,204,,,0,,False,14,test,0
3207,0.0,871.31308,871.56329,null,-20.0,0.08,"[20.0, 20.0]",10.0,null,null,null,gabors,null,90.0,4.0,0.8,"[3644.93333333, 3644.93333333]",0.25020714,235,,,0,,False,14,test,2
3208,0.0,871.56329,871.8135,null,-40.0,0.08,"[20.0, 20.0]",0.0,null,null,null,gabors,null,45.0,4.0,0.8,"[3644.93333333, 3644.93333333]",0.25020714,130,,,0,,False,13,train,1
3209,0.0,871.8135,872.06371,null,40.0,0.08,"[20.0, 20.0]",30.0,null,null,null,gabors,null,90.0,4.0,0.8,"[3644.93333333, 3644.93333333]",0.25021036,104,,,0,,False,13,train,2
3210,0.0,872.06371,872.31392,null,40.0,0.08,"[20.0, 20.0]",-30.0,null,null,null,gabors,null,0.0,4.0,0.8,"[3644.93333333, 3644.93333333]",0.25021036,183,,,0,,False,13,train,0
3211,0.0,872.31392,872.56413,null,-20.0,0.08,"[20.0, 20.0]",30.0,null,null,null,gabors,null,90.0,4.0,0.8,"[3644.93333333, 3644.93333333]",0.25021036,161,,,0,,False,13,train,2
3212,0.0,872.56413,872.81434,null,0.0,0.08,"[20.0, 20.0]",-20.0,null,null,null,gabors,null,0.0,4.0,0.8,"[3644.93333333, 3644.93333333]",0.25021036,228,,,0,,False,13,train,0
3213,0.0,872.81434,873.06455,null,-20.0,0.08,"[20.0, 20.0]",20.0,null,null,null,gabors,null,45.0,4.0,0.8,"[3644.93333333, 3644.93333333]",0.25020714,192,,,0,,False,12,train,1
3214,0.0,873.06455,873.31475,null,20.0,0.08,"[20.0, 20.0]",-30.0,null,null,null,gabors,null,90.0,4.0,0.8,"[3644.93333333, 3644.93333333]",0.25020714,28,,,0,,False,13,train,2
3215,0.0,873.31475,873.56496,null,20.0,0.08,"[20.0, 20.0]",-10.0,null,null,null,gabors,null,45.0,4.0,0.8,"[3644.93333333, 3644.93333333]",0.25020714,242,,,0,,False,13,train,1
3216,0.0,873.56496,873.81517,null,-10.0,0.08,"[20.0, 20.0]",-40.0,null,null,null,gabors,null,0.0,4.0,0.8,"[3644.93333333, 3644.93333333]",0.25020714,185,,,0,,False,11,test,0
3217,0.0,873.81517,874.06538,null,0.0,0.08,"[20.0, 20.0]",-40.0,null,null,null,gabors,null,90.0,4.0,0.8,"[3644.93333333, 3644.93333333]",0.25021036,207,,,0,,False,11,test,2
3218,0.0,874.06538,874.31559,null,-20.0,0.08,"[20.0, 20.0]",0.0,null,null,null,gabors,null,45.0,4.0,0.8,"[3644.93333333, 3644.93333333]",0.25021036,193,,,0,,False,13,train,1
3219,0.0,874.31559,874.5658,null,-30.0,0.08,"[20.0, 20.0]",20.0,null,null,null,gabors,null,45.0,4.0,0.8,"[3644.93333333, 3644.93333333]",0.25021036,77,,,0,,False,13,train,1
3220,0.0,874.5658,874.81601,null,10.0,0.08,"[20.0, 20.0]",-30.0,null,null,null,gabors,null,45.0,4.0,0.8,"[3644.93333333, 3644.93333333]",0.25021036,152,,,0,,False,12,train,1
3221,0.0,874.81601,875.06622,null,-20.0,0.08,"[20.0, 20.0]",40.0,null,null,null,gabors,null,45.0,4.0,0.8,"[3644.93333333, 3644.93333333]",0.25020964,179,,,0,,False,13,train,1
3222,0.0,875.06622,875.31643,null,-30.0,0.08,"[20.0, 20.0]",30.0,null,null,null,gabors,null,90.0,4.0,0.8,"[3644.93333333, 3644.93333333]",0.25020964,111,,,0,,False,13,train,2
3223,0.0,875.31643,875.56664,null,-10.0,0.08,"[20.0, 20.0]",-20.0,null,null,null,gabors,null,0.0,4.0,0.8,"[3644.93333333, 3644.93333333]",0.25020964,96,,,0,,False,13,train,0
3224,0.0,875.56664,875.81685,null,-40.0,0.08,"[20.0, 20.0]",-40.0,null,null,null,gabors,null,45.0,4.0,0.8,"[3644.93333333, 3644.93333333]",0.25020964,197,,,0,,False,12,train,1
3225,0.0,875.81685,876.06706,null,40.0,0.08,"[20.0, 20.0]",10.0,null,null,null,gabors,null,0.0,4.0,0.8,"[3644.93333333, 3644.93333333]",0.25020786,62,,,0,,False,13,train,0
3226,0.0,876.06706,876.31726,null,10.0,0.08,"[20.0, 20.0]",20.0,null,null,null,gabors,null,90.0,4.0,0.8,"[3644.93333333, 3644.93333333]",0.25020786,147,,,0,,False,12,train,2
3227,0.0,876.31726,876.56747,null,-30.0,0.08,"[20.0, 20.0]",-30.0,null,null,null,gabors,null,0.0,4.0,0.8,"[3644.93333333, 3644.93333333]",0.25020786,43,,,0,,False,12,train,0
3228,0.0,876.56747,876.81768,null,0.0,0.08,"[20.0, 20.0]",10.0,null,null,null,gabors,null,90.0,4.0,0.8,"[3644.93333333, 3644.93333333]",0.25020786,196,,,0,,False,14,test,2
3229,0.0,876.81768,877.0679,null,40.0,0.08,"[20.0, 20.0]",30.0,null,null,null,gabors,null,0.0,4.0,0.8,"[3644.93333333, 3644.93333333]",0.25021464,126,,,0,,False,10,train,0
3230,0.0,877.0679,877.31811,null,-30.0,0.08,"[20.0, 20.0]",-30.0,null,null,null,gabors,null,45.0,4.0,0.8,"[3644.93333333, 3644.93333333]",0.25021464,46,,,0,,False,14,test,1
3231,0.0,877.31811,877.56832,null,10.0,0.08,"[20.0, 20.0]",-20.0,null,null,null,gabors,null,90.0,4.0,0.8,"[3644.93333333, 3644.93333333]",0.25021464,57,,,0,,False,11,test,2
3232,0.0,877.56832,877.81854,null,-30.0,0.08,"[20.0, 20.0]",-20.0,null,null,null,gabors,null,0.0,4.0,0.8,"[3644.93333333, 3644.93333333]",0.25021464,119,,,0,,False,13,train,0
3233,0.0,877.81854,878.06874,null,30.0,0.08,"[20.0, 20.0]",40.0,null,null,null,gabors,null,90.0,4.0,0.8,"[3644.93333333, 3644.93333333]",0.25020536,169,,,0,,False,13,train,2
3234,0.0,878.06874,878.31895,null,20.0,0.08,"[20.0, 20.0]",-40.0,null,null,null,gabors,null,90.0,4.0,0.8,"[3644.93333333, 3644.93333333]",0.25020536,133,,,0,,False,12,train,2
3235,0.0,878.31895,878.56916,null,-40.0,0.08,"[20.0, 20.0]",-10.0,null,null,null,gabors,null,45.0,4.0,0.8,"[3644.93333333, 3644.93333333]",0.25020536,74,,,0,,False,14,test,1
3236,0.0,878.56916,878.81936,null,-30.0,0.08,"[20.0, 20.0]",10.0,null,null,null,gabors,null,90.0,4.0,0.8,"[3644.93333333, 3644.93333333]",0.25020536,85,,,0,,False,14,test,2
3237,0.0,878.81936,879.06957,null,0.0,0.08,"[20.0, 20.0]",20.0,null,null,null,gabors,null,0.0,4.0,0.8,"[3644.93333333, 3644.93333333]",0.25021214,216,,,0,,False,14,test,0
3238,0.0,879.06957,879.31978,null,-20.0,0.08,"[20.0, 20.0]",-30.0,null,null,null,gabors,null,0.0,4.0,0.8,"[3644.93333333, 3644.93333333]",0.25021214,54,,,0,,False,13,train,0
3239,0.0,879.31978,879.57,null,40.0,0.08,"[20.0, 20.0]",20.0,null,null,null,gabors,null,0.0,4.0,0.8,"[3644.93333333, 3644.93333333]",0.25021214,98,,,0,,False,13,train,0
3240,0.0,879.57,879.82021,null,30.0,0.08,"[20.0, 20.0]",-20.0,null,null,null,gabors,null,0.0,4.0,0.8,"[3644.93333333, 3644.93333333]",0.25021214,230,,,0,,False,11,test,0
3241,0.0,879.82021,880.07041,null,10.0,0.08,"[20.0, 20.0]",20.0,null,null,null,gabors,null,45.0,4.0,0.8,"[3644.93333333, 3644.93333333]",0.25020536,14,,,0,,False,13,train,1
3242,0.0,880.07041,880.32062,null,-40.0,0.08,"[20.0, 20.0]",40.0,null,null,null,gabors,null,90.0,4.0,0.8,"[3644.93333333, 3644.93333333]",0.25020536,123,,,0,,False,13,train,2
3243,0.0,880.32062,880.57083,null,10.0,0.08,"[20.0, 20.0]",-30.0,null,null,null,gabors,null,45.0,4.0,0.8,"[3644.93333333, 3644.93333333]",0.25020536,152,,,0,,False,13,train,1
3244,0.0,880.57083,880.82103,null,30.0,0.08,"[20.0, 20.0]",30.0,null,null,null,gabors,null,90.0,4.0,0.8,"[3644.93333333, 3644.93333333]",0.25020536,134,,,0,,False,13,train,2
3245,0.0,880.82103,881.07124,null,10.0,0.08,"[20.0, 20.0]",10.0,null,null,null,gabors,null,45.0,4.0,0.8,"[3644.93333333, 3644.93333333]",0.25020964,58,,,0,,False,10,train,1
3246,0.0,881.07124,881.32145,null,-30.0,0.08,"[20.0, 20.0]",-10.0,null,null,null,gabors,null,0.0,4.0,0.8,"[3644.93333333, 3644.93333333]",0.25020964,52,,,0,,False,14,test,0
3247,0.0,881.32145,881.57166,null,30.0,0.08,"[20.0, 20.0]",-20.0,null,null,null,gabors,null,0.0,4.0,0.8,"[3644.93333333, 3644.93333333]",0.25020964,230,,,0,,False,12,train,0
3248,0.0,881.57166,881.82187,null,-30.0,0.08,"[20.0, 20.0]",10.0,null,null,null,gabors,null,45.0,4.0,0.8,"[3644.93333333, 3644.93333333]",0.25020964,108,,,0,,False,13,train,1
3249,0.0,881.82187,882.07208,null,-20.0,0.08,"[20.0, 20.0]",-30.0,null,null,null,gabors,null,90.0,4.0,0.8,"[3644.93333333, 3644.93333333]",0.25020786,221,,,0,,False,13,train,2
3250,0.0,882.07208,882.32228,null,40.0,0.08,"[20.0, 20.0]",30.0,null,null,null,gabors,null,0.0,4.0,0.8,"[3644.93333333, 3644.93333333]",0.25020786,126,,,0,,False,11,test,0
3251,0.0,882.32228,882.57249,null,30.0,0.08,"[20.0, 20.0]",20.0,null,null,null,gabors,null,90.0,4.0,0.8,"[3644.93333333, 3644.93333333]",0.25020786,76,,,0,,False,13,train,2
3252,0.0,882.57249,882.8227,null,-30.0,0.08,"[20.0, 20.0]",-40.0,null,null,null,gabors,null,90.0,4.0,0.8,"[3644.93333333, 3644.93333333]",0.25020786,150,,,0,,False,13,train,2
3253,0.0,882.8227,883.07291,null,20.0,0.08,"[20.0, 20.0]",30.0,null,null,null,gabors,null,45.0,4.0,0.8,"[3644.93333333, 3644.93333333]",0.25020964,184,,,0,,False,14,test,1
3254,0.0,883.07291,883.32312,null,-30.0,0.08,"[20.0, 20.0]",-30.0,null,null,null,gabors,null,90.0,4.0,0.8,"[3644.93333333, 3644.93333333]",0.25020964,80,,,0,,False,13,train,2
3255,0.0,883.32312,883.57333,null,-20.0,0.08,"[20.0, 20.0]",-40.0,null,null,null,gabors,null,45.0,4.0,0.8,"[3644.93333333, 3644.93333333]",0.25020964,106,,,0,,False,14,test,1
3256,0.0,883.57333,883.82354,null,-40.0,0.08,"[20.0, 20.0]",-30.0,null,null,null,gabors,null,0.0,4.0,0.8,"[3644.93333333, 3644.93333333]",0.25020964,172,,,0,,False,12,train,0
3257,0.0,883.82354,884.07375,null,30.0,0.08,"[20.0, 20.0]",-30.0,null,null,null,gabors,null,45.0,4.0,0.8,"[3644.93333333, 3644.93333333]",0.25021286,238,,,0,,False,12,train,1
3258,0.0,884.07375,884.32396,null,-40.0,0.08,"[20.0, 20.0]",40.0,null,null,null,gabors,null,0.0,4.0,0.8,"[3644.93333333, 3644.93333333]",0.25021286,231,,,0,,False,14,test,0
3259,0.0,884.32396,884.57418,null,0.0,0.08,"[20.0, 20.0]",40.0,null,null,null,gabors,null,45.0,4.0,0.8,"[3644.93333333, 3644.93333333]",0.25021286,156,,,0,,False,11,test,1
3260,0.0,884.57418,884.82439,null,10.0,0.08,"[20.0, 20.0]",-20.0,null,null,null,gabors,null,45.0,4.0,0.8,"[3644.93333333, 3644.93333333]",0.25021286,190,,,0,,False,14,test,1
3261,0.0,884.82439,885.0746,null,-30.0,0.08,"[20.0, 20.0]",-30.0,null,null,null,gabors,null,0.0,4.0,0.8,"[3644.93333333, 3644.93333333]",0.25020714,43,,,0,,False,13,train,0
3262,0.0,885.0746,885.3248,null,10.0,0.08,"[20.0, 20.0]",-40.0,null,null,null,gabors,null,0.0,4.0,0.8,"[3644.93333333, 3644.93333333]",0.25020714,19,,,0,,False,12,train,0
3263,0.0,885.3248,885.57501,null,0.0,0.08,"[20.0, 20.0]",-10.0,null,null,null,gabors,null,0.0,4.0,0.8,"[3644.93333333, 3644.93333333]",0.25020714,143,,,0,,False,12,train,0
3264,0.0,885.57501,885.82522,null,-10.0,0.08,"[20.0, 20.0]",10.0,null,null,null,gabors,null,45.0,4.0,0.8,"[3644.93333333, 3644.93333333]",0.25020714,25,,,0,,False,12,train,1
3265,0.0,885.82522,886.07543,null,0.0,0.08,"[20.0, 20.0]",-30.0,null,null,null,gabors,null,90.0,4.0,0.8,"[3644.93333333, 3644.93333333]",0.25021036,113,,,0,,False,13,train,2
3266,0.0,886.07543,886.32564,null,10.0,0.08,"[20.0, 20.0]",-20.0,null,null,null,gabors,null,90.0,4.0,0.8,"[3644.93333333, 3644.93333333]",0.25021036,57,,,0,,False,12,train,2
3267,0.0,886.32564,886.57585,null,-10.0,0.08,"[20.0, 20.0]",40.0,null,null,null,gabors,null,0.0,4.0,0.8,"[3644.93333333, 3644.93333333]",0.25021036,223,,,0,,False,12,train,0
3268,0.0,886.57585,886.82606,null,40.0,0.08,"[20.0, 20.0]",10.0,null,null,null,gabors,null,0.0,4.0,0.8,"[3644.93333333, 3644.93333333]",0.25021036,62,,,0,,False,14,test,0
3269,0.0,886.82606,887.07627,null,10.0,0.08,"[20.0, 20.0]",-20.0,null,null,null,gabors,null,90.0,4.0,0.8,"[3644.93333333, 3644.93333333]",0.25020964,57,,,0,,False,13,train,2
3270,0.0,887.07627,887.32648,null,20.0,0.08,"[20.0, 20.0]",10.0,null,null,null,gabors,null,0.0,4.0,0.8,"[3644.93333333, 3644.93333333]",0.25020964,21,,,0,,False,13,train,0
3271,0.0,887.32648,887.57669,null,30.0,0.08,"[20.0, 20.0]",10.0,null,null,null,gabors,null,90.0,4.0,0.8,"[3644.93333333, 3644.93333333]",0.25020964,171,,,0,,False,10,train,2
3272,0.0,887.57669,887.8269,null,-40.0,0.08,"[20.0, 20.0]",-10.0,null,null,null,gabors,null,90.0,4.0,0.8,"[3644.93333333, 3644.93333333]",0.25020964,33,,,0,,False,14,test,2
3273,0.0,887.8269,888.0771,null,-30.0,0.08,"[20.0, 20.0]",40.0,null,null,null,gabors,null,90.0,4.0,0.8,"[3644.93333333, 3644.93333333]",0.25020536,148,,,0,,False,14,test,2
3274,0.0,888.0771,888.32731,null,-30.0,0.08,"[20.0, 20.0]",-30.0,null,null,null,gabors,null,0.0,4.0,0.8,"[3644.93333333, 3644.93333333]",0.25020536,43,,,0,,False,14,test,0
3275,0.0,888.32731,888.57752,null,0.0,0.08,"[20.0, 20.0]",10.0,null,null,null,gabors,null,0.0,4.0,0.8,"[3644.93333333, 3644.93333333]",0.25020536,90,,,0,,False,10,train,0
3276,0.0,888.57752,888.82772,null,-10.0,0.08,"[20.0, 20.0]",10.0,null,null,null,gabors,null,0.0,4.0,0.8,"[3644.93333333, 3644.93333333]",0.25020536,23,,,0,,False,13,train,0
3277,0.0,888.82772,889.07793,null,0.0,0.08,"[20.0, 20.0]",40.0,null,null,null,gabors,null,45.0,4.0,0.8,"[3644.93333333, 3644.93333333]",0.25020714,156,,,0,,False,12,train,1
3278,0.0,889.07793,889.32813,null,40.0,0.08,"[20.0, 20.0]",10.0,null,null,null,gabors,null,45.0,4.0,0.8,"[3644.93333333, 3644.93333333]",0.25020714,145,,,0,,False,12,train,1
3279,0.0,889.32813,889.57834,null,40.0,0.08,"[20.0, 20.0]",-40.0,null,null,null,gabors,null,0.0,4.0,0.8,"[3644.93333333, 3644.93333333]",0.25020714,132,,,0,,False,12,train,0
3280,0.0,889.57834,889.82855,null,40.0,0.08,"[20.0, 20.0]",20.0,null,null,null,gabors,null,0.0,4.0,0.8,"[3644.93333333, 3644.93333333]",0.25020714,98,,,0,,False,14,test,0
3281,0.0,889.82855,890.07876,null,20.0,0.08,"[20.0, 20.0]",-40.0,null,null,null,gabors,null,0.0,4.0,0.8,"[3644.93333333, 3644.93333333]",0.25021036,194,,,0,,False,13,train,0
3282,0.0,890.07876,890.32897,null,-10.0,0.08,"[20.0, 20.0]",30.0,null,null,null,gabors,null,0.0,4.0,0.8,"[3644.93333333, 3644.93333333]",0.25021036,27,,,0,,False,13,train,0
3283,0.0,890.32897,890.57918,null,-10.0,0.08,"[20.0, 20.0]",-10.0,null,null,null,gabors,null,45.0,4.0,0.8,"[3644.93333333, 3644.93333333]",0.25021036,117,,,0,,False,13,train,1
3284,0.0,890.57918,890.82939,null,10.0,0.08,"[20.0, 20.0]",20.0,null,null,null,gabors,null,90.0,4.0,0.8,"[3644.93333333, 3644.93333333]",0.25021036,147,,,0,,False,13,train,2
3285,0.0,890.82939,891.0796,null,20.0,0.08,"[20.0, 20.0]",-20.0,null,null,null,gabors,null,90.0,4.0,0.8,"[3644.93333333, 3644.93333333]",0.25021214,26,,,0,,False,13,train,2
3286,0.0,891.0796,891.32981,null,30.0,0.08,"[20.0, 20.0]",40.0,null,null,null,gabors,null,45.0,4.0,0.8,"[3644.93333333, 3644.93333333]",0.25021214,162,,,0,,False,12,train,1
3287,0.0,891.32981,891.58003,null,-10.0,0.08,"[20.0, 20.0]",30.0,null,null,null,gabors,null,0.0,4.0,0.8,"[3644.93333333, 3644.93333333]",0.25021214,27,,,0,,False,14,test,0
3288,0.0,891.58003,891.83024,null,-40.0,0.08,"[20.0, 20.0]",-40.0,null,null,null,gabors,null,0.0,4.0,0.8,"[3644.93333333, 3644.93333333]",0.25021214,53,,,0,,False,13,train,0
3289,0.0,891.83024,892.08045,null,20.0,0.08,"[20.0, 20.0]",-30.0,null,null,null,gabors,null,0.0,4.0,0.8,"[3644.93333333, 3644.93333333]",0.25020786,175,,,0,,False,14,test,0
3290,0.0,892.08045,892.33065,null,0.0,0.08,"[20.0, 20.0]",0.0,null,null,null,gabors,null,0.0,4.0,0.8,"[3644.93333333, 3644.93333333]",0.25020786,124,,,0,,False,11,test,0
3291,0.0,892.33065,892.58086,null,10.0,0.08,"[20.0, 20.0]",0.0,null,null,null,gabors,null,90.0,4.0,0.8,"[3644.93333333, 3644.93333333]",0.25020786,15,,,0,,False,13,train,2
3292,0.0,892.58086,892.83107,null,-40.0,0.08,"[20.0, 20.0]",0.0,null,null,null,gabors,null,90.0,4.0,0.8,"[3644.93333333, 3644.93333333]",0.25020786,4,,,0,,False,12,train,2
3293,0.0,892.83107,893.08128,null,-10.0,0.08,"[20.0, 20.0]",-30.0,null,null,null,gabors,null,0.0,4.0,0.8,"[3644.93333333, 3644.93333333]",0.25020714,224,,,0,,False,10,train,0
3294,0.0,893.08128,893.33148,null,-20.0,0.08,"[20.0, 20.0]",20.0,null,null,null,gabors,null,45.0,4.0,0.8,"[3644.93333333, 3644.93333333]",0.25020714,192,,,0,,False,13,train,1
3295,0.0,893.33148,893.58169,null,40.0,0.08,"[20.0, 20.0]",0.0,null,null,null,gabors,null,90.0,4.0,0.8,"[3644.93333333, 3644.93333333]",0.25020714,211,,,0,,False,12,train,2
3296,0.0,893.58169,893.8319,null,40.0,0.08,"[20.0, 20.0]",-40.0,null,null,null,gabors,null,0.0,4.0,0.8,"[3644.93333333, 3644.93333333]",0.25020714,132,,,0,,False,13,train,0
3297,0.0,893.8319,894.08211,null,-20.0,0.08,"[20.0, 20.0]",-10.0,null,null,null,gabors,null,45.0,4.0,0.8,"[3644.93333333, 3644.93333333]",0.25021286,29,,,0,,False,13,train,1
3298,0.0,894.08211,894.33232,null,10.0,0.08,"[20.0, 20.0]",10.0,null,null,null,gabors,null,45.0,4.0,0.8,"[3644.93333333, 3644.93333333]",0.25021286,58,,,0,,False,11,test,1
3299,0.0,894.33232,894.58254,null,40.0,0.08,"[20.0, 20.0]",0.0,null,null,null,gabors,null,90.0,4.0,0.8,"[3644.93333333, 3644.93333333]",0.25021286,211,,,0,,False,13,train,2
3300,0.0,894.58254,894.83275,null,-10.0,0.08,"[20.0, 20.0]",-30.0,null,null,null,gabors,null,0.0,4.0,0.8,"[3644.93333333, 3644.93333333]",0.25021286,224,,,0,,False,11,test,0
3301,0.0,894.83275,895.08295,null,0.0,0.08,"[20.0, 20.0]",-40.0,null,null,null,gabors,null,90.0,4.0,0.8,"[3644.93333333, 3644.93333333]",0.25020214,207,,,0,,False,12,train,2
3302,0.0,895.08295,895.33315,null,-10.0,0.08,"[20.0, 20.0]",-40.0,null,null,null,gabors,null,45.0,4.0,0.8,"[3644.93333333, 3644.93333333]",0.25020214,122,,,0,,False,14,test,1
3303,0.0,895.33315,895.58336,null,20.0,0.08,"[20.0, 20.0]",10.0,null,null,null,gabors,null,90.0,4.0,0.8,"[3644.93333333, 3644.93333333]",0.25020214,243,,,0,,False,10,train,2
3304,0.0,895.58336,895.83356,null,0.0,0.08,"[20.0, 20.0]",-40.0,null,null,null,gabors,null,45.0,4.0,0.8,"[3644.93333333, 3644.93333333]",0.25020214,191,,,0,,False,14,test,1
3305,0.0,895.83356,896.08377,null,10.0,0.08,"[20.0, 20.0]",-30.0,null,null,null,gabors,null,90.0,4.0,0.8,"[3644.93333333, 3644.93333333]",0.25021536,200,,,0,,False,11,test,2
3306,0.0,896.08377,896.33399,null,20.0,0.08,"[20.0, 20.0]",0.0,null,null,null,gabors,null,45.0,4.0,0.8,"[3644.93333333, 3644.93333333]",0.25021536,203,,,0,,False,14,test,1
3307,0.0,896.33399,896.58421,null,30.0,0.08,"[20.0, 20.0]",30.0,null,null,null,gabors,null,45.0,4.0,0.8,"[3644.93333333, 3644.93333333]",0.25021536,208,,,0,,False,11,test,1
3308,0.0,896.58421,896.83442,null,-10.0,0.08,"[20.0, 20.0]",20.0,null,null,null,gabors,null,45.0,4.0,0.8,"[3644.93333333, 3644.93333333]",0.25021536,93,,,0,,False,14,test,1
3309,0.0,896.83442,897.08464,null,-20.0,0.08,"[20.0, 20.0]",-20.0,null,null,null,gabors,null,0.0,4.0,0.8,"[3644.93333333, 3644.93333333]",0.25021714,205,,,0,,False,13,train,0
3310,0.0,897.08464,897.33485,null,-20.0,0.08,"[20.0, 20.0]",40.0,null,null,null,gabors,null,0.0,4.0,0.8,"[3644.93333333, 3644.93333333]",0.25021714,109,,,0,,False,13,train,0
3311,0.0,897.33485,897.58507,null,40.0,0.08,"[20.0, 20.0]",30.0,null,null,null,gabors,null,90.0,4.0,0.8,"[3644.93333333, 3644.93333333]",0.25021714,104,,,0,,False,14,test,2
3312,0.0,897.58507,897.83529,null,10.0,0.08,"[20.0, 20.0]",10.0,null,null,null,gabors,null,0.0,4.0,0.8,"[3644.93333333, 3644.93333333]",0.25021714,94,,,0,,False,12,train,0
3313,0.0,897.83529,898.08549,null,0.0,0.08,"[20.0, 20.0]",40.0,null,null,null,gabors,null,0.0,4.0,0.8,"[3644.93333333, 3644.93333333]",0.25020036,215,,,0,,False,13,train,0
3314,0.0,898.08549,898.33569,null,0.0,0.08,"[20.0, 20.0]",-20.0,null,null,null,gabors,null,0.0,4.0,0.8,"[3644.93333333, 3644.93333333]",0.25020036,228,,,0,,False,14,test,0
3315,0.0,898.33569,898.58589,null,-30.0,0.08,"[20.0, 20.0]",-20.0,null,null,null,gabors,null,90.0,4.0,0.8,"[3644.93333333, 3644.93333333]",0.25020036,13,,,0,,False,14,test,2
3316,0.0,898.58589,898.83609,null,10.0,0.08,"[20.0, 20.0]",0.0,null,null,null,gabors,null,0.0,4.0,0.8,"[3644.93333333, 3644.93333333]",0.25020036,157,,,0,,False,13,train,0
3317,0.0,898.83609,899.0863,null,-20.0,0.08,"[20.0, 20.0]",40.0,null,null,null,gabors,null,90.0,4.0,0.8,"[3644.93333333, 3644.93333333]",0.25021214,79,,,0,,False,14,test,2
3318,0.0,899.0863,899.33651,null,-10.0,0.08,"[20.0, 20.0]",10.0,null,null,null,gabors,null,45.0,4.0,0.8,"[3644.93333333, 3644.93333333]",0.25021214,25,,,0,,False,13,train,1
3319,0.0,899.33651,899.58673,null,40.0,0.08,"[20.0, 20.0]",20.0,null,null,null,gabors,null,90.0,4.0,0.8,"[3644.93333333, 3644.93333333]",0.25021214,115,,,0,,False,12,train,2
3320,0.0,899.58673,899.83694,null,40.0,0.08,"[20.0, 20.0]",-30.0,null,null,null,gabors,null,45.0,4.0,0.8,"[3644.93333333, 3644.93333333]",0.25021214,137,,,0,,False,12,train,1
3321,0.0,899.83694,900.08714,null,0.0,0.08,"[20.0, 20.0]",40.0,null,null,null,gabors,null,0.0,4.0,0.8,"[3644.93333333, 3644.93333333]",0.25020536,215,,,0,,False,14,test,0
3322,0.0,900.08714,900.33735,null,0.0,0.08,"[20.0, 20.0]",-40.0,null,null,null,gabors,null,0.0,4.0,0.8,"[3644.93333333, 3644.93333333]",0.25020536,11,,,0,,False,13,train,0
3323,0.0,900.33735,900.58756,null,-40.0,0.08,"[20.0, 20.0]",20.0,null,null,null,gabors,null,0.0,4.0,0.8,"[3644.93333333, 3644.93333333]",0.25020536,139,,,0,,False,13,train,0
3324,0.0,900.58756,900.83776,null,20.0,0.08,"[20.0, 20.0]",-10.0,null,null,null,gabors,null,0.0,4.0,0.8,"[3644.93333333, 3644.93333333]",0.25020536,48,,,0,,False,13,train,0
3325,0.0,900.83776,901.08797,null,40.0,0.08,"[20.0, 20.0]",20.0,null,null,null,gabors,null,45.0,4.0,0.8,"[3644.93333333, 3644.93333333]",0.25020714,7,,,0,,False,12,train,1
3326,0.0,901.08797,901.33817,null,30.0,0.08,"[20.0, 20.0]",20.0,null,null,null,gabors,null,90.0,4.0,0.8,"[3644.93333333, 3644.93333333]",0.25020714,76,,,0,,False,14,test,2
3327,0.0,901.33817,901.58838,null,-20.0,0.08,"[20.0, 20.0]",10.0,null,null,null,gabors,null,45.0,4.0,0.8,"[3644.93333333, 3644.93333333]",0.25020714,158,,,0,,False,13,train,1
3328,0.0,901.58838,901.83859,null,30.0,0.08,"[20.0, 20.0]",10.0,null,null,null,gabors,null,90.0,4.0,0.8,"[3644.93333333, 3644.93333333]",0.25020714,171,,,0,,False,11,test,2
3329,0.0,901.83859,902.0888,null,40.0,0.08,"[20.0, 20.0]",20.0,null,null,null,gabors,null,90.0,4.0,0.8,"[3644.93333333, 3644.93333333]",0.25021286,115,,,0,,False,13,train,2
3330,0.0,902.0888,902.33901,null,0.0,0.08,"[20.0, 20.0]",30.0,null,null,null,gabors,null,0.0,4.0,0.8,"[3644.93333333, 3644.93333333]",0.25021286,225,,,0,,False,12,train,0
3331,0.0,902.33901,902.58923,null,10.0,0.08,"[20.0, 20.0]",-40.0,null,null,null,gabors,null,0.0,4.0,0.8,"[3644.93333333, 3644.93333333]",0.25021286,19,,,0,,False,13,train,0
3332,0.0,902.58923,902.83944,null,-40.0,0.08,"[20.0, 20.0]",30.0,null,null,null,gabors,null,90.0,4.0,0.8,"[3644.93333333, 3644.93333333]",0.25021286,42,,,0,,False,14,test,2
3333,0.0,902.83944,903.08965,null,-40.0,0.08,"[20.0, 20.0]",0.0,null,null,null,gabors,null,90.0,4.0,0.8,"[3644.93333333, 3644.93333333]",0.25020464,4,,,0,,False,13,train,2
3334,0.0,903.08965,903.33985,null,-10.0,0.08,"[20.0, 20.0]",-10.0,null,null,null,gabors,null,90.0,4.0,0.8,"[3644.93333333, 3644.93333333]",0.25020464,182,,,0,,False,14,test,2
3335,0.0,903.33985,903.59005,null,-10.0,0.08,"[20.0, 20.0]",-10.0,null,null,null,gabors,null,0.0,4.0,0.8,"[3644.93333333, 3644.93333333]",0.25020464,173,,,0,,False,12,train,0
3336,0.0,903.59005,903.84026,null,30.0,0.08,"[20.0, 20.0]",10.0,null,null,null,gabors,null,0.0,4.0,0.8,"[3644.93333333, 3644.93333333]",0.25020464,102,,,0,,False,14,test,0
3337,0.0,903.84026,904.09047,null,0.0,0.08,"[20.0, 20.0]",30.0,null,null,null,gabors,null,0.0,4.0,0.8,"[3644.93333333, 3644.93333333]",0.25021286,225,,,0,,False,13,train,0
3338,0.0,904.09047,904.34068,null,-20.0,0.08,"[20.0, 20.0]",-20.0,null,null,null,gabors,null,45.0,4.0,0.8,"[3644.93333333, 3644.93333333]",0.25021286,32,,,0,,False,13,train,1
3339,0.0,904.34068,904.5909,null,0.0,0.08,"[20.0, 20.0]",10.0,null,null,null,gabors,null,0.0,4.0,0.8,"[3644.93333333, 3644.93333333]",0.25021286,90,,,0,,False,11,test,0
3340,0.0,904.5909,904.84111,null,20.0,0.08,"[20.0, 20.0]",20.0,null,null,null,gabors,null,45.0,4.0,0.8,"[3644.93333333, 3644.93333333]",0.25021286,5,,,0,,False,14,test,1
3341,0.0,904.84111,905.09131,null,-20.0,0.08,"[20.0, 20.0]",-40.0,null,null,null,gabors,null,90.0,4.0,0.8,"[3644.93333333, 3644.93333333]",0.25020214,135,,,0,,False,13,train,2
3342,0.0,905.09131,905.34151,null,-30.0,0.08,"[20.0, 20.0]",0.0,null,null,null,gabors,null,90.0,4.0,0.8,"[3644.93333333, 3644.93333333]",0.25020214,84,,,0,,False,13,train,2
3343,0.0,905.34151,905.59172,null,-20.0,0.08,"[20.0, 20.0]",20.0,null,null,null,gabors,null,45.0,4.0,0.8,"[3644.93333333, 3644.93333333]",0.25020214,192,,,0,,False,14,test,1
3344,0.0,905.59172,905.84192,null,20.0,0.08,"[20.0, 20.0]",-10.0,null,null,null,gabors,null,45.0,4.0,0.8,"[3644.93333333, 3644.93333333]",0.25020214,242,,,0,,False,14,test,1
3345,0.0,905.84192,906.09214,null,-40.0,0.08,"[20.0, 20.0]",20.0,null,null,null,gabors,null,0.0,4.0,0.8,"[3644.93333333, 3644.93333333]",0.25021786,139,,,0,,False,14,test,0
3346,0.0,906.09214,906.34235,null,30.0,0.08,"[20.0, 20.0]",10.0,null,null,null,gabors,null,90.0,4.0,0.8,"[3644.93333333, 3644.93333333]",0.25021786,171,,,0,,False,12,train,2
3347,0.0,906.34235,906.59257,null,-20.0,0.08,"[20.0, 20.0]",10.0,null,null,null,gabors,null,0.0,4.0,0.8,"[3644.93333333, 3644.93333333]",0.25021786,138,,,0,,False,13,train,0
3348,0.0,906.59257,906.84279,null,0.0,0.08,"[20.0, 20.0]",-40.0,null,null,null,gabors,null,0.0,4.0,0.8,"[3644.93333333, 3644.93333333]",0.25021786,11,,,0,,False,14,test,0
3349,0.0,906.84279,907.093,null,10.0,0.08,"[20.0, 20.0]",-10.0,null,null,null,gabors,null,0.0,4.0,0.8,"[3644.93333333, 3644.93333333]",0.25021214,95,,,0,,False,13,train,0
3350,0.0,907.093,907.34321,null,10.0,0.08,"[20.0, 20.0]",-10.0,null,null,null,gabors,null,90.0,4.0,0.8,"[3644.93333333, 3644.93333333]",0.25021214,81,,,0,,False,13,train,2
3351,0.0,907.34321,907.59343,null,10.0,0.08,"[20.0, 20.0]",-30.0,null,null,null,gabors,null,0.0,4.0,0.8,"[3644.93333333, 3644.93333333]",0.25021214,220,,,0,,False,13,train,0
3352,0.0,907.59343,907.84364,null,20.0,0.08,"[20.0, 20.0]",40.0,null,null,null,gabors,null,90.0,4.0,0.8,"[3644.93333333, 3644.93333333]",0.25021214,141,,,0,,False,12,train,2
3353,0.0,907.84364,908.09384,null,-20.0,0.08,"[20.0, 20.0]",0.0,null,null,null,gabors,null,90.0,4.0,0.8,"[3644.93333333, 3644.93333333]",0.25020286,105,,,0,,False,11,test,2
3354,0.0,908.09384,908.34404,null,40.0,0.08,"[20.0, 20.0]",40.0,null,null,null,gabors,null,90.0,4.0,0.8,"[3644.93333333, 3644.93333333]",0.25020286,189,,,0,,False,12,train,2
3355,0.0,908.34404,908.59425,null,-20.0,0.08,"[20.0, 20.0]",10.0,null,null,null,gabors,null,45.0,4.0,0.8,"[3644.93333333, 3644.93333333]",0.25020286,158,,,0,,False,14,test,1
3356,0.0,908.59425,908.84445,null,20.0,0.08,"[20.0, 20.0]",-20.0,null,null,null,gabors,null,45.0,4.0,0.8,"[3644.93333333, 3644.93333333]",0.25020286,36,,,0,,False,12,train,1
3357,0.0,908.84445,909.09466,null,10.0,0.08,"[20.0, 20.0]",-30.0,null,null,null,gabors,null,90.0,4.0,0.8,"[3644.93333333, 3644.93333333]",0.25020464,200,,,0,,False,12,train,2
3358,0.0,909.09466,909.34486,null,20.0,0.08,"[20.0, 20.0]",0.0,null,null,null,gabors,null,90.0,4.0,0.8,"[3644.93333333, 3644.93333333]",0.25020464,146,,,0,,False,14,test,2
3359,0.0,909.34486,909.59506,null,10.0,0.08,"[20.0, 20.0]",40.0,null,null,null,gabors,null,45.0,4.0,0.8,"[3644.93333333, 3644.93333333]",0.25020464,38,,,0,,False,14,test,1
3360,0.0,909.59506,909.84527,null,40.0,0.08,"[20.0, 20.0]",20.0,null,null,null,gabors,null,45.0,4.0,0.8,"[3644.93333333, 3644.93333333]",0.25020464,7,,,0,,False,13,train,1
3361,0.0,909.84527,910.09548,null,30.0,0.08,"[20.0, 20.0]",-30.0,null,null,null,gabors,null,0.0,4.0,0.8,"[3644.93333333, 3644.93333333]",0.25021536,9,,,0,,False,10,train,0
3362,0.0,910.09548,910.3457,null,-30.0,0.08,"[20.0, 20.0]",-10.0,null,null,null,gabors,null,45.0,4.0,0.8,"[3644.93333333, 3644.93333333]",0.25021536,165,,,0,,False,14,test,1
3363,0.0,910.3457,910.59592,null,-10.0,0.08,"[20.0, 20.0]",30.0,null,null,null,gabors,null,45.0,4.0,0.8,"[3644.93333333, 3644.93333333]",0.25021536,181,,,0,,False,9,train,1
3364,0.0,910.59592,910.84613,null,0.0,0.08,"[20.0, 20.0]",10.0,null,null,null,gabors,null,0.0,4.0,0.8,"[3644.93333333, 3644.93333333]",0.25021536,90,,,0,,False,12,train,0
3365,0.0,910.84613,911.09634,null,40.0,0.08,"[20.0, 20.0]",10.0,null,null,null,gabors,null,90.0,4.0,0.8,"[3644.93333333, 3644.93333333]",0.25020964,8,,,0,,False,13,train,2
3366,0.0,911.09634,911.34655,null,40.0,0.08,"[20.0, 20.0]",-30.0,null,null,null,gabors,null,90.0,4.0,0.8,"[3644.93333333, 3644.93333333]",0.25020964,234,,,0,,False,14,test,2
3367,0.0,911.34655,911.59676,null,-20.0,0.08,"[20.0, 20.0]",10.0,null,null,null,gabors,null,0.0,4.0,0.8,"[3644.93333333, 3644.93333333]",0.25020964,138,,,0,,False,14,test,0
3368,0.0,911.59676,911.84697,null,20.0,0.08,"[20.0, 20.0]",40.0,null,null,null,gabors,null,0.0,4.0,0.8,"[3644.93333333, 3644.93333333]",0.25020964,30,,,0,,False,13,train,0
3369,0.0,911.84697,912.09718,null,0.0,0.08,"[20.0, 20.0]",-10.0,null,null,null,gabors,null,45.0,4.0,0.8,"[3644.93333333, 3644.93333333]",0.25021036,195,,,0,,False,11,test,1
3370,0.0,912.09718,912.34739,null,20.0,0.08,"[20.0, 20.0]",-30.0,null,null,null,gabors,null,90.0,4.0,0.8,"[3644.93333333, 3644.93333333]",0.25021036,28,,,0,,False,14,test,2
3371,0.0,912.34739,912.5976,null,-40.0,0.08,"[20.0, 20.0]",-20.0,null,null,null,gabors,null,0.0,4.0,0.8,"[3644.93333333, 3644.93333333]",0.25021036,199,,,0,,False,14,test,0
3372,0.0,912.5976,912.84781,null,30.0,0.08,"[20.0, 20.0]",-30.0,null,null,null,gabors,null,0.0,4.0,0.8,"[3644.93333333, 3644.93333333]",0.25021036,9,,,0,,False,11,test,0
3373,0.0,912.84781,913.09801,null,40.0,0.08,"[20.0, 20.0]",-40.0,null,null,null,gabors,null,0.0,4.0,0.8,"[3644.93333333, 3644.93333333]",0.25020214,132,,,0,,False,14,test,0
3374,0.0,913.09801,913.34821,null,-40.0,0.08,"[20.0, 20.0]",0.0,null,null,null,gabors,null,0.0,4.0,0.8,"[3644.93333333, 3644.93333333]",0.25020214,89,,,0,,False,13,train,0
3375,0.0,913.34821,913.59842,null,20.0,0.08,"[20.0, 20.0]",20.0,null,null,null,gabors,null,0.0,4.0,0.8,"[3644.93333333, 3644.93333333]",0.25020214,121,,,0,,False,14,test,0
3376,0.0,913.59842,913.84862,null,-10.0,0.08,"[20.0, 20.0]",-10.0,null,null,null,gabors,null,0.0,4.0,0.8,"[3644.93333333, 3644.93333333]",0.25020214,173,,,0,,False,13,train,0
3377,0.0,913.84862,914.09883,null,10.0,0.08,"[20.0, 20.0]",-40.0,null,null,null,gabors,null,45.0,4.0,0.8,"[3644.93333333, 3644.93333333]",0.25021536,35,,,0,,False,14,test,1
3378,0.0,914.09883,914.34905,null,40.0,0.08,"[20.0, 20.0]",-40.0,null,null,null,gabors,null,90.0,4.0,0.8,"[3644.93333333, 3644.93333333]",0.25021536,180,,,0,,False,13,train,2
3379,0.0,914.34905,914.59927,null,0.0,0.08,"[20.0, 20.0]",-10.0,null,null,null,gabors,null,0.0,4.0,0.8,"[3644.93333333, 3644.93333333]",0.25021536,143,,,0,,False,13,train,0
3380,0.0,914.59927,914.84948,null,0.0,0.08,"[20.0, 20.0]",-40.0,null,null,null,gabors,null,90.0,4.0,0.8,"[3644.93333333, 3644.93333333]",0.25021536,207,,,0,,False,13,train,2
3381,0.0,914.84948,915.09969,null,30.0,0.08,"[20.0, 20.0]",-20.0,null,null,null,gabors,null,90.0,4.0,0.8,"[3644.93333333, 3644.93333333]",0.25020964,177,,,0,,False,13,train,2
3382,0.0,915.09969,915.3499,null,10.0,0.08,"[20.0, 20.0]",-20.0,null,null,null,gabors,null,90.0,4.0,0.8,"[3644.93333333, 3644.93333333]",0.25020964,57,,,0,,False,14,test,2
3383,0.0,915.3499,915.60011,null,10.0,0.08,"[20.0, 20.0]",20.0,null,null,null,gabors,null,0.0,4.0,0.8,"[3644.93333333, 3644.93333333]",0.25020964,129,,,0,,False,12,train,0
3384,0.0,915.60011,915.85032,null,0.0,0.08,"[20.0, 20.0]",40.0,null,null,null,gabors,null,90.0,4.0,0.8,"[3644.93333333, 3644.93333333]",0.25020964,97,,,0,,False,14,test,2
3385,0.0,915.85032,916.10053,null,-30.0,0.08,"[20.0, 20.0]",20.0,null,null,null,gabors,null,45.0,4.0,0.8,"[3644.93333333, 3644.93333333]",0.25020786,77,,,0,,False,14,test,1
3386,0.0,916.10053,916.35073,null,40.0,0.08,"[20.0, 20.0]",-30.0,null,null,null,gabors,null,45.0,4.0,0.8,"[3644.93333333, 3644.93333333]",0.25020786,137,,,0,,False,13,train,1
3387,0.0,916.35073,916.60094,null,-30.0,0.08,"[20.0, 20.0]",20.0,null,null,null,gabors,null,90.0,4.0,0.8,"[3644.93333333, 3644.93333333]",0.25020786,128,,,0,,False,14,test,2
3388,0.0,916.60094,916.85115,null,20.0,0.08,"[20.0, 20.0]",10.0,null,null,null,gabors,null,0.0,4.0,0.8,"[3644.93333333, 3644.93333333]",0.25020786,21,,,0,,False,14,test,0
3389,0.0,916.85115,917.10136,null,30.0,0.08,"[20.0, 20.0]",-10.0,null,null,null,gabors,null,90.0,4.0,0.8,"[3644.93333333, 3644.93333333]",0.25020714,227,,,0,,False,14,test,2
3390,0.0,917.10136,917.35156,null,-20.0,0.08,"[20.0, 20.0]",-20.0,null,null,null,gabors,null,90.0,4.0,0.8,"[3644.93333333, 3644.93333333]",0.25020714,140,,,0,,False,13,train,2
3391,0.0,917.35156,917.60177,null,40.0,0.08,"[20.0, 20.0]",-20.0,null,null,null,gabors,null,90.0,4.0,0.8,"[3644.93333333, 3644.93333333]",0.25020714,149,,,0,,False,13,train,2
3392,0.0,917.60177,917.85198,null,0.0,0.08,"[20.0, 20.0]",30.0,null,null,null,gabors,null,90.0,4.0,0.8,"[3644.93333333, 3644.93333333]",0.25020714,59,,,0,,False,13,train,2
3393,0.0,917.85198,918.10219,null,40.0,0.08,"[20.0, 20.0]",0.0,null,null,null,gabors,null,0.0,4.0,0.8,"[3644.93333333, 3644.93333333]",0.25021036,18,,,0,,False,13,train,0
3394,0.0,918.10219,918.3524,null,10.0,0.08,"[20.0, 20.0]",-40.0,null,null,null,gabors,null,90.0,4.0,0.8,"[3644.93333333, 3644.93333333]",0.25021036,118,,,0,,False,14,test,2
3395,0.0,918.3524,918.60261,null,0.0,0.08,"[20.0, 20.0]",10.0,null,null,null,gabors,null,45.0,4.0,0.8,"[3644.93333333, 3644.93333333]",0.25021036,188,,,0,,False,13,train,1
3396,0.0,918.60261,918.85282,null,20.0,0.08,"[20.0, 20.0]",30.0,null,null,null,gabors,null,0.0,4.0,0.8,"[3644.93333333, 3644.93333333]",0.25021036,186,,,0,,False,14,test,0
3397,0.0,918.85282,919.10303,null,-40.0,0.08,"[20.0, 20.0]",-30.0,null,null,null,gabors,null,0.0,4.0,0.8,"[3644.93333333, 3644.93333333]",0.25021214,172,,,0,,False,13,train,0
3398,0.0,919.10303,919.35324,null,40.0,0.08,"[20.0, 20.0]",0.0,null,null,null,gabors,null,0.0,4.0,0.8,"[3644.93333333, 3644.93333333]",0.25021214,18,,,0,,False,14,test,0
3399,0.0,919.35324,919.60346,null,0.0,0.08,"[20.0, 20.0]",-10.0,null,null,null,gabors,null,0.0,4.0,0.8,"[3644.93333333, 3644.93333333]",0.25021214,143,,,0,,False,14,test,0
3400,0.0,919.60346,919.85367,null,20.0,0.08,"[20.0, 20.0]",10.0,null,null,null,gabors,null,90.0,4.0,0.8,"[3644.93333333, 3644.93333333]",0.25021214,243,,,0,,False,11,test,2
3401,0.0,919.85367,920.10388,null,-20.0,0.08,"[20.0, 20.0]",40.0,null,null,null,gabors,null,0.0,4.0,0.8,"[3644.93333333, 3644.93333333]",0.25020786,109,,,0,,False,14,test,0
3402,0.0,920.10388,920.35408,null,30.0,0.08,"[20.0, 20.0]",-40.0,null,null,null,gabors,null,90.0,4.0,0.8,"[3644.93333333, 3644.93333333]",0.25020786,6,,,0,,False,14,test,2
3403,0.0,920.35408,920.60429,null,30.0,0.08,"[20.0, 20.0]",30.0,null,null,null,gabors,null,45.0,4.0,0.8,"[3644.93333333, 3644.93333333]",0.25020786,208,,,0,,False,12,train,1
3404,0.0,920.60429,920.8545,null,30.0,0.08,"[20.0, 20.0]",-20.0,null,null,null,gabors,null,90.0,4.0,0.8,"[3644.93333333, 3644.93333333]",0.25020786,177,,,0,,False,14,test,2
3405,0.0,920.8545,921.10471,null,-40.0,0.08,"[20.0, 20.0]",-40.0,null,null,null,gabors,null,45.0,4.0,0.8,"[3644.93333333, 3644.93333333]",0.25020964,197,,,0,,False,13,train,1
3406,0.0,921.10471,921.35492,null,40.0,0.08,"[20.0, 20.0]",30.0,null,null,null,gabors,null,0.0,4.0,0.8,"[3644.93333333, 3644.93333333]",0.25020964,126,,,0,,False,12,train,0
3407,0.0,921.35492,921.60513,null,-40.0,0.08,"[20.0, 20.0]",20.0,null,null,null,gabors,null,45.0,4.0,0.8,"[3644.93333333, 3644.93333333]",0.25020964,240,,,0,,False,12,train,1
3408,0.0,921.60513,921.85534,null,-40.0,0.08,"[20.0, 20.0]",-20.0,null,null,null,gabors,null,45.0,4.0,0.8,"[3644.93333333, 3644.93333333]",0.25020964,239,,,0,,False,12,train,1
3409,0.0,921.85534,922.10554,null,20.0,0.08,"[20.0, 20.0]",10.0,null,null,null,gabors,null,90.0,4.0,0.8,"[3644.93333333, 3644.93333333]",0.25020536,243,,,0,,False,12,train,2
3410,0.0,922.10554,922.35575,null,-10.0,0.08,"[20.0, 20.0]",-30.0,null,null,null,gabors,null,90.0,4.0,0.8,"[3644.93333333, 3644.93333333]",0.25020536,202,,,0,,False,14,test,2
3411,0.0,922.35575,922.60596,null,0.0,0.08,"[20.0, 20.0]",-30.0,null,null,null,gabors,null,0.0,4.0,0.8,"[3644.93333333, 3644.93333333]",0.25020536,159,,,0,,False,10,train,0
3412,0.0,922.60596,922.85616,null,40.0,0.08,"[20.0, 20.0]",40.0,null,null,null,gabors,null,90.0,4.0,0.8,"[3644.93333333, 3644.93333333]",0.25020536,189,,,0,,False,13,train,2
3413,0.0,922.85616,923.10638,null,30.0,0.08,"[20.0, 20.0]",40.0,null,null,null,gabors,null,90.0,4.0,0.8,"[3644.93333333, 3644.93333333]",0.25021464,169,,,0,,False,14,test,2
3414,0.0,923.10638,923.35659,null,-40.0,0.08,"[20.0, 20.0]",-20.0,null,null,null,gabors,null,45.0,4.0,0.8,"[3644.93333333, 3644.93333333]",0.25021464,239,,,0,,False,13,train,1
3415,0.0,923.35659,923.6068,null,-10.0,0.08,"[20.0, 20.0]",10.0,null,null,null,gabors,null,45.0,4.0,0.8,"[3644.93333333, 3644.93333333]",0.25021464,25,,,0,,False,14,test,1
3416,0.0,923.6068,923.85702,null,0.0,0.08,"[20.0, 20.0]",-10.0,null,null,null,gabors,null,45.0,4.0,0.8,"[3644.93333333, 3644.93333333]",0.25021464,195,,,0,,False,12,train,1
3417,0.0,923.85702,924.10722,null,-10.0,0.08,"[20.0, 20.0]",40.0,null,null,null,gabors,null,0.0,4.0,0.8,"[3644.93333333, 3644.93333333]",0.25020536,223,,,0,,False,13,train,0
3418,0.0,924.10722,924.35743,null,20.0,0.08,"[20.0, 20.0]",40.0,null,null,null,gabors,null,45.0,4.0,0.8,"[3644.93333333, 3644.93333333]",0.25020536,136,,,0,,False,14,test,1
3419,0.0,924.35743,924.60764,null,40.0,0.08,"[20.0, 20.0]",-10.0,null,null,null,gabors,null,90.0,4.0,0.8,"[3644.93333333, 3644.93333333]",0.25020536,170,,,0,,False,13,train,2
3420,0.0,924.60764,924.85784,null,10.0,0.08,"[20.0, 20.0]",30.0,null,null,null,gabors,null,45.0,4.0,0.8,"[3644.93333333, 3644.93333333]",0.25020536,12,,,0,,False,14,test,1
3421,0.0,924.85784,925.10805,null,20.0,0.08,"[20.0, 20.0]",-20.0,null,null,null,gabors,null,45.0,4.0,0.8,"[3644.93333333, 3644.93333333]",0.25020714,36,,,0,,False,13,train,1
3422,0.0,925.10805,925.35825,null,30.0,0.08,"[20.0, 20.0]",-20.0,null,null,null,gabors,null,45.0,4.0,0.8,"[3644.93333333, 3644.93333333]",0.25020714,49,,,0,,False,14,test,1
3423,0.0,925.35825,925.60846,null,-40.0,0.08,"[20.0, 20.0]",0.0,null,null,null,gabors,null,0.0,4.0,0.8,"[3644.93333333, 3644.93333333]",0.25020714,89,,,0,,False,14,test,0
3424,0.0,925.60846,925.85867,null,30.0,0.08,"[20.0, 20.0]",-30.0,null,null,null,gabors,null,0.0,4.0,0.8,"[3644.93333333, 3644.93333333]",0.25020714,9,,,0,,False,12,train,0
3425,0.0,925.85867,926.10888,null,-40.0,0.08,"[20.0, 20.0]",-40.0,null,null,null,gabors,null,90.0,4.0,0.8,"[3644.93333333, 3644.93333333]",0.25021286,31,,,0,,False,14,test,2
3426,0.0,926.10888,926.35909,null,0.0,0.08,"[20.0, 20.0]",20.0,null,null,null,gabors,null,90.0,4.0,0.8,"[3644.93333333, 3644.93333333]",0.25021286,233,,,0,,False,14,test,2
3427,0.0,926.35909,926.60931,null,10.0,0.08,"[20.0, 20.0]",-10.0,null,null,null,gabors,null,90.0,4.0,0.8,"[3644.93333333, 3644.93333333]",0.25021286,81,,,0,,False,14,test,2
3428,0.0,926.60931,926.85952,null,40.0,0.08,"[20.0, 20.0]",-10.0,null,null,null,gabors,null,0.0,4.0,0.8,"[3644.93333333, 3644.93333333]",0.25021286,83,,,0,,False,13,train,0
3429,0.0,926.85952,927.10973,null,20.0,0.08,"[20.0, 20.0]",-40.0,null,null,null,gabors,null,90.0,4.0,0.8,"[3644.93333333, 3644.93333333]",0.25020964,133,,,0,,False,13,train,2
3430,0.0,927.10973,927.35994,null,10.0,0.08,"[20.0, 20.0]",-10.0,null,null,null,gabors,null,45.0,4.0,0.8,"[3644.93333333, 3644.93333333]",0.25020964,131,,,0,,False,14,test,1
3431,0.0,927.35994,927.61015,null,-40.0,0.08,"[20.0, 20.0]",40.0,null,null,null,gabors,null,45.0,4.0,0.8,"[3644.93333333, 3644.93333333]",0.25020964,206,,,0,,False,14,test,1
3432,0.0,927.61015,927.86036,null,10.0,0.08,"[20.0, 20.0]",-30.0,null,null,null,gabors,null,0.0,4.0,0.8,"[3644.93333333, 3644.93333333]",0.25020964,220,,,0,,False,14,test,0
3433,0.0,927.86036,928.11056,null,-20.0,0.08,"[20.0, 20.0]",30.0,null,null,null,gabors,null,0.0,4.0,0.8,"[3644.93333333, 3644.93333333]",0.25020536,219,,,0,,False,11,test,0
3434,0.0,928.11056,928.36077,null,10.0,0.08,"[20.0, 20.0]",10.0,null,null,null,gabors,null,0.0,4.0,0.8,"[3644.93333333, 3644.93333333]",0.25020536,94,,,0,,False,13,train,0
3435,0.0,928.36077,928.61098,null,40.0,0.08,"[20.0, 20.0]",40.0,null,null,null,gabors,null,45.0,4.0,0.8,"[3644.93333333, 3644.93333333]",0.25020536,237,,,0,,False,14,test,1
3436,0.0,928.61098,928.86118,null,-30.0,0.08,"[20.0, 20.0]",-20.0,null,null,null,gabors,null,45.0,4.0,0.8,"[3644.93333333, 3644.93333333]",0.25020536,176,,,0,,False,12,train,1
3437,0.0,928.86118,929.1114,null,0.0,0.08,"[20.0, 20.0]",0.0,null,null,null,gabors,null,90.0,4.0,0.8,"[3644.93333333, 3644.93333333]",0.25021464,210,,,0,,False,12,train,2
3438,0.0,929.1114,929.36161,null,20.0,0.08,"[20.0, 20.0]",10.0,null,null,null,gabors,null,90.0,4.0,0.8,"[3644.93333333, 3644.93333333]",0.25021464,243,,,0,,False,13,train,2
3439,0.0,929.36161,929.61182,null,-10.0,0.08,"[20.0, 20.0]",10.0,null,null,null,gabors,null,0.0,4.0,0.8,"[3644.93333333, 3644.93333333]",0.25021464,23,,,0,,False,14,test,0
3440,0.0,929.61182,929.86204,null,30.0,0.08,"[20.0, 20.0]",-10.0,null,null,null,gabors,null,45.0,4.0,0.8,"[3644.93333333, 3644.93333333]",0.25021464,60,,,0,,False,12,train,1
3441,0.0,929.86204,930.11224,null,0.0,0.08,"[20.0, 20.0]",-30.0,null,null,null,gabors,null,0.0,4.0,0.8,"[3644.93333333, 3644.93333333]",0.25020536,159,,,0,,False,11,test,0
3442,0.0,930.11224,930.36245,null,30.0,0.08,"[20.0, 20.0]",40.0,null,null,null,gabors,null,45.0,4.0,0.8,"[3644.93333333, 3644.93333333]",0.25020536,162,,,0,,False,13,train,1
3443,0.0,930.36245,930.61266,null,-10.0,0.08,"[20.0, 20.0]",10.0,null,null,null,gabors,null,90.0,4.0,0.8,"[3644.93333333, 3644.93333333]",0.25020536,10,,,0,,False,14,test,2
3444,0.0,930.61266,930.86286,null,40.0,0.08,"[20.0, 20.0]",-40.0,null,null,null,gabors,null,90.0,4.0,0.8,"[3644.93333333, 3644.93333333]",0.25020536,180,,,0,,False,14,test,2
3445,0.0,930.86286,931.11307,null,-30.0,0.08,"[20.0, 20.0]",10.0,null,null,null,gabors,null,0.0,4.0,0.8,"[3644.93333333, 3644.93333333]",0.25020714,87,,,0,,False,14,test,0
3446,0.0,931.11307,931.36327,null,-10.0,0.08,"[20.0, 20.0]",-30.0,null,null,null,gabors,null,0.0,4.0,0.8,"[3644.93333333, 3644.93333333]",0.25020714,224,,,0,,False,12,train,0
3447,0.0,931.36327,931.61348,null,40.0,0.08,"[20.0, 20.0]",-30.0,null,null,null,gabors,null,0.0,4.0,0.8,"[3644.93333333, 3644.93333333]",0.25020714,183,,,0,,False,14,test,0
3448,0.0,931.61348,931.86369,null,-40.0,0.08,"[20.0, 20.0]",40.0,null,null,null,gabors,null,90.0,4.0,0.8,"[3644.93333333, 3644.93333333]",0.25020714,123,,,0,,False,14,test,2
3449,0.0,931.86369,932.1139,null,-10.0,0.08,"[20.0, 20.0]",-40.0,null,null,null,gabors,null,90.0,4.0,0.8,"[3644.93333333, 3644.93333333]",0.25021286,91,,,0,,False,13,train,2
3450,0.0,932.1139,932.36411,null,0.0,0.08,"[20.0, 20.0]",30.0,null,null,null,gabors,null,90.0,4.0,0.8,"[3644.93333333, 3644.93333333]",0.25021286,59,,,0,,False,14,test,2
3451,0.0,932.36411,932.61433,null,-20.0,0.08,"[20.0, 20.0]",-10.0,null,null,null,gabors,null,0.0,4.0,0.8,"[3644.93333333, 3644.93333333]",0.25021286,241,,,0,,False,14,test,0
3452,0.0,932.61433,932.86454,null,20.0,0.08,"[20.0, 20.0]",40.0,null,null,null,gabors,null,0.0,4.0,0.8,"[3644.93333333, 3644.93333333]",0.25021286,30,,,0,,False,14,test,0
3453,0.0,932.86454,933.11476,null,-20.0,0.08,"[20.0, 20.0]",0.0,null,null,null,gabors,null,90.0,4.0,0.8,"[3644.93333333, 3644.93333333]",0.25021464,105,,,0,,False,12,train,2
3454,0.0,933.11476,933.36497,null,10.0,0.08,"[20.0, 20.0]",40.0,null,null,null,gabors,null,90.0,4.0,0.8,"[3644.93333333, 3644.93333333]",0.25021464,39,,,0,,False,13,train,2
3455,0.0,933.36497,933.61518,null,10.0,0.08,"[20.0, 20.0]",-20.0,null,null,null,gabors,null,0.0,4.0,0.8,"[3644.93333333, 3644.93333333]",0.25021464,116,,,0,,False,12,train,0
3456,0.0,933.61518,933.8654,null,0.0,0.08,"[20.0, 20.0]",30.0,null,null,null,gabors,null,45.0,4.0,0.8,"[3644.93333333, 3644.93333333]",0.25021464,100,,,0,,False,13,train,1
3457,0.0,933.8654,934.1156,null,-10.0,0.08,"[20.0, 20.0]",-20.0,null,null,null,gabors,null,0.0,4.0,0.8,"[3644.93333333, 3644.93333333]",0.25020286,96,,,0,,False,14,test,0
3458,0.0,934.1156,934.3658,null,40.0,0.08,"[20.0, 20.0]",-20.0,null,null,null,gabors,null,90.0,4.0,0.8,"[3644.93333333, 3644.93333333]",0.25020286,149,,,0,,False,14,test,2
3459,0.0,934.3658,934.61601,null,20.0,0.08,"[20.0, 20.0]",-10.0,null,null,null,gabors,null,0.0,4.0,0.8,"[3644.93333333, 3644.93333333]",0.25020286,48,,,0,,False,14,test,0
3460,0.0,934.61601,934.86621,null,40.0,0.08,"[20.0, 20.0]",-20.0,null,null,null,gabors,null,45.0,4.0,0.8,"[3644.93333333, 3644.93333333]",0.25020286,78,,,0,,False,12,train,1
3461,0.0,934.86621,935.11642,null,-40.0,0.08,"[20.0, 20.0]",10.0,null,null,null,gabors,null,90.0,4.0,0.8,"[3644.93333333, 3644.93333333]",0.25020714,120,,,0,,False,14,test,2
3462,0.0,935.11642,935.36662,null,10.0,0.08,"[20.0, 20.0]",-30.0,null,null,null,gabors,null,90.0,4.0,0.8,"[3644.93333333, 3644.93333333]",0.25020714,200,,,0,,False,13,train,2
3463,0.0,935.36662,935.61683,null,-20.0,0.08,"[20.0, 20.0]",-10.0,null,null,null,gabors,null,90.0,4.0,0.8,"[3644.93333333, 3644.93333333]",0.25020714,236,,,0,,False,13,train,2
3464,0.0,935.61683,935.86704,null,20.0,0.08,"[20.0, 20.0]",-10.0,null,null,null,gabors,null,90.0,4.0,0.8,"[3644.93333333, 3644.93333333]",0.25020714,50,,,0,,False,14,test,2
3465,0.0,935.86704,936.11725,null,30.0,0.08,"[20.0, 20.0]",-10.0,null,null,null,gabors,null,45.0,4.0,0.8,"[3644.93333333, 3644.93333333]",0.25021286,60,,,0,,False,13,train,1
3466,0.0,936.11725,936.36746,null,10.0,0.08,"[20.0, 20.0]",-40.0,null,null,null,gabors,null,0.0,4.0,0.8,"[3644.93333333, 3644.93333333]",0.25021286,19,,,0,,False,14,test,0
3467,0.0,936.36746,936.61768,null,-30.0,0.08,"[20.0, 20.0]",0.0,null,null,null,gabors,null,45.0,4.0,0.8,"[3644.93333333, 3644.93333333]",0.25021286,99,,,0,,False,13,train,1
3468,0.0,936.61768,936.86789,null,-10.0,0.08,"[20.0, 20.0]",-40.0,null,null,null,gabors,null,90.0,4.0,0.8,"[3644.93333333, 3644.93333333]",0.25021286,91,,,0,,False,14,test,2
3469,0.0,936.86789,937.1181,null,-10.0,0.08,"[20.0, 20.0]",30.0,null,null,null,gabors,null,90.0,4.0,0.8,"[3644.93333333, 3644.93333333]",0.25020964,70,,,0,,False,14,test,2
3470,0.0,937.1181,937.36831,null,-20.0,0.08,"[20.0, 20.0]",-40.0,null,null,null,gabors,null,0.0,4.0,0.8,"[3644.93333333, 3644.93333333]",0.25020964,212,,,0,,False,14,test,0
3471,0.0,937.36831,937.61852,null,0.0,0.08,"[20.0, 20.0]",-30.0,null,null,null,gabors,null,0.0,4.0,0.8,"[3644.93333333, 3644.93333333]",0.25020964,159,,,0,,False,12,train,0
3472,0.0,937.61852,937.86873,null,-40.0,0.08,"[20.0, 20.0]",-20.0,null,null,null,gabors,null,90.0,4.0,0.8,"[3644.93333333, 3644.93333333]",0.25020964,65,,,0,,False,14,test,2
3473,0.0,937.86873,938.11894,null,-10.0,0.08,"[20.0, 20.0]",30.0,null,null,null,gabors,null,45.0,4.0,0.8,"[3644.93333333, 3644.93333333]",0.25020786,181,,,0,,False,10,train,1
3474,0.0,938.11894,938.36914,null,0.0,0.08,"[20.0, 20.0]",-40.0,null,null,null,gabors,null,90.0,4.0,0.8,"[3644.93333333, 3644.93333333]",0.25020786,207,,,0,,False,14,test,2
3475,0.0,938.36914,938.61935,null,0.0,0.08,"[20.0, 20.0]",30.0,null,null,null,gabors,null,0.0,4.0,0.8,"[3644.93333333, 3644.93333333]",0.25020786,225,,,0,,False,14,test,0
3476,0.0,938.61935,938.86956,null,-40.0,0.08,"[20.0, 20.0]",-30.0,null,null,null,gabors,null,90.0,4.0,0.8,"[3644.93333333, 3644.93333333]",0.25020786,86,,,0,,False,13,train,2
3477,0.0,938.86956,939.11977,null,0.0,0.08,"[20.0, 20.0]",-20.0,null,null,null,gabors,null,45.0,4.0,0.8,"[3644.93333333, 3644.93333333]",0.25021214,103,,,0,,False,14,test,1
3478,0.0,939.11977,939.36998,null,40.0,0.08,"[20.0, 20.0]",-10.0,null,null,null,gabors,null,0.0,4.0,0.8,"[3644.93333333, 3644.93333333]",0.25021214,83,,,0,,False,14,test,0
3479,0.0,939.36998,939.6202,null,-20.0,0.08,"[20.0, 20.0]",0.0,null,null,null,gabors,null,0.0,4.0,0.8,"[3644.93333333, 3644.93333333]",0.25021214,174,,,0,,False,14,test,0
3480,0.0,939.6202,939.87041,null,-20.0,0.08,"[20.0, 20.0]",0.0,null,null,null,gabors,null,90.0,4.0,0.8,"[3644.93333333, 3644.93333333]",0.25021214,105,,,0,,False,13,train,2
3481,0.0,939.87041,940.12062,null,0.0,0.08,"[20.0, 20.0]",-30.0,null,null,null,gabors,null,90.0,4.0,0.8,"[3644.93333333, 3644.93333333]",0.25020786,113,,,0,,False,14,test,2
3482,0.0,940.12062,940.37082,null,40.0,0.08,"[20.0, 20.0]",30.0,null,null,null,gabors,null,0.0,4.0,0.8,"[3644.93333333, 3644.93333333]",0.25020786,126,,,0,,False,13,train,0
3483,0.0,940.37082,940.62103,null,0.0,0.08,"[20.0, 20.0]",-20.0,null,null,null,gabors,null,90.0,4.0,0.8,"[3644.93333333, 3644.93333333]",0.25020786,44,,,0,,False,14,test,2
3484,0.0,940.62103,940.87124,null,-30.0,0.08,"[20.0, 20.0]",-40.0,null,null,null,gabors,null,90.0,4.0,0.8,"[3644.93333333, 3644.93333333]",0.25020786,150,,,0,,False,14,test,2
3485,0.0,940.87124,941.12145,null,20.0,0.08,"[20.0, 20.0]",-40.0,null,null,null,gabors,null,0.0,4.0,0.8,"[3644.93333333, 3644.93333333]",0.25020464,194,,,0,,False,14,test,0
3486,0.0,941.12145,941.37165,null,20.0,0.08,"[20.0, 20.0]",30.0,null,null,null,gabors,null,90.0,4.0,0.8,"[3644.93333333, 3644.93333333]",0.25020464,64,,,0,,False,14,test,2
3487,0.0,941.37165,941.62185,null,40.0,0.08,"[20.0, 20.0]",-20.0,null,null,null,gabors,null,45.0,4.0,0.8,"[3644.93333333, 3644.93333333]",0.25020464,78,,,0,,False,13,train,1
3488,0.0,941.62185,941.87206,null,0.0,0.08,"[20.0, 20.0]",10.0,null,null,null,gabors,null,0.0,4.0,0.8,"[3644.93333333, 3644.93333333]",0.25020464,90,,,0,,False,13,train,0
3489,0.0,941.87206,942.12227,null,20.0,0.08,"[20.0, 20.0]",40.0,null,null,null,gabors,null,90.0,4.0,0.8,"[3644.93333333, 3644.93333333]",0.25021036,141,,,0,,False,13,train,2
3490,0.0,942.12227,942.37248,null,-30.0,0.08,"[20.0, 20.0]",-30.0,null,null,null,gabors,null,90.0,4.0,0.8,"[3644.93333333, 3644.93333333]",0.25021036,80,,,0,,False,14,test,2
3491,0.0,942.37248,942.62269,null,0.0,0.08,"[20.0, 20.0]",0.0,null,null,null,gabors,null,90.0,4.0,0.8,"[3644.93333333, 3644.93333333]",0.25021036,210,,,0,,False,13,train,2
3492,0.0,942.62269,942.8729,null,10.0,0.08,"[20.0, 20.0]",-30.0,null,null,null,gabors,null,45.0,4.0,0.8,"[3644.93333333, 3644.93333333]",0.25021036,152,,,0,,False,14,test,1
3493,0.0,942.8729,943.1231,null,10.0,0.08,"[20.0, 20.0]",0.0,null,null,null,gabors,null,45.0,4.0,0.8,"[3644.93333333, 3644.93333333]",0.25019964,187,,,0,,False,13,train,1
3494,0.0,943.1231,943.3733,null,10.0,0.08,"[20.0, 20.0]",0.0,null,null,null,gabors,null,0.0,4.0,0.8,"[3644.93333333, 3644.93333333]",0.25019964,157,,,0,,False,14,test,0
3495,0.0,943.3733,943.6235,null,-20.0,0.08,"[20.0, 20.0]",40.0,null,null,null,gabors,null,45.0,4.0,0.8,"[3644.93333333, 3644.93333333]",0.25019964,179,,,0,,False,14,test,1
3496,0.0,943.6235,943.8737,null,-30.0,0.08,"[20.0, 20.0]",10.0,null,null,null,gabors,null,45.0,4.0,0.8,"[3644.93333333, 3644.93333333]",0.25019964,108,,,0,,False,14,test,1
3497,0.0,943.8737,944.12392,null,-40.0,0.08,"[20.0, 20.0]",0.0,null,null,null,gabors,null,90.0,4.0,0.8,"[3644.93333333, 3644.93333333]",0.25021786,4,,,0,,False,14,test,2
3498,0.0,944.12392,944.37413,null,0.0,0.08,"[20.0, 20.0]",-10.0,null,null,null,gabors,null,90.0,4.0,0.8,"[3644.93333333, 3644.93333333]",0.25021786,218,,,0,,False,13,train,2
3499,0.0,944.37413,944.62435,null,10.0,0.08,"[20.0, 20.0]",-10.0,null,null,null,gabors,null,0.0,4.0,0.8,"[3644.93333333, 3644.93333333]",0.25021786,95,,,0,,False,14,test,0
3500,0.0,944.62435,944.87457,null,10.0,0.08,"[20.0, 20.0]",10.0,null,null,null,gabors,null,45.0,4.0,0.8,"[3644.93333333, 3644.93333333]",0.25021786,58,,,0,,False,12,train,1
3501,0.0,944.87457,945.12478,null,0.0,0.08,"[20.0, 20.0]",40.0,null,null,null,gabors,null,45.0,4.0,0.8,"[3644.93333333, 3644.93333333]",0.25020964,156,,,0,,False,13,train,1
3502,0.0,945.12478,945.37499,null,20.0,0.08,"[20.0, 20.0]",-20.0,null,null,null,gabors,null,90.0,4.0,0.8,"[3644.93333333, 3644.93333333]",0.25020964,26,,,0,,False,14,test,2
3503,0.0,945.37499,945.6252,null,20.0,0.08,"[20.0, 20.0]",-30.0,null,null,null,gabors,null,45.0,4.0,0.8,"[3644.93333333, 3644.93333333]",0.25020964,41,,,0,,False,13,train,1
3504,0.0,945.6252,945.87541,null,40.0,0.08,"[20.0, 20.0]",10.0,null,null,null,gabors,null,45.0,4.0,0.8,"[3644.93333333, 3644.93333333]",0.25020964,145,,,0,,False,13,train,1
3505,0.0,945.87541,946.12562,null,30.0,0.08,"[20.0, 20.0]",-30.0,null,null,null,gabors,null,45.0,4.0,0.8,"[3644.93333333, 3644.93333333]",0.25021036,238,,,0,,False,13,train,1
3506,0.0,946.12562,946.37583,null,30.0,0.08,"[20.0, 20.0]",-20.0,null,null,null,gabors,null,0.0,4.0,0.8,"[3644.93333333, 3644.93333333]",0.25021036,230,,,0,,False,13,train,0
3507,0.0,946.37583,946.62604,null,-30.0,0.08,"[20.0, 20.0]",-10.0,null,null,null,gabors,null,90.0,4.0,0.8,"[3644.93333333, 3644.93333333]",0.25021036,209,,,0,,False,14,test,2
3508,0.0,946.62604,946.87625,null,-20.0,0.08,"[20.0, 20.0]",-10.0,null,null,null,gabors,null,45.0,4.0,0.8,"[3644.93333333, 3644.93333333]",0.25021036,29,,,0,,False,14,test,1
3509,0.0,946.87625,947.12646,null,-30.0,0.08,"[20.0, 20.0]",-40.0,null,null,null,gabors,null,45.0,4.0,0.8,"[3644.93333333, 3644.93333333]",0.25020464,47,,,0,,False,14,test,1
3510,0.0,947.12646,947.37666,null,30.0,0.08,"[20.0, 20.0]",10.0,null,null,null,gabors,null,90.0,4.0,0.8,"[3644.93333333, 3644.93333333]",0.25020464,171,,,0,,False,13,train,2
3511,0.0,947.37666,947.62686,null,-30.0,0.08,"[20.0, 20.0]",30.0,null,null,null,gabors,null,45.0,4.0,0.8,"[3644.93333333, 3644.93333333]",0.25020464,217,,,0,,False,14,test,1
3512,0.0,947.62686,947.87707,null,-10.0,0.08,"[20.0, 20.0]",-40.0,null,null,null,gabors,null,0.0,4.0,0.8,"[3644.93333333, 3644.93333333]",0.25020464,185,,,0,,False,12,train,0
3513,0.0,947.87707,948.12728,null,20.0,0.08,"[20.0, 20.0]",10.0,null,null,null,gabors,null,90.0,4.0,0.8,"[3644.93333333, 3644.93333333]",0.25021286,243,,,0,,False,14,test,2
3514,0.0,948.12728,948.37749,null,-10.0,0.08,"[20.0, 20.0]",40.0,null,null,null,gabors,null,0.0,4.0,0.8,"[3644.93333333, 3644.93333333]",0.25021286,223,,,0,,False,14,test,0
3515,0.0,948.37749,948.62771,null,40.0,0.08,"[20.0, 20.0]",20.0,null,null,null,gabors,null,45.0,4.0,0.8,"[3644.93333333, 3644.93333333]",0.25021286,7,,,0,,False,14,test,1
3516,0.0,948.62771,948.87792,null,0.0,0.08,"[20.0, 20.0]",-30.0,null,null,null,gabors,null,0.0,4.0,0.8,"[3644.93333333, 3644.93333333]",0.25021286,159,,,0,,False,13,train,0
3517,0.0,948.87792,949.12813,null,-40.0,0.08,"[20.0, 20.0]",-30.0,null,null,null,gabors,null,45.0,4.0,0.8,"[3644.93333333, 3644.93333333]",0.25020464,107,,,0,,False,14,test,1
3518,0.0,949.12813,949.37833,null,30.0,0.08,"[20.0, 20.0]",10.0,null,null,null,gabors,null,90.0,4.0,0.8,"[3644.93333333, 3644.93333333]",0.25020464,171,,,0,,False,14,test,2
3519,0.0,949.37833,949.62853,null,-40.0,0.08,"[20.0, 20.0]",-40.0,null,null,null,gabors,null,45.0,4.0,0.8,"[3644.93333333, 3644.93333333]",0.25020464,197,,,0,,False,14,test,1
3520,0.0,949.62853,949.87874,null,-20.0,0.08,"[20.0, 20.0]",0.0,null,null,null,gabors,null,90.0,4.0,0.8,"[3644.93333333, 3644.93333333]",0.25020464,105,,,0,,False,14,test,2
3521,0.0,949.87874,950.12895,null,-20.0,0.08,"[20.0, 20.0]",-30.0,null,null,null,gabors,null,45.0,4.0,0.8,"[3644.93333333, 3644.93333333]",0.25021286,168,,,0,,False,14,test,1
3522,0.0,950.12895,950.37916,null,-20.0,0.08,"[20.0, 20.0]",30.0,null,null,null,gabors,null,90.0,4.0,0.8,"[3644.93333333, 3644.93333333]",0.25021286,161,,,0,,False,14,test,2
3523,0.0,950.37916,950.62938,null,20.0,0.08,"[20.0, 20.0]",20.0,null,null,null,gabors,null,90.0,4.0,0.8,"[3644.93333333, 3644.93333333]",0.25021286,24,,,0,,False,13,train,2
3524,0.0,950.62938,950.87959,null,10.0,0.08,"[20.0, 20.0]",-20.0,null,null,null,gabors,null,0.0,4.0,0.8,"[3644.93333333, 3644.93333333]",0.25021286,116,,,0,,False,13,train,0
3525,0.0,950.87959,951.12981,null,0.0,0.08,"[20.0, 20.0]",10.0,null,null,null,gabors,null,0.0,4.0,0.8,"[3644.93333333, 3644.93333333]",0.25021464,90,,,0,,False,14,test,0
3526,0.0,951.12981,951.38002,null,-20.0,0.08,"[20.0, 20.0]",-20.0,null,null,null,gabors,null,90.0,4.0,0.8,"[3644.93333333, 3644.93333333]",0.25021464,140,,,0,,False,14,test,2
3527,0.0,951.38002,951.63023,null,-20.0,0.08,"[20.0, 20.0]",-20.0,null,null,null,gabors,null,0.0,4.0,0.8,"[3644.93333333, 3644.93333333]",0.25021464,205,,,0,,False,14,test,0
3528,0.0,951.63023,951.88045,null,-10.0,0.08,"[20.0, 20.0]",0.0,null,null,null,gabors,null,0.0,4.0,0.8,"[3644.93333333, 3644.93333333]",0.25021464,127,,,0,,False,13,train,0
3529,0.0,951.88045,952.13065,null,0.0,0.08,"[20.0, 20.0]",-30.0,null,null,null,gabors,null,0.0,4.0,0.8,"[3644.93333333, 3644.93333333]",0.25020536,159,,,0,,False,14,test,0
3530,0.0,952.13065,952.38086,null,0.0,0.08,"[20.0, 20.0]",0.0,null,null,null,gabors,null,0.0,4.0,0.8,"[3644.93333333, 3644.93333333]",0.25020536,124,,,0,,False,12,train,0
3531,0.0,952.38086,952.63107,null,10.0,0.08,"[20.0, 20.0]",0.0,null,null,null,gabors,null,45.0,4.0,0.8,"[3644.93333333, 3644.93333333]",0.25020536,187,,,0,,False,14,test,1
3532,0.0,952.63107,952.88127,null,40.0,0.08,"[20.0, 20.0]",10.0,null,null,null,gabors,null,90.0,4.0,0.8,"[3644.93333333, 3644.93333333]",0.25020536,8,,,0,,False,14,test,2
3533,0.0,952.88127,953.13148,null,40.0,0.08,"[20.0, 20.0]",40.0,null,null,null,gabors,null,90.0,4.0,0.8,"[3644.93333333, 3644.93333333]",0.25020964,189,,,0,,False,14,test,2
3534,0.0,953.13148,953.38169,null,0.0,0.08,"[20.0, 20.0]",-30.0,null,null,null,gabors,null,45.0,4.0,0.8,"[3644.93333333, 3644.93333333]",0.25020964,160,,,0,,False,13,train,1
3535,0.0,953.38169,953.6319,null,-20.0,0.08,"[20.0, 20.0]",0.0,null,null,null,gabors,null,45.0,4.0,0.8,"[3644.93333333, 3644.93333333]",0.25020964,193,,,0,,False,14,test,1
3536,0.0,953.6319,953.88211,null,30.0,0.08,"[20.0, 20.0]",40.0,null,null,null,gabors,null,0.0,4.0,0.8,"[3644.93333333, 3644.93333333]",0.25020964,110,,,0,,False,14,test,0
3537,0.0,953.88211,954.13232,null,40.0,0.08,"[20.0, 20.0]",-20.0,null,null,null,gabors,null,0.0,4.0,0.8,"[3644.93333333, 3644.93333333]",0.25021036,3,,,0,,False,14,test,0
3538,0.0,954.13232,954.38253,null,-20.0,0.08,"[20.0, 20.0]",30.0,null,null,null,gabors,null,0.0,4.0,0.8,"[3644.93333333, 3644.93333333]",0.25021036,219,,,0,,False,12,train,0
3539,0.0,954.38253,954.63274,null,-10.0,0.08,"[20.0, 20.0]",40.0,null,null,null,gabors,null,90.0,4.0,0.8,"[3644.93333333, 3644.93333333]",0.25021036,222,,,0,,False,14,test,2
3540,0.0,954.63274,954.88295,null,0.0,0.08,"[20.0, 20.0]",20.0,null,null,null,gabors,null,45.0,4.0,0.8,"[3644.93333333, 3644.93333333]",0.25021036,232,,,0,,False,14,test,1
3541,0.0,954.88295,955.13316,null,0.0,0.08,"[20.0, 20.0]",-10.0,null,null,null,gabors,null,90.0,4.0,0.8,"[3644.93333333, 3644.93333333]",0.25020964,218,,,0,,False,14,test,2
3542,0.0,955.13316,955.38337,null,-10.0,0.08,"[20.0, 20.0]",0.0,null,null,null,gabors,null,0.0,4.0,0.8,"[3644.93333333, 3644.93333333]",0.25020964,127,,,0,,False,14,test,0
3543,0.0,955.38337,955.63358,null,40.0,0.08,"[20.0, 20.0]",-30.0,null,null,null,gabors,null,45.0,4.0,0.8,"[3644.93333333, 3644.93333333]",0.25020964,137,,,0,,False,14,test,1
3544,0.0,955.63358,955.88379,null,30.0,0.08,"[20.0, 20.0]",40.0,null,null,null,gabors,null,45.0,4.0,0.8,"[3644.93333333, 3644.93333333]",0.25020964,162,,,0,,False,14,test,1
3545,0.0,955.88379,956.13399,null,0.0,0.08,"[20.0, 20.0]",30.0,null,null,null,gabors,null,45.0,4.0,0.8,"[3644.93333333, 3644.93333333]",0.25020536,100,,,0,,False,14,test,1
3546,0.0,956.13399,956.3842,null,10.0,0.08,"[20.0, 20.0]",-30.0,null,null,null,gabors,null,90.0,4.0,0.8,"[3644.93333333, 3644.93333333]",0.25020536,200,,,0,,False,14,test,2
3547,0.0,956.3842,956.63441,null,10.0,0.08,"[20.0, 20.0]",10.0,null,null,null,gabors,null,90.0,4.0,0.8,"[3644.93333333, 3644.93333333]",0.25020536,214,,,0,,False,14,test,2
3548,0.0,956.63441,956.88461,null,40.0,0.08,"[20.0, 20.0]",30.0,null,null,null,gabors,null,45.0,4.0,0.8,"[3644.93333333, 3644.93333333]",0.25020536,163,,,0,,False,14,test,1
3549,0.0,956.88461,957.13482,null,-40.0,0.08,"[20.0, 20.0]",-10.0,null,null,null,gabors,null,0.0,4.0,0.8,"[3644.93333333, 3644.93333333]",0.25021214,142,,,0,,False,14,test,0
3550,0.0,957.13482,957.38503,null,-10.0,0.08,"[20.0, 20.0]",-30.0,null,null,null,gabors,null,0.0,4.0,0.8,"[3644.93333333, 3644.93333333]",0.25021214,224,,,0,,False,13,train,0
3551,0.0,957.38503,957.63525,null,40.0,0.08,"[20.0, 20.0]",0.0,null,null,null,gabors,null,90.0,4.0,0.8,"[3644.93333333, 3644.93333333]",0.25021214,211,,,0,,False,14,test,2
3552,0.0,957.63525,957.88546,null,20.0,0.08,"[20.0, 20.0]",-20.0,null,null,null,gabors,null,0.0,4.0,0.8,"[3644.93333333, 3644.93333333]",0.25021214,101,,,0,,False,13,train,0
3553,0.0,957.88546,958.13567,null,-10.0,0.08,"[20.0, 20.0]",-40.0,null,null,null,gabors,null,0.0,4.0,0.8,"[3644.93333333, 3644.93333333]",0.25020786,185,,,0,,False,13,train,0
3554,0.0,958.13567,958.38587,null,10.0,0.08,"[20.0, 20.0]",20.0,null,null,null,gabors,null,45.0,4.0,0.8,"[3644.93333333, 3644.93333333]",0.25020786,14,,,0,,False,14,test,1
3555,0.0,958.38587,958.63608,null,-40.0,0.08,"[20.0, 20.0]",20.0,null,null,null,gabors,null,90.0,4.0,0.8,"[3644.93333333, 3644.93333333]",0.25020786,55,,,0,,False,13,train,2
3556,0.0,958.63608,958.88629,null,-10.0,0.08,"[20.0, 20.0]",-20.0,null,null,null,gabors,null,90.0,4.0,0.8,"[3644.93333333, 3644.93333333]",0.25020786,16,,,0,,False,14,test,2
3557,0.0,958.88629,959.1365,null,30.0,0.08,"[20.0, 20.0]",-30.0,null,null,null,gabors,null,45.0,4.0,0.8,"[3644.93333333, 3644.93333333]",0.25020964,238,,,0,,False,14,test,1
3558,0.0,959.1365,959.38671,null,0.0,0.08,"[20.0, 20.0]",0.0,null,null,null,gabors,null,0.0,4.0,0.8,"[3644.93333333, 3644.93333333]",0.25020964,124,,,0,,False,13,train,0
3559,0.0,959.38671,959.63692,null,30.0,0.08,"[20.0, 20.0]",-30.0,null,null,null,gabors,null,0.0,4.0,0.8,"[3644.93333333, 3644.93333333]",0.25020964,9,,,0,,False,13,train,0
3560,0.0,959.63692,959.88713,null,-20.0,0.08,"[20.0, 20.0]",30.0,null,null,null,gabors,null,45.0,4.0,0.8,"[3644.93333333, 3644.93333333]",0.25020964,72,,,0,,False,14,test,1
3561,0.0,959.88713,960.13734,null,10.0,0.08,"[20.0, 20.0]",20.0,null,null,null,gabors,null,90.0,4.0,0.8,"[3644.93333333, 3644.93333333]",0.25020786,147,,,0,,False,14,test,2
3562,0.0,960.13734,960.38754,null,-30.0,0.08,"[20.0, 20.0]",-40.0,null,null,null,gabors,null,0.0,4.0,0.8,"[3644.93333333, 3644.93333333]",0.25020786,213,,,0,,False,14,test,0
3563,0.0,960.38754,960.63775,null,40.0,0.08,"[20.0, 20.0]",-10.0,null,null,null,gabors,null,90.0,4.0,0.8,"[3644.93333333, 3644.93333333]",0.25020786,170,,,0,,False,14,test,2
3564,0.0,960.63775,960.88796,null,0.0,0.08,"[20.0, 20.0]",0.0,null,null,null,gabors,null,0.0,4.0,0.8,"[3644.93333333, 3644.93333333]",0.25020786,124,,,0,,False,14,test,0
3565,0.0,960.88796,961.13817,null,-20.0,0.08,"[20.0, 20.0]",-30.0,null,null,null,gabors,null,0.0,4.0,0.8,"[3644.93333333, 3644.93333333]",0.25020964,54,,,0,,False,14,test,0
3566,0.0,961.13817,961.38838,null,10.0,0.08,"[20.0, 20.0]",10.0,null,null,null,gabors,null,45.0,4.0,0.8,"[3644.93333333, 3644.93333333]",0.25020964,58,,,0,,False,13,train,1
3567,0.0,961.38838,961.63859,null,10.0,0.08,"[20.0, 20.0]",30.0,null,null,null,gabors,null,0.0,4.0,0.8,"[3644.93333333, 3644.93333333]",0.25020964,226,,,0,,False,12,train,0
3568,0.0,961.63859,961.8888,null,-40.0,0.08,"[20.0, 20.0]",0.0,null,null,null,gabors,null,45.0,4.0,0.8,"[3644.93333333, 3644.93333333]",0.25020964,130,,,0,,False,14,test,1
3569,0.0,961.8888,962.139,null,-10.0,0.08,"[20.0, 20.0]",20.0,null,null,null,gabors,null,0.0,4.0,0.8,"[3644.93333333, 3644.93333333]",0.25020536,1,,,0,,False,14,test,0
3570,0.0,962.139,962.38921,null,-30.0,0.08,"[20.0, 20.0]",0.0,null,null,null,gabors,null,45.0,4.0,0.8,"[3644.93333333, 3644.93333333]",0.25020536,99,,,0,,False,14,test,1
3571,0.0,962.38921,962.63942,null,-40.0,0.08,"[20.0, 20.0]",20.0,null,null,null,gabors,null,90.0,4.0,0.8,"[3644.93333333, 3644.93333333]",0.25020536,55,,,0,,False,14,test,2
3572,0.0,962.63942,962.88962,null,40.0,0.08,"[20.0, 20.0]",40.0,null,null,null,gabors,null,0.0,4.0,0.8,"[3644.93333333, 3644.93333333]",0.25020536,45,,,0,,False,14,test,0
3573,0.0,962.88962,963.13983,null,40.0,0.08,"[20.0, 20.0]",10.0,null,null,null,gabors,null,45.0,4.0,0.8,"[3644.93333333, 3644.93333333]",0.25020964,145,,,0,,False,14,test,1
3574,0.0,963.13983,963.39004,null,10.0,0.08,"[20.0, 20.0]",-20.0,null,null,null,gabors,null,0.0,4.0,0.8,"[3644.93333333, 3644.93333333]",0.25020964,116,,,0,,False,14,test,0
3575,0.0,963.39004,963.64025,null,-10.0,0.08,"[20.0, 20.0]",-10.0,null,null,null,gabors,null,45.0,4.0,0.8,"[3644.93333333, 3644.93333333]",0.25020964,117,,,0,,False,14,test,1
3576,0.0,963.64025,963.89046,null,-20.0,0.08,"[20.0, 20.0]",-30.0,null,null,null,gabors,null,90.0,4.0,0.8,"[3644.93333333, 3644.93333333]",0.25020964,221,,,0,,False,14,test,2
3577,0.0,963.89046,964.14067,null,-40.0,0.08,"[20.0, 20.0]",30.0,null,null,null,gabors,null,45.0,4.0,0.8,"[3644.93333333, 3644.93333333]",0.25021286,61,,,0,,False,14,test,1
3578,0.0,964.14067,964.39088,null,10.0,0.08,"[20.0, 20.0]",20.0,null,null,null,gabors,null,0.0,4.0,0.8,"[3644.93333333, 3644.93333333]",0.25021286,129,,,0,,False,13,train,0
3579,0.0,964.39088,964.6411,null,40.0,0.08,"[20.0, 20.0]",30.0,null,null,null,gabors,null,0.0,4.0,0.8,"[3644.93333333, 3644.93333333]",0.25021286,126,,,0,,False,14,test,0
3580,0.0,964.6411,964.89131,null,20.0,0.08,"[20.0, 20.0]",40.0,null,null,null,gabors,null,90.0,4.0,0.8,"[3644.93333333, 3644.93333333]",0.25021286,141,,,0,,False,14,test,2
3581,0.0,964.89131,965.14152,null,30.0,0.08,"[20.0, 20.0]",30.0,null,null,null,gabors,null,45.0,4.0,0.8,"[3644.93333333, 3644.93333333]",0.25020964,208,,,0,,False,13,train,1
3582,0.0,965.14152,965.39173,null,-20.0,0.08,"[20.0, 20.0]",30.0,null,null,null,gabors,null,0.0,4.0,0.8,"[3644.93333333, 3644.93333333]",0.25020964,219,,,0,,False,13,train,0
3583,0.0,965.39173,965.64194,null,-40.0,0.08,"[20.0, 20.0]",20.0,null,null,null,gabors,null,45.0,4.0,0.8,"[3644.93333333, 3644.93333333]",0.25020964,240,,,0,,False,13,train,1
3584,0.0,965.64194,965.89215,null,20.0,0.08,"[20.0, 20.0]",-20.0,null,null,null,gabors,null,45.0,4.0,0.8,"[3644.93333333, 3644.93333333]",0.25020964,36,,,0,,False,14,test,1
3585,0.0,965.89215,966.14236,null,-30.0,0.08,"[20.0, 20.0]",0.0,null,null,null,gabors,null,90.0,4.0,0.8,"[3644.93333333, 3644.93333333]",0.25020786,84,,,0,,False,14,test,2
3586,0.0,966.14236,966.39256,null,-30.0,0.08,"[20.0, 20.0]",0.0,null,null,null,gabors,null,0.0,4.0,0.8,"[3644.93333333, 3644.93333333]",0.25020786,40,,,0,,False,14,test,0
3587,0.0,966.39256,966.64277,null,0.0,0.08,"[20.0, 20.0]",-10.0,null,null,null,gabors,null,45.0,4.0,0.8,"[3644.93333333, 3644.93333333]",0.25020786,195,,,0,,False,13,train,1
3588,0.0,966.64277,966.89298,null,10.0,0.08,"[20.0, 20.0]",30.0,null,null,null,gabors,null,0.0,4.0,0.8,"[3644.93333333, 3644.93333333]",0.25020786,226,,,0,,False,13,train,0
3589,0.0,966.89298,967.14319,null,0.0,0.08,"[20.0, 20.0]",10.0,null,null,null,gabors,null,45.0,4.0,0.8,"[3644.93333333, 3644.93333333]",0.25020464,188,,,0,,False,14,test,1
3590,0.0,967.14319,967.39339,null,-40.0,0.08,"[20.0, 20.0]",-30.0,null,null,null,gabors,null,90.0,4.0,0.8,"[3644.93333333, 3644.93333333]",0.25020464,86,,,0,,False,14,test,2
3591,0.0,967.39339,967.64359,null,-20.0,0.08,"[20.0, 20.0]",-10.0,null,null,null,gabors,null,90.0,4.0,0.8,"[3644.93333333, 3644.93333333]",0.25020464,236,,,0,,False,14,test,2
3592,0.0,967.64359,967.8938,null,10.0,0.08,"[20.0, 20.0]",30.0,null,null,null,gabors,null,0.0,4.0,0.8,"[3644.93333333, 3644.93333333]",0.25020464,226,,,0,,False,14,test,0
3593,0.0,967.8938,968.14401,null,10.0,0.08,"[20.0, 20.0]",20.0,null,null,null,gabors,null,0.0,4.0,0.8,"[3644.93333333, 3644.93333333]",0.25021286,129,,,0,,False,14,test,0
3594,0.0,968.14401,968.39422,null,10.0,0.08,"[20.0, 20.0]",40.0,null,null,null,gabors,null,90.0,4.0,0.8,"[3644.93333333, 3644.93333333]",0.25021286,39,,,0,,False,14,test,2
3595,0.0,968.39422,968.64444,null,40.0,0.08,"[20.0, 20.0]",-10.0,null,null,null,gabors,null,45.0,4.0,0.8,"[3644.93333333, 3644.93333333]",0.25021286,67,,,0,,False,14,test,1
3596,0.0,968.64444,968.89465,null,-30.0,0.08,"[20.0, 20.0]",20.0,null,null,null,gabors,null,0.0,4.0,0.8,"[3644.93333333, 3644.93333333]",0.25021286,153,,,0,,False,13,train,0
3597,0.0,968.89465,969.14486,null,-40.0,0.08,"[20.0, 20.0]",-30.0,null,null,null,gabors,null,0.0,4.0,0.8,"[3644.93333333, 3644.93333333]",0.25020964,172,,,0,,False,14,test,0
3598,0.0,969.14486,969.39507,null,-10.0,0.08,"[20.0, 20.0]",30.0,null,null,null,gabors,null,45.0,4.0,0.8,"[3644.93333333, 3644.93333333]",0.25020964,181,,,0,,False,11,test,1
3599,0.0,969.39507,969.64528,null,-30.0,0.08,"[20.0, 20.0]",-20.0,null,null,null,gabors,null,45.0,4.0,0.8,"[3644.93333333, 3644.93333333]",0.25020964,176,,,0,,False,13,train,1
3600,0.0,969.64528,969.89549,null,20.0,0.08,"[20.0, 20.0]",10.0,null,null,null,gabors,null,45.0,4.0,0.8,"[3644.93333333, 3644.93333333]",0.25020964,114,,,0,,False,14,test,1
3601,0.0,969.89549,970.1457,null,-10.0,0.08,"[20.0, 20.0]",30.0,null,null,null,gabors,null,45.0,4.0,0.8,"[3644.93333333, 3644.93333333]",0.25021036,181,,,0,,False,12,train,1
3602,0.0,970.1457,970.39591,null,40.0,0.08,"[20.0, 20.0]",-40.0,null,null,null,gabors,null,45.0,4.0,0.8,"[3644.93333333, 3644.93333333]",0.25021036,34,,,0,,False,14,test,1
3603,0.0,970.39591,970.64612,null,30.0,0.08,"[20.0, 20.0]",20.0,null,null,null,gabors,null,45.0,4.0,0.8,"[3644.93333333, 3644.93333333]",0.25021036,73,,,0,,False,13,train,1
3604,0.0,970.64612,970.89633,null,30.0,0.08,"[20.0, 20.0]",-30.0,null,null,null,gabors,null,90.0,4.0,0.8,"[3644.93333333, 3644.93333333]",0.25021036,92,,,0,,False,14,test,2
3605,0.0,970.89633,971.14655,null,10.0,0.08,"[20.0, 20.0]",10.0,null,null,null,gabors,null,0.0,4.0,0.8,"[3644.93333333, 3644.93333333]",0.25021464,94,,,0,,False,14,test,0
3606,0.0,971.14655,971.39676,null,-30.0,0.08,"[20.0, 20.0]",20.0,null,null,null,gabors,null,0.0,4.0,0.8,"[3644.93333333, 3644.93333333]",0.25021464,153,,,0,,False,14,test,0
3607,0.0,971.39676,971.64697,null,30.0,0.08,"[20.0, 20.0]",20.0,null,null,null,gabors,null,45.0,4.0,0.8,"[3644.93333333, 3644.93333333]",0.25021464,73,,,0,,False,14,test,1
3608,0.0,971.64697,971.89719,null,-10.0,0.08,"[20.0, 20.0]",-10.0,null,null,null,gabors,null,0.0,4.0,0.8,"[3644.93333333, 3644.93333333]",0.25021464,173,,,0,,False,14,test,0
3609,0.0,971.89719,972.14739,null,30.0,0.08,"[20.0, 20.0]",30.0,null,null,null,gabors,null,90.0,4.0,0.8,"[3644.93333333, 3644.93333333]",0.25020286,134,,,0,,False,14,test,2
3610,0.0,972.14739,972.39759,null,30.0,0.08,"[20.0, 20.0]",-30.0,null,null,null,gabors,null,0.0,4.0,0.8,"[3644.93333333, 3644.93333333]",0.25020286,9,,,0,,False,14,test,0
3611,0.0,972.39759,972.6478,null,30.0,0.08,"[20.0, 20.0]",-10.0,null,null,null,gabors,null,45.0,4.0,0.8,"[3644.93333333, 3644.93333333]",0.25020286,60,,,0,,False,14,test,1
3612,0.0,972.6478,972.898,null,-10.0,0.08,"[20.0, 20.0]",-20.0,null,null,null,gabors,null,45.0,4.0,0.8,"[3644.93333333, 3644.93333333]",0.25020286,166,,,0,,False,14,test,1
3613,0.0,972.898,973.14822,null,20.0,0.08,"[20.0, 20.0]",-20.0,null,null,null,gabors,null,0.0,4.0,0.8,"[3644.93333333, 3644.93333333]",0.25021464,101,,,0,,False,14,test,0
3614,0.0,973.14822,973.39843,null,-40.0,0.08,"[20.0, 20.0]",-20.0,null,null,null,gabors,null,45.0,4.0,0.8,"[3644.93333333, 3644.93333333]",0.25021464,239,,,0,,False,14,test,1
3615,0.0,973.39843,973.64864,null,-30.0,0.08,"[20.0, 20.0]",40.0,null,null,null,gabors,null,0.0,4.0,0.8,"[3644.93333333, 3644.93333333]",0.25021464,22,,,0,,False,14,test,0
3616,0.0,973.64864,973.89886,null,-20.0,0.08,"[20.0, 20.0]",30.0,null,null,null,gabors,null,0.0,4.0,0.8,"[3644.93333333, 3644.93333333]",0.25021464,219,,,0,,False,14,test,0
3617,0.0,973.89886,974.14906,null,30.0,0.08,"[20.0, 20.0]",0.0,null,null,null,gabors,null,45.0,4.0,0.8,"[3644.93333333, 3644.93333333]",0.25020286,2,,,0,,False,13,train,1
3618,0.0,974.14906,974.39926,null,0.0,0.08,"[20.0, 20.0]",40.0,null,null,null,gabors,null,45.0,4.0,0.8,"[3644.93333333, 3644.93333333]",0.25020286,156,,,0,,False,14,test,1
3619,0.0,974.39926,974.64947,null,40.0,0.08,"[20.0, 20.0]",-20.0,null,null,null,gabors,null,45.0,4.0,0.8,"[3644.93333333, 3644.93333333]",0.25020286,78,,,0,,False,14,test,1
3620,0.0,974.64947,974.89967,null,-30.0,0.08,"[20.0, 20.0]",-20.0,null,null,null,gabors,null,45.0,4.0,0.8,"[3644.93333333, 3644.93333333]",0.25020286,176,,,0,,False,14,test,1
3621,0.0,974.89967,975.14988,null,10.0,0.08,"[20.0, 20.0]",0.0,null,null,null,gabors,null,90.0,4.0,0.8,"[3644.93333333, 3644.93333333]",0.25020964,15,,,0,,False,14,test,2
3622,0.0,975.14988,975.40009,null,20.0,0.08,"[20.0, 20.0]",-40.0,null,null,null,gabors,null,90.0,4.0,0.8,"[3644.93333333, 3644.93333333]",0.25020964,133,,,0,,False,14,test,2
3623,0.0,975.40009,975.6503,null,-10.0,0.08,"[20.0, 20.0]",30.0,null,null,null,gabors,null,45.0,4.0,0.8,"[3644.93333333, 3644.93333333]",0.25020964,181,,,0,,False,13,train,1
3624,0.0,975.6503,975.90051,null,10.0,0.08,"[20.0, 20.0]",10.0,null,null,null,gabors,null,45.0,4.0,0.8,"[3644.93333333, 3644.93333333]",0.25020964,58,,,0,,False,14,test,1
3625,0.0,975.90051,976.15072,null,30.0,0.08,"[20.0, 20.0]",-20.0,null,null,null,gabors,null,0.0,4.0,0.8,"[3644.93333333, 3644.93333333]",0.25020786,230,,,0,,False,14,test,0
3626,0.0,976.15072,976.40092,null,-30.0,0.08,"[20.0, 20.0]",-20.0,null,null,null,gabors,null,0.0,4.0,0.8,"[3644.93333333, 3644.93333333]",0.25020786,119,,,0,,False,14,test,0
3627,0.0,976.40092,976.65113,null,-10.0,0.08,"[20.0, 20.0]",30.0,null,null,null,gabors,null,45.0,4.0,0.8,"[3644.93333333, 3644.93333333]",0.25020786,181,,,0,,False,14,test,1
3628,0.0,976.65113,976.90134,null,30.0,0.08,"[20.0, 20.0]",0.0,null,null,null,gabors,null,45.0,4.0,0.8,"[3644.93333333, 3644.93333333]",0.25020786,2,,,0,,False,14,test,1
3629,0.0,976.90134,977.15155,null,40.0,0.08,"[20.0, 20.0]",20.0,null,null,null,gabors,null,90.0,4.0,0.8,"[3644.93333333, 3644.93333333]",0.25020464,115,,,0,,False,14,test,2
3630,0.0,977.15155,977.40175,null,30.0,0.08,"[20.0, 20.0]",30.0,null,null,null,gabors,null,45.0,4.0,0.8,"[3644.93333333, 3644.93333333]",0.25020464,208,,,0,,False,14,test,1
3631,0.0,977.40175,977.65195,null,0.0,0.08,"[20.0, 20.0]",0.0,null,null,null,gabors,null,90.0,4.0,0.8,"[3644.93333333, 3644.93333333]",0.25020464,210,,,0,,False,14,test,2
3632,0.0,977.65195,977.90216,null,-10.0,0.08,"[20.0, 20.0]",-40.0,null,null,null,gabors,null,0.0,4.0,0.8,"[3644.93333333, 3644.93333333]",0.25020464,185,,,0,,False,14,test,0
3633,0.0,977.90216,978.15237,null,-40.0,0.08,"[20.0, 20.0]",20.0,null,null,null,gabors,null,45.0,4.0,0.8,"[3644.93333333, 3644.93333333]",0.25021536,240,,,0,,False,14,test,1
3634,0.0,978.15237,978.40259,null,-40.0,0.08,"[20.0, 20.0]",-40.0,null,null,null,gabors,null,0.0,4.0,0.8,"[3644.93333333, 3644.93333333]",0.25021536,53,,,0,,False,14,test,0
3635,0.0,978.40259,978.65281,null,-20.0,0.08,"[20.0, 20.0]",-20.0,null,null,null,gabors,null,45.0,4.0,0.8,"[3644.93333333, 3644.93333333]",0.25021536,32,,,0,,False,14,test,1
3636,0.0,978.65281,978.90302,null,20.0,0.08,"[20.0, 20.0]",-30.0,null,null,null,gabors,null,45.0,4.0,0.8,"[3644.93333333, 3644.93333333]",0.25021536,41,,,0,,False,14,test,1
3637,0.0,978.90302,979.15323,null,-10.0,0.08,"[20.0, 20.0]",-30.0,null,null,null,gabors,null,0.0,4.0,0.8,"[3644.93333333, 3644.93333333]",0.25021214,224,,,0,,False,14,test,0
3638,0.0,979.15323,979.40344,null,-30.0,0.08,"[20.0, 20.0]",30.0,null,null,null,gabors,null,90.0,4.0,0.8,"[3644.93333333, 3644.93333333]",0.25021214,111,,,0,,False,14,test,2
3639,0.0,979.40344,979.65366,null,0.0,0.08,"[20.0, 20.0]",-10.0,null,null,null,gabors,null,45.0,4.0,0.8,"[3644.93333333, 3644.93333333]",0.25021214,195,,,0,,False,14,test,1
3640,0.0,979.65366,979.90387,null,0.0,0.08,"[20.0, 20.0]",0.0,null,null,null,gabors,null,45.0,4.0,0.8,"[3644.93333333, 3644.93333333]",0.25021214,201,,,0,,False,14,test,1
3641,0.0,979.90387,980.15407,null,0.0,0.08,"[20.0, 20.0]",-30.0,null,null,null,gabors,null,45.0,4.0,0.8,"[3644.93333333, 3644.93333333]",0.25020286,160,,,0,,False,14,test,1
3642,0.0,980.15407,980.40427,null,-20.0,0.08,"[20.0, 20.0]",-40.0,null,null,null,gabors,null,90.0,4.0,0.8,"[3644.93333333, 3644.93333333]",0.25020286,135,,,0,,False,14,test,2
3643,0.0,980.40427,980.65448,null,30.0,0.08,"[20.0, 20.0]",20.0,null,null,null,gabors,null,0.0,4.0,0.8,"[3644.93333333, 3644.93333333]",0.25020286,164,,,0,,False,14,test,0
3644,0.0,980.65448,980.90468,null,20.0,0.08,"[20.0, 20.0]",20.0,null,null,null,gabors,null,90.0,4.0,0.8,"[3644.93333333, 3644.93333333]",0.25020286,24,,,0,,False,14,test,2
3645,0.0,980.90468,981.15489,null,-40.0,0.08,"[20.0, 20.0]",30.0,null,null,null,gabors,null,0.0,4.0,0.8,"[3644.93333333, 3644.93333333]",0.25021214,144,,,0,,False,14,test,0
