stimulus_presentation_id,stimulus_block,start_time,stop_time,color,contrast,frame,y_position,size,phase,spatial_frequency,orientation,stimulus_name,x_position,temporal_frequency,duration,stimulus_condition_id,gaze_dx_deg,gaze_dy_deg,gaze_samples,gaze_within_trial_sd_deg,valid_gaze,repeat_index_within_condition,trial_split,orientation_index
1,0.0,88.123715,88.357242,null,0.8,null,30.0,"[20.0, 20.0]","[3644.93333333, 3644.93333333]",0.08,45.0,gabors,0.0,4.0,0.23352706,1,,,0,,False,0,train,1
2,0.0,88.357242,88.60745,null,0.8,null,30.0,"[20.0, 20.0]","[3644.93333333, 3644.93333333]",0.08,0.0,gabors,0.0,4.0,0.25020757,2,,,0,,False,0,train,0
3,0.0,88.60745,88.857658,null,0.8,null,-30.0,"[20.0, 20.0]","[3644.93333333, 3644.93333333]",0.08,0.0,gabors,0.0,4.0,0.25020757,3,,,0,,False,0,train,0
4,0.0,88.857658,89.107865,null,0.8,null,40.0,"[20.0, 20.0]","[3644.93333333, 3644.93333333]",0.08,45.0,gabors,10.0,4.0,0.25020757,4,,,0,,False,0,train,1
5,0.0,89.107865,89.358085,null,0.8,null,-20.0,"[20.0, 20.0]","[3644.93333333, 3644.93333333]",0.08,90.0,gabors,0.0,4.0,0.25022006,5,,,0,,False,0,train,2
6,0.0,89.358085,89.608305,null,0.8,null,20.0,"[20.0, 20.0]","[3644.93333333, 3644.93333333]",0.08,90.0,gabors,30.0,4.0,0.25022006,6,,,0,,False,0,train,2
7,0.0,89.608305,89.858525,null,0.8,null,20.0,"[20.0, 20.0]","[3644.93333333, 3644.93333333]",0.08,0.0,gabors,0.0,4.0,0.25022006,7,,,0,,False,0,train,0
8,0.0,89.858525,90.108745,null,0.8,null,-40.0,"[20.0, 20.0]","[3644.93333333, 3644.93333333]",0.08,0.0,gabors,20.0,4.0,0.25022006,8,,,0,,False,0,train,0
9,0.0,90.108745,90.358943,null,0.8,null,10.0,"[20.0, 20.0]","[3644.93333333, 3644.93333333]",0.08,45.0,gabors,10.0,4.0,0.25019744,9,,,0,,False,0,train,1
10,0.0,90.358943,90.60914,null,0.8,null,20.0,"[20.0, 20.0]","[3644.93333333, 3644.93333333]",0.08,90.0,gabors,0.0,4.0,0.25019744,10,,,0,,False,0,train,2
11,0.0,90.60914,90.859338,null,0.8,null,30.0,"[20.0, 20.0]","[3644.93333333, 3644.93333333]",0.08,90.0,gabors,0.0,4.0,0.25019744,11,,,0,,False,0,train,2
12,0.0,90.859338,91.109535,null,0.8,null,10.0,"[20.0, 20.0]","[3644.93333333, 3644.93333333]",0.08,90.0,gabors,40.0,4.0,0.25019744,12,,,0,,False,0,train,2
13,0.0,91.109535,91.359745,null,0.8,null,10.0,"[20.0, 20.0]","[3644.93333333, 3644.93333333]",0.08,90.0,gabors,10.0,4.0,0.25021006,13,,,0,,False,0,train,2
14,0.0,91.359745,91.609955,null,0.8,null,10.0,"[20.0, 20.0]","[3644.93333333, 3644.93333333]",0.08,90.0,gabors,30.0,4.0,0.25021006,14,,,0,,False,0,train,2
15,0.0,91.609955,91.860165,null,0.8,null,10.0,"[20.0, 20.0]","[3644.93333333, 3644.93333333]",0.08,45.0,gabors,-40.0,4.0,0.25021006,15,,,0,,False,0,train,1
16,0.0,91.860165,92.110375,null,0.8,null,-30.0,"[20.0, 20.0]","[3644.93333333, 3644.93333333]",0.08,45.0,gabors,10.0,4.0,0.25021006,16,,,0,,False,0,train,1
17,0.0,92.110375,92.360583,null,0.8,null,-30.0,"[20.0, 20.0]","[3644.93333333, 3644.93333333]",0.08,90.0,gabors,40.0,4.0,0.25020744,17,,,0,,False,0,train,2
18,0.0,92.360583,92.61079,null,0.8,null,-40.0,"[20.0, 20.0]","[3644.93333333, 3644.93333333]",0.08,45.0,gabors,-20.0,4.0,0.25020744,18,,,0,,False,0,train,1
19,0.0,92.61079,92.860998,null,0.8,null,40.0,"[20.0, 20.0]","[3644.93333333, 3644.93333333]",0.08,0.0,gabors,20.0,4.0,0.25020744,19,,,0,,False,0,train,0
20,0.0,92.860998,93.111205,null,0.8,null,-30.0,"[20.0, 20.0]","[3644.93333333, 3644.93333333]",0.08,90.0,gabors,10.0,4.0,0.25020744,20,,,0,,False,0,train,2
21,0.0,93.111205,93.361413,null,0.8,null,-10.0,"[20.0, 20.0]","[3644.93333333, 3644.93333333]",0.08,45.0,gabors,-40.0,4.0,0.25020756,21,,,0,,False,0,train,1
22,0.0,93.361413,93.61162,null,0.8,null,-30.0,"[20.0, 20.0]","[3644.93333333, 3644.93333333]",0.08,45.0,gabors,0.0,4.0,0.25020756,22,,,0,,False,0,train,1
23,0.0,93.61162,93.861828,null,0.8,null,0.0,"[20.0, 20.0]","[3644.93333333, 3644.93333333]",0.08,45.0,gabors,-10.0,4.0,0.25020756,23,,,0,,False,0,train,1
24,0.0,93.861828,94.112035,null,0.8,null,-30.0,"[20.0, 20.0]","[3644.93333333, 3644.93333333]",0.08,45.0,gabors,20.0,4.0,0.25020756,24,,,0,,False,0,train,1
25,0.0,94.112035,94.362243,null,0.8,null,10.0,"[20.0, 20.0]","[3644.93333333, 3644.93333333]",0.08,90.0,gabors,-20.0,4.0,0.25020744,25,,,0,,False,0,train,2
26,0.0,94.362243,94.61245,null,0.8,null,-30.0,"[20.0, 20.0]","[3644.93333333, 3644.93333333]",0.08,90.0,gabors,-10.0,4.0,0.25020744,26,,,0,,False,0,train,2
27,0.0,94.61245,94.862658,null,0.8,null,10.0,"[20.0, 20.0]","[3644.93333333, 3644.93333333]",0.08,90.0,gabors,20.0,4.0,0.25020744,27,,,0,,False,0,train,2
28,0.0,94.862658,95.112865,null,0.8,null,-20.0,"[20.0, 20.0]","[3644.93333333, 3644.93333333]",0.08,0.0,gabors,20.0,4.0,0.25020744,28,,,0,,False,0,train,0
29,0.0,95.112865,95.363083,null,0.8,null,20.0,"[20.0, 20.0]","[3644.93333333, 3644.93333333]",0.08,90.0,gabors,30.0,4.0,0.25021756,6,,,0,,False,1,train,2
30,0.0,95.363083,95.6133,null,0.8,null,-30.0,"[20.0, 20.0]","[3644.93333333, 3644.93333333]",0.08,90.0,gabors,10.0,4.0,0.25021756,20,,,0,,False,1,train,2
31,0.0,95.6133,95.863518,null,0.8,null,20.0,"[20.0, 20.0]","[3644.93333333, 3644.93333333]",0.08,45.0,gabors,-20.0,4.0,0.25021756,29,,,0,,False,0,train,1
32,0.0,95.863518,96.113735,null,0.8,null,40.0,"[20.0, 20.0]","[3644.93333333, 3644.93333333]",0.08,0.0,gabors,-20.0,4.0,0.25021756,30,,,0,,False,0,train,0
33,0.0,96.113735,96.363935,null,0.8,null,-40.0,"[20.0, 20.0]","[3644.93333333, 3644.93333333]",0.08,45.0,gabors,-40.0,4.0,0.25019994,31,,,0,,False,0,train,1
34,0.0,96.363935,96.614135,null,0.8,null,10.0,"[20.0, 20.0]","[3644.93333333, 3644.93333333]",0.08,0.0,gabors,-10.0,4.0,0.25019994,32,,,0,,False,0,train,0
35,0.0,96.614135,96.864335,null,0.8,null,-30.0,"[20.0, 20.0]","[3644.93333333, 3644.93333333]",0.08,90.0,gabors,30.0,4.0,0.25019994,33,,,0,,False,0,train,2
36,0.0,96.864335,97.114535,null,0.8,null,10.0,"[20.0, 20.0]","[3644.93333333, 3644.93333333]",0.08,45.0,gabors,-40.0,4.0,0.25019994,15,,,0,,False,1,train,1
37,0.0,97.114535,97.364748,null,0.8,null,-40.0,"[20.0, 20.0]","[3644.93333333, 3644.93333333]",0.08,90.0,gabors,40.0,4.0,0.25021256,34,,,0,,False,0,train,2
38,0.0,97.364748,97.61496,null,0.8,null,30.0,"[20.0, 20.0]","[3644.93333333, 3644.93333333]",0.08,90.0,gabors,-10.0,4.0,0.25021256,35,,,0,,False,0,train,2
39,0.0,97.61496,97.865173,null,0.8,null,0.0,"[20.0, 20.0]","[3644.93333333, 3644.93333333]",0.08,0.0,gabors,40.0,4.0,0.25021256,36,,,0,,False,0,train,0
40,0.0,97.865173,98.115385,null,0.8,null,-10.0,"[20.0, 20.0]","[3644.93333333, 3644.93333333]",0.08,0.0,gabors,-40.0,4.0,0.25021256,37,,,0,,False,0,train,0
41,0.0,98.115385,98.365593,null,0.8,null,-30.0,"[20.0, 20.0]","[3644.93333333, 3644.93333333]",0.08,90.0,gabors,20.0,4.0,0.25020744,38,,,0,,False,0,train,2
42,0.0,98.365593,98.6158,null,0.8,null,-30.0,"[20.0, 20.0]","[3644.93333333, 3644.93333333]",0.08,90.0,gabors,-40.0,4.0,0.25020744,39,,,0,,False,0,train,2
43,0.0,98.6158,98.866008,null,0.8,null,-10.0,"[20.0, 20.0]","[3644.93333333, 3644.93333333]",0.08,45.0,gabors,-20.0,4.0,0.25020744,40,,,0,,False,0,train,1
44,0.0,98.866008,99.116215,null,0.8,null,20.0,"[20.0, 20.0]","[3644.93333333, 3644.93333333]",0.08,0.0,gabors,20.0,4.0,0.25020744,41,,,0,,False,0,train,0
45,0.0,99.116215,99.36643,null,0.8,null,20.0,"[20.0, 20.0]","[3644.93333333, 3644.93333333]",0.08,90.0,gabors,20.0,4.0,0.25021506,42,,,0,,False,0,train,2
46,0.0,99.36643,99.616645,null,0.8,null,30.0,"[20.0, 20.0]","[3644.93333333, 3644.93333333]",0.08,0.0,gabors,30.0,4.0,0.25021506,43,,,0,,False,0,train,0
47,0.0,99.616645,99.86686,null,0.8,null,10.0,"[20.0, 20.0]","[3644.93333333, 3644.93333333]",0.08,90.0,gabors,0.0,4.0,0.25021506,44,,,0,,False,0,train,2
48,0.0,99.86686,100.11708,null,0.8,null,0.0,"[20.0, 20.0]","[3644.93333333, 3644.93333333]",0.08,90.0,gabors,-20.0,4.0,0.25021506,45,,,0,,False,0,train,2
49,0.0,100.11708,100.36728,null,0.8,null,-20.0,"[20.0, 20.0]","[3644.93333333, 3644.93333333]",0.08,0.0,gabors,0.0,4.0,0.25020244,46,,,0,,False,0,train,0
50,0.0,100.36728,100.61748,null,0.8,null,-40.0,"[20.0, 20.0]","[3644.93333333, 3644.93333333]",0.08,90.0,gabors,-30.0,4.0,0.25020244,47,,,0,,False,0,train,2
51,0.0,100.61748,100.86768,null,0.8,null,-20.0,"[20.0, 20.0]","[3644.93333333, 3644.93333333]",0.08,45.0,gabors,-30.0,4.0,0.25020244,48,,,0,,False,0,train,1
52,0.0,100.86768,101.11789,null,0.8,null,30.0,"[20.0, 20.0]","[3644.93333333, 3644.93333333]",0.08,0.0,gabors,10.0,4.0,0.25020244,49,,,0,,False,0,train,0
53,0.0,101.11789,101.3681,null,0.8,null,10.0,"[20.0, 20.0]","[3644.93333333, 3644.93333333]",0.08,45.0,gabors,10.0,4.0,0.25021006,9,,,0,,False,1,train,1
54,0.0,101.3681,101.61831,null,0.8,null,40.0,"[20.0, 20.0]","[3644.93333333, 3644.93333333]",0.08,45.0,gabors,30.0,4.0,0.25021006,50,,,0,,False,0,train,1
55,0.0,101.61831,101.86852,null,0.8,null,-20.0,"[20.0, 20.0]","[3644.93333333, 3644.93333333]",0.08,0.0,gabors,40.0,4.0,0.25021006,51,,,0,,False,0,train,0
56,0.0,101.86852,102.11873,null,0.8,null,20.0,"[20.0, 20.0]","[3644.93333333, 3644.93333333]",0.08,90.0,gabors,40.0,4.0,0.25021006,52,,,0,,False,0,train,2
57,0.0,102.11873,102.36893,null,0.8,null,-40.0,"[20.0, 20.0]","[3644.93333333, 3644.93333333]",0.08,90.0,gabors,30.0,4.0,0.25020494,53,,,0,,False,0,train,2
58,0.0,102.36893,102.61914,null,0.8,null,30.0,"[20.0, 20.0]","[3644.93333333, 3644.93333333]",0.08,45.0,gabors,0.0,4.0,0.25020494,1,,,0,,False,1,train,1
59,0.0,102.61914,102.86934,null,0.8,null,-30.0,"[20.0, 20.0]","[3644.93333333, 3644.93333333]",0.08,90.0,gabors,30.0,4.0,0.25020494,33,,,0,,False,1,train,2
60,0.0,102.86934,103.11955,null,0.8,null,-10.0,"[20.0, 20.0]","[3644.93333333, 3644.93333333]",0.08,0.0,gabors,-30.0,4.0,0.25020494,54,,,0,,False,0,train,0
61,0.0,103.11955,103.36976,null,0.8,null,40.0,"[20.0, 20.0]","[3644.93333333, 3644.93333333]",0.08,0.0,gabors,0.0,4.0,0.25021006,55,,,0,,False,0,train,0
62,0.0,103.36976,103.61997,null,0.8,null,-30.0,"[20.0, 20.0]","[3644.93333333, 3644.93333333]",0.08,45.0,gabors,-10.0,4.0,0.25021006,56,,,0,,False,0,train,1
63,0.0,103.61997,103.87018,null,0.8,null,-20.0,"[20.0, 20.0]","[3644.93333333, 3644.93333333]",0.08,45.0,gabors,40.0,4.0,0.25021006,57,,,0,,False,0,train,1
64,0.0,103.87018,104.12039,null,0.8,null,10.0,"[20.0, 20.0]","[3644.93333333, 3644.93333333]",0.08,45.0,gabors,-40.0,4.0,0.25021006,15,,,0,,False,2,test,1
65,0.0,104.12039,104.3706,null,0.8,null,20.0,"[20.0, 20.0]","[3644.93333333, 3644.93333333]",0.08,0.0,gabors,30.0,4.0,0.25020994,58,,,0,,False,0,train,0
66,0.0,104.3706,104.62081,null,0.8,null,30.0,"[20.0, 20.0]","[3644.93333333, 3644.93333333]",0.08,45.0,gabors,-40.0,4.0,0.25020994,59,,,0,,False,0,train,1
67,0.0,104.62081,104.87102,null,0.8,null,20.0,"[20.0, 20.0]","[3644.93333333, 3644.93333333]",0.08,0.0,gabors,30.0,4.0,0.25020994,58,,,0,,False,1,train,0
68,0.0,104.87102,105.12123,null,0.8,null,-20.0,"[20.0, 20.0]","[3644.93333333, 3644.93333333]",0.08,45.0,gabors,20.0,4.0,0.25020994,60,,,0,,False,0,train,1
69,0.0,105.12123,105.37144,null,0.8,null,-20.0,"[20.0, 20.0]","[3644.93333333, 3644.93333333]",0.08,0.0,gabors,40.0,4.0,0.25021756,51,,,0,,False,1,train,0
70,0.0,105.37144,105.62166,null,0.8,null,30.0,"[20.0, 20.0]","[3644.93333333, 3644.93333333]",0.08,90.0,gabors,-10.0,4.0,0.25021756,35,,,0,,False,1,train,2
71,0.0,105.62166,105.87188,null,0.8,null,-40.0,"[20.0, 20.0]","[3644.93333333, 3644.93333333]",0.08,0.0,gabors,-30.0,4.0,0.25021756,61,,,0,,False,0,train,0
72,0.0,105.87188,106.1221,null,0.8,null,0.0,"[20.0, 20.0]","[3644.93333333, 3644.93333333]",0.08,45.0,gabors,30.0,4.0,0.25021756,62,,,0,,False,0,train,1
73,0.0,106.1221,106.3723,null,0.8,null,20.0,"[20.0, 20.0]","[3644.93333333, 3644.93333333]",0.08,0.0,gabors,40.0,4.0,0.25019994,63,,,0,,False,0,train,0
74,0.0,106.3723,106.6225,null,0.8,null,20.0,"[20.0, 20.0]","[3644.93333333, 3644.93333333]",0.08,90.0,gabors,-30.0,4.0,0.25019994,64,,,0,,False,0,train,2
75,0.0,106.6225,106.8727,null,0.8,null,30.0,"[20.0, 20.0]","[3644.93333333, 3644.93333333]",0.08,45.0,gabors,-30.0,4.0,0.25019994,65,,,0,,False,0,train,1
76,0.0,106.8727,107.1229,null,0.8,null,-20.0,"[20.0, 20.0]","[3644.93333333, 3644.93333333]",0.08,45.0,gabors,20.0,4.0,0.25019994,60,,,0,,False,1,train,1
77,0.0,107.1229,107.3731,null,0.8,null,30.0,"[20.0, 20.0]","[3644.93333333, 3644.93333333]",0.08,90.0,gabors,-20.0,4.0,0.25020506,66,,,0,,False,0,train,2
78,0.0,107.3731,107.62331,null,0.8,null,20.0,"[20.0, 20.0]","[3644.93333333, 3644.93333333]",0.08,90.0,gabors,-40.0,4.0,0.25020506,67,,,0,,False,0,train,2
79,0.0,107.62331,107.87351,null,0.8,null,30.0,"[20.0, 20.0]","[3644.93333333, 3644.93333333]",0.08,45.0,gabors,10.0,4.0,0.25020506,68,,,0,,False,0,train,1
80,0.0,107.87351,108.12372,null,0.8,null,0.0,"[20.0, 20.0]","[3644.93333333, 3644.93333333]",0.08,90.0,gabors,-10.0,4.0,0.25020506,69,,,0,,False,0,train,2
81,0.0,108.12372,108.37393,null,0.8,null,-30.0,"[20.0, 20.0]","[3644.93333333, 3644.93333333]",0.08,0.0,gabors,0.0,4.0,0.25021244,3,,,0,,False,1,train,0
82,0.0,108.37393,108.62414,null,0.8,null,-40.0,"[20.0, 20.0]","[3644.93333333, 3644.93333333]",0.08,0.0,gabors,-20.0,4.0,0.25021244,70,,,0,,False,0,train,0
83,0.0,108.62414,108.87435,null,0.8,null,40.0,"[20.0, 20.0]","[3644.93333333, 3644.93333333]",0.08,0.0,gabors,-10.0,4.0,0.25021244,71,,,0,,False,0,train,0
84,0.0,108.87435,109.12457,null,0.8,null,10.0,"[20.0, 20.0]","[3644.93333333, 3644.93333333]",0.08,90.0,gabors,-20.0,4.0,0.25021244,25,,,0,,False,1,train,2
85,0.0,109.12457,109.37477,null,0.8,null,-40.0,"[20.0, 20.0]","[3644.93333333, 3644.93333333]",0.08,90.0,gabors,-20.0,4.0,0.25020756,72,,,0,,False,0,train,2
86,0.0,109.37477,109.62498,null,0.8,null,40.0,"[20.0, 20.0]","[3644.93333333, 3644.93333333]",0.08,45.0,gabors,0.0,4.0,0.25020756,73,,,0,,False,0,train,1
87,0.0,109.62498,109.87519,null,0.8,null,0.0,"[20.0, 20.0]","[3644.93333333, 3644.93333333]",0.08,0.0,gabors,30.0,4.0,0.25020756,74,,,0,,False,0,train,0
88,0.0,109.87519,110.1254,null,0.8,null,20.0,"[20.0, 20.0]","[3644.93333333, 3644.93333333]",0.08,0.0,gabors,-40.0,4.0,0.25020756,75,,,0,,False,0,train,0
89,0.0,110.1254,110.37561,null,0.8,null,-40.0,"[20.0, 20.0]","[3644.93333333, 3644.93333333]",0.08,45.0,gabors,-30.0,4.0,0.25020994,76,,,0,,False,0,train,1
90,0.0,110.37561,110.62582,null,0.8,null,-40.0,"[20.0, 20.0]","[3644.93333333, 3644.93333333]",0.08,90.0,gabors,30.0,4.0,0.25020994,53,,,0,,False,1,train,2
91,0.0,110.62582,110.87603,null,0.8,null,-20.0,"[20.0, 20.0]","[3644.93333333, 3644.93333333]",0.08,45.0,gabors,-40.0,4.0,0.25020994,77,,,0,,False,0,train,1
92,0.0,110.87603,111.12624,null,0.8,null,-10.0,"[20.0, 20.0]","[3644.93333333, 3644.93333333]",0.08,0.0,gabors,-10.0,4.0,0.25020994,78,,,0,,False,0,train,0
93,0.0,111.12624,111.37645,null,0.8,null,10.0,"[20.0, 20.0]","[3644.93333333, 3644.93333333]",0.08,0.0,gabors,40.0,4.0,0.25021506,79,,,0,,False,0,train,0
94,0.0,111.37645,111.62667,null,0.8,null,-10.0,"[20.0, 20.0]","[3644.93333333, 3644.93333333]",0.08,90.0,gabors,-10.0,4.0,0.25021506,80,,,0,,False,0,train,2
95,0.0,111.62667,111.87688,null,0.8,null,0.0,"[20.0, 20.0]","[3644.93333333, 3644.93333333]",0.08,90.0,gabors,-10.0,4.0,0.25021506,69,,,0,,False,1,train,2
96,0.0,111.87688,112.1271,null,0.8,null,-30.0,"[20.0, 20.0]","[3644.93333333, 3644.93333333]",0.08,0.0,gabors,-20.0,4.0,0.25021506,81,,,0,,False,0,train,0
97,0.0,112.1271,112.3773,null,0.8,null,-30.0,"[20.0, 20.0]","[3644.93333333, 3644.93333333]",0.08,90.0,gabors,30.0,4.0,0.25020494,33,,,0,,False,2,test,2
98,0.0,112.3773,112.62751,null,0.8,null,10.0,"[20.0, 20.0]","[3644.93333333, 3644.93333333]",0.08,0.0,gabors,-10.0,4.0,0.25020494,32,,,0,,False,1,train,0
99,0.0,112.62751,112.87771,null,0.8,null,0.0,"[20.0, 20.0]","[3644.93333333, 3644.93333333]",0.08,45.0,gabors,-40.0,4.0,0.25020494,82,,,0,,False,0,train,1
100,0.0,112.87771,113.12792,null,0.8,null,-20.0,"[20.0, 20.0]","[3644.93333333, 3644.93333333]",0.08,90.0,gabors,20.0,4.0,0.25020494,83,,,0,,False,0,train,2
101,0.0,113.12792,113.37812,null,0.8,null,30.0,"[20.0, 20.0]","[3644.93333333, 3644.93333333]",0.08,90.0,gabors,-30.0,4.0,0.25020756,84,,,0,,False,0,train,2
102,0.0,113.37812,113.62833,null,0.8,null,-40.0,"[20.0, 20.0]","[3644.93333333, 3644.93333333]",0.08,45.0,gabors,-30.0,4.0,0.25020756,76,,,0,,False,1,train,1
103,0.0,113.62833,113.87854,null,0.8,null,-30.0,"[20.0, 20.0]","[3644.93333333, 3644.93333333]",0.08,45.0,gabors,40.0,4.0,0.25020756,85,,,0,,False,0,train,1
104,0.0,113.87854,114.12875,null,0.8,null,-20.0,"[20.0, 20.0]","[3644.93333333, 3644.93333333]",0.08,45.0,gabors,-10.0,4.0,0.25020756,86,,,0,,False,0,train,1
105,0.0,114.12875,114.37895,null,0.8,null,20.0,"[20.0, 20.0]","[3644.93333333, 3644.93333333]",0.08,0.0,gabors,0.0,4.0,0.25020744,7,,,0,,False,1,train,0
106,0.0,114.37895,114.62916,null,0.8,null,30.0,"[20.0, 20.0]","[3644.93333333, 3644.93333333]",0.08,90.0,gabors,10.0,4.0,0.25020744,87,,,0,,False,0,train,2
107,0.0,114.62916,114.87937,null,0.8,null,30.0,"[20.0, 20.0]","[3644.93333333, 3644.93333333]",0.08,90.0,gabors,40.0,4.0,0.25020744,88,,,0,,False,0,train,2
108,0.0,114.87937,115.12958,null,0.8,null,-20.0,"[20.0, 20.0]","[3644.93333333, 3644.93333333]",0.08,0.0,gabors,0.0,4.0,0.25020744,46,,,0,,False,1,train,0
109,0.0,115.12958,115.37979,null,0.8,null,-10.0,"[20.0, 20.0]","[3644.93333333, 3644.93333333]",0.08,45.0,gabors,30.0,4.0,0.25021006,89,,,0,,False,0,train,1
110,0.0,115.37979,115.63,null,0.8,null,30.0,"[20.0, 20.0]","[3644.93333333, 3644.93333333]",0.08,90.0,gabors,-10.0,4.0,0.25021006,35,,,0,,False,2,test,2
111,0.0,115.63,115.88021,null,0.8,null,0.0,"[20.0, 20.0]","[3644.93333333, 3644.93333333]",0.08,45.0,gabors,10.0,4.0,0.25021006,90,,,0,,False,0,train,1
112,0.0,115.88021,116.13042,null,0.8,null,0.0,"[20.0, 20.0]","[3644.93333333, 3644.93333333]",0.08,45.0,gabors,-30.0,4.0,0.25021006,91,,,0,,False,0,train,1
113,0.0,116.13042,116.38062,null,0.8,null,30.0,"[20.0, 20.0]","[3644.93333333, 3644.93333333]",0.08,45.0,gabors,10.0,4.0,0.25020744,68,,,0,,False,1,train,1
114,0.0,116.38062,116.63083,null,0.8,null,-30.0,"[20.0, 20.0]","[3644.93333333, 3644.93333333]",0.08,90.0,gabors,40.0,4.0,0.25020744,17,,,0,,False,1,train,2
115,0.0,116.63083,116.88104,null,0.8,null,30.0,"[20.0, 20.0]","[3644.93333333, 3644.93333333]",0.08,0.0,gabors,-10.0,4.0,0.25020744,92,,,0,,False,0,train,0
116,0.0,116.88104,117.13125,null,0.8,null,10.0,"[20.0, 20.0]","[3644.93333333, 3644.93333333]",0.08,90.0,gabors,-30.0,4.0,0.25020744,93,,,0,,False,0,train,2
117,0.0,117.13125,117.38146,null,0.8,null,0.0,"[20.0, 20.0]","[3644.93333333, 3644.93333333]",0.08,45.0,gabors,-30.0,4.0,0.25021256,91,,,0,,False,1,train,1
118,0.0,117.38146,117.63167,null,0.8,null,-20.0,"[20.0, 20.0]","[3644.93333333, 3644.93333333]",0.08,45.0,gabors,0.0,4.0,0.25021256,94,,,0,,False,0,train,1
119,0.0,117.63167,117.88188,null,0.8,null,40.0,"[20.0, 20.0]","[3644.93333333, 3644.93333333]",0.08,90.0,gabors,-20.0,4.0,0.25021256,95,,,0,,False,0,train,2
120,0.0,117.88188,118.1321,null,0.8,null,20.0,"[20.0, 20.0]","[3644.93333333, 3644.93333333]",0.08,0.0,gabors,-20.0,4.0,0.25021256,96,,,0,,False,0,train,0
121,0.0,118.1321,118.3823,null,0.8,null,-30.0,"[20.0, 20.0]","[3644.93333333, 3644.93333333]",0.08,0.0,gabors,40.0,4.0,0.25020494,97,,,0,,False,0,train,0
122,0.0,118.3823,118.63251,null,0.8,null,40.0,"[20.0, 20.0]","[3644.93333333, 3644.93333333]",0.08,45.0,gabors,30.0,4.0,0.25020494,50,,,0,,False,1,train,1
123,0.0,118.63251,118.88271,null,0.8,null,10.0,"[20.0, 20.0]","[3644.93333333, 3644.93333333]",0.08,0.0,gabors,30.0,4.0,0.25020494,98,,,0,,False,0,train,0
124,0.0,118.88271,119.13292,null,0.8,null,-40.0,"[20.0, 20.0]","[3644.93333333, 3644.93333333]",0.08,90.0,gabors,-20.0,4.0,0.25020494,72,,,0,,False,1,train,2
125,0.0,119.13292,119.38313,null,0.8,null,-40.0,"[20.0, 20.0]","[3644.93333333, 3644.93333333]",0.08,45.0,gabors,40.0,4.0,0.25021756,99,,,0,,False,0,train,1
126,0.0,119.38313,119.63335,null,0.8,null,-10.0,"[20.0, 20.0]","[3644.93333333, 3644.93333333]",0.08,0.0,gabors,10.0,4.0,0.25021756,100,,,0,,False,0,train,0
127,0.0,119.63335,119.88357,null,0.8,null,40.0,"[20.0, 20.0]","[3644.93333333, 3644.93333333]",0.08,45.0,gabors,-40.0,4.0,0.25021756,101,,,0,,False,0,train,1
128,0.0,119.88357,120.13379,null,0.8,null,10.0,"[20.0, 20.0]","[3644.93333333, 3644.93333333]",0.08,90.0,gabors,-10.0,4.0,0.25021756,102,,,0,,False,0,train,2
129,0.0,120.13379,120.38399,null,0.8,null,40.0,"[20.0, 20.0]","[3644.93333333, 3644.93333333]",0.08,45.0,gabors,-30.0,4.0,0.25019994,103,,,0,,False,0,train,1
130,0.0,120.38399,120.63419,null,0.8,null,0.0,"[20.0, 20.0]","[3644.93333333, 3644.93333333]",0.08,45.0,gabors,10.0,4.0,0.25019994,90,,,0,,False,1,train,1
131,0.0,120.63419,120.88439,null,0.8,null,-30.0,"[20.0, 20.0]","[3644.93333333, 3644.93333333]",0.08,0.0,gabors,40.0,4.0,0.25019994,97,,,0,,False,1,train,0
132,0.0,120.88439,121.13459,null,0.8,null,0.0,"[20.0, 20.0]","[3644.93333333, 3644.93333333]",0.08,90.0,gabors,0.0,4.0,0.25019994,104,,,0,,False,0,train,2
133,0.0,121.13459,121.38479,null,0.8,null,40.0,"[20.0, 20.0]","[3644.93333333, 3644.93333333]",0.08,45.0,gabors,20.0,4.0,0.25020756,105,,,0,,False,0,train,1
134,0.0,121.38479,121.635,null,0.8,null,0.0,"[20.0, 20.0]","[3644.93333333, 3644.93333333]",0.08,90.0,gabors,40.0,4.0,0.25020756,106,,,0,,False,0,train,2
135,0.0,121.635,121.88521,null,0.8,null,-40.0,"[20.0, 20.0]","[3644.93333333, 3644.93333333]",0.08,90.0,gabors,10.0,4.0,0.25020756,107,,,0,,False,0,train,2
136,0.0,121.88521,122.13542,null,0.8,null,20.0,"[20.0, 20.0]","[3644.93333333, 3644.93333333]",0.08,45.0,gabors,-20.0,4.0,0.25020756,29,,,0,,False,1,train,1
137,0.0,122.13542,122.38563,null,0.8,null,0.0,"[20.0, 20.0]","[3644.93333333, 3644.93333333]",0.08,0.0,gabors,-20.0,4.0,0.25021494,108,,,0,,False,0,train,0
138,0.0,122.38563,122.63585,null,0.8,null,30.0,"[20.0, 20.0]","[3644.93333333, 3644.93333333]",0.08,0.0,gabors,-10.0,4.0,0.25021494,92,,,0,,False,1,train,0
139,0.0,122.63585,122.88606,null,0.8,null,30.0,"[20.0, 20.0]","[3644.93333333, 3644.93333333]",0.08,90.0,gabors,-40.0,4.0,0.25021494,109,,,0,,False,0,train,2
140,0.0,122.88606,123.13628,null,0.8,null,-20.0,"[20.0, 20.0]","[3644.93333333, 3644.93333333]",0.08,90.0,gabors,20.0,4.0,0.25021494,83,,,0,,False,1,train,2
141,0.0,123.13628,123.38648,null,0.8,null,0.0,"[20.0, 20.0]","[3644.93333333, 3644.93333333]",0.08,90.0,gabors,10.0,4.0,0.25020756,110,,,0,,False,0,train,2
142,0.0,123.38648,123.63669,null,0.8,null,10.0,"[20.0, 20.0]","[3644.93333333, 3644.93333333]",0.08,0.0,gabors,-40.0,4.0,0.25020756,111,,,0,,False,0,train,0
143,0.0,123.63669,123.8869,null,0.8,null,-30.0,"[20.0, 20.0]","[3644.93333333, 3644.93333333]",0.08,90.0,gabors,-30.0,4.0,0.25020756,112,,,0,,False,0,train,2
144,0.0,123.8869,124.13711,null,0.8,null,-20.0,"[20.0, 20.0]","[3644.93333333, 3644.93333333]",0.08,45.0,gabors,10.0,4.0,0.25020756,113,,,0,,False,0,train,1
145,0.0,124.13711,124.38731,null,0.8,null,-40.0,"[20.0, 20.0]","[3644.93333333, 3644.93333333]",0.08,90.0,gabors,-20.0,4.0,0.25020744,72,,,0,,False,2,test,2
146,0.0,124.38731,124.63752,null,0.8,null,30.0,"[20.0, 20.0]","[3644.93333333, 3644.93333333]",0.08,90.0,gabors,-10.0,4.0,0.25020744,35,,,0,,False,3,train,2
147,0.0,124.63752,124.88773,null,0.8,null,-10.0,"[20.0, 20.0]","[3644.93333333, 3644.93333333]",0.08,90.0,gabors,10.0,4.0,0.25020744,114,,,0,,False,0,train,2
148,0.0,124.88773,125.13794,null,0.8,null,10.0,"[20.0, 20.0]","[3644.93333333, 3644.93333333]",0.08,45.0,gabors,20.0,4.0,0.25020744,115,,,0,,False,0,train,1
149,0.0,125.13794,125.38814,null,0.8,null,10.0,"[20.0, 20.0]","[3644.93333333, 3644.93333333]",0.08,90.0,gabors,20.0,4.0,0.25020756,27,,,0,,False,1,train,2
150,0.0,125.38814,125.63835,null,0.8,null,-10.0,"[20.0, 20.0]","[3644.93333333, 3644.93333333]",0.08,90.0,gabors,-20.0,4.0,0.25020756,116,,,0,,False,0,train,2
151,0.0,125.63835,125.88856,null,0.8,null,-20.0,"[20.0, 20.0]","[3644.93333333, 3644.93333333]",0.08,0.0,gabors,-40.0,4.0,0.25020756,117,,,0,,False,0,train,0
152,0.0,125.88856,126.13877,null,0.8,null,-30.0,"[20.0, 20.0]","[3644.93333333, 3644.93333333]",0.08,90.0,gabors,-30.0,4.0,0.25020756,112,,,0,,False,1,train,2
153,0.0,126.13877,126.38898,null,0.8,null,20.0,"[20.0, 20.0]","[3644.93333333, 3644.93333333]",0.08,45.0,gabors,30.0,4.0,0.25021244,118,,,0,,False,0,train,1
154,0.0,126.38898,126.63919,null,0.8,null,-20.0,"[20.0, 20.0]","[3644.93333333, 3644.93333333]",0.08,90.0,gabors,10.0,4.0,0.25021244,119,,,0,,False,0,train,2
155,0.0,126.63919,126.8894,null,0.8,null,30.0,"[20.0, 20.0]","[3644.93333333, 3644.93333333]",0.08,45.0,gabors,-10.0,4.0,0.25021244,120,,,0,,False,0,train,1
156,0.0,126.8894,127.13962,null,0.8,null,-10.0,"[20.0, 20.0]","[3644.93333333, 3644.93333333]",0.08,90.0,gabors,0.0,4.0,0.25021244,121,,,0,,False,0,train,2
157,0.0,127.13962,127.38983,null,0.8,null,0.0,"[20.0, 20.0]","[3644.93333333, 3644.93333333]",0.08,90.0,gabors,40.0,4.0,0.25021506,106,,,0,,False,1,train,2
158,0.0,127.38983,127.64005,null,0.8,null,40.0,"[20.0, 20.0]","[3644.93333333, 3644.93333333]",0.08,45.0,gabors,-40.0,4.0,0.25021506,101,,,0,,False,1,train,1
159,0.0,127.64005,127.89026,null,0.8,null,-30.0,"[20.0, 20.0]","[3644.93333333, 3644.93333333]",0.08,0.0,gabors,-10.0,4.0,0.25021506,122,,,0,,False,0,train,0
160,0.0,127.89026,128.14048,null,0.8,null,20.0,"[20.0, 20.0]","[3644.93333333, 3644.93333333]",0.08,45.0,gabors,-20.0,4.0,0.25021506,29,,,0,,False,2,test,1
161,0.0,128.14048,128.39068,null,0.8,null,-10.0,"[20.0, 20.0]","[3644.93333333, 3644.93333333]",0.08,45.0,gabors,10.0,4.0,0.25019994,123,,,0,,False,0,train,1
162,0.0,128.39068,128.64088,null,0.8,null,30.0,"[20.0, 20.0]","[3644.93333333, 3644.93333333]",0.08,0.0,gabors,-40.0,4.0,0.25019994,124,,,0,,False,0,train,0
163,0.0,128.64088,128.89108,null,0.8,null,40.0,"[20.0, 20.0]","[3644.93333333, 3644.93333333]",0.08,45.0,gabors,-20.0,4.0,0.25019994,125,,,0,,False,0,train,1
164,0.0,128.89108,129.14128,null,0.8,null,10.0,"[20.0, 20.0]","[3644.93333333, 3644.93333333]",0.08,45.0,gabors,-20.0,4.0,0.25019994,126,,,0,,False,0,train,1
165,0.0,129.14128,129.3915,null,0.8,null,40.0,"[20.0, 20.0]","[3644.93333333, 3644.93333333]",0.08,90.0,gabors,-30.0,4.0,0.25022006,127,,,0,,False,0,train,2
166,0.0,129.3915,129.64172,null,0.8,null,-20.0,"[20.0, 20.0]","[3644.93333333, 3644.93333333]",0.08,45.0,gabors,-10.0,4.0,0.25022006,86,,,0,,False,1,train,1
167,0.0,129.64172,129.89194,null,0.8,null,0.0,"[20.0, 20.0]","[3644.93333333, 3644.93333333]",0.08,45.0,gabors,-10.0,4.0,0.25022006,23,,,0,,False,1,train,1
168,0.0,129.89194,130.14216,null,0.8,null,40.0,"[20.0, 20.0]","[3644.93333333, 3644.93333333]",0.08,90.0,gabors,0.0,4.0,0.25022006,128,,,0,,False,0,train,2
169,0.0,130.14216,130.39236,null,0.8,null,0.0,"[20.0, 20.0]","[3644.93333333, 3644.93333333]",0.08,90.0,gabors,-20.0,4.0,0.25019994,45,,,0,,False,1,train,2
170,0.0,130.39236,130.64256,null,0.8,null,20.0,"[20.0, 20.0]","[3644.93333333, 3644.93333333]",0.08,45.0,gabors,-30.0,4.0,0.25019994,129,,,0,,False,0,train,1
171,0.0,130.64256,130.89276,null,0.8,null,-40.0,"[20.0, 20.0]","[3644.93333333, 3644.93333333]",0.08,45.0,gabors,-20.0,4.0,0.25019994,18,,,0,,False,1,train,1
172,0.0,130.89276,131.14296,null,0.8,null,20.0,"[20.0, 20.0]","[3644.93333333, 3644.93333333]",0.08,0.0,gabors,40.0,4.0,0.25019994,63,,,0,,False,1,train,0
173,0.0,131.14296,131.39316,null,0.8,null,40.0,"[20.0, 20.0]","[3644.93333333, 3644.93333333]",0.08,45.0,gabors,20.0,4.0,0.25020506,105,,,0,,False,1,train,1
174,0.0,131.39316,131.64337,null,0.8,null,-10.0,"[20.0, 20.0]","[3644.93333333, 3644.93333333]",0.08,0.0,gabors,40.0,4.0,0.25020506,130,,,0,,False,0,train,0
175,0.0,131.64337,131.89357,null,0.8,null,30.0,"[20.0, 20.0]","[3644.93333333, 3644.93333333]",0.08,0.0,gabors,0.0,4.0,0.25020506,2,,,0,,False,1,train,0
176,0.0,131.89357,132.14378,null,0.8,null,-30.0,"[20.0, 20.0]","[3644.93333333, 3644.93333333]",0.08,90.0,gabors,40.0,4.0,0.25020506,17,,,0,,False,2,test,2
177,0.0,132.14378,132.39399,null,0.8,null,-40.0,"[20.0, 20.0]","[3644.93333333, 3644.93333333]",0.08,90.0,gabors,30.0,4.0,0.25021244,53,,,0,,False,2,test,2
178,0.0,132.39399,132.6442,null,0.8,null,0.0,"[20.0, 20.0]","[3644.93333333, 3644.93333333]",0.08,45.0,gabors,40.0,4.0,0.25021244,131,,,0,,False,0,train,1
179,0.0,132.6442,132.89441,null,0.8,null,-10.0,"[20.0, 20.0]","[3644.93333333, 3644.93333333]",0.08,0.0,gabors,0.0,4.0,0.25021244,132,,,0,,False,0,train,0
180,0.0,132.89441,133.14463,null,0.8,null,20.0,"[20.0, 20.0]","[3644.93333333, 3644.93333333]",0.08,45.0,gabors,-30.0,4.0,0.25021244,129,,,0,,False,1,train,1
181,0.0,133.14463,133.39484,null,0.8,null,40.0,"[20.0, 20.0]","[3644.93333333, 3644.93333333]",0.08,0.0,gabors,0.0,4.0,0.25021256,55,,,0,,False,1,train,0
182,0.0,133.39484,133.64505,null,0.8,null,20.0,"[20.0, 20.0]","[3644.93333333, 3644.93333333]",0.08,0.0,gabors,0.0,4.0,0.25021256,7,,,0,,False,2,test,0
183,0.0,133.64505,133.89526,null,0.8,null,20.0,"[20.0, 20.0]","[3644.93333333, 3644.93333333]",0.08,0.0,gabors,0.0,4.0,0.25021256,7,,,0,,False,3,train,0
184,0.0,133.89526,134.14548,null,0.8,null,30.0,"[20.0, 20.0]","[3644.93333333, 3644.93333333]",0.08,0.0,gabors,40.0,4.0,0.25021256,133,,,0,,False,0,train,0
185,0.0,134.14548,134.39568,null,0.8,null,0.0,"[20.0, 20.0]","[3644.93333333, 3644.93333333]",0.08,45.0,gabors,0.0,4.0,0.25020244,134,,,0,,False,0,train,1
186,0.0,134.39568,134.64588,null,0.8,null,-20.0,"[20.0, 20.0]","[3644.93333333, 3644.93333333]",0.08,90.0,gabors,-20.0,4.0,0.25020244,135,,,0,,False,0,train,2
187,0.0,134.64588,134.89608,null,0.8,null,20.0,"[20.0, 20.0]","[3644.93333333, 3644.93333333]",0.08,45.0,gabors,40.0,4.0,0.25020244,136,,,0,,False,0,train,1
188,0.0,134.89608,135.14629,null,0.8,null,-40.0,"[20.0, 20.0]","[3644.93333333, 3644.93333333]",0.08,0.0,gabors,-20.0,4.0,0.25020244,70,,,0,,False,1,train,0
189,0.0,135.14629,135.39651,null,0.8,null,10.0,"[20.0, 20.0]","[3644.93333333, 3644.93333333]",0.08,45.0,gabors,-20.0,4.0,0.25022006,126,,,0,,False,1,train,1
190,0.0,135.39651,135.64673,null,0.8,null,0.0,"[20.0, 20.0]","[3644.93333333, 3644.93333333]",0.08,90.0,gabors,-30.0,4.0,0.25022006,137,,,0,,False,0,train,2
191,0.0,135.64673,135.89695,null,0.8,null,0.0,"[20.0, 20.0]","[3644.93333333, 3644.93333333]",0.08,0.0,gabors,-20.0,4.0,0.25022006,108,,,0,,False,1,train,0
192,0.0,135.89695,136.14717,null,0.8,null,-10.0,"[20.0, 20.0]","[3644.93333333, 3644.93333333]",0.08,90.0,gabors,-10.0,4.0,0.25022006,80,,,0,,False,1,train,2
193,0.0,136.14717,136.39737,null,0.8,null,40.0,"[20.0, 20.0]","[3644.93333333, 3644.93333333]",0.08,90.0,gabors,30.0,4.0,0.25019994,138,,,0,,False,0,train,2
194,0.0,136.39737,136.64757,null,0.8,null,-30.0,"[20.0, 20.0]","[3644.93333333, 3644.93333333]",0.08,90.0,gabors,-10.0,4.0,0.25019994,26,,,0,,False,1,train,2
195,0.0,136.64757,136.89777,null,0.8,null,10.0,"[20.0, 20.0]","[3644.93333333, 3644.93333333]",0.08,90.0,gabors,0.0,4.0,0.25019994,44,,,0,,False,1,train,2
196,0.0,136.89777,137.14797,null,0.8,null,-40.0,"[20.0, 20.0]","[3644.93333333, 3644.93333333]",0.08,0.0,gabors,-40.0,4.0,0.25019994,139,,,0,,False,0,train,0
197,0.0,137.14797,137.39818,null,0.8,null,20.0,"[20.0, 20.0]","[3644.93333333, 3644.93333333]",0.08,45.0,gabors,-20.0,4.0,0.25021006,29,,,0,,False,3,train,1
198,0.0,137.39818,137.64839,null,0.8,null,-10.0,"[20.0, 20.0]","[3644.93333333, 3644.93333333]",0.08,90.0,gabors,30.0,4.0,0.25021006,140,,,0,,False,0,train,2
199,0.0,137.64839,137.8986,null,0.8,null,-40.0,"[20.0, 20.0]","[3644.93333333, 3644.93333333]",0.08,0.0,gabors,-10.0,4.0,0.25021006,141,,,0,,False,0,train,0
200,0.0,137.8986,138.14881,null,0.8,null,40.0,"[20.0, 20.0]","[3644.93333333, 3644.93333333]",0.08,0.0,gabors,-30.0,4.0,0.25021006,142,,,0,,False,0,train,0
201,0.0,138.14881,138.39901,null,0.8,null,40.0,"[20.0, 20.0]","[3644.93333333, 3644.93333333]",0.08,90.0,gabors,-20.0,4.0,0.25020494,95,,,0,,False,1,train,2
202,0.0,138.39901,138.64922,null,0.8,null,10.0,"[20.0, 20.0]","[3644.93333333, 3644.93333333]",0.08,45.0,gabors,-10.0,4.0,0.25020494,143,,,0,,False,0,train,1
203,0.0,138.64922,138.89942,null,0.8,null,-40.0,"[20.0, 20.0]","[3644.93333333, 3644.93333333]",0.08,45.0,gabors,30.0,4.0,0.25020494,144,,,0,,False,0,train,1
204,0.0,138.89942,139.14963,null,0.8,null,-40.0,"[20.0, 20.0]","[3644.93333333, 3644.93333333]",0.08,45.0,gabors,40.0,4.0,0.25020494,99,,,0,,False,1,train,1
205,0.0,139.14963,139.39984,null,0.8,null,-20.0,"[20.0, 20.0]","[3644.93333333, 3644.93333333]",0.08,90.0,gabors,-30.0,4.0,0.25021756,145,,,0,,False,0,train,2
206,0.0,139.39984,139.65006,null,0.8,null,20.0,"[20.0, 20.0]","[3644.93333333, 3644.93333333]",0.08,90.0,gabors,-30.0,4.0,0.25021756,64,,,0,,False,1,train,2
207,0.0,139.65006,139.90028,null,0.8,null,0.0,"[20.0, 20.0]","[3644.93333333, 3644.93333333]",0.08,90.0,gabors,30.0,4.0,0.25021756,146,,,0,,False,0,train,2
208,0.0,139.90028,140.1505,null,0.8,null,-10.0,"[20.0, 20.0]","[3644.93333333, 3644.93333333]",0.08,90.0,gabors,-30.0,4.0,0.25021756,147,,,0,,False,0,train,2
209,0.0,140.1505,140.4007,null,0.8,null,30.0,"[20.0, 20.0]","[3644.93333333, 3644.93333333]",0.08,0.0,gabors,-20.0,4.0,0.25020244,148,,,0,,False,0,train,0
210,0.0,140.4007,140.6509,null,0.8,null,-40.0,"[20.0, 20.0]","[3644.93333333, 3644.93333333]",0.08,0.0,gabors,-40.0,4.0,0.25020244,139,,,0,,False,1,train,0
211,0.0,140.6509,140.9011,null,0.8,null,40.0,"[20.0, 20.0]","[3644.93333333, 3644.93333333]",0.08,45.0,gabors,-10.0,4.0,0.25020244,149,,,0,,False,0,train,1
212,0.0,140.9011,141.15131,null,0.8,null,40.0,"[20.0, 20.0]","[3644.93333333, 3644.93333333]",0.08,90.0,gabors,10.0,4.0,0.25020244,150,,,0,,False,0,train,2
213,0.0,141.15131,141.40152,null,0.8,null,-20.0,"[20.0, 20.0]","[3644.93333333, 3644.93333333]",0.08,45.0,gabors,20.0,4.0,0.25021256,60,,,0,,False,2,test,1
214,0.0,141.40152,141.65173,null,0.8,null,0.0,"[20.0, 20.0]","[3644.93333333, 3644.93333333]",0.08,45.0,gabors,40.0,4.0,0.25021256,131,,,0,,False,1,train,1
215,0.0,141.65173,141.90194,null,0.8,null,-40.0,"[20.0, 20.0]","[3644.93333333, 3644.93333333]",0.08,0.0,gabors,-30.0,4.0,0.25021256,61,,,0,,False,1,train,0
216,0.0,141.90194,142.15216,null,0.8,null,-40.0,"[20.0, 20.0]","[3644.93333333, 3644.93333333]",0.08,45.0,gabors,20.0,4.0,0.25021256,151,,,0,,False,0,train,1
217,0.0,142.15216,142.40236,null,0.8,null,10.0,"[20.0, 20.0]","[3644.93333333, 3644.93333333]",0.08,45.0,gabors,0.0,4.0,0.25020494,152,,,0,,False,0,train,1
218,0.0,142.40236,142.65257,null,0.8,null,10.0,"[20.0, 20.0]","[3644.93333333, 3644.93333333]",0.08,0.0,gabors,-20.0,4.0,0.25020494,153,,,0,,False,0,train,0
219,0.0,142.65257,142.90277,null,0.8,null,10.0,"[20.0, 20.0]","[3644.93333333, 3644.93333333]",0.08,0.0,gabors,30.0,4.0,0.25020494,98,,,0,,False,1,train,0
220,0.0,142.90277,143.15298,null,0.8,null,-40.0,"[20.0, 20.0]","[3644.93333333, 3644.93333333]",0.08,0.0,gabors,40.0,4.0,0.25020494,154,,,0,,False,0,train,0
221,0.0,143.15298,143.40318,null,0.8,null,-20.0,"[20.0, 20.0]","[3644.93333333, 3644.93333333]",0.08,45.0,gabors,-40.0,4.0,0.25020506,77,,,0,,False,1,train,1
222,0.0,143.40318,143.65339,null,0.8,null,-20.0,"[20.0, 20.0]","[3644.93333333, 3644.93333333]",0.08,45.0,gabors,-30.0,4.0,0.25020506,48,,,0,,False,1,train,1
223,0.0,143.65339,143.90359,null,0.8,null,-10.0,"[20.0, 20.0]","[3644.93333333, 3644.93333333]",0.08,0.0,gabors,-30.0,4.0,0.25020506,54,,,0,,False,1,train,0
224,0.0,143.90359,144.1538,null,0.8,null,30.0,"[20.0, 20.0]","[3644.93333333, 3644.93333333]",0.08,45.0,gabors,-10.0,4.0,0.25020506,120,,,0,,False,1,train,1
225,0.0,144.1538,144.40401,null,0.8,null,0.0,"[20.0, 20.0]","[3644.93333333, 3644.93333333]",0.08,0.0,gabors,30.0,4.0,0.25021494,74,,,0,,False,1,train,0
226,0.0,144.40401,144.65423,null,0.8,null,-40.0,"[20.0, 20.0]","[3644.93333333, 3644.93333333]",0.08,45.0,gabors,-20.0,4.0,0.25021494,18,,,0,,False,2,test,1
227,0.0,144.65423,144.90444,null,0.8,null,20.0,"[20.0, 20.0]","[3644.93333333, 3644.93333333]",0.08,45.0,gabors,0.0,4.0,0.25021494,155,,,0,,False,0,train,1
228,0.0,144.90444,145.15466,null,0.8,null,-10.0,"[20.0, 20.0]","[3644.93333333, 3644.93333333]",0.08,45.0,gabors,30.0,4.0,0.25021494,89,,,0,,False,1,train,1
229,0.0,145.15466,145.40487,null,0.8,null,20.0,"[20.0, 20.0]","[3644.93333333, 3644.93333333]",0.08,90.0,gabors,-10.0,4.0,0.25021756,156,,,0,,False,0,train,2
230,0.0,145.40487,145.65509,null,0.8,null,0.0,"[20.0, 20.0]","[3644.93333333, 3644.93333333]",0.08,90.0,gabors,-30.0,4.0,0.25021756,137,,,0,,False,1,train,2
231,0.0,145.65509,145.90531,null,0.8,null,40.0,"[20.0, 20.0]","[3644.93333333, 3644.93333333]",0.08,0.0,gabors,-30.0,4.0,0.25021756,142,,,0,,False,1,train,0
232,0.0,145.90531,146.15553,null,0.8,null,40.0,"[20.0, 20.0]","[3644.93333333, 3644.93333333]",0.08,45.0,gabors,-40.0,4.0,0.25021756,101,,,0,,False,2,test,1
233,0.0,146.15553,146.40573,null,0.8,null,-10.0,"[20.0, 20.0]","[3644.93333333, 3644.93333333]",0.08,90.0,gabors,40.0,4.0,0.25019994,157,,,0,,False,0,train,2
234,0.0,146.40573,146.65593,null,0.8,null,30.0,"[20.0, 20.0]","[3644.93333333, 3644.93333333]",0.08,0.0,gabors,10.0,4.0,0.25019994,49,,,0,,False,1,train,0
235,0.0,146.65593,146.90613,null,0.8,null,40.0,"[20.0, 20.0]","[3644.93333333, 3644.93333333]",0.08,0.0,gabors,-20.0,4.0,0.25019994,30,,,0,,False,1,train,0
236,0.0,146.90613,147.15633,null,0.8,null,20.0,"[20.0, 20.0]","[3644.93333333, 3644.93333333]",0.08,90.0,gabors,20.0,4.0,0.25019994,42,,,0,,False,1,train,2
237,0.0,147.15633,147.40653,null,0.8,null,-30.0,"[20.0, 20.0]","[3644.93333333, 3644.93333333]",0.08,90.0,gabors,40.0,4.0,0.25020756,17,,,0,,False,3,train,2
238,0.0,147.40653,147.65674,null,0.8,null,20.0,"[20.0, 20.0]","[3644.93333333, 3644.93333333]",0.08,90.0,gabors,10.0,4.0,0.25020756,158,,,0,,False,0,train,2
239,0.0,147.65674,147.90695,null,0.8,null,-30.0,"[20.0, 20.0]","[3644.93333333, 3644.93333333]",0.08,45.0,gabors,30.0,4.0,0.25020756,159,,,0,,False,0,train,1
240,0.0,147.90695,148.15716,null,0.8,null,-30.0,"[20.0, 20.0]","[3644.93333333, 3644.93333333]",0.08,90.0,gabors,-20.0,4.0,0.25020756,160,,,0,,False,0,train,2
241,0.0,148.15716,148.40736,null,0.8,null,0.0,"[20.0, 20.0]","[3644.93333333, 3644.93333333]",0.08,90.0,gabors,-20.0,4.0,0.25020744,45,,,0,,False,2,test,2
242,0.0,148.40736,148.65757,null,0.8,null,-40.0,"[20.0, 20.0]","[3644.93333333, 3644.93333333]",0.08,90.0,gabors,-40.0,4.0,0.25020744,161,,,0,,False,0,train,2
243,0.0,148.65757,148.90778,null,0.8,null,30.0,"[20.0, 20.0]","[3644.93333333, 3644.93333333]",0.08,45.0,gabors,-20.0,4.0,0.25020744,162,,,0,,False,0,train,1
244,0.0,148.90778,149.15799,null,0.8,null,40.0,"[20.0, 20.0]","[3644.93333333, 3644.93333333]",0.08,90.0,gabors,20.0,4.0,0.25020744,163,,,0,,False,0,train,2
245,0.0,149.15799,149.40819,null,0.8,null,-30.0,"[20.0, 20.0]","[3644.93333333, 3644.93333333]",0.08,0.0,gabors,-30.0,4.0,0.25020756,164,,,0,,False,0,train,0
246,0.0,149.40819,149.6584,null,0.8,null,-30.0,"[20.0, 20.0]","[3644.93333333, 3644.93333333]",0.08,0.0,gabors,20.0,4.0,0.25020756,165,,,0,,False,0,train,0
247,0.0,149.6584,149.90861,null,0.8,null,-30.0,"[20.0, 20.0]","[3644.93333333, 3644.93333333]",0.08,0.0,gabors,10.0,4.0,0.25020756,166,,,0,,False,0,train,0
248,0.0,149.90861,150.15882,null,0.8,null,-20.0,"[20.0, 20.0]","[3644.93333333, 3644.93333333]",0.08,90.0,gabors,-20.0,4.0,0.25020756,135,,,0,,False,1,train,2
249,0.0,150.15882,150.40903,null,0.8,null,10.0,"[20.0, 20.0]","[3644.93333333, 3644.93333333]",0.08,45.0,gabors,30.0,4.0,0.25020994,167,,,0,,False,0,train,1
250,0.0,150.40903,150.65924,null,0.8,null,-40.0,"[20.0, 20.0]","[3644.93333333, 3644.93333333]",0.08,90.0,gabors,30.0,4.0,0.25020994,53,,,0,,False,3,train,2
251,0.0,150.65924,150.90945,null,0.8,null,-30.0,"[20.0, 20.0]","[3644.93333333, 3644.93333333]",0.08,90.0,gabors,40.0,4.0,0.25020994,17,,,0,,False,4,train,2
252,0.0,150.90945,151.15966,null,0.8,null,20.0,"[20.0, 20.0]","[3644.93333333, 3644.93333333]",0.08,45.0,gabors,20.0,4.0,0.25020994,168,,,0,,False,0,train,1
253,0.0,151.15966,151.40987,null,0.8,null,10.0,"[20.0, 20.0]","[3644.93333333, 3644.93333333]",0.08,45.0,gabors,20.0,4.0,0.25021256,115,,,0,,False,1,train,1
254,0.0,151.40987,151.66008,null,0.8,null,-40.0,"[20.0, 20.0]","[3644.93333333, 3644.93333333]",0.08,45.0,gabors,-10.0,4.0,0.25021256,169,,,0,,False,0,train,1
255,0.0,151.66008,151.91029,null,0.8,null,0.0,"[20.0, 20.0]","[3644.93333333, 3644.93333333]",0.08,0.0,gabors,40.0,4.0,0.25021256,36,,,0,,False,1,train,0
256,0.0,151.91029,152.16051,null,0.8,null,20.0,"[20.0, 20.0]","[3644.93333333, 3644.93333333]",0.08,0.0,gabors,-10.0,4.0,0.25021256,170,,,0,,False,0,train,0
257,0.0,152.16051,152.41071,null,0.8,null,-40.0,"[20.0, 20.0]","[3644.93333333, 3644.93333333]",0.08,45.0,gabors,20.0,4.0,0.25020744,151,,,0,,False,1,train,1
258,0.0,152.41071,152.66092,null,0.8,null,-30.0,"[20.0, 20.0]","[3644.93333333, 3644.93333333]",0.08,45.0,gabors,40.0,4.0,0.25020744,85,,,0,,False,1,train,1
259,0.0,152.66092,152.91113,null,0.8,null,-10.0,"[20.0, 20.0]","[3644.93333333, 3644.93333333]",0.08,90.0,gabors,-30.0,4.0,0.25020744,147,,,0,,False,1,train,2
260,0.0,152.91113,153.16134,null,0.8,null,40.0,"[20.0, 20.0]","[3644.93333333, 3644.93333333]",0.08,0.0,gabors,-20.0,4.0,0.25020744,30,,,0,,False,2,test,0
261,0.0,153.16134,153.41155,null,0.8,null,30.0,"[20.0, 20.0]","[3644.93333333, 3644.93333333]",0.08,0.0,gabors,10.0,4.0,0.25021506,49,,,0,,False,2,test,0
262,0.0,153.41155,153.66177,null,0.8,null,10.0,"[20.0, 20.0]","[3644.93333333, 3644.93333333]",0.08,90.0,gabors,10.0,4.0,0.25021506,13,,,0,,False,1,train,2
263,0.0,153.66177,153.91198,null,0.8,null,30.0,"[20.0, 20.0]","[3644.93333333, 3644.93333333]",0.08,0.0,gabors,-40.0,4.0,0.25021506,124,,,0,,False,1,train,0
264,0.0,153.91198,154.1622,null,0.8,null,-40.0,"[20.0, 20.0]","[3644.93333333, 3644.93333333]",0.08,0.0,gabors,40.0,4.0,0.25021506,154,,,0,,False,1,train,0
265,0.0,154.1622,154.4124,null,0.8,null,-10.0,"[20.0, 20.0]","[3644.93333333, 3644.93333333]",0.08,90.0,gabors,0.0,4.0,0.25020244,121,,,0,,False,1,train,2
266,0.0,154.4124,154.6626,null,0.8,null,-30.0,"[20.0, 20.0]","[3644.93333333, 3644.93333333]",0.08,90.0,gabors,-20.0,4.0,0.25020244,160,,,0,,False,1,train,2
267,0.0,154.6626,154.9128,null,0.8,null,-10.0,"[20.0, 20.0]","[3644.93333333, 3644.93333333]",0.08,90.0,gabors,10.0,4.0,0.25020244,114,,,0,,False,1,train,2
268,0.0,154.9128,155.16301,null,0.8,null,-10.0,"[20.0, 20.0]","[3644.93333333, 3644.93333333]",0.08,90.0,gabors,-30.0,4.0,0.25020244,147,,,0,,False,2,test,2
269,0.0,155.16301,155.41321,null,0.8,null,30.0,"[20.0, 20.0]","[3644.93333333, 3644.93333333]",0.08,0.0,gabors,-30.0,4.0,0.25020506,171,,,0,,False,0,train,0
270,0.0,155.41321,155.66342,null,0.8,null,10.0,"[20.0, 20.0]","[3644.93333333, 3644.93333333]",0.08,0.0,gabors,40.0,4.0,0.25020506,79,,,0,,False,1,train,0
271,0.0,155.66342,155.91362,null,0.8,null,10.0,"[20.0, 20.0]","[3644.93333333, 3644.93333333]",0.08,0.0,gabors,40.0,4.0,0.25020506,79,,,0,,False,2,test,0
272,0.0,155.91362,156.16383,null,0.8,null,30.0,"[20.0, 20.0]","[3644.93333333, 3644.93333333]",0.08,0.0,gabors,20.0,4.0,0.25020506,172,,,0,,False,0,train,0
273,0.0,156.16383,156.41404,null,0.8,null,30.0,"[20.0, 20.0]","[3644.93333333, 3644.93333333]",0.08,90.0,gabors,10.0,4.0,0.25021244,87,,,0,,False,1,train,2
274,0.0,156.41404,156.66425,null,0.8,null,30.0,"[20.0, 20.0]","[3644.93333333, 3644.93333333]",0.08,0.0,gabors,-20.0,4.0,0.25021244,148,,,0,,False,1,train,0
275,0.0,156.66425,156.91446,null,0.8,null,0.0,"[20.0, 20.0]","[3644.93333333, 3644.93333333]",0.08,90.0,gabors,40.0,4.0,0.25021244,106,,,0,,False,2,test,2
276,0.0,156.91446,157.16468,null,0.8,null,-20.0,"[20.0, 20.0]","[3644.93333333, 3644.93333333]",0.08,45.0,gabors,0.0,4.0,0.25021244,94,,,0,,False,1,train,1
277,0.0,157.16468,157.41489,null,0.8,null,-10.0,"[20.0, 20.0]","[3644.93333333, 3644.93333333]",0.08,45.0,gabors,0.0,4.0,0.25021506,173,,,0,,False,0,train,1
278,0.0,157.41489,157.66511,null,0.8,null,-10.0,"[20.0, 20.0]","[3644.93333333, 3644.93333333]",0.08,45.0,gabors,20.0,4.0,0.25021506,174,,,0,,False,0,train,1
279,0.0,157.66511,157.91532,null,0.8,null,20.0,"[20.0, 20.0]","[3644.93333333, 3644.93333333]",0.08,0.0,gabors,20.0,4.0,0.25021506,41,,,0,,False,1,train,0
280,0.0,157.91532,158.16554,null,0.8,null,-20.0,"[20.0, 20.0]","[3644.93333333, 3644.93333333]",0.08,45.0,gabors,10.0,4.0,0.25021506,113,,,0,,False,1,train,1
281,0.0,158.16554,158.41574,null,0.8,null,-10.0,"[20.0, 20.0]","[3644.93333333, 3644.93333333]",0.08,90.0,gabors,20.0,4.0,0.25020494,175,,,0,,False,0,train,2
282,0.0,158.41574,158.66595,null,0.8,null,-10.0,"[20.0, 20.0]","[3644.93333333, 3644.93333333]",0.08,0.0,gabors,-20.0,4.0,0.25020494,176,,,0,,False,0,train,0
283,0.0,158.66595,158.91615,null,0.8,null,40.0,"[20.0, 20.0]","[3644.93333333, 3644.93333333]",0.08,0.0,gabors,-10.0,4.0,0.25020494,71,,,0,,False,1,train,0
284,0.0,158.91615,159.16636,null,0.8,null,-30.0,"[20.0, 20.0]","[3644.93333333, 3644.93333333]",0.08,45.0,gabors,-10.0,4.0,0.25020494,56,,,0,,False,1,train,1
285,0.0,159.16636,159.41657,null,0.8,null,30.0,"[20.0, 20.0]","[3644.93333333, 3644.93333333]",0.08,90.0,gabors,-30.0,4.0,0.25021006,84,,,0,,False,1,train,2
286,0.0,159.41657,159.66678,null,0.8,null,20.0,"[20.0, 20.0]","[3644.93333333, 3644.93333333]",0.08,90.0,gabors,-20.0,4.0,0.25021006,177,,,0,,False,0,train,2
287,0.0,159.66678,159.91699,null,0.8,null,40.0,"[20.0, 20.0]","[3644.93333333, 3644.93333333]",0.08,45.0,gabors,-10.0,4.0,0.25021006,149,,,0,,False,1,train,1
288,0.0,159.91699,160.1672,null,0.8,null,-20.0,"[20.0, 20.0]","[3644.93333333, 3644.93333333]",0.08,0.0,gabors,-30.0,4.0,0.25021006,178,,,0,,False,0,train,0
289,0.0,160.1672,160.4174,null,0.8,null,20.0,"[20.0, 20.0]","[3644.93333333, 3644.93333333]",0.08,90.0,gabors,-10.0,4.0,0.25020744,156,,,0,,False,1,train,2
290,0.0,160.4174,160.66761,null,0.8,null,10.0,"[20.0, 20.0]","[3644.93333333, 3644.93333333]",0.08,0.0,gabors,20.0,4.0,0.25020744,179,,,0,,False,0,train,0
291,0.0,160.66761,160.91782,null,0.8,null,30.0,"[20.0, 20.0]","[3644.93333333, 3644.93333333]",0.08,45.0,gabors,-20.0,4.0,0.25020744,162,,,0,,False,1,train,1
292,0.0,160.91782,161.16803,null,0.8,null,0.0,"[20.0, 20.0]","[3644.93333333, 3644.93333333]",0.08,45.0,gabors,-40.0,4.0,0.25020744,82,,,0,,False,1,train,1
293,0.0,161.16803,161.41824,null,0.8,null,40.0,"[20.0, 20.0]","[3644.93333333, 3644.93333333]",0.08,90.0,gabors,-40.0,4.0,0.25021256,180,,,0,,False,0,train,2
294,0.0,161.41824,161.66845,null,0.8,null,-10.0,"[20.0, 20.0]","[3644.93333333, 3644.93333333]",0.08,90.0,gabors,10.0,4.0,0.25021256,114,,,0,,False,2,test,2
295,0.0,161.66845,161.91866,null,0.8,null,-10.0,"[20.0, 20.0]","[3644.93333333, 3644.93333333]",0.08,45.0,gabors,10.0,4.0,0.25021256,123,,,0,,False,1,train,1
296,0.0,161.91866,162.16888,null,0.8,null,20.0,"[20.0, 20.0]","[3644.93333333, 3644.93333333]",0.08,90.0,gabors,-20.0,4.0,0.25021256,177,,,0,,False,1,train,2
297,0.0,162.16888,162.41908,null,0.8,null,-40.0,"[20.0, 20.0]","[3644.93333333, 3644.93333333]",0.08,0.0,gabors,-40.0,4.0,0.25020244,139,,,0,,False,2,test,0
298,0.0,162.41908,162.66928,null,0.8,null,30.0,"[20.0, 20.0]","[3644.93333333, 3644.93333333]",0.08,0.0,gabors,20.0,4.0,0.25020244,172,,,0,,False,1,train,0
299,0.0,162.66928,162.91948,null,0.8,null,20.0,"[20.0, 20.0]","[3644.93333333, 3644.93333333]",0.08,0.0,gabors,0.0,4.0,0.25020244,7,,,0,,False,4,train,0
300,0.0,162.91948,163.16969,null,0.8,null,20.0,"[20.0, 20.0]","[3644.93333333, 3644.93333333]",0.08,45.0,gabors,40.0,4.0,0.25020244,136,,,0,,False,1,train,1
301,0.0,163.16969,163.4199,null,0.8,null,-30.0,"[20.0, 20.0]","[3644.93333333, 3644.93333333]",0.08,45.0,gabors,-20.0,4.0,0.25021006,181,,,0,,False,0,train,1
302,0.0,163.4199,163.67011,null,0.8,null,30.0,"[20.0, 20.0]","[3644.93333333, 3644.93333333]",0.08,0.0,gabors,20.0,4.0,0.25021006,172,,,0,,False,2,test,0
303,0.0,163.67011,163.92032,null,0.8,null,20.0,"[20.0, 20.0]","[3644.93333333, 3644.93333333]",0.08,0.0,gabors,-20.0,4.0,0.25021006,96,,,0,,False,1,train,0
304,0.0,163.92032,164.17053,null,0.8,null,0.0,"[20.0, 20.0]","[3644.93333333, 3644.93333333]",0.08,45.0,gabors,-20.0,4.0,0.25021006,182,,,0,,False,0,train,1
305,0.0,164.17053,164.42074,null,0.8,null,30.0,"[20.0, 20.0]","[3644.93333333, 3644.93333333]",0.08,0.0,gabors,40.0,4.0,0.25020994,133,,,0,,False,1,train,0
306,0.0,164.42074,164.67095,null,0.8,null,0.0,"[20.0, 20.0]","[3644.93333333, 3644.93333333]",0.08,90.0,gabors,-30.0,4.0,0.25020994,137,,,0,,False,2,test,2
307,0.0,164.67095,164.92116,null,0.8,null,-40.0,"[20.0, 20.0]","[3644.93333333, 3644.93333333]",0.08,90.0,gabors,30.0,4.0,0.25020994,53,,,0,,False,4,train,2
308,0.0,164.92116,165.17137,null,0.8,null,-30.0,"[20.0, 20.0]","[3644.93333333, 3644.93333333]",0.08,45.0,gabors,0.0,4.0,0.25020994,22,,,0,,False,1,train,1
309,0.0,165.17137,165.42157,null,0.8,null,10.0,"[20.0, 20.0]","[3644.93333333, 3644.93333333]",0.08,90.0,gabors,10.0,4.0,0.25020756,13,,,0,,False,2,test,2
310,0.0,165.42157,165.67178,null,0.8,null,30.0,"[20.0, 20.0]","[3644.93333333, 3644.93333333]",0.08,45.0,gabors,-10.0,4.0,0.25020756,120,,,0,,False,2,test,1
311,0.0,165.67178,165.92199,null,0.8,null,40.0,"[20.0, 20.0]","[3644.93333333, 3644.93333333]",0.08,90.0,gabors,-30.0,4.0,0.25020756,127,,,0,,False,1,train,2
312,0.0,165.92199,166.1722,null,0.8,null,-20.0,"[20.0, 20.0]","[3644.93333333, 3644.93333333]",0.08,45.0,gabors,0.0,4.0,0.25020756,94,,,0,,False,2,test,1
313,0.0,166.1722,166.42241,null,0.8,null,-10.0,"[20.0, 20.0]","[3644.93333333, 3644.93333333]",0.08,45.0,gabors,20.0,4.0,0.25020994,174,,,0,,False,1,train,1
314,0.0,166.42241,166.67262,null,0.8,null,10.0,"[20.0, 20.0]","[3644.93333333, 3644.93333333]",0.08,90.0,gabors,-40.0,4.0,0.25020994,183,,,0,,False,0,train,2
315,0.0,166.67262,166.92283,null,0.8,null,-30.0,"[20.0, 20.0]","[3644.93333333, 3644.93333333]",0.08,90.0,gabors,-20.0,4.0,0.25020994,160,,,0,,False,2,test,2
316,0.0,166.92283,167.17304,null,0.8,null,20.0,"[20.0, 20.0]","[3644.93333333, 3644.93333333]",0.08,0.0,gabors,40.0,4.0,0.25020994,63,,,0,,False,2,test,0
317,0.0,167.17304,167.42325,null,0.8,null,-20.0,"[20.0, 20.0]","[3644.93333333, 3644.93333333]",0.08,45.0,gabors,-20.0,4.0,0.25021006,184,,,0,,False,0,train,1
318,0.0,167.42325,167.67346,null,0.8,null,30.0,"[20.0, 20.0]","[3644.93333333, 3644.93333333]",0.08,45.0,gabors,-10.0,4.0,0.25021006,120,,,0,,False,3,train,1
319,0.0,167.67346,167.92367,null,0.8,null,-10.0,"[20.0, 20.0]","[3644.93333333, 3644.93333333]",0.08,90.0,gabors,-40.0,4.0,0.25021006,185,,,0,,False,0,train,2
320,0.0,167.92367,168.17388,null,0.8,null,30.0,"[20.0, 20.0]","[3644.93333333, 3644.93333333]",0.08,45.0,gabors,-40.0,4.0,0.25021006,59,,,0,,False,1,train,1
321,0.0,168.17388,168.42409,null,0.8,null,-30.0,"[20.0, 20.0]","[3644.93333333, 3644.93333333]",0.08,0.0,gabors,-30.0,4.0,0.25020994,164,,,0,,False,1,train,0
322,0.0,168.42409,168.6743,null,0.8,null,-10.0,"[20.0, 20.0]","[3644.93333333, 3644.93333333]",0.08,0.0,gabors,0.0,4.0,0.25020994,132,,,0,,False,1,train,0
323,0.0,168.6743,168.92451,null,0.8,null,-30.0,"[20.0, 20.0]","[3644.93333333, 3644.93333333]",0.08,0.0,gabors,0.0,4.0,0.25020994,3,,,0,,False,2,test,0
324,0.0,168.92451,169.17472,null,0.8,null,-40.0,"[20.0, 20.0]","[3644.93333333, 3644.93333333]",0.08,90.0,gabors,-10.0,4.0,0.25020994,186,,,0,,False,0,train,2
325,0.0,169.17472,169.42492,null,0.8,null,0.0,"[20.0, 20.0]","[3644.93333333, 3644.93333333]",0.08,0.0,gabors,0.0,4.0,0.25020006,187,,,0,,False,0,train,0
326,0.0,169.42492,169.67512,null,0.8,null,-30.0,"[20.0, 20.0]","[3644.93333333, 3644.93333333]",0.08,90.0,gabors,20.0,4.0,0.25020006,38,,,0,,False,1,train,2
327,0.0,169.67512,169.92532,null,0.8,null,20.0,"[20.0, 20.0]","[3644.93333333, 3644.93333333]",0.08,90.0,gabors,10.0,4.0,0.25020006,158,,,0,,False,1,train,2
328,0.0,169.92532,170.17552,null,0.8,null,-20.0,"[20.0, 20.0]","[3644.93333333, 3644.93333333]",0.08,45.0,gabors,10.0,4.0,0.25020006,113,,,0,,False,2,test,1
329,0.0,170.17552,170.42573,null,0.8,null,20.0,"[20.0, 20.0]","[3644.93333333, 3644.93333333]",0.08,90.0,gabors,-30.0,4.0,0.25021244,64,,,0,,False,2,test,2
330,0.0,170.42573,170.67594,null,0.8,null,-40.0,"[20.0, 20.0]","[3644.93333333, 3644.93333333]",0.08,45.0,gabors,-30.0,4.0,0.25021244,76,,,0,,False,2,test,1
331,0.0,170.67594,170.92615,null,0.8,null,0.0,"[20.0, 20.0]","[3644.93333333, 3644.93333333]",0.08,45.0,gabors,-30.0,4.0,0.25021244,91,,,0,,False,2,test,1
332,0.0,170.92615,171.17637,null,0.8,null,-10.0,"[20.0, 20.0]","[3644.93333333, 3644.93333333]",0.08,90.0,gabors,0.0,4.0,0.25021244,121,,,0,,False,2,test,2
333,0.0,171.17637,171.42658,null,0.8,null,-20.0,"[20.0, 20.0]","[3644.93333333, 3644.93333333]",0.08,45.0,gabors,-40.0,4.0,0.25021506,77,,,0,,False,2,test,1
334,0.0,171.42658,171.6768,null,0.8,null,-10.0,"[20.0, 20.0]","[3644.93333333, 3644.93333333]",0.08,90.0,gabors,0.0,4.0,0.25021506,121,,,0,,False,3,train,2
335,0.0,171.6768,171.92701,null,0.8,null,30.0,"[20.0, 20.0]","[3644.93333333, 3644.93333333]",0.08,45.0,gabors,-40.0,4.0,0.25021506,59,,,0,,False,2,test,1
336,0.0,171.92701,172.17723,null,0.8,null,-40.0,"[20.0, 20.0]","[3644.93333333, 3644.93333333]",0.08,0.0,gabors,-20.0,4.0,0.25021506,70,,,0,,False,2,test,0
337,0.0,172.17723,172.42743,null,0.8,null,10.0,"[20.0, 20.0]","[3644.93333333, 3644.93333333]",0.08,90.0,gabors,20.0,4.0,0.25020494,27,,,0,,False,2,test,2
338,0.0,172.42743,172.67764,null,0.8,null,-10.0,"[20.0, 20.0]","[3644.93333333, 3644.93333333]",0.08,45.0,gabors,0.0,4.0,0.25020494,173,,,0,,False,1,train,1
339,0.0,172.67764,172.92784,null,0.8,null,10.0,"[20.0, 20.0]","[3644.93333333, 3644.93333333]",0.08,90.0,gabors,40.0,4.0,0.25020494,12,,,0,,False,1,train,2
340,0.0,172.92784,173.17805,null,0.8,null,0.0,"[20.0, 20.0]","[3644.93333333, 3644.93333333]",0.08,0.0,gabors,-30.0,4.0,0.25020494,188,,,0,,False,0,train,0
341,0.0,173.17805,173.42826,null,0.8,null,-10.0,"[20.0, 20.0]","[3644.93333333, 3644.93333333]",0.08,0.0,gabors,0.0,4.0,0.25021506,132,,,0,,False,2,test,0
342,0.0,173.42826,173.67848,null,0.8,null,30.0,"[20.0, 20.0]","[3644.93333333, 3644.93333333]",0.08,0.0,gabors,0.0,4.0,0.25021506,2,,,0,,False,2,test,0
343,0.0,173.67848,173.92869,null,0.8,null,-10.0,"[20.0, 20.0]","[3644.93333333, 3644.93333333]",0.08,45.0,gabors,-30.0,4.0,0.25021506,189,,,0,,False,0,train,1
344,0.0,173.92869,174.17891,null,0.8,null,-20.0,"[20.0, 20.0]","[3644.93333333, 3644.93333333]",0.08,0.0,gabors,-40.0,4.0,0.25021506,117,,,0,,False,1,train,0
345,0.0,174.17891,174.42911,null,0.8,null,-20.0,"[20.0, 20.0]","[3644.93333333, 3644.93333333]",0.08,90.0,gabors,40.0,4.0,0.25020494,190,,,0,,False,0,train,2
346,0.0,174.42911,174.67932,null,0.8,null,40.0,"[20.0, 20.0]","[3644.93333333, 3644.93333333]",0.08,45.0,gabors,-20.0,4.0,0.25020494,125,,,0,,False,1,train,1
347,0.0,174.67932,174.92952,null,0.8,null,-20.0,"[20.0, 20.0]","[3644.93333333, 3644.93333333]",0.08,45.0,gabors,30.0,4.0,0.25020494,191,,,0,,False,0,train,1
348,0.0,174.92952,175.17973,null,0.8,null,30.0,"[20.0, 20.0]","[3644.93333333, 3644.93333333]",0.08,45.0,gabors,-10.0,4.0,0.25020494,120,,,0,,False,4,train,1
349,0.0,175.17973,175.42994,null,0.8,null,40.0,"[20.0, 20.0]","[3644.93333333, 3644.93333333]",0.08,45.0,gabors,20.0,4.0,0.25021506,105,,,0,,False,2,test,1
350,0.0,175.42994,175.68016,null,0.8,null,-30.0,"[20.0, 20.0]","[3644.93333333, 3644.93333333]",0.08,0.0,gabors,-30.0,4.0,0.25021506,164,,,0,,False,2,test,0
351,0.0,175.68016,175.93037,null,0.8,null,0.0,"[20.0, 20.0]","[3644.93333333, 3644.93333333]",0.08,90.0,gabors,-40.0,4.0,0.25021506,192,,,0,,False,0,train,2
352,0.0,175.93037,176.18059,null,0.8,null,-20.0,"[20.0, 20.0]","[3644.93333333, 3644.93333333]",0.08,45.0,gabors,10.0,4.0,0.25021506,113,,,0,,False,3,train,1
353,0.0,176.18059,176.43079,null,0.8,null,0.0,"[20.0, 20.0]","[3644.93333333, 3644.93333333]",0.08,90.0,gabors,-10.0,4.0,0.25020244,69,,,0,,False,2,test,2
354,0.0,176.43079,176.68099,null,0.8,null,-10.0,"[20.0, 20.0]","[3644.93333333, 3644.93333333]",0.08,90.0,gabors,-40.0,4.0,0.25020244,185,,,0,,False,1,train,2
355,0.0,176.68099,176.93119,null,0.8,null,20.0,"[20.0, 20.0]","[3644.93333333, 3644.93333333]",0.08,45.0,gabors,-10.0,4.0,0.25020244,193,,,0,,False,0,train,1
356,0.0,176.93119,177.1814,null,0.8,null,10.0,"[20.0, 20.0]","[3644.93333333, 3644.93333333]",0.08,0.0,gabors,20.0,4.0,0.25020244,179,,,0,,False,1,train,0
357,0.0,177.1814,177.43161,null,0.8,null,20.0,"[20.0, 20.0]","[3644.93333333, 3644.93333333]",0.08,45.0,gabors,40.0,4.0,0.25021506,136,,,0,,False,2,test,1
358,0.0,177.43161,177.68183,null,0.8,null,-20.0,"[20.0, 20.0]","[3644.93333333, 3644.93333333]",0.08,0.0,gabors,-20.0,4.0,0.25021506,194,,,0,,False,0,train,0
359,0.0,177.68183,177.93204,null,0.8,null,0.0,"[20.0, 20.0]","[3644.93333333, 3644.93333333]",0.08,0.0,gabors,20.0,4.0,0.25021506,195,,,0,,False,0,train,0
360,0.0,177.93204,178.18226,null,0.8,null,-20.0,"[20.0, 20.0]","[3644.93333333, 3644.93333333]",0.08,0.0,gabors,-20.0,4.0,0.25021506,194,,,0,,False,1,train,0
361,0.0,178.18226,178.43246,null,0.8,null,-20.0,"[20.0, 20.0]","[3644.93333333, 3644.93333333]",0.08,45.0,gabors,20.0,4.0,0.25020244,60,,,0,,False,3,train,1
362,0.0,178.43246,178.68266,null,0.8,null,10.0,"[20.0, 20.0]","[3644.93333333, 3644.93333333]",0.08,90.0,gabors,-30.0,4.0,0.25020244,93,,,0,,False,1,train,2
363,0.0,178.68266,178.93286,null,0.8,null,-20.0,"[20.0, 20.0]","[3644.93333333, 3644.93333333]",0.08,0.0,gabors,30.0,4.0,0.25020244,196,,,0,,False,0,train,0
364,0.0,178.93286,179.18307,null,0.8,null,-10.0,"[20.0, 20.0]","[3644.93333333, 3644.93333333]",0.08,90.0,gabors,20.0,4.0,0.25020244,175,,,0,,False,1,train,2
365,0.0,179.18307,179.43328,null,0.8,null,-30.0,"[20.0, 20.0]","[3644.93333333, 3644.93333333]",0.08,45.0,gabors,40.0,4.0,0.25021756,85,,,0,,False,2,test,1
366,0.0,179.43328,179.6835,null,0.8,null,-30.0,"[20.0, 20.0]","[3644.93333333, 3644.93333333]",0.08,0.0,gabors,-30.0,4.0,0.25021756,164,,,0,,False,3,train,0
367,0.0,179.6835,179.93372,null,0.8,null,0.0,"[20.0, 20.0]","[3644.93333333, 3644.93333333]",0.08,90.0,gabors,40.0,4.0,0.25021756,106,,,0,,False,3,train,2
368,0.0,179.93372,180.18394,null,0.8,null,30.0,"[20.0, 20.0]","[3644.93333333, 3644.93333333]",0.08,0.0,gabors,-40.0,4.0,0.25021756,124,,,0,,False,2,test,0
369,0.0,180.18394,180.43414,null,0.8,null,-10.0,"[20.0, 20.0]","[3644.93333333, 3644.93333333]",0.08,90.0,gabors,-10.0,4.0,0.25019994,80,,,0,,False,2,test,2
370,0.0,180.43414,180.68434,null,0.8,null,20.0,"[20.0, 20.0]","[3644.93333333, 3644.93333333]",0.08,90.0,gabors,0.0,4.0,0.25019994,10,,,0,,False,1,train,2
371,0.0,180.68434,180.93454,null,0.8,null,-30.0,"[20.0, 20.0]","[3644.93333333, 3644.93333333]",0.08,90.0,gabors,40.0,4.0,0.25019994,17,,,0,,False,5,test,2
372,0.0,180.93454,181.18474,null,0.8,null,40.0,"[20.0, 20.0]","[3644.93333333, 3644.93333333]",0.08,90.0,gabors,30.0,4.0,0.25019994,138,,,0,,False,1,train,2
373,0.0,181.18474,181.43496,null,0.8,null,20.0,"[20.0, 20.0]","[3644.93333333, 3644.93333333]",0.08,90.0,gabors,40.0,4.0,0.25022006,52,,,0,,False,1,train,2
374,0.0,181.43496,181.68518,null,0.8,null,-30.0,"[20.0, 20.0]","[3644.93333333, 3644.93333333]",0.08,45.0,gabors,0.0,4.0,0.25022006,22,,,0,,False,2,test,1
375,0.0,181.68518,181.9354,null,0.8,null,-40.0,"[20.0, 20.0]","[3644.93333333, 3644.93333333]",0.08,45.0,gabors,10.0,4.0,0.25022006,197,,,0,,False,0,train,1
376,0.0,181.9354,182.18562,null,0.8,null,-10.0,"[20.0, 20.0]","[3644.93333333, 3644.93333333]",0.08,90.0,gabors,-30.0,4.0,0.25022006,147,,,0,,False,3,train,2
377,0.0,182.18562,182.43581,null,0.8,null,20.0,"[20.0, 20.0]","[3644.93333333, 3644.93333333]",0.08,45.0,gabors,30.0,4.0,0.25019744,118,,,0,,False,1,train,1
378,0.0,182.43581,182.68601,null,0.8,null,-40.0,"[20.0, 20.0]","[3644.93333333, 3644.93333333]",0.08,90.0,gabors,0.0,4.0,0.25019744,198,,,0,,False,0,train,2
379,0.0,182.68601,182.93621,null,0.8,null,-40.0,"[20.0, 20.0]","[3644.93333333, 3644.93333333]",0.08,90.0,gabors,0.0,4.0,0.25019744,198,,,0,,False,1,train,2
380,0.0,182.93621,183.18641,null,0.8,null,0.0,"[20.0, 20.0]","[3644.93333333, 3644.93333333]",0.08,0.0,gabors,-40.0,4.0,0.25019744,199,,,0,,False,0,train,0
381,0.0,183.18641,183.43662,null,0.8,null,40.0,"[20.0, 20.0]","[3644.93333333, 3644.93333333]",0.08,45.0,gabors,20.0,4.0,0.25021506,105,,,0,,False,3,train,1
382,0.0,183.43662,183.68684,null,0.8,null,20.0,"[20.0, 20.0]","[3644.93333333, 3644.93333333]",0.08,90.0,gabors,-30.0,4.0,0.25021506,64,,,0,,False,3,train,2
383,0.0,183.68684,183.93705,null,0.8,null,10.0,"[20.0, 20.0]","[3644.93333333, 3644.93333333]",0.08,90.0,gabors,-10.0,4.0,0.25021506,102,,,0,,False,1,train,2
384,0.0,183.93705,184.18727,null,0.8,null,10.0,"[20.0, 20.0]","[3644.93333333, 3644.93333333]",0.08,45.0,gabors,-40.0,4.0,0.25021506,15,,,0,,False,3,train,1
385,0.0,184.18727,184.43747,null,0.8,null,40.0,"[20.0, 20.0]","[3644.93333333, 3644.93333333]",0.08,90.0,gabors,40.0,4.0,0.25020244,200,,,0,,False,0,train,2
386,0.0,184.43747,184.68767,null,0.8,null,-20.0,"[20.0, 20.0]","[3644.93333333, 3644.93333333]",0.08,90.0,gabors,10.0,4.0,0.25020244,119,,,0,,False,1,train,2
387,0.0,184.68767,184.93787,null,0.8,null,-40.0,"[20.0, 20.0]","[3644.93333333, 3644.93333333]",0.08,90.0,gabors,-30.0,4.0,0.25020244,47,,,0,,False,1,train,2
388,0.0,184.93787,185.18808,null,0.8,null,20.0,"[20.0, 20.0]","[3644.93333333, 3644.93333333]",0.08,45.0,gabors,-40.0,4.0,0.25020244,201,,,0,,False,0,train,1
389,0.0,185.18808,185.43829,null,0.8,null,-20.0,"[20.0, 20.0]","[3644.93333333, 3644.93333333]",0.08,45.0,gabors,30.0,4.0,0.25021256,191,,,0,,False,1,train,1
390,0.0,185.43829,185.6885,null,0.8,null,-40.0,"[20.0, 20.0]","[3644.93333333, 3644.93333333]",0.08,45.0,gabors,20.0,4.0,0.25021256,151,,,0,,False,2,test,1
391,0.0,185.6885,185.93871,null,0.8,null,0.0,"[20.0, 20.0]","[3644.93333333, 3644.93333333]",0.08,45.0,gabors,-40.0,4.0,0.25021256,82,,,0,,False,2,test,1
392,0.0,185.93871,186.18893,null,0.8,null,10.0,"[20.0, 20.0]","[3644.93333333, 3644.93333333]",0.08,90.0,gabors,20.0,4.0,0.25021256,27,,,0,,False,3,train,2
393,0.0,186.18893,186.43913,null,0.8,null,30.0,"[20.0, 20.0]","[3644.93333333, 3644.93333333]",0.08,45.0,gabors,-40.0,4.0,0.25020744,59,,,0,,False,3,train,1
394,0.0,186.43913,186.68934,null,0.8,null,-20.0,"[20.0, 20.0]","[3644.93333333, 3644.93333333]",0.08,90.0,gabors,30.0,4.0,0.25020744,202,,,0,,False,0,train,2
395,0.0,186.68934,186.93955,null,0.8,null,0.0,"[20.0, 20.0]","[3644.93333333, 3644.93333333]",0.08,0.0,gabors,-40.0,4.0,0.25020744,199,,,0,,False,1,train,0
396,0.0,186.93955,187.18976,null,0.8,null,30.0,"[20.0, 20.0]","[3644.93333333, 3644.93333333]",0.08,90.0,gabors,10.0,4.0,0.25020744,87,,,0,,False,2,test,2
397,0.0,187.18976,187.43996,null,0.8,null,-40.0,"[20.0, 20.0]","[3644.93333333, 3644.93333333]",0.08,0.0,gabors,10.0,4.0,0.25020506,203,,,0,,False,0,train,0
398,0.0,187.43996,187.69017,null,0.8,null,40.0,"[20.0, 20.0]","[3644.93333333, 3644.93333333]",0.08,0.0,gabors,20.0,4.0,0.25020506,19,,,0,,False,1,train,0
399,0.0,187.69017,187.94037,null,0.8,null,20.0,"[20.0, 20.0]","[3644.93333333, 3644.93333333]",0.08,0.0,gabors,-20.0,4.0,0.25020506,96,,,0,,False,2,test,0
400,0.0,187.94037,188.19058,null,0.8,null,-30.0,"[20.0, 20.0]","[3644.93333333, 3644.93333333]",0.08,0.0,gabors,30.0,4.0,0.25020506,204,,,0,,False,0,train,0
401,0.0,188.19058,188.44079,null,0.8,null,-10.0,"[20.0, 20.0]","[3644.93333333, 3644.93333333]",0.08,45.0,gabors,30.0,4.0,0.25021244,89,,,0,,False,2,test,1
402,0.0,188.44079,188.691,null,0.8,null,10.0,"[20.0, 20.0]","[3644.93333333, 3644.93333333]",0.08,0.0,gabors,40.0,4.0,0.25021244,79,,,0,,False,3,train,0
403,0.0,188.691,188.94121,null,0.8,null,40.0,"[20.0, 20.0]","[3644.93333333, 3644.93333333]",0.08,45.0,gabors,-20.0,4.0,0.25021244,125,,,0,,False,2,test,1
404,0.0,188.94121,189.19143,null,0.8,null,20.0,"[20.0, 20.0]","[3644.93333333, 3644.93333333]",0.08,0.0,gabors,20.0,4.0,0.25021244,41,,,0,,False,2,test,0
405,0.0,189.19143,189.44163,null,0.8,null,-10.0,"[20.0, 20.0]","[3644.93333333, 3644.93333333]",0.08,45.0,gabors,20.0,4.0,0.25020506,174,,,0,,False,2,test,1
406,0.0,189.44163,189.69184,null,0.8,null,40.0,"[20.0, 20.0]","[3644.93333333, 3644.93333333]",0.08,90.0,gabors,0.0,4.0,0.25020506,128,,,0,,False,1,train,2
407,0.0,189.69184,189.94204,null,0.8,null,0.0,"[20.0, 20.0]","[3644.93333333, 3644.93333333]",0.08,90.0,gabors,10.0,4.0,0.25020506,110,,,0,,False,1,train,2
408,0.0,189.94204,190.19225,null,0.8,null,40.0,"[20.0, 20.0]","[3644.93333333, 3644.93333333]",0.08,0.0,gabors,0.0,4.0,0.25020506,55,,,0,,False,2,test,0
409,0.0,190.19225,190.44246,null,0.8,null,10.0,"[20.0, 20.0]","[3644.93333333, 3644.93333333]",0.08,0.0,gabors,0.0,4.0,0.25021244,205,,,0,,False,0,train,0
410,0.0,190.44246,190.69267,null,0.8,null,-10.0,"[20.0, 20.0]","[3644.93333333, 3644.93333333]",0.08,0.0,gabors,-30.0,4.0,0.25021244,54,,,0,,False,2,test,0
411,0.0,190.69267,190.94288,null,0.8,null,30.0,"[20.0, 20.0]","[3644.93333333, 3644.93333333]",0.08,45.0,gabors,30.0,4.0,0.25021244,206,,,0,,False,0,train,1
412,0.0,190.94288,191.1931,null,0.8,null,10.0,"[20.0, 20.0]","[3644.93333333, 3644.93333333]",0.08,90.0,gabors,10.0,4.0,0.25021244,13,,,0,,False,3,train,2
413,0.0,191.1931,191.44331,null,0.8,null,-10.0,"[20.0, 20.0]","[3644.93333333, 3644.93333333]",0.08,90.0,gabors,20.0,4.0,0.25021006,175,,,0,,False,2,test,2
414,0.0,191.44331,191.69352,null,0.8,null,-30.0,"[20.0, 20.0]","[3644.93333333, 3644.93333333]",0.08,45.0,gabors,-30.0,4.0,0.25021006,207,,,0,,False,0,train,1
415,0.0,191.69352,191.94373,null,0.8,null,-10.0,"[20.0, 20.0]","[3644.93333333, 3644.93333333]",0.08,45.0,gabors,-20.0,4.0,0.25021006,40,,,0,,False,1,train,1
416,0.0,191.94373,192.19394,null,0.8,null,10.0,"[20.0, 20.0]","[3644.93333333, 3644.93333333]",0.08,90.0,gabors,-40.0,4.0,0.25021006,183,,,0,,False,1,train,2
417,0.0,192.19394,192.44414,null,0.8,null,-30.0,"[20.0, 20.0]","[3644.93333333, 3644.93333333]",0.08,90.0,gabors,30.0,4.0,0.25020494,33,,,0,,False,3,train,2
418,0.0,192.44414,192.69435,null,0.8,null,20.0,"[20.0, 20.0]","[3644.93333333, 3644.93333333]",0.08,90.0,gabors,10.0,4.0,0.25020494,158,,,0,,False,2,test,2
419,0.0,192.69435,192.94455,null,0.8,null,-10.0,"[20.0, 20.0]","[3644.93333333, 3644.93333333]",0.08,45.0,gabors,30.0,4.0,0.25020494,89,,,0,,False,3,train,1
420,0.0,192.94455,193.19476,null,0.8,null,-30.0,"[20.0, 20.0]","[3644.93333333, 3644.93333333]",0.08,90.0,gabors,-40.0,4.0,0.25020494,39,,,0,,False,1,train,2
421,0.0,193.19476,193.44496,null,0.8,null,-40.0,"[20.0, 20.0]","[3644.93333333, 3644.93333333]",0.08,45.0,gabors,0.0,4.0,0.25020756,208,,,0,,False,0,train,1
422,0.0,193.44496,193.69517,null,0.8,null,40.0,"[20.0, 20.0]","[3644.93333333, 3644.93333333]",0.08,45.0,gabors,0.0,4.0,0.25020756,73,,,0,,False,1,train,1
423,0.0,193.69517,193.94538,null,0.8,null,-10.0,"[20.0, 20.0]","[3644.93333333, 3644.93333333]",0.08,90.0,gabors,-20.0,4.0,0.25020756,116,,,0,,False,1,train,2
424,0.0,193.94538,194.19559,null,0.8,null,-20.0,"[20.0, 20.0]","[3644.93333333, 3644.93333333]",0.08,90.0,gabors,-40.0,4.0,0.25020756,209,,,0,,False,0,train,2
425,0.0,194.19559,194.4458,null,0.8,null,20.0,"[20.0, 20.0]","[3644.93333333, 3644.93333333]",0.08,0.0,gabors,10.0,4.0,0.25021244,210,,,0,,False,0,train,0
426,0.0,194.4458,194.69601,null,0.8,null,30.0,"[20.0, 20.0]","[3644.93333333, 3644.93333333]",0.08,0.0,gabors,-30.0,4.0,0.25021244,171,,,0,,False,1,train,0
427,0.0,194.69601,194.94622,null,0.8,null,-10.0,"[20.0, 20.0]","[3644.93333333, 3644.93333333]",0.08,45.0,gabors,-40.0,4.0,0.25021244,21,,,0,,False,1,train,1
428,0.0,194.94622,195.19644,null,0.8,null,0.0,"[20.0, 20.0]","[3644.93333333, 3644.93333333]",0.08,90.0,gabors,-20.0,4.0,0.25021244,45,,,0,,False,3,train,2
429,0.0,195.19644,195.44665,null,0.8,null,0.0,"[20.0, 20.0]","[3644.93333333, 3644.93333333]",0.08,0.0,gabors,-40.0,4.0,0.25021006,199,,,0,,False,2,test,0
430,0.0,195.44665,195.69686,null,0.8,null,10.0,"[20.0, 20.0]","[3644.93333333, 3644.93333333]",0.08,0.0,gabors,20.0,4.0,0.25021006,179,,,0,,False,2,test,0
431,0.0,195.69686,195.94707,null,0.8,null,-40.0,"[20.0, 20.0]","[3644.93333333, 3644.93333333]",0.08,45.0,gabors,40.0,4.0,0.25021006,99,,,0,,False,2,test,1
432,0.0,195.94707,196.19728,null,0.8,null,-10.0,"[20.0, 20.0]","[3644.93333333, 3644.93333333]",0.08,0.0,gabors,10.0,4.0,0.25021006,100,,,0,,False,1,train,0
433,0.0,196.19728,196.44748,null,0.8,null,30.0,"[20.0, 20.0]","[3644.93333333, 3644.93333333]",0.08,90.0,gabors,0.0,4.0,0.25020744,11,,,0,,False,1,train,2
434,0.0,196.44748,196.69769,null,0.8,null,20.0,"[20.0, 20.0]","[3644.93333333, 3644.93333333]",0.08,90.0,gabors,10.0,4.0,0.25020744,158,,,0,,False,3,train,2
435,0.0,196.69769,196.9479,null,0.8,null,40.0,"[20.0, 20.0]","[3644.93333333, 3644.93333333]",0.08,0.0,gabors,0.0,4.0,0.25020744,55,,,0,,False,3,train,0
436,0.0,196.9479,197.19811,null,0.8,null,30.0,"[20.0, 20.0]","[3644.93333333, 3644.93333333]",0.08,90.0,gabors,20.0,4.0,0.25020744,211,,,0,,False,0,train,2
437,0.0,197.19811,197.44832,null,0.8,null,40.0,"[20.0, 20.0]","[3644.93333333, 3644.93333333]",0.08,0.0,gabors,10.0,4.0,0.25021756,212,,,0,,False,0,train,0
438,0.0,197.44832,197.69854,null,0.8,null,-10.0,"[20.0, 20.0]","[3644.93333333, 3644.93333333]",0.08,45.0,gabors,20.0,4.0,0.25021756,174,,,0,,False,3,train,1
439,0.0,197.69854,197.94876,null,0.8,null,10.0,"[20.0, 20.0]","[3644.93333333, 3644.93333333]",0.08,45.0,gabors,-40.0,4.0,0.25021756,15,,,0,,False,4,train,1
440,0.0,197.94876,198.19898,null,0.8,null,10.0,"[20.0, 20.0]","[3644.93333333, 3644.93333333]",0.08,45.0,gabors,30.0,4.0,0.25021756,167,,,0,,False,1,train,1
441,0.0,198.19898,198.44918,null,0.8,null,-40.0,"[20.0, 20.0]","[3644.93333333, 3644.93333333]",0.08,90.0,gabors,20.0,4.0,0.25020244,213,,,0,,False,0,train,2
442,0.0,198.44918,198.69938,null,0.8,null,-20.0,"[20.0, 20.0]","[3644.93333333, 3644.93333333]",0.08,45.0,gabors,40.0,4.0,0.25020244,57,,,0,,False,1,train,1
443,0.0,198.69938,198.94958,null,0.8,null,0.0,"[20.0, 20.0]","[3644.93333333, 3644.93333333]",0.08,45.0,gabors,-20.0,4.0,0.25020244,182,,,0,,False,1,train,1
444,0.0,198.94958,199.19979,null,0.8,null,-20.0,"[20.0, 20.0]","[3644.93333333, 3644.93333333]",0.08,0.0,gabors,-30.0,4.0,0.25020244,178,,,0,,False,1,train,0
445,0.0,199.19979,199.45,null,0.8,null,10.0,"[20.0, 20.0]","[3644.93333333, 3644.93333333]",0.08,90.0,gabors,30.0,4.0,0.25021506,14,,,0,,False,1,train,2
446,0.0,199.45,199.70022,null,0.8,null,20.0,"[20.0, 20.0]","[3644.93333333, 3644.93333333]",0.08,0.0,gabors,-10.0,4.0,0.25021506,170,,,0,,False,1,train,0
447,0.0,199.70022,199.95043,null,0.8,null,0.0,"[20.0, 20.0]","[3644.93333333, 3644.93333333]",0.08,90.0,gabors,40.0,4.0,0.25021506,106,,,0,,False,4,train,2
448,0.0,199.95043,200.20065,null,0.8,null,0.0,"[20.0, 20.0]","[3644.93333333, 3644.93333333]",0.08,90.0,gabors,-30.0,4.0,0.25021506,137,,,0,,False,3,train,2
449,0.0,200.20065,200.45085,null,0.8,null,30.0,"[20.0, 20.0]","[3644.93333333, 3644.93333333]",0.08,90.0,gabors,40.0,4.0,0.25020494,88,,,0,,False,1,train,2
450,0.0,200.45085,200.70106,null,0.8,null,0.0,"[20.0, 20.0]","[3644.93333333, 3644.93333333]",0.08,90.0,gabors,-10.0,4.0,0.25020494,69,,,0,,False,3,train,2
451,0.0,200.70106,200.95126,null,0.8,null,20.0,"[20.0, 20.0]","[3644.93333333, 3644.93333333]",0.08,90.0,gabors,40.0,4.0,0.25020494,52,,,0,,False,2,test,2
452,0.0,200.95126,201.20147,null,0.8,null,30.0,"[20.0, 20.0]","[3644.93333333, 3644.93333333]",0.08,0.0,gabors,-10.0,4.0,0.25020494,92,,,0,,False,2,test,0
453,0.0,201.20147,201.45167,null,0.8,null,20.0,"[20.0, 20.0]","[3644.93333333, 3644.93333333]",0.08,0.0,gabors,-10.0,4.0,0.25020756,170,,,0,,False,2,test,0
454,0.0,201.45167,201.70188,null,0.8,null,-20.0,"[20.0, 20.0]","[3644.93333333, 3644.93333333]",0.08,45.0,gabors,10.0,4.0,0.25020756,113,,,0,,False,4,train,1
455,0.0,201.70188,201.95209,null,0.8,null,-10.0,"[20.0, 20.0]","[3644.93333333, 3644.93333333]",0.08,90.0,gabors,30.0,4.0,0.25020756,140,,,0,,False,1,train,2
456,0.0,201.95209,202.2023,null,0.8,null,10.0,"[20.0, 20.0]","[3644.93333333, 3644.93333333]",0.08,0.0,gabors,-40.0,4.0,0.25020756,111,,,0,,False,1,train,0
457,0.0,202.2023,202.4525,null,0.8,null,0.0,"[20.0, 20.0]","[3644.93333333, 3644.93333333]",0.08,0.0,gabors,20.0,4.0,0.25020494,195,,,0,,False,1,train,0
458,0.0,202.4525,202.70271,null,0.8,null,-30.0,"[20.0, 20.0]","[3644.93333333, 3644.93333333]",0.08,45.0,gabors,40.0,4.0,0.25020494,85,,,0,,False,3,train,1
459,0.0,202.70271,202.95291,null,0.8,null,10.0,"[20.0, 20.0]","[3644.93333333, 3644.93333333]",0.08,45.0,gabors,0.0,4.0,0.25020494,152,,,0,,False,1,train,1
460,0.0,202.95291,203.20312,null,0.8,null,40.0,"[20.0, 20.0]","[3644.93333333, 3644.93333333]",0.08,90.0,gabors,40.0,4.0,0.25020494,200,,,0,,False,1,train,2
461,0.0,203.20312,203.45334,null,0.8,null,-40.0,"[20.0, 20.0]","[3644.93333333, 3644.93333333]",0.08,0.0,gabors,40.0,4.0,0.25022006,154,,,0,,False,2,test,0
462,0.0,203.45334,203.70356,null,0.8,null,-40.0,"[20.0, 20.0]","[3644.93333333, 3644.93333333]",0.08,0.0,gabors,-40.0,4.0,0.25022006,139,,,0,,False,3,train,0
463,0.0,203.70356,203.95378,null,0.8,null,0.0,"[20.0, 20.0]","[3644.93333333, 3644.93333333]",0.08,45.0,gabors,30.0,4.0,0.25022006,62,,,0,,False,1,train,1
464,0.0,203.95378,204.204,null,0.8,null,40.0,"[20.0, 20.0]","[3644.93333333, 3644.93333333]",0.08,45.0,gabors,40.0,4.0,0.25022006,214,,,0,,False,0,train,1
465,0.0,204.204,204.4542,null,0.8,null,0.0,"[20.0, 20.0]","[3644.93333333, 3644.93333333]",0.08,0.0,gabors,-30.0,4.0,0.25019994,188,,,0,,False,1,train,0
466,0.0,204.4542,204.7044,null,0.8,null,0.0,"[20.0, 20.0]","[3644.93333333, 3644.93333333]",0.08,45.0,gabors,40.0,4.0,0.25019994,131,,,0,,False,2,test,1
467,0.0,204.7044,204.9546,null,0.8,null,-10.0,"[20.0, 20.0]","[3644.93333333, 3644.93333333]",0.08,90.0,gabors,-40.0,4.0,0.25019994,185,,,0,,False,2,test,2
468,0.0,204.9546,205.2048,null,0.8,null,-40.0,"[20.0, 20.0]","[3644.93333333, 3644.93333333]",0.08,90.0,gabors,-30.0,4.0,0.25019994,47,,,0,,False,2,test,2
469,0.0,205.2048,205.45501,null,0.8,null,10.0,"[20.0, 20.0]","[3644.93333333, 3644.93333333]",0.08,90.0,gabors,-30.0,4.0,0.25021506,93,,,0,,False,2,test,2
470,0.0,205.45501,205.70523,null,0.8,null,-40.0,"[20.0, 20.0]","[3644.93333333, 3644.93333333]",0.08,90.0,gabors,-40.0,4.0,0.25021506,161,,,0,,False,1,train,2
471,0.0,205.70523,205.95544,null,0.8,null,-20.0,"[20.0, 20.0]","[3644.93333333, 3644.93333333]",0.08,45.0,gabors,30.0,4.0,0.25021506,191,,,0,,False,2,test,1
472,0.0,205.95544,206.20566,null,0.8,null,-20.0,"[20.0, 20.0]","[3644.93333333, 3644.93333333]",0.08,45.0,gabors,40.0,4.0,0.25021506,57,,,0,,False,2,test,1
473,0.0,206.20566,206.45586,null,0.8,null,-10.0,"[20.0, 20.0]","[3644.93333333, 3644.93333333]",0.08,90.0,gabors,0.0,4.0,0.25020244,121,,,0,,False,4,train,2
474,0.0,206.45586,206.70606,null,0.8,null,-30.0,"[20.0, 20.0]","[3644.93333333, 3644.93333333]",0.08,90.0,gabors,20.0,4.0,0.25020244,38,,,0,,False,2,test,2
475,0.0,206.70606,206.95626,null,0.8,null,30.0,"[20.0, 20.0]","[3644.93333333, 3644.93333333]",0.08,90.0,gabors,-30.0,4.0,0.25020244,84,,,0,,False,2,test,2
476,0.0,206.95626,207.20647,null,0.8,null,0.0,"[20.0, 20.0]","[3644.93333333, 3644.93333333]",0.08,90.0,gabors,0.0,4.0,0.25020244,104,,,0,,False,1,train,2
477,0.0,207.20647,207.45668,null,0.8,null,-10.0,"[20.0, 20.0]","[3644.93333333, 3644.93333333]",0.08,90.0,gabors,20.0,4.0,0.25021256,175,,,0,,False,3,train,2
478,0.0,207.45668,207.70689,null,0.8,null,-20.0,"[20.0, 20.0]","[3644.93333333, 3644.93333333]",0.08,0.0,gabors,-20.0,4.0,0.25021256,194,,,0,,False,2,test,0
479,0.0,207.70689,207.9571,null,0.8,null,10.0,"[20.0, 20.0]","[3644.93333333, 3644.93333333]",0.08,90.0,gabors,-30.0,4.0,0.25021256,93,,,0,,False,3,train,2
480,0.0,207.9571,208.20732,null,0.8,null,20.0,"[20.0, 20.0]","[3644.93333333, 3644.93333333]",0.08,90.0,gabors,-20.0,4.0,0.25021256,177,,,0,,False,2,test,2
481,0.0,208.20732,208.45752,null,0.8,null,40.0,"[20.0, 20.0]","[3644.93333333, 3644.93333333]",0.08,90.0,gabors,-40.0,4.0,0.25020744,180,,,0,,False,1,train,2
482,0.0,208.45752,208.70773,null,0.8,null,20.0,"[20.0, 20.0]","[3644.93333333, 3644.93333333]",0.08,0.0,gabors,20.0,4.0,0.25020744,41,,,0,,False,3,train,0
483,0.0,208.70773,208.95794,null,0.8,null,40.0,"[20.0, 20.0]","[3644.93333333, 3644.93333333]",0.08,90.0,gabors,30.0,4.0,0.25020744,138,,,0,,False,2,test,2
484,0.0,208.95794,209.20815,null,0.8,null,-30.0,"[20.0, 20.0]","[3644.93333333, 3644.93333333]",0.08,90.0,gabors,-40.0,4.0,0.25020744,39,,,0,,False,2,test,2
485,0.0,209.20815,209.45835,null,0.8,null,0.0,"[20.0, 20.0]","[3644.93333333, 3644.93333333]",0.08,0.0,gabors,20.0,4.0,0.25020756,195,,,0,,False,2,test,0
486,0.0,209.45835,209.70856,null,0.8,null,-30.0,"[20.0, 20.0]","[3644.93333333, 3644.93333333]",0.08,45.0,gabors,10.0,4.0,0.25020756,16,,,0,,False,1,train,1
487,0.0,209.70856,209.95877,null,0.8,null,40.0,"[20.0, 20.0]","[3644.93333333, 3644.93333333]",0.08,45.0,gabors,-40.0,4.0,0.25020756,101,,,0,,False,3,train,1
488,0.0,209.95877,210.20898,null,0.8,null,10.0,"[20.0, 20.0]","[3644.93333333, 3644.93333333]",0.08,90.0,gabors,0.0,4.0,0.25020756,44,,,0,,False,2,test,2
489,0.0,210.20898,210.45918,null,0.8,null,0.0,"[20.0, 20.0]","[3644.93333333, 3644.93333333]",0.08,45.0,gabors,-10.0,4.0,0.25020744,23,,,0,,False,2,test,1
490,0.0,210.45918,210.70939,null,0.8,null,0.0,"[20.0, 20.0]","[3644.93333333, 3644.93333333]",0.08,0.0,gabors,0.0,4.0,0.25020744,187,,,0,,False,1,train,0
491,0.0,210.70939,210.9596,null,0.8,null,-10.0,"[20.0, 20.0]","[3644.93333333, 3644.93333333]",0.08,45.0,gabors,40.0,4.0,0.25020744,215,,,0,,False,0,train,1
492,0.0,210.9596,211.20981,null,0.8,null,30.0,"[20.0, 20.0]","[3644.93333333, 3644.93333333]",0.08,0.0,gabors,0.0,4.0,0.25020744,2,,,0,,False,3,train,0
493,0.0,211.20981,211.46002,null,0.8,null,-10.0,"[20.0, 20.0]","[3644.93333333, 3644.93333333]",0.08,45.0,gabors,10.0,4.0,0.25021006,123,,,0,,False,2,test,1
494,0.0,211.46002,211.71023,null,0.8,null,-10.0,"[20.0, 20.0]","[3644.93333333, 3644.93333333]",0.08,45.0,gabors,-10.0,4.0,0.25021006,216,,,0,,False,0,train,1
495,0.0,211.71023,211.96044,null,0.8,null,-10.0,"[20.0, 20.0]","[3644.93333333, 3644.93333333]",0.08,90.0,gabors,10.0,4.0,0.25021006,114,,,0,,False,3,train,2
496,0.0,211.96044,212.21065,null,0.8,null,40.0,"[20.0, 20.0]","[3644.93333333, 3644.93333333]",0.08,90.0,gabors,20.0,4.0,0.25021006,163,,,0,,False,1,train,2
497,0.0,212.21065,212.46085,null,0.8,null,20.0,"[20.0, 20.0]","[3644.93333333, 3644.93333333]",0.08,45.0,gabors,10.0,4.0,0.25020744,217,,,0,,False,0,train,1
498,0.0,212.46085,212.71106,null,0.8,null,-40.0,"[20.0, 20.0]","[3644.93333333, 3644.93333333]",0.08,45.0,gabors,0.0,4.0,0.25020744,208,,,0,,False,1,train,1
499,0.0,212.71106,212.96127,null,0.8,null,40.0,"[20.0, 20.0]","[3644.93333333, 3644.93333333]",0.08,90.0,gabors,-40.0,4.0,0.25020744,180,,,0,,False,2,test,2
500,0.0,212.96127,213.21148,null,0.8,null,-10.0,"[20.0, 20.0]","[3644.93333333, 3644.93333333]",0.08,0.0,gabors,-30.0,4.0,0.25020744,54,,,0,,False,3,train,0
501,0.0,213.21148,213.46169,null,0.8,null,-20.0,"[20.0, 20.0]","[3644.93333333, 3644.93333333]",0.08,45.0,gabors,-40.0,4.0,0.25021756,77,,,0,,False,3,train,1
502,0.0,213.46169,213.71191,null,0.8,null,-20.0,"[20.0, 20.0]","[3644.93333333, 3644.93333333]",0.08,45.0,gabors,10.0,4.0,0.25021756,113,,,0,,False,5,test,1
503,0.0,213.71191,213.96213,null,0.8,null,-10.0,"[20.0, 20.0]","[3644.93333333, 3644.93333333]",0.08,45.0,gabors,-30.0,4.0,0.25021756,189,,,0,,False,1,train,1
504,0.0,213.96213,214.21235,null,0.8,null,-10.0,"[20.0, 20.0]","[3644.93333333, 3644.93333333]",0.08,45.0,gabors,-40.0,4.0,0.25021756,21,,,0,,False,2,test,1
505,0.0,214.21235,214.46255,null,0.8,null,40.0,"[20.0, 20.0]","[3644.93333333, 3644.93333333]",0.08,45.0,gabors,40.0,4.0,0.25020244,214,,,0,,False,1,train,1
506,0.0,214.46255,214.71275,null,0.8,null,-20.0,"[20.0, 20.0]","[3644.93333333, 3644.93333333]",0.08,0.0,gabors,20.0,4.0,0.25020244,28,,,0,,False,1,train,0
507,0.0,214.71275,214.96295,null,0.8,null,0.0,"[20.0, 20.0]","[3644.93333333, 3644.93333333]",0.08,90.0,gabors,40.0,4.0,0.25020244,106,,,0,,False,5,test,2
508,0.0,214.96295,215.21316,null,0.8,null,0.0,"[20.0, 20.0]","[3644.93333333, 3644.93333333]",0.08,90.0,gabors,10.0,4.0,0.25020244,110,,,0,,False,2,test,2
509,0.0,215.21316,215.46337,null,0.8,null,-30.0,"[20.0, 20.0]","[3644.93333333, 3644.93333333]",0.08,45.0,gabors,-10.0,4.0,0.25021506,56,,,0,,False,2,test,1
510,0.0,215.46337,215.71359,null,0.8,null,30.0,"[20.0, 20.0]","[3644.93333333, 3644.93333333]",0.08,0.0,gabors,40.0,4.0,0.25021506,133,,,0,,False,2,test,0
511,0.0,215.71359,215.9638,null,0.8,null,30.0,"[20.0, 20.0]","[3644.93333333, 3644.93333333]",0.08,45.0,gabors,-30.0,4.0,0.25021506,65,,,0,,False,1,train,1
512,0.0,215.9638,216.21402,null,0.8,null,20.0,"[20.0, 20.0]","[3644.93333333, 3644.93333333]",0.08,90.0,gabors,20.0,4.0,0.25021506,42,,,0,,False,2,test,2
513,0.0,216.21402,216.46422,null,0.8,null,30.0,"[20.0, 20.0]","[3644.93333333, 3644.93333333]",0.08,0.0,gabors,0.0,4.0,0.25020244,2,,,0,,False,4,train,0
514,0.0,216.46422,216.71442,null,0.8,null,-30.0,"[20.0, 20.0]","[3644.93333333, 3644.93333333]",0.08,0.0,gabors,20.0,4.0,0.25020244,165,,,0,,False,1,train,0
515,0.0,216.71442,216.96462,null,0.8,null,30.0,"[20.0, 20.0]","[3644.93333333, 3644.93333333]",0.08,0.0,gabors,0.0,4.0,0.25020244,2,,,0,,False,5,test,0
516,0.0,216.96462,217.21483,null,0.8,null,10.0,"[20.0, 20.0]","[3644.93333333, 3644.93333333]",0.08,45.0,gabors,20.0,4.0,0.25020244,115,,,0,,False,2,test,1
517,0.0,217.21483,217.46503,null,0.8,null,40.0,"[20.0, 20.0]","[3644.93333333, 3644.93333333]",0.08,0.0,gabors,30.0,4.0,0.25020756,218,,,0,,False,0,train,0
518,0.0,217.46503,217.71524,null,0.8,null,0.0,"[20.0, 20.0]","[3644.93333333, 3644.93333333]",0.08,90.0,gabors,10.0,4.0,0.25020756,110,,,0,,False,3,train,2
519,0.0,217.71524,217.96545,null,0.8,null,20.0,"[20.0, 20.0]","[3644.93333333, 3644.93333333]",0.08,0.0,gabors,10.0,4.0,0.25020756,210,,,0,,False,1,train,0
520,0.0,217.96545,218.21566,null,0.8,null,30.0,"[20.0, 20.0]","[3644.93333333, 3644.93333333]",0.08,45.0,gabors,20.0,4.0,0.25020756,219,,,0,,False,0,train,1
521,0.0,218.21566,218.46587,null,0.8,null,10.0,"[20.0, 20.0]","[3644.93333333, 3644.93333333]",0.08,90.0,gabors,40.0,4.0,0.25020994,12,,,0,,False,2,test,2
522,0.0,218.46587,218.71608,null,0.8,null,30.0,"[20.0, 20.0]","[3644.93333333, 3644.93333333]",0.08,45.0,gabors,-20.0,4.0,0.25020994,162,,,0,,False,2,test,1
523,0.0,218.71608,218.96629,null,0.8,null,40.0,"[20.0, 20.0]","[3644.93333333, 3644.93333333]",0.08,0.0,gabors,30.0,4.0,0.25020994,218,,,0,,False,1,train,0
524,0.0,218.96629,219.2165,null,0.8,null,10.0,"[20.0, 20.0]","[3644.93333333, 3644.93333333]",0.08,90.0,gabors,10.0,4.0,0.25020994,13,,,0,,False,4,train,2
525,0.0,219.2165,219.46671,null,0.8,null,-10.0,"[20.0, 20.0]","[3644.93333333, 3644.93333333]",0.08,45.0,gabors,30.0,4.0,0.25021756,89,,,0,,False,4,train,1
526,0.0,219.46671,219.71693,null,0.8,null,30.0,"[20.0, 20.0]","[3644.93333333, 3644.93333333]",0.08,0.0,gabors,0.0,4.0,0.25021756,2,,,0,,False,6,train,0
527,0.0,219.71693,219.96715,null,0.8,null,-30.0,"[20.0, 20.0]","[3644.93333333, 3644.93333333]",0.08,0.0,gabors,-20.0,4.0,0.25021756,81,,,0,,False,1,train,0
528,0.0,219.96715,220.21737,null,0.8,null,-20.0,"[20.0, 20.0]","[3644.93333333, 3644.93333333]",0.08,90.0,gabors,-10.0,4.0,0.25021756,220,,,0,,False,0,train,2
529,0.0,220.21737,220.46757,null,0.8,null,0.0,"[20.0, 20.0]","[3644.93333333, 3644.93333333]",0.08,0.0,gabors,-10.0,4.0,0.25020244,221,,,0,,False,0,train,0
530,0.0,220.46757,220.71777,null,0.8,null,-40.0,"[20.0, 20.0]","[3644.93333333, 3644.93333333]",0.08,0.0,gabors,-30.0,4.0,0.25020244,61,,,0,,False,2,test,0
531,0.0,220.71777,220.96797,null,0.8,null,30.0,"[20.0, 20.0]","[3644.93333333, 3644.93333333]",0.08,0.0,gabors,10.0,4.0,0.25020244,49,,,0,,False,3,train,0
532,0.0,220.96797,221.21818,null,0.8,null,-20.0,"[20.0, 20.0]","[3644.93333333, 3644.93333333]",0.08,45.0,gabors,10.0,4.0,0.25020244,113,,,0,,False,6,train,1
533,0.0,221.21818,221.46839,null,0.8,null,10.0,"[20.0, 20.0]","[3644.93333333, 3644.93333333]",0.08,45.0,gabors,40.0,4.0,0.25021506,222,,,0,,False,0,train,1
534,0.0,221.46839,221.71861,null,0.8,null,-30.0,"[20.0, 20.0]","[3644.93333333, 3644.93333333]",0.08,90.0,gabors,-30.0,4.0,0.25021506,112,,,0,,False,2,test,2
535,0.0,221.71861,221.96882,null,0.8,null,-30.0,"[20.0, 20.0]","[3644.93333333, 3644.93333333]",0.08,0.0,gabors,-30.0,4.0,0.25021506,164,,,0,,False,4,train,0
536,0.0,221.96882,222.21904,null,0.8,null,30.0,"[20.0, 20.0]","[3644.93333333, 3644.93333333]",0.08,0.0,gabors,30.0,4.0,0.25021506,43,,,0,,False,1,train,0
537,0.0,222.21904,222.46924,null,0.8,null,-20.0,"[20.0, 20.0]","[3644.93333333, 3644.93333333]",0.08,45.0,gabors,-30.0,4.0,0.25020244,48,,,0,,False,2,test,1
538,0.0,222.46924,222.71944,null,0.8,null,-10.0,"[20.0, 20.0]","[3644.93333333, 3644.93333333]",0.08,45.0,gabors,10.0,4.0,0.25020244,123,,,0,,False,3,train,1
539,0.0,222.71944,222.96964,null,0.8,null,-40.0,"[20.0, 20.0]","[3644.93333333, 3644.93333333]",0.08,45.0,gabors,40.0,4.0,0.25020244,99,,,0,,False,3,train,1
540,0.0,222.96964,223.21985,null,0.8,null,-40.0,"[20.0, 20.0]","[3644.93333333, 3644.93333333]",0.08,90.0,gabors,-40.0,4.0,0.25020244,161,,,0,,False,2,test,2
541,0.0,223.21985,223.47006,null,0.8,null,-10.0,"[20.0, 20.0]","[3644.93333333, 3644.93333333]",0.08,0.0,gabors,0.0,4.0,0.25021006,132,,,0,,False,3,train,0
542,0.0,223.47006,223.72027,null,0.8,null,-20.0,"[20.0, 20.0]","[3644.93333333, 3644.93333333]",0.08,0.0,gabors,-10.0,4.0,0.25021006,223,,,0,,False,0,train,0
543,0.0,223.72027,223.97048,null,0.8,null,0.0,"[20.0, 20.0]","[3644.93333333, 3644.93333333]",0.08,90.0,gabors,-40.0,4.0,0.25021006,192,,,0,,False,1,train,2
544,0.0,223.97048,224.22069,null,0.8,null,-30.0,"[20.0, 20.0]","[3644.93333333, 3644.93333333]",0.08,90.0,gabors,-20.0,4.0,0.25021006,160,,,0,,False,3,train,2
545,0.0,224.22069,224.47089,null,0.8,null,0.0,"[20.0, 20.0]","[3644.93333333, 3644.93333333]",0.08,90.0,gabors,-40.0,4.0,0.25020494,192,,,0,,False,2,test,2
546,0.0,224.47089,224.7211,null,0.8,null,-30.0,"[20.0, 20.0]","[3644.93333333, 3644.93333333]",0.08,45.0,gabors,0.0,4.0,0.25020494,22,,,0,,False,3,train,1
547,0.0,224.7211,224.9713,null,0.8,null,10.0,"[20.0, 20.0]","[3644.93333333, 3644.93333333]",0.08,45.0,gabors,0.0,4.0,0.25020494,152,,,0,,False,2,test,1
548,0.0,224.9713,225.22151,null,0.8,null,-20.0,"[20.0, 20.0]","[3644.93333333, 3644.93333333]",0.08,45.0,gabors,10.0,4.0,0.25020494,113,,,0,,False,7,train,1
549,0.0,225.22151,225.47173,null,0.8,null,0.0,"[20.0, 20.0]","[3644.93333333, 3644.93333333]",0.08,90.0,gabors,-10.0,4.0,0.25022256,69,,,0,,False,4,train,2
550,0.0,225.47173,225.72195,null,0.8,null,-30.0,"[20.0, 20.0]","[3644.93333333, 3644.93333333]",0.08,45.0,gabors,40.0,4.0,0.25022256,85,,,0,,False,4,train,1
551,0.0,225.72195,225.97217,null,0.8,null,-40.0,"[20.0, 20.0]","[3644.93333333, 3644.93333333]",0.08,45.0,gabors,-30.0,4.0,0.25022256,76,,,0,,False,3,train,1
552,0.0,225.97217,226.2224,null,0.8,null,-40.0,"[20.0, 20.0]","[3644.93333333, 3644.93333333]",0.08,45.0,gabors,30.0,4.0,0.25022256,144,,,0,,False,1,train,1
553,0.0,226.2224,226.47259,null,0.8,null,30.0,"[20.0, 20.0]","[3644.93333333, 3644.93333333]",0.08,90.0,gabors,-20.0,4.0,0.25019744,66,,,0,,False,1,train,2
554,0.0,226.47259,226.72279,null,0.8,null,-30.0,"[20.0, 20.0]","[3644.93333333, 3644.93333333]",0.08,0.0,gabors,0.0,4.0,0.25019744,3,,,0,,False,3,train,0
555,0.0,226.72279,226.97299,null,0.8,null,10.0,"[20.0, 20.0]","[3644.93333333, 3644.93333333]",0.08,0.0,gabors,10.0,4.0,0.25019744,224,,,0,,False,0,train,0
556,0.0,226.97299,227.22319,null,0.8,null,-20.0,"[20.0, 20.0]","[3644.93333333, 3644.93333333]",0.08,0.0,gabors,30.0,4.0,0.25019744,196,,,0,,False,1,train,0
557,0.0,227.22319,227.4734,null,0.8,null,0.0,"[20.0, 20.0]","[3644.93333333, 3644.93333333]",0.08,90.0,gabors,0.0,4.0,0.25021756,104,,,0,,False,2,test,2
558,0.0,227.4734,227.72362,null,0.8,null,0.0,"[20.0, 20.0]","[3644.93333333, 3644.93333333]",0.08,90.0,gabors,20.0,4.0,0.25021756,225,,,0,,False,0,train,2
559,0.0,227.72362,227.97384,null,0.8,null,10.0,"[20.0, 20.0]","[3644.93333333, 3644.93333333]",0.08,90.0,gabors,-20.0,4.0,0.25021756,25,,,0,,False,2,test,2
560,0.0,227.97384,228.22406,null,0.8,null,10.0,"[20.0, 20.0]","[3644.93333333, 3644.93333333]",0.08,90.0,gabors,-40.0,4.0,0.25021756,183,,,0,,False,2,test,2
561,0.0,228.22406,228.47426,null,0.8,null,40.0,"[20.0, 20.0]","[3644.93333333, 3644.93333333]",0.08,0.0,gabors,-40.0,4.0,0.25020244,226,,,0,,False,0,train,0
562,0.0,228.47426,228.72446,null,0.8,null,-20.0,"[20.0, 20.0]","[3644.93333333, 3644.93333333]",0.08,45.0,gabors,-20.0,4.0,0.25020244,184,,,0,,False,1,train,1
563,0.0,228.72446,228.97466,null,0.8,null,20.0,"[20.0, 20.0]","[3644.93333333, 3644.93333333]",0.08,0.0,gabors,-40.0,4.0,0.25020244,75,,,0,,False,1,train,0
564,0.0,228.97466,229.22487,null,0.8,null,-10.0,"[20.0, 20.0]","[3644.93333333, 3644.93333333]",0.08,0.0,gabors,30.0,4.0,0.25020244,227,,,0,,False,0,train,0
565,0.0,229.22487,229.47507,null,0.8,null,40.0,"[20.0, 20.0]","[3644.93333333, 3644.93333333]",0.08,45.0,gabors,-10.0,4.0,0.25020756,149,,,0,,False,2,test,1
566,0.0,229.47507,229.72528,null,0.8,null,-30.0,"[20.0, 20.0]","[3644.93333333, 3644.93333333]",0.08,45.0,gabors,30.0,4.0,0.25020756,159,,,0,,False,1,train,1
567,0.0,229.72528,229.97549,null,0.8,null,-30.0,"[20.0, 20.0]","[3644.93333333, 3644.93333333]",0.08,0.0,gabors,20.0,4.0,0.25020756,165,,,0,,False,2,test,0
568,0.0,229.97549,230.2257,null,0.8,null,0.0,"[20.0, 20.0]","[3644.93333333, 3644.93333333]",0.08,90.0,gabors,20.0,4.0,0.25020756,225,,,0,,False,1,train,2
569,0.0,230.2257,230.4759,null,0.8,null,-30.0,"[20.0, 20.0]","[3644.93333333, 3644.93333333]",0.08,45.0,gabors,20.0,4.0,0.25020744,24,,,0,,False,1,train,1
570,0.0,230.4759,230.72611,null,0.8,null,40.0,"[20.0, 20.0]","[3644.93333333, 3644.93333333]",0.08,45.0,gabors,-20.0,4.0,0.25020744,125,,,0,,False,3,train,1
571,0.0,230.72611,230.97632,null,0.8,null,-10.0,"[20.0, 20.0]","[3644.93333333, 3644.93333333]",0.08,90.0,gabors,-20.0,4.0,0.25020744,116,,,0,,False,2,test,2
572,0.0,230.97632,231.22653,null,0.8,null,10.0,"[20.0, 20.0]","[3644.93333333, 3644.93333333]",0.08,0.0,gabors,40.0,4.0,0.25020744,79,,,0,,False,4,train,0
573,0.0,231.22653,231.47673,null,0.8,null,30.0,"[20.0, 20.0]","[3644.93333333, 3644.93333333]",0.08,90.0,gabors,10.0,4.0,0.25020756,87,,,0,,False,3,train,2
574,0.0,231.47673,231.72694,null,0.8,null,-40.0,"[20.0, 20.0]","[3644.93333333, 3644.93333333]",0.08,0.0,gabors,0.0,4.0,0.25020756,228,,,0,,False,0,train,0
575,0.0,231.72694,231.97715,null,0.8,null,-30.0,"[20.0, 20.0]","[3644.93333333, 3644.93333333]",0.08,45.0,gabors,-20.0,4.0,0.25020756,181,,,0,,False,1,train,1
576,0.0,231.97715,232.22736,null,0.8,null,-20.0,"[20.0, 20.0]","[3644.93333333, 3644.93333333]",0.08,90.0,gabors,20.0,4.0,0.25020756,83,,,0,,False,2,test,2
577,0.0,232.22736,232.47757,null,0.8,null,10.0,"[20.0, 20.0]","[3644.93333333, 3644.93333333]",0.08,0.0,gabors,20.0,4.0,0.25021244,179,,,0,,False,3,train,0
578,0.0,232.47757,232.72778,null,0.8,null,30.0,"[20.0, 20.0]","[3644.93333333, 3644.93333333]",0.08,45.0,gabors,-10.0,4.0,0.25021244,120,,,0,,False,5,test,1
579,0.0,232.72778,232.97799,null,0.8,null,20.0,"[20.0, 20.0]","[3644.93333333, 3644.93333333]",0.08,45.0,gabors,-20.0,4.0,0.25021244,29,,,0,,False,4,train,1
580,0.0,232.97799,233.22821,null,0.8,null,40.0,"[20.0, 20.0]","[3644.93333333, 3644.93333333]",0.08,90.0,gabors,-10.0,4.0,0.25021244,229,,,0,,False,0,train,2
581,0.0,233.22821,233.47841,null,0.8,null,-40.0,"[20.0, 20.0]","[3644.93333333, 3644.93333333]",0.08,90.0,gabors,-20.0,4.0,0.25020756,72,,,0,,False,3,train,2
582,0.0,233.47841,233.72862,null,0.8,null,-30.0,"[20.0, 20.0]","[3644.93333333, 3644.93333333]",0.08,0.0,gabors,30.0,4.0,0.25020756,204,,,0,,False,1,train,0
583,0.0,233.72862,233.97883,null,0.8,null,-30.0,"[20.0, 20.0]","[3644.93333333, 3644.93333333]",0.08,0.0,gabors,-20.0,4.0,0.25020756,81,,,0,,False,2,test,0
584,0.0,233.97883,234.22904,null,0.8,null,-40.0,"[20.0, 20.0]","[3644.93333333, 3644.93333333]",0.08,90.0,gabors,40.0,4.0,0.25020756,34,,,0,,False,1,train,2
585,0.0,234.22904,234.47925,null,0.8,null,30.0,"[20.0, 20.0]","[3644.93333333, 3644.93333333]",0.08,45.0,gabors,20.0,4.0,0.25020994,219,,,0,,False,1,train,1
586,0.0,234.47925,234.72946,null,0.8,null,10.0,"[20.0, 20.0]","[3644.93333333, 3644.93333333]",0.08,90.0,gabors,20.0,4.0,0.25020994,27,,,0,,False,4,train,2
587,0.0,234.72946,234.97967,null,0.8,null,0.0,"[20.0, 20.0]","[3644.93333333, 3644.93333333]",0.08,90.0,gabors,-30.0,4.0,0.25020994,137,,,0,,False,4,train,2
588,0.0,234.97967,235.22988,null,0.8,null,30.0,"[20.0, 20.0]","[3644.93333333, 3644.93333333]",0.08,0.0,gabors,30.0,4.0,0.25020994,43,,,0,,False,2,test,0
589,0.0,235.22988,235.48009,null,0.8,null,-20.0,"[20.0, 20.0]","[3644.93333333, 3644.93333333]",0.08,90.0,gabors,40.0,4.0,0.25021256,190,,,0,,False,1,train,2
590,0.0,235.48009,235.7303,null,0.8,null,40.0,"[20.0, 20.0]","[3644.93333333, 3644.93333333]",0.08,45.0,gabors,-10.0,4.0,0.25021256,149,,,0,,False,3,train,1
591,0.0,235.7303,235.98051,null,0.8,null,-30.0,"[20.0, 20.0]","[3644.93333333, 3644.93333333]",0.08,45.0,gabors,-20.0,4.0,0.25021256,181,,,0,,False,2,test,1
592,0.0,235.98051,236.23073,null,0.8,null,-40.0,"[20.0, 20.0]","[3644.93333333, 3644.93333333]",0.08,0.0,gabors,-40.0,4.0,0.25021256,139,,,0,,False,4,train,0
593,0.0,236.23073,236.48093,null,0.8,null,10.0,"[20.0, 20.0]","[3644.93333333, 3644.93333333]",0.08,45.0,gabors,-10.0,4.0,0.25020494,143,,,0,,False,1,train,1
594,0.0,236.48093,236.73114,null,0.8,null,30.0,"[20.0, 20.0]","[3644.93333333, 3644.93333333]",0.08,45.0,gabors,0.0,4.0,0.25020494,1,,,0,,False,2,test,1
595,0.0,236.73114,236.98134,null,0.8,null,40.0,"[20.0, 20.0]","[3644.93333333, 3644.93333333]",0.08,0.0,gabors,40.0,4.0,0.25020494,230,,,0,,False,0,train,0
596,0.0,236.98134,237.23155,null,0.8,null,10.0,"[20.0, 20.0]","[3644.93333333, 3644.93333333]",0.08,90.0,gabors,30.0,4.0,0.25020494,14,,,0,,False,2,test,2
597,0.0,237.23155,237.48176,null,0.8,null,30.0,"[20.0, 20.0]","[3644.93333333, 3644.93333333]",0.08,0.0,gabors,10.0,4.0,0.25021006,49,,,0,,False,4,train,0
598,0.0,237.48176,237.73197,null,0.8,null,20.0,"[20.0, 20.0]","[3644.93333333, 3644.93333333]",0.08,90.0,gabors,-40.0,4.0,0.25021006,67,,,0,,False,1,train,2
599,0.0,237.73197,237.98218,null,0.8,null,0.0,"[20.0, 20.0]","[3644.93333333, 3644.93333333]",0.08,0.0,gabors,20.0,4.0,0.25021006,195,,,0,,False,3,train,0
600,0.0,237.98218,238.23239,null,0.8,null,-40.0,"[20.0, 20.0]","[3644.93333333, 3644.93333333]",0.08,0.0,gabors,30.0,4.0,0.25021006,231,,,0,,False,0,train,0
601,0.0,238.23239,238.48259,null,0.8,null,-20.0,"[20.0, 20.0]","[3644.93333333, 3644.93333333]",0.08,90.0,gabors,10.0,4.0,0.25020744,119,,,0,,False,2,test,2
602,0.0,238.48259,238.7328,null,0.8,null,30.0,"[20.0, 20.0]","[3644.93333333, 3644.93333333]",0.08,0.0,gabors,20.0,4.0,0.25020744,172,,,0,,False,3,train,0
603,0.0,238.7328,238.98301,null,0.8,null,30.0,"[20.0, 20.0]","[3644.93333333, 3644.93333333]",0.08,45.0,gabors,-30.0,4.0,0.25020744,65,,,0,,False,2,test,1
604,0.0,238.98301,239.23322,null,0.8,null,10.0,"[20.0, 20.0]","[3644.93333333, 3644.93333333]",0.08,45.0,gabors,0.0,4.0,0.25020744,152,,,0,,False,3,train,1
605,0.0,239.23322,239.48343,null,0.8,null,-10.0,"[20.0, 20.0]","[3644.93333333, 3644.93333333]",0.08,0.0,gabors,0.0,4.0,0.25021256,132,,,0,,False,4,train,0
606,0.0,239.48343,239.73364,null,0.8,null,40.0,"[20.0, 20.0]","[3644.93333333, 3644.93333333]",0.08,0.0,gabors,10.0,4.0,0.25021256,212,,,0,,False,1,train,0
607,0.0,239.73364,239.98385,null,0.8,null,30.0,"[20.0, 20.0]","[3644.93333333, 3644.93333333]",0.08,90.0,gabors,-20.0,4.0,0.25021256,66,,,0,,False,2,test,2
608,0.0,239.98385,240.23407,null,0.8,null,-30.0,"[20.0, 20.0]","[3644.93333333, 3644.93333333]",0.08,0.0,gabors,30.0,4.0,0.25021256,204,,,0,,False,2,test,0
609,0.0,240.23407,240.48427,null,0.8,null,20.0,"[20.0, 20.0]","[3644.93333333, 3644.93333333]",0.08,45.0,gabors,20.0,4.0,0.25020494,168,,,0,,False,1,train,1
610,0.0,240.48427,240.73448,null,0.8,null,20.0,"[20.0, 20.0]","[3644.93333333, 3644.93333333]",0.08,0.0,gabors,-40.0,4.0,0.25020494,75,,,0,,False,2,test,0
611,0.0,240.73448,240.98468,null,0.8,null,-20.0,"[20.0, 20.0]","[3644.93333333, 3644.93333333]",0.08,90.0,gabors,-30.0,4.0,0.25020494,145,,,0,,False,1,train,2
612,0.0,240.98468,241.23489,null,0.8,null,20.0,"[20.0, 20.0]","[3644.93333333, 3644.93333333]",0.08,90.0,gabors,-10.0,4.0,0.25020494,156,,,0,,False,2,test,2
613,0.0,241.23489,241.4851,null,0.8,null,40.0,"[20.0, 20.0]","[3644.93333333, 3644.93333333]",0.08,45.0,gabors,0.0,4.0,0.25021256,73,,,0,,False,2,test,1
614,0.0,241.4851,241.73531,null,0.8,null,-30.0,"[20.0, 20.0]","[3644.93333333, 3644.93333333]",0.08,45.0,gabors,-40.0,4.0,0.25021256,232,,,0,,False,0,train,1
615,0.0,241.73531,241.98552,null,0.8,null,10.0,"[20.0, 20.0]","[3644.93333333, 3644.93333333]",0.08,90.0,gabors,0.0,4.0,0.25021256,44,,,0,,False,3,train,2
616,0.0,241.98552,242.23574,null,0.8,null,30.0,"[20.0, 20.0]","[3644.93333333, 3644.93333333]",0.08,45.0,gabors,20.0,4.0,0.25021256,219,,,0,,False,2,test,1
617,0.0,242.23574,242.48594,null,0.8,null,10.0,"[20.0, 20.0]","[3644.93333333, 3644.93333333]",0.08,90.0,gabors,30.0,4.0,0.25020494,14,,,0,,False,3,train,2
618,0.0,242.48594,242.73615,null,0.8,null,-30.0,"[20.0, 20.0]","[3644.93333333, 3644.93333333]",0.08,90.0,gabors,20.0,4.0,0.25020494,38,,,0,,False,3,train,2
619,0.0,242.73615,242.98635,null,0.8,null,0.0,"[20.0, 20.0]","[3644.93333333, 3644.93333333]",0.08,45.0,gabors,10.0,4.0,0.25020494,90,,,0,,False,2,test,1
620,0.0,242.98635,243.23656,null,0.8,null,0.0,"[20.0, 20.0]","[3644.93333333, 3644.93333333]",0.08,45.0,gabors,-40.0,4.0,0.25020494,82,,,0,,False,3,train,1
621,0.0,243.23656,243.48677,null,0.8,null,-30.0,"[20.0, 20.0]","[3644.93333333, 3644.93333333]",0.08,45.0,gabors,-30.0,4.0,0.25021756,207,,,0,,False,1,train,1
622,0.0,243.48677,243.73699,null,0.8,null,10.0,"[20.0, 20.0]","[3644.93333333, 3644.93333333]",0.08,90.0,gabors,0.0,4.0,0.25021756,44,,,0,,False,4,train,2
623,0.0,243.73699,243.98721,null,0.8,null,0.0,"[20.0, 20.0]","[3644.93333333, 3644.93333333]",0.08,45.0,gabors,20.0,4.0,0.25021756,233,,,0,,False,0,train,1
624,0.0,243.98721,244.23743,null,0.8,null,20.0,"[20.0, 20.0]","[3644.93333333, 3644.93333333]",0.08,45.0,gabors,20.0,4.0,0.25021756,168,,,0,,False,2,test,1
625,0.0,244.23743,244.48763,null,0.8,null,10.0,"[20.0, 20.0]","[3644.93333333, 3644.93333333]",0.08,0.0,gabors,10.0,4.0,0.25019994,224,,,0,,False,1,train,0
626,0.0,244.48763,244.73783,null,0.8,null,40.0,"[20.0, 20.0]","[3644.93333333, 3644.93333333]",0.08,0.0,gabors,40.0,4.0,0.25019994,230,,,0,,False,1,train,0
627,0.0,244.73783,244.98803,null,0.8,null,-10.0,"[20.0, 20.0]","[3644.93333333, 3644.93333333]",0.08,90.0,gabors,-20.0,4.0,0.25019994,116,,,0,,False,3,train,2
628,0.0,244.98803,245.23823,null,0.8,null,-40.0,"[20.0, 20.0]","[3644.93333333, 3644.93333333]",0.08,90.0,gabors,-40.0,4.0,0.25019994,161,,,0,,False,3,train,2
629,0.0,245.23823,245.48844,null,0.8,null,40.0,"[20.0, 20.0]","[3644.93333333, 3644.93333333]",0.08,0.0,gabors,40.0,4.0,0.25021756,230,,,0,,False,2,test,0
630,0.0,245.48844,245.73866,null,0.8,null,10.0,"[20.0, 20.0]","[3644.93333333, 3644.93333333]",0.08,0.0,gabors,0.0,4.0,0.25021756,205,,,0,,False,1,train,0
631,0.0,245.73866,245.98888,null,0.8,null,10.0,"[20.0, 20.0]","[3644.93333333, 3644.93333333]",0.08,0.0,gabors,10.0,4.0,0.25021756,224,,,0,,False,2,test,0
632,0.0,245.98888,246.2391,null,0.8,null,30.0,"[20.0, 20.0]","[3644.93333333, 3644.93333333]",0.08,90.0,gabors,-10.0,4.0,0.25021756,35,,,0,,False,4,train,2
633,0.0,246.2391,246.4893,null,0.8,null,-30.0,"[20.0, 20.0]","[3644.93333333, 3644.93333333]",0.08,45.0,gabors,30.0,4.0,0.25020494,159,,,0,,False,2,test,1
634,0.0,246.4893,246.73951,null,0.8,null,20.0,"[20.0, 20.0]","[3644.93333333, 3644.93333333]",0.08,45.0,gabors,20.0,4.0,0.25020494,168,,,0,,False,3,train,1
635,0.0,246.73951,246.98971,null,0.8,null,20.0,"[20.0, 20.0]","[3644.93333333, 3644.93333333]",0.08,90.0,gabors,-40.0,4.0,0.25020494,67,,,0,,False,2,test,2
636,0.0,246.98971,247.23992,null,0.8,null,-10.0,"[20.0, 20.0]","[3644.93333333, 3644.93333333]",0.08,90.0,gabors,30.0,4.0,0.25020494,140,,,0,,False,2,test,2
637,0.0,247.23992,247.49013,null,0.8,null,-40.0,"[20.0, 20.0]","[3644.93333333, 3644.93333333]",0.08,45.0,gabors,10.0,4.0,0.25021006,197,,,0,,False,1,train,1
638,0.0,247.49013,247.74034,null,0.8,null,0.0,"[20.0, 20.0]","[3644.93333333, 3644.93333333]",0.08,90.0,gabors,0.0,4.0,0.25021006,104,,,0,,False,3,train,2
639,0.0,247.74034,247.99055,null,0.8,null,-10.0,"[20.0, 20.0]","[3644.93333333, 3644.93333333]",0.08,0.0,gabors,-30.0,4.0,0.25021006,54,,,0,,False,4,train,0
640,0.0,247.99055,248.24076,null,0.8,null,20.0,"[20.0, 20.0]","[3644.93333333, 3644.93333333]",0.08,90.0,gabors,-20.0,4.0,0.25021006,177,,,0,,False,3,train,2
641,0.0,248.24076,248.49096,null,0.8,null,40.0,"[20.0, 20.0]","[3644.93333333, 3644.93333333]",0.08,90.0,gabors,40.0,4.0,0.25020494,200,,,0,,False,2,test,2
642,0.0,248.49096,248.74117,null,0.8,null,0.0,"[20.0, 20.0]","[3644.93333333, 3644.93333333]",0.08,0.0,gabors,20.0,4.0,0.25020494,195,,,0,,False,4,train,0
643,0.0,248.74117,248.99137,null,0.8,null,40.0,"[20.0, 20.0]","[3644.93333333, 3644.93333333]",0.08,45.0,gabors,-10.0,4.0,0.25020494,149,,,0,,False,4,train,1
644,0.0,248.99137,249.24158,null,0.8,null,20.0,"[20.0, 20.0]","[3644.93333333, 3644.93333333]",0.08,45.0,gabors,20.0,4.0,0.25020494,168,,,0,,False,4,train,1
645,0.0,249.24158,249.49179,null,0.8,null,-10.0,"[20.0, 20.0]","[3644.93333333, 3644.93333333]",0.08,0.0,gabors,-40.0,4.0,0.25021256,37,,,0,,False,1,train,0
646,0.0,249.49179,249.742,null,0.8,null,40.0,"[20.0, 20.0]","[3644.93333333, 3644.93333333]",0.08,45.0,gabors,30.0,4.0,0.25021256,50,,,0,,False,2,test,1
647,0.0,249.742,249.99221,null,0.8,null,-20.0,"[20.0, 20.0]","[3644.93333333, 3644.93333333]",0.08,90.0,gabors,-20.0,4.0,0.25021256,135,,,0,,False,2,test,2
648,0.0,249.99221,250.24243,null,0.8,null,-10.0,"[20.0, 20.0]","[3644.93333333, 3644.93333333]",0.08,90.0,gabors,0.0,4.0,0.25021256,121,,,0,,False,5,test,2
649,0.0,250.24243,250.49263,null,0.8,null,40.0,"[20.0, 20.0]","[3644.93333333, 3644.93333333]",0.08,0.0,gabors,40.0,4.0,0.25020744,230,,,0,,False,3,train,0
650,0.0,250.49263,250.74284,null,0.8,null,30.0,"[20.0, 20.0]","[3644.93333333, 3644.93333333]",0.08,90.0,gabors,-10.0,4.0,0.25020744,35,,,0,,False,5,test,2
651,0.0,250.74284,250.99305,null,0.8,null,0.0,"[20.0, 20.0]","[3644.93333333, 3644.93333333]",0.08,0.0,gabors,40.0,4.0,0.25020744,36,,,0,,False,2,test,0
652,0.0,250.99305,251.24326,null,0.8,null,20.0,"[20.0, 20.0]","[3644.93333333, 3644.93333333]",0.08,0.0,gabors,40.0,4.0,0.25020744,63,,,0,,False,3,train,0
653,0.0,251.24326,251.49347,null,0.8,null,-30.0,"[20.0, 20.0]","[3644.93333333, 3644.93333333]",0.08,0.0,gabors,20.0,4.0,0.25021756,165,,,0,,False,3,train,0
654,0.0,251.49347,251.74369,null,0.8,null,20.0,"[20.0, 20.0]","[3644.93333333, 3644.93333333]",0.08,45.0,gabors,0.0,4.0,0.25021756,155,,,0,,False,1,train,1
655,0.0,251.74369,251.99391,null,0.8,null,10.0,"[20.0, 20.0]","[3644.93333333, 3644.93333333]",0.08,0.0,gabors,0.0,4.0,0.25021756,205,,,0,,False,2,test,0
656,0.0,251.99391,252.24413,null,0.8,null,-10.0,"[20.0, 20.0]","[3644.93333333, 3644.93333333]",0.08,0.0,gabors,-10.0,4.0,0.25021756,78,,,0,,False,1,train,0
657,0.0,252.24413,252.49433,null,0.8,null,0.0,"[20.0, 20.0]","[3644.93333333, 3644.93333333]",0.08,45.0,gabors,-40.0,4.0,0.25020494,82,,,0,,False,4,train,1
658,0.0,252.49433,252.74454,null,0.8,null,0.0,"[20.0, 20.0]","[3644.93333333, 3644.93333333]",0.08,0.0,gabors,20.0,4.0,0.25020494,195,,,0,,False,5,test,0
659,0.0,252.74454,252.99474,null,0.8,null,-20.0,"[20.0, 20.0]","[3644.93333333, 3644.93333333]",0.08,45.0,gabors,-40.0,4.0,0.25020494,77,,,0,,False,4,train,1
660,0.0,252.99474,253.24495,null,0.8,null,-20.0,"[20.0, 20.0]","[3644.93333333, 3644.93333333]",0.08,90.0,gabors,-20.0,4.0,0.25020494,135,,,0,,False,3,train,2
661,0.0,253.24495,253.49515,null,0.8,null,-40.0,"[20.0, 20.0]","[3644.93333333, 3644.93333333]",0.08,0.0,gabors,-10.0,4.0,0.25020756,141,,,0,,False,1,train,0
662,0.0,253.49515,253.74536,null,0.8,null,-10.0,"[20.0, 20.0]","[3644.93333333, 3644.93333333]",0.08,45.0,gabors,0.0,4.0,0.25020756,173,,,0,,False,2,test,1
663,0.0,253.74536,253.99557,null,0.8,null,-20.0,"[20.0, 20.0]","[3644.93333333, 3644.93333333]",0.08,45.0,gabors,-30.0,4.0,0.25020756,48,,,0,,False,3,train,1
664,0.0,253.99557,254.24578,null,0.8,null,20.0,"[20.0, 20.0]","[3644.93333333, 3644.93333333]",0.08,90.0,gabors,-10.0,4.0,0.25020756,156,,,0,,False,3,train,2
665,0.0,254.24578,254.49598,null,0.8,null,20.0,"[20.0, 20.0]","[3644.93333333, 3644.93333333]",0.08,0.0,gabors,-10.0,4.0,0.25020744,170,,,0,,False,3,train,0
666,0.0,254.49598,254.74619,null,0.8,null,30.0,"[20.0, 20.0]","[3644.93333333, 3644.93333333]",0.08,45.0,gabors,10.0,4.0,0.25020744,68,,,0,,False,2,test,1
667,0.0,254.74619,254.9964,null,0.8,null,30.0,"[20.0, 20.0]","[3644.93333333, 3644.93333333]",0.08,45.0,gabors,10.0,4.0,0.25020744,68,,,0,,False,3,train,1
668,0.0,254.9964,255.24661,null,0.8,null,10.0,"[20.0, 20.0]","[3644.93333333, 3644.93333333]",0.08,0.0,gabors,30.0,4.0,0.25020744,98,,,0,,False,2,test,0
669,0.0,255.24661,255.49681,null,0.8,null,-40.0,"[20.0, 20.0]","[3644.93333333, 3644.93333333]",0.08,0.0,gabors,-20.0,4.0,0.25020256,70,,,0,,False,3,train,0
670,0.0,255.49681,255.74701,null,0.8,null,-10.0,"[20.0, 20.0]","[3644.93333333, 3644.93333333]",0.08,0.0,gabors,10.0,4.0,0.25020256,100,,,0,,False,2,test,0
671,0.0,255.74701,255.99721,null,0.8,null,-30.0,"[20.0, 20.0]","[3644.93333333, 3644.93333333]",0.08,90.0,gabors,40.0,4.0,0.25020256,17,,,0,,False,6,train,2
672,0.0,255.99721,256.24742,null,0.8,null,-40.0,"[20.0, 20.0]","[3644.93333333, 3644.93333333]",0.08,0.0,gabors,-20.0,4.0,0.25020256,70,,,0,,False,4,train,0
673,0.0,256.24742,256.49763,null,0.8,null,-20.0,"[20.0, 20.0]","[3644.93333333, 3644.93333333]",0.08,45.0,gabors,0.0,4.0,0.25021494,94,,,0,,False,3,train,1
674,0.0,256.49763,256.74785,null,0.8,null,-10.0,"[20.0, 20.0]","[3644.93333333, 3644.93333333]",0.08,0.0,gabors,40.0,4.0,0.25021494,130,,,0,,False,1,train,0
675,0.0,256.74785,256.99806,null,0.8,null,30.0,"[20.0, 20.0]","[3644.93333333, 3644.93333333]",0.08,45.0,gabors,10.0,4.0,0.25021494,68,,,0,,False,4,train,1
676,0.0,256.99806,257.24828,null,0.8,null,10.0,"[20.0, 20.0]","[3644.93333333, 3644.93333333]",0.08,0.0,gabors,-40.0,4.0,0.25021494,111,,,0,,False,2,test,0
677,0.0,257.24828,257.49848,null,0.8,null,-40.0,"[20.0, 20.0]","[3644.93333333, 3644.93333333]",0.08,45.0,gabors,0.0,4.0,0.25020006,208,,,0,,False,2,test,1
678,0.0,257.49848,257.74868,null,0.8,null,0.0,"[20.0, 20.0]","[3644.93333333, 3644.93333333]",0.08,0.0,gabors,-40.0,4.0,0.25020006,199,,,0,,False,3,train,0
679,0.0,257.74868,257.99888,null,0.8,null,20.0,"[20.0, 20.0]","[3644.93333333, 3644.93333333]",0.08,0.0,gabors,-20.0,4.0,0.25020006,96,,,0,,False,3,train,0
680,0.0,257.99888,258.24908,null,0.8,null,30.0,"[20.0, 20.0]","[3644.93333333, 3644.93333333]",0.08,0.0,gabors,30.0,4.0,0.25020006,43,,,0,,False,3,train,0
681,0.0,258.24908,258.49929,null,0.8,null,0.0,"[20.0, 20.0]","[3644.93333333, 3644.93333333]",0.08,0.0,gabors,-40.0,4.0,0.25021494,199,,,0,,False,4,train,0
682,0.0,258.49929,258.74951,null,0.8,null,30.0,"[20.0, 20.0]","[3644.93333333, 3644.93333333]",0.08,90.0,gabors,20.0,4.0,0.25021494,211,,,0,,False,1,train,2
683,0.0,258.74951,258.99972,null,0.8,null,-10.0,"[20.0, 20.0]","[3644.93333333, 3644.93333333]",0.08,90.0,gabors,40.0,4.0,0.25021494,157,,,0,,False,1,train,2
684,0.0,258.99972,259.24994,null,0.8,null,10.0,"[20.0, 20.0]","[3644.93333333, 3644.93333333]",0.08,90.0,gabors,30.0,4.0,0.25021494,14,,,0,,False,4,train,2
685,0.0,259.24994,259.50015,null,0.8,null,0.0,"[20.0, 20.0]","[3644.93333333, 3644.93333333]",0.08,0.0,gabors,10.0,4.0,0.25021256,234,,,0,,False,0,train,0
686,0.0,259.50015,259.75036,null,0.8,null,-20.0,"[20.0, 20.0]","[3644.93333333, 3644.93333333]",0.08,90.0,gabors,0.0,4.0,0.25021256,5,,,0,,False,1,train,2
687,0.0,259.75036,260.00057,null,0.8,null,-20.0,"[20.0, 20.0]","[3644.93333333, 3644.93333333]",0.08,0.0,gabors,0.0,4.0,0.25021256,46,,,0,,False,2,test,0
688,0.0,260.00057,260.25079,null,0.8,null,10.0,"[20.0, 20.0]","[3644.93333333, 3644.93333333]",0.08,45.0,gabors,0.0,4.0,0.25021256,152,,,0,,False,4,train,1
689,0.0,260.25079,260.50099,null,0.8,null,10.0,"[20.0, 20.0]","[3644.93333333, 3644.93333333]",0.08,0.0,gabors,30.0,4.0,0.25020744,98,,,0,,False,3,train,0
690,0.0,260.50099,260.7512,null,0.8,null,-20.0,"[20.0, 20.0]","[3644.93333333, 3644.93333333]",0.08,45.0,gabors,40.0,4.0,0.25020744,57,,,0,,False,3,train,1
691,0.0,260.7512,261.00141,null,0.8,null,-30.0,"[20.0, 20.0]","[3644.93333333, 3644.93333333]",0.08,90.0,gabors,-10.0,4.0,0.25020744,26,,,0,,False,2,test,2
692,0.0,261.00141,261.25162,null,0.8,null,-40.0,"[20.0, 20.0]","[3644.93333333, 3644.93333333]",0.08,45.0,gabors,30.0,4.0,0.25020744,144,,,0,,False,2,test,1
693,0.0,261.25162,261.50183,null,0.8,null,-20.0,"[20.0, 20.0]","[3644.93333333, 3644.93333333]",0.08,90.0,gabors,-20.0,4.0,0.25021006,135,,,0,,False,4,train,2
694,0.0,261.50183,261.75204,null,0.8,null,-10.0,"[20.0, 20.0]","[3644.93333333, 3644.93333333]",0.08,90.0,gabors,40.0,4.0,0.25021006,157,,,0,,False,2,test,2
695,0.0,261.75204,262.00225,null,0.8,null,-40.0,"[20.0, 20.0]","[3644.93333333, 3644.93333333]",0.08,90.0,gabors,0.0,4.0,0.25021006,198,,,0,,False,2,test,2
696,0.0,262.00225,262.25246,null,0.8,null,-10.0,"[20.0, 20.0]","[3644.93333333, 3644.93333333]",0.08,45.0,gabors,10.0,4.0,0.25021006,123,,,0,,False,4,train,1
697,0.0,262.25246,262.50266,null,0.8,null,30.0,"[20.0, 20.0]","[3644.93333333, 3644.93333333]",0.08,45.0,gabors,-20.0,4.0,0.25020494,162,,,0,,False,3,train,1
698,0.0,262.50266,262.75287,null,0.8,null,40.0,"[20.0, 20.0]","[3644.93333333, 3644.93333333]",0.08,90.0,gabors,-10.0,4.0,0.25020494,229,,,0,,False,1,train,2
699,0.0,262.75287,263.00307,null,0.8,null,10.0,"[20.0, 20.0]","[3644.93333333, 3644.93333333]",0.08,90.0,gabors,-20.0,4.0,0.25020494,25,,,0,,False,3,train,2
700,0.0,263.00307,263.25328,null,0.8,null,-10.0,"[20.0, 20.0]","[3644.93333333, 3644.93333333]",0.08,0.0,gabors,20.0,4.0,0.25020494,235,,,0,,False,0,train,0
701,0.0,263.25328,263.50349,null,0.8,null,-20.0,"[20.0, 20.0]","[3644.93333333, 3644.93333333]",0.08,90.0,gabors,-30.0,4.0,0.25021256,145,,,0,,False,2,test,2
702,0.0,263.50349,263.7537,null,0.8,null,0.0,"[20.0, 20.0]","[3644.93333333, 3644.93333333]",0.08,0.0,gabors,-20.0,4.0,0.25021256,108,,,0,,False,2,test,0
703,0.0,263.7537,264.00391,null,0.8,null,40.0,"[20.0, 20.0]","[3644.93333333, 3644.93333333]",0.08,90.0,gabors,-20.0,4.0,0.25021256,95,,,0,,False,2,test,2
704,0.0,264.00391,264.25413,null,0.8,null,40.0,"[20.0, 20.0]","[3644.93333333, 3644.93333333]",0.08,0.0,gabors,-20.0,4.0,0.25021256,30,,,0,,False,3,train,0
705,0.0,264.25413,264.50434,null,0.8,null,0.0,"[20.0, 20.0]","[3644.93333333, 3644.93333333]",0.08,90.0,gabors,30.0,4.0,0.25020994,146,,,0,,False,1,train,2
706,0.0,264.50434,264.75455,null,0.8,null,20.0,"[20.0, 20.0]","[3644.93333333, 3644.93333333]",0.08,0.0,gabors,40.0,4.0,0.25020994,63,,,0,,False,4,train,0
707,0.0,264.75455,265.00476,null,0.8,null,-40.0,"[20.0, 20.0]","[3644.93333333, 3644.93333333]",0.08,45.0,gabors,-20.0,4.0,0.25020994,18,,,0,,False,3,train,1
708,0.0,265.00476,265.25497,null,0.8,null,-10.0,"[20.0, 20.0]","[3644.93333333, 3644.93333333]",0.08,90.0,gabors,-30.0,4.0,0.25020994,147,,,0,,False,4,train,2
709,0.0,265.25497,265.50517,null,0.8,null,-10.0,"[20.0, 20.0]","[3644.93333333, 3644.93333333]",0.08,90.0,gabors,10.0,4.0,0.25020506,114,,,0,,False,4,train,2
710,0.0,265.50517,265.75538,null,0.8,null,-10.0,"[20.0, 20.0]","[3644.93333333, 3644.93333333]",0.08,0.0,gabors,-10.0,4.0,0.25020506,78,,,0,,False,2,test,0
711,0.0,265.75538,266.00558,null,0.8,null,10.0,"[20.0, 20.0]","[3644.93333333, 3644.93333333]",0.08,0.0,gabors,30.0,4.0,0.25020506,98,,,0,,False,4,train,0
712,0.0,266.00558,266.25579,null,0.8,null,10.0,"[20.0, 20.0]","[3644.93333333, 3644.93333333]",0.08,0.0,gabors,10.0,4.0,0.25020506,224,,,0,,False,3,train,0
713,0.0,266.25579,266.506,null,0.8,null,-30.0,"[20.0, 20.0]","[3644.93333333, 3644.93333333]",0.08,0.0,gabors,-30.0,4.0,0.25021244,164,,,0,,False,5,test,0
714,0.0,266.506,266.75621,null,0.8,null,0.0,"[20.0, 20.0]","[3644.93333333, 3644.93333333]",0.08,0.0,gabors,10.0,4.0,0.25021244,234,,,0,,False,1,train,0
715,0.0,266.75621,267.00642,null,0.8,null,-10.0,"[20.0, 20.0]","[3644.93333333, 3644.93333333]",0.08,0.0,gabors,-10.0,4.0,0.25021244,78,,,0,,False,3,train,0
716,0.0,267.00642,267.25664,null,0.8,null,-30.0,"[20.0, 20.0]","[3644.93333333, 3644.93333333]",0.08,0.0,gabors,40.0,4.0,0.25021244,97,,,0,,False,2,test,0
717,0.0,267.25664,267.50684,null,0.8,null,40.0,"[20.0, 20.0]","[3644.93333333, 3644.93333333]",0.08,0.0,gabors,20.0,4.0,0.25020506,19,,,0,,False,2,test,0
718,0.0,267.50684,267.75705,null,0.8,null,-40.0,"[20.0, 20.0]","[3644.93333333, 3644.93333333]",0.08,90.0,gabors,40.0,4.0,0.25020506,34,,,0,,False,2,test,2
719,0.0,267.75705,268.00725,null,0.8,null,-30.0,"[20.0, 20.0]","[3644.93333333, 3644.93333333]",0.08,90.0,gabors,30.0,4.0,0.25020506,33,,,0,,False,4,train,2
720,0.0,268.00725,268.25746,null,0.8,null,40.0,"[20.0, 20.0]","[3644.93333333, 3644.93333333]",0.08,45.0,gabors,-30.0,4.0,0.25020506,103,,,0,,False,1,train,1
721,0.0,268.25746,268.50767,null,0.8,null,10.0,"[20.0, 20.0]","[3644.93333333, 3644.93333333]",0.08,45.0,gabors,0.0,4.0,0.25020994,152,,,0,,False,5,test,1
722,0.0,268.50767,268.75788,null,0.8,null,10.0,"[20.0, 20.0]","[3644.93333333, 3644.93333333]",0.08,90.0,gabors,10.0,4.0,0.25020994,13,,,0,,False,5,test,2
723,0.0,268.75788,269.00809,null,0.8,null,-10.0,"[20.0, 20.0]","[3644.93333333, 3644.93333333]",0.08,90.0,gabors,10.0,4.0,0.25020994,114,,,0,,False,5,test,2
724,0.0,269.00809,269.2583,null,0.8,null,-30.0,"[20.0, 20.0]","[3644.93333333, 3644.93333333]",0.08,90.0,gabors,30.0,4.0,0.25020994,33,,,0,,False,5,test,2
725,0.0,269.2583,269.5085,null,0.8,null,-10.0,"[20.0, 20.0]","[3644.93333333, 3644.93333333]",0.08,90.0,gabors,30.0,4.0,0.25020756,140,,,0,,False,3,train,2
726,0.0,269.5085,269.75871,null,0.8,null,-40.0,"[20.0, 20.0]","[3644.93333333, 3644.93333333]",0.08,90.0,gabors,20.0,4.0,0.25020756,213,,,0,,False,1,train,2
727,0.0,269.75871,270.00892,null,0.8,null,-10.0,"[20.0, 20.0]","[3644.93333333, 3644.93333333]",0.08,45.0,gabors,-20.0,4.0,0.25020756,40,,,0,,False,2,test,1
728,0.0,270.00892,270.25913,null,0.8,null,-30.0,"[20.0, 20.0]","[3644.93333333, 3644.93333333]",0.08,90.0,gabors,40.0,4.0,0.25020756,17,,,0,,False,7,train,2
729,0.0,270.25913,270.50934,null,0.8,null,10.0,"[20.0, 20.0]","[3644.93333333, 3644.93333333]",0.08,45.0,gabors,-30.0,4.0,0.25021244,236,,,0,,False,0,train,1
730,0.0,270.50934,270.75955,null,0.8,null,0.0,"[20.0, 20.0]","[3644.93333333, 3644.93333333]",0.08,45.0,gabors,0.0,4.0,0.25021244,134,,,0,,False,1,train,1
731,0.0,270.75955,271.00976,null,0.8,null,20.0,"[20.0, 20.0]","[3644.93333333, 3644.93333333]",0.08,90.0,gabors,-40.0,4.0,0.25021244,67,,,0,,False,3,train,2
732,0.0,271.00976,271.25998,null,0.8,null,-30.0,"[20.0, 20.0]","[3644.93333333, 3644.93333333]",0.08,45.0,gabors,40.0,4.0,0.25021244,85,,,0,,False,5,test,1
733,0.0,271.25998,271.51019,null,0.8,null,-20.0,"[20.0, 20.0]","[3644.93333333, 3644.93333333]",0.08,45.0,gabors,30.0,4.0,0.25021006,191,,,0,,False,3,train,1
734,0.0,271.51019,271.7604,null,0.8,null,-20.0,"[20.0, 20.0]","[3644.93333333, 3644.93333333]",0.08,0.0,gabors,-20.0,4.0,0.25021006,194,,,0,,False,3,train,0
735,0.0,271.7604,272.01061,null,0.8,null,-40.0,"[20.0, 20.0]","[3644.93333333, 3644.93333333]",0.08,90.0,gabors,-30.0,4.0,0.25021006,47,,,0,,False,3,train,2
736,0.0,272.01061,272.26082,null,0.8,null,-20.0,"[20.0, 20.0]","[3644.93333333, 3644.93333333]",0.08,90.0,gabors,-10.0,4.0,0.25021006,220,,,0,,False,1,train,2
737,0.0,272.26082,272.51102,null,0.8,null,-20.0,"[20.0, 20.0]","[3644.93333333, 3644.93333333]",0.08,90.0,gabors,10.0,4.0,0.25020494,119,,,0,,False,3,train,2
738,0.0,272.51102,272.76123,null,0.8,null,-30.0,"[20.0, 20.0]","[3644.93333333, 3644.93333333]",0.08,90.0,gabors,-10.0,4.0,0.25020494,26,,,0,,False,3,train,2
739,0.0,272.76123,273.01143,null,0.8,null,-10.0,"[20.0, 20.0]","[3644.93333333, 3644.93333333]",0.08,0.0,gabors,20.0,4.0,0.25020494,235,,,0,,False,1,train,0
740,0.0,273.01143,273.26164,null,0.8,null,0.0,"[20.0, 20.0]","[3644.93333333, 3644.93333333]",0.08,90.0,gabors,10.0,4.0,0.25020494,110,,,0,,False,4,train,2
741,0.0,273.26164,273.51185,null,0.8,null,-10.0,"[20.0, 20.0]","[3644.93333333, 3644.93333333]",0.08,0.0,gabors,-40.0,4.0,0.25021006,37,,,0,,False,2,test,0
742,0.0,273.51185,273.76206,null,0.8,null,40.0,"[20.0, 20.0]","[3644.93333333, 3644.93333333]",0.08,90.0,gabors,-20.0,4.0,0.25021006,95,,,0,,False,3,train,2
743,0.0,273.76206,274.01227,null,0.8,null,-40.0,"[20.0, 20.0]","[3644.93333333, 3644.93333333]",0.08,90.0,gabors,0.0,4.0,0.25021006,198,,,0,,False,3,train,2
744,0.0,274.01227,274.26248,null,0.8,null,-40.0,"[20.0, 20.0]","[3644.93333333, 3644.93333333]",0.08,45.0,gabors,-40.0,4.0,0.25021006,31,,,0,,False,1,train,1
745,0.0,274.26248,274.51269,null,0.8,null,0.0,"[20.0, 20.0]","[3644.93333333, 3644.93333333]",0.08,90.0,gabors,10.0,4.0,0.25021244,110,,,0,,False,5,test,2
746,0.0,274.51269,274.7629,null,0.8,null,-30.0,"[20.0, 20.0]","[3644.93333333, 3644.93333333]",0.08,45.0,gabors,-20.0,4.0,0.25021244,181,,,0,,False,3,train,1
747,0.0,274.7629,275.01311,null,0.8,null,30.0,"[20.0, 20.0]","[3644.93333333, 3644.93333333]",0.08,90.0,gabors,10.0,4.0,0.25021244,87,,,0,,False,4,train,2
748,0.0,275.01311,275.26333,null,0.8,null,-40.0,"[20.0, 20.0]","[3644.93333333, 3644.93333333]",0.08,0.0,gabors,0.0,4.0,0.25021244,228,,,0,,False,1,train,0
749,0.0,275.26333,275.51353,null,0.8,null,-10.0,"[20.0, 20.0]","[3644.93333333, 3644.93333333]",0.08,0.0,gabors,-40.0,4.0,0.25020506,37,,,0,,False,3,train,0
750,0.0,275.51353,275.76374,null,0.8,null,10.0,"[20.0, 20.0]","[3644.93333333, 3644.93333333]",0.08,0.0,gabors,0.0,4.0,0.25020506,205,,,0,,False,3,train,0
751,0.0,275.76374,276.01394,null,0.8,null,40.0,"[20.0, 20.0]","[3644.93333333, 3644.93333333]",0.08,0.0,gabors,-10.0,4.0,0.25020506,71,,,0,,False,2,test,0
752,0.0,276.01394,276.26415,null,0.8,null,30.0,"[20.0, 20.0]","[3644.93333333, 3644.93333333]",0.08,0.0,gabors,20.0,4.0,0.25020506,172,,,0,,False,4,train,0
753,0.0,276.26415,276.51436,null,0.8,null,-20.0,"[20.0, 20.0]","[3644.93333333, 3644.93333333]",0.08,90.0,gabors,-40.0,4.0,0.25021494,209,,,0,,False,1,train,2
754,0.0,276.51436,276.76458,null,0.8,null,40.0,"[20.0, 20.0]","[3644.93333333, 3644.93333333]",0.08,45.0,gabors,30.0,4.0,0.25021494,50,,,0,,False,3,train,1
755,0.0,276.76458,277.01479,null,0.8,null,40.0,"[20.0, 20.0]","[3644.93333333, 3644.93333333]",0.08,45.0,gabors,-10.0,4.0,0.25021494,149,,,0,,False,5,test,1
756,0.0,277.01479,277.26501,null,0.8,null,-20.0,"[20.0, 20.0]","[3644.93333333, 3644.93333333]",0.08,0.0,gabors,30.0,4.0,0.25021494,196,,,0,,False,2,test,0
757,0.0,277.26501,277.51521,null,0.8,null,0.0,"[20.0, 20.0]","[3644.93333333, 3644.93333333]",0.08,0.0,gabors,10.0,4.0,0.25020256,234,,,0,,False,2,test,0
758,0.0,277.51521,277.76541,null,0.8,null,-30.0,"[20.0, 20.0]","[3644.93333333, 3644.93333333]",0.08,45.0,gabors,-40.0,4.0,0.25020256,232,,,0,,False,1,train,1
759,0.0,277.76541,278.01561,null,0.8,null,-40.0,"[20.0, 20.0]","[3644.93333333, 3644.93333333]",0.08,45.0,gabors,30.0,4.0,0.25020256,144,,,0,,False,3,train,1
760,0.0,278.01561,278.26582,null,0.8,null,10.0,"[20.0, 20.0]","[3644.93333333, 3644.93333333]",0.08,0.0,gabors,10.0,4.0,0.25020256,224,,,0,,False,4,train,0
761,0.0,278.26582,278.51603,null,0.8,null,0.0,"[20.0, 20.0]","[3644.93333333, 3644.93333333]",0.08,0.0,gabors,40.0,4.0,0.25021244,36,,,0,,False,3,train,0
762,0.0,278.51603,278.76624,null,0.8,null,0.0,"[20.0, 20.0]","[3644.93333333, 3644.93333333]",0.08,45.0,gabors,30.0,4.0,0.25021244,62,,,0,,False,2,test,1
763,0.0,278.76624,279.01645,null,0.8,null,40.0,"[20.0, 20.0]","[3644.93333333, 3644.93333333]",0.08,0.0,gabors,30.0,4.0,0.25021244,218,,,0,,False,2,test,0
764,0.0,279.01645,279.26667,null,0.8,null,-40.0,"[20.0, 20.0]","[3644.93333333, 3644.93333333]",0.08,45.0,gabors,-40.0,4.0,0.25021244,31,,,0,,False,2,test,1
765,0.0,279.26667,279.51687,null,0.8,null,-30.0,"[20.0, 20.0]","[3644.93333333, 3644.93333333]",0.08,0.0,gabors,10.0,4.0,0.25020506,166,,,0,,False,1,train,0
766,0.0,279.51687,279.76708,null,0.8,null,10.0,"[20.0, 20.0]","[3644.93333333, 3644.93333333]",0.08,45.0,gabors,40.0,4.0,0.25020506,222,,,0,,False,1,train,1
767,0.0,279.76708,280.01728,null,0.8,null,-30.0,"[20.0, 20.0]","[3644.93333333, 3644.93333333]",0.08,45.0,gabors,-10.0,4.0,0.25020506,56,,,0,,False,3,train,1
768,0.0,280.01728,280.26749,null,0.8,null,20.0,"[20.0, 20.0]","[3644.93333333, 3644.93333333]",0.08,45.0,gabors,10.0,4.0,0.25020506,217,,,0,,False,1,train,1
769,0.0,280.26749,280.5177,null,0.8,null,10.0,"[20.0, 20.0]","[3644.93333333, 3644.93333333]",0.08,45.0,gabors,0.0,4.0,0.25020994,152,,,0,,False,6,train,1
770,0.0,280.5177,280.76791,null,0.8,null,0.0,"[20.0, 20.0]","[3644.93333333, 3644.93333333]",0.08,45.0,gabors,10.0,4.0,0.25020994,90,,,0,,False,3,train,1
771,0.0,280.76791,281.01812,null,0.8,null,-30.0,"[20.0, 20.0]","[3644.93333333, 3644.93333333]",0.08,45.0,gabors,-40.0,4.0,0.25020994,232,,,0,,False,2,test,1
772,0.0,281.01812,281.26833,null,0.8,null,30.0,"[20.0, 20.0]","[3644.93333333, 3644.93333333]",0.08,45.0,gabors,10.0,4.0,0.25020994,68,,,0,,False,5,test,1
773,0.0,281.26833,281.51854,null,0.8,null,10.0,"[20.0, 20.0]","[3644.93333333, 3644.93333333]",0.08,45.0,gabors,30.0,4.0,0.25021506,167,,,0,,False,2,test,1
774,0.0,281.51854,281.76876,null,0.8,null,30.0,"[20.0, 20.0]","[3644.93333333, 3644.93333333]",0.08,90.0,gabors,-40.0,4.0,0.25021506,109,,,0,,False,1,train,2
775,0.0,281.76876,282.01897,null,0.8,null,-20.0,"[20.0, 20.0]","[3644.93333333, 3644.93333333]",0.08,0.0,gabors,30.0,4.0,0.25021506,196,,,0,,False,3,train,0
776,0.0,282.01897,282.26919,null,0.8,null,10.0,"[20.0, 20.0]","[3644.93333333, 3644.93333333]",0.08,0.0,gabors,40.0,4.0,0.25021506,79,,,0,,False,5,test,0
777,0.0,282.26919,282.51939,null,0.8,null,-40.0,"[20.0, 20.0]","[3644.93333333, 3644.93333333]",0.08,0.0,gabors,0.0,4.0,0.25020494,228,,,0,,False,2,test,0
778,0.0,282.51939,282.7696,null,0.8,null,30.0,"[20.0, 20.0]","[3644.93333333, 3644.93333333]",0.08,0.0,gabors,0.0,4.0,0.25020494,2,,,0,,False,7,train,0
779,0.0,282.7696,283.0198,null,0.8,null,0.0,"[20.0, 20.0]","[3644.93333333, 3644.93333333]",0.08,45.0,gabors,30.0,4.0,0.25020494,62,,,0,,False,3,train,1
780,0.0,283.0198,283.27001,null,0.8,null,-40.0,"[20.0, 20.0]","[3644.93333333, 3644.93333333]",0.08,0.0,gabors,-40.0,4.0,0.25020494,139,,,0,,False,5,test,0
781,0.0,283.27001,283.52022,null,0.8,null,0.0,"[20.0, 20.0]","[3644.93333333, 3644.93333333]",0.08,0.0,gabors,-20.0,4.0,0.25021506,108,,,0,,False,3,train,0
782,0.0,283.52022,283.77044,null,0.8,null,-10.0,"[20.0, 20.0]","[3644.93333333, 3644.93333333]",0.08,90.0,gabors,30.0,4.0,0.25021506,140,,,0,,False,4,train,2
783,0.0,283.77044,284.02065,null,0.8,null,-10.0,"[20.0, 20.0]","[3644.93333333, 3644.93333333]",0.08,45.0,gabors,-10.0,4.0,0.25021506,216,,,0,,False,1,train,1
784,0.0,284.02065,284.27087,null,0.8,null,20.0,"[20.0, 20.0]","[3644.93333333, 3644.93333333]",0.08,90.0,gabors,-20.0,4.0,0.25021506,177,,,0,,False,4,train,2
785,0.0,284.27087,284.52107,null,0.8,null,10.0,"[20.0, 20.0]","[3644.93333333, 3644.93333333]",0.08,45.0,gabors,-20.0,4.0,0.25020244,126,,,0,,False,2,test,1
786,0.0,284.52107,284.77127,null,0.8,null,20.0,"[20.0, 20.0]","[3644.93333333, 3644.93333333]",0.08,90.0,gabors,20.0,4.0,0.25020244,42,,,0,,False,3,train,2
787,0.0,284.77127,285.02147,null,0.8,null,0.0,"[20.0, 20.0]","[3644.93333333, 3644.93333333]",0.08,90.0,gabors,0.0,4.0,0.25020244,104,,,0,,False,4,train,2
788,0.0,285.02147,285.27168,null,0.8,null,-10.0,"[20.0, 20.0]","[3644.93333333, 3644.93333333]",0.08,90.0,gabors,-10.0,4.0,0.25020244,80,,,0,,False,3,train,2
789,0.0,285.27168,285.52189,null,0.8,null,20.0,"[20.0, 20.0]","[3644.93333333, 3644.93333333]",0.08,0.0,gabors,-20.0,4.0,0.25021006,96,,,0,,False,4,train,0
790,0.0,285.52189,285.7721,null,0.8,null,10.0,"[20.0, 20.0]","[3644.93333333, 3644.93333333]",0.08,0.0,gabors,-20.0,4.0,0.25021006,153,,,0,,False,1,train,0
791,0.0,285.7721,286.02231,null,0.8,null,0.0,"[20.0, 20.0]","[3644.93333333, 3644.93333333]",0.08,45.0,gabors,20.0,4.0,0.25021006,233,,,0,,False,1,train,1
792,0.0,286.02231,286.27252,null,0.8,null,10.0,"[20.0, 20.0]","[3644.93333333, 3644.93333333]",0.08,45.0,gabors,30.0,4.0,0.25021006,167,,,0,,False,3,train,1
793,0.0,286.27252,286.52273,null,0.8,null,0.0,"[20.0, 20.0]","[3644.93333333, 3644.93333333]",0.08,90.0,gabors,10.0,4.0,0.25020994,110,,,0,,False,6,train,2
794,0.0,286.52273,286.77294,null,0.8,null,0.0,"[20.0, 20.0]","[3644.93333333, 3644.93333333]",0.08,0.0,gabors,30.0,4.0,0.25020994,74,,,0,,False,2,test,0
795,0.0,286.77294,287.02315,null,0.8,null,20.0,"[20.0, 20.0]","[3644.93333333, 3644.93333333]",0.08,90.0,gabors,-30.0,4.0,0.25020994,64,,,0,,False,4,train,2
796,0.0,287.02315,287.27336,null,0.8,null,10.0,"[20.0, 20.0]","[3644.93333333, 3644.93333333]",0.08,0.0,gabors,-20.0,4.0,0.25020994,153,,,0,,False,2,test,0
797,0.0,287.27336,287.52357,null,0.8,null,-20.0,"[20.0, 20.0]","[3644.93333333, 3644.93333333]",0.08,0.0,gabors,10.0,4.0,0.25021256,237,,,0,,False,0,train,0
798,0.0,287.52357,287.77378,null,0.8,null,20.0,"[20.0, 20.0]","[3644.93333333, 3644.93333333]",0.08,0.0,gabors,-10.0,4.0,0.25021256,170,,,0,,False,4,train,0
799,0.0,287.77378,288.02399,null,0.8,null,40.0,"[20.0, 20.0]","[3644.93333333, 3644.93333333]",0.08,90.0,gabors,0.0,4.0,0.25021256,128,,,0,,False,2,test,2
800,0.0,288.02399,288.27421,null,0.8,null,-40.0,"[20.0, 20.0]","[3644.93333333, 3644.93333333]",0.08,0.0,gabors,-10.0,4.0,0.25021256,141,,,0,,False,2,test,0
801,0.0,288.27421,288.52441,null,0.8,null,-40.0,"[20.0, 20.0]","[3644.93333333, 3644.93333333]",0.08,90.0,gabors,-20.0,4.0,0.25020494,72,,,0,,False,4,train,2
802,0.0,288.52441,288.77462,null,0.8,null,10.0,"[20.0, 20.0]","[3644.93333333, 3644.93333333]",0.08,45.0,gabors,0.0,4.0,0.25020494,152,,,0,,False,7,train,1
803,0.0,288.77462,289.02482,null,0.8,null,-40.0,"[20.0, 20.0]","[3644.93333333, 3644.93333333]",0.08,0.0,gabors,0.0,4.0,0.25020494,228,,,0,,False,3,train,0
804,0.0,289.02482,289.27503,null,0.8,null,40.0,"[20.0, 20.0]","[3644.93333333, 3644.93333333]",0.08,45.0,gabors,0.0,4.0,0.25020494,73,,,0,,False,3,train,1
805,0.0,289.27503,289.52523,null,0.8,null,-30.0,"[20.0, 20.0]","[3644.93333333, 3644.93333333]",0.08,90.0,gabors,-40.0,4.0,0.25020506,39,,,0,,False,3,train,2
806,0.0,289.52523,289.77544,null,0.8,null,20.0,"[20.0, 20.0]","[3644.93333333, 3644.93333333]",0.08,0.0,gabors,-30.0,4.0,0.25020506,238,,,0,,False,0,train,0
807,0.0,289.77544,290.02564,null,0.8,null,40.0,"[20.0, 20.0]","[3644.93333333, 3644.93333333]",0.08,0.0,gabors,10.0,4.0,0.25020506,212,,,0,,False,2,test,0
808,0.0,290.02564,290.27585,null,0.8,null,-40.0,"[20.0, 20.0]","[3644.93333333, 3644.93333333]",0.08,0.0,gabors,0.0,4.0,0.25020506,228,,,0,,False,4,train,0
809,0.0,290.27585,290.52606,null,0.8,null,30.0,"[20.0, 20.0]","[3644.93333333, 3644.93333333]",0.08,0.0,gabors,40.0,4.0,0.25021244,133,,,0,,False,3,train,0
810,0.0,290.52606,290.77627,null,0.8,null,-30.0,"[20.0, 20.0]","[3644.93333333, 3644.93333333]",0.08,90.0,gabors,20.0,4.0,0.25021244,38,,,0,,False,4,train,2
811,0.0,290.77627,291.02648,null,0.8,null,-10.0,"[20.0, 20.0]","[3644.93333333, 3644.93333333]",0.08,90.0,gabors,-10.0,4.0,0.25021244,80,,,0,,False,4,train,2
812,0.0,291.02648,291.2767,null,0.8,null,-10.0,"[20.0, 20.0]","[3644.93333333, 3644.93333333]",0.08,45.0,gabors,40.0,4.0,0.25021244,215,,,0,,False,1,train,1
813,0.0,291.2767,291.52691,null,0.8,null,40.0,"[20.0, 20.0]","[3644.93333333, 3644.93333333]",0.08,45.0,gabors,-20.0,4.0,0.25021506,125,,,0,,False,4,train,1
814,0.0,291.52691,291.77713,null,0.8,null,20.0,"[20.0, 20.0]","[3644.93333333, 3644.93333333]",0.08,0.0,gabors,-40.0,4.0,0.25021506,75,,,0,,False,3,train,0
815,0.0,291.77713,292.02734,null,0.8,null,-40.0,"[20.0, 20.0]","[3644.93333333, 3644.93333333]",0.08,0.0,gabors,40.0,4.0,0.25021506,154,,,0,,False,3,train,0
816,0.0,292.02734,292.27756,null,0.8,null,-30.0,"[20.0, 20.0]","[3644.93333333, 3644.93333333]",0.08,90.0,gabors,0.0,4.0,0.25021506,239,,,0,,False,0,train,2
817,0.0,292.27756,292.52776,null,0.8,null,-30.0,"[20.0, 20.0]","[3644.93333333, 3644.93333333]",0.08,45.0,gabors,30.0,4.0,0.25020244,159,,,0,,False,3,train,1
818,0.0,292.52776,292.77796,null,0.8,null,40.0,"[20.0, 20.0]","[3644.93333333, 3644.93333333]",0.08,0.0,gabors,40.0,4.0,0.25020244,230,,,0,,False,4,train,0
819,0.0,292.77796,293.02816,null,0.8,null,0.0,"[20.0, 20.0]","[3644.93333333, 3644.93333333]",0.08,90.0,gabors,-10.0,4.0,0.25020244,69,,,0,,False,5,test,2
820,0.0,293.02816,293.27837,null,0.8,null,10.0,"[20.0, 20.0]","[3644.93333333, 3644.93333333]",0.08,90.0,gabors,-10.0,4.0,0.25020244,102,,,0,,False,2,test,2
821,0.0,293.27837,293.52858,null,0.8,null,0.0,"[20.0, 20.0]","[3644.93333333, 3644.93333333]",0.08,0.0,gabors,40.0,4.0,0.25021256,36,,,0,,False,4,train,0
822,0.0,293.52858,293.77879,null,0.8,null,-10.0,"[20.0, 20.0]","[3644.93333333, 3644.93333333]",0.08,45.0,gabors,40.0,4.0,0.25021256,215,,,0,,False,2,test,1
823,0.0,293.77879,294.029,null,0.8,null,-30.0,"[20.0, 20.0]","[3644.93333333, 3644.93333333]",0.08,90.0,gabors,-20.0,4.0,0.25021256,160,,,0,,False,4,train,2
824,0.0,294.029,294.27922,null,0.8,null,10.0,"[20.0, 20.0]","[3644.93333333, 3644.93333333]",0.08,90.0,gabors,0.0,4.0,0.25021256,44,,,0,,False,5,test,2
825,0.0,294.27922,294.52942,null,0.8,null,20.0,"[20.0, 20.0]","[3644.93333333, 3644.93333333]",0.08,0.0,gabors,30.0,4.0,0.25020494,58,,,0,,False,2,test,0
826,0.0,294.52942,294.77963,null,0.8,null,-30.0,"[20.0, 20.0]","[3644.93333333, 3644.93333333]",0.08,45.0,gabors,20.0,4.0,0.25020494,24,,,0,,False,2,test,1
827,0.0,294.77963,295.02983,null,0.8,null,-40.0,"[20.0, 20.0]","[3644.93333333, 3644.93333333]",0.08,90.0,gabors,-30.0,4.0,0.25020494,47,,,0,,False,4,train,2
828,0.0,295.02983,295.28004,null,0.8,null,-20.0,"[20.0, 20.0]","[3644.93333333, 3644.93333333]",0.08,90.0,gabors,20.0,4.0,0.25020494,83,,,0,,False,3,train,2
829,0.0,295.28004,295.53025,null,0.8,null,40.0,"[20.0, 20.0]","[3644.93333333, 3644.93333333]",0.08,90.0,gabors,-20.0,4.0,0.25021006,95,,,0,,False,4,train,2
830,0.0,295.53025,295.78046,null,0.8,null,10.0,"[20.0, 20.0]","[3644.93333333, 3644.93333333]",0.08,0.0,gabors,-10.0,4.0,0.25021006,32,,,0,,False,2,test,0
831,0.0,295.78046,296.03067,null,0.8,null,40.0,"[20.0, 20.0]","[3644.93333333, 3644.93333333]",0.08,45.0,gabors,-10.0,4.0,0.25021006,149,,,0,,False,6,train,1
832,0.0,296.03067,296.28088,null,0.8,null,30.0,"[20.0, 20.0]","[3644.93333333, 3644.93333333]",0.08,90.0,gabors,-40.0,4.0,0.25021006,109,,,0,,False,2,test,2
833,0.0,296.28088,296.53108,null,0.8,null,10.0,"[20.0, 20.0]","[3644.93333333, 3644.93333333]",0.08,90.0,gabors,0.0,4.0,0.25020744,44,,,0,,False,6,train,2
834,0.0,296.53108,296.78129,null,0.8,null,-40.0,"[20.0, 20.0]","[3644.93333333, 3644.93333333]",0.08,45.0,gabors,-10.0,4.0,0.25020744,169,,,0,,False,1,train,1
835,0.0,296.78129,297.0315,null,0.8,null,0.0,"[20.0, 20.0]","[3644.93333333, 3644.93333333]",0.08,0.0,gabors,0.0,4.0,0.25020744,187,,,0,,False,2,test,0
836,0.0,297.0315,297.28171,null,0.8,null,10.0,"[20.0, 20.0]","[3644.93333333, 3644.93333333]",0.08,45.0,gabors,-30.0,4.0,0.25020744,236,,,0,,False,1,train,1
837,0.0,297.28171,297.53192,null,0.8,null,30.0,"[20.0, 20.0]","[3644.93333333, 3644.93333333]",0.08,45.0,gabors,20.0,4.0,0.25021256,219,,,0,,False,3,train,1
838,0.0,297.53192,297.78213,null,0.8,null,-40.0,"[20.0, 20.0]","[3644.93333333, 3644.93333333]",0.08,0.0,gabors,-20.0,4.0,0.25021256,70,,,0,,False,5,test,0
839,0.0,297.78213,298.03234,null,0.8,null,30.0,"[20.0, 20.0]","[3644.93333333, 3644.93333333]",0.08,45.0,gabors,30.0,4.0,0.25021256,206,,,0,,False,1,train,1
840,0.0,298.03234,298.28256,null,0.8,null,10.0,"[20.0, 20.0]","[3644.93333333, 3644.93333333]",0.08,90.0,gabors,40.0,4.0,0.25021256,12,,,0,,False,3,train,2
841,0.0,298.28256,298.53276,null,0.8,null,-20.0,"[20.0, 20.0]","[3644.93333333, 3644.93333333]",0.08,90.0,gabors,-40.0,4.0,0.25020494,209,,,0,,False,2,test,2
842,0.0,298.53276,298.78297,null,0.8,null,0.0,"[20.0, 20.0]","[3644.93333333, 3644.93333333]",0.08,90.0,gabors,20.0,4.0,0.25020494,225,,,0,,False,2,test,2
843,0.0,298.78297,299.03317,null,0.8,null,20.0,"[20.0, 20.0]","[3644.93333333, 3644.93333333]",0.08,0.0,gabors,-30.0,4.0,0.25020494,238,,,0,,False,1,train,0
844,0.0,299.03317,299.28338,null,0.8,null,10.0,"[20.0, 20.0]","[3644.93333333, 3644.93333333]",0.08,90.0,gabors,10.0,4.0,0.25020494,13,,,0,,False,6,train,2
845,0.0,299.28338,299.53359,null,0.8,null,-10.0,"[20.0, 20.0]","[3644.93333333, 3644.93333333]",0.08,90.0,gabors,-10.0,4.0,0.25021506,80,,,0,,False,5,test,2
846,0.0,299.53359,299.78381,null,0.8,null,30.0,"[20.0, 20.0]","[3644.93333333, 3644.93333333]",0.08,45.0,gabors,0.0,4.0,0.25021506,1,,,0,,False,3,train,1
847,0.0,299.78381,300.03402,null,0.8,null,0.0,"[20.0, 20.0]","[3644.93333333, 3644.93333333]",0.08,0.0,gabors,-40.0,4.0,0.25021506,199,,,0,,False,5,test,0
848,0.0,300.03402,300.28424,null,0.8,null,40.0,"[20.0, 20.0]","[3644.93333333, 3644.93333333]",0.08,0.0,gabors,-30.0,4.0,0.25021506,142,,,0,,False,2,test,0
849,0.0,300.28424,300.53444,null,0.8,null,-40.0,"[20.0, 20.0]","[3644.93333333, 3644.93333333]",0.08,45.0,gabors,40.0,4.0,0.25020494,99,,,0,,False,4,train,1
850,0.0,300.53444,300.78465,null,0.8,null,-10.0,"[20.0, 20.0]","[3644.93333333, 3644.93333333]",0.08,45.0,gabors,20.0,4.0,0.25020494,174,,,0,,False,4,train,1
851,0.0,300.78465,301.03485,null,0.8,null,40.0,"[20.0, 20.0]","[3644.93333333, 3644.93333333]",0.08,0.0,gabors,-30.0,4.0,0.25020494,142,,,0,,False,3,train,0
852,0.0,301.03485,301.28506,null,0.8,null,-40.0,"[20.0, 20.0]","[3644.93333333, 3644.93333333]",0.08,90.0,gabors,-40.0,4.0,0.25020494,161,,,0,,False,4,train,2
853,0.0,301.28506,301.53526,null,0.8,null,-20.0,"[20.0, 20.0]","[3644.93333333, 3644.93333333]",0.08,0.0,gabors,-30.0,4.0,0.25020756,178,,,0,,False,2,test,0
854,0.0,301.53526,301.78547,null,0.8,null,-40.0,"[20.0, 20.0]","[3644.93333333, 3644.93333333]",0.08,0.0,gabors,-40.0,4.0,0.25020756,139,,,0,,False,6,train,0
855,0.0,301.78547,302.03568,null,0.8,null,-10.0,"[20.0, 20.0]","[3644.93333333, 3644.93333333]",0.08,90.0,gabors,10.0,4.0,0.25020756,114,,,0,,False,6,train,2
856,0.0,302.03568,302.28589,null,0.8,null,-20.0,"[20.0, 20.0]","[3644.93333333, 3644.93333333]",0.08,90.0,gabors,-30.0,4.0,0.25020756,145,,,0,,False,3,train,2
857,0.0,302.28589,302.5361,null,0.8,null,30.0,"[20.0, 20.0]","[3644.93333333, 3644.93333333]",0.08,90.0,gabors,-20.0,4.0,0.25020994,66,,,0,,False,3,train,2
858,0.0,302.5361,302.78631,null,0.8,null,-40.0,"[20.0, 20.0]","[3644.93333333, 3644.93333333]",0.08,90.0,gabors,-30.0,4.0,0.25020994,47,,,0,,False,5,test,2
859,0.0,302.78631,303.03652,null,0.8,null,0.0,"[20.0, 20.0]","[3644.93333333, 3644.93333333]",0.08,90.0,gabors,-10.0,4.0,0.25020994,69,,,0,,False,6,train,2
860,0.0,303.03652,303.28673,null,0.8,null,-30.0,"[20.0, 20.0]","[3644.93333333, 3644.93333333]",0.08,45.0,gabors,-10.0,4.0,0.25020994,56,,,0,,False,4,train,1
861,0.0,303.28673,303.53694,null,0.8,null,-30.0,"[20.0, 20.0]","[3644.93333333, 3644.93333333]",0.08,0.0,gabors,-30.0,4.0,0.25021006,164,,,0,,False,6,train,0
862,0.0,303.53694,303.78715,null,0.8,null,0.0,"[20.0, 20.0]","[3644.93333333, 3644.93333333]",0.08,0.0,gabors,-40.0,4.0,0.25021006,199,,,0,,False,6,train,0
863,0.0,303.78715,304.03736,null,0.8,null,20.0,"[20.0, 20.0]","[3644.93333333, 3644.93333333]",0.08,0.0,gabors,30.0,4.0,0.25021006,58,,,0,,False,3,train,0
864,0.0,304.03736,304.28757,null,0.8,null,-10.0,"[20.0, 20.0]","[3644.93333333, 3644.93333333]",0.08,90.0,gabors,-10.0,4.0,0.25021006,80,,,0,,False,6,train,2
865,0.0,304.28757,304.53778,null,0.8,null,40.0,"[20.0, 20.0]","[3644.93333333, 3644.93333333]",0.08,45.0,gabors,-40.0,4.0,0.25021244,101,,,0,,False,4,train,1
866,0.0,304.53778,304.78799,null,0.8,null,0.0,"[20.0, 20.0]","[3644.93333333, 3644.93333333]",0.08,90.0,gabors,30.0,4.0,0.25021244,146,,,0,,False,2,test,2
867,0.0,304.78799,305.0382,null,0.8,null,20.0,"[20.0, 20.0]","[3644.93333333, 3644.93333333]",0.08,90.0,gabors,40.0,4.0,0.25021244,52,,,0,,False,3,train,2
868,0.0,305.0382,305.28842,null,0.8,null,0.0,"[20.0, 20.0]","[3644.93333333, 3644.93333333]",0.08,0.0,gabors,40.0,4.0,0.25021244,36,,,0,,False,5,test,0
869,0.0,305.28842,305.53862,null,0.8,null,0.0,"[20.0, 20.0]","[3644.93333333, 3644.93333333]",0.08,90.0,gabors,30.0,4.0,0.25020506,146,,,0,,False,3,train,2
870,0.0,305.53862,305.78883,null,0.8,null,40.0,"[20.0, 20.0]","[3644.93333333, 3644.93333333]",0.08,90.0,gabors,-40.0,4.0,0.25020506,180,,,0,,False,3,train,2
871,0.0,305.78883,306.03903,null,0.8,null,-10.0,"[20.0, 20.0]","[3644.93333333, 3644.93333333]",0.08,45.0,gabors,-20.0,4.0,0.25020506,40,,,0,,False,3,train,1
872,0.0,306.03903,306.28924,null,0.8,null,-30.0,"[20.0, 20.0]","[3644.93333333, 3644.93333333]",0.08,90.0,gabors,0.0,4.0,0.25020506,239,,,0,,False,1,train,2
873,0.0,306.28924,306.53945,null,0.8,null,-10.0,"[20.0, 20.0]","[3644.93333333, 3644.93333333]",0.08,0.0,gabors,10.0,4.0,0.25020994,100,,,0,,False,3,train,0
874,0.0,306.53945,306.78966,null,0.8,null,30.0,"[20.0, 20.0]","[3644.93333333, 3644.93333333]",0.08,45.0,gabors,40.0,4.0,0.25020994,240,,,0,,False,0,train,1
875,0.0,306.78966,307.03987,null,0.8,null,30.0,"[20.0, 20.0]","[3644.93333333, 3644.93333333]",0.08,45.0,gabors,-30.0,4.0,0.25020994,65,,,0,,False,3,train,1
876,0.0,307.03987,307.29008,null,0.8,null,-30.0,"[20.0, 20.0]","[3644.93333333, 3644.93333333]",0.08,0.0,gabors,-30.0,4.0,0.25020994,164,,,0,,False,7,train,0
877,0.0,307.29008,307.54028,null,0.8,null,-30.0,"[20.0, 20.0]","[3644.93333333, 3644.93333333]",0.08,0.0,gabors,-20.0,4.0,0.25020506,81,,,0,,False,3,train,0
878,0.0,307.54028,307.79049,null,0.8,null,0.0,"[20.0, 20.0]","[3644.93333333, 3644.93333333]",0.08,0.0,gabors,40.0,4.0,0.25020506,36,,,0,,False,6,train,0
879,0.0,307.79049,308.04069,null,0.8,null,20.0,"[20.0, 20.0]","[3644.93333333, 3644.93333333]",0.08,90.0,gabors,20.0,4.0,0.25020506,42,,,0,,False,4,train,2
880,0.0,308.04069,308.2909,null,0.8,null,20.0,"[20.0, 20.0]","[3644.93333333, 3644.93333333]",0.08,0.0,gabors,-40.0,4.0,0.25020506,75,,,0,,False,4,train,0
881,0.0,308.2909,308.54111,null,0.8,null,40.0,"[20.0, 20.0]","[3644.93333333, 3644.93333333]",0.08,90.0,gabors,10.0,4.0,0.25021244,150,,,0,,False,1,train,2
882,0.0,308.54111,308.79132,null,0.8,null,40.0,"[20.0, 20.0]","[3644.93333333, 3644.93333333]",0.08,0.0,gabors,10.0,4.0,0.25021244,212,,,0,,False,3,train,0
883,0.0,308.79132,309.04153,null,0.8,null,40.0,"[20.0, 20.0]","[3644.93333333, 3644.93333333]",0.08,0.0,gabors,40.0,4.0,0.25021244,230,,,0,,False,5,test,0
884,0.0,309.04153,309.29175,null,0.8,null,-20.0,"[20.0, 20.0]","[3644.93333333, 3644.93333333]",0.08,0.0,gabors,-10.0,4.0,0.25021244,223,,,0,,False,1,train,0
885,0.0,309.29175,309.54195,null,0.8,null,40.0,"[20.0, 20.0]","[3644.93333333, 3644.93333333]",0.08,45.0,gabors,30.0,4.0,0.25020506,50,,,0,,False,4,train,1
886,0.0,309.54195,309.79216,null,0.8,null,-20.0,"[20.0, 20.0]","[3644.93333333, 3644.93333333]",0.08,0.0,gabors,40.0,4.0,0.25020506,51,,,0,,False,2,test,0
887,0.0,309.79216,310.04236,null,0.8,null,20.0,"[20.0, 20.0]","[3644.93333333, 3644.93333333]",0.08,45.0,gabors,-30.0,4.0,0.25020506,129,,,0,,False,2,test,1
888,0.0,310.04236,310.29257,null,0.8,null,20.0,"[20.0, 20.0]","[3644.93333333, 3644.93333333]",0.08,0.0,gabors,-10.0,4.0,0.25020506,170,,,0,,False,5,test,0
889,0.0,310.29257,310.54278,null,0.8,null,-10.0,"[20.0, 20.0]","[3644.93333333, 3644.93333333]",0.08,90.0,gabors,20.0,4.0,0.25021244,175,,,0,,False,4,train,2
890,0.0,310.54278,310.79299,null,0.8,null,20.0,"[20.0, 20.0]","[3644.93333333, 3644.93333333]",0.08,90.0,gabors,-40.0,4.0,0.25021244,67,,,0,,False,4,train,2
891,0.0,310.79299,311.0432,null,0.8,null,-30.0,"[20.0, 20.0]","[3644.93333333, 3644.93333333]",0.08,90.0,gabors,30.0,4.0,0.25021244,33,,,0,,False,6,train,2
892,0.0,311.0432,311.29342,null,0.8,null,10.0,"[20.0, 20.0]","[3644.93333333, 3644.93333333]",0.08,90.0,gabors,-40.0,4.0,0.25021244,183,,,0,,False,3,train,2
893,0.0,311.29342,311.54362,null,0.8,null,-40.0,"[20.0, 20.0]","[3644.93333333, 3644.93333333]",0.08,90.0,gabors,20.0,4.0,0.25020756,213,,,0,,False,2,test,2
894,0.0,311.54362,311.79383,null,0.8,null,30.0,"[20.0, 20.0]","[3644.93333333, 3644.93333333]",0.08,90.0,gabors,0.0,4.0,0.25020756,11,,,0,,False,2,test,2
895,0.0,311.79383,312.04404,null,0.8,null,-20.0,"[20.0, 20.0]","[3644.93333333, 3644.93333333]",0.08,45.0,gabors,-20.0,4.0,0.25020756,184,,,0,,False,2,test,1
896,0.0,312.04404,312.29425,null,0.8,null,0.0,"[20.0, 20.0]","[3644.93333333, 3644.93333333]",0.08,45.0,gabors,-10.0,4.0,0.25020756,23,,,0,,False,3,train,1
897,0.0,312.29425,312.54446,null,0.8,null,40.0,"[20.0, 20.0]","[3644.93333333, 3644.93333333]",0.08,90.0,gabors,0.0,4.0,0.25021244,128,,,0,,False,3,train,2
898,0.0,312.54446,312.79467,null,0.8,null,-40.0,"[20.0, 20.0]","[3644.93333333, 3644.93333333]",0.08,45.0,gabors,-40.0,4.0,0.25021244,31,,,0,,False,3,train,1
899,0.0,312.79467,313.04488,null,0.8,null,20.0,"[20.0, 20.0]","[3644.93333333, 3644.93333333]",0.08,0.0,gabors,-40.0,4.0,0.25021244,75,,,0,,False,5,test,0
900,0.0,313.04488,313.2951,null,0.8,null,-20.0,"[20.0, 20.0]","[3644.93333333, 3644.93333333]",0.08,45.0,gabors,20.0,4.0,0.25021244,60,,,0,,False,4,train,1
901,0.0,313.2951,313.5453,null,0.8,null,-20.0,"[20.0, 20.0]","[3644.93333333, 3644.93333333]",0.08,45.0,gabors,-10.0,4.0,0.25020256,86,,,0,,False,2,test,1
902,0.0,313.5453,313.7955,null,0.8,null,20.0,"[20.0, 20.0]","[3644.93333333, 3644.93333333]",0.08,45.0,gabors,10.0,4.0,0.25020256,217,,,0,,False,2,test,1
903,0.0,313.7955,314.0457,null,0.8,null,-10.0,"[20.0, 20.0]","[3644.93333333, 3644.93333333]",0.08,0.0,gabors,-10.0,4.0,0.25020256,78,,,0,,False,4,train,0
904,0.0,314.0457,314.29591,null,0.8,null,40.0,"[20.0, 20.0]","[3644.93333333, 3644.93333333]",0.08,90.0,gabors,-30.0,4.0,0.25020256,127,,,0,,False,2,test,2
905,0.0,314.29591,314.54612,null,0.8,null,0.0,"[20.0, 20.0]","[3644.93333333, 3644.93333333]",0.08,45.0,gabors,0.0,4.0,0.25021244,134,,,0,,False,2,test,1
906,0.0,314.54612,314.79633,null,0.8,null,30.0,"[20.0, 20.0]","[3644.93333333, 3644.93333333]",0.08,45.0,gabors,30.0,4.0,0.25021244,206,,,0,,False,2,test,1
907,0.0,314.79633,315.04654,null,0.8,null,0.0,"[20.0, 20.0]","[3644.93333333, 3644.93333333]",0.08,45.0,gabors,-40.0,4.0,0.25021244,82,,,0,,False,5,test,1
908,0.0,315.04654,315.29676,null,0.8,null,-30.0,"[20.0, 20.0]","[3644.93333333, 3644.93333333]",0.08,90.0,gabors,20.0,4.0,0.25021244,38,,,0,,False,5,test,2
909,0.0,315.29676,315.54698,null,0.8,null,-20.0,"[20.0, 20.0]","[3644.93333333, 3644.93333333]",0.08,90.0,gabors,10.0,4.0,0.25022256,119,,,0,,False,4,train,2
910,0.0,315.54698,315.7972,null,0.8,null,0.0,"[20.0, 20.0]","[3644.93333333, 3644.93333333]",0.08,45.0,gabors,-20.0,4.0,0.25022256,182,,,0,,False,2,test,1
911,0.0,315.7972,316.04742,null,0.8,null,30.0,"[20.0, 20.0]","[3644.93333333, 3644.93333333]",0.08,0.0,gabors,-30.0,4.0,0.25022256,171,,,0,,False,2,test,0
912,0.0,316.04742,316.29765,null,0.8,null,40.0,"[20.0, 20.0]","[3644.93333333, 3644.93333333]",0.08,90.0,gabors,20.0,4.0,0.25022256,163,,,0,,False,2,test,2
913,0.0,316.29765,316.54784,null,0.8,null,-40.0,"[20.0, 20.0]","[3644.93333333, 3644.93333333]",0.08,90.0,gabors,-20.0,4.0,0.25019744,72,,,0,,False,5,test,2
914,0.0,316.54784,316.79804,null,0.8,null,-10.0,"[20.0, 20.0]","[3644.93333333, 3644.93333333]",0.08,45.0,gabors,-10.0,4.0,0.25019744,216,,,0,,False,2,test,1
915,0.0,316.79804,317.04824,null,0.8,null,20.0,"[20.0, 20.0]","[3644.93333333, 3644.93333333]",0.08,0.0,gabors,-30.0,4.0,0.25019744,238,,,0,,False,2,test,0
916,0.0,317.04824,317.29844,null,0.8,null,-20.0,"[20.0, 20.0]","[3644.93333333, 3644.93333333]",0.08,0.0,gabors,-40.0,4.0,0.25019744,117,,,0,,False,2,test,0
917,0.0,317.29844,317.54865,null,0.8,null,10.0,"[20.0, 20.0]","[3644.93333333, 3644.93333333]",0.08,0.0,gabors,0.0,4.0,0.25021006,205,,,0,,False,4,train,0
918,0.0,317.54865,317.79886,null,0.8,null,-10.0,"[20.0, 20.0]","[3644.93333333, 3644.93333333]",0.08,45.0,gabors,10.0,4.0,0.25021006,123,,,0,,False,5,test,1
919,0.0,317.79886,318.04907,null,0.8,null,30.0,"[20.0, 20.0]","[3644.93333333, 3644.93333333]",0.08,0.0,gabors,-20.0,4.0,0.25021006,148,,,0,,False,2,test,0
920,0.0,318.04907,318.29928,null,0.8,null,20.0,"[20.0, 20.0]","[3644.93333333, 3644.93333333]",0.08,0.0,gabors,-20.0,4.0,0.25021006,96,,,0,,False,5,test,0
921,0.0,318.29928,318.54948,null,0.8,null,30.0,"[20.0, 20.0]","[3644.93333333, 3644.93333333]",0.08,0.0,gabors,40.0,4.0,0.25020494,133,,,0,,False,4,train,0
922,0.0,318.54948,318.79969,null,0.8,null,-30.0,"[20.0, 20.0]","[3644.93333333, 3644.93333333]",0.08,90.0,gabors,-20.0,4.0,0.25020494,160,,,0,,False,5,test,2
923,0.0,318.79969,319.04989,null,0.8,null,-20.0,"[20.0, 20.0]","[3644.93333333, 3644.93333333]",0.08,90.0,gabors,-20.0,4.0,0.25020494,135,,,0,,False,5,test,2
924,0.0,319.04989,319.3001,null,0.8,null,-40.0,"[20.0, 20.0]","[3644.93333333, 3644.93333333]",0.08,45.0,gabors,20.0,4.0,0.25020494,151,,,0,,False,3,train,1
925,0.0,319.3001,319.55032,null,0.8,null,0.0,"[20.0, 20.0]","[3644.93333333, 3644.93333333]",0.08,0.0,gabors,30.0,4.0,0.25022006,74,,,0,,False,3,train,0
926,0.0,319.55032,319.80054,null,0.8,null,0.0,"[20.0, 20.0]","[3644.93333333, 3644.93333333]",0.08,90.0,gabors,-40.0,4.0,0.25022006,192,,,0,,False,3,train,2
927,0.0,319.80054,320.05076,null,0.8,null,40.0,"[20.0, 20.0]","[3644.93333333, 3644.93333333]",0.08,90.0,gabors,-40.0,4.0,0.25022006,180,,,0,,False,4,train,2
928,0.0,320.05076,320.30098,null,0.8,null,20.0,"[20.0, 20.0]","[3644.93333333, 3644.93333333]",0.08,0.0,gabors,20.0,4.0,0.25022006,41,,,0,,False,4,train,0
929,0.0,320.30098,320.55118,null,0.8,null,-40.0,"[20.0, 20.0]","[3644.93333333, 3644.93333333]",0.08,0.0,gabors,0.0,4.0,0.25020244,228,,,0,,False,5,test,0
930,0.0,320.55118,320.80138,null,0.8,null,30.0,"[20.0, 20.0]","[3644.93333333, 3644.93333333]",0.08,0.0,gabors,40.0,4.0,0.25020244,133,,,0,,False,5,test,0
931,0.0,320.80138,321.05158,null,0.8,null,-10.0,"[20.0, 20.0]","[3644.93333333, 3644.93333333]",0.08,45.0,gabors,30.0,4.0,0.25020244,89,,,0,,False,5,test,1
932,0.0,321.05158,321.30179,null,0.8,null,-40.0,"[20.0, 20.0]","[3644.93333333, 3644.93333333]",0.08,0.0,gabors,-10.0,4.0,0.25020244,141,,,0,,False,3,train,0
933,0.0,321.30179,321.55199,null,0.8,null,0.0,"[20.0, 20.0]","[3644.93333333, 3644.93333333]",0.08,0.0,gabors,-40.0,4.0,0.25020506,199,,,0,,False,7,train,0
934,0.0,321.55199,321.8022,null,0.8,null,-30.0,"[20.0, 20.0]","[3644.93333333, 3644.93333333]",0.08,45.0,gabors,-20.0,4.0,0.25020506,181,,,0,,False,4,train,1
935,0.0,321.8022,322.0524,null,0.8,null,40.0,"[20.0, 20.0]","[3644.93333333, 3644.93333333]",0.08,0.0,gabors,10.0,4.0,0.25020506,212,,,0,,False,4,train,0
936,0.0,322.0524,322.30261,null,0.8,null,0.0,"[20.0, 20.0]","[3644.93333333, 3644.93333333]",0.08,0.0,gabors,20.0,4.0,0.25020506,195,,,0,,False,6,train,0
937,0.0,322.30261,322.55282,null,0.8,null,40.0,"[20.0, 20.0]","[3644.93333333, 3644.93333333]",0.08,45.0,gabors,10.0,4.0,0.25021244,4,,,0,,False,1,train,1
938,0.0,322.55282,322.80303,null,0.8,null,10.0,"[20.0, 20.0]","[3644.93333333, 3644.93333333]",0.08,45.0,gabors,-30.0,4.0,0.25021244,236,,,0,,False,2,test,1
939,0.0,322.80303,323.05324,null,0.8,null,-30.0,"[20.0, 20.0]","[3644.93333333, 3644.93333333]",0.08,90.0,gabors,10.0,4.0,0.25021244,20,,,0,,False,2,test,2
940,0.0,323.05324,323.30346,null,0.8,null,-10.0,"[20.0, 20.0]","[3644.93333333, 3644.93333333]",0.08,90.0,gabors,10.0,4.0,0.25021244,114,,,0,,False,7,train,2
941,0.0,323.30346,323.55367,null,0.8,null,20.0,"[20.0, 20.0]","[3644.93333333, 3644.93333333]",0.08,45.0,gabors,-40.0,4.0,0.25021006,201,,,0,,False,1,train,1
942,0.0,323.55367,323.80388,null,0.8,null,-30.0,"[20.0, 20.0]","[3644.93333333, 3644.93333333]",0.08,0.0,gabors,40.0,4.0,0.25021006,97,,,0,,False,3,train,0
943,0.0,323.80388,324.05409,null,0.8,null,-40.0,"[20.0, 20.0]","[3644.93333333, 3644.93333333]",0.08,45.0,gabors,30.0,4.0,0.25021006,144,,,0,,False,4,train,1
944,0.0,324.05409,324.3043,null,0.8,null,30.0,"[20.0, 20.0]","[3644.93333333, 3644.93333333]",0.08,45.0,gabors,30.0,4.0,0.25021006,206,,,0,,False,3,train,1
945,0.0,324.3043,324.5545,null,0.8,null,-10.0,"[20.0, 20.0]","[3644.93333333, 3644.93333333]",0.08,90.0,gabors,20.0,4.0,0.25020494,175,,,0,,False,5,test,2
946,0.0,324.5545,324.80471,null,0.8,null,-40.0,"[20.0, 20.0]","[3644.93333333, 3644.93333333]",0.08,90.0,gabors,30.0,4.0,0.25020494,53,,,0,,False,5,test,2
947,0.0,324.80471,325.05491,null,0.8,null,0.0,"[20.0, 20.0]","[3644.93333333, 3644.93333333]",0.08,45.0,gabors,-30.0,4.0,0.25020494,91,,,0,,False,3,train,1
948,0.0,325.05491,325.30512,null,0.8,null,-30.0,"[20.0, 20.0]","[3644.93333333, 3644.93333333]",0.08,90.0,gabors,10.0,4.0,0.25020494,20,,,0,,False,3,train,2
949,0.0,325.30512,325.55532,null,0.8,null,-30.0,"[20.0, 20.0]","[3644.93333333, 3644.93333333]",0.08,45.0,gabors,0.0,4.0,0.25020506,22,,,0,,False,4,train,1
950,0.0,325.55532,325.80553,null,0.8,null,30.0,"[20.0, 20.0]","[3644.93333333, 3644.93333333]",0.08,90.0,gabors,30.0,4.0,0.25020506,241,,,0,,False,0,train,2
951,0.0,325.80553,326.05573,null,0.8,null,10.0,"[20.0, 20.0]","[3644.93333333, 3644.93333333]",0.08,90.0,gabors,-10.0,4.0,0.25020506,102,,,0,,False,3,train,2
952,0.0,326.05573,326.30594,null,0.8,null,-20.0,"[20.0, 20.0]","[3644.93333333, 3644.93333333]",0.08,0.0,gabors,0.0,4.0,0.25020506,46,,,0,,False,3,train,0
953,0.0,326.30594,326.55615,null,0.8,null,30.0,"[20.0, 20.0]","[3644.93333333, 3644.93333333]",0.08,90.0,gabors,0.0,4.0,0.25021244,11,,,0,,False,3,train,2
954,0.0,326.55615,326.80636,null,0.8,null,-20.0,"[20.0, 20.0]","[3644.93333333, 3644.93333333]",0.08,0.0,gabors,-40.0,4.0,0.25021244,117,,,0,,False,3,train,0
955,0.0,326.80636,327.05657,null,0.8,null,-40.0,"[20.0, 20.0]","[3644.93333333, 3644.93333333]",0.08,0.0,gabors,20.0,4.0,0.25021244,8,,,0,,False,1,train,0
956,0.0,327.05657,327.30679,null,0.8,null,40.0,"[20.0, 20.0]","[3644.93333333, 3644.93333333]",0.08,45.0,gabors,0.0,4.0,0.25021244,73,,,0,,False,4,train,1
957,0.0,327.30679,327.557,null,0.8,null,-30.0,"[20.0, 20.0]","[3644.93333333, 3644.93333333]",0.08,45.0,gabors,-10.0,4.0,0.25021256,56,,,0,,False,5,test,1
958,0.0,327.557,327.80721,null,0.8,null,-30.0,"[20.0, 20.0]","[3644.93333333, 3644.93333333]",0.08,45.0,gabors,-20.0,4.0,0.25021256,181,,,0,,False,5,test,1
959,0.0,327.80721,328.05742,null,0.8,null,-10.0,"[20.0, 20.0]","[3644.93333333, 3644.93333333]",0.08,0.0,gabors,30.0,4.0,0.25021256,227,,,0,,False,1,train,0
960,0.0,328.05742,328.30764,null,0.8,null,-40.0,"[20.0, 20.0]","[3644.93333333, 3644.93333333]",0.08,0.0,gabors,-30.0,4.0,0.25021256,61,,,0,,False,3,train,0
961,0.0,328.30764,328.55784,null,0.8,null,-20.0,"[20.0, 20.0]","[3644.93333333, 3644.93333333]",0.08,45.0,gabors,-40.0,4.0,0.25020744,77,,,0,,False,5,test,1
962,0.0,328.55784,328.80805,null,0.8,null,-10.0,"[20.0, 20.0]","[3644.93333333, 3644.93333333]",0.08,0.0,gabors,-20.0,4.0,0.25020744,176,,,0,,False,1,train,0
963,0.0,328.80805,329.05826,null,0.8,null,10.0,"[20.0, 20.0]","[3644.93333333, 3644.93333333]",0.08,45.0,gabors,-10.0,4.0,0.25020744,143,,,0,,False,2,test,1
964,0.0,329.05826,329.30847,null,0.8,null,20.0,"[20.0, 20.0]","[3644.93333333, 3644.93333333]",0.08,90.0,gabors,40.0,4.0,0.25020744,52,,,0,,False,4,train,2
965,0.0,329.30847,329.55868,null,0.8,null,-40.0,"[20.0, 20.0]","[3644.93333333, 3644.93333333]",0.08,0.0,gabors,-20.0,4.0,0.25021006,70,,,0,,False,6,train,0
966,0.0,329.55868,329.80889,null,0.8,null,40.0,"[20.0, 20.0]","[3644.93333333, 3644.93333333]",0.08,45.0,gabors,-10.0,4.0,0.25021006,149,,,0,,False,7,train,1
967,0.0,329.80889,330.0591,null,0.8,null,-20.0,"[20.0, 20.0]","[3644.93333333, 3644.93333333]",0.08,90.0,gabors,-40.0,4.0,0.25021006,209,,,0,,False,3,train,2
968,0.0,330.0591,330.30931,null,0.8,null,40.0,"[20.0, 20.0]","[3644.93333333, 3644.93333333]",0.08,90.0,gabors,40.0,4.0,0.25021006,200,,,0,,False,3,train,2
969,0.0,330.30931,330.55951,null,0.8,null,10.0,"[20.0, 20.0]","[3644.93333333, 3644.93333333]",0.08,90.0,gabors,-20.0,4.0,0.25020744,25,,,0,,False,4,train,2
970,0.0,330.55951,330.80972,null,0.8,null,-20.0,"[20.0, 20.0]","[3644.93333333, 3644.93333333]",0.08,90.0,gabors,-10.0,4.0,0.25020744,220,,,0,,False,2,test,2
971,0.0,330.80972,331.05993,null,0.8,null,40.0,"[20.0, 20.0]","[3644.93333333, 3644.93333333]",0.08,90.0,gabors,40.0,4.0,0.25020744,200,,,0,,False,4,train,2
972,0.0,331.05993,331.31014,null,0.8,null,20.0,"[20.0, 20.0]","[3644.93333333, 3644.93333333]",0.08,45.0,gabors,0.0,4.0,0.25020744,155,,,0,,False,2,test,1
973,0.0,331.31014,331.56034,null,0.8,null,10.0,"[20.0, 20.0]","[3644.93333333, 3644.93333333]",0.08,45.0,gabors,20.0,4.0,0.25020756,115,,,0,,False,3,train,1
974,0.0,331.56034,331.81055,null,0.8,null,-30.0,"[20.0, 20.0]","[3644.93333333, 3644.93333333]",0.08,45.0,gabors,0.0,4.0,0.25020756,22,,,0,,False,5,test,1
975,0.0,331.81055,332.06076,null,0.8,null,-20.0,"[20.0, 20.0]","[3644.93333333, 3644.93333333]",0.08,90.0,gabors,-30.0,4.0,0.25020756,145,,,0,,False,4,train,2
976,0.0,332.06076,332.31097,null,0.8,null,-20.0,"[20.0, 20.0]","[3644.93333333, 3644.93333333]",0.08,45.0,gabors,-20.0,4.0,0.25020756,184,,,0,,False,3,train,1
977,0.0,332.31097,332.56118,null,0.8,null,10.0,"[20.0, 20.0]","[3644.93333333, 3644.93333333]",0.08,0.0,gabors,20.0,4.0,0.25021244,179,,,0,,False,4,train,0
978,0.0,332.56118,332.81139,null,0.8,null,0.0,"[20.0, 20.0]","[3644.93333333, 3644.93333333]",0.08,90.0,gabors,-20.0,4.0,0.25021244,45,,,0,,False,4,train,2
979,0.0,332.81139,333.0616,null,0.8,null,0.0,"[20.0, 20.0]","[3644.93333333, 3644.93333333]",0.08,0.0,gabors,-10.0,4.0,0.25021244,221,,,0,,False,1,train,0
980,0.0,333.0616,333.31182,null,0.8,null,20.0,"[20.0, 20.0]","[3644.93333333, 3644.93333333]",0.08,90.0,gabors,30.0,4.0,0.25021244,6,,,0,,False,2,test,2
981,0.0,333.31182,333.56202,null,0.8,null,-40.0,"[20.0, 20.0]","[3644.93333333, 3644.93333333]",0.08,90.0,gabors,40.0,4.0,0.25020006,34,,,0,,False,3,train,2
982,0.0,333.56202,333.81222,null,0.8,null,0.0,"[20.0, 20.0]","[3644.93333333, 3644.93333333]",0.08,45.0,gabors,-20.0,4.0,0.25020006,182,,,0,,False,3,train,1
983,0.0,333.81222,334.06242,null,0.8,null,-30.0,"[20.0, 20.0]","[3644.93333333, 3644.93333333]",0.08,90.0,gabors,20.0,4.0,0.25020006,38,,,0,,False,6,train,2
984,0.0,334.06242,334.31262,null,0.8,null,30.0,"[20.0, 20.0]","[3644.93333333, 3644.93333333]",0.08,45.0,gabors,30.0,4.0,0.25020006,206,,,0,,False,4,train,1
985,0.0,334.31262,334.56283,null,0.8,null,-10.0,"[20.0, 20.0]","[3644.93333333, 3644.93333333]",0.08,90.0,gabors,10.0,4.0,0.25021744,114,,,0,,False,8,test,2
986,0.0,334.56283,334.81305,null,0.8,null,40.0,"[20.0, 20.0]","[3644.93333333, 3644.93333333]",0.08,90.0,gabors,-20.0,4.0,0.25021744,95,,,0,,False,5,test,2
987,0.0,334.81305,335.06327,null,0.8,null,10.0,"[20.0, 20.0]","[3644.93333333, 3644.93333333]",0.08,90.0,gabors,30.0,4.0,0.25021744,14,,,0,,False,5,test,2
988,0.0,335.06327,335.31349,null,0.8,null,30.0,"[20.0, 20.0]","[3644.93333333, 3644.93333333]",0.08,45.0,gabors,30.0,4.0,0.25021744,206,,,0,,False,5,test,1
989,0.0,335.31349,335.5637,null,0.8,null,40.0,"[20.0, 20.0]","[3644.93333333, 3644.93333333]",0.08,0.0,gabors,40.0,4.0,0.25021506,230,,,0,,False,6,train,0
990,0.0,335.5637,335.81392,null,0.8,null,-10.0,"[20.0, 20.0]","[3644.93333333, 3644.93333333]",0.08,0.0,gabors,10.0,4.0,0.25021506,100,,,0,,False,4,train,0
991,0.0,335.81392,336.06413,null,0.8,null,40.0,"[20.0, 20.0]","[3644.93333333, 3644.93333333]",0.08,45.0,gabors,-30.0,4.0,0.25021506,103,,,0,,False,2,test,1
992,0.0,336.06413,336.31435,null,0.8,null,-20.0,"[20.0, 20.0]","[3644.93333333, 3644.93333333]",0.08,45.0,gabors,-10.0,4.0,0.25021506,86,,,0,,False,3,train,1
993,0.0,336.31435,336.56455,null,0.8,null,-10.0,"[20.0, 20.0]","[3644.93333333, 3644.93333333]",0.08,45.0,gabors,10.0,4.0,0.25020244,123,,,0,,False,6,train,1
994,0.0,336.56455,336.81475,null,0.8,null,20.0,"[20.0, 20.0]","[3644.93333333, 3644.93333333]",0.08,0.0,gabors,-10.0,4.0,0.25020244,170,,,0,,False,6,train,0
995,0.0,336.81475,337.06495,null,0.8,null,0.0,"[20.0, 20.0]","[3644.93333333, 3644.93333333]",0.08,45.0,gabors,-10.0,4.0,0.25020244,23,,,0,,False,4,train,1
996,0.0,337.06495,337.31516,null,0.8,null,10.0,"[20.0, 20.0]","[3644.93333333, 3644.93333333]",0.08,90.0,gabors,-40.0,4.0,0.25020244,183,,,0,,False,4,train,2
997,0.0,337.31516,337.56536,null,0.8,null,20.0,"[20.0, 20.0]","[3644.93333333, 3644.93333333]",0.08,0.0,gabors,-40.0,4.0,0.25020756,75,,,0,,False,6,train,0
998,0.0,337.56536,337.81557,null,0.8,null,10.0,"[20.0, 20.0]","[3644.93333333, 3644.93333333]",0.08,0.0,gabors,10.0,4.0,0.25020756,224,,,0,,False,5,test,0
999,0.0,337.81557,338.06578,null,0.8,null,40.0,"[20.0, 20.0]","[3644.93333333, 3644.93333333]",0.08,45.0,gabors,-20.0,4.0,0.25020756,125,,,0,,False,5,test,1
1000,0.0,338.06578,338.31599,null,0.8,null,-20.0,"[20.0, 20.0]","[3644.93333333, 3644.93333333]",0.08,90.0,gabors,40.0,4.0,0.25020756,190,,,0,,False,2,test,2
1001,0.0,338.31599,338.5662,null,0.8,null,40.0,"[20.0, 20.0]","[3644.93333333, 3644.93333333]",0.08,90.0,gabors,-30.0,4.0,0.25020994,127,,,0,,False,3,train,2
1002,0.0,338.5662,338.81641,null,0.8,null,-30.0,"[20.0, 20.0]","[3644.93333333, 3644.93333333]",0.08,45.0,gabors,30.0,4.0,0.25020994,159,,,0,,False,4,train,1
1003,0.0,338.81641,339.06662,null,0.8,null,20.0,"[20.0, 20.0]","[3644.93333333, 3644.93333333]",0.08,0.0,gabors,-40.0,4.0,0.25020994,75,,,0,,False,7,train,0
1004,0.0,339.06662,339.31683,null,0.8,null,10.0,"[20.0, 20.0]","[3644.93333333, 3644.93333333]",0.08,0.0,gabors,-10.0,4.0,0.25020994,32,,,0,,False,3,train,0
1005,0.0,339.31683,339.56705,null,0.8,null,-20.0,"[20.0, 20.0]","[3644.93333333, 3644.93333333]",0.08,45.0,gabors,0.0,4.0,0.25022006,94,,,0,,False,4,train,1
1006,0.0,339.56705,339.81727,null,0.8,null,-30.0,"[20.0, 20.0]","[3644.93333333, 3644.93333333]",0.08,0.0,gabors,-30.0,4.0,0.25022006,164,,,0,,False,8,test,0
1007,0.0,339.81727,340.06749,null,0.8,null,-20.0,"[20.0, 20.0]","[3644.93333333, 3644.93333333]",0.08,0.0,gabors,0.0,4.0,0.25022006,46,,,0,,False,4,train,0
1008,0.0,340.06749,340.31771,null,0.8,null,20.0,"[20.0, 20.0]","[3644.93333333, 3644.93333333]",0.08,0.0,gabors,-20.0,4.0,0.25022006,96,,,0,,False,6,train,0
1009,0.0,340.31771,340.5679,null,0.8,null,30.0,"[20.0, 20.0]","[3644.93333333, 3644.93333333]",0.08,90.0,gabors,-40.0,4.0,0.25019744,109,,,0,,False,3,train,2
1010,0.0,340.5679,340.8181,null,0.8,null,-40.0,"[20.0, 20.0]","[3644.93333333, 3644.93333333]",0.08,45.0,gabors,0.0,4.0,0.25019744,208,,,0,,False,3,train,1
1011,0.0,340.8181,341.0683,null,0.8,null,20.0,"[20.0, 20.0]","[3644.93333333, 3644.93333333]",0.08,0.0,gabors,0.0,4.0,0.25019744,7,,,0,,False,5,test,0
1012,0.0,341.0683,341.3185,null,0.8,null,-40.0,"[20.0, 20.0]","[3644.93333333, 3644.93333333]",0.08,90.0,gabors,-40.0,4.0,0.25019744,161,,,0,,False,5,test,2
1013,0.0,341.3185,341.56871,null,0.8,null,-40.0,"[20.0, 20.0]","[3644.93333333, 3644.93333333]",0.08,90.0,gabors,-30.0,4.0,0.25021756,47,,,0,,False,6,train,2
1014,0.0,341.56871,341.81893,null,0.8,null,-10.0,"[20.0, 20.0]","[3644.93333333, 3644.93333333]",0.08,0.0,gabors,40.0,4.0,0.25021756,130,,,0,,False,2,test,0
1015,0.0,341.81893,342.06915,null,0.8,null,10.0,"[20.0, 20.0]","[3644.93333333, 3644.93333333]",0.08,0.0,gabors,40.0,4.0,0.25021756,79,,,0,,False,6,train,0
1016,0.0,342.06915,342.31937,null,0.8,null,10.0,"[20.0, 20.0]","[3644.93333333, 3644.93333333]",0.08,0.0,gabors,-30.0,4.0,0.25021756,242,,,0,,False,0,train,0
1017,0.0,342.31937,342.56957,null,0.8,null,20.0,"[20.0, 20.0]","[3644.93333333, 3644.93333333]",0.08,45.0,gabors,-40.0,4.0,0.25019994,201,,,0,,False,2,test,1
1018,0.0,342.56957,342.81977,null,0.8,null,-20.0,"[20.0, 20.0]","[3644.93333333, 3644.93333333]",0.08,90.0,gabors,-30.0,4.0,0.25019994,145,,,0,,False,5,test,2
1019,0.0,342.81977,343.06997,null,0.8,null,10.0,"[20.0, 20.0]","[3644.93333333, 3644.93333333]",0.08,90.0,gabors,-10.0,4.0,0.25019994,102,,,0,,False,4,train,2
1020,0.0,343.06997,343.32017,null,0.8,null,30.0,"[20.0, 20.0]","[3644.93333333, 3644.93333333]",0.08,0.0,gabors,10.0,4.0,0.25019994,49,,,0,,False,5,test,0
1021,0.0,343.32017,343.57038,null,0.8,null,-40.0,"[20.0, 20.0]","[3644.93333333, 3644.93333333]",0.08,0.0,gabors,-20.0,4.0,0.25021506,70,,,0,,False,7,train,0
1022,0.0,343.57038,343.8206,null,0.8,null,30.0,"[20.0, 20.0]","[3644.93333333, 3644.93333333]",0.08,90.0,gabors,10.0,4.0,0.25021506,87,,,0,,False,5,test,2
1023,0.0,343.8206,344.07081,null,0.8,null,-10.0,"[20.0, 20.0]","[3644.93333333, 3644.93333333]",0.08,90.0,gabors,-40.0,4.0,0.25021506,185,,,0,,False,3,train,2
1024,0.0,344.07081,344.32103,null,0.8,null,-10.0,"[20.0, 20.0]","[3644.93333333, 3644.93333333]",0.08,90.0,gabors,30.0,4.0,0.25021506,140,,,0,,False,5,test,2
1025,0.0,344.32103,344.57123,null,0.8,null,10.0,"[20.0, 20.0]","[3644.93333333, 3644.93333333]",0.08,90.0,gabors,-40.0,4.0,0.25020494,183,,,0,,False,5,test,2
1026,0.0,344.57123,344.82144,null,0.8,null,-20.0,"[20.0, 20.0]","[3644.93333333, 3644.93333333]",0.08,0.0,gabors,10.0,4.0,0.25020494,237,,,0,,False,1,train,0
1027,0.0,344.82144,345.07164,null,0.8,null,30.0,"[20.0, 20.0]","[3644.93333333, 3644.93333333]",0.08,0.0,gabors,10.0,4.0,0.25020494,49,,,0,,False,6,train,0
1028,0.0,345.07164,345.32185,null,0.8,null,40.0,"[20.0, 20.0]","[3644.93333333, 3644.93333333]",0.08,90.0,gabors,-40.0,4.0,0.25020494,180,,,0,,False,5,test,2
1029,0.0,345.32185,345.57206,null,0.8,null,30.0,"[20.0, 20.0]","[3644.93333333, 3644.93333333]",0.08,90.0,gabors,40.0,4.0,0.25021506,88,,,0,,False,2,test,2
1030,0.0,345.57206,345.82228,null,0.8,null,20.0,"[20.0, 20.0]","[3644.93333333, 3644.93333333]",0.08,45.0,gabors,-10.0,4.0,0.25021506,193,,,0,,False,1,train,1
1031,0.0,345.82228,346.07249,null,0.8,null,0.0,"[20.0, 20.0]","[3644.93333333, 3644.93333333]",0.08,0.0,gabors,-20.0,4.0,0.25021506,108,,,0,,False,4,train,0
1032,0.0,346.07249,346.32271,null,0.8,null,-10.0,"[20.0, 20.0]","[3644.93333333, 3644.93333333]",0.08,0.0,gabors,-40.0,4.0,0.25021506,37,,,0,,False,4,train,0
1033,0.0,346.32271,346.57291,null,0.8,null,-30.0,"[20.0, 20.0]","[3644.93333333, 3644.93333333]",0.08,0.0,gabors,10.0,4.0,0.25019994,166,,,0,,False,2,test,0
1034,0.0,346.57291,346.82311,null,0.8,null,30.0,"[20.0, 20.0]","[3644.93333333, 3644.93333333]",0.08,45.0,gabors,-10.0,4.0,0.25019994,120,,,0,,False,6,train,1
1035,0.0,346.82311,347.07331,null,0.8,null,-20.0,"[20.0, 20.0]","[3644.93333333, 3644.93333333]",0.08,90.0,gabors,10.0,4.0,0.25019994,119,,,0,,False,5,test,2
1036,0.0,347.07331,347.32351,null,0.8,null,30.0,"[20.0, 20.0]","[3644.93333333, 3644.93333333]",0.08,0.0,gabors,10.0,4.0,0.25019994,49,,,0,,False,7,train,0
1037,0.0,347.32351,347.57372,null,0.8,null,-20.0,"[20.0, 20.0]","[3644.93333333, 3644.93333333]",0.08,0.0,gabors,-10.0,4.0,0.25021256,223,,,0,,False,2,test,0
1038,0.0,347.57372,347.82393,null,0.8,null,-20.0,"[20.0, 20.0]","[3644.93333333, 3644.93333333]",0.08,90.0,gabors,-20.0,4.0,0.25021256,135,,,0,,False,6,train,2
1039,0.0,347.82393,348.07414,null,0.8,null,-20.0,"[20.0, 20.0]","[3644.93333333, 3644.93333333]",0.08,90.0,gabors,10.0,4.0,0.25021256,119,,,0,,False,6,train,2
1040,0.0,348.07414,348.32436,null,0.8,null,20.0,"[20.0, 20.0]","[3644.93333333, 3644.93333333]",0.08,45.0,gabors,30.0,4.0,0.25021256,118,,,0,,False,2,test,1
1041,0.0,348.32436,348.57456,null,0.8,null,40.0,"[20.0, 20.0]","[3644.93333333, 3644.93333333]",0.08,0.0,gabors,40.0,4.0,0.25020744,230,,,0,,False,7,train,0
1042,0.0,348.57456,348.82477,null,0.8,null,-20.0,"[20.0, 20.0]","[3644.93333333, 3644.93333333]",0.08,45.0,gabors,0.0,4.0,0.25020744,94,,,0,,False,5,test,1
1043,0.0,348.82477,349.07498,null,0.8,null,20.0,"[20.0, 20.0]","[3644.93333333, 3644.93333333]",0.08,45.0,gabors,-10.0,4.0,0.25020744,193,,,0,,False,2,test,1
1044,0.0,349.07498,349.32519,null,0.8,null,-40.0,"[20.0, 20.0]","[3644.93333333, 3644.93333333]",0.08,0.0,gabors,10.0,4.0,0.25020744,203,,,0,,False,1,train,0
1045,0.0,349.32519,349.5754,null,0.8,null,-10.0,"[20.0, 20.0]","[3644.93333333, 3644.93333333]",0.08,0.0,gabors,40.0,4.0,0.25021006,130,,,0,,False,3,train,0
1046,0.0,349.5754,349.82561,null,0.8,null,0.0,"[20.0, 20.0]","[3644.93333333, 3644.93333333]",0.08,90.0,gabors,-40.0,4.0,0.25021006,192,,,0,,False,4,train,2
1047,0.0,349.82561,350.07582,null,0.8,null,-30.0,"[20.0, 20.0]","[3644.93333333, 3644.93333333]",0.08,0.0,gabors,30.0,4.0,0.25021006,204,,,0,,False,3,train,0
1048,0.0,350.07582,350.32603,null,0.8,null,-20.0,"[20.0, 20.0]","[3644.93333333, 3644.93333333]",0.08,90.0,gabors,0.0,4.0,0.25021006,5,,,0,,False,2,test,2
1049,0.0,350.32603,350.57623,null,0.8,null,-20.0,"[20.0, 20.0]","[3644.93333333, 3644.93333333]",0.08,90.0,gabors,-10.0,4.0,0.25020494,220,,,0,,False,3,train,2
1050,0.0,350.57623,350.82644,null,0.8,null,30.0,"[20.0, 20.0]","[3644.93333333, 3644.93333333]",0.08,0.0,gabors,10.0,4.0,0.25020494,49,,,0,,False,8,test,0
1051,0.0,350.82644,351.07664,null,0.8,null,0.0,"[20.0, 20.0]","[3644.93333333, 3644.93333333]",0.08,90.0,gabors,0.0,4.0,0.25020494,104,,,0,,False,5,test,2
1052,0.0,351.07664,351.32685,null,0.8,null,10.0,"[20.0, 20.0]","[3644.93333333, 3644.93333333]",0.08,0.0,gabors,40.0,4.0,0.25020494,79,,,0,,False,7,train,0
1053,0.0,351.32685,351.57706,null,0.8,null,0.0,"[20.0, 20.0]","[3644.93333333, 3644.93333333]",0.08,45.0,gabors,20.0,4.0,0.25021506,233,,,0,,False,2,test,1
1054,0.0,351.57706,351.82728,null,0.8,null,-30.0,"[20.0, 20.0]","[3644.93333333, 3644.93333333]",0.08,0.0,gabors,-10.0,4.0,0.25021506,122,,,0,,False,1,train,0
1055,0.0,351.82728,352.07749,null,0.8,null,10.0,"[20.0, 20.0]","[3644.93333333, 3644.93333333]",0.08,45.0,gabors,20.0,4.0,0.25021506,115,,,0,,False,4,train,1
1056,0.0,352.07749,352.32771,null,0.8,null,40.0,"[20.0, 20.0]","[3644.93333333, 3644.93333333]",0.08,45.0,gabors,10.0,4.0,0.25021506,4,,,0,,False,2,test,1
1057,0.0,352.32771,352.57791,null,0.8,null,0.0,"[20.0, 20.0]","[3644.93333333, 3644.93333333]",0.08,90.0,gabors,-40.0,4.0,0.25020494,192,,,0,,False,5,test,2
1058,0.0,352.57791,352.82812,null,0.8,null,-20.0,"[20.0, 20.0]","[3644.93333333, 3644.93333333]",0.08,0.0,gabors,40.0,4.0,0.25020494,51,,,0,,False,3,train,0
1059,0.0,352.82812,353.07832,null,0.8,null,30.0,"[20.0, 20.0]","[3644.93333333, 3644.93333333]",0.08,45.0,gabors,20.0,4.0,0.25020494,219,,,0,,False,4,train,1
1060,0.0,353.07832,353.32853,null,0.8,null,0.0,"[20.0, 20.0]","[3644.93333333, 3644.93333333]",0.08,45.0,gabors,-40.0,4.0,0.25020494,82,,,0,,False,6,train,1
1061,0.0,353.32853,353.57873,null,0.8,null,10.0,"[20.0, 20.0]","[3644.93333333, 3644.93333333]",0.08,0.0,gabors,-40.0,4.0,0.25020756,111,,,0,,False,3,train,0
1062,0.0,353.57873,353.82894,null,0.8,null,10.0,"[20.0, 20.0]","[3644.93333333, 3644.93333333]",0.08,45.0,gabors,-10.0,4.0,0.25020756,143,,,0,,False,3,train,1
1063,0.0,353.82894,354.07915,null,0.8,null,20.0,"[20.0, 20.0]","[3644.93333333, 3644.93333333]",0.08,90.0,gabors,-40.0,4.0,0.25020756,67,,,0,,False,5,test,2
1064,0.0,354.07915,354.32936,null,0.8,null,20.0,"[20.0, 20.0]","[3644.93333333, 3644.93333333]",0.08,0.0,gabors,40.0,4.0,0.25020756,63,,,0,,False,5,test,0
1065,0.0,354.32936,354.57957,null,0.8,null,20.0,"[20.0, 20.0]","[3644.93333333, 3644.93333333]",0.08,45.0,gabors,20.0,4.0,0.25021244,168,,,0,,False,5,test,1
1066,0.0,354.57957,354.82978,null,0.8,null,-30.0,"[20.0, 20.0]","[3644.93333333, 3644.93333333]",0.08,90.0,gabors,-40.0,4.0,0.25021244,39,,,0,,False,4,train,2
1067,0.0,354.82978,355.07999,null,0.8,null,-40.0,"[20.0, 20.0]","[3644.93333333, 3644.93333333]",0.08,0.0,gabors,-40.0,4.0,0.25021244,139,,,0,,False,7,train,0
1068,0.0,355.07999,355.33021,null,0.8,null,20.0,"[20.0, 20.0]","[3644.93333333, 3644.93333333]",0.08,90.0,gabors,-10.0,4.0,0.25021244,156,,,0,,False,4,train,2
1069,0.0,355.33021,355.58042,null,0.8,null,-20.0,"[20.0, 20.0]","[3644.93333333, 3644.93333333]",0.08,45.0,gabors,-30.0,4.0,0.25021256,48,,,0,,False,4,train,1
1070,0.0,355.58042,355.83063,null,0.8,null,-20.0,"[20.0, 20.0]","[3644.93333333, 3644.93333333]",0.08,45.0,gabors,-40.0,4.0,0.25021256,77,,,0,,False,6,train,1
1071,0.0,355.83063,356.08084,null,0.8,null,40.0,"[20.0, 20.0]","[3644.93333333, 3644.93333333]",0.08,90.0,gabors,20.0,4.0,0.25021256,163,,,0,,False,3,train,2
1072,0.0,356.08084,356.33106,null,0.8,null,-40.0,"[20.0, 20.0]","[3644.93333333, 3644.93333333]",0.08,0.0,gabors,-30.0,4.0,0.25021256,61,,,0,,False,4,train,0
1073,0.0,356.33106,356.58126,null,0.8,null,-30.0,"[20.0, 20.0]","[3644.93333333, 3644.93333333]",0.08,90.0,gabors,30.0,4.0,0.25020244,33,,,0,,False,7,train,2
1074,0.0,356.58126,356.83146,null,0.8,null,0.0,"[20.0, 20.0]","[3644.93333333, 3644.93333333]",0.08,45.0,gabors,-20.0,4.0,0.25020244,182,,,0,,False,4,train,1
1075,0.0,356.83146,357.08166,null,0.8,null,40.0,"[20.0, 20.0]","[3644.93333333, 3644.93333333]",0.08,45.0,gabors,40.0,4.0,0.25020244,214,,,0,,False,2,test,1
1076,0.0,357.08166,357.33187,null,0.8,null,-40.0,"[20.0, 20.0]","[3644.93333333, 3644.93333333]",0.08,45.0,gabors,0.0,4.0,0.25020244,208,,,0,,False,4,train,1
1077,0.0,357.33187,357.58207,null,0.8,null,40.0,"[20.0, 20.0]","[3644.93333333, 3644.93333333]",0.08,90.0,gabors,10.0,4.0,0.25020756,150,,,0,,False,2,test,2
1078,0.0,357.58207,357.83228,null,0.8,null,-10.0,"[20.0, 20.0]","[3644.93333333, 3644.93333333]",0.08,0.0,gabors,-30.0,4.0,0.25020756,54,,,0,,False,5,test,0
1079,0.0,357.83228,358.08249,null,0.8,null,-10.0,"[20.0, 20.0]","[3644.93333333, 3644.93333333]",0.08,90.0,gabors,40.0,4.0,0.25020756,157,,,0,,False,3,train,2
1080,0.0,358.08249,358.3327,null,0.8,null,10.0,"[20.0, 20.0]","[3644.93333333, 3644.93333333]",0.08,45.0,gabors,30.0,4.0,0.25020756,167,,,0,,False,4,train,1
1081,0.0,358.3327,358.58291,null,0.8,null,30.0,"[20.0, 20.0]","[3644.93333333, 3644.93333333]",0.08,0.0,gabors,30.0,4.0,0.25021244,43,,,0,,False,4,train,0
1082,0.0,358.58291,358.83312,null,0.8,null,0.0,"[20.0, 20.0]","[3644.93333333, 3644.93333333]",0.08,90.0,gabors,30.0,4.0,0.25021244,146,,,0,,False,4,train,2
1083,0.0,358.83312,359.08333,null,0.8,null,-20.0,"[20.0, 20.0]","[3644.93333333, 3644.93333333]",0.08,0.0,gabors,-40.0,4.0,0.25021244,117,,,0,,False,4,train,0
1084,0.0,359.08333,359.33355,null,0.8,null,-30.0,"[20.0, 20.0]","[3644.93333333, 3644.93333333]",0.08,90.0,gabors,-40.0,4.0,0.25021244,39,,,0,,False,5,test,2
1085,0.0,359.33355,359.58376,null,0.8,null,10.0,"[20.0, 20.0]","[3644.93333333, 3644.93333333]",0.08,45.0,gabors,10.0,4.0,0.25021256,9,,,0,,False,2,test,1
1086,0.0,359.58376,359.83397,null,0.8,null,-10.0,"[20.0, 20.0]","[3644.93333333, 3644.93333333]",0.08,90.0,gabors,20.0,4.0,0.25021256,175,,,0,,False,6,train,2
1087,0.0,359.83397,360.08418,null,0.8,null,-40.0,"[20.0, 20.0]","[3644.93333333, 3644.93333333]",0.08,90.0,gabors,0.0,4.0,0.25021256,198,,,0,,False,4,train,2
1088,0.0,360.08418,360.3344,null,0.8,null,0.0,"[20.0, 20.0]","[3644.93333333, 3644.93333333]",0.08,45.0,gabors,40.0,4.0,0.25021256,131,,,0,,False,3,train,1
1089,0.0,360.3344,360.5846,null,0.8,null,10.0,"[20.0, 20.0]","[3644.93333333, 3644.93333333]",0.08,0.0,gabors,-20.0,4.0,0.25020244,153,,,0,,False,3,train,0
1090,0.0,360.5846,360.8348,null,0.8,null,10.0,"[20.0, 20.0]","[3644.93333333, 3644.93333333]",0.08,0.0,gabors,-30.0,4.0,0.25020244,242,,,0,,False,1,train,0
1091,0.0,360.8348,361.085,null,0.8,null,30.0,"[20.0, 20.0]","[3644.93333333, 3644.93333333]",0.08,90.0,gabors,-40.0,4.0,0.25020244,109,,,0,,False,4,train,2
1092,0.0,361.085,361.33521,null,0.8,null,-40.0,"[20.0, 20.0]","[3644.93333333, 3644.93333333]",0.08,90.0,gabors,30.0,4.0,0.25020244,53,,,0,,False,6,train,2
1093,0.0,361.33521,361.58542,null,0.8,null,-30.0,"[20.0, 20.0]","[3644.93333333, 3644.93333333]",0.08,90.0,gabors,20.0,4.0,0.25021506,38,,,0,,False,7,train,2
1094,0.0,361.58542,361.83564,null,0.8,null,-30.0,"[20.0, 20.0]","[3644.93333333, 3644.93333333]",0.08,0.0,gabors,-20.0,4.0,0.25021506,81,,,0,,False,4,train,0
1095,0.0,361.83564,362.08585,null,0.8,null,-30.0,"[20.0, 20.0]","[3644.93333333, 3644.93333333]",0.08,0.0,gabors,-40.0,4.0,0.25021506,243,,,0,,False,0,train,0
1096,0.0,362.08585,362.33607,null,0.8,null,-40.0,"[20.0, 20.0]","[3644.93333333, 3644.93333333]",0.08,0.0,gabors,40.0,4.0,0.25021506,154,,,0,,False,4,train,0
1097,0.0,362.33607,362.58627,null,0.8,null,40.0,"[20.0, 20.0]","[3644.93333333, 3644.93333333]",0.08,45.0,gabors,30.0,4.0,0.25020744,50,,,0,,False,5,test,1
1098,0.0,362.58627,362.83648,null,0.8,null,10.0,"[20.0, 20.0]","[3644.93333333, 3644.93333333]",0.08,45.0,gabors,-40.0,4.0,0.25020744,15,,,0,,False,5,test,1
1099,0.0,362.83648,363.08669,null,0.8,null,-30.0,"[20.0, 20.0]","[3644.93333333, 3644.93333333]",0.08,90.0,gabors,40.0,4.0,0.25020744,17,,,0,,False,8,test,2
1100,0.0,363.08669,363.3369,null,0.8,null,-30.0,"[20.0, 20.0]","[3644.93333333, 3644.93333333]",0.08,0.0,gabors,40.0,4.0,0.25020744,97,,,0,,False,4,train,0
1101,0.0,363.3369,363.58711,null,0.8,null,40.0,"[20.0, 20.0]","[3644.93333333, 3644.93333333]",0.08,45.0,gabors,20.0,4.0,0.25021256,105,,,0,,False,4,train,1
1102,0.0,363.58711,363.83732,null,0.8,null,-30.0,"[20.0, 20.0]","[3644.93333333, 3644.93333333]",0.08,90.0,gabors,0.0,4.0,0.25021256,239,,,0,,False,2,test,2
1103,0.0,363.83732,364.08753,null,0.8,null,10.0,"[20.0, 20.0]","[3644.93333333, 3644.93333333]",0.08,90.0,gabors,0.0,4.0,0.25021256,44,,,0,,False,7,train,2
1104,0.0,364.08753,364.33775,null,0.8,null,-10.0,"[20.0, 20.0]","[3644.93333333, 3644.93333333]",0.08,45.0,gabors,40.0,4.0,0.25021256,215,,,0,,False,3,train,1
1105,0.0,364.33775,364.58795,null,0.8,null,-40.0,"[20.0, 20.0]","[3644.93333333, 3644.93333333]",0.08,90.0,gabors,-30.0,4.0,0.25020244,47,,,0,,False,7,train,2
1106,0.0,364.58795,364.83815,null,0.8,null,20.0,"[20.0, 20.0]","[3644.93333333, 3644.93333333]",0.08,90.0,gabors,-40.0,4.0,0.25020244,67,,,0,,False,6,train,2
1107,0.0,364.83815,365.08835,null,0.8,null,0.0,"[20.0, 20.0]","[3644.93333333, 3644.93333333]",0.08,0.0,gabors,-20.0,4.0,0.25020244,108,,,0,,False,5,test,0
1108,0.0,365.08835,365.33856,null,0.8,null,10.0,"[20.0, 20.0]","[3644.93333333, 3644.93333333]",0.08,90.0,gabors,-10.0,4.0,0.25020244,102,,,0,,False,5,test,2
1109,0.0,365.33856,365.58877,null,0.8,null,30.0,"[20.0, 20.0]","[3644.93333333, 3644.93333333]",0.08,0.0,gabors,-10.0,4.0,0.25021256,92,,,0,,False,3,train,0
1110,0.0,365.58877,365.83898,null,0.8,null,-10.0,"[20.0, 20.0]","[3644.93333333, 3644.93333333]",0.08,0.0,gabors,10.0,4.0,0.25021256,100,,,0,,False,5,test,0
1111,0.0,365.83898,366.08919,null,0.8,null,30.0,"[20.0, 20.0]","[3644.93333333, 3644.93333333]",0.08,0.0,gabors,-40.0,4.0,0.25021256,124,,,0,,False,3,train,0
1112,0.0,366.08919,366.33941,null,0.8,null,30.0,"[20.0, 20.0]","[3644.93333333, 3644.93333333]",0.08,0.0,gabors,30.0,4.0,0.25021256,43,,,0,,False,5,test,0
1113,0.0,366.33941,366.58961,null,0.8,null,-40.0,"[20.0, 20.0]","[3644.93333333, 3644.93333333]",0.08,90.0,gabors,-20.0,4.0,0.25020494,72,,,0,,False,6,train,2
1114,0.0,366.58961,366.83982,null,0.8,null,0.0,"[20.0, 20.0]","[3644.93333333, 3644.93333333]",0.08,0.0,gabors,30.0,4.0,0.25020494,74,,,0,,False,4,train,0
1115,0.0,366.83982,367.09002,null,0.8,null,20.0,"[20.0, 20.0]","[3644.93333333, 3644.93333333]",0.08,90.0,gabors,20.0,4.0,0.25020494,42,,,0,,False,5,test,2
1116,0.0,367.09002,367.34023,null,0.8,null,-40.0,"[20.0, 20.0]","[3644.93333333, 3644.93333333]",0.08,0.0,gabors,20.0,4.0,0.25020494,8,,,0,,False,2,test,0
1117,0.0,367.34023,367.59044,null,0.8,null,10.0,"[20.0, 20.0]","[3644.93333333, 3644.93333333]",0.08,90.0,gabors,40.0,4.0,0.25021006,12,,,0,,False,4,train,2
1118,0.0,367.59044,367.84065,null,0.8,null,30.0,"[20.0, 20.0]","[3644.93333333, 3644.93333333]",0.08,90.0,gabors,10.0,4.0,0.25021006,87,,,0,,False,6,train,2
1119,0.0,367.84065,368.09086,null,0.8,null,40.0,"[20.0, 20.0]","[3644.93333333, 3644.93333333]",0.08,45.0,gabors,-10.0,4.0,0.25021006,149,,,0,,False,8,test,1
1120,0.0,368.09086,368.34107,null,0.8,null,0.0,"[20.0, 20.0]","[3644.93333333, 3644.93333333]",0.08,90.0,gabors,30.0,4.0,0.25021006,146,,,0,,False,5,test,2
1121,0.0,368.34107,368.59128,null,0.8,null,0.0,"[20.0, 20.0]","[3644.93333333, 3644.93333333]",0.08,90.0,gabors,-40.0,4.0,0.25020994,192,,,0,,False,6,train,2
1122,0.0,368.59128,368.84149,null,0.8,null,0.0,"[20.0, 20.0]","[3644.93333333, 3644.93333333]",0.08,0.0,gabors,40.0,4.0,0.25020994,36,,,0,,False,7,train,0
1123,0.0,368.84149,369.0917,null,0.8,null,-30.0,"[20.0, 20.0]","[3644.93333333, 3644.93333333]",0.08,45.0,gabors,20.0,4.0,0.25020994,24,,,0,,False,3,train,1
1124,0.0,369.0917,369.34191,null,0.8,null,20.0,"[20.0, 20.0]","[3644.93333333, 3644.93333333]",0.08,0.0,gabors,30.0,4.0,0.25020994,58,,,0,,False,4,train,0
1125,0.0,369.34191,369.59212,null,0.8,null,40.0,"[20.0, 20.0]","[3644.93333333, 3644.93333333]",0.08,0.0,gabors,-20.0,4.0,0.25021256,30,,,0,,False,4,train,0
1126,0.0,369.59212,369.84233,null,0.8,null,10.0,"[20.0, 20.0]","[3644.93333333, 3644.93333333]",0.08,45.0,gabors,-20.0,4.0,0.25021256,126,,,0,,False,3,train,1
1127,0.0,369.84233,370.09254,null,0.8,null,40.0,"[20.0, 20.0]","[3644.93333333, 3644.93333333]",0.08,45.0,gabors,20.0,4.0,0.25021256,105,,,0,,False,5,test,1
1128,0.0,370.09254,370.34276,null,0.8,null,20.0,"[20.0, 20.0]","[3644.93333333, 3644.93333333]",0.08,45.0,gabors,-20.0,4.0,0.25021256,29,,,0,,False,5,test,1
1129,0.0,370.34276,370.59296,null,0.8,null,-30.0,"[20.0, 20.0]","[3644.93333333, 3644.93333333]",0.08,0.0,gabors,10.0,4.0,0.25020494,166,,,0,,False,3,train,0
1130,0.0,370.59296,370.84317,null,0.8,null,10.0,"[20.0, 20.0]","[3644.93333333, 3644.93333333]",0.08,0.0,gabors,-10.0,4.0,0.25020494,32,,,0,,False,4,train,0
1131,0.0,370.84317,371.09337,null,0.8,null,10.0,"[20.0, 20.0]","[3644.93333333, 3644.93333333]",0.08,90.0,gabors,-30.0,4.0,0.25020494,93,,,0,,False,4,train,2
1132,0.0,371.09337,371.34358,null,0.8,null,10.0,"[20.0, 20.0]","[3644.93333333, 3644.93333333]",0.08,45.0,gabors,-40.0,4.0,0.25020494,15,,,0,,False,6,train,1
1133,0.0,371.34358,371.59379,null,0.8,null,30.0,"[20.0, 20.0]","[3644.93333333, 3644.93333333]",0.08,45.0,gabors,20.0,4.0,0.25021006,219,,,0,,False,5,test,1
1134,0.0,371.59379,371.844,null,0.8,null,-20.0,"[20.0, 20.0]","[3644.93333333, 3644.93333333]",0.08,90.0,gabors,40.0,4.0,0.25021006,190,,,0,,False,3,train,2
1135,0.0,371.844,372.09421,null,0.8,null,-40.0,"[20.0, 20.0]","[3644.93333333, 3644.93333333]",0.08,45.0,gabors,-30.0,4.0,0.25021006,76,,,0,,False,4,train,1
1136,0.0,372.09421,372.34442,null,0.8,null,-20.0,"[20.0, 20.0]","[3644.93333333, 3644.93333333]",0.08,45.0,gabors,-10.0,4.0,0.25021006,86,,,0,,False,4,train,1
1137,0.0,372.34442,372.59462,null,0.8,null,-30.0,"[20.0, 20.0]","[3644.93333333, 3644.93333333]",0.08,0.0,gabors,10.0,4.0,0.25020744,166,,,0,,False,4,train,0
1138,0.0,372.59462,372.84483,null,0.8,null,30.0,"[20.0, 20.0]","[3644.93333333, 3644.93333333]",0.08,90.0,gabors,-30.0,4.0,0.25020744,84,,,0,,False,3,train,2
1139,0.0,372.84483,373.09504,null,0.8,null,30.0,"[20.0, 20.0]","[3644.93333333, 3644.93333333]",0.08,90.0,gabors,40.0,4.0,0.25020744,88,,,0,,False,3,train,2
1140,0.0,373.09504,373.34525,null,0.8,null,-40.0,"[20.0, 20.0]","[3644.93333333, 3644.93333333]",0.08,90.0,gabors,-10.0,4.0,0.25020744,186,,,0,,False,1,train,2
1141,0.0,373.34525,373.59545,null,0.8,null,-10.0,"[20.0, 20.0]","[3644.93333333, 3644.93333333]",0.08,90.0,gabors,-30.0,4.0,0.25020756,147,,,0,,False,5,test,2
1142,0.0,373.59545,373.84566,null,0.8,null,10.0,"[20.0, 20.0]","[3644.93333333, 3644.93333333]",0.08,0.0,gabors,20.0,4.0,0.25020756,179,,,0,,False,5,test,0
1143,0.0,373.84566,374.09587,null,0.8,null,30.0,"[20.0, 20.0]","[3644.93333333, 3644.93333333]",0.08,45.0,gabors,30.0,4.0,0.25020756,206,,,0,,False,6,train,1
1144,0.0,374.09587,374.34608,null,0.8,null,-30.0,"[20.0, 20.0]","[3644.93333333, 3644.93333333]",0.08,0.0,gabors,-10.0,4.0,0.25020756,122,,,0,,False,2,test,0
1145,0.0,374.34608,374.59629,null,0.8,null,-40.0,"[20.0, 20.0]","[3644.93333333, 3644.93333333]",0.08,0.0,gabors,20.0,4.0,0.25021244,8,,,0,,False,3,train,0
1146,0.0,374.59629,374.8465,null,0.8,null,30.0,"[20.0, 20.0]","[3644.93333333, 3644.93333333]",0.08,0.0,gabors,-20.0,4.0,0.25021244,148,,,0,,False,3,train,0
1147,0.0,374.8465,375.09671,null,0.8,null,40.0,"[20.0, 20.0]","[3644.93333333, 3644.93333333]",0.08,45.0,gabors,10.0,4.0,0.25021244,4,,,0,,False,3,train,1
1148,0.0,375.09671,375.34693,null,0.8,null,0.0,"[20.0, 20.0]","[3644.93333333, 3644.93333333]",0.08,45.0,gabors,30.0,4.0,0.25021244,62,,,0,,False,4,train,1
1149,0.0,375.34693,375.59713,null,0.8,null,10.0,"[20.0, 20.0]","[3644.93333333, 3644.93333333]",0.08,45.0,gabors,30.0,4.0,0.25020506,167,,,0,,False,5,test,1
1150,0.0,375.59713,375.84734,null,0.8,null,-30.0,"[20.0, 20.0]","[3644.93333333, 3644.93333333]",0.08,90.0,gabors,-20.0,4.0,0.25020506,160,,,0,,False,6,train,2
1151,0.0,375.84734,376.09754,null,0.8,null,-20.0,"[20.0, 20.0]","[3644.93333333, 3644.93333333]",0.08,90.0,gabors,-10.0,4.0,0.25020506,220,,,0,,False,4,train,2
1152,0.0,376.09754,376.34775,null,0.8,null,-10.0,"[20.0, 20.0]","[3644.93333333, 3644.93333333]",0.08,90.0,gabors,-20.0,4.0,0.25020506,116,,,0,,False,4,train,2
1153,0.0,376.34775,376.59796,null,0.8,null,-40.0,"[20.0, 20.0]","[3644.93333333, 3644.93333333]",0.08,0.0,gabors,20.0,4.0,0.25021244,8,,,0,,False,4,train,0
1154,0.0,376.59796,376.84817,null,0.8,null,-40.0,"[20.0, 20.0]","[3644.93333333, 3644.93333333]",0.08,45.0,gabors,-20.0,4.0,0.25021244,18,,,0,,False,4,train,1
1155,0.0,376.84817,377.09838,null,0.8,null,20.0,"[20.0, 20.0]","[3644.93333333, 3644.93333333]",0.08,0.0,gabors,20.0,4.0,0.25021244,41,,,0,,False,5,test,0
1156,0.0,377.09838,377.3486,null,0.8,null,-40.0,"[20.0, 20.0]","[3644.93333333, 3644.93333333]",0.08,0.0,gabors,30.0,4.0,0.25021244,231,,,0,,False,1,train,0
1157,0.0,377.3486,377.59881,null,0.8,null,30.0,"[20.0, 20.0]","[3644.93333333, 3644.93333333]",0.08,0.0,gabors,-40.0,4.0,0.25021006,124,,,0,,False,4,train,0
1158,0.0,377.59881,377.84902,null,0.8,null,20.0,"[20.0, 20.0]","[3644.93333333, 3644.93333333]",0.08,0.0,gabors,0.0,4.0,0.25021006,7,,,0,,False,6,train,0
1159,0.0,377.84902,378.09923,null,0.8,null,0.0,"[20.0, 20.0]","[3644.93333333, 3644.93333333]",0.08,90.0,gabors,-30.0,4.0,0.25021006,137,,,0,,False,5,test,2
1160,0.0,378.09923,378.34944,null,0.8,null,0.0,"[20.0, 20.0]","[3644.93333333, 3644.93333333]",0.08,0.0,gabors,0.0,4.0,0.25021006,187,,,0,,False,3,train,0
1161,0.0,378.34944,378.59965,null,0.8,null,30.0,"[20.0, 20.0]","[3644.93333333, 3644.93333333]",0.08,90.0,gabors,-10.0,4.0,0.25020994,35,,,0,,False,6,train,2
1162,0.0,378.59965,378.84986,null,0.8,null,-40.0,"[20.0, 20.0]","[3644.93333333, 3644.93333333]",0.08,45.0,gabors,10.0,4.0,0.25020994,197,,,0,,False,2,test,1
1163,0.0,378.84986,379.10007,null,0.8,null,30.0,"[20.0, 20.0]","[3644.93333333, 3644.93333333]",0.08,90.0,gabors,-40.0,4.0,0.25020994,109,,,0,,False,5,test,2
1164,0.0,379.10007,379.35028,null,0.8,null,-10.0,"[20.0, 20.0]","[3644.93333333, 3644.93333333]",0.08,45.0,gabors,-30.0,4.0,0.25020994,189,,,0,,False,2,test,1
1165,0.0,379.35028,379.60048,null,0.8,null,-30.0,"[20.0, 20.0]","[3644.93333333, 3644.93333333]",0.08,0.0,gabors,30.0,4.0,0.25020756,204,,,0,,False,4,train,0
1166,0.0,379.60048,379.85069,null,0.8,null,-30.0,"[20.0, 20.0]","[3644.93333333, 3644.93333333]",0.08,90.0,gabors,20.0,4.0,0.25020756,38,,,0,,False,8,test,2
1167,0.0,379.85069,380.1009,null,0.8,null,40.0,"[20.0, 20.0]","[3644.93333333, 3644.93333333]",0.08,45.0,gabors,-10.0,4.0,0.25020756,149,,,0,,False,9,train,1
1168,0.0,380.1009,380.35111,null,0.8,null,-30.0,"[20.0, 20.0]","[3644.93333333, 3644.93333333]",0.08,45.0,gabors,-30.0,4.0,0.25020756,207,,,0,,False,2,test,1
1169,0.0,380.35111,380.60131,null,0.8,null,0.0,"[20.0, 20.0]","[3644.93333333, 3644.93333333]",0.08,0.0,gabors,-40.0,4.0,0.25020744,199,,,0,,False,8,test,0
1170,0.0,380.60131,380.85152,null,0.8,null,30.0,"[20.0, 20.0]","[3644.93333333, 3644.93333333]",0.08,0.0,gabors,0.0,4.0,0.25020744,2,,,0,,False,8,test,0
1171,0.0,380.85152,381.10173,null,0.8,null,-20.0,"[20.0, 20.0]","[3644.93333333, 3644.93333333]",0.08,45.0,gabors,-30.0,4.0,0.25020744,48,,,0,,False,5,test,1
1172,0.0,381.10173,381.35194,null,0.8,null,20.0,"[20.0, 20.0]","[3644.93333333, 3644.93333333]",0.08,90.0,gabors,0.0,4.0,0.25020744,10,,,0,,False,2,test,2
1173,0.0,381.35194,381.60215,null,0.8,null,0.0,"[20.0, 20.0]","[3644.93333333, 3644.93333333]",0.08,90.0,gabors,-20.0,4.0,0.25021006,45,,,0,,False,5,test,2
1174,0.0,381.60215,381.85236,null,0.8,null,40.0,"[20.0, 20.0]","[3644.93333333, 3644.93333333]",0.08,0.0,gabors,-10.0,4.0,0.25021006,71,,,0,,False,3,train,0
1175,0.0,381.85236,382.10257,null,0.8,null,-40.0,"[20.0, 20.0]","[3644.93333333, 3644.93333333]",0.08,90.0,gabors,-20.0,4.0,0.25021006,72,,,0,,False,7,train,2
1176,0.0,382.10257,382.35278,null,0.8,null,0.0,"[20.0, 20.0]","[3644.93333333, 3644.93333333]",0.08,45.0,gabors,0.0,4.0,0.25021006,134,,,0,,False,3,train,1
1177,0.0,382.35278,382.60298,null,0.8,null,-30.0,"[20.0, 20.0]","[3644.93333333, 3644.93333333]",0.08,0.0,gabors,30.0,4.0,0.25020744,204,,,0,,False,5,test,0
1178,0.0,382.60298,382.85319,null,0.8,null,-30.0,"[20.0, 20.0]","[3644.93333333, 3644.93333333]",0.08,45.0,gabors,20.0,4.0,0.25020744,24,,,0,,False,4,train,1
1179,0.0,382.85319,383.1034,null,0.8,null,10.0,"[20.0, 20.0]","[3644.93333333, 3644.93333333]",0.08,45.0,gabors,-30.0,4.0,0.25020744,236,,,0,,False,3,train,1
1180,0.0,383.1034,383.35361,null,0.8,null,30.0,"[20.0, 20.0]","[3644.93333333, 3644.93333333]",0.08,90.0,gabors,-10.0,4.0,0.25020744,35,,,0,,False,7,train,2
1181,0.0,383.35361,383.60382,null,0.8,null,0.0,"[20.0, 20.0]","[3644.93333333, 3644.93333333]",0.08,90.0,gabors,10.0,4.0,0.25021006,110,,,0,,False,7,train,2
1182,0.0,383.60382,383.85403,null,0.8,null,40.0,"[20.0, 20.0]","[3644.93333333, 3644.93333333]",0.08,0.0,gabors,-10.0,4.0,0.25021006,71,,,0,,False,4,train,0
1183,0.0,383.85403,384.10424,null,0.8,null,0.0,"[20.0, 20.0]","[3644.93333333, 3644.93333333]",0.08,45.0,gabors,40.0,4.0,0.25021006,131,,,0,,False,4,train,1
1184,0.0,384.10424,384.35445,null,0.8,null,30.0,"[20.0, 20.0]","[3644.93333333, 3644.93333333]",0.08,0.0,gabors,-20.0,4.0,0.25021006,148,,,0,,False,4,train,0
1185,0.0,384.35445,384.60465,null,0.8,null,-10.0,"[20.0, 20.0]","[3644.93333333, 3644.93333333]",0.08,0.0,gabors,0.0,4.0,0.25020744,132,,,0,,False,5,test,0
1186,0.0,384.60465,384.85486,null,0.8,null,-30.0,"[20.0, 20.0]","[3644.93333333, 3644.93333333]",0.08,0.0,gabors,40.0,4.0,0.25020744,97,,,0,,False,5,test,0
1187,0.0,384.85486,385.10507,null,0.8,null,-30.0,"[20.0, 20.0]","[3644.93333333, 3644.93333333]",0.08,0.0,gabors,-20.0,4.0,0.25020744,81,,,0,,False,5,test,0
1188,0.0,385.10507,385.35528,null,0.8,null,-20.0,"[20.0, 20.0]","[3644.93333333, 3644.93333333]",0.08,90.0,gabors,-40.0,4.0,0.25020744,209,,,0,,False,4,train,2
1189,0.0,385.35528,385.6055,null,0.8,null,-40.0,"[20.0, 20.0]","[3644.93333333, 3644.93333333]",0.08,45.0,gabors,-10.0,4.0,0.25022256,169,,,0,,False,2,test,1
1190,0.0,385.6055,385.85572,null,0.8,null,-20.0,"[20.0, 20.0]","[3644.93333333, 3644.93333333]",0.08,45.0,gabors,-20.0,4.0,0.25022256,184,,,0,,False,4,train,1
1191,0.0,385.85572,386.10594,null,0.8,null,-20.0,"[20.0, 20.0]","[3644.93333333, 3644.93333333]",0.08,45.0,gabors,20.0,4.0,0.25022256,60,,,0,,False,5,test,1
1192,0.0,386.10594,386.35617,null,0.8,null,30.0,"[20.0, 20.0]","[3644.93333333, 3644.93333333]",0.08,90.0,gabors,30.0,4.0,0.25022256,241,,,0,,False,1,train,2
1193,0.0,386.35617,386.60636,null,0.8,null,20.0,"[20.0, 20.0]","[3644.93333333, 3644.93333333]",0.08,90.0,gabors,-30.0,4.0,0.25019244,64,,,0,,False,5,test,2
1194,0.0,386.60636,386.85655,null,0.8,null,40.0,"[20.0, 20.0]","[3644.93333333, 3644.93333333]",0.08,0.0,gabors,10.0,4.0,0.25019244,212,,,0,,False,5,test,0
1195,0.0,386.85655,387.10674,null,0.8,null,-20.0,"[20.0, 20.0]","[3644.93333333, 3644.93333333]",0.08,90.0,gabors,0.0,4.0,0.25019244,5,,,0,,False,3,train,2
1196,0.0,387.10674,387.35694,null,0.8,null,40.0,"[20.0, 20.0]","[3644.93333333, 3644.93333333]",0.08,0.0,gabors,0.0,4.0,0.25019244,55,,,0,,False,4,train,0
1197,0.0,387.35694,387.60716,null,0.8,null,-40.0,"[20.0, 20.0]","[3644.93333333, 3644.93333333]",0.08,90.0,gabors,-40.0,4.0,0.25022006,161,,,0,,False,6,train,2
1198,0.0,387.60716,387.85738,null,0.8,null,10.0,"[20.0, 20.0]","[3644.93333333, 3644.93333333]",0.08,45.0,gabors,40.0,4.0,0.25022006,222,,,0,,False,2,test,1
1199,0.0,387.85738,388.1076,null,0.8,null,-10.0,"[20.0, 20.0]","[3644.93333333, 3644.93333333]",0.08,45.0,gabors,-20.0,4.0,0.25022006,40,,,0,,False,4,train,1
1200,0.0,388.1076,388.35782,null,0.8,null,-40.0,"[20.0, 20.0]","[3644.93333333, 3644.93333333]",0.08,45.0,gabors,40.0,4.0,0.25022006,99,,,0,,False,5,test,1
1201,0.0,388.35782,388.60802,null,0.8,null,0.0,"[20.0, 20.0]","[3644.93333333, 3644.93333333]",0.08,45.0,gabors,0.0,4.0,0.25020244,134,,,0,,False,4,train,1
1202,0.0,388.60802,388.85822,null,0.8,null,40.0,"[20.0, 20.0]","[3644.93333333, 3644.93333333]",0.08,0.0,gabors,-10.0,4.0,0.25020244,71,,,0,,False,5,test,0
1203,0.0,388.85822,389.10842,null,0.8,null,20.0,"[20.0, 20.0]","[3644.93333333, 3644.93333333]",0.08,45.0,gabors,-20.0,4.0,0.25020244,29,,,0,,False,6,train,1
1204,0.0,389.10842,389.35863,null,0.8,null,10.0,"[20.0, 20.0]","[3644.93333333, 3644.93333333]",0.08,90.0,gabors,-20.0,4.0,0.25020244,25,,,0,,False,5,test,2
1205,0.0,389.35863,389.60883,null,0.8,null,0.0,"[20.0, 20.0]","[3644.93333333, 3644.93333333]",0.08,90.0,gabors,10.0,4.0,0.25020506,110,,,0,,False,8,test,2
1206,0.0,389.60883,389.85904,null,0.8,null,30.0,"[20.0, 20.0]","[3644.93333333, 3644.93333333]",0.08,0.0,gabors,-30.0,4.0,0.25020506,171,,,0,,False,3,train,0
1207,0.0,389.85904,390.10924,null,0.8,null,10.0,"[20.0, 20.0]","[3644.93333333, 3644.93333333]",0.08,0.0,gabors,20.0,4.0,0.25020506,179,,,0,,False,6,train,0
1208,0.0,390.10924,390.35945,null,0.8,null,0.0,"[20.0, 20.0]","[3644.93333333, 3644.93333333]",0.08,45.0,gabors,-20.0,4.0,0.25020506,182,,,0,,False,5,test,1
1209,0.0,390.35945,390.60966,null,0.8,null,30.0,"[20.0, 20.0]","[3644.93333333, 3644.93333333]",0.08,45.0,gabors,-30.0,4.0,0.25021494,65,,,0,,False,4,train,1
1210,0.0,390.60966,390.85988,null,0.8,null,40.0,"[20.0, 20.0]","[3644.93333333, 3644.93333333]",0.08,90.0,gabors,-10.0,4.0,0.25021494,229,,,0,,False,2,test,2
1211,0.0,390.85988,391.11009,null,0.8,null,20.0,"[20.0, 20.0]","[3644.93333333, 3644.93333333]",0.08,45.0,gabors,0.0,4.0,0.25021494,155,,,0,,False,3,train,1
1212,0.0,391.11009,391.36031,null,0.8,null,-30.0,"[20.0, 20.0]","[3644.93333333, 3644.93333333]",0.08,90.0,gabors,-10.0,4.0,0.25021494,26,,,0,,False,4,train,2
1213,0.0,391.36031,391.61051,null,0.8,null,40.0,"[20.0, 20.0]","[3644.93333333, 3644.93333333]",0.08,45.0,gabors,30.0,4.0,0.25020506,50,,,0,,False,6,train,1
1214,0.0,391.61051,391.86072,null,0.8,null,-40.0,"[20.0, 20.0]","[3644.93333333, 3644.93333333]",0.08,45.0,gabors,-40.0,4.0,0.25020506,31,,,0,,False,4,train,1
1215,0.0,391.86072,392.11092,null,0.8,null,20.0,"[20.0, 20.0]","[3644.93333333, 3644.93333333]",0.08,45.0,gabors,-40.0,4.0,0.25020506,201,,,0,,False,3,train,1
1216,0.0,392.11092,392.36113,null,0.8,null,-30.0,"[20.0, 20.0]","[3644.93333333, 3644.93333333]",0.08,0.0,gabors,-40.0,4.0,0.25020506,243,,,0,,False,1,train,0
1217,0.0,392.36113,392.61134,null,0.8,null,0.0,"[20.0, 20.0]","[3644.93333333, 3644.93333333]",0.08,0.0,gabors,30.0,4.0,0.25020994,74,,,0,,False,5,test,0
1218,0.0,392.61134,392.86155,null,0.8,null,-20.0,"[20.0, 20.0]","[3644.93333333, 3644.93333333]",0.08,45.0,gabors,30.0,4.0,0.25020994,191,,,0,,False,4,train,1
1219,0.0,392.86155,393.11176,null,0.8,null,30.0,"[20.0, 20.0]","[3644.93333333, 3644.93333333]",0.08,45.0,gabors,0.0,4.0,0.25020994,1,,,0,,False,4,train,1
1220,0.0,393.11176,393.36197,null,0.8,null,20.0,"[20.0, 20.0]","[3644.93333333, 3644.93333333]",0.08,90.0,gabors,-10.0,4.0,0.25020994,156,,,0,,False,5,test,2
1221,0.0,393.36197,393.61218,null,0.8,null,-30.0,"[20.0, 20.0]","[3644.93333333, 3644.93333333]",0.08,0.0,gabors,-40.0,4.0,0.25021256,243,,,0,,False,2,test,0
1222,0.0,393.61218,393.86239,null,0.8,null,-10.0,"[20.0, 20.0]","[3644.93333333, 3644.93333333]",0.08,90.0,gabors,10.0,4.0,0.25021256,114,,,0,,False,9,train,2
1223,0.0,393.86239,394.1126,null,0.8,null,-40.0,"[20.0, 20.0]","[3644.93333333, 3644.93333333]",0.08,45.0,gabors,10.0,4.0,0.25021256,197,,,0,,False,3,train,1
1224,0.0,394.1126,394.36282,null,0.8,null,20.0,"[20.0, 20.0]","[3644.93333333, 3644.93333333]",0.08,0.0,gabors,-10.0,4.0,0.25021256,170,,,0,,False,7,train,0
1225,0.0,394.36282,394.61302,null,0.8,null,0.0,"[20.0, 20.0]","[3644.93333333, 3644.93333333]",0.08,90.0,gabors,-10.0,4.0,0.25020494,69,,,0,,False,7,train,2
1226,0.0,394.61302,394.86323,null,0.8,null,10.0,"[20.0, 20.0]","[3644.93333333, 3644.93333333]",0.08,0.0,gabors,10.0,4.0,0.25020494,224,,,0,,False,6,train,0
1227,0.0,394.86323,395.11343,null,0.8,null,-40.0,"[20.0, 20.0]","[3644.93333333, 3644.93333333]",0.08,0.0,gabors,-40.0,4.0,0.25020494,139,,,0,,False,8,test,0
1228,0.0,395.11343,395.36364,null,0.8,null,10.0,"[20.0, 20.0]","[3644.93333333, 3644.93333333]",0.08,90.0,gabors,20.0,4.0,0.25020494,27,,,0,,False,5,test,2
1229,0.0,395.36364,395.61385,null,0.8,null,0.0,"[20.0, 20.0]","[3644.93333333, 3644.93333333]",0.08,0.0,gabors,0.0,4.0,0.25021006,187,,,0,,False,4,train,0
1230,0.0,395.61385,395.86406,null,0.8,null,30.0,"[20.0, 20.0]","[3644.93333333, 3644.93333333]",0.08,90.0,gabors,20.0,4.0,0.25021006,211,,,0,,False,2,test,2
1231,0.0,395.86406,396.11427,null,0.8,null,-30.0,"[20.0, 20.0]","[3644.93333333, 3644.93333333]",0.08,90.0,gabors,-40.0,4.0,0.25021006,39,,,0,,False,6,train,2
1232,0.0,396.11427,396.36448,null,0.8,null,-10.0,"[20.0, 20.0]","[3644.93333333, 3644.93333333]",0.08,45.0,gabors,-10.0,4.0,0.25021006,216,,,0,,False,3,train,1
1233,0.0,396.36448,396.61469,null,0.8,null,20.0,"[20.0, 20.0]","[3644.93333333, 3644.93333333]",0.08,90.0,gabors,40.0,4.0,0.25020994,52,,,0,,False,5,test,2
1234,0.0,396.61469,396.8649,null,0.8,null,10.0,"[20.0, 20.0]","[3644.93333333, 3644.93333333]",0.08,90.0,gabors,40.0,4.0,0.25020994,12,,,0,,False,5,test,2
1235,0.0,396.8649,397.11511,null,0.8,null,20.0,"[20.0, 20.0]","[3644.93333333, 3644.93333333]",0.08,90.0,gabors,-40.0,4.0,0.25020994,67,,,0,,False,7,train,2
1236,0.0,397.11511,397.36532,null,0.8,null,-30.0,"[20.0, 20.0]","[3644.93333333, 3644.93333333]",0.08,45.0,gabors,-20.0,4.0,0.25020994,181,,,0,,False,6,train,1
1237,0.0,397.36532,397.61554,null,0.8,null,20.0,"[20.0, 20.0]","[3644.93333333, 3644.93333333]",0.08,0.0,gabors,-10.0,4.0,0.25022506,170,,,0,,False,8,test,0
1238,0.0,397.61554,397.86577,null,0.8,null,30.0,"[20.0, 20.0]","[3644.93333333, 3644.93333333]",0.08,45.0,gabors,0.0,4.0,0.25022506,1,,,0,,False,5,test,1
1239,0.0,397.86577,398.11599,null,0.8,null,0.0,"[20.0, 20.0]","[3644.93333333, 3644.93333333]",0.08,0.0,gabors,-20.0,4.0,0.25022506,108,,,0,,False,6,train,0
1240,0.0,398.11599,398.36622,null,0.8,null,40.0,"[20.0, 20.0]","[3644.93333333, 3644.93333333]",0.08,90.0,gabors,20.0,4.0,0.25022506,163,,,0,,False,4,train,2
1241,0.0,398.36622,398.61641,null,0.8,null,-10.0,"[20.0, 20.0]","[3644.93333333, 3644.93333333]",0.08,0.0,gabors,-30.0,4.0,0.25018994,54,,,0,,False,6,train,0
1242,0.0,398.61641,398.8666,null,0.8,null,10.0,"[20.0, 20.0]","[3644.93333333, 3644.93333333]",0.08,45.0,gabors,-40.0,4.0,0.25018994,15,,,0,,False,7,train,1
1243,0.0,398.8666,399.11679,null,0.8,null,10.0,"[20.0, 20.0]","[3644.93333333, 3644.93333333]",0.08,45.0,gabors,40.0,4.0,0.25018994,222,,,0,,False,3,train,1
1244,0.0,399.11679,399.36698,null,0.8,null,-30.0,"[20.0, 20.0]","[3644.93333333, 3644.93333333]",0.08,90.0,gabors,-20.0,4.0,0.25018994,160,,,0,,False,7,train,2
1245,0.0,399.36698,399.61719,null,0.8,null,0.0,"[20.0, 20.0]","[3644.93333333, 3644.93333333]",0.08,45.0,gabors,0.0,4.0,0.25021756,134,,,0,,False,5,test,1
1246,0.0,399.61719,399.86741,null,0.8,null,-30.0,"[20.0, 20.0]","[3644.93333333, 3644.93333333]",0.08,90.0,gabors,-30.0,4.0,0.25021756,112,,,0,,False,3,train,2
1247,0.0,399.86741,400.11763,null,0.8,null,10.0,"[20.0, 20.0]","[3644.93333333, 3644.93333333]",0.08,0.0,gabors,20.0,4.0,0.25021756,179,,,0,,False,7,train,0
1248,0.0,400.11763,400.36785,null,0.8,null,-40.0,"[20.0, 20.0]","[3644.93333333, 3644.93333333]",0.08,0.0,gabors,30.0,4.0,0.25021756,231,,,0,,False,2,test,0
1249,0.0,400.36785,400.61805,null,0.8,null,40.0,"[20.0, 20.0]","[3644.93333333, 3644.93333333]",0.08,0.0,gabors,0.0,4.0,0.25019994,55,,,0,,False,5,test,0
1250,0.0,400.61805,400.86825,null,0.8,null,10.0,"[20.0, 20.0]","[3644.93333333, 3644.93333333]",0.08,45.0,gabors,-20.0,4.0,0.25019994,126,,,0,,False,4,train,1
1251,0.0,400.86825,401.11845,null,0.8,null,-40.0,"[20.0, 20.0]","[3644.93333333, 3644.93333333]",0.08,45.0,gabors,20.0,4.0,0.25019994,151,,,0,,False,4,train,1
1252,0.0,401.11845,401.36865,null,0.8,null,-30.0,"[20.0, 20.0]","[3644.93333333, 3644.93333333]",0.08,45.0,gabors,-30.0,4.0,0.25019994,207,,,0,,False,3,train,1
1253,0.0,401.36865,401.61886,null,0.8,null,30.0,"[20.0, 20.0]","[3644.93333333, 3644.93333333]",0.08,0.0,gabors,10.0,4.0,0.25021506,49,,,0,,False,9,train,0
1254,0.0,401.61886,401.86908,null,0.8,null,20.0,"[20.0, 20.0]","[3644.93333333, 3644.93333333]",0.08,45.0,gabors,10.0,4.0,0.25021506,217,,,0,,False,3,train,1
1255,0.0,401.86908,402.11929,null,0.8,null,10.0,"[20.0, 20.0]","[3644.93333333, 3644.93333333]",0.08,0.0,gabors,-40.0,4.0,0.25021506,111,,,0,,False,4,train,0
1256,0.0,402.11929,402.36951,null,0.8,null,30.0,"[20.0, 20.0]","[3644.93333333, 3644.93333333]",0.08,0.0,gabors,-10.0,4.0,0.25021506,92,,,0,,False,4,train,0
1257,0.0,402.36951,402.61971,null,0.8,null,-10.0,"[20.0, 20.0]","[3644.93333333, 3644.93333333]",0.08,0.0,gabors,30.0,4.0,0.25020494,227,,,0,,False,2,test,0
1258,0.0,402.61971,402.86992,null,0.8,null,10.0,"[20.0, 20.0]","[3644.93333333, 3644.93333333]",0.08,0.0,gabors,-30.0,4.0,0.25020494,242,,,0,,False,2,test,0
1259,0.0,402.86992,403.12012,null,0.8,null,0.0,"[20.0, 20.0]","[3644.93333333, 3644.93333333]",0.08,45.0,gabors,30.0,4.0,0.25020494,62,,,0,,False,5,test,1
1260,0.0,403.12012,403.37033,null,0.8,null,0.0,"[20.0, 20.0]","[3644.93333333, 3644.93333333]",0.08,90.0,gabors,40.0,4.0,0.25020494,106,,,0,,False,6,train,2
1261,0.0,403.37033,403.62054,null,0.8,null,10.0,"[20.0, 20.0]","[3644.93333333, 3644.93333333]",0.08,0.0,gabors,10.0,4.0,0.25021506,224,,,0,,False,7,train,0
1262,0.0,403.62054,403.87076,null,0.8,null,-40.0,"[20.0, 20.0]","[3644.93333333, 3644.93333333]",0.08,45.0,gabors,-40.0,4.0,0.25021506,31,,,0,,False,5,test,1
1263,0.0,403.87076,404.12097,null,0.8,null,30.0,"[20.0, 20.0]","[3644.93333333, 3644.93333333]",0.08,45.0,gabors,30.0,4.0,0.25021506,206,,,0,,False,7,train,1
1264,0.0,404.12097,404.37119,null,0.8,null,40.0,"[20.0, 20.0]","[3644.93333333, 3644.93333333]",0.08,90.0,gabors,-10.0,4.0,0.25021506,229,,,0,,False,3,train,2
1265,0.0,404.37119,404.62139,null,0.8,null,0.0,"[20.0, 20.0]","[3644.93333333, 3644.93333333]",0.08,90.0,gabors,0.0,4.0,0.25020244,104,,,0,,False,6,train,2
1266,0.0,404.62139,404.87159,null,0.8,null,-20.0,"[20.0, 20.0]","[3644.93333333, 3644.93333333]",0.08,90.0,gabors,40.0,4.0,0.25020244,190,,,0,,False,4,train,2
1267,0.0,404.87159,405.12179,null,0.8,null,-40.0,"[20.0, 20.0]","[3644.93333333, 3644.93333333]",0.08,45.0,gabors,-40.0,4.0,0.25020244,31,,,0,,False,6,train,1
1268,0.0,405.12179,405.372,null,0.8,null,-20.0,"[20.0, 20.0]","[3644.93333333, 3644.93333333]",0.08,90.0,gabors,40.0,4.0,0.25020244,190,,,0,,False,5,test,2
1269,0.0,405.372,405.62221,null,0.8,null,30.0,"[20.0, 20.0]","[3644.93333333, 3644.93333333]",0.08,0.0,gabors,-20.0,4.0,0.25021756,148,,,0,,False,5,test,0
1270,0.0,405.62221,405.87243,null,0.8,null,20.0,"[20.0, 20.0]","[3644.93333333, 3644.93333333]",0.08,90.0,gabors,40.0,4.0,0.25021756,52,,,0,,False,6,train,2
1271,0.0,405.87243,406.12265,null,0.8,null,-10.0,"[20.0, 20.0]","[3644.93333333, 3644.93333333]",0.08,90.0,gabors,-40.0,4.0,0.25021756,185,,,0,,False,4,train,2
1272,0.0,406.12265,406.37287,null,0.8,null,20.0,"[20.0, 20.0]","[3644.93333333, 3644.93333333]",0.08,90.0,gabors,40.0,4.0,0.25021756,52,,,0,,False,7,train,2
1273,0.0,406.37287,406.62307,null,0.8,null,-30.0,"[20.0, 20.0]","[3644.93333333, 3644.93333333]",0.08,45.0,gabors,0.0,4.0,0.25020494,22,,,0,,False,6,train,1
1274,0.0,406.62307,406.87328,null,0.8,null,-30.0,"[20.0, 20.0]","[3644.93333333, 3644.93333333]",0.08,45.0,gabors,30.0,4.0,0.25020494,159,,,0,,False,5,test,1
1275,0.0,406.87328,407.12348,null,0.8,null,-40.0,"[20.0, 20.0]","[3644.93333333, 3644.93333333]",0.08,0.0,gabors,30.0,4.0,0.25020494,231,,,0,,False,3,train,0
1276,0.0,407.12348,407.37369,null,0.8,null,-40.0,"[20.0, 20.0]","[3644.93333333, 3644.93333333]",0.08,90.0,gabors,-10.0,4.0,0.25020494,186,,,0,,False,2,test,2
1277,0.0,407.37369,407.6239,null,0.8,null,-40.0,"[20.0, 20.0]","[3644.93333333, 3644.93333333]",0.08,45.0,gabors,10.0,4.0,0.25021006,197,,,0,,False,4,train,1
1278,0.0,407.6239,407.87411,null,0.8,null,-20.0,"[20.0, 20.0]","[3644.93333333, 3644.93333333]",0.08,0.0,gabors,-10.0,4.0,0.25021006,223,,,0,,False,3,train,0
1279,0.0,407.87411,408.12432,null,0.8,null,20.0,"[20.0, 20.0]","[3644.93333333, 3644.93333333]",0.08,0.0,gabors,-20.0,4.0,0.25021006,96,,,0,,False,7,train,0
1280,0.0,408.12432,408.37453,null,0.8,null,20.0,"[20.0, 20.0]","[3644.93333333, 3644.93333333]",0.08,0.0,gabors,30.0,4.0,0.25021006,58,,,0,,False,5,test,0
1281,0.0,408.37453,408.62473,null,0.8,null,10.0,"[20.0, 20.0]","[3644.93333333, 3644.93333333]",0.08,45.0,gabors,20.0,4.0,0.25020744,115,,,0,,False,5,test,1
1282,0.0,408.62473,408.87494,null,0.8,null,10.0,"[20.0, 20.0]","[3644.93333333, 3644.93333333]",0.08,45.0,gabors,-30.0,4.0,0.25020744,236,,,0,,False,4,train,1
1283,0.0,408.87494,409.12515,null,0.8,null,0.0,"[20.0, 20.0]","[3644.93333333, 3644.93333333]",0.08,45.0,gabors,0.0,4.0,0.25020744,134,,,0,,False,6,train,1
1284,0.0,409.12515,409.37536,null,0.8,null,0.0,"[20.0, 20.0]","[3644.93333333, 3644.93333333]",0.08,45.0,gabors,0.0,4.0,0.25020744,134,,,0,,False,7,train,1
1285,0.0,409.37536,409.62557,null,0.8,null,-30.0,"[20.0, 20.0]","[3644.93333333, 3644.93333333]",0.08,90.0,gabors,0.0,4.0,0.25021006,239,,,0,,False,3,train,2
1286,0.0,409.62557,409.87578,null,0.8,null,20.0,"[20.0, 20.0]","[3644.93333333, 3644.93333333]",0.08,90.0,gabors,20.0,4.0,0.25021006,42,,,0,,False,6,train,2
1287,0.0,409.87578,410.12599,null,0.8,null,-40.0,"[20.0, 20.0]","[3644.93333333, 3644.93333333]",0.08,45.0,gabors,-10.0,4.0,0.25021006,169,,,0,,False,3,train,1
1288,0.0,410.12599,410.3762,null,0.8,null,-40.0,"[20.0, 20.0]","[3644.93333333, 3644.93333333]",0.08,0.0,gabors,30.0,4.0,0.25021006,231,,,0,,False,4,train,0
1289,0.0,410.3762,410.6264,null,0.8,null,0.0,"[20.0, 20.0]","[3644.93333333, 3644.93333333]",0.08,45.0,gabors,-40.0,4.0,0.25020494,82,,,0,,False,7,train,1
1290,0.0,410.6264,410.87661,null,0.8,null,10.0,"[20.0, 20.0]","[3644.93333333, 3644.93333333]",0.08,45.0,gabors,10.0,4.0,0.25020494,9,,,0,,False,3,train,1
1291,0.0,410.87661,411.12681,null,0.8,null,0.0,"[20.0, 20.0]","[3644.93333333, 3644.93333333]",0.08,0.0,gabors,0.0,4.0,0.25020494,187,,,0,,False,5,test,0
1292,0.0,411.12681,411.37702,null,0.8,null,0.0,"[20.0, 20.0]","[3644.93333333, 3644.93333333]",0.08,45.0,gabors,0.0,4.0,0.25020494,134,,,0,,False,8,test,1
1293,0.0,411.37702,411.62723,null,0.8,null,-10.0,"[20.0, 20.0]","[3644.93333333, 3644.93333333]",0.08,45.0,gabors,10.0,4.0,0.25021006,123,,,0,,False,7,train,1
1294,0.0,411.62723,411.87744,null,0.8,null,-20.0,"[20.0, 20.0]","[3644.93333333, 3644.93333333]",0.08,90.0,gabors,-20.0,4.0,0.25021006,135,,,0,,False,7,train,2
1295,0.0,411.87744,412.12765,null,0.8,null,0.0,"[20.0, 20.0]","[3644.93333333, 3644.93333333]",0.08,0.0,gabors,10.0,4.0,0.25021006,234,,,0,,False,3,train,0
1296,0.0,412.12765,412.37786,null,0.8,null,40.0,"[20.0, 20.0]","[3644.93333333, 3644.93333333]",0.08,0.0,gabors,-20.0,4.0,0.25021006,30,,,0,,False,5,test,0
1297,0.0,412.37786,412.62807,null,0.8,null,20.0,"[20.0, 20.0]","[3644.93333333, 3644.93333333]",0.08,0.0,gabors,10.0,4.0,0.25020994,210,,,0,,False,2,test,0
1298,0.0,412.62807,412.87828,null,0.8,null,10.0,"[20.0, 20.0]","[3644.93333333, 3644.93333333]",0.08,45.0,gabors,10.0,4.0,0.25020994,9,,,0,,False,4,train,1
1299,0.0,412.87828,413.12849,null,0.8,null,40.0,"[20.0, 20.0]","[3644.93333333, 3644.93333333]",0.08,45.0,gabors,0.0,4.0,0.25020994,73,,,0,,False,5,test,1
1300,0.0,413.12849,413.3787,null,0.8,null,10.0,"[20.0, 20.0]","[3644.93333333, 3644.93333333]",0.08,45.0,gabors,-40.0,4.0,0.25020994,15,,,0,,False,8,test,1
1301,0.0,413.3787,413.62891,null,0.8,null,0.0,"[20.0, 20.0]","[3644.93333333, 3644.93333333]",0.08,45.0,gabors,40.0,4.0,0.25021006,131,,,0,,False,5,test,1
1302,0.0,413.62891,413.87912,null,0.8,null,30.0,"[20.0, 20.0]","[3644.93333333, 3644.93333333]",0.08,45.0,gabors,20.0,4.0,0.25021006,219,,,0,,False,6,train,1
1303,0.0,413.87912,414.12933,null,0.8,null,30.0,"[20.0, 20.0]","[3644.93333333, 3644.93333333]",0.08,45.0,gabors,-40.0,4.0,0.25021006,59,,,0,,False,4,train,1
1304,0.0,414.12933,414.37954,null,0.8,null,40.0,"[20.0, 20.0]","[3644.93333333, 3644.93333333]",0.08,45.0,gabors,10.0,4.0,0.25021006,4,,,0,,False,4,train,1
1305,0.0,414.37954,414.62975,null,0.8,null,-30.0,"[20.0, 20.0]","[3644.93333333, 3644.93333333]",0.08,0.0,gabors,40.0,4.0,0.25020994,97,,,0,,False,6,train,0
1306,0.0,414.62975,414.87996,null,0.8,null,-10.0,"[20.0, 20.0]","[3644.93333333, 3644.93333333]",0.08,45.0,gabors,0.0,4.0,0.25020994,173,,,0,,False,3,train,1
1307,0.0,414.87996,415.13017,null,0.8,null,40.0,"[20.0, 20.0]","[3644.93333333, 3644.93333333]",0.08,0.0,gabors,-40.0,4.0,0.25020994,226,,,0,,False,1,train,0
1308,0.0,415.13017,415.38038,null,0.8,null,-20.0,"[20.0, 20.0]","[3644.93333333, 3644.93333333]",0.08,0.0,gabors,-30.0,4.0,0.25020994,178,,,0,,False,3,train,0
1309,0.0,415.38038,415.63059,null,0.8,null,-30.0,"[20.0, 20.0]","[3644.93333333, 3644.93333333]",0.08,45.0,gabors,-40.0,4.0,0.25021006,232,,,0,,False,3,train,1
1310,0.0,415.63059,415.8808,null,0.8,null,20.0,"[20.0, 20.0]","[3644.93333333, 3644.93333333]",0.08,0.0,gabors,10.0,4.0,0.25021006,210,,,0,,False,3,train,0
1311,0.0,415.8808,416.13101,null,0.8,null,30.0,"[20.0, 20.0]","[3644.93333333, 3644.93333333]",0.08,0.0,gabors,10.0,4.0,0.25021006,49,,,0,,False,10,train,0
1312,0.0,416.13101,416.38122,null,0.8,null,0.0,"[20.0, 20.0]","[3644.93333333, 3644.93333333]",0.08,90.0,gabors,-40.0,4.0,0.25021006,192,,,0,,False,7,train,2
1313,0.0,416.38122,416.63142,null,0.8,null,40.0,"[20.0, 20.0]","[3644.93333333, 3644.93333333]",0.08,45.0,gabors,-20.0,4.0,0.25020744,125,,,0,,False,6,train,1
1314,0.0,416.63142,416.88163,null,0.8,null,-10.0,"[20.0, 20.0]","[3644.93333333, 3644.93333333]",0.08,0.0,gabors,40.0,4.0,0.25020744,130,,,0,,False,4,train,0
1315,0.0,416.88163,417.13184,null,0.8,null,-20.0,"[20.0, 20.0]","[3644.93333333, 3644.93333333]",0.08,45.0,gabors,-40.0,4.0,0.25020744,77,,,0,,False,7,train,1
1316,0.0,417.13184,417.38205,null,0.8,null,30.0,"[20.0, 20.0]","[3644.93333333, 3644.93333333]",0.08,0.0,gabors,40.0,4.0,0.25020744,133,,,0,,False,6,train,0
1317,0.0,417.38205,417.63225,null,0.8,null,0.0,"[20.0, 20.0]","[3644.93333333, 3644.93333333]",0.08,0.0,gabors,0.0,4.0,0.25020756,187,,,0,,False,6,train,0
1318,0.0,417.63225,417.88246,null,0.8,null,-30.0,"[20.0, 20.0]","[3644.93333333, 3644.93333333]",0.08,0.0,gabors,-10.0,4.0,0.25020756,122,,,0,,False,3,train,0
1319,0.0,417.88246,418.13267,null,0.8,null,-10.0,"[20.0, 20.0]","[3644.93333333, 3644.93333333]",0.08,90.0,gabors,30.0,4.0,0.25020756,140,,,0,,False,6,train,2
1320,0.0,418.13267,418.38288,null,0.8,null,30.0,"[20.0, 20.0]","[3644.93333333, 3644.93333333]",0.08,90.0,gabors,0.0,4.0,0.25020756,11,,,0,,False,4,train,2
1321,0.0,418.38288,418.63308,null,0.8,null,-20.0,"[20.0, 20.0]","[3644.93333333, 3644.93333333]",0.08,90.0,gabors,40.0,4.0,0.25020744,190,,,0,,False,6,train,2
1322,0.0,418.63308,418.88329,null,0.8,null,-40.0,"[20.0, 20.0]","[3644.93333333, 3644.93333333]",0.08,0.0,gabors,30.0,4.0,0.25020744,231,,,0,,False,5,test,0
1323,0.0,418.88329,419.1335,null,0.8,null,-10.0,"[20.0, 20.0]","[3644.93333333, 3644.93333333]",0.08,0.0,gabors,0.0,4.0,0.25020744,132,,,0,,False,6,train,0
1324,0.0,419.1335,419.38371,null,0.8,null,20.0,"[20.0, 20.0]","[3644.93333333, 3644.93333333]",0.08,90.0,gabors,10.0,4.0,0.25020744,158,,,0,,False,4,train,2
1325,0.0,419.38371,419.63392,null,0.8,null,0.0,"[20.0, 20.0]","[3644.93333333, 3644.93333333]",0.08,90.0,gabors,-30.0,4.0,0.25021256,137,,,0,,False,6,train,2
1326,0.0,419.63392,419.88413,null,0.8,null,0.0,"[20.0, 20.0]","[3644.93333333, 3644.93333333]",0.08,45.0,gabors,0.0,4.0,0.25021256,134,,,0,,False,9,train,1
1327,0.0,419.88413,420.13434,null,0.8,null,-20.0,"[20.0, 20.0]","[3644.93333333, 3644.93333333]",0.08,0.0,gabors,-30.0,4.0,0.25021256,178,,,0,,False,4,train,0
1328,0.0,420.13434,420.38456,null,0.8,null,-30.0,"[20.0, 20.0]","[3644.93333333, 3644.93333333]",0.08,45.0,gabors,30.0,4.0,0.25021256,159,,,0,,False,6,train,1
1329,0.0,420.38456,420.63476,null,0.8,null,-10.0,"[20.0, 20.0]","[3644.93333333, 3644.93333333]",0.08,45.0,gabors,30.0,4.0,0.25020494,89,,,0,,False,6,train,1
1330,0.0,420.63476,420.88497,null,0.8,null,0.0,"[20.0, 20.0]","[3644.93333333, 3644.93333333]",0.08,45.0,gabors,30.0,4.0,0.25020494,62,,,0,,False,6,train,1
1331,0.0,420.88497,421.13517,null,0.8,null,40.0,"[20.0, 20.0]","[3644.93333333, 3644.93333333]",0.08,90.0,gabors,-40.0,4.0,0.25020494,180,,,0,,False,6,train,2
1332,0.0,421.13517,421.38538,null,0.8,null,40.0,"[20.0, 20.0]","[3644.93333333, 3644.93333333]",0.08,0.0,gabors,20.0,4.0,0.25020494,19,,,0,,False,3,train,0
1333,0.0,421.38538,421.63559,null,0.8,null,40.0,"[20.0, 20.0]","[3644.93333333, 3644.93333333]",0.08,90.0,gabors,10.0,4.0,0.25021006,150,,,0,,False,3,train,2
1334,0.0,421.63559,421.8858,null,0.8,null,-20.0,"[20.0, 20.0]","[3644.93333333, 3644.93333333]",0.08,45.0,gabors,30.0,4.0,0.25021006,191,,,0,,False,5,test,1
1335,0.0,421.8858,422.13601,null,0.8,null,-30.0,"[20.0, 20.0]","[3644.93333333, 3644.93333333]",0.08,45.0,gabors,30.0,4.0,0.25021006,159,,,0,,False,7,train,1
1336,0.0,422.13601,422.38622,null,0.8,null,-10.0,"[20.0, 20.0]","[3644.93333333, 3644.93333333]",0.08,45.0,gabors,-10.0,4.0,0.25021006,216,,,0,,False,4,train,1
1337,0.0,422.38622,422.63643,null,0.8,null,-10.0,"[20.0, 20.0]","[3644.93333333, 3644.93333333]",0.08,90.0,gabors,-10.0,4.0,0.25020994,80,,,0,,False,7,train,2
1338,0.0,422.63643,422.88664,null,0.8,null,40.0,"[20.0, 20.0]","[3644.93333333, 3644.93333333]",0.08,45.0,gabors,30.0,4.0,0.25020994,50,,,0,,False,7,train,1
1339,0.0,422.88664,423.13685,null,0.8,null,0.0,"[20.0, 20.0]","[3644.93333333, 3644.93333333]",0.08,45.0,gabors,-10.0,4.0,0.25020994,23,,,0,,False,5,test,1
1340,0.0,423.13685,423.38706,null,0.8,null,0.0,"[20.0, 20.0]","[3644.93333333, 3644.93333333]",0.08,90.0,gabors,-20.0,4.0,0.25020994,45,,,0,,False,6,train,2
1341,0.0,423.38706,423.63726,null,0.8,null,40.0,"[20.0, 20.0]","[3644.93333333, 3644.93333333]",0.08,0.0,gabors,20.0,4.0,0.25020756,19,,,0,,False,4,train,0
1342,0.0,423.63726,423.88747,null,0.8,null,30.0,"[20.0, 20.0]","[3644.93333333, 3644.93333333]",0.08,45.0,gabors,30.0,4.0,0.25020756,206,,,0,,False,8,test,1
1343,0.0,423.88747,424.13768,null,0.8,null,-10.0,"[20.0, 20.0]","[3644.93333333, 3644.93333333]",0.08,45.0,gabors,-40.0,4.0,0.25020756,21,,,0,,False,3,train,1
1344,0.0,424.13768,424.38789,null,0.8,null,-40.0,"[20.0, 20.0]","[3644.93333333, 3644.93333333]",0.08,0.0,gabors,0.0,4.0,0.25020756,228,,,0,,False,6,train,0
1345,0.0,424.38789,424.6381,null,0.8,null,20.0,"[20.0, 20.0]","[3644.93333333, 3644.93333333]",0.08,45.0,gabors,0.0,4.0,0.25021244,155,,,0,,False,4,train,1
1346,0.0,424.6381,424.88831,null,0.8,null,40.0,"[20.0, 20.0]","[3644.93333333, 3644.93333333]",0.08,0.0,gabors,0.0,4.0,0.25021244,55,,,0,,False,6,train,0
1347,0.0,424.88831,425.13852,null,0.8,null,-30.0,"[20.0, 20.0]","[3644.93333333, 3644.93333333]",0.08,45.0,gabors,0.0,4.0,0.25021244,22,,,0,,False,7,train,1
1348,0.0,425.13852,425.38874,null,0.8,null,30.0,"[20.0, 20.0]","[3644.93333333, 3644.93333333]",0.08,45.0,gabors,-10.0,4.0,0.25021244,120,,,0,,False,7,train,1
1349,0.0,425.38874,425.63894,null,0.8,null,-30.0,"[20.0, 20.0]","[3644.93333333, 3644.93333333]",0.08,0.0,gabors,-10.0,4.0,0.25020256,122,,,0,,False,4,train,0
1350,0.0,425.63894,425.88914,null,0.8,null,30.0,"[20.0, 20.0]","[3644.93333333, 3644.93333333]",0.08,45.0,gabors,0.0,4.0,0.25020256,1,,,0,,False,6,train,1
1351,0.0,425.88914,426.13934,null,0.8,null,-40.0,"[20.0, 20.0]","[3644.93333333, 3644.93333333]",0.08,45.0,gabors,-20.0,4.0,0.25020256,18,,,0,,False,5,test,1
1352,0.0,426.13934,426.38955,null,0.8,null,0.0,"[20.0, 20.0]","[3644.93333333, 3644.93333333]",0.08,45.0,gabors,20.0,4.0,0.25020256,233,,,0,,False,3,train,1
1353,0.0,426.38955,426.63976,null,0.8,null,-20.0,"[20.0, 20.0]","[3644.93333333, 3644.93333333]",0.08,90.0,gabors,10.0,4.0,0.25020994,119,,,0,,False,7,train,2
1354,0.0,426.63976,426.88997,null,0.8,null,-10.0,"[20.0, 20.0]","[3644.93333333, 3644.93333333]",0.08,0.0,gabors,40.0,4.0,0.25020994,130,,,0,,False,5,test,0
1355,0.0,426.88997,427.14018,null,0.8,null,40.0,"[20.0, 20.0]","[3644.93333333, 3644.93333333]",0.08,0.0,gabors,30.0,4.0,0.25020994,218,,,0,,False,3,train,0
1356,0.0,427.14018,427.39039,null,0.8,null,-20.0,"[20.0, 20.0]","[3644.93333333, 3644.93333333]",0.08,90.0,gabors,0.0,4.0,0.25020994,5,,,0,,False,4,train,2
1357,0.0,427.39039,427.64059,null,0.8,null,0.0,"[20.0, 20.0]","[3644.93333333, 3644.93333333]",0.08,0.0,gabors,-30.0,4.0,0.25020756,188,,,0,,False,2,test,0
1358,0.0,427.64059,427.8908,null,0.8,null,0.0,"[20.0, 20.0]","[3644.93333333, 3644.93333333]",0.08,90.0,gabors,0.0,4.0,0.25020756,104,,,0,,False,7,train,2
1359,0.0,427.8908,428.14101,null,0.8,null,-20.0,"[20.0, 20.0]","[3644.93333333, 3644.93333333]",0.08,45.0,gabors,0.0,4.0,0.25020756,94,,,0,,False,6,train,1
1360,0.0,428.14101,428.39122,null,0.8,null,0.0,"[20.0, 20.0]","[3644.93333333, 3644.93333333]",0.08,90.0,gabors,20.0,4.0,0.25020756,225,,,0,,False,3,train,2
1361,0.0,428.39122,428.64143,null,0.8,null,-30.0,"[20.0, 20.0]","[3644.93333333, 3644.93333333]",0.08,0.0,gabors,-30.0,4.0,0.25021244,164,,,0,,False,9,train,0
1362,0.0,428.64143,428.89164,null,0.8,null,30.0,"[20.0, 20.0]","[3644.93333333, 3644.93333333]",0.08,90.0,gabors,10.0,4.0,0.25021244,87,,,0,,False,7,train,2
1363,0.0,428.89164,429.14185,null,0.8,null,-30.0,"[20.0, 20.0]","[3644.93333333, 3644.93333333]",0.08,0.0,gabors,-10.0,4.0,0.25021244,122,,,0,,False,5,test,0
1364,0.0,429.14185,429.39207,null,0.8,null,40.0,"[20.0, 20.0]","[3644.93333333, 3644.93333333]",0.08,90.0,gabors,30.0,4.0,0.25021244,138,,,0,,False,3,train,2
1365,0.0,429.39207,429.64228,null,0.8,null,-20.0,"[20.0, 20.0]","[3644.93333333, 3644.93333333]",0.08,0.0,gabors,0.0,4.0,0.25021506,46,,,0,,False,5,test,0
1366,0.0,429.64228,429.8925,null,0.8,null,40.0,"[20.0, 20.0]","[3644.93333333, 3644.93333333]",0.08,90.0,gabors,20.0,4.0,0.25021506,163,,,0,,False,5,test,2
1367,0.0,429.8925,430.14271,null,0.8,null,-40.0,"[20.0, 20.0]","[3644.93333333, 3644.93333333]",0.08,90.0,gabors,30.0,4.0,0.25021506,53,,,0,,False,7,train,2
1368,0.0,430.14271,430.39293,null,0.8,null,40.0,"[20.0, 20.0]","[3644.93333333, 3644.93333333]",0.08,0.0,gabors,20.0,4.0,0.25021506,19,,,0,,False,5,test,0
1369,0.0,430.39293,430.64313,null,0.8,null,30.0,"[20.0, 20.0]","[3644.93333333, 3644.93333333]",0.08,45.0,gabors,-40.0,4.0,0.25020494,59,,,0,,False,5,test,1
1370,0.0,430.64313,430.89334,null,0.8,null,-40.0,"[20.0, 20.0]","[3644.93333333, 3644.93333333]",0.08,0.0,gabors,-20.0,4.0,0.25020494,70,,,0,,False,8,test,0
1371,0.0,430.89334,431.14354,null,0.8,null,-40.0,"[20.0, 20.0]","[3644.93333333, 3644.93333333]",0.08,0.0,gabors,10.0,4.0,0.25020494,203,,,0,,False,2,test,0
1372,0.0,431.14354,431.39375,null,0.8,null,40.0,"[20.0, 20.0]","[3644.93333333, 3644.93333333]",0.08,0.0,gabors,20.0,4.0,0.25020494,19,,,0,,False,6,train,0
1373,0.0,431.39375,431.64396,null,0.8,null,-40.0,"[20.0, 20.0]","[3644.93333333, 3644.93333333]",0.08,45.0,gabors,0.0,4.0,0.25021006,208,,,0,,False,5,test,1
1374,0.0,431.64396,431.89417,null,0.8,null,10.0,"[20.0, 20.0]","[3644.93333333, 3644.93333333]",0.08,90.0,gabors,30.0,4.0,0.25021006,14,,,0,,False,6,train,2
1375,0.0,431.89417,432.14438,null,0.8,null,-20.0,"[20.0, 20.0]","[3644.93333333, 3644.93333333]",0.08,0.0,gabors,-10.0,4.0,0.25021006,223,,,0,,False,4,train,0
1376,0.0,432.14438,432.39459,null,0.8,null,30.0,"[20.0, 20.0]","[3644.93333333, 3644.93333333]",0.08,90.0,gabors,0.0,4.0,0.25021006,11,,,0,,False,5,test,2
1377,0.0,432.39459,432.6448,null,0.8,null,0.0,"[20.0, 20.0]","[3644.93333333, 3644.93333333]",0.08,0.0,gabors,10.0,4.0,0.25020994,234,,,0,,False,4,train,0
1378,0.0,432.6448,432.89501,null,0.8,null,-40.0,"[20.0, 20.0]","[3644.93333333, 3644.93333333]",0.08,90.0,gabors,-10.0,4.0,0.25020994,186,,,0,,False,3,train,2
1379,0.0,432.89501,433.14522,null,0.8,null,-20.0,"[20.0, 20.0]","[3644.93333333, 3644.93333333]",0.08,45.0,gabors,30.0,4.0,0.25020994,191,,,0,,False,6,train,1
1380,0.0,433.14522,433.39543,null,0.8,null,-20.0,"[20.0, 20.0]","[3644.93333333, 3644.93333333]",0.08,0.0,gabors,-10.0,4.0,0.25020994,223,,,0,,False,5,test,0
1381,0.0,433.39543,433.64563,null,0.8,null,-10.0,"[20.0, 20.0]","[3644.93333333, 3644.93333333]",0.08,45.0,gabors,-40.0,4.0,0.25020256,21,,,0,,False,4,train,1
1382,0.0,433.64563,433.89583,null,0.8,null,0.0,"[20.0, 20.0]","[3644.93333333, 3644.93333333]",0.08,90.0,gabors,40.0,4.0,0.25020256,106,,,0,,False,7,train,2
1383,0.0,433.89583,434.14603,null,0.8,null,-10.0,"[20.0, 20.0]","[3644.93333333, 3644.93333333]",0.08,45.0,gabors,-20.0,4.0,0.25020256,40,,,0,,False,5,test,1
1384,0.0,434.14603,434.39624,null,0.8,null,30.0,"[20.0, 20.0]","[3644.93333333, 3644.93333333]",0.08,45.0,gabors,-40.0,4.0,0.25020256,59,,,0,,False,6,train,1
1385,0.0,434.39624,434.64645,null,0.8,null,20.0,"[20.0, 20.0]","[3644.93333333, 3644.93333333]",0.08,45.0,gabors,10.0,4.0,0.25021494,217,,,0,,False,4,train,1
1386,0.0,434.64645,434.89667,null,0.8,null,40.0,"[20.0, 20.0]","[3644.93333333, 3644.93333333]",0.08,90.0,gabors,20.0,4.0,0.25021494,163,,,0,,False,6,train,2
1387,0.0,434.89667,435.14688,null,0.8,null,10.0,"[20.0, 20.0]","[3644.93333333, 3644.93333333]",0.08,0.0,gabors,-10.0,4.0,0.25021494,32,,,0,,False,5,test,0
1388,0.0,435.14688,435.3971,null,0.8,null,30.0,"[20.0, 20.0]","[3644.93333333, 3644.93333333]",0.08,45.0,gabors,10.0,4.0,0.25021494,68,,,0,,False,6,train,1
1389,0.0,435.3971,435.6473,null,0.8,null,30.0,"[20.0, 20.0]","[3644.93333333, 3644.93333333]",0.08,0.0,gabors,40.0,4.0,0.25020756,133,,,0,,False,7,train,0
1390,0.0,435.6473,435.89751,null,0.8,null,20.0,"[20.0, 20.0]","[3644.93333333, 3644.93333333]",0.08,45.0,gabors,-30.0,4.0,0.25020756,129,,,0,,False,3,train,1
1391,0.0,435.89751,436.14772,null,0.8,null,40.0,"[20.0, 20.0]","[3644.93333333, 3644.93333333]",0.08,90.0,gabors,-10.0,4.0,0.25020756,229,,,0,,False,4,train,2
1392,0.0,436.14772,436.39793,null,0.8,null,10.0,"[20.0, 20.0]","[3644.93333333, 3644.93333333]",0.08,45.0,gabors,-30.0,4.0,0.25020756,236,,,0,,False,5,test,1
1393,0.0,436.39793,436.64813,null,0.8,null,-30.0,"[20.0, 20.0]","[3644.93333333, 3644.93333333]",0.08,45.0,gabors,40.0,4.0,0.25020744,85,,,0,,False,6,train,1
1394,0.0,436.64813,436.89834,null,0.8,null,30.0,"[20.0, 20.0]","[3644.93333333, 3644.93333333]",0.08,90.0,gabors,30.0,4.0,0.25020744,241,,,0,,False,2,test,2
1395,0.0,436.89834,437.14855,null,0.8,null,30.0,"[20.0, 20.0]","[3644.93333333, 3644.93333333]",0.08,90.0,gabors,0.0,4.0,0.25020744,11,,,0,,False,6,train,2
1396,0.0,437.14855,437.39876,null,0.8,null,-20.0,"[20.0, 20.0]","[3644.93333333, 3644.93333333]",0.08,0.0,gabors,-30.0,4.0,0.25020744,178,,,0,,False,5,test,0
1397,0.0,437.39876,437.64897,null,0.8,null,-30.0,"[20.0, 20.0]","[3644.93333333, 3644.93333333]",0.08,90.0,gabors,0.0,4.0,0.25021506,239,,,0,,False,4,train,2
1398,0.0,437.64897,437.89919,null,0.8,null,-40.0,"[20.0, 20.0]","[3644.93333333, 3644.93333333]",0.08,0.0,gabors,0.0,4.0,0.25021506,228,,,0,,False,7,train,0
1399,0.0,437.89919,438.1494,null,0.8,null,-20.0,"[20.0, 20.0]","[3644.93333333, 3644.93333333]",0.08,0.0,gabors,-40.0,4.0,0.25021506,117,,,0,,False,5,test,0
1400,0.0,438.1494,438.39962,null,0.8,null,-20.0,"[20.0, 20.0]","[3644.93333333, 3644.93333333]",0.08,0.0,gabors,20.0,4.0,0.25021506,28,,,0,,False,2,test,0
1401,0.0,438.39962,438.64982,null,0.8,null,40.0,"[20.0, 20.0]","[3644.93333333, 3644.93333333]",0.08,45.0,gabors,20.0,4.0,0.25020494,105,,,0,,False,6,train,1
1402,0.0,438.64982,438.90003,null,0.8,null,-20.0,"[20.0, 20.0]","[3644.93333333, 3644.93333333]",0.08,90.0,gabors,10.0,4.0,0.25020494,119,,,0,,False,8,test,2
1403,0.0,438.90003,439.15023,null,0.8,null,-30.0,"[20.0, 20.0]","[3644.93333333, 3644.93333333]",0.08,0.0,gabors,0.0,4.0,0.25020494,3,,,0,,False,4,train,0
1404,0.0,439.15023,439.40044,null,0.8,null,-10.0,"[20.0, 20.0]","[3644.93333333, 3644.93333333]",0.08,90.0,gabors,30.0,4.0,0.25020494,140,,,0,,False,7,train,2
1405,0.0,439.40044,439.65065,null,0.8,null,30.0,"[20.0, 20.0]","[3644.93333333, 3644.93333333]",0.08,45.0,gabors,-30.0,4.0,0.25021256,65,,,0,,False,5,test,1
1406,0.0,439.65065,439.90086,null,0.8,null,-30.0,"[20.0, 20.0]","[3644.93333333, 3644.93333333]",0.08,45.0,gabors,-40.0,4.0,0.25021256,232,,,0,,False,4,train,1
1407,0.0,439.90086,440.15107,null,0.8,null,-30.0,"[20.0, 20.0]","[3644.93333333, 3644.93333333]",0.08,0.0,gabors,-10.0,4.0,0.25021256,122,,,0,,False,6,train,0
1408,0.0,440.15107,440.40129,null,0.8,null,40.0,"[20.0, 20.0]","[3644.93333333, 3644.93333333]",0.08,0.0,gabors,20.0,4.0,0.25021256,19,,,0,,False,7,train,0
1409,0.0,440.40129,440.65149,null,0.8,null,-10.0,"[20.0, 20.0]","[3644.93333333, 3644.93333333]",0.08,90.0,gabors,-40.0,4.0,0.25020494,185,,,0,,False,5,test,2
1410,0.0,440.65149,440.9017,null,0.8,null,-10.0,"[20.0, 20.0]","[3644.93333333, 3644.93333333]",0.08,0.0,gabors,30.0,4.0,0.25020494,227,,,0,,False,3,train,0
1411,0.0,440.9017,441.1519,null,0.8,null,-30.0,"[20.0, 20.0]","[3644.93333333, 3644.93333333]",0.08,45.0,gabors,10.0,4.0,0.25020494,16,,,0,,False,2,test,1
1412,0.0,441.1519,441.40211,null,0.8,null,0.0,"[20.0, 20.0]","[3644.93333333, 3644.93333333]",0.08,0.0,gabors,-20.0,4.0,0.25020494,108,,,0,,False,7,train,0
1413,0.0,441.40211,441.65232,null,0.8,null,0.0,"[20.0, 20.0]","[3644.93333333, 3644.93333333]",0.08,90.0,gabors,-40.0,4.0,0.25021256,192,,,0,,False,8,test,2
1414,0.0,441.65232,441.90253,null,0.8,null,30.0,"[20.0, 20.0]","[3644.93333333, 3644.93333333]",0.08,0.0,gabors,30.0,4.0,0.25021256,43,,,0,,False,6,train,0
1415,0.0,441.90253,442.15274,null,0.8,null,40.0,"[20.0, 20.0]","[3644.93333333, 3644.93333333]",0.08,90.0,gabors,30.0,4.0,0.25021256,138,,,0,,False,4,train,2
1416,0.0,442.15274,442.40296,null,0.8,null,-20.0,"[20.0, 20.0]","[3644.93333333, 3644.93333333]",0.08,90.0,gabors,20.0,4.0,0.25021256,83,,,0,,False,4,train,2
1417,0.0,442.40296,442.65316,null,0.8,null,10.0,"[20.0, 20.0]","[3644.93333333, 3644.93333333]",0.08,0.0,gabors,-20.0,4.0,0.25020244,153,,,0,,False,4,train,0
1418,0.0,442.65316,442.90336,null,0.8,null,0.0,"[20.0, 20.0]","[3644.93333333, 3644.93333333]",0.08,90.0,gabors,20.0,4.0,0.25020244,225,,,0,,False,4,train,2
1419,0.0,442.90336,443.15356,null,0.8,null,40.0,"[20.0, 20.0]","[3644.93333333, 3644.93333333]",0.08,45.0,gabors,-40.0,4.0,0.25020244,101,,,0,,False,5,test,1
1420,0.0,443.15356,443.40377,null,0.8,null,20.0,"[20.0, 20.0]","[3644.93333333, 3644.93333333]",0.08,0.0,gabors,10.0,4.0,0.25020244,210,,,0,,False,4,train,0
1421,0.0,443.40377,443.65397,null,0.8,null,20.0,"[20.0, 20.0]","[3644.93333333, 3644.93333333]",0.08,90.0,gabors,30.0,4.0,0.25020756,6,,,0,,False,3,train,2
1422,0.0,443.65397,443.90418,null,0.8,null,-40.0,"[20.0, 20.0]","[3644.93333333, 3644.93333333]",0.08,90.0,gabors,-30.0,4.0,0.25020756,47,,,0,,False,8,test,2
1423,0.0,443.90418,444.15439,null,0.8,null,-30.0,"[20.0, 20.0]","[3644.93333333, 3644.93333333]",0.08,45.0,gabors,-30.0,4.0,0.25020756,207,,,0,,False,4,train,1
1424,0.0,444.15439,444.4046,null,0.8,null,-10.0,"[20.0, 20.0]","[3644.93333333, 3644.93333333]",0.08,0.0,gabors,10.0,4.0,0.25020756,100,,,0,,False,6,train,0
1425,0.0,444.4046,444.65481,null,0.8,null,0.0,"[20.0, 20.0]","[3644.93333333, 3644.93333333]",0.08,0.0,gabors,-20.0,4.0,0.25021494,108,,,0,,False,8,test,0
1426,0.0,444.65481,444.90503,null,0.8,null,-40.0,"[20.0, 20.0]","[3644.93333333, 3644.93333333]",0.08,45.0,gabors,30.0,4.0,0.25021494,144,,,0,,False,5,test,1
1427,0.0,444.90503,445.15524,null,0.8,null,0.0,"[20.0, 20.0]","[3644.93333333, 3644.93333333]",0.08,45.0,gabors,-40.0,4.0,0.25021494,82,,,0,,False,8,test,1
1428,0.0,445.15524,445.40546,null,0.8,null,0.0,"[20.0, 20.0]","[3644.93333333, 3644.93333333]",0.08,45.0,gabors,20.0,4.0,0.25021494,233,,,0,,False,4,train,1
1429,0.0,445.40546,445.65566,null,0.8,null,30.0,"[20.0, 20.0]","[3644.93333333, 3644.93333333]",0.08,90.0,gabors,40.0,4.0,0.25020256,88,,,0,,False,4,train,2
1430,0.0,445.65566,445.90586,null,0.8,null,-30.0,"[20.0, 20.0]","[3644.93333333, 3644.93333333]",0.08,0.0,gabors,-40.0,4.0,0.25020256,243,,,0,,False,3,train,0
1431,0.0,445.90586,446.15606,null,0.8,null,40.0,"[20.0, 20.0]","[3644.93333333, 3644.93333333]",0.08,0.0,gabors,0.0,4.0,0.25020256,55,,,0,,False,7,train,0
1432,0.0,446.15606,446.40627,null,0.8,null,-10.0,"[20.0, 20.0]","[3644.93333333, 3644.93333333]",0.08,0.0,gabors,-30.0,4.0,0.25020256,54,,,0,,False,7,train,0
1433,0.0,446.40627,446.65648,null,0.8,null,0.0,"[20.0, 20.0]","[3644.93333333, 3644.93333333]",0.08,0.0,gabors,-20.0,4.0,0.25021244,108,,,0,,False,9,train,0
1434,0.0,446.65648,446.90669,null,0.8,null,30.0,"[20.0, 20.0]","[3644.93333333, 3644.93333333]",0.08,45.0,gabors,-40.0,4.0,0.25021244,59,,,0,,False,7,train,1
1435,0.0,446.90669,447.1569,null,0.8,null,30.0,"[20.0, 20.0]","[3644.93333333, 3644.93333333]",0.08,45.0,gabors,40.0,4.0,0.25021244,240,,,0,,False,1,train,1
1436,0.0,447.1569,447.40712,null,0.8,null,30.0,"[20.0, 20.0]","[3644.93333333, 3644.93333333]",0.08,0.0,gabors,-30.0,4.0,0.25021244,171,,,0,,False,4,train,0
1437,0.0,447.40712,447.65733,null,0.8,null,40.0,"[20.0, 20.0]","[3644.93333333, 3644.93333333]",0.08,0.0,gabors,20.0,4.0,0.25021006,19,,,0,,False,8,test,0
1438,0.0,447.65733,447.90754,null,0.8,null,0.0,"[20.0, 20.0]","[3644.93333333, 3644.93333333]",0.08,90.0,gabors,30.0,4.0,0.25021006,146,,,0,,False,6,train,2
1439,0.0,447.90754,448.15775,null,0.8,null,30.0,"[20.0, 20.0]","[3644.93333333, 3644.93333333]",0.08,45.0,gabors,-20.0,4.0,0.25021006,162,,,0,,False,4,train,1
1440,0.0,448.15775,448.40796,null,0.8,null,-20.0,"[20.0, 20.0]","[3644.93333333, 3644.93333333]",0.08,90.0,gabors,-40.0,4.0,0.25021006,209,,,0,,False,5,test,2
1441,0.0,448.40796,448.65817,null,0.8,null,40.0,"[20.0, 20.0]","[3644.93333333, 3644.93333333]",0.08,45.0,gabors,10.0,4.0,0.25020994,4,,,0,,False,5,test,1
1442,0.0,448.65817,448.90838,null,0.8,null,-30.0,"[20.0, 20.0]","[3644.93333333, 3644.93333333]",0.08,45.0,gabors,-30.0,4.0,0.25020994,207,,,0,,False,5,test,1
1443,0.0,448.90838,449.15859,null,0.8,null,30.0,"[20.0, 20.0]","[3644.93333333, 3644.93333333]",0.08,0.0,gabors,-40.0,4.0,0.25020994,124,,,0,,False,5,test,0
1444,0.0,449.15859,449.4088,null,0.8,null,-40.0,"[20.0, 20.0]","[3644.93333333, 3644.93333333]",0.08,90.0,gabors,-30.0,4.0,0.25020994,47,,,0,,False,9,train,2
1445,0.0,449.4088,449.65901,null,0.8,null,30.0,"[20.0, 20.0]","[3644.93333333, 3644.93333333]",0.08,45.0,gabors,-20.0,4.0,0.25021006,162,,,0,,False,5,test,1
1446,0.0,449.65901,449.90922,null,0.8,null,-40.0,"[20.0, 20.0]","[3644.93333333, 3644.93333333]",0.08,45.0,gabors,0.0,4.0,0.25021006,208,,,0,,False,6,train,1
1447,0.0,449.90922,450.15943,null,0.8,null,-40.0,"[20.0, 20.0]","[3644.93333333, 3644.93333333]",0.08,45.0,gabors,40.0,4.0,0.25021006,99,,,0,,False,6,train,1
1448,0.0,450.15943,450.40964,null,0.8,null,-10.0,"[20.0, 20.0]","[3644.93333333, 3644.93333333]",0.08,90.0,gabors,-30.0,4.0,0.25021006,147,,,0,,False,6,train,2
1449,0.0,450.40964,450.65984,null,0.8,null,20.0,"[20.0, 20.0]","[3644.93333333, 3644.93333333]",0.08,45.0,gabors,0.0,4.0,0.25020744,155,,,0,,False,5,test,1
1450,0.0,450.65984,450.91005,null,0.8,null,-30.0,"[20.0, 20.0]","[3644.93333333, 3644.93333333]",0.08,45.0,gabors,40.0,4.0,0.25020744,85,,,0,,False,7,train,1
1451,0.0,450.91005,451.16026,null,0.8,null,10.0,"[20.0, 20.0]","[3644.93333333, 3644.93333333]",0.08,0.0,gabors,20.0,4.0,0.25020744,179,,,0,,False,8,test,0
1452,0.0,451.16026,451.41047,null,0.8,null,-10.0,"[20.0, 20.0]","[3644.93333333, 3644.93333333]",0.08,45.0,gabors,-20.0,4.0,0.25020744,40,,,0,,False,6,train,1
1453,0.0,451.41047,451.66068,null,0.8,null,10.0,"[20.0, 20.0]","[3644.93333333, 3644.93333333]",0.08,90.0,gabors,-30.0,4.0,0.25021006,93,,,0,,False,5,test,2
1454,0.0,451.66068,451.91089,null,0.8,null,40.0,"[20.0, 20.0]","[3644.93333333, 3644.93333333]",0.08,0.0,gabors,-10.0,4.0,0.25021006,71,,,0,,False,6,train,0
1455,0.0,451.91089,452.1611,null,0.8,null,10.0,"[20.0, 20.0]","[3644.93333333, 3644.93333333]",0.08,45.0,gabors,-20.0,4.0,0.25021006,126,,,0,,False,5,test,1
1456,0.0,452.1611,452.41131,null,0.8,null,40.0,"[20.0, 20.0]","[3644.93333333, 3644.93333333]",0.08,45.0,gabors,30.0,4.0,0.25021006,50,,,0,,False,8,test,1
1457,0.0,452.41131,452.66151,null,0.8,null,-20.0,"[20.0, 20.0]","[3644.93333333, 3644.93333333]",0.08,45.0,gabors,10.0,4.0,0.25020494,113,,,0,,False,8,test,1
1458,0.0,452.66151,452.91172,null,0.8,null,-20.0,"[20.0, 20.0]","[3644.93333333, 3644.93333333]",0.08,45.0,gabors,-10.0,4.0,0.25020494,86,,,0,,False,5,test,1
1459,0.0,452.91172,453.16192,null,0.8,null,0.0,"[20.0, 20.0]","[3644.93333333, 3644.93333333]",0.08,0.0,gabors,-40.0,4.0,0.25020494,199,,,0,,False,9,train,0
1460,0.0,453.16192,453.41213,null,0.8,null,30.0,"[20.0, 20.0]","[3644.93333333, 3644.93333333]",0.08,45.0,gabors,-30.0,4.0,0.25020494,65,,,0,,False,6,train,1
1461,0.0,453.41213,453.66234,null,0.8,null,20.0,"[20.0, 20.0]","[3644.93333333, 3644.93333333]",0.08,45.0,gabors,-40.0,4.0,0.25021756,201,,,0,,False,4,train,1
1462,0.0,453.66234,453.91256,null,0.8,null,-30.0,"[20.0, 20.0]","[3644.93333333, 3644.93333333]",0.08,90.0,gabors,-40.0,4.0,0.25021756,39,,,0,,False,7,train,2
1463,0.0,453.91256,454.16278,null,0.8,null,20.0,"[20.0, 20.0]","[3644.93333333, 3644.93333333]",0.08,90.0,gabors,30.0,4.0,0.25021756,6,,,0,,False,4,train,2
1464,0.0,454.16278,454.413,null,0.8,null,-20.0,"[20.0, 20.0]","[3644.93333333, 3644.93333333]",0.08,90.0,gabors,10.0,4.0,0.25021756,119,,,0,,False,9,train,2
1465,0.0,454.413,454.6632,null,0.8,null,-20.0,"[20.0, 20.0]","[3644.93333333, 3644.93333333]",0.08,45.0,gabors,-40.0,4.0,0.25020494,77,,,0,,False,8,test,1
1466,0.0,454.6632,454.91341,null,0.8,null,10.0,"[20.0, 20.0]","[3644.93333333, 3644.93333333]",0.08,90.0,gabors,-10.0,4.0,0.25020494,102,,,0,,False,6,train,2
1467,0.0,454.91341,455.16361,null,0.8,null,-10.0,"[20.0, 20.0]","[3644.93333333, 3644.93333333]",0.08,0.0,gabors,20.0,4.0,0.25020494,235,,,0,,False,2,test,0
1468,0.0,455.16361,455.41382,null,0.8,null,30.0,"[20.0, 20.0]","[3644.93333333, 3644.93333333]",0.08,0.0,gabors,-40.0,4.0,0.25020494,124,,,0,,False,6,train,0
1469,0.0,455.41382,455.66403,null,0.8,null,0.0,"[20.0, 20.0]","[3644.93333333, 3644.93333333]",0.08,90.0,gabors,0.0,4.0,0.25021006,104,,,0,,False,8,test,2
1470,0.0,455.66403,455.91424,null,0.8,null,0.0,"[20.0, 20.0]","[3644.93333333, 3644.93333333]",0.08,0.0,gabors,-20.0,4.0,0.25021006,108,,,0,,False,10,train,0
1471,0.0,455.91424,456.16445,null,0.8,null,-30.0,"[20.0, 20.0]","[3644.93333333, 3644.93333333]",0.08,90.0,gabors,40.0,4.0,0.25021006,17,,,0,,False,9,train,2
1472,0.0,456.16445,456.41466,null,0.8,null,-10.0,"[20.0, 20.0]","[3644.93333333, 3644.93333333]",0.08,45.0,gabors,30.0,4.0,0.25021006,89,,,0,,False,7,train,1
1473,0.0,456.41466,456.66486,null,0.8,null,30.0,"[20.0, 20.0]","[3644.93333333, 3644.93333333]",0.08,45.0,gabors,-10.0,4.0,0.25020494,120,,,0,,False,8,test,1
1474,0.0,456.66486,456.91507,null,0.8,null,-10.0,"[20.0, 20.0]","[3644.93333333, 3644.93333333]",0.08,90.0,gabors,-30.0,4.0,0.25020494,147,,,0,,False,7,train,2
1475,0.0,456.91507,457.16527,null,0.8,null,20.0,"[20.0, 20.0]","[3644.93333333, 3644.93333333]",0.08,0.0,gabors,-30.0,4.0,0.25020494,238,,,0,,False,3,train,0
1476,0.0,457.16527,457.41548,null,0.8,null,-40.0,"[20.0, 20.0]","[3644.93333333, 3644.93333333]",0.08,0.0,gabors,30.0,4.0,0.25020494,231,,,0,,False,6,train,0
1477,0.0,457.41548,457.66569,null,0.8,null,40.0,"[20.0, 20.0]","[3644.93333333, 3644.93333333]",0.08,0.0,gabors,-30.0,4.0,0.25021256,142,,,0,,False,4,train,0
1478,0.0,457.66569,457.9159,null,0.8,null,40.0,"[20.0, 20.0]","[3644.93333333, 3644.93333333]",0.08,0.0,gabors,-40.0,4.0,0.25021256,226,,,0,,False,2,test,0
1479,0.0,457.9159,458.16611,null,0.8,null,10.0,"[20.0, 20.0]","[3644.93333333, 3644.93333333]",0.08,45.0,gabors,10.0,4.0,0.25021256,9,,,0,,False,5,test,1
1480,0.0,458.16611,458.41633,null,0.8,null,0.0,"[20.0, 20.0]","[3644.93333333, 3644.93333333]",0.08,0.0,gabors,30.0,4.0,0.25021256,74,,,0,,False,6,train,0
1481,0.0,458.41633,458.66653,null,0.8,null,-30.0,"[20.0, 20.0]","[3644.93333333, 3644.93333333]",0.08,0.0,gabors,10.0,4.0,0.25020744,166,,,0,,False,5,test,0
1482,0.0,458.66653,458.91674,null,0.8,null,10.0,"[20.0, 20.0]","[3644.93333333, 3644.93333333]",0.08,0.0,gabors,-10.0,4.0,0.25020744,32,,,0,,False,6,train,0
1483,0.0,458.91674,459.16695,null,0.8,null,20.0,"[20.0, 20.0]","[3644.93333333, 3644.93333333]",0.08,45.0,gabors,-20.0,4.0,0.25020744,29,,,0,,False,7,train,1
1484,0.0,459.16695,459.41716,null,0.8,null,20.0,"[20.0, 20.0]","[3644.93333333, 3644.93333333]",0.08,45.0,gabors,-10.0,4.0,0.25020744,193,,,0,,False,3,train,1
1485,0.0,459.41716,459.66736,null,0.8,null,10.0,"[20.0, 20.0]","[3644.93333333, 3644.93333333]",0.08,45.0,gabors,0.0,4.0,0.25020506,152,,,0,,False,8,test,1
1486,0.0,459.66736,459.91757,null,0.8,null,-10.0,"[20.0, 20.0]","[3644.93333333, 3644.93333333]",0.08,45.0,gabors,-20.0,4.0,0.25020506,40,,,0,,False,7,train,1
1487,0.0,459.91757,460.16777,null,0.8,null,20.0,"[20.0, 20.0]","[3644.93333333, 3644.93333333]",0.08,0.0,gabors,-30.0,4.0,0.25020506,238,,,0,,False,4,train,0
1488,0.0,460.16777,460.41798,null,0.8,null,-40.0,"[20.0, 20.0]","[3644.93333333, 3644.93333333]",0.08,90.0,gabors,40.0,4.0,0.25020506,34,,,0,,False,4,train,2
1489,0.0,460.41798,460.66819,null,0.8,null,-20.0,"[20.0, 20.0]","[3644.93333333, 3644.93333333]",0.08,0.0,gabors,0.0,4.0,0.25021244,46,,,0,,False,6,train,0
1490,0.0,460.66819,460.9184,null,0.8,null,40.0,"[20.0, 20.0]","[3644.93333333, 3644.93333333]",0.08,0.0,gabors,30.0,4.0,0.25021244,218,,,0,,False,4,train,0
1491,0.0,460.9184,461.16861,null,0.8,null,-40.0,"[20.0, 20.0]","[3644.93333333, 3644.93333333]",0.08,90.0,gabors,0.0,4.0,0.25021244,198,,,0,,False,5,test,2
1492,0.0,461.16861,461.41883,null,0.8,null,-30.0,"[20.0, 20.0]","[3644.93333333, 3644.93333333]",0.08,45.0,gabors,-30.0,4.0,0.25021244,207,,,0,,False,6,train,1
1493,0.0,461.41883,461.66904,null,0.8,null,20.0,"[20.0, 20.0]","[3644.93333333, 3644.93333333]",0.08,90.0,gabors,-20.0,4.0,0.25021006,177,,,0,,False,5,test,2
1494,0.0,461.66904,461.91925,null,0.8,null,-10.0,"[20.0, 20.0]","[3644.93333333, 3644.93333333]",0.08,45.0,gabors,0.0,4.0,0.25021006,173,,,0,,False,4,train,1
1495,0.0,461.91925,462.16946,null,0.8,null,10.0,"[20.0, 20.0]","[3644.93333333, 3644.93333333]",0.08,45.0,gabors,-40.0,4.0,0.25021006,15,,,0,,False,9,train,1
1496,0.0,462.16946,462.41967,null,0.8,null,-40.0,"[20.0, 20.0]","[3644.93333333, 3644.93333333]",0.08,90.0,gabors,10.0,4.0,0.25021006,107,,,0,,False,1,train,2
1497,0.0,462.41967,462.66987,null,0.8,null,40.0,"[20.0, 20.0]","[3644.93333333, 3644.93333333]",0.08,90.0,gabors,-30.0,4.0,0.25020744,127,,,0,,False,4,train,2
1498,0.0,462.66987,462.92008,null,0.8,null,-30.0,"[20.0, 20.0]","[3644.93333333, 3644.93333333]",0.08,90.0,gabors,0.0,4.0,0.25020744,239,,,0,,False,5,test,2
1499,0.0,462.92008,463.17029,null,0.8,null,-40.0,"[20.0, 20.0]","[3644.93333333, 3644.93333333]",0.08,0.0,gabors,20.0,4.0,0.25020744,8,,,0,,False,5,test,0
1500,0.0,463.17029,463.4205,null,0.8,null,20.0,"[20.0, 20.0]","[3644.93333333, 3644.93333333]",0.08,0.0,gabors,40.0,4.0,0.25020744,63,,,0,,False,6,train,0
1501,0.0,463.4205,463.67071,null,0.8,null,-20.0,"[20.0, 20.0]","[3644.93333333, 3644.93333333]",0.08,90.0,gabors,-10.0,4.0,0.25021756,220,,,0,,False,5,test,2
1502,0.0,463.67071,463.92093,null,0.8,null,20.0,"[20.0, 20.0]","[3644.93333333, 3644.93333333]",0.08,0.0,gabors,0.0,4.0,0.25021756,7,,,0,,False,7,train,0
1503,0.0,463.92093,464.17115,null,0.8,null,-20.0,"[20.0, 20.0]","[3644.93333333, 3644.93333333]",0.08,90.0,gabors,30.0,4.0,0.25021756,202,,,0,,False,1,train,2
1504,0.0,464.17115,464.42137,null,0.8,null,10.0,"[20.0, 20.0]","[3644.93333333, 3644.93333333]",0.08,0.0,gabors,-30.0,4.0,0.25021756,242,,,0,,False,3,train,0
1505,0.0,464.42137,464.67157,null,0.8,null,0.0,"[20.0, 20.0]","[3644.93333333, 3644.93333333]",0.08,90.0,gabors,40.0,4.0,0.25019994,106,,,0,,False,8,test,2
1506,0.0,464.67157,464.92177,null,0.8,null,-40.0,"[20.0, 20.0]","[3644.93333333, 3644.93333333]",0.08,0.0,gabors,30.0,4.0,0.25019994,231,,,0,,False,7,train,0
1507,0.0,464.92177,465.17197,null,0.8,null,20.0,"[20.0, 20.0]","[3644.93333333, 3644.93333333]",0.08,90.0,gabors,-20.0,4.0,0.25019994,177,,,0,,False,6,train,2
1508,0.0,465.17197,465.42217,null,0.8,null,20.0,"[20.0, 20.0]","[3644.93333333, 3644.93333333]",0.08,45.0,gabors,-30.0,4.0,0.25019994,129,,,0,,False,4,train,1
1509,0.0,465.42217,465.67238,null,0.8,null,-10.0,"[20.0, 20.0]","[3644.93333333, 3644.93333333]",0.08,45.0,gabors,0.0,4.0,0.25021256,173,,,0,,False,5,test,1
1510,0.0,465.67238,465.92259,null,0.8,null,40.0,"[20.0, 20.0]","[3644.93333333, 3644.93333333]",0.08,0.0,gabors,-20.0,4.0,0.25021256,30,,,0,,False,6,train,0
1511,0.0,465.92259,466.1728,null,0.8,null,-40.0,"[20.0, 20.0]","[3644.93333333, 3644.93333333]",0.08,0.0,gabors,30.0,4.0,0.25021256,231,,,0,,False,8,test,0
1512,0.0,466.1728,466.42302,null,0.8,null,30.0,"[20.0, 20.0]","[3644.93333333, 3644.93333333]",0.08,0.0,gabors,-10.0,4.0,0.25021256,92,,,0,,False,5,test,0
1513,0.0,466.42302,466.67322,null,0.8,null,0.0,"[20.0, 20.0]","[3644.93333333, 3644.93333333]",0.08,45.0,gabors,-40.0,4.0,0.25020494,82,,,0,,False,9,train,1
1514,0.0,466.67322,466.92343,null,0.8,null,-10.0,"[20.0, 20.0]","[3644.93333333, 3644.93333333]",0.08,0.0,gabors,40.0,4.0,0.25020494,130,,,0,,False,6,train,0
1515,0.0,466.92343,467.17363,null,0.8,null,20.0,"[20.0, 20.0]","[3644.93333333, 3644.93333333]",0.08,90.0,gabors,-10.0,4.0,0.25020494,156,,,0,,False,6,train,2
1516,0.0,467.17363,467.42384,null,0.8,null,40.0,"[20.0, 20.0]","[3644.93333333, 3644.93333333]",0.08,90.0,gabors,40.0,4.0,0.25020494,200,,,0,,False,5,test,2
1517,0.0,467.42384,467.67404,null,0.8,null,20.0,"[20.0, 20.0]","[3644.93333333, 3644.93333333]",0.08,0.0,gabors,10.0,4.0,0.25020756,210,,,0,,False,5,test,0
1518,0.0,467.67404,467.92425,null,0.8,null,0.0,"[20.0, 20.0]","[3644.93333333, 3644.93333333]",0.08,45.0,gabors,20.0,4.0,0.25020756,233,,,0,,False,5,test,1
1519,0.0,467.92425,468.17446,null,0.8,null,10.0,"[20.0, 20.0]","[3644.93333333, 3644.93333333]",0.08,45.0,gabors,-20.0,4.0,0.25020756,126,,,0,,False,6,train,1
1520,0.0,468.17446,468.42467,null,0.8,null,-30.0,"[20.0, 20.0]","[3644.93333333, 3644.93333333]",0.08,45.0,gabors,10.0,4.0,0.25020756,16,,,0,,False,3,train,1
1521,0.0,468.42467,468.67488,null,0.8,null,-10.0,"[20.0, 20.0]","[3644.93333333, 3644.93333333]",0.08,45.0,gabors,0.0,4.0,0.25021494,173,,,0,,False,6,train,1
1522,0.0,468.67488,468.9251,null,0.8,null,20.0,"[20.0, 20.0]","[3644.93333333, 3644.93333333]",0.08,0.0,gabors,30.0,4.0,0.25021494,58,,,0,,False,6,train,0
1523,0.0,468.9251,469.17531,null,0.8,null,30.0,"[20.0, 20.0]","[3644.93333333, 3644.93333333]",0.08,90.0,gabors,20.0,4.0,0.25021494,211,,,0,,False,3,train,2
1524,0.0,469.17531,469.42553,null,0.8,null,-10.0,"[20.0, 20.0]","[3644.93333333, 3644.93333333]",0.08,45.0,gabors,20.0,4.0,0.25021494,174,,,0,,False,5,test,1
1525,0.0,469.42553,469.67573,null,0.8,null,-40.0,"[20.0, 20.0]","[3644.93333333, 3644.93333333]",0.08,0.0,gabors,-10.0,4.0,0.25020756,141,,,0,,False,4,train,0
1526,0.0,469.67573,469.92594,null,0.8,null,-30.0,"[20.0, 20.0]","[3644.93333333, 3644.93333333]",0.08,0.0,gabors,-40.0,4.0,0.25020756,243,,,0,,False,4,train,0
1527,0.0,469.92594,470.17615,null,0.8,null,-20.0,"[20.0, 20.0]","[3644.93333333, 3644.93333333]",0.08,0.0,gabors,-40.0,4.0,0.25020756,117,,,0,,False,6,train,0
1528,0.0,470.17615,470.42636,null,0.8,null,20.0,"[20.0, 20.0]","[3644.93333333, 3644.93333333]",0.08,45.0,gabors,-30.0,4.0,0.25020756,129,,,0,,False,5,test,1
1529,0.0,470.42636,470.67656,null,0.8,null,-40.0,"[20.0, 20.0]","[3644.93333333, 3644.93333333]",0.08,45.0,gabors,30.0,4.0,0.25020744,144,,,0,,False,6,train,1
1530,0.0,470.67656,470.92677,null,0.8,null,-40.0,"[20.0, 20.0]","[3644.93333333, 3644.93333333]",0.08,0.0,gabors,20.0,4.0,0.25020744,8,,,0,,False,6,train,0
1531,0.0,470.92677,471.17698,null,0.8,null,10.0,"[20.0, 20.0]","[3644.93333333, 3644.93333333]",0.08,0.0,gabors,-30.0,4.0,0.25020744,242,,,0,,False,4,train,0
1532,0.0,471.17698,471.42719,null,0.8,null,0.0,"[20.0, 20.0]","[3644.93333333, 3644.93333333]",0.08,45.0,gabors,10.0,4.0,0.25020744,90,,,0,,False,4,train,1
1533,0.0,471.42719,471.67739,null,0.8,null,30.0,"[20.0, 20.0]","[3644.93333333, 3644.93333333]",0.08,45.0,gabors,-30.0,4.0,0.25020506,65,,,0,,False,7,train,1
1534,0.0,471.67739,471.9276,null,0.8,null,-30.0,"[20.0, 20.0]","[3644.93333333, 3644.93333333]",0.08,45.0,gabors,0.0,4.0,0.25020506,22,,,0,,False,8,test,1
1535,0.0,471.9276,472.1778,null,0.8,null,-30.0,"[20.0, 20.0]","[3644.93333333, 3644.93333333]",0.08,90.0,gabors,-10.0,4.0,0.25020506,26,,,0,,False,5,test,2
1536,0.0,472.1778,472.42801,null,0.8,null,-30.0,"[20.0, 20.0]","[3644.93333333, 3644.93333333]",0.08,90.0,gabors,-40.0,4.0,0.25020506,39,,,0,,False,8,test,2
1537,0.0,472.42801,472.67822,null,0.8,null,0.0,"[20.0, 20.0]","[3644.93333333, 3644.93333333]",0.08,0.0,gabors,30.0,4.0,0.25021244,74,,,0,,False,7,train,0
1538,0.0,472.67822,472.92843,null,0.8,null,10.0,"[20.0, 20.0]","[3644.93333333, 3644.93333333]",0.08,0.0,gabors,10.0,4.0,0.25021244,224,,,0,,False,8,test,0
1539,0.0,472.92843,473.17864,null,0.8,null,0.0,"[20.0, 20.0]","[3644.93333333, 3644.93333333]",0.08,0.0,gabors,30.0,4.0,0.25021244,74,,,0,,False,8,test,0
1540,0.0,473.17864,473.42886,null,0.8,null,-10.0,"[20.0, 20.0]","[3644.93333333, 3644.93333333]",0.08,90.0,gabors,-30.0,4.0,0.25021244,147,,,0,,False,8,test,2
1541,0.0,473.42886,473.67907,null,0.8,null,-10.0,"[20.0, 20.0]","[3644.93333333, 3644.93333333]",0.08,0.0,gabors,20.0,4.0,0.25021006,235,,,0,,False,3,train,0
1542,0.0,473.67907,473.92928,null,0.8,null,-10.0,"[20.0, 20.0]","[3644.93333333, 3644.93333333]",0.08,0.0,gabors,30.0,4.0,0.25021006,227,,,0,,False,4,train,0
1543,0.0,473.92928,474.17949,null,0.8,null,-20.0,"[20.0, 20.0]","[3644.93333333, 3644.93333333]",0.08,90.0,gabors,-10.0,4.0,0.25021006,220,,,0,,False,6,train,2
1544,0.0,474.17949,474.4297,null,0.8,null,-20.0,"[20.0, 20.0]","[3644.93333333, 3644.93333333]",0.08,45.0,gabors,0.0,4.0,0.25021006,94,,,0,,False,7,train,1
1545,0.0,474.4297,474.67991,null,0.8,null,40.0,"[20.0, 20.0]","[3644.93333333, 3644.93333333]",0.08,90.0,gabors,-30.0,4.0,0.25020994,127,,,0,,False,5,test,2
1546,0.0,474.67991,474.93012,null,0.8,null,30.0,"[20.0, 20.0]","[3644.93333333, 3644.93333333]",0.08,45.0,gabors,30.0,4.0,0.25020994,206,,,0,,False,9,train,1
1547,0.0,474.93012,475.18033,null,0.8,null,-10.0,"[20.0, 20.0]","[3644.93333333, 3644.93333333]",0.08,0.0,gabors,-40.0,4.0,0.25020994,37,,,0,,False,5,test,0
1548,0.0,475.18033,475.43054,null,0.8,null,30.0,"[20.0, 20.0]","[3644.93333333, 3644.93333333]",0.08,45.0,gabors,-40.0,4.0,0.25020994,59,,,0,,False,8,test,1
1549,0.0,475.43054,475.68075,null,0.8,null,0.0,"[20.0, 20.0]","[3644.93333333, 3644.93333333]",0.08,45.0,gabors,30.0,4.0,0.25021256,62,,,0,,False,7,train,1
1550,0.0,475.68075,475.93096,null,0.8,null,-10.0,"[20.0, 20.0]","[3644.93333333, 3644.93333333]",0.08,45.0,gabors,40.0,4.0,0.25021256,215,,,0,,False,4,train,1
1551,0.0,475.93096,476.18117,null,0.8,null,40.0,"[20.0, 20.0]","[3644.93333333, 3644.93333333]",0.08,90.0,gabors,40.0,4.0,0.25021256,200,,,0,,False,6,train,2
1552,0.0,476.18117,476.43139,null,0.8,null,10.0,"[20.0, 20.0]","[3644.93333333, 3644.93333333]",0.08,90.0,gabors,10.0,4.0,0.25021256,13,,,0,,False,7,train,2
1553,0.0,476.43139,476.68159,null,0.8,null,20.0,"[20.0, 20.0]","[3644.93333333, 3644.93333333]",0.08,90.0,gabors,10.0,4.0,0.25020494,158,,,0,,False,5,test,2
1554,0.0,476.68159,476.9318,null,0.8,null,-40.0,"[20.0, 20.0]","[3644.93333333, 3644.93333333]",0.08,45.0,gabors,-40.0,4.0,0.25020494,31,,,0,,False,7,train,1
1555,0.0,476.9318,477.182,null,0.8,null,10.0,"[20.0, 20.0]","[3644.93333333, 3644.93333333]",0.08,90.0,gabors,-30.0,4.0,0.25020494,93,,,0,,False,6,train,2
1556,0.0,477.182,477.43221,null,0.8,null,10.0,"[20.0, 20.0]","[3644.93333333, 3644.93333333]",0.08,0.0,gabors,-20.0,4.0,0.25020494,153,,,0,,False,5,test,0
1557,0.0,477.43221,477.68242,null,0.8,null,-30.0,"[20.0, 20.0]","[3644.93333333, 3644.93333333]",0.08,90.0,gabors,30.0,4.0,0.25021006,33,,,0,,False,8,test,2
1558,0.0,477.68242,477.93263,null,0.8,null,30.0,"[20.0, 20.0]","[3644.93333333, 3644.93333333]",0.08,0.0,gabors,20.0,4.0,0.25021006,172,,,0,,False,5,test,0
1559,0.0,477.93263,478.18284,null,0.8,null,-10.0,"[20.0, 20.0]","[3644.93333333, 3644.93333333]",0.08,0.0,gabors,40.0,4.0,0.25021006,130,,,0,,False,7,train,0
1560,0.0,478.18284,478.43305,null,0.8,null,-40.0,"[20.0, 20.0]","[3644.93333333, 3644.93333333]",0.08,0.0,gabors,40.0,4.0,0.25021006,154,,,0,,False,5,test,0
1561,0.0,478.43305,478.68325,null,0.8,null,-10.0,"[20.0, 20.0]","[3644.93333333, 3644.93333333]",0.08,45.0,gabors,-40.0,4.0,0.25020744,21,,,0,,False,5,test,1
1562,0.0,478.68325,478.93346,null,0.8,null,-10.0,"[20.0, 20.0]","[3644.93333333, 3644.93333333]",0.08,45.0,gabors,-40.0,4.0,0.25020744,21,,,0,,False,6,train,1
1563,0.0,478.93346,479.18367,null,0.8,null,10.0,"[20.0, 20.0]","[3644.93333333, 3644.93333333]",0.08,90.0,gabors,-10.0,4.0,0.25020744,102,,,0,,False,7,train,2
1564,0.0,479.18367,479.43388,null,0.8,null,20.0,"[20.0, 20.0]","[3644.93333333, 3644.93333333]",0.08,45.0,gabors,10.0,4.0,0.25020744,217,,,0,,False,5,test,1
1565,0.0,479.43388,479.68409,null,0.8,null,40.0,"[20.0, 20.0]","[3644.93333333, 3644.93333333]",0.08,0.0,gabors,0.0,4.0,0.25021506,55,,,0,,False,8,test,0
1566,0.0,479.68409,479.93431,null,0.8,null,-10.0,"[20.0, 20.0]","[3644.93333333, 3644.93333333]",0.08,45.0,gabors,10.0,4.0,0.25021506,123,,,0,,False,8,test,1
1567,0.0,479.93431,480.18452,null,0.8,null,10.0,"[20.0, 20.0]","[3644.93333333, 3644.93333333]",0.08,45.0,gabors,20.0,4.0,0.25021506,115,,,0,,False,6,train,1
1568,0.0,480.18452,480.43474,null,0.8,null,-20.0,"[20.0, 20.0]","[3644.93333333, 3644.93333333]",0.08,45.0,gabors,-40.0,4.0,0.25021506,77,,,0,,False,9,train,1
1569,0.0,480.43474,480.68494,null,0.8,null,-10.0,"[20.0, 20.0]","[3644.93333333, 3644.93333333]",0.08,90.0,gabors,20.0,4.0,0.25020244,175,,,0,,False,7,train,2
1570,0.0,480.68494,480.93514,null,0.8,null,-30.0,"[20.0, 20.0]","[3644.93333333, 3644.93333333]",0.08,90.0,gabors,-30.0,4.0,0.25020244,112,,,0,,False,4,train,2
1571,0.0,480.93514,481.18534,null,0.8,null,-30.0,"[20.0, 20.0]","[3644.93333333, 3644.93333333]",0.08,0.0,gabors,-40.0,4.0,0.25020244,243,,,0,,False,5,test,0
1572,0.0,481.18534,481.43555,null,0.8,null,30.0,"[20.0, 20.0]","[3644.93333333, 3644.93333333]",0.08,0.0,gabors,-20.0,4.0,0.25020244,148,,,0,,False,6,train,0
1573,0.0,481.43555,481.68576,null,0.8,null,30.0,"[20.0, 20.0]","[3644.93333333, 3644.93333333]",0.08,90.0,gabors,-30.0,4.0,0.25021506,84,,,0,,False,4,train,2
1574,0.0,481.68576,481.93598,null,0.8,null,40.0,"[20.0, 20.0]","[3644.93333333, 3644.93333333]",0.08,90.0,gabors,-10.0,4.0,0.25021506,229,,,0,,False,5,test,2
1575,0.0,481.93598,482.18619,null,0.8,null,20.0,"[20.0, 20.0]","[3644.93333333, 3644.93333333]",0.08,45.0,gabors,0.0,4.0,0.25021506,155,,,0,,False,6,train,1
1576,0.0,482.18619,482.43641,null,0.8,null,10.0,"[20.0, 20.0]","[3644.93333333, 3644.93333333]",0.08,90.0,gabors,-10.0,4.0,0.25021506,102,,,0,,False,8,test,2
1577,0.0,482.43641,482.68661,null,0.8,null,40.0,"[20.0, 20.0]","[3644.93333333, 3644.93333333]",0.08,0.0,gabors,0.0,4.0,0.25020244,55,,,0,,False,9,train,0
1578,0.0,482.68661,482.93681,null,0.8,null,-20.0,"[20.0, 20.0]","[3644.93333333, 3644.93333333]",0.08,0.0,gabors,30.0,4.0,0.25020244,196,,,0,,False,4,train,0
1579,0.0,482.93681,483.18701,null,0.8,null,-30.0,"[20.0, 20.0]","[3644.93333333, 3644.93333333]",0.08,90.0,gabors,40.0,4.0,0.25020244,17,,,0,,False,10,train,2
1580,0.0,483.18701,483.43722,null,0.8,null,-10.0,"[20.0, 20.0]","[3644.93333333, 3644.93333333]",0.08,90.0,gabors,-40.0,4.0,0.25020244,185,,,0,,False,6,train,2
1581,0.0,483.43722,483.68743,null,0.8,null,-20.0,"[20.0, 20.0]","[3644.93333333, 3644.93333333]",0.08,45.0,gabors,-10.0,4.0,0.25021506,86,,,0,,False,6,train,1
1582,0.0,483.68743,483.93765,null,0.8,null,-10.0,"[20.0, 20.0]","[3644.93333333, 3644.93333333]",0.08,45.0,gabors,-10.0,4.0,0.25021506,216,,,0,,False,5,test,1
1583,0.0,483.93765,484.18786,null,0.8,null,-40.0,"[20.0, 20.0]","[3644.93333333, 3644.93333333]",0.08,90.0,gabors,-10.0,4.0,0.25021506,186,,,0,,False,4,train,2
1584,0.0,484.18786,484.43808,null,0.8,null,-30.0,"[20.0, 20.0]","[3644.93333333, 3644.93333333]",0.08,90.0,gabors,40.0,4.0,0.25021506,17,,,0,,False,11,test,2
1585,0.0,484.43808,484.68828,null,0.8,null,-20.0,"[20.0, 20.0]","[3644.93333333, 3644.93333333]",0.08,45.0,gabors,-30.0,4.0,0.25020744,48,,,0,,False,6,train,1
1586,0.0,484.68828,484.93849,null,0.8,null,-30.0,"[20.0, 20.0]","[3644.93333333, 3644.93333333]",0.08,45.0,gabors,-30.0,4.0,0.25020744,207,,,0,,False,7,train,1
1587,0.0,484.93849,485.1887,null,0.8,null,-10.0,"[20.0, 20.0]","[3644.93333333, 3644.93333333]",0.08,90.0,gabors,40.0,4.0,0.25020744,157,,,0,,False,4,train,2
1588,0.0,485.1887,485.43891,null,0.8,null,-40.0,"[20.0, 20.0]","[3644.93333333, 3644.93333333]",0.08,45.0,gabors,-30.0,4.0,0.25020744,76,,,0,,False,5,test,1
1589,0.0,485.43891,485.68912,null,0.8,null,0.0,"[20.0, 20.0]","[3644.93333333, 3644.93333333]",0.08,0.0,gabors,40.0,4.0,0.25021006,36,,,0,,False,8,test,0
1590,0.0,485.68912,485.93933,null,0.8,null,30.0,"[20.0, 20.0]","[3644.93333333, 3644.93333333]",0.08,0.0,gabors,0.0,4.0,0.25021006,2,,,0,,False,9,train,0
1591,0.0,485.93933,486.18954,null,0.8,null,40.0,"[20.0, 20.0]","[3644.93333333, 3644.93333333]",0.08,90.0,gabors,0.0,4.0,0.25021006,128,,,0,,False,4,train,2
1592,0.0,486.18954,486.43975,null,0.8,null,0.0,"[20.0, 20.0]","[3644.93333333, 3644.93333333]",0.08,0.0,gabors,0.0,4.0,0.25021006,187,,,0,,False,7,train,0
1593,0.0,486.43975,486.68995,null,0.8,null,10.0,"[20.0, 20.0]","[3644.93333333, 3644.93333333]",0.08,90.0,gabors,20.0,4.0,0.25020494,27,,,0,,False,6,train,2
1594,0.0,486.68995,486.94016,null,0.8,null,30.0,"[20.0, 20.0]","[3644.93333333, 3644.93333333]",0.08,45.0,gabors,-40.0,4.0,0.25020494,59,,,0,,False,9,train,1
1595,0.0,486.94016,487.19036,null,0.8,null,20.0,"[20.0, 20.0]","[3644.93333333, 3644.93333333]",0.08,45.0,gabors,-10.0,4.0,0.25020494,193,,,0,,False,4,train,1
1596,0.0,487.19036,487.44057,null,0.8,null,10.0,"[20.0, 20.0]","[3644.93333333, 3644.93333333]",0.08,0.0,gabors,-40.0,4.0,0.25020494,111,,,0,,False,5,test,0
1597,0.0,487.44057,487.69078,null,0.8,null,20.0,"[20.0, 20.0]","[3644.93333333, 3644.93333333]",0.08,90.0,gabors,0.0,4.0,0.25021006,10,,,0,,False,3,train,2
1598,0.0,487.69078,487.94099,null,0.8,null,-30.0,"[20.0, 20.0]","[3644.93333333, 3644.93333333]",0.08,0.0,gabors,20.0,4.0,0.25021006,165,,,0,,False,4,train,0
1599,0.0,487.94099,488.1912,null,0.8,null,40.0,"[20.0, 20.0]","[3644.93333333, 3644.93333333]",0.08,45.0,gabors,-30.0,4.0,0.25021006,103,,,0,,False,3,train,1
1600,0.0,488.1912,488.44141,null,0.8,null,-40.0,"[20.0, 20.0]","[3644.93333333, 3644.93333333]",0.08,0.0,gabors,10.0,4.0,0.25021006,203,,,0,,False,3,train,0
1601,0.0,488.44141,488.69161,null,0.8,null,-20.0,"[20.0, 20.0]","[3644.93333333, 3644.93333333]",0.08,0.0,gabors,20.0,4.0,0.25020744,28,,,0,,False,3,train,0
1602,0.0,488.69161,488.94182,null,0.8,null,40.0,"[20.0, 20.0]","[3644.93333333, 3644.93333333]",0.08,45.0,gabors,-10.0,4.0,0.25020744,149,,,0,,False,10,train,1
1603,0.0,488.94182,489.19203,null,0.8,null,-30.0,"[20.0, 20.0]","[3644.93333333, 3644.93333333]",0.08,0.0,gabors,-10.0,4.0,0.25020744,122,,,0,,False,7,train,0
1604,0.0,489.19203,489.44224,null,0.8,null,0.0,"[20.0, 20.0]","[3644.93333333, 3644.93333333]",0.08,90.0,gabors,0.0,4.0,0.25020744,104,,,0,,False,9,train,2
1605,0.0,489.44224,489.69245,null,0.8,null,20.0,"[20.0, 20.0]","[3644.93333333, 3644.93333333]",0.08,45.0,gabors,-20.0,4.0,0.25021506,29,,,0,,False,8,test,1
1606,0.0,489.69245,489.94267,null,0.8,null,30.0,"[20.0, 20.0]","[3644.93333333, 3644.93333333]",0.08,90.0,gabors,0.0,4.0,0.25021506,11,,,0,,False,7,train,2
1607,0.0,489.94267,490.19288,null,0.8,null,-20.0,"[20.0, 20.0]","[3644.93333333, 3644.93333333]",0.08,0.0,gabors,10.0,4.0,0.25021506,237,,,0,,False,2,test,0
1608,0.0,490.19288,490.4431,null,0.8,null,0.0,"[20.0, 20.0]","[3644.93333333, 3644.93333333]",0.08,90.0,gabors,-40.0,4.0,0.25021506,192,,,0,,False,9,train,2
1609,0.0,490.4431,490.6933,null,0.8,null,-30.0,"[20.0, 20.0]","[3644.93333333, 3644.93333333]",0.08,90.0,gabors,30.0,4.0,0.25020494,33,,,0,,False,9,train,2
1610,0.0,490.6933,490.94351,null,0.8,null,40.0,"[20.0, 20.0]","[3644.93333333, 3644.93333333]",0.08,0.0,gabors,-40.0,4.0,0.25020494,226,,,0,,False,3,train,0
1611,0.0,490.94351,491.19371,null,0.8,null,40.0,"[20.0, 20.0]","[3644.93333333, 3644.93333333]",0.08,0.0,gabors,-10.0,4.0,0.25020494,71,,,0,,False,7,train,0
1612,0.0,491.19371,491.44392,null,0.8,null,0.0,"[20.0, 20.0]","[3644.93333333, 3644.93333333]",0.08,45.0,gabors,-30.0,4.0,0.25020494,91,,,0,,False,4,train,1
1613,0.0,491.44392,491.69413,null,0.8,null,40.0,"[20.0, 20.0]","[3644.93333333, 3644.93333333]",0.08,45.0,gabors,40.0,4.0,0.25021006,214,,,0,,False,3,train,1
1614,0.0,491.69413,491.94434,null,0.8,null,20.0,"[20.0, 20.0]","[3644.93333333, 3644.93333333]",0.08,90.0,gabors,0.0,4.0,0.25021006,10,,,0,,False,4,train,2
1615,0.0,491.94434,492.19455,null,0.8,null,40.0,"[20.0, 20.0]","[3644.93333333, 3644.93333333]",0.08,90.0,gabors,-20.0,4.0,0.25021006,95,,,0,,False,6,train,2
1616,0.0,492.19455,492.44476,null,0.8,null,0.0,"[20.0, 20.0]","[3644.93333333, 3644.93333333]",0.08,90.0,gabors,-30.0,4.0,0.25021006,137,,,0,,False,7,train,2
1617,0.0,492.44476,492.69497,null,0.8,null,-10.0,"[20.0, 20.0]","[3644.93333333, 3644.93333333]",0.08,45.0,gabors,-40.0,4.0,0.25020994,21,,,0,,False,7,train,1
1618,0.0,492.69497,492.94518,null,0.8,null,-40.0,"[20.0, 20.0]","[3644.93333333, 3644.93333333]",0.08,45.0,gabors,-30.0,4.0,0.25020994,76,,,0,,False,6,train,1
1619,0.0,492.94518,493.19539,null,0.8,null,30.0,"[20.0, 20.0]","[3644.93333333, 3644.93333333]",0.08,45.0,gabors,-20.0,4.0,0.25020994,162,,,0,,False,6,train,1
1620,0.0,493.19539,493.4456,null,0.8,null,-40.0,"[20.0, 20.0]","[3644.93333333, 3644.93333333]",0.08,45.0,gabors,-30.0,4.0,0.25020994,76,,,0,,False,7,train,1
1621,0.0,493.4456,493.69581,null,0.8,null,0.0,"[20.0, 20.0]","[3644.93333333, 3644.93333333]",0.08,0.0,gabors,-30.0,4.0,0.25021006,188,,,0,,False,3,train,0
1622,0.0,493.69581,493.94602,null,0.8,null,20.0,"[20.0, 20.0]","[3644.93333333, 3644.93333333]",0.08,45.0,gabors,20.0,4.0,0.25021006,168,,,0,,False,6,train,1
1623,0.0,493.94602,494.19623,null,0.8,null,-40.0,"[20.0, 20.0]","[3644.93333333, 3644.93333333]",0.08,90.0,gabors,-10.0,4.0,0.25021006,186,,,0,,False,5,test,2
1624,0.0,494.19623,494.44644,null,0.8,null,-20.0,"[20.0, 20.0]","[3644.93333333, 3644.93333333]",0.08,45.0,gabors,-30.0,4.0,0.25021006,48,,,0,,False,7,train,1
1625,0.0,494.44644,494.69664,null,0.8,null,-20.0,"[20.0, 20.0]","[3644.93333333, 3644.93333333]",0.08,45.0,gabors,-20.0,4.0,0.25020494,184,,,0,,False,5,test,1
1626,0.0,494.69664,494.94685,null,0.8,null,-40.0,"[20.0, 20.0]","[3644.93333333, 3644.93333333]",0.08,0.0,gabors,-20.0,4.0,0.25020494,70,,,0,,False,9,train,0
1627,0.0,494.94685,495.19705,null,0.8,null,-10.0,"[20.0, 20.0]","[3644.93333333, 3644.93333333]",0.08,45.0,gabors,-40.0,4.0,0.25020494,21,,,0,,False,8,test,1
1628,0.0,495.19705,495.44726,null,0.8,null,40.0,"[20.0, 20.0]","[3644.93333333, 3644.93333333]",0.08,90.0,gabors,-40.0,4.0,0.25020494,180,,,0,,False,7,train,2
1629,0.0,495.44726,495.69747,null,0.8,null,-10.0,"[20.0, 20.0]","[3644.93333333, 3644.93333333]",0.08,90.0,gabors,40.0,4.0,0.25021256,157,,,0,,False,5,test,2
1630,0.0,495.69747,495.94768,null,0.8,null,20.0,"[20.0, 20.0]","[3644.93333333, 3644.93333333]",0.08,0.0,gabors,30.0,4.0,0.25021256,58,,,0,,False,7,train,0
1631,0.0,495.94768,496.19789,null,0.8,null,30.0,"[20.0, 20.0]","[3644.93333333, 3644.93333333]",0.08,0.0,gabors,20.0,4.0,0.25021256,172,,,0,,False,6,train,0
1632,0.0,496.19789,496.44811,null,0.8,null,-40.0,"[20.0, 20.0]","[3644.93333333, 3644.93333333]",0.08,90.0,gabors,-40.0,4.0,0.25021256,161,,,0,,False,7,train,2
1633,0.0,496.44811,496.69831,null,0.8,null,-40.0,"[20.0, 20.0]","[3644.93333333, 3644.93333333]",0.08,0.0,gabors,0.0,4.0,0.25020744,228,,,0,,False,8,test,0
1634,0.0,496.69831,496.94852,null,0.8,null,20.0,"[20.0, 20.0]","[3644.93333333, 3644.93333333]",0.08,45.0,gabors,10.0,4.0,0.25020744,217,,,0,,False,6,train,1
1635,0.0,496.94852,497.19873,null,0.8,null,-20.0,"[20.0, 20.0]","[3644.93333333, 3644.93333333]",0.08,90.0,gabors,40.0,4.0,0.25020744,190,,,0,,False,7,train,2
1636,0.0,497.19873,497.44894,null,0.8,null,-10.0,"[20.0, 20.0]","[3644.93333333, 3644.93333333]",0.08,45.0,gabors,-40.0,4.0,0.25020744,21,,,0,,False,9,train,1
1637,0.0,497.44894,497.69915,null,0.8,null,40.0,"[20.0, 20.0]","[3644.93333333, 3644.93333333]",0.08,0.0,gabors,40.0,4.0,0.25021006,230,,,0,,False,8,test,0
1638,0.0,497.69915,497.94936,null,0.8,null,-40.0,"[20.0, 20.0]","[3644.93333333, 3644.93333333]",0.08,45.0,gabors,40.0,4.0,0.25021006,99,,,0,,False,7,train,1
1639,0.0,497.94936,498.19957,null,0.8,null,10.0,"[20.0, 20.0]","[3644.93333333, 3644.93333333]",0.08,45.0,gabors,30.0,4.0,0.25021006,167,,,0,,False,6,train,1
1640,0.0,498.19957,498.44978,null,0.8,null,-10.0,"[20.0, 20.0]","[3644.93333333, 3644.93333333]",0.08,0.0,gabors,20.0,4.0,0.25021006,235,,,0,,False,4,train,0
1641,0.0,498.44978,498.69998,null,0.8,null,10.0,"[20.0, 20.0]","[3644.93333333, 3644.93333333]",0.08,45.0,gabors,40.0,4.0,0.25020494,222,,,0,,False,4,train,1
1642,0.0,498.69998,498.95019,null,0.8,null,-20.0,"[20.0, 20.0]","[3644.93333333, 3644.93333333]",0.08,45.0,gabors,0.0,4.0,0.25020494,94,,,0,,False,8,test,1
1643,0.0,498.95019,499.20039,null,0.8,null,-30.0,"[20.0, 20.0]","[3644.93333333, 3644.93333333]",0.08,90.0,gabors,-40.0,4.0,0.25020494,39,,,0,,False,9,train,2
1644,0.0,499.20039,499.4506,null,0.8,null,-30.0,"[20.0, 20.0]","[3644.93333333, 3644.93333333]",0.08,0.0,gabors,20.0,4.0,0.25020494,165,,,0,,False,5,test,0
1645,0.0,499.4506,499.70081,null,0.8,null,10.0,"[20.0, 20.0]","[3644.93333333, 3644.93333333]",0.08,45.0,gabors,-30.0,4.0,0.25021006,236,,,0,,False,6,train,1
1646,0.0,499.70081,499.95102,null,0.8,null,-30.0,"[20.0, 20.0]","[3644.93333333, 3644.93333333]",0.08,0.0,gabors,0.0,4.0,0.25021006,3,,,0,,False,5,test,0
1647,0.0,499.95102,500.20123,null,0.8,null,-30.0,"[20.0, 20.0]","[3644.93333333, 3644.93333333]",0.08,90.0,gabors,-20.0,4.0,0.25021006,160,,,0,,False,8,test,2
1648,0.0,500.20123,500.45144,null,0.8,null,20.0,"[20.0, 20.0]","[3644.93333333, 3644.93333333]",0.08,90.0,gabors,40.0,4.0,0.25021006,52,,,0,,False,8,test,2
1649,0.0,500.45144,500.70165,null,0.8,null,-30.0,"[20.0, 20.0]","[3644.93333333, 3644.93333333]",0.08,45.0,gabors,-10.0,4.0,0.25020994,56,,,0,,False,6,train,1
1650,0.0,500.70165,500.95186,null,0.8,null,40.0,"[20.0, 20.0]","[3644.93333333, 3644.93333333]",0.08,0.0,gabors,0.0,4.0,0.25020994,55,,,0,,False,10,train,0
1651,0.0,500.95186,501.20207,null,0.8,null,-10.0,"[20.0, 20.0]","[3644.93333333, 3644.93333333]",0.08,0.0,gabors,0.0,4.0,0.25020994,132,,,0,,False,7,train,0
1652,0.0,501.20207,501.45228,null,0.8,null,10.0,"[20.0, 20.0]","[3644.93333333, 3644.93333333]",0.08,0.0,gabors,10.0,4.0,0.25020994,224,,,0,,False,9,train,0
1653,0.0,501.45228,501.70249,null,0.8,null,40.0,"[20.0, 20.0]","[3644.93333333, 3644.93333333]",0.08,90.0,gabors,20.0,4.0,0.25021256,163,,,0,,False,7,train,2
1654,0.0,501.70249,501.9527,null,0.8,null,-10.0,"[20.0, 20.0]","[3644.93333333, 3644.93333333]",0.08,0.0,gabors,0.0,4.0,0.25021256,132,,,0,,False,8,test,0
1655,0.0,501.9527,502.20291,null,0.8,null,10.0,"[20.0, 20.0]","[3644.93333333, 3644.93333333]",0.08,90.0,gabors,10.0,4.0,0.25021256,13,,,0,,False,8,test,2
1656,0.0,502.20291,502.45313,null,0.8,null,-40.0,"[20.0, 20.0]","[3644.93333333, 3644.93333333]",0.08,0.0,gabors,-30.0,4.0,0.25021256,61,,,0,,False,5,test,0
1657,0.0,502.45313,502.70333,null,0.8,null,-40.0,"[20.0, 20.0]","[3644.93333333, 3644.93333333]",0.08,0.0,gabors,-10.0,4.0,0.25020494,141,,,0,,False,5,test,0
1658,0.0,502.70333,502.95354,null,0.8,null,0.0,"[20.0, 20.0]","[3644.93333333, 3644.93333333]",0.08,90.0,gabors,20.0,4.0,0.25020494,225,,,0,,False,5,test,2
1659,0.0,502.95354,503.20374,null,0.8,null,30.0,"[20.0, 20.0]","[3644.93333333, 3644.93333333]",0.08,0.0,gabors,-40.0,4.0,0.25020494,124,,,0,,False,7,train,0
1660,0.0,503.20374,503.45395,null,0.8,null,-30.0,"[20.0, 20.0]","[3644.93333333, 3644.93333333]",0.08,0.0,gabors,0.0,4.0,0.25020494,3,,,0,,False,6,train,0
1661,0.0,503.45395,503.70416,null,0.8,null,10.0,"[20.0, 20.0]","[3644.93333333, 3644.93333333]",0.08,45.0,gabors,-30.0,4.0,0.25021756,236,,,0,,False,7,train,1
1662,0.0,503.70416,503.95438,null,0.8,null,-30.0,"[20.0, 20.0]","[3644.93333333, 3644.93333333]",0.08,90.0,gabors,10.0,4.0,0.25021756,20,,,0,,False,4,train,2
1663,0.0,503.95438,504.2046,null,0.8,null,-20.0,"[20.0, 20.0]","[3644.93333333, 3644.93333333]",0.08,45.0,gabors,-30.0,4.0,0.25021756,48,,,0,,False,8,test,1
1664,0.0,504.2046,504.45482,null,0.8,null,0.0,"[20.0, 20.0]","[3644.93333333, 3644.93333333]",0.08,45.0,gabors,-40.0,4.0,0.25021756,82,,,0,,False,10,train,1
1665,0.0,504.45482,504.70502,null,0.8,null,-20.0,"[20.0, 20.0]","[3644.93333333, 3644.93333333]",0.08,45.0,gabors,-10.0,4.0,0.25019994,86,,,0,,False,7,train,1
1666,0.0,504.70502,504.95522,null,0.8,null,0.0,"[20.0, 20.0]","[3644.93333333, 3644.93333333]",0.08,45.0,gabors,-30.0,4.0,0.25019994,91,,,0,,False,5,test,1
1667,0.0,504.95522,505.20542,null,0.8,null,30.0,"[20.0, 20.0]","[3644.93333333, 3644.93333333]",0.08,0.0,gabors,0.0,4.0,0.25019994,2,,,0,,False,10,train,0
1668,0.0,505.20542,505.45562,null,0.8,null,-30.0,"[20.0, 20.0]","[3644.93333333, 3644.93333333]",0.08,90.0,gabors,-40.0,4.0,0.25019994,39,,,0,,False,10,train,2
1669,0.0,505.45562,505.70582,null,0.8,null,20.0,"[20.0, 20.0]","[3644.93333333, 3644.93333333]",0.08,45.0,gabors,-30.0,4.0,0.25020756,129,,,0,,False,6,train,1
1670,0.0,505.70582,505.95603,null,0.8,null,-10.0,"[20.0, 20.0]","[3644.93333333, 3644.93333333]",0.08,0.0,gabors,-10.0,4.0,0.25020756,78,,,0,,False,5,test,0
1671,0.0,505.95603,506.20624,null,0.8,null,-10.0,"[20.0, 20.0]","[3644.93333333, 3644.93333333]",0.08,0.0,gabors,-20.0,4.0,0.25020756,176,,,0,,False,2,test,0
1672,0.0,506.20624,506.45645,null,0.8,null,-10.0,"[20.0, 20.0]","[3644.93333333, 3644.93333333]",0.08,0.0,gabors,20.0,4.0,0.25020756,235,,,0,,False,5,test,0
1673,0.0,506.45645,506.70666,null,0.8,null,-30.0,"[20.0, 20.0]","[3644.93333333, 3644.93333333]",0.08,90.0,gabors,30.0,4.0,0.25020994,33,,,0,,False,10,train,2
1674,0.0,506.70666,506.95687,null,0.8,null,-20.0,"[20.0, 20.0]","[3644.93333333, 3644.93333333]",0.08,90.0,gabors,30.0,4.0,0.25020994,202,,,0,,False,2,test,2
1675,0.0,506.95687,507.20708,null,0.8,null,0.0,"[20.0, 20.0]","[3644.93333333, 3644.93333333]",0.08,0.0,gabors,-10.0,4.0,0.25020994,221,,,0,,False,2,test,0
1676,0.0,507.20708,507.45729,null,0.8,null,-30.0,"[20.0, 20.0]","[3644.93333333, 3644.93333333]",0.08,0.0,gabors,-40.0,4.0,0.25020994,243,,,0,,False,6,train,0
1677,0.0,507.45729,507.70749,null,0.8,null,-20.0,"[20.0, 20.0]","[3644.93333333, 3644.93333333]",0.08,45.0,gabors,0.0,4.0,0.25020756,94,,,0,,False,9,train,1
1678,0.0,507.70749,507.9577,null,0.8,null,-10.0,"[20.0, 20.0]","[3644.93333333, 3644.93333333]",0.08,90.0,gabors,-30.0,4.0,0.25020756,147,,,0,,False,9,train,2
1679,0.0,507.9577,508.20791,null,0.8,null,-20.0,"[20.0, 20.0]","[3644.93333333, 3644.93333333]",0.08,45.0,gabors,30.0,4.0,0.25020756,191,,,0,,False,7,train,1
1680,0.0,508.20791,508.45812,null,0.8,null,-40.0,"[20.0, 20.0]","[3644.93333333, 3644.93333333]",0.08,0.0,gabors,10.0,4.0,0.25020756,203,,,0,,False,4,train,0
1681,0.0,508.45812,508.70833,null,0.8,null,-10.0,"[20.0, 20.0]","[3644.93333333, 3644.93333333]",0.08,0.0,gabors,-10.0,4.0,0.25021244,78,,,0,,False,6,train,0
1682,0.0,508.70833,508.95854,null,0.8,null,20.0,"[20.0, 20.0]","[3644.93333333, 3644.93333333]",0.08,90.0,gabors,10.0,4.0,0.25021244,158,,,0,,False,6,train,2
1683,0.0,508.95854,509.20875,null,0.8,null,40.0,"[20.0, 20.0]","[3644.93333333, 3644.93333333]",0.08,45.0,gabors,0.0,4.0,0.25021244,73,,,0,,False,6,train,1
1684,0.0,509.20875,509.45897,null,0.8,null,-20.0,"[20.0, 20.0]","[3644.93333333, 3644.93333333]",0.08,0.0,gabors,-40.0,4.0,0.25021244,117,,,0,,False,7,train,0
1685,0.0,509.45897,509.70918,null,0.8,null,-10.0,"[20.0, 20.0]","[3644.93333333, 3644.93333333]",0.08,45.0,gabors,-30.0,4.0,0.25021256,189,,,0,,False,3,train,1
1686,0.0,509.70918,509.95939,null,0.8,null,40.0,"[20.0, 20.0]","[3644.93333333, 3644.93333333]",0.08,0.0,gabors,40.0,4.0,0.25021256,230,,,0,,False,9,train,0
1687,0.0,509.95939,510.2096,null,0.8,null,0.0,"[20.0, 20.0]","[3644.93333333, 3644.93333333]",0.08,0.0,gabors,0.0,4.0,0.25021256,187,,,0,,False,8,test,0
1688,0.0,510.2096,510.45982,null,0.8,null,-40.0,"[20.0, 20.0]","[3644.93333333, 3644.93333333]",0.08,0.0,gabors,40.0,4.0,0.25021256,154,,,0,,False,6,train,0
1689,0.0,510.45982,510.71002,null,0.8,null,-40.0,"[20.0, 20.0]","[3644.93333333, 3644.93333333]",0.08,90.0,gabors,0.0,4.0,0.25020494,198,,,0,,False,6,train,2
1690,0.0,510.71002,510.96023,null,0.8,null,-40.0,"[20.0, 20.0]","[3644.93333333, 3644.93333333]",0.08,45.0,gabors,-10.0,4.0,0.25020494,169,,,0,,False,4,train,1
1691,0.0,510.96023,511.21043,null,0.8,null,0.0,"[20.0, 20.0]","[3644.93333333, 3644.93333333]",0.08,90.0,gabors,-30.0,4.0,0.25020494,137,,,0,,False,8,test,2
1692,0.0,511.21043,511.46064,null,0.8,null,-20.0,"[20.0, 20.0]","[3644.93333333, 3644.93333333]",0.08,0.0,gabors,-30.0,4.0,0.25020494,178,,,0,,False,6,train,0
1693,0.0,511.46064,511.71085,null,0.8,null,0.0,"[20.0, 20.0]","[3644.93333333, 3644.93333333]",0.08,45.0,gabors,20.0,4.0,0.25021006,233,,,0,,False,6,train,1
1694,0.0,511.71085,511.96106,null,0.8,null,-20.0,"[20.0, 20.0]","[3644.93333333, 3644.93333333]",0.08,90.0,gabors,-10.0,4.0,0.25021006,220,,,0,,False,7,train,2
1695,0.0,511.96106,512.21127,null,0.8,null,0.0,"[20.0, 20.0]","[3644.93333333, 3644.93333333]",0.08,45.0,gabors,40.0,4.0,0.25021006,131,,,0,,False,6,train,1
1696,0.0,512.21127,512.46148,null,0.8,null,30.0,"[20.0, 20.0]","[3644.93333333, 3644.93333333]",0.08,45.0,gabors,40.0,4.0,0.25021006,240,,,0,,False,2,test,1
1697,0.0,512.46148,512.71168,null,0.8,null,-20.0,"[20.0, 20.0]","[3644.93333333, 3644.93333333]",0.08,0.0,gabors,30.0,4.0,0.25020744,196,,,0,,False,5,test,0
1698,0.0,512.71168,512.96189,null,0.8,null,30.0,"[20.0, 20.0]","[3644.93333333, 3644.93333333]",0.08,90.0,gabors,0.0,4.0,0.25020744,11,,,0,,False,8,test,2
1699,0.0,512.96189,513.2121,null,0.8,null,-20.0,"[20.0, 20.0]","[3644.93333333, 3644.93333333]",0.08,0.0,gabors,10.0,4.0,0.25020744,237,,,0,,False,3,train,0
1700,0.0,513.2121,513.46231,null,0.8,null,20.0,"[20.0, 20.0]","[3644.93333333, 3644.93333333]",0.08,45.0,gabors,30.0,4.0,0.25020744,118,,,0,,False,3,train,1
1701,0.0,513.46231,513.71252,null,0.8,null,-10.0,"[20.0, 20.0]","[3644.93333333, 3644.93333333]",0.08,45.0,gabors,0.0,4.0,0.25021006,173,,,0,,False,7,train,1
1702,0.0,513.71252,513.96273,null,0.8,null,20.0,"[20.0, 20.0]","[3644.93333333, 3644.93333333]",0.08,45.0,gabors,40.0,4.0,0.25021006,136,,,0,,False,3,train,1
1703,0.0,513.96273,514.21294,null,0.8,null,30.0,"[20.0, 20.0]","[3644.93333333, 3644.93333333]",0.08,45.0,gabors,0.0,4.0,0.25021006,1,,,0,,False,7,train,1
1704,0.0,514.21294,514.46315,null,0.8,null,40.0,"[20.0, 20.0]","[3644.93333333, 3644.93333333]",0.08,45.0,gabors,-10.0,4.0,0.25021006,149,,,0,,False,11,test,1
1705,0.0,514.46315,514.71335,null,0.8,null,40.0,"[20.0, 20.0]","[3644.93333333, 3644.93333333]",0.08,45.0,gabors,-40.0,4.0,0.25020744,101,,,0,,False,6,train,1
1706,0.0,514.71335,514.96356,null,0.8,null,40.0,"[20.0, 20.0]","[3644.93333333, 3644.93333333]",0.08,45.0,gabors,10.0,4.0,0.25020744,4,,,0,,False,6,train,1
1707,0.0,514.96356,515.21377,null,0.8,null,30.0,"[20.0, 20.0]","[3644.93333333, 3644.93333333]",0.08,0.0,gabors,-10.0,4.0,0.25020744,92,,,0,,False,6,train,0
1708,0.0,515.21377,515.46398,null,0.8,null,20.0,"[20.0, 20.0]","[3644.93333333, 3644.93333333]",0.08,45.0,gabors,-20.0,4.0,0.25020744,29,,,0,,False,9,train,1
1709,0.0,515.46398,515.7142,null,0.8,null,30.0,"[20.0, 20.0]","[3644.93333333, 3644.93333333]",0.08,45.0,gabors,-20.0,4.0,0.25022256,162,,,0,,False,7,train,1
1710,0.0,515.7142,515.96442,null,0.8,null,-30.0,"[20.0, 20.0]","[3644.93333333, 3644.93333333]",0.08,45.0,gabors,10.0,4.0,0.25022256,16,,,0,,False,4,train,1
1711,0.0,515.96442,516.21464,null,0.8,null,-10.0,"[20.0, 20.0]","[3644.93333333, 3644.93333333]",0.08,45.0,gabors,-30.0,4.0,0.25022256,189,,,0,,False,4,train,1
1712,0.0,516.21464,516.46487,null,0.8,null,-10.0,"[20.0, 20.0]","[3644.93333333, 3644.93333333]",0.08,90.0,gabors,0.0,4.0,0.25022256,121,,,0,,False,6,train,2
1713,0.0,516.46487,516.71506,null,0.8,null,40.0,"[20.0, 20.0]","[3644.93333333, 3644.93333333]",0.08,0.0,gabors,-10.0,4.0,0.25019494,71,,,0,,False,8,test,0
1714,0.0,516.71506,516.96526,null,0.8,null,-10.0,"[20.0, 20.0]","[3644.93333333, 3644.93333333]",0.08,90.0,gabors,30.0,4.0,0.25019494,140,,,0,,False,8,test,2
1715,0.0,516.96526,517.21545,null,0.8,null,40.0,"[20.0, 20.0]","[3644.93333333, 3644.93333333]",0.08,45.0,gabors,0.0,4.0,0.25019494,73,,,0,,False,7,train,1
1716,0.0,517.21545,517.46565,null,0.8,null,-30.0,"[20.0, 20.0]","[3644.93333333, 3644.93333333]",0.08,0.0,gabors,40.0,4.0,0.25019494,97,,,0,,False,7,train,0
1717,0.0,517.46565,517.71587,null,0.8,null,-20.0,"[20.0, 20.0]","[3644.93333333, 3644.93333333]",0.08,45.0,gabors,20.0,4.0,0.25022006,60,,,0,,False,6,train,1
1718,0.0,517.71587,517.96609,null,0.8,null,-30.0,"[20.0, 20.0]","[3644.93333333, 3644.93333333]",0.08,90.0,gabors,-10.0,4.0,0.25022006,26,,,0,,False,6,train,2
1719,0.0,517.96609,518.21631,null,0.8,null,-20.0,"[20.0, 20.0]","[3644.93333333, 3644.93333333]",0.08,90.0,gabors,30.0,4.0,0.25022006,202,,,0,,False,3,train,2
1720,0.0,518.21631,518.46653,null,0.8,null,-40.0,"[20.0, 20.0]","[3644.93333333, 3644.93333333]",0.08,0.0,gabors,-30.0,4.0,0.25022006,61,,,0,,False,6,train,0
1721,0.0,518.46653,518.71673,null,0.8,null,30.0,"[20.0, 20.0]","[3644.93333333, 3644.93333333]",0.08,90.0,gabors,-40.0,4.0,0.25019994,109,,,0,,False,6,train,2
1722,0.0,518.71673,518.96693,null,0.8,null,40.0,"[20.0, 20.0]","[3644.93333333, 3644.93333333]",0.08,45.0,gabors,10.0,4.0,0.25019994,4,,,0,,False,7,train,1
1723,0.0,518.96693,519.21713,null,0.8,null,30.0,"[20.0, 20.0]","[3644.93333333, 3644.93333333]",0.08,0.0,gabors,-10.0,4.0,0.25019994,92,,,0,,False,7,train,0
1724,0.0,519.21713,519.46733,null,0.8,null,-30.0,"[20.0, 20.0]","[3644.93333333, 3644.93333333]",0.08,90.0,gabors,40.0,4.0,0.25019994,17,,,0,,False,12,train,2
1725,0.0,519.46733,519.71753,null,0.8,null,40.0,"[20.0, 20.0]","[3644.93333333, 3644.93333333]",0.08,90.0,gabors,10.0,4.0,0.25020506,150,,,0,,False,4,train,2
1726,0.0,519.71753,519.96774,null,0.8,null,-30.0,"[20.0, 20.0]","[3644.93333333, 3644.93333333]",0.08,45.0,gabors,-20.0,4.0,0.25020506,181,,,0,,False,7,train,1
1727,0.0,519.96774,520.21794,null,0.8,null,-20.0,"[20.0, 20.0]","[3644.93333333, 3644.93333333]",0.08,0.0,gabors,-30.0,4.0,0.25020506,178,,,0,,False,7,train,0
1728,0.0,520.21794,520.46815,null,0.8,null,-20.0,"[20.0, 20.0]","[3644.93333333, 3644.93333333]",0.08,45.0,gabors,-20.0,4.0,0.25020506,184,,,0,,False,6,train,1
1729,0.0,520.46815,520.71836,null,0.8,null,10.0,"[20.0, 20.0]","[3644.93333333, 3644.93333333]",0.08,90.0,gabors,-40.0,4.0,0.25021244,183,,,0,,False,6,train,2
1730,0.0,520.71836,520.96857,null,0.8,null,0.0,"[20.0, 20.0]","[3644.93333333, 3644.93333333]",0.08,0.0,gabors,30.0,4.0,0.25021244,74,,,0,,False,9,train,0
1731,0.0,520.96857,521.21878,null,0.8,null,-40.0,"[20.0, 20.0]","[3644.93333333, 3644.93333333]",0.08,0.0,gabors,10.0,4.0,0.25021244,203,,,0,,False,5,test,0
1732,0.0,521.21878,521.469,null,0.8,null,-20.0,"[20.0, 20.0]","[3644.93333333, 3644.93333333]",0.08,90.0,gabors,30.0,4.0,0.25021244,202,,,0,,False,4,train,2
1733,0.0,521.469,521.71921,null,0.8,null,20.0,"[20.0, 20.0]","[3644.93333333, 3644.93333333]",0.08,90.0,gabors,-10.0,4.0,0.25021506,156,,,0,,False,7,train,2
1734,0.0,521.71921,521.96943,null,0.8,null,-30.0,"[20.0, 20.0]","[3644.93333333, 3644.93333333]",0.08,45.0,gabors,10.0,4.0,0.25021506,16,,,0,,False,5,test,1
1735,0.0,521.96943,522.21964,null,0.8,null,0.0,"[20.0, 20.0]","[3644.93333333, 3644.93333333]",0.08,45.0,gabors,-40.0,4.0,0.25021506,82,,,0,,False,11,test,1
1736,0.0,522.21964,522.46986,null,0.8,null,20.0,"[20.0, 20.0]","[3644.93333333, 3644.93333333]",0.08,90.0,gabors,20.0,4.0,0.25021506,42,,,0,,False,7,train,2
1737,0.0,522.46986,522.72006,null,0.8,null,40.0,"[20.0, 20.0]","[3644.93333333, 3644.93333333]",0.08,45.0,gabors,-20.0,4.0,0.25020244,125,,,0,,False,7,train,1
1738,0.0,522.72006,522.97026,null,0.8,null,-10.0,"[20.0, 20.0]","[3644.93333333, 3644.93333333]",0.08,45.0,gabors,-40.0,4.0,0.25020244,21,,,0,,False,10,train,1
1739,0.0,522.97026,523.22046,null,0.8,null,40.0,"[20.0, 20.0]","[3644.93333333, 3644.93333333]",0.08,0.0,gabors,0.0,4.0,0.25020244,55,,,0,,False,11,test,0
1740,0.0,523.22046,523.47067,null,0.8,null,40.0,"[20.0, 20.0]","[3644.93333333, 3644.93333333]",0.08,90.0,gabors,-20.0,4.0,0.25020244,95,,,0,,False,7,train,2
1741,0.0,523.47067,523.72088,null,0.8,null,0.0,"[20.0, 20.0]","[3644.93333333, 3644.93333333]",0.08,45.0,gabors,40.0,4.0,0.25021756,131,,,0,,False,7,train,1
1742,0.0,523.72088,523.9711,null,0.8,null,-20.0,"[20.0, 20.0]","[3644.93333333, 3644.93333333]",0.08,0.0,gabors,-40.0,4.0,0.25021756,117,,,0,,False,8,test,0
1743,0.0,523.9711,524.22132,null,0.8,null,-20.0,"[20.0, 20.0]","[3644.93333333, 3644.93333333]",0.08,0.0,gabors,-20.0,4.0,0.25021756,194,,,0,,False,4,train,0
1744,0.0,524.22132,524.47154,null,0.8,null,20.0,"[20.0, 20.0]","[3644.93333333, 3644.93333333]",0.08,0.0,gabors,-10.0,4.0,0.25021756,170,,,0,,False,9,train,0
1745,0.0,524.47154,524.72173,null,0.8,null,40.0,"[20.0, 20.0]","[3644.93333333, 3644.93333333]",0.08,90.0,gabors,10.0,4.0,0.25019744,150,,,0,,False,5,test,2
1746,0.0,524.72173,524.97193,null,0.8,null,-30.0,"[20.0, 20.0]","[3644.93333333, 3644.93333333]",0.08,90.0,gabors,0.0,4.0,0.25019744,239,,,0,,False,6,train,2
1747,0.0,524.97193,525.22213,null,0.8,null,10.0,"[20.0, 20.0]","[3644.93333333, 3644.93333333]",0.08,45.0,gabors,-30.0,4.0,0.25019744,236,,,0,,False,8,test,1
1748,0.0,525.22213,525.47233,null,0.8,null,30.0,"[20.0, 20.0]","[3644.93333333, 3644.93333333]",0.08,90.0,gabors,-40.0,4.0,0.25019744,109,,,0,,False,7,train,2
1749,0.0,525.47233,525.72254,null,0.8,null,0.0,"[20.0, 20.0]","[3644.93333333, 3644.93333333]",0.08,0.0,gabors,40.0,4.0,0.25021506,36,,,0,,False,9,train,0
1750,0.0,525.72254,525.97276,null,0.8,null,40.0,"[20.0, 20.0]","[3644.93333333, 3644.93333333]",0.08,0.0,gabors,-30.0,4.0,0.25021506,142,,,0,,False,5,test,0
1751,0.0,525.97276,526.22297,null,0.8,null,0.0,"[20.0, 20.0]","[3644.93333333, 3644.93333333]",0.08,90.0,gabors,30.0,4.0,0.25021506,146,,,0,,False,7,train,2
1752,0.0,526.22297,526.47319,null,0.8,null,10.0,"[20.0, 20.0]","[3644.93333333, 3644.93333333]",0.08,90.0,gabors,0.0,4.0,0.25021506,44,,,0,,False,8,test,2
1753,0.0,526.47319,526.72339,null,0.8,null,-40.0,"[20.0, 20.0]","[3644.93333333, 3644.93333333]",0.08,0.0,gabors,40.0,4.0,0.25020494,154,,,0,,False,7,train,0
1754,0.0,526.72339,526.9736,null,0.8,null,10.0,"[20.0, 20.0]","[3644.93333333, 3644.93333333]",0.08,0.0,gabors,-40.0,4.0,0.25020494,111,,,0,,False,6,train,0
1755,0.0,526.9736,527.2238,null,0.8,null,-40.0,"[20.0, 20.0]","[3644.93333333, 3644.93333333]",0.08,45.0,gabors,-20.0,4.0,0.25020494,18,,,0,,False,6,train,1
1756,0.0,527.2238,527.47401,null,0.8,null,40.0,"[20.0, 20.0]","[3644.93333333, 3644.93333333]",0.08,45.0,gabors,-30.0,4.0,0.25020494,103,,,0,,False,4,train,1
1757,0.0,527.47401,527.72422,null,0.8,null,-10.0,"[20.0, 20.0]","[3644.93333333, 3644.93333333]",0.08,90.0,gabors,-20.0,4.0,0.25021506,116,,,0,,False,5,test,2
1758,0.0,527.72422,527.97444,null,0.8,null,30.0,"[20.0, 20.0]","[3644.93333333, 3644.93333333]",0.08,45.0,gabors,40.0,4.0,0.25021506,240,,,0,,False,3,train,1
1759,0.0,527.97444,528.22465,null,0.8,null,10.0,"[20.0, 20.0]","[3644.93333333, 3644.93333333]",0.08,90.0,gabors,-20.0,4.0,0.25021506,25,,,0,,False,6,train,2
1760,0.0,528.22465,528.47487,null,0.8,null,-40.0,"[20.0, 20.0]","[3644.93333333, 3644.93333333]",0.08,45.0,gabors,10.0,4.0,0.25021506,197,,,0,,False,5,test,1
1761,0.0,528.47487,528.72507,null,0.8,null,10.0,"[20.0, 20.0]","[3644.93333333, 3644.93333333]",0.08,90.0,gabors,30.0,4.0,0.25020494,14,,,0,,False,7,train,2
1762,0.0,528.72507,528.97528,null,0.8,null,-30.0,"[20.0, 20.0]","[3644.93333333, 3644.93333333]",0.08,0.0,gabors,30.0,4.0,0.25020494,204,,,0,,False,6,train,0
1763,0.0,528.97528,529.22548,null,0.8,null,30.0,"[20.0, 20.0]","[3644.93333333, 3644.93333333]",0.08,90.0,gabors,40.0,4.0,0.25020494,88,,,0,,False,5,test,2
1764,0.0,529.22548,529.47569,null,0.8,null,-10.0,"[20.0, 20.0]","[3644.93333333, 3644.93333333]",0.08,45.0,gabors,20.0,4.0,0.25020494,174,,,0,,False,6,train,1
1765,0.0,529.47569,529.7259,null,0.8,null,-10.0,"[20.0, 20.0]","[3644.93333333, 3644.93333333]",0.08,90.0,gabors,-20.0,4.0,0.25021506,116,,,0,,False,6,train,2
1766,0.0,529.7259,529.97612,null,0.8,null,-30.0,"[20.0, 20.0]","[3644.93333333, 3644.93333333]",0.08,0.0,gabors,0.0,4.0,0.25021506,3,,,0,,False,7,train,0
1767,0.0,529.97612,530.22633,null,0.8,null,-10.0,"[20.0, 20.0]","[3644.93333333, 3644.93333333]",0.08,90.0,gabors,40.0,4.0,0.25021506,157,,,0,,False,6,train,2
1768,0.0,530.22633,530.47655,null,0.8,null,10.0,"[20.0, 20.0]","[3644.93333333, 3644.93333333]",0.08,90.0,gabors,-30.0,4.0,0.25021506,93,,,0,,False,7,train,2
1769,0.0,530.47655,530.72675,null,0.8,null,40.0,"[20.0, 20.0]","[3644.93333333, 3644.93333333]",0.08,0.0,gabors,30.0,4.0,0.25020244,218,,,0,,False,5,test,0
1770,0.0,530.72675,530.97695,null,0.8,null,20.0,"[20.0, 20.0]","[3644.93333333, 3644.93333333]",0.08,0.0,gabors,20.0,4.0,0.25020244,41,,,0,,False,6,train,0
1771,0.0,530.97695,531.22715,null,0.8,null,30.0,"[20.0, 20.0]","[3644.93333333, 3644.93333333]",0.08,90.0,gabors,40.0,4.0,0.25020244,88,,,0,,False,6,train,2
1772,0.0,531.22715,531.47736,null,0.8,null,30.0,"[20.0, 20.0]","[3644.93333333, 3644.93333333]",0.08,45.0,gabors,-40.0,4.0,0.25020244,59,,,0,,False,10,train,1
1773,0.0,531.47736,531.72756,null,0.8,null,-20.0,"[20.0, 20.0]","[3644.93333333, 3644.93333333]",0.08,90.0,gabors,30.0,4.0,0.25020756,202,,,0,,False,5,test,2
1774,0.0,531.72756,531.97777,null,0.8,null,-20.0,"[20.0, 20.0]","[3644.93333333, 3644.93333333]",0.08,90.0,gabors,-30.0,4.0,0.25020756,145,,,0,,False,6,train,2
1775,0.0,531.97777,532.22798,null,0.8,null,20.0,"[20.0, 20.0]","[3644.93333333, 3644.93333333]",0.08,90.0,gabors,-20.0,4.0,0.25020756,177,,,0,,False,7,train,2
1776,0.0,532.22798,532.47819,null,0.8,null,-40.0,"[20.0, 20.0]","[3644.93333333, 3644.93333333]",0.08,90.0,gabors,-40.0,4.0,0.25020756,161,,,0,,False,8,test,2
1777,0.0,532.47819,532.72839,null,0.8,null,-10.0,"[20.0, 20.0]","[3644.93333333, 3644.93333333]",0.08,45.0,gabors,40.0,4.0,0.25020744,215,,,0,,False,5,test,1
1778,0.0,532.72839,532.9786,null,0.8,null,40.0,"[20.0, 20.0]","[3644.93333333, 3644.93333333]",0.08,45.0,gabors,-30.0,4.0,0.25020744,103,,,0,,False,5,test,1
1779,0.0,532.9786,533.22881,null,0.8,null,40.0,"[20.0, 20.0]","[3644.93333333, 3644.93333333]",0.08,45.0,gabors,-30.0,4.0,0.25020744,103,,,0,,False,6,train,1
1780,0.0,533.22881,533.47902,null,0.8,null,10.0,"[20.0, 20.0]","[3644.93333333, 3644.93333333]",0.08,45.0,gabors,0.0,4.0,0.25020744,152,,,0,,False,9,train,1
1781,0.0,533.47902,533.72923,null,0.8,null,-20.0,"[20.0, 20.0]","[3644.93333333, 3644.93333333]",0.08,0.0,gabors,20.0,4.0,0.25021256,28,,,0,,False,4,train,0
1782,0.0,533.72923,533.97944,null,0.8,null,30.0,"[20.0, 20.0]","[3644.93333333, 3644.93333333]",0.08,90.0,gabors,-30.0,4.0,0.25021256,84,,,0,,False,5,test,2
1783,0.0,533.97944,534.22965,null,0.8,null,-10.0,"[20.0, 20.0]","[3644.93333333, 3644.93333333]",0.08,0.0,gabors,40.0,4.0,0.25021256,130,,,0,,False,8,test,0
1784,0.0,534.22965,534.47987,null,0.8,null,10.0,"[20.0, 20.0]","[3644.93333333, 3644.93333333]",0.08,0.0,gabors,-30.0,4.0,0.25021256,242,,,0,,False,5,test,0
1785,0.0,534.47987,534.73008,null,0.8,null,-10.0,"[20.0, 20.0]","[3644.93333333, 3644.93333333]",0.08,45.0,gabors,-40.0,4.0,0.25020994,21,,,0,,False,11,test,1
1786,0.0,534.73008,534.98029,null,0.8,null,20.0,"[20.0, 20.0]","[3644.93333333, 3644.93333333]",0.08,90.0,gabors,10.0,4.0,0.25020994,158,,,0,,False,7,train,2
1787,0.0,534.98029,535.2305,null,0.8,null,10.0,"[20.0, 20.0]","[3644.93333333, 3644.93333333]",0.08,0.0,gabors,40.0,4.0,0.25020994,79,,,0,,False,8,test,0
1788,0.0,535.2305,535.48071,null,0.8,null,40.0,"[20.0, 20.0]","[3644.93333333, 3644.93333333]",0.08,90.0,gabors,20.0,4.0,0.25020994,163,,,0,,False,8,test,2
1789,0.0,535.48071,535.73092,null,0.8,null,-30.0,"[20.0, 20.0]","[3644.93333333, 3644.93333333]",0.08,45.0,gabors,-40.0,4.0,0.25021506,232,,,0,,False,5,test,1
1790,0.0,535.73092,535.98114,null,0.8,null,-40.0,"[20.0, 20.0]","[3644.93333333, 3644.93333333]",0.08,45.0,gabors,0.0,4.0,0.25021506,208,,,0,,False,7,train,1
1791,0.0,535.98114,536.23135,null,0.8,null,0.0,"[20.0, 20.0]","[3644.93333333, 3644.93333333]",0.08,0.0,gabors,-30.0,4.0,0.25021506,188,,,0,,False,4,train,0
1792,0.0,536.23135,536.48157,null,0.8,null,-10.0,"[20.0, 20.0]","[3644.93333333, 3644.93333333]",0.08,45.0,gabors,30.0,4.0,0.25021506,89,,,0,,False,8,test,1
1793,0.0,536.48157,536.73177,null,0.8,null,-10.0,"[20.0, 20.0]","[3644.93333333, 3644.93333333]",0.08,0.0,gabors,10.0,4.0,0.25020494,100,,,0,,False,7,train,0
1794,0.0,536.73177,536.98198,null,0.8,null,0.0,"[20.0, 20.0]","[3644.93333333, 3644.93333333]",0.08,0.0,gabors,-10.0,4.0,0.25020494,221,,,0,,False,3,train,0
1795,0.0,536.98198,537.23218,null,0.8,null,40.0,"[20.0, 20.0]","[3644.93333333, 3644.93333333]",0.08,45.0,gabors,-20.0,4.0,0.25020494,125,,,0,,False,8,test,1
1796,0.0,537.23218,537.48239,null,0.8,null,-20.0,"[20.0, 20.0]","[3644.93333333, 3644.93333333]",0.08,45.0,gabors,0.0,4.0,0.25020494,94,,,0,,False,10,train,1
1797,0.0,537.48239,537.73258,null,0.8,null,30.0,"[20.0, 20.0]","[3644.93333333, 3644.93333333]",0.08,0.0,gabors,-30.0,4.0,0.25019756,171,,,0,,False,5,test,0
1798,0.0,537.73258,537.98278,null,0.8,null,-10.0,"[20.0, 20.0]","[3644.93333333, 3644.93333333]",0.08,90.0,gabors,0.0,4.0,0.25019756,121,,,0,,False,7,train,2
1799,0.0,537.98278,538.23298,null,0.8,null,10.0,"[20.0, 20.0]","[3644.93333333, 3644.93333333]",0.08,0.0,gabors,30.0,4.0,0.25019756,98,,,0,,False,5,test,0
1800,0.0,538.23298,538.48318,null,0.8,null,40.0,"[20.0, 20.0]","[3644.93333333, 3644.93333333]",0.08,45.0,gabors,-40.0,4.0,0.25019756,101,,,0,,False,7,train,1
1801,0.0,538.48318,538.73339,null,0.8,null,-20.0,"[20.0, 20.0]","[3644.93333333, 3644.93333333]",0.08,45.0,gabors,-10.0,4.0,0.25021494,86,,,0,,False,8,test,1
1802,0.0,538.73339,538.98361,null,0.8,null,-20.0,"[20.0, 20.0]","[3644.93333333, 3644.93333333]",0.08,0.0,gabors,-30.0,4.0,0.25021494,178,,,0,,False,8,test,0
1803,0.0,538.98361,539.23382,null,0.8,null,-40.0,"[20.0, 20.0]","[3644.93333333, 3644.93333333]",0.08,45.0,gabors,0.0,4.0,0.25021494,208,,,0,,False,8,test,1
1804,0.0,539.23382,539.48404,null,0.8,null,10.0,"[20.0, 20.0]","[3644.93333333, 3644.93333333]",0.08,90.0,gabors,30.0,4.0,0.25021494,14,,,0,,False,8,test,2
1805,0.0,539.48404,539.73425,null,0.8,null,-30.0,"[20.0, 20.0]","[3644.93333333, 3644.93333333]",0.08,45.0,gabors,30.0,4.0,0.25021256,159,,,0,,False,8,test,1
1806,0.0,539.73425,539.98446,null,0.8,null,0.0,"[20.0, 20.0]","[3644.93333333, 3644.93333333]",0.08,90.0,gabors,-20.0,4.0,0.25021256,45,,,0,,False,7,train,2
1807,0.0,539.98446,540.23467,null,0.8,null,10.0,"[20.0, 20.0]","[3644.93333333, 3644.93333333]",0.08,45.0,gabors,-10.0,4.0,0.25021256,143,,,0,,False,4,train,1
1808,0.0,540.23467,540.48489,null,0.8,null,40.0,"[20.0, 20.0]","[3644.93333333, 3644.93333333]",0.08,90.0,gabors,-20.0,4.0,0.25021256,95,,,0,,False,8,test,2
1809,0.0,540.48489,540.73509,null,0.8,null,40.0,"[20.0, 20.0]","[3644.93333333, 3644.93333333]",0.08,45.0,gabors,20.0,4.0,0.25020744,105,,,0,,False,7,train,1
1810,0.0,540.73509,540.9853,null,0.8,null,-20.0,"[20.0, 20.0]","[3644.93333333, 3644.93333333]",0.08,45.0,gabors,-20.0,4.0,0.25020744,184,,,0,,False,7,train,1
1811,0.0,540.9853,541.23551,null,0.8,null,-40.0,"[20.0, 20.0]","[3644.93333333, 3644.93333333]",0.08,0.0,gabors,-30.0,4.0,0.25020744,61,,,0,,False,7,train,0
1812,0.0,541.23551,541.48572,null,0.8,null,-30.0,"[20.0, 20.0]","[3644.93333333, 3644.93333333]",0.08,45.0,gabors,40.0,4.0,0.25020744,85,,,0,,False,8,test,1
1813,0.0,541.48572,541.73593,null,0.8,null,-30.0,"[20.0, 20.0]","[3644.93333333, 3644.93333333]",0.08,45.0,gabors,-40.0,4.0,0.25021256,232,,,0,,False,6,train,1
1814,0.0,541.73593,541.98614,null,0.8,null,40.0,"[20.0, 20.0]","[3644.93333333, 3644.93333333]",0.08,90.0,gabors,0.0,4.0,0.25021256,128,,,0,,False,5,test,2
1815,0.0,541.98614,542.23635,null,0.8,null,-30.0,"[20.0, 20.0]","[3644.93333333, 3644.93333333]",0.08,0.0,gabors,-40.0,4.0,0.25021256,243,,,0,,False,7,train,0
1816,0.0,542.23635,542.48657,null,0.8,null,20.0,"[20.0, 20.0]","[3644.93333333, 3644.93333333]",0.08,45.0,gabors,40.0,4.0,0.25021256,136,,,0,,False,4,train,1
1817,0.0,542.48657,542.73677,null,0.8,null,-40.0,"[20.0, 20.0]","[3644.93333333, 3644.93333333]",0.08,90.0,gabors,0.0,4.0,0.25020244,198,,,0,,False,7,train,2
1818,0.0,542.73677,542.98697,null,0.8,null,40.0,"[20.0, 20.0]","[3644.93333333, 3644.93333333]",0.08,0.0,gabors,-20.0,4.0,0.25020244,30,,,0,,False,7,train,0
1819,0.0,542.98697,543.23717,null,0.8,null,-20.0,"[20.0, 20.0]","[3644.93333333, 3644.93333333]",0.08,45.0,gabors,20.0,4.0,0.25020244,60,,,0,,False,7,train,1
1820,0.0,543.23717,543.48738,null,0.8,null,-40.0,"[20.0, 20.0]","[3644.93333333, 3644.93333333]",0.08,45.0,gabors,-40.0,4.0,0.25020244,31,,,0,,False,8,test,1
1821,0.0,543.48738,543.7376,null,0.8,null,-20.0,"[20.0, 20.0]","[3644.93333333, 3644.93333333]",0.08,45.0,gabors,-10.0,4.0,0.25022506,86,,,0,,False,9,train,1
1822,0.0,543.7376,543.98783,null,0.8,null,-30.0,"[20.0, 20.0]","[3644.93333333, 3644.93333333]",0.08,45.0,gabors,-40.0,4.0,0.25022506,232,,,0,,False,7,train,1
1823,0.0,543.98783,544.23805,null,0.8,null,30.0,"[20.0, 20.0]","[3644.93333333, 3644.93333333]",0.08,90.0,gabors,20.0,4.0,0.25022506,211,,,0,,False,4,train,2
1824,0.0,544.23805,544.48828,null,0.8,null,20.0,"[20.0, 20.0]","[3644.93333333, 3644.93333333]",0.08,0.0,gabors,-40.0,4.0,0.25022506,75,,,0,,False,8,test,0
1825,0.0,544.48828,544.73847,null,0.8,null,0.0,"[20.0, 20.0]","[3644.93333333, 3644.93333333]",0.08,45.0,gabors,30.0,4.0,0.25019494,62,,,0,,False,8,test,1
1826,0.0,544.73847,544.98867,null,0.8,null,10.0,"[20.0, 20.0]","[3644.93333333, 3644.93333333]",0.08,90.0,gabors,-30.0,4.0,0.25019494,93,,,0,,False,8,test,2
1827,0.0,544.98867,545.23886,null,0.8,null,20.0,"[20.0, 20.0]","[3644.93333333, 3644.93333333]",0.08,0.0,gabors,20.0,4.0,0.25019494,41,,,0,,False,7,train,0
1828,0.0,545.23886,545.48906,null,0.8,null,-20.0,"[20.0, 20.0]","[3644.93333333, 3644.93333333]",0.08,0.0,gabors,40.0,4.0,0.25019494,51,,,0,,False,4,train,0
1829,0.0,545.48906,545.73927,null,0.8,null,30.0,"[20.0, 20.0]","[3644.93333333, 3644.93333333]",0.08,0.0,gabors,30.0,4.0,0.25021256,43,,,0,,False,7,train,0
1830,0.0,545.73927,545.98948,null,0.8,null,20.0,"[20.0, 20.0]","[3644.93333333, 3644.93333333]",0.08,90.0,gabors,10.0,4.0,0.25021256,158,,,0,,False,8,test,2
1831,0.0,545.98948,546.23969,null,0.8,null,0.0,"[20.0, 20.0]","[3644.93333333, 3644.93333333]",0.08,0.0,gabors,20.0,4.0,0.25021256,195,,,0,,False,7,train,0
1832,0.0,546.23969,546.48991,null,0.8,null,40.0,"[20.0, 20.0]","[3644.93333333, 3644.93333333]",0.08,0.0,gabors,10.0,4.0,0.25021256,212,,,0,,False,6,train,0
1833,0.0,546.48991,546.74012,null,0.8,null,-40.0,"[20.0, 20.0]","[3644.93333333, 3644.93333333]",0.08,90.0,gabors,-30.0,4.0,0.25020994,47,,,0,,False,10,train,2
1834,0.0,546.74012,546.99033,null,0.8,null,-30.0,"[20.0, 20.0]","[3644.93333333, 3644.93333333]",0.08,90.0,gabors,-20.0,4.0,0.25020994,160,,,0,,False,9,train,2
1835,0.0,546.99033,547.24054,null,0.8,null,20.0,"[20.0, 20.0]","[3644.93333333, 3644.93333333]",0.08,45.0,gabors,-10.0,4.0,0.25020994,193,,,0,,False,5,test,1
1836,0.0,547.24054,547.49075,null,0.8,null,0.0,"[20.0, 20.0]","[3644.93333333, 3644.93333333]",0.08,0.0,gabors,-10.0,4.0,0.25020994,221,,,0,,False,4,train,0
1837,0.0,547.49075,547.74095,null,0.8,null,10.0,"[20.0, 20.0]","[3644.93333333, 3644.93333333]",0.08,90.0,gabors,-10.0,4.0,0.25020756,102,,,0,,False,9,train,2
1838,0.0,547.74095,547.99116,null,0.8,null,20.0,"[20.0, 20.0]","[3644.93333333, 3644.93333333]",0.08,90.0,gabors,-30.0,4.0,0.25020756,64,,,0,,False,6,train,2
1839,0.0,547.99116,548.24137,null,0.8,null,0.0,"[20.0, 20.0]","[3644.93333333, 3644.93333333]",0.08,0.0,gabors,-30.0,4.0,0.25020756,188,,,0,,False,5,test,0
1840,0.0,548.24137,548.49158,null,0.8,null,10.0,"[20.0, 20.0]","[3644.93333333, 3644.93333333]",0.08,45.0,gabors,-30.0,4.0,0.25020756,236,,,0,,False,9,train,1
1841,0.0,548.49158,548.74178,null,0.8,null,40.0,"[20.0, 20.0]","[3644.93333333, 3644.93333333]",0.08,90.0,gabors,40.0,4.0,0.25020744,200,,,0,,False,7,train,2
1842,0.0,548.74178,548.99199,null,0.8,null,30.0,"[20.0, 20.0]","[3644.93333333, 3644.93333333]",0.08,45.0,gabors,-20.0,4.0,0.25020744,162,,,0,,False,8,test,1
1843,0.0,548.99199,549.2422,null,0.8,null,0.0,"[20.0, 20.0]","[3644.93333333, 3644.93333333]",0.08,0.0,gabors,-40.0,4.0,0.25020744,199,,,0,,False,10,train,0
1844,0.0,549.2422,549.49241,null,0.8,null,30.0,"[20.0, 20.0]","[3644.93333333, 3644.93333333]",0.08,90.0,gabors,20.0,4.0,0.25020744,211,,,0,,False,5,test,2
1845,0.0,549.49241,549.74262,null,0.8,null,10.0,"[20.0, 20.0]","[3644.93333333, 3644.93333333]",0.08,90.0,gabors,20.0,4.0,0.25021256,27,,,0,,False,7,train,2
1846,0.0,549.74262,549.99283,null,0.8,null,40.0,"[20.0, 20.0]","[3644.93333333, 3644.93333333]",0.08,0.0,gabors,-30.0,4.0,0.25021256,142,,,0,,False,6,train,0
1847,0.0,549.99283,550.24304,null,0.8,null,0.0,"[20.0, 20.0]","[3644.93333333, 3644.93333333]",0.08,45.0,gabors,0.0,4.0,0.25021256,134,,,0,,False,10,train,1
1848,0.0,550.24304,550.49326,null,0.8,null,20.0,"[20.0, 20.0]","[3644.93333333, 3644.93333333]",0.08,45.0,gabors,-10.0,4.0,0.25021256,193,,,0,,False,6,train,1
1849,0.0,550.49326,550.74346,null,0.8,null,20.0,"[20.0, 20.0]","[3644.93333333, 3644.93333333]",0.08,45.0,gabors,-10.0,4.0,0.25020494,193,,,0,,False,7,train,1
1850,0.0,550.74346,550.99367,null,0.8,null,-40.0,"[20.0, 20.0]","[3644.93333333, 3644.93333333]",0.08,0.0,gabors,10.0,4.0,0.25020494,203,,,0,,False,6,train,0
1851,0.0,550.99367,551.24387,null,0.8,null,30.0,"[20.0, 20.0]","[3644.93333333, 3644.93333333]",0.08,45.0,gabors,40.0,4.0,0.25020494,240,,,0,,False,4,train,1
1852,0.0,551.24387,551.49408,null,0.8,null,-40.0,"[20.0, 20.0]","[3644.93333333, 3644.93333333]",0.08,45.0,gabors,-30.0,4.0,0.25020494,76,,,0,,False,8,test,1
1853,0.0,551.49408,551.74429,null,0.8,null,40.0,"[20.0, 20.0]","[3644.93333333, 3644.93333333]",0.08,90.0,gabors,10.0,4.0,0.25021756,150,,,0,,False,6,train,2
1854,0.0,551.74429,551.99451,null,0.8,null,-10.0,"[20.0, 20.0]","[3644.93333333, 3644.93333333]",0.08,0.0,gabors,-20.0,4.0,0.25021756,176,,,0,,False,3,train,0
1855,0.0,551.99451,552.24473,null,0.8,null,-40.0,"[20.0, 20.0]","[3644.93333333, 3644.93333333]",0.08,90.0,gabors,20.0,4.0,0.25021756,213,,,0,,False,3,train,2
1856,0.0,552.24473,552.49495,null,0.8,null,-40.0,"[20.0, 20.0]","[3644.93333333, 3644.93333333]",0.08,0.0,gabors,-30.0,4.0,0.25021756,61,,,0,,False,8,test,0
1857,0.0,552.49495,552.74515,null,0.8,null,-10.0,"[20.0, 20.0]","[3644.93333333, 3644.93333333]",0.08,90.0,gabors,20.0,4.0,0.25019994,175,,,0,,False,8,test,2
1858,0.0,552.74515,552.99535,null,0.8,null,-30.0,"[20.0, 20.0]","[3644.93333333, 3644.93333333]",0.08,45.0,gabors,40.0,4.0,0.25019994,85,,,0,,False,9,train,1
1859,0.0,552.99535,553.24555,null,0.8,null,20.0,"[20.0, 20.0]","[3644.93333333, 3644.93333333]",0.08,45.0,gabors,30.0,4.0,0.25019994,118,,,0,,False,4,train,1
1860,0.0,553.24555,553.49575,null,0.8,null,-20.0,"[20.0, 20.0]","[3644.93333333, 3644.93333333]",0.08,90.0,gabors,10.0,4.0,0.25019994,119,,,0,,False,10,train,2
1861,0.0,553.49575,553.74595,null,0.8,null,-20.0,"[20.0, 20.0]","[3644.93333333, 3644.93333333]",0.08,0.0,gabors,0.0,4.0,0.25020756,46,,,0,,False,7,train,0
1862,0.0,553.74595,553.99616,null,0.8,null,-20.0,"[20.0, 20.0]","[3644.93333333, 3644.93333333]",0.08,0.0,gabors,40.0,4.0,0.25020756,51,,,0,,False,5,test,0
1863,0.0,553.99616,554.24637,null,0.8,null,40.0,"[20.0, 20.0]","[3644.93333333, 3644.93333333]",0.08,45.0,gabors,40.0,4.0,0.25020756,214,,,0,,False,4,train,1
1864,0.0,554.24637,554.49658,null,0.8,null,-20.0,"[20.0, 20.0]","[3644.93333333, 3644.93333333]",0.08,0.0,gabors,-20.0,4.0,0.25020756,194,,,0,,False,5,test,0
1865,0.0,554.49658,554.74679,null,0.8,null,-10.0,"[20.0, 20.0]","[3644.93333333, 3644.93333333]",0.08,45.0,gabors,-30.0,4.0,0.25021244,189,,,0,,False,5,test,1
1866,0.0,554.74679,554.997,null,0.8,null,-20.0,"[20.0, 20.0]","[3644.93333333, 3644.93333333]",0.08,45.0,gabors,-10.0,4.0,0.25021244,86,,,0,,False,10,train,1
1867,0.0,554.997,555.24721,null,0.8,null,10.0,"[20.0, 20.0]","[3644.93333333, 3644.93333333]",0.08,90.0,gabors,-10.0,4.0,0.25021244,102,,,0,,False,10,train,2
1868,0.0,555.24721,555.49743,null,0.8,null,-10.0,"[20.0, 20.0]","[3644.93333333, 3644.93333333]",0.08,0.0,gabors,-40.0,4.0,0.25021244,37,,,0,,False,6,train,0
1869,0.0,555.49743,555.74763,null,0.8,null,20.0,"[20.0, 20.0]","[3644.93333333, 3644.93333333]",0.08,0.0,gabors,-20.0,4.0,0.25020756,96,,,0,,False,8,test,0
1870,0.0,555.74763,555.99784,null,0.8,null,-10.0,"[20.0, 20.0]","[3644.93333333, 3644.93333333]",0.08,90.0,gabors,-20.0,4.0,0.25020756,116,,,0,,False,7,train,2
1871,0.0,555.99784,556.24805,null,0.8,null,40.0,"[20.0, 20.0]","[3644.93333333, 3644.93333333]",0.08,45.0,gabors,-20.0,4.0,0.25020756,125,,,0,,False,9,train,1
1872,0.0,556.24805,556.49826,null,0.8,null,10.0,"[20.0, 20.0]","[3644.93333333, 3644.93333333]",0.08,0.0,gabors,0.0,4.0,0.25020756,205,,,0,,False,5,test,0
1873,0.0,556.49826,556.74847,null,0.8,null,0.0,"[20.0, 20.0]","[3644.93333333, 3644.93333333]",0.08,45.0,gabors,-30.0,4.0,0.25020994,91,,,0,,False,6,train,1
1874,0.0,556.74847,556.99868,null,0.8,null,-10.0,"[20.0, 20.0]","[3644.93333333, 3644.93333333]",0.08,45.0,gabors,30.0,4.0,0.25020994,89,,,0,,False,9,train,1
1875,0.0,556.99868,557.24889,null,0.8,null,-30.0,"[20.0, 20.0]","[3644.93333333, 3644.93333333]",0.08,0.0,gabors,40.0,4.0,0.25020994,97,,,0,,False,8,test,0
1876,0.0,557.24889,557.4991,null,0.8,null,-30.0,"[20.0, 20.0]","[3644.93333333, 3644.93333333]",0.08,0.0,gabors,20.0,4.0,0.25020994,165,,,0,,False,6,train,0
1877,0.0,557.4991,557.74931,null,0.8,null,10.0,"[20.0, 20.0]","[3644.93333333, 3644.93333333]",0.08,45.0,gabors,10.0,4.0,0.25021506,9,,,0,,False,6,train,1
1878,0.0,557.74931,557.99953,null,0.8,null,40.0,"[20.0, 20.0]","[3644.93333333, 3644.93333333]",0.08,0.0,gabors,0.0,4.0,0.25021506,55,,,0,,False,12,train,0
1879,0.0,557.99953,558.24974,null,0.8,null,20.0,"[20.0, 20.0]","[3644.93333333, 3644.93333333]",0.08,0.0,gabors,10.0,4.0,0.25021506,210,,,0,,False,6,train,0
1880,0.0,558.24974,558.49996,null,0.8,null,-10.0,"[20.0, 20.0]","[3644.93333333, 3644.93333333]",0.08,0.0,gabors,-10.0,4.0,0.25021506,78,,,0,,False,7,train,0
1881,0.0,558.49996,558.75016,null,0.8,null,40.0,"[20.0, 20.0]","[3644.93333333, 3644.93333333]",0.08,45.0,gabors,-30.0,4.0,0.25020244,103,,,0,,False,7,train,1
1882,0.0,558.75016,559.00036,null,0.8,null,-20.0,"[20.0, 20.0]","[3644.93333333, 3644.93333333]",0.08,0.0,gabors,40.0,4.0,0.25020244,51,,,0,,False,6,train,0
1883,0.0,559.00036,559.25056,null,0.8,null,-20.0,"[20.0, 20.0]","[3644.93333333, 3644.93333333]",0.08,90.0,gabors,40.0,4.0,0.25020244,190,,,0,,False,8,test,2
1884,0.0,559.25056,559.50077,null,0.8,null,30.0,"[20.0, 20.0]","[3644.93333333, 3644.93333333]",0.08,0.0,gabors,-20.0,4.0,0.25020244,148,,,0,,False,7,train,0
1885,0.0,559.50077,559.75098,null,0.8,null,0.0,"[20.0, 20.0]","[3644.93333333, 3644.93333333]",0.08,90.0,gabors,20.0,4.0,0.25021006,225,,,0,,False,6,train,2
1886,0.0,559.75098,560.00119,null,0.8,null,-10.0,"[20.0, 20.0]","[3644.93333333, 3644.93333333]",0.08,0.0,gabors,10.0,4.0,0.25021006,100,,,0,,False,8,test,0
1887,0.0,560.00119,560.2514,null,0.8,null,20.0,"[20.0, 20.0]","[3644.93333333, 3644.93333333]",0.08,45.0,gabors,20.0,4.0,0.25021006,168,,,0,,False,7,train,1
1888,0.0,560.2514,560.50161,null,0.8,null,-10.0,"[20.0, 20.0]","[3644.93333333, 3644.93333333]",0.08,45.0,gabors,20.0,4.0,0.25021006,174,,,0,,False,7,train,1
1889,0.0,560.50161,560.75181,null,0.8,null,40.0,"[20.0, 20.0]","[3644.93333333, 3644.93333333]",0.08,0.0,gabors,-10.0,4.0,0.25020744,71,,,0,,False,9,train,0
1890,0.0,560.75181,561.00202,null,0.8,null,-30.0,"[20.0, 20.0]","[3644.93333333, 3644.93333333]",0.08,0.0,gabors,10.0,4.0,0.25020744,166,,,0,,False,6,train,0
1891,0.0,561.00202,561.25223,null,0.8,null,-20.0,"[20.0, 20.0]","[3644.93333333, 3644.93333333]",0.08,0.0,gabors,30.0,4.0,0.25020744,196,,,0,,False,6,train,0
1892,0.0,561.25223,561.50244,null,0.8,null,10.0,"[20.0, 20.0]","[3644.93333333, 3644.93333333]",0.08,0.0,gabors,-10.0,4.0,0.25020744,32,,,0,,False,7,train,0
1893,0.0,561.50244,561.75265,null,0.8,null,40.0,"[20.0, 20.0]","[3644.93333333, 3644.93333333]",0.08,45.0,gabors,-40.0,4.0,0.25021006,101,,,0,,False,8,test,1
1894,0.0,561.75265,562.00286,null,0.8,null,-30.0,"[20.0, 20.0]","[3644.93333333, 3644.93333333]",0.08,0.0,gabors,40.0,4.0,0.25021006,97,,,0,,False,9,train,0
1895,0.0,562.00286,562.25307,null,0.8,null,-10.0,"[20.0, 20.0]","[3644.93333333, 3644.93333333]",0.08,90.0,gabors,0.0,4.0,0.25021006,121,,,0,,False,8,test,2
1896,0.0,562.25307,562.50328,null,0.8,null,20.0,"[20.0, 20.0]","[3644.93333333, 3644.93333333]",0.08,90.0,gabors,-40.0,4.0,0.25021006,67,,,0,,False,8,test,2
1897,0.0,562.50328,562.75349,null,0.8,null,-30.0,"[20.0, 20.0]","[3644.93333333, 3644.93333333]",0.08,0.0,gabors,10.0,4.0,0.25020994,166,,,0,,False,7,train,0
1898,0.0,562.75349,563.0037,null,0.8,null,40.0,"[20.0, 20.0]","[3644.93333333, 3644.93333333]",0.08,90.0,gabors,10.0,4.0,0.25020994,150,,,0,,False,7,train,2
1899,0.0,563.0037,563.25391,null,0.8,null,20.0,"[20.0, 20.0]","[3644.93333333, 3644.93333333]",0.08,0.0,gabors,-40.0,4.0,0.25020994,75,,,0,,False,9,train,0
1900,0.0,563.25391,563.50412,null,0.8,null,30.0,"[20.0, 20.0]","[3644.93333333, 3644.93333333]",0.08,90.0,gabors,40.0,4.0,0.25020994,88,,,0,,False,7,train,2
1901,0.0,563.50412,563.75432,null,0.8,null,30.0,"[20.0, 20.0]","[3644.93333333, 3644.93333333]",0.08,90.0,gabors,10.0,4.0,0.25020756,87,,,0,,False,8,test,2
1902,0.0,563.75432,564.00453,null,0.8,null,20.0,"[20.0, 20.0]","[3644.93333333, 3644.93333333]",0.08,45.0,gabors,-30.0,4.0,0.25020756,129,,,0,,False,7,train,1
1903,0.0,564.00453,564.25474,null,0.8,null,-10.0,"[20.0, 20.0]","[3644.93333333, 3644.93333333]",0.08,90.0,gabors,0.0,4.0,0.25020756,121,,,0,,False,9,train,2
1904,0.0,564.25474,564.50495,null,0.8,null,-40.0,"[20.0, 20.0]","[3644.93333333, 3644.93333333]",0.08,0.0,gabors,30.0,4.0,0.25020756,231,,,0,,False,9,train,0
1905,0.0,564.50495,564.75516,null,0.8,null,40.0,"[20.0, 20.0]","[3644.93333333, 3644.93333333]",0.08,0.0,gabors,10.0,4.0,0.25020994,212,,,0,,False,7,train,0
1906,0.0,564.75516,565.00537,null,0.8,null,20.0,"[20.0, 20.0]","[3644.93333333, 3644.93333333]",0.08,0.0,gabors,0.0,4.0,0.25020994,7,,,0,,False,8,test,0
1907,0.0,565.00537,565.25558,null,0.8,null,-40.0,"[20.0, 20.0]","[3644.93333333, 3644.93333333]",0.08,0.0,gabors,40.0,4.0,0.25020994,154,,,0,,False,8,test,0
1908,0.0,565.25558,565.50579,null,0.8,null,40.0,"[20.0, 20.0]","[3644.93333333, 3644.93333333]",0.08,45.0,gabors,-30.0,4.0,0.25020994,103,,,0,,False,8,test,1
1909,0.0,565.50579,565.756,null,0.8,null,20.0,"[20.0, 20.0]","[3644.93333333, 3644.93333333]",0.08,45.0,gabors,0.0,4.0,0.25021256,155,,,0,,False,7,train,1
1910,0.0,565.756,566.00621,null,0.8,null,-10.0,"[20.0, 20.0]","[3644.93333333, 3644.93333333]",0.08,0.0,gabors,-10.0,4.0,0.25021256,78,,,0,,False,8,test,0
1911,0.0,566.00621,566.25642,null,0.8,null,30.0,"[20.0, 20.0]","[3644.93333333, 3644.93333333]",0.08,45.0,gabors,0.0,4.0,0.25021256,1,,,0,,False,8,test,1
1912,0.0,566.25642,566.50664,null,0.8,null,-20.0,"[20.0, 20.0]","[3644.93333333, 3644.93333333]",0.08,45.0,gabors,-20.0,4.0,0.25021256,184,,,0,,False,8,test,1
1913,0.0,566.50664,566.75684,null,0.8,null,20.0,"[20.0, 20.0]","[3644.93333333, 3644.93333333]",0.08,90.0,gabors,-40.0,4.0,0.25020494,67,,,0,,False,9,train,2
1914,0.0,566.75684,567.00705,null,0.8,null,30.0,"[20.0, 20.0]","[3644.93333333, 3644.93333333]",0.08,90.0,gabors,-20.0,4.0,0.25020494,66,,,0,,False,4,train,2
1915,0.0,567.00705,567.25725,null,0.8,null,30.0,"[20.0, 20.0]","[3644.93333333, 3644.93333333]",0.08,0.0,gabors,-20.0,4.0,0.25020494,148,,,0,,False,8,test,0
1916,0.0,567.25725,567.50746,null,0.8,null,20.0,"[20.0, 20.0]","[3644.93333333, 3644.93333333]",0.08,90.0,gabors,40.0,4.0,0.25020494,52,,,0,,False,9,train,2
1917,0.0,567.50746,567.75767,null,0.8,null,-20.0,"[20.0, 20.0]","[3644.93333333, 3644.93333333]",0.08,0.0,gabors,-20.0,4.0,0.25021506,194,,,0,,False,6,train,0
1918,0.0,567.75767,568.00789,null,0.8,null,30.0,"[20.0, 20.0]","[3644.93333333, 3644.93333333]",0.08,90.0,gabors,20.0,4.0,0.25021506,211,,,0,,False,6,train,2
1919,0.0,568.00789,568.2581,null,0.8,null,-10.0,"[20.0, 20.0]","[3644.93333333, 3644.93333333]",0.08,45.0,gabors,-30.0,4.0,0.25021506,189,,,0,,False,6,train,1
1920,0.0,568.2581,568.50832,null,0.8,null,20.0,"[20.0, 20.0]","[3644.93333333, 3644.93333333]",0.08,90.0,gabors,40.0,4.0,0.25021506,52,,,0,,False,10,train,2
1921,0.0,568.50832,568.75852,null,0.8,null,10.0,"[20.0, 20.0]","[3644.93333333, 3644.93333333]",0.08,90.0,gabors,-40.0,4.0,0.25020494,183,,,0,,False,7,train,2
1922,0.0,568.75852,569.00873,null,0.8,null,20.0,"[20.0, 20.0]","[3644.93333333, 3644.93333333]",0.08,0.0,gabors,30.0,4.0,0.25020494,58,,,0,,False,8,test,0
1923,0.0,569.00873,569.25893,null,0.8,null,30.0,"[20.0, 20.0]","[3644.93333333, 3644.93333333]",0.08,45.0,gabors,30.0,4.0,0.25020494,206,,,0,,False,10,train,1
1924,0.0,569.25893,569.50914,null,0.8,null,20.0,"[20.0, 20.0]","[3644.93333333, 3644.93333333]",0.08,45.0,gabors,10.0,4.0,0.25020494,217,,,0,,False,7,train,1
1925,0.0,569.50914,569.75934,null,0.8,null,40.0,"[20.0, 20.0]","[3644.93333333, 3644.93333333]",0.08,90.0,gabors,40.0,4.0,0.25020756,200,,,0,,False,8,test,2
1926,0.0,569.75934,570.00955,null,0.8,null,-20.0,"[20.0, 20.0]","[3644.93333333, 3644.93333333]",0.08,90.0,gabors,-40.0,4.0,0.25020756,209,,,0,,False,6,train,2
1927,0.0,570.00955,570.25976,null,0.8,null,-20.0,"[20.0, 20.0]","[3644.93333333, 3644.93333333]",0.08,90.0,gabors,0.0,4.0,0.25020756,5,,,0,,False,5,test,2
1928,0.0,570.25976,570.50997,null,0.8,null,10.0,"[20.0, 20.0]","[3644.93333333, 3644.93333333]",0.08,0.0,gabors,10.0,4.0,0.25020756,224,,,0,,False,10,train,0
1929,0.0,570.50997,570.76018,null,0.8,null,0.0,"[20.0, 20.0]","[3644.93333333, 3644.93333333]",0.08,0.0,gabors,20.0,4.0,0.25020994,195,,,0,,False,8,test,0
1930,0.0,570.76018,571.01039,null,0.8,null,-10.0,"[20.0, 20.0]","[3644.93333333, 3644.93333333]",0.08,45.0,gabors,40.0,4.0,0.25020994,215,,,0,,False,6,train,1
1931,0.0,571.01039,571.2606,null,0.8,null,10.0,"[20.0, 20.0]","[3644.93333333, 3644.93333333]",0.08,45.0,gabors,-40.0,4.0,0.25020994,15,,,0,,False,10,train,1
1932,0.0,571.2606,571.51081,null,0.8,null,20.0,"[20.0, 20.0]","[3644.93333333, 3644.93333333]",0.08,0.0,gabors,-30.0,4.0,0.25020994,238,,,0,,False,5,test,0
1933,0.0,571.51081,571.76102,null,0.8,null,20.0,"[20.0, 20.0]","[3644.93333333, 3644.93333333]",0.08,45.0,gabors,30.0,4.0,0.25021506,118,,,0,,False,5,test,1
1934,0.0,571.76102,572.01124,null,0.8,null,-40.0,"[20.0, 20.0]","[3644.93333333, 3644.93333333]",0.08,90.0,gabors,40.0,4.0,0.25021506,34,,,0,,False,5,test,2
1935,0.0,572.01124,572.26145,null,0.8,null,-10.0,"[20.0, 20.0]","[3644.93333333, 3644.93333333]",0.08,0.0,gabors,20.0,4.0,0.25021506,235,,,0,,False,6,train,0
1936,0.0,572.26145,572.51167,null,0.8,null,-30.0,"[20.0, 20.0]","[3644.93333333, 3644.93333333]",0.08,90.0,gabors,-30.0,4.0,0.25021506,112,,,0,,False,5,test,2
1937,0.0,572.51167,572.76187,null,0.8,null,10.0,"[20.0, 20.0]","[3644.93333333, 3644.93333333]",0.08,90.0,gabors,30.0,4.0,0.25020244,14,,,0,,False,9,train,2
1938,0.0,572.76187,573.01207,null,0.8,null,-30.0,"[20.0, 20.0]","[3644.93333333, 3644.93333333]",0.08,90.0,gabors,-30.0,4.0,0.25020244,112,,,0,,False,6,train,2
1939,0.0,573.01207,573.26227,null,0.8,null,-40.0,"[20.0, 20.0]","[3644.93333333, 3644.93333333]",0.08,0.0,gabors,20.0,4.0,0.25020244,8,,,0,,False,7,train,0
1940,0.0,573.26227,573.51248,null,0.8,null,0.0,"[20.0, 20.0]","[3644.93333333, 3644.93333333]",0.08,0.0,gabors,20.0,4.0,0.25020244,195,,,0,,False,9,train,0
1941,0.0,573.51248,573.7627,null,0.8,null,20.0,"[20.0, 20.0]","[3644.93333333, 3644.93333333]",0.08,45.0,gabors,40.0,4.0,0.25022006,136,,,0,,False,5,test,1
1942,0.0,573.7627,574.01292,null,0.8,null,0.0,"[20.0, 20.0]","[3644.93333333, 3644.93333333]",0.08,0.0,gabors,10.0,4.0,0.25022006,234,,,0,,False,5,test,0
1943,0.0,574.01292,574.26314,null,0.8,null,-30.0,"[20.0, 20.0]","[3644.93333333, 3644.93333333]",0.08,45.0,gabors,-10.0,4.0,0.25022006,56,,,0,,False,7,train,1
1944,0.0,574.26314,574.51336,null,0.8,null,-30.0,"[20.0, 20.0]","[3644.93333333, 3644.93333333]",0.08,90.0,gabors,-20.0,4.0,0.25022006,160,,,0,,False,10,train,2
1945,0.0,574.51336,574.76355,null,0.8,null,20.0,"[20.0, 20.0]","[3644.93333333, 3644.93333333]",0.08,90.0,gabors,0.0,4.0,0.25019744,10,,,0,,False,5,test,2
1946,0.0,574.76355,575.01375,null,0.8,null,-10.0,"[20.0, 20.0]","[3644.93333333, 3644.93333333]",0.08,0.0,gabors,-40.0,4.0,0.25019744,37,,,0,,False,7,train,0
1947,0.0,575.01375,575.26395,null,0.8,null,0.0,"[20.0, 20.0]","[3644.93333333, 3644.93333333]",0.08,0.0,gabors,40.0,4.0,0.25019744,36,,,0,,False,10,train,0
1948,0.0,575.26395,575.51415,null,0.8,null,0.0,"[20.0, 20.0]","[3644.93333333, 3644.93333333]",0.08,0.0,gabors,10.0,4.0,0.25019744,234,,,0,,False,6,train,0
1949,0.0,575.51415,575.76436,null,0.8,null,20.0,"[20.0, 20.0]","[3644.93333333, 3644.93333333]",0.08,90.0,gabors,20.0,4.0,0.25021506,42,,,0,,False,8,test,2
1950,0.0,575.76436,576.01458,null,0.8,null,-30.0,"[20.0, 20.0]","[3644.93333333, 3644.93333333]",0.08,0.0,gabors,-40.0,4.0,0.25021506,243,,,0,,False,8,test,0
1951,0.0,576.01458,576.26479,null,0.8,null,10.0,"[20.0, 20.0]","[3644.93333333, 3644.93333333]",0.08,0.0,gabors,40.0,4.0,0.25021506,79,,,0,,False,9,train,0
1952,0.0,576.26479,576.51501,null,0.8,null,-40.0,"[20.0, 20.0]","[3644.93333333, 3644.93333333]",0.08,90.0,gabors,-40.0,4.0,0.25021506,161,,,0,,False,9,train,2
1953,0.0,576.51501,576.76521,null,0.8,null,-10.0,"[20.0, 20.0]","[3644.93333333, 3644.93333333]",0.08,90.0,gabors,30.0,4.0,0.25020244,140,,,0,,False,9,train,2
1954,0.0,576.76521,577.01541,null,0.8,null,-20.0,"[20.0, 20.0]","[3644.93333333, 3644.93333333]",0.08,45.0,gabors,0.0,4.0,0.25020244,94,,,0,,False,11,test,1
1955,0.0,577.01541,577.26561,null,0.8,null,20.0,"[20.0, 20.0]","[3644.93333333, 3644.93333333]",0.08,90.0,gabors,-20.0,4.0,0.25020244,177,,,0,,False,8,test,2
1956,0.0,577.26561,577.51582,null,0.8,null,-10.0,"[20.0, 20.0]","[3644.93333333, 3644.93333333]",0.08,45.0,gabors,10.0,4.0,0.25020244,123,,,0,,False,9,train,1
1957,0.0,577.51582,577.76603,null,0.8,null,0.0,"[20.0, 20.0]","[3644.93333333, 3644.93333333]",0.08,45.0,gabors,20.0,4.0,0.25021256,233,,,0,,False,7,train,1
1958,0.0,577.76603,578.01624,null,0.8,null,-40.0,"[20.0, 20.0]","[3644.93333333, 3644.93333333]",0.08,90.0,gabors,20.0,4.0,0.25021256,213,,,0,,False,4,train,2
1959,0.0,578.01624,578.26645,null,0.8,null,-40.0,"[20.0, 20.0]","[3644.93333333, 3644.93333333]",0.08,0.0,gabors,20.0,4.0,0.25021256,8,,,0,,False,8,test,0
1960,0.0,578.26645,578.51667,null,0.8,null,-10.0,"[20.0, 20.0]","[3644.93333333, 3644.93333333]",0.08,45.0,gabors,20.0,4.0,0.25021256,174,,,0,,False,8,test,1
1961,0.0,578.51667,578.76687,null,0.8,null,30.0,"[20.0, 20.0]","[3644.93333333, 3644.93333333]",0.08,90.0,gabors,-20.0,4.0,0.25020744,66,,,0,,False,5,test,2
1962,0.0,578.76687,579.01708,null,0.8,null,-10.0,"[20.0, 20.0]","[3644.93333333, 3644.93333333]",0.08,45.0,gabors,30.0,4.0,0.25020744,89,,,0,,False,10,train,1
1963,0.0,579.01708,579.26729,null,0.8,null,40.0,"[20.0, 20.0]","[3644.93333333, 3644.93333333]",0.08,90.0,gabors,20.0,4.0,0.25020744,163,,,0,,False,9,train,2
1964,0.0,579.26729,579.5175,null,0.8,null,20.0,"[20.0, 20.0]","[3644.93333333, 3644.93333333]",0.08,90.0,gabors,-10.0,4.0,0.25020744,156,,,0,,False,8,test,2
1965,0.0,579.5175,579.7677,null,0.8,null,-40.0,"[20.0, 20.0]","[3644.93333333, 3644.93333333]",0.08,90.0,gabors,-10.0,4.0,0.25020506,186,,,0,,False,6,train,2
1966,0.0,579.7677,580.01791,null,0.8,null,10.0,"[20.0, 20.0]","[3644.93333333, 3644.93333333]",0.08,0.0,gabors,-40.0,4.0,0.25020506,111,,,0,,False,7,train,0
1967,0.0,580.01791,580.26811,null,0.8,null,20.0,"[20.0, 20.0]","[3644.93333333, 3644.93333333]",0.08,0.0,gabors,-20.0,4.0,0.25020506,96,,,0,,False,9,train,0
1968,0.0,580.26811,580.51832,null,0.8,null,-20.0,"[20.0, 20.0]","[3644.93333333, 3644.93333333]",0.08,45.0,gabors,-30.0,4.0,0.25020506,48,,,0,,False,9,train,1
1969,0.0,580.51832,580.76853,null,0.8,null,-40.0,"[20.0, 20.0]","[3644.93333333, 3644.93333333]",0.08,45.0,gabors,-30.0,4.0,0.25021244,76,,,0,,False,9,train,1
1970,0.0,580.76853,581.01874,null,0.8,null,-30.0,"[20.0, 20.0]","[3644.93333333, 3644.93333333]",0.08,45.0,gabors,-10.0,4.0,0.25021244,56,,,0,,False,8,test,1
1971,0.0,581.01874,581.26895,null,0.8,null,-20.0,"[20.0, 20.0]","[3644.93333333, 3644.93333333]",0.08,0.0,gabors,-20.0,4.0,0.25021244,194,,,0,,False,7,train,0
1972,0.0,581.26895,581.51917,null,0.8,null,0.0,"[20.0, 20.0]","[3644.93333333, 3644.93333333]",0.08,45.0,gabors,-20.0,4.0,0.25021244,182,,,0,,False,6,train,1
1973,0.0,581.51917,581.76938,null,0.8,null,30.0,"[20.0, 20.0]","[3644.93333333, 3644.93333333]",0.08,0.0,gabors,-10.0,4.0,0.25021506,92,,,0,,False,8,test,0
1974,0.0,581.76938,582.0196,null,0.8,null,20.0,"[20.0, 20.0]","[3644.93333333, 3644.93333333]",0.08,90.0,gabors,-40.0,4.0,0.25021506,67,,,0,,False,10,train,2
1975,0.0,582.0196,582.26981,null,0.8,null,40.0,"[20.0, 20.0]","[3644.93333333, 3644.93333333]",0.08,45.0,gabors,30.0,4.0,0.25021506,50,,,0,,False,9,train,1
1976,0.0,582.26981,582.52003,null,0.8,null,-20.0,"[20.0, 20.0]","[3644.93333333, 3644.93333333]",0.08,45.0,gabors,10.0,4.0,0.25021506,113,,,0,,False,9,train,1
1977,0.0,582.52003,582.77023,null,0.8,null,20.0,"[20.0, 20.0]","[3644.93333333, 3644.93333333]",0.08,0.0,gabors,-20.0,4.0,0.25020244,96,,,0,,False,10,train,0
1978,0.0,582.77023,583.02043,null,0.8,null,-20.0,"[20.0, 20.0]","[3644.93333333, 3644.93333333]",0.08,0.0,gabors,-10.0,4.0,0.25020244,223,,,0,,False,6,train,0
1979,0.0,583.02043,583.27063,null,0.8,null,0.0,"[20.0, 20.0]","[3644.93333333, 3644.93333333]",0.08,45.0,gabors,-10.0,4.0,0.25020244,23,,,0,,False,6,train,1
1980,0.0,583.27063,583.52084,null,0.8,null,-20.0,"[20.0, 20.0]","[3644.93333333, 3644.93333333]",0.08,0.0,gabors,-10.0,4.0,0.25020244,223,,,0,,False,7,train,0
1981,0.0,583.52084,583.77104,null,0.8,null,10.0,"[20.0, 20.0]","[3644.93333333, 3644.93333333]",0.08,0.0,gabors,40.0,4.0,0.25020756,79,,,0,,False,10,train,0
1982,0.0,583.77104,584.02125,null,0.8,null,-10.0,"[20.0, 20.0]","[3644.93333333, 3644.93333333]",0.08,90.0,gabors,20.0,4.0,0.25020756,175,,,0,,False,9,train,2
1983,0.0,584.02125,584.27146,null,0.8,null,-10.0,"[20.0, 20.0]","[3644.93333333, 3644.93333333]",0.08,90.0,gabors,-10.0,4.0,0.25020756,80,,,0,,False,8,test,2
1984,0.0,584.27146,584.52167,null,0.8,null,40.0,"[20.0, 20.0]","[3644.93333333, 3644.93333333]",0.08,0.0,gabors,-20.0,4.0,0.25020756,30,,,0,,False,8,test,0
1985,0.0,584.52167,584.77188,null,0.8,null,20.0,"[20.0, 20.0]","[3644.93333333, 3644.93333333]",0.08,90.0,gabors,20.0,4.0,0.25020994,42,,,0,,False,9,train,2
1986,0.0,584.77188,585.02209,null,0.8,null,10.0,"[20.0, 20.0]","[3644.93333333, 3644.93333333]",0.08,90.0,gabors,40.0,4.0,0.25020994,12,,,0,,False,6,train,2
1987,0.0,585.02209,585.2723,null,0.8,null,-20.0,"[20.0, 20.0]","[3644.93333333, 3644.93333333]",0.08,45.0,gabors,20.0,4.0,0.25020994,60,,,0,,False,8,test,1
1988,0.0,585.2723,585.52251,null,0.8,null,10.0,"[20.0, 20.0]","[3644.93333333, 3644.93333333]",0.08,90.0,gabors,-40.0,4.0,0.25020994,183,,,0,,False,8,test,2
1989,0.0,585.52251,585.77272,null,0.8,null,0.0,"[20.0, 20.0]","[3644.93333333, 3644.93333333]",0.08,45.0,gabors,0.0,4.0,0.25021006,134,,,0,,False,11,test,1
1990,0.0,585.77272,586.02293,null,0.8,null,10.0,"[20.0, 20.0]","[3644.93333333, 3644.93333333]",0.08,90.0,gabors,-30.0,4.0,0.25021006,93,,,0,,False,9,train,2
1991,0.0,586.02293,586.27314,null,0.8,null,30.0,"[20.0, 20.0]","[3644.93333333, 3644.93333333]",0.08,90.0,gabors,-40.0,4.0,0.25021006,109,,,0,,False,8,test,2
1992,0.0,586.27314,586.52335,null,0.8,null,0.0,"[20.0, 20.0]","[3644.93333333, 3644.93333333]",0.08,45.0,gabors,-20.0,4.0,0.25021006,182,,,0,,False,7,train,1
1993,0.0,586.52335,586.77355,null,0.8,null,20.0,"[20.0, 20.0]","[3644.93333333, 3644.93333333]",0.08,0.0,gabors,-40.0,4.0,0.25020744,75,,,0,,False,10,train,0
1994,0.0,586.77355,587.02376,null,0.8,null,10.0,"[20.0, 20.0]","[3644.93333333, 3644.93333333]",0.08,0.0,gabors,30.0,4.0,0.25020744,98,,,0,,False,6,train,0
1995,0.0,587.02376,587.27397,null,0.8,null,20.0,"[20.0, 20.0]","[3644.93333333, 3644.93333333]",0.08,45.0,gabors,40.0,4.0,0.25020744,136,,,0,,False,6,train,1
1996,0.0,587.27397,587.52418,null,0.8,null,-20.0,"[20.0, 20.0]","[3644.93333333, 3644.93333333]",0.08,90.0,gabors,20.0,4.0,0.25020744,83,,,0,,False,5,test,2
1997,0.0,587.52418,587.77439,null,0.8,null,-10.0,"[20.0, 20.0]","[3644.93333333, 3644.93333333]",0.08,90.0,gabors,-40.0,4.0,0.25021006,185,,,0,,False,7,train,2
1998,0.0,587.77439,588.0246,null,0.8,null,10.0,"[20.0, 20.0]","[3644.93333333, 3644.93333333]",0.08,0.0,gabors,20.0,4.0,0.25021006,179,,,0,,False,9,train,0
1999,0.0,588.0246,588.27481,null,0.8,null,30.0,"[20.0, 20.0]","[3644.93333333, 3644.93333333]",0.08,90.0,gabors,-20.0,4.0,0.25021006,66,,,0,,False,6,train,2
2000,0.0,588.27481,588.52502,null,0.8,null,-10.0,"[20.0, 20.0]","[3644.93333333, 3644.93333333]",0.08,45.0,gabors,30.0,4.0,0.25021006,89,,,0,,False,11,test,1
2001,0.0,588.52502,588.77523,null,0.8,null,0.0,"[20.0, 20.0]","[3644.93333333, 3644.93333333]",0.08,45.0,gabors,-10.0,4.0,0.25021244,23,,,0,,False,7,train,1
2002,0.0,588.77523,589.02544,null,0.8,null,40.0,"[20.0, 20.0]","[3644.93333333, 3644.93333333]",0.08,90.0,gabors,0.0,4.0,0.25021244,128,,,0,,False,6,train,2
2003,0.0,589.02544,589.27565,null,0.8,null,-20.0,"[20.0, 20.0]","[3644.93333333, 3644.93333333]",0.08,45.0,gabors,40.0,4.0,0.25021244,57,,,0,,False,4,train,1
2004,0.0,589.27565,589.52587,null,0.8,null,40.0,"[20.0, 20.0]","[3644.93333333, 3644.93333333]",0.08,0.0,gabors,40.0,4.0,0.25021244,230,,,0,,False,10,train,0
2005,0.0,589.52587,589.77608,null,0.8,null,30.0,"[20.0, 20.0]","[3644.93333333, 3644.93333333]",0.08,0.0,gabors,0.0,4.0,0.25021256,2,,,0,,False,11,test,0
2006,0.0,589.77608,590.02629,null,0.8,null,-30.0,"[20.0, 20.0]","[3644.93333333, 3644.93333333]",0.08,90.0,gabors,30.0,4.0,0.25021256,33,,,0,,False,11,test,2
2007,0.0,590.02629,590.2765,null,0.8,null,-20.0,"[20.0, 20.0]","[3644.93333333, 3644.93333333]",0.08,45.0,gabors,0.0,4.0,0.25021256,94,,,0,,False,12,train,1
2008,0.0,590.2765,590.52672,null,0.8,null,40.0,"[20.0, 20.0]","[3644.93333333, 3644.93333333]",0.08,90.0,gabors,30.0,4.0,0.25021256,138,,,0,,False,5,test,2
2009,0.0,590.52672,590.77692,null,0.8,null,-10.0,"[20.0, 20.0]","[3644.93333333, 3644.93333333]",0.08,0.0,gabors,30.0,4.0,0.25020244,227,,,0,,False,5,test,0
2010,0.0,590.77692,591.02712,null,0.8,null,-10.0,"[20.0, 20.0]","[3644.93333333, 3644.93333333]",0.08,90.0,gabors,-10.0,4.0,0.25020244,80,,,0,,False,9,train,2
2011,0.0,591.02712,591.27732,null,0.8,null,-20.0,"[20.0, 20.0]","[3644.93333333, 3644.93333333]",0.08,0.0,gabors,-40.0,4.0,0.25020244,117,,,0,,False,9,train,0
2012,0.0,591.27732,591.52753,null,0.8,null,30.0,"[20.0, 20.0]","[3644.93333333, 3644.93333333]",0.08,45.0,gabors,40.0,4.0,0.25020244,240,,,0,,False,5,test,1
2013,0.0,591.52753,591.77774,null,0.8,null,-20.0,"[20.0, 20.0]","[3644.93333333, 3644.93333333]",0.08,45.0,gabors,40.0,4.0,0.25021256,57,,,0,,False,5,test,1
2014,0.0,591.77774,592.02795,null,0.8,null,20.0,"[20.0, 20.0]","[3644.93333333, 3644.93333333]",0.08,45.0,gabors,0.0,4.0,0.25021256,155,,,0,,False,8,test,1
2015,0.0,592.02795,592.27816,null,0.8,null,20.0,"[20.0, 20.0]","[3644.93333333, 3644.93333333]",0.08,0.0,gabors,40.0,4.0,0.25021256,63,,,0,,False,7,train,0
2016,0.0,592.27816,592.52838,null,0.8,null,20.0,"[20.0, 20.0]","[3644.93333333, 3644.93333333]",0.08,0.0,gabors,-10.0,4.0,0.25021256,170,,,0,,False,10,train,0
2017,0.0,592.52838,592.77858,null,0.8,null,30.0,"[20.0, 20.0]","[3644.93333333, 3644.93333333]",0.08,0.0,gabors,-40.0,4.0,0.25020494,124,,,0,,False,8,test,0
2018,0.0,592.77858,593.02879,null,0.8,null,30.0,"[20.0, 20.0]","[3644.93333333, 3644.93333333]",0.08,0.0,gabors,40.0,4.0,0.25020494,133,,,0,,False,8,test,0
2019,0.0,593.02879,593.27899,null,0.8,null,40.0,"[20.0, 20.0]","[3644.93333333, 3644.93333333]",0.08,90.0,gabors,-20.0,4.0,0.25020494,95,,,0,,False,9,train,2
2020,0.0,593.27899,593.5292,null,0.8,null,20.0,"[20.0, 20.0]","[3644.93333333, 3644.93333333]",0.08,0.0,gabors,-30.0,4.0,0.25020494,238,,,0,,False,6,train,0
2021,0.0,593.5292,593.7794,null,0.8,null,40.0,"[20.0, 20.0]","[3644.93333333, 3644.93333333]",0.08,45.0,gabors,20.0,4.0,0.25020506,105,,,0,,False,8,test,1
2022,0.0,593.7794,594.02961,null,0.8,null,10.0,"[20.0, 20.0]","[3644.93333333, 3644.93333333]",0.08,0.0,gabors,20.0,4.0,0.25020506,179,,,0,,False,10,train,0
2023,0.0,594.02961,594.27981,null,0.8,null,30.0,"[20.0, 20.0]","[3644.93333333, 3644.93333333]",0.08,90.0,gabors,0.0,4.0,0.25020506,11,,,0,,False,9,train,2
2024,0.0,594.27981,594.53002,null,0.8,null,-30.0,"[20.0, 20.0]","[3644.93333333, 3644.93333333]",0.08,0.0,gabors,-10.0,4.0,0.25020506,122,,,0,,False,8,test,0
2025,0.0,594.53002,594.78023,null,0.8,null,-10.0,"[20.0, 20.0]","[3644.93333333, 3644.93333333]",0.08,0.0,gabors,0.0,4.0,0.25021244,132,,,0,,False,9,train,0
2026,0.0,594.78023,595.03044,null,0.8,null,20.0,"[20.0, 20.0]","[3644.93333333, 3644.93333333]",0.08,0.0,gabors,-10.0,4.0,0.25021244,170,,,0,,False,11,test,0
2027,0.0,595.03044,595.28065,null,0.8,null,20.0,"[20.0, 20.0]","[3644.93333333, 3644.93333333]",0.08,90.0,gabors,10.0,4.0,0.25021244,158,,,0,,False,9,train,2
2028,0.0,595.28065,595.53087,null,0.8,null,10.0,"[20.0, 20.0]","[3644.93333333, 3644.93333333]",0.08,45.0,gabors,0.0,4.0,0.25021244,152,,,0,,False,10,train,1
2029,0.0,595.53087,595.78108,null,0.8,null,20.0,"[20.0, 20.0]","[3644.93333333, 3644.93333333]",0.08,45.0,gabors,-40.0,4.0,0.25021506,201,,,0,,False,5,test,1
2030,0.0,595.78108,596.0313,null,0.8,null,-40.0,"[20.0, 20.0]","[3644.93333333, 3644.93333333]",0.08,90.0,gabors,40.0,4.0,0.25021506,34,,,0,,False,6,train,2
2031,0.0,596.0313,596.28151,null,0.8,null,40.0,"[20.0, 20.0]","[3644.93333333, 3644.93333333]",0.08,90.0,gabors,30.0,4.0,0.25021506,138,,,0,,False,6,train,2
2032,0.0,596.28151,596.53173,null,0.8,null,-10.0,"[20.0, 20.0]","[3644.93333333, 3644.93333333]",0.08,45.0,gabors,10.0,4.0,0.25021506,123,,,0,,False,10,train,1
2033,0.0,596.53173,596.78193,null,0.8,null,0.0,"[20.0, 20.0]","[3644.93333333, 3644.93333333]",0.08,90.0,gabors,-40.0,4.0,0.25020244,192,,,0,,False,10,train,2
2034,0.0,596.78193,597.03213,null,0.8,null,0.0,"[20.0, 20.0]","[3644.93333333, 3644.93333333]",0.08,45.0,gabors,40.0,4.0,0.25020244,131,,,0,,False,8,test,1
2035,0.0,597.03213,597.28233,null,0.8,null,10.0,"[20.0, 20.0]","[3644.93333333, 3644.93333333]",0.08,45.0,gabors,-20.0,4.0,0.25020244,126,,,0,,False,7,train,1
2036,0.0,597.28233,597.53254,null,0.8,null,10.0,"[20.0, 20.0]","[3644.93333333, 3644.93333333]",0.08,0.0,gabors,-10.0,4.0,0.25020244,32,,,0,,False,8,test,0
2037,0.0,597.53254,597.78276,null,0.8,null,10.0,"[20.0, 20.0]","[3644.93333333, 3644.93333333]",0.08,0.0,gabors,30.0,4.0,0.25022006,98,,,0,,False,7,train,0
2038,0.0,597.78276,598.03298,null,0.8,null,-10.0,"[20.0, 20.0]","[3644.93333333, 3644.93333333]",0.08,90.0,gabors,-20.0,4.0,0.25022006,116,,,0,,False,8,test,2
2039,0.0,598.03298,598.2832,null,0.8,null,40.0,"[20.0, 20.0]","[3644.93333333, 3644.93333333]",0.08,0.0,gabors,0.0,4.0,0.25022006,55,,,0,,False,13,train,0
2040,0.0,598.2832,598.53342,null,0.8,null,30.0,"[20.0, 20.0]","[3644.93333333, 3644.93333333]",0.08,0.0,gabors,20.0,4.0,0.25022006,172,,,0,,False,7,train,0
2041,0.0,598.53342,598.78361,null,0.8,null,-40.0,"[20.0, 20.0]","[3644.93333333, 3644.93333333]",0.08,45.0,gabors,10.0,4.0,0.25019744,197,,,0,,False,6,train,1
2042,0.0,598.78361,599.03381,null,0.8,null,-30.0,"[20.0, 20.0]","[3644.93333333, 3644.93333333]",0.08,0.0,gabors,30.0,4.0,0.25019744,204,,,0,,False,7,train,0
2043,0.0,599.03381,599.28401,null,0.8,null,-20.0,"[20.0, 20.0]","[3644.93333333, 3644.93333333]",0.08,90.0,gabors,20.0,4.0,0.25019744,83,,,0,,False,6,train,2
2044,0.0,599.28401,599.53421,null,0.8,null,0.0,"[20.0, 20.0]","[3644.93333333, 3644.93333333]",0.08,90.0,gabors,20.0,4.0,0.25019744,225,,,0,,False,7,train,2
2045,0.0,599.53421,599.78441,null,0.8,null,20.0,"[20.0, 20.0]","[3644.93333333, 3644.93333333]",0.08,90.0,gabors,30.0,4.0,0.25020756,6,,,0,,False,5,test,2
2046,0.0,599.78441,600.03462,null,0.8,null,10.0,"[20.0, 20.0]","[3644.93333333, 3644.93333333]",0.08,90.0,gabors,-40.0,4.0,0.25020756,183,,,0,,False,9,train,2
2047,0.0,600.03462,600.28483,null,0.8,null,20.0,"[20.0, 20.0]","[3644.93333333, 3644.93333333]",0.08,0.0,gabors,-20.0,4.0,0.25020756,96,,,0,,False,11,test,0
2048,0.0,600.28483,600.53504,null,0.8,null,20.0,"[20.0, 20.0]","[3644.93333333, 3644.93333333]",0.08,90.0,gabors,10.0,4.0,0.25020756,158,,,0,,False,10,train,2
2049,0.0,600.53504,600.78525,null,0.8,null,-10.0,"[20.0, 20.0]","[3644.93333333, 3644.93333333]",0.08,45.0,gabors,40.0,4.0,0.25021244,215,,,0,,False,7,train,1
2050,0.0,600.78525,601.03546,null,0.8,null,-10.0,"[20.0, 20.0]","[3644.93333333, 3644.93333333]",0.08,45.0,gabors,0.0,4.0,0.25021244,173,,,0,,False,8,test,1
2051,0.0,601.03546,601.28567,null,0.8,null,-40.0,"[20.0, 20.0]","[3644.93333333, 3644.93333333]",0.08,90.0,gabors,20.0,4.0,0.25021244,213,,,0,,False,5,test,2
2052,0.0,601.28567,601.53589,null,0.8,null,40.0,"[20.0, 20.0]","[3644.93333333, 3644.93333333]",0.08,90.0,gabors,-10.0,4.0,0.25021244,229,,,0,,False,6,train,2
2053,0.0,601.53589,601.78609,null,0.8,null,20.0,"[20.0, 20.0]","[3644.93333333, 3644.93333333]",0.08,45.0,gabors,30.0,4.0,0.25020756,118,,,0,,False,6,train,1
2054,0.0,601.78609,602.0363,null,0.8,null,-10.0,"[20.0, 20.0]","[3644.93333333, 3644.93333333]",0.08,0.0,gabors,-30.0,4.0,0.25020756,54,,,0,,False,8,test,0
2055,0.0,602.0363,602.28651,null,0.8,null,10.0,"[20.0, 20.0]","[3644.93333333, 3644.93333333]",0.08,45.0,gabors,0.0,4.0,0.25020756,152,,,0,,False,11,test,1
2056,0.0,602.28651,602.53672,null,0.8,null,-40.0,"[20.0, 20.0]","[3644.93333333, 3644.93333333]",0.08,90.0,gabors,30.0,4.0,0.25020756,53,,,0,,False,8,test,2
2057,0.0,602.53672,602.78693,null,0.8,null,20.0,"[20.0, 20.0]","[3644.93333333, 3644.93333333]",0.08,45.0,gabors,0.0,4.0,0.25020994,155,,,0,,False,9,train,1
2058,0.0,602.78693,603.03714,null,0.8,null,0.0,"[20.0, 20.0]","[3644.93333333, 3644.93333333]",0.08,90.0,gabors,20.0,4.0,0.25020994,225,,,0,,False,8,test,2
2059,0.0,603.03714,603.28735,null,0.8,null,-20.0,"[20.0, 20.0]","[3644.93333333, 3644.93333333]",0.08,90.0,gabors,30.0,4.0,0.25020994,202,,,0,,False,6,train,2
2060,0.0,603.28735,603.53756,null,0.8,null,10.0,"[20.0, 20.0]","[3644.93333333, 3644.93333333]",0.08,90.0,gabors,-10.0,4.0,0.25020994,102,,,0,,False,11,test,2
2061,0.0,603.53756,603.78777,null,0.8,null,10.0,"[20.0, 20.0]","[3644.93333333, 3644.93333333]",0.08,90.0,gabors,10.0,4.0,0.25021506,13,,,0,,False,9,train,2
2062,0.0,603.78777,604.03799,null,0.8,null,0.0,"[20.0, 20.0]","[3644.93333333, 3644.93333333]",0.08,0.0,gabors,-30.0,4.0,0.25021506,188,,,0,,False,6,train,0
2063,0.0,604.03799,604.2882,null,0.8,null,-40.0,"[20.0, 20.0]","[3644.93333333, 3644.93333333]",0.08,45.0,gabors,-30.0,4.0,0.25021506,76,,,0,,False,10,train,1
2064,0.0,604.2882,604.53842,null,0.8,null,40.0,"[20.0, 20.0]","[3644.93333333, 3644.93333333]",0.08,0.0,gabors,-40.0,4.0,0.25021506,226,,,0,,False,4,train,0
2065,0.0,604.53842,604.78862,null,0.8,null,40.0,"[20.0, 20.0]","[3644.93333333, 3644.93333333]",0.08,0.0,gabors,30.0,4.0,0.25020494,218,,,0,,False,6,train,0
2066,0.0,604.78862,605.03883,null,0.8,null,-10.0,"[20.0, 20.0]","[3644.93333333, 3644.93333333]",0.08,90.0,gabors,-30.0,4.0,0.25020494,147,,,0,,False,10,train,2
2067,0.0,605.03883,605.28903,null,0.8,null,-20.0,"[20.0, 20.0]","[3644.93333333, 3644.93333333]",0.08,45.0,gabors,20.0,4.0,0.25020494,60,,,0,,False,9,train,1
2068,0.0,605.28903,605.53924,null,0.8,null,-30.0,"[20.0, 20.0]","[3644.93333333, 3644.93333333]",0.08,0.0,gabors,-20.0,4.0,0.25020494,81,,,0,,False,6,train,0
2069,0.0,605.53924,605.78945,null,0.8,null,-10.0,"[20.0, 20.0]","[3644.93333333, 3644.93333333]",0.08,45.0,gabors,-30.0,4.0,0.25021256,189,,,0,,False,7,train,1
2070,0.0,605.78945,606.03966,null,0.8,null,20.0,"[20.0, 20.0]","[3644.93333333, 3644.93333333]",0.08,0.0,gabors,10.0,4.0,0.25021256,210,,,0,,False,7,train,0
2071,0.0,606.03966,606.28987,null,0.8,null,10.0,"[20.0, 20.0]","[3644.93333333, 3644.93333333]",0.08,90.0,gabors,40.0,4.0,0.25021256,12,,,0,,False,7,train,2
2072,0.0,606.28987,606.54009,null,0.8,null,-20.0,"[20.0, 20.0]","[3644.93333333, 3644.93333333]",0.08,0.0,gabors,20.0,4.0,0.25021256,28,,,0,,False,5,test,0
2073,0.0,606.54009,606.79029,null,0.8,null,-30.0,"[20.0, 20.0]","[3644.93333333, 3644.93333333]",0.08,90.0,gabors,40.0,4.0,0.25020744,17,,,0,,False,13,train,2
2074,0.0,606.79029,607.0405,null,0.8,null,-20.0,"[20.0, 20.0]","[3644.93333333, 3644.93333333]",0.08,45.0,gabors,-30.0,4.0,0.25020744,48,,,0,,False,10,train,1
2075,0.0,607.0405,607.29071,null,0.8,null,20.0,"[20.0, 20.0]","[3644.93333333, 3644.93333333]",0.08,45.0,gabors,-10.0,4.0,0.25020744,193,,,0,,False,8,test,1
2076,0.0,607.29071,607.54092,null,0.8,null,-10.0,"[20.0, 20.0]","[3644.93333333, 3644.93333333]",0.08,90.0,gabors,20.0,4.0,0.25020744,175,,,0,,False,10,train,2
2077,0.0,607.54092,607.79112,null,0.8,null,-40.0,"[20.0, 20.0]","[3644.93333333, 3644.93333333]",0.08,90.0,gabors,20.0,4.0,0.25020756,213,,,0,,False,6,train,2
2078,0.0,607.79112,608.04133,null,0.8,null,-20.0,"[20.0, 20.0]","[3644.93333333, 3644.93333333]",0.08,45.0,gabors,10.0,4.0,0.25020756,113,,,0,,False,10,train,1
2079,0.0,608.04133,608.29154,null,0.8,null,-20.0,"[20.0, 20.0]","[3644.93333333, 3644.93333333]",0.08,0.0,gabors,-10.0,4.0,0.25020756,223,,,0,,False,8,test,0
2080,0.0,608.29154,608.54175,null,0.8,null,-30.0,"[20.0, 20.0]","[3644.93333333, 3644.93333333]",0.08,45.0,gabors,-20.0,4.0,0.25020756,181,,,0,,False,8,test,1
2081,0.0,608.54175,608.79196,null,0.8,null,-30.0,"[20.0, 20.0]","[3644.93333333, 3644.93333333]",0.08,45.0,gabors,20.0,4.0,0.25020994,24,,,0,,False,5,test,1
2082,0.0,608.79196,609.04217,null,0.8,null,0.0,"[20.0, 20.0]","[3644.93333333, 3644.93333333]",0.08,90.0,gabors,-10.0,4.0,0.25020994,69,,,0,,False,8,test,2
2083,0.0,609.04217,609.29238,null,0.8,null,10.0,"[20.0, 20.0]","[3644.93333333, 3644.93333333]",0.08,90.0,gabors,10.0,4.0,0.25020994,13,,,0,,False,10,train,2
2084,0.0,609.29238,609.54259,null,0.8,null,20.0,"[20.0, 20.0]","[3644.93333333, 3644.93333333]",0.08,45.0,gabors,40.0,4.0,0.25020994,136,,,0,,False,7,train,1
2085,0.0,609.54259,609.7928,null,0.8,null,20.0,"[20.0, 20.0]","[3644.93333333, 3644.93333333]",0.08,0.0,gabors,-10.0,4.0,0.25021256,170,,,0,,False,12,train,0
2086,0.0,609.7928,610.04301,null,0.8,null,30.0,"[20.0, 20.0]","[3644.93333333, 3644.93333333]",0.08,0.0,gabors,40.0,4.0,0.25021256,133,,,0,,False,9,train,0
2087,0.0,610.04301,610.29322,null,0.8,null,-10.0,"[20.0, 20.0]","[3644.93333333, 3644.93333333]",0.08,90.0,gabors,-40.0,4.0,0.25021256,185,,,0,,False,8,test,2
2088,0.0,610.29322,610.54344,null,0.8,null,-30.0,"[20.0, 20.0]","[3644.93333333, 3644.93333333]",0.08,0.0,gabors,30.0,4.0,0.25021256,204,,,0,,False,8,test,0
2089,0.0,610.54344,610.79364,null,0.8,null,-20.0,"[20.0, 20.0]","[3644.93333333, 3644.93333333]",0.08,0.0,gabors,30.0,4.0,0.25020494,196,,,0,,False,7,train,0
2090,0.0,610.79364,611.04385,null,0.8,null,-40.0,"[20.0, 20.0]","[3644.93333333, 3644.93333333]",0.08,90.0,gabors,0.0,4.0,0.25020494,198,,,0,,False,8,test,2
2091,0.0,611.04385,611.29405,null,0.8,null,0.0,"[20.0, 20.0]","[3644.93333333, 3644.93333333]",0.08,45.0,gabors,20.0,4.0,0.25020494,233,,,0,,False,8,test,1
2092,0.0,611.29405,611.54426,null,0.8,null,40.0,"[20.0, 20.0]","[3644.93333333, 3644.93333333]",0.08,0.0,gabors,-30.0,4.0,0.25020494,142,,,0,,False,7,train,0
2093,0.0,611.54426,611.79447,null,0.8,null,10.0,"[20.0, 20.0]","[3644.93333333, 3644.93333333]",0.08,90.0,gabors,0.0,4.0,0.25021006,44,,,0,,False,9,train,2
2094,0.0,611.79447,612.04468,null,0.8,null,10.0,"[20.0, 20.0]","[3644.93333333, 3644.93333333]",0.08,45.0,gabors,10.0,4.0,0.25021006,9,,,0,,False,7,train,1
2095,0.0,612.04468,612.29489,null,0.8,null,0.0,"[20.0, 20.0]","[3644.93333333, 3644.93333333]",0.08,0.0,gabors,10.0,4.0,0.25021006,234,,,0,,False,7,train,0
2096,0.0,612.29489,612.5451,null,0.8,null,30.0,"[20.0, 20.0]","[3644.93333333, 3644.93333333]",0.08,0.0,gabors,20.0,4.0,0.25021006,172,,,0,,False,8,test,0
2097,0.0,612.5451,612.7953,null,0.8,null,30.0,"[20.0, 20.0]","[3644.93333333, 3644.93333333]",0.08,90.0,gabors,-40.0,4.0,0.25020744,109,,,0,,False,9,train,2
2098,0.0,612.7953,613.04551,null,0.8,null,20.0,"[20.0, 20.0]","[3644.93333333, 3644.93333333]",0.08,0.0,gabors,0.0,4.0,0.25020744,7,,,0,,False,9,train,0
2099,0.0,613.04551,613.29572,null,0.8,null,10.0,"[20.0, 20.0]","[3644.93333333, 3644.93333333]",0.08,0.0,gabors,-10.0,4.0,0.25020744,32,,,0,,False,9,train,0
2100,0.0,613.29572,613.54593,null,0.8,null,0.0,"[20.0, 20.0]","[3644.93333333, 3644.93333333]",0.08,90.0,gabors,-20.0,4.0,0.25020744,45,,,0,,False,8,test,2
2101,0.0,613.54593,613.79614,null,0.8,null,20.0,"[20.0, 20.0]","[3644.93333333, 3644.93333333]",0.08,90.0,gabors,40.0,4.0,0.25021506,52,,,0,,False,11,test,2
2102,0.0,613.79614,614.04636,null,0.8,null,-10.0,"[20.0, 20.0]","[3644.93333333, 3644.93333333]",0.08,90.0,gabors,40.0,4.0,0.25021506,157,,,0,,False,7,train,2
2103,0.0,614.04636,614.29657,null,0.8,null,-10.0,"[20.0, 20.0]","[3644.93333333, 3644.93333333]",0.08,45.0,gabors,0.0,4.0,0.25021506,173,,,0,,False,9,train,1
2104,0.0,614.29657,614.54679,null,0.8,null,-40.0,"[20.0, 20.0]","[3644.93333333, 3644.93333333]",0.08,45.0,gabors,-40.0,4.0,0.25021506,31,,,0,,False,9,train,1
2105,0.0,614.54679,614.79699,null,0.8,null,20.0,"[20.0, 20.0]","[3644.93333333, 3644.93333333]",0.08,90.0,gabors,-30.0,4.0,0.25020244,64,,,0,,False,7,train,2
2106,0.0,614.79699,615.04719,null,0.8,null,-30.0,"[20.0, 20.0]","[3644.93333333, 3644.93333333]",0.08,0.0,gabors,20.0,4.0,0.25020244,165,,,0,,False,7,train,0
2107,0.0,615.04719,615.29739,null,0.8,null,30.0,"[20.0, 20.0]","[3644.93333333, 3644.93333333]",0.08,90.0,gabors,30.0,4.0,0.25020244,241,,,0,,False,3,train,2
2108,0.0,615.29739,615.5476,null,0.8,null,30.0,"[20.0, 20.0]","[3644.93333333, 3644.93333333]",0.08,0.0,gabors,0.0,4.0,0.25020244,2,,,0,,False,12,train,0
2109,0.0,615.5476,615.7978,null,0.8,null,40.0,"[20.0, 20.0]","[3644.93333333, 3644.93333333]",0.08,45.0,gabors,-30.0,4.0,0.25020506,103,,,0,,False,9,train,1
2110,0.0,615.7978,616.04801,null,0.8,null,40.0,"[20.0, 20.0]","[3644.93333333, 3644.93333333]",0.08,90.0,gabors,-20.0,4.0,0.25020506,95,,,0,,False,10,train,2
2111,0.0,616.04801,616.29821,null,0.8,null,10.0,"[20.0, 20.0]","[3644.93333333, 3644.93333333]",0.08,0.0,gabors,30.0,4.0,0.25020506,98,,,0,,False,8,test,0
2112,0.0,616.29821,616.54842,null,0.8,null,-20.0,"[20.0, 20.0]","[3644.93333333, 3644.93333333]",0.08,90.0,gabors,20.0,4.0,0.25020506,83,,,0,,False,7,train,2
2113,0.0,616.54842,616.79863,null,0.8,null,-20.0,"[20.0, 20.0]","[3644.93333333, 3644.93333333]",0.08,90.0,gabors,-40.0,4.0,0.25021244,209,,,0,,False,7,train,2
2114,0.0,616.79863,617.04884,null,0.8,null,10.0,"[20.0, 20.0]","[3644.93333333, 3644.93333333]",0.08,0.0,gabors,0.0,4.0,0.25021244,205,,,0,,False,6,train,0
2115,0.0,617.04884,617.29905,null,0.8,null,40.0,"[20.0, 20.0]","[3644.93333333, 3644.93333333]",0.08,90.0,gabors,30.0,4.0,0.25021244,138,,,0,,False,7,train,2
2116,0.0,617.29905,617.54927,null,0.8,null,30.0,"[20.0, 20.0]","[3644.93333333, 3644.93333333]",0.08,90.0,gabors,-20.0,4.0,0.25021244,66,,,0,,False,7,train,2
2117,0.0,617.54927,617.79948,null,0.8,null,10.0,"[20.0, 20.0]","[3644.93333333, 3644.93333333]",0.08,0.0,gabors,10.0,4.0,0.25021006,224,,,0,,False,11,test,0
2118,0.0,617.79948,618.04969,null,0.8,null,-30.0,"[20.0, 20.0]","[3644.93333333, 3644.93333333]",0.08,45.0,gabors,40.0,4.0,0.25021006,85,,,0,,False,10,train,1
2119,0.0,618.04969,618.2999,null,0.8,null,30.0,"[20.0, 20.0]","[3644.93333333, 3644.93333333]",0.08,45.0,gabors,40.0,4.0,0.25021006,240,,,0,,False,6,train,1
2120,0.0,618.2999,618.55011,null,0.8,null,40.0,"[20.0, 20.0]","[3644.93333333, 3644.93333333]",0.08,0.0,gabors,-30.0,4.0,0.25021006,142,,,0,,False,8,test,0
2121,0.0,618.55011,618.80031,null,0.8,null,-40.0,"[20.0, 20.0]","[3644.93333333, 3644.93333333]",0.08,45.0,gabors,20.0,4.0,0.25020494,151,,,0,,False,5,test,1
2122,0.0,618.80031,619.05052,null,0.8,null,20.0,"[20.0, 20.0]","[3644.93333333, 3644.93333333]",0.08,45.0,gabors,-40.0,4.0,0.25020494,201,,,0,,False,6,train,1
2123,0.0,619.05052,619.30072,null,0.8,null,30.0,"[20.0, 20.0]","[3644.93333333, 3644.93333333]",0.08,90.0,gabors,-10.0,4.0,0.25020494,35,,,0,,False,8,test,2
2124,0.0,619.30072,619.55093,null,0.8,null,0.0,"[20.0, 20.0]","[3644.93333333, 3644.93333333]",0.08,90.0,gabors,-20.0,4.0,0.25020494,45,,,0,,False,9,train,2
2125,0.0,619.55093,619.80114,null,0.8,null,-20.0,"[20.0, 20.0]","[3644.93333333, 3644.93333333]",0.08,45.0,gabors,-10.0,4.0,0.25021256,86,,,0,,False,11,test,1
2126,0.0,619.80114,620.05135,null,0.8,null,20.0,"[20.0, 20.0]","[3644.93333333, 3644.93333333]",0.08,90.0,gabors,10.0,4.0,0.25021256,158,,,0,,False,11,test,2
2127,0.0,620.05135,620.30156,null,0.8,null,20.0,"[20.0, 20.0]","[3644.93333333, 3644.93333333]",0.08,90.0,gabors,40.0,4.0,0.25021256,52,,,0,,False,12,train,2
2128,0.0,620.30156,620.55178,null,0.8,null,30.0,"[20.0, 20.0]","[3644.93333333, 3644.93333333]",0.08,90.0,gabors,30.0,4.0,0.25021256,241,,,0,,False,4,train,2
2129,0.0,620.55178,620.80199,null,0.8,null,-40.0,"[20.0, 20.0]","[3644.93333333, 3644.93333333]",0.08,90.0,gabors,40.0,4.0,0.25020994,34,,,0,,False,7,train,2
2130,0.0,620.80199,621.0522,null,0.8,null,-30.0,"[20.0, 20.0]","[3644.93333333, 3644.93333333]",0.08,45.0,gabors,-20.0,4.0,0.25020994,181,,,0,,False,9,train,1
2131,0.0,621.0522,621.30241,null,0.8,null,10.0,"[20.0, 20.0]","[3644.93333333, 3644.93333333]",0.08,45.0,gabors,30.0,4.0,0.25020994,167,,,0,,False,7,train,1
2132,0.0,621.30241,621.55262,null,0.8,null,-30.0,"[20.0, 20.0]","[3644.93333333, 3644.93333333]",0.08,90.0,gabors,-10.0,4.0,0.25020994,26,,,0,,False,7,train,2
2133,0.0,621.55262,621.80283,null,0.8,null,-10.0,"[20.0, 20.0]","[3644.93333333, 3644.93333333]",0.08,0.0,gabors,-20.0,4.0,0.25021756,176,,,0,,False,4,train,0
2134,0.0,621.80283,622.05305,null,0.8,null,-40.0,"[20.0, 20.0]","[3644.93333333, 3644.93333333]",0.08,90.0,gabors,-10.0,4.0,0.25021756,186,,,0,,False,7,train,2
2135,0.0,622.05305,622.30327,null,0.8,null,20.0,"[20.0, 20.0]","[3644.93333333, 3644.93333333]",0.08,90.0,gabors,20.0,4.0,0.25021756,42,,,0,,False,10,train,2
2136,0.0,622.30327,622.55349,null,0.8,null,-20.0,"[20.0, 20.0]","[3644.93333333, 3644.93333333]",0.08,0.0,gabors,-20.0,4.0,0.25021756,194,,,0,,False,8,test,0
2137,0.0,622.55349,622.80368,null,0.8,null,0.0,"[20.0, 20.0]","[3644.93333333, 3644.93333333]",0.08,0.0,gabors,-10.0,4.0,0.25019744,221,,,0,,False,5,test,0
2138,0.0,622.80368,623.05388,null,0.8,null,-40.0,"[20.0, 20.0]","[3644.93333333, 3644.93333333]",0.08,0.0,gabors,-40.0,4.0,0.25019744,139,,,0,,False,9,train,0
2139,0.0,623.05388,623.30408,null,0.8,null,-30.0,"[20.0, 20.0]","[3644.93333333, 3644.93333333]",0.08,45.0,gabors,-10.0,4.0,0.25019744,56,,,0,,False,9,train,1
2140,0.0,623.30408,623.55428,null,0.8,null,0.0,"[20.0, 20.0]","[3644.93333333, 3644.93333333]",0.08,45.0,gabors,20.0,4.0,0.25019744,233,,,0,,False,9,train,1
2141,0.0,623.55428,623.80449,null,0.8,null,-20.0,"[20.0, 20.0]","[3644.93333333, 3644.93333333]",0.08,90.0,gabors,-30.0,4.0,0.25021006,145,,,0,,False,7,train,2
2142,0.0,623.80449,624.0547,null,0.8,null,20.0,"[20.0, 20.0]","[3644.93333333, 3644.93333333]",0.08,45.0,gabors,-10.0,4.0,0.25021006,193,,,0,,False,9,train,1
2143,0.0,624.0547,624.30491,null,0.8,null,-20.0,"[20.0, 20.0]","[3644.93333333, 3644.93333333]",0.08,0.0,gabors,-20.0,4.0,0.25021006,194,,,0,,False,9,train,0
2144,0.0,624.30491,624.55512,null,0.8,null,30.0,"[20.0, 20.0]","[3644.93333333, 3644.93333333]",0.08,45.0,gabors,-30.0,4.0,0.25021006,65,,,0,,False,8,test,1
2145,0.0,624.55512,624.80533,null,0.8,null,20.0,"[20.0, 20.0]","[3644.93333333, 3644.93333333]",0.08,0.0,gabors,-30.0,4.0,0.25020994,238,,,0,,False,7,train,0
2146,0.0,624.80533,625.05554,null,0.8,null,10.0,"[20.0, 20.0]","[3644.93333333, 3644.93333333]",0.08,90.0,gabors,-30.0,4.0,0.25020994,93,,,0,,False,10,train,2
2147,0.0,625.05554,625.30575,null,0.8,null,20.0,"[20.0, 20.0]","[3644.93333333, 3644.93333333]",0.08,45.0,gabors,-40.0,4.0,0.25020994,201,,,0,,False,7,train,1
2148,0.0,625.30575,625.55596,null,0.8,null,20.0,"[20.0, 20.0]","[3644.93333333, 3644.93333333]",0.08,90.0,gabors,-30.0,4.0,0.25020994,64,,,0,,False,8,test,2
2149,0.0,625.55596,625.80617,null,0.8,null,-40.0,"[20.0, 20.0]","[3644.93333333, 3644.93333333]",0.08,45.0,gabors,20.0,4.0,0.25021006,151,,,0,,False,6,train,1
2150,0.0,625.80617,626.05638,null,0.8,null,-40.0,"[20.0, 20.0]","[3644.93333333, 3644.93333333]",0.08,0.0,gabors,-10.0,4.0,0.25021006,141,,,0,,False,6,train,0
2151,0.0,626.05638,626.30659,null,0.8,null,0.0,"[20.0, 20.0]","[3644.93333333, 3644.93333333]",0.08,90.0,gabors,-30.0,4.0,0.25021006,137,,,0,,False,9,train,2
2152,0.0,626.30659,626.5568,null,0.8,null,40.0,"[20.0, 20.0]","[3644.93333333, 3644.93333333]",0.08,45.0,gabors,-20.0,4.0,0.25021006,125,,,0,,False,10,train,1
2153,0.0,626.5568,626.807,null,0.8,null,10.0,"[20.0, 20.0]","[3644.93333333, 3644.93333333]",0.08,0.0,gabors,30.0,4.0,0.25020744,98,,,0,,False,9,train,0
2154,0.0,626.807,627.05721,null,0.8,null,-30.0,"[20.0, 20.0]","[3644.93333333, 3644.93333333]",0.08,45.0,gabors,-40.0,4.0,0.25020744,232,,,0,,False,8,test,1
2155,0.0,627.05721,627.30742,null,0.8,null,0.0,"[20.0, 20.0]","[3644.93333333, 3644.93333333]",0.08,0.0,gabors,-20.0,4.0,0.25020744,108,,,0,,False,11,test,0
2156,0.0,627.30742,627.55763,null,0.8,null,-30.0,"[20.0, 20.0]","[3644.93333333, 3644.93333333]",0.08,0.0,gabors,40.0,4.0,0.25020744,97,,,0,,False,10,train,0
2157,0.0,627.55763,627.80784,null,0.8,null,-20.0,"[20.0, 20.0]","[3644.93333333, 3644.93333333]",0.08,90.0,gabors,-30.0,4.0,0.25021256,145,,,0,,False,8,test,2
2158,0.0,627.80784,628.05805,null,0.8,null,20.0,"[20.0, 20.0]","[3644.93333333, 3644.93333333]",0.08,45.0,gabors,0.0,4.0,0.25021256,155,,,0,,False,10,train,1
2159,0.0,628.05805,628.30826,null,0.8,null,0.0,"[20.0, 20.0]","[3644.93333333, 3644.93333333]",0.08,45.0,gabors,10.0,4.0,0.25021256,90,,,0,,False,5,test,1
2160,0.0,628.30826,628.55848,null,0.8,null,30.0,"[20.0, 20.0]","[3644.93333333, 3644.93333333]",0.08,90.0,gabors,-30.0,4.0,0.25021256,84,,,0,,False,6,train,2
2161,0.0,628.55848,628.80868,null,0.8,null,10.0,"[20.0, 20.0]","[3644.93333333, 3644.93333333]",0.08,90.0,gabors,0.0,4.0,0.25020494,44,,,0,,False,10,train,2
2162,0.0,628.80868,629.05889,null,0.8,null,10.0,"[20.0, 20.0]","[3644.93333333, 3644.93333333]",0.08,90.0,gabors,30.0,4.0,0.25020494,14,,,0,,False,10,train,2
2163,0.0,629.05889,629.30909,null,0.8,null,40.0,"[20.0, 20.0]","[3644.93333333, 3644.93333333]",0.08,0.0,gabors,40.0,4.0,0.25020494,230,,,0,,False,11,test,0
2164,0.0,629.30909,629.5593,null,0.8,null,0.0,"[20.0, 20.0]","[3644.93333333, 3644.93333333]",0.08,90.0,gabors,-40.0,4.0,0.25020494,192,,,0,,False,11,test,2
2165,0.0,629.5593,629.80952,null,0.8,null,10.0,"[20.0, 20.0]","[3644.93333333, 3644.93333333]",0.08,45.0,gabors,-30.0,4.0,0.25022006,236,,,0,,False,10,train,1
2166,0.0,629.80952,630.05974,null,0.8,null,-30.0,"[20.0, 20.0]","[3644.93333333, 3644.93333333]",0.08,0.0,gabors,10.0,4.0,0.25022006,166,,,0,,False,8,test,0
2167,0.0,630.05974,630.30996,null,0.8,null,-30.0,"[20.0, 20.0]","[3644.93333333, 3644.93333333]",0.08,0.0,gabors,-10.0,4.0,0.25022006,122,,,0,,False,9,train,0
2168,0.0,630.30996,630.56018,null,0.8,null,10.0,"[20.0, 20.0]","[3644.93333333, 3644.93333333]",0.08,90.0,gabors,-30.0,4.0,0.25022006,93,,,0,,False,11,test,2
2169,0.0,630.56018,630.81038,null,0.8,null,20.0,"[20.0, 20.0]","[3644.93333333, 3644.93333333]",0.08,45.0,gabors,20.0,4.0,0.25019994,168,,,0,,False,8,test,1
2170,0.0,630.81038,631.06058,null,0.8,null,-30.0,"[20.0, 20.0]","[3644.93333333, 3644.93333333]",0.08,0.0,gabors,30.0,4.0,0.25019994,204,,,0,,False,9,train,0
2171,0.0,631.06058,631.31078,null,0.8,null,20.0,"[20.0, 20.0]","[3644.93333333, 3644.93333333]",0.08,0.0,gabors,10.0,4.0,0.25019994,210,,,0,,False,8,test,0
2172,0.0,631.31078,631.56098,null,0.8,null,30.0,"[20.0, 20.0]","[3644.93333333, 3644.93333333]",0.08,0.0,gabors,20.0,4.0,0.25019994,172,,,0,,False,9,train,0
2173,0.0,631.56098,631.81119,null,0.8,null,30.0,"[20.0, 20.0]","[3644.93333333, 3644.93333333]",0.08,90.0,gabors,20.0,4.0,0.25021006,211,,,0,,False,7,train,2
2174,0.0,631.81119,632.0614,null,0.8,null,20.0,"[20.0, 20.0]","[3644.93333333, 3644.93333333]",0.08,0.0,gabors,10.0,4.0,0.25021006,210,,,0,,False,9,train,0
2175,0.0,632.0614,632.31161,null,0.8,null,10.0,"[20.0, 20.0]","[3644.93333333, 3644.93333333]",0.08,90.0,gabors,-20.0,4.0,0.25021006,25,,,0,,False,7,train,2
2176,0.0,632.31161,632.56182,null,0.8,null,-40.0,"[20.0, 20.0]","[3644.93333333, 3644.93333333]",0.08,0.0,gabors,-10.0,4.0,0.25021006,141,,,0,,False,7,train,0
2177,0.0,632.56182,632.81202,null,0.8,null,-10.0,"[20.0, 20.0]","[3644.93333333, 3644.93333333]",0.08,0.0,gabors,-10.0,4.0,0.25020494,78,,,0,,False,9,train,0
2178,0.0,632.81202,633.06223,null,0.8,null,30.0,"[20.0, 20.0]","[3644.93333333, 3644.93333333]",0.08,45.0,gabors,-30.0,4.0,0.25020494,65,,,0,,False,9,train,1
2179,0.0,633.06223,633.31243,null,0.8,null,-40.0,"[20.0, 20.0]","[3644.93333333, 3644.93333333]",0.08,90.0,gabors,0.0,4.0,0.25020494,198,,,0,,False,9,train,2
2180,0.0,633.31243,633.56264,null,0.8,null,-40.0,"[20.0, 20.0]","[3644.93333333, 3644.93333333]",0.08,0.0,gabors,-30.0,4.0,0.25020494,61,,,0,,False,9,train,0
2181,0.0,633.56264,633.81285,null,0.8,null,-10.0,"[20.0, 20.0]","[3644.93333333, 3644.93333333]",0.08,45.0,gabors,-20.0,4.0,0.25021256,40,,,0,,False,8,test,1
2182,0.0,633.81285,634.06306,null,0.8,null,0.0,"[20.0, 20.0]","[3644.93333333, 3644.93333333]",0.08,90.0,gabors,0.0,4.0,0.25021256,104,,,0,,False,10,train,2
2183,0.0,634.06306,634.31327,null,0.8,null,-40.0,"[20.0, 20.0]","[3644.93333333, 3644.93333333]",0.08,0.0,gabors,-40.0,4.0,0.25021256,139,,,0,,False,10,train,0
2184,0.0,634.31327,634.56349,null,0.8,null,40.0,"[20.0, 20.0]","[3644.93333333, 3644.93333333]",0.08,0.0,gabors,30.0,4.0,0.25021256,218,,,0,,False,7,train,0
2185,0.0,634.56349,634.81369,null,0.8,null,40.0,"[20.0, 20.0]","[3644.93333333, 3644.93333333]",0.08,0.0,gabors,10.0,4.0,0.25020744,212,,,0,,False,8,test,0
2186,0.0,634.81369,635.0639,null,0.8,null,-30.0,"[20.0, 20.0]","[3644.93333333, 3644.93333333]",0.08,45.0,gabors,-30.0,4.0,0.25020744,207,,,0,,False,8,test,1
2187,0.0,635.0639,635.31411,null,0.8,null,-30.0,"[20.0, 20.0]","[3644.93333333, 3644.93333333]",0.08,45.0,gabors,-10.0,4.0,0.25020744,56,,,0,,False,10,train,1
2188,0.0,635.31411,635.56432,null,0.8,null,-10.0,"[20.0, 20.0]","[3644.93333333, 3644.93333333]",0.08,90.0,gabors,-40.0,4.0,0.25020744,185,,,0,,False,9,train,2
2189,0.0,635.56432,635.81453,null,0.8,null,20.0,"[20.0, 20.0]","[3644.93333333, 3644.93333333]",0.08,0.0,gabors,-30.0,4.0,0.25021006,238,,,0,,False,8,test,0
2190,0.0,635.81453,636.06474,null,0.8,null,-30.0,"[20.0, 20.0]","[3644.93333333, 3644.93333333]",0.08,45.0,gabors,0.0,4.0,0.25021006,22,,,0,,False,9,train,1
2191,0.0,636.06474,636.31495,null,0.8,null,10.0,"[20.0, 20.0]","[3644.93333333, 3644.93333333]",0.08,90.0,gabors,40.0,4.0,0.25021006,12,,,0,,False,8,test,2
2192,0.0,636.31495,636.56516,null,0.8,null,-10.0,"[20.0, 20.0]","[3644.93333333, 3644.93333333]",0.08,0.0,gabors,10.0,4.0,0.25021006,100,,,0,,False,9,train,0
2193,0.0,636.56516,636.81536,null,0.8,null,20.0,"[20.0, 20.0]","[3644.93333333, 3644.93333333]",0.08,0.0,gabors,-20.0,4.0,0.25020744,96,,,0,,False,12,train,0
2194,0.0,636.81536,637.06557,null,0.8,null,-40.0,"[20.0, 20.0]","[3644.93333333, 3644.93333333]",0.08,0.0,gabors,10.0,4.0,0.25020744,203,,,0,,False,7,train,0
2195,0.0,637.06557,637.31578,null,0.8,null,-30.0,"[20.0, 20.0]","[3644.93333333, 3644.93333333]",0.08,90.0,gabors,10.0,4.0,0.25020744,20,,,0,,False,5,test,2
2196,0.0,637.31578,637.56599,null,0.8,null,-10.0,"[20.0, 20.0]","[3644.93333333, 3644.93333333]",0.08,0.0,gabors,-20.0,4.0,0.25020744,176,,,0,,False,5,test,0
2197,0.0,637.56599,637.8162,null,0.8,null,20.0,"[20.0, 20.0]","[3644.93333333, 3644.93333333]",0.08,45.0,gabors,30.0,4.0,0.25021506,118,,,0,,False,7,train,1
2198,0.0,637.8162,638.06642,null,0.8,null,30.0,"[20.0, 20.0]","[3644.93333333, 3644.93333333]",0.08,90.0,gabors,10.0,4.0,0.25021506,87,,,0,,False,9,train,2
2199,0.0,638.06642,638.31663,null,0.8,null,10.0,"[20.0, 20.0]","[3644.93333333, 3644.93333333]",0.08,0.0,gabors,0.0,4.0,0.25021506,205,,,0,,False,7,train,0
2200,0.0,638.31663,638.56685,null,0.8,null,-10.0,"[20.0, 20.0]","[3644.93333333, 3644.93333333]",0.08,0.0,gabors,-40.0,4.0,0.25021506,37,,,0,,False,8,test,0
2201,0.0,638.56685,638.81705,null,0.8,null,-30.0,"[20.0, 20.0]","[3644.93333333, 3644.93333333]",0.08,0.0,gabors,40.0,4.0,0.25020494,97,,,0,,False,11,test,0
2202,0.0,638.81705,639.06726,null,0.8,null,10.0,"[20.0, 20.0]","[3644.93333333, 3644.93333333]",0.08,0.0,gabors,-40.0,4.0,0.25020494,111,,,0,,False,8,test,0
2203,0.0,639.06726,639.31746,null,0.8,null,-20.0,"[20.0, 20.0]","[3644.93333333, 3644.93333333]",0.08,90.0,gabors,-20.0,4.0,0.25020494,135,,,0,,False,8,test,2
2204,0.0,639.31746,639.56767,null,0.8,null,30.0,"[20.0, 20.0]","[3644.93333333, 3644.93333333]",0.08,90.0,gabors,-30.0,4.0,0.25020494,84,,,0,,False,7,train,2
2205,0.0,639.56767,639.81788,null,0.8,null,0.0,"[20.0, 20.0]","[3644.93333333, 3644.93333333]",0.08,90.0,gabors,-30.0,4.0,0.25021006,137,,,0,,False,10,train,2
2206,0.0,639.81788,640.06809,null,0.8,null,-40.0,"[20.0, 20.0]","[3644.93333333, 3644.93333333]",0.08,90.0,gabors,20.0,4.0,0.25021006,213,,,0,,False,7,train,2
2207,0.0,640.06809,640.3183,null,0.8,null,-20.0,"[20.0, 20.0]","[3644.93333333, 3644.93333333]",0.08,45.0,gabors,20.0,4.0,0.25021006,60,,,0,,False,10,train,1
2208,0.0,640.3183,640.56851,null,0.8,null,40.0,"[20.0, 20.0]","[3644.93333333, 3644.93333333]",0.08,45.0,gabors,-40.0,4.0,0.25021006,101,,,0,,False,9,train,1
2209,0.0,640.56851,640.81871,null,0.8,null,-40.0,"[20.0, 20.0]","[3644.93333333, 3644.93333333]",0.08,45.0,gabors,0.0,4.0,0.25020494,208,,,0,,False,9,train,1
2210,0.0,640.81871,641.06892,null,0.8,null,20.0,"[20.0, 20.0]","[3644.93333333, 3644.93333333]",0.08,45.0,gabors,40.0,4.0,0.25020494,136,,,0,,False,8,test,1
2211,0.0,641.06892,641.31912,null,0.8,null,0.0,"[20.0, 20.0]","[3644.93333333, 3644.93333333]",0.08,90.0,gabors,-20.0,4.0,0.25020494,45,,,0,,False,10,train,2
2212,0.0,641.31912,641.56933,null,0.8,null,20.0,"[20.0, 20.0]","[3644.93333333, 3644.93333333]",0.08,45.0,gabors,-10.0,4.0,0.25020494,193,,,0,,False,10,train,1
2213,0.0,641.56933,641.81954,null,0.8,null,-20.0,"[20.0, 20.0]","[3644.93333333, 3644.93333333]",0.08,90.0,gabors,20.0,4.0,0.25021756,83,,,0,,False,8,test,2
2214,0.0,641.81954,642.06976,null,0.8,null,30.0,"[20.0, 20.0]","[3644.93333333, 3644.93333333]",0.08,90.0,gabors,30.0,4.0,0.25021756,241,,,0,,False,5,test,2
2215,0.0,642.06976,642.31998,null,0.8,null,30.0,"[20.0, 20.0]","[3644.93333333, 3644.93333333]",0.08,45.0,gabors,10.0,4.0,0.25021756,68,,,0,,False,7,train,1
2216,0.0,642.31998,642.5702,null,0.8,null,-10.0,"[20.0, 20.0]","[3644.93333333, 3644.93333333]",0.08,0.0,gabors,-30.0,4.0,0.25021756,54,,,0,,False,9,train,0
2217,0.0,642.5702,642.8204,null,0.8,null,-10.0,"[20.0, 20.0]","[3644.93333333, 3644.93333333]",0.08,0.0,gabors,-10.0,4.0,0.25020244,78,,,0,,False,10,train,0
2218,0.0,642.8204,643.0706,null,0.8,null,-20.0,"[20.0, 20.0]","[3644.93333333, 3644.93333333]",0.08,90.0,gabors,-40.0,4.0,0.25020244,209,,,0,,False,8,test,2
2219,0.0,643.0706,643.3208,null,0.8,null,30.0,"[20.0, 20.0]","[3644.93333333, 3644.93333333]",0.08,0.0,gabors,30.0,4.0,0.25020244,43,,,0,,False,8,test,0
2220,0.0,643.3208,643.57101,null,0.8,null,-20.0,"[20.0, 20.0]","[3644.93333333, 3644.93333333]",0.08,45.0,gabors,-20.0,4.0,0.25020244,184,,,0,,False,9,train,1
2221,0.0,643.57101,643.82122,null,0.8,null,10.0,"[20.0, 20.0]","[3644.93333333, 3644.93333333]",0.08,45.0,gabors,-30.0,4.0,0.25021506,236,,,0,,False,11,test,1
2222,0.0,643.82122,644.07144,null,0.8,null,-40.0,"[20.0, 20.0]","[3644.93333333, 3644.93333333]",0.08,90.0,gabors,20.0,4.0,0.25021506,213,,,0,,False,8,test,2
2223,0.0,644.07144,644.32165,null,0.8,null,30.0,"[20.0, 20.0]","[3644.93333333, 3644.93333333]",0.08,45.0,gabors,-20.0,4.0,0.25021506,162,,,0,,False,9,train,1
2224,0.0,644.32165,644.57187,null,0.8,null,0.0,"[20.0, 20.0]","[3644.93333333, 3644.93333333]",0.08,0.0,gabors,-20.0,4.0,0.25021506,108,,,0,,False,12,train,0
2225,0.0,644.57187,644.82207,null,0.8,null,0.0,"[20.0, 20.0]","[3644.93333333, 3644.93333333]",0.08,45.0,gabors,-20.0,4.0,0.25019994,182,,,0,,False,8,test,1
2226,0.0,644.82207,645.07227,null,0.8,null,-10.0,"[20.0, 20.0]","[3644.93333333, 3644.93333333]",0.08,45.0,gabors,-20.0,4.0,0.25019994,40,,,0,,False,9,train,1
2227,0.0,645.07227,645.32247,null,0.8,null,30.0,"[20.0, 20.0]","[3644.93333333, 3644.93333333]",0.08,0.0,gabors,40.0,4.0,0.25019994,133,,,0,,False,10,train,0
2228,0.0,645.32247,645.57267,null,0.8,null,0.0,"[20.0, 20.0]","[3644.93333333, 3644.93333333]",0.08,45.0,gabors,40.0,4.0,0.25019994,131,,,0,,False,9,train,1
2229,0.0,645.57267,645.82288,null,0.8,null,-40.0,"[20.0, 20.0]","[3644.93333333, 3644.93333333]",0.08,90.0,gabors,10.0,4.0,0.25021756,107,,,0,,False,2,test,2
2230,0.0,645.82288,646.0731,null,0.8,null,40.0,"[20.0, 20.0]","[3644.93333333, 3644.93333333]",0.08,45.0,gabors,-30.0,4.0,0.25021756,103,,,0,,False,10,train,1
2231,0.0,646.0731,646.32332,null,0.8,null,0.0,"[20.0, 20.0]","[3644.93333333, 3644.93333333]",0.08,45.0,gabors,-30.0,4.0,0.25021756,91,,,0,,False,7,train,1
2232,0.0,646.32332,646.57354,null,0.8,null,0.0,"[20.0, 20.0]","[3644.93333333, 3644.93333333]",0.08,90.0,gabors,-40.0,4.0,0.25021756,192,,,0,,False,12,train,2
2233,0.0,646.57354,646.82374,null,0.8,null,0.0,"[20.0, 20.0]","[3644.93333333, 3644.93333333]",0.08,90.0,gabors,10.0,4.0,0.25020244,110,,,0,,False,9,train,2
2234,0.0,646.82374,647.07394,null,0.8,null,-30.0,"[20.0, 20.0]","[3644.93333333, 3644.93333333]",0.08,0.0,gabors,-40.0,4.0,0.25020244,243,,,0,,False,9,train,0
2235,0.0,647.07394,647.32414,null,0.8,null,10.0,"[20.0, 20.0]","[3644.93333333, 3644.93333333]",0.08,45.0,gabors,10.0,4.0,0.25020244,9,,,0,,False,8,test,1
2236,0.0,647.32414,647.57435,null,0.8,null,-20.0,"[20.0, 20.0]","[3644.93333333, 3644.93333333]",0.08,0.0,gabors,20.0,4.0,0.25020244,28,,,0,,False,6,train,0
2237,0.0,647.57435,647.82456,null,0.8,null,-10.0,"[20.0, 20.0]","[3644.93333333, 3644.93333333]",0.08,90.0,gabors,-40.0,4.0,0.25021256,185,,,0,,False,10,train,2
2238,0.0,647.82456,648.07477,null,0.8,null,-20.0,"[20.0, 20.0]","[3644.93333333, 3644.93333333]",0.08,0.0,gabors,-30.0,4.0,0.25021256,178,,,0,,False,9,train,0
2239,0.0,648.07477,648.32498,null,0.8,null,40.0,"[20.0, 20.0]","[3644.93333333, 3644.93333333]",0.08,45.0,gabors,20.0,4.0,0.25021256,105,,,0,,False,9,train,1
2240,0.0,648.32498,648.5752,null,0.8,null,-30.0,"[20.0, 20.0]","[3644.93333333, 3644.93333333]",0.08,0.0,gabors,30.0,4.0,0.25021256,204,,,0,,False,10,train,0
2241,0.0,648.5752,648.8254,null,0.8,null,-10.0,"[20.0, 20.0]","[3644.93333333, 3644.93333333]",0.08,45.0,gabors,40.0,4.0,0.25020744,215,,,0,,False,8,test,1
2242,0.0,648.8254,649.07561,null,0.8,null,-40.0,"[20.0, 20.0]","[3644.93333333, 3644.93333333]",0.08,45.0,gabors,-20.0,4.0,0.25020744,18,,,0,,False,7,train,1
2243,0.0,649.07561,649.32582,null,0.8,null,40.0,"[20.0, 20.0]","[3644.93333333, 3644.93333333]",0.08,90.0,gabors,-10.0,4.0,0.25020744,229,,,0,,False,7,train,2
2244,0.0,649.32582,649.57603,null,0.8,null,20.0,"[20.0, 20.0]","[3644.93333333, 3644.93333333]",0.08,45.0,gabors,10.0,4.0,0.25020744,217,,,0,,False,8,test,1
2245,0.0,649.57603,649.82624,null,0.8,null,30.0,"[20.0, 20.0]","[3644.93333333, 3644.93333333]",0.08,0.0,gabors,0.0,4.0,0.25021256,2,,,0,,False,13,train,0
2246,0.0,649.82624,650.07645,null,0.8,null,0.0,"[20.0, 20.0]","[3644.93333333, 3644.93333333]",0.08,45.0,gabors,-30.0,4.0,0.25021256,91,,,0,,False,8,test,1
2247,0.0,650.07645,650.32666,null,0.8,null,40.0,"[20.0, 20.0]","[3644.93333333, 3644.93333333]",0.08,0.0,gabors,-10.0,4.0,0.25021256,71,,,0,,False,10,train,0
2248,0.0,650.32666,650.57688,null,0.8,null,10.0,"[20.0, 20.0]","[3644.93333333, 3644.93333333]",0.08,90.0,gabors,0.0,4.0,0.25021256,44,,,0,,False,11,test,2
2249,0.0,650.57688,650.82708,null,0.8,null,0.0,"[20.0, 20.0]","[3644.93333333, 3644.93333333]",0.08,45.0,gabors,-10.0,4.0,0.25020244,23,,,0,,False,8,test,1
2250,0.0,650.82708,651.07728,null,0.8,null,-30.0,"[20.0, 20.0]","[3644.93333333, 3644.93333333]",0.08,90.0,gabors,10.0,4.0,0.25020244,20,,,0,,False,6,train,2
2251,0.0,651.07728,651.32748,null,0.8,null,-10.0,"[20.0, 20.0]","[3644.93333333, 3644.93333333]",0.08,90.0,gabors,0.0,4.0,0.25020244,121,,,0,,False,10,train,2
2252,0.0,651.32748,651.57769,null,0.8,null,20.0,"[20.0, 20.0]","[3644.93333333, 3644.93333333]",0.08,0.0,gabors,10.0,4.0,0.25020244,210,,,0,,False,10,train,0
2253,0.0,651.57769,651.8279,null,0.8,null,-40.0,"[20.0, 20.0]","[3644.93333333, 3644.93333333]",0.08,90.0,gabors,10.0,4.0,0.25021006,107,,,0,,False,3,train,2
2254,0.0,651.8279,652.07811,null,0.8,null,-20.0,"[20.0, 20.0]","[3644.93333333, 3644.93333333]",0.08,90.0,gabors,20.0,4.0,0.25021006,83,,,0,,False,9,train,2
2255,0.0,652.07811,652.32832,null,0.8,null,-30.0,"[20.0, 20.0]","[3644.93333333, 3644.93333333]",0.08,45.0,gabors,10.0,4.0,0.25021006,16,,,0,,False,6,train,1
2256,0.0,652.32832,652.57853,null,0.8,null,-40.0,"[20.0, 20.0]","[3644.93333333, 3644.93333333]",0.08,45.0,gabors,20.0,4.0,0.25021006,151,,,0,,False,7,train,1
2257,0.0,652.57853,652.82874,null,0.8,null,30.0,"[20.0, 20.0]","[3644.93333333, 3644.93333333]",0.08,0.0,gabors,-40.0,4.0,0.25020994,124,,,0,,False,9,train,0
2258,0.0,652.82874,653.07895,null,0.8,null,30.0,"[20.0, 20.0]","[3644.93333333, 3644.93333333]",0.08,45.0,gabors,10.0,4.0,0.25020994,68,,,0,,False,8,test,1
2259,0.0,653.07895,653.32916,null,0.8,null,10.0,"[20.0, 20.0]","[3644.93333333, 3644.93333333]",0.08,45.0,gabors,40.0,4.0,0.25020994,222,,,0,,False,5,test,1
2260,0.0,653.32916,653.57937,null,0.8,null,30.0,"[20.0, 20.0]","[3644.93333333, 3644.93333333]",0.08,90.0,gabors,20.0,4.0,0.25020994,211,,,0,,False,8,test,2
2261,0.0,653.57937,653.82958,null,0.8,null,-10.0,"[20.0, 20.0]","[3644.93333333, 3644.93333333]",0.08,45.0,gabors,-10.0,4.0,0.25021006,216,,,0,,False,6,train,1
2262,0.0,653.82958,654.07979,null,0.8,null,-10.0,"[20.0, 20.0]","[3644.93333333, 3644.93333333]",0.08,0.0,gabors,-20.0,4.0,0.25021006,176,,,0,,False,6,train,0
2263,0.0,654.07979,654.33,null,0.8,null,-40.0,"[20.0, 20.0]","[3644.93333333, 3644.93333333]",0.08,45.0,gabors,30.0,4.0,0.25021006,144,,,0,,False,7,train,1
2264,0.0,654.33,654.58021,null,0.8,null,-40.0,"[20.0, 20.0]","[3644.93333333, 3644.93333333]",0.08,45.0,gabors,40.0,4.0,0.25021006,99,,,0,,False,8,test,1
2265,0.0,654.58021,654.83042,null,0.8,null,-40.0,"[20.0, 20.0]","[3644.93333333, 3644.93333333]",0.08,45.0,gabors,30.0,4.0,0.25020994,144,,,0,,False,8,test,1
2266,0.0,654.83042,655.08063,null,0.8,null,30.0,"[20.0, 20.0]","[3644.93333333, 3644.93333333]",0.08,90.0,gabors,30.0,4.0,0.25020994,241,,,0,,False,6,train,2
2267,0.0,655.08063,655.33084,null,0.8,null,-40.0,"[20.0, 20.0]","[3644.93333333, 3644.93333333]",0.08,0.0,gabors,20.0,4.0,0.25020994,8,,,0,,False,9,train,0
2268,0.0,655.33084,655.58105,null,0.8,null,-30.0,"[20.0, 20.0]","[3644.93333333, 3644.93333333]",0.08,90.0,gabors,-30.0,4.0,0.25020994,112,,,0,,False,7,train,2
2269,0.0,655.58105,655.83125,null,0.8,null,-10.0,"[20.0, 20.0]","[3644.93333333, 3644.93333333]",0.08,0.0,gabors,20.0,4.0,0.25020756,235,,,0,,False,7,train,0
2270,0.0,655.83125,656.08146,null,0.8,null,-40.0,"[20.0, 20.0]","[3644.93333333, 3644.93333333]",0.08,90.0,gabors,-40.0,4.0,0.25020756,161,,,0,,False,10,train,2
2271,0.0,656.08146,656.33167,null,0.8,null,-40.0,"[20.0, 20.0]","[3644.93333333, 3644.93333333]",0.08,90.0,gabors,10.0,4.0,0.25020756,107,,,0,,False,4,train,2
2272,0.0,656.33167,656.58188,null,0.8,null,10.0,"[20.0, 20.0]","[3644.93333333, 3644.93333333]",0.08,0.0,gabors,-40.0,4.0,0.25020756,111,,,0,,False,9,train,0
2273,0.0,656.58188,656.83209,null,0.8,null,10.0,"[20.0, 20.0]","[3644.93333333, 3644.93333333]",0.08,0.0,gabors,40.0,4.0,0.25020994,79,,,0,,False,11,test,0
2274,0.0,656.83209,657.0823,null,0.8,null,-20.0,"[20.0, 20.0]","[3644.93333333, 3644.93333333]",0.08,45.0,gabors,40.0,4.0,0.25020994,57,,,0,,False,6,train,1
2275,0.0,657.0823,657.33251,null,0.8,null,-40.0,"[20.0, 20.0]","[3644.93333333, 3644.93333333]",0.08,0.0,gabors,20.0,4.0,0.25020994,8,,,0,,False,10,train,0
2276,0.0,657.33251,657.58272,null,0.8,null,0.0,"[20.0, 20.0]","[3644.93333333, 3644.93333333]",0.08,90.0,gabors,10.0,4.0,0.25020994,110,,,0,,False,10,train,2
2277,0.0,657.58272,657.83292,null,0.8,null,20.0,"[20.0, 20.0]","[3644.93333333, 3644.93333333]",0.08,45.0,gabors,10.0,4.0,0.25020756,217,,,0,,False,9,train,1
2278,0.0,657.83292,658.08313,null,0.8,null,-30.0,"[20.0, 20.0]","[3644.93333333, 3644.93333333]",0.08,90.0,gabors,20.0,4.0,0.25020756,38,,,0,,False,9,train,2
2279,0.0,658.08313,658.33334,null,0.8,null,10.0,"[20.0, 20.0]","[3644.93333333, 3644.93333333]",0.08,45.0,gabors,0.0,4.0,0.25020756,152,,,0,,False,12,train,1
2280,0.0,658.33334,658.58355,null,0.8,null,-20.0,"[20.0, 20.0]","[3644.93333333, 3644.93333333]",0.08,0.0,gabors,30.0,4.0,0.25020756,196,,,0,,False,8,test,0
2281,0.0,658.58355,658.83376,null,0.8,null,30.0,"[20.0, 20.0]","[3644.93333333, 3644.93333333]",0.08,0.0,gabors,30.0,4.0,0.25020994,43,,,0,,False,9,train,0
2282,0.0,658.83376,659.08397,null,0.8,null,-40.0,"[20.0, 20.0]","[3644.93333333, 3644.93333333]",0.08,0.0,gabors,40.0,4.0,0.25020994,154,,,0,,False,9,train,0
2283,0.0,659.08397,659.33418,null,0.8,null,-20.0,"[20.0, 20.0]","[3644.93333333, 3644.93333333]",0.08,45.0,gabors,-20.0,4.0,0.25020994,184,,,0,,False,10,train,1
2284,0.0,659.33418,659.58439,null,0.8,null,-10.0,"[20.0, 20.0]","[3644.93333333, 3644.93333333]",0.08,0.0,gabors,10.0,4.0,0.25020994,100,,,0,,False,10,train,0
2285,0.0,659.58439,659.83461,null,0.8,null,20.0,"[20.0, 20.0]","[3644.93333333, 3644.93333333]",0.08,45.0,gabors,-10.0,4.0,0.25022006,193,,,0,,False,11,test,1
2286,0.0,659.83461,660.08483,null,0.8,null,-10.0,"[20.0, 20.0]","[3644.93333333, 3644.93333333]",0.08,90.0,gabors,30.0,4.0,0.25022006,140,,,0,,False,10,train,2
2287,0.0,660.08483,660.33505,null,0.8,null,20.0,"[20.0, 20.0]","[3644.93333333, 3644.93333333]",0.08,45.0,gabors,40.0,4.0,0.25022006,136,,,0,,False,9,train,1
2288,0.0,660.33505,660.58527,null,0.8,null,30.0,"[20.0, 20.0]","[3644.93333333, 3644.93333333]",0.08,45.0,gabors,-30.0,4.0,0.25022006,65,,,0,,False,10,train,1
2289,0.0,660.58527,660.83547,null,0.8,null,-40.0,"[20.0, 20.0]","[3644.93333333, 3644.93333333]",0.08,45.0,gabors,0.0,4.0,0.25019994,208,,,0,,False,10,train,1
2290,0.0,660.83547,661.08567,null,0.8,null,30.0,"[20.0, 20.0]","[3644.93333333, 3644.93333333]",0.08,45.0,gabors,0.0,4.0,0.25019994,1,,,0,,False,9,train,1
2291,0.0,661.08567,661.33587,null,0.8,null,-30.0,"[20.0, 20.0]","[3644.93333333, 3644.93333333]",0.08,90.0,gabors,-10.0,4.0,0.25019994,26,,,0,,False,8,test,2
2292,0.0,661.33587,661.58607,null,0.8,null,40.0,"[20.0, 20.0]","[3644.93333333, 3644.93333333]",0.08,45.0,gabors,-40.0,4.0,0.25019994,101,,,0,,False,10,train,1
2293,0.0,661.58607,661.83627,null,0.8,null,20.0,"[20.0, 20.0]","[3644.93333333, 3644.93333333]",0.08,90.0,gabors,0.0,4.0,0.25020506,10,,,0,,False,6,train,2
2294,0.0,661.83627,662.08648,null,0.8,null,40.0,"[20.0, 20.0]","[3644.93333333, 3644.93333333]",0.08,0.0,gabors,-40.0,4.0,0.25020506,226,,,0,,False,5,test,0
2295,0.0,662.08648,662.33668,null,0.8,null,40.0,"[20.0, 20.0]","[3644.93333333, 3644.93333333]",0.08,90.0,gabors,-30.0,4.0,0.25020506,127,,,0,,False,6,train,2
2296,0.0,662.33668,662.58689,null,0.8,null,10.0,"[20.0, 20.0]","[3644.93333333, 3644.93333333]",0.08,0.0,gabors,30.0,4.0,0.25020506,98,,,0,,False,10,train,0
2297,0.0,662.58689,662.8371,null,0.8,null,30.0,"[20.0, 20.0]","[3644.93333333, 3644.93333333]",0.08,0.0,gabors,-30.0,4.0,0.25021244,171,,,0,,False,6,train,0
2298,0.0,662.8371,663.08731,null,0.8,null,20.0,"[20.0, 20.0]","[3644.93333333, 3644.93333333]",0.08,0.0,gabors,-40.0,4.0,0.25021244,75,,,0,,False,11,test,0
2299,0.0,663.08731,663.33752,null,0.8,null,-20.0,"[20.0, 20.0]","[3644.93333333, 3644.93333333]",0.08,0.0,gabors,20.0,4.0,0.25021244,28,,,0,,False,7,train,0
2300,0.0,663.33752,663.58774,null,0.8,null,-30.0,"[20.0, 20.0]","[3644.93333333, 3644.93333333]",0.08,45.0,gabors,-30.0,4.0,0.25021244,207,,,0,,False,9,train,1
2301,0.0,663.58774,663.83795,null,0.8,null,-30.0,"[20.0, 20.0]","[3644.93333333, 3644.93333333]",0.08,90.0,gabors,0.0,4.0,0.25021756,239,,,0,,False,7,train,2
2302,0.0,663.83795,664.08817,null,0.8,null,-40.0,"[20.0, 20.0]","[3644.93333333, 3644.93333333]",0.08,90.0,gabors,30.0,4.0,0.25021756,53,,,0,,False,9,train,2
2303,0.0,664.08817,664.33839,null,0.8,null,10.0,"[20.0, 20.0]","[3644.93333333, 3644.93333333]",0.08,45.0,gabors,-20.0,4.0,0.25021756,126,,,0,,False,8,test,1
2304,0.0,664.33839,664.58861,null,0.8,null,30.0,"[20.0, 20.0]","[3644.93333333, 3644.93333333]",0.08,90.0,gabors,-10.0,4.0,0.25021756,35,,,0,,False,9,train,2
2305,0.0,664.58861,664.8388,null,0.8,null,-20.0,"[20.0, 20.0]","[3644.93333333, 3644.93333333]",0.08,0.0,gabors,10.0,4.0,0.25019494,237,,,0,,False,4,train,0
2306,0.0,664.8388,665.089,null,0.8,null,20.0,"[20.0, 20.0]","[3644.93333333, 3644.93333333]",0.08,45.0,gabors,20.0,4.0,0.25019494,168,,,0,,False,9,train,1
2307,0.0,665.089,665.33919,null,0.8,null,20.0,"[20.0, 20.0]","[3644.93333333, 3644.93333333]",0.08,45.0,gabors,30.0,4.0,0.25019494,118,,,0,,False,8,test,1
2308,0.0,665.33919,665.58939,null,0.8,null,-30.0,"[20.0, 20.0]","[3644.93333333, 3644.93333333]",0.08,45.0,gabors,40.0,4.0,0.25019494,85,,,0,,False,11,test,1
2309,0.0,665.58939,665.8396,null,0.8,null,-10.0,"[20.0, 20.0]","[3644.93333333, 3644.93333333]",0.08,90.0,gabors,20.0,4.0,0.25021506,175,,,0,,False,11,test,2
2310,0.0,665.8396,666.08982,null,0.8,null,10.0,"[20.0, 20.0]","[3644.93333333, 3644.93333333]",0.08,45.0,gabors,20.0,4.0,0.25021506,115,,,0,,False,7,train,1
2311,0.0,666.08982,666.34003,null,0.8,null,-30.0,"[20.0, 20.0]","[3644.93333333, 3644.93333333]",0.08,45.0,gabors,40.0,4.0,0.25021506,85,,,0,,False,12,train,1
2312,0.0,666.34003,666.59025,null,0.8,null,10.0,"[20.0, 20.0]","[3644.93333333, 3644.93333333]",0.08,45.0,gabors,40.0,4.0,0.25021506,222,,,0,,False,6,train,1
2313,0.0,666.59025,666.84045,null,0.8,null,10.0,"[20.0, 20.0]","[3644.93333333, 3644.93333333]",0.08,0.0,gabors,-20.0,4.0,0.25020744,153,,,0,,False,6,train,0
2314,0.0,666.84045,667.09066,null,0.8,null,-40.0,"[20.0, 20.0]","[3644.93333333, 3644.93333333]",0.08,0.0,gabors,-30.0,4.0,0.25020744,61,,,0,,False,10,train,0
2315,0.0,667.09066,667.34087,null,0.8,null,10.0,"[20.0, 20.0]","[3644.93333333, 3644.93333333]",0.08,90.0,gabors,-40.0,4.0,0.25020744,183,,,0,,False,10,train,2
2316,0.0,667.34087,667.59108,null,0.8,null,-30.0,"[20.0, 20.0]","[3644.93333333, 3644.93333333]",0.08,90.0,gabors,20.0,4.0,0.25020744,38,,,0,,False,10,train,2
2317,0.0,667.59108,667.84129,null,0.8,null,30.0,"[20.0, 20.0]","[3644.93333333, 3644.93333333]",0.08,45.0,gabors,-30.0,4.0,0.25021256,65,,,0,,False,11,test,1
2318,0.0,667.84129,668.0915,null,0.8,null,0.0,"[20.0, 20.0]","[3644.93333333, 3644.93333333]",0.08,90.0,gabors,40.0,4.0,0.25021256,106,,,0,,False,9,train,2
2319,0.0,668.0915,668.34171,null,0.8,null,40.0,"[20.0, 20.0]","[3644.93333333, 3644.93333333]",0.08,90.0,gabors,-10.0,4.0,0.25021256,229,,,0,,False,8,test,2
2320,0.0,668.34171,668.59193,null,0.8,null,-40.0,"[20.0, 20.0]","[3644.93333333, 3644.93333333]",0.08,0.0,gabors,-30.0,4.0,0.25021256,61,,,0,,False,11,test,0
2321,0.0,668.59193,668.84213,null,0.8,null,0.0,"[20.0, 20.0]","[3644.93333333, 3644.93333333]",0.08,45.0,gabors,-10.0,4.0,0.25020244,23,,,0,,False,9,train,1
2322,0.0,668.84213,669.09233,null,0.8,null,-20.0,"[20.0, 20.0]","[3644.93333333, 3644.93333333]",0.08,0.0,gabors,-10.0,4.0,0.25020244,223,,,0,,False,9,train,0
2323,0.0,669.09233,669.34253,null,0.8,null,10.0,"[20.0, 20.0]","[3644.93333333, 3644.93333333]",0.08,90.0,gabors,20.0,4.0,0.25020244,27,,,0,,False,8,test,2
2324,0.0,669.34253,669.59274,null,0.8,null,0.0,"[20.0, 20.0]","[3644.93333333, 3644.93333333]",0.08,90.0,gabors,40.0,4.0,0.25020244,106,,,0,,False,10,train,2
2325,0.0,669.59274,669.84295,null,0.8,null,-40.0,"[20.0, 20.0]","[3644.93333333, 3644.93333333]",0.08,90.0,gabors,30.0,4.0,0.25021756,53,,,0,,False,10,train,2
2326,0.0,669.84295,670.09317,null,0.8,null,0.0,"[20.0, 20.0]","[3644.93333333, 3644.93333333]",0.08,45.0,gabors,40.0,4.0,0.25021756,131,,,0,,False,10,train,1
2327,0.0,670.09317,670.34339,null,0.8,null,-10.0,"[20.0, 20.0]","[3644.93333333, 3644.93333333]",0.08,90.0,gabors,30.0,4.0,0.25021756,140,,,0,,False,11,test,2
2328,0.0,670.34339,670.59361,null,0.8,null,0.0,"[20.0, 20.0]","[3644.93333333, 3644.93333333]",0.08,45.0,gabors,40.0,4.0,0.25021756,131,,,0,,False,11,test,1
2329,0.0,670.59361,670.84381,null,0.8,null,0.0,"[20.0, 20.0]","[3644.93333333, 3644.93333333]",0.08,45.0,gabors,10.0,4.0,0.25020244,90,,,0,,False,6,train,1
2330,0.0,670.84381,671.09401,null,0.8,null,-10.0,"[20.0, 20.0]","[3644.93333333, 3644.93333333]",0.08,0.0,gabors,-20.0,4.0,0.25020244,176,,,0,,False,7,train,0
2331,0.0,671.09401,671.34421,null,0.8,null,10.0,"[20.0, 20.0]","[3644.93333333, 3644.93333333]",0.08,90.0,gabors,0.0,4.0,0.25020244,44,,,0,,False,12,train,2
2332,0.0,671.34421,671.59442,null,0.8,null,-10.0,"[20.0, 20.0]","[3644.93333333, 3644.93333333]",0.08,90.0,gabors,30.0,4.0,0.25020244,140,,,0,,False,12,train,2
2333,0.0,671.59442,671.84464,null,0.8,null,-20.0,"[20.0, 20.0]","[3644.93333333, 3644.93333333]",0.08,0.0,gabors,0.0,4.0,0.25022256,46,,,0,,False,8,test,0
2334,0.0,671.84464,672.09486,null,0.8,null,-40.0,"[20.0, 20.0]","[3644.93333333, 3644.93333333]",0.08,45.0,gabors,0.0,4.0,0.25022256,208,,,0,,False,11,test,1
2335,0.0,672.09486,672.34508,null,0.8,null,40.0,"[20.0, 20.0]","[3644.93333333, 3644.93333333]",0.08,90.0,gabors,-40.0,4.0,0.25022256,180,,,0,,False,8,test,2
2336,0.0,672.34508,672.59531,null,0.8,null,-20.0,"[20.0, 20.0]","[3644.93333333, 3644.93333333]",0.08,0.0,gabors,0.0,4.0,0.25022256,46,,,0,,False,9,train,0
2337,0.0,672.59531,672.8455,null,0.8,null,40.0,"[20.0, 20.0]","[3644.93333333, 3644.93333333]",0.08,90.0,gabors,10.0,4.0,0.25019244,150,,,0,,False,8,test,2
2338,0.0,672.8455,673.09569,null,0.8,null,-20.0,"[20.0, 20.0]","[3644.93333333, 3644.93333333]",0.08,90.0,gabors,-10.0,4.0,0.25019244,220,,,0,,False,8,test,2
2339,0.0,673.09569,673.34588,null,0.8,null,-40.0,"[20.0, 20.0]","[3644.93333333, 3644.93333333]",0.08,0.0,gabors,-10.0,4.0,0.25019244,141,,,0,,False,8,test,0
2340,0.0,673.34588,673.59608,null,0.8,null,-10.0,"[20.0, 20.0]","[3644.93333333, 3644.93333333]",0.08,0.0,gabors,-30.0,4.0,0.25019244,54,,,0,,False,10,train,0
2341,0.0,673.59608,673.84629,null,0.8,null,40.0,"[20.0, 20.0]","[3644.93333333, 3644.93333333]",0.08,45.0,gabors,-40.0,4.0,0.25021506,101,,,0,,False,11,test,1
2342,0.0,673.84629,674.09651,null,0.8,null,40.0,"[20.0, 20.0]","[3644.93333333, 3644.93333333]",0.08,0.0,gabors,-40.0,4.0,0.25021506,226,,,0,,False,6,train,0
2343,0.0,674.09651,674.34672,null,0.8,null,-30.0,"[20.0, 20.0]","[3644.93333333, 3644.93333333]",0.08,45.0,gabors,30.0,4.0,0.25021506,159,,,0,,False,9,train,1
2344,0.0,674.34672,674.59694,null,0.8,null,-30.0,"[20.0, 20.0]","[3644.93333333, 3644.93333333]",0.08,0.0,gabors,-10.0,4.0,0.25021506,122,,,0,,False,10,train,0
2345,0.0,674.59694,674.84714,null,0.8,null,-30.0,"[20.0, 20.0]","[3644.93333333, 3644.93333333]",0.08,90.0,gabors,10.0,4.0,0.25020744,20,,,0,,False,7,train,2
2346,0.0,674.84714,675.09735,null,0.8,null,20.0,"[20.0, 20.0]","[3644.93333333, 3644.93333333]",0.08,45.0,gabors,10.0,4.0,0.25020744,217,,,0,,False,10,train,1
2347,0.0,675.09735,675.34756,null,0.8,null,-20.0,"[20.0, 20.0]","[3644.93333333, 3644.93333333]",0.08,0.0,gabors,20.0,4.0,0.25020744,28,,,0,,False,8,test,0
2348,0.0,675.34756,675.59777,null,0.8,null,-20.0,"[20.0, 20.0]","[3644.93333333, 3644.93333333]",0.08,45.0,gabors,40.0,4.0,0.25020744,57,,,0,,False,7,train,1
2349,0.0,675.59777,675.84798,null,0.8,null,-30.0,"[20.0, 20.0]","[3644.93333333, 3644.93333333]",0.08,90.0,gabors,-20.0,4.0,0.25021256,160,,,0,,False,11,test,2
2350,0.0,675.84798,676.09819,null,0.8,null,0.0,"[20.0, 20.0]","[3644.93333333, 3644.93333333]",0.08,45.0,gabors,20.0,4.0,0.25021256,233,,,0,,False,10,train,1
2351,0.0,676.09819,676.3484,null,0.8,null,-10.0,"[20.0, 20.0]","[3644.93333333, 3644.93333333]",0.08,90.0,gabors,40.0,4.0,0.25021256,157,,,0,,False,8,test,2
2352,0.0,676.3484,676.59862,null,0.8,null,-10.0,"[20.0, 20.0]","[3644.93333333, 3644.93333333]",0.08,90.0,gabors,-10.0,4.0,0.25021256,80,,,0,,False,10,train,2
2353,0.0,676.59862,676.84882,null,0.8,null,-30.0,"[20.0, 20.0]","[3644.93333333, 3644.93333333]",0.08,90.0,gabors,-10.0,4.0,0.25020494,26,,,0,,False,9,train,2
2354,0.0,676.84882,677.09903,null,0.8,null,-40.0,"[20.0, 20.0]","[3644.93333333, 3644.93333333]",0.08,45.0,gabors,-10.0,4.0,0.25020494,169,,,0,,False,5,test,1
2355,0.0,677.09903,677.34923,null,0.8,null,10.0,"[20.0, 20.0]","[3644.93333333, 3644.93333333]",0.08,0.0,gabors,20.0,4.0,0.25020494,179,,,0,,False,11,test,0
2356,0.0,677.34923,677.59944,null,0.8,null,-30.0,"[20.0, 20.0]","[3644.93333333, 3644.93333333]",0.08,45.0,gabors,30.0,4.0,0.25020494,159,,,0,,False,10,train,1
2357,0.0,677.59944,677.84965,null,0.8,null,-30.0,"[20.0, 20.0]","[3644.93333333, 3644.93333333]",0.08,90.0,gabors,0.0,4.0,0.25021256,239,,,0,,False,8,test,2
2358,0.0,677.84965,678.09986,null,0.8,null,-30.0,"[20.0, 20.0]","[3644.93333333, 3644.93333333]",0.08,0.0,gabors,-20.0,4.0,0.25021256,81,,,0,,False,7,train,0
2359,0.0,678.09986,678.35007,null,0.8,null,-40.0,"[20.0, 20.0]","[3644.93333333, 3644.93333333]",0.08,45.0,gabors,-20.0,4.0,0.25021256,18,,,0,,False,8,test,1
2360,0.0,678.35007,678.60029,null,0.8,null,-20.0,"[20.0, 20.0]","[3644.93333333, 3644.93333333]",0.08,90.0,gabors,-20.0,4.0,0.25021256,135,,,0,,False,9,train,2
2361,0.0,678.60029,678.85049,null,0.8,null,-30.0,"[20.0, 20.0]","[3644.93333333, 3644.93333333]",0.08,90.0,gabors,0.0,4.0,0.25020494,239,,,0,,False,9,train,2
2362,0.0,678.85049,679.1007,null,0.8,null,40.0,"[20.0, 20.0]","[3644.93333333, 3644.93333333]",0.08,90.0,gabors,-40.0,4.0,0.25020494,180,,,0,,False,9,train,2
2363,0.0,679.1007,679.3509,null,0.8,null,30.0,"[20.0, 20.0]","[3644.93333333, 3644.93333333]",0.08,0.0,gabors,-40.0,4.0,0.25020494,124,,,0,,False,10,train,0
2364,0.0,679.3509,679.60111,null,0.8,null,20.0,"[20.0, 20.0]","[3644.93333333, 3644.93333333]",0.08,45.0,gabors,-20.0,4.0,0.25020494,29,,,0,,False,10,train,1
2365,0.0,679.60111,679.85132,null,0.8,null,-10.0,"[20.0, 20.0]","[3644.93333333, 3644.93333333]",0.08,0.0,gabors,-40.0,4.0,0.25021256,37,,,0,,False,9,train,0
2366,0.0,679.85132,680.10153,null,0.8,null,-10.0,"[20.0, 20.0]","[3644.93333333, 3644.93333333]",0.08,90.0,gabors,40.0,4.0,0.25021256,157,,,0,,False,9,train,2
2367,0.0,680.10153,680.35174,null,0.8,null,40.0,"[20.0, 20.0]","[3644.93333333, 3644.93333333]",0.08,90.0,gabors,10.0,4.0,0.25021256,150,,,0,,False,9,train,2
2368,0.0,680.35174,680.60196,null,0.8,null,20.0,"[20.0, 20.0]","[3644.93333333, 3644.93333333]",0.08,45.0,gabors,0.0,4.0,0.25021256,155,,,0,,False,11,test,1
2369,0.0,680.60196,680.85216,null,0.8,null,-10.0,"[20.0, 20.0]","[3644.93333333, 3644.93333333]",0.08,90.0,gabors,-20.0,4.0,0.25020494,116,,,0,,False,9,train,2
2370,0.0,680.85216,681.10237,null,0.8,null,-10.0,"[20.0, 20.0]","[3644.93333333, 3644.93333333]",0.08,90.0,gabors,-40.0,4.0,0.25020494,185,,,0,,False,11,test,2
2371,0.0,681.10237,681.35257,null,0.8,null,-40.0,"[20.0, 20.0]","[3644.93333333, 3644.93333333]",0.08,90.0,gabors,-20.0,4.0,0.25020494,72,,,0,,False,8,test,2
2372,0.0,681.35257,681.60278,null,0.8,null,-20.0,"[20.0, 20.0]","[3644.93333333, 3644.93333333]",0.08,0.0,gabors,20.0,4.0,0.25020494,28,,,0,,False,9,train,0
2373,0.0,681.60278,681.85299,null,0.8,null,-40.0,"[20.0, 20.0]","[3644.93333333, 3644.93333333]",0.08,45.0,gabors,-30.0,4.0,0.25021756,76,,,0,,False,11,test,1
2374,0.0,681.85299,682.10321,null,0.8,null,40.0,"[20.0, 20.0]","[3644.93333333, 3644.93333333]",0.08,45.0,gabors,-10.0,4.0,0.25021756,149,,,0,,False,12,train,1
2375,0.0,682.10321,682.35343,null,0.8,null,10.0,"[20.0, 20.0]","[3644.93333333, 3644.93333333]",0.08,90.0,gabors,-10.0,4.0,0.25021756,102,,,0,,False,12,train,2
2376,0.0,682.35343,682.60365,null,0.8,null,20.0,"[20.0, 20.0]","[3644.93333333, 3644.93333333]",0.08,90.0,gabors,-20.0,4.0,0.25021756,177,,,0,,False,9,train,2
2377,0.0,682.60365,682.85385,null,0.8,null,-40.0,"[20.0, 20.0]","[3644.93333333, 3644.93333333]",0.08,45.0,gabors,10.0,4.0,0.25019994,197,,,0,,False,7,train,1
2378,0.0,682.85385,683.10405,null,0.8,null,-20.0,"[20.0, 20.0]","[3644.93333333, 3644.93333333]",0.08,0.0,gabors,-10.0,4.0,0.25019994,223,,,0,,False,10,train,0
2379,0.0,683.10405,683.35425,null,0.8,null,-10.0,"[20.0, 20.0]","[3644.93333333, 3644.93333333]",0.08,45.0,gabors,40.0,4.0,0.25019994,215,,,0,,False,9,train,1
2380,0.0,683.35425,683.60445,null,0.8,null,30.0,"[20.0, 20.0]","[3644.93333333, 3644.93333333]",0.08,45.0,gabors,10.0,4.0,0.25019994,68,,,0,,False,9,train,1
2381,0.0,683.60445,683.85467,null,0.8,null,-10.0,"[20.0, 20.0]","[3644.93333333, 3644.93333333]",0.08,90.0,gabors,-10.0,4.0,0.25022506,80,,,0,,False,11,test,2
2382,0.0,683.85467,684.1049,null,0.8,null,-30.0,"[20.0, 20.0]","[3644.93333333, 3644.93333333]",0.08,45.0,gabors,20.0,4.0,0.25022506,24,,,0,,False,6,train,1
2383,0.0,684.1049,684.35512,null,0.8,null,-30.0,"[20.0, 20.0]","[3644.93333333, 3644.93333333]",0.08,45.0,gabors,-30.0,4.0,0.25022506,207,,,0,,False,10,train,1
2384,0.0,684.35512,684.60535,null,0.8,null,-10.0,"[20.0, 20.0]","[3644.93333333, 3644.93333333]",0.08,0.0,gabors,30.0,4.0,0.25022506,227,,,0,,False,6,train,0
2385,0.0,684.60535,684.85554,null,0.8,null,40.0,"[20.0, 20.0]","[3644.93333333, 3644.93333333]",0.08,0.0,gabors,-30.0,4.0,0.25019244,142,,,0,,False,9,train,0
2386,0.0,684.85554,685.10573,null,0.8,null,0.0,"[20.0, 20.0]","[3644.93333333, 3644.93333333]",0.08,0.0,gabors,10.0,4.0,0.25019244,234,,,0,,False,8,test,0
2387,0.0,685.10573,685.35592,null,0.8,null,-20.0,"[20.0, 20.0]","[3644.93333333, 3644.93333333]",0.08,0.0,gabors,30.0,4.0,0.25019244,196,,,0,,False,9,train,0
2388,0.0,685.35592,685.60612,null,0.8,null,30.0,"[20.0, 20.0]","[3644.93333333, 3644.93333333]",0.08,0.0,gabors,-10.0,4.0,0.25019244,92,,,0,,False,9,train,0
2389,0.0,685.60612,685.85634,null,0.8,null,-10.0,"[20.0, 20.0]","[3644.93333333, 3644.93333333]",0.08,90.0,gabors,-30.0,4.0,0.25022006,147,,,0,,False,11,test,2
2390,0.0,685.85634,686.10656,null,0.8,null,-20.0,"[20.0, 20.0]","[3644.93333333, 3644.93333333]",0.08,45.0,gabors,-10.0,4.0,0.25022006,86,,,0,,False,12,train,1
2391,0.0,686.10656,686.35678,null,0.8,null,40.0,"[20.0, 20.0]","[3644.93333333, 3644.93333333]",0.08,0.0,gabors,10.0,4.0,0.25022006,212,,,0,,False,9,train,0
2392,0.0,686.35678,686.607,null,0.8,null,-30.0,"[20.0, 20.0]","[3644.93333333, 3644.93333333]",0.08,90.0,gabors,10.0,4.0,0.25022006,20,,,0,,False,8,test,2
2393,0.0,686.607,686.8572,null,0.8,null,0.0,"[20.0, 20.0]","[3644.93333333, 3644.93333333]",0.08,90.0,gabors,20.0,4.0,0.25019994,225,,,0,,False,9,train,2
2394,0.0,686.8572,687.1074,null,0.8,null,10.0,"[20.0, 20.0]","[3644.93333333, 3644.93333333]",0.08,90.0,gabors,0.0,4.0,0.25019994,44,,,0,,False,13,train,2
2395,0.0,687.1074,687.3576,null,0.8,null,0.0,"[20.0, 20.0]","[3644.93333333, 3644.93333333]",0.08,90.0,gabors,-10.0,4.0,0.25019994,69,,,0,,False,9,train,2
2396,0.0,687.3576,687.6078,null,0.8,null,30.0,"[20.0, 20.0]","[3644.93333333, 3644.93333333]",0.08,45.0,gabors,40.0,4.0,0.25019994,240,,,0,,False,7,train,1
2397,0.0,687.6078,687.85801,null,0.8,null,40.0,"[20.0, 20.0]","[3644.93333333, 3644.93333333]",0.08,90.0,gabors,-10.0,4.0,0.25021506,229,,,0,,False,9,train,2
2398,0.0,687.85801,688.10823,null,0.8,null,-10.0,"[20.0, 20.0]","[3644.93333333, 3644.93333333]",0.08,0.0,gabors,-10.0,4.0,0.25021506,78,,,0,,False,11,test,0
2399,0.0,688.10823,688.35844,null,0.8,null,-20.0,"[20.0, 20.0]","[3644.93333333, 3644.93333333]",0.08,90.0,gabors,40.0,4.0,0.25021506,190,,,0,,False,9,train,2
2400,0.0,688.35844,688.60866,null,0.8,null,0.0,"[20.0, 20.0]","[3644.93333333, 3644.93333333]",0.08,45.0,gabors,-20.0,4.0,0.25021506,182,,,0,,False,9,train,1
2401,0.0,688.60866,688.85886,null,0.8,null,-40.0,"[20.0, 20.0]","[3644.93333333, 3644.93333333]",0.08,90.0,gabors,20.0,4.0,0.25019994,213,,,0,,False,9,train,2
2402,0.0,688.85886,689.10906,null,0.8,null,10.0,"[20.0, 20.0]","[3644.93333333, 3644.93333333]",0.08,45.0,gabors,40.0,4.0,0.25019994,222,,,0,,False,7,train,1
2403,0.0,689.10906,689.35926,null,0.8,null,20.0,"[20.0, 20.0]","[3644.93333333, 3644.93333333]",0.08,45.0,gabors,10.0,4.0,0.25019994,217,,,0,,False,11,test,1
2404,0.0,689.35926,689.60946,null,0.8,null,-10.0,"[20.0, 20.0]","[3644.93333333, 3644.93333333]",0.08,90.0,gabors,-10.0,4.0,0.25019994,80,,,0,,False,12,train,2
2405,0.0,689.60946,689.85968,null,0.8,null,-40.0,"[20.0, 20.0]","[3644.93333333, 3644.93333333]",0.08,0.0,gabors,-10.0,4.0,0.25022006,141,,,0,,False,9,train,0
2406,0.0,689.85968,690.1099,null,0.8,null,-40.0,"[20.0, 20.0]","[3644.93333333, 3644.93333333]",0.08,90.0,gabors,0.0,4.0,0.25022006,198,,,0,,False,10,train,2
2407,0.0,690.1099,690.36012,null,0.8,null,10.0,"[20.0, 20.0]","[3644.93333333, 3644.93333333]",0.08,45.0,gabors,0.0,4.0,0.25022006,152,,,0,,False,13,train,1
2408,0.0,690.36012,690.61034,null,0.8,null,-20.0,"[20.0, 20.0]","[3644.93333333, 3644.93333333]",0.08,0.0,gabors,10.0,4.0,0.25022006,237,,,0,,False,5,test,0
2409,0.0,690.61034,690.86053,null,0.8,null,30.0,"[20.0, 20.0]","[3644.93333333, 3644.93333333]",0.08,0.0,gabors,30.0,4.0,0.25019744,43,,,0,,False,10,train,0
2410,0.0,690.86053,691.11073,null,0.8,null,-30.0,"[20.0, 20.0]","[3644.93333333, 3644.93333333]",0.08,0.0,gabors,10.0,4.0,0.25019744,166,,,0,,False,9,train,0
2411,0.0,691.11073,691.36093,null,0.8,null,-40.0,"[20.0, 20.0]","[3644.93333333, 3644.93333333]",0.08,90.0,gabors,-20.0,4.0,0.25019744,72,,,0,,False,9,train,2
2412,0.0,691.36093,691.61113,null,0.8,null,10.0,"[20.0, 20.0]","[3644.93333333, 3644.93333333]",0.08,45.0,gabors,30.0,4.0,0.25019744,167,,,0,,False,8,test,1
2413,0.0,691.61113,691.86134,null,0.8,null,0.0,"[20.0, 20.0]","[3644.93333333, 3644.93333333]",0.08,90.0,gabors,30.0,4.0,0.25021506,146,,,0,,False,8,test,2
2414,0.0,691.86134,692.11156,null,0.8,null,30.0,"[20.0, 20.0]","[3644.93333333, 3644.93333333]",0.08,90.0,gabors,0.0,4.0,0.25021506,11,,,0,,False,10,train,2
2415,0.0,692.11156,692.36177,null,0.8,null,10.0,"[20.0, 20.0]","[3644.93333333, 3644.93333333]",0.08,45.0,gabors,0.0,4.0,0.25021506,152,,,0,,False,14,test,1
2416,0.0,692.36177,692.61199,null,0.8,null,30.0,"[20.0, 20.0]","[3644.93333333, 3644.93333333]",0.08,90.0,gabors,20.0,4.0,0.25021506,211,,,0,,False,9,train,2
2417,0.0,692.61199,692.86219,null,0.8,null,10.0,"[20.0, 20.0]","[3644.93333333, 3644.93333333]",0.08,45.0,gabors,10.0,4.0,0.25020494,9,,,0,,False,9,train,1
2418,0.0,692.86219,693.1124,null,0.8,null,-10.0,"[20.0, 20.0]","[3644.93333333, 3644.93333333]",0.08,45.0,gabors,-40.0,4.0,0.25020494,21,,,0,,False,12,train,1
2419,0.0,693.1124,693.3626,null,0.8,null,-20.0,"[20.0, 20.0]","[3644.93333333, 3644.93333333]",0.08,45.0,gabors,20.0,4.0,0.25020494,60,,,0,,False,11,test,1
2420,0.0,693.3626,693.61281,null,0.8,null,-30.0,"[20.0, 20.0]","[3644.93333333, 3644.93333333]",0.08,90.0,gabors,20.0,4.0,0.25020494,38,,,0,,False,11,test,2
2421,0.0,693.61281,693.86302,null,0.8,null,0.0,"[20.0, 20.0]","[3644.93333333, 3644.93333333]",0.08,90.0,gabors,-20.0,4.0,0.25021756,45,,,0,,False,11,test,2
2422,0.0,693.86302,694.11324,null,0.8,null,-20.0,"[20.0, 20.0]","[3644.93333333, 3644.93333333]",0.08,0.0,gabors,-10.0,4.0,0.25021756,223,,,0,,False,11,test,0
2423,0.0,694.11324,694.36346,null,0.8,null,-30.0,"[20.0, 20.0]","[3644.93333333, 3644.93333333]",0.08,0.0,gabors,0.0,4.0,0.25021756,3,,,0,,False,8,test,0
2424,0.0,694.36346,694.61368,null,0.8,null,-20.0,"[20.0, 20.0]","[3644.93333333, 3644.93333333]",0.08,90.0,gabors,-10.0,4.0,0.25021756,220,,,0,,False,9,train,2
2425,0.0,694.61368,694.86388,null,0.8,null,40.0,"[20.0, 20.0]","[3644.93333333, 3644.93333333]",0.08,90.0,gabors,30.0,4.0,0.25020244,138,,,0,,False,8,test,2
2426,0.0,694.86388,695.11408,null,0.8,null,-40.0,"[20.0, 20.0]","[3644.93333333, 3644.93333333]",0.08,0.0,gabors,40.0,4.0,0.25020244,154,,,0,,False,10,train,0
2427,0.0,695.11408,695.36428,null,0.8,null,-40.0,"[20.0, 20.0]","[3644.93333333, 3644.93333333]",0.08,90.0,gabors,-10.0,4.0,0.25020244,186,,,0,,False,8,test,2
2428,0.0,695.36428,695.61449,null,0.8,null,40.0,"[20.0, 20.0]","[3644.93333333, 3644.93333333]",0.08,0.0,gabors,-40.0,4.0,0.25020244,226,,,0,,False,7,train,0
2429,0.0,695.61449,695.8647,null,0.8,null,-10.0,"[20.0, 20.0]","[3644.93333333, 3644.93333333]",0.08,0.0,gabors,-40.0,4.0,0.25021756,37,,,0,,False,10,train,0
2430,0.0,695.8647,696.11492,null,0.8,null,-10.0,"[20.0, 20.0]","[3644.93333333, 3644.93333333]",0.08,45.0,gabors,40.0,4.0,0.25021756,215,,,0,,False,10,train,1
2431,0.0,696.11492,696.36514,null,0.8,null,30.0,"[20.0, 20.0]","[3644.93333333, 3644.93333333]",0.08,45.0,gabors,40.0,4.0,0.25021756,240,,,0,,False,8,test,1
2432,0.0,696.36514,696.61536,null,0.8,null,30.0,"[20.0, 20.0]","[3644.93333333, 3644.93333333]",0.08,45.0,gabors,-10.0,4.0,0.25021756,120,,,0,,False,9,train,1
2433,0.0,696.61536,696.86555,null,0.8,null,30.0,"[20.0, 20.0]","[3644.93333333, 3644.93333333]",0.08,45.0,gabors,0.0,4.0,0.25019744,1,,,0,,False,10,train,1
2434,0.0,696.86555,697.11575,null,0.8,null,-20.0,"[20.0, 20.0]","[3644.93333333, 3644.93333333]",0.08,90.0,gabors,-40.0,4.0,0.25019744,209,,,0,,False,9,train,2
2435,0.0,697.11575,697.36595,null,0.8,null,-20.0,"[20.0, 20.0]","[3644.93333333, 3644.93333333]",0.08,45.0,gabors,-30.0,4.0,0.25019744,48,,,0,,False,11,test,1
2436,0.0,697.36595,697.61615,null,0.8,null,-10.0,"[20.0, 20.0]","[3644.93333333, 3644.93333333]",0.08,45.0,gabors,20.0,4.0,0.25019744,174,,,0,,False,9,train,1
2437,0.0,697.61615,697.86636,null,0.8,null,-30.0,"[20.0, 20.0]","[3644.93333333, 3644.93333333]",0.08,90.0,gabors,0.0,4.0,0.25021506,239,,,0,,False,10,train,2
2438,0.0,697.86636,698.11658,null,0.8,null,10.0,"[20.0, 20.0]","[3644.93333333, 3644.93333333]",0.08,45.0,gabors,-10.0,4.0,0.25021506,143,,,0,,False,5,test,1
2439,0.0,698.11658,698.36679,null,0.8,null,20.0,"[20.0, 20.0]","[3644.93333333, 3644.93333333]",0.08,0.0,gabors,20.0,4.0,0.25021506,41,,,0,,False,8,test,0
2440,0.0,698.36679,698.61701,null,0.8,null,-40.0,"[20.0, 20.0]","[3644.93333333, 3644.93333333]",0.08,45.0,gabors,40.0,4.0,0.25021506,99,,,0,,False,9,train,1
2441,0.0,698.61701,698.86721,null,0.8,null,-20.0,"[20.0, 20.0]","[3644.93333333, 3644.93333333]",0.08,90.0,gabors,40.0,4.0,0.25020744,190,,,0,,False,10,train,2
2442,0.0,698.86721,699.11742,null,0.8,null,30.0,"[20.0, 20.0]","[3644.93333333, 3644.93333333]",0.08,0.0,gabors,-30.0,4.0,0.25020744,171,,,0,,False,7,train,0
2443,0.0,699.11742,699.36763,null,0.8,null,40.0,"[20.0, 20.0]","[3644.93333333, 3644.93333333]",0.08,90.0,gabors,0.0,4.0,0.25020744,128,,,0,,False,7,train,2
2444,0.0,699.36763,699.61784,null,0.8,null,30.0,"[20.0, 20.0]","[3644.93333333, 3644.93333333]",0.08,0.0,gabors,-30.0,4.0,0.25020744,171,,,0,,False,8,test,0
2445,0.0,699.61784,699.86805,null,0.8,null,-20.0,"[20.0, 20.0]","[3644.93333333, 3644.93333333]",0.08,90.0,gabors,-40.0,4.0,0.25021256,209,,,0,,False,10,train,2
2446,0.0,699.86805,700.11826,null,0.8,null,-30.0,"[20.0, 20.0]","[3644.93333333, 3644.93333333]",0.08,45.0,gabors,10.0,4.0,0.25021256,16,,,0,,False,7,train,1
2447,0.0,700.11826,700.36847,null,0.8,null,-30.0,"[20.0, 20.0]","[3644.93333333, 3644.93333333]",0.08,90.0,gabors,10.0,4.0,0.25021256,20,,,0,,False,9,train,2
2448,0.0,700.36847,700.61869,null,0.8,null,-10.0,"[20.0, 20.0]","[3644.93333333, 3644.93333333]",0.08,90.0,gabors,-30.0,4.0,0.25021256,147,,,0,,False,12,train,2
2449,0.0,700.61869,700.86889,null,0.8,null,30.0,"[20.0, 20.0]","[3644.93333333, 3644.93333333]",0.08,45.0,gabors,40.0,4.0,0.25020244,240,,,0,,False,9,train,1
2450,0.0,700.86889,701.11909,null,0.8,null,10.0,"[20.0, 20.0]","[3644.93333333, 3644.93333333]",0.08,0.0,gabors,-30.0,4.0,0.25020244,242,,,0,,False,6,train,0
2451,0.0,701.11909,701.36929,null,0.8,null,10.0,"[20.0, 20.0]","[3644.93333333, 3644.93333333]",0.08,0.0,gabors,-10.0,4.0,0.25020244,32,,,0,,False,10,train,0
2452,0.0,701.36929,701.6195,null,0.8,null,-40.0,"[20.0, 20.0]","[3644.93333333, 3644.93333333]",0.08,0.0,gabors,0.0,4.0,0.25020244,228,,,0,,False,9,train,0
2453,0.0,701.6195,701.86971,null,0.8,null,30.0,"[20.0, 20.0]","[3644.93333333, 3644.93333333]",0.08,90.0,gabors,10.0,4.0,0.25021756,87,,,0,,False,10,train,2
2454,0.0,701.86971,702.11993,null,0.8,null,40.0,"[20.0, 20.0]","[3644.93333333, 3644.93333333]",0.08,45.0,gabors,-30.0,4.0,0.25021756,103,,,0,,False,11,test,1
2455,0.0,702.11993,702.37015,null,0.8,null,-10.0,"[20.0, 20.0]","[3644.93333333, 3644.93333333]",0.08,45.0,gabors,-20.0,4.0,0.25021756,40,,,0,,False,10,train,1
2456,0.0,702.37015,702.62037,null,0.8,null,30.0,"[20.0, 20.0]","[3644.93333333, 3644.93333333]",0.08,45.0,gabors,10.0,4.0,0.25021756,68,,,0,,False,10,train,1
2457,0.0,702.62037,702.87057,null,0.8,null,-30.0,"[20.0, 20.0]","[3644.93333333, 3644.93333333]",0.08,45.0,gabors,30.0,4.0,0.25020244,159,,,0,,False,11,test,1
2458,0.0,702.87057,703.12077,null,0.8,null,20.0,"[20.0, 20.0]","[3644.93333333, 3644.93333333]",0.08,0.0,gabors,0.0,4.0,0.25020244,7,,,0,,False,10,train,0
2459,0.0,703.12077,703.37097,null,0.8,null,-10.0,"[20.0, 20.0]","[3644.93333333, 3644.93333333]",0.08,45.0,gabors,20.0,4.0,0.25020244,174,,,0,,False,10,train,1
2460,0.0,703.37097,703.62118,null,0.8,null,10.0,"[20.0, 20.0]","[3644.93333333, 3644.93333333]",0.08,45.0,gabors,40.0,4.0,0.25020244,222,,,0,,False,8,test,1
2461,0.0,703.62118,703.87139,null,0.8,null,-40.0,"[20.0, 20.0]","[3644.93333333, 3644.93333333]",0.08,45.0,gabors,20.0,4.0,0.25021506,151,,,0,,False,8,test,1
2462,0.0,703.87139,704.12161,null,0.8,null,-40.0,"[20.0, 20.0]","[3644.93333333, 3644.93333333]",0.08,0.0,gabors,0.0,4.0,0.25021506,228,,,0,,False,10,train,0
2463,0.0,704.12161,704.37182,null,0.8,null,-20.0,"[20.0, 20.0]","[3644.93333333, 3644.93333333]",0.08,45.0,gabors,40.0,4.0,0.25021506,57,,,0,,False,8,test,1
2464,0.0,704.37182,704.62204,null,0.8,null,-10.0,"[20.0, 20.0]","[3644.93333333, 3644.93333333]",0.08,0.0,gabors,-40.0,4.0,0.25021506,37,,,0,,False,11,test,0
2465,0.0,704.62204,704.87224,null,0.8,null,10.0,"[20.0, 20.0]","[3644.93333333, 3644.93333333]",0.08,45.0,gabors,-40.0,4.0,0.25020244,15,,,0,,False,11,test,1
2466,0.0,704.87224,705.12244,null,0.8,null,-40.0,"[20.0, 20.0]","[3644.93333333, 3644.93333333]",0.08,45.0,gabors,10.0,4.0,0.25020244,197,,,0,,False,8,test,1
2467,0.0,705.12244,705.37264,null,0.8,null,-30.0,"[20.0, 20.0]","[3644.93333333, 3644.93333333]",0.08,45.0,gabors,10.0,4.0,0.25020244,16,,,0,,False,8,test,1
2468,0.0,705.37264,705.62285,null,0.8,null,-30.0,"[20.0, 20.0]","[3644.93333333, 3644.93333333]",0.08,0.0,gabors,-30.0,4.0,0.25020244,164,,,0,,False,10,train,0
2469,0.0,705.62285,705.87305,null,0.8,null,0.0,"[20.0, 20.0]","[3644.93333333, 3644.93333333]",0.08,45.0,gabors,-30.0,4.0,0.25020756,91,,,0,,False,9,train,1
2470,0.0,705.87305,706.12326,null,0.8,null,40.0,"[20.0, 20.0]","[3644.93333333, 3644.93333333]",0.08,45.0,gabors,30.0,4.0,0.25020756,50,,,0,,False,10,train,1
2471,0.0,706.12326,706.37347,null,0.8,null,-10.0,"[20.0, 20.0]","[3644.93333333, 3644.93333333]",0.08,90.0,gabors,10.0,4.0,0.25020756,114,,,0,,False,10,train,2
2472,0.0,706.37347,706.62368,null,0.8,null,0.0,"[20.0, 20.0]","[3644.93333333, 3644.93333333]",0.08,45.0,gabors,-30.0,4.0,0.25020756,91,,,0,,False,10,train,1
2473,0.0,706.62368,706.87389,null,0.8,null,-30.0,"[20.0, 20.0]","[3644.93333333, 3644.93333333]",0.08,0.0,gabors,20.0,4.0,0.25020994,165,,,0,,False,8,test,0
2474,0.0,706.87389,707.1241,null,0.8,null,-40.0,"[20.0, 20.0]","[3644.93333333, 3644.93333333]",0.08,90.0,gabors,20.0,4.0,0.25020994,213,,,0,,False,10,train,2
2475,0.0,707.1241,707.37431,null,0.8,null,-30.0,"[20.0, 20.0]","[3644.93333333, 3644.93333333]",0.08,45.0,gabors,30.0,4.0,0.25020994,159,,,0,,False,12,train,1
2476,0.0,707.37431,707.62452,null,0.8,null,0.0,"[20.0, 20.0]","[3644.93333333, 3644.93333333]",0.08,0.0,gabors,-40.0,4.0,0.25020994,199,,,0,,False,11,test,0
2477,0.0,707.62452,707.87473,null,0.8,null,0.0,"[20.0, 20.0]","[3644.93333333, 3644.93333333]",0.08,45.0,gabors,40.0,4.0,0.25021506,131,,,0,,False,12,train,1
2478,0.0,707.87473,708.12495,null,0.8,null,30.0,"[20.0, 20.0]","[3644.93333333, 3644.93333333]",0.08,45.0,gabors,-30.0,4.0,0.25021506,65,,,0,,False,12,train,1
2479,0.0,708.12495,708.37516,null,0.8,null,30.0,"[20.0, 20.0]","[3644.93333333, 3644.93333333]",0.08,90.0,gabors,-20.0,4.0,0.25021506,66,,,0,,False,8,test,2
2480,0.0,708.37516,708.62538,null,0.8,null,40.0,"[20.0, 20.0]","[3644.93333333, 3644.93333333]",0.08,0.0,gabors,-30.0,4.0,0.25021506,142,,,0,,False,10,train,0
2481,0.0,708.62538,708.87558,null,0.8,null,40.0,"[20.0, 20.0]","[3644.93333333, 3644.93333333]",0.08,90.0,gabors,20.0,4.0,0.25020494,163,,,0,,False,10,train,2
2482,0.0,708.87558,709.12579,null,0.8,null,-10.0,"[20.0, 20.0]","[3644.93333333, 3644.93333333]",0.08,45.0,gabors,-10.0,4.0,0.25020494,216,,,0,,False,7,train,1
2483,0.0,709.12579,709.37599,null,0.8,null,40.0,"[20.0, 20.0]","[3644.93333333, 3644.93333333]",0.08,90.0,gabors,40.0,4.0,0.25020494,200,,,0,,False,9,train,2
2484,0.0,709.37599,709.6262,null,0.8,null,-20.0,"[20.0, 20.0]","[3644.93333333, 3644.93333333]",0.08,45.0,gabors,30.0,4.0,0.25020494,191,,,0,,False,8,test,1
2485,0.0,709.6262,709.87641,null,0.8,null,-30.0,"[20.0, 20.0]","[3644.93333333, 3644.93333333]",0.08,45.0,gabors,40.0,4.0,0.25021256,85,,,0,,False,13,train,1
2486,0.0,709.87641,710.12662,null,0.8,null,-20.0,"[20.0, 20.0]","[3644.93333333, 3644.93333333]",0.08,0.0,gabors,10.0,4.0,0.25021256,237,,,0,,False,6,train,0
2487,0.0,710.12662,710.37683,null,0.8,null,30.0,"[20.0, 20.0]","[3644.93333333, 3644.93333333]",0.08,0.0,gabors,-20.0,4.0,0.25021256,148,,,0,,False,9,train,0
2488,0.0,710.37683,710.62705,null,0.8,null,0.0,"[20.0, 20.0]","[3644.93333333, 3644.93333333]",0.08,0.0,gabors,10.0,4.0,0.25021256,234,,,0,,False,9,train,0
2489,0.0,710.62705,710.87725,null,0.8,null,40.0,"[20.0, 20.0]","[3644.93333333, 3644.93333333]",0.08,90.0,gabors,20.0,4.0,0.25020244,163,,,0,,False,11,test,2
2490,0.0,710.87725,711.12745,null,0.8,null,-30.0,"[20.0, 20.0]","[3644.93333333, 3644.93333333]",0.08,90.0,gabors,10.0,4.0,0.25020244,20,,,0,,False,10,train,2
2491,0.0,711.12745,711.37765,null,0.8,null,-20.0,"[20.0, 20.0]","[3644.93333333, 3644.93333333]",0.08,0.0,gabors,20.0,4.0,0.25020244,28,,,0,,False,10,train,0
2492,0.0,711.37765,711.62786,null,0.8,null,40.0,"[20.0, 20.0]","[3644.93333333, 3644.93333333]",0.08,45.0,gabors,10.0,4.0,0.25020244,4,,,0,,False,8,test,1
2493,0.0,711.62786,711.87807,null,0.8,null,10.0,"[20.0, 20.0]","[3644.93333333, 3644.93333333]",0.08,45.0,gabors,-20.0,4.0,0.25021506,126,,,0,,False,9,train,1
2494,0.0,711.87807,712.12829,null,0.8,null,30.0,"[20.0, 20.0]","[3644.93333333, 3644.93333333]",0.08,90.0,gabors,-10.0,4.0,0.25021506,35,,,0,,False,10,train,2
2495,0.0,712.12829,712.3785,null,0.8,null,30.0,"[20.0, 20.0]","[3644.93333333, 3644.93333333]",0.08,90.0,gabors,10.0,4.0,0.25021506,87,,,0,,False,11,test,2
2496,0.0,712.3785,712.62872,null,0.8,null,-40.0,"[20.0, 20.0]","[3644.93333333, 3644.93333333]",0.08,90.0,gabors,-10.0,4.0,0.25021506,186,,,0,,False,9,train,2
2497,0.0,712.62872,712.87892,null,0.8,null,-30.0,"[20.0, 20.0]","[3644.93333333, 3644.93333333]",0.08,90.0,gabors,-10.0,4.0,0.25020494,26,,,0,,False,10,train,2
2498,0.0,712.87892,713.12913,null,0.8,null,10.0,"[20.0, 20.0]","[3644.93333333, 3644.93333333]",0.08,0.0,gabors,20.0,4.0,0.25020494,179,,,0,,False,12,train,0
2499,0.0,713.12913,713.37933,null,0.8,null,-40.0,"[20.0, 20.0]","[3644.93333333, 3644.93333333]",0.08,90.0,gabors,-20.0,4.0,0.25020494,72,,,0,,False,10,train,2
2500,0.0,713.37933,713.62954,null,0.8,null,10.0,"[20.0, 20.0]","[3644.93333333, 3644.93333333]",0.08,90.0,gabors,30.0,4.0,0.25020494,14,,,0,,False,11,test,2
2501,0.0,713.62954,713.87975,null,0.8,null,40.0,"[20.0, 20.0]","[3644.93333333, 3644.93333333]",0.08,45.0,gabors,20.0,4.0,0.25021256,105,,,0,,False,10,train,1
2502,0.0,713.87975,714.12996,null,0.8,null,-40.0,"[20.0, 20.0]","[3644.93333333, 3644.93333333]",0.08,45.0,gabors,10.0,4.0,0.25021256,197,,,0,,False,9,train,1
2503,0.0,714.12996,714.38017,null,0.8,null,-20.0,"[20.0, 20.0]","[3644.93333333, 3644.93333333]",0.08,45.0,gabors,-10.0,4.0,0.25021256,86,,,0,,False,13,train,1
2504,0.0,714.38017,714.63039,null,0.8,null,-20.0,"[20.0, 20.0]","[3644.93333333, 3644.93333333]",0.08,90.0,gabors,10.0,4.0,0.25021256,119,,,0,,False,11,test,2
2505,0.0,714.63039,714.88059,null,0.8,null,0.0,"[20.0, 20.0]","[3644.93333333, 3644.93333333]",0.08,0.0,gabors,-10.0,4.0,0.25020744,221,,,0,,False,6,train,0
2506,0.0,714.88059,715.1308,null,0.8,null,-10.0,"[20.0, 20.0]","[3644.93333333, 3644.93333333]",0.08,90.0,gabors,-40.0,4.0,0.25020744,185,,,0,,False,12,train,2
2507,0.0,715.1308,715.38101,null,0.8,null,-10.0,"[20.0, 20.0]","[3644.93333333, 3644.93333333]",0.08,45.0,gabors,-30.0,4.0,0.25020744,189,,,0,,False,8,test,1
2508,0.0,715.38101,715.63122,null,0.8,null,-10.0,"[20.0, 20.0]","[3644.93333333, 3644.93333333]",0.08,45.0,gabors,-30.0,4.0,0.25020744,189,,,0,,False,9,train,1
2509,0.0,715.63122,715.88143,null,0.8,null,20.0,"[20.0, 20.0]","[3644.93333333, 3644.93333333]",0.08,0.0,gabors,-40.0,4.0,0.25021006,75,,,0,,False,12,train,0
2510,0.0,715.88143,716.13164,null,0.8,null,-20.0,"[20.0, 20.0]","[3644.93333333, 3644.93333333]",0.08,90.0,gabors,30.0,4.0,0.25021006,202,,,0,,False,7,train,2
2511,0.0,716.13164,716.38185,null,0.8,null,0.0,"[20.0, 20.0]","[3644.93333333, 3644.93333333]",0.08,45.0,gabors,-10.0,4.0,0.25021006,23,,,0,,False,10,train,1
2512,0.0,716.38185,716.63206,null,0.8,null,-30.0,"[20.0, 20.0]","[3644.93333333, 3644.93333333]",0.08,0.0,gabors,-20.0,4.0,0.25021006,81,,,0,,False,8,test,0
2513,0.0,716.63206,716.88226,null,0.8,null,40.0,"[20.0, 20.0]","[3644.93333333, 3644.93333333]",0.08,90.0,gabors,-30.0,4.0,0.25020494,127,,,0,,False,7,train,2
2514,0.0,716.88226,717.13247,null,0.8,null,20.0,"[20.0, 20.0]","[3644.93333333, 3644.93333333]",0.08,90.0,gabors,-10.0,4.0,0.25020494,156,,,0,,False,9,train,2
2515,0.0,717.13247,717.38267,null,0.8,null,-40.0,"[20.0, 20.0]","[3644.93333333, 3644.93333333]",0.08,0.0,gabors,-20.0,4.0,0.25020494,70,,,0,,False,10,train,0
2516,0.0,717.38267,717.63288,null,0.8,null,-20.0,"[20.0, 20.0]","[3644.93333333, 3644.93333333]",0.08,90.0,gabors,10.0,4.0,0.25020494,119,,,0,,False,12,train,2
2517,0.0,717.63288,717.88308,null,0.8,null,-20.0,"[20.0, 20.0]","[3644.93333333, 3644.93333333]",0.08,0.0,gabors,10.0,4.0,0.25020506,237,,,0,,False,7,train,0
2518,0.0,717.88308,718.13329,null,0.8,null,10.0,"[20.0, 20.0]","[3644.93333333, 3644.93333333]",0.08,90.0,gabors,-20.0,4.0,0.25020506,25,,,0,,False,8,test,2
2519,0.0,718.13329,718.38349,null,0.8,null,10.0,"[20.0, 20.0]","[3644.93333333, 3644.93333333]",0.08,90.0,gabors,-30.0,4.0,0.25020506,93,,,0,,False,12,train,2
2520,0.0,718.38349,718.6337,null,0.8,null,-30.0,"[20.0, 20.0]","[3644.93333333, 3644.93333333]",0.08,90.0,gabors,-40.0,4.0,0.25020506,39,,,0,,False,11,test,2
2521,0.0,718.6337,718.88391,null,0.8,null,10.0,"[20.0, 20.0]","[3644.93333333, 3644.93333333]",0.08,45.0,gabors,-10.0,4.0,0.25021244,143,,,0,,False,6,train,1
2522,0.0,718.88391,719.13412,null,0.8,null,10.0,"[20.0, 20.0]","[3644.93333333, 3644.93333333]",0.08,0.0,gabors,-40.0,4.0,0.25021244,111,,,0,,False,10,train,0
2523,0.0,719.13412,719.38433,null,0.8,null,0.0,"[20.0, 20.0]","[3644.93333333, 3644.93333333]",0.08,90.0,gabors,20.0,4.0,0.25021244,225,,,0,,False,10,train,2
2524,0.0,719.38433,719.63455,null,0.8,null,-20.0,"[20.0, 20.0]","[3644.93333333, 3644.93333333]",0.08,0.0,gabors,0.0,4.0,0.25021244,46,,,0,,False,10,train,0
2525,0.0,719.63455,719.88477,null,0.8,null,40.0,"[20.0, 20.0]","[3644.93333333, 3644.93333333]",0.08,90.0,gabors,20.0,4.0,0.25022006,163,,,0,,False,12,train,2
2526,0.0,719.88477,720.13499,null,0.8,null,10.0,"[20.0, 20.0]","[3644.93333333, 3644.93333333]",0.08,0.0,gabors,-40.0,4.0,0.25022006,111,,,0,,False,11,test,0
2527,0.0,720.13499,720.38521,null,0.8,null,40.0,"[20.0, 20.0]","[3644.93333333, 3644.93333333]",0.08,90.0,gabors,40.0,4.0,0.25022006,200,,,0,,False,10,train,2
2528,0.0,720.38521,720.63543,null,0.8,null,-30.0,"[20.0, 20.0]","[3644.93333333, 3644.93333333]",0.08,45.0,gabors,20.0,4.0,0.25022006,24,,,0,,False,7,train,1
2529,0.0,720.63543,720.88563,null,0.8,null,-40.0,"[20.0, 20.0]","[3644.93333333, 3644.93333333]",0.08,0.0,gabors,-10.0,4.0,0.25020244,141,,,0,,False,10,train,0
2530,0.0,720.88563,721.13583,null,0.8,null,-10.0,"[20.0, 20.0]","[3644.93333333, 3644.93333333]",0.08,45.0,gabors,0.0,4.0,0.25020244,173,,,0,,False,10,train,1
2531,0.0,721.13583,721.38603,null,0.8,null,-20.0,"[20.0, 20.0]","[3644.93333333, 3644.93333333]",0.08,90.0,gabors,20.0,4.0,0.25020244,83,,,0,,False,10,train,2
2532,0.0,721.38603,721.63624,null,0.8,null,30.0,"[20.0, 20.0]","[3644.93333333, 3644.93333333]",0.08,90.0,gabors,40.0,4.0,0.25020244,88,,,0,,False,8,test,2
2533,0.0,721.63624,721.88645,null,0.8,null,-30.0,"[20.0, 20.0]","[3644.93333333, 3644.93333333]",0.08,45.0,gabors,10.0,4.0,0.25021006,16,,,0,,False,9,train,1
2534,0.0,721.88645,722.13666,null,0.8,null,40.0,"[20.0, 20.0]","[3644.93333333, 3644.93333333]",0.08,45.0,gabors,40.0,4.0,0.25021006,214,,,0,,False,5,test,1
2535,0.0,722.13666,722.38687,null,0.8,null,20.0,"[20.0, 20.0]","[3644.93333333, 3644.93333333]",0.08,90.0,gabors,10.0,4.0,0.25021006,158,,,0,,False,12,train,2
2536,0.0,722.38687,722.63708,null,0.8,null,-40.0,"[20.0, 20.0]","[3644.93333333, 3644.93333333]",0.08,0.0,gabors,40.0,4.0,0.25021006,154,,,0,,False,11,test,0
2537,0.0,722.63708,722.88728,null,0.8,null,0.0,"[20.0, 20.0]","[3644.93333333, 3644.93333333]",0.08,45.0,gabors,20.0,4.0,0.25020494,233,,,0,,False,11,test,1
2538,0.0,722.88728,723.13749,null,0.8,null,20.0,"[20.0, 20.0]","[3644.93333333, 3644.93333333]",0.08,45.0,gabors,30.0,4.0,0.25020494,118,,,0,,False,9,train,1
2539,0.0,723.13749,723.38769,null,0.8,null,-40.0,"[20.0, 20.0]","[3644.93333333, 3644.93333333]",0.08,90.0,gabors,40.0,4.0,0.25020494,34,,,0,,False,8,test,2
2540,0.0,723.38769,723.6379,null,0.8,null,-30.0,"[20.0, 20.0]","[3644.93333333, 3644.93333333]",0.08,0.0,gabors,40.0,4.0,0.25020494,97,,,0,,False,12,train,0
2541,0.0,723.6379,723.88811,null,0.8,null,-40.0,"[20.0, 20.0]","[3644.93333333, 3644.93333333]",0.08,45.0,gabors,-10.0,4.0,0.25021256,169,,,0,,False,6,train,1
2542,0.0,723.88811,724.13832,null,0.8,null,20.0,"[20.0, 20.0]","[3644.93333333, 3644.93333333]",0.08,45.0,gabors,-30.0,4.0,0.25021256,129,,,0,,False,8,test,1
2543,0.0,724.13832,724.38853,null,0.8,null,-20.0,"[20.0, 20.0]","[3644.93333333, 3644.93333333]",0.08,0.0,gabors,-10.0,4.0,0.25021256,223,,,0,,False,12,train,0
2544,0.0,724.38853,724.63875,null,0.8,null,40.0,"[20.0, 20.0]","[3644.93333333, 3644.93333333]",0.08,0.0,gabors,0.0,4.0,0.25021256,55,,,0,,False,14,test,0
2545,0.0,724.63875,724.88895,null,0.8,null,-40.0,"[20.0, 20.0]","[3644.93333333, 3644.93333333]",0.08,90.0,gabors,-20.0,4.0,0.25020744,72,,,0,,False,11,test,2
2546,0.0,724.88895,725.13916,null,0.8,null,-30.0,"[20.0, 20.0]","[3644.93333333, 3644.93333333]",0.08,90.0,gabors,0.0,4.0,0.25020744,239,,,0,,False,11,test,2
2547,0.0,725.13916,725.38937,null,0.8,null,0.0,"[20.0, 20.0]","[3644.93333333, 3644.93333333]",0.08,0.0,gabors,-40.0,4.0,0.25020744,199,,,0,,False,12,train,0
2548,0.0,725.38937,725.63958,null,0.8,null,10.0,"[20.0, 20.0]","[3644.93333333, 3644.93333333]",0.08,45.0,gabors,-10.0,4.0,0.25020744,143,,,0,,False,7,train,1
2549,0.0,725.63958,725.8898,null,0.8,null,30.0,"[20.0, 20.0]","[3644.93333333, 3644.93333333]",0.08,90.0,gabors,-40.0,4.0,0.25022006,109,,,0,,False,10,train,2
2550,0.0,725.8898,726.14002,null,0.8,null,40.0,"[20.0, 20.0]","[3644.93333333, 3644.93333333]",0.08,45.0,gabors,40.0,4.0,0.25022006,214,,,0,,False,6,train,1
2551,0.0,726.14002,726.39024,null,0.8,null,30.0,"[20.0, 20.0]","[3644.93333333, 3644.93333333]",0.08,90.0,gabors,-30.0,4.0,0.25022006,84,,,0,,False,8,test,2
2552,0.0,726.39024,726.64046,null,0.8,null,-40.0,"[20.0, 20.0]","[3644.93333333, 3644.93333333]",0.08,45.0,gabors,-20.0,4.0,0.25022006,18,,,0,,False,9,train,1
2553,0.0,726.64046,726.89065,null,0.8,null,20.0,"[20.0, 20.0]","[3644.93333333, 3644.93333333]",0.08,0.0,gabors,-40.0,4.0,0.25019744,75,,,0,,False,13,train,0
2554,0.0,726.89065,727.14085,null,0.8,null,40.0,"[20.0, 20.0]","[3644.93333333, 3644.93333333]",0.08,90.0,gabors,-30.0,4.0,0.25019744,127,,,0,,False,8,test,2
2555,0.0,727.14085,727.39105,null,0.8,null,-10.0,"[20.0, 20.0]","[3644.93333333, 3644.93333333]",0.08,90.0,gabors,-40.0,4.0,0.25019744,185,,,0,,False,13,train,2
2556,0.0,727.39105,727.64125,null,0.8,null,20.0,"[20.0, 20.0]","[3644.93333333, 3644.93333333]",0.08,45.0,gabors,40.0,4.0,0.25019744,136,,,0,,False,10,train,1
2557,0.0,727.64125,727.89146,null,0.8,null,30.0,"[20.0, 20.0]","[3644.93333333, 3644.93333333]",0.08,90.0,gabors,30.0,4.0,0.25021256,241,,,0,,False,7,train,2
2558,0.0,727.89146,728.14167,null,0.8,null,30.0,"[20.0, 20.0]","[3644.93333333, 3644.93333333]",0.08,0.0,gabors,20.0,4.0,0.25021256,172,,,0,,False,10,train,0
2559,0.0,728.14167,728.39188,null,0.8,null,0.0,"[20.0, 20.0]","[3644.93333333, 3644.93333333]",0.08,90.0,gabors,-30.0,4.0,0.25021256,137,,,0,,False,11,test,2
2560,0.0,728.39188,728.6421,null,0.8,null,10.0,"[20.0, 20.0]","[3644.93333333, 3644.93333333]",0.08,0.0,gabors,-30.0,4.0,0.25021256,242,,,0,,False,7,train,0
2561,0.0,728.6421,728.8923,null,0.8,null,0.0,"[20.0, 20.0]","[3644.93333333, 3644.93333333]",0.08,0.0,gabors,-10.0,4.0,0.25020244,221,,,0,,False,7,train,0
2562,0.0,728.8923,729.1425,null,0.8,null,-30.0,"[20.0, 20.0]","[3644.93333333, 3644.93333333]",0.08,0.0,gabors,-30.0,4.0,0.25020244,164,,,0,,False,11,test,0
2563,0.0,729.1425,729.3927,null,0.8,null,0.0,"[20.0, 20.0]","[3644.93333333, 3644.93333333]",0.08,0.0,gabors,-30.0,4.0,0.25020244,188,,,0,,False,7,train,0
2564,0.0,729.3927,729.64291,null,0.8,null,10.0,"[20.0, 20.0]","[3644.93333333, 3644.93333333]",0.08,90.0,gabors,40.0,4.0,0.25020244,12,,,0,,False,9,train,2
2565,0.0,729.64291,729.89312,null,0.8,null,-20.0,"[20.0, 20.0]","[3644.93333333, 3644.93333333]",0.08,90.0,gabors,0.0,4.0,0.25021756,5,,,0,,False,6,train,2
2566,0.0,729.89312,730.14334,null,0.8,null,-30.0,"[20.0, 20.0]","[3644.93333333, 3644.93333333]",0.08,45.0,gabors,10.0,4.0,0.25021756,16,,,0,,False,10,train,1
2567,0.0,730.14334,730.39356,null,0.8,null,20.0,"[20.0, 20.0]","[3644.93333333, 3644.93333333]",0.08,45.0,gabors,-30.0,4.0,0.25021756,129,,,0,,False,9,train,1
2568,0.0,730.39356,730.64378,null,0.8,null,40.0,"[20.0, 20.0]","[3644.93333333, 3644.93333333]",0.08,0.0,gabors,-40.0,4.0,0.25021756,226,,,0,,False,8,test,0
2569,0.0,730.64378,730.89398,null,0.8,null,-20.0,"[20.0, 20.0]","[3644.93333333, 3644.93333333]",0.08,45.0,gabors,10.0,4.0,0.25020244,113,,,0,,False,11,test,1
2570,0.0,730.89398,731.14418,null,0.8,null,20.0,"[20.0, 20.0]","[3644.93333333, 3644.93333333]",0.08,0.0,gabors,20.0,4.0,0.25020244,41,,,0,,False,9,train,0
2571,0.0,731.14418,731.39438,null,0.8,null,-10.0,"[20.0, 20.0]","[3644.93333333, 3644.93333333]",0.08,45.0,gabors,30.0,4.0,0.25020244,89,,,0,,False,12,train,1
2572,0.0,731.39438,731.64459,null,0.8,null,-40.0,"[20.0, 20.0]","[3644.93333333, 3644.93333333]",0.08,90.0,gabors,-20.0,4.0,0.25020244,72,,,0,,False,12,train,2
2573,0.0,731.64459,731.8948,null,0.8,null,10.0,"[20.0, 20.0]","[3644.93333333, 3644.93333333]",0.08,0.0,gabors,-20.0,4.0,0.25021756,153,,,0,,False,7,train,0
2574,0.0,731.8948,732.14502,null,0.8,null,40.0,"[20.0, 20.0]","[3644.93333333, 3644.93333333]",0.08,45.0,gabors,40.0,4.0,0.25021756,214,,,0,,False,7,train,1
2575,0.0,732.14502,732.39524,null,0.8,null,-10.0,"[20.0, 20.0]","[3644.93333333, 3644.93333333]",0.08,90.0,gabors,30.0,4.0,0.25021756,140,,,0,,False,13,train,2
2576,0.0,732.39524,732.64546,null,0.8,null,-20.0,"[20.0, 20.0]","[3644.93333333, 3644.93333333]",0.08,0.0,gabors,0.0,4.0,0.25021756,46,,,0,,False,11,test,0
2577,0.0,732.64546,732.89566,null,0.8,null,-40.0,"[20.0, 20.0]","[3644.93333333, 3644.93333333]",0.08,0.0,gabors,20.0,4.0,0.25020244,8,,,0,,False,11,test,0
2578,0.0,732.89566,733.14586,null,0.8,null,40.0,"[20.0, 20.0]","[3644.93333333, 3644.93333333]",0.08,45.0,gabors,10.0,4.0,0.25020244,4,,,0,,False,9,train,1
2579,0.0,733.14586,733.39606,null,0.8,null,10.0,"[20.0, 20.0]","[3644.93333333, 3644.93333333]",0.08,0.0,gabors,10.0,4.0,0.25020244,224,,,0,,False,12,train,0
2580,0.0,733.39606,733.64627,null,0.8,null,40.0,"[20.0, 20.0]","[3644.93333333, 3644.93333333]",0.08,0.0,gabors,40.0,4.0,0.25020244,230,,,0,,False,12,train,0
2581,0.0,733.64627,733.89649,null,0.8,null,0.0,"[20.0, 20.0]","[3644.93333333, 3644.93333333]",0.08,90.0,gabors,30.0,4.0,0.25022006,146,,,0,,False,9,train,2
2582,0.0,733.89649,734.14671,null,0.8,null,-30.0,"[20.0, 20.0]","[3644.93333333, 3644.93333333]",0.08,45.0,gabors,-20.0,4.0,0.25022006,181,,,0,,False,10,train,1
2583,0.0,734.14671,734.39693,null,0.8,null,40.0,"[20.0, 20.0]","[3644.93333333, 3644.93333333]",0.08,45.0,gabors,40.0,4.0,0.25022006,214,,,0,,False,8,test,1
2584,0.0,734.39693,734.64715,null,0.8,null,40.0,"[20.0, 20.0]","[3644.93333333, 3644.93333333]",0.08,90.0,gabors,40.0,4.0,0.25022006,200,,,0,,False,11,test,2
2585,0.0,734.64715,734.89734,null,0.8,null,0.0,"[20.0, 20.0]","[3644.93333333, 3644.93333333]",0.08,0.0,gabors,10.0,4.0,0.25019494,234,,,0,,False,10,train,0
2586,0.0,734.89734,735.14754,null,0.8,null,-10.0,"[20.0, 20.0]","[3644.93333333, 3644.93333333]",0.08,0.0,gabors,-20.0,4.0,0.25019494,176,,,0,,False,8,test,0
2587,0.0,735.14754,735.39773,null,0.8,null,40.0,"[20.0, 20.0]","[3644.93333333, 3644.93333333]",0.08,90.0,gabors,-30.0,4.0,0.25019494,127,,,0,,False,9,train,2
2588,0.0,735.39773,735.64793,null,0.8,null,0.0,"[20.0, 20.0]","[3644.93333333, 3644.93333333]",0.08,45.0,gabors,10.0,4.0,0.25019494,90,,,0,,False,7,train,1
2589,0.0,735.64793,735.89813,null,0.8,null,20.0,"[20.0, 20.0]","[3644.93333333, 3644.93333333]",0.08,90.0,gabors,-30.0,4.0,0.25020756,64,,,0,,False,9,train,2
2590,0.0,735.89813,736.14834,null,0.8,null,10.0,"[20.0, 20.0]","[3644.93333333, 3644.93333333]",0.08,0.0,gabors,-30.0,4.0,0.25020756,242,,,0,,False,8,test,0
2591,0.0,736.14834,736.39855,null,0.8,null,10.0,"[20.0, 20.0]","[3644.93333333, 3644.93333333]",0.08,0.0,gabors,10.0,4.0,0.25020756,224,,,0,,False,13,train,0
2592,0.0,736.39855,736.64876,null,0.8,null,-20.0,"[20.0, 20.0]","[3644.93333333, 3644.93333333]",0.08,90.0,gabors,-30.0,4.0,0.25020756,145,,,0,,False,9,train,2
2593,0.0,736.64876,736.89897,null,0.8,null,40.0,"[20.0, 20.0]","[3644.93333333, 3644.93333333]",0.08,90.0,gabors,30.0,4.0,0.25021244,138,,,0,,False,9,train,2
2594,0.0,736.89897,737.14918,null,0.8,null,-40.0,"[20.0, 20.0]","[3644.93333333, 3644.93333333]",0.08,45.0,gabors,-10.0,4.0,0.25021244,169,,,0,,False,7,train,1
2595,0.0,737.14918,737.39939,null,0.8,null,30.0,"[20.0, 20.0]","[3644.93333333, 3644.93333333]",0.08,45.0,gabors,10.0,4.0,0.25021244,68,,,0,,False,11,test,1
2596,0.0,737.39939,737.64961,null,0.8,null,-40.0,"[20.0, 20.0]","[3644.93333333, 3644.93333333]",0.08,45.0,gabors,20.0,4.0,0.25021244,151,,,0,,False,9,train,1
2597,0.0,737.64961,737.89982,null,0.8,null,40.0,"[20.0, 20.0]","[3644.93333333, 3644.93333333]",0.08,45.0,gabors,0.0,4.0,0.25021506,73,,,0,,False,8,test,1
2598,0.0,737.89982,738.15004,null,0.8,null,40.0,"[20.0, 20.0]","[3644.93333333, 3644.93333333]",0.08,90.0,gabors,30.0,4.0,0.25021506,138,,,0,,False,10,train,2
2599,0.0,738.15004,738.40025,null,0.8,null,-20.0,"[20.0, 20.0]","[3644.93333333, 3644.93333333]",0.08,90.0,gabors,20.0,4.0,0.25021506,83,,,0,,False,11,test,2
2600,0.0,738.40025,738.65047,null,0.8,null,20.0,"[20.0, 20.0]","[3644.93333333, 3644.93333333]",0.08,45.0,gabors,-20.0,4.0,0.25021506,29,,,0,,False,11,test,1
2601,0.0,738.65047,738.90067,null,0.8,null,40.0,"[20.0, 20.0]","[3644.93333333, 3644.93333333]",0.08,0.0,gabors,-20.0,4.0,0.25020244,30,,,0,,False,9,train,0
2602,0.0,738.90067,739.15087,null,0.8,null,-10.0,"[20.0, 20.0]","[3644.93333333, 3644.93333333]",0.08,0.0,gabors,-20.0,4.0,0.25020244,176,,,0,,False,9,train,0
2603,0.0,739.15087,739.40107,null,0.8,null,0.0,"[20.0, 20.0]","[3644.93333333, 3644.93333333]",0.08,45.0,gabors,-20.0,4.0,0.25020244,182,,,0,,False,10,train,1
2604,0.0,739.40107,739.65128,null,0.8,null,-20.0,"[20.0, 20.0]","[3644.93333333, 3644.93333333]",0.08,90.0,gabors,0.0,4.0,0.25020244,5,,,0,,False,7,train,2
2605,0.0,739.65128,739.90149,null,0.8,null,0.0,"[20.0, 20.0]","[3644.93333333, 3644.93333333]",0.08,0.0,gabors,-10.0,4.0,0.25021506,221,,,0,,False,8,test,0
2606,0.0,739.90149,740.15171,null,0.8,null,30.0,"[20.0, 20.0]","[3644.93333333, 3644.93333333]",0.08,90.0,gabors,0.0,4.0,0.25021506,11,,,0,,False,11,test,2
2607,0.0,740.15171,740.40192,null,0.8,null,20.0,"[20.0, 20.0]","[3644.93333333, 3644.93333333]",0.08,90.0,gabors,-10.0,4.0,0.25021506,156,,,0,,False,10,train,2
2608,0.0,740.40192,740.65214,null,0.8,null,10.0,"[20.0, 20.0]","[3644.93333333, 3644.93333333]",0.08,45.0,gabors,40.0,4.0,0.25021506,222,,,0,,False,9,train,1
2609,0.0,740.65214,740.90234,null,0.8,null,10.0,"[20.0, 20.0]","[3644.93333333, 3644.93333333]",0.08,90.0,gabors,-20.0,4.0,0.25020244,25,,,0,,False,9,train,2
2610,0.0,740.90234,741.15254,null,0.8,null,10.0,"[20.0, 20.0]","[3644.93333333, 3644.93333333]",0.08,45.0,gabors,40.0,4.0,0.25020244,222,,,0,,False,10,train,1
2611,0.0,741.15254,741.40274,null,0.8,null,-30.0,"[20.0, 20.0]","[3644.93333333, 3644.93333333]",0.08,45.0,gabors,10.0,4.0,0.25020244,16,,,0,,False,11,test,1
2612,0.0,741.40274,741.65295,null,0.8,null,-40.0,"[20.0, 20.0]","[3644.93333333, 3644.93333333]",0.08,0.0,gabors,30.0,4.0,0.25020244,231,,,0,,False,10,train,0
2613,0.0,741.65295,741.90316,null,0.8,null,30.0,"[20.0, 20.0]","[3644.93333333, 3644.93333333]",0.08,0.0,gabors,-10.0,4.0,0.25021256,92,,,0,,False,10,train,0
2614,0.0,741.90316,742.15337,null,0.8,null,40.0,"[20.0, 20.0]","[3644.93333333, 3644.93333333]",0.08,90.0,gabors,-10.0,4.0,0.25021256,229,,,0,,False,10,train,2
2615,0.0,742.15337,742.40358,null,0.8,null,-20.0,"[20.0, 20.0]","[3644.93333333, 3644.93333333]",0.08,0.0,gabors,-40.0,4.0,0.25021256,117,,,0,,False,10,train,0
2616,0.0,742.40358,742.6538,null,0.8,null,0.0,"[20.0, 20.0]","[3644.93333333, 3644.93333333]",0.08,45.0,gabors,10.0,4.0,0.25021256,90,,,0,,False,8,test,1
2617,0.0,742.6538,742.904,null,0.8,null,-20.0,"[20.0, 20.0]","[3644.93333333, 3644.93333333]",0.08,90.0,gabors,40.0,4.0,0.25020744,190,,,0,,False,11,test,2
2618,0.0,742.904,743.15421,null,0.8,null,10.0,"[20.0, 20.0]","[3644.93333333, 3644.93333333]",0.08,90.0,gabors,30.0,4.0,0.25020744,14,,,0,,False,12,train,2
2619,0.0,743.15421,743.40442,null,0.8,null,40.0,"[20.0, 20.0]","[3644.93333333, 3644.93333333]",0.08,45.0,gabors,-20.0,4.0,0.25020744,125,,,0,,False,11,test,1
2620,0.0,743.40442,743.65463,null,0.8,null,-30.0,"[20.0, 20.0]","[3644.93333333, 3644.93333333]",0.08,0.0,gabors,30.0,4.0,0.25020744,204,,,0,,False,11,test,0
2621,0.0,743.65463,743.90483,null,0.8,null,30.0,"[20.0, 20.0]","[3644.93333333, 3644.93333333]",0.08,90.0,gabors,20.0,4.0,0.25020756,211,,,0,,False,10,train,2
2622,0.0,743.90483,744.15504,null,0.8,null,40.0,"[20.0, 20.0]","[3644.93333333, 3644.93333333]",0.08,45.0,gabors,0.0,4.0,0.25020756,73,,,0,,False,9,train,1
2623,0.0,744.15504,744.40525,null,0.8,null,-40.0,"[20.0, 20.0]","[3644.93333333, 3644.93333333]",0.08,0.0,gabors,-40.0,4.0,0.25020756,139,,,0,,False,11,test,0
2624,0.0,744.40525,744.65546,null,0.8,null,20.0,"[20.0, 20.0]","[3644.93333333, 3644.93333333]",0.08,45.0,gabors,10.0,4.0,0.25020756,217,,,0,,False,12,train,1
2625,0.0,744.65546,744.90567,null,0.8,null,10.0,"[20.0, 20.0]","[3644.93333333, 3644.93333333]",0.08,0.0,gabors,-30.0,4.0,0.25021244,242,,,0,,False,9,train,0
2626,0.0,744.90567,745.15588,null,0.8,null,-30.0,"[20.0, 20.0]","[3644.93333333, 3644.93333333]",0.08,90.0,gabors,-10.0,4.0,0.25021244,26,,,0,,False,11,test,2
2627,0.0,745.15588,745.40609,null,0.8,null,-30.0,"[20.0, 20.0]","[3644.93333333, 3644.93333333]",0.08,90.0,gabors,-40.0,4.0,0.25021244,39,,,0,,False,12,train,2
2628,0.0,745.40609,745.65631,null,0.8,null,20.0,"[20.0, 20.0]","[3644.93333333, 3644.93333333]",0.08,0.0,gabors,-20.0,4.0,0.25021244,96,,,0,,False,13,train,0
2629,0.0,745.65631,745.90651,null,0.8,null,-40.0,"[20.0, 20.0]","[3644.93333333, 3644.93333333]",0.08,0.0,gabors,10.0,4.0,0.25020756,203,,,0,,False,8,test,0
2630,0.0,745.90651,746.15672,null,0.8,null,20.0,"[20.0, 20.0]","[3644.93333333, 3644.93333333]",0.08,45.0,gabors,-30.0,4.0,0.25020756,129,,,0,,False,10,train,1
2631,0.0,746.15672,746.40693,null,0.8,null,20.0,"[20.0, 20.0]","[3644.93333333, 3644.93333333]",0.08,90.0,gabors,-20.0,4.0,0.25020756,177,,,0,,False,10,train,2
2632,0.0,746.40693,746.65714,null,0.8,null,-20.0,"[20.0, 20.0]","[3644.93333333, 3644.93333333]",0.08,90.0,gabors,30.0,4.0,0.25020756,202,,,0,,False,8,test,2
2633,0.0,746.65714,746.90735,null,0.8,null,-40.0,"[20.0, 20.0]","[3644.93333333, 3644.93333333]",0.08,0.0,gabors,0.0,4.0,0.25020994,228,,,0,,False,11,test,0
2634,0.0,746.90735,747.15756,null,0.8,null,0.0,"[20.0, 20.0]","[3644.93333333, 3644.93333333]",0.08,90.0,gabors,10.0,4.0,0.25020994,110,,,0,,False,11,test,2
2635,0.0,747.15756,747.40777,null,0.8,null,0.0,"[20.0, 20.0]","[3644.93333333, 3644.93333333]",0.08,0.0,gabors,40.0,4.0,0.25020994,36,,,0,,False,11,test,0
2636,0.0,747.40777,747.65798,null,0.8,null,30.0,"[20.0, 20.0]","[3644.93333333, 3644.93333333]",0.08,45.0,gabors,-10.0,4.0,0.25020994,120,,,0,,False,10,train,1
2637,0.0,747.65798,747.90818,null,0.8,null,0.0,"[20.0, 20.0]","[3644.93333333, 3644.93333333]",0.08,45.0,gabors,20.0,4.0,0.25020756,233,,,0,,False,12,train,1
2638,0.0,747.90818,748.15839,null,0.8,null,20.0,"[20.0, 20.0]","[3644.93333333, 3644.93333333]",0.08,45.0,gabors,20.0,4.0,0.25020756,168,,,0,,False,10,train,1
2639,0.0,748.15839,748.4086,null,0.8,null,-40.0,"[20.0, 20.0]","[3644.93333333, 3644.93333333]",0.08,45.0,gabors,30.0,4.0,0.25020756,144,,,0,,False,9,train,1
2640,0.0,748.4086,748.65881,null,0.8,null,20.0,"[20.0, 20.0]","[3644.93333333, 3644.93333333]",0.08,90.0,gabors,-10.0,4.0,0.25020756,156,,,0,,False,11,test,2
2641,0.0,748.65881,748.90901,null,0.8,null,10.0,"[20.0, 20.0]","[3644.93333333, 3644.93333333]",0.08,45.0,gabors,30.0,4.0,0.25020744,167,,,0,,False,9,train,1
2642,0.0,748.90901,749.15922,null,0.8,null,-10.0,"[20.0, 20.0]","[3644.93333333, 3644.93333333]",0.08,45.0,gabors,-40.0,4.0,0.25020744,21,,,0,,False,13,train,1
2643,0.0,749.15922,749.40943,null,0.8,null,-40.0,"[20.0, 20.0]","[3644.93333333, 3644.93333333]",0.08,0.0,gabors,30.0,4.0,0.25020744,231,,,0,,False,11,test,0
2644,0.0,749.40943,749.65964,null,0.8,null,10.0,"[20.0, 20.0]","[3644.93333333, 3644.93333333]",0.08,90.0,gabors,-20.0,4.0,0.25020744,25,,,0,,False,10,train,2
2645,0.0,749.65964,749.90984,null,0.8,null,10.0,"[20.0, 20.0]","[3644.93333333, 3644.93333333]",0.08,90.0,gabors,40.0,4.0,0.25020756,12,,,0,,False,10,train,2
2646,0.0,749.90984,750.16005,null,0.8,null,-40.0,"[20.0, 20.0]","[3644.93333333, 3644.93333333]",0.08,90.0,gabors,-40.0,4.0,0.25020756,161,,,0,,False,11,test,2
2647,0.0,750.16005,750.41026,null,0.8,null,-10.0,"[20.0, 20.0]","[3644.93333333, 3644.93333333]",0.08,0.0,gabors,-20.0,4.0,0.25020756,176,,,0,,False,10,train,0
2648,0.0,750.41026,750.66047,null,0.8,null,-10.0,"[20.0, 20.0]","[3644.93333333, 3644.93333333]",0.08,0.0,gabors,-10.0,4.0,0.25020756,78,,,0,,False,12,train,0
2649,0.0,750.66047,750.91068,null,0.8,null,-30.0,"[20.0, 20.0]","[3644.93333333, 3644.93333333]",0.08,0.0,gabors,-40.0,4.0,0.25021244,243,,,0,,False,10,train,0
2650,0.0,750.91068,751.16089,null,0.8,null,0.0,"[20.0, 20.0]","[3644.93333333, 3644.93333333]",0.08,45.0,gabors,20.0,4.0,0.25021244,233,,,0,,False,13,train,1
2651,0.0,751.16089,751.4111,null,0.8,null,-30.0,"[20.0, 20.0]","[3644.93333333, 3644.93333333]",0.08,0.0,gabors,-20.0,4.0,0.25021244,81,,,0,,False,9,train,0
2652,0.0,751.4111,751.66132,null,0.8,null,-30.0,"[20.0, 20.0]","[3644.93333333, 3644.93333333]",0.08,45.0,gabors,30.0,4.0,0.25021244,159,,,0,,False,13,train,1
2653,0.0,751.66132,751.91153,null,0.8,null,0.0,"[20.0, 20.0]","[3644.93333333, 3644.93333333]",0.08,0.0,gabors,-10.0,4.0,0.25021006,221,,,0,,False,9,train,0
2654,0.0,751.91153,752.16174,null,0.8,null,-10.0,"[20.0, 20.0]","[3644.93333333, 3644.93333333]",0.08,45.0,gabors,20.0,4.0,0.25021006,174,,,0,,False,11,test,1
2655,0.0,752.16174,752.41195,null,0.8,null,40.0,"[20.0, 20.0]","[3644.93333333, 3644.93333333]",0.08,45.0,gabors,-20.0,4.0,0.25021006,125,,,0,,False,12,train,1
2656,0.0,752.41195,752.66216,null,0.8,null,10.0,"[20.0, 20.0]","[3644.93333333, 3644.93333333]",0.08,0.0,gabors,-20.0,4.0,0.25021006,153,,,0,,False,8,test,0
2657,0.0,752.66216,752.91236,null,0.8,null,30.0,"[20.0, 20.0]","[3644.93333333, 3644.93333333]",0.08,90.0,gabors,-20.0,4.0,0.25020494,66,,,0,,False,9,train,2
2658,0.0,752.91236,753.16257,null,0.8,null,-20.0,"[20.0, 20.0]","[3644.93333333, 3644.93333333]",0.08,90.0,gabors,-40.0,4.0,0.25020494,209,,,0,,False,11,test,2
2659,0.0,753.16257,753.41277,null,0.8,null,-20.0,"[20.0, 20.0]","[3644.93333333, 3644.93333333]",0.08,45.0,gabors,40.0,4.0,0.25020494,57,,,0,,False,9,train,1
2660,0.0,753.41277,753.66298,null,0.8,null,-10.0,"[20.0, 20.0]","[3644.93333333, 3644.93333333]",0.08,90.0,gabors,40.0,4.0,0.25020494,157,,,0,,False,10,train,2
2661,0.0,753.66298,753.91319,null,0.8,null,-40.0,"[20.0, 20.0]","[3644.93333333, 3644.93333333]",0.08,45.0,gabors,20.0,4.0,0.25021506,151,,,0,,False,10,train,1
2662,0.0,753.91319,754.16341,null,0.8,null,0.0,"[20.0, 20.0]","[3644.93333333, 3644.93333333]",0.08,0.0,gabors,-30.0,4.0,0.25021506,188,,,0,,False,8,test,0
2663,0.0,754.16341,754.41362,null,0.8,null,30.0,"[20.0, 20.0]","[3644.93333333, 3644.93333333]",0.08,0.0,gabors,10.0,4.0,0.25021506,49,,,0,,False,11,test,0
2664,0.0,754.41362,754.66384,null,0.8,null,-40.0,"[20.0, 20.0]","[3644.93333333, 3644.93333333]",0.08,45.0,gabors,-40.0,4.0,0.25021506,31,,,0,,False,10,train,1
2665,0.0,754.66384,754.91404,null,0.8,null,-40.0,"[20.0, 20.0]","[3644.93333333, 3644.93333333]",0.08,0.0,gabors,-20.0,4.0,0.25020744,70,,,0,,False,11,test,0
2666,0.0,754.91404,755.16425,null,0.8,null,20.0,"[20.0, 20.0]","[3644.93333333, 3644.93333333]",0.08,45.0,gabors,40.0,4.0,0.25020744,136,,,0,,False,11,test,1
2667,0.0,755.16425,755.41446,null,0.8,null,-30.0,"[20.0, 20.0]","[3644.93333333, 3644.93333333]",0.08,45.0,gabors,20.0,4.0,0.25020744,24,,,0,,False,8,test,1
2668,0.0,755.41446,755.66467,null,0.8,null,-20.0,"[20.0, 20.0]","[3644.93333333, 3644.93333333]",0.08,45.0,gabors,20.0,4.0,0.25020744,60,,,0,,False,12,train,1
2669,0.0,755.66467,755.91487,null,0.8,null,-10.0,"[20.0, 20.0]","[3644.93333333, 3644.93333333]",0.08,90.0,gabors,-20.0,4.0,0.25020506,116,,,0,,False,10,train,2
2670,0.0,755.91487,756.16508,null,0.8,null,40.0,"[20.0, 20.0]","[3644.93333333, 3644.93333333]",0.08,0.0,gabors,-20.0,4.0,0.25020506,30,,,0,,False,10,train,0
2671,0.0,756.16508,756.41528,null,0.8,null,-40.0,"[20.0, 20.0]","[3644.93333333, 3644.93333333]",0.08,0.0,gabors,10.0,4.0,0.25020506,203,,,0,,False,9,train,0
2672,0.0,756.41528,756.66549,null,0.8,null,-40.0,"[20.0, 20.0]","[3644.93333333, 3644.93333333]",0.08,0.0,gabors,40.0,4.0,0.25020506,154,,,0,,False,12,train,0
2673,0.0,756.66549,756.9157,null,0.8,null,-30.0,"[20.0, 20.0]","[3644.93333333, 3644.93333333]",0.08,0.0,gabors,30.0,4.0,0.25020994,204,,,0,,False,12,train,0
2674,0.0,756.9157,757.16591,null,0.8,null,40.0,"[20.0, 20.0]","[3644.93333333, 3644.93333333]",0.08,45.0,gabors,10.0,4.0,0.25020994,4,,,0,,False,10,train,1
2675,0.0,757.16591,757.41612,null,0.8,null,10.0,"[20.0, 20.0]","[3644.93333333, 3644.93333333]",0.08,90.0,gabors,30.0,4.0,0.25020994,14,,,0,,False,13,train,2
2676,0.0,757.41612,757.66633,null,0.8,null,-30.0,"[20.0, 20.0]","[3644.93333333, 3644.93333333]",0.08,45.0,gabors,10.0,4.0,0.25020994,16,,,0,,False,12,train,1
2677,0.0,757.66633,757.91654,null,0.8,null,10.0,"[20.0, 20.0]","[3644.93333333, 3644.93333333]",0.08,0.0,gabors,-40.0,4.0,0.25021256,111,,,0,,False,12,train,0
2678,0.0,757.91654,758.16675,null,0.8,null,40.0,"[20.0, 20.0]","[3644.93333333, 3644.93333333]",0.08,0.0,gabors,10.0,4.0,0.25021256,212,,,0,,False,10,train,0
2679,0.0,758.16675,758.41696,null,0.8,null,30.0,"[20.0, 20.0]","[3644.93333333, 3644.93333333]",0.08,90.0,gabors,20.0,4.0,0.25021256,211,,,0,,False,11,test,2
2680,0.0,758.41696,758.66718,null,0.8,null,-30.0,"[20.0, 20.0]","[3644.93333333, 3644.93333333]",0.08,90.0,gabors,-30.0,4.0,0.25021256,112,,,0,,False,8,test,2
2681,0.0,758.66718,758.91738,null,0.8,null,30.0,"[20.0, 20.0]","[3644.93333333, 3644.93333333]",0.08,0.0,gabors,-30.0,4.0,0.25020494,171,,,0,,False,9,train,0
2682,0.0,758.91738,759.16759,null,0.8,null,10.0,"[20.0, 20.0]","[3644.93333333, 3644.93333333]",0.08,45.0,gabors,-20.0,4.0,0.25020494,126,,,0,,False,10,train,1
2683,0.0,759.16759,759.41779,null,0.8,null,-30.0,"[20.0, 20.0]","[3644.93333333, 3644.93333333]",0.08,45.0,gabors,-10.0,4.0,0.25020494,56,,,0,,False,11,test,1
2684,0.0,759.41779,759.668,null,0.8,null,40.0,"[20.0, 20.0]","[3644.93333333, 3644.93333333]",0.08,90.0,gabors,0.0,4.0,0.25020494,128,,,0,,False,8,test,2
2685,0.0,759.668,759.91821,null,0.8,null,10.0,"[20.0, 20.0]","[3644.93333333, 3644.93333333]",0.08,45.0,gabors,30.0,4.0,0.25021256,167,,,0,,False,10,train,1
2686,0.0,759.91821,760.16842,null,0.8,null,-30.0,"[20.0, 20.0]","[3644.93333333, 3644.93333333]",0.08,0.0,gabors,-20.0,4.0,0.25021256,81,,,0,,False,10,train,0
2687,0.0,760.16842,760.41863,null,0.8,null,-10.0,"[20.0, 20.0]","[3644.93333333, 3644.93333333]",0.08,90.0,gabors,0.0,4.0,0.25021256,121,,,0,,False,11,test,2
2688,0.0,760.41863,760.66885,null,0.8,null,-10.0,"[20.0, 20.0]","[3644.93333333, 3644.93333333]",0.08,90.0,gabors,30.0,4.0,0.25021256,140,,,0,,False,14,test,2
2689,0.0,760.66885,760.91905,null,0.8,null,-40.0,"[20.0, 20.0]","[3644.93333333, 3644.93333333]",0.08,0.0,gabors,0.0,4.0,0.25020744,228,,,0,,False,12,train,0
2690,0.0,760.91905,761.16926,null,0.8,null,30.0,"[20.0, 20.0]","[3644.93333333, 3644.93333333]",0.08,90.0,gabors,30.0,4.0,0.25020744,241,,,0,,False,8,test,2
2691,0.0,761.16926,761.41947,null,0.8,null,-20.0,"[20.0, 20.0]","[3644.93333333, 3644.93333333]",0.08,90.0,gabors,10.0,4.0,0.25020744,119,,,0,,False,13,train,2
2692,0.0,761.41947,761.66968,null,0.8,null,20.0,"[20.0, 20.0]","[3644.93333333, 3644.93333333]",0.08,0.0,gabors,20.0,4.0,0.25020744,41,,,0,,False,10,train,0
2693,0.0,761.66968,761.91989,null,0.8,null,0.0,"[20.0, 20.0]","[3644.93333333, 3644.93333333]",0.08,90.0,gabors,20.0,4.0,0.25021006,225,,,0,,False,11,test,2
2694,0.0,761.91989,762.1701,null,0.8,null,30.0,"[20.0, 20.0]","[3644.93333333, 3644.93333333]",0.08,45.0,gabors,40.0,4.0,0.25021006,240,,,0,,False,10,train,1
2695,0.0,762.1701,762.42031,null,0.8,null,40.0,"[20.0, 20.0]","[3644.93333333, 3644.93333333]",0.08,0.0,gabors,20.0,4.0,0.25021006,19,,,0,,False,9,train,0
2696,0.0,762.42031,762.67052,null,0.8,null,-30.0,"[20.0, 20.0]","[3644.93333333, 3644.93333333]",0.08,90.0,gabors,-30.0,4.0,0.25021006,112,,,0,,False,9,train,2
2697,0.0,762.67052,762.92072,null,0.8,null,10.0,"[20.0, 20.0]","[3644.93333333, 3644.93333333]",0.08,45.0,gabors,20.0,4.0,0.25020494,115,,,0,,False,8,test,1
2698,0.0,762.92072,763.17093,null,0.8,null,30.0,"[20.0, 20.0]","[3644.93333333, 3644.93333333]",0.08,90.0,gabors,-10.0,4.0,0.25020494,35,,,0,,False,11,test,2
2699,0.0,763.17093,763.42113,null,0.8,null,0.0,"[20.0, 20.0]","[3644.93333333, 3644.93333333]",0.08,0.0,gabors,30.0,4.0,0.25020494,74,,,0,,False,10,train,0
2700,0.0,763.42113,763.67134,null,0.8,null,-20.0,"[20.0, 20.0]","[3644.93333333, 3644.93333333]",0.08,0.0,gabors,30.0,4.0,0.25020494,196,,,0,,False,10,train,0
2701,0.0,763.67134,763.92155,null,0.8,null,-10.0,"[20.0, 20.0]","[3644.93333333, 3644.93333333]",0.08,0.0,gabors,30.0,4.0,0.25021256,227,,,0,,False,7,train,0
2702,0.0,763.92155,764.17176,null,0.8,null,-10.0,"[20.0, 20.0]","[3644.93333333, 3644.93333333]",0.08,0.0,gabors,40.0,4.0,0.25021256,130,,,0,,False,9,train,0
2703,0.0,764.17176,764.42197,null,0.8,null,20.0,"[20.0, 20.0]","[3644.93333333, 3644.93333333]",0.08,0.0,gabors,0.0,4.0,0.25021256,7,,,0,,False,11,test,0
2704,0.0,764.42197,764.67219,null,0.8,null,-30.0,"[20.0, 20.0]","[3644.93333333, 3644.93333333]",0.08,0.0,gabors,-40.0,4.0,0.25021256,243,,,0,,False,11,test,0
2705,0.0,764.67219,764.92239,null,0.8,null,40.0,"[20.0, 20.0]","[3644.93333333, 3644.93333333]",0.08,0.0,gabors,-40.0,4.0,0.25020744,226,,,0,,False,9,train,0
2706,0.0,764.92239,765.1726,null,0.8,null,-40.0,"[20.0, 20.0]","[3644.93333333, 3644.93333333]",0.08,0.0,gabors,10.0,4.0,0.25020744,203,,,0,,False,10,train,0
2707,0.0,765.1726,765.42281,null,0.8,null,-40.0,"[20.0, 20.0]","[3644.93333333, 3644.93333333]",0.08,45.0,gabors,40.0,4.0,0.25020744,99,,,0,,False,10,train,1
2708,0.0,765.42281,765.67302,null,0.8,null,40.0,"[20.0, 20.0]","[3644.93333333, 3644.93333333]",0.08,0.0,gabors,30.0,4.0,0.25020744,218,,,0,,False,8,test,0
2709,0.0,765.67302,765.92323,null,0.8,null,-30.0,"[20.0, 20.0]","[3644.93333333, 3644.93333333]",0.08,90.0,gabors,20.0,4.0,0.25021756,38,,,0,,False,12,train,2
2710,0.0,765.92323,766.17345,null,0.8,null,20.0,"[20.0, 20.0]","[3644.93333333, 3644.93333333]",0.08,45.0,gabors,-20.0,4.0,0.25021756,29,,,0,,False,12,train,1
2711,0.0,766.17345,766.42367,null,0.8,null,20.0,"[20.0, 20.0]","[3644.93333333, 3644.93333333]",0.08,90.0,gabors,-20.0,4.0,0.25021756,177,,,0,,False,11,test,2
2712,0.0,766.42367,766.67389,null,0.8,null,40.0,"[20.0, 20.0]","[3644.93333333, 3644.93333333]",0.08,90.0,gabors,40.0,4.0,0.25021756,200,,,0,,False,12,train,2
2713,0.0,766.67389,766.92409,null,0.8,null,-20.0,"[20.0, 20.0]","[3644.93333333, 3644.93333333]",0.08,45.0,gabors,40.0,4.0,0.25019994,57,,,0,,False,10,train,1
2714,0.0,766.92409,767.17429,null,0.8,null,-20.0,"[20.0, 20.0]","[3644.93333333, 3644.93333333]",0.08,0.0,gabors,40.0,4.0,0.25019994,51,,,0,,False,7,train,0
2715,0.0,767.17429,767.42449,null,0.8,null,0.0,"[20.0, 20.0]","[3644.93333333, 3644.93333333]",0.08,90.0,gabors,-40.0,4.0,0.25019994,192,,,0,,False,13,train,2
2716,0.0,767.42449,767.67469,null,0.8,null,-30.0,"[20.0, 20.0]","[3644.93333333, 3644.93333333]",0.08,0.0,gabors,10.0,4.0,0.25019994,166,,,0,,False,10,train,0
2717,0.0,767.67469,767.9249,null,0.8,null,-40.0,"[20.0, 20.0]","[3644.93333333, 3644.93333333]",0.08,0.0,gabors,10.0,4.0,0.25021256,203,,,0,,False,11,test,0
2718,0.0,767.9249,768.17511,null,0.8,null,-10.0,"[20.0, 20.0]","[3644.93333333, 3644.93333333]",0.08,0.0,gabors,40.0,4.0,0.25021256,130,,,0,,False,10,train,0
2719,0.0,768.17511,768.42532,null,0.8,null,10.0,"[20.0, 20.0]","[3644.93333333, 3644.93333333]",0.08,45.0,gabors,30.0,4.0,0.25021256,167,,,0,,False,11,test,1
2720,0.0,768.42532,768.67554,null,0.8,null,-20.0,"[20.0, 20.0]","[3644.93333333, 3644.93333333]",0.08,90.0,gabors,30.0,4.0,0.25021256,202,,,0,,False,9,train,2
2721,0.0,768.67554,768.92574,null,0.8,null,-10.0,"[20.0, 20.0]","[3644.93333333, 3644.93333333]",0.08,0.0,gabors,-30.0,4.0,0.25020744,54,,,0,,False,11,test,0
2722,0.0,768.92574,769.17595,null,0.8,null,40.0,"[20.0, 20.0]","[3644.93333333, 3644.93333333]",0.08,0.0,gabors,-20.0,4.0,0.25020744,30,,,0,,False,11,test,0
2723,0.0,769.17595,769.42616,null,0.8,null,-10.0,"[20.0, 20.0]","[3644.93333333, 3644.93333333]",0.08,90.0,gabors,-20.0,4.0,0.25020744,116,,,0,,False,11,test,2
2724,0.0,769.42616,769.67637,null,0.8,null,-40.0,"[20.0, 20.0]","[3644.93333333, 3644.93333333]",0.08,45.0,gabors,30.0,4.0,0.25020744,144,,,0,,False,10,train,1
2725,0.0,769.67637,769.92658,null,0.8,null,-40.0,"[20.0, 20.0]","[3644.93333333, 3644.93333333]",0.08,45.0,gabors,20.0,4.0,0.25021506,151,,,0,,False,11,test,1
2726,0.0,769.92658,770.1768,null,0.8,null,0.0,"[20.0, 20.0]","[3644.93333333, 3644.93333333]",0.08,45.0,gabors,10.0,4.0,0.25021506,90,,,0,,False,9,train,1
2727,0.0,770.1768,770.42701,null,0.8,null,-10.0,"[20.0, 20.0]","[3644.93333333, 3644.93333333]",0.08,45.0,gabors,40.0,4.0,0.25021506,215,,,0,,False,11,test,1
2728,0.0,770.42701,770.67723,null,0.8,null,-10.0,"[20.0, 20.0]","[3644.93333333, 3644.93333333]",0.08,45.0,gabors,-30.0,4.0,0.25021506,189,,,0,,False,10,train,1
2729,0.0,770.67723,770.92743,null,0.8,null,0.0,"[20.0, 20.0]","[3644.93333333, 3644.93333333]",0.08,90.0,gabors,-30.0,4.0,0.25020244,137,,,0,,False,12,train,2
2730,0.0,770.92743,771.17763,null,0.8,null,30.0,"[20.0, 20.0]","[3644.93333333, 3644.93333333]",0.08,0.0,gabors,20.0,4.0,0.25020244,172,,,0,,False,11,test,0
2731,0.0,771.17763,771.42783,null,0.8,null,40.0,"[20.0, 20.0]","[3644.93333333, 3644.93333333]",0.08,90.0,gabors,0.0,4.0,0.25020244,128,,,0,,False,9,train,2
2732,0.0,771.42783,771.67804,null,0.8,null,20.0,"[20.0, 20.0]","[3644.93333333, 3644.93333333]",0.08,90.0,gabors,-40.0,4.0,0.25020244,67,,,0,,False,11,test,2
2733,0.0,771.67804,771.92826,null,0.8,null,-30.0,"[20.0, 20.0]","[3644.93333333, 3644.93333333]",0.08,0.0,gabors,0.0,4.0,0.25022256,3,,,0,,False,9,train,0
2734,0.0,771.92826,772.17848,null,0.8,null,40.0,"[20.0, 20.0]","[3644.93333333, 3644.93333333]",0.08,90.0,gabors,0.0,4.0,0.25022256,128,,,0,,False,10,train,2
2735,0.0,772.17848,772.4287,null,0.8,null,-40.0,"[20.0, 20.0]","[3644.93333333, 3644.93333333]",0.08,45.0,gabors,10.0,4.0,0.25022256,197,,,0,,False,10,train,1
2736,0.0,772.4287,772.67893,null,0.8,null,40.0,"[20.0, 20.0]","[3644.93333333, 3644.93333333]",0.08,90.0,gabors,-10.0,4.0,0.25022256,229,,,0,,False,11,test,2
2737,0.0,772.67893,772.92912,null,0.8,null,20.0,"[20.0, 20.0]","[3644.93333333, 3644.93333333]",0.08,0.0,gabors,-30.0,4.0,0.25019244,238,,,0,,False,9,train,0
2738,0.0,772.92912,773.17931,null,0.8,null,20.0,"[20.0, 20.0]","[3644.93333333, 3644.93333333]",0.08,90.0,gabors,10.0,4.0,0.25019244,158,,,0,,False,13,train,2
2739,0.0,773.17931,773.4295,null,0.8,null,20.0,"[20.0, 20.0]","[3644.93333333, 3644.93333333]",0.08,45.0,gabors,0.0,4.0,0.25019244,155,,,0,,False,12,train,1
2740,0.0,773.4295,773.6797,null,0.8,null,20.0,"[20.0, 20.0]","[3644.93333333, 3644.93333333]",0.08,90.0,gabors,0.0,4.0,0.25019244,10,,,0,,False,7,train,2
2741,0.0,773.6797,773.9299,null,0.8,null,40.0,"[20.0, 20.0]","[3644.93333333, 3644.93333333]",0.08,0.0,gabors,-20.0,4.0,0.25020756,30,,,0,,False,12,train,0
2742,0.0,773.9299,774.18011,null,0.8,null,30.0,"[20.0, 20.0]","[3644.93333333, 3644.93333333]",0.08,90.0,gabors,-40.0,4.0,0.25020756,109,,,0,,False,11,test,2
2743,0.0,774.18011,774.43032,null,0.8,null,20.0,"[20.0, 20.0]","[3644.93333333, 3644.93333333]",0.08,0.0,gabors,10.0,4.0,0.25020756,210,,,0,,False,11,test,0
2744,0.0,774.43032,774.68053,null,0.8,null,10.0,"[20.0, 20.0]","[3644.93333333, 3644.93333333]",0.08,90.0,gabors,20.0,4.0,0.25020756,27,,,0,,False,9,train,2
2745,0.0,774.68053,774.93074,null,0.8,null,-40.0,"[20.0, 20.0]","[3644.93333333, 3644.93333333]",0.08,0.0,gabors,0.0,4.0,0.25021244,228,,,0,,False,13,train,0
2746,0.0,774.93074,775.18095,null,0.8,null,-30.0,"[20.0, 20.0]","[3644.93333333, 3644.93333333]",0.08,0.0,gabors,20.0,4.0,0.25021244,165,,,0,,False,9,train,0
2747,0.0,775.18095,775.43116,null,0.8,null,20.0,"[20.0, 20.0]","[3644.93333333, 3644.93333333]",0.08,0.0,gabors,-30.0,4.0,0.25021244,238,,,0,,False,10,train,0
2748,0.0,775.43116,775.68138,null,0.8,null,20.0,"[20.0, 20.0]","[3644.93333333, 3644.93333333]",0.08,45.0,gabors,20.0,4.0,0.25021244,168,,,0,,False,11,test,1
2749,0.0,775.68138,775.93159,null,0.8,null,-30.0,"[20.0, 20.0]","[3644.93333333, 3644.93333333]",0.08,0.0,gabors,-30.0,4.0,0.25021256,164,,,0,,False,12,train,0
2750,0.0,775.93159,776.1818,null,0.8,null,20.0,"[20.0, 20.0]","[3644.93333333, 3644.93333333]",0.08,45.0,gabors,40.0,4.0,0.25021256,136,,,0,,False,12,train,1
2751,0.0,776.1818,776.43201,null,0.8,null,-20.0,"[20.0, 20.0]","[3644.93333333, 3644.93333333]",0.08,45.0,gabors,40.0,4.0,0.25021256,57,,,0,,False,11,test,1
2752,0.0,776.43201,776.68223,null,0.8,null,10.0,"[20.0, 20.0]","[3644.93333333, 3644.93333333]",0.08,0.0,gabors,-10.0,4.0,0.25021256,32,,,0,,False,11,test,0
2753,0.0,776.68223,776.93243,null,0.8,null,20.0,"[20.0, 20.0]","[3644.93333333, 3644.93333333]",0.08,0.0,gabors,20.0,4.0,0.25020494,41,,,0,,False,11,test,0
2754,0.0,776.93243,777.18264,null,0.8,null,-20.0,"[20.0, 20.0]","[3644.93333333, 3644.93333333]",0.08,90.0,gabors,-10.0,4.0,0.25020494,220,,,0,,False,10,train,2
2755,0.0,777.18264,777.43284,null,0.8,null,-20.0,"[20.0, 20.0]","[3644.93333333, 3644.93333333]",0.08,45.0,gabors,10.0,4.0,0.25020494,113,,,0,,False,12,train,1
2756,0.0,777.43284,777.68305,null,0.8,null,-10.0,"[20.0, 20.0]","[3644.93333333, 3644.93333333]",0.08,0.0,gabors,0.0,4.0,0.25020494,132,,,0,,False,10,train,0
2757,0.0,777.68305,777.93326,null,0.8,null,10.0,"[20.0, 20.0]","[3644.93333333, 3644.93333333]",0.08,45.0,gabors,-10.0,4.0,0.25021256,143,,,0,,False,8,test,1
2758,0.0,777.93326,778.18347,null,0.8,null,-40.0,"[20.0, 20.0]","[3644.93333333, 3644.93333333]",0.08,45.0,gabors,40.0,4.0,0.25021256,99,,,0,,False,11,test,1
2759,0.0,778.18347,778.43368,null,0.8,null,-20.0,"[20.0, 20.0]","[3644.93333333, 3644.93333333]",0.08,90.0,gabors,-20.0,4.0,0.25021256,135,,,0,,False,10,train,2
2760,0.0,778.43368,778.6839,null,0.8,null,0.0,"[20.0, 20.0]","[3644.93333333, 3644.93333333]",0.08,90.0,gabors,-30.0,4.0,0.25021256,137,,,0,,False,13,train,2
2761,0.0,778.6839,778.93411,null,0.8,null,10.0,"[20.0, 20.0]","[3644.93333333, 3644.93333333]",0.08,45.0,gabors,40.0,4.0,0.25020994,222,,,0,,False,11,test,1
2762,0.0,778.93411,779.18432,null,0.8,null,20.0,"[20.0, 20.0]","[3644.93333333, 3644.93333333]",0.08,45.0,gabors,-30.0,4.0,0.25020994,129,,,0,,False,11,test,1
2763,0.0,779.18432,779.43453,null,0.8,null,-10.0,"[20.0, 20.0]","[3644.93333333, 3644.93333333]",0.08,0.0,gabors,20.0,4.0,0.25020994,235,,,0,,False,8,test,0
2764,0.0,779.43453,779.68474,null,0.8,null,10.0,"[20.0, 20.0]","[3644.93333333, 3644.93333333]",0.08,0.0,gabors,-10.0,4.0,0.25020994,32,,,0,,False,12,train,0
2765,0.0,779.68474,779.93495,null,0.8,null,30.0,"[20.0, 20.0]","[3644.93333333, 3644.93333333]",0.08,0.0,gabors,40.0,4.0,0.25021506,133,,,0,,False,11,test,0
2766,0.0,779.93495,780.18517,null,0.8,null,30.0,"[20.0, 20.0]","[3644.93333333, 3644.93333333]",0.08,45.0,gabors,20.0,4.0,0.25021506,219,,,0,,False,7,train,1
2767,0.0,780.18517,780.43538,null,0.8,null,-40.0,"[20.0, 20.0]","[3644.93333333, 3644.93333333]",0.08,90.0,gabors,10.0,4.0,0.25021506,107,,,0,,False,5,test,2
2768,0.0,780.43538,780.6856,null,0.8,null,30.0,"[20.0, 20.0]","[3644.93333333, 3644.93333333]",0.08,0.0,gabors,10.0,4.0,0.25021506,49,,,0,,False,12,train,0
2769,0.0,780.6856,780.9358,null,0.8,null,10.0,"[20.0, 20.0]","[3644.93333333, 3644.93333333]",0.08,90.0,gabors,40.0,4.0,0.25019994,12,,,0,,False,11,test,2
2770,0.0,780.9358,781.186,null,0.8,null,20.0,"[20.0, 20.0]","[3644.93333333, 3644.93333333]",0.08,45.0,gabors,20.0,4.0,0.25019994,168,,,0,,False,12,train,1
2771,0.0,781.186,781.4362,null,0.8,null,-40.0,"[20.0, 20.0]","[3644.93333333, 3644.93333333]",0.08,90.0,gabors,-10.0,4.0,0.25019994,186,,,0,,False,10,train,2
2772,0.0,781.4362,781.6864,null,0.8,null,-40.0,"[20.0, 20.0]","[3644.93333333, 3644.93333333]",0.08,45.0,gabors,-10.0,4.0,0.25019994,169,,,0,,False,8,test,1
2773,0.0,781.6864,781.9366,null,0.8,null,-40.0,"[20.0, 20.0]","[3644.93333333, 3644.93333333]",0.08,90.0,gabors,10.0,4.0,0.25020506,107,,,0,,False,6,train,2
2774,0.0,781.9366,782.18681,null,0.8,null,-10.0,"[20.0, 20.0]","[3644.93333333, 3644.93333333]",0.08,0.0,gabors,-30.0,4.0,0.25020506,54,,,0,,False,12,train,0
2775,0.0,782.18681,782.43701,null,0.8,null,30.0,"[20.0, 20.0]","[3644.93333333, 3644.93333333]",0.08,90.0,gabors,-30.0,4.0,0.25020506,84,,,0,,False,9,train,2
2776,0.0,782.43701,782.68722,null,0.8,null,10.0,"[20.0, 20.0]","[3644.93333333, 3644.93333333]",0.08,45.0,gabors,20.0,4.0,0.25020506,115,,,0,,False,9,train,1
2777,0.0,782.68722,782.93743,null,0.8,null,-10.0,"[20.0, 20.0]","[3644.93333333, 3644.93333333]",0.08,0.0,gabors,-20.0,4.0,0.25021244,176,,,0,,False,11,test,0
2778,0.0,782.93743,783.18764,null,0.8,null,-10.0,"[20.0, 20.0]","[3644.93333333, 3644.93333333]",0.08,90.0,gabors,-20.0,4.0,0.25021244,116,,,0,,False,12,train,2
2779,0.0,783.18764,783.43785,null,0.8,null,0.0,"[20.0, 20.0]","[3644.93333333, 3644.93333333]",0.08,45.0,gabors,10.0,4.0,0.25021244,90,,,0,,False,10,train,1
2780,0.0,783.43785,783.68807,null,0.8,null,30.0,"[20.0, 20.0]","[3644.93333333, 3644.93333333]",0.08,0.0,gabors,-30.0,4.0,0.25021244,171,,,0,,False,10,train,0
2781,0.0,783.68807,783.93828,null,0.8,null,10.0,"[20.0, 20.0]","[3644.93333333, 3644.93333333]",0.08,0.0,gabors,0.0,4.0,0.25021256,205,,,0,,False,8,test,0
2782,0.0,783.93828,784.18849,null,0.8,null,-10.0,"[20.0, 20.0]","[3644.93333333, 3644.93333333]",0.08,45.0,gabors,-20.0,4.0,0.25021256,40,,,0,,False,11,test,1
2783,0.0,784.18849,784.4387,null,0.8,null,40.0,"[20.0, 20.0]","[3644.93333333, 3644.93333333]",0.08,45.0,gabors,40.0,4.0,0.25021256,214,,,0,,False,9,train,1
2784,0.0,784.4387,784.68892,null,0.8,null,20.0,"[20.0, 20.0]","[3644.93333333, 3644.93333333]",0.08,0.0,gabors,10.0,4.0,0.25021256,210,,,0,,False,12,train,0
2785,0.0,784.68892,784.93912,null,0.8,null,-20.0,"[20.0, 20.0]","[3644.93333333, 3644.93333333]",0.08,90.0,gabors,-30.0,4.0,0.25020244,145,,,0,,False,10,train,2
2786,0.0,784.93912,785.18932,null,0.8,null,20.0,"[20.0, 20.0]","[3644.93333333, 3644.93333333]",0.08,45.0,gabors,30.0,4.0,0.25020244,118,,,0,,False,10,train,1
2787,0.0,785.18932,785.43952,null,0.8,null,-40.0,"[20.0, 20.0]","[3644.93333333, 3644.93333333]",0.08,90.0,gabors,10.0,4.0,0.25020244,107,,,0,,False,7,train,2
2788,0.0,785.43952,785.68973,null,0.8,null,-30.0,"[20.0, 20.0]","[3644.93333333, 3644.93333333]",0.08,45.0,gabors,0.0,4.0,0.25020244,22,,,0,,False,10,train,1
2789,0.0,785.68973,785.93995,null,0.8,null,0.0,"[20.0, 20.0]","[3644.93333333, 3644.93333333]",0.08,90.0,gabors,-10.0,4.0,0.25022506,69,,,0,,False,10,train,2
2790,0.0,785.93995,786.19018,null,0.8,null,-10.0,"[20.0, 20.0]","[3644.93333333, 3644.93333333]",0.08,45.0,gabors,-40.0,4.0,0.25022506,21,,,0,,False,14,test,1
2791,0.0,786.19018,786.4404,null,0.8,null,-20.0,"[20.0, 20.0]","[3644.93333333, 3644.93333333]",0.08,90.0,gabors,-30.0,4.0,0.25022506,145,,,0,,False,11,test,2
2792,0.0,786.4404,786.69063,null,0.8,null,-30.0,"[20.0, 20.0]","[3644.93333333, 3644.93333333]",0.08,90.0,gabors,40.0,4.0,0.25022506,17,,,0,,False,14,test,2
2793,0.0,786.69063,786.94082,null,0.8,null,-40.0,"[20.0, 20.0]","[3644.93333333, 3644.93333333]",0.08,0.0,gabors,-30.0,4.0,0.25019494,61,,,0,,False,12,train,0
2794,0.0,786.94082,787.19102,null,0.8,null,0.0,"[20.0, 20.0]","[3644.93333333, 3644.93333333]",0.08,45.0,gabors,-20.0,4.0,0.25019494,182,,,0,,False,11,test,1
2795,0.0,787.19102,787.44121,null,0.8,null,-20.0,"[20.0, 20.0]","[3644.93333333, 3644.93333333]",0.08,90.0,gabors,-30.0,4.0,0.25019494,145,,,0,,False,12,train,2
2796,0.0,787.44121,787.69141,null,0.8,null,10.0,"[20.0, 20.0]","[3644.93333333, 3644.93333333]",0.08,0.0,gabors,0.0,4.0,0.25019494,205,,,0,,False,9,train,0
2797,0.0,787.69141,787.94162,null,0.8,null,-40.0,"[20.0, 20.0]","[3644.93333333, 3644.93333333]",0.08,90.0,gabors,40.0,4.0,0.25021256,34,,,0,,False,9,train,2
2798,0.0,787.94162,788.19183,null,0.8,null,20.0,"[20.0, 20.0]","[3644.93333333, 3644.93333333]",0.08,45.0,gabors,10.0,4.0,0.25021256,217,,,0,,False,13,train,1
2799,0.0,788.19183,788.44204,null,0.8,null,40.0,"[20.0, 20.0]","[3644.93333333, 3644.93333333]",0.08,90.0,gabors,-20.0,4.0,0.25021256,95,,,0,,False,11,test,2
2800,0.0,788.44204,788.69226,null,0.8,null,-30.0,"[20.0, 20.0]","[3644.93333333, 3644.93333333]",0.08,0.0,gabors,40.0,4.0,0.25021256,97,,,0,,False,13,train,0
2801,0.0,788.69226,788.94246,null,0.8,null,0.0,"[20.0, 20.0]","[3644.93333333, 3644.93333333]",0.08,0.0,gabors,40.0,4.0,0.25020744,36,,,0,,False,12,train,0
2802,0.0,788.94246,789.19267,null,0.8,null,40.0,"[20.0, 20.0]","[3644.93333333, 3644.93333333]",0.08,0.0,gabors,-30.0,4.0,0.25020744,142,,,0,,False,11,test,0
2803,0.0,789.19267,789.44288,null,0.8,null,40.0,"[20.0, 20.0]","[3644.93333333, 3644.93333333]",0.08,90.0,gabors,40.0,4.0,0.25020744,200,,,0,,False,13,train,2
2804,0.0,789.44288,789.69309,null,0.8,null,30.0,"[20.0, 20.0]","[3644.93333333, 3644.93333333]",0.08,90.0,gabors,40.0,4.0,0.25020744,88,,,0,,False,9,train,2
2805,0.0,789.69309,789.9433,null,0.8,null,-20.0,"[20.0, 20.0]","[3644.93333333, 3644.93333333]",0.08,0.0,gabors,-30.0,4.0,0.25021006,178,,,0,,False,10,train,0
2806,0.0,789.9433,790.19351,null,0.8,null,0.0,"[20.0, 20.0]","[3644.93333333, 3644.93333333]",0.08,90.0,gabors,20.0,4.0,0.25021006,225,,,0,,False,12,train,2
2807,0.0,790.19351,790.44372,null,0.8,null,-40.0,"[20.0, 20.0]","[3644.93333333, 3644.93333333]",0.08,90.0,gabors,30.0,4.0,0.25021006,53,,,0,,False,11,test,2
2808,0.0,790.44372,790.69393,null,0.8,null,10.0,"[20.0, 20.0]","[3644.93333333, 3644.93333333]",0.08,90.0,gabors,20.0,4.0,0.25021006,27,,,0,,False,10,train,2
2809,0.0,790.69393,790.94413,null,0.8,null,-20.0,"[20.0, 20.0]","[3644.93333333, 3644.93333333]",0.08,90.0,gabors,-10.0,4.0,0.25020744,220,,,0,,False,11,test,2
2810,0.0,790.94413,791.19434,null,0.8,null,-20.0,"[20.0, 20.0]","[3644.93333333, 3644.93333333]",0.08,45.0,gabors,-20.0,4.0,0.25020744,184,,,0,,False,11,test,1
2811,0.0,791.19434,791.44455,null,0.8,null,-20.0,"[20.0, 20.0]","[3644.93333333, 3644.93333333]",0.08,0.0,gabors,20.0,4.0,0.25020744,28,,,0,,False,11,test,0
2812,0.0,791.44455,791.69476,null,0.8,null,0.0,"[20.0, 20.0]","[3644.93333333, 3644.93333333]",0.08,45.0,gabors,40.0,4.0,0.25020744,131,,,0,,False,13,train,1
2813,0.0,791.69476,791.94497,null,0.8,null,30.0,"[20.0, 20.0]","[3644.93333333, 3644.93333333]",0.08,0.0,gabors,30.0,4.0,0.25021506,43,,,0,,False,11,test,0
2814,0.0,791.94497,792.19519,null,0.8,null,-20.0,"[20.0, 20.0]","[3644.93333333, 3644.93333333]",0.08,45.0,gabors,-40.0,4.0,0.25021506,77,,,0,,False,10,train,1
2815,0.0,792.19519,792.4454,null,0.8,null,-10.0,"[20.0, 20.0]","[3644.93333333, 3644.93333333]",0.08,0.0,gabors,30.0,4.0,0.25021506,227,,,0,,False,8,test,0
2816,0.0,792.4454,792.69562,null,0.8,null,30.0,"[20.0, 20.0]","[3644.93333333, 3644.93333333]",0.08,90.0,gabors,-20.0,4.0,0.25021506,66,,,0,,False,10,train,2
2817,0.0,792.69562,792.94582,null,0.8,null,-10.0,"[20.0, 20.0]","[3644.93333333, 3644.93333333]",0.08,90.0,gabors,40.0,4.0,0.25020244,157,,,0,,False,11,test,2
2818,0.0,792.94582,793.19602,null,0.8,null,10.0,"[20.0, 20.0]","[3644.93333333, 3644.93333333]",0.08,0.0,gabors,-30.0,4.0,0.25020244,242,,,0,,False,10,train,0
2819,0.0,793.19602,793.44622,null,0.8,null,30.0,"[20.0, 20.0]","[3644.93333333, 3644.93333333]",0.08,0.0,gabors,30.0,4.0,0.25020244,43,,,0,,False,12,train,0
2820,0.0,793.44622,793.69643,null,0.8,null,30.0,"[20.0, 20.0]","[3644.93333333, 3644.93333333]",0.08,45.0,gabors,0.0,4.0,0.25020244,1,,,0,,False,11,test,1
2821,0.0,793.69643,793.94664,null,0.8,null,40.0,"[20.0, 20.0]","[3644.93333333, 3644.93333333]",0.08,90.0,gabors,30.0,4.0,0.25021256,138,,,0,,False,11,test,2
2822,0.0,793.94664,794.19685,null,0.8,null,-20.0,"[20.0, 20.0]","[3644.93333333, 3644.93333333]",0.08,0.0,gabors,20.0,4.0,0.25021256,28,,,0,,False,12,train,0
2823,0.0,794.19685,794.44706,null,0.8,null,0.0,"[20.0, 20.0]","[3644.93333333, 3644.93333333]",0.08,0.0,gabors,0.0,4.0,0.25021256,187,,,0,,False,9,train,0
2824,0.0,794.44706,794.69728,null,0.8,null,10.0,"[20.0, 20.0]","[3644.93333333, 3644.93333333]",0.08,90.0,gabors,10.0,4.0,0.25021256,13,,,0,,False,11,test,2
2825,0.0,794.69728,794.94748,null,0.8,null,-40.0,"[20.0, 20.0]","[3644.93333333, 3644.93333333]",0.08,45.0,gabors,-30.0,4.0,0.25020744,76,,,0,,False,12,train,1
2826,0.0,794.94748,795.19769,null,0.8,null,0.0,"[20.0, 20.0]","[3644.93333333, 3644.93333333]",0.08,45.0,gabors,30.0,4.0,0.25020744,62,,,0,,False,9,train,1
2827,0.0,795.19769,795.4479,null,0.8,null,-30.0,"[20.0, 20.0]","[3644.93333333, 3644.93333333]",0.08,45.0,gabors,-10.0,4.0,0.25020744,56,,,0,,False,12,train,1
2828,0.0,795.4479,795.69811,null,0.8,null,30.0,"[20.0, 20.0]","[3644.93333333, 3644.93333333]",0.08,0.0,gabors,20.0,4.0,0.25020744,172,,,0,,False,12,train,0
2829,0.0,795.69811,795.94832,null,0.8,null,-10.0,"[20.0, 20.0]","[3644.93333333, 3644.93333333]",0.08,90.0,gabors,10.0,4.0,0.25021006,114,,,0,,False,11,test,2
2830,0.0,795.94832,796.19853,null,0.8,null,-20.0,"[20.0, 20.0]","[3644.93333333, 3644.93333333]",0.08,0.0,gabors,10.0,4.0,0.25021006,237,,,0,,False,8,test,0
2831,0.0,796.19853,796.44874,null,0.8,null,-40.0,"[20.0, 20.0]","[3644.93333333, 3644.93333333]",0.08,0.0,gabors,-10.0,4.0,0.25021006,141,,,0,,False,11,test,0
2832,0.0,796.44874,796.69895,null,0.8,null,20.0,"[20.0, 20.0]","[3644.93333333, 3644.93333333]",0.08,90.0,gabors,20.0,4.0,0.25021006,42,,,0,,False,11,test,2
2833,0.0,796.69895,796.94915,null,0.8,null,-40.0,"[20.0, 20.0]","[3644.93333333, 3644.93333333]",0.08,0.0,gabors,10.0,4.0,0.25020244,203,,,0,,False,12,train,0
2834,0.0,796.94915,797.19935,null,0.8,null,40.0,"[20.0, 20.0]","[3644.93333333, 3644.93333333]",0.08,90.0,gabors,0.0,4.0,0.25020244,128,,,0,,False,11,test,2
2835,0.0,797.19935,797.44955,null,0.8,null,20.0,"[20.0, 20.0]","[3644.93333333, 3644.93333333]",0.08,0.0,gabors,40.0,4.0,0.25020244,63,,,0,,False,8,test,0
2836,0.0,797.44955,797.69976,null,0.8,null,0.0,"[20.0, 20.0]","[3644.93333333, 3644.93333333]",0.08,45.0,gabors,-40.0,4.0,0.25020244,82,,,0,,False,12,train,1
2837,0.0,797.69976,797.94998,null,0.8,null,0.0,"[20.0, 20.0]","[3644.93333333, 3644.93333333]",0.08,45.0,gabors,-20.0,4.0,0.25022006,182,,,0,,False,12,train,1
2838,0.0,797.94998,798.2002,null,0.8,null,0.0,"[20.0, 20.0]","[3644.93333333, 3644.93333333]",0.08,90.0,gabors,0.0,4.0,0.25022006,104,,,0,,False,11,test,2
2839,0.0,798.2002,798.45042,null,0.8,null,30.0,"[20.0, 20.0]","[3644.93333333, 3644.93333333]",0.08,45.0,gabors,-30.0,4.0,0.25022006,65,,,0,,False,13,train,1
2840,0.0,798.45042,798.70064,null,0.8,null,-10.0,"[20.0, 20.0]","[3644.93333333, 3644.93333333]",0.08,45.0,gabors,40.0,4.0,0.25022006,215,,,0,,False,12,train,1
2841,0.0,798.70064,798.95084,null,0.8,null,-20.0,"[20.0, 20.0]","[3644.93333333, 3644.93333333]",0.08,0.0,gabors,-20.0,4.0,0.25020244,194,,,0,,False,10,train,0
2842,0.0,798.95084,799.20104,null,0.8,null,10.0,"[20.0, 20.0]","[3644.93333333, 3644.93333333]",0.08,45.0,gabors,10.0,4.0,0.25020244,9,,,0,,False,10,train,1
2843,0.0,799.20104,799.45124,null,0.8,null,-40.0,"[20.0, 20.0]","[3644.93333333, 3644.93333333]",0.08,90.0,gabors,30.0,4.0,0.25020244,53,,,0,,False,12,train,2
2844,0.0,799.45124,799.70145,null,0.8,null,-30.0,"[20.0, 20.0]","[3644.93333333, 3644.93333333]",0.08,90.0,gabors,-30.0,4.0,0.25020244,112,,,0,,False,10,train,2
2845,0.0,799.70145,799.95166,null,0.8,null,0.0,"[20.0, 20.0]","[3644.93333333, 3644.93333333]",0.08,0.0,gabors,-30.0,4.0,0.25021006,188,,,0,,False,9,train,0
2846,0.0,799.95166,800.20187,null,0.8,null,-20.0,"[20.0, 20.0]","[3644.93333333, 3644.93333333]",0.08,0.0,gabors,10.0,4.0,0.25021006,237,,,0,,False,9,train,0
2847,0.0,800.20187,800.45208,null,0.8,null,20.0,"[20.0, 20.0]","[3644.93333333, 3644.93333333]",0.08,45.0,gabors,-20.0,4.0,0.25021006,29,,,0,,False,13,train,1
2848,0.0,800.45208,800.70229,null,0.8,null,40.0,"[20.0, 20.0]","[3644.93333333, 3644.93333333]",0.08,90.0,gabors,-30.0,4.0,0.25021006,127,,,0,,False,10,train,2
2849,0.0,800.70229,800.9525,null,0.8,null,40.0,"[20.0, 20.0]","[3644.93333333, 3644.93333333]",0.08,45.0,gabors,-10.0,4.0,0.25021244,149,,,0,,False,13,train,1
2850,0.0,800.9525,801.20271,null,0.8,null,40.0,"[20.0, 20.0]","[3644.93333333, 3644.93333333]",0.08,0.0,gabors,30.0,4.0,0.25021244,218,,,0,,False,9,train,0
2851,0.0,801.20271,801.45292,null,0.8,null,-40.0,"[20.0, 20.0]","[3644.93333333, 3644.93333333]",0.08,45.0,gabors,0.0,4.0,0.25021244,208,,,0,,False,12,train,1
2852,0.0,801.45292,801.70314,null,0.8,null,-10.0,"[20.0, 20.0]","[3644.93333333, 3644.93333333]",0.08,90.0,gabors,-20.0,4.0,0.25021244,116,,,0,,False,13,train,2
2853,0.0,801.70314,801.95334,null,0.8,null,10.0,"[20.0, 20.0]","[3644.93333333, 3644.93333333]",0.08,0.0,gabors,10.0,4.0,0.25020756,224,,,0,,False,14,test,0
2854,0.0,801.95334,802.20355,null,0.8,null,-20.0,"[20.0, 20.0]","[3644.93333333, 3644.93333333]",0.08,90.0,gabors,-20.0,4.0,0.25020756,135,,,0,,False,11,test,2
2855,0.0,802.20355,802.45376,null,0.8,null,-20.0,"[20.0, 20.0]","[3644.93333333, 3644.93333333]",0.08,45.0,gabors,-40.0,4.0,0.25020756,77,,,0,,False,11,test,1
2856,0.0,802.45376,802.70397,null,0.8,null,-20.0,"[20.0, 20.0]","[3644.93333333, 3644.93333333]",0.08,0.0,gabors,-20.0,4.0,0.25020756,194,,,0,,False,11,test,0
2857,0.0,802.70397,802.95417,null,0.8,null,20.0,"[20.0, 20.0]","[3644.93333333, 3644.93333333]",0.08,45.0,gabors,-30.0,4.0,0.25020744,129,,,0,,False,12,train,1
2858,0.0,802.95417,803.20438,null,0.8,null,30.0,"[20.0, 20.0]","[3644.93333333, 3644.93333333]",0.08,0.0,gabors,-20.0,4.0,0.25020744,148,,,0,,False,10,train,0
2859,0.0,803.20438,803.45459,null,0.8,null,30.0,"[20.0, 20.0]","[3644.93333333, 3644.93333333]",0.08,45.0,gabors,-10.0,4.0,0.25020744,120,,,0,,False,11,test,1
2860,0.0,803.45459,803.7048,null,0.8,null,-20.0,"[20.0, 20.0]","[3644.93333333, 3644.93333333]",0.08,45.0,gabors,40.0,4.0,0.25020744,57,,,0,,False,12,train,1
2861,0.0,803.7048,803.955,null,0.8,null,20.0,"[20.0, 20.0]","[3644.93333333, 3644.93333333]",0.08,90.0,gabors,-30.0,4.0,0.25020756,64,,,0,,False,10,train,2
2862,0.0,803.955,804.20521,null,0.8,null,30.0,"[20.0, 20.0]","[3644.93333333, 3644.93333333]",0.08,0.0,gabors,20.0,4.0,0.25020756,172,,,0,,False,13,train,0
2863,0.0,804.20521,804.45542,null,0.8,null,40.0,"[20.0, 20.0]","[3644.93333333, 3644.93333333]",0.08,45.0,gabors,0.0,4.0,0.25020756,73,,,0,,False,10,train,1
2864,0.0,804.45542,804.70563,null,0.8,null,-40.0,"[20.0, 20.0]","[3644.93333333, 3644.93333333]",0.08,0.0,gabors,-10.0,4.0,0.25020756,141,,,0,,False,12,train,0
2865,0.0,804.70563,804.95583,null,0.8,null,40.0,"[20.0, 20.0]","[3644.93333333, 3644.93333333]",0.08,90.0,gabors,-30.0,4.0,0.25020744,127,,,0,,False,11,test,2
2866,0.0,804.95583,805.20604,null,0.8,null,-10.0,"[20.0, 20.0]","[3644.93333333, 3644.93333333]",0.08,0.0,gabors,-40.0,4.0,0.25020744,37,,,0,,False,12,train,0
2867,0.0,805.20604,805.45625,null,0.8,null,20.0,"[20.0, 20.0]","[3644.93333333, 3644.93333333]",0.08,45.0,gabors,-40.0,4.0,0.25020744,201,,,0,,False,8,test,1
2868,0.0,805.45625,805.70646,null,0.8,null,0.0,"[20.0, 20.0]","[3644.93333333, 3644.93333333]",0.08,0.0,gabors,-30.0,4.0,0.25020744,188,,,0,,False,10,train,0
2869,0.0,805.70646,805.95667,null,0.8,null,0.0,"[20.0, 20.0]","[3644.93333333, 3644.93333333]",0.08,45.0,gabors,-10.0,4.0,0.25021256,23,,,0,,False,11,test,1
2870,0.0,805.95667,806.20688,null,0.8,null,-10.0,"[20.0, 20.0]","[3644.93333333, 3644.93333333]",0.08,0.0,gabors,40.0,4.0,0.25021256,130,,,0,,False,11,test,0
2871,0.0,806.20688,806.45709,null,0.8,null,10.0,"[20.0, 20.0]","[3644.93333333, 3644.93333333]",0.08,0.0,gabors,-20.0,4.0,0.25021256,153,,,0,,False,9,train,0
2872,0.0,806.45709,806.70731,null,0.8,null,-20.0,"[20.0, 20.0]","[3644.93333333, 3644.93333333]",0.08,90.0,gabors,40.0,4.0,0.25021256,190,,,0,,False,12,train,2
2873,0.0,806.70731,806.95752,null,0.8,null,10.0,"[20.0, 20.0]","[3644.93333333, 3644.93333333]",0.08,90.0,gabors,-10.0,4.0,0.25020994,102,,,0,,False,13,train,2
2874,0.0,806.95752,807.20773,null,0.8,null,30.0,"[20.0, 20.0]","[3644.93333333, 3644.93333333]",0.08,0.0,gabors,-20.0,4.0,0.25020994,148,,,0,,False,11,test,0
2875,0.0,807.20773,807.45794,null,0.8,null,-40.0,"[20.0, 20.0]","[3644.93333333, 3644.93333333]",0.08,90.0,gabors,0.0,4.0,0.25020994,198,,,0,,False,11,test,2
2876,0.0,807.45794,807.70815,null,0.8,null,-20.0,"[20.0, 20.0]","[3644.93333333, 3644.93333333]",0.08,90.0,gabors,-30.0,4.0,0.25020994,145,,,0,,False,13,train,2
2877,0.0,807.70815,807.95836,null,0.8,null,-20.0,"[20.0, 20.0]","[3644.93333333, 3644.93333333]",0.08,45.0,gabors,30.0,4.0,0.25021006,191,,,0,,False,9,train,1
2878,0.0,807.95836,808.20857,null,0.8,null,-40.0,"[20.0, 20.0]","[3644.93333333, 3644.93333333]",0.08,90.0,gabors,10.0,4.0,0.25021006,107,,,0,,False,8,test,2
2879,0.0,808.20857,808.45878,null,0.8,null,10.0,"[20.0, 20.0]","[3644.93333333, 3644.93333333]",0.08,0.0,gabors,0.0,4.0,0.25021006,205,,,0,,False,10,train,0
2880,0.0,808.45878,808.70899,null,0.8,null,-40.0,"[20.0, 20.0]","[3644.93333333, 3644.93333333]",0.08,90.0,gabors,-20.0,4.0,0.25021006,72,,,0,,False,13,train,2
2881,0.0,808.70899,808.95919,null,0.8,null,-30.0,"[20.0, 20.0]","[3644.93333333, 3644.93333333]",0.08,90.0,gabors,-40.0,4.0,0.25020744,39,,,0,,False,13,train,2
2882,0.0,808.95919,809.2094,null,0.8,null,40.0,"[20.0, 20.0]","[3644.93333333, 3644.93333333]",0.08,0.0,gabors,30.0,4.0,0.25020744,218,,,0,,False,10,train,0
2883,0.0,809.2094,809.45961,null,0.8,null,-10.0,"[20.0, 20.0]","[3644.93333333, 3644.93333333]",0.08,0.0,gabors,0.0,4.0,0.25020744,132,,,0,,False,11,test,0
2884,0.0,809.45961,809.70982,null,0.8,null,30.0,"[20.0, 20.0]","[3644.93333333, 3644.93333333]",0.08,90.0,gabors,40.0,4.0,0.25020744,88,,,0,,False,10,train,2
2885,0.0,809.70982,809.96003,null,0.8,null,0.0,"[20.0, 20.0]","[3644.93333333, 3644.93333333]",0.08,0.0,gabors,0.0,4.0,0.25021256,187,,,0,,False,10,train,0
2886,0.0,809.96003,810.21024,null,0.8,null,-10.0,"[20.0, 20.0]","[3644.93333333, 3644.93333333]",0.08,0.0,gabors,0.0,4.0,0.25021256,132,,,0,,False,12,train,0
2887,0.0,810.21024,810.46045,null,0.8,null,-20.0,"[20.0, 20.0]","[3644.93333333, 3644.93333333]",0.08,0.0,gabors,-40.0,4.0,0.25021256,117,,,0,,False,11,test,0
2888,0.0,810.46045,810.71067,null,0.8,null,0.0,"[20.0, 20.0]","[3644.93333333, 3644.93333333]",0.08,0.0,gabors,10.0,4.0,0.25021256,234,,,0,,False,11,test,0
2889,0.0,810.71067,810.96087,null,0.8,null,10.0,"[20.0, 20.0]","[3644.93333333, 3644.93333333]",0.08,90.0,gabors,20.0,4.0,0.25020244,27,,,0,,False,11,test,2
2890,0.0,810.96087,811.21107,null,0.8,null,0.0,"[20.0, 20.0]","[3644.93333333, 3644.93333333]",0.08,45.0,gabors,20.0,4.0,0.25020244,233,,,0,,False,14,test,1
2891,0.0,811.21107,811.46127,null,0.8,null,0.0,"[20.0, 20.0]","[3644.93333333, 3644.93333333]",0.08,0.0,gabors,-30.0,4.0,0.25020244,188,,,0,,False,11,test,0
2892,0.0,811.46127,811.71148,null,0.8,null,0.0,"[20.0, 20.0]","[3644.93333333, 3644.93333333]",0.08,90.0,gabors,-20.0,4.0,0.25020244,45,,,0,,False,12,train,2
2893,0.0,811.71148,811.96168,null,0.8,null,30.0,"[20.0, 20.0]","[3644.93333333, 3644.93333333]",0.08,0.0,gabors,-30.0,4.0,0.25020006,171,,,0,,False,11,test,0
2894,0.0,811.96168,812.21188,null,0.8,null,30.0,"[20.0, 20.0]","[3644.93333333, 3644.93333333]",0.08,0.0,gabors,-30.0,4.0,0.25020006,171,,,0,,False,12,train,0
2895,0.0,812.21188,812.46208,null,0.8,null,20.0,"[20.0, 20.0]","[3644.93333333, 3644.93333333]",0.08,90.0,gabors,30.0,4.0,0.25020006,6,,,0,,False,6,train,2
2896,0.0,812.46208,812.71228,null,0.8,null,-20.0,"[20.0, 20.0]","[3644.93333333, 3644.93333333]",0.08,0.0,gabors,10.0,4.0,0.25020006,237,,,0,,False,10,train,0
2897,0.0,812.71228,812.9625,null,0.8,null,-10.0,"[20.0, 20.0]","[3644.93333333, 3644.93333333]",0.08,0.0,gabors,-20.0,4.0,0.25021994,176,,,0,,False,12,train,0
2898,0.0,812.9625,813.21272,null,0.8,null,0.0,"[20.0, 20.0]","[3644.93333333, 3644.93333333]",0.08,45.0,gabors,10.0,4.0,0.25021994,90,,,0,,False,11,test,1
2899,0.0,813.21272,813.46294,null,0.8,null,0.0,"[20.0, 20.0]","[3644.93333333, 3644.93333333]",0.08,45.0,gabors,-30.0,4.0,0.25021994,91,,,0,,False,11,test,1
2900,0.0,813.46294,813.71316,null,0.8,null,-20.0,"[20.0, 20.0]","[3644.93333333, 3644.93333333]",0.08,0.0,gabors,10.0,4.0,0.25021994,237,,,0,,False,11,test,0
2901,0.0,813.71316,813.96337,null,0.8,null,-20.0,"[20.0, 20.0]","[3644.93333333, 3644.93333333]",0.08,45.0,gabors,40.0,4.0,0.25021006,57,,,0,,False,13,train,1
2902,0.0,813.96337,814.21358,null,0.8,null,10.0,"[20.0, 20.0]","[3644.93333333, 3644.93333333]",0.08,45.0,gabors,-10.0,4.0,0.25021006,143,,,0,,False,9,train,1
2903,0.0,814.21358,814.46379,null,0.8,null,-30.0,"[20.0, 20.0]","[3644.93333333, 3644.93333333]",0.08,90.0,gabors,-30.0,4.0,0.25021006,112,,,0,,False,11,test,2
2904,0.0,814.46379,814.714,null,0.8,null,-20.0,"[20.0, 20.0]","[3644.93333333, 3644.93333333]",0.08,0.0,gabors,-20.0,4.0,0.25021006,194,,,0,,False,12,train,0
2905,0.0,814.714,814.9642,null,0.8,null,0.0,"[20.0, 20.0]","[3644.93333333, 3644.93333333]",0.08,45.0,gabors,-20.0,4.0,0.25020494,182,,,0,,False,13,train,1
2906,0.0,814.9642,815.21441,null,0.8,null,0.0,"[20.0, 20.0]","[3644.93333333, 3644.93333333]",0.08,0.0,gabors,-30.0,4.0,0.25020494,188,,,0,,False,12,train,0
2907,0.0,815.21441,815.46461,null,0.8,null,-10.0,"[20.0, 20.0]","[3644.93333333, 3644.93333333]",0.08,0.0,gabors,10.0,4.0,0.25020494,100,,,0,,False,11,test,0
2908,0.0,815.46461,815.71482,null,0.8,null,-30.0,"[20.0, 20.0]","[3644.93333333, 3644.93333333]",0.08,0.0,gabors,-40.0,4.0,0.25020494,243,,,0,,False,12,train,0
2909,0.0,815.71482,815.96503,null,0.8,null,-30.0,"[20.0, 20.0]","[3644.93333333, 3644.93333333]",0.08,0.0,gabors,20.0,4.0,0.25021006,165,,,0,,False,10,train,0
2910,0.0,815.96503,816.21524,null,0.8,null,10.0,"[20.0, 20.0]","[3644.93333333, 3644.93333333]",0.08,45.0,gabors,30.0,4.0,0.25021006,167,,,0,,False,12,train,1
2911,0.0,816.21524,816.46545,null,0.8,null,40.0,"[20.0, 20.0]","[3644.93333333, 3644.93333333]",0.08,45.0,gabors,10.0,4.0,0.25021006,4,,,0,,False,11,test,1
2912,0.0,816.46545,816.71566,null,0.8,null,40.0,"[20.0, 20.0]","[3644.93333333, 3644.93333333]",0.08,90.0,gabors,-40.0,4.0,0.25021006,180,,,0,,False,10,train,2
2913,0.0,816.71566,816.96587,null,0.8,null,20.0,"[20.0, 20.0]","[3644.93333333, 3644.93333333]",0.08,90.0,gabors,-30.0,4.0,0.25021244,64,,,0,,False,11,test,2
2914,0.0,816.96587,817.21608,null,0.8,null,40.0,"[20.0, 20.0]","[3644.93333333, 3644.93333333]",0.08,0.0,gabors,30.0,4.0,0.25021244,218,,,0,,False,11,test,0
2915,0.0,817.21608,817.46629,null,0.8,null,20.0,"[20.0, 20.0]","[3644.93333333, 3644.93333333]",0.08,0.0,gabors,30.0,4.0,0.25021244,58,,,0,,False,9,train,0
2916,0.0,817.46629,817.71651,null,0.8,null,30.0,"[20.0, 20.0]","[3644.93333333, 3644.93333333]",0.08,90.0,gabors,40.0,4.0,0.25021244,88,,,0,,False,11,test,2
2917,0.0,817.71651,817.96672,null,0.8,null,20.0,"[20.0, 20.0]","[3644.93333333, 3644.93333333]",0.08,0.0,gabors,-10.0,4.0,0.25021256,170,,,0,,False,13,train,0
2918,0.0,817.96672,818.21693,null,0.8,null,-20.0,"[20.0, 20.0]","[3644.93333333, 3644.93333333]",0.08,45.0,gabors,-30.0,4.0,0.25021256,48,,,0,,False,12,train,1
2919,0.0,818.21693,818.46714,null,0.8,null,20.0,"[20.0, 20.0]","[3644.93333333, 3644.93333333]",0.08,0.0,gabors,0.0,4.0,0.25021256,7,,,0,,False,12,train,0
2920,0.0,818.46714,818.71736,null,0.8,null,-20.0,"[20.0, 20.0]","[3644.93333333, 3644.93333333]",0.08,45.0,gabors,30.0,4.0,0.25021256,191,,,0,,False,10,train,1
2921,0.0,818.71736,818.96756,null,0.8,null,-40.0,"[20.0, 20.0]","[3644.93333333, 3644.93333333]",0.08,90.0,gabors,10.0,4.0,0.25020244,107,,,0,,False,9,train,2
2922,0.0,818.96756,819.21776,null,0.8,null,-30.0,"[20.0, 20.0]","[3644.93333333, 3644.93333333]",0.08,45.0,gabors,-40.0,4.0,0.25020244,232,,,0,,False,9,train,1
2923,0.0,819.21776,819.46796,null,0.8,null,0.0,"[20.0, 20.0]","[3644.93333333, 3644.93333333]",0.08,0.0,gabors,-10.0,4.0,0.25020244,221,,,0,,False,10,train,0
2924,0.0,819.46796,819.71817,null,0.8,null,10.0,"[20.0, 20.0]","[3644.93333333, 3644.93333333]",0.08,90.0,gabors,-40.0,4.0,0.25020244,183,,,0,,False,11,test,2
2925,0.0,819.71817,819.96839,null,0.8,null,-40.0,"[20.0, 20.0]","[3644.93333333, 3644.93333333]",0.08,0.0,gabors,30.0,4.0,0.25022006,231,,,0,,False,12,train,0
2926,0.0,819.96839,820.21861,null,0.8,null,0.0,"[20.0, 20.0]","[3644.93333333, 3644.93333333]",0.08,0.0,gabors,40.0,4.0,0.25022006,36,,,0,,False,13,train,0
2927,0.0,820.21861,820.46883,null,0.8,null,10.0,"[20.0, 20.0]","[3644.93333333, 3644.93333333]",0.08,90.0,gabors,-20.0,4.0,0.25022006,25,,,0,,False,11,test,2
2928,0.0,820.46883,820.71905,null,0.8,null,20.0,"[20.0, 20.0]","[3644.93333333, 3644.93333333]",0.08,90.0,gabors,-30.0,4.0,0.25022006,64,,,0,,False,12,train,2
2929,0.0,820.71905,820.96924,null,0.8,null,40.0,"[20.0, 20.0]","[3644.93333333, 3644.93333333]",0.08,45.0,gabors,20.0,4.0,0.25019744,105,,,0,,False,11,test,1
2930,0.0,820.96924,821.21944,null,0.8,null,0.0,"[20.0, 20.0]","[3644.93333333, 3644.93333333]",0.08,0.0,gabors,20.0,4.0,0.25019744,195,,,0,,False,10,train,0
2931,0.0,821.21944,821.46964,null,0.8,null,-20.0,"[20.0, 20.0]","[3644.93333333, 3644.93333333]",0.08,0.0,gabors,-40.0,4.0,0.25019744,117,,,0,,False,12,train,0
2932,0.0,821.46964,821.71984,null,0.8,null,40.0,"[20.0, 20.0]","[3644.93333333, 3644.93333333]",0.08,45.0,gabors,40.0,4.0,0.25019744,214,,,0,,False,10,train,1
2933,0.0,821.71984,821.97005,null,0.8,null,0.0,"[20.0, 20.0]","[3644.93333333, 3644.93333333]",0.08,0.0,gabors,-10.0,4.0,0.25021006,221,,,0,,False,11,test,0
2934,0.0,821.97005,822.22026,null,0.8,null,-30.0,"[20.0, 20.0]","[3644.93333333, 3644.93333333]",0.08,90.0,gabors,-30.0,4.0,0.25021006,112,,,0,,False,12,train,2
2935,0.0,822.22026,822.47047,null,0.8,null,-40.0,"[20.0, 20.0]","[3644.93333333, 3644.93333333]",0.08,90.0,gabors,20.0,4.0,0.25021006,213,,,0,,False,11,test,2
2936,0.0,822.47047,822.72068,null,0.8,null,30.0,"[20.0, 20.0]","[3644.93333333, 3644.93333333]",0.08,90.0,gabors,-30.0,4.0,0.25021006,84,,,0,,False,10,train,2
2937,0.0,822.72068,822.97089,null,0.8,null,-40.0,"[20.0, 20.0]","[3644.93333333, 3644.93333333]",0.08,45.0,gabors,30.0,4.0,0.25020994,144,,,0,,False,11,test,1
2938,0.0,822.97089,823.2211,null,0.8,null,30.0,"[20.0, 20.0]","[3644.93333333, 3644.93333333]",0.08,45.0,gabors,-20.0,4.0,0.25020994,162,,,0,,False,10,train,1
2939,0.0,823.2211,823.47131,null,0.8,null,40.0,"[20.0, 20.0]","[3644.93333333, 3644.93333333]",0.08,45.0,gabors,-40.0,4.0,0.25020994,101,,,0,,False,12,train,1
2940,0.0,823.47131,823.72152,null,0.8,null,30.0,"[20.0, 20.0]","[3644.93333333, 3644.93333333]",0.08,0.0,gabors,-10.0,4.0,0.25020994,92,,,0,,False,11,test,0
2941,0.0,823.72152,823.97174,null,0.8,null,40.0,"[20.0, 20.0]","[3644.93333333, 3644.93333333]",0.08,90.0,gabors,10.0,4.0,0.25022006,150,,,0,,False,10,train,2
2942,0.0,823.97174,824.22196,null,0.8,null,30.0,"[20.0, 20.0]","[3644.93333333, 3644.93333333]",0.08,0.0,gabors,-10.0,4.0,0.25022006,92,,,0,,False,12,train,0
2943,0.0,824.22196,824.47218,null,0.8,null,30.0,"[20.0, 20.0]","[3644.93333333, 3644.93333333]",0.08,90.0,gabors,40.0,4.0,0.25022006,88,,,0,,False,12,train,2
2944,0.0,824.47218,824.7224,null,0.8,null,40.0,"[20.0, 20.0]","[3644.93333333, 3644.93333333]",0.08,0.0,gabors,20.0,4.0,0.25022006,19,,,0,,False,10,train,0
2945,0.0,824.7224,824.97259,null,0.8,null,-20.0,"[20.0, 20.0]","[3644.93333333, 3644.93333333]",0.08,45.0,gabors,40.0,4.0,0.25019494,57,,,0,,False,14,test,1
2946,0.0,824.97259,825.22279,null,0.8,null,20.0,"[20.0, 20.0]","[3644.93333333, 3644.93333333]",0.08,90.0,gabors,30.0,4.0,0.25019494,6,,,0,,False,7,train,2
2947,0.0,825.22279,825.47298,null,0.8,null,10.0,"[20.0, 20.0]","[3644.93333333, 3644.93333333]",0.08,0.0,gabors,20.0,4.0,0.25019494,179,,,0,,False,13,train,0
2948,0.0,825.47298,825.72318,null,0.8,null,-40.0,"[20.0, 20.0]","[3644.93333333, 3644.93333333]",0.08,90.0,gabors,40.0,4.0,0.25019494,34,,,0,,False,10,train,2
2949,0.0,825.72318,825.97339,null,0.8,null,-30.0,"[20.0, 20.0]","[3644.93333333, 3644.93333333]",0.08,45.0,gabors,20.0,4.0,0.25021256,24,,,0,,False,9,train,1
2950,0.0,825.97339,826.2236,null,0.8,null,-40.0,"[20.0, 20.0]","[3644.93333333, 3644.93333333]",0.08,0.0,gabors,-40.0,4.0,0.25021256,139,,,0,,False,12,train,0
2951,0.0,826.2236,826.47381,null,0.8,null,20.0,"[20.0, 20.0]","[3644.93333333, 3644.93333333]",0.08,0.0,gabors,-30.0,4.0,0.25021256,238,,,0,,False,11,test,0
2952,0.0,826.47381,826.72403,null,0.8,null,-10.0,"[20.0, 20.0]","[3644.93333333, 3644.93333333]",0.08,0.0,gabors,20.0,4.0,0.25021256,235,,,0,,False,9,train,0
2953,0.0,826.72403,826.97423,null,0.8,null,30.0,"[20.0, 20.0]","[3644.93333333, 3644.93333333]",0.08,45.0,gabors,-20.0,4.0,0.25020744,162,,,0,,False,11,test,1
2954,0.0,826.97423,827.22444,null,0.8,null,20.0,"[20.0, 20.0]","[3644.93333333, 3644.93333333]",0.08,0.0,gabors,0.0,4.0,0.25020744,7,,,0,,False,13,train,0
2955,0.0,827.22444,827.47465,null,0.8,null,-40.0,"[20.0, 20.0]","[3644.93333333, 3644.93333333]",0.08,0.0,gabors,-10.0,4.0,0.25020744,141,,,0,,False,13,train,0
2956,0.0,827.47465,827.72486,null,0.8,null,10.0,"[20.0, 20.0]","[3644.93333333, 3644.93333333]",0.08,0.0,gabors,0.0,4.0,0.25020744,205,,,0,,False,11,test,0
2957,0.0,827.72486,827.97507,null,0.8,null,-10.0,"[20.0, 20.0]","[3644.93333333, 3644.93333333]",0.08,0.0,gabors,30.0,4.0,0.25021006,227,,,0,,False,9,train,0
2958,0.0,827.97507,828.22528,null,0.8,null,0.0,"[20.0, 20.0]","[3644.93333333, 3644.93333333]",0.08,0.0,gabors,-20.0,4.0,0.25021006,108,,,0,,False,13,train,0
2959,0.0,828.22528,828.47549,null,0.8,null,-10.0,"[20.0, 20.0]","[3644.93333333, 3644.93333333]",0.08,90.0,gabors,-40.0,4.0,0.25021006,185,,,0,,False,14,test,2
2960,0.0,828.47549,828.7257,null,0.8,null,-30.0,"[20.0, 20.0]","[3644.93333333, 3644.93333333]",0.08,45.0,gabors,-40.0,4.0,0.25021006,232,,,0,,False,10,train,1
2961,0.0,828.7257,828.9759,null,0.8,null,0.0,"[20.0, 20.0]","[3644.93333333, 3644.93333333]",0.08,45.0,gabors,-40.0,4.0,0.25020744,82,,,0,,False,13,train,1
2962,0.0,828.9759,829.22611,null,0.8,null,-40.0,"[20.0, 20.0]","[3644.93333333, 3644.93333333]",0.08,90.0,gabors,40.0,4.0,0.25020744,34,,,0,,False,11,test,2
2963,0.0,829.22611,829.47632,null,0.8,null,-10.0,"[20.0, 20.0]","[3644.93333333, 3644.93333333]",0.08,0.0,gabors,-10.0,4.0,0.25020744,78,,,0,,False,13,train,0
2964,0.0,829.47632,829.72653,null,0.8,null,40.0,"[20.0, 20.0]","[3644.93333333, 3644.93333333]",0.08,45.0,gabors,0.0,4.0,0.25020744,73,,,0,,False,11,test,1
2965,0.0,829.72653,829.97674,null,0.8,null,-30.0,"[20.0, 20.0]","[3644.93333333, 3644.93333333]",0.08,0.0,gabors,10.0,4.0,0.25021506,166,,,0,,False,11,test,0
2966,0.0,829.97674,830.22696,null,0.8,null,10.0,"[20.0, 20.0]","[3644.93333333, 3644.93333333]",0.08,0.0,gabors,-20.0,4.0,0.25021506,153,,,0,,False,10,train,0
2967,0.0,830.22696,830.47717,null,0.8,null,-40.0,"[20.0, 20.0]","[3644.93333333, 3644.93333333]",0.08,45.0,gabors,-10.0,4.0,0.25021506,169,,,0,,False,9,train,1
2968,0.0,830.47717,830.72739,null,0.8,null,40.0,"[20.0, 20.0]","[3644.93333333, 3644.93333333]",0.08,90.0,gabors,30.0,4.0,0.25021506,138,,,0,,False,12,train,2
2969,0.0,830.72739,830.97759,null,0.8,null,-20.0,"[20.0, 20.0]","[3644.93333333, 3644.93333333]",0.08,0.0,gabors,40.0,4.0,0.25020744,51,,,0,,False,8,test,0
2970,0.0,830.97759,831.2278,null,0.8,null,-20.0,"[20.0, 20.0]","[3644.93333333, 3644.93333333]",0.08,90.0,gabors,-20.0,4.0,0.25020744,135,,,0,,False,12,train,2
2971,0.0,831.2278,831.47801,null,0.8,null,-10.0,"[20.0, 20.0]","[3644.93333333, 3644.93333333]",0.08,0.0,gabors,-30.0,4.0,0.25020744,54,,,0,,False,13,train,0
2972,0.0,831.47801,831.72822,null,0.8,null,-10.0,"[20.0, 20.0]","[3644.93333333, 3644.93333333]",0.08,0.0,gabors,-20.0,4.0,0.25020744,176,,,0,,False,13,train,0
2973,0.0,831.72822,831.97842,null,0.8,null,-20.0,"[20.0, 20.0]","[3644.93333333, 3644.93333333]",0.08,0.0,gabors,40.0,4.0,0.25020506,51,,,0,,False,9,train,0
2974,0.0,831.97842,832.22863,null,0.8,null,20.0,"[20.0, 20.0]","[3644.93333333, 3644.93333333]",0.08,90.0,gabors,0.0,4.0,0.25020506,10,,,0,,False,8,test,2
2975,0.0,832.22863,832.47883,null,0.8,null,-30.0,"[20.0, 20.0]","[3644.93333333, 3644.93333333]",0.08,0.0,gabors,0.0,4.0,0.25020506,3,,,0,,False,10,train,0
2976,0.0,832.47883,832.72904,null,0.8,null,0.0,"[20.0, 20.0]","[3644.93333333, 3644.93333333]",0.08,0.0,gabors,30.0,4.0,0.25020506,74,,,0,,False,11,test,0
2977,0.0,832.72904,832.97925,null,0.8,null,0.0,"[20.0, 20.0]","[3644.93333333, 3644.93333333]",0.08,90.0,gabors,-30.0,4.0,0.25020994,137,,,0,,False,14,test,2
2978,0.0,832.97925,833.22946,null,0.8,null,-20.0,"[20.0, 20.0]","[3644.93333333, 3644.93333333]",0.08,90.0,gabors,0.0,4.0,0.25020994,5,,,0,,False,8,test,2
2979,0.0,833.22946,833.47967,null,0.8,null,-30.0,"[20.0, 20.0]","[3644.93333333, 3644.93333333]",0.08,45.0,gabors,-20.0,4.0,0.25020994,181,,,0,,False,11,test,1
2980,0.0,833.47967,833.72988,null,0.8,null,-40.0,"[20.0, 20.0]","[3644.93333333, 3644.93333333]",0.08,90.0,gabors,10.0,4.0,0.25020994,107,,,0,,False,10,train,2
2981,0.0,833.72988,833.98009,null,0.8,null,0.0,"[20.0, 20.0]","[3644.93333333, 3644.93333333]",0.08,90.0,gabors,-20.0,4.0,0.25021256,45,,,0,,False,13,train,2
2982,0.0,833.98009,834.2303,null,0.8,null,30.0,"[20.0, 20.0]","[3644.93333333, 3644.93333333]",0.08,0.0,gabors,30.0,4.0,0.25021256,43,,,0,,False,13,train,0
2983,0.0,834.2303,834.48051,null,0.8,null,10.0,"[20.0, 20.0]","[3644.93333333, 3644.93333333]",0.08,45.0,gabors,20.0,4.0,0.25021256,115,,,0,,False,10,train,1
2984,0.0,834.48051,834.73073,null,0.8,null,10.0,"[20.0, 20.0]","[3644.93333333, 3644.93333333]",0.08,90.0,gabors,40.0,4.0,0.25021256,12,,,0,,False,12,train,2
2985,0.0,834.73073,834.98093,null,0.8,null,10.0,"[20.0, 20.0]","[3644.93333333, 3644.93333333]",0.08,45.0,gabors,10.0,4.0,0.25020494,9,,,0,,False,11,test,1
2986,0.0,834.98093,835.23114,null,0.8,null,30.0,"[20.0, 20.0]","[3644.93333333, 3644.93333333]",0.08,90.0,gabors,-30.0,4.0,0.25020494,84,,,0,,False,11,test,2
2987,0.0,835.23114,835.48134,null,0.8,null,-30.0,"[20.0, 20.0]","[3644.93333333, 3644.93333333]",0.08,45.0,gabors,0.0,4.0,0.25020494,22,,,0,,False,11,test,1
2988,0.0,835.48134,835.73155,null,0.8,null,40.0,"[20.0, 20.0]","[3644.93333333, 3644.93333333]",0.08,45.0,gabors,10.0,4.0,0.25020494,4,,,0,,False,12,train,1
2989,0.0,835.73155,835.98176,null,0.8,null,-40.0,"[20.0, 20.0]","[3644.93333333, 3644.93333333]",0.08,0.0,gabors,10.0,4.0,0.25021506,203,,,0,,False,13,train,0
2990,0.0,835.98176,836.23198,null,0.8,null,20.0,"[20.0, 20.0]","[3644.93333333, 3644.93333333]",0.08,90.0,gabors,30.0,4.0,0.25021506,6,,,0,,False,8,test,2
2991,0.0,836.23198,836.48219,null,0.8,null,-40.0,"[20.0, 20.0]","[3644.93333333, 3644.93333333]",0.08,45.0,gabors,10.0,4.0,0.25021506,197,,,0,,False,11,test,1
2992,0.0,836.48219,836.73241,null,0.8,null,30.0,"[20.0, 20.0]","[3644.93333333, 3644.93333333]",0.08,0.0,gabors,-10.0,4.0,0.25021506,92,,,0,,False,13,train,0
2993,0.0,836.73241,836.98261,null,0.8,null,40.0,"[20.0, 20.0]","[3644.93333333, 3644.93333333]",0.08,45.0,gabors,-10.0,4.0,0.25020244,149,,,0,,False,14,test,1
2994,0.0,836.98261,837.23281,null,0.8,null,-40.0,"[20.0, 20.0]","[3644.93333333, 3644.93333333]",0.08,0.0,gabors,0.0,4.0,0.25020244,228,,,0,,False,14,test,0
2995,0.0,837.23281,837.48301,null,0.8,null,30.0,"[20.0, 20.0]","[3644.93333333, 3644.93333333]",0.08,45.0,gabors,20.0,4.0,0.25020244,219,,,0,,False,8,test,1
2996,0.0,837.48301,837.73322,null,0.8,null,-30.0,"[20.0, 20.0]","[3644.93333333, 3644.93333333]",0.08,90.0,gabors,-10.0,4.0,0.25020244,26,,,0,,False,12,train,2
2997,0.0,837.73322,837.98343,null,0.8,null,-30.0,"[20.0, 20.0]","[3644.93333333, 3644.93333333]",0.08,0.0,gabors,-30.0,4.0,0.25021756,164,,,0,,False,13,train,0
2998,0.0,837.98343,838.23365,null,0.8,null,20.0,"[20.0, 20.0]","[3644.93333333, 3644.93333333]",0.08,45.0,gabors,-20.0,4.0,0.25021756,29,,,0,,False,14,test,1
2999,0.0,838.23365,838.48387,null,0.8,null,-30.0,"[20.0, 20.0]","[3644.93333333, 3644.93333333]",0.08,0.0,gabors,0.0,4.0,0.25021756,3,,,0,,False,11,test,0
3000,0.0,838.48387,838.73409,null,0.8,null,40.0,"[20.0, 20.0]","[3644.93333333, 3644.93333333]",0.08,0.0,gabors,20.0,4.0,0.25021756,19,,,0,,False,11,test,0
3001,0.0,838.73409,838.98429,null,0.8,null,20.0,"[20.0, 20.0]","[3644.93333333, 3644.93333333]",0.08,90.0,gabors,30.0,4.0,0.25020244,6,,,0,,False,9,train,2
3002,0.0,838.98429,839.23449,null,0.8,null,20.0,"[20.0, 20.0]","[3644.93333333, 3644.93333333]",0.08,90.0,gabors,-20.0,4.0,0.25020244,177,,,0,,False,12,train,2
3003,0.0,839.23449,839.48469,null,0.8,null,40.0,"[20.0, 20.0]","[3644.93333333, 3644.93333333]",0.08,45.0,gabors,-40.0,4.0,0.25020244,101,,,0,,False,13,train,1
3004,0.0,839.48469,839.7349,null,0.8,null,-40.0,"[20.0, 20.0]","[3644.93333333, 3644.93333333]",0.08,90.0,gabors,40.0,4.0,0.25020244,34,,,0,,False,12,train,2
3005,0.0,839.7349,839.9851,null,0.8,null,-10.0,"[20.0, 20.0]","[3644.93333333, 3644.93333333]",0.08,0.0,gabors,30.0,4.0,0.25020006,227,,,0,,False,10,train,0
3006,0.0,839.9851,840.2353,null,0.8,null,-10.0,"[20.0, 20.0]","[3644.93333333, 3644.93333333]",0.08,90.0,gabors,20.0,4.0,0.25020006,175,,,0,,False,12,train,2
3007,0.0,840.2353,840.4855,null,0.8,null,-20.0,"[20.0, 20.0]","[3644.93333333, 3644.93333333]",0.08,45.0,gabors,20.0,4.0,0.25020006,60,,,0,,False,13,train,1
3008,0.0,840.4855,840.7357,null,0.8,null,20.0,"[20.0, 20.0]","[3644.93333333, 3644.93333333]",0.08,0.0,gabors,40.0,4.0,0.25020006,63,,,0,,False,9,train,0
3009,0.0,840.7357,840.98592,null,0.8,null,20.0,"[20.0, 20.0]","[3644.93333333, 3644.93333333]",0.08,45.0,gabors,30.0,4.0,0.25021994,118,,,0,,False,11,test,1
3010,0.0,840.98592,841.23614,null,0.8,null,30.0,"[20.0, 20.0]","[3644.93333333, 3644.93333333]",0.08,45.0,gabors,20.0,4.0,0.25021994,219,,,0,,False,9,train,1
3011,0.0,841.23614,841.48636,null,0.8,null,0.0,"[20.0, 20.0]","[3644.93333333, 3644.93333333]",0.08,90.0,gabors,10.0,4.0,0.25021994,110,,,0,,False,12,train,2
3012,0.0,841.48636,841.73658,null,0.8,null,40.0,"[20.0, 20.0]","[3644.93333333, 3644.93333333]",0.08,90.0,gabors,-40.0,4.0,0.25021994,180,,,0,,False,11,test,2
3013,0.0,841.73658,841.98679,null,0.8,null,40.0,"[20.0, 20.0]","[3644.93333333, 3644.93333333]",0.08,90.0,gabors,40.0,4.0,0.25021006,200,,,0,,False,14,test,2
3014,0.0,841.98679,842.237,null,0.8,null,-40.0,"[20.0, 20.0]","[3644.93333333, 3644.93333333]",0.08,0.0,gabors,-10.0,4.0,0.25021006,141,,,0,,False,14,test,0
3015,0.0,842.237,842.48721,null,0.8,null,-20.0,"[20.0, 20.0]","[3644.93333333, 3644.93333333]",0.08,0.0,gabors,10.0,4.0,0.25021006,237,,,0,,False,12,train,0
3016,0.0,842.48721,842.73742,null,0.8,null,-40.0,"[20.0, 20.0]","[3644.93333333, 3644.93333333]",0.08,45.0,gabors,10.0,4.0,0.25021006,197,,,0,,False,12,train,1
3017,0.0,842.73742,842.98762,null,0.8,null,30.0,"[20.0, 20.0]","[3644.93333333, 3644.93333333]",0.08,45.0,gabors,40.0,4.0,0.25020744,240,,,0,,False,11,test,1
3018,0.0,842.98762,843.23783,null,0.8,null,-10.0,"[20.0, 20.0]","[3644.93333333, 3644.93333333]",0.08,45.0,gabors,0.0,4.0,0.25020744,173,,,0,,False,11,test,1
3019,0.0,843.23783,843.48804,null,0.8,null,10.0,"[20.0, 20.0]","[3644.93333333, 3644.93333333]",0.08,45.0,gabors,-20.0,4.0,0.25020744,126,,,0,,False,11,test,1
3020,0.0,843.48804,843.73825,null,0.8,null,-20.0,"[20.0, 20.0]","[3644.93333333, 3644.93333333]",0.08,90.0,gabors,40.0,4.0,0.25020744,190,,,0,,False,13,train,2
3021,0.0,843.73825,843.98846,null,0.8,null,-10.0,"[20.0, 20.0]","[3644.93333333, 3644.93333333]",0.08,0.0,gabors,10.0,4.0,0.25021506,100,,,0,,False,12,train,0
3022,0.0,843.98846,844.23868,null,0.8,null,-10.0,"[20.0, 20.0]","[3644.93333333, 3644.93333333]",0.08,0.0,gabors,-20.0,4.0,0.25021506,176,,,0,,False,14,test,0
3023,0.0,844.23868,844.48889,null,0.8,null,20.0,"[20.0, 20.0]","[3644.93333333, 3644.93333333]",0.08,90.0,gabors,30.0,4.0,0.25021506,6,,,0,,False,10,train,2
3024,0.0,844.48889,844.73911,null,0.8,null,-10.0,"[20.0, 20.0]","[3644.93333333, 3644.93333333]",0.08,45.0,gabors,-10.0,4.0,0.25021506,216,,,0,,False,8,test,1
3025,0.0,844.73911,844.98931,null,0.8,null,20.0,"[20.0, 20.0]","[3644.93333333, 3644.93333333]",0.08,0.0,gabors,30.0,4.0,0.25019994,58,,,0,,False,10,train,0
3026,0.0,844.98931,845.23951,null,0.8,null,20.0,"[20.0, 20.0]","[3644.93333333, 3644.93333333]",0.08,45.0,gabors,-40.0,4.0,0.25019994,201,,,0,,False,9,train,1
3027,0.0,845.23951,845.48971,null,0.8,null,-30.0,"[20.0, 20.0]","[3644.93333333, 3644.93333333]",0.08,90.0,gabors,20.0,4.0,0.25019994,38,,,0,,False,13,train,2
3028,0.0,845.48971,845.73991,null,0.8,null,-10.0,"[20.0, 20.0]","[3644.93333333, 3644.93333333]",0.08,90.0,gabors,10.0,4.0,0.25019994,114,,,0,,False,12,train,2
3029,0.0,845.73991,845.99012,null,0.8,null,-20.0,"[20.0, 20.0]","[3644.93333333, 3644.93333333]",0.08,90.0,gabors,40.0,4.0,0.25021756,190,,,0,,False,14,test,2
3030,0.0,845.99012,846.24034,null,0.8,null,30.0,"[20.0, 20.0]","[3644.93333333, 3644.93333333]",0.08,0.0,gabors,10.0,4.0,0.25021756,49,,,0,,False,13,train,0
3031,0.0,846.24034,846.49056,null,0.8,null,40.0,"[20.0, 20.0]","[3644.93333333, 3644.93333333]",0.08,0.0,gabors,-20.0,4.0,0.25021756,30,,,0,,False,13,train,0
3032,0.0,846.49056,846.74078,null,0.8,null,10.0,"[20.0, 20.0]","[3644.93333333, 3644.93333333]",0.08,90.0,gabors,40.0,4.0,0.25021756,12,,,0,,False,13,train,2
3033,0.0,846.74078,846.99098,null,0.8,null,-10.0,"[20.0, 20.0]","[3644.93333333, 3644.93333333]",0.08,45.0,gabors,-30.0,4.0,0.25020244,189,,,0,,False,11,test,1
3034,0.0,846.99098,847.24118,null,0.8,null,-20.0,"[20.0, 20.0]","[3644.93333333, 3644.93333333]",0.08,90.0,gabors,-10.0,4.0,0.25020244,220,,,0,,False,12,train,2
3035,0.0,847.24118,847.49138,null,0.8,null,40.0,"[20.0, 20.0]","[3644.93333333, 3644.93333333]",0.08,45.0,gabors,-40.0,4.0,0.25020244,101,,,0,,False,14,test,1
3036,0.0,847.49138,847.74159,null,0.8,null,30.0,"[20.0, 20.0]","[3644.93333333, 3644.93333333]",0.08,90.0,gabors,0.0,4.0,0.25020244,11,,,0,,False,12,train,2
3037,0.0,847.74159,847.9918,null,0.8,null,-40.0,"[20.0, 20.0]","[3644.93333333, 3644.93333333]",0.08,45.0,gabors,10.0,4.0,0.25021256,197,,,0,,False,13,train,1
3038,0.0,847.9918,848.24201,null,0.8,null,20.0,"[20.0, 20.0]","[3644.93333333, 3644.93333333]",0.08,45.0,gabors,-30.0,4.0,0.25021256,129,,,0,,False,13,train,1
3039,0.0,848.24201,848.49222,null,0.8,null,10.0,"[20.0, 20.0]","[3644.93333333, 3644.93333333]",0.08,45.0,gabors,20.0,4.0,0.25021256,115,,,0,,False,11,test,1
3040,0.0,848.49222,848.74244,null,0.8,null,-40.0,"[20.0, 20.0]","[3644.93333333, 3644.93333333]",0.08,45.0,gabors,40.0,4.0,0.25021256,99,,,0,,False,12,train,1
3041,0.0,848.74244,848.99264,null,0.8,null,0.0,"[20.0, 20.0]","[3644.93333333, 3644.93333333]",0.08,90.0,gabors,20.0,4.0,0.25020494,225,,,0,,False,13,train,2
3042,0.0,848.99264,849.24285,null,0.8,null,-20.0,"[20.0, 20.0]","[3644.93333333, 3644.93333333]",0.08,45.0,gabors,-40.0,4.0,0.25020494,77,,,0,,False,12,train,1
3043,0.0,849.24285,849.49305,null,0.8,null,40.0,"[20.0, 20.0]","[3644.93333333, 3644.93333333]",0.08,90.0,gabors,-20.0,4.0,0.25020494,95,,,0,,False,12,train,2
3044,0.0,849.49305,849.74326,null,0.8,null,-10.0,"[20.0, 20.0]","[3644.93333333, 3644.93333333]",0.08,0.0,gabors,30.0,4.0,0.25020494,227,,,0,,False,11,test,0
3045,0.0,849.74326,849.99347,null,0.8,null,-40.0,"[20.0, 20.0]","[3644.93333333, 3644.93333333]",0.08,90.0,gabors,-10.0,4.0,0.25021006,186,,,0,,False,11,test,2
3046,0.0,849.99347,850.24368,null,0.8,null,-40.0,"[20.0, 20.0]","[3644.93333333, 3644.93333333]",0.08,90.0,gabors,40.0,4.0,0.25021006,34,,,0,,False,13,train,2
3047,0.0,850.24368,850.49389,null,0.8,null,0.0,"[20.0, 20.0]","[3644.93333333, 3644.93333333]",0.08,90.0,gabors,10.0,4.0,0.25021006,110,,,0,,False,13,train,2
3048,0.0,850.49389,850.7441,null,0.8,null,40.0,"[20.0, 20.0]","[3644.93333333, 3644.93333333]",0.08,0.0,gabors,20.0,4.0,0.25021006,19,,,0,,False,12,train,0
3049,0.0,850.7441,850.99431,null,0.8,null,40.0,"[20.0, 20.0]","[3644.93333333, 3644.93333333]",0.08,90.0,gabors,30.0,4.0,0.25020994,138,,,0,,False,13,train,2
3050,0.0,850.99431,851.24452,null,0.8,null,0.0,"[20.0, 20.0]","[3644.93333333, 3644.93333333]",0.08,90.0,gabors,-10.0,4.0,0.25020994,69,,,0,,False,11,test,2
3051,0.0,851.24452,851.49473,null,0.8,null,40.0,"[20.0, 20.0]","[3644.93333333, 3644.93333333]",0.08,90.0,gabors,-40.0,4.0,0.25020994,180,,,0,,False,12,train,2
3052,0.0,851.49473,851.74494,null,0.8,null,40.0,"[20.0, 20.0]","[3644.93333333, 3644.93333333]",0.08,0.0,gabors,-10.0,4.0,0.25020994,71,,,0,,False,11,test,0
3053,0.0,851.74494,851.99515,null,0.8,null,20.0,"[20.0, 20.0]","[3644.93333333, 3644.93333333]",0.08,0.0,gabors,30.0,4.0,0.25021006,58,,,0,,False,11,test,0
3054,0.0,851.99515,852.24536,null,0.8,null,40.0,"[20.0, 20.0]","[3644.93333333, 3644.93333333]",0.08,90.0,gabors,-10.0,4.0,0.25021006,229,,,0,,False,12,train,2
3055,0.0,852.24536,852.49557,null,0.8,null,10.0,"[20.0, 20.0]","[3644.93333333, 3644.93333333]",0.08,45.0,gabors,-10.0,4.0,0.25021006,143,,,0,,False,10,train,1
3056,0.0,852.49557,852.74578,null,0.8,null,30.0,"[20.0, 20.0]","[3644.93333333, 3644.93333333]",0.08,0.0,gabors,-40.0,4.0,0.25021006,124,,,0,,False,11,test,0
3057,0.0,852.74578,852.99598,null,0.8,null,30.0,"[20.0, 20.0]","[3644.93333333, 3644.93333333]",0.08,0.0,gabors,40.0,4.0,0.25020744,133,,,0,,False,12,train,0
3058,0.0,852.99598,853.24619,null,0.8,null,-30.0,"[20.0, 20.0]","[3644.93333333, 3644.93333333]",0.08,0.0,gabors,-20.0,4.0,0.25020744,81,,,0,,False,11,test,0
3059,0.0,853.24619,853.4964,null,0.8,null,40.0,"[20.0, 20.0]","[3644.93333333, 3644.93333333]",0.08,0.0,gabors,10.0,4.0,0.25020744,212,,,0,,False,11,test,0
3060,0.0,853.4964,853.74661,null,0.8,null,-30.0,"[20.0, 20.0]","[3644.93333333, 3644.93333333]",0.08,0.0,gabors,0.0,4.0,0.25020744,3,,,0,,False,12,train,0
3061,0.0,853.74661,853.99682,null,0.8,null,10.0,"[20.0, 20.0]","[3644.93333333, 3644.93333333]",0.08,45.0,gabors,-40.0,4.0,0.25021006,15,,,0,,False,12,train,1
3062,0.0,853.99682,854.24703,null,0.8,null,-40.0,"[20.0, 20.0]","[3644.93333333, 3644.93333333]",0.08,45.0,gabors,0.0,4.0,0.25021006,208,,,0,,False,13,train,1
3063,0.0,854.24703,854.49724,null,0.8,null,40.0,"[20.0, 20.0]","[3644.93333333, 3644.93333333]",0.08,45.0,gabors,30.0,4.0,0.25021006,50,,,0,,False,11,test,1
3064,0.0,854.49724,854.74745,null,0.8,null,-20.0,"[20.0, 20.0]","[3644.93333333, 3644.93333333]",0.08,90.0,gabors,20.0,4.0,0.25021006,83,,,0,,False,12,train,2
3065,0.0,854.74745,854.99765,null,0.8,null,-40.0,"[20.0, 20.0]","[3644.93333333, 3644.93333333]",0.08,45.0,gabors,40.0,4.0,0.25020744,99,,,0,,False,13,train,1
3066,0.0,854.99765,855.24786,null,0.8,null,-40.0,"[20.0, 20.0]","[3644.93333333, 3644.93333333]",0.08,0.0,gabors,20.0,4.0,0.25020744,8,,,0,,False,12,train,0
3067,0.0,855.24786,855.49807,null,0.8,null,-30.0,"[20.0, 20.0]","[3644.93333333, 3644.93333333]",0.08,90.0,gabors,10.0,4.0,0.25020744,20,,,0,,False,11,test,2
3068,0.0,855.49807,855.74828,null,0.8,null,-30.0,"[20.0, 20.0]","[3644.93333333, 3644.93333333]",0.08,0.0,gabors,0.0,4.0,0.25020744,3,,,0,,False,13,train,0
3069,0.0,855.74828,855.99848,null,0.8,null,-40.0,"[20.0, 20.0]","[3644.93333333, 3644.93333333]",0.08,0.0,gabors,-20.0,4.0,0.25020756,70,,,0,,False,12,train,0
3070,0.0,855.99848,856.24869,null,0.8,null,-40.0,"[20.0, 20.0]","[3644.93333333, 3644.93333333]",0.08,90.0,gabors,30.0,4.0,0.25020756,53,,,0,,False,13,train,2
3071,0.0,856.24869,856.4989,null,0.8,null,20.0,"[20.0, 20.0]","[3644.93333333, 3644.93333333]",0.08,90.0,gabors,30.0,4.0,0.25020756,6,,,0,,False,11,test,2
3072,0.0,856.4989,856.74911,null,0.8,null,30.0,"[20.0, 20.0]","[3644.93333333, 3644.93333333]",0.08,45.0,gabors,20.0,4.0,0.25020756,219,,,0,,False,10,train,1
3073,0.0,856.74911,856.99932,null,0.8,null,30.0,"[20.0, 20.0]","[3644.93333333, 3644.93333333]",0.08,45.0,gabors,20.0,4.0,0.25021244,219,,,0,,False,11,test,1
3074,0.0,856.99932,857.24953,null,0.8,null,10.0,"[20.0, 20.0]","[3644.93333333, 3644.93333333]",0.08,45.0,gabors,-20.0,4.0,0.25021244,126,,,0,,False,12,train,1
3075,0.0,857.24953,857.49974,null,0.8,null,0.0,"[20.0, 20.0]","[3644.93333333, 3644.93333333]",0.08,90.0,gabors,-40.0,4.0,0.25021244,192,,,0,,False,14,test,2
3076,0.0,857.49974,857.74996,null,0.8,null,10.0,"[20.0, 20.0]","[3644.93333333, 3644.93333333]",0.08,0.0,gabors,-30.0,4.0,0.25021244,242,,,0,,False,11,test,0
3077,0.0,857.74996,858.00017,null,0.8,null,30.0,"[20.0, 20.0]","[3644.93333333, 3644.93333333]",0.08,90.0,gabors,40.0,4.0,0.25021006,88,,,0,,False,13,train,2
3078,0.0,858.00017,858.25038,null,0.8,null,0.0,"[20.0, 20.0]","[3644.93333333, 3644.93333333]",0.08,45.0,gabors,30.0,4.0,0.25021006,62,,,0,,False,10,train,1
3079,0.0,858.25038,858.50059,null,0.8,null,30.0,"[20.0, 20.0]","[3644.93333333, 3644.93333333]",0.08,0.0,gabors,-20.0,4.0,0.25021006,148,,,0,,False,12,train,0
3080,0.0,858.50059,858.7508,null,0.8,null,-30.0,"[20.0, 20.0]","[3644.93333333, 3644.93333333]",0.08,45.0,gabors,-20.0,4.0,0.25021006,181,,,0,,False,12,train,1
3081,0.0,858.7508,859.001,null,0.8,null,40.0,"[20.0, 20.0]","[3644.93333333, 3644.93333333]",0.08,90.0,gabors,-30.0,4.0,0.25020744,127,,,0,,False,12,train,2
3082,0.0,859.001,859.25121,null,0.8,null,0.0,"[20.0, 20.0]","[3644.93333333, 3644.93333333]",0.08,0.0,gabors,30.0,4.0,0.25020744,74,,,0,,False,12,train,0
3083,0.0,859.25121,859.50142,null,0.8,null,20.0,"[20.0, 20.0]","[3644.93333333, 3644.93333333]",0.08,0.0,gabors,10.0,4.0,0.25020744,210,,,0,,False,13,train,0
3084,0.0,859.50142,859.75163,null,0.8,null,40.0,"[20.0, 20.0]","[3644.93333333, 3644.93333333]",0.08,45.0,gabors,40.0,4.0,0.25020744,214,,,0,,False,11,test,1
3085,0.0,859.75163,860.00184,null,0.8,null,-30.0,"[20.0, 20.0]","[3644.93333333, 3644.93333333]",0.08,0.0,gabors,30.0,4.0,0.25021506,204,,,0,,False,13,train,0
3086,0.0,860.00184,860.25206,null,0.8,null,20.0,"[20.0, 20.0]","[3644.93333333, 3644.93333333]",0.08,0.0,gabors,30.0,4.0,0.25021506,58,,,0,,False,12,train,0
3087,0.0,860.25206,860.50227,null,0.8,null,-10.0,"[20.0, 20.0]","[3644.93333333, 3644.93333333]",0.08,90.0,gabors,40.0,4.0,0.25021506,157,,,0,,False,12,train,2
3088,0.0,860.50227,860.75249,null,0.8,null,10.0,"[20.0, 20.0]","[3644.93333333, 3644.93333333]",0.08,0.0,gabors,30.0,4.0,0.25021506,98,,,0,,False,11,test,0
3089,0.0,860.75249,861.00269,null,0.8,null,-40.0,"[20.0, 20.0]","[3644.93333333, 3644.93333333]",0.08,90.0,gabors,-40.0,4.0,0.25019994,161,,,0,,False,12,train,2
3090,0.0,861.00269,861.25289,null,0.8,null,-10.0,"[20.0, 20.0]","[3644.93333333, 3644.93333333]",0.08,0.0,gabors,20.0,4.0,0.25019994,235,,,0,,False,10,train,0
3091,0.0,861.25289,861.50309,null,0.8,null,30.0,"[20.0, 20.0]","[3644.93333333, 3644.93333333]",0.08,90.0,gabors,-30.0,4.0,0.25019994,84,,,0,,False,12,train,2
3092,0.0,861.50309,861.75329,null,0.8,null,-20.0,"[20.0, 20.0]","[3644.93333333, 3644.93333333]",0.08,45.0,gabors,30.0,4.0,0.25019994,191,,,0,,False,11,test,1
3093,0.0,861.75329,862.00349,null,0.8,null,-20.0,"[20.0, 20.0]","[3644.93333333, 3644.93333333]",0.08,0.0,gabors,-40.0,4.0,0.25020756,117,,,0,,False,13,train,0
3094,0.0,862.00349,862.2537,null,0.8,null,30.0,"[20.0, 20.0]","[3644.93333333, 3644.93333333]",0.08,0.0,gabors,40.0,4.0,0.25020756,133,,,0,,False,13,train,0
3095,0.0,862.2537,862.50391,null,0.8,null,10.0,"[20.0, 20.0]","[3644.93333333, 3644.93333333]",0.08,45.0,gabors,30.0,4.0,0.25020756,167,,,0,,False,13,train,1
3096,0.0,862.50391,862.75412,null,0.8,null,0.0,"[20.0, 20.0]","[3644.93333333, 3644.93333333]",0.08,0.0,gabors,10.0,4.0,0.25020756,234,,,0,,False,12,train,0
3097,0.0,862.75412,863.00433,null,0.8,null,40.0,"[20.0, 20.0]","[3644.93333333, 3644.93333333]",0.08,0.0,gabors,40.0,4.0,0.25021244,230,,,0,,False,13,train,0
3098,0.0,863.00433,863.25454,null,0.8,null,0.0,"[20.0, 20.0]","[3644.93333333, 3644.93333333]",0.08,90.0,gabors,0.0,4.0,0.25021244,104,,,0,,False,12,train,2
3099,0.0,863.25454,863.50475,null,0.8,null,-30.0,"[20.0, 20.0]","[3644.93333333, 3644.93333333]",0.08,45.0,gabors,30.0,4.0,0.25021244,159,,,0,,False,14,test,1
3100,0.0,863.50475,863.75497,null,0.8,null,-30.0,"[20.0, 20.0]","[3644.93333333, 3644.93333333]",0.08,45.0,gabors,40.0,4.0,0.25021244,85,,,0,,False,14,test,1
3101,0.0,863.75497,864.00518,null,0.8,null,-40.0,"[20.0, 20.0]","[3644.93333333, 3644.93333333]",0.08,45.0,gabors,-20.0,4.0,0.25021006,18,,,0,,False,10,train,1
3102,0.0,864.00518,864.25539,null,0.8,null,30.0,"[20.0, 20.0]","[3644.93333333, 3644.93333333]",0.08,0.0,gabors,30.0,4.0,0.25021006,43,,,0,,False,14,test,0
3103,0.0,864.25539,864.5056,null,0.8,null,0.0,"[20.0, 20.0]","[3644.93333333, 3644.93333333]",0.08,45.0,gabors,-40.0,4.0,0.25021006,82,,,0,,False,14,test,1
3104,0.0,864.5056,864.75581,null,0.8,null,-20.0,"[20.0, 20.0]","[3644.93333333, 3644.93333333]",0.08,45.0,gabors,30.0,4.0,0.25021006,191,,,0,,False,12,train,1
3105,0.0,864.75581,865.00601,null,0.8,null,40.0,"[20.0, 20.0]","[3644.93333333, 3644.93333333]",0.08,90.0,gabors,10.0,4.0,0.25020744,150,,,0,,False,11,test,2
3106,0.0,865.00601,865.25622,null,0.8,null,-40.0,"[20.0, 20.0]","[3644.93333333, 3644.93333333]",0.08,0.0,gabors,40.0,4.0,0.25020744,154,,,0,,False,13,train,0
3107,0.0,865.25622,865.50643,null,0.8,null,30.0,"[20.0, 20.0]","[3644.93333333, 3644.93333333]",0.08,90.0,gabors,30.0,4.0,0.25020744,241,,,0,,False,9,train,2
3108,0.0,865.50643,865.75664,null,0.8,null,40.0,"[20.0, 20.0]","[3644.93333333, 3644.93333333]",0.08,90.0,gabors,-20.0,4.0,0.25020744,95,,,0,,False,13,train,2
3109,0.0,865.75664,866.00684,null,0.8,null,40.0,"[20.0, 20.0]","[3644.93333333, 3644.93333333]",0.08,0.0,gabors,20.0,4.0,0.25020506,19,,,0,,False,13,train,0
3110,0.0,866.00684,866.25705,null,0.8,null,40.0,"[20.0, 20.0]","[3644.93333333, 3644.93333333]",0.08,0.0,gabors,30.0,4.0,0.25020506,218,,,0,,False,12,train,0
3111,0.0,866.25705,866.50725,null,0.8,null,-10.0,"[20.0, 20.0]","[3644.93333333, 3644.93333333]",0.08,45.0,gabors,-10.0,4.0,0.25020506,216,,,0,,False,9,train,1
3112,0.0,866.50725,866.75746,null,0.8,null,-20.0,"[20.0, 20.0]","[3644.93333333, 3644.93333333]",0.08,0.0,gabors,20.0,4.0,0.25020506,28,,,0,,False,13,train,0
3113,0.0,866.75746,867.00767,null,0.8,null,-20.0,"[20.0, 20.0]","[3644.93333333, 3644.93333333]",0.08,45.0,gabors,-40.0,4.0,0.25021494,77,,,0,,False,13,train,1
3114,0.0,867.00767,867.25789,null,0.8,null,30.0,"[20.0, 20.0]","[3644.93333333, 3644.93333333]",0.08,0.0,gabors,-40.0,4.0,0.25021494,124,,,0,,False,12,train,0
3115,0.0,867.25789,867.5081,null,0.8,null,-30.0,"[20.0, 20.0]","[3644.93333333, 3644.93333333]",0.08,0.0,gabors,-10.0,4.0,0.25021494,122,,,0,,False,11,test,0
3116,0.0,867.5081,867.75832,null,0.8,null,0.0,"[20.0, 20.0]","[3644.93333333, 3644.93333333]",0.08,0.0,gabors,20.0,4.0,0.25021494,195,,,0,,False,11,test,0
3117,0.0,867.75832,868.00852,null,0.8,null,40.0,"[20.0, 20.0]","[3644.93333333, 3644.93333333]",0.08,45.0,gabors,-30.0,4.0,0.25020756,103,,,0,,False,12,train,1
3118,0.0,868.00852,868.25873,null,0.8,null,10.0,"[20.0, 20.0]","[3644.93333333, 3644.93333333]",0.08,45.0,gabors,-40.0,4.0,0.25020756,15,,,0,,False,13,train,1
3119,0.0,868.25873,868.50894,null,0.8,null,-40.0,"[20.0, 20.0]","[3644.93333333, 3644.93333333]",0.08,90.0,gabors,-40.0,4.0,0.25020756,161,,,0,,False,13,train,2
3120,0.0,868.50894,868.75915,null,0.8,null,-10.0,"[20.0, 20.0]","[3644.93333333, 3644.93333333]",0.08,45.0,gabors,-10.0,4.0,0.25020756,216,,,0,,False,10,train,1
3121,0.0,868.75915,869.00935,null,0.8,null,40.0,"[20.0, 20.0]","[3644.93333333, 3644.93333333]",0.08,0.0,gabors,-40.0,4.0,0.25020494,226,,,0,,False,10,train,0
3122,0.0,869.00935,869.25956,null,0.8,null,20.0,"[20.0, 20.0]","[3644.93333333, 3644.93333333]",0.08,90.0,gabors,40.0,4.0,0.25020494,52,,,0,,False,13,train,2
3123,0.0,869.25956,869.50976,null,0.8,null,40.0,"[20.0, 20.0]","[3644.93333333, 3644.93333333]",0.08,90.0,gabors,0.0,4.0,0.25020494,128,,,0,,False,12,train,2
3124,0.0,869.50976,869.75997,null,0.8,null,-30.0,"[20.0, 20.0]","[3644.93333333, 3644.93333333]",0.08,45.0,gabors,-20.0,4.0,0.25020494,181,,,0,,False,13,train,1
3125,0.0,869.75997,870.01019,null,0.8,null,-30.0,"[20.0, 20.0]","[3644.93333333, 3644.93333333]",0.08,45.0,gabors,0.0,4.0,0.25022006,22,,,0,,False,12,train,1
3126,0.0,870.01019,870.26041,null,0.8,null,-20.0,"[20.0, 20.0]","[3644.93333333, 3644.93333333]",0.08,90.0,gabors,-40.0,4.0,0.25022006,209,,,0,,False,12,train,2
3127,0.0,870.26041,870.51063,null,0.8,null,-30.0,"[20.0, 20.0]","[3644.93333333, 3644.93333333]",0.08,0.0,gabors,-10.0,4.0,0.25022006,122,,,0,,False,12,train,0
3128,0.0,870.51063,870.76085,null,0.8,null,40.0,"[20.0, 20.0]","[3644.93333333, 3644.93333333]",0.08,0.0,gabors,20.0,4.0,0.25022006,19,,,0,,False,14,test,0
3129,0.0,870.76085,871.01105,null,0.8,null,40.0,"[20.0, 20.0]","[3644.93333333, 3644.93333333]",0.08,0.0,gabors,-40.0,4.0,0.25020244,226,,,0,,False,11,test,0
3130,0.0,871.01105,871.26125,null,0.8,null,-10.0,"[20.0, 20.0]","[3644.93333333, 3644.93333333]",0.08,45.0,gabors,40.0,4.0,0.25020244,215,,,0,,False,13,train,1
3131,0.0,871.26125,871.51145,null,0.8,null,-10.0,"[20.0, 20.0]","[3644.93333333, 3644.93333333]",0.08,45.0,gabors,-30.0,4.0,0.25020244,189,,,0,,False,12,train,1
3132,0.0,871.51145,871.76166,null,0.8,null,-40.0,"[20.0, 20.0]","[3644.93333333, 3644.93333333]",0.08,90.0,gabors,10.0,4.0,0.25020244,107,,,0,,False,11,test,2
3133,0.0,871.76166,872.01186,null,0.8,null,-10.0,"[20.0, 20.0]","[3644.93333333, 3644.93333333]",0.08,45.0,gabors,-10.0,4.0,0.25020756,216,,,0,,False,11,test,1
3134,0.0,872.01186,872.26207,null,0.8,null,-20.0,"[20.0, 20.0]","[3644.93333333, 3644.93333333]",0.08,45.0,gabors,-20.0,4.0,0.25020756,184,,,0,,False,12,train,1
3135,0.0,872.26207,872.51228,null,0.8,null,20.0,"[20.0, 20.0]","[3644.93333333, 3644.93333333]",0.08,45.0,gabors,-30.0,4.0,0.25020756,129,,,0,,False,14,test,1
3136,0.0,872.51228,872.76249,null,0.8,null,30.0,"[20.0, 20.0]","[3644.93333333, 3644.93333333]",0.08,90.0,gabors,-20.0,4.0,0.25020756,66,,,0,,False,11,test,2
3137,0.0,872.76249,873.0127,null,0.8,null,40.0,"[20.0, 20.0]","[3644.93333333, 3644.93333333]",0.08,90.0,gabors,-20.0,4.0,0.25020994,95,,,0,,False,14,test,2
3138,0.0,873.0127,873.26291,null,0.8,null,40.0,"[20.0, 20.0]","[3644.93333333, 3644.93333333]",0.08,90.0,gabors,-40.0,4.0,0.25020994,180,,,0,,False,13,train,2
3139,0.0,873.26291,873.51312,null,0.8,null,30.0,"[20.0, 20.0]","[3644.93333333, 3644.93333333]",0.08,90.0,gabors,30.0,4.0,0.25020994,241,,,0,,False,10,train,2
3140,0.0,873.51312,873.76333,null,0.8,null,40.0,"[20.0, 20.0]","[3644.93333333, 3644.93333333]",0.08,90.0,gabors,-30.0,4.0,0.25020994,127,,,0,,False,13,train,2
3141,0.0,873.76333,874.01354,null,0.8,null,10.0,"[20.0, 20.0]","[3644.93333333, 3644.93333333]",0.08,0.0,gabors,-40.0,4.0,0.25021006,111,,,0,,False,13,train,0
3142,0.0,874.01354,874.26375,null,0.8,null,10.0,"[20.0, 20.0]","[3644.93333333, 3644.93333333]",0.08,90.0,gabors,10.0,4.0,0.25021006,13,,,0,,False,12,train,2
3143,0.0,874.26375,874.51396,null,0.8,null,20.0,"[20.0, 20.0]","[3644.93333333, 3644.93333333]",0.08,0.0,gabors,-30.0,4.0,0.25021006,238,,,0,,False,12,train,0
3144,0.0,874.51396,874.76417,null,0.8,null,-30.0,"[20.0, 20.0]","[3644.93333333, 3644.93333333]",0.08,45.0,gabors,20.0,4.0,0.25021006,24,,,0,,False,10,train,1
3145,0.0,874.76417,875.01437,null,0.8,null,10.0,"[20.0, 20.0]","[3644.93333333, 3644.93333333]",0.08,0.0,gabors,30.0,4.0,0.25020744,98,,,0,,False,12,train,0
3146,0.0,875.01437,875.26458,null,0.8,null,-30.0,"[20.0, 20.0]","[3644.93333333, 3644.93333333]",0.08,0.0,gabors,-40.0,4.0,0.25020744,243,,,0,,False,13,train,0
3147,0.0,875.26458,875.51479,null,0.8,null,40.0,"[20.0, 20.0]","[3644.93333333, 3644.93333333]",0.08,45.0,gabors,-20.0,4.0,0.25020744,125,,,0,,False,13,train,1
3148,0.0,875.51479,875.765,null,0.8,null,-30.0,"[20.0, 20.0]","[3644.93333333, 3644.93333333]",0.08,90.0,gabors,30.0,4.0,0.25020744,33,,,0,,False,12,train,2
3149,0.0,875.765,876.01521,null,0.8,null,20.0,"[20.0, 20.0]","[3644.93333333, 3644.93333333]",0.08,45.0,gabors,20.0,4.0,0.25021506,168,,,0,,False,13,train,1
3150,0.0,876.01521,876.26543,null,0.8,null,40.0,"[20.0, 20.0]","[3644.93333333, 3644.93333333]",0.08,90.0,gabors,20.0,4.0,0.25021506,163,,,0,,False,13,train,2
3151,0.0,876.26543,876.51564,null,0.8,null,0.0,"[20.0, 20.0]","[3644.93333333, 3644.93333333]",0.08,45.0,gabors,10.0,4.0,0.25021506,90,,,0,,False,12,train,1
3152,0.0,876.51564,876.76586,null,0.8,null,-10.0,"[20.0, 20.0]","[3644.93333333, 3644.93333333]",0.08,0.0,gabors,-40.0,4.0,0.25021506,37,,,0,,False,13,train,0
3153,0.0,876.76586,877.01606,null,0.8,null,-10.0,"[20.0, 20.0]","[3644.93333333, 3644.93333333]",0.08,0.0,gabors,20.0,4.0,0.25020494,235,,,0,,False,11,test,0
3154,0.0,877.01606,877.26627,null,0.8,null,20.0,"[20.0, 20.0]","[3644.93333333, 3644.93333333]",0.08,0.0,gabors,30.0,4.0,0.25020494,58,,,0,,False,13,train,0
3155,0.0,877.26627,877.51647,null,0.8,null,-10.0,"[20.0, 20.0]","[3644.93333333, 3644.93333333]",0.08,45.0,gabors,0.0,4.0,0.25020494,173,,,0,,False,12,train,1
3156,0.0,877.51647,877.76668,null,0.8,null,0.0,"[20.0, 20.0]","[3644.93333333, 3644.93333333]",0.08,0.0,gabors,10.0,4.0,0.25020494,234,,,0,,False,13,train,0
3157,0.0,877.76668,878.01688,null,0.8,null,-20.0,"[20.0, 20.0]","[3644.93333333, 3644.93333333]",0.08,45.0,gabors,10.0,4.0,0.25020256,113,,,0,,False,13,train,1
3158,0.0,878.01688,878.26708,null,0.8,null,0.0,"[20.0, 20.0]","[3644.93333333, 3644.93333333]",0.08,45.0,gabors,30.0,4.0,0.25020256,62,,,0,,False,11,test,1
3159,0.0,878.26708,878.51728,null,0.8,null,20.0,"[20.0, 20.0]","[3644.93333333, 3644.93333333]",0.08,45.0,gabors,30.0,4.0,0.25020256,118,,,0,,False,12,train,1
3160,0.0,878.51728,878.76749,null,0.8,null,-10.0,"[20.0, 20.0]","[3644.93333333, 3644.93333333]",0.08,90.0,gabors,0.0,4.0,0.25020256,121,,,0,,False,12,train,2
3161,0.0,878.76749,879.0177,null,0.8,null,30.0,"[20.0, 20.0]","[3644.93333333, 3644.93333333]",0.08,45.0,gabors,-10.0,4.0,0.25021494,120,,,0,,False,12,train,1
3162,0.0,879.0177,879.26792,null,0.8,null,20.0,"[20.0, 20.0]","[3644.93333333, 3644.93333333]",0.08,0.0,gabors,40.0,4.0,0.25021494,63,,,0,,False,10,train,0
3163,0.0,879.26792,879.51813,null,0.8,null,-30.0,"[20.0, 20.0]","[3644.93333333, 3644.93333333]",0.08,45.0,gabors,-30.0,4.0,0.25021494,207,,,0,,False,11,test,1
3164,0.0,879.51813,879.76835,null,0.8,null,-20.0,"[20.0, 20.0]","[3644.93333333, 3644.93333333]",0.08,90.0,gabors,30.0,4.0,0.25021494,202,,,0,,False,10,train,2
3165,0.0,879.76835,880.01856,null,0.8,null,0.0,"[20.0, 20.0]","[3644.93333333, 3644.93333333]",0.08,90.0,gabors,-10.0,4.0,0.25021256,69,,,0,,False,12,train,2
3166,0.0,880.01856,880.26877,null,0.8,null,10.0,"[20.0, 20.0]","[3644.93333333, 3644.93333333]",0.08,90.0,gabors,-40.0,4.0,0.25021256,183,,,0,,False,12,train,2
3167,0.0,880.26877,880.51898,null,0.8,null,10.0,"[20.0, 20.0]","[3644.93333333, 3644.93333333]",0.08,90.0,gabors,-30.0,4.0,0.25021256,93,,,0,,False,13,train,2
3168,0.0,880.51898,880.7692,null,0.8,null,10.0,"[20.0, 20.0]","[3644.93333333, 3644.93333333]",0.08,45.0,gabors,-40.0,4.0,0.25021256,15,,,0,,False,14,test,1
3169,0.0,880.7692,881.0194,null,0.8,null,-40.0,"[20.0, 20.0]","[3644.93333333, 3644.93333333]",0.08,45.0,gabors,-10.0,4.0,0.25020494,169,,,0,,False,10,train,1
3170,0.0,881.0194,881.26961,null,0.8,null,20.0,"[20.0, 20.0]","[3644.93333333, 3644.93333333]",0.08,90.0,gabors,0.0,4.0,0.25020494,10,,,0,,False,9,train,2
3171,0.0,881.26961,881.51981,null,0.8,null,-20.0,"[20.0, 20.0]","[3644.93333333, 3644.93333333]",0.08,0.0,gabors,0.0,4.0,0.25020494,46,,,0,,False,12,train,0
3172,0.0,881.51981,881.77002,null,0.8,null,30.0,"[20.0, 20.0]","[3644.93333333, 3644.93333333]",0.08,0.0,gabors,-40.0,4.0,0.25020494,124,,,0,,False,13,train,0
3173,0.0,881.77002,882.02023,null,0.8,null,10.0,"[20.0, 20.0]","[3644.93333333, 3644.93333333]",0.08,45.0,gabors,40.0,4.0,0.25021506,222,,,0,,False,12,train,1
3174,0.0,882.02023,882.27045,null,0.8,null,30.0,"[20.0, 20.0]","[3644.93333333, 3644.93333333]",0.08,45.0,gabors,0.0,4.0,0.25021506,1,,,0,,False,12,train,1
3175,0.0,882.27045,882.52066,null,0.8,null,40.0,"[20.0, 20.0]","[3644.93333333, 3644.93333333]",0.08,90.0,gabors,-30.0,4.0,0.25021506,127,,,0,,False,14,test,2
3176,0.0,882.52066,882.77088,null,0.8,null,-40.0,"[20.0, 20.0]","[3644.93333333, 3644.93333333]",0.08,45.0,gabors,-20.0,4.0,0.25021506,18,,,0,,False,11,test,1
3177,0.0,882.77088,883.02108,null,0.8,null,-20.0,"[20.0, 20.0]","[3644.93333333, 3644.93333333]",0.08,90.0,gabors,0.0,4.0,0.25020494,5,,,0,,False,9,train,2
3178,0.0,883.02108,883.27129,null,0.8,null,10.0,"[20.0, 20.0]","[3644.93333333, 3644.93333333]",0.08,45.0,gabors,-10.0,4.0,0.25020494,143,,,0,,False,11,test,1
3179,0.0,883.27129,883.52149,null,0.8,null,-20.0,"[20.0, 20.0]","[3644.93333333, 3644.93333333]",0.08,45.0,gabors,-20.0,4.0,0.25020494,184,,,0,,False,13,train,1
3180,0.0,883.52149,883.7717,null,0.8,null,20.0,"[20.0, 20.0]","[3644.93333333, 3644.93333333]",0.08,90.0,gabors,10.0,4.0,0.25020494,158,,,0,,False,14,test,2
3181,0.0,883.7717,884.0219,null,0.8,null,-10.0,"[20.0, 20.0]","[3644.93333333, 3644.93333333]",0.08,0.0,gabors,40.0,4.0,0.25020256,130,,,0,,False,12,train,0
3182,0.0,884.0219,884.2721,null,0.8,null,-10.0,"[20.0, 20.0]","[3644.93333333, 3644.93333333]",0.08,45.0,gabors,-10.0,4.0,0.25020256,216,,,0,,False,12,train,1
3183,0.0,884.2721,884.5223,null,0.8,null,-30.0,"[20.0, 20.0]","[3644.93333333, 3644.93333333]",0.08,90.0,gabors,0.0,4.0,0.25020256,239,,,0,,False,12,train,2
3184,0.0,884.5223,884.77251,null,0.8,null,10.0,"[20.0, 20.0]","[3644.93333333, 3644.93333333]",0.08,45.0,gabors,20.0,4.0,0.25020256,115,,,0,,False,12,train,1
3185,0.0,884.77251,885.02272,null,0.8,null,-10.0,"[20.0, 20.0]","[3644.93333333, 3644.93333333]",0.08,0.0,gabors,10.0,4.0,0.25021494,100,,,0,,False,13,train,0
3186,0.0,885.02272,885.27294,null,0.8,null,0.0,"[20.0, 20.0]","[3644.93333333, 3644.93333333]",0.08,90.0,gabors,0.0,4.0,0.25021494,104,,,0,,False,13,train,2
3187,0.0,885.27294,885.52315,null,0.8,null,10.0,"[20.0, 20.0]","[3644.93333333, 3644.93333333]",0.08,90.0,gabors,30.0,4.0,0.25021494,14,,,0,,False,14,test,2
3188,0.0,885.52315,885.77337,null,0.8,null,30.0,"[20.0, 20.0]","[3644.93333333, 3644.93333333]",0.08,45.0,gabors,-20.0,4.0,0.25021494,162,,,0,,False,12,train,1
3189,0.0,885.77337,886.02357,null,0.8,null,20.0,"[20.0, 20.0]","[3644.93333333, 3644.93333333]",0.08,0.0,gabors,40.0,4.0,0.25020256,63,,,0,,False,11,test,0
3190,0.0,886.02357,886.27377,null,0.8,null,10.0,"[20.0, 20.0]","[3644.93333333, 3644.93333333]",0.08,90.0,gabors,-20.0,4.0,0.25020256,25,,,0,,False,12,train,2
3191,0.0,886.27377,886.52397,null,0.8,null,-30.0,"[20.0, 20.0]","[3644.93333333, 3644.93333333]",0.08,45.0,gabors,0.0,4.0,0.25020256,22,,,0,,False,13,train,1
3192,0.0,886.52397,886.77418,null,0.8,null,-30.0,"[20.0, 20.0]","[3644.93333333, 3644.93333333]",0.08,45.0,gabors,-30.0,4.0,0.25020256,207,,,0,,False,12,train,1
3193,0.0,886.77418,887.02439,null,0.8,null,10.0,"[20.0, 20.0]","[3644.93333333, 3644.93333333]",0.08,45.0,gabors,-10.0,4.0,0.25021494,143,,,0,,False,12,train,1
3194,0.0,887.02439,887.27461,null,0.8,null,0.0,"[20.0, 20.0]","[3644.93333333, 3644.93333333]",0.08,0.0,gabors,0.0,4.0,0.25021494,187,,,0,,False,11,test,0
3195,0.0,887.27461,887.52482,null,0.8,null,40.0,"[20.0, 20.0]","[3644.93333333, 3644.93333333]",0.08,45.0,gabors,40.0,4.0,0.25021494,214,,,0,,False,12,train,1
3196,0.0,887.52482,887.77504,null,0.8,null,30.0,"[20.0, 20.0]","[3644.93333333, 3644.93333333]",0.08,90.0,gabors,20.0,4.0,0.25021494,211,,,0,,False,12,train,2
3197,0.0,887.77504,888.02525,null,0.8,null,0.0,"[20.0, 20.0]","[3644.93333333, 3644.93333333]",0.08,0.0,gabors,0.0,4.0,0.25021006,187,,,0,,False,12,train,0
3198,0.0,888.02525,888.27546,null,0.8,null,-20.0,"[20.0, 20.0]","[3644.93333333, 3644.93333333]",0.08,90.0,gabors,10.0,4.0,0.25021006,119,,,0,,False,14,test,2
3199,0.0,888.27546,888.52567,null,0.8,null,-30.0,"[20.0, 20.0]","[3644.93333333, 3644.93333333]",0.08,0.0,gabors,10.0,4.0,0.25021006,166,,,0,,False,12,train,0
3200,0.0,888.52567,888.77588,null,0.8,null,-40.0,"[20.0, 20.0]","[3644.93333333, 3644.93333333]",0.08,90.0,gabors,0.0,4.0,0.25021006,198,,,0,,False,12,train,2
3201,0.0,888.77588,889.02608,null,0.8,null,10.0,"[20.0, 20.0]","[3644.93333333, 3644.93333333]",0.08,0.0,gabors,-20.0,4.0,0.25020744,153,,,0,,False,11,test,0
3202,0.0,889.02608,889.27629,null,0.8,null,40.0,"[20.0, 20.0]","[3644.93333333, 3644.93333333]",0.08,90.0,gabors,-10.0,4.0,0.25020744,229,,,0,,False,13,train,2
3203,0.0,889.27629,889.5265,null,0.8,null,-20.0,"[20.0, 20.0]","[3644.93333333, 3644.93333333]",0.08,0.0,gabors,-40.0,4.0,0.25020744,117,,,0,,False,14,test,0
3204,0.0,889.5265,889.77671,null,0.8,null,10.0,"[20.0, 20.0]","[3644.93333333, 3644.93333333]",0.08,0.0,gabors,-10.0,4.0,0.25020744,32,,,0,,False,13,train,0
3205,0.0,889.77671,890.02691,null,0.8,null,40.0,"[20.0, 20.0]","[3644.93333333, 3644.93333333]",0.08,0.0,gabors,40.0,4.0,0.25020756,230,,,0,,False,14,test,0
3206,0.0,890.02691,890.27712,null,0.8,null,20.0,"[20.0, 20.0]","[3644.93333333, 3644.93333333]",0.08,90.0,gabors,-40.0,4.0,0.25020756,67,,,0,,False,12,train,2
3207,0.0,890.27712,890.52733,null,0.8,null,40.0,"[20.0, 20.0]","[3644.93333333, 3644.93333333]",0.08,45.0,gabors,30.0,4.0,0.25020756,50,,,0,,False,12,train,1
3208,0.0,890.52733,890.77754,null,0.8,null,10.0,"[20.0, 20.0]","[3644.93333333, 3644.93333333]",0.08,45.0,gabors,-20.0,4.0,0.25020756,126,,,0,,False,13,train,1
3209,0.0,890.77754,891.02775,null,0.8,null,-40.0,"[20.0, 20.0]","[3644.93333333, 3644.93333333]",0.08,90.0,gabors,20.0,4.0,0.25021244,213,,,0,,False,12,train,2
3210,0.0,891.02775,891.27796,null,0.8,null,-20.0,"[20.0, 20.0]","[3644.93333333, 3644.93333333]",0.08,45.0,gabors,30.0,4.0,0.25021244,191,,,0,,False,13,train,1
3211,0.0,891.27796,891.52817,null,0.8,null,20.0,"[20.0, 20.0]","[3644.93333333, 3644.93333333]",0.08,45.0,gabors,30.0,4.0,0.25021244,118,,,0,,False,13,train,1
3212,0.0,891.52817,891.77839,null,0.8,null,0.0,"[20.0, 20.0]","[3644.93333333, 3644.93333333]",0.08,90.0,gabors,40.0,4.0,0.25021244,106,,,0,,False,11,test,2
3213,0.0,891.77839,892.02859,null,0.8,null,0.0,"[20.0, 20.0]","[3644.93333333, 3644.93333333]",0.08,90.0,gabors,30.0,4.0,0.25020006,146,,,0,,False,10,train,2
3214,0.0,892.02859,892.27879,null,0.8,null,0.0,"[20.0, 20.0]","[3644.93333333, 3644.93333333]",0.08,45.0,gabors,30.0,4.0,0.25020006,62,,,0,,False,12,train,1
3215,0.0,892.27879,892.52899,null,0.8,null,-20.0,"[20.0, 20.0]","[3644.93333333, 3644.93333333]",0.08,0.0,gabors,10.0,4.0,0.25020006,237,,,0,,False,13,train,0
3216,0.0,892.52899,892.77919,null,0.8,null,10.0,"[20.0, 20.0]","[3644.93333333, 3644.93333333]",0.08,90.0,gabors,20.0,4.0,0.25020006,27,,,0,,False,12,train,2
3217,0.0,892.77919,893.0294,null,0.8,null,40.0,"[20.0, 20.0]","[3644.93333333, 3644.93333333]",0.08,0.0,gabors,10.0,4.0,0.25021494,212,,,0,,False,12,train,0
3218,0.0,893.0294,893.27962,null,0.8,null,-40.0,"[20.0, 20.0]","[3644.93333333, 3644.93333333]",0.08,45.0,gabors,20.0,4.0,0.25021494,151,,,0,,False,12,train,1
3219,0.0,893.27962,893.52983,null,0.8,null,10.0,"[20.0, 20.0]","[3644.93333333, 3644.93333333]",0.08,45.0,gabors,-10.0,4.0,0.25021494,143,,,0,,False,13,train,1
3220,0.0,893.52983,893.78005,null,0.8,null,-30.0,"[20.0, 20.0]","[3644.93333333, 3644.93333333]",0.08,90.0,gabors,-30.0,4.0,0.25021494,112,,,0,,False,13,train,2
3221,0.0,893.78005,894.03026,null,0.8,null,10.0,"[20.0, 20.0]","[3644.93333333, 3644.93333333]",0.08,90.0,gabors,-30.0,4.0,0.25021006,93,,,0,,False,14,test,2
3222,0.0,894.03026,894.28047,null,0.8,null,40.0,"[20.0, 20.0]","[3644.93333333, 3644.93333333]",0.08,90.0,gabors,0.0,4.0,0.25021006,128,,,0,,False,13,train,2
3223,0.0,894.28047,894.53068,null,0.8,null,-10.0,"[20.0, 20.0]","[3644.93333333, 3644.93333333]",0.08,45.0,gabors,-10.0,4.0,0.25021006,216,,,0,,False,13,train,1
3224,0.0,894.53068,894.78089,null,0.8,null,20.0,"[20.0, 20.0]","[3644.93333333, 3644.93333333]",0.08,90.0,gabors,-30.0,4.0,0.25021006,64,,,0,,False,13,train,2
3225,0.0,894.78089,895.03109,null,0.8,null,0.0,"[20.0, 20.0]","[3644.93333333, 3644.93333333]",0.08,45.0,gabors,10.0,4.0,0.25020744,90,,,0,,False,13,train,1
3226,0.0,895.03109,895.2813,null,0.8,null,10.0,"[20.0, 20.0]","[3644.93333333, 3644.93333333]",0.08,90.0,gabors,-10.0,4.0,0.25020744,102,,,0,,False,14,test,2
3227,0.0,895.2813,895.53151,null,0.8,null,-10.0,"[20.0, 20.0]","[3644.93333333, 3644.93333333]",0.08,45.0,gabors,-20.0,4.0,0.25020744,40,,,0,,False,12,train,1
3228,0.0,895.53151,895.78172,null,0.8,null,-30.0,"[20.0, 20.0]","[3644.93333333, 3644.93333333]",0.08,45.0,gabors,-30.0,4.0,0.25020744,207,,,0,,False,13,train,1
3229,0.0,895.78172,896.03193,null,0.8,null,10.0,"[20.0, 20.0]","[3644.93333333, 3644.93333333]",0.08,45.0,gabors,-20.0,4.0,0.25021506,126,,,0,,False,14,test,1
3230,0.0,896.03193,896.28215,null,0.8,null,30.0,"[20.0, 20.0]","[3644.93333333, 3644.93333333]",0.08,0.0,gabors,-30.0,4.0,0.25021506,171,,,0,,False,13,train,0
3231,0.0,896.28215,896.53236,null,0.8,null,0.0,"[20.0, 20.0]","[3644.93333333, 3644.93333333]",0.08,45.0,gabors,10.0,4.0,0.25021506,90,,,0,,False,14,test,1
3232,0.0,896.53236,896.78258,null,0.8,null,-30.0,"[20.0, 20.0]","[3644.93333333, 3644.93333333]",0.08,90.0,gabors,-30.0,4.0,0.25021506,112,,,0,,False,14,test,2
3233,0.0,896.78258,897.03278,null,0.8,null,-10.0,"[20.0, 20.0]","[3644.93333333, 3644.93333333]",0.08,0.0,gabors,0.0,4.0,0.25020494,132,,,0,,False,13,train,0
3234,0.0,897.03278,897.28299,null,0.8,null,-20.0,"[20.0, 20.0]","[3644.93333333, 3644.93333333]",0.08,45.0,gabors,-40.0,4.0,0.25020494,77,,,0,,False,14,test,1
3235,0.0,897.28299,897.53319,null,0.8,null,20.0,"[20.0, 20.0]","[3644.93333333, 3644.93333333]",0.08,90.0,gabors,20.0,4.0,0.25020494,42,,,0,,False,12,train,2
3236,0.0,897.53319,897.7834,null,0.8,null,-10.0,"[20.0, 20.0]","[3644.93333333, 3644.93333333]",0.08,0.0,gabors,40.0,4.0,0.25020494,130,,,0,,False,13,train,0
3237,0.0,897.7834,898.0336,null,0.8,null,-30.0,"[20.0, 20.0]","[3644.93333333, 3644.93333333]",0.08,45.0,gabors,-40.0,4.0,0.25020506,232,,,0,,False,11,test,1
3238,0.0,898.0336,898.28381,null,0.8,null,-10.0,"[20.0, 20.0]","[3644.93333333, 3644.93333333]",0.08,0.0,gabors,40.0,4.0,0.25020506,130,,,0,,False,14,test,0
3239,0.0,898.28381,898.53401,null,0.8,null,-20.0,"[20.0, 20.0]","[3644.93333333, 3644.93333333]",0.08,45.0,gabors,10.0,4.0,0.25020506,113,,,0,,False,14,test,1
3240,0.0,898.53401,898.78422,null,0.8,null,20.0,"[20.0, 20.0]","[3644.93333333, 3644.93333333]",0.08,0.0,gabors,30.0,4.0,0.25020506,58,,,0,,False,14,test,0
3241,0.0,898.78422,899.03443,null,0.8,null,-40.0,"[20.0, 20.0]","[3644.93333333, 3644.93333333]",0.08,90.0,gabors,-30.0,4.0,0.25021744,47,,,0,,False,11,test,2
3242,0.0,899.03443,899.28465,null,0.8,null,-20.0,"[20.0, 20.0]","[3644.93333333, 3644.93333333]",0.08,90.0,gabors,20.0,4.0,0.25021744,83,,,0,,False,13,train,2
3243,0.0,899.28465,899.53487,null,0.8,null,-40.0,"[20.0, 20.0]","[3644.93333333, 3644.93333333]",0.08,45.0,gabors,-40.0,4.0,0.25021744,31,,,0,,False,11,test,1
3244,0.0,899.53487,899.78509,null,0.8,null,-20.0,"[20.0, 20.0]","[3644.93333333, 3644.93333333]",0.08,0.0,gabors,0.0,4.0,0.25021744,46,,,0,,False,13,train,0
3245,0.0,899.78509,900.0353,null,0.8,null,10.0,"[20.0, 20.0]","[3644.93333333, 3644.93333333]",0.08,90.0,gabors,-20.0,4.0,0.25021256,25,,,0,,False,13,train,2
3246,0.0,900.0353,900.28551,null,0.8,null,40.0,"[20.0, 20.0]","[3644.93333333, 3644.93333333]",0.08,0.0,gabors,10.0,4.0,0.25021256,212,,,0,,False,13,train,0
3247,0.0,900.28551,900.53572,null,0.8,null,-20.0,"[20.0, 20.0]","[3644.93333333, 3644.93333333]",0.08,0.0,gabors,-30.0,4.0,0.25021256,178,,,0,,False,11,test,0
3248,0.0,900.53572,900.78594,null,0.8,null,40.0,"[20.0, 20.0]","[3644.93333333, 3644.93333333]",0.08,90.0,gabors,-40.0,4.0,0.25021256,180,,,0,,False,14,test,2
3249,0.0,900.78594,901.03614,null,0.8,null,10.0,"[20.0, 20.0]","[3644.93333333, 3644.93333333]",0.08,0.0,gabors,-20.0,4.0,0.25019994,153,,,0,,False,12,train,0
3250,0.0,901.03614,901.28634,null,0.8,null,-20.0,"[20.0, 20.0]","[3644.93333333, 3644.93333333]",0.08,90.0,gabors,30.0,4.0,0.25019994,202,,,0,,False,11,test,2
3251,0.0,901.28634,901.53654,null,0.8,null,20.0,"[20.0, 20.0]","[3644.93333333, 3644.93333333]",0.08,0.0,gabors,-30.0,4.0,0.25019994,238,,,0,,False,13,train,0
3252,0.0,901.53654,901.78674,null,0.8,null,20.0,"[20.0, 20.0]","[3644.93333333, 3644.93333333]",0.08,90.0,gabors,20.0,4.0,0.25019994,42,,,0,,False,13,train,2
3253,0.0,901.78674,902.03695,null,0.8,null,30.0,"[20.0, 20.0]","[3644.93333333, 3644.93333333]",0.08,45.0,gabors,-10.0,4.0,0.25021256,120,,,0,,False,13,train,1
3254,0.0,902.03695,902.28716,null,0.8,null,-10.0,"[20.0, 20.0]","[3644.93333333, 3644.93333333]",0.08,90.0,gabors,-30.0,4.0,0.25021256,147,,,0,,False,13,train,2
3255,0.0,902.28716,902.53737,null,0.8,null,0.0,"[20.0, 20.0]","[3644.93333333, 3644.93333333]",0.08,90.0,gabors,40.0,4.0,0.25021256,106,,,0,,False,12,train,2
3256,0.0,902.53737,902.78759,null,0.8,null,-30.0,"[20.0, 20.0]","[3644.93333333, 3644.93333333]",0.08,90.0,gabors,30.0,4.0,0.25021256,33,,,0,,False,13,train,2
3257,0.0,902.78759,903.03779,null,0.8,null,10.0,"[20.0, 20.0]","[3644.93333333, 3644.93333333]",0.08,0.0,gabors,0.0,4.0,0.25020744,205,,,0,,False,12,train,0
3258,0.0,903.03779,903.288,null,0.8,null,40.0,"[20.0, 20.0]","[3644.93333333, 3644.93333333]",0.08,45.0,gabors,20.0,4.0,0.25020744,105,,,0,,False,12,train,1
3259,0.0,903.288,903.53821,null,0.8,null,-40.0,"[20.0, 20.0]","[3644.93333333, 3644.93333333]",0.08,0.0,gabors,-40.0,4.0,0.25020744,139,,,0,,False,13,train,0
3260,0.0,903.53821,903.78842,null,0.8,null,-40.0,"[20.0, 20.0]","[3644.93333333, 3644.93333333]",0.08,90.0,gabors,-40.0,4.0,0.25020744,161,,,0,,False,14,test,2
3261,0.0,903.78842,904.03863,null,0.8,null,-10.0,"[20.0, 20.0]","[3644.93333333, 3644.93333333]",0.08,45.0,gabors,-20.0,4.0,0.25021506,40,,,0,,False,13,train,1
3262,0.0,904.03863,904.28885,null,0.8,null,40.0,"[20.0, 20.0]","[3644.93333333, 3644.93333333]",0.08,45.0,gabors,40.0,4.0,0.25021506,214,,,0,,False,13,train,1
3263,0.0,904.28885,904.53906,null,0.8,null,-10.0,"[20.0, 20.0]","[3644.93333333, 3644.93333333]",0.08,45.0,gabors,20.0,4.0,0.25021506,174,,,0,,False,12,train,1
3264,0.0,904.53906,904.78928,null,0.8,null,-30.0,"[20.0, 20.0]","[3644.93333333, 3644.93333333]",0.08,90.0,gabors,0.0,4.0,0.25021506,239,,,0,,False,13,train,2
3265,0.0,904.78928,905.03948,null,0.8,null,-10.0,"[20.0, 20.0]","[3644.93333333, 3644.93333333]",0.08,45.0,gabors,10.0,4.0,0.25020244,123,,,0,,False,11,test,1
3266,0.0,905.03948,905.28968,null,0.8,null,0.0,"[20.0, 20.0]","[3644.93333333, 3644.93333333]",0.08,0.0,gabors,0.0,4.0,0.25020244,187,,,0,,False,13,train,0
3267,0.0,905.28968,905.53988,null,0.8,null,10.0,"[20.0, 20.0]","[3644.93333333, 3644.93333333]",0.08,45.0,gabors,-10.0,4.0,0.25020244,143,,,0,,False,14,test,1
3268,0.0,905.53988,905.79009,null,0.8,null,30.0,"[20.0, 20.0]","[3644.93333333, 3644.93333333]",0.08,0.0,gabors,40.0,4.0,0.25020244,133,,,0,,False,14,test,0
3269,0.0,905.79009,906.04029,null,0.8,null,-20.0,"[20.0, 20.0]","[3644.93333333, 3644.93333333]",0.08,45.0,gabors,0.0,4.0,0.25020506,94,,,0,,False,13,train,1
3270,0.0,906.04029,906.2905,null,0.8,null,30.0,"[20.0, 20.0]","[3644.93333333, 3644.93333333]",0.08,90.0,gabors,30.0,4.0,0.25020506,241,,,0,,False,11,test,2
3271,0.0,906.2905,906.5407,null,0.8,null,0.0,"[20.0, 20.0]","[3644.93333333, 3644.93333333]",0.08,0.0,gabors,40.0,4.0,0.25020506,36,,,0,,False,14,test,0
3272,0.0,906.5407,906.79091,null,0.8,null,20.0,"[20.0, 20.0]","[3644.93333333, 3644.93333333]",0.08,90.0,gabors,0.0,4.0,0.25020506,10,,,0,,False,10,train,2
3273,0.0,906.79091,907.04112,null,0.8,null,-10.0,"[20.0, 20.0]","[3644.93333333, 3644.93333333]",0.08,0.0,gabors,0.0,4.0,0.25021244,132,,,0,,False,14,test,0
3274,0.0,907.04112,907.29133,null,0.8,null,10.0,"[20.0, 20.0]","[3644.93333333, 3644.93333333]",0.08,90.0,gabors,0.0,4.0,0.25021244,44,,,0,,False,14,test,2
3275,0.0,907.29133,907.54154,null,0.8,null,-10.0,"[20.0, 20.0]","[3644.93333333, 3644.93333333]",0.08,90.0,gabors,0.0,4.0,0.25021244,121,,,0,,False,13,train,2
3276,0.0,907.54154,907.79176,null,0.8,null,20.0,"[20.0, 20.0]","[3644.93333333, 3644.93333333]",0.08,45.0,gabors,30.0,4.0,0.25021244,118,,,0,,False,14,test,1
3277,0.0,907.79176,908.04197,null,0.8,null,30.0,"[20.0, 20.0]","[3644.93333333, 3644.93333333]",0.08,45.0,gabors,-40.0,4.0,0.25021006,59,,,0,,False,11,test,1
3278,0.0,908.04197,908.29218,null,0.8,null,20.0,"[20.0, 20.0]","[3644.93333333, 3644.93333333]",0.08,90.0,gabors,30.0,4.0,0.25021006,6,,,0,,False,12,train,2
3279,0.0,908.29218,908.54239,null,0.8,null,-30.0,"[20.0, 20.0]","[3644.93333333, 3644.93333333]",0.08,0.0,gabors,20.0,4.0,0.25021006,165,,,0,,False,11,test,0
3280,0.0,908.54239,908.7926,null,0.8,null,0.0,"[20.0, 20.0]","[3644.93333333, 3644.93333333]",0.08,90.0,gabors,-10.0,4.0,0.25021006,69,,,0,,False,13,train,2
3281,0.0,908.7926,909.0428,null,0.8,null,-30.0,"[20.0, 20.0]","[3644.93333333, 3644.93333333]",0.08,0.0,gabors,-30.0,4.0,0.25020494,164,,,0,,False,14,test,0
3282,0.0,909.0428,909.29301,null,0.8,null,-10.0,"[20.0, 20.0]","[3644.93333333, 3644.93333333]",0.08,45.0,gabors,10.0,4.0,0.25020494,123,,,0,,False,12,train,1
3283,0.0,909.29301,909.54321,null,0.8,null,30.0,"[20.0, 20.0]","[3644.93333333, 3644.93333333]",0.08,45.0,gabors,-40.0,4.0,0.25020494,59,,,0,,False,12,train,1
3284,0.0,909.54321,909.79342,null,0.8,null,30.0,"[20.0, 20.0]","[3644.93333333, 3644.93333333]",0.08,45.0,gabors,20.0,4.0,0.25020494,219,,,0,,False,12,train,1
3285,0.0,909.79342,910.04363,null,0.8,null,20.0,"[20.0, 20.0]","[3644.93333333, 3644.93333333]",0.08,0.0,gabors,-20.0,4.0,0.25021256,96,,,0,,False,14,test,0
3286,0.0,910.04363,910.29384,null,0.8,null,10.0,"[20.0, 20.0]","[3644.93333333, 3644.93333333]",0.08,45.0,gabors,20.0,4.0,0.25021256,115,,,0,,False,13,train,1
3287,0.0,910.29384,910.54405,null,0.8,null,30.0,"[20.0, 20.0]","[3644.93333333, 3644.93333333]",0.08,90.0,gabors,30.0,4.0,0.25021256,241,,,0,,False,12,train,2
3288,0.0,910.54405,910.79427,null,0.8,null,30.0,"[20.0, 20.0]","[3644.93333333, 3644.93333333]",0.08,45.0,gabors,-10.0,4.0,0.25021256,120,,,0,,False,14,test,1
3289,0.0,910.79427,911.04447,null,0.8,null,-10.0,"[20.0, 20.0]","[3644.93333333, 3644.93333333]",0.08,0.0,gabors,20.0,4.0,0.25020744,235,,,0,,False,12,train,0
3290,0.0,911.04447,911.29468,null,0.8,null,-20.0,"[20.0, 20.0]","[3644.93333333, 3644.93333333]",0.08,45.0,gabors,-30.0,4.0,0.25020744,48,,,0,,False,13,train,1
3291,0.0,911.29468,911.54489,null,0.8,null,-40.0,"[20.0, 20.0]","[3644.93333333, 3644.93333333]",0.08,90.0,gabors,20.0,4.0,0.25020744,213,,,0,,False,13,train,2
3292,0.0,911.54489,911.7951,null,0.8,null,0.0,"[20.0, 20.0]","[3644.93333333, 3644.93333333]",0.08,90.0,gabors,30.0,4.0,0.25020744,146,,,0,,False,11,test,2
3293,0.0,911.7951,912.04531,null,0.8,null,40.0,"[20.0, 20.0]","[3644.93333333, 3644.93333333]",0.08,45.0,gabors,30.0,4.0,0.25021506,50,,,0,,False,13,train,1
3294,0.0,912.04531,912.29553,null,0.8,null,10.0,"[20.0, 20.0]","[3644.93333333, 3644.93333333]",0.08,45.0,gabors,10.0,4.0,0.25021506,9,,,0,,False,12,train,1
3295,0.0,912.29553,912.54574,null,0.8,null,0.0,"[20.0, 20.0]","[3644.93333333, 3644.93333333]",0.08,0.0,gabors,20.0,4.0,0.25021506,195,,,0,,False,12,train,0
3296,0.0,912.54574,912.79596,null,0.8,null,30.0,"[20.0, 20.0]","[3644.93333333, 3644.93333333]",0.08,45.0,gabors,40.0,4.0,0.25021506,240,,,0,,False,12,train,1
3297,0.0,912.79596,913.04616,null,0.8,null,20.0,"[20.0, 20.0]","[3644.93333333, 3644.93333333]",0.08,0.0,gabors,-30.0,4.0,0.25020244,238,,,0,,False,14,test,0
3298,0.0,913.04616,913.29636,null,0.8,null,0.0,"[20.0, 20.0]","[3644.93333333, 3644.93333333]",0.08,45.0,gabors,-10.0,4.0,0.25020244,23,,,0,,False,12,train,1
3299,0.0,913.29636,913.54656,null,0.8,null,40.0,"[20.0, 20.0]","[3644.93333333, 3644.93333333]",0.08,0.0,gabors,-10.0,4.0,0.25020244,71,,,0,,False,12,train,0
3300,0.0,913.54656,913.79677,null,0.8,null,-40.0,"[20.0, 20.0]","[3644.93333333, 3644.93333333]",0.08,90.0,gabors,-30.0,4.0,0.25020244,47,,,0,,False,12,train,2
3301,0.0,913.79677,914.04697,null,0.8,null,40.0,"[20.0, 20.0]","[3644.93333333, 3644.93333333]",0.08,45.0,gabors,10.0,4.0,0.25020756,4,,,0,,False,13,train,1
3302,0.0,914.04697,914.29718,null,0.8,null,0.0,"[20.0, 20.0]","[3644.93333333, 3644.93333333]",0.08,0.0,gabors,30.0,4.0,0.25020756,74,,,0,,False,13,train,0
3303,0.0,914.29718,914.54739,null,0.8,null,30.0,"[20.0, 20.0]","[3644.93333333, 3644.93333333]",0.08,90.0,gabors,10.0,4.0,0.25020756,87,,,0,,False,12,train,2
3304,0.0,914.54739,914.7976,null,0.8,null,0.0,"[20.0, 20.0]","[3644.93333333, 3644.93333333]",0.08,90.0,gabors,30.0,4.0,0.25020756,146,,,0,,False,12,train,2
3305,0.0,914.7976,915.04781,null,0.8,null,10.0,"[20.0, 20.0]","[3644.93333333, 3644.93333333]",0.08,90.0,gabors,-40.0,4.0,0.25021494,183,,,0,,False,13,train,2
3306,0.0,915.04781,915.29803,null,0.8,null,-30.0,"[20.0, 20.0]","[3644.93333333, 3644.93333333]",0.08,90.0,gabors,10.0,4.0,0.25021494,20,,,0,,False,12,train,2
3307,0.0,915.29803,915.54824,null,0.8,null,30.0,"[20.0, 20.0]","[3644.93333333, 3644.93333333]",0.08,90.0,gabors,30.0,4.0,0.25021494,241,,,0,,False,13,train,2
3308,0.0,915.54824,915.79846,null,0.8,null,-20.0,"[20.0, 20.0]","[3644.93333333, 3644.93333333]",0.08,0.0,gabors,30.0,4.0,0.25021494,196,,,0,,False,11,test,0
3309,0.0,915.79846,916.04866,null,0.8,null,10.0,"[20.0, 20.0]","[3644.93333333, 3644.93333333]",0.08,45.0,gabors,20.0,4.0,0.25020256,115,,,0,,False,14,test,1
3310,0.0,916.04866,916.29886,null,0.8,null,40.0,"[20.0, 20.0]","[3644.93333333, 3644.93333333]",0.08,0.0,gabors,-30.0,4.0,0.25020256,142,,,0,,False,12,train,0
3311,0.0,916.29886,916.54906,null,0.8,null,20.0,"[20.0, 20.0]","[3644.93333333, 3644.93333333]",0.08,90.0,gabors,0.0,4.0,0.25020256,10,,,0,,False,11,test,2
3312,0.0,916.54906,916.79927,null,0.8,null,20.0,"[20.0, 20.0]","[3644.93333333, 3644.93333333]",0.08,45.0,gabors,40.0,4.0,0.25020256,136,,,0,,False,13,train,1
3313,0.0,916.79927,917.04948,null,0.8,null,-30.0,"[20.0, 20.0]","[3644.93333333, 3644.93333333]",0.08,45.0,gabors,-20.0,4.0,0.25021244,181,,,0,,False,14,test,1
3314,0.0,917.04948,917.29969,null,0.8,null,-20.0,"[20.0, 20.0]","[3644.93333333, 3644.93333333]",0.08,90.0,gabors,-40.0,4.0,0.25021244,209,,,0,,False,13,train,2
3315,0.0,917.29969,917.5499,null,0.8,null,40.0,"[20.0, 20.0]","[3644.93333333, 3644.93333333]",0.08,0.0,gabors,-10.0,4.0,0.25021244,71,,,0,,False,13,train,0
3316,0.0,917.5499,917.80012,null,0.8,null,-40.0,"[20.0, 20.0]","[3644.93333333, 3644.93333333]",0.08,45.0,gabors,-30.0,4.0,0.25021244,76,,,0,,False,13,train,1
3317,0.0,917.80012,918.05033,null,0.8,null,10.0,"[20.0, 20.0]","[3644.93333333, 3644.93333333]",0.08,45.0,gabors,-30.0,4.0,0.25021006,236,,,0,,False,12,train,1
3318,0.0,918.05033,918.30054,null,0.8,null,-40.0,"[20.0, 20.0]","[3644.93333333, 3644.93333333]",0.08,45.0,gabors,40.0,4.0,0.25021006,99,,,0,,False,14,test,1
3319,0.0,918.30054,918.55075,null,0.8,null,30.0,"[20.0, 20.0]","[3644.93333333, 3644.93333333]",0.08,90.0,gabors,10.0,4.0,0.25021006,87,,,0,,False,13,train,2
3320,0.0,918.55075,918.80096,null,0.8,null,0.0,"[20.0, 20.0]","[3644.93333333, 3644.93333333]",0.08,0.0,gabors,-40.0,4.0,0.25021006,199,,,0,,False,13,train,0
3321,0.0,918.80096,919.05117,null,0.8,null,10.0,"[20.0, 20.0]","[3644.93333333, 3644.93333333]",0.08,45.0,gabors,-30.0,4.0,0.25020994,236,,,0,,False,13,train,1
3322,0.0,919.05117,919.30138,null,0.8,null,-20.0,"[20.0, 20.0]","[3644.93333333, 3644.93333333]",0.08,0.0,gabors,-20.0,4.0,0.25020994,194,,,0,,False,13,train,0
3323,0.0,919.30138,919.55159,null,0.8,null,-20.0,"[20.0, 20.0]","[3644.93333333, 3644.93333333]",0.08,90.0,gabors,30.0,4.0,0.25020994,202,,,0,,False,12,train,2
3324,0.0,919.55159,919.8018,null,0.8,null,10.0,"[20.0, 20.0]","[3644.93333333, 3644.93333333]",0.08,90.0,gabors,20.0,4.0,0.25020994,27,,,0,,False,13,train,2
3325,0.0,919.8018,920.052,null,0.8,null,-40.0,"[20.0, 20.0]","[3644.93333333, 3644.93333333]",0.08,45.0,gabors,-40.0,4.0,0.25020756,31,,,0,,False,12,train,1
3326,0.0,920.052,920.30221,null,0.8,null,-30.0,"[20.0, 20.0]","[3644.93333333, 3644.93333333]",0.08,45.0,gabors,-40.0,4.0,0.25020756,232,,,0,,False,12,train,1
3327,0.0,920.30221,920.55242,null,0.8,null,20.0,"[20.0, 20.0]","[3644.93333333, 3644.93333333]",0.08,0.0,gabors,40.0,4.0,0.25020756,63,,,0,,False,12,train,0
3328,0.0,920.55242,920.80263,null,0.8,null,30.0,"[20.0, 20.0]","[3644.93333333, 3644.93333333]",0.08,90.0,gabors,-30.0,4.0,0.25020756,84,,,0,,False,13,train,2
3329,0.0,920.80263,921.05284,null,0.8,null,-40.0,"[20.0, 20.0]","[3644.93333333, 3644.93333333]",0.08,90.0,gabors,-20.0,4.0,0.25020994,72,,,0,,False,14,test,2
3330,0.0,921.05284,921.30305,null,0.8,null,20.0,"[20.0, 20.0]","[3644.93333333, 3644.93333333]",0.08,90.0,gabors,30.0,4.0,0.25020994,6,,,0,,False,13,train,2
3331,0.0,921.30305,921.55326,null,0.8,null,30.0,"[20.0, 20.0]","[3644.93333333, 3644.93333333]",0.08,90.0,gabors,-40.0,4.0,0.25020994,109,,,0,,False,12,train,2
3332,0.0,921.55326,921.80347,null,0.8,null,10.0,"[20.0, 20.0]","[3644.93333333, 3644.93333333]",0.08,0.0,gabors,-30.0,4.0,0.25020994,242,,,0,,False,12,train,0
3333,0.0,921.80347,922.05367,null,0.8,null,20.0,"[20.0, 20.0]","[3644.93333333, 3644.93333333]",0.08,0.0,gabors,20.0,4.0,0.25020756,41,,,0,,False,12,train,0
3334,0.0,922.05367,922.30388,null,0.8,null,-10.0,"[20.0, 20.0]","[3644.93333333, 3644.93333333]",0.08,0.0,gabors,-30.0,4.0,0.25020756,54,,,0,,False,14,test,0
3335,0.0,922.30388,922.55409,null,0.8,null,-20.0,"[20.0, 20.0]","[3644.93333333, 3644.93333333]",0.08,90.0,gabors,-40.0,4.0,0.25020756,209,,,0,,False,14,test,2
3336,0.0,922.55409,922.8043,null,0.8,null,0.0,"[20.0, 20.0]","[3644.93333333, 3644.93333333]",0.08,0.0,gabors,30.0,4.0,0.25020756,74,,,0,,False,14,test,0
3337,0.0,922.8043,923.05451,null,0.8,null,-10.0,"[20.0, 20.0]","[3644.93333333, 3644.93333333]",0.08,45.0,gabors,-20.0,4.0,0.25020994,40,,,0,,False,14,test,1
3338,0.0,923.05451,923.30472,null,0.8,null,-40.0,"[20.0, 20.0]","[3644.93333333, 3644.93333333]",0.08,90.0,gabors,10.0,4.0,0.25020994,107,,,0,,False,12,train,2
3339,0.0,923.30472,923.55493,null,0.8,null,-40.0,"[20.0, 20.0]","[3644.93333333, 3644.93333333]",0.08,90.0,gabors,0.0,4.0,0.25020994,198,,,0,,False,13,train,2
3340,0.0,923.55493,923.80514,null,0.8,null,-30.0,"[20.0, 20.0]","[3644.93333333, 3644.93333333]",0.08,90.0,gabors,-10.0,4.0,0.25020994,26,,,0,,False,13,train,2
3341,0.0,923.80514,924.05534,null,0.8,null,-40.0,"[20.0, 20.0]","[3644.93333333, 3644.93333333]",0.08,90.0,gabors,10.0,4.0,0.25020506,107,,,0,,False,13,train,2
3342,0.0,924.05534,924.30555,null,0.8,null,-30.0,"[20.0, 20.0]","[3644.93333333, 3644.93333333]",0.08,90.0,gabors,10.0,4.0,0.25020506,20,,,0,,False,13,train,2
3343,0.0,924.30555,924.55575,null,0.8,null,40.0,"[20.0, 20.0]","[3644.93333333, 3644.93333333]",0.08,90.0,gabors,10.0,4.0,0.25020506,150,,,0,,False,12,train,2
3344,0.0,924.55575,924.80596,null,0.8,null,-10.0,"[20.0, 20.0]","[3644.93333333, 3644.93333333]",0.08,45.0,gabors,20.0,4.0,0.25020506,174,,,0,,False,13,train,1
3345,0.0,924.80596,925.05617,null,0.8,null,-20.0,"[20.0, 20.0]","[3644.93333333, 3644.93333333]",0.08,90.0,gabors,-10.0,4.0,0.25021244,220,,,0,,False,13,train,2
3346,0.0,925.05617,925.30638,null,0.8,null,-20.0,"[20.0, 20.0]","[3644.93333333, 3644.93333333]",0.08,0.0,gabors,-20.0,4.0,0.25021244,194,,,0,,False,14,test,0
3347,0.0,925.30638,925.55659,null,0.8,null,0.0,"[20.0, 20.0]","[3644.93333333, 3644.93333333]",0.08,45.0,gabors,-20.0,4.0,0.25021244,182,,,0,,False,14,test,1
3348,0.0,925.55659,925.80681,null,0.8,null,-20.0,"[20.0, 20.0]","[3644.93333333, 3644.93333333]",0.08,45.0,gabors,-10.0,4.0,0.25021244,86,,,0,,False,14,test,1
3349,0.0,925.80681,926.05701,null,0.8,null,0.0,"[20.0, 20.0]","[3644.93333333, 3644.93333333]",0.08,0.0,gabors,-10.0,4.0,0.25020756,221,,,0,,False,12,train,0
3350,0.0,926.05701,926.30722,null,0.8,null,30.0,"[20.0, 20.0]","[3644.93333333, 3644.93333333]",0.08,90.0,gabors,-10.0,4.0,0.25020756,35,,,0,,False,12,train,2
3351,0.0,926.30722,926.55743,null,0.8,null,-30.0,"[20.0, 20.0]","[3644.93333333, 3644.93333333]",0.08,0.0,gabors,40.0,4.0,0.25020756,97,,,0,,False,14,test,0
3352,0.0,926.55743,926.80764,null,0.8,null,-30.0,"[20.0, 20.0]","[3644.93333333, 3644.93333333]",0.08,0.0,gabors,-20.0,4.0,0.25020756,81,,,0,,False,12,train,0
3353,0.0,926.80764,927.05785,null,0.8,null,-20.0,"[20.0, 20.0]","[3644.93333333, 3644.93333333]",0.08,0.0,gabors,40.0,4.0,0.25021244,51,,,0,,False,10,train,0
3354,0.0,927.05785,927.30806,null,0.8,null,-20.0,"[20.0, 20.0]","[3644.93333333, 3644.93333333]",0.08,90.0,gabors,-20.0,4.0,0.25021244,135,,,0,,False,13,train,2
3355,0.0,927.30806,927.55827,null,0.8,null,-30.0,"[20.0, 20.0]","[3644.93333333, 3644.93333333]",0.08,45.0,gabors,0.0,4.0,0.25021244,22,,,0,,False,14,test,1
3356,0.0,927.55827,927.80849,null,0.8,null,30.0,"[20.0, 20.0]","[3644.93333333, 3644.93333333]",0.08,0.0,gabors,-40.0,4.0,0.25021244,124,,,0,,False,14,test,0
3357,0.0,927.80849,928.05869,null,0.8,null,-40.0,"[20.0, 20.0]","[3644.93333333, 3644.93333333]",0.08,45.0,gabors,-20.0,4.0,0.25020506,18,,,0,,False,12,train,1
3358,0.0,928.05869,928.3089,null,0.8,null,20.0,"[20.0, 20.0]","[3644.93333333, 3644.93333333]",0.08,90.0,gabors,-10.0,4.0,0.25020506,156,,,0,,False,12,train,2
3359,0.0,928.3089,928.5591,null,0.8,null,0.0,"[20.0, 20.0]","[3644.93333333, 3644.93333333]",0.08,0.0,gabors,20.0,4.0,0.25020506,195,,,0,,False,13,train,0
3360,0.0,928.5591,928.80931,null,0.8,null,30.0,"[20.0, 20.0]","[3644.93333333, 3644.93333333]",0.08,0.0,gabors,-30.0,4.0,0.25020506,171,,,0,,False,14,test,0
3361,0.0,928.80931,929.05952,null,0.8,null,-20.0,"[20.0, 20.0]","[3644.93333333, 3644.93333333]",0.08,90.0,gabors,30.0,4.0,0.25021244,202,,,0,,False,13,train,2
3362,0.0,929.05952,929.30973,null,0.8,null,0.0,"[20.0, 20.0]","[3644.93333333, 3644.93333333]",0.08,90.0,gabors,10.0,4.0,0.25021244,110,,,0,,False,14,test,2
3363,0.0,929.30973,929.55994,null,0.8,null,-40.0,"[20.0, 20.0]","[3644.93333333, 3644.93333333]",0.08,45.0,gabors,-10.0,4.0,0.25021244,169,,,0,,False,11,test,1
3364,0.0,929.55994,929.81016,null,0.8,null,-30.0,"[20.0, 20.0]","[3644.93333333, 3644.93333333]",0.08,0.0,gabors,20.0,4.0,0.25021244,165,,,0,,False,12,train,0
3365,0.0,929.81016,930.06037,null,0.8,null,10.0,"[20.0, 20.0]","[3644.93333333, 3644.93333333]",0.08,0.0,gabors,40.0,4.0,0.25021006,79,,,0,,False,12,train,0
3366,0.0,930.06037,930.31058,null,0.8,null,-40.0,"[20.0, 20.0]","[3644.93333333, 3644.93333333]",0.08,90.0,gabors,10.0,4.0,0.25021006,107,,,0,,False,14,test,2
3367,0.0,930.31058,930.56079,null,0.8,null,-10.0,"[20.0, 20.0]","[3644.93333333, 3644.93333333]",0.08,90.0,gabors,10.0,4.0,0.25021006,114,,,0,,False,13,train,2
3368,0.0,930.56079,930.811,null,0.8,null,40.0,"[20.0, 20.0]","[3644.93333333, 3644.93333333]",0.08,0.0,gabors,30.0,4.0,0.25021006,218,,,0,,False,13,train,0
3369,0.0,930.811,931.0612,null,0.8,null,-10.0,"[20.0, 20.0]","[3644.93333333, 3644.93333333]",0.08,90.0,gabors,-20.0,4.0,0.25020744,116,,,0,,False,14,test,2
3370,0.0,931.0612,931.31141,null,0.8,null,30.0,"[20.0, 20.0]","[3644.93333333, 3644.93333333]",0.08,0.0,gabors,-20.0,4.0,0.25020744,148,,,0,,False,13,train,0
3371,0.0,931.31141,931.56162,null,0.8,null,20.0,"[20.0, 20.0]","[3644.93333333, 3644.93333333]",0.08,0.0,gabors,-10.0,4.0,0.25020744,170,,,0,,False,14,test,0
3372,0.0,931.56162,931.81183,null,0.8,null,40.0,"[20.0, 20.0]","[3644.93333333, 3644.93333333]",0.08,45.0,gabors,-30.0,4.0,0.25020744,103,,,0,,False,13,train,1
3373,0.0,931.81183,932.06204,null,0.8,null,-10.0,"[20.0, 20.0]","[3644.93333333, 3644.93333333]",0.08,90.0,gabors,40.0,4.0,0.25021006,157,,,0,,False,13,train,2
3374,0.0,932.06204,932.31225,null,0.8,null,-30.0,"[20.0, 20.0]","[3644.93333333, 3644.93333333]",0.08,0.0,gabors,30.0,4.0,0.25021006,204,,,0,,False,14,test,0
3375,0.0,932.31225,932.56246,null,0.8,null,-30.0,"[20.0, 20.0]","[3644.93333333, 3644.93333333]",0.08,0.0,gabors,-40.0,4.0,0.25021006,243,,,0,,False,14,test,0
3376,0.0,932.56246,932.81267,null,0.8,null,20.0,"[20.0, 20.0]","[3644.93333333, 3644.93333333]",0.08,45.0,gabors,-10.0,4.0,0.25021006,193,,,0,,False,12,train,1
3377,0.0,932.81267,933.06287,null,0.8,null,-20.0,"[20.0, 20.0]","[3644.93333333, 3644.93333333]",0.08,0.0,gabors,30.0,4.0,0.25020494,196,,,0,,False,12,train,0
3378,0.0,933.06287,933.31308,null,0.8,null,0.0,"[20.0, 20.0]","[3644.93333333, 3644.93333333]",0.08,0.0,gabors,20.0,4.0,0.25020494,195,,,0,,False,14,test,0
3379,0.0,933.31308,933.56328,null,0.8,null,-40.0,"[20.0, 20.0]","[3644.93333333, 3644.93333333]",0.08,45.0,gabors,-40.0,4.0,0.25020494,31,,,0,,False,13,train,1
3380,0.0,933.56328,933.81349,null,0.8,null,30.0,"[20.0, 20.0]","[3644.93333333, 3644.93333333]",0.08,45.0,gabors,30.0,4.0,0.25020494,206,,,0,,False,11,test,1
3381,0.0,933.81349,934.0637,null,0.8,null,-10.0,"[20.0, 20.0]","[3644.93333333, 3644.93333333]",0.08,90.0,gabors,-10.0,4.0,0.25021006,80,,,0,,False,13,train,2
3382,0.0,934.0637,934.31391,null,0.8,null,-40.0,"[20.0, 20.0]","[3644.93333333, 3644.93333333]",0.08,90.0,gabors,-30.0,4.0,0.25021006,47,,,0,,False,13,train,2
3383,0.0,934.31391,934.56412,null,0.8,null,30.0,"[20.0, 20.0]","[3644.93333333, 3644.93333333]",0.08,90.0,gabors,-40.0,4.0,0.25021006,109,,,0,,False,13,train,2
3384,0.0,934.56412,934.81433,null,0.8,null,-20.0,"[20.0, 20.0]","[3644.93333333, 3644.93333333]",0.08,0.0,gabors,-10.0,4.0,0.25021006,223,,,0,,False,13,train,0
3385,0.0,934.81433,935.06454,null,0.8,null,0.0,"[20.0, 20.0]","[3644.93333333, 3644.93333333]",0.08,90.0,gabors,20.0,4.0,0.25020994,225,,,0,,False,14,test,2
3386,0.0,935.06454,935.31475,null,0.8,null,40.0,"[20.0, 20.0]","[3644.93333333, 3644.93333333]",0.08,45.0,gabors,0.0,4.0,0.25020994,73,,,0,,False,12,train,1
3387,0.0,935.31475,935.56496,null,0.8,null,-30.0,"[20.0, 20.0]","[3644.93333333, 3644.93333333]",0.08,45.0,gabors,20.0,4.0,0.25020994,24,,,0,,False,11,test,1
3388,0.0,935.56496,935.81517,null,0.8,null,0.0,"[20.0, 20.0]","[3644.93333333, 3644.93333333]",0.08,0.0,gabors,10.0,4.0,0.25020994,234,,,0,,False,14,test,0
3389,0.0,935.81517,936.06538,null,0.8,null,-30.0,"[20.0, 20.0]","[3644.93333333, 3644.93333333]",0.08,90.0,gabors,30.0,4.0,0.25021006,33,,,0,,False,14,test,2
3390,0.0,936.06538,936.31559,null,0.8,null,-40.0,"[20.0, 20.0]","[3644.93333333, 3644.93333333]",0.08,45.0,gabors,-10.0,4.0,0.25021006,169,,,0,,False,12,train,1
3391,0.0,936.31559,936.5658,null,0.8,null,20.0,"[20.0, 20.0]","[3644.93333333, 3644.93333333]",0.08,90.0,gabors,-10.0,4.0,0.25021006,156,,,0,,False,13,train,2
3392,0.0,936.5658,936.81601,null,0.8,null,30.0,"[20.0, 20.0]","[3644.93333333, 3644.93333333]",0.08,90.0,gabors,-20.0,4.0,0.25021006,66,,,0,,False,12,train,2
3393,0.0,936.81601,937.06622,null,0.8,null,-40.0,"[20.0, 20.0]","[3644.93333333, 3644.93333333]",0.08,45.0,gabors,-10.0,4.0,0.25020994,169,,,0,,False,13,train,1
3394,0.0,937.06622,937.31643,null,0.8,null,-10.0,"[20.0, 20.0]","[3644.93333333, 3644.93333333]",0.08,0.0,gabors,30.0,4.0,0.25020994,227,,,0,,False,12,train,0
3395,0.0,937.31643,937.56664,null,0.8,null,30.0,"[20.0, 20.0]","[3644.93333333, 3644.93333333]",0.08,90.0,gabors,0.0,4.0,0.25020994,11,,,0,,False,13,train,2
3396,0.0,937.56664,937.81685,null,0.8,null,-20.0,"[20.0, 20.0]","[3644.93333333, 3644.93333333]",0.08,0.0,gabors,40.0,4.0,0.25020994,51,,,0,,False,11,test,0
3397,0.0,937.81685,938.06705,null,0.8,null,30.0,"[20.0, 20.0]","[3644.93333333, 3644.93333333]",0.08,90.0,gabors,20.0,4.0,0.25020006,211,,,0,,False,13,train,2
3398,0.0,938.06705,938.31725,null,0.8,null,10.0,"[20.0, 20.0]","[3644.93333333, 3644.93333333]",0.08,0.0,gabors,40.0,4.0,0.25020006,79,,,0,,False,13,train,0
3399,0.0,938.31725,938.56745,null,0.8,null,20.0,"[20.0, 20.0]","[3644.93333333, 3644.93333333]",0.08,90.0,gabors,40.0,4.0,0.25020006,52,,,0,,False,14,test,2
3400,0.0,938.56745,938.81765,null,0.8,null,10.0,"[20.0, 20.0]","[3644.93333333, 3644.93333333]",0.08,90.0,gabors,10.0,4.0,0.25020006,13,,,0,,False,13,train,2
3401,0.0,938.81765,939.06786,null,0.8,null,10.0,"[20.0, 20.0]","[3644.93333333, 3644.93333333]",0.08,45.0,gabors,40.0,4.0,0.25021744,222,,,0,,False,13,train,1
3402,0.0,939.06786,939.31808,null,0.8,null,-40.0,"[20.0, 20.0]","[3644.93333333, 3644.93333333]",0.08,45.0,gabors,10.0,4.0,0.25021744,197,,,0,,False,14,test,1
3403,0.0,939.31808,939.5683,null,0.8,null,-20.0,"[20.0, 20.0]","[3644.93333333, 3644.93333333]",0.08,0.0,gabors,10.0,4.0,0.25021744,237,,,0,,False,14,test,0
3404,0.0,939.5683,939.81852,null,0.8,null,-20.0,"[20.0, 20.0]","[3644.93333333, 3644.93333333]",0.08,0.0,gabors,40.0,4.0,0.25021744,51,,,0,,False,12,train,0
3405,0.0,939.81852,940.06872,null,0.8,null,30.0,"[20.0, 20.0]","[3644.93333333, 3644.93333333]",0.08,45.0,gabors,30.0,4.0,0.25020756,206,,,0,,False,12,train,1
3406,0.0,940.06872,940.31893,null,0.8,null,40.0,"[20.0, 20.0]","[3644.93333333, 3644.93333333]",0.08,45.0,gabors,0.0,4.0,0.25020756,73,,,0,,False,13,train,1
3407,0.0,940.31893,940.56914,null,0.8,null,-20.0,"[20.0, 20.0]","[3644.93333333, 3644.93333333]",0.08,90.0,gabors,0.0,4.0,0.25020756,5,,,0,,False,10,train,2
3408,0.0,940.56914,940.81935,null,0.8,null,40.0,"[20.0, 20.0]","[3644.93333333, 3644.93333333]",0.08,0.0,gabors,10.0,4.0,0.25020756,212,,,0,,False,14,test,0
3409,0.0,940.81935,941.06956,null,0.8,null,40.0,"[20.0, 20.0]","[3644.93333333, 3644.93333333]",0.08,0.0,gabors,-30.0,4.0,0.25020994,142,,,0,,False,13,train,0
3410,0.0,941.06956,941.31977,null,0.8,null,30.0,"[20.0, 20.0]","[3644.93333333, 3644.93333333]",0.08,45.0,gabors,20.0,4.0,0.25020994,219,,,0,,False,13,train,1
3411,0.0,941.31977,941.56998,null,0.8,null,0.0,"[20.0, 20.0]","[3644.93333333, 3644.93333333]",0.08,0.0,gabors,-40.0,4.0,0.25020994,199,,,0,,False,14,test,0
3412,0.0,941.56998,941.82019,null,0.8,null,10.0,"[20.0, 20.0]","[3644.93333333, 3644.93333333]",0.08,0.0,gabors,30.0,4.0,0.25020994,98,,,0,,False,13,train,0
3413,0.0,941.82019,942.0704,null,0.8,null,30.0,"[20.0, 20.0]","[3644.93333333, 3644.93333333]",0.08,90.0,gabors,20.0,4.0,0.25021506,211,,,0,,False,14,test,2
3414,0.0,942.0704,942.32062,null,0.8,null,20.0,"[20.0, 20.0]","[3644.93333333, 3644.93333333]",0.08,45.0,gabors,-40.0,4.0,0.25021506,201,,,0,,False,10,train,1
3415,0.0,942.32062,942.57083,null,0.8,null,40.0,"[20.0, 20.0]","[3644.93333333, 3644.93333333]",0.08,0.0,gabors,-10.0,4.0,0.25021506,71,,,0,,False,14,test,0
3416,0.0,942.57083,942.82105,null,0.8,null,20.0,"[20.0, 20.0]","[3644.93333333, 3644.93333333]",0.08,90.0,gabors,0.0,4.0,0.25021506,10,,,0,,False,12,train,2
3417,0.0,942.82105,943.07125,null,0.8,null,-20.0,"[20.0, 20.0]","[3644.93333333, 3644.93333333]",0.08,0.0,gabors,30.0,4.0,0.25020244,196,,,0,,False,13,train,0
3418,0.0,943.07125,943.32145,null,0.8,null,-10.0,"[20.0, 20.0]","[3644.93333333, 3644.93333333]",0.08,0.0,gabors,-10.0,4.0,0.25020244,78,,,0,,False,14,test,0
3419,0.0,943.32145,943.57165,null,0.8,null,0.0,"[20.0, 20.0]","[3644.93333333, 3644.93333333]",0.08,45.0,gabors,-30.0,4.0,0.25020244,91,,,0,,False,12,train,1
3420,0.0,943.57165,943.82186,null,0.8,null,-30.0,"[20.0, 20.0]","[3644.93333333, 3644.93333333]",0.08,90.0,gabors,0.0,4.0,0.25020244,239,,,0,,False,14,test,2
3421,0.0,943.82186,944.07206,null,0.8,null,20.0,"[20.0, 20.0]","[3644.93333333, 3644.93333333]",0.08,45.0,gabors,10.0,4.0,0.25020506,217,,,0,,False,14,test,1
3422,0.0,944.07206,944.32227,null,0.8,null,10.0,"[20.0, 20.0]","[3644.93333333, 3644.93333333]",0.08,90.0,gabors,10.0,4.0,0.25020506,13,,,0,,False,14,test,2
3423,0.0,944.32227,944.57247,null,0.8,null,30.0,"[20.0, 20.0]","[3644.93333333, 3644.93333333]",0.08,45.0,gabors,-40.0,4.0,0.25020506,59,,,0,,False,13,train,1
3424,0.0,944.57247,944.82268,null,0.8,null,-30.0,"[20.0, 20.0]","[3644.93333333, 3644.93333333]",0.08,45.0,gabors,-10.0,4.0,0.25020506,56,,,0,,False,13,train,1
3425,0.0,944.82268,945.07289,null,0.8,null,-30.0,"[20.0, 20.0]","[3644.93333333, 3644.93333333]",0.08,45.0,gabors,20.0,4.0,0.25021494,24,,,0,,False,12,train,1
3426,0.0,945.07289,945.32311,null,0.8,null,-40.0,"[20.0, 20.0]","[3644.93333333, 3644.93333333]",0.08,45.0,gabors,30.0,4.0,0.25021494,144,,,0,,False,12,train,1
3427,0.0,945.32311,945.57332,null,0.8,null,40.0,"[20.0, 20.0]","[3644.93333333, 3644.93333333]",0.08,90.0,gabors,30.0,4.0,0.25021494,138,,,0,,False,14,test,2
3428,0.0,945.57332,945.82354,null,0.8,null,40.0,"[20.0, 20.0]","[3644.93333333, 3644.93333333]",0.08,0.0,gabors,-40.0,4.0,0.25021494,226,,,0,,False,12,train,0
3429,0.0,945.82354,946.07375,null,0.8,null,-40.0,"[20.0, 20.0]","[3644.93333333, 3644.93333333]",0.08,90.0,gabors,30.0,4.0,0.25021006,53,,,0,,False,14,test,2
3430,0.0,946.07375,946.32396,null,0.8,null,-10.0,"[20.0, 20.0]","[3644.93333333, 3644.93333333]",0.08,90.0,gabors,20.0,4.0,0.25021006,175,,,0,,False,13,train,2
3431,0.0,946.32396,946.57417,null,0.8,null,10.0,"[20.0, 20.0]","[3644.93333333, 3644.93333333]",0.08,0.0,gabors,-20.0,4.0,0.25021006,153,,,0,,False,13,train,0
3432,0.0,946.57417,946.82438,null,0.8,null,30.0,"[20.0, 20.0]","[3644.93333333, 3644.93333333]",0.08,90.0,gabors,40.0,4.0,0.25021006,88,,,0,,False,14,test,2
3433,0.0,946.82438,947.07458,null,0.8,null,30.0,"[20.0, 20.0]","[3644.93333333, 3644.93333333]",0.08,45.0,gabors,0.0,4.0,0.25020744,1,,,0,,False,13,train,1
3434,0.0,947.07458,947.32479,null,0.8,null,10.0,"[20.0, 20.0]","[3644.93333333, 3644.93333333]",0.08,45.0,gabors,40.0,4.0,0.25020744,222,,,0,,False,14,test,1
3435,0.0,947.32479,947.575,null,0.8,null,-10.0,"[20.0, 20.0]","[3644.93333333, 3644.93333333]",0.08,45.0,gabors,-10.0,4.0,0.25020744,216,,,0,,False,14,test,1
3436,0.0,947.575,947.82521,null,0.8,null,-40.0,"[20.0, 20.0]","[3644.93333333, 3644.93333333]",0.08,0.0,gabors,10.0,4.0,0.25020744,203,,,0,,False,14,test,0
3437,0.0,947.82521,948.07541,null,0.8,null,-30.0,"[20.0, 20.0]","[3644.93333333, 3644.93333333]",0.08,0.0,gabors,10.0,4.0,0.25020756,166,,,0,,False,13,train,0
3438,0.0,948.07541,948.32562,null,0.8,null,-30.0,"[20.0, 20.0]","[3644.93333333, 3644.93333333]",0.08,90.0,gabors,-10.0,4.0,0.25020756,26,,,0,,False,14,test,2
3439,0.0,948.32562,948.57583,null,0.8,null,-30.0,"[20.0, 20.0]","[3644.93333333, 3644.93333333]",0.08,90.0,gabors,20.0,4.0,0.25020756,38,,,0,,False,14,test,2
3440,0.0,948.57583,948.82604,null,0.8,null,-10.0,"[20.0, 20.0]","[3644.93333333, 3644.93333333]",0.08,90.0,gabors,-30.0,4.0,0.25020756,147,,,0,,False,14,test,2
3441,0.0,948.82604,949.07625,null,0.8,null,-20.0,"[20.0, 20.0]","[3644.93333333, 3644.93333333]",0.08,90.0,gabors,0.0,4.0,0.25020994,5,,,0,,False,11,test,2
3442,0.0,949.07625,949.32646,null,0.8,null,0.0,"[20.0, 20.0]","[3644.93333333, 3644.93333333]",0.08,45.0,gabors,40.0,4.0,0.25020994,131,,,0,,False,14,test,1
3443,0.0,949.32646,949.57667,null,0.8,null,10.0,"[20.0, 20.0]","[3644.93333333, 3644.93333333]",0.08,45.0,gabors,30.0,4.0,0.25020994,167,,,0,,False,14,test,1
3444,0.0,949.57667,949.82688,null,0.8,null,-40.0,"[20.0, 20.0]","[3644.93333333, 3644.93333333]",0.08,45.0,gabors,30.0,4.0,0.25020994,144,,,0,,False,13,train,1
3445,0.0,949.82688,950.07709,null,0.8,null,10.0,"[20.0, 20.0]","[3644.93333333, 3644.93333333]",0.08,0.0,gabors,-30.0,4.0,0.25021506,242,,,0,,False,13,train,0
3446,0.0,950.07709,950.32731,null,0.8,null,30.0,"[20.0, 20.0]","[3644.93333333, 3644.93333333]",0.08,45.0,gabors,30.0,4.0,0.25021506,206,,,0,,False,13,train,1
3447,0.0,950.32731,950.57752,null,0.8,null,-30.0,"[20.0, 20.0]","[3644.93333333, 3644.93333333]",0.08,90.0,gabors,-20.0,4.0,0.25021506,160,,,0,,False,12,train,2
3448,0.0,950.57752,950.82774,null,0.8,null,-10.0,"[20.0, 20.0]","[3644.93333333, 3644.93333333]",0.08,45.0,gabors,-30.0,4.0,0.25021506,189,,,0,,False,13,train,1
3449,0.0,950.82774,951.07794,null,0.8,null,-10.0,"[20.0, 20.0]","[3644.93333333, 3644.93333333]",0.08,0.0,gabors,-40.0,4.0,0.25020244,37,,,0,,False,14,test,0
3450,0.0,951.07794,951.32814,null,0.8,null,30.0,"[20.0, 20.0]","[3644.93333333, 3644.93333333]",0.08,0.0,gabors,-20.0,4.0,0.25020244,148,,,0,,False,14,test,0
3451,0.0,951.32814,951.57834,null,0.8,null,40.0,"[20.0, 20.0]","[3644.93333333, 3644.93333333]",0.08,90.0,gabors,10.0,4.0,0.25020244,150,,,0,,False,13,train,2
3452,0.0,951.57834,951.82855,null,0.8,null,10.0,"[20.0, 20.0]","[3644.93333333, 3644.93333333]",0.08,0.0,gabors,-30.0,4.0,0.25020244,242,,,0,,False,14,test,0
3453,0.0,951.82855,952.07876,null,0.8,null,0.0,"[20.0, 20.0]","[3644.93333333, 3644.93333333]",0.08,45.0,gabors,-30.0,4.0,0.25021756,91,,,0,,False,13,train,1
3454,0.0,952.07876,952.32898,null,0.8,null,-40.0,"[20.0, 20.0]","[3644.93333333, 3644.93333333]",0.08,45.0,gabors,20.0,4.0,0.25021756,151,,,0,,False,13,train,1
3455,0.0,952.32898,952.5792,null,0.8,null,20.0,"[20.0, 20.0]","[3644.93333333, 3644.93333333]",0.08,45.0,gabors,-40.0,4.0,0.25021756,201,,,0,,False,11,test,1
3456,0.0,952.5792,952.82942,null,0.8,null,30.0,"[20.0, 20.0]","[3644.93333333, 3644.93333333]",0.08,90.0,gabors,-20.0,4.0,0.25021756,66,,,0,,False,13,train,2
3457,0.0,952.82942,953.07962,null,0.8,null,0.0,"[20.0, 20.0]","[3644.93333333, 3644.93333333]",0.08,90.0,gabors,30.0,4.0,0.25019994,146,,,0,,False,13,train,2
3458,0.0,953.07962,953.32982,null,0.8,null,20.0,"[20.0, 20.0]","[3644.93333333, 3644.93333333]",0.08,0.0,gabors,40.0,4.0,0.25019994,63,,,0,,False,13,train,0
3459,0.0,953.32982,953.58002,null,0.8,null,-40.0,"[20.0, 20.0]","[3644.93333333, 3644.93333333]",0.08,0.0,gabors,30.0,4.0,0.25019994,231,,,0,,False,13,train,0
3460,0.0,953.58002,953.83022,null,0.8,null,20.0,"[20.0, 20.0]","[3644.93333333, 3644.93333333]",0.08,90.0,gabors,-20.0,4.0,0.25019994,177,,,0,,False,13,train,2
3461,0.0,953.83022,954.08043,null,0.8,null,-10.0,"[20.0, 20.0]","[3644.93333333, 3644.93333333]",0.08,90.0,gabors,0.0,4.0,0.25021506,121,,,0,,False,14,test,2
3462,0.0,954.08043,954.33065,null,0.8,null,-20.0,"[20.0, 20.0]","[3644.93333333, 3644.93333333]",0.08,0.0,gabors,-10.0,4.0,0.25021506,223,,,0,,False,14,test,0
3463,0.0,954.33065,954.58086,null,0.8,null,-40.0,"[20.0, 20.0]","[3644.93333333, 3644.93333333]",0.08,45.0,gabors,30.0,4.0,0.25021506,144,,,0,,False,14,test,1
3464,0.0,954.58086,954.83108,null,0.8,null,0.0,"[20.0, 20.0]","[3644.93333333, 3644.93333333]",0.08,90.0,gabors,-20.0,4.0,0.25021506,45,,,0,,False,14,test,2
3465,0.0,954.83108,955.08128,null,0.8,null,40.0,"[20.0, 20.0]","[3644.93333333, 3644.93333333]",0.08,90.0,gabors,20.0,4.0,0.25020494,163,,,0,,False,14,test,2
3466,0.0,955.08128,955.33149,null,0.8,null,30.0,"[20.0, 20.0]","[3644.93333333, 3644.93333333]",0.08,45.0,gabors,30.0,4.0,0.25020494,206,,,0,,False,14,test,1
3467,0.0,955.33149,955.58169,null,0.8,null,-30.0,"[20.0, 20.0]","[3644.93333333, 3644.93333333]",0.08,0.0,gabors,-10.0,4.0,0.25020494,122,,,0,,False,13,train,0
3468,0.0,955.58169,955.8319,null,0.8,null,-30.0,"[20.0, 20.0]","[3644.93333333, 3644.93333333]",0.08,45.0,gabors,-40.0,4.0,0.25020494,232,,,0,,False,13,train,1
3469,0.0,955.8319,956.08211,null,0.8,null,-10.0,"[20.0, 20.0]","[3644.93333333, 3644.93333333]",0.08,45.0,gabors,20.0,4.0,0.25021256,174,,,0,,False,14,test,1
3470,0.0,956.08211,956.33232,null,0.8,null,20.0,"[20.0, 20.0]","[3644.93333333, 3644.93333333]",0.08,90.0,gabors,0.0,4.0,0.25021256,10,,,0,,False,13,train,2
3471,0.0,956.33232,956.58253,null,0.8,null,-40.0,"[20.0, 20.0]","[3644.93333333, 3644.93333333]",0.08,45.0,gabors,-30.0,4.0,0.25021256,76,,,0,,False,14,test,1
3472,0.0,956.58253,956.83275,null,0.8,null,-40.0,"[20.0, 20.0]","[3644.93333333, 3644.93333333]",0.08,0.0,gabors,-30.0,4.0,0.25021256,61,,,0,,False,13,train,0
3473,0.0,956.83275,957.08295,null,0.8,null,0.0,"[20.0, 20.0]","[3644.93333333, 3644.93333333]",0.08,90.0,gabors,40.0,4.0,0.25020744,106,,,0,,False,13,train,2
3474,0.0,957.08295,957.33316,null,0.8,null,40.0,"[20.0, 20.0]","[3644.93333333, 3644.93333333]",0.08,45.0,gabors,30.0,4.0,0.25020744,50,,,0,,False,14,test,1
3475,0.0,957.33316,957.58337,null,0.8,null,30.0,"[20.0, 20.0]","[3644.93333333, 3644.93333333]",0.08,90.0,gabors,30.0,4.0,0.25020744,241,,,0,,False,14,test,2
3476,0.0,957.58337,957.83358,null,0.8,null,-30.0,"[20.0, 20.0]","[3644.93333333, 3644.93333333]",0.08,0.0,gabors,-20.0,4.0,0.25020744,81,,,0,,False,13,train,0
3477,0.0,957.83358,958.08378,null,0.8,null,10.0,"[20.0, 20.0]","[3644.93333333, 3644.93333333]",0.08,90.0,gabors,-40.0,4.0,0.25020506,183,,,0,,False,14,test,2
3478,0.0,958.08378,958.33399,null,0.8,null,20.0,"[20.0, 20.0]","[3644.93333333, 3644.93333333]",0.08,0.0,gabors,-40.0,4.0,0.25020506,75,,,0,,False,14,test,0
3479,0.0,958.33399,958.58419,null,0.8,null,20.0,"[20.0, 20.0]","[3644.93333333, 3644.93333333]",0.08,90.0,gabors,-20.0,4.0,0.25020506,177,,,0,,False,14,test,2
3480,0.0,958.58419,958.8344,null,0.8,null,-10.0,"[20.0, 20.0]","[3644.93333333, 3644.93333333]",0.08,45.0,gabors,0.0,4.0,0.25020506,173,,,0,,False,13,train,1
3481,0.0,958.8344,959.08461,null,0.8,null,0.0,"[20.0, 20.0]","[3644.93333333, 3644.93333333]",0.08,90.0,gabors,0.0,4.0,0.25021244,104,,,0,,False,14,test,2
3482,0.0,959.08461,959.33482,null,0.8,null,10.0,"[20.0, 20.0]","[3644.93333333, 3644.93333333]",0.08,45.0,gabors,-30.0,4.0,0.25021244,236,,,0,,False,14,test,1
3483,0.0,959.33482,959.58503,null,0.8,null,-30.0,"[20.0, 20.0]","[3644.93333333, 3644.93333333]",0.08,90.0,gabors,-20.0,4.0,0.25021244,160,,,0,,False,13,train,2
3484,0.0,959.58503,959.83525,null,0.8,null,0.0,"[20.0, 20.0]","[3644.93333333, 3644.93333333]",0.08,90.0,gabors,30.0,4.0,0.25021244,146,,,0,,False,14,test,2
3485,0.0,959.83525,960.08545,null,0.8,null,20.0,"[20.0, 20.0]","[3644.93333333, 3644.93333333]",0.08,0.0,gabors,20.0,4.0,0.25020756,41,,,0,,False,13,train,0
3486,0.0,960.08545,960.33566,null,0.8,null,-10.0,"[20.0, 20.0]","[3644.93333333, 3644.93333333]",0.08,45.0,gabors,10.0,4.0,0.25020756,123,,,0,,False,13,train,1
3487,0.0,960.33566,960.58587,null,0.8,null,30.0,"[20.0, 20.0]","[3644.93333333, 3644.93333333]",0.08,90.0,gabors,0.0,4.0,0.25020756,11,,,0,,False,14,test,2
3488,0.0,960.58587,960.83608,null,0.8,null,30.0,"[20.0, 20.0]","[3644.93333333, 3644.93333333]",0.08,90.0,gabors,-20.0,4.0,0.25020756,66,,,0,,False,14,test,2
3489,0.0,960.83608,961.08629,null,0.8,null,0.0,"[20.0, 20.0]","[3644.93333333, 3644.93333333]",0.08,45.0,gabors,-30.0,4.0,0.25020994,91,,,0,,False,14,test,1
3490,0.0,961.08629,961.3365,null,0.8,null,0.0,"[20.0, 20.0]","[3644.93333333, 3644.93333333]",0.08,0.0,gabors,-20.0,4.0,0.25020994,108,,,0,,False,14,test,0
3491,0.0,961.3365,961.58671,null,0.8,null,0.0,"[20.0, 20.0]","[3644.93333333, 3644.93333333]",0.08,0.0,gabors,-30.0,4.0,0.25020994,188,,,0,,False,13,train,0
3492,0.0,961.58671,961.83692,null,0.8,null,20.0,"[20.0, 20.0]","[3644.93333333, 3644.93333333]",0.08,0.0,gabors,10.0,4.0,0.25020994,210,,,0,,False,14,test,0
3493,0.0,961.83692,962.08712,null,0.8,null,-10.0,"[20.0, 20.0]","[3644.93333333, 3644.93333333]",0.08,90.0,gabors,10.0,4.0,0.25020506,114,,,0,,False,14,test,2
3494,0.0,962.08712,962.33733,null,0.8,null,20.0,"[20.0, 20.0]","[3644.93333333, 3644.93333333]",0.08,0.0,gabors,40.0,4.0,0.25020506,63,,,0,,False,14,test,0
3495,0.0,962.33733,962.58753,null,0.8,null,0.0,"[20.0, 20.0]","[3644.93333333, 3644.93333333]",0.08,0.0,gabors,-10.0,4.0,0.25020506,221,,,0,,False,13,train,0
3496,0.0,962.58753,962.83774,null,0.8,null,20.0,"[20.0, 20.0]","[3644.93333333, 3644.93333333]",0.08,45.0,gabors,0.0,4.0,0.25020506,155,,,0,,False,13,train,1
3497,0.0,962.83774,963.08795,null,0.8,null,0.0,"[20.0, 20.0]","[3644.93333333, 3644.93333333]",0.08,0.0,gabors,-10.0,4.0,0.25020994,221,,,0,,False,14,test,0
3498,0.0,963.08795,963.33816,null,0.8,null,20.0,"[20.0, 20.0]","[3644.93333333, 3644.93333333]",0.08,90.0,gabors,30.0,4.0,0.25020994,6,,,0,,False,14,test,2
3499,0.0,963.33816,963.58837,null,0.8,null,-10.0,"[20.0, 20.0]","[3644.93333333, 3644.93333333]",0.08,45.0,gabors,40.0,4.0,0.25020994,215,,,0,,False,14,test,1
3500,0.0,963.58837,963.83858,null,0.8,null,30.0,"[20.0, 20.0]","[3644.93333333, 3644.93333333]",0.08,45.0,gabors,0.0,4.0,0.25020994,1,,,0,,False,14,test,1
3501,0.0,963.83858,964.08879,null,0.8,null,40.0,"[20.0, 20.0]","[3644.93333333, 3644.93333333]",0.08,45.0,gabors,40.0,4.0,0.25021506,214,,,0,,False,14,test,1
3502,0.0,964.08879,964.33901,null,0.8,null,-40.0,"[20.0, 20.0]","[3644.93333333, 3644.93333333]",0.08,90.0,gabors,-30.0,4.0,0.25021506,47,,,0,,False,14,test,2
3503,0.0,964.33901,964.58922,null,0.8,null,40.0,"[20.0, 20.0]","[3644.93333333, 3644.93333333]",0.08,0.0,gabors,-40.0,4.0,0.25021506,226,,,0,,False,13,train,0
3504,0.0,964.58922,964.83944,null,0.8,null,10.0,"[20.0, 20.0]","[3644.93333333, 3644.93333333]",0.08,45.0,gabors,10.0,4.0,0.25021506,9,,,0,,False,13,train,1
3505,0.0,964.83944,965.08964,null,0.8,null,20.0,"[20.0, 20.0]","[3644.93333333, 3644.93333333]",0.08,45.0,gabors,20.0,4.0,0.25020494,168,,,0,,False,14,test,1
3506,0.0,965.08964,965.33985,null,0.8,null,30.0,"[20.0, 20.0]","[3644.93333333, 3644.93333333]",0.08,45.0,gabors,-20.0,4.0,0.25020494,162,,,0,,False,13,train,1
3507,0.0,965.33985,965.59005,null,0.8,null,20.0,"[20.0, 20.0]","[3644.93333333, 3644.93333333]",0.08,45.0,gabors,40.0,4.0,0.25020494,136,,,0,,False,14,test,1
3508,0.0,965.59005,965.84026,null,0.8,null,-10.0,"[20.0, 20.0]","[3644.93333333, 3644.93333333]",0.08,0.0,gabors,30.0,4.0,0.25020494,227,,,0,,False,13,train,0
3509,0.0,965.84026,966.09047,null,0.8,null,-20.0,"[20.0, 20.0]","[3644.93333333, 3644.93333333]",0.08,90.0,gabors,0.0,4.0,0.25021006,5,,,0,,False,12,train,2
3510,0.0,966.09047,966.34068,null,0.8,null,-20.0,"[20.0, 20.0]","[3644.93333333, 3644.93333333]",0.08,0.0,gabors,20.0,4.0,0.25021006,28,,,0,,False,14,test,0
3511,0.0,966.34068,966.59089,null,0.8,null,20.0,"[20.0, 20.0]","[3644.93333333, 3644.93333333]",0.08,90.0,gabors,20.0,4.0,0.25021006,42,,,0,,False,14,test,2
3512,0.0,966.59089,966.8411,null,0.8,null,40.0,"[20.0, 20.0]","[3644.93333333, 3644.93333333]",0.08,0.0,gabors,30.0,4.0,0.25021006,218,,,0,,False,14,test,0
3513,0.0,966.8411,967.0913,null,0.8,null,30.0,"[20.0, 20.0]","[3644.93333333, 3644.93333333]",0.08,0.0,gabors,10.0,4.0,0.25020744,49,,,0,,False,14,test,0
3514,0.0,967.0913,967.34151,null,0.8,null,-30.0,"[20.0, 20.0]","[3644.93333333, 3644.93333333]",0.08,45.0,gabors,-10.0,4.0,0.25020744,56,,,0,,False,14,test,1
3515,0.0,967.34151,967.59172,null,0.8,null,-20.0,"[20.0, 20.0]","[3644.93333333, 3644.93333333]",0.08,90.0,gabors,0.0,4.0,0.25020744,5,,,0,,False,13,train,2
3516,0.0,967.59172,967.84193,null,0.8,null,-40.0,"[20.0, 20.0]","[3644.93333333, 3644.93333333]",0.08,90.0,gabors,0.0,4.0,0.25020744,198,,,0,,False,14,test,2
3517,0.0,967.84193,968.09214,null,0.8,null,30.0,"[20.0, 20.0]","[3644.93333333, 3644.93333333]",0.08,45.0,gabors,40.0,4.0,0.25021506,240,,,0,,False,13,train,1
3518,0.0,968.09214,968.34236,null,0.8,null,-10.0,"[20.0, 20.0]","[3644.93333333, 3644.93333333]",0.08,0.0,gabors,10.0,4.0,0.25021506,100,,,0,,False,14,test,0
3519,0.0,968.34236,968.59257,null,0.8,null,0.0,"[20.0, 20.0]","[3644.93333333, 3644.93333333]",0.08,45.0,gabors,-10.0,4.0,0.25021506,23,,,0,,False,13,train,1
3520,0.0,968.59257,968.84279,null,0.8,null,-20.0,"[20.0, 20.0]","[3644.93333333, 3644.93333333]",0.08,0.0,gabors,-30.0,4.0,0.25021506,178,,,0,,False,12,train,0
3521,0.0,968.84279,969.09299,null,0.8,null,30.0,"[20.0, 20.0]","[3644.93333333, 3644.93333333]",0.08,90.0,gabors,-10.0,4.0,0.25020244,35,,,0,,False,13,train,2
3522,0.0,969.09299,969.34319,null,0.8,null,-20.0,"[20.0, 20.0]","[3644.93333333, 3644.93333333]",0.08,0.0,gabors,40.0,4.0,0.25020244,51,,,0,,False,13,train,0
3523,0.0,969.34319,969.59339,null,0.8,null,40.0,"[20.0, 20.0]","[3644.93333333, 3644.93333333]",0.08,45.0,gabors,20.0,4.0,0.25020244,105,,,0,,False,13,train,1
3524,0.0,969.59339,969.8436,null,0.8,null,-40.0,"[20.0, 20.0]","[3644.93333333, 3644.93333333]",0.08,0.0,gabors,-30.0,4.0,0.25020244,61,,,0,,False,14,test,0
3525,0.0,969.8436,970.09381,null,0.8,null,20.0,"[20.0, 20.0]","[3644.93333333, 3644.93333333]",0.08,90.0,gabors,-30.0,4.0,0.25021006,64,,,0,,False,14,test,2
3526,0.0,970.09381,970.34402,null,0.8,null,40.0,"[20.0, 20.0]","[3644.93333333, 3644.93333333]",0.08,45.0,gabors,20.0,4.0,0.25021006,105,,,0,,False,14,test,1
3527,0.0,970.34402,970.59423,null,0.8,null,20.0,"[20.0, 20.0]","[3644.93333333, 3644.93333333]",0.08,45.0,gabors,0.0,4.0,0.25021006,155,,,0,,False,14,test,1
3528,0.0,970.59423,970.84444,null,0.8,null,20.0,"[20.0, 20.0]","[3644.93333333, 3644.93333333]",0.08,90.0,gabors,-40.0,4.0,0.25021006,67,,,0,,False,13,train,2
3529,0.0,970.84444,971.09464,null,0.8,null,40.0,"[20.0, 20.0]","[3644.93333333, 3644.93333333]",0.08,90.0,gabors,-10.0,4.0,0.25020744,229,,,0,,False,14,test,2
3530,0.0,971.09464,971.34485,null,0.8,null,-10.0,"[20.0, 20.0]","[3644.93333333, 3644.93333333]",0.08,90.0,gabors,-10.0,4.0,0.25020744,80,,,0,,False,14,test,2
3531,0.0,971.34485,971.59506,null,0.8,null,-30.0,"[20.0, 20.0]","[3644.93333333, 3644.93333333]",0.08,0.0,gabors,20.0,4.0,0.25020744,165,,,0,,False,13,train,0
3532,0.0,971.59506,971.84527,null,0.8,null,0.0,"[20.0, 20.0]","[3644.93333333, 3644.93333333]",0.08,90.0,gabors,40.0,4.0,0.25020744,106,,,0,,False,14,test,2
3533,0.0,971.84527,972.09548,null,0.8,null,-40.0,"[20.0, 20.0]","[3644.93333333, 3644.93333333]",0.08,45.0,gabors,0.0,4.0,0.25021006,208,,,0,,False,14,test,1
3534,0.0,972.09548,972.34569,null,0.8,null,-20.0,"[20.0, 20.0]","[3644.93333333, 3644.93333333]",0.08,90.0,gabors,0.0,4.0,0.25021006,5,,,0,,False,14,test,2
3535,0.0,972.34569,972.5959,null,0.8,null,0.0,"[20.0, 20.0]","[3644.93333333, 3644.93333333]",0.08,45.0,gabors,30.0,4.0,0.25021006,62,,,0,,False,13,train,1
3536,0.0,972.5959,972.84611,null,0.8,null,30.0,"[20.0, 20.0]","[3644.93333333, 3644.93333333]",0.08,45.0,gabors,10.0,4.0,0.25021006,68,,,0,,False,12,train,1
3537,0.0,972.84611,973.09632,null,0.8,null,-10.0,"[20.0, 20.0]","[3644.93333333, 3644.93333333]",0.08,90.0,gabors,20.0,4.0,0.25021244,175,,,0,,False,14,test,2
3538,0.0,973.09632,973.34653,null,0.8,null,10.0,"[20.0, 20.0]","[3644.93333333, 3644.93333333]",0.08,0.0,gabors,20.0,4.0,0.25021244,179,,,0,,False,14,test,0
3539,0.0,973.34653,973.59674,null,0.8,null,0.0,"[20.0, 20.0]","[3644.93333333, 3644.93333333]",0.08,45.0,gabors,0.0,4.0,0.25021244,134,,,0,,False,12,train,1
3540,0.0,973.59674,973.84696,null,0.8,null,0.0,"[20.0, 20.0]","[3644.93333333, 3644.93333333]",0.08,45.0,gabors,30.0,4.0,0.25021244,62,,,0,,False,14,test,1
3541,0.0,973.84696,974.09717,null,0.8,null,30.0,"[20.0, 20.0]","[3644.93333333, 3644.93333333]",0.08,45.0,gabors,-40.0,4.0,0.25021006,59,,,0,,False,14,test,1
3542,0.0,974.09717,974.34738,null,0.8,null,-20.0,"[20.0, 20.0]","[3644.93333333, 3644.93333333]",0.08,45.0,gabors,-30.0,4.0,0.25021006,48,,,0,,False,14,test,1
3543,0.0,974.34738,974.59759,null,0.8,null,-20.0,"[20.0, 20.0]","[3644.93333333, 3644.93333333]",0.08,45.0,gabors,30.0,4.0,0.25021006,191,,,0,,False,14,test,1
3544,0.0,974.59759,974.8478,null,0.8,null,0.0,"[20.0, 20.0]","[3644.93333333, 3644.93333333]",0.08,45.0,gabors,-10.0,4.0,0.25021006,23,,,0,,False,14,test,1
3545,0.0,974.8478,975.098,null,0.8,null,0.0,"[20.0, 20.0]","[3644.93333333, 3644.93333333]",0.08,45.0,gabors,0.0,4.0,0.25020744,134,,,0,,False,13,train,1
3546,0.0,975.098,975.34821,null,0.8,null,30.0,"[20.0, 20.0]","[3644.93333333, 3644.93333333]",0.08,90.0,gabors,-10.0,4.0,0.25020744,35,,,0,,False,14,test,2
3547,0.0,975.34821,975.59842,null,0.8,null,-40.0,"[20.0, 20.0]","[3644.93333333, 3644.93333333]",0.08,90.0,gabors,40.0,4.0,0.25020744,34,,,0,,False,14,test,2
3548,0.0,975.59842,975.84863,null,0.8,null,20.0,"[20.0, 20.0]","[3644.93333333, 3644.93333333]",0.08,0.0,gabors,20.0,4.0,0.25020744,41,,,0,,False,14,test,0
3549,0.0,975.84863,976.09884,null,0.8,null,-30.0,"[20.0, 20.0]","[3644.93333333, 3644.93333333]",0.08,45.0,gabors,20.0,4.0,0.25021006,24,,,0,,False,13,train,1
3550,0.0,976.09884,976.34905,null,0.8,null,-40.0,"[20.0, 20.0]","[3644.93333333, 3644.93333333]",0.08,0.0,gabors,40.0,4.0,0.25021006,154,,,0,,False,14,test,0
3551,0.0,976.34905,976.59926,null,0.8,null,0.0,"[20.0, 20.0]","[3644.93333333, 3644.93333333]",0.08,90.0,gabors,-10.0,4.0,0.25021006,69,,,0,,False,14,test,2
3552,0.0,976.59926,976.84947,null,0.8,null,10.0,"[20.0, 20.0]","[3644.93333333, 3644.93333333]",0.08,0.0,gabors,-40.0,4.0,0.25021006,111,,,0,,False,14,test,0
3553,0.0,976.84947,977.09967,null,0.8,null,-40.0,"[20.0, 20.0]","[3644.93333333, 3644.93333333]",0.08,45.0,gabors,-10.0,4.0,0.25020744,169,,,0,,False,14,test,1
3554,0.0,977.09967,977.34988,null,0.8,null,-20.0,"[20.0, 20.0]","[3644.93333333, 3644.93333333]",0.08,90.0,gabors,-30.0,4.0,0.25020744,145,,,0,,False,14,test,2
3555,0.0,977.34988,977.60009,null,0.8,null,-10.0,"[20.0, 20.0]","[3644.93333333, 3644.93333333]",0.08,0.0,gabors,20.0,4.0,0.25020744,235,,,0,,False,13,train,0
3556,0.0,977.60009,977.8503,null,0.8,null,-20.0,"[20.0, 20.0]","[3644.93333333, 3644.93333333]",0.08,45.0,gabors,0.0,4.0,0.25020744,94,,,0,,False,14,test,1
3557,0.0,977.8503,978.10051,null,0.8,null,20.0,"[20.0, 20.0]","[3644.93333333, 3644.93333333]",0.08,45.0,gabors,-10.0,4.0,0.25021006,193,,,0,,False,13,train,1
3558,0.0,978.10051,978.35072,null,0.8,null,10.0,"[20.0, 20.0]","[3644.93333333, 3644.93333333]",0.08,90.0,gabors,40.0,4.0,0.25021006,12,,,0,,False,14,test,2
3559,0.0,978.35072,978.60093,null,0.8,null,0.0,"[20.0, 20.0]","[3644.93333333, 3644.93333333]",0.08,0.0,gabors,-30.0,4.0,0.25021006,188,,,0,,False,14,test,0
3560,0.0,978.60093,978.85114,null,0.8,null,40.0,"[20.0, 20.0]","[3644.93333333, 3644.93333333]",0.08,45.0,gabors,0.0,4.0,0.25021006,73,,,0,,False,14,test,1
3561,0.0,978.85114,979.10134,null,0.8,null,20.0,"[20.0, 20.0]","[3644.93333333, 3644.93333333]",0.08,45.0,gabors,-10.0,4.0,0.25020744,193,,,0,,False,14,test,1
3562,0.0,979.10134,979.35155,null,0.8,null,-30.0,"[20.0, 20.0]","[3644.93333333, 3644.93333333]",0.08,45.0,gabors,10.0,4.0,0.25020744,16,,,0,,False,13,train,1
3563,0.0,979.35155,979.60176,null,0.8,null,-20.0,"[20.0, 20.0]","[3644.93333333, 3644.93333333]",0.08,0.0,gabors,40.0,4.0,0.25020744,51,,,0,,False,14,test,0
3564,0.0,979.60176,979.85197,null,0.8,null,-10.0,"[20.0, 20.0]","[3644.93333333, 3644.93333333]",0.08,0.0,gabors,20.0,4.0,0.25020744,235,,,0,,False,14,test,0
3565,0.0,979.85197,980.10218,null,0.8,null,30.0,"[20.0, 20.0]","[3644.93333333, 3644.93333333]",0.08,90.0,gabors,-30.0,4.0,0.25021006,84,,,0,,False,14,test,2
3566,0.0,980.10218,980.35239,null,0.8,null,-20.0,"[20.0, 20.0]","[3644.93333333, 3644.93333333]",0.08,90.0,gabors,-20.0,4.0,0.25021006,135,,,0,,False,14,test,2
3567,0.0,980.35239,980.6026,null,0.8,null,30.0,"[20.0, 20.0]","[3644.93333333, 3644.93333333]",0.08,45.0,gabors,20.0,4.0,0.25021006,219,,,0,,False,14,test,1
3568,0.0,980.6026,980.85281,null,0.8,null,20.0,"[20.0, 20.0]","[3644.93333333, 3644.93333333]",0.08,90.0,gabors,-40.0,4.0,0.25021006,67,,,0,,False,14,test,2
3569,0.0,980.85281,981.10301,null,0.8,null,-40.0,"[20.0, 20.0]","[3644.93333333, 3644.93333333]",0.08,0.0,gabors,30.0,4.0,0.25020494,231,,,0,,False,14,test,0
3570,0.0,981.10301,981.35322,null,0.8,null,-30.0,"[20.0, 20.0]","[3644.93333333, 3644.93333333]",0.08,0.0,gabors,-20.0,4.0,0.25020494,81,,,0,,False,14,test,0
3571,0.0,981.35322,981.60342,null,0.8,null,-20.0,"[20.0, 20.0]","[3644.93333333, 3644.93333333]",0.08,90.0,gabors,-10.0,4.0,0.25020494,220,,,0,,False,14,test,2
3572,0.0,981.60342,981.85363,null,0.8,null,30.0,"[20.0, 20.0]","[3644.93333333, 3644.93333333]",0.08,45.0,gabors,10.0,4.0,0.25020494,68,,,0,,False,13,train,1
3573,0.0,981.85363,982.10384,null,0.8,null,10.0,"[20.0, 20.0]","[3644.93333333, 3644.93333333]",0.08,0.0,gabors,-20.0,4.0,0.25021756,153,,,0,,False,14,test,0
3574,0.0,982.10384,982.35406,null,0.8,null,30.0,"[20.0, 20.0]","[3644.93333333, 3644.93333333]",0.08,0.0,gabors,-10.0,4.0,0.25021756,92,,,0,,False,14,test,0
3575,0.0,982.35406,982.60428,null,0.8,null,-20.0,"[20.0, 20.0]","[3644.93333333, 3644.93333333]",0.08,0.0,gabors,-30.0,4.0,0.25021756,178,,,0,,False,13,train,0
3576,0.0,982.60428,982.8545,null,0.8,null,-10.0,"[20.0, 20.0]","[3644.93333333, 3644.93333333]",0.08,90.0,gabors,40.0,4.0,0.25021756,157,,,0,,False,14,test,2
3577,0.0,982.8545,983.1047,null,0.8,null,40.0,"[20.0, 20.0]","[3644.93333333, 3644.93333333]",0.08,45.0,gabors,-30.0,4.0,0.25020244,103,,,0,,False,14,test,1
3578,0.0,983.1047,983.3549,null,0.8,null,-30.0,"[20.0, 20.0]","[3644.93333333, 3644.93333333]",0.08,45.0,gabors,20.0,4.0,0.25020244,24,,,0,,False,14,test,1
3579,0.0,983.3549,983.6051,null,0.8,null,10.0,"[20.0, 20.0]","[3644.93333333, 3644.93333333]",0.08,0.0,gabors,0.0,4.0,0.25020244,205,,,0,,False,13,train,0
3580,0.0,983.6051,983.85531,null,0.8,null,-20.0,"[20.0, 20.0]","[3644.93333333, 3644.93333333]",0.08,0.0,gabors,-30.0,4.0,0.25020244,178,,,0,,False,14,test,0
3581,0.0,983.85531,984.10552,null,0.8,null,-30.0,"[20.0, 20.0]","[3644.93333333, 3644.93333333]",0.08,90.0,gabors,-40.0,4.0,0.25021256,39,,,0,,False,14,test,2
3582,0.0,984.10552,984.35573,null,0.8,null,0.0,"[20.0, 20.0]","[3644.93333333, 3644.93333333]",0.08,45.0,gabors,0.0,4.0,0.25021256,134,,,0,,False,14,test,1
3583,0.0,984.35573,984.60594,null,0.8,null,40.0,"[20.0, 20.0]","[3644.93333333, 3644.93333333]",0.08,90.0,gabors,0.0,4.0,0.25021256,128,,,0,,False,14,test,2
3584,0.0,984.60594,984.85616,null,0.8,null,-30.0,"[20.0, 20.0]","[3644.93333333, 3644.93333333]",0.08,90.0,gabors,-20.0,4.0,0.25021256,160,,,0,,False,14,test,2
3585,0.0,984.85616,985.10636,null,0.8,null,10.0,"[20.0, 20.0]","[3644.93333333, 3644.93333333]",0.08,0.0,gabors,-10.0,4.0,0.25020744,32,,,0,,False,14,test,0
3586,0.0,985.10636,985.35657,null,0.8,null,-30.0,"[20.0, 20.0]","[3644.93333333, 3644.93333333]",0.08,90.0,gabors,10.0,4.0,0.25020744,20,,,0,,False,14,test,2
3587,0.0,985.35657,985.60678,null,0.8,null,-20.0,"[20.0, 20.0]","[3644.93333333, 3644.93333333]",0.08,45.0,gabors,20.0,4.0,0.25020744,60,,,0,,False,14,test,1
3588,0.0,985.60678,985.85699,null,0.8,null,30.0,"[20.0, 20.0]","[3644.93333333, 3644.93333333]",0.08,0.0,gabors,20.0,4.0,0.25020744,172,,,0,,False,14,test,0
3589,0.0,985.85699,986.10719,null,0.8,null,-20.0,"[20.0, 20.0]","[3644.93333333, 3644.93333333]",0.08,90.0,gabors,30.0,4.0,0.25020006,202,,,0,,False,14,test,2
3590,0.0,986.10719,986.35739,null,0.8,null,40.0,"[20.0, 20.0]","[3644.93333333, 3644.93333333]",0.08,45.0,gabors,-20.0,4.0,0.25020006,125,,,0,,False,14,test,1
3591,0.0,986.35739,986.60759,null,0.8,null,40.0,"[20.0, 20.0]","[3644.93333333, 3644.93333333]",0.08,0.0,gabors,-20.0,4.0,0.25020006,30,,,0,,False,14,test,0
3592,0.0,986.60759,986.85779,null,0.8,null,-30.0,"[20.0, 20.0]","[3644.93333333, 3644.93333333]",0.08,0.0,gabors,10.0,4.0,0.25020006,166,,,0,,False,14,test,0
3593,0.0,986.85779,987.108,null,0.8,null,-40.0,"[20.0, 20.0]","[3644.93333333, 3644.93333333]",0.08,90.0,gabors,-10.0,4.0,0.25021744,186,,,0,,False,12,train,2
3594,0.0,987.108,987.35822,null,0.8,null,30.0,"[20.0, 20.0]","[3644.93333333, 3644.93333333]",0.08,45.0,gabors,40.0,4.0,0.25021744,240,,,0,,False,14,test,1
3595,0.0,987.35822,987.60844,null,0.8,null,30.0,"[20.0, 20.0]","[3644.93333333, 3644.93333333]",0.08,0.0,gabors,0.0,4.0,0.25021744,2,,,0,,False,14,test,0
3596,0.0,987.60844,987.85866,null,0.8,null,10.0,"[20.0, 20.0]","[3644.93333333, 3644.93333333]",0.08,90.0,gabors,20.0,4.0,0.25021744,27,,,0,,False,14,test,2
3597,0.0,987.85866,988.10887,null,0.8,null,-30.0,"[20.0, 20.0]","[3644.93333333, 3644.93333333]",0.08,0.0,gabors,-10.0,4.0,0.25021256,122,,,0,,False,14,test,0
3598,0.0,988.10887,988.35908,null,0.8,null,10.0,"[20.0, 20.0]","[3644.93333333, 3644.93333333]",0.08,0.0,gabors,40.0,4.0,0.25021256,79,,,0,,False,14,test,0
3599,0.0,988.35908,988.60929,null,0.8,null,20.0,"[20.0, 20.0]","[3644.93333333, 3644.93333333]",0.08,0.0,gabors,0.0,4.0,0.25021256,7,,,0,,False,14,test,0
3600,0.0,988.60929,988.85951,null,0.8,null,-10.0,"[20.0, 20.0]","[3644.93333333, 3644.93333333]",0.08,45.0,gabors,-30.0,4.0,0.25021256,189,,,0,,False,14,test,1
3601,0.0,988.85951,989.10971,null,0.8,null,-30.0,"[20.0, 20.0]","[3644.93333333, 3644.93333333]",0.08,45.0,gabors,10.0,4.0,0.25020494,16,,,0,,False,14,test,1
3602,0.0,989.10971,989.35992,null,0.8,null,10.0,"[20.0, 20.0]","[3644.93333333, 3644.93333333]",0.08,45.0,gabors,10.0,4.0,0.25020494,9,,,0,,False,14,test,1
3603,0.0,989.35992,989.61012,null,0.8,null,30.0,"[20.0, 20.0]","[3644.93333333, 3644.93333333]",0.08,90.0,gabors,-40.0,4.0,0.25020494,109,,,0,,False,14,test,2
3604,0.0,989.61012,989.86033,null,0.8,null,-30.0,"[20.0, 20.0]","[3644.93333333, 3644.93333333]",0.08,45.0,gabors,-30.0,4.0,0.25020494,207,,,0,,False,14,test,1
3605,0.0,989.86033,990.11054,null,0.8,null,-10.0,"[20.0, 20.0]","[3644.93333333, 3644.93333333]",0.08,45.0,gabors,10.0,4.0,0.25021506,123,,,0,,False,14,test,1
3606,0.0,990.11054,990.36076,null,0.8,null,-40.0,"[20.0, 20.0]","[3644.93333333, 3644.93333333]",0.08,0.0,gabors,20.0,4.0,0.25021506,8,,,0,,False,13,train,0
3607,0.0,990.36076,990.61097,null,0.8,null,10.0,"[20.0, 20.0]","[3644.93333333, 3644.93333333]",0.08,0.0,gabors,0.0,4.0,0.25021506,205,,,0,,False,14,test,0
3608,0.0,990.61097,990.86119,null,0.8,null,-40.0,"[20.0, 20.0]","[3644.93333333, 3644.93333333]",0.08,45.0,gabors,20.0,4.0,0.25021506,151,,,0,,False,14,test,1
3609,0.0,990.86119,991.11139,null,0.8,null,-40.0,"[20.0, 20.0]","[3644.93333333, 3644.93333333]",0.08,0.0,gabors,-40.0,4.0,0.25020744,139,,,0,,False,14,test,0
3610,0.0,991.11139,991.3616,null,0.8,null,-40.0,"[20.0, 20.0]","[3644.93333333, 3644.93333333]",0.08,45.0,gabors,-20.0,4.0,0.25020744,18,,,0,,False,13,train,1
3611,0.0,991.3616,991.61181,null,0.8,null,-40.0,"[20.0, 20.0]","[3644.93333333, 3644.93333333]",0.08,90.0,gabors,-10.0,4.0,0.25020744,186,,,0,,False,13,train,2
3612,0.0,991.61181,991.86202,null,0.8,null,20.0,"[20.0, 20.0]","[3644.93333333, 3644.93333333]",0.08,90.0,gabors,0.0,4.0,0.25020744,10,,,0,,False,14,test,2
3613,0.0,991.86202,992.11222,null,0.8,null,0.0,"[20.0, 20.0]","[3644.93333333, 3644.93333333]",0.08,0.0,gabors,0.0,4.0,0.25020506,187,,,0,,False,14,test,0
3614,0.0,992.11222,992.36243,null,0.8,null,-40.0,"[20.0, 20.0]","[3644.93333333, 3644.93333333]",0.08,45.0,gabors,-40.0,4.0,0.25020506,31,,,0,,False,14,test,1
3615,0.0,992.36243,992.61263,null,0.8,null,-10.0,"[20.0, 20.0]","[3644.93333333, 3644.93333333]",0.08,0.0,gabors,30.0,4.0,0.25020506,227,,,0,,False,14,test,0
3616,0.0,992.61263,992.86284,null,0.8,null,30.0,"[20.0, 20.0]","[3644.93333333, 3644.93333333]",0.08,45.0,gabors,-30.0,4.0,0.25020506,65,,,0,,False,14,test,1
3617,0.0,992.86284,993.11305,null,0.8,null,30.0,"[20.0, 20.0]","[3644.93333333, 3644.93333333]",0.08,45.0,gabors,10.0,4.0,0.25020994,68,,,0,,False,14,test,1
3618,0.0,993.11305,993.36326,null,0.8,null,20.0,"[20.0, 20.0]","[3644.93333333, 3644.93333333]",0.08,90.0,gabors,-10.0,4.0,0.25020994,156,,,0,,False,14,test,2
3619,0.0,993.36326,993.61347,null,0.8,null,10.0,"[20.0, 20.0]","[3644.93333333, 3644.93333333]",0.08,90.0,gabors,-20.0,4.0,0.25020994,25,,,0,,False,14,test,2
3620,0.0,993.61347,993.86368,null,0.8,null,40.0,"[20.0, 20.0]","[3644.93333333, 3644.93333333]",0.08,90.0,gabors,10.0,4.0,0.25020994,150,,,0,,False,14,test,2
3621,0.0,993.86368,994.11389,null,0.8,null,40.0,"[20.0, 20.0]","[3644.93333333, 3644.93333333]",0.08,45.0,gabors,10.0,4.0,0.25021006,4,,,0,,False,14,test,1
3622,0.0,994.11389,994.3641,null,0.8,null,30.0,"[20.0, 20.0]","[3644.93333333, 3644.93333333]",0.08,90.0,gabors,10.0,4.0,0.25021006,87,,,0,,False,14,test,2
3623,0.0,994.3641,994.61431,null,0.8,null,-10.0,"[20.0, 20.0]","[3644.93333333, 3644.93333333]",0.08,45.0,gabors,30.0,4.0,0.25021006,89,,,0,,False,13,train,1
3624,0.0,994.61431,994.86452,null,0.8,null,10.0,"[20.0, 20.0]","[3644.93333333, 3644.93333333]",0.08,0.0,gabors,30.0,4.0,0.25021006,98,,,0,,False,14,test,0
3625,0.0,994.86452,995.11472,null,0.8,null,-20.0,"[20.0, 20.0]","[3644.93333333, 3644.93333333]",0.08,90.0,gabors,20.0,4.0,0.25020494,83,,,0,,False,14,test,2
3626,0.0,995.11472,995.36493,null,0.8,null,-10.0,"[20.0, 20.0]","[3644.93333333, 3644.93333333]",0.08,45.0,gabors,0.0,4.0,0.25020494,173,,,0,,False,14,test,1
3627,0.0,995.36493,995.61513,null,0.8,null,40.0,"[20.0, 20.0]","[3644.93333333, 3644.93333333]",0.08,0.0,gabors,-30.0,4.0,0.25020494,142,,,0,,False,14,test,0
3628,0.0,995.61513,995.86534,null,0.8,null,40.0,"[20.0, 20.0]","[3644.93333333, 3644.93333333]",0.08,0.0,gabors,-40.0,4.0,0.25020494,226,,,0,,False,14,test,0
3629,0.0,995.86534,996.11555,null,0.8,null,20.0,"[20.0, 20.0]","[3644.93333333, 3644.93333333]",0.08,45.0,gabors,-40.0,4.0,0.25021256,201,,,0,,False,12,train,1
3630,0.0,996.11555,996.36576,null,0.8,null,20.0,"[20.0, 20.0]","[3644.93333333, 3644.93333333]",0.08,45.0,gabors,-40.0,4.0,0.25021256,201,,,0,,False,13,train,1
3631,0.0,996.36576,996.61597,null,0.8,null,-40.0,"[20.0, 20.0]","[3644.93333333, 3644.93333333]",0.08,0.0,gabors,-20.0,4.0,0.25021256,70,,,0,,False,13,train,0
3632,0.0,996.61597,996.86619,null,0.8,null,-10.0,"[20.0, 20.0]","[3644.93333333, 3644.93333333]",0.08,45.0,gabors,30.0,4.0,0.25021256,89,,,0,,False,14,test,1
3633,0.0,996.86619,997.11639,null,0.8,null,-40.0,"[20.0, 20.0]","[3644.93333333, 3644.93333333]",0.08,0.0,gabors,20.0,4.0,0.25020494,8,,,0,,False,14,test,0
3634,0.0,997.11639,997.3666,null,0.8,null,-20.0,"[20.0, 20.0]","[3644.93333333, 3644.93333333]",0.08,45.0,gabors,-20.0,4.0,0.25020494,184,,,0,,False,14,test,1
3635,0.0,997.3666,997.6168,null,0.8,null,-40.0,"[20.0, 20.0]","[3644.93333333, 3644.93333333]",0.08,90.0,gabors,20.0,4.0,0.25020494,213,,,0,,False,14,test,2
3636,0.0,997.6168,997.86701,null,0.8,null,-40.0,"[20.0, 20.0]","[3644.93333333, 3644.93333333]",0.08,90.0,gabors,-10.0,4.0,0.25020494,186,,,0,,False,14,test,2
3637,0.0,997.86701,998.11721,null,0.8,null,-20.0,"[20.0, 20.0]","[3644.93333333, 3644.93333333]",0.08,0.0,gabors,0.0,4.0,0.25020256,46,,,0,,False,14,test,0
3638,0.0,998.11721,998.36741,null,0.8,null,-30.0,"[20.0, 20.0]","[3644.93333333, 3644.93333333]",0.08,0.0,gabors,20.0,4.0,0.25020256,165,,,0,,False,14,test,0
3639,0.0,998.36741,998.61761,null,0.8,null,20.0,"[20.0, 20.0]","[3644.93333333, 3644.93333333]",0.08,45.0,gabors,-40.0,4.0,0.25020256,201,,,0,,False,14,test,1
3640,0.0,998.61761,998.86782,null,0.8,null,30.0,"[20.0, 20.0]","[3644.93333333, 3644.93333333]",0.08,45.0,gabors,-20.0,4.0,0.25020256,162,,,0,,False,14,test,1
3641,0.0,998.86782,999.11804,null,0.8,null,-40.0,"[20.0, 20.0]","[3644.93333333, 3644.93333333]",0.08,0.0,gabors,-20.0,4.0,0.25021994,70,,,0,,False,14,test,0
3642,0.0,999.11804,999.36826,null,0.8,null,-20.0,"[20.0, 20.0]","[3644.93333333, 3644.93333333]",0.08,0.0,gabors,30.0,4.0,0.25021994,196,,,0,,False,14,test,0
3643,0.0,999.36826,999.61848,null,0.8,null,-30.0,"[20.0, 20.0]","[3644.93333333, 3644.93333333]",0.08,0.0,gabors,0.0,4.0,0.25021994,3,,,0,,False,14,test,0
3644,0.0,999.61848,999.8687,null,0.8,null,-40.0,"[20.0, 20.0]","[3644.93333333, 3644.93333333]",0.08,45.0,gabors,-20.0,4.0,0.25021994,18,,,0,,False,14,test,1
3645,0.0,999.8687,1000.1189,null,0.8,null,-30.0,"[20.0, 20.0]","[3644.93333333, 3644.93333333]",0.08,45.0,gabors,-40.0,4.0,0.25020006,232,,,0,,False,14,test,1
