stimulus_presentation_id,stimulus_block,start_time,stop_time,spatial_frequency,stimulus_name,Speed,temporal_frequency,phase,orientation,y_position,x_position,size,Dir,color,coherence,contrast,frame,duration,stimulus_condition_id,gaze_dx_deg,gaze_dy_deg,gaze_samples,gaze_within_trial_sd_deg,valid_gaze,repeat_index_within_condition,trial_split,orientation_index
1,0.0,75.264542,75.49807,0.08,gabors,null,4.0,"[3644.93333333, 3644.93333333]",90.0,-40.0,-40.0,"[20.0, 20.0]",null,null,null,0.8,null,0.23352837,1,,,0,,False,0,train,2
2,0.0,75.49807,75.748279,0.08,gabors,null,4.0,"[3644.93333333, 3644.93333333]",0.0,-40.0,30.0,"[20.0, 20.0]",null,null,null,0.8,null,0.25020897,2,,,0,,False,0,train,0
3,0.0,75.748279,75.998488,0.08,gabors,null,4.0,"[3644.93333333, 3644.93333333]",90.0,10.0,30.0,"[20.0, 20.0]",null,null,null,0.8,null,0.25020897,3,,,0,,False,0,train,2
4,0.0,75.998488,76.248697,0.08,gabors,null,4.0,"[3644.93333333, 3644.93333333]",0.0,-40.0,-20.0,"[20.0, 20.0]",null,null,null,0.8,null,0.25020897,4,,,0,,False,0,train,0
5,0.0,76.248697,76.498913,0.08,gabors,null,4.0,"[3644.93333333, 3644.93333333]",90.0,0.0,-30.0,"[20.0, 20.0]",null,null,null,0.8,null,0.25021618,5,,,0,,False,0,train,2
6,0.0,76.498913,76.74913,0.08,gabors,null,4.0,"[3644.93333333, 3644.93333333]",0.0,40.0,-30.0,"[20.0, 20.0]",null,null,null,0.8,null,0.25021618,6,,,0,,False,0,train,0
7,0.0,76.74913,76.999346,0.08,gabors,null,4.0,"[3644.93333333, 3644.93333333]",45.0,0.0,0.0,"[20.0, 20.0]",null,null,null,0.8,null,0.25021618,7,,,0,,False,0,train,1
8,0.0,76.999346,77.249562,0.08,gabors,null,4.0,"[3644.93333333, 3644.93333333]",90.0,-30.0,30.0,"[20.0, 20.0]",null,null,null,0.8,null,0.25021618,8,,,0,,False,0,train,2
9,0.0,77.249562,77.499768,0.08,gabors,null,4.0,"[3644.93333333, 3644.93333333]",90.0,10.0,-40.0,"[20.0, 20.0]",null,null,null,0.8,null,0.25020632,9,,,0,,False,0,train,2
10,0.0,77.499768,77.749975,0.08,gabors,null,4.0,"[3644.93333333, 3644.93333333]",0.0,20.0,20.0,"[20.0, 20.0]",null,null,null,0.8,null,0.25020632,10,,,0,,False,0,train,0
11,0.0,77.749975,78.000181,0.08,gabors,null,4.0,"[3644.93333333, 3644.93333333]",90.0,-10.0,30.0,"[20.0, 20.0]",null,null,null,0.8,null,0.25020632,11,,,0,,False,0,train,2
12,0.0,78.000181,78.250387,0.08,gabors,null,4.0,"[3644.93333333, 3644.93333333]",90.0,20.0,-20.0,"[20.0, 20.0]",null,null,null,0.8,null,0.25020632,12,,,0,,False,0,train,2
13,0.0,78.250387,78.500603,0.08,gabors,null,4.0,"[3644.93333333, 3644.93333333]",45.0,10.0,20.0,"[20.0, 20.0]",null,null,null,0.8,null,0.25021618,13,,,0,,False,0,train,1
14,0.0,78.500603,78.75082,0.08,gabors,null,4.0,"[3644.93333333, 3644.93333333]",0.0,-10.0,-20.0,"[20.0, 20.0]",null,null,null,0.8,null,0.25021618,14,,,0,,False,0,train,0
15,0.0,78.75082,79.001036,0.08,gabors,null,4.0,"[3644.93333333, 3644.93333333]",0.0,10.0,20.0,"[20.0, 20.0]",null,null,null,0.8,null,0.25021618,15,,,0,,False,0,train,0
16,0.0,79.001036,79.251252,0.08,gabors,null,4.0,"[3644.93333333, 3644.93333333]",90.0,-30.0,-20.0,"[20.0, 20.0]",null,null,null,0.8,null,0.25021618,16,,,0,,False,0,train,2
17,0.0,79.251252,79.501448,0.08,gabors,null,4.0,"[3644.93333333, 3644.93333333]",0.0,10.0,-10.0,"[20.0, 20.0]",null,null,null,0.8,null,0.25019632,17,,,0,,False,0,train,0
18,0.0,79.501448,79.751645,0.08,gabors,null,4.0,"[3644.93333333, 3644.93333333]",45.0,40.0,-20.0,"[20.0, 20.0]",null,null,null,0.8,null,0.25019632,18,,,0,,False,0,train,1
19,0.0,79.751645,80.001841,0.08,gabors,null,4.0,"[3644.93333333, 3644.93333333]",0.0,-10.0,10.0,"[20.0, 20.0]",null,null,null,0.8,null,0.25019632,19,,,0,,False,0,train,0
20,0.0,80.001841,80.252037,0.08,gabors,null,4.0,"[3644.93333333, 3644.93333333]",0.0,30.0,40.0,"[20.0, 20.0]",null,null,null,0.8,null,0.25019632,20,,,0,,False,0,train,0
21,0.0,80.252037,80.502251,0.08,gabors,null,4.0,"[3644.93333333, 3644.93333333]",0.0,0.0,30.0,"[20.0, 20.0]",null,null,null,0.8,null,0.25021368,21,,,0,,False,0,train,0
22,0.0,80.502251,80.752465,0.08,gabors,null,4.0,"[3644.93333333, 3644.93333333]",90.0,20.0,20.0,"[20.0, 20.0]",null,null,null,0.8,null,0.25021368,22,,,0,,False,0,train,2
23,0.0,80.752465,81.002678,0.08,gabors,null,4.0,"[3644.93333333, 3644.93333333]",90.0,-40.0,-40.0,"[20.0, 20.0]",null,null,null,0.8,null,0.25021368,1,,,0,,False,1,train,2
24,0.0,81.002678,81.252892,0.08,gabors,null,4.0,"[3644.93333333, 3644.93333333]",45.0,10.0,-40.0,"[20.0, 20.0]",null,null,null,0.8,null,0.25021368,23,,,0,,False,0,train,1
25,0.0,81.252892,81.503098,0.08,gabors,null,4.0,"[3644.93333333, 3644.93333333]",0.0,40.0,0.0,"[20.0, 20.0]",null,null,null,0.8,null,0.25020632,24,,,0,,False,0,train,0
26,0.0,81.503098,81.753305,0.08,gabors,null,4.0,"[3644.93333333, 3644.93333333]",0.0,20.0,-20.0,"[20.0, 20.0]",null,null,null,0.8,null,0.25020632,25,,,0,,False,0,train,0
27,0.0,81.753305,82.003511,0.08,gabors,null,4.0,"[3644.93333333, 3644.93333333]",90.0,-20.0,10.0,"[20.0, 20.0]",null,null,null,0.8,null,0.25020632,26,,,0,,False,0,train,2
28,0.0,82.003511,82.253717,0.08,gabors,null,4.0,"[3644.93333333, 3644.93333333]",45.0,0.0,-20.0,"[20.0, 20.0]",null,null,null,0.8,null,0.25020632,27,,,0,,False,0,train,1
29,0.0,82.253717,82.503933,0.08,gabors,null,4.0,"[3644.93333333, 3644.93333333]",0.0,40.0,-40.0,"[20.0, 20.0]",null,null,null,0.8,null,0.25021618,28,,,0,,False,0,train,0
30,0.0,82.503933,82.75415,0.08,gabors,null,4.0,"[3644.93333333, 3644.93333333]",0.0,20.0,20.0,"[20.0, 20.0]",null,null,null,0.8,null,0.25021618,10,,,0,,False,1,train,0
31,0.0,82.75415,83.004366,0.08,gabors,null,4.0,"[3644.93333333, 3644.93333333]",0.0,0.0,10.0,"[20.0, 20.0]",null,null,null,0.8,null,0.25021618,29,,,0,,False,0,train,0
32,0.0,83.004366,83.254582,0.08,gabors,null,4.0,"[3644.93333333, 3644.93333333]",90.0,30.0,40.0,"[20.0, 20.0]",null,null,null,0.8,null,0.25021618,30,,,0,,False,0,train,2
33,0.0,83.254582,83.504783,0.08,gabors,null,4.0,"[3644.93333333, 3644.93333333]",0.0,10.0,20.0,"[20.0, 20.0]",null,null,null,0.8,null,0.25020132,15,,,0,,False,1,train,0
34,0.0,83.504783,83.754985,0.08,gabors,null,4.0,"[3644.93333333, 3644.93333333]",45.0,20.0,10.0,"[20.0, 20.0]",null,null,null,0.8,null,0.25020132,31,,,0,,False,0,train,1
35,0.0,83.754985,84.005186,0.08,gabors,null,4.0,"[3644.93333333, 3644.93333333]",90.0,0.0,-40.0,"[20.0, 20.0]",null,null,null,0.8,null,0.25020132,32,,,0,,False,0,train,2
36,0.0,84.005186,84.255387,0.08,gabors,null,4.0,"[3644.93333333, 3644.93333333]",0.0,-30.0,20.0,"[20.0, 20.0]",null,null,null,0.8,null,0.25020132,33,,,0,,False,0,train,0
37,0.0,84.255387,84.505601,0.08,gabors,null,4.0,"[3644.93333333, 3644.93333333]",45.0,-30.0,-40.0,"[20.0, 20.0]",null,null,null,0.8,null,0.25021368,34,,,0,,False,0,train,1
38,0.0,84.505601,84.755815,0.08,gabors,null,4.0,"[3644.93333333, 3644.93333333]",90.0,-20.0,-20.0,"[20.0, 20.0]",null,null,null,0.8,null,0.25021368,35,,,0,,False,0,train,2
39,0.0,84.755815,85.006028,0.08,gabors,null,4.0,"[3644.93333333, 3644.93333333]",90.0,-20.0,10.0,"[20.0, 20.0]",null,null,null,0.8,null,0.25021368,26,,,0,,False,1,train,2
40,0.0,85.006028,85.256242,0.08,gabors,null,4.0,"[3644.93333333, 3644.93333333]",90.0,-20.0,-40.0,"[20.0, 20.0]",null,null,null,0.8,null,0.25021368,36,,,0,,False,0,train,2
41,0.0,85.256242,85.506446,0.08,gabors,null,4.0,"[3644.93333333, 3644.93333333]",45.0,30.0,20.0,"[20.0, 20.0]",null,null,null,0.8,null,0.25020382,37,,,0,,False,0,train,1
42,0.0,85.506446,85.75665,0.08,gabors,null,4.0,"[3644.93333333, 3644.93333333]",90.0,-20.0,-10.0,"[20.0, 20.0]",null,null,null,0.8,null,0.25020382,38,,,0,,False,0,train,2
43,0.0,85.75665,86.006853,0.08,gabors,null,4.0,"[3644.93333333, 3644.93333333]",0.0,-30.0,40.0,"[20.0, 20.0]",null,null,null,0.8,null,0.25020382,39,,,0,,False,0,train,0
44,0.0,86.006853,86.257057,0.08,gabors,null,4.0,"[3644.93333333, 3644.93333333]",0.0,10.0,20.0,"[20.0, 20.0]",null,null,null,0.8,null,0.25020382,15,,,0,,False,2,test,0
45,0.0,86.257057,86.507273,0.08,gabors,null,4.0,"[3644.93333333, 3644.93333333]",90.0,-40.0,-20.0,"[20.0, 20.0]",null,null,null,0.8,null,0.25021618,40,,,0,,False,0,train,2
46,0.0,86.507273,86.75749,0.08,gabors,null,4.0,"[3644.93333333, 3644.93333333]",90.0,-10.0,30.0,"[20.0, 20.0]",null,null,null,0.8,null,0.25021618,11,,,0,,False,1,train,2
47,0.0,86.75749,87.007706,0.08,gabors,null,4.0,"[3644.93333333, 3644.93333333]",90.0,0.0,10.0,"[20.0, 20.0]",null,null,null,0.8,null,0.25021618,41,,,0,,False,0,train,2
48,0.0,87.007706,87.257922,0.08,gabors,null,4.0,"[3644.93333333, 3644.93333333]",0.0,10.0,10.0,"[20.0, 20.0]",null,null,null,0.8,null,0.25021618,42,,,0,,False,0,train,0
49,0.0,87.257922,87.508123,0.08,gabors,null,4.0,"[3644.93333333, 3644.93333333]",90.0,-30.0,-10.0,"[20.0, 20.0]",null,null,null,0.8,null,0.25020132,43,,,0,,False,0,train,2
50,0.0,87.508123,87.758325,0.08,gabors,null,4.0,"[3644.93333333, 3644.93333333]",0.0,-20.0,0.0,"[20.0, 20.0]",null,null,null,0.8,null,0.25020132,44,,,0,,False,0,train,0
51,0.0,87.758325,88.008526,0.08,gabors,null,4.0,"[3644.93333333, 3644.93333333]",45.0,-40.0,10.0,"[20.0, 20.0]",null,null,null,0.8,null,0.25020132,45,,,0,,False,0,train,1
52,0.0,88.008526,88.258727,0.08,gabors,null,4.0,"[3644.93333333, 3644.93333333]",0.0,0.0,-30.0,"[20.0, 20.0]",null,null,null,0.8,null,0.25020132,46,,,0,,False,0,train,0
53,0.0,88.258727,88.508936,0.08,gabors,null,4.0,"[3644.93333333, 3644.93333333]",90.0,-30.0,40.0,"[20.0, 20.0]",null,null,null,0.8,null,0.25020868,47,,,0,,False,0,train,2
54,0.0,88.508936,88.759145,0.08,gabors,null,4.0,"[3644.93333333, 3644.93333333]",45.0,40.0,-20.0,"[20.0, 20.0]",null,null,null,0.8,null,0.25020868,18,,,0,,False,1,train,1
55,0.0,88.759145,89.009353,0.08,gabors,null,4.0,"[3644.93333333, 3644.93333333]",45.0,0.0,0.0,"[20.0, 20.0]",null,null,null,0.8,null,0.25020868,7,,,0,,False,1,train,1
56,0.0,89.009353,89.259562,0.08,gabors,null,4.0,"[3644.93333333, 3644.93333333]",45.0,-10.0,-20.0,"[20.0, 20.0]",null,null,null,0.8,null,0.25020868,48,,,0,,False,0,train,1
57,0.0,89.259562,89.509771,0.08,gabors,null,4.0,"[3644.93333333, 3644.93333333]",45.0,-20.0,40.0,"[20.0, 20.0]",null,null,null,0.8,null,0.25020882,49,,,0,,False,0,train,1
58,0.0,89.509771,89.75998,0.08,gabors,null,4.0,"[3644.93333333, 3644.93333333]",0.0,20.0,20.0,"[20.0, 20.0]",null,null,null,0.8,null,0.25020882,10,,,0,,False,2,test,0
59,0.0,89.75998,90.010188,0.08,gabors,null,4.0,"[3644.93333333, 3644.93333333]",90.0,-30.0,-30.0,"[20.0, 20.0]",null,null,null,0.8,null,0.25020882,50,,,0,,False,0,train,2
60,0.0,90.010188,90.260397,0.08,gabors,null,4.0,"[3644.93333333, 3644.93333333]",0.0,-20.0,-40.0,"[20.0, 20.0]",null,null,null,0.8,null,0.25020882,51,,,0,,False,0,train,0
61,0.0,90.260397,90.510628,0.08,gabors,null,4.0,"[3644.93333333, 3644.93333333]",45.0,30.0,40.0,"[20.0, 20.0]",null,null,null,0.8,null,0.25023118,52,,,0,,False,0,train,1
62,0.0,90.510628,90.76086,0.08,gabors,null,4.0,"[3644.93333333, 3644.93333333]",0.0,-10.0,-40.0,"[20.0, 20.0]",null,null,null,0.8,null,0.25023118,53,,,0,,False,0,train,0
63,0.0,90.76086,91.011091,0.08,gabors,null,4.0,"[3644.93333333, 3644.93333333]",0.0,10.0,-10.0,"[20.0, 20.0]",null,null,null,0.8,null,0.25023118,17,,,0,,False,1,train,0
64,0.0,91.011091,91.261322,0.08,gabors,null,4.0,"[3644.93333333, 3644.93333333]",45.0,30.0,-40.0,"[20.0, 20.0]",null,null,null,0.8,null,0.25023118,54,,,0,,False,0,train,1
65,0.0,91.261322,91.511511,0.08,gabors,null,4.0,"[3644.93333333, 3644.93333333]",90.0,30.0,-20.0,"[20.0, 20.0]",null,null,null,0.8,null,0.25018882,55,,,0,,False,0,train,2
66,0.0,91.511511,91.7617,0.08,gabors,null,4.0,"[3644.93333333, 3644.93333333]",45.0,-10.0,-20.0,"[20.0, 20.0]",null,null,null,0.8,null,0.25018882,48,,,0,,False,1,train,1
67,0.0,91.7617,92.011888,0.08,gabors,null,4.0,"[3644.93333333, 3644.93333333]",45.0,30.0,0.0,"[20.0, 20.0]",null,null,null,0.8,null,0.25018882,56,,,0,,False,0,train,1
68,0.0,92.011888,92.262077,0.08,gabors,null,4.0,"[3644.93333333, 3644.93333333]",45.0,30.0,-20.0,"[20.0, 20.0]",null,null,null,0.8,null,0.25018882,57,,,0,,False,0,train,1
69,0.0,92.262077,92.512286,0.08,gabors,null,4.0,"[3644.93333333, 3644.93333333]",45.0,30.0,-20.0,"[20.0, 20.0]",null,null,null,0.8,null,0.25020868,57,,,0,,False,1,train,1
70,0.0,92.512286,92.762495,0.08,gabors,null,4.0,"[3644.93333333, 3644.93333333]",0.0,20.0,20.0,"[20.0, 20.0]",null,null,null,0.8,null,0.25020868,10,,,0,,False,3,train,0
71,0.0,92.762495,93.012703,0.08,gabors,null,4.0,"[3644.93333333, 3644.93333333]",45.0,-30.0,40.0,"[20.0, 20.0]",null,null,null,0.8,null,0.25020868,58,,,0,,False,0,train,1
72,0.0,93.012703,93.262912,0.08,gabors,null,4.0,"[3644.93333333, 3644.93333333]",90.0,0.0,-20.0,"[20.0, 20.0]",null,null,null,0.8,null,0.25020868,59,,,0,,False,0,train,2
73,0.0,93.262912,93.513118,0.08,gabors,null,4.0,"[3644.93333333, 3644.93333333]",0.0,-10.0,40.0,"[20.0, 20.0]",null,null,null,0.8,null,0.25020632,60,,,0,,False,0,train,0
74,0.0,93.513118,93.763325,0.08,gabors,null,4.0,"[3644.93333333, 3644.93333333]",45.0,10.0,40.0,"[20.0, 20.0]",null,null,null,0.8,null,0.25020632,61,,,0,,False,0,train,1
75,0.0,93.763325,94.013531,0.08,gabors,null,4.0,"[3644.93333333, 3644.93333333]",45.0,-40.0,-20.0,"[20.0, 20.0]",null,null,null,0.8,null,0.25020632,62,,,0,,False,0,train,1
76,0.0,94.013531,94.263737,0.08,gabors,null,4.0,"[3644.93333333, 3644.93333333]",45.0,20.0,30.0,"[20.0, 20.0]",null,null,null,0.8,null,0.25020632,63,,,0,,False,0,train,1
77,0.0,94.263737,94.513943,0.08,gabors,null,4.0,"[3644.93333333, 3644.93333333]",45.0,10.0,-20.0,"[20.0, 20.0]",null,null,null,0.8,null,0.25020618,64,,,0,,False,0,train,1
78,0.0,94.513943,94.76415,0.08,gabors,null,4.0,"[3644.93333333, 3644.93333333]",45.0,40.0,40.0,"[20.0, 20.0]",null,null,null,0.8,null,0.25020618,65,,,0,,False,0,train,1
79,0.0,94.76415,95.014356,0.08,gabors,null,4.0,"[3644.93333333, 3644.93333333]",45.0,-20.0,20.0,"[20.0, 20.0]",null,null,null,0.8,null,0.25020618,66,,,0,,False,0,train,1
80,0.0,95.014356,95.264562,0.08,gabors,null,4.0,"[3644.93333333, 3644.93333333]",90.0,-20.0,-30.0,"[20.0, 20.0]",null,null,null,0.8,null,0.25020618,67,,,0,,False,0,train,2
81,0.0,95.264562,95.514773,0.08,gabors,null,4.0,"[3644.93333333, 3644.93333333]",90.0,-40.0,-30.0,"[20.0, 20.0]",null,null,null,0.8,null,0.25021132,68,,,0,,False,0,train,2
82,0.0,95.514773,95.764985,0.08,gabors,null,4.0,"[3644.93333333, 3644.93333333]",45.0,-30.0,-10.0,"[20.0, 20.0]",null,null,null,0.8,null,0.25021132,69,,,0,,False,0,train,1
83,0.0,95.764985,96.015196,0.08,gabors,null,4.0,"[3644.93333333, 3644.93333333]",0.0,30.0,-40.0,"[20.0, 20.0]",null,null,null,0.8,null,0.25021132,70,,,0,,False,0,train,0
84,0.0,96.015196,96.265407,0.08,gabors,null,4.0,"[3644.93333333, 3644.93333333]",0.0,20.0,0.0,"[20.0, 20.0]",null,null,null,0.8,null,0.25021132,71,,,0,,False,0,train,0
85,0.0,96.265407,96.515623,0.08,gabors,null,4.0,"[3644.93333333, 3644.93333333]",90.0,-40.0,-30.0,"[20.0, 20.0]",null,null,null,0.8,null,0.25021618,68,,,0,,False,1,train,2
86,0.0,96.515623,96.76584,0.08,gabors,null,4.0,"[3644.93333333, 3644.93333333]",0.0,40.0,-40.0,"[20.0, 20.0]",null,null,null,0.8,null,0.25021618,28,,,0,,False,1,train,0
87,0.0,96.76584,97.016056,0.08,gabors,null,4.0,"[3644.93333333, 3644.93333333]",45.0,0.0,-40.0,"[20.0, 20.0]",null,null,null,0.8,null,0.25021618,72,,,0,,False,0,train,1
88,0.0,97.016056,97.266272,0.08,gabors,null,4.0,"[3644.93333333, 3644.93333333]",45.0,10.0,40.0,"[20.0, 20.0]",null,null,null,0.8,null,0.25021618,61,,,0,,False,1,train,1
89,0.0,97.266272,97.516473,0.08,gabors,null,4.0,"[3644.93333333, 3644.93333333]",90.0,20.0,0.0,"[20.0, 20.0]",null,null,null,0.8,null,0.25020132,73,,,0,,False,0,train,2
90,0.0,97.516473,97.766675,0.08,gabors,null,4.0,"[3644.93333333, 3644.93333333]",45.0,-20.0,10.0,"[20.0, 20.0]",null,null,null,0.8,null,0.25020132,74,,,0,,False,0,train,1
91,0.0,97.766675,98.016876,0.08,gabors,null,4.0,"[3644.93333333, 3644.93333333]",0.0,-40.0,10.0,"[20.0, 20.0]",null,null,null,0.8,null,0.25020132,75,,,0,,False,0,train,0
92,0.0,98.016876,98.267077,0.08,gabors,null,4.0,"[3644.93333333, 3644.93333333]",0.0,40.0,10.0,"[20.0, 20.0]",null,null,null,0.8,null,0.25020132,76,,,0,,False,0,train,0
93,0.0,98.267077,98.517293,0.08,gabors,null,4.0,"[3644.93333333, 3644.93333333]",0.0,20.0,-20.0,"[20.0, 20.0]",null,null,null,0.8,null,0.25021618,25,,,0,,False,1,train,0
94,0.0,98.517293,98.76751,0.08,gabors,null,4.0,"[3644.93333333, 3644.93333333]",45.0,10.0,-40.0,"[20.0, 20.0]",null,null,null,0.8,null,0.25021618,23,,,0,,False,1,train,1
95,0.0,98.76751,99.017726,0.08,gabors,null,4.0,"[3644.93333333, 3644.93333333]",90.0,0.0,10.0,"[20.0, 20.0]",null,null,null,0.8,null,0.25021618,41,,,0,,False,1,train,2
96,0.0,99.017726,99.267942,0.08,gabors,null,4.0,"[3644.93333333, 3644.93333333]",90.0,30.0,20.0,"[20.0, 20.0]",null,null,null,0.8,null,0.25021618,77,,,0,,False,0,train,2
97,0.0,99.267942,99.518146,0.08,gabors,null,4.0,"[3644.93333333, 3644.93333333]",90.0,-20.0,0.0,"[20.0, 20.0]",null,null,null,0.8,null,0.25020382,78,,,0,,False,0,train,2
98,0.0,99.518146,99.76835,0.08,gabors,null,4.0,"[3644.93333333, 3644.93333333]",0.0,-10.0,-30.0,"[20.0, 20.0]",null,null,null,0.8,null,0.25020382,79,,,0,,False,0,train,0
99,0.0,99.76835,100.01855,0.08,gabors,null,4.0,"[3644.93333333, 3644.93333333]",90.0,0.0,0.0,"[20.0, 20.0]",null,null,null,0.8,null,0.25020382,80,,,0,,False,0,train,2
100,0.0,100.01855,100.26876,0.08,gabors,null,4.0,"[3644.93333333, 3644.93333333]",90.0,10.0,0.0,"[20.0, 20.0]",null,null,null,0.8,null,0.25020382,81,,,0,,False,0,train,2
101,0.0,100.26876,100.51897,0.08,gabors,null,4.0,"[3644.93333333, 3644.93333333]",45.0,-30.0,0.0,"[20.0, 20.0]",null,null,null,0.8,null,0.25020868,82,,,0,,False,0,train,1
102,0.0,100.51897,100.76917,0.08,gabors,null,4.0,"[3644.93333333, 3644.93333333]",90.0,0.0,0.0,"[20.0, 20.0]",null,null,null,0.8,null,0.25020868,80,,,0,,False,1,train,2
103,0.0,100.76917,101.01938,0.08,gabors,null,4.0,"[3644.93333333, 3644.93333333]",90.0,30.0,-10.0,"[20.0, 20.0]",null,null,null,0.8,null,0.25020868,83,,,0,,False,0,train,2
104,0.0,101.01938,101.26959,0.08,gabors,null,4.0,"[3644.93333333, 3644.93333333]",0.0,40.0,10.0,"[20.0, 20.0]",null,null,null,0.8,null,0.25020868,76,,,0,,False,1,train,0
105,0.0,101.26959,101.5198,0.08,gabors,null,4.0,"[3644.93333333, 3644.93333333]",45.0,40.0,20.0,"[20.0, 20.0]",null,null,null,0.8,null,0.25020632,84,,,0,,False,0,train,1
106,0.0,101.5198,101.77,0.08,gabors,null,4.0,"[3644.93333333, 3644.93333333]",45.0,-10.0,-40.0,"[20.0, 20.0]",null,null,null,0.8,null,0.25020632,85,,,0,,False,0,train,1
107,0.0,101.77,102.02021,0.08,gabors,null,4.0,"[3644.93333333, 3644.93333333]",0.0,-10.0,-10.0,"[20.0, 20.0]",null,null,null,0.8,null,0.25020632,86,,,0,,False,0,train,0
108,0.0,102.02021,102.27042,0.08,gabors,null,4.0,"[3644.93333333, 3644.93333333]",0.0,20.0,-10.0,"[20.0, 20.0]",null,null,null,0.8,null,0.25020632,87,,,0,,False,0,train,0
109,0.0,102.27042,102.52063,0.08,gabors,null,4.0,"[3644.93333333, 3644.93333333]",0.0,30.0,20.0,"[20.0, 20.0]",null,null,null,0.8,null,0.25021118,88,,,0,,False,0,train,0
110,0.0,102.52063,102.77084,0.08,gabors,null,4.0,"[3644.93333333, 3644.93333333]",0.0,0.0,10.0,"[20.0, 20.0]",null,null,null,0.8,null,0.25021118,29,,,0,,False,1,train,0
111,0.0,102.77084,103.02105,0.08,gabors,null,4.0,"[3644.93333333, 3644.93333333]",0.0,20.0,-20.0,"[20.0, 20.0]",null,null,null,0.8,null,0.25021118,25,,,0,,False,2,test,0
112,0.0,103.02105,103.27126,0.08,gabors,null,4.0,"[3644.93333333, 3644.93333333]",45.0,-10.0,10.0,"[20.0, 20.0]",null,null,null,0.8,null,0.25021118,89,,,0,,False,0,train,1
113,0.0,103.27126,103.52147,0.08,gabors,null,4.0,"[3644.93333333, 3644.93333333]",90.0,30.0,20.0,"[20.0, 20.0]",null,null,null,0.8,null,0.25020882,77,,,0,,False,1,train,2
114,0.0,103.52147,103.77168,0.08,gabors,null,4.0,"[3644.93333333, 3644.93333333]",90.0,10.0,40.0,"[20.0, 20.0]",null,null,null,0.8,null,0.25020882,90,,,0,,False,0,train,2
115,0.0,103.77168,104.02189,0.08,gabors,null,4.0,"[3644.93333333, 3644.93333333]",45.0,40.0,-40.0,"[20.0, 20.0]",null,null,null,0.8,null,0.25020882,91,,,0,,False,0,train,1
116,0.0,104.02189,104.2721,0.08,gabors,null,4.0,"[3644.93333333, 3644.93333333]",0.0,-10.0,-30.0,"[20.0, 20.0]",null,null,null,0.8,null,0.25020882,79,,,0,,False,1,train,0
117,0.0,104.2721,104.52231,0.08,gabors,null,4.0,"[3644.93333333, 3644.93333333]",90.0,0.0,30.0,"[20.0, 20.0]",null,null,null,0.8,null,0.25021618,92,,,0,,False,0,train,2
118,0.0,104.52231,104.77253,0.08,gabors,null,4.0,"[3644.93333333, 3644.93333333]",90.0,0.0,20.0,"[20.0, 20.0]",null,null,null,0.8,null,0.25021618,93,,,0,,False,0,train,2
119,0.0,104.77253,105.02275,0.08,gabors,null,4.0,"[3644.93333333, 3644.93333333]",45.0,-40.0,-40.0,"[20.0, 20.0]",null,null,null,0.8,null,0.25021618,94,,,0,,False,0,train,1
120,0.0,105.02275,105.27296,0.08,gabors,null,4.0,"[3644.93333333, 3644.93333333]",0.0,40.0,-20.0,"[20.0, 20.0]",null,null,null,0.8,null,0.25021618,95,,,0,,False,0,train,0
121,0.0,105.27296,105.52316,0.08,gabors,null,4.0,"[3644.93333333, 3644.93333333]",45.0,-20.0,-30.0,"[20.0, 20.0]",null,null,null,0.8,null,0.25020132,96,,,0,,False,0,train,1
122,0.0,105.52316,105.77336,0.08,gabors,null,4.0,"[3644.93333333, 3644.93333333]",90.0,30.0,20.0,"[20.0, 20.0]",null,null,null,0.8,null,0.25020132,77,,,0,,False,2,test,2
123,0.0,105.77336,106.02357,0.08,gabors,null,4.0,"[3644.93333333, 3644.93333333]",0.0,-40.0,30.0,"[20.0, 20.0]",null,null,null,0.8,null,0.25020132,2,,,0,,False,1,train,0
124,0.0,106.02357,106.27377,0.08,gabors,null,4.0,"[3644.93333333, 3644.93333333]",45.0,-20.0,20.0,"[20.0, 20.0]",null,null,null,0.8,null,0.25020132,66,,,0,,False,1,train,1
125,0.0,106.27377,106.52399,0.08,gabors,null,4.0,"[3644.93333333, 3644.93333333]",45.0,-40.0,-20.0,"[20.0, 20.0]",null,null,null,0.8,null,0.25022118,62,,,0,,False,1,train,1
126,0.0,106.52399,106.77421,0.08,gabors,null,4.0,"[3644.93333333, 3644.93333333]",0.0,-40.0,40.0,"[20.0, 20.0]",null,null,null,0.8,null,0.25022118,97,,,0,,False,0,train,0
127,0.0,106.77421,107.02443,0.08,gabors,null,4.0,"[3644.93333333, 3644.93333333]",90.0,-40.0,40.0,"[20.0, 20.0]",null,null,null,0.8,null,0.25022118,98,,,0,,False,0,train,2
128,0.0,107.02443,107.27465,0.08,gabors,null,4.0,"[3644.93333333, 3644.93333333]",90.0,-30.0,-30.0,"[20.0, 20.0]",null,null,null,0.8,null,0.25022118,50,,,0,,False,1,train,2
129,0.0,107.27465,107.52485,0.08,gabors,null,4.0,"[3644.93333333, 3644.93333333]",45.0,0.0,30.0,"[20.0, 20.0]",null,null,null,0.8,null,0.25019632,99,,,0,,False,0,train,1
130,0.0,107.52485,107.77504,0.08,gabors,null,4.0,"[3644.93333333, 3644.93333333]",0.0,40.0,30.0,"[20.0, 20.0]",null,null,null,0.8,null,0.25019632,100,,,0,,False,0,train,0
131,0.0,107.77504,108.02524,0.08,gabors,null,4.0,"[3644.93333333, 3644.93333333]",0.0,-20.0,-10.0,"[20.0, 20.0]",null,null,null,0.8,null,0.25019632,101,,,0,,False,0,train,0
132,0.0,108.02524,108.27544,0.08,gabors,null,4.0,"[3644.93333333, 3644.93333333]",45.0,30.0,-30.0,"[20.0, 20.0]",null,null,null,0.8,null,0.25019632,102,,,0,,False,0,train,1
133,0.0,108.27544,108.52565,0.08,gabors,null,4.0,"[3644.93333333, 3644.93333333]",90.0,30.0,-30.0,"[20.0, 20.0]",null,null,null,0.8,null,0.25021118,103,,,0,,False,0,train,2
134,0.0,108.52565,108.77586,0.08,gabors,null,4.0,"[3644.93333333, 3644.93333333]",45.0,30.0,-30.0,"[20.0, 20.0]",null,null,null,0.8,null,0.25021118,102,,,0,,False,1,train,1
135,0.0,108.77586,109.02607,0.08,gabors,null,4.0,"[3644.93333333, 3644.93333333]",0.0,30.0,30.0,"[20.0, 20.0]",null,null,null,0.8,null,0.25021118,104,,,0,,False,0,train,0
136,0.0,109.02607,109.27628,0.08,gabors,null,4.0,"[3644.93333333, 3644.93333333]",90.0,30.0,-10.0,"[20.0, 20.0]",null,null,null,0.8,null,0.25021118,83,,,0,,False,1,train,2
137,0.0,109.27628,109.52649,0.08,gabors,null,4.0,"[3644.93333333, 3644.93333333]",90.0,-30.0,0.0,"[20.0, 20.0]",null,null,null,0.8,null,0.25020882,105,,,0,,False,0,train,2
138,0.0,109.52649,109.7767,0.08,gabors,null,4.0,"[3644.93333333, 3644.93333333]",90.0,10.0,-20.0,"[20.0, 20.0]",null,null,null,0.8,null,0.25020882,106,,,0,,False,0,train,2
139,0.0,109.7767,110.02691,0.08,gabors,null,4.0,"[3644.93333333, 3644.93333333]",0.0,-20.0,40.0,"[20.0, 20.0]",null,null,null,0.8,null,0.25020882,107,,,0,,False,0,train,0
140,0.0,110.02691,110.27712,0.08,gabors,null,4.0,"[3644.93333333, 3644.93333333]",90.0,-40.0,20.0,"[20.0, 20.0]",null,null,null,0.8,null,0.25020882,108,,,0,,False,0,train,2
141,0.0,110.27712,110.52733,0.08,gabors,null,4.0,"[3644.93333333, 3644.93333333]",45.0,40.0,-30.0,"[20.0, 20.0]",null,null,null,0.8,null,0.25021368,109,,,0,,False,0,train,1
142,0.0,110.52733,110.77754,0.08,gabors,null,4.0,"[3644.93333333, 3644.93333333]",45.0,0.0,10.0,"[20.0, 20.0]",null,null,null,0.8,null,0.25021368,110,,,0,,False,0,train,1
143,0.0,110.77754,111.02776,0.08,gabors,null,4.0,"[3644.93333333, 3644.93333333]",90.0,10.0,-20.0,"[20.0, 20.0]",null,null,null,0.8,null,0.25021368,106,,,0,,False,1,train,2
144,0.0,111.02776,111.27797,0.08,gabors,null,4.0,"[3644.93333333, 3644.93333333]",0.0,-40.0,40.0,"[20.0, 20.0]",null,null,null,0.8,null,0.25021368,97,,,0,,False,1,train,0
145,0.0,111.27797,111.52817,0.08,gabors,null,4.0,"[3644.93333333, 3644.93333333]",90.0,-30.0,-30.0,"[20.0, 20.0]",null,null,null,0.8,null,0.25020132,50,,,0,,False,2,test,2
146,0.0,111.52817,111.77837,0.08,gabors,null,4.0,"[3644.93333333, 3644.93333333]",45.0,40.0,30.0,"[20.0, 20.0]",null,null,null,0.8,null,0.25020132,111,,,0,,False,0,train,1
147,0.0,111.77837,112.02858,0.08,gabors,null,4.0,"[3644.93333333, 3644.93333333]",45.0,0.0,40.0,"[20.0, 20.0]",null,null,null,0.8,null,0.25020132,112,,,0,,False,0,train,1
148,0.0,112.02858,112.27878,0.08,gabors,null,4.0,"[3644.93333333, 3644.93333333]",90.0,40.0,-40.0,"[20.0, 20.0]",null,null,null,0.8,null,0.25020132,113,,,0,,False,0,train,2
149,0.0,112.27878,112.52899,0.08,gabors,null,4.0,"[3644.93333333, 3644.93333333]",45.0,-20.0,-30.0,"[20.0, 20.0]",null,null,null,0.8,null,0.25021368,96,,,0,,False,1,train,1
150,0.0,112.52899,112.7792,0.08,gabors,null,4.0,"[3644.93333333, 3644.93333333]",0.0,40.0,-10.0,"[20.0, 20.0]",null,null,null,0.8,null,0.25021368,114,,,0,,False,0,train,0
151,0.0,112.7792,113.02942,0.08,gabors,null,4.0,"[3644.93333333, 3644.93333333]",0.0,0.0,10.0,"[20.0, 20.0]",null,null,null,0.8,null,0.25021368,29,,,0,,False,2,test,0
152,0.0,113.02942,113.27963,0.08,gabors,null,4.0,"[3644.93333333, 3644.93333333]",45.0,-10.0,0.0,"[20.0, 20.0]",null,null,null,0.8,null,0.25021368,115,,,0,,False,0,train,1
153,0.0,113.27963,113.52984,0.08,gabors,null,4.0,"[3644.93333333, 3644.93333333]",90.0,10.0,30.0,"[20.0, 20.0]",null,null,null,0.8,null,0.25020382,3,,,0,,False,1,train,2
154,0.0,113.52984,113.78004,0.08,gabors,null,4.0,"[3644.93333333, 3644.93333333]",0.0,20.0,-30.0,"[20.0, 20.0]",null,null,null,0.8,null,0.25020382,116,,,0,,False,0,train,0
155,0.0,113.78004,114.03024,0.08,gabors,null,4.0,"[3644.93333333, 3644.93333333]",45.0,40.0,20.0,"[20.0, 20.0]",null,null,null,0.8,null,0.25020382,84,,,0,,False,1,train,1
156,0.0,114.03024,114.28045,0.08,gabors,null,4.0,"[3644.93333333, 3644.93333333]",90.0,10.0,-10.0,"[20.0, 20.0]",null,null,null,0.8,null,0.25020382,117,,,0,,False,0,train,2
157,0.0,114.28045,114.53066,0.08,gabors,null,4.0,"[3644.93333333, 3644.93333333]",90.0,-30.0,10.0,"[20.0, 20.0]",null,null,null,0.8,null,0.25021118,118,,,0,,False,0,train,2
158,0.0,114.53066,114.78087,0.08,gabors,null,4.0,"[3644.93333333, 3644.93333333]",90.0,-40.0,0.0,"[20.0, 20.0]",null,null,null,0.8,null,0.25021118,119,,,0,,False,0,train,2
159,0.0,114.78087,115.03108,0.08,gabors,null,4.0,"[3644.93333333, 3644.93333333]",45.0,-10.0,20.0,"[20.0, 20.0]",null,null,null,0.8,null,0.25021118,120,,,0,,False,0,train,1
160,0.0,115.03108,115.28129,0.08,gabors,null,4.0,"[3644.93333333, 3644.93333333]",90.0,40.0,10.0,"[20.0, 20.0]",null,null,null,0.8,null,0.25021118,121,,,0,,False,0,train,2
161,0.0,115.28129,115.5315,0.08,gabors,null,4.0,"[3644.93333333, 3644.93333333]",0.0,-10.0,0.0,"[20.0, 20.0]",null,null,null,0.8,null,0.25020882,122,,,0,,False,0,train,0
162,0.0,115.5315,115.78171,0.08,gabors,null,4.0,"[3644.93333333, 3644.93333333]",90.0,40.0,20.0,"[20.0, 20.0]",null,null,null,0.8,null,0.25020882,123,,,0,,False,0,train,2
163,0.0,115.78171,116.03192,0.08,gabors,null,4.0,"[3644.93333333, 3644.93333333]",45.0,-40.0,20.0,"[20.0, 20.0]",null,null,null,0.8,null,0.25020882,124,,,0,,False,0,train,1
164,0.0,116.03192,116.28213,0.08,gabors,null,4.0,"[3644.93333333, 3644.93333333]",0.0,0.0,40.0,"[20.0, 20.0]",null,null,null,0.8,null,0.25020882,125,,,0,,False,0,train,0
165,0.0,116.28213,116.53234,0.08,gabors,null,4.0,"[3644.93333333, 3644.93333333]",45.0,-40.0,10.0,"[20.0, 20.0]",null,null,null,0.8,null,0.25021118,45,,,0,,False,1,train,1
166,0.0,116.53234,116.78255,0.08,gabors,null,4.0,"[3644.93333333, 3644.93333333]",45.0,10.0,-40.0,"[20.0, 20.0]",null,null,null,0.8,null,0.25021118,23,,,0,,False,2,test,1
167,0.0,116.78255,117.03276,0.08,gabors,null,4.0,"[3644.93333333, 3644.93333333]",45.0,40.0,0.0,"[20.0, 20.0]",null,null,null,0.8,null,0.25021118,126,,,0,,False,0,train,1
168,0.0,117.03276,117.28297,0.08,gabors,null,4.0,"[3644.93333333, 3644.93333333]",0.0,30.0,20.0,"[20.0, 20.0]",null,null,null,0.8,null,0.25021118,88,,,0,,False,1,train,0
169,0.0,117.28297,117.53318,0.08,gabors,null,4.0,"[3644.93333333, 3644.93333333]",0.0,10.0,-10.0,"[20.0, 20.0]",null,null,null,0.8,null,0.25020632,17,,,0,,False,2,test,0
170,0.0,117.53318,117.78338,0.08,gabors,null,4.0,"[3644.93333333, 3644.93333333]",90.0,-20.0,0.0,"[20.0, 20.0]",null,null,null,0.8,null,0.25020632,78,,,0,,False,1,train,2
171,0.0,117.78338,118.03359,0.08,gabors,null,4.0,"[3644.93333333, 3644.93333333]",45.0,20.0,40.0,"[20.0, 20.0]",null,null,null,0.8,null,0.25020632,127,,,0,,False,0,train,1
172,0.0,118.03359,118.2838,0.08,gabors,null,4.0,"[3644.93333333, 3644.93333333]",0.0,-20.0,-30.0,"[20.0, 20.0]",null,null,null,0.8,null,0.25020632,128,,,0,,False,0,train,0
173,0.0,118.2838,118.53402,0.08,gabors,null,4.0,"[3644.93333333, 3644.93333333]",45.0,0.0,20.0,"[20.0, 20.0]",null,null,null,0.8,null,0.25021868,129,,,0,,False,0,train,1
174,0.0,118.53402,118.78423,0.08,gabors,null,4.0,"[3644.93333333, 3644.93333333]",90.0,-30.0,0.0,"[20.0, 20.0]",null,null,null,0.8,null,0.25021868,105,,,0,,False,1,train,2
175,0.0,118.78423,119.03445,0.08,gabors,null,4.0,"[3644.93333333, 3644.93333333]",0.0,30.0,-30.0,"[20.0, 20.0]",null,null,null,0.8,null,0.25021868,130,,,0,,False,0,train,0
176,0.0,119.03445,119.28467,0.08,gabors,null,4.0,"[3644.93333333, 3644.93333333]",0.0,-20.0,-30.0,"[20.0, 20.0]",null,null,null,0.8,null,0.25021868,128,,,0,,False,1,train,0
177,0.0,119.28467,119.53487,0.08,gabors,null,4.0,"[3644.93333333, 3644.93333333]",0.0,30.0,-40.0,"[20.0, 20.0]",null,null,null,0.8,null,0.25019882,70,,,0,,False,1,train,0
178,0.0,119.53487,119.78507,0.08,gabors,null,4.0,"[3644.93333333, 3644.93333333]",90.0,0.0,0.0,"[20.0, 20.0]",null,null,null,0.8,null,0.25019882,80,,,0,,False,2,test,2
179,0.0,119.78507,120.03527,0.08,gabors,null,4.0,"[3644.93333333, 3644.93333333]",90.0,0.0,30.0,"[20.0, 20.0]",null,null,null,0.8,null,0.25019882,92,,,0,,False,1,train,2
180,0.0,120.03527,120.28547,0.08,gabors,null,4.0,"[3644.93333333, 3644.93333333]",45.0,20.0,-40.0,"[20.0, 20.0]",null,null,null,0.8,null,0.25019882,131,,,0,,False,0,train,1
181,0.0,120.28547,120.53569,0.08,gabors,null,4.0,"[3644.93333333, 3644.93333333]",45.0,-30.0,20.0,"[20.0, 20.0]",null,null,null,0.8,null,0.25021868,132,,,0,,False,0,train,1
182,0.0,120.53569,120.7859,0.08,gabors,null,4.0,"[3644.93333333, 3644.93333333]",90.0,-10.0,-20.0,"[20.0, 20.0]",null,null,null,0.8,null,0.25021868,133,,,0,,False,0,train,2
183,0.0,120.7859,121.03612,0.08,gabors,null,4.0,"[3644.93333333, 3644.93333333]",0.0,20.0,20.0,"[20.0, 20.0]",null,null,null,0.8,null,0.25021868,10,,,0,,False,4,train,0
184,0.0,121.03612,121.28634,0.08,gabors,null,4.0,"[3644.93333333, 3644.93333333]",0.0,40.0,-40.0,"[20.0, 20.0]",null,null,null,0.8,null,0.25021868,28,,,0,,False,2,test,0
185,0.0,121.28634,121.53654,0.08,gabors,null,4.0,"[3644.93333333, 3644.93333333]",45.0,-10.0,0.0,"[20.0, 20.0]",null,null,null,0.8,null,0.25019882,115,,,0,,False,1,train,1
186,0.0,121.53654,121.78674,0.08,gabors,null,4.0,"[3644.93333333, 3644.93333333]",90.0,-20.0,0.0,"[20.0, 20.0]",null,null,null,0.8,null,0.25019882,78,,,0,,False,2,test,2
187,0.0,121.78674,122.03694,0.08,gabors,null,4.0,"[3644.93333333, 3644.93333333]",0.0,-10.0,-10.0,"[20.0, 20.0]",null,null,null,0.8,null,0.25019882,86,,,0,,False,1,train,0
188,0.0,122.03694,122.28714,0.08,gabors,null,4.0,"[3644.93333333, 3644.93333333]",0.0,-10.0,-30.0,"[20.0, 20.0]",null,null,null,0.8,null,0.25019882,79,,,0,,False,2,test,0
189,0.0,122.28714,122.53736,0.08,gabors,null,4.0,"[3644.93333333, 3644.93333333]",0.0,10.0,30.0,"[20.0, 20.0]",null,null,null,0.8,null,0.25022118,134,,,0,,False,0,train,0
190,0.0,122.53736,122.78758,0.08,gabors,null,4.0,"[3644.93333333, 3644.93333333]",45.0,30.0,20.0,"[20.0, 20.0]",null,null,null,0.8,null,0.25022118,37,,,0,,False,1,train,1
191,0.0,122.78758,123.0378,0.08,gabors,null,4.0,"[3644.93333333, 3644.93333333]",0.0,-20.0,10.0,"[20.0, 20.0]",null,null,null,0.8,null,0.25022118,135,,,0,,False,0,train,0
192,0.0,123.0378,123.28802,0.08,gabors,null,4.0,"[3644.93333333, 3644.93333333]",0.0,40.0,40.0,"[20.0, 20.0]",null,null,null,0.8,null,0.25022118,136,,,0,,False,0,train,0
193,0.0,123.28802,123.53822,0.08,gabors,null,4.0,"[3644.93333333, 3644.93333333]",90.0,0.0,10.0,"[20.0, 20.0]",null,null,null,0.8,null,0.25019632,41,,,0,,False,2,test,2
194,0.0,123.53822,123.78841,0.08,gabors,null,4.0,"[3644.93333333, 3644.93333333]",0.0,0.0,-10.0,"[20.0, 20.0]",null,null,null,0.8,null,0.25019632,137,,,0,,False,0,train,0
195,0.0,123.78841,124.03861,0.08,gabors,null,4.0,"[3644.93333333, 3644.93333333]",0.0,-10.0,-30.0,"[20.0, 20.0]",null,null,null,0.8,null,0.25019632,79,,,0,,False,3,train,0
196,0.0,124.03861,124.28881,0.08,gabors,null,4.0,"[3644.93333333, 3644.93333333]",90.0,-30.0,30.0,"[20.0, 20.0]",null,null,null,0.8,null,0.25019632,8,,,0,,False,1,train,2
197,0.0,124.28881,124.53902,0.08,gabors,null,4.0,"[3644.93333333, 3644.93333333]",45.0,0.0,30.0,"[20.0, 20.0]",null,null,null,0.8,null,0.25021118,99,,,0,,False,1,train,1
198,0.0,124.53902,124.78923,0.08,gabors,null,4.0,"[3644.93333333, 3644.93333333]",90.0,30.0,-10.0,"[20.0, 20.0]",null,null,null,0.8,null,0.25021118,83,,,0,,False,2,test,2
199,0.0,124.78923,125.03944,0.08,gabors,null,4.0,"[3644.93333333, 3644.93333333]",90.0,20.0,10.0,"[20.0, 20.0]",null,null,null,0.8,null,0.25021118,138,,,0,,False,0,train,2
200,0.0,125.03944,125.28965,0.08,gabors,null,4.0,"[3644.93333333, 3644.93333333]",90.0,20.0,10.0,"[20.0, 20.0]",null,null,null,0.8,null,0.25021118,138,,,0,,False,1,train,2
201,0.0,125.28965,125.53986,0.08,gabors,null,4.0,"[3644.93333333, 3644.93333333]",90.0,-20.0,10.0,"[20.0, 20.0]",null,null,null,0.8,null,0.25020632,26,,,0,,False,2,test,2
202,0.0,125.53986,125.79006,0.08,gabors,null,4.0,"[3644.93333333, 3644.93333333]",0.0,40.0,-30.0,"[20.0, 20.0]",null,null,null,0.8,null,0.25020632,6,,,0,,False,1,train,0
203,0.0,125.79006,126.04027,0.08,gabors,null,4.0,"[3644.93333333, 3644.93333333]",90.0,-40.0,40.0,"[20.0, 20.0]",null,null,null,0.8,null,0.25020632,98,,,0,,False,1,train,2
204,0.0,126.04027,126.29048,0.08,gabors,null,4.0,"[3644.93333333, 3644.93333333]",90.0,-30.0,20.0,"[20.0, 20.0]",null,null,null,0.8,null,0.25020632,139,,,0,,False,0,train,2
205,0.0,126.29048,126.5407,0.08,gabors,null,4.0,"[3644.93333333, 3644.93333333]",45.0,30.0,-20.0,"[20.0, 20.0]",null,null,null,0.8,null,0.25022618,57,,,0,,False,2,test,1
206,0.0,126.5407,126.79093,0.08,gabors,null,4.0,"[3644.93333333, 3644.93333333]",90.0,-20.0,-30.0,"[20.0, 20.0]",null,null,null,0.8,null,0.25022618,67,,,0,,False,1,train,2
207,0.0,126.79093,127.04116,0.08,gabors,null,4.0,"[3644.93333333, 3644.93333333]",0.0,40.0,0.0,"[20.0, 20.0]",null,null,null,0.8,null,0.25022618,24,,,0,,False,1,train,0
208,0.0,127.04116,127.29138,0.08,gabors,null,4.0,"[3644.93333333, 3644.93333333]",90.0,-10.0,-20.0,"[20.0, 20.0]",null,null,null,0.8,null,0.25022618,133,,,0,,False,1,train,2
209,0.0,127.29138,127.54158,0.08,gabors,null,4.0,"[3644.93333333, 3644.93333333]",45.0,10.0,-30.0,"[20.0, 20.0]",null,null,null,0.8,null,0.25019382,140,,,0,,False,0,train,1
210,0.0,127.54158,127.79177,0.08,gabors,null,4.0,"[3644.93333333, 3644.93333333]",90.0,-20.0,-10.0,"[20.0, 20.0]",null,null,null,0.8,null,0.25019382,38,,,0,,False,1,train,2
211,0.0,127.79177,128.04196,0.08,gabors,null,4.0,"[3644.93333333, 3644.93333333]",90.0,-30.0,40.0,"[20.0, 20.0]",null,null,null,0.8,null,0.25019382,47,,,0,,False,1,train,2
212,0.0,128.04196,128.29216,0.08,gabors,null,4.0,"[3644.93333333, 3644.93333333]",0.0,30.0,10.0,"[20.0, 20.0]",null,null,null,0.8,null,0.25019382,141,,,0,,False,0,train,0
213,0.0,128.29216,128.54238,0.08,gabors,null,4.0,"[3644.93333333, 3644.93333333]",45.0,0.0,40.0,"[20.0, 20.0]",null,null,null,0.8,null,0.25021868,112,,,0,,False,1,train,1
214,0.0,128.54238,128.79259,0.08,gabors,null,4.0,"[3644.93333333, 3644.93333333]",45.0,-30.0,10.0,"[20.0, 20.0]",null,null,null,0.8,null,0.25021868,142,,,0,,False,0,train,1
215,0.0,128.79259,129.04281,0.08,gabors,null,4.0,"[3644.93333333, 3644.93333333]",0.0,-10.0,-30.0,"[20.0, 20.0]",null,null,null,0.8,null,0.25021868,79,,,0,,False,4,train,0
216,0.0,129.04281,129.29303,0.08,gabors,null,4.0,"[3644.93333333, 3644.93333333]",0.0,-30.0,-20.0,"[20.0, 20.0]",null,null,null,0.8,null,0.25021868,143,,,0,,False,0,train,0
217,0.0,129.29303,129.54323,0.08,gabors,null,4.0,"[3644.93333333, 3644.93333333]",0.0,20.0,-20.0,"[20.0, 20.0]",null,null,null,0.8,null,0.25019882,25,,,0,,False,3,train,0
218,0.0,129.54323,129.79343,0.08,gabors,null,4.0,"[3644.93333333, 3644.93333333]",45.0,40.0,-10.0,"[20.0, 20.0]",null,null,null,0.8,null,0.25019882,144,,,0,,False,0,train,1
219,0.0,129.79343,130.04363,0.08,gabors,null,4.0,"[3644.93333333, 3644.93333333]",90.0,-30.0,40.0,"[20.0, 20.0]",null,null,null,0.8,null,0.25019882,47,,,0,,False,2,test,2
220,0.0,130.04363,130.29383,0.08,gabors,null,4.0,"[3644.93333333, 3644.93333333]",0.0,-20.0,20.0,"[20.0, 20.0]",null,null,null,0.8,null,0.25019882,145,,,0,,False,0,train,0
221,0.0,130.29383,130.54404,0.08,gabors,null,4.0,"[3644.93333333, 3644.93333333]",0.0,40.0,-20.0,"[20.0, 20.0]",null,null,null,0.8,null,0.25021618,95,,,0,,False,1,train,0
222,0.0,130.54404,130.79426,0.08,gabors,null,4.0,"[3644.93333333, 3644.93333333]",0.0,-30.0,-10.0,"[20.0, 20.0]",null,null,null,0.8,null,0.25021618,146,,,0,,False,0,train,0
223,0.0,130.79426,131.04448,0.08,gabors,null,4.0,"[3644.93333333, 3644.93333333]",45.0,40.0,20.0,"[20.0, 20.0]",null,null,null,0.8,null,0.25021618,84,,,0,,False,2,test,1
224,0.0,131.04448,131.29469,0.08,gabors,null,4.0,"[3644.93333333, 3644.93333333]",90.0,-30.0,0.0,"[20.0, 20.0]",null,null,null,0.8,null,0.25021618,105,,,0,,False,2,test,2
225,0.0,131.29469,131.54489,0.08,gabors,null,4.0,"[3644.93333333, 3644.93333333]",0.0,20.0,10.0,"[20.0, 20.0]",null,null,null,0.8,null,0.25020132,147,,,0,,False,0,train,0
226,0.0,131.54489,131.79509,0.08,gabors,null,4.0,"[3644.93333333, 3644.93333333]",90.0,-10.0,30.0,"[20.0, 20.0]",null,null,null,0.8,null,0.25020132,11,,,0,,False,2,test,2
227,0.0,131.79509,132.0453,0.08,gabors,null,4.0,"[3644.93333333, 3644.93333333]",45.0,-10.0,-30.0,"[20.0, 20.0]",null,null,null,0.8,null,0.25020132,148,,,0,,False,0,train,1
228,0.0,132.0453,132.2955,0.08,gabors,null,4.0,"[3644.93333333, 3644.93333333]",0.0,10.0,30.0,"[20.0, 20.0]",null,null,null,0.8,null,0.25020132,134,,,0,,False,1,train,0
229,0.0,132.2955,132.54571,0.08,gabors,null,4.0,"[3644.93333333, 3644.93333333]",90.0,-30.0,-40.0,"[20.0, 20.0]",null,null,null,0.8,null,0.25021618,149,,,0,,False,0,train,2
230,0.0,132.54571,132.79593,0.08,gabors,null,4.0,"[3644.93333333, 3644.93333333]",90.0,-30.0,20.0,"[20.0, 20.0]",null,null,null,0.8,null,0.25021618,139,,,0,,False,1,train,2
231,0.0,132.79593,133.04615,0.08,gabors,null,4.0,"[3644.93333333, 3644.93333333]",90.0,20.0,-10.0,"[20.0, 20.0]",null,null,null,0.8,null,0.25021618,150,,,0,,False,0,train,2
232,0.0,133.04615,133.29636,0.08,gabors,null,4.0,"[3644.93333333, 3644.93333333]",0.0,40.0,-20.0,"[20.0, 20.0]",null,null,null,0.8,null,0.25021618,95,,,0,,False,2,test,0
233,0.0,133.29636,133.54656,0.08,gabors,null,4.0,"[3644.93333333, 3644.93333333]",90.0,-20.0,-20.0,"[20.0, 20.0]",null,null,null,0.8,null,0.25020132,35,,,0,,False,1,train,2
234,0.0,133.54656,133.79676,0.08,gabors,null,4.0,"[3644.93333333, 3644.93333333]",0.0,-40.0,30.0,"[20.0, 20.0]",null,null,null,0.8,null,0.25020132,2,,,0,,False,2,test,0
235,0.0,133.79676,134.04697,0.08,gabors,null,4.0,"[3644.93333333, 3644.93333333]",0.0,-20.0,0.0,"[20.0, 20.0]",null,null,null,0.8,null,0.25020132,44,,,0,,False,1,train,0
236,0.0,134.04697,134.29717,0.08,gabors,null,4.0,"[3644.93333333, 3644.93333333]",0.0,-10.0,0.0,"[20.0, 20.0]",null,null,null,0.8,null,0.25020132,122,,,0,,False,1,train,0
237,0.0,134.29717,134.54738,0.08,gabors,null,4.0,"[3644.93333333, 3644.93333333]",90.0,20.0,20.0,"[20.0, 20.0]",null,null,null,0.8,null,0.25021618,22,,,0,,False,1,train,2
238,0.0,134.54738,134.7976,0.08,gabors,null,4.0,"[3644.93333333, 3644.93333333]",0.0,-40.0,20.0,"[20.0, 20.0]",null,null,null,0.8,null,0.25021618,151,,,0,,False,0,train,0
239,0.0,134.7976,135.04782,0.08,gabors,null,4.0,"[3644.93333333, 3644.93333333]",45.0,40.0,-10.0,"[20.0, 20.0]",null,null,null,0.8,null,0.25021618,144,,,0,,False,1,train,1
240,0.0,135.04782,135.29803,0.08,gabors,null,4.0,"[3644.93333333, 3644.93333333]",0.0,-20.0,40.0,"[20.0, 20.0]",null,null,null,0.8,null,0.25021618,107,,,0,,False,1,train,0
241,0.0,135.29803,135.54823,0.08,gabors,null,4.0,"[3644.93333333, 3644.93333333]",90.0,10.0,-40.0,"[20.0, 20.0]",null,null,null,0.8,null,0.25019882,9,,,0,,False,1,train,2
242,0.0,135.54823,135.79843,0.08,gabors,null,4.0,"[3644.93333333, 3644.93333333]",90.0,40.0,0.0,"[20.0, 20.0]",null,null,null,0.8,null,0.25019882,152,,,0,,False,0,train,2
243,0.0,135.79843,136.04863,0.08,gabors,null,4.0,"[3644.93333333, 3644.93333333]",45.0,30.0,-20.0,"[20.0, 20.0]",null,null,null,0.8,null,0.25019882,57,,,0,,False,3,train,1
244,0.0,136.04863,136.29883,0.08,gabors,null,4.0,"[3644.93333333, 3644.93333333]",0.0,40.0,-20.0,"[20.0, 20.0]",null,null,null,0.8,null,0.25019882,95,,,0,,False,3,train,0
245,0.0,136.29883,136.54904,0.08,gabors,null,4.0,"[3644.93333333, 3644.93333333]",0.0,-20.0,20.0,"[20.0, 20.0]",null,null,null,0.8,null,0.25021618,145,,,0,,False,1,train,0
246,0.0,136.54904,136.79926,0.08,gabors,null,4.0,"[3644.93333333, 3644.93333333]",0.0,30.0,30.0,"[20.0, 20.0]",null,null,null,0.8,null,0.25021618,104,,,0,,False,1,train,0
247,0.0,136.79926,137.04948,0.08,gabors,null,4.0,"[3644.93333333, 3644.93333333]",0.0,-30.0,10.0,"[20.0, 20.0]",null,null,null,0.8,null,0.25021618,153,,,0,,False,0,train,0
248,0.0,137.04948,137.29969,0.08,gabors,null,4.0,"[3644.93333333, 3644.93333333]",45.0,-40.0,30.0,"[20.0, 20.0]",null,null,null,0.8,null,0.25021618,154,,,0,,False,0,train,1
249,0.0,137.29969,137.5499,0.08,gabors,null,4.0,"[3644.93333333, 3644.93333333]",0.0,-20.0,-30.0,"[20.0, 20.0]",null,null,null,0.8,null,0.25020382,128,,,0,,False,2,test,0
250,0.0,137.5499,137.8001,0.08,gabors,null,4.0,"[3644.93333333, 3644.93333333]",45.0,0.0,-40.0,"[20.0, 20.0]",null,null,null,0.8,null,0.25020382,72,,,0,,False,1,train,1
251,0.0,137.8001,138.0503,0.08,gabors,null,4.0,"[3644.93333333, 3644.93333333]",0.0,0.0,30.0,"[20.0, 20.0]",null,null,null,0.8,null,0.25020382,21,,,0,,False,1,train,0
252,0.0,138.0503,138.30051,0.08,gabors,null,4.0,"[3644.93333333, 3644.93333333]",90.0,10.0,-10.0,"[20.0, 20.0]",null,null,null,0.8,null,0.25020382,117,,,0,,False,1,train,2
253,0.0,138.30051,138.55073,0.08,gabors,null,4.0,"[3644.93333333, 3644.93333333]",45.0,30.0,30.0,"[20.0, 20.0]",null,null,null,0.8,null,0.25022368,155,,,0,,False,0,train,1
254,0.0,138.55073,138.80095,0.08,gabors,null,4.0,"[3644.93333333, 3644.93333333]",90.0,0.0,-40.0,"[20.0, 20.0]",null,null,null,0.8,null,0.25022368,32,,,0,,False,1,train,2
255,0.0,138.80095,139.05118,0.08,gabors,null,4.0,"[3644.93333333, 3644.93333333]",0.0,-10.0,0.0,"[20.0, 20.0]",null,null,null,0.8,null,0.25022368,122,,,0,,False,2,test,0
256,0.0,139.05118,139.3014,0.08,gabors,null,4.0,"[3644.93333333, 3644.93333333]",0.0,-20.0,-20.0,"[20.0, 20.0]",null,null,null,0.8,null,0.25022368,156,,,0,,False,0,train,0
257,0.0,139.3014,139.5516,0.08,gabors,null,4.0,"[3644.93333333, 3644.93333333]",0.0,-40.0,30.0,"[20.0, 20.0]",null,null,null,0.8,null,0.25019882,2,,,0,,False,3,train,0
258,0.0,139.5516,139.8018,0.08,gabors,null,4.0,"[3644.93333333, 3644.93333333]",0.0,20.0,-10.0,"[20.0, 20.0]",null,null,null,0.8,null,0.25019882,87,,,0,,False,1,train,0
259,0.0,139.8018,140.052,0.08,gabors,null,4.0,"[3644.93333333, 3644.93333333]",0.0,-10.0,-40.0,"[20.0, 20.0]",null,null,null,0.8,null,0.25019882,53,,,0,,False,1,train,0
260,0.0,140.052,140.3022,0.08,gabors,null,4.0,"[3644.93333333, 3644.93333333]",90.0,10.0,-10.0,"[20.0, 20.0]",null,null,null,0.8,null,0.25019882,117,,,0,,False,2,test,2
261,0.0,140.3022,140.55241,0.08,gabors,null,4.0,"[3644.93333333, 3644.93333333]",45.0,-20.0,-30.0,"[20.0, 20.0]",null,null,null,0.8,null,0.25021368,96,,,0,,False,2,test,1
262,0.0,140.55241,140.80262,0.08,gabors,null,4.0,"[3644.93333333, 3644.93333333]",90.0,10.0,0.0,"[20.0, 20.0]",null,null,null,0.8,null,0.25021368,81,,,0,,False,1,train,2
263,0.0,140.80262,141.05284,0.08,gabors,null,4.0,"[3644.93333333, 3644.93333333]",45.0,-20.0,-40.0,"[20.0, 20.0]",null,null,null,0.8,null,0.25021368,157,,,0,,False,0,train,1
264,0.0,141.05284,141.30305,0.08,gabors,null,4.0,"[3644.93333333, 3644.93333333]",90.0,20.0,40.0,"[20.0, 20.0]",null,null,null,0.8,null,0.25021368,158,,,0,,False,0,train,2
265,0.0,141.30305,141.55325,0.08,gabors,null,4.0,"[3644.93333333, 3644.93333333]",45.0,-20.0,-10.0,"[20.0, 20.0]",null,null,null,0.8,null,0.25020132,159,,,0,,False,0,train,1
266,0.0,141.55325,141.80345,0.08,gabors,null,4.0,"[3644.93333333, 3644.93333333]",0.0,0.0,10.0,"[20.0, 20.0]",null,null,null,0.8,null,0.25020132,29,,,0,,False,3,train,0
267,0.0,141.80345,142.05366,0.08,gabors,null,4.0,"[3644.93333333, 3644.93333333]",45.0,-20.0,0.0,"[20.0, 20.0]",null,null,null,0.8,null,0.25020132,160,,,0,,False,0,train,1
268,0.0,142.05366,142.30386,0.08,gabors,null,4.0,"[3644.93333333, 3644.93333333]",90.0,0.0,20.0,"[20.0, 20.0]",null,null,null,0.8,null,0.25020132,93,,,0,,False,1,train,2
269,0.0,142.30386,142.55408,0.08,gabors,null,4.0,"[3644.93333333, 3644.93333333]",90.0,-20.0,20.0,"[20.0, 20.0]",null,null,null,0.8,null,0.25021868,161,,,0,,False,0,train,2
270,0.0,142.55408,142.80429,0.08,gabors,null,4.0,"[3644.93333333, 3644.93333333]",0.0,10.0,-10.0,"[20.0, 20.0]",null,null,null,0.8,null,0.25021868,17,,,0,,False,3,train,0
271,0.0,142.80429,143.05451,0.08,gabors,null,4.0,"[3644.93333333, 3644.93333333]",90.0,-40.0,0.0,"[20.0, 20.0]",null,null,null,0.8,null,0.25021868,119,,,0,,False,1,train,2
272,0.0,143.05451,143.30473,0.08,gabors,null,4.0,"[3644.93333333, 3644.93333333]",45.0,-40.0,-20.0,"[20.0, 20.0]",null,null,null,0.8,null,0.25021868,62,,,0,,False,2,test,1
273,0.0,143.30473,143.55493,0.08,gabors,null,4.0,"[3644.93333333, 3644.93333333]",0.0,-30.0,-40.0,"[20.0, 20.0]",null,null,null,0.8,null,0.25020132,162,,,0,,False,0,train,0
274,0.0,143.55493,143.80513,0.08,gabors,null,4.0,"[3644.93333333, 3644.93333333]",90.0,-10.0,-40.0,"[20.0, 20.0]",null,null,null,0.8,null,0.25020132,163,,,0,,False,0,train,2
275,0.0,143.80513,144.05534,0.08,gabors,null,4.0,"[3644.93333333, 3644.93333333]",45.0,-40.0,-40.0,"[20.0, 20.0]",null,null,null,0.8,null,0.25020132,94,,,0,,False,1,train,1
276,0.0,144.05534,144.30554,0.08,gabors,null,4.0,"[3644.93333333, 3644.93333333]",0.0,20.0,-40.0,"[20.0, 20.0]",null,null,null,0.8,null,0.25020132,164,,,0,,False,0,train,0
277,0.0,144.30554,144.55575,0.08,gabors,null,4.0,"[3644.93333333, 3644.93333333]",0.0,30.0,0.0,"[20.0, 20.0]",null,null,null,0.8,null,0.25021118,165,,,0,,False,0,train,0
278,0.0,144.55575,144.80596,0.08,gabors,null,4.0,"[3644.93333333, 3644.93333333]",45.0,10.0,20.0,"[20.0, 20.0]",null,null,null,0.8,null,0.25021118,13,,,0,,False,1,train,1
279,0.0,144.80596,145.05617,0.08,gabors,null,4.0,"[3644.93333333, 3644.93333333]",90.0,-30.0,0.0,"[20.0, 20.0]",null,null,null,0.8,null,0.25021118,105,,,0,,False,3,train,2
280,0.0,145.05617,145.30638,0.08,gabors,null,4.0,"[3644.93333333, 3644.93333333]",90.0,-10.0,-30.0,"[20.0, 20.0]",null,null,null,0.8,null,0.25021118,166,,,0,,False,0,train,2
281,0.0,145.30638,145.55659,0.08,gabors,null,4.0,"[3644.93333333, 3644.93333333]",90.0,-30.0,40.0,"[20.0, 20.0]",null,null,null,0.8,null,0.25020382,47,,,0,,False,3,train,2
282,0.0,145.55659,145.80679,0.08,gabors,null,4.0,"[3644.93333333, 3644.93333333]",90.0,-20.0,0.0,"[20.0, 20.0]",null,null,null,0.8,null,0.25020382,78,,,0,,False,3,train,2
283,0.0,145.80679,146.05699,0.08,gabors,null,4.0,"[3644.93333333, 3644.93333333]",90.0,-10.0,40.0,"[20.0, 20.0]",null,null,null,0.8,null,0.25020382,167,,,0,,False,0,train,2
284,0.0,146.05699,146.3072,0.08,gabors,null,4.0,"[3644.93333333, 3644.93333333]",90.0,40.0,-40.0,"[20.0, 20.0]",null,null,null,0.8,null,0.25020382,113,,,0,,False,1,train,2
285,0.0,146.3072,146.55741,0.08,gabors,null,4.0,"[3644.93333333, 3644.93333333]",45.0,40.0,30.0,"[20.0, 20.0]",null,null,null,0.8,null,0.25021118,111,,,0,,False,1,train,1
286,0.0,146.55741,146.80762,0.08,gabors,null,4.0,"[3644.93333333, 3644.93333333]",0.0,0.0,10.0,"[20.0, 20.0]",null,null,null,0.8,null,0.25021118,29,,,0,,False,4,train,0
287,0.0,146.80762,147.05783,0.08,gabors,null,4.0,"[3644.93333333, 3644.93333333]",90.0,40.0,-30.0,"[20.0, 20.0]",null,null,null,0.8,null,0.25021118,168,,,0,,False,0,train,2
288,0.0,147.05783,147.30804,0.08,gabors,null,4.0,"[3644.93333333, 3644.93333333]",0.0,10.0,-30.0,"[20.0, 20.0]",null,null,null,0.8,null,0.25021118,169,,,0,,False,0,train,0
289,0.0,147.30804,147.55825,0.08,gabors,null,4.0,"[3644.93333333, 3644.93333333]",45.0,0.0,0.0,"[20.0, 20.0]",null,null,null,0.8,null,0.25020632,7,,,0,,False,2,test,1
290,0.0,147.55825,147.80845,0.08,gabors,null,4.0,"[3644.93333333, 3644.93333333]",45.0,30.0,-20.0,"[20.0, 20.0]",null,null,null,0.8,null,0.25020632,57,,,0,,False,4,train,1
291,0.0,147.80845,148.05866,0.08,gabors,null,4.0,"[3644.93333333, 3644.93333333]",90.0,40.0,10.0,"[20.0, 20.0]",null,null,null,0.8,null,0.25020632,121,,,0,,False,1,train,2
292,0.0,148.05866,148.30887,0.08,gabors,null,4.0,"[3644.93333333, 3644.93333333]",90.0,-20.0,10.0,"[20.0, 20.0]",null,null,null,0.8,null,0.25020632,26,,,0,,False,3,train,2
293,0.0,148.30887,148.55908,0.08,gabors,null,4.0,"[3644.93333333, 3644.93333333]",45.0,-10.0,0.0,"[20.0, 20.0]",null,null,null,0.8,null,0.25021618,115,,,0,,False,2,test,1
294,0.0,148.55908,148.8093,0.08,gabors,null,4.0,"[3644.93333333, 3644.93333333]",45.0,40.0,-40.0,"[20.0, 20.0]",null,null,null,0.8,null,0.25021618,91,,,0,,False,1,train,1
295,0.0,148.8093,149.05952,0.08,gabors,null,4.0,"[3644.93333333, 3644.93333333]",90.0,30.0,-30.0,"[20.0, 20.0]",null,null,null,0.8,null,0.25021618,103,,,0,,False,1,train,2
296,0.0,149.05952,149.30973,0.08,gabors,null,4.0,"[3644.93333333, 3644.93333333]",90.0,-30.0,40.0,"[20.0, 20.0]",null,null,null,0.8,null,0.25021618,47,,,0,,False,4,train,2
297,0.0,149.30973,149.55993,0.08,gabors,null,4.0,"[3644.93333333, 3644.93333333]",90.0,-20.0,30.0,"[20.0, 20.0]",null,null,null,0.8,null,0.25020132,170,,,0,,False,0,train,2
298,0.0,149.55993,149.81013,0.08,gabors,null,4.0,"[3644.93333333, 3644.93333333]",45.0,-30.0,0.0,"[20.0, 20.0]",null,null,null,0.8,null,0.25020132,82,,,0,,False,1,train,1
299,0.0,149.81013,150.06034,0.08,gabors,null,4.0,"[3644.93333333, 3644.93333333]",45.0,30.0,30.0,"[20.0, 20.0]",null,null,null,0.8,null,0.25020132,155,,,0,,False,1,train,1
300,0.0,150.06034,150.31054,0.08,gabors,null,4.0,"[3644.93333333, 3644.93333333]",0.0,30.0,-20.0,"[20.0, 20.0]",null,null,null,0.8,null,0.25020132,171,,,0,,False,0,train,0
301,0.0,150.31054,150.56076,0.08,gabors,null,4.0,"[3644.93333333, 3644.93333333]",45.0,-40.0,40.0,"[20.0, 20.0]",null,null,null,0.8,null,0.25021868,172,,,0,,False,0,train,1
302,0.0,150.56076,150.81097,0.08,gabors,null,4.0,"[3644.93333333, 3644.93333333]",90.0,-20.0,-20.0,"[20.0, 20.0]",null,null,null,0.8,null,0.25021868,35,,,0,,False,2,test,2
303,0.0,150.81097,151.06119,0.08,gabors,null,4.0,"[3644.93333333, 3644.93333333]",90.0,10.0,0.0,"[20.0, 20.0]",null,null,null,0.8,null,0.25021868,81,,,0,,False,2,test,2
304,0.0,151.06119,151.31141,0.08,gabors,null,4.0,"[3644.93333333, 3644.93333333]",90.0,40.0,-20.0,"[20.0, 20.0]",null,null,null,0.8,null,0.25021868,173,,,0,,False,0,train,2
305,0.0,151.31141,151.56161,0.08,gabors,null,4.0,"[3644.93333333, 3644.93333333]",45.0,40.0,30.0,"[20.0, 20.0]",null,null,null,0.8,null,0.25019882,111,,,0,,False,2,test,1
306,0.0,151.56161,151.81181,0.08,gabors,null,4.0,"[3644.93333333, 3644.93333333]",45.0,40.0,30.0,"[20.0, 20.0]",null,null,null,0.8,null,0.25019882,111,,,0,,False,3,train,1
307,0.0,151.81181,152.06201,0.08,gabors,null,4.0,"[3644.93333333, 3644.93333333]",90.0,20.0,-10.0,"[20.0, 20.0]",null,null,null,0.8,null,0.25019882,150,,,0,,False,1,train,2
308,0.0,152.06201,152.31221,0.08,gabors,null,4.0,"[3644.93333333, 3644.93333333]",90.0,-10.0,-30.0,"[20.0, 20.0]",null,null,null,0.8,null,0.25019882,166,,,0,,False,1,train,2
309,0.0,152.31221,152.56242,0.08,gabors,null,4.0,"[3644.93333333, 3644.93333333]",0.0,40.0,0.0,"[20.0, 20.0]",null,null,null,0.8,null,0.25021618,24,,,0,,False,2,test,0
310,0.0,152.56242,152.81264,0.08,gabors,null,4.0,"[3644.93333333, 3644.93333333]",90.0,40.0,20.0,"[20.0, 20.0]",null,null,null,0.8,null,0.25021618,123,,,0,,False,1,train,2
311,0.0,152.81264,153.06286,0.08,gabors,null,4.0,"[3644.93333333, 3644.93333333]",90.0,0.0,30.0,"[20.0, 20.0]",null,null,null,0.8,null,0.25021618,92,,,0,,False,2,test,2
312,0.0,153.06286,153.31307,0.08,gabors,null,4.0,"[3644.93333333, 3644.93333333]",45.0,30.0,10.0,"[20.0, 20.0]",null,null,null,0.8,null,0.25021618,174,,,0,,False,0,train,1
313,0.0,153.31307,153.56328,0.08,gabors,null,4.0,"[3644.93333333, 3644.93333333]",45.0,-40.0,-20.0,"[20.0, 20.0]",null,null,null,0.8,null,0.25020382,62,,,0,,False,3,train,1
314,0.0,153.56328,153.81348,0.08,gabors,null,4.0,"[3644.93333333, 3644.93333333]",45.0,-10.0,40.0,"[20.0, 20.0]",null,null,null,0.8,null,0.25020382,175,,,0,,False,0,train,1
315,0.0,153.81348,154.06368,0.08,gabors,null,4.0,"[3644.93333333, 3644.93333333]",90.0,10.0,20.0,"[20.0, 20.0]",null,null,null,0.8,null,0.25020382,176,,,0,,False,0,train,2
316,0.0,154.06368,154.31389,0.08,gabors,null,4.0,"[3644.93333333, 3644.93333333]",45.0,40.0,-30.0,"[20.0, 20.0]",null,null,null,0.8,null,0.25020382,109,,,0,,False,1,train,1
317,0.0,154.31389,154.5641,0.08,gabors,null,4.0,"[3644.93333333, 3644.93333333]",45.0,0.0,20.0,"[20.0, 20.0]",null,null,null,0.8,null,0.25021368,129,,,0,,False,1,train,1
318,0.0,154.5641,154.81431,0.08,gabors,null,4.0,"[3644.93333333, 3644.93333333]",90.0,0.0,0.0,"[20.0, 20.0]",null,null,null,0.8,null,0.25021368,80,,,0,,False,3,train,2
319,0.0,154.81431,155.06453,0.08,gabors,null,4.0,"[3644.93333333, 3644.93333333]",90.0,10.0,-40.0,"[20.0, 20.0]",null,null,null,0.8,null,0.25021368,9,,,0,,False,2,test,2
320,0.0,155.06453,155.31474,0.08,gabors,null,4.0,"[3644.93333333, 3644.93333333]",90.0,0.0,-30.0,"[20.0, 20.0]",null,null,null,0.8,null,0.25021368,5,,,0,,False,1,train,2
321,0.0,155.31474,155.56495,0.08,gabors,null,4.0,"[3644.93333333, 3644.93333333]",45.0,-20.0,-20.0,"[20.0, 20.0]",null,null,null,0.8,null,0.25020382,177,,,0,,False,0,train,1
322,0.0,155.56495,155.81515,0.08,gabors,null,4.0,"[3644.93333333, 3644.93333333]",45.0,-40.0,0.0,"[20.0, 20.0]",null,null,null,0.8,null,0.25020382,178,,,0,,False,0,train,1
323,0.0,155.81515,156.06535,0.08,gabors,null,4.0,"[3644.93333333, 3644.93333333]",0.0,-30.0,0.0,"[20.0, 20.0]",null,null,null,0.8,null,0.25020382,179,,,0,,False,0,train,0
324,0.0,156.06535,156.31556,0.08,gabors,null,4.0,"[3644.93333333, 3644.93333333]",90.0,30.0,-20.0,"[20.0, 20.0]",null,null,null,0.8,null,0.25020382,55,,,0,,False,1,train,2
325,0.0,156.31556,156.56577,0.08,gabors,null,4.0,"[3644.93333333, 3644.93333333]",90.0,40.0,-20.0,"[20.0, 20.0]",null,null,null,0.8,null,0.25020868,173,,,0,,False,1,train,2
326,0.0,156.56577,156.81597,0.08,gabors,null,4.0,"[3644.93333333, 3644.93333333]",90.0,-10.0,-30.0,"[20.0, 20.0]",null,null,null,0.8,null,0.25020868,166,,,0,,False,2,test,2
327,0.0,156.81597,157.06618,0.08,gabors,null,4.0,"[3644.93333333, 3644.93333333]",90.0,10.0,10.0,"[20.0, 20.0]",null,null,null,0.8,null,0.25020868,180,,,0,,False,0,train,2
328,0.0,157.06618,157.31639,0.08,gabors,null,4.0,"[3644.93333333, 3644.93333333]",90.0,-30.0,-30.0,"[20.0, 20.0]",null,null,null,0.8,null,0.25020868,50,,,0,,False,3,train,2
329,0.0,157.31639,157.5666,0.08,gabors,null,4.0,"[3644.93333333, 3644.93333333]",0.0,30.0,-10.0,"[20.0, 20.0]",null,null,null,0.8,null,0.25020882,181,,,0,,False,0,train,0
330,0.0,157.5666,157.81681,0.08,gabors,null,4.0,"[3644.93333333, 3644.93333333]",90.0,-30.0,-40.0,"[20.0, 20.0]",null,null,null,0.8,null,0.25020882,149,,,0,,False,1,train,2
331,0.0,157.81681,158.06702,0.08,gabors,null,4.0,"[3644.93333333, 3644.93333333]",0.0,20.0,30.0,"[20.0, 20.0]",null,null,null,0.8,null,0.25020882,182,,,0,,False,0,train,0
332,0.0,158.06702,158.31723,0.08,gabors,null,4.0,"[3644.93333333, 3644.93333333]",45.0,-40.0,20.0,"[20.0, 20.0]",null,null,null,0.8,null,0.25020882,124,,,0,,False,1,train,1
333,0.0,158.31723,158.56745,0.08,gabors,null,4.0,"[3644.93333333, 3644.93333333]",90.0,40.0,0.0,"[20.0, 20.0]",null,null,null,0.8,null,0.25022118,152,,,0,,False,1,train,2
334,0.0,158.56745,158.81767,0.08,gabors,null,4.0,"[3644.93333333, 3644.93333333]",90.0,20.0,-40.0,"[20.0, 20.0]",null,null,null,0.8,null,0.25022118,183,,,0,,False,0,train,2
335,0.0,158.81767,159.06789,0.08,gabors,null,4.0,"[3644.93333333, 3644.93333333]",0.0,0.0,-30.0,"[20.0, 20.0]",null,null,null,0.8,null,0.25022118,46,,,0,,False,1,train,0
336,0.0,159.06789,159.31811,0.08,gabors,null,4.0,"[3644.93333333, 3644.93333333]",0.0,30.0,-20.0,"[20.0, 20.0]",null,null,null,0.8,null,0.25022118,171,,,0,,False,1,train,0
337,0.0,159.31811,159.56831,0.08,gabors,null,4.0,"[3644.93333333, 3644.93333333]",0.0,-40.0,30.0,"[20.0, 20.0]",null,null,null,0.8,null,0.25019882,2,,,0,,False,4,train,0
338,0.0,159.56831,159.81851,0.08,gabors,null,4.0,"[3644.93333333, 3644.93333333]",45.0,40.0,-30.0,"[20.0, 20.0]",null,null,null,0.8,null,0.25019882,109,,,0,,False,2,test,1
339,0.0,159.81851,160.06871,0.08,gabors,null,4.0,"[3644.93333333, 3644.93333333]",90.0,30.0,-40.0,"[20.0, 20.0]",null,null,null,0.8,null,0.25019882,184,,,0,,False,0,train,2
340,0.0,160.06871,160.31891,0.08,gabors,null,4.0,"[3644.93333333, 3644.93333333]",45.0,-20.0,20.0,"[20.0, 20.0]",null,null,null,0.8,null,0.25019882,66,,,0,,False,2,test,1
341,0.0,160.31891,160.56913,0.08,gabors,null,4.0,"[3644.93333333, 3644.93333333]",45.0,-20.0,0.0,"[20.0, 20.0]",null,null,null,0.8,null,0.25021868,160,,,0,,False,1,train,1
342,0.0,160.56913,160.81934,0.08,gabors,null,4.0,"[3644.93333333, 3644.93333333]",0.0,10.0,30.0,"[20.0, 20.0]",null,null,null,0.8,null,0.25021868,134,,,0,,False,2,test,0
343,0.0,160.81934,161.06956,0.08,gabors,null,4.0,"[3644.93333333, 3644.93333333]",0.0,-10.0,10.0,"[20.0, 20.0]",null,null,null,0.8,null,0.25021868,19,,,0,,False,1,train,0
344,0.0,161.06956,161.31978,0.08,gabors,null,4.0,"[3644.93333333, 3644.93333333]",90.0,-40.0,10.0,"[20.0, 20.0]",null,null,null,0.8,null,0.25021868,185,,,0,,False,0,train,2
345,0.0,161.31978,161.56998,0.08,gabors,null,4.0,"[3644.93333333, 3644.93333333]",45.0,30.0,-30.0,"[20.0, 20.0]",null,null,null,0.8,null,0.25019632,102,,,0,,False,2,test,1
346,0.0,161.56998,161.82017,0.08,gabors,null,4.0,"[3644.93333333, 3644.93333333]",0.0,10.0,-40.0,"[20.0, 20.0]",null,null,null,0.8,null,0.25019632,186,,,0,,False,0,train,0
347,0.0,161.82017,162.07037,0.08,gabors,null,4.0,"[3644.93333333, 3644.93333333]",45.0,0.0,-20.0,"[20.0, 20.0]",null,null,null,0.8,null,0.25019632,27,,,0,,False,1,train,1
348,0.0,162.07037,162.32057,0.08,gabors,null,4.0,"[3644.93333333, 3644.93333333]",0.0,40.0,0.0,"[20.0, 20.0]",null,null,null,0.8,null,0.25019632,24,,,0,,False,3,train,0
349,0.0,162.32057,162.57079,0.08,gabors,null,4.0,"[3644.93333333, 3644.93333333]",45.0,10.0,40.0,"[20.0, 20.0]",null,null,null,0.8,null,0.25021868,61,,,0,,False,2,test,1
350,0.0,162.57079,162.821,0.08,gabors,null,4.0,"[3644.93333333, 3644.93333333]",45.0,40.0,20.0,"[20.0, 20.0]",null,null,null,0.8,null,0.25021868,84,,,0,,False,3,train,1
351,0.0,162.821,163.07122,0.08,gabors,null,4.0,"[3644.93333333, 3644.93333333]",0.0,20.0,0.0,"[20.0, 20.0]",null,null,null,0.8,null,0.25021868,71,,,0,,False,1,train,0
352,0.0,163.07122,163.32144,0.08,gabors,null,4.0,"[3644.93333333, 3644.93333333]",90.0,20.0,-40.0,"[20.0, 20.0]",null,null,null,0.8,null,0.25021868,183,,,0,,False,1,train,2
353,0.0,163.32144,163.57164,0.08,gabors,null,4.0,"[3644.93333333, 3644.93333333]",45.0,-30.0,40.0,"[20.0, 20.0]",null,null,null,0.8,null,0.25020132,58,,,0,,False,1,train,1
354,0.0,163.57164,163.82184,0.08,gabors,null,4.0,"[3644.93333333, 3644.93333333]",0.0,-10.0,-40.0,"[20.0, 20.0]",null,null,null,0.8,null,0.25020132,53,,,0,,False,2,test,0
355,0.0,163.82184,164.07205,0.08,gabors,null,4.0,"[3644.93333333, 3644.93333333]",45.0,-30.0,-10.0,"[20.0, 20.0]",null,null,null,0.8,null,0.25020132,69,,,0,,False,1,train,1
356,0.0,164.07205,164.32225,0.08,gabors,null,4.0,"[3644.93333333, 3644.93333333]",45.0,10.0,40.0,"[20.0, 20.0]",null,null,null,0.8,null,0.25020132,61,,,0,,False,3,train,1
357,0.0,164.32225,164.57247,0.08,gabors,null,4.0,"[3644.93333333, 3644.93333333]",0.0,-10.0,30.0,"[20.0, 20.0]",null,null,null,0.8,null,0.25021868,187,,,0,,False,0,train,0
358,0.0,164.57247,164.82268,0.08,gabors,null,4.0,"[3644.93333333, 3644.93333333]",45.0,-40.0,30.0,"[20.0, 20.0]",null,null,null,0.8,null,0.25021868,154,,,0,,False,1,train,1
359,0.0,164.82268,165.0729,0.08,gabors,null,4.0,"[3644.93333333, 3644.93333333]",90.0,-10.0,20.0,"[20.0, 20.0]",null,null,null,0.8,null,0.25021868,188,,,0,,False,0,train,2
360,0.0,165.0729,165.32312,0.08,gabors,null,4.0,"[3644.93333333, 3644.93333333]",45.0,40.0,0.0,"[20.0, 20.0]",null,null,null,0.8,null,0.25021868,126,,,0,,False,1,train,1
361,0.0,165.32312,165.57332,0.08,gabors,null,4.0,"[3644.93333333, 3644.93333333]",45.0,-20.0,30.0,"[20.0, 20.0]",null,null,null,0.8,null,0.25019882,189,,,0,,False,0,train,1
362,0.0,165.57332,165.82352,0.08,gabors,null,4.0,"[3644.93333333, 3644.93333333]",90.0,-30.0,-10.0,"[20.0, 20.0]",null,null,null,0.8,null,0.25019882,43,,,0,,False,1,train,2
363,0.0,165.82352,166.07372,0.08,gabors,null,4.0,"[3644.93333333, 3644.93333333]",0.0,0.0,40.0,"[20.0, 20.0]",null,null,null,0.8,null,0.25019882,125,,,0,,False,1,train,0
364,0.0,166.07372,166.32392,0.08,gabors,null,4.0,"[3644.93333333, 3644.93333333]",45.0,-30.0,-30.0,"[20.0, 20.0]",null,null,null,0.8,null,0.25019882,190,,,0,,False,0,train,1
365,0.0,166.32392,166.57413,0.08,gabors,null,4.0,"[3644.93333333, 3644.93333333]",0.0,-40.0,10.0,"[20.0, 20.0]",null,null,null,0.8,null,0.25021618,75,,,0,,False,1,train,0
366,0.0,166.57413,166.82435,0.08,gabors,null,4.0,"[3644.93333333, 3644.93333333]",0.0,-40.0,-10.0,"[20.0, 20.0]",null,null,null,0.8,null,0.25021618,191,,,0,,False,0,train,0
367,0.0,166.82435,167.07457,0.08,gabors,null,4.0,"[3644.93333333, 3644.93333333]",90.0,0.0,-40.0,"[20.0, 20.0]",null,null,null,0.8,null,0.25021618,32,,,0,,False,2,test,2
368,0.0,167.07457,167.32478,0.08,gabors,null,4.0,"[3644.93333333, 3644.93333333]",45.0,40.0,40.0,"[20.0, 20.0]",null,null,null,0.8,null,0.25021618,65,,,0,,False,1,train,1
369,0.0,167.32478,167.57499,0.08,gabors,null,4.0,"[3644.93333333, 3644.93333333]",90.0,-10.0,10.0,"[20.0, 20.0]",null,null,null,0.8,null,0.25020382,192,,,0,,False,0,train,2
370,0.0,167.57499,167.82519,0.08,gabors,null,4.0,"[3644.93333333, 3644.93333333]",45.0,-20.0,-30.0,"[20.0, 20.0]",null,null,null,0.8,null,0.25020382,96,,,0,,False,3,train,1
371,0.0,167.82519,168.07539,0.08,gabors,null,4.0,"[3644.93333333, 3644.93333333]",90.0,-20.0,40.0,"[20.0, 20.0]",null,null,null,0.8,null,0.25020382,193,,,0,,False,0,train,2
372,0.0,168.07539,168.3256,0.08,gabors,null,4.0,"[3644.93333333, 3644.93333333]",0.0,10.0,40.0,"[20.0, 20.0]",null,null,null,0.8,null,0.25020382,194,,,0,,False,0,train,0
373,0.0,168.3256,168.57581,0.08,gabors,null,4.0,"[3644.93333333, 3644.93333333]",45.0,-40.0,40.0,"[20.0, 20.0]",null,null,null,0.8,null,0.25020868,172,,,0,,False,1,train,1
374,0.0,168.57581,168.82601,0.08,gabors,null,4.0,"[3644.93333333, 3644.93333333]",45.0,30.0,30.0,"[20.0, 20.0]",null,null,null,0.8,null,0.25020868,155,,,0,,False,2,test,1
375,0.0,168.82601,169.07622,0.08,gabors,null,4.0,"[3644.93333333, 3644.93333333]",45.0,30.0,40.0,"[20.0, 20.0]",null,null,null,0.8,null,0.25020868,52,,,0,,False,1,train,1
376,0.0,169.07622,169.32643,0.08,gabors,null,4.0,"[3644.93333333, 3644.93333333]",45.0,20.0,40.0,"[20.0, 20.0]",null,null,null,0.8,null,0.25020868,127,,,0,,False,1,train,1
377,0.0,169.32643,169.57664,0.08,gabors,null,4.0,"[3644.93333333, 3644.93333333]",0.0,10.0,10.0,"[20.0, 20.0]",null,null,null,0.8,null,0.25020882,42,,,0,,False,1,train,0
378,0.0,169.57664,169.82685,0.08,gabors,null,4.0,"[3644.93333333, 3644.93333333]",0.0,30.0,-30.0,"[20.0, 20.0]",null,null,null,0.8,null,0.25020882,130,,,0,,False,1,train,0
379,0.0,169.82685,170.07706,0.08,gabors,null,4.0,"[3644.93333333, 3644.93333333]",0.0,-40.0,-20.0,"[20.0, 20.0]",null,null,null,0.8,null,0.25020882,4,,,0,,False,1,train,0
380,0.0,170.07706,170.32727,0.08,gabors,null,4.0,"[3644.93333333, 3644.93333333]",0.0,-20.0,-10.0,"[20.0, 20.0]",null,null,null,0.8,null,0.25020882,101,,,0,,False,1,train,0
381,0.0,170.32727,170.57748,0.08,gabors,null,4.0,"[3644.93333333, 3644.93333333]",45.0,-30.0,20.0,"[20.0, 20.0]",null,null,null,0.8,null,0.25021618,132,,,0,,False,1,train,1
382,0.0,170.57748,170.8277,0.08,gabors,null,4.0,"[3644.93333333, 3644.93333333]",0.0,30.0,30.0,"[20.0, 20.0]",null,null,null,0.8,null,0.25021618,104,,,0,,False,2,test,0
383,0.0,170.8277,171.07792,0.08,gabors,null,4.0,"[3644.93333333, 3644.93333333]",0.0,10.0,-40.0,"[20.0, 20.0]",null,null,null,0.8,null,0.25021618,186,,,0,,False,1,train,0
384,0.0,171.07792,171.32813,0.08,gabors,null,4.0,"[3644.93333333, 3644.93333333]",90.0,-40.0,40.0,"[20.0, 20.0]",null,null,null,0.8,null,0.25021618,98,,,0,,False,2,test,2
385,0.0,171.32813,171.57833,0.08,gabors,null,4.0,"[3644.93333333, 3644.93333333]",0.0,-20.0,-30.0,"[20.0, 20.0]",null,null,null,0.8,null,0.25019882,128,,,0,,False,3,train,0
386,0.0,171.57833,171.82853,0.08,gabors,null,4.0,"[3644.93333333, 3644.93333333]",0.0,10.0,10.0,"[20.0, 20.0]",null,null,null,0.8,null,0.25019882,42,,,0,,False,2,test,0
387,0.0,171.82853,172.07873,0.08,gabors,null,4.0,"[3644.93333333, 3644.93333333]",0.0,-10.0,-40.0,"[20.0, 20.0]",null,null,null,0.8,null,0.25019882,53,,,0,,False,3,train,0
388,0.0,172.07873,172.32893,0.08,gabors,null,4.0,"[3644.93333333, 3644.93333333]",90.0,0.0,30.0,"[20.0, 20.0]",null,null,null,0.8,null,0.25019882,92,,,0,,False,3,train,2
389,0.0,172.32893,172.57914,0.08,gabors,null,4.0,"[3644.93333333, 3644.93333333]",0.0,30.0,-10.0,"[20.0, 20.0]",null,null,null,0.8,null,0.25021618,181,,,0,,False,1,train,0
390,0.0,172.57914,172.82936,0.08,gabors,null,4.0,"[3644.93333333, 3644.93333333]",90.0,20.0,-10.0,"[20.0, 20.0]",null,null,null,0.8,null,0.25021618,150,,,0,,False,2,test,2
391,0.0,172.82936,173.07958,0.08,gabors,null,4.0,"[3644.93333333, 3644.93333333]",0.0,10.0,40.0,"[20.0, 20.0]",null,null,null,0.8,null,0.25021618,194,,,0,,False,1,train,0
392,0.0,173.07958,173.32979,0.08,gabors,null,4.0,"[3644.93333333, 3644.93333333]",90.0,-10.0,0.0,"[20.0, 20.0]",null,null,null,0.8,null,0.25021618,195,,,0,,False,0,train,2
393,0.0,173.32979,173.58,0.08,gabors,null,4.0,"[3644.93333333, 3644.93333333]",45.0,20.0,-40.0,"[20.0, 20.0]",null,null,null,0.8,null,0.25020382,131,,,0,,False,1,train,1
394,0.0,173.58,173.8302,0.08,gabors,null,4.0,"[3644.93333333, 3644.93333333]",45.0,20.0,-40.0,"[20.0, 20.0]",null,null,null,0.8,null,0.25020382,131,,,0,,False,2,test,1
395,0.0,173.8302,174.0804,0.08,gabors,null,4.0,"[3644.93333333, 3644.93333333]",90.0,20.0,-10.0,"[20.0, 20.0]",null,null,null,0.8,null,0.25020382,150,,,0,,False,3,train,2
396,0.0,174.0804,174.33061,0.08,gabors,null,4.0,"[3644.93333333, 3644.93333333]",45.0,10.0,20.0,"[20.0, 20.0]",null,null,null,0.8,null,0.25020382,13,,,0,,False,2,test,1
397,0.0,174.33061,174.58082,0.08,gabors,null,4.0,"[3644.93333333, 3644.93333333]",45.0,-40.0,0.0,"[20.0, 20.0]",null,null,null,0.8,null,0.25021118,178,,,0,,False,1,train,1
398,0.0,174.58082,174.83103,0.08,gabors,null,4.0,"[3644.93333333, 3644.93333333]",90.0,20.0,20.0,"[20.0, 20.0]",null,null,null,0.8,null,0.25021118,22,,,0,,False,2,test,2
399,0.0,174.83103,175.08124,0.08,gabors,null,4.0,"[3644.93333333, 3644.93333333]",90.0,30.0,20.0,"[20.0, 20.0]",null,null,null,0.8,null,0.25021118,77,,,0,,False,3,train,2
400,0.0,175.08124,175.33145,0.08,gabors,null,4.0,"[3644.93333333, 3644.93333333]",45.0,10.0,-30.0,"[20.0, 20.0]",null,null,null,0.8,null,0.25021118,140,,,0,,False,1,train,1
401,0.0,175.33145,175.58166,0.08,gabors,null,4.0,"[3644.93333333, 3644.93333333]",0.0,30.0,-10.0,"[20.0, 20.0]",null,null,null,0.8,null,0.25020382,181,,,0,,False,2,test,0
402,0.0,175.58166,175.83186,0.08,gabors,null,4.0,"[3644.93333333, 3644.93333333]",0.0,30.0,0.0,"[20.0, 20.0]",null,null,null,0.8,null,0.25020382,165,,,0,,False,1,train,0
403,0.0,175.83186,176.08206,0.08,gabors,null,4.0,"[3644.93333333, 3644.93333333]",90.0,0.0,-10.0,"[20.0, 20.0]",null,null,null,0.8,null,0.25020382,196,,,0,,False,0,train,2
404,0.0,176.08206,176.33227,0.08,gabors,null,4.0,"[3644.93333333, 3644.93333333]",45.0,-30.0,40.0,"[20.0, 20.0]",null,null,null,0.8,null,0.25020382,58,,,0,,False,2,test,1
405,0.0,176.33227,176.58249,0.08,gabors,null,4.0,"[3644.93333333, 3644.93333333]",0.0,-30.0,-20.0,"[20.0, 20.0]",null,null,null,0.8,null,0.25021868,143,,,0,,False,1,train,0
406,0.0,176.58249,176.8327,0.08,gabors,null,4.0,"[3644.93333333, 3644.93333333]",0.0,-20.0,-30.0,"[20.0, 20.0]",null,null,null,0.8,null,0.25021868,128,,,0,,False,4,train,0
407,0.0,176.8327,177.08292,0.08,gabors,null,4.0,"[3644.93333333, 3644.93333333]",0.0,-10.0,10.0,"[20.0, 20.0]",null,null,null,0.8,null,0.25021868,19,,,0,,False,2,test,0
408,0.0,177.08292,177.33314,0.08,gabors,null,4.0,"[3644.93333333, 3644.93333333]",0.0,20.0,30.0,"[20.0, 20.0]",null,null,null,0.8,null,0.25021868,182,,,0,,False,1,train,0
409,0.0,177.33314,177.58335,0.08,gabors,null,4.0,"[3644.93333333, 3644.93333333]",45.0,40.0,0.0,"[20.0, 20.0]",null,null,null,0.8,null,0.25020382,126,,,0,,False,2,test,1
410,0.0,177.58335,177.83355,0.08,gabors,null,4.0,"[3644.93333333, 3644.93333333]",90.0,10.0,-10.0,"[20.0, 20.0]",null,null,null,0.8,null,0.25020382,117,,,0,,False,3,train,2
411,0.0,177.83355,178.08375,0.08,gabors,null,4.0,"[3644.93333333, 3644.93333333]",90.0,30.0,-30.0,"[20.0, 20.0]",null,null,null,0.8,null,0.25020382,103,,,0,,False,2,test,2
412,0.0,178.08375,178.33396,0.08,gabors,null,4.0,"[3644.93333333, 3644.93333333]",0.0,20.0,0.0,"[20.0, 20.0]",null,null,null,0.8,null,0.25020382,71,,,0,,False,2,test,0
413,0.0,178.33396,178.58418,0.08,gabors,null,4.0,"[3644.93333333, 3644.93333333]",90.0,30.0,-40.0,"[20.0, 20.0]",null,null,null,0.8,null,0.25022118,184,,,0,,False,1,train,2
414,0.0,178.58418,178.8344,0.08,gabors,null,4.0,"[3644.93333333, 3644.93333333]",90.0,-10.0,30.0,"[20.0, 20.0]",null,null,null,0.8,null,0.25022118,11,,,0,,False,3,train,2
415,0.0,178.8344,179.08462,0.08,gabors,null,4.0,"[3644.93333333, 3644.93333333]",45.0,-30.0,-10.0,"[20.0, 20.0]",null,null,null,0.8,null,0.25022118,69,,,0,,False,2,test,1
416,0.0,179.08462,179.33484,0.08,gabors,null,4.0,"[3644.93333333, 3644.93333333]",45.0,-20.0,40.0,"[20.0, 20.0]",null,null,null,0.8,null,0.25022118,49,,,0,,False,1,train,1
417,0.0,179.33484,179.58504,0.08,gabors,null,4.0,"[3644.93333333, 3644.93333333]",0.0,-40.0,40.0,"[20.0, 20.0]",null,null,null,0.8,null,0.25019382,97,,,0,,False,2,test,0
418,0.0,179.58504,179.83523,0.08,gabors,null,4.0,"[3644.93333333, 3644.93333333]",0.0,10.0,0.0,"[20.0, 20.0]",null,null,null,0.8,null,0.25019382,197,,,0,,False,0,train,0
419,0.0,179.83523,180.08542,0.08,gabors,null,4.0,"[3644.93333333, 3644.93333333]",90.0,20.0,30.0,"[20.0, 20.0]",null,null,null,0.8,null,0.25019382,198,,,0,,False,0,train,2
420,0.0,180.08542,180.33562,0.08,gabors,null,4.0,"[3644.93333333, 3644.93333333]",0.0,-40.0,40.0,"[20.0, 20.0]",null,null,null,0.8,null,0.25019382,97,,,0,,False,3,train,0
421,0.0,180.33562,180.58584,0.08,gabors,null,4.0,"[3644.93333333, 3644.93333333]",0.0,-40.0,10.0,"[20.0, 20.0]",null,null,null,0.8,null,0.25022118,75,,,0,,False,2,test,0
422,0.0,180.58584,180.83606,0.08,gabors,null,4.0,"[3644.93333333, 3644.93333333]",0.0,0.0,40.0,"[20.0, 20.0]",null,null,null,0.8,null,0.25022118,125,,,0,,False,2,test,0
423,0.0,180.83606,181.08628,0.08,gabors,null,4.0,"[3644.93333333, 3644.93333333]",0.0,20.0,-30.0,"[20.0, 20.0]",null,null,null,0.8,null,0.25022118,116,,,0,,False,1,train,0
424,0.0,181.08628,181.3365,0.08,gabors,null,4.0,"[3644.93333333, 3644.93333333]",0.0,30.0,-30.0,"[20.0, 20.0]",null,null,null,0.8,null,0.25022118,130,,,0,,False,2,test,0
425,0.0,181.3365,181.5867,0.08,gabors,null,4.0,"[3644.93333333, 3644.93333333]",45.0,30.0,20.0,"[20.0, 20.0]",null,null,null,0.8,null,0.25019882,37,,,0,,False,2,test,1
426,0.0,181.5867,181.8369,0.08,gabors,null,4.0,"[3644.93333333, 3644.93333333]",90.0,30.0,-40.0,"[20.0, 20.0]",null,null,null,0.8,null,0.25019882,184,,,0,,False,2,test,2
427,0.0,181.8369,182.0871,0.08,gabors,null,4.0,"[3644.93333333, 3644.93333333]",0.0,0.0,10.0,"[20.0, 20.0]",null,null,null,0.8,null,0.25019882,29,,,0,,False,5,test,0
428,0.0,182.0871,182.3373,0.08,gabors,null,4.0,"[3644.93333333, 3644.93333333]",0.0,20.0,30.0,"[20.0, 20.0]",null,null,null,0.8,null,0.25019882,182,,,0,,False,2,test,0
429,0.0,182.3373,182.58752,0.08,gabors,null,4.0,"[3644.93333333, 3644.93333333]",45.0,-40.0,-10.0,"[20.0, 20.0]",null,null,null,0.8,null,0.25021868,199,,,0,,False,0,train,1
430,0.0,182.58752,182.83773,0.08,gabors,null,4.0,"[3644.93333333, 3644.93333333]",0.0,20.0,-30.0,"[20.0, 20.0]",null,null,null,0.8,null,0.25021868,116,,,0,,False,2,test,0
431,0.0,182.83773,183.08795,0.08,gabors,null,4.0,"[3644.93333333, 3644.93333333]",0.0,0.0,-40.0,"[20.0, 20.0]",null,null,null,0.8,null,0.25021868,200,,,0,,False,0,train,0
432,0.0,183.08795,183.33817,0.08,gabors,null,4.0,"[3644.93333333, 3644.93333333]",90.0,-10.0,-30.0,"[20.0, 20.0]",null,null,null,0.8,null,0.25021868,166,,,0,,False,3,train,2
433,0.0,183.33817,183.58837,0.08,gabors,null,4.0,"[3644.93333333, 3644.93333333]",90.0,-10.0,20.0,"[20.0, 20.0]",null,null,null,0.8,null,0.25019882,188,,,0,,False,1,train,2
434,0.0,183.58837,183.83857,0.08,gabors,null,4.0,"[3644.93333333, 3644.93333333]",90.0,40.0,-30.0,"[20.0, 20.0]",null,null,null,0.8,null,0.25019882,168,,,0,,False,1,train,2
435,0.0,183.83857,184.08877,0.08,gabors,null,4.0,"[3644.93333333, 3644.93333333]",0.0,-10.0,-10.0,"[20.0, 20.0]",null,null,null,0.8,null,0.25019882,86,,,0,,False,2,test,0
436,0.0,184.08877,184.33897,0.08,gabors,null,4.0,"[3644.93333333, 3644.93333333]",0.0,-20.0,0.0,"[20.0, 20.0]",null,null,null,0.8,null,0.25019882,44,,,0,,False,2,test,0
437,0.0,184.33897,184.5892,0.08,gabors,null,4.0,"[3644.93333333, 3644.93333333]",45.0,-40.0,-20.0,"[20.0, 20.0]",null,null,null,0.8,null,0.25023118,62,,,0,,False,4,train,1
438,0.0,184.5892,184.83943,0.08,gabors,null,4.0,"[3644.93333333, 3644.93333333]",90.0,-40.0,40.0,"[20.0, 20.0]",null,null,null,0.8,null,0.25023118,98,,,0,,False,3,train,2
439,0.0,184.83943,185.08966,0.08,gabors,null,4.0,"[3644.93333333, 3644.93333333]",0.0,30.0,10.0,"[20.0, 20.0]",null,null,null,0.8,null,0.25023118,141,,,0,,False,1,train,0
440,0.0,185.08966,185.33989,0.08,gabors,null,4.0,"[3644.93333333, 3644.93333333]",45.0,-30.0,0.0,"[20.0, 20.0]",null,null,null,0.8,null,0.25023118,82,,,0,,False,2,test,1
441,0.0,185.33989,185.59008,0.08,gabors,null,4.0,"[3644.93333333, 3644.93333333]",45.0,-20.0,20.0,"[20.0, 20.0]",null,null,null,0.8,null,0.25018382,66,,,0,,False,3,train,1
442,0.0,185.59008,185.84026,0.08,gabors,null,4.0,"[3644.93333333, 3644.93333333]",0.0,-30.0,30.0,"[20.0, 20.0]",null,null,null,0.8,null,0.25018382,201,,,0,,False,0,train,0
443,0.0,185.84026,186.09044,0.08,gabors,null,4.0,"[3644.93333333, 3644.93333333]",45.0,40.0,-40.0,"[20.0, 20.0]",null,null,null,0.8,null,0.25018382,91,,,0,,False,2,test,1
444,0.0,186.09044,186.34063,0.08,gabors,null,4.0,"[3644.93333333, 3644.93333333]",90.0,-40.0,30.0,"[20.0, 20.0]",null,null,null,0.8,null,0.25018382,202,,,0,,False,0,train,2
445,0.0,186.34063,186.59085,0.08,gabors,null,4.0,"[3644.93333333, 3644.93333333]",90.0,-30.0,30.0,"[20.0, 20.0]",null,null,null,0.8,null,0.25021868,8,,,0,,False,2,test,2
446,0.0,186.59085,186.84106,0.08,gabors,null,4.0,"[3644.93333333, 3644.93333333]",45.0,-10.0,-40.0,"[20.0, 20.0]",null,null,null,0.8,null,0.25021868,85,,,0,,False,1,train,1
447,0.0,186.84106,187.09128,0.08,gabors,null,4.0,"[3644.93333333, 3644.93333333]",45.0,10.0,-20.0,"[20.0, 20.0]",null,null,null,0.8,null,0.25021868,64,,,0,,False,1,train,1
448,0.0,187.09128,187.3415,0.08,gabors,null,4.0,"[3644.93333333, 3644.93333333]",45.0,40.0,20.0,"[20.0, 20.0]",null,null,null,0.8,null,0.25021868,84,,,0,,False,4,train,1
449,0.0,187.3415,187.5917,0.08,gabors,null,4.0,"[3644.93333333, 3644.93333333]",45.0,20.0,0.0,"[20.0, 20.0]",null,null,null,0.8,null,0.25020132,203,,,0,,False,0,train,1
450,0.0,187.5917,187.8419,0.08,gabors,null,4.0,"[3644.93333333, 3644.93333333]",90.0,40.0,10.0,"[20.0, 20.0]",null,null,null,0.8,null,0.25020132,121,,,0,,False,2,test,2
451,0.0,187.8419,188.09211,0.08,gabors,null,4.0,"[3644.93333333, 3644.93333333]",0.0,20.0,10.0,"[20.0, 20.0]",null,null,null,0.8,null,0.25020132,147,,,0,,False,1,train,0
452,0.0,188.09211,188.34231,0.08,gabors,null,4.0,"[3644.93333333, 3644.93333333]",0.0,10.0,-40.0,"[20.0, 20.0]",null,null,null,0.8,null,0.25020132,186,,,0,,False,2,test,0
453,0.0,188.34231,188.59253,0.08,gabors,null,4.0,"[3644.93333333, 3644.93333333]",0.0,-30.0,10.0,"[20.0, 20.0]",null,null,null,0.8,null,0.25021868,153,,,0,,False,1,train,0
454,0.0,188.59253,188.84274,0.08,gabors,null,4.0,"[3644.93333333, 3644.93333333]",45.0,-40.0,-30.0,"[20.0, 20.0]",null,null,null,0.8,null,0.25021868,204,,,0,,False,0,train,1
455,0.0,188.84274,189.09296,0.08,gabors,null,4.0,"[3644.93333333, 3644.93333333]",45.0,30.0,10.0,"[20.0, 20.0]",null,null,null,0.8,null,0.25021868,174,,,0,,False,1,train,1
456,0.0,189.09296,189.34318,0.08,gabors,null,4.0,"[3644.93333333, 3644.93333333]",90.0,0.0,20.0,"[20.0, 20.0]",null,null,null,0.8,null,0.25021868,93,,,0,,False,2,test,2
457,0.0,189.34318,189.59338,0.08,gabors,null,4.0,"[3644.93333333, 3644.93333333]",90.0,0.0,30.0,"[20.0, 20.0]",null,null,null,0.8,null,0.25020132,92,,,0,,False,4,train,2
458,0.0,189.59338,189.84358,0.08,gabors,null,4.0,"[3644.93333333, 3644.93333333]",45.0,-20.0,30.0,"[20.0, 20.0]",null,null,null,0.8,null,0.25020132,189,,,0,,False,1,train,1
459,0.0,189.84358,190.09379,0.08,gabors,null,4.0,"[3644.93333333, 3644.93333333]",45.0,10.0,10.0,"[20.0, 20.0]",null,null,null,0.8,null,0.25020132,205,,,0,,False,0,train,1
460,0.0,190.09379,190.34399,0.08,gabors,null,4.0,"[3644.93333333, 3644.93333333]",0.0,0.0,30.0,"[20.0, 20.0]",null,null,null,0.8,null,0.25020132,21,,,0,,False,2,test,0
461,0.0,190.34399,190.5942,0.08,gabors,null,4.0,"[3644.93333333, 3644.93333333]",0.0,-40.0,-40.0,"[20.0, 20.0]",null,null,null,0.8,null,0.25021368,206,,,0,,False,0,train,0
462,0.0,190.5942,190.84441,0.08,gabors,null,4.0,"[3644.93333333, 3644.93333333]",0.0,10.0,-30.0,"[20.0, 20.0]",null,null,null,0.8,null,0.25021368,169,,,0,,False,1,train,0
463,0.0,190.84441,191.09463,0.08,gabors,null,4.0,"[3644.93333333, 3644.93333333]",90.0,-10.0,20.0,"[20.0, 20.0]",null,null,null,0.8,null,0.25021368,188,,,0,,False,2,test,2
464,0.0,191.09463,191.34484,0.08,gabors,null,4.0,"[3644.93333333, 3644.93333333]",0.0,-20.0,-30.0,"[20.0, 20.0]",null,null,null,0.8,null,0.25021368,128,,,0,,False,5,test,0
465,0.0,191.34484,191.59505,0.08,gabors,null,4.0,"[3644.93333333, 3644.93333333]",90.0,-40.0,-20.0,"[20.0, 20.0]",null,null,null,0.8,null,0.25020382,40,,,0,,False,1,train,2
466,0.0,191.59505,191.84525,0.08,gabors,null,4.0,"[3644.93333333, 3644.93333333]",0.0,0.0,30.0,"[20.0, 20.0]",null,null,null,0.8,null,0.25020382,21,,,0,,False,3,train,0
467,0.0,191.84525,192.09545,0.08,gabors,null,4.0,"[3644.93333333, 3644.93333333]",0.0,-10.0,10.0,"[20.0, 20.0]",null,null,null,0.8,null,0.25020382,19,,,0,,False,3,train,0
468,0.0,192.09545,192.34566,0.08,gabors,null,4.0,"[3644.93333333, 3644.93333333]",0.0,-40.0,20.0,"[20.0, 20.0]",null,null,null,0.8,null,0.25020382,151,,,0,,False,1,train,0
469,0.0,192.34566,192.59587,0.08,gabors,null,4.0,"[3644.93333333, 3644.93333333]",0.0,20.0,0.0,"[20.0, 20.0]",null,null,null,0.8,null,0.25021368,71,,,0,,False,3,train,0
470,0.0,192.59587,192.84608,0.08,gabors,null,4.0,"[3644.93333333, 3644.93333333]",45.0,0.0,40.0,"[20.0, 20.0]",null,null,null,0.8,null,0.25021368,112,,,0,,False,2,test,1
471,0.0,192.84608,193.0963,0.08,gabors,null,4.0,"[3644.93333333, 3644.93333333]",0.0,0.0,-40.0,"[20.0, 20.0]",null,null,null,0.8,null,0.25021368,200,,,0,,False,1,train,0
472,0.0,193.0963,193.34651,0.08,gabors,null,4.0,"[3644.93333333, 3644.93333333]",90.0,10.0,20.0,"[20.0, 20.0]",null,null,null,0.8,null,0.25021368,176,,,0,,False,1,train,2
473,0.0,193.34651,193.59672,0.08,gabors,null,4.0,"[3644.93333333, 3644.93333333]",90.0,30.0,30.0,"[20.0, 20.0]",null,null,null,0.8,null,0.25020382,207,,,0,,False,0,train,2
474,0.0,193.59672,193.84692,0.08,gabors,null,4.0,"[3644.93333333, 3644.93333333]",90.0,20.0,-20.0,"[20.0, 20.0]",null,null,null,0.8,null,0.25020382,12,,,0,,False,1,train,2
475,0.0,193.84692,194.09712,0.08,gabors,null,4.0,"[3644.93333333, 3644.93333333]",45.0,-30.0,10.0,"[20.0, 20.0]",null,null,null,0.8,null,0.25020382,142,,,0,,False,1,train,1
476,0.0,194.09712,194.34733,0.08,gabors,null,4.0,"[3644.93333333, 3644.93333333]",45.0,20.0,30.0,"[20.0, 20.0]",null,null,null,0.8,null,0.25020382,63,,,0,,False,1,train,1
477,0.0,194.34733,194.59755,0.08,gabors,null,4.0,"[3644.93333333, 3644.93333333]",90.0,0.0,10.0,"[20.0, 20.0]",null,null,null,0.8,null,0.25021868,41,,,0,,False,3,train,2
478,0.0,194.59755,194.84776,0.08,gabors,null,4.0,"[3644.93333333, 3644.93333333]",45.0,20.0,-20.0,"[20.0, 20.0]",null,null,null,0.8,null,0.25021868,208,,,0,,False,0,train,1
479,0.0,194.84776,195.09798,0.08,gabors,null,4.0,"[3644.93333333, 3644.93333333]",90.0,-20.0,-30.0,"[20.0, 20.0]",null,null,null,0.8,null,0.25021868,67,,,0,,False,2,test,2
480,0.0,195.09798,195.3482,0.08,gabors,null,4.0,"[3644.93333333, 3644.93333333]",90.0,-40.0,20.0,"[20.0, 20.0]",null,null,null,0.8,null,0.25021868,108,,,0,,False,1,train,2
481,0.0,195.3482,195.5984,0.08,gabors,null,4.0,"[3644.93333333, 3644.93333333]",90.0,-40.0,30.0,"[20.0, 20.0]",null,null,null,0.8,null,0.25019632,202,,,0,,False,1,train,2
482,0.0,195.5984,195.84859,0.08,gabors,null,4.0,"[3644.93333333, 3644.93333333]",0.0,40.0,-30.0,"[20.0, 20.0]",null,null,null,0.8,null,0.25019632,6,,,0,,False,2,test,0
483,0.0,195.84859,196.09879,0.08,gabors,null,4.0,"[3644.93333333, 3644.93333333]",90.0,40.0,-30.0,"[20.0, 20.0]",null,null,null,0.8,null,0.25019632,168,,,0,,False,2,test,2
484,0.0,196.09879,196.34899,0.08,gabors,null,4.0,"[3644.93333333, 3644.93333333]",45.0,-40.0,40.0,"[20.0, 20.0]",null,null,null,0.8,null,0.25019632,172,,,0,,False,2,test,1
485,0.0,196.34899,196.59921,0.08,gabors,null,4.0,"[3644.93333333, 3644.93333333]",45.0,40.0,-40.0,"[20.0, 20.0]",null,null,null,0.8,null,0.25021868,91,,,0,,False,3,train,1
486,0.0,196.59921,196.84942,0.08,gabors,null,4.0,"[3644.93333333, 3644.93333333]",0.0,-40.0,-30.0,"[20.0, 20.0]",null,null,null,0.8,null,0.25021868,209,,,0,,False,0,train,0
487,0.0,196.84942,197.09964,0.08,gabors,null,4.0,"[3644.93333333, 3644.93333333]",90.0,40.0,-10.0,"[20.0, 20.0]",null,null,null,0.8,null,0.25021868,210,,,0,,False,0,train,2
488,0.0,197.09964,197.34986,0.08,gabors,null,4.0,"[3644.93333333, 3644.93333333]",90.0,10.0,0.0,"[20.0, 20.0]",null,null,null,0.8,null,0.25021868,81,,,0,,False,3,train,2
489,0.0,197.34986,197.60007,0.08,gabors,null,4.0,"[3644.93333333, 3644.93333333]",90.0,0.0,40.0,"[20.0, 20.0]",null,null,null,0.8,null,0.25020382,211,,,0,,False,0,train,2
490,0.0,197.60007,197.85027,0.08,gabors,null,4.0,"[3644.93333333, 3644.93333333]",0.0,-40.0,10.0,"[20.0, 20.0]",null,null,null,0.8,null,0.25020382,75,,,0,,False,3,train,0
491,0.0,197.85027,198.10047,0.08,gabors,null,4.0,"[3644.93333333, 3644.93333333]",90.0,20.0,-40.0,"[20.0, 20.0]",null,null,null,0.8,null,0.25020382,183,,,0,,False,2,test,2
492,0.0,198.10047,198.35068,0.08,gabors,null,4.0,"[3644.93333333, 3644.93333333]",45.0,-20.0,20.0,"[20.0, 20.0]",null,null,null,0.8,null,0.25020382,66,,,0,,False,4,train,1
493,0.0,198.35068,198.60089,0.08,gabors,null,4.0,"[3644.93333333, 3644.93333333]",0.0,0.0,-10.0,"[20.0, 20.0]",null,null,null,0.8,null,0.25021368,137,,,0,,False,1,train,0
494,0.0,198.60089,198.8511,0.08,gabors,null,4.0,"[3644.93333333, 3644.93333333]",0.0,-10.0,10.0,"[20.0, 20.0]",null,null,null,0.8,null,0.25021368,19,,,0,,False,4,train,0
495,0.0,198.8511,199.10132,0.08,gabors,null,4.0,"[3644.93333333, 3644.93333333]",45.0,-40.0,-30.0,"[20.0, 20.0]",null,null,null,0.8,null,0.25021368,204,,,0,,False,1,train,1
496,0.0,199.10132,199.35153,0.08,gabors,null,4.0,"[3644.93333333, 3644.93333333]",0.0,10.0,30.0,"[20.0, 20.0]",null,null,null,0.8,null,0.25021368,134,,,0,,False,3,train,0
497,0.0,199.35153,199.60174,0.08,gabors,null,4.0,"[3644.93333333, 3644.93333333]",90.0,-20.0,-20.0,"[20.0, 20.0]",null,null,null,0.8,null,0.25020382,35,,,0,,False,3,train,2
498,0.0,199.60174,199.85194,0.08,gabors,null,4.0,"[3644.93333333, 3644.93333333]",0.0,40.0,0.0,"[20.0, 20.0]",null,null,null,0.8,null,0.25020382,24,,,0,,False,4,train,0
499,0.0,199.85194,200.10214,0.08,gabors,null,4.0,"[3644.93333333, 3644.93333333]",45.0,20.0,20.0,"[20.0, 20.0]",null,null,null,0.8,null,0.25020382,212,,,0,,False,0,train,1
500,0.0,200.10214,200.35235,0.08,gabors,null,4.0,"[3644.93333333, 3644.93333333]",90.0,-30.0,0.0,"[20.0, 20.0]",null,null,null,0.8,null,0.25020382,105,,,0,,False,4,train,2
501,0.0,200.35235,200.60256,0.08,gabors,null,4.0,"[3644.93333333, 3644.93333333]",45.0,30.0,-40.0,"[20.0, 20.0]",null,null,null,0.8,null,0.25021618,54,,,0,,False,1,train,1
502,0.0,200.60256,200.85278,0.08,gabors,null,4.0,"[3644.93333333, 3644.93333333]",45.0,0.0,-20.0,"[20.0, 20.0]",null,null,null,0.8,null,0.25021618,27,,,0,,False,2,test,1
503,0.0,200.85278,201.103,0.08,gabors,null,4.0,"[3644.93333333, 3644.93333333]",90.0,20.0,-40.0,"[20.0, 20.0]",null,null,null,0.8,null,0.25021618,183,,,0,,False,3,train,2
504,0.0,201.103,201.35321,0.08,gabors,null,4.0,"[3644.93333333, 3644.93333333]",45.0,20.0,20.0,"[20.0, 20.0]",null,null,null,0.8,null,0.25021618,212,,,0,,False,1,train,1
505,0.0,201.35321,201.60342,0.08,gabors,null,4.0,"[3644.93333333, 3644.93333333]",45.0,20.0,0.0,"[20.0, 20.0]",null,null,null,0.8,null,0.25020382,203,,,0,,False,1,train,1
506,0.0,201.60342,201.85362,0.08,gabors,null,4.0,"[3644.93333333, 3644.93333333]",90.0,0.0,-20.0,"[20.0, 20.0]",null,null,null,0.8,null,0.25020382,59,,,0,,False,1,train,2
507,0.0,201.85362,202.10382,0.08,gabors,null,4.0,"[3644.93333333, 3644.93333333]",0.0,20.0,-20.0,"[20.0, 20.0]",null,null,null,0.8,null,0.25020382,25,,,0,,False,4,train,0
508,0.0,202.10382,202.35403,0.08,gabors,null,4.0,"[3644.93333333, 3644.93333333]",0.0,40.0,-10.0,"[20.0, 20.0]",null,null,null,0.8,null,0.25020382,114,,,0,,False,1,train,0
509,0.0,202.35403,202.60425,0.08,gabors,null,4.0,"[3644.93333333, 3644.93333333]",90.0,-40.0,-40.0,"[20.0, 20.0]",null,null,null,0.8,null,0.25022368,1,,,0,,False,2,test,2
510,0.0,202.60425,202.85447,0.08,gabors,null,4.0,"[3644.93333333, 3644.93333333]",0.0,40.0,30.0,"[20.0, 20.0]",null,null,null,0.8,null,0.25022368,100,,,0,,False,1,train,0
511,0.0,202.85447,203.1047,0.08,gabors,null,4.0,"[3644.93333333, 3644.93333333]",0.0,0.0,-20.0,"[20.0, 20.0]",null,null,null,0.8,null,0.25022368,213,,,0,,False,0,train,0
512,0.0,203.1047,203.35492,0.08,gabors,null,4.0,"[3644.93333333, 3644.93333333]",90.0,-20.0,0.0,"[20.0, 20.0]",null,null,null,0.8,null,0.25022368,78,,,0,,False,4,train,2
513,0.0,203.35492,203.60511,0.08,gabors,null,4.0,"[3644.93333333, 3644.93333333]",0.0,-30.0,-20.0,"[20.0, 20.0]",null,null,null,0.8,null,0.25019132,143,,,0,,False,2,test,0
514,0.0,203.60511,203.8553,0.08,gabors,null,4.0,"[3644.93333333, 3644.93333333]",90.0,0.0,40.0,"[20.0, 20.0]",null,null,null,0.8,null,0.25019132,211,,,0,,False,1,train,2
515,0.0,203.8553,204.1055,0.08,gabors,null,4.0,"[3644.93333333, 3644.93333333]",90.0,10.0,30.0,"[20.0, 20.0]",null,null,null,0.8,null,0.25019132,3,,,0,,False,2,test,2
516,0.0,204.1055,204.35569,0.08,gabors,null,4.0,"[3644.93333333, 3644.93333333]",90.0,-10.0,20.0,"[20.0, 20.0]",null,null,null,0.8,null,0.25019132,188,,,0,,False,3,train,2
517,0.0,204.35569,204.60591,0.08,gabors,null,4.0,"[3644.93333333, 3644.93333333]",90.0,-20.0,40.0,"[20.0, 20.0]",null,null,null,0.8,null,0.25022618,193,,,0,,False,1,train,2
518,0.0,204.60591,204.85614,0.08,gabors,null,4.0,"[3644.93333333, 3644.93333333]",90.0,30.0,-30.0,"[20.0, 20.0]",null,null,null,0.8,null,0.25022618,103,,,0,,False,3,train,2
519,0.0,204.85614,205.10637,0.08,gabors,null,4.0,"[3644.93333333, 3644.93333333]",45.0,20.0,30.0,"[20.0, 20.0]",null,null,null,0.8,null,0.25022618,63,,,0,,False,2,test,1
520,0.0,205.10637,205.35659,0.08,gabors,null,4.0,"[3644.93333333, 3644.93333333]",0.0,0.0,20.0,"[20.0, 20.0]",null,null,null,0.8,null,0.25022618,214,,,0,,False,0,train,0
521,0.0,205.35659,205.60678,0.08,gabors,null,4.0,"[3644.93333333, 3644.93333333]",0.0,-30.0,30.0,"[20.0, 20.0]",null,null,null,0.8,null,0.25019132,201,,,0,,False,1,train,0
522,0.0,205.60678,205.85697,0.08,gabors,null,4.0,"[3644.93333333, 3644.93333333]",0.0,-10.0,0.0,"[20.0, 20.0]",null,null,null,0.8,null,0.25019132,122,,,0,,False,3,train,0
523,0.0,205.85697,206.10717,0.08,gabors,null,4.0,"[3644.93333333, 3644.93333333]",90.0,0.0,20.0,"[20.0, 20.0]",null,null,null,0.8,null,0.25019132,93,,,0,,False,3,train,2
524,0.0,206.10717,206.35736,0.08,gabors,null,4.0,"[3644.93333333, 3644.93333333]",90.0,-40.0,-20.0,"[20.0, 20.0]",null,null,null,0.8,null,0.25019132,40,,,0,,False,2,test,2
525,0.0,206.35736,206.60758,0.08,gabors,null,4.0,"[3644.93333333, 3644.93333333]",0.0,-20.0,30.0,"[20.0, 20.0]",null,null,null,0.8,null,0.25021868,215,,,0,,False,0,train,0
526,0.0,206.60758,206.85779,0.08,gabors,null,4.0,"[3644.93333333, 3644.93333333]",45.0,30.0,-40.0,"[20.0, 20.0]",null,null,null,0.8,null,0.25021868,54,,,0,,False,2,test,1
527,0.0,206.85779,207.10801,0.08,gabors,null,4.0,"[3644.93333333, 3644.93333333]",45.0,10.0,-40.0,"[20.0, 20.0]",null,null,null,0.8,null,0.25021868,23,,,0,,False,3,train,1
528,0.0,207.10801,207.35823,0.08,gabors,null,4.0,"[3644.93333333, 3644.93333333]",0.0,-30.0,40.0,"[20.0, 20.0]",null,null,null,0.8,null,0.25021868,39,,,0,,False,1,train,0
529,0.0,207.35823,207.60843,0.08,gabors,null,4.0,"[3644.93333333, 3644.93333333]",0.0,-30.0,0.0,"[20.0, 20.0]",null,null,null,0.8,null,0.25020132,179,,,0,,False,1,train,0
530,0.0,207.60843,207.85863,0.08,gabors,null,4.0,"[3644.93333333, 3644.93333333]",0.0,20.0,-10.0,"[20.0, 20.0]",null,null,null,0.8,null,0.25020132,87,,,0,,False,2,test,0
531,0.0,207.85863,208.10884,0.08,gabors,null,4.0,"[3644.93333333, 3644.93333333]",90.0,20.0,-10.0,"[20.0, 20.0]",null,null,null,0.8,null,0.25020132,150,,,0,,False,4,train,2
532,0.0,208.10884,208.35904,0.08,gabors,null,4.0,"[3644.93333333, 3644.93333333]",90.0,-10.0,30.0,"[20.0, 20.0]",null,null,null,0.8,null,0.25020132,11,,,0,,False,4,train,2
533,0.0,208.35904,208.60925,0.08,gabors,null,4.0,"[3644.93333333, 3644.93333333]",0.0,0.0,-40.0,"[20.0, 20.0]",null,null,null,0.8,null,0.25021618,200,,,0,,False,2,test,0
534,0.0,208.60925,208.85947,0.08,gabors,null,4.0,"[3644.93333333, 3644.93333333]",0.0,10.0,0.0,"[20.0, 20.0]",null,null,null,0.8,null,0.25021618,197,,,0,,False,1,train,0
535,0.0,208.85947,209.10969,0.08,gabors,null,4.0,"[3644.93333333, 3644.93333333]",90.0,30.0,0.0,"[20.0, 20.0]",null,null,null,0.8,null,0.25021618,216,,,0,,False,0,train,2
536,0.0,209.10969,209.3599,0.08,gabors,null,4.0,"[3644.93333333, 3644.93333333]",45.0,-10.0,-30.0,"[20.0, 20.0]",null,null,null,0.8,null,0.25021618,148,,,0,,False,1,train,1
537,0.0,209.3599,209.61011,0.08,gabors,null,4.0,"[3644.93333333, 3644.93333333]",90.0,10.0,0.0,"[20.0, 20.0]",null,null,null,0.8,null,0.25020382,81,,,0,,False,4,train,2
538,0.0,209.61011,209.86031,0.08,gabors,null,4.0,"[3644.93333333, 3644.93333333]",0.0,-10.0,-40.0,"[20.0, 20.0]",null,null,null,0.8,null,0.25020382,53,,,0,,False,4,train,0
539,0.0,209.86031,210.11051,0.08,gabors,null,4.0,"[3644.93333333, 3644.93333333]",90.0,-10.0,20.0,"[20.0, 20.0]",null,null,null,0.8,null,0.25020382,188,,,0,,False,4,train,2
540,0.0,210.11051,210.36072,0.08,gabors,null,4.0,"[3644.93333333, 3644.93333333]",90.0,-10.0,20.0,"[20.0, 20.0]",null,null,null,0.8,null,0.25020382,188,,,0,,False,5,test,2
541,0.0,210.36072,210.61092,0.08,gabors,null,4.0,"[3644.93333333, 3644.93333333]",45.0,0.0,-40.0,"[20.0, 20.0]",null,null,null,0.8,null,0.25020368,72,,,0,,False,2,test,1
542,0.0,210.61092,210.86112,0.08,gabors,null,4.0,"[3644.93333333, 3644.93333333]",0.0,20.0,-30.0,"[20.0, 20.0]",null,null,null,0.8,null,0.25020368,116,,,0,,False,3,train,0
543,0.0,210.86112,211.11133,0.08,gabors,null,4.0,"[3644.93333333, 3644.93333333]",90.0,-20.0,10.0,"[20.0, 20.0]",null,null,null,0.8,null,0.25020368,26,,,0,,False,4,train,2
544,0.0,211.11133,211.36153,0.08,gabors,null,4.0,"[3644.93333333, 3644.93333333]",0.0,20.0,-20.0,"[20.0, 20.0]",null,null,null,0.8,null,0.25020368,25,,,0,,False,5,test,0
545,0.0,211.36153,211.61174,0.08,gabors,null,4.0,"[3644.93333333, 3644.93333333]",90.0,-20.0,-40.0,"[20.0, 20.0]",null,null,null,0.8,null,0.25021132,36,,,0,,False,1,train,2
546,0.0,211.61174,211.86195,0.08,gabors,null,4.0,"[3644.93333333, 3644.93333333]",0.0,-20.0,30.0,"[20.0, 20.0]",null,null,null,0.8,null,0.25021132,215,,,0,,False,1,train,0
547,0.0,211.86195,212.11217,0.08,gabors,null,4.0,"[3644.93333333, 3644.93333333]",90.0,-20.0,20.0,"[20.0, 20.0]",null,null,null,0.8,null,0.25021132,161,,,0,,False,1,train,2
548,0.0,212.11217,212.36238,0.08,gabors,null,4.0,"[3644.93333333, 3644.93333333]",45.0,-20.0,10.0,"[20.0, 20.0]",null,null,null,0.8,null,0.25021132,74,,,0,,False,1,train,1
549,0.0,212.36238,212.61259,0.08,gabors,null,4.0,"[3644.93333333, 3644.93333333]",45.0,-30.0,40.0,"[20.0, 20.0]",null,null,null,0.8,null,0.25021368,58,,,0,,False,3,train,1
550,0.0,212.61259,212.8628,0.08,gabors,null,4.0,"[3644.93333333, 3644.93333333]",45.0,30.0,-40.0,"[20.0, 20.0]",null,null,null,0.8,null,0.25021368,54,,,0,,False,3,train,1
551,0.0,212.8628,213.11302,0.08,gabors,null,4.0,"[3644.93333333, 3644.93333333]",90.0,20.0,30.0,"[20.0, 20.0]",null,null,null,0.8,null,0.25021368,198,,,0,,False,1,train,2
552,0.0,213.11302,213.36323,0.08,gabors,null,4.0,"[3644.93333333, 3644.93333333]",0.0,0.0,-10.0,"[20.0, 20.0]",null,null,null,0.8,null,0.25021368,137,,,0,,False,2,test,0
553,0.0,213.36323,213.61344,0.08,gabors,null,4.0,"[3644.93333333, 3644.93333333]",90.0,-30.0,10.0,"[20.0, 20.0]",null,null,null,0.8,null,0.25020632,118,,,0,,False,1,train,2
554,0.0,213.61344,213.86364,0.08,gabors,null,4.0,"[3644.93333333, 3644.93333333]",90.0,-30.0,40.0,"[20.0, 20.0]",null,null,null,0.8,null,0.25020632,47,,,0,,False,5,test,2
555,0.0,213.86364,214.11385,0.08,gabors,null,4.0,"[3644.93333333, 3644.93333333]",90.0,0.0,40.0,"[20.0, 20.0]",null,null,null,0.8,null,0.25020632,211,,,0,,False,2,test,2
556,0.0,214.11385,214.36406,0.08,gabors,null,4.0,"[3644.93333333, 3644.93333333]",90.0,10.0,-10.0,"[20.0, 20.0]",null,null,null,0.8,null,0.25020632,117,,,0,,False,4,train,2
557,0.0,214.36406,214.61427,0.08,gabors,null,4.0,"[3644.93333333, 3644.93333333]",45.0,30.0,-40.0,"[20.0, 20.0]",null,null,null,0.8,null,0.25021118,54,,,0,,False,4,train,1
558,0.0,214.61427,214.86448,0.08,gabors,null,4.0,"[3644.93333333, 3644.93333333]",0.0,10.0,-20.0,"[20.0, 20.0]",null,null,null,0.8,null,0.25021118,217,,,0,,False,0,train,0
559,0.0,214.86448,215.11469,0.08,gabors,null,4.0,"[3644.93333333, 3644.93333333]",0.0,-30.0,0.0,"[20.0, 20.0]",null,null,null,0.8,null,0.25021118,179,,,0,,False,2,test,0
560,0.0,215.11469,215.3649,0.08,gabors,null,4.0,"[3644.93333333, 3644.93333333]",90.0,10.0,-20.0,"[20.0, 20.0]",null,null,null,0.8,null,0.25021118,106,,,0,,False,2,test,2
561,0.0,215.3649,215.61511,0.08,gabors,null,4.0,"[3644.93333333, 3644.93333333]",90.0,-20.0,-10.0,"[20.0, 20.0]",null,null,null,0.8,null,0.25020632,38,,,0,,False,2,test,2
562,0.0,215.61511,215.86531,0.08,gabors,null,4.0,"[3644.93333333, 3644.93333333]",45.0,30.0,10.0,"[20.0, 20.0]",null,null,null,0.8,null,0.25020632,174,,,0,,False,2,test,1
563,0.0,215.86531,216.11552,0.08,gabors,null,4.0,"[3644.93333333, 3644.93333333]",45.0,40.0,-10.0,"[20.0, 20.0]",null,null,null,0.8,null,0.25020632,144,,,0,,False,2,test,1
564,0.0,216.11552,216.36573,0.08,gabors,null,4.0,"[3644.93333333, 3644.93333333]",0.0,10.0,40.0,"[20.0, 20.0]",null,null,null,0.8,null,0.25020632,194,,,0,,False,2,test,0
565,0.0,216.36573,216.61594,0.08,gabors,null,4.0,"[3644.93333333, 3644.93333333]",90.0,20.0,40.0,"[20.0, 20.0]",null,null,null,0.8,null,0.25020868,158,,,0,,False,1,train,2
566,0.0,216.61594,216.86614,0.08,gabors,null,4.0,"[3644.93333333, 3644.93333333]",45.0,-30.0,-40.0,"[20.0, 20.0]",null,null,null,0.8,null,0.25020868,34,,,0,,False,1,train,1
567,0.0,216.86614,217.11635,0.08,gabors,null,4.0,"[3644.93333333, 3644.93333333]",45.0,-10.0,10.0,"[20.0, 20.0]",null,null,null,0.8,null,0.25020868,89,,,0,,False,1,train,1
568,0.0,217.11635,217.36656,0.08,gabors,null,4.0,"[3644.93333333, 3644.93333333]",90.0,-20.0,20.0,"[20.0, 20.0]",null,null,null,0.8,null,0.25020868,161,,,0,,False,2,test,2
569,0.0,217.36656,217.61677,0.08,gabors,null,4.0,"[3644.93333333, 3644.93333333]",45.0,40.0,-40.0,"[20.0, 20.0]",null,null,null,0.8,null,0.25020882,91,,,0,,False,4,train,1
570,0.0,217.61677,217.86698,0.08,gabors,null,4.0,"[3644.93333333, 3644.93333333]",90.0,30.0,0.0,"[20.0, 20.0]",null,null,null,0.8,null,0.25020882,216,,,0,,False,1,train,2
571,0.0,217.86698,218.11719,0.08,gabors,null,4.0,"[3644.93333333, 3644.93333333]",90.0,10.0,-40.0,"[20.0, 20.0]",null,null,null,0.8,null,0.25020882,9,,,0,,False,3,train,2
572,0.0,218.11719,218.3674,0.08,gabors,null,4.0,"[3644.93333333, 3644.93333333]",90.0,10.0,-40.0,"[20.0, 20.0]",null,null,null,0.8,null,0.25020882,9,,,0,,False,4,train,2
573,0.0,218.3674,218.61762,0.08,gabors,null,4.0,"[3644.93333333, 3644.93333333]",45.0,30.0,40.0,"[20.0, 20.0]",null,null,null,0.8,null,0.25022118,52,,,0,,False,2,test,1
574,0.0,218.61762,218.86784,0.08,gabors,null,4.0,"[3644.93333333, 3644.93333333]",0.0,30.0,20.0,"[20.0, 20.0]",null,null,null,0.8,null,0.25022118,88,,,0,,False,2,test,0
575,0.0,218.86784,219.11806,0.08,gabors,null,4.0,"[3644.93333333, 3644.93333333]",90.0,0.0,10.0,"[20.0, 20.0]",null,null,null,0.8,null,0.25022118,41,,,0,,False,4,train,2
576,0.0,219.11806,219.36828,0.08,gabors,null,4.0,"[3644.93333333, 3644.93333333]",45.0,20.0,20.0,"[20.0, 20.0]",null,null,null,0.8,null,0.25022118,212,,,0,,False,2,test,1
577,0.0,219.36828,219.61848,0.08,gabors,null,4.0,"[3644.93333333, 3644.93333333]",90.0,-10.0,30.0,"[20.0, 20.0]",null,null,null,0.8,null,0.25019632,11,,,0,,False,5,test,2
578,0.0,219.61848,219.86867,0.08,gabors,null,4.0,"[3644.93333333, 3644.93333333]",90.0,0.0,-20.0,"[20.0, 20.0]",null,null,null,0.8,null,0.25019632,59,,,0,,False,2,test,2
579,0.0,219.86867,220.11887,0.08,gabors,null,4.0,"[3644.93333333, 3644.93333333]",45.0,10.0,30.0,"[20.0, 20.0]",null,null,null,0.8,null,0.25019632,218,,,0,,False,0,train,1
580,0.0,220.11887,220.36907,0.08,gabors,null,4.0,"[3644.93333333, 3644.93333333]",0.0,20.0,-40.0,"[20.0, 20.0]",null,null,null,0.8,null,0.25019632,164,,,0,,False,1,train,0
581,0.0,220.36907,220.61928,0.08,gabors,null,4.0,"[3644.93333333, 3644.93333333]",0.0,10.0,-10.0,"[20.0, 20.0]",null,null,null,0.8,null,0.25021618,17,,,0,,False,4,train,0
582,0.0,220.61928,220.8695,0.08,gabors,null,4.0,"[3644.93333333, 3644.93333333]",45.0,20.0,-30.0,"[20.0, 20.0]",null,null,null,0.8,null,0.25021618,219,,,0,,False,0,train,1
583,0.0,220.8695,221.11972,0.08,gabors,null,4.0,"[3644.93333333, 3644.93333333]",45.0,30.0,20.0,"[20.0, 20.0]",null,null,null,0.8,null,0.25021618,37,,,0,,False,3,train,1
584,0.0,221.11972,221.36993,0.08,gabors,null,4.0,"[3644.93333333, 3644.93333333]",45.0,10.0,40.0,"[20.0, 20.0]",null,null,null,0.8,null,0.25021618,61,,,0,,False,4,train,1
585,0.0,221.36993,221.62013,0.08,gabors,null,4.0,"[3644.93333333, 3644.93333333]",0.0,10.0,0.0,"[20.0, 20.0]",null,null,null,0.8,null,0.25020132,197,,,0,,False,2,test,0
586,0.0,221.62013,221.87033,0.08,gabors,null,4.0,"[3644.93333333, 3644.93333333]",45.0,-20.0,-20.0,"[20.0, 20.0]",null,null,null,0.8,null,0.25020132,177,,,0,,False,1,train,1
587,0.0,221.87033,222.12054,0.08,gabors,null,4.0,"[3644.93333333, 3644.93333333]",90.0,-30.0,40.0,"[20.0, 20.0]",null,null,null,0.8,null,0.25020132,47,,,0,,False,6,train,2
588,0.0,222.12054,222.37074,0.08,gabors,null,4.0,"[3644.93333333, 3644.93333333]",0.0,30.0,-40.0,"[20.0, 20.0]",null,null,null,0.8,null,0.25020132,70,,,0,,False,2,test,0
589,0.0,222.37074,222.62095,0.08,gabors,null,4.0,"[3644.93333333, 3644.93333333]",45.0,10.0,-10.0,"[20.0, 20.0]",null,null,null,0.8,null,0.25021368,220,,,0,,False,0,train,1
590,0.0,222.62095,222.87116,0.08,gabors,null,4.0,"[3644.93333333, 3644.93333333]",90.0,-20.0,-40.0,"[20.0, 20.0]",null,null,null,0.8,null,0.25021368,36,,,0,,False,2,test,2
591,0.0,222.87116,223.12138,0.08,gabors,null,4.0,"[3644.93333333, 3644.93333333]",0.0,-40.0,-40.0,"[20.0, 20.0]",null,null,null,0.8,null,0.25021368,206,,,0,,False,1,train,0
592,0.0,223.12138,223.37159,0.08,gabors,null,4.0,"[3644.93333333, 3644.93333333]",90.0,-40.0,-30.0,"[20.0, 20.0]",null,null,null,0.8,null,0.25021368,68,,,0,,False,2,test,2
593,0.0,223.37159,223.6218,0.08,gabors,null,4.0,"[3644.93333333, 3644.93333333]",45.0,-30.0,-20.0,"[20.0, 20.0]",null,null,null,0.8,null,0.25020382,221,,,0,,False,0,train,1
594,0.0,223.6218,223.872,0.08,gabors,null,4.0,"[3644.93333333, 3644.93333333]",0.0,10.0,40.0,"[20.0, 20.0]",null,null,null,0.8,null,0.25020382,194,,,0,,False,3,train,0
595,0.0,223.872,224.1222,0.08,gabors,null,4.0,"[3644.93333333, 3644.93333333]",45.0,0.0,-10.0,"[20.0, 20.0]",null,null,null,0.8,null,0.25020382,222,,,0,,False,0,train,1
596,0.0,224.1222,224.37241,0.08,gabors,null,4.0,"[3644.93333333, 3644.93333333]",45.0,10.0,-10.0,"[20.0, 20.0]",null,null,null,0.8,null,0.25020382,220,,,0,,False,1,train,1
597,0.0,224.37241,224.62263,0.08,gabors,null,4.0,"[3644.93333333, 3644.93333333]",45.0,30.0,-10.0,"[20.0, 20.0]",null,null,null,0.8,null,0.25022368,223,,,0,,False,0,train,1
598,0.0,224.62263,224.87285,0.08,gabors,null,4.0,"[3644.93333333, 3644.93333333]",90.0,20.0,0.0,"[20.0, 20.0]",null,null,null,0.8,null,0.25022368,73,,,0,,False,1,train,2
599,0.0,224.87285,225.12308,0.08,gabors,null,4.0,"[3644.93333333, 3644.93333333]",45.0,40.0,-20.0,"[20.0, 20.0]",null,null,null,0.8,null,0.25022368,18,,,0,,False,2,test,1
600,0.0,225.12308,225.3733,0.08,gabors,null,4.0,"[3644.93333333, 3644.93333333]",0.0,20.0,-10.0,"[20.0, 20.0]",null,null,null,0.8,null,0.25022368,87,,,0,,False,3,train,0
601,0.0,225.3733,225.6235,0.08,gabors,null,4.0,"[3644.93333333, 3644.93333333]",90.0,30.0,20.0,"[20.0, 20.0]",null,null,null,0.8,null,0.25019632,77,,,0,,False,4,train,2
602,0.0,225.6235,225.87369,0.08,gabors,null,4.0,"[3644.93333333, 3644.93333333]",45.0,-30.0,10.0,"[20.0, 20.0]",null,null,null,0.8,null,0.25019632,142,,,0,,False,2,test,1
603,0.0,225.87369,226.12389,0.08,gabors,null,4.0,"[3644.93333333, 3644.93333333]",0.0,-30.0,-30.0,"[20.0, 20.0]",null,null,null,0.8,null,0.25019632,224,,,0,,False,0,train,0
604,0.0,226.12389,226.37409,0.08,gabors,null,4.0,"[3644.93333333, 3644.93333333]",0.0,40.0,-40.0,"[20.0, 20.0]",null,null,null,0.8,null,0.25019632,28,,,0,,False,3,train,0
605,0.0,226.37409,226.6243,0.08,gabors,null,4.0,"[3644.93333333, 3644.93333333]",45.0,-40.0,30.0,"[20.0, 20.0]",null,null,null,0.8,null,0.25021368,154,,,0,,False,2,test,1
606,0.0,226.6243,226.87451,0.08,gabors,null,4.0,"[3644.93333333, 3644.93333333]",45.0,-10.0,20.0,"[20.0, 20.0]",null,null,null,0.8,null,0.25021368,120,,,0,,False,1,train,1
607,0.0,226.87451,227.12473,0.08,gabors,null,4.0,"[3644.93333333, 3644.93333333]",45.0,10.0,-10.0,"[20.0, 20.0]",null,null,null,0.8,null,0.25021368,220,,,0,,False,2,test,1
608,0.0,227.12473,227.37494,0.08,gabors,null,4.0,"[3644.93333333, 3644.93333333]",45.0,-20.0,10.0,"[20.0, 20.0]",null,null,null,0.8,null,0.25021368,74,,,0,,False,2,test,1
609,0.0,227.37494,227.62515,0.08,gabors,null,4.0,"[3644.93333333, 3644.93333333]",45.0,30.0,0.0,"[20.0, 20.0]",null,null,null,0.8,null,0.25020632,56,,,0,,False,1,train,1
610,0.0,227.62515,227.87535,0.08,gabors,null,4.0,"[3644.93333333, 3644.93333333]",45.0,-40.0,0.0,"[20.0, 20.0]",null,null,null,0.8,null,0.25020632,178,,,0,,False,2,test,1
611,0.0,227.87535,228.12556,0.08,gabors,null,4.0,"[3644.93333333, 3644.93333333]",0.0,30.0,40.0,"[20.0, 20.0]",null,null,null,0.8,null,0.25020632,20,,,0,,False,1,train,0
612,0.0,228.12556,228.37577,0.08,gabors,null,4.0,"[3644.93333333, 3644.93333333]",45.0,-30.0,-10.0,"[20.0, 20.0]",null,null,null,0.8,null,0.25020632,69,,,0,,False,3,train,1
613,0.0,228.37577,228.62599,0.08,gabors,null,4.0,"[3644.93333333, 3644.93333333]",0.0,-30.0,-20.0,"[20.0, 20.0]",null,null,null,0.8,null,0.25021868,143,,,0,,False,3,train,0
614,0.0,228.62599,228.8762,0.08,gabors,null,4.0,"[3644.93333333, 3644.93333333]",0.0,30.0,-40.0,"[20.0, 20.0]",null,null,null,0.8,null,0.25021868,70,,,0,,False,3,train,0
615,0.0,228.8762,229.12642,0.08,gabors,null,4.0,"[3644.93333333, 3644.93333333]",45.0,-40.0,30.0,"[20.0, 20.0]",null,null,null,0.8,null,0.25021868,154,,,0,,False,3,train,1
616,0.0,229.12642,229.37664,0.08,gabors,null,4.0,"[3644.93333333, 3644.93333333]",0.0,20.0,30.0,"[20.0, 20.0]",null,null,null,0.8,null,0.25021868,182,,,0,,False,3,train,0
617,0.0,229.37664,229.62684,0.08,gabors,null,4.0,"[3644.93333333, 3644.93333333]",90.0,-20.0,40.0,"[20.0, 20.0]",null,null,null,0.8,null,0.25019882,193,,,0,,False,2,test,2
618,0.0,229.62684,229.87704,0.08,gabors,null,4.0,"[3644.93333333, 3644.93333333]",90.0,0.0,30.0,"[20.0, 20.0]",null,null,null,0.8,null,0.25019882,92,,,0,,False,5,test,2
619,0.0,229.87704,230.12724,0.08,gabors,null,4.0,"[3644.93333333, 3644.93333333]",0.0,-40.0,-40.0,"[20.0, 20.0]",null,null,null,0.8,null,0.25019882,206,,,0,,False,2,test,0
620,0.0,230.12724,230.37744,0.08,gabors,null,4.0,"[3644.93333333, 3644.93333333]",0.0,10.0,-20.0,"[20.0, 20.0]",null,null,null,0.8,null,0.25019882,217,,,0,,False,1,train,0
621,0.0,230.37744,230.62765,0.08,gabors,null,4.0,"[3644.93333333, 3644.93333333]",0.0,0.0,-10.0,"[20.0, 20.0]",null,null,null,0.8,null,0.25021118,137,,,0,,False,3,train,0
622,0.0,230.62765,230.87786,0.08,gabors,null,4.0,"[3644.93333333, 3644.93333333]",90.0,-40.0,-10.0,"[20.0, 20.0]",null,null,null,0.8,null,0.25021118,225,,,0,,False,0,train,2
623,0.0,230.87786,231.12807,0.08,gabors,null,4.0,"[3644.93333333, 3644.93333333]",90.0,-30.0,20.0,"[20.0, 20.0]",null,null,null,0.8,null,0.25021118,139,,,0,,False,2,test,2
624,0.0,231.12807,231.37828,0.08,gabors,null,4.0,"[3644.93333333, 3644.93333333]",0.0,30.0,-30.0,"[20.0, 20.0]",null,null,null,0.8,null,0.25021118,130,,,0,,False,3,train,0
625,0.0,231.37828,231.62849,0.08,gabors,null,4.0,"[3644.93333333, 3644.93333333]",45.0,40.0,-10.0,"[20.0, 20.0]",null,null,null,0.8,null,0.25020622,144,,,0,,False,3,train,1
626,0.0,231.62849,231.87869,0.08,gabors,null,4.0,"[3644.93333333, 3644.93333333]",90.0,-40.0,-10.0,"[20.0, 20.0]",null,null,null,0.8,null,0.25020622,225,,,0,,False,1,train,2
627,0.0,231.87869,232.14558,0.08,gabors,null,4.0,"[3644.93333333, 3644.93333333]",90.0,20.0,-30.0,"[20.0, 20.0]",null,null,null,0.8,null,0.26688663,226,,,0,,False,0,train,2
628,0.0,232.14558,232.39579,0.08,gabors,null,4.0,"[3644.93333333, 3644.93333333]",90.0,10.0,20.0,"[20.0, 20.0]",null,null,null,0.8,null,0.25020622,176,,,0,,False,2,test,2
629,0.0,232.39579,232.646,0.08,gabors,null,4.0,"[3644.93333333, 3644.93333333]",45.0,-10.0,0.0,"[20.0, 20.0]",null,null,null,0.8,null,0.25021618,115,,,0,,False,3,train,1
630,0.0,232.646,232.89622,0.08,gabors,null,4.0,"[3644.93333333, 3644.93333333]",45.0,-10.0,-40.0,"[20.0, 20.0]",null,null,null,0.8,null,0.25021618,85,,,0,,False,2,test,1
631,0.0,232.89622,233.14644,0.08,gabors,null,4.0,"[3644.93333333, 3644.93333333]",90.0,0.0,10.0,"[20.0, 20.0]",null,null,null,0.8,null,0.25021618,41,,,0,,False,5,test,2
632,0.0,233.14644,233.39665,0.08,gabors,null,4.0,"[3644.93333333, 3644.93333333]",90.0,40.0,-40.0,"[20.0, 20.0]",null,null,null,0.8,null,0.25021618,113,,,0,,False,2,test,2
633,0.0,233.39665,233.64685,0.08,gabors,null,4.0,"[3644.93333333, 3644.93333333]",90.0,-10.0,-40.0,"[20.0, 20.0]",null,null,null,0.8,null,0.25020132,163,,,0,,False,1,train,2
634,0.0,233.64685,233.89705,0.08,gabors,null,4.0,"[3644.93333333, 3644.93333333]",90.0,10.0,20.0,"[20.0, 20.0]",null,null,null,0.8,null,0.25020132,176,,,0,,False,3,train,2
635,0.0,233.89705,234.14726,0.08,gabors,null,4.0,"[3644.93333333, 3644.93333333]",90.0,-20.0,-30.0,"[20.0, 20.0]",null,null,null,0.8,null,0.25020132,67,,,0,,False,3,train,2
636,0.0,234.14726,234.39746,0.08,gabors,null,4.0,"[3644.93333333, 3644.93333333]",90.0,30.0,20.0,"[20.0, 20.0]",null,null,null,0.8,null,0.25020132,77,,,0,,False,5,test,2
637,0.0,234.39746,234.64767,0.08,gabors,null,4.0,"[3644.93333333, 3644.93333333]",90.0,0.0,-40.0,"[20.0, 20.0]",null,null,null,0.8,null,0.25021618,32,,,0,,False,3,train,2
638,0.0,234.64767,234.89789,0.08,gabors,null,4.0,"[3644.93333333, 3644.93333333]",90.0,30.0,-30.0,"[20.0, 20.0]",null,null,null,0.8,null,0.25021618,103,,,0,,False,4,train,2
639,0.0,234.89789,235.14811,0.08,gabors,null,4.0,"[3644.93333333, 3644.93333333]",0.0,-10.0,-10.0,"[20.0, 20.0]",null,null,null,0.8,null,0.25021618,86,,,0,,False,3,train,0
640,0.0,235.14811,235.39832,0.08,gabors,null,4.0,"[3644.93333333, 3644.93333333]",0.0,0.0,-30.0,"[20.0, 20.0]",null,null,null,0.8,null,0.25021618,46,,,0,,False,2,test,0
641,0.0,235.39832,235.64853,0.08,gabors,null,4.0,"[3644.93333333, 3644.93333333]",45.0,-30.0,30.0,"[20.0, 20.0]",null,null,null,0.8,null,0.25020382,227,,,0,,False,0,train,1
642,0.0,235.64853,235.89873,0.08,gabors,null,4.0,"[3644.93333333, 3644.93333333]",45.0,-20.0,-20.0,"[20.0, 20.0]",null,null,null,0.8,null,0.25020382,177,,,0,,False,2,test,1
643,0.0,235.89873,236.14893,0.08,gabors,null,4.0,"[3644.93333333, 3644.93333333]",45.0,-20.0,-20.0,"[20.0, 20.0]",null,null,null,0.8,null,0.25020382,177,,,0,,False,3,train,1
644,0.0,236.14893,236.39914,0.08,gabors,null,4.0,"[3644.93333333, 3644.93333333]",90.0,-10.0,-40.0,"[20.0, 20.0]",null,null,null,0.8,null,0.25020382,163,,,0,,False,2,test,2
645,0.0,236.39914,236.64936,0.08,gabors,null,4.0,"[3644.93333333, 3644.93333333]",0.0,10.0,-10.0,"[20.0, 20.0]",null,null,null,0.8,null,0.25022083,17,,,0,,False,5,test,0
646,0.0,236.64936,236.89958,0.08,gabors,null,4.0,"[3644.93333333, 3644.93333333]",45.0,-20.0,10.0,"[20.0, 20.0]",null,null,null,0.8,null,0.25022083,74,,,0,,False,3,train,1
647,0.0,236.89958,237.16648,0.08,gabors,null,4.0,"[3644.93333333, 3644.93333333]",90.0,40.0,-40.0,"[20.0, 20.0]",null,null,null,0.8,null,0.26690222,113,,,0,,False,3,train,2
648,0.0,237.16648,237.4167,0.08,gabors,null,4.0,"[3644.93333333, 3644.93333333]",0.0,20.0,-10.0,"[20.0, 20.0]",null,null,null,0.8,null,0.25022083,87,,,0,,False,4,train,0
649,0.0,237.4167,237.65022,0.08,gabors,null,4.0,"[3644.93333333, 3644.93333333]",45.0,20.0,-20.0,"[20.0, 20.0]",null,null,null,0.8,null,0.23351414,208,,,0,,False,1,train,1
650,0.0,237.65022,237.90041,0.08,gabors,null,4.0,"[3644.93333333, 3644.93333333]",90.0,-10.0,-30.0,"[20.0, 20.0]",null,null,null,0.8,null,0.25019372,166,,,0,,False,4,train,2
651,0.0,237.90041,238.1506,0.08,gabors,null,4.0,"[3644.93333333, 3644.93333333]",0.0,-40.0,-10.0,"[20.0, 20.0]",null,null,null,0.8,null,0.25019372,191,,,0,,False,1,train,0
652,0.0,238.1506,238.4008,0.08,gabors,null,4.0,"[3644.93333333, 3644.93333333]",0.0,-20.0,-10.0,"[20.0, 20.0]",null,null,null,0.8,null,0.25019372,101,,,0,,False,2,test,0
653,0.0,238.4008,238.65102,0.08,gabors,null,4.0,"[3644.93333333, 3644.93333333]",45.0,-10.0,0.0,"[20.0, 20.0]",null,null,null,0.8,null,0.25022368,115,,,0,,False,4,train,1
654,0.0,238.65102,238.90124,0.08,gabors,null,4.0,"[3644.93333333, 3644.93333333]",90.0,20.0,-40.0,"[20.0, 20.0]",null,null,null,0.8,null,0.25022368,183,,,0,,False,4,train,2
655,0.0,238.90124,239.15147,0.08,gabors,null,4.0,"[3644.93333333, 3644.93333333]",0.0,-40.0,20.0,"[20.0, 20.0]",null,null,null,0.8,null,0.25022368,151,,,0,,False,2,test,0
656,0.0,239.15147,239.40169,0.08,gabors,null,4.0,"[3644.93333333, 3644.93333333]",45.0,10.0,-20.0,"[20.0, 20.0]",null,null,null,0.8,null,0.25022368,64,,,0,,False,2,test,1
657,0.0,239.40169,239.65189,0.08,gabors,null,4.0,"[3644.93333333, 3644.93333333]",90.0,0.0,-10.0,"[20.0, 20.0]",null,null,null,0.8,null,0.25019382,196,,,0,,False,1,train,2
658,0.0,239.65189,239.90208,0.08,gabors,null,4.0,"[3644.93333333, 3644.93333333]",0.0,10.0,-30.0,"[20.0, 20.0]",null,null,null,0.8,null,0.25019382,169,,,0,,False,2,test,0
659,0.0,239.90208,240.15227,0.08,gabors,null,4.0,"[3644.93333333, 3644.93333333]",45.0,0.0,-10.0,"[20.0, 20.0]",null,null,null,0.8,null,0.25019382,222,,,0,,False,1,train,1
660,0.0,240.15227,240.40247,0.08,gabors,null,4.0,"[3644.93333333, 3644.93333333]",90.0,-10.0,40.0,"[20.0, 20.0]",null,null,null,0.8,null,0.25019382,167,,,0,,False,1,train,2
661,0.0,240.40247,240.65268,0.08,gabors,null,4.0,"[3644.93333333, 3644.93333333]",90.0,-20.0,30.0,"[20.0, 20.0]",null,null,null,0.8,null,0.25020868,170,,,0,,False,1,train,2
662,0.0,240.65268,240.90288,0.08,gabors,null,4.0,"[3644.93333333, 3644.93333333]",0.0,-10.0,10.0,"[20.0, 20.0]",null,null,null,0.8,null,0.25020868,19,,,0,,False,5,test,0
663,0.0,240.90288,241.15309,0.08,gabors,null,4.0,"[3644.93333333, 3644.93333333]",0.0,-40.0,-10.0,"[20.0, 20.0]",null,null,null,0.8,null,0.25020868,191,,,0,,False,2,test,0
664,0.0,241.15309,241.4033,0.08,gabors,null,4.0,"[3644.93333333, 3644.93333333]",0.0,-20.0,10.0,"[20.0, 20.0]",null,null,null,0.8,null,0.25020868,135,,,0,,False,1,train,0
665,0.0,241.4033,241.65351,0.08,gabors,null,4.0,"[3644.93333333, 3644.93333333]",90.0,0.0,20.0,"[20.0, 20.0]",null,null,null,0.8,null,0.25021132,93,,,0,,False,4,train,2
666,0.0,241.65351,241.90372,0.08,gabors,null,4.0,"[3644.93333333, 3644.93333333]",45.0,30.0,0.0,"[20.0, 20.0]",null,null,null,0.8,null,0.25021132,56,,,0,,False,2,test,1
667,0.0,241.90372,242.15394,0.08,gabors,null,4.0,"[3644.93333333, 3644.93333333]",45.0,-10.0,-30.0,"[20.0, 20.0]",null,null,null,0.8,null,0.25021132,148,,,0,,False,2,test,1
668,0.0,242.15394,242.40415,0.08,gabors,null,4.0,"[3644.93333333, 3644.93333333]",45.0,0.0,-20.0,"[20.0, 20.0]",null,null,null,0.8,null,0.25021132,27,,,0,,False,3,train,1
669,0.0,242.40415,242.65437,0.08,gabors,null,4.0,"[3644.93333333, 3644.93333333]",45.0,-40.0,-30.0,"[20.0, 20.0]",null,null,null,0.8,null,0.25021868,204,,,0,,False,2,test,1
670,0.0,242.65437,242.90458,0.08,gabors,null,4.0,"[3644.93333333, 3644.93333333]",45.0,0.0,20.0,"[20.0, 20.0]",null,null,null,0.8,null,0.25021868,129,,,0,,False,2,test,1
671,0.0,242.90458,243.1548,0.08,gabors,null,4.0,"[3644.93333333, 3644.93333333]",90.0,0.0,40.0,"[20.0, 20.0]",null,null,null,0.8,null,0.25021868,211,,,0,,False,3,train,2
672,0.0,243.1548,243.40502,0.08,gabors,null,4.0,"[3644.93333333, 3644.93333333]",45.0,0.0,10.0,"[20.0, 20.0]",null,null,null,0.8,null,0.25021868,110,,,0,,False,1,train,1
673,0.0,243.40502,243.65523,0.08,gabors,null,4.0,"[3644.93333333, 3644.93333333]",0.0,-20.0,-40.0,"[20.0, 20.0]",null,null,null,0.8,null,0.25020382,51,,,0,,False,1,train,0
674,0.0,243.65523,243.90543,0.08,gabors,null,4.0,"[3644.93333333, 3644.93333333]",90.0,-20.0,20.0,"[20.0, 20.0]",null,null,null,0.8,null,0.25020382,161,,,0,,False,3,train,2
675,0.0,243.90543,244.15563,0.08,gabors,null,4.0,"[3644.93333333, 3644.93333333]",90.0,-30.0,-30.0,"[20.0, 20.0]",null,null,null,0.8,null,0.25020382,50,,,0,,False,4,train,2
676,0.0,244.15563,244.40584,0.08,gabors,null,4.0,"[3644.93333333, 3644.93333333]",0.0,-10.0,20.0,"[20.0, 20.0]",null,null,null,0.8,null,0.25020382,228,,,0,,False,0,train,0
677,0.0,244.40584,244.65605,0.08,gabors,null,4.0,"[3644.93333333, 3644.93333333]",45.0,-10.0,10.0,"[20.0, 20.0]",null,null,null,0.8,null,0.25020868,89,,,0,,False,2,test,1
678,0.0,244.65605,244.90625,0.08,gabors,null,4.0,"[3644.93333333, 3644.93333333]",0.0,-20.0,-20.0,"[20.0, 20.0]",null,null,null,0.8,null,0.25020868,156,,,0,,False,1,train,0
679,0.0,244.90625,245.15646,0.08,gabors,null,4.0,"[3644.93333333, 3644.93333333]",45.0,-20.0,-40.0,"[20.0, 20.0]",null,null,null,0.8,null,0.25020868,157,,,0,,False,1,train,1
680,0.0,245.15646,245.40667,0.08,gabors,null,4.0,"[3644.93333333, 3644.93333333]",45.0,-10.0,20.0,"[20.0, 20.0]",null,null,null,0.8,null,0.25020868,120,,,0,,False,2,test,1
681,0.0,245.40667,245.65688,0.08,gabors,null,4.0,"[3644.93333333, 3644.93333333]",45.0,30.0,-10.0,"[20.0, 20.0]",null,null,null,0.8,null,0.25020632,223,,,0,,False,1,train,1
682,0.0,245.65688,245.90708,0.08,gabors,null,4.0,"[3644.93333333, 3644.93333333]",0.0,-20.0,20.0,"[20.0, 20.0]",null,null,null,0.8,null,0.25020632,145,,,0,,False,2,test,0
683,0.0,245.90708,246.15729,0.08,gabors,null,4.0,"[3644.93333333, 3644.93333333]",0.0,10.0,-20.0,"[20.0, 20.0]",null,null,null,0.8,null,0.25020632,217,,,0,,False,2,test,0
684,0.0,246.15729,246.4075,0.08,gabors,null,4.0,"[3644.93333333, 3644.93333333]",90.0,-30.0,-10.0,"[20.0, 20.0]",null,null,null,0.8,null,0.25020632,43,,,0,,False,2,test,2
685,0.0,246.4075,246.6577,0.08,gabors,null,4.0,"[3644.93333333, 3644.93333333]",0.0,0.0,-10.0,"[20.0, 20.0]",null,null,null,0.8,null,0.25020368,137,,,0,,False,4,train,0
686,0.0,246.6577,246.9079,0.08,gabors,null,4.0,"[3644.93333333, 3644.93333333]",0.0,-30.0,30.0,"[20.0, 20.0]",null,null,null,0.8,null,0.25020368,201,,,0,,False,2,test,0
687,0.0,246.9079,247.15811,0.08,gabors,null,4.0,"[3644.93333333, 3644.93333333]",90.0,20.0,-30.0,"[20.0, 20.0]",null,null,null,0.8,null,0.25020368,226,,,0,,False,1,train,2
688,0.0,247.15811,247.40831,0.08,gabors,null,4.0,"[3644.93333333, 3644.93333333]",90.0,30.0,40.0,"[20.0, 20.0]",null,null,null,0.8,null,0.25020368,30,,,0,,False,1,train,2
689,0.0,247.40831,247.65853,0.08,gabors,null,4.0,"[3644.93333333, 3644.93333333]",0.0,0.0,10.0,"[20.0, 20.0]",null,null,null,0.8,null,0.25021382,29,,,0,,False,6,train,0
690,0.0,247.65853,247.90874,0.08,gabors,null,4.0,"[3644.93333333, 3644.93333333]",90.0,40.0,0.0,"[20.0, 20.0]",null,null,null,0.8,null,0.25021382,152,,,0,,False,2,test,2
691,0.0,247.90874,248.15895,0.08,gabors,null,4.0,"[3644.93333333, 3644.93333333]",0.0,-10.0,-10.0,"[20.0, 20.0]",null,null,null,0.8,null,0.25021382,86,,,0,,False,4,train,0
692,0.0,248.15895,248.40917,0.08,gabors,null,4.0,"[3644.93333333, 3644.93333333]",45.0,20.0,40.0,"[20.0, 20.0]",null,null,null,0.8,null,0.25021382,127,,,0,,False,2,test,1
693,0.0,248.40917,248.65938,0.08,gabors,null,4.0,"[3644.93333333, 3644.93333333]",45.0,40.0,10.0,"[20.0, 20.0]",null,null,null,0.8,null,0.25021118,229,,,0,,False,0,train,1
694,0.0,248.65938,248.90959,0.08,gabors,null,4.0,"[3644.93333333, 3644.93333333]",90.0,-40.0,30.0,"[20.0, 20.0]",null,null,null,0.8,null,0.25021118,202,,,0,,False,2,test,2
695,0.0,248.90959,249.1598,0.08,gabors,null,4.0,"[3644.93333333, 3644.93333333]",45.0,-30.0,20.0,"[20.0, 20.0]",null,null,null,0.8,null,0.25021118,132,,,0,,False,2,test,1
696,0.0,249.1598,249.41001,0.08,gabors,null,4.0,"[3644.93333333, 3644.93333333]",0.0,-10.0,30.0,"[20.0, 20.0]",null,null,null,0.8,null,0.25021118,187,,,0,,False,1,train,0
697,0.0,249.41001,249.66022,0.08,gabors,null,4.0,"[3644.93333333, 3644.93333333]",45.0,-20.0,40.0,"[20.0, 20.0]",null,null,null,0.8,null,0.25020632,49,,,0,,False,2,test,1
698,0.0,249.66022,249.91042,0.08,gabors,null,4.0,"[3644.93333333, 3644.93333333]",45.0,-30.0,20.0,"[20.0, 20.0]",null,null,null,0.8,null,0.25020632,132,,,0,,False,3,train,1
699,0.0,249.91042,250.16063,0.08,gabors,null,4.0,"[3644.93333333, 3644.93333333]",45.0,20.0,40.0,"[20.0, 20.0]",null,null,null,0.8,null,0.25020632,127,,,0,,False,3,train,1
700,0.0,250.16063,250.41084,0.08,gabors,null,4.0,"[3644.93333333, 3644.93333333]",0.0,-40.0,-30.0,"[20.0, 20.0]",null,null,null,0.8,null,0.25020632,209,,,0,,False,1,train,0
701,0.0,250.41084,250.66106,0.08,gabors,null,4.0,"[3644.93333333, 3644.93333333]",0.0,-30.0,-30.0,"[20.0, 20.0]",null,null,null,0.8,null,0.25021868,224,,,0,,False,1,train,0
702,0.0,250.66106,250.91127,0.08,gabors,null,4.0,"[3644.93333333, 3644.93333333]",0.0,-20.0,-20.0,"[20.0, 20.0]",null,null,null,0.8,null,0.25021868,156,,,0,,False,2,test,0
703,0.0,250.91127,251.16149,0.08,gabors,null,4.0,"[3644.93333333, 3644.93333333]",45.0,0.0,-40.0,"[20.0, 20.0]",null,null,null,0.8,null,0.25021868,72,,,0,,False,3,train,1
704,0.0,251.16149,251.41171,0.08,gabors,null,4.0,"[3644.93333333, 3644.93333333]",0.0,20.0,0.0,"[20.0, 20.0]",null,null,null,0.8,null,0.25021868,71,,,0,,False,4,train,0
705,0.0,251.41171,251.66191,0.08,gabors,null,4.0,"[3644.93333333, 3644.93333333]",90.0,-30.0,30.0,"[20.0, 20.0]",null,null,null,0.8,null,0.25019632,8,,,0,,False,3,train,2
706,0.0,251.66191,251.9121,0.08,gabors,null,4.0,"[3644.93333333, 3644.93333333]",0.0,-30.0,-20.0,"[20.0, 20.0]",null,null,null,0.8,null,0.25019632,143,,,0,,False,4,train,0
707,0.0,251.9121,252.1623,0.08,gabors,null,4.0,"[3644.93333333, 3644.93333333]",45.0,-10.0,-20.0,"[20.0, 20.0]",null,null,null,0.8,null,0.25019632,48,,,0,,False,2,test,1
708,0.0,252.1623,252.4125,0.08,gabors,null,4.0,"[3644.93333333, 3644.93333333]",90.0,40.0,-30.0,"[20.0, 20.0]",null,null,null,0.8,null,0.25019632,168,,,0,,False,3,train,2
709,0.0,252.4125,252.66272,0.08,gabors,null,4.0,"[3644.93333333, 3644.93333333]",90.0,40.0,10.0,"[20.0, 20.0]",null,null,null,0.8,null,0.25022118,121,,,0,,False,3,train,2
710,0.0,252.66272,252.91294,0.08,gabors,null,4.0,"[3644.93333333, 3644.93333333]",90.0,20.0,0.0,"[20.0, 20.0]",null,null,null,0.8,null,0.25022118,73,,,0,,False,2,test,2
711,0.0,252.91294,253.16316,0.08,gabors,null,4.0,"[3644.93333333, 3644.93333333]",90.0,-20.0,10.0,"[20.0, 20.0]",null,null,null,0.8,null,0.25022118,26,,,0,,False,5,test,2
712,0.0,253.16316,253.41338,0.08,gabors,null,4.0,"[3644.93333333, 3644.93333333]",90.0,10.0,-20.0,"[20.0, 20.0]",null,null,null,0.8,null,0.25022118,106,,,0,,False,3,train,2
713,0.0,253.41338,253.66358,0.08,gabors,null,4.0,"[3644.93333333, 3644.93333333]",90.0,-30.0,20.0,"[20.0, 20.0]",null,null,null,0.8,null,0.25019882,139,,,0,,False,3,train,2
714,0.0,253.66358,253.91378,0.08,gabors,null,4.0,"[3644.93333333, 3644.93333333]",45.0,10.0,-40.0,"[20.0, 20.0]",null,null,null,0.8,null,0.25019882,23,,,0,,False,4,train,1
715,0.0,253.91378,254.16398,0.08,gabors,null,4.0,"[3644.93333333, 3644.93333333]",90.0,0.0,0.0,"[20.0, 20.0]",null,null,null,0.8,null,0.25019882,80,,,0,,False,4,train,2
716,0.0,254.16398,254.41418,0.08,gabors,null,4.0,"[3644.93333333, 3644.93333333]",0.0,-10.0,10.0,"[20.0, 20.0]",null,null,null,0.8,null,0.25019882,19,,,0,,False,6,train,0
717,0.0,254.41418,254.66439,0.08,gabors,null,4.0,"[3644.93333333, 3644.93333333]",45.0,-10.0,-30.0,"[20.0, 20.0]",null,null,null,0.8,null,0.25021368,148,,,0,,False,3,train,1
718,0.0,254.66439,254.9146,0.08,gabors,null,4.0,"[3644.93333333, 3644.93333333]",0.0,-40.0,-30.0,"[20.0, 20.0]",null,null,null,0.8,null,0.25021368,209,,,0,,False,2,test,0
719,0.0,254.9146,255.16482,0.08,gabors,null,4.0,"[3644.93333333, 3644.93333333]",90.0,-20.0,-20.0,"[20.0, 20.0]",null,null,null,0.8,null,0.25021368,35,,,0,,False,4,train,2
720,0.0,255.16482,255.41503,0.08,gabors,null,4.0,"[3644.93333333, 3644.93333333]",90.0,20.0,10.0,"[20.0, 20.0]",null,null,null,0.8,null,0.25021368,138,,,0,,False,2,test,2
721,0.0,255.41503,255.66524,0.08,gabors,null,4.0,"[3644.93333333, 3644.93333333]",45.0,-40.0,30.0,"[20.0, 20.0]",null,null,null,0.8,null,0.25020632,154,,,0,,False,4,train,1
722,0.0,255.66524,255.91544,0.08,gabors,null,4.0,"[3644.93333333, 3644.93333333]",0.0,-30.0,10.0,"[20.0, 20.0]",null,null,null,0.8,null,0.25020632,153,,,0,,False,2,test,0
723,0.0,255.91544,256.16565,0.08,gabors,null,4.0,"[3644.93333333, 3644.93333333]",0.0,10.0,-40.0,"[20.0, 20.0]",null,null,null,0.8,null,0.25020632,186,,,0,,False,3,train,0
724,0.0,256.16565,256.41586,0.08,gabors,null,4.0,"[3644.93333333, 3644.93333333]",45.0,-20.0,20.0,"[20.0, 20.0]",null,null,null,0.8,null,0.25020632,66,,,0,,False,5,test,1
725,0.0,256.41586,256.66607,0.08,gabors,null,4.0,"[3644.93333333, 3644.93333333]",0.0,10.0,20.0,"[20.0, 20.0]",null,null,null,0.8,null,0.25021618,15,,,0,,False,3,train,0
726,0.0,256.66607,256.91629,0.08,gabors,null,4.0,"[3644.93333333, 3644.93333333]",0.0,-10.0,40.0,"[20.0, 20.0]",null,null,null,0.8,null,0.25021618,60,,,0,,False,1,train,0
727,0.0,256.91629,257.16651,0.08,gabors,null,4.0,"[3644.93333333, 3644.93333333]",90.0,-10.0,-10.0,"[20.0, 20.0]",null,null,null,0.8,null,0.25021618,230,,,0,,False,0,train,2
728,0.0,257.16651,257.41672,0.08,gabors,null,4.0,"[3644.93333333, 3644.93333333]",90.0,-30.0,-10.0,"[20.0, 20.0]",null,null,null,0.8,null,0.25021618,43,,,0,,False,3,train,2
729,0.0,257.41672,257.66692,0.08,gabors,null,4.0,"[3644.93333333, 3644.93333333]",0.0,20.0,10.0,"[20.0, 20.0]",null,null,null,0.8,null,0.25020132,147,,,0,,False,2,test,0
730,0.0,257.66692,257.91712,0.08,gabors,null,4.0,"[3644.93333333, 3644.93333333]",90.0,0.0,30.0,"[20.0, 20.0]",null,null,null,0.8,null,0.25020132,92,,,0,,False,6,train,2
731,0.0,257.91712,258.16733,0.08,gabors,null,4.0,"[3644.93333333, 3644.93333333]",90.0,30.0,30.0,"[20.0, 20.0]",null,null,null,0.8,null,0.25020132,207,,,0,,False,1,train,2
732,0.0,258.16733,258.41753,0.08,gabors,null,4.0,"[3644.93333333, 3644.93333333]",0.0,20.0,-40.0,"[20.0, 20.0]",null,null,null,0.8,null,0.25020132,164,,,0,,False,2,test,0
733,0.0,258.41753,258.66775,0.08,gabors,null,4.0,"[3644.93333333, 3644.93333333]",45.0,40.0,-30.0,"[20.0, 20.0]",null,null,null,0.8,null,0.25021868,109,,,0,,False,3,train,1
734,0.0,258.66775,258.91796,0.08,gabors,null,4.0,"[3644.93333333, 3644.93333333]",45.0,-10.0,40.0,"[20.0, 20.0]",null,null,null,0.8,null,0.25021868,175,,,0,,False,1,train,1
735,0.0,258.91796,259.16818,0.08,gabors,null,4.0,"[3644.93333333, 3644.93333333]",90.0,-20.0,-40.0,"[20.0, 20.0]",null,null,null,0.8,null,0.25021868,36,,,0,,False,3,train,2
736,0.0,259.16818,259.4184,0.08,gabors,null,4.0,"[3644.93333333, 3644.93333333]",90.0,-20.0,30.0,"[20.0, 20.0]",null,null,null,0.8,null,0.25021868,170,,,0,,False,2,test,2
737,0.0,259.4184,259.6686,0.08,gabors,null,4.0,"[3644.93333333, 3644.93333333]",45.0,-20.0,-30.0,"[20.0, 20.0]",null,null,null,0.8,null,0.25019882,96,,,0,,False,4,train,1
738,0.0,259.6686,259.9188,0.08,gabors,null,4.0,"[3644.93333333, 3644.93333333]",0.0,40.0,40.0,"[20.0, 20.0]",null,null,null,0.8,null,0.25019882,136,,,0,,False,1,train,0
739,0.0,259.9188,260.169,0.08,gabors,null,4.0,"[3644.93333333, 3644.93333333]",45.0,-30.0,-40.0,"[20.0, 20.0]",null,null,null,0.8,null,0.25019882,34,,,0,,False,2,test,1
740,0.0,260.169,260.4192,0.08,gabors,null,4.0,"[3644.93333333, 3644.93333333]",90.0,30.0,30.0,"[20.0, 20.0]",null,null,null,0.8,null,0.25019882,207,,,0,,False,2,test,2
741,0.0,260.4192,260.66941,0.08,gabors,null,4.0,"[3644.93333333, 3644.93333333]",90.0,-10.0,-10.0,"[20.0, 20.0]",null,null,null,0.8,null,0.25021618,230,,,0,,False,1,train,2
742,0.0,260.66941,260.91963,0.08,gabors,null,4.0,"[3644.93333333, 3644.93333333]",90.0,30.0,-10.0,"[20.0, 20.0]",null,null,null,0.8,null,0.25021618,83,,,0,,False,3,train,2
743,0.0,260.91963,261.16985,0.08,gabors,null,4.0,"[3644.93333333, 3644.93333333]",90.0,20.0,30.0,"[20.0, 20.0]",null,null,null,0.8,null,0.25021618,198,,,0,,False,2,test,2
744,0.0,261.16985,261.42006,0.08,gabors,null,4.0,"[3644.93333333, 3644.93333333]",0.0,20.0,-20.0,"[20.0, 20.0]",null,null,null,0.8,null,0.25021618,25,,,0,,False,6,train,0
745,0.0,261.42006,261.67026,0.08,gabors,null,4.0,"[3644.93333333, 3644.93333333]",0.0,-10.0,0.0,"[20.0, 20.0]",null,null,null,0.8,null,0.25020132,122,,,0,,False,4,train,0
746,0.0,261.67026,261.92046,0.08,gabors,null,4.0,"[3644.93333333, 3644.93333333]",0.0,10.0,20.0,"[20.0, 20.0]",null,null,null,0.8,null,0.25020132,15,,,0,,False,4,train,0
747,0.0,261.92046,262.17067,0.08,gabors,null,4.0,"[3644.93333333, 3644.93333333]",0.0,30.0,-30.0,"[20.0, 20.0]",null,null,null,0.8,null,0.25020132,130,,,0,,False,4,train,0
748,0.0,262.17067,262.42087,0.08,gabors,null,4.0,"[3644.93333333, 3644.93333333]",45.0,20.0,20.0,"[20.0, 20.0]",null,null,null,0.8,null,0.25020132,212,,,0,,False,3,train,1
749,0.0,262.42087,262.67109,0.08,gabors,null,4.0,"[3644.93333333, 3644.93333333]",90.0,20.0,-10.0,"[20.0, 20.0]",null,null,null,0.8,null,0.25022118,150,,,0,,False,5,test,2
750,0.0,262.67109,262.92131,0.08,gabors,null,4.0,"[3644.93333333, 3644.93333333]",0.0,30.0,30.0,"[20.0, 20.0]",null,null,null,0.8,null,0.25022118,104,,,0,,False,3,train,0
751,0.0,262.92131,263.17153,0.08,gabors,null,4.0,"[3644.93333333, 3644.93333333]",90.0,-20.0,0.0,"[20.0, 20.0]",null,null,null,0.8,null,0.25022118,78,,,0,,False,5,test,2
752,0.0,263.17153,263.42175,0.08,gabors,null,4.0,"[3644.93333333, 3644.93333333]",90.0,40.0,-20.0,"[20.0, 20.0]",null,null,null,0.8,null,0.25022118,173,,,0,,False,2,test,2
753,0.0,263.42175,263.67195,0.08,gabors,null,4.0,"[3644.93333333, 3644.93333333]",0.0,20.0,0.0,"[20.0, 20.0]",null,null,null,0.8,null,0.25020132,71,,,0,,False,5,test,0
754,0.0,263.67195,263.92215,0.08,gabors,null,4.0,"[3644.93333333, 3644.93333333]",90.0,-40.0,-10.0,"[20.0, 20.0]",null,null,null,0.8,null,0.25020132,225,,,0,,False,2,test,2
755,0.0,263.92215,264.17236,0.08,gabors,null,4.0,"[3644.93333333, 3644.93333333]",45.0,20.0,20.0,"[20.0, 20.0]",null,null,null,0.8,null,0.25020132,212,,,0,,False,4,train,1
756,0.0,264.17236,264.42256,0.08,gabors,null,4.0,"[3644.93333333, 3644.93333333]",0.0,20.0,30.0,"[20.0, 20.0]",null,null,null,0.8,null,0.25020132,182,,,0,,False,4,train,0
757,0.0,264.42256,264.67277,0.08,gabors,null,4.0,"[3644.93333333, 3644.93333333]",0.0,30.0,-40.0,"[20.0, 20.0]",null,null,null,0.8,null,0.25021118,70,,,0,,False,4,train,0
758,0.0,264.67277,264.92298,0.08,gabors,null,4.0,"[3644.93333333, 3644.93333333]",45.0,-10.0,30.0,"[20.0, 20.0]",null,null,null,0.8,null,0.25021118,231,,,0,,False,0,train,1
759,0.0,264.92298,265.17319,0.08,gabors,null,4.0,"[3644.93333333, 3644.93333333]",0.0,30.0,-10.0,"[20.0, 20.0]",null,null,null,0.8,null,0.25021118,181,,,0,,False,3,train,0
760,0.0,265.17319,265.4234,0.08,gabors,null,4.0,"[3644.93333333, 3644.93333333]",0.0,-30.0,-20.0,"[20.0, 20.0]",null,null,null,0.8,null,0.25021118,143,,,0,,False,5,test,0
761,0.0,265.4234,265.67361,0.08,gabors,null,4.0,"[3644.93333333, 3644.93333333]",0.0,20.0,0.0,"[20.0, 20.0]",null,null,null,0.8,null,0.25020382,71,,,0,,False,6,train,0
762,0.0,265.67361,265.92381,0.08,gabors,null,4.0,"[3644.93333333, 3644.93333333]",0.0,0.0,-10.0,"[20.0, 20.0]",null,null,null,0.8,null,0.25020382,137,,,0,,False,5,test,0
763,0.0,265.92381,266.17401,0.08,gabors,null,4.0,"[3644.93333333, 3644.93333333]",45.0,40.0,10.0,"[20.0, 20.0]",null,null,null,0.8,null,0.25020382,229,,,0,,False,1,train,1
764,0.0,266.17401,266.42422,0.08,gabors,null,4.0,"[3644.93333333, 3644.93333333]",45.0,20.0,10.0,"[20.0, 20.0]",null,null,null,0.8,null,0.25020382,31,,,0,,False,1,train,1
765,0.0,266.42422,266.67443,0.08,gabors,null,4.0,"[3644.93333333, 3644.93333333]",90.0,20.0,0.0,"[20.0, 20.0]",null,null,null,0.8,null,0.25021618,73,,,0,,False,3,train,2
766,0.0,266.67443,266.92465,0.08,gabors,null,4.0,"[3644.93333333, 3644.93333333]",0.0,-30.0,-20.0,"[20.0, 20.0]",null,null,null,0.8,null,0.25021618,143,,,0,,False,6,train,0
767,0.0,266.92465,267.17487,0.08,gabors,null,4.0,"[3644.93333333, 3644.93333333]",0.0,30.0,-40.0,"[20.0, 20.0]",null,null,null,0.8,null,0.25021618,70,,,0,,False,5,test,0
768,0.0,267.17487,267.42508,0.08,gabors,null,4.0,"[3644.93333333, 3644.93333333]",45.0,0.0,-30.0,"[20.0, 20.0]",null,null,null,0.8,null,0.25021618,232,,,0,,False,0,train,1
769,0.0,267.42508,267.67529,0.08,gabors,null,4.0,"[3644.93333333, 3644.93333333]",90.0,-30.0,40.0,"[20.0, 20.0]",null,null,null,0.8,null,0.25020382,47,,,0,,False,7,train,2
770,0.0,267.67529,267.92549,0.08,gabors,null,4.0,"[3644.93333333, 3644.93333333]",45.0,10.0,-20.0,"[20.0, 20.0]",null,null,null,0.8,null,0.25020382,64,,,0,,False,3,train,1
771,0.0,267.92549,268.17569,0.08,gabors,null,4.0,"[3644.93333333, 3644.93333333]",0.0,-10.0,-20.0,"[20.0, 20.0]",null,null,null,0.8,null,0.25020382,14,,,0,,False,1,train,0
772,0.0,268.17569,268.4259,0.08,gabors,null,4.0,"[3644.93333333, 3644.93333333]",45.0,0.0,-20.0,"[20.0, 20.0]",null,null,null,0.8,null,0.25020382,27,,,0,,False,4,train,1
773,0.0,268.4259,268.67611,0.08,gabors,null,4.0,"[3644.93333333, 3644.93333333]",45.0,-20.0,-10.0,"[20.0, 20.0]",null,null,null,0.8,null,0.25021368,159,,,0,,False,1,train,1
774,0.0,268.67611,268.92632,0.08,gabors,null,4.0,"[3644.93333333, 3644.93333333]",90.0,30.0,40.0,"[20.0, 20.0]",null,null,null,0.8,null,0.25021368,30,,,0,,False,2,test,2
775,0.0,268.92632,269.17654,0.08,gabors,null,4.0,"[3644.93333333, 3644.93333333]",0.0,-20.0,-20.0,"[20.0, 20.0]",null,null,null,0.8,null,0.25021368,156,,,0,,False,3,train,0
776,0.0,269.17654,269.42675,0.08,gabors,null,4.0,"[3644.93333333, 3644.93333333]",90.0,10.0,-30.0,"[20.0, 20.0]",null,null,null,0.8,null,0.25021368,233,,,0,,False,0,train,2
777,0.0,269.42675,269.67695,0.08,gabors,null,4.0,"[3644.93333333, 3644.93333333]",0.0,-20.0,-10.0,"[20.0, 20.0]",null,null,null,0.8,null,0.25020132,101,,,0,,False,3,train,0
778,0.0,269.67695,269.92715,0.08,gabors,null,4.0,"[3644.93333333, 3644.93333333]",45.0,20.0,-20.0,"[20.0, 20.0]",null,null,null,0.8,null,0.25020132,208,,,0,,False,2,test,1
779,0.0,269.92715,270.17736,0.08,gabors,null,4.0,"[3644.93333333, 3644.93333333]",0.0,0.0,0.0,"[20.0, 20.0]",null,null,null,0.8,null,0.25020132,234,,,0,,False,0,train,0
780,0.0,270.17736,270.42756,0.08,gabors,null,4.0,"[3644.93333333, 3644.93333333]",0.0,30.0,-40.0,"[20.0, 20.0]",null,null,null,0.8,null,0.25020132,70,,,0,,False,6,train,0
781,0.0,270.42756,270.67778,0.08,gabors,null,4.0,"[3644.93333333, 3644.93333333]",90.0,10.0,10.0,"[20.0, 20.0]",null,null,null,0.8,null,0.25022118,180,,,0,,False,1,train,2
782,0.0,270.67778,270.928,0.08,gabors,null,4.0,"[3644.93333333, 3644.93333333]",0.0,10.0,-20.0,"[20.0, 20.0]",null,null,null,0.8,null,0.25022118,217,,,0,,False,3,train,0
783,0.0,270.928,271.17822,0.08,gabors,null,4.0,"[3644.93333333, 3644.93333333]",45.0,-20.0,-10.0,"[20.0, 20.0]",null,null,null,0.8,null,0.25022118,159,,,0,,False,2,test,1
784,0.0,271.17822,271.42844,0.08,gabors,null,4.0,"[3644.93333333, 3644.93333333]",90.0,-10.0,-10.0,"[20.0, 20.0]",null,null,null,0.8,null,0.25022118,230,,,0,,False,2,test,2
785,0.0,271.42844,271.67864,0.08,gabors,null,4.0,"[3644.93333333, 3644.93333333]",0.0,-20.0,-20.0,"[20.0, 20.0]",null,null,null,0.8,null,0.25019882,156,,,0,,False,4,train,0
786,0.0,271.67864,271.92884,0.08,gabors,null,4.0,"[3644.93333333, 3644.93333333]",0.0,-10.0,20.0,"[20.0, 20.0]",null,null,null,0.8,null,0.25019882,228,,,0,,False,1,train,0
787,0.0,271.92884,272.17904,0.08,gabors,null,4.0,"[3644.93333333, 3644.93333333]",90.0,10.0,40.0,"[20.0, 20.0]",null,null,null,0.8,null,0.25019882,90,,,0,,False,1,train,2
788,0.0,272.17904,272.42924,0.08,gabors,null,4.0,"[3644.93333333, 3644.93333333]",45.0,30.0,-40.0,"[20.0, 20.0]",null,null,null,0.8,null,0.25019882,54,,,0,,False,5,test,1
789,0.0,272.42924,272.67945,0.08,gabors,null,4.0,"[3644.93333333, 3644.93333333]",45.0,0.0,-30.0,"[20.0, 20.0]",null,null,null,0.8,null,0.25020868,232,,,0,,False,1,train,1
790,0.0,272.67945,272.92965,0.08,gabors,null,4.0,"[3644.93333333, 3644.93333333]",0.0,-30.0,30.0,"[20.0, 20.0]",null,null,null,0.8,null,0.25020868,201,,,0,,False,3,train,0
791,0.0,272.92965,273.17986,0.08,gabors,null,4.0,"[3644.93333333, 3644.93333333]",90.0,30.0,-30.0,"[20.0, 20.0]",null,null,null,0.8,null,0.25020868,103,,,0,,False,5,test,2
792,0.0,273.17986,273.43007,0.08,gabors,null,4.0,"[3644.93333333, 3644.93333333]",90.0,10.0,-30.0,"[20.0, 20.0]",null,null,null,0.8,null,0.25020868,233,,,0,,False,1,train,2
793,0.0,273.43007,273.68028,0.08,gabors,null,4.0,"[3644.93333333, 3644.93333333]",0.0,10.0,40.0,"[20.0, 20.0]",null,null,null,0.8,null,0.25021132,194,,,0,,False,4,train,0
794,0.0,273.68028,273.93049,0.08,gabors,null,4.0,"[3644.93333333, 3644.93333333]",45.0,10.0,-20.0,"[20.0, 20.0]",null,null,null,0.8,null,0.25021132,64,,,0,,False,4,train,1
795,0.0,273.93049,274.18071,0.08,gabors,null,4.0,"[3644.93333333, 3644.93333333]",90.0,-10.0,40.0,"[20.0, 20.0]",null,null,null,0.8,null,0.25021132,167,,,0,,False,2,test,2
796,0.0,274.18071,274.43092,0.08,gabors,null,4.0,"[3644.93333333, 3644.93333333]",0.0,40.0,-10.0,"[20.0, 20.0]",null,null,null,0.8,null,0.25021132,114,,,0,,False,2,test,0
797,0.0,274.43092,274.68113,0.08,gabors,null,4.0,"[3644.93333333, 3644.93333333]",0.0,10.0,10.0,"[20.0, 20.0]",null,null,null,0.8,null,0.25021368,42,,,0,,False,3,train,0
798,0.0,274.68113,274.93134,0.08,gabors,null,4.0,"[3644.93333333, 3644.93333333]",90.0,-10.0,-20.0,"[20.0, 20.0]",null,null,null,0.8,null,0.25021368,133,,,0,,False,2,test,2
799,0.0,274.93134,275.18156,0.08,gabors,null,4.0,"[3644.93333333, 3644.93333333]",90.0,40.0,40.0,"[20.0, 20.0]",null,null,null,0.8,null,0.25021368,235,,,0,,False,0,train,2
800,0.0,275.18156,275.43177,0.08,gabors,null,4.0,"[3644.93333333, 3644.93333333]",90.0,20.0,-30.0,"[20.0, 20.0]",null,null,null,0.8,null,0.25021368,226,,,0,,False,2,test,2
801,0.0,275.43177,275.68198,0.08,gabors,null,4.0,"[3644.93333333, 3644.93333333]",90.0,20.0,10.0,"[20.0, 20.0]",null,null,null,0.8,null,0.25020382,138,,,0,,False,3,train,2
802,0.0,275.68198,275.93218,0.08,gabors,null,4.0,"[3644.93333333, 3644.93333333]",0.0,30.0,20.0,"[20.0, 20.0]",null,null,null,0.8,null,0.25020382,88,,,0,,False,3,train,0
803,0.0,275.93218,276.18238,0.08,gabors,null,4.0,"[3644.93333333, 3644.93333333]",45.0,30.0,-20.0,"[20.0, 20.0]",null,null,null,0.8,null,0.25020382,57,,,0,,False,5,test,1
804,0.0,276.18238,276.43259,0.08,gabors,null,4.0,"[3644.93333333, 3644.93333333]",45.0,-20.0,-10.0,"[20.0, 20.0]",null,null,null,0.8,null,0.25020382,159,,,0,,False,3,train,1
805,0.0,276.43259,276.6828,0.08,gabors,null,4.0,"[3644.93333333, 3644.93333333]",45.0,0.0,30.0,"[20.0, 20.0]",null,null,null,0.8,null,0.25021618,99,,,0,,False,2,test,1
806,0.0,276.6828,276.93302,0.08,gabors,null,4.0,"[3644.93333333, 3644.93333333]",45.0,-10.0,20.0,"[20.0, 20.0]",null,null,null,0.8,null,0.25021618,120,,,0,,False,3,train,1
807,0.0,276.93302,277.18324,0.08,gabors,null,4.0,"[3644.93333333, 3644.93333333]",90.0,-40.0,-20.0,"[20.0, 20.0]",null,null,null,0.8,null,0.25021618,40,,,0,,False,3,train,2
808,0.0,277.18324,277.43345,0.08,gabors,null,4.0,"[3644.93333333, 3644.93333333]",0.0,-30.0,-40.0,"[20.0, 20.0]",null,null,null,0.8,null,0.25021618,162,,,0,,False,1,train,0
809,0.0,277.43345,277.68365,0.08,gabors,null,4.0,"[3644.93333333, 3644.93333333]",0.0,-30.0,10.0,"[20.0, 20.0]",null,null,null,0.8,null,0.25019882,153,,,0,,False,3,train,0
810,0.0,277.68365,277.93385,0.08,gabors,null,4.0,"[3644.93333333, 3644.93333333]",90.0,10.0,20.0,"[20.0, 20.0]",null,null,null,0.8,null,0.25019882,176,,,0,,False,4,train,2
811,0.0,277.93385,278.18405,0.08,gabors,null,4.0,"[3644.93333333, 3644.93333333]",45.0,-30.0,20.0,"[20.0, 20.0]",null,null,null,0.8,null,0.25019882,132,,,0,,False,4,train,1
812,0.0,278.18405,278.43425,0.08,gabors,null,4.0,"[3644.93333333, 3644.93333333]",45.0,-30.0,10.0,"[20.0, 20.0]",null,null,null,0.8,null,0.25019882,142,,,0,,False,3,train,1
813,0.0,278.43425,278.68446,0.08,gabors,null,4.0,"[3644.93333333, 3644.93333333]",45.0,-30.0,-40.0,"[20.0, 20.0]",null,null,null,0.8,null,0.25021618,34,,,0,,False,3,train,1
814,0.0,278.68446,278.93468,0.08,gabors,null,4.0,"[3644.93333333, 3644.93333333]",90.0,0.0,-20.0,"[20.0, 20.0]",null,null,null,0.8,null,0.25021618,59,,,0,,False,3,train,2
815,0.0,278.93468,279.1849,0.08,gabors,null,4.0,"[3644.93333333, 3644.93333333]",0.0,-40.0,30.0,"[20.0, 20.0]",null,null,null,0.8,null,0.25021618,2,,,0,,False,5,test,0
816,0.0,279.1849,279.43511,0.08,gabors,null,4.0,"[3644.93333333, 3644.93333333]",45.0,-20.0,-40.0,"[20.0, 20.0]",null,null,null,0.8,null,0.25021618,157,,,0,,False,2,test,1
817,0.0,279.43511,279.68532,0.08,gabors,null,4.0,"[3644.93333333, 3644.93333333]",90.0,20.0,20.0,"[20.0, 20.0]",null,null,null,0.8,null,0.25020382,22,,,0,,False,3,train,2
818,0.0,279.68532,279.93552,0.08,gabors,null,4.0,"[3644.93333333, 3644.93333333]",0.0,40.0,40.0,"[20.0, 20.0]",null,null,null,0.8,null,0.25020382,136,,,0,,False,2,test,0
819,0.0,279.93552,280.18572,0.08,gabors,null,4.0,"[3644.93333333, 3644.93333333]",90.0,-20.0,0.0,"[20.0, 20.0]",null,null,null,0.8,null,0.25020382,78,,,0,,False,6,train,2
820,0.0,280.18572,280.43593,0.08,gabors,null,4.0,"[3644.93333333, 3644.93333333]",45.0,-40.0,20.0,"[20.0, 20.0]",null,null,null,0.8,null,0.25020382,124,,,0,,False,2,test,1
821,0.0,280.43593,280.68614,0.08,gabors,null,4.0,"[3644.93333333, 3644.93333333]",0.0,20.0,-20.0,"[20.0, 20.0]",null,null,null,0.8,null,0.25021618,25,,,0,,False,7,train,0
822,0.0,280.68614,280.93636,0.08,gabors,null,4.0,"[3644.93333333, 3644.93333333]",45.0,-40.0,10.0,"[20.0, 20.0]",null,null,null,0.8,null,0.25021618,45,,,0,,False,2,test,1
823,0.0,280.93636,281.18658,0.08,gabors,null,4.0,"[3644.93333333, 3644.93333333]",0.0,-30.0,20.0,"[20.0, 20.0]",null,null,null,0.8,null,0.25021618,33,,,0,,False,1,train,0
824,0.0,281.18658,281.43679,0.08,gabors,null,4.0,"[3644.93333333, 3644.93333333]",45.0,30.0,-30.0,"[20.0, 20.0]",null,null,null,0.8,null,0.25021618,102,,,0,,False,3,train,1
825,0.0,281.43679,281.687,0.08,gabors,null,4.0,"[3644.93333333, 3644.93333333]",90.0,30.0,-40.0,"[20.0, 20.0]",null,null,null,0.8,null,0.25020382,184,,,0,,False,3,train,2
826,0.0,281.687,281.9372,0.08,gabors,null,4.0,"[3644.93333333, 3644.93333333]",0.0,10.0,10.0,"[20.0, 20.0]",null,null,null,0.8,null,0.25020382,42,,,0,,False,4,train,0
827,0.0,281.9372,282.1874,0.08,gabors,null,4.0,"[3644.93333333, 3644.93333333]",45.0,20.0,-10.0,"[20.0, 20.0]",null,null,null,0.8,null,0.25020382,236,,,0,,False,0,train,1
828,0.0,282.1874,282.43761,0.08,gabors,null,4.0,"[3644.93333333, 3644.93333333]",0.0,-40.0,30.0,"[20.0, 20.0]",null,null,null,0.8,null,0.25020382,2,,,0,,False,6,train,0
829,0.0,282.43761,282.68783,0.08,gabors,null,4.0,"[3644.93333333, 3644.93333333]",90.0,-20.0,-40.0,"[20.0, 20.0]",null,null,null,0.8,null,0.25021868,36,,,0,,False,4,train,2
830,0.0,282.68783,282.93804,0.08,gabors,null,4.0,"[3644.93333333, 3644.93333333]",45.0,0.0,30.0,"[20.0, 20.0]",null,null,null,0.8,null,0.25021868,99,,,0,,False,3,train,1
831,0.0,282.93804,283.18826,0.08,gabors,null,4.0,"[3644.93333333, 3644.93333333]",0.0,30.0,10.0,"[20.0, 20.0]",null,null,null,0.8,null,0.25021868,141,,,0,,False,2,test,0
832,0.0,283.18826,283.43848,0.08,gabors,null,4.0,"[3644.93333333, 3644.93333333]",45.0,-40.0,-30.0,"[20.0, 20.0]",null,null,null,0.8,null,0.25021868,204,,,0,,False,3,train,1
833,0.0,283.43848,283.68868,0.08,gabors,null,4.0,"[3644.93333333, 3644.93333333]",90.0,-30.0,0.0,"[20.0, 20.0]",null,null,null,0.8,null,0.25019632,105,,,0,,False,5,test,2
834,0.0,283.68868,283.93887,0.08,gabors,null,4.0,"[3644.93333333, 3644.93333333]",0.0,-20.0,30.0,"[20.0, 20.0]",null,null,null,0.8,null,0.25019632,215,,,0,,False,2,test,0
835,0.0,283.93887,284.18907,0.08,gabors,null,4.0,"[3644.93333333, 3644.93333333]",90.0,-10.0,-10.0,"[20.0, 20.0]",null,null,null,0.8,null,0.25019632,230,,,0,,False,3,train,2
836,0.0,284.18907,284.43927,0.08,gabors,null,4.0,"[3644.93333333, 3644.93333333]",0.0,-30.0,20.0,"[20.0, 20.0]",null,null,null,0.8,null,0.25019632,33,,,0,,False,2,test,0
837,0.0,284.43927,284.68948,0.08,gabors,null,4.0,"[3644.93333333, 3644.93333333]",0.0,0.0,0.0,"[20.0, 20.0]",null,null,null,0.8,null,0.25021618,234,,,0,,False,1,train,0
838,0.0,284.68948,284.9397,0.08,gabors,null,4.0,"[3644.93333333, 3644.93333333]",90.0,20.0,-40.0,"[20.0, 20.0]",null,null,null,0.8,null,0.25021618,183,,,0,,False,5,test,2
839,0.0,284.9397,285.18992,0.08,gabors,null,4.0,"[3644.93333333, 3644.93333333]",45.0,0.0,20.0,"[20.0, 20.0]",null,null,null,0.8,null,0.25021618,129,,,0,,False,3,train,1
840,0.0,285.18992,285.44013,0.08,gabors,null,4.0,"[3644.93333333, 3644.93333333]",0.0,-40.0,20.0,"[20.0, 20.0]",null,null,null,0.8,null,0.25021618,151,,,0,,False,3,train,0
841,0.0,285.44013,285.69033,0.08,gabors,null,4.0,"[3644.93333333, 3644.93333333]",0.0,-10.0,-30.0,"[20.0, 20.0]",null,null,null,0.8,null,0.25020132,79,,,0,,False,5,test,0
842,0.0,285.69033,285.94053,0.08,gabors,null,4.0,"[3644.93333333, 3644.93333333]",90.0,-30.0,20.0,"[20.0, 20.0]",null,null,null,0.8,null,0.25020132,139,,,0,,False,4,train,2
843,0.0,285.94053,286.19074,0.08,gabors,null,4.0,"[3644.93333333, 3644.93333333]",0.0,-10.0,20.0,"[20.0, 20.0]",null,null,null,0.8,null,0.25020132,228,,,0,,False,2,test,0
844,0.0,286.19074,286.44094,0.08,gabors,null,4.0,"[3644.93333333, 3644.93333333]",90.0,-30.0,-20.0,"[20.0, 20.0]",null,null,null,0.8,null,0.25020132,16,,,0,,False,1,train,2
845,0.0,286.44094,286.69116,0.08,gabors,null,4.0,"[3644.93333333, 3644.93333333]",45.0,30.0,30.0,"[20.0, 20.0]",null,null,null,0.8,null,0.25022368,155,,,0,,False,3,train,1
846,0.0,286.69116,286.94138,0.08,gabors,null,4.0,"[3644.93333333, 3644.93333333]",45.0,-40.0,-10.0,"[20.0, 20.0]",null,null,null,0.8,null,0.25022368,199,,,0,,False,1,train,1
847,0.0,286.94138,287.19161,0.08,gabors,null,4.0,"[3644.93333333, 3644.93333333]",45.0,-40.0,-10.0,"[20.0, 20.0]",null,null,null,0.8,null,0.25022368,199,,,0,,False,2,test,1
848,0.0,287.19161,287.44183,0.08,gabors,null,4.0,"[3644.93333333, 3644.93333333]",45.0,20.0,40.0,"[20.0, 20.0]",null,null,null,0.8,null,0.25022368,127,,,0,,False,4,train,1
849,0.0,287.44183,287.69203,0.08,gabors,null,4.0,"[3644.93333333, 3644.93333333]",90.0,-10.0,-40.0,"[20.0, 20.0]",null,null,null,0.8,null,0.25019882,163,,,0,,False,3,train,2
850,0.0,287.69203,287.94223,0.08,gabors,null,4.0,"[3644.93333333, 3644.93333333]",0.0,-40.0,20.0,"[20.0, 20.0]",null,null,null,0.8,null,0.25019882,151,,,0,,False,4,train,0
851,0.0,287.94223,288.19243,0.08,gabors,null,4.0,"[3644.93333333, 3644.93333333]",0.0,0.0,-30.0,"[20.0, 20.0]",null,null,null,0.8,null,0.25019882,46,,,0,,False,3,train,0
852,0.0,288.19243,288.44263,0.08,gabors,null,4.0,"[3644.93333333, 3644.93333333]",0.0,30.0,-30.0,"[20.0, 20.0]",null,null,null,0.8,null,0.25019882,130,,,0,,False,5,test,0
853,0.0,288.44263,288.69284,0.08,gabors,null,4.0,"[3644.93333333, 3644.93333333]",90.0,-20.0,30.0,"[20.0, 20.0]",null,null,null,0.8,null,0.25021618,170,,,0,,False,3,train,2
854,0.0,288.69284,288.94306,0.08,gabors,null,4.0,"[3644.93333333, 3644.93333333]",45.0,0.0,-20.0,"[20.0, 20.0]",null,null,null,0.8,null,0.25021618,27,,,0,,False,5,test,1
855,0.0,288.94306,289.19328,0.08,gabors,null,4.0,"[3644.93333333, 3644.93333333]",45.0,30.0,0.0,"[20.0, 20.0]",null,null,null,0.8,null,0.25021618,56,,,0,,False,3,train,1
856,0.0,289.19328,289.44349,0.08,gabors,null,4.0,"[3644.93333333, 3644.93333333]",0.0,-20.0,10.0,"[20.0, 20.0]",null,null,null,0.8,null,0.25021618,135,,,0,,False,2,test,0
857,0.0,289.44349,289.69369,0.08,gabors,null,4.0,"[3644.93333333, 3644.93333333]",45.0,-30.0,-10.0,"[20.0, 20.0]",null,null,null,0.8,null,0.25019882,69,,,0,,False,4,train,1
858,0.0,289.69369,289.94389,0.08,gabors,null,4.0,"[3644.93333333, 3644.93333333]",90.0,-20.0,-40.0,"[20.0, 20.0]",null,null,null,0.8,null,0.25019882,36,,,0,,False,5,test,2
859,0.0,289.94389,290.19409,0.08,gabors,null,4.0,"[3644.93333333, 3644.93333333]",90.0,-20.0,20.0,"[20.0, 20.0]",null,null,null,0.8,null,0.25019882,161,,,0,,False,4,train,2
860,0.0,290.19409,290.44429,0.08,gabors,null,4.0,"[3644.93333333, 3644.93333333]",45.0,-30.0,-20.0,"[20.0, 20.0]",null,null,null,0.8,null,0.25019882,221,,,0,,False,1,train,1
861,0.0,290.44429,290.69451,0.08,gabors,null,4.0,"[3644.93333333, 3644.93333333]",90.0,40.0,40.0,"[20.0, 20.0]",null,null,null,0.8,null,0.25022118,235,,,0,,False,1,train,2
862,0.0,290.69451,290.94473,0.08,gabors,null,4.0,"[3644.93333333, 3644.93333333]",45.0,0.0,0.0,"[20.0, 20.0]",null,null,null,0.8,null,0.25022118,7,,,0,,False,3,train,1
863,0.0,290.94473,291.19495,0.08,gabors,null,4.0,"[3644.93333333, 3644.93333333]",45.0,-30.0,-30.0,"[20.0, 20.0]",null,null,null,0.8,null,0.25022118,190,,,0,,False,1,train,1
864,0.0,291.19495,291.44517,0.08,gabors,null,4.0,"[3644.93333333, 3644.93333333]",45.0,20.0,10.0,"[20.0, 20.0]",null,null,null,0.8,null,0.25022118,31,,,0,,False,2,test,1
865,0.0,291.44517,291.69537,0.08,gabors,null,4.0,"[3644.93333333, 3644.93333333]",45.0,40.0,30.0,"[20.0, 20.0]",null,null,null,0.8,null,0.25019882,111,,,0,,False,4,train,1
866,0.0,291.69537,291.94557,0.08,gabors,null,4.0,"[3644.93333333, 3644.93333333]",45.0,-20.0,-40.0,"[20.0, 20.0]",null,null,null,0.8,null,0.25019882,157,,,0,,False,3,train,1
867,0.0,291.94557,292.19577,0.08,gabors,null,4.0,"[3644.93333333, 3644.93333333]",45.0,-10.0,30.0,"[20.0, 20.0]",null,null,null,0.8,null,0.25019882,231,,,0,,False,1,train,1
868,0.0,292.19577,292.44597,0.08,gabors,null,4.0,"[3644.93333333, 3644.93333333]",0.0,0.0,-30.0,"[20.0, 20.0]",null,null,null,0.8,null,0.25019882,46,,,0,,False,4,train,0
869,0.0,292.44597,292.69619,0.08,gabors,null,4.0,"[3644.93333333, 3644.93333333]",45.0,40.0,20.0,"[20.0, 20.0]",null,null,null,0.8,null,0.25022118,84,,,0,,False,5,test,1
870,0.0,292.69619,292.94641,0.08,gabors,null,4.0,"[3644.93333333, 3644.93333333]",0.0,20.0,10.0,"[20.0, 20.0]",null,null,null,0.8,null,0.25022118,147,,,0,,False,3,train,0
871,0.0,292.94641,293.19663,0.08,gabors,null,4.0,"[3644.93333333, 3644.93333333]",90.0,30.0,-10.0,"[20.0, 20.0]",null,null,null,0.8,null,0.25022118,83,,,0,,False,4,train,2
872,0.0,293.19663,293.44685,0.08,gabors,null,4.0,"[3644.93333333, 3644.93333333]",90.0,30.0,0.0,"[20.0, 20.0]",null,null,null,0.8,null,0.25022118,216,,,0,,False,2,test,2
873,0.0,293.44685,293.69705,0.08,gabors,null,4.0,"[3644.93333333, 3644.93333333]",0.0,30.0,-10.0,"[20.0, 20.0]",null,null,null,0.8,null,0.25019882,181,,,0,,False,4,train,0
874,0.0,293.69705,293.94725,0.08,gabors,null,4.0,"[3644.93333333, 3644.93333333]",0.0,20.0,-20.0,"[20.0, 20.0]",null,null,null,0.8,null,0.25019882,25,,,0,,False,8,test,0
875,0.0,293.94725,294.19745,0.08,gabors,null,4.0,"[3644.93333333, 3644.93333333]",0.0,40.0,-40.0,"[20.0, 20.0]",null,null,null,0.8,null,0.25019882,28,,,0,,False,4,train,0
876,0.0,294.19745,294.44765,0.08,gabors,null,4.0,"[3644.93333333, 3644.93333333]",90.0,-40.0,-30.0,"[20.0, 20.0]",null,null,null,0.8,null,0.25019882,68,,,0,,False,3,train,2
877,0.0,294.44765,294.69786,0.08,gabors,null,4.0,"[3644.93333333, 3644.93333333]",0.0,20.0,30.0,"[20.0, 20.0]",null,null,null,0.8,null,0.25020868,182,,,0,,False,5,test,0
878,0.0,294.69786,294.94806,0.08,gabors,null,4.0,"[3644.93333333, 3644.93333333]",45.0,-10.0,-30.0,"[20.0, 20.0]",null,null,null,0.8,null,0.25020868,148,,,0,,False,4,train,1
879,0.0,294.94806,295.19827,0.08,gabors,null,4.0,"[3644.93333333, 3644.93333333]",45.0,40.0,-40.0,"[20.0, 20.0]",null,null,null,0.8,null,0.25020868,91,,,0,,False,5,test,1
880,0.0,295.19827,295.44848,0.08,gabors,null,4.0,"[3644.93333333, 3644.93333333]",0.0,40.0,-20.0,"[20.0, 20.0]",null,null,null,0.8,null,0.25020868,95,,,0,,False,4,train,0
881,0.0,295.44848,295.69869,0.08,gabors,null,4.0,"[3644.93333333, 3644.93333333]",90.0,40.0,40.0,"[20.0, 20.0]",null,null,null,0.8,null,0.25020632,235,,,0,,False,2,test,2
882,0.0,295.69869,295.94889,0.08,gabors,null,4.0,"[3644.93333333, 3644.93333333]",45.0,-40.0,0.0,"[20.0, 20.0]",null,null,null,0.8,null,0.25020632,178,,,0,,False,3,train,1
883,0.0,295.94889,296.1991,0.08,gabors,null,4.0,"[3644.93333333, 3644.93333333]",90.0,-20.0,-30.0,"[20.0, 20.0]",null,null,null,0.8,null,0.25020632,67,,,0,,False,4,train,2
884,0.0,296.1991,296.44931,0.08,gabors,null,4.0,"[3644.93333333, 3644.93333333]",90.0,30.0,10.0,"[20.0, 20.0]",null,null,null,0.8,null,0.25020632,237,,,0,,False,0,train,2
885,0.0,296.44931,296.69952,0.08,gabors,null,4.0,"[3644.93333333, 3644.93333333]",90.0,20.0,-40.0,"[20.0, 20.0]",null,null,null,0.8,null,0.25021618,183,,,0,,False,6,train,2
886,0.0,296.69952,296.94974,0.08,gabors,null,4.0,"[3644.93333333, 3644.93333333]",0.0,-30.0,40.0,"[20.0, 20.0]",null,null,null,0.8,null,0.25021618,39,,,0,,False,2,test,0
887,0.0,296.94974,297.19996,0.08,gabors,null,4.0,"[3644.93333333, 3644.93333333]",45.0,30.0,-10.0,"[20.0, 20.0]",null,null,null,0.8,null,0.25021618,223,,,0,,False,2,test,1
888,0.0,297.19996,297.45017,0.08,gabors,null,4.0,"[3644.93333333, 3644.93333333]",0.0,-30.0,10.0,"[20.0, 20.0]",null,null,null,0.8,null,0.25021618,153,,,0,,False,4,train,0
889,0.0,297.45017,297.70038,0.08,gabors,null,4.0,"[3644.93333333, 3644.93333333]",90.0,-40.0,-10.0,"[20.0, 20.0]",null,null,null,0.8,null,0.25020382,225,,,0,,False,3,train,2
890,0.0,297.70038,297.95058,0.08,gabors,null,4.0,"[3644.93333333, 3644.93333333]",0.0,-10.0,30.0,"[20.0, 20.0]",null,null,null,0.8,null,0.25020382,187,,,0,,False,2,test,0
891,0.0,297.95058,298.20078,0.08,gabors,null,4.0,"[3644.93333333, 3644.93333333]",0.0,-40.0,-40.0,"[20.0, 20.0]",null,null,null,0.8,null,0.25020382,206,,,0,,False,3,train,0
892,0.0,298.20078,298.45099,0.08,gabors,null,4.0,"[3644.93333333, 3644.93333333]",0.0,-40.0,-30.0,"[20.0, 20.0]",null,null,null,0.8,null,0.25020382,209,,,0,,False,3,train,0
893,0.0,298.45099,298.7012,0.08,gabors,null,4.0,"[3644.93333333, 3644.93333333]",0.0,-10.0,40.0,"[20.0, 20.0]",null,null,null,0.8,null,0.25021118,60,,,0,,False,2,test,0
894,0.0,298.7012,298.95141,0.08,gabors,null,4.0,"[3644.93333333, 3644.93333333]",0.0,30.0,-10.0,"[20.0, 20.0]",null,null,null,0.8,null,0.25021118,181,,,0,,False,5,test,0
895,0.0,298.95141,299.20162,0.08,gabors,null,4.0,"[3644.93333333, 3644.93333333]",45.0,10.0,10.0,"[20.0, 20.0]",null,null,null,0.8,null,0.25021118,205,,,0,,False,1,train,1
896,0.0,299.20162,299.45183,0.08,gabors,null,4.0,"[3644.93333333, 3644.93333333]",0.0,40.0,-40.0,"[20.0, 20.0]",null,null,null,0.8,null,0.25021118,28,,,0,,False,5,test,0
897,0.0,299.45183,299.70204,0.08,gabors,null,4.0,"[3644.93333333, 3644.93333333]",0.0,30.0,30.0,"[20.0, 20.0]",null,null,null,0.8,null,0.25020632,104,,,0,,False,4,train,0
898,0.0,299.70204,299.95224,0.08,gabors,null,4.0,"[3644.93333333, 3644.93333333]",90.0,-10.0,30.0,"[20.0, 20.0]",null,null,null,0.8,null,0.25020632,11,,,0,,False,6,train,2
899,0.0,299.95224,300.20245,0.08,gabors,null,4.0,"[3644.93333333, 3644.93333333]",90.0,30.0,-30.0,"[20.0, 20.0]",null,null,null,0.8,null,0.25020632,103,,,0,,False,6,train,2
900,0.0,300.20245,300.45266,0.08,gabors,null,4.0,"[3644.93333333, 3644.93333333]",0.0,0.0,0.0,"[20.0, 20.0]",null,null,null,0.8,null,0.25020632,234,,,0,,False,2,test,0
901,0.0,300.45266,300.70287,0.08,gabors,null,4.0,"[3644.93333333, 3644.93333333]",45.0,-40.0,30.0,"[20.0, 20.0]",null,null,null,0.8,null,0.25021618,154,,,0,,False,5,test,1
902,0.0,300.70287,300.95309,0.08,gabors,null,4.0,"[3644.93333333, 3644.93333333]",45.0,10.0,-30.0,"[20.0, 20.0]",null,null,null,0.8,null,0.25021618,140,,,0,,False,2,test,1
903,0.0,300.95309,301.20331,0.08,gabors,null,4.0,"[3644.93333333, 3644.93333333]",45.0,20.0,20.0,"[20.0, 20.0]",null,null,null,0.8,null,0.25021618,212,,,0,,False,5,test,1
904,0.0,301.20331,301.45352,0.08,gabors,null,4.0,"[3644.93333333, 3644.93333333]",0.0,-30.0,20.0,"[20.0, 20.0]",null,null,null,0.8,null,0.25021618,33,,,0,,False,3,train,0
905,0.0,301.45352,301.70372,0.08,gabors,null,4.0,"[3644.93333333, 3644.93333333]",45.0,10.0,-30.0,"[20.0, 20.0]",null,null,null,0.8,null,0.25019882,140,,,0,,False,3,train,1
906,0.0,301.70372,301.95392,0.08,gabors,null,4.0,"[3644.93333333, 3644.93333333]",90.0,30.0,-10.0,"[20.0, 20.0]",null,null,null,0.8,null,0.25019882,83,,,0,,False,5,test,2
907,0.0,301.95392,302.20412,0.08,gabors,null,4.0,"[3644.93333333, 3644.93333333]",0.0,30.0,0.0,"[20.0, 20.0]",null,null,null,0.8,null,0.25019882,165,,,0,,False,2,test,0
908,0.0,302.20412,302.45432,0.08,gabors,null,4.0,"[3644.93333333, 3644.93333333]",45.0,-20.0,-20.0,"[20.0, 20.0]",null,null,null,0.8,null,0.25019882,177,,,0,,False,4,train,1
909,0.0,302.45432,302.70454,0.08,gabors,null,4.0,"[3644.93333333, 3644.93333333]",90.0,-10.0,-40.0,"[20.0, 20.0]",null,null,null,0.8,null,0.25021868,163,,,0,,False,4,train,2
910,0.0,302.70454,302.95475,0.08,gabors,null,4.0,"[3644.93333333, 3644.93333333]",90.0,30.0,30.0,"[20.0, 20.0]",null,null,null,0.8,null,0.25021868,207,,,0,,False,3,train,2
911,0.0,302.95475,303.20497,0.08,gabors,null,4.0,"[3644.93333333, 3644.93333333]",45.0,-10.0,-20.0,"[20.0, 20.0]",null,null,null,0.8,null,0.25021868,48,,,0,,False,3,train,1
912,0.0,303.20497,303.45519,0.08,gabors,null,4.0,"[3644.93333333, 3644.93333333]",45.0,10.0,20.0,"[20.0, 20.0]",null,null,null,0.8,null,0.25021868,13,,,0,,False,3,train,1
913,0.0,303.45519,303.70539,0.08,gabors,null,4.0,"[3644.93333333, 3644.93333333]",90.0,-40.0,0.0,"[20.0, 20.0]",null,null,null,0.8,null,0.25020132,119,,,0,,False,2,test,2
914,0.0,303.70539,303.95559,0.08,gabors,null,4.0,"[3644.93333333, 3644.93333333]",45.0,-40.0,-30.0,"[20.0, 20.0]",null,null,null,0.8,null,0.25020132,204,,,0,,False,4,train,1
915,0.0,303.95559,304.2058,0.08,gabors,null,4.0,"[3644.93333333, 3644.93333333]",45.0,20.0,40.0,"[20.0, 20.0]",null,null,null,0.8,null,0.25020132,127,,,0,,False,5,test,1
916,0.0,304.2058,304.456,0.08,gabors,null,4.0,"[3644.93333333, 3644.93333333]",45.0,-20.0,-20.0,"[20.0, 20.0]",null,null,null,0.8,null,0.25020132,177,,,0,,False,5,test,1
917,0.0,304.456,304.70622,0.08,gabors,null,4.0,"[3644.93333333, 3644.93333333]",45.0,0.0,0.0,"[20.0, 20.0]",null,null,null,0.8,null,0.25021868,7,,,0,,False,4,train,1
918,0.0,304.70622,304.95643,0.08,gabors,null,4.0,"[3644.93333333, 3644.93333333]",45.0,-20.0,-40.0,"[20.0, 20.0]",null,null,null,0.8,null,0.25021868,157,,,0,,False,4,train,1
919,0.0,304.95643,305.20665,0.08,gabors,null,4.0,"[3644.93333333, 3644.93333333]",45.0,-20.0,-30.0,"[20.0, 20.0]",null,null,null,0.8,null,0.25021868,96,,,0,,False,5,test,1
920,0.0,305.20665,305.45687,0.08,gabors,null,4.0,"[3644.93333333, 3644.93333333]",45.0,-20.0,-40.0,"[20.0, 20.0]",null,null,null,0.8,null,0.25021868,157,,,0,,False,5,test,1
921,0.0,305.45687,305.70707,0.08,gabors,null,4.0,"[3644.93333333, 3644.93333333]",90.0,0.0,0.0,"[20.0, 20.0]",null,null,null,0.8,null,0.25020132,80,,,0,,False,5,test,2
922,0.0,305.70707,305.95727,0.08,gabors,null,4.0,"[3644.93333333, 3644.93333333]",0.0,-40.0,-20.0,"[20.0, 20.0]",null,null,null,0.8,null,0.25020132,4,,,0,,False,2,test,0
923,0.0,305.95727,306.20748,0.08,gabors,null,4.0,"[3644.93333333, 3644.93333333]",0.0,-10.0,-20.0,"[20.0, 20.0]",null,null,null,0.8,null,0.25020132,14,,,0,,False,2,test,0
924,0.0,306.20748,306.45768,0.08,gabors,null,4.0,"[3644.93333333, 3644.93333333]",45.0,-20.0,0.0,"[20.0, 20.0]",null,null,null,0.8,null,0.25020132,160,,,0,,False,2,test,1
925,0.0,306.45768,306.7079,0.08,gabors,null,4.0,"[3644.93333333, 3644.93333333]",0.0,-30.0,-20.0,"[20.0, 20.0]",null,null,null,0.8,null,0.25022618,143,,,0,,False,7,train,0
926,0.0,306.7079,306.95813,0.08,gabors,null,4.0,"[3644.93333333, 3644.93333333]",45.0,-10.0,20.0,"[20.0, 20.0]",null,null,null,0.8,null,0.25022618,120,,,0,,False,4,train,1
927,0.0,306.95813,307.20836,0.08,gabors,null,4.0,"[3644.93333333, 3644.93333333]",0.0,30.0,-30.0,"[20.0, 20.0]",null,null,null,0.8,null,0.25022618,130,,,0,,False,6,train,0
928,0.0,307.20836,307.45858,0.08,gabors,null,4.0,"[3644.93333333, 3644.93333333]",90.0,0.0,40.0,"[20.0, 20.0]",null,null,null,0.8,null,0.25022618,211,,,0,,False,4,train,2
929,0.0,307.45858,307.70877,0.08,gabors,null,4.0,"[3644.93333333, 3644.93333333]",90.0,-30.0,-10.0,"[20.0, 20.0]",null,null,null,0.8,null,0.25018882,43,,,0,,False,4,train,2
930,0.0,307.70877,307.95896,0.08,gabors,null,4.0,"[3644.93333333, 3644.93333333]",0.0,-10.0,40.0,"[20.0, 20.0]",null,null,null,0.8,null,0.25018882,60,,,0,,False,3,train,0
931,0.0,307.95896,308.20915,0.08,gabors,null,4.0,"[3644.93333333, 3644.93333333]",45.0,-30.0,0.0,"[20.0, 20.0]",null,null,null,0.8,null,0.25018882,82,,,0,,False,3,train,1
932,0.0,308.20915,308.45934,0.08,gabors,null,4.0,"[3644.93333333, 3644.93333333]",90.0,40.0,-20.0,"[20.0, 20.0]",null,null,null,0.8,null,0.25018882,173,,,0,,False,3,train,2
933,0.0,308.45934,308.70954,0.08,gabors,null,4.0,"[3644.93333333, 3644.93333333]",45.0,-20.0,40.0,"[20.0, 20.0]",null,null,null,0.8,null,0.25020618,49,,,0,,False,3,train,1
934,0.0,308.70954,308.95975,0.08,gabors,null,4.0,"[3644.93333333, 3644.93333333]",90.0,40.0,-10.0,"[20.0, 20.0]",null,null,null,0.8,null,0.25020618,210,,,0,,False,1,train,2
935,0.0,308.95975,309.20996,0.08,gabors,null,4.0,"[3644.93333333, 3644.93333333]",45.0,0.0,40.0,"[20.0, 20.0]",null,null,null,0.8,null,0.25020618,112,,,0,,False,3,train,1
936,0.0,309.20996,309.46016,0.08,gabors,null,4.0,"[3644.93333333, 3644.93333333]",90.0,10.0,40.0,"[20.0, 20.0]",null,null,null,0.8,null,0.25020618,90,,,0,,False,2,test,2
937,0.0,309.46016,309.71038,0.08,gabors,null,4.0,"[3644.93333333, 3644.93333333]",90.0,30.0,40.0,"[20.0, 20.0]",null,null,null,0.8,null,0.25021382,30,,,0,,False,3,train,2
938,0.0,309.71038,309.96059,0.08,gabors,null,4.0,"[3644.93333333, 3644.93333333]",0.0,-10.0,0.0,"[20.0, 20.0]",null,null,null,0.8,null,0.25021382,122,,,0,,False,5,test,0
939,0.0,309.96059,310.2108,0.08,gabors,null,4.0,"[3644.93333333, 3644.93333333]",0.0,20.0,-40.0,"[20.0, 20.0]",null,null,null,0.8,null,0.25021382,164,,,0,,False,3,train,0
940,0.0,310.2108,310.46102,0.08,gabors,null,4.0,"[3644.93333333, 3644.93333333]",90.0,10.0,20.0,"[20.0, 20.0]",null,null,null,0.8,null,0.25021382,176,,,0,,False,5,test,2
941,0.0,310.46102,310.71123,0.08,gabors,null,4.0,"[3644.93333333, 3644.93333333]",90.0,20.0,30.0,"[20.0, 20.0]",null,null,null,0.8,null,0.25021368,198,,,0,,False,3,train,2
942,0.0,310.71123,310.96144,0.08,gabors,null,4.0,"[3644.93333333, 3644.93333333]",45.0,10.0,40.0,"[20.0, 20.0]",null,null,null,0.8,null,0.25021368,61,,,0,,False,5,test,1
943,0.0,310.96144,311.21166,0.08,gabors,null,4.0,"[3644.93333333, 3644.93333333]",45.0,-40.0,30.0,"[20.0, 20.0]",null,null,null,0.8,null,0.25021368,154,,,0,,False,6,train,1
944,0.0,311.21166,311.46187,0.08,gabors,null,4.0,"[3644.93333333, 3644.93333333]",90.0,-10.0,-20.0,"[20.0, 20.0]",null,null,null,0.8,null,0.25021368,133,,,0,,False,3,train,2
945,0.0,311.46187,311.71207,0.08,gabors,null,4.0,"[3644.93333333, 3644.93333333]",0.0,30.0,-40.0,"[20.0, 20.0]",null,null,null,0.8,null,0.25020132,70,,,0,,False,7,train,0
946,0.0,311.71207,311.96227,0.08,gabors,null,4.0,"[3644.93333333, 3644.93333333]",45.0,-20.0,-10.0,"[20.0, 20.0]",null,null,null,0.8,null,0.25020132,159,,,0,,False,4,train,1
947,0.0,311.96227,312.21248,0.08,gabors,null,4.0,"[3644.93333333, 3644.93333333]",0.0,40.0,-20.0,"[20.0, 20.0]",null,null,null,0.8,null,0.25020132,95,,,0,,False,5,test,0
948,0.0,312.21248,312.46268,0.08,gabors,null,4.0,"[3644.93333333, 3644.93333333]",90.0,-10.0,10.0,"[20.0, 20.0]",null,null,null,0.8,null,0.25020132,192,,,0,,False,1,train,2
949,0.0,312.46268,312.71289,0.08,gabors,null,4.0,"[3644.93333333, 3644.93333333]",45.0,40.0,40.0,"[20.0, 20.0]",null,null,null,0.8,null,0.25021368,65,,,0,,False,2,test,1
950,0.0,312.71289,312.9631,0.08,gabors,null,4.0,"[3644.93333333, 3644.93333333]",0.0,-20.0,30.0,"[20.0, 20.0]",null,null,null,0.8,null,0.25021368,215,,,0,,False,3,train,0
951,0.0,312.9631,313.21332,0.08,gabors,null,4.0,"[3644.93333333, 3644.93333333]",0.0,-30.0,30.0,"[20.0, 20.0]",null,null,null,0.8,null,0.25021368,201,,,0,,False,4,train,0
952,0.0,313.21332,313.46353,0.08,gabors,null,4.0,"[3644.93333333, 3644.93333333]",45.0,-30.0,-40.0,"[20.0, 20.0]",null,null,null,0.8,null,0.25021368,34,,,0,,False,4,train,1
953,0.0,313.46353,313.71374,0.08,gabors,null,4.0,"[3644.93333333, 3644.93333333]",0.0,40.0,-30.0,"[20.0, 20.0]",null,null,null,0.8,null,0.25020882,6,,,0,,False,3,train,0
954,0.0,313.71374,313.96395,0.08,gabors,null,4.0,"[3644.93333333, 3644.93333333]",90.0,20.0,40.0,"[20.0, 20.0]",null,null,null,0.8,null,0.25020882,158,,,0,,False,2,test,2
955,0.0,313.96395,314.21416,0.08,gabors,null,4.0,"[3644.93333333, 3644.93333333]",45.0,-20.0,30.0,"[20.0, 20.0]",null,null,null,0.8,null,0.25020882,189,,,0,,False,2,test,1
956,0.0,314.21416,314.46437,0.08,gabors,null,4.0,"[3644.93333333, 3644.93333333]",45.0,0.0,10.0,"[20.0, 20.0]",null,null,null,0.8,null,0.25020882,110,,,0,,False,2,test,1
957,0.0,314.46437,314.71458,0.08,gabors,null,4.0,"[3644.93333333, 3644.93333333]",90.0,-10.0,40.0,"[20.0, 20.0]",null,null,null,0.8,null,0.25021618,167,,,0,,False,3,train,2
958,0.0,314.71458,314.9648,0.08,gabors,null,4.0,"[3644.93333333, 3644.93333333]",0.0,20.0,-40.0,"[20.0, 20.0]",null,null,null,0.8,null,0.25021618,164,,,0,,False,4,train,0
959,0.0,314.9648,315.21502,0.08,gabors,null,4.0,"[3644.93333333, 3644.93333333]",45.0,30.0,20.0,"[20.0, 20.0]",null,null,null,0.8,null,0.25021618,37,,,0,,False,4,train,1
960,0.0,315.21502,315.46523,0.08,gabors,null,4.0,"[3644.93333333, 3644.93333333]",90.0,-40.0,20.0,"[20.0, 20.0]",null,null,null,0.8,null,0.25021618,108,,,0,,False,2,test,2
961,0.0,315.46523,315.71543,0.08,gabors,null,4.0,"[3644.93333333, 3644.93333333]",0.0,-10.0,30.0,"[20.0, 20.0]",null,null,null,0.8,null,0.25020132,187,,,0,,False,3,train,0
962,0.0,315.71543,315.96563,0.08,gabors,null,4.0,"[3644.93333333, 3644.93333333]",90.0,20.0,-10.0,"[20.0, 20.0]",null,null,null,0.8,null,0.25020132,150,,,0,,False,6,train,2
963,0.0,315.96563,316.21584,0.08,gabors,null,4.0,"[3644.93333333, 3644.93333333]",0.0,-40.0,40.0,"[20.0, 20.0]",null,null,null,0.8,null,0.25020132,97,,,0,,False,4,train,0
964,0.0,316.21584,316.46604,0.08,gabors,null,4.0,"[3644.93333333, 3644.93333333]",90.0,40.0,40.0,"[20.0, 20.0]",null,null,null,0.8,null,0.25020132,235,,,0,,False,3,train,2
965,0.0,316.46604,316.71626,0.08,gabors,null,4.0,"[3644.93333333, 3644.93333333]",0.0,-10.0,-40.0,"[20.0, 20.0]",null,null,null,0.8,null,0.25021868,53,,,0,,False,5,test,0
966,0.0,316.71626,316.96647,0.08,gabors,null,4.0,"[3644.93333333, 3644.93333333]",0.0,-20.0,-40.0,"[20.0, 20.0]",null,null,null,0.8,null,0.25021868,51,,,0,,False,2,test,0
967,0.0,316.96647,317.21669,0.08,gabors,null,4.0,"[3644.93333333, 3644.93333333]",45.0,30.0,30.0,"[20.0, 20.0]",null,null,null,0.8,null,0.25021868,155,,,0,,False,4,train,1
968,0.0,317.21669,317.46691,0.08,gabors,null,4.0,"[3644.93333333, 3644.93333333]",0.0,30.0,20.0,"[20.0, 20.0]",null,null,null,0.8,null,0.25021868,88,,,0,,False,4,train,0
969,0.0,317.46691,317.71711,0.08,gabors,null,4.0,"[3644.93333333, 3644.93333333]",90.0,10.0,0.0,"[20.0, 20.0]",null,null,null,0.8,null,0.25019882,81,,,0,,False,5,test,2
970,0.0,317.71711,317.96731,0.08,gabors,null,4.0,"[3644.93333333, 3644.93333333]",45.0,40.0,10.0,"[20.0, 20.0]",null,null,null,0.8,null,0.25019882,229,,,0,,False,2,test,1
971,0.0,317.96731,318.21751,0.08,gabors,null,4.0,"[3644.93333333, 3644.93333333]",45.0,-40.0,10.0,"[20.0, 20.0]",null,null,null,0.8,null,0.25019882,45,,,0,,False,3,train,1
972,0.0,318.21751,318.46771,0.08,gabors,null,4.0,"[3644.93333333, 3644.93333333]",45.0,-40.0,-40.0,"[20.0, 20.0]",null,null,null,0.8,null,0.25019882,94,,,0,,False,2,test,1
973,0.0,318.46771,318.71793,0.08,gabors,null,4.0,"[3644.93333333, 3644.93333333]",45.0,-20.0,-20.0,"[20.0, 20.0]",null,null,null,0.8,null,0.25021868,177,,,0,,False,6,train,1
974,0.0,318.71793,318.96814,0.08,gabors,null,4.0,"[3644.93333333, 3644.93333333]",90.0,-10.0,-20.0,"[20.0, 20.0]",null,null,null,0.8,null,0.25021868,133,,,0,,False,4,train,2
975,0.0,318.96814,319.21836,0.08,gabors,null,4.0,"[3644.93333333, 3644.93333333]",45.0,-20.0,-40.0,"[20.0, 20.0]",null,null,null,0.8,null,0.25021868,157,,,0,,False,6,train,1
976,0.0,319.21836,319.46858,0.08,gabors,null,4.0,"[3644.93333333, 3644.93333333]",0.0,20.0,-20.0,"[20.0, 20.0]",null,null,null,0.8,null,0.25021868,25,,,0,,False,9,train,0
977,0.0,319.46858,319.71878,0.08,gabors,null,4.0,"[3644.93333333, 3644.93333333]",0.0,10.0,-20.0,"[20.0, 20.0]",null,null,null,0.8,null,0.25019632,217,,,0,,False,4,train,0
978,0.0,319.71878,319.96897,0.08,gabors,null,4.0,"[3644.93333333, 3644.93333333]",90.0,40.0,40.0,"[20.0, 20.0]",null,null,null,0.8,null,0.25019632,235,,,0,,False,4,train,2
979,0.0,319.96897,320.21917,0.08,gabors,null,4.0,"[3644.93333333, 3644.93333333]",45.0,30.0,40.0,"[20.0, 20.0]",null,null,null,0.8,null,0.25019632,52,,,0,,False,3,train,1
980,0.0,320.21917,320.46937,0.08,gabors,null,4.0,"[3644.93333333, 3644.93333333]",0.0,-20.0,30.0,"[20.0, 20.0]",null,null,null,0.8,null,0.25019632,215,,,0,,False,4,train,0
981,0.0,320.46937,320.71958,0.08,gabors,null,4.0,"[3644.93333333, 3644.93333333]",45.0,30.0,30.0,"[20.0, 20.0]",null,null,null,0.8,null,0.25021618,155,,,0,,False,5,test,1
982,0.0,320.71958,320.9698,0.08,gabors,null,4.0,"[3644.93333333, 3644.93333333]",0.0,10.0,30.0,"[20.0, 20.0]",null,null,null,0.8,null,0.25021618,134,,,0,,False,4,train,0
983,0.0,320.9698,321.22002,0.08,gabors,null,4.0,"[3644.93333333, 3644.93333333]",0.0,10.0,-30.0,"[20.0, 20.0]",null,null,null,0.8,null,0.25021618,169,,,0,,False,3,train,0
984,0.0,321.22002,321.47023,0.08,gabors,null,4.0,"[3644.93333333, 3644.93333333]",45.0,-30.0,20.0,"[20.0, 20.0]",null,null,null,0.8,null,0.25021618,132,,,0,,False,5,test,1
985,0.0,321.47023,321.72044,0.08,gabors,null,4.0,"[3644.93333333, 3644.93333333]",90.0,0.0,-30.0,"[20.0, 20.0]",null,null,null,0.8,null,0.25020632,5,,,0,,False,2,test,2
986,0.0,321.72044,321.97064,0.08,gabors,null,4.0,"[3644.93333333, 3644.93333333]",90.0,40.0,0.0,"[20.0, 20.0]",null,null,null,0.8,null,0.25020632,152,,,0,,False,3,train,2
987,0.0,321.97064,322.22085,0.08,gabors,null,4.0,"[3644.93333333, 3644.93333333]",0.0,-30.0,-40.0,"[20.0, 20.0]",null,null,null,0.8,null,0.25020632,162,,,0,,False,2,test,0
988,0.0,322.22085,322.47106,0.08,gabors,null,4.0,"[3644.93333333, 3644.93333333]",90.0,30.0,10.0,"[20.0, 20.0]",null,null,null,0.8,null,0.25020632,237,,,0,,False,1,train,2
989,0.0,322.47106,322.72127,0.08,gabors,null,4.0,"[3644.93333333, 3644.93333333]",0.0,-10.0,-10.0,"[20.0, 20.0]",null,null,null,0.8,null,0.25021368,86,,,0,,False,5,test,0
990,0.0,322.72127,322.97148,0.08,gabors,null,4.0,"[3644.93333333, 3644.93333333]",90.0,20.0,-30.0,"[20.0, 20.0]",null,null,null,0.8,null,0.25021368,226,,,0,,False,3,train,2
991,0.0,322.97148,323.2217,0.08,gabors,null,4.0,"[3644.93333333, 3644.93333333]",90.0,-40.0,40.0,"[20.0, 20.0]",null,null,null,0.8,null,0.25021368,98,,,0,,False,4,train,2
992,0.0,323.2217,323.47191,0.08,gabors,null,4.0,"[3644.93333333, 3644.93333333]",45.0,0.0,-10.0,"[20.0, 20.0]",null,null,null,0.8,null,0.25021368,222,,,0,,False,2,test,1
993,0.0,323.47191,323.72212,0.08,gabors,null,4.0,"[3644.93333333, 3644.93333333]",0.0,30.0,-20.0,"[20.0, 20.0]",null,null,null,0.8,null,0.25020632,171,,,0,,False,2,test,0
994,0.0,323.72212,323.97232,0.08,gabors,null,4.0,"[3644.93333333, 3644.93333333]",0.0,0.0,40.0,"[20.0, 20.0]",null,null,null,0.8,null,0.25020632,125,,,0,,False,3,train,0
995,0.0,323.97232,324.22253,0.08,gabors,null,4.0,"[3644.93333333, 3644.93333333]",45.0,40.0,-20.0,"[20.0, 20.0]",null,null,null,0.8,null,0.25020632,18,,,0,,False,3,train,1
996,0.0,324.22253,324.47274,0.08,gabors,null,4.0,"[3644.93333333, 3644.93333333]",0.0,-40.0,10.0,"[20.0, 20.0]",null,null,null,0.8,null,0.25020632,75,,,0,,False,4,train,0
997,0.0,324.47274,324.72295,0.08,gabors,null,4.0,"[3644.93333333, 3644.93333333]",90.0,20.0,0.0,"[20.0, 20.0]",null,null,null,0.8,null,0.25020868,73,,,0,,False,4,train,2
998,0.0,324.72295,324.97315,0.08,gabors,null,4.0,"[3644.93333333, 3644.93333333]",90.0,10.0,30.0,"[20.0, 20.0]",null,null,null,0.8,null,0.25020868,3,,,0,,False,3,train,2
999,0.0,324.97315,325.22336,0.08,gabors,null,4.0,"[3644.93333333, 3644.93333333]",45.0,30.0,0.0,"[20.0, 20.0]",null,null,null,0.8,null,0.25020868,56,,,0,,False,4,train,1
1000,0.0,325.22336,325.47357,0.08,gabors,null,4.0,"[3644.93333333, 3644.93333333]",0.0,20.0,-40.0,"[20.0, 20.0]",null,null,null,0.8,null,0.25020868,164,,,0,,False,5,test,0
1001,0.0,325.47357,325.72378,0.08,gabors,null,4.0,"[3644.93333333, 3644.93333333]",0.0,20.0,-30.0,"[20.0, 20.0]",null,null,null,0.8,null,0.25020632,116,,,0,,False,4,train,0
1002,0.0,325.72378,325.97398,0.08,gabors,null,4.0,"[3644.93333333, 3644.93333333]",0.0,-40.0,0.0,"[20.0, 20.0]",null,null,null,0.8,null,0.25020632,238,,,0,,False,0,train,0
1003,0.0,325.97398,326.22419,0.08,gabors,null,4.0,"[3644.93333333, 3644.93333333]",90.0,-10.0,-40.0,"[20.0, 20.0]",null,null,null,0.8,null,0.25020632,163,,,0,,False,5,test,2
1004,0.0,326.22419,326.4744,0.08,gabors,null,4.0,"[3644.93333333, 3644.93333333]",45.0,20.0,-30.0,"[20.0, 20.0]",null,null,null,0.8,null,0.25020632,219,,,0,,False,1,train,1
1005,0.0,326.4744,326.72461,0.08,gabors,null,4.0,"[3644.93333333, 3644.93333333]",45.0,40.0,-40.0,"[20.0, 20.0]",null,null,null,0.8,null,0.25021618,91,,,0,,False,6,train,1
1006,0.0,326.72461,326.97483,0.08,gabors,null,4.0,"[3644.93333333, 3644.93333333]",45.0,-20.0,-10.0,"[20.0, 20.0]",null,null,null,0.8,null,0.25021618,159,,,0,,False,5,test,1
1007,0.0,326.97483,327.22505,0.08,gabors,null,4.0,"[3644.93333333, 3644.93333333]",45.0,-40.0,10.0,"[20.0, 20.0]",null,null,null,0.8,null,0.25021618,45,,,0,,False,4,train,1
1008,0.0,327.22505,327.47526,0.08,gabors,null,4.0,"[3644.93333333, 3644.93333333]",90.0,20.0,-30.0,"[20.0, 20.0]",null,null,null,0.8,null,0.25021618,226,,,0,,False,4,train,2
1009,0.0,327.47526,327.72547,0.08,gabors,null,4.0,"[3644.93333333, 3644.93333333]",45.0,20.0,10.0,"[20.0, 20.0]",null,null,null,0.8,null,0.25020382,31,,,0,,False,3,train,1
1010,0.0,327.72547,327.97567,0.08,gabors,null,4.0,"[3644.93333333, 3644.93333333]",0.0,40.0,20.0,"[20.0, 20.0]",null,null,null,0.8,null,0.25020382,239,,,0,,False,0,train,0
1011,0.0,327.97567,328.22587,0.08,gabors,null,4.0,"[3644.93333333, 3644.93333333]",0.0,10.0,10.0,"[20.0, 20.0]",null,null,null,0.8,null,0.25020382,42,,,0,,False,5,test,0
1012,0.0,328.22587,328.47608,0.08,gabors,null,4.0,"[3644.93333333, 3644.93333333]",90.0,10.0,-20.0,"[20.0, 20.0]",null,null,null,0.8,null,0.25020382,106,,,0,,False,4,train,2
1013,0.0,328.47608,328.72629,0.08,gabors,null,4.0,"[3644.93333333, 3644.93333333]",90.0,10.0,30.0,"[20.0, 20.0]",null,null,null,0.8,null,0.25021368,3,,,0,,False,4,train,2
1014,0.0,328.72629,328.9765,0.08,gabors,null,4.0,"[3644.93333333, 3644.93333333]",0.0,10.0,10.0,"[20.0, 20.0]",null,null,null,0.8,null,0.25021368,42,,,0,,False,6,train,0
1015,0.0,328.9765,329.22672,0.08,gabors,null,4.0,"[3644.93333333, 3644.93333333]",45.0,10.0,10.0,"[20.0, 20.0]",null,null,null,0.8,null,0.25021368,205,,,0,,False,2,test,1
1016,0.0,329.22672,329.47693,0.08,gabors,null,4.0,"[3644.93333333, 3644.93333333]",45.0,30.0,-40.0,"[20.0, 20.0]",null,null,null,0.8,null,0.25021368,54,,,0,,False,6,train,1
1017,0.0,329.47693,329.72713,0.08,gabors,null,4.0,"[3644.93333333, 3644.93333333]",90.0,-40.0,0.0,"[20.0, 20.0]",null,null,null,0.8,null,0.25020132,119,,,0,,False,3,train,2
1018,0.0,329.72713,329.97733,0.08,gabors,null,4.0,"[3644.93333333, 3644.93333333]",90.0,30.0,-20.0,"[20.0, 20.0]",null,null,null,0.8,null,0.25020132,55,,,0,,False,2,test,2
1019,0.0,329.97733,330.22754,0.08,gabors,null,4.0,"[3644.93333333, 3644.93333333]",90.0,40.0,30.0,"[20.0, 20.0]",null,null,null,0.8,null,0.25020132,240,,,0,,False,0,train,2
1020,0.0,330.22754,330.47774,0.08,gabors,null,4.0,"[3644.93333333, 3644.93333333]",0.0,-10.0,-40.0,"[20.0, 20.0]",null,null,null,0.8,null,0.25020132,53,,,0,,False,6,train,0
1021,0.0,330.47774,330.72795,0.08,gabors,null,4.0,"[3644.93333333, 3644.93333333]",90.0,20.0,20.0,"[20.0, 20.0]",null,null,null,0.8,null,0.25021618,22,,,0,,False,4,train,2
1022,0.0,330.72795,330.97817,0.08,gabors,null,4.0,"[3644.93333333, 3644.93333333]",90.0,-30.0,40.0,"[20.0, 20.0]",null,null,null,0.8,null,0.25021618,47,,,0,,False,8,test,2
1023,0.0,330.97817,331.22839,0.08,gabors,null,4.0,"[3644.93333333, 3644.93333333]",0.0,-10.0,-30.0,"[20.0, 20.0]",null,null,null,0.8,null,0.25021618,79,,,0,,False,6,train,0
1024,0.0,331.22839,331.4786,0.08,gabors,null,4.0,"[3644.93333333, 3644.93333333]",90.0,-40.0,30.0,"[20.0, 20.0]",null,null,null,0.8,null,0.25021618,202,,,0,,False,3,train,2
1025,0.0,331.4786,331.7288,0.08,gabors,null,4.0,"[3644.93333333, 3644.93333333]",45.0,-10.0,20.0,"[20.0, 20.0]",null,null,null,0.8,null,0.25019882,120,,,0,,False,5,test,1
1026,0.0,331.7288,331.979,0.08,gabors,null,4.0,"[3644.93333333, 3644.93333333]",0.0,0.0,-20.0,"[20.0, 20.0]",null,null,null,0.8,null,0.25019882,213,,,0,,False,1,train,0
1027,0.0,331.979,332.2292,0.08,gabors,null,4.0,"[3644.93333333, 3644.93333333]",45.0,40.0,-30.0,"[20.0, 20.0]",null,null,null,0.8,null,0.25019882,109,,,0,,False,4,train,1
1028,0.0,332.2292,332.4794,0.08,gabors,null,4.0,"[3644.93333333, 3644.93333333]",45.0,20.0,-20.0,"[20.0, 20.0]",null,null,null,0.8,null,0.25019882,208,,,0,,False,3,train,1
1029,0.0,332.4794,332.72961,0.08,gabors,null,4.0,"[3644.93333333, 3644.93333333]",0.0,-20.0,-20.0,"[20.0, 20.0]",null,null,null,0.8,null,0.25021368,156,,,0,,False,5,test,0
1030,0.0,332.72961,332.97982,0.08,gabors,null,4.0,"[3644.93333333, 3644.93333333]",45.0,20.0,30.0,"[20.0, 20.0]",null,null,null,0.8,null,0.25021368,63,,,0,,False,3,train,1
1031,0.0,332.97982,333.23004,0.08,gabors,null,4.0,"[3644.93333333, 3644.93333333]",45.0,-20.0,10.0,"[20.0, 20.0]",null,null,null,0.8,null,0.25021368,74,,,0,,False,4,train,1
1032,0.0,333.23004,333.48025,0.08,gabors,null,4.0,"[3644.93333333, 3644.93333333]",45.0,-40.0,-30.0,"[20.0, 20.0]",null,null,null,0.8,null,0.25021368,204,,,0,,False,5,test,1
1033,0.0,333.48025,333.73046,0.08,gabors,null,4.0,"[3644.93333333, 3644.93333333]",90.0,0.0,20.0,"[20.0, 20.0]",null,null,null,0.8,null,0.25020882,93,,,0,,False,5,test,2
1034,0.0,333.73046,333.98067,0.08,gabors,null,4.0,"[3644.93333333, 3644.93333333]",45.0,20.0,30.0,"[20.0, 20.0]",null,null,null,0.8,null,0.25020882,63,,,0,,False,4,train,1
1035,0.0,333.98067,334.23088,0.08,gabors,null,4.0,"[3644.93333333, 3644.93333333]",0.0,20.0,40.0,"[20.0, 20.0]",null,null,null,0.8,null,0.25020882,241,,,0,,False,0,train,0
1036,0.0,334.23088,334.48109,0.08,gabors,null,4.0,"[3644.93333333, 3644.93333333]",45.0,30.0,-30.0,"[20.0, 20.0]",null,null,null,0.8,null,0.25020882,102,,,0,,False,4,train,1
1037,0.0,334.48109,334.7313,0.08,gabors,null,4.0,"[3644.93333333, 3644.93333333]",90.0,-20.0,-30.0,"[20.0, 20.0]",null,null,null,0.8,null,0.25021368,67,,,0,,False,5,test,2
1038,0.0,334.7313,334.98151,0.08,gabors,null,4.0,"[3644.93333333, 3644.93333333]",45.0,-20.0,-20.0,"[20.0, 20.0]",null,null,null,0.8,null,0.25021368,177,,,0,,False,7,train,1
1039,0.0,334.98151,335.23173,0.08,gabors,null,4.0,"[3644.93333333, 3644.93333333]",90.0,-30.0,-30.0,"[20.0, 20.0]",null,null,null,0.8,null,0.25021368,50,,,0,,False,5,test,2
1040,0.0,335.23173,335.48194,0.08,gabors,null,4.0,"[3644.93333333, 3644.93333333]",0.0,-20.0,20.0,"[20.0, 20.0]",null,null,null,0.8,null,0.25021368,145,,,0,,False,3,train,0
1041,0.0,335.48194,335.73214,0.08,gabors,null,4.0,"[3644.93333333, 3644.93333333]",45.0,-40.0,-40.0,"[20.0, 20.0]",null,null,null,0.8,null,0.25020132,94,,,0,,False,3,train,1
1042,0.0,335.73214,335.98234,0.08,gabors,null,4.0,"[3644.93333333, 3644.93333333]",90.0,-30.0,-30.0,"[20.0, 20.0]",null,null,null,0.8,null,0.25020132,50,,,0,,False,6,train,2
1043,0.0,335.98234,336.23255,0.08,gabors,null,4.0,"[3644.93333333, 3644.93333333]",45.0,-40.0,-10.0,"[20.0, 20.0]",null,null,null,0.8,null,0.25020132,199,,,0,,False,3,train,1
1044,0.0,336.23255,336.48275,0.08,gabors,null,4.0,"[3644.93333333, 3644.93333333]",45.0,-40.0,-10.0,"[20.0, 20.0]",null,null,null,0.8,null,0.25020132,199,,,0,,False,4,train,1
1045,0.0,336.48275,336.73296,0.08,gabors,null,4.0,"[3644.93333333, 3644.93333333]",90.0,-40.0,0.0,"[20.0, 20.0]",null,null,null,0.8,null,0.25021618,119,,,0,,False,4,train,2
1046,0.0,336.73296,336.98318,0.08,gabors,null,4.0,"[3644.93333333, 3644.93333333]",0.0,40.0,40.0,"[20.0, 20.0]",null,null,null,0.8,null,0.25021618,136,,,0,,False,3,train,0
1047,0.0,336.98318,337.2334,0.08,gabors,null,4.0,"[3644.93333333, 3644.93333333]",45.0,-10.0,10.0,"[20.0, 20.0]",null,null,null,0.8,null,0.25021618,89,,,0,,False,3,train,1
1048,0.0,337.2334,337.48361,0.08,gabors,null,4.0,"[3644.93333333, 3644.93333333]",90.0,-10.0,0.0,"[20.0, 20.0]",null,null,null,0.8,null,0.25021618,195,,,0,,False,1,train,2
1049,0.0,337.48361,337.73382,0.08,gabors,null,4.0,"[3644.93333333, 3644.93333333]",0.0,-20.0,-40.0,"[20.0, 20.0]",null,null,null,0.8,null,0.25020632,51,,,0,,False,3,train,0
1050,0.0,337.73382,337.98402,0.08,gabors,null,4.0,"[3644.93333333, 3644.93333333]",45.0,30.0,0.0,"[20.0, 20.0]",null,null,null,0.8,null,0.25020632,56,,,0,,False,5,test,1
1051,0.0,337.98402,338.23423,0.08,gabors,null,4.0,"[3644.93333333, 3644.93333333]",0.0,0.0,40.0,"[20.0, 20.0]",null,null,null,0.8,null,0.25020632,125,,,0,,False,4,train,0
1052,0.0,338.23423,338.48444,0.08,gabors,null,4.0,"[3644.93333333, 3644.93333333]",0.0,30.0,40.0,"[20.0, 20.0]",null,null,null,0.8,null,0.25020632,20,,,0,,False,2,test,0
1053,0.0,338.48444,338.73465,0.08,gabors,null,4.0,"[3644.93333333, 3644.93333333]",90.0,-10.0,-10.0,"[20.0, 20.0]",null,null,null,0.8,null,0.25021368,230,,,0,,False,4,train,2
1054,0.0,338.73465,338.98486,0.08,gabors,null,4.0,"[3644.93333333, 3644.93333333]",90.0,30.0,-30.0,"[20.0, 20.0]",null,null,null,0.8,null,0.25021368,103,,,0,,False,7,train,2
1055,0.0,338.98486,339.23508,0.08,gabors,null,4.0,"[3644.93333333, 3644.93333333]",90.0,-30.0,-20.0,"[20.0, 20.0]",null,null,null,0.8,null,0.25021368,16,,,0,,False,2,test,2
1056,0.0,339.23508,339.48529,0.08,gabors,null,4.0,"[3644.93333333, 3644.93333333]",0.0,0.0,20.0,"[20.0, 20.0]",null,null,null,0.8,null,0.25021368,214,,,0,,False,1,train,0
1057,0.0,339.48529,339.7355,0.08,gabors,null,4.0,"[3644.93333333, 3644.93333333]",45.0,20.0,-20.0,"[20.0, 20.0]",null,null,null,0.8,null,0.25020382,208,,,0,,False,4,train,1
1058,0.0,339.7355,339.9857,0.08,gabors,null,4.0,"[3644.93333333, 3644.93333333]",90.0,40.0,-20.0,"[20.0, 20.0]",null,null,null,0.8,null,0.25020382,173,,,0,,False,4,train,2
1059,0.0,339.9857,340.2359,0.08,gabors,null,4.0,"[3644.93333333, 3644.93333333]",45.0,20.0,10.0,"[20.0, 20.0]",null,null,null,0.8,null,0.25020382,31,,,0,,False,4,train,1
1060,0.0,340.2359,340.48611,0.08,gabors,null,4.0,"[3644.93333333, 3644.93333333]",0.0,-20.0,-30.0,"[20.0, 20.0]",null,null,null,0.8,null,0.25020382,128,,,0,,False,6,train,0
1061,0.0,340.48611,340.73633,0.08,gabors,null,4.0,"[3644.93333333, 3644.93333333]",0.0,-40.0,20.0,"[20.0, 20.0]",null,null,null,0.8,null,0.25022118,151,,,0,,False,5,test,0
1062,0.0,340.73633,340.98655,0.08,gabors,null,4.0,"[3644.93333333, 3644.93333333]",90.0,20.0,-40.0,"[20.0, 20.0]",null,null,null,0.8,null,0.25022118,183,,,0,,False,7,train,2
1063,0.0,340.98655,341.23677,0.08,gabors,null,4.0,"[3644.93333333, 3644.93333333]",90.0,-30.0,10.0,"[20.0, 20.0]",null,null,null,0.8,null,0.25022118,118,,,0,,False,2,test,2
1064,0.0,341.23677,341.48699,0.08,gabors,null,4.0,"[3644.93333333, 3644.93333333]",45.0,20.0,10.0,"[20.0, 20.0]",null,null,null,0.8,null,0.25022118,31,,,0,,False,5,test,1
1065,0.0,341.48699,341.73719,0.08,gabors,null,4.0,"[3644.93333333, 3644.93333333]",45.0,20.0,10.0,"[20.0, 20.0]",null,null,null,0.8,null,0.25019632,31,,,0,,False,6,train,1
1066,0.0,341.73719,341.98738,0.08,gabors,null,4.0,"[3644.93333333, 3644.93333333]",45.0,-30.0,40.0,"[20.0, 20.0]",null,null,null,0.8,null,0.25019632,58,,,0,,False,4,train,1
1067,0.0,341.98738,342.23758,0.08,gabors,null,4.0,"[3644.93333333, 3644.93333333]",0.0,40.0,30.0,"[20.0, 20.0]",null,null,null,0.8,null,0.25019632,100,,,0,,False,2,test,0
1068,0.0,342.23758,342.48778,0.08,gabors,null,4.0,"[3644.93333333, 3644.93333333]",90.0,-40.0,-40.0,"[20.0, 20.0]",null,null,null,0.8,null,0.25019632,1,,,0,,False,3,train,2
1069,0.0,342.48778,342.73799,0.08,gabors,null,4.0,"[3644.93333333, 3644.93333333]",90.0,-30.0,10.0,"[20.0, 20.0]",null,null,null,0.8,null,0.25021118,118,,,0,,False,3,train,2
1070,0.0,342.73799,342.9882,0.08,gabors,null,4.0,"[3644.93333333, 3644.93333333]",90.0,20.0,10.0,"[20.0, 20.0]",null,null,null,0.8,null,0.25021118,138,,,0,,False,4,train,2
1071,0.0,342.9882,343.23841,0.08,gabors,null,4.0,"[3644.93333333, 3644.93333333]",90.0,0.0,-40.0,"[20.0, 20.0]",null,null,null,0.8,null,0.25021118,32,,,0,,False,4,train,2
1072,0.0,343.23841,343.48862,0.08,gabors,null,4.0,"[3644.93333333, 3644.93333333]",0.0,-30.0,-30.0,"[20.0, 20.0]",null,null,null,0.8,null,0.25021118,224,,,0,,False,2,test,0
1073,0.0,343.48862,343.73883,0.08,gabors,null,4.0,"[3644.93333333, 3644.93333333]",90.0,30.0,-30.0,"[20.0, 20.0]",null,null,null,0.8,null,0.25020882,103,,,0,,False,8,test,2
1074,0.0,343.73883,343.98904,0.08,gabors,null,4.0,"[3644.93333333, 3644.93333333]",90.0,40.0,-20.0,"[20.0, 20.0]",null,null,null,0.8,null,0.25020882,173,,,0,,False,5,test,2
1075,0.0,343.98904,344.23925,0.08,gabors,null,4.0,"[3644.93333333, 3644.93333333]",90.0,10.0,-30.0,"[20.0, 20.0]",null,null,null,0.8,null,0.25020882,233,,,0,,False,2,test,2
1076,0.0,344.23925,344.48946,0.08,gabors,null,4.0,"[3644.93333333, 3644.93333333]",0.0,20.0,0.0,"[20.0, 20.0]",null,null,null,0.8,null,0.25020882,71,,,0,,False,7,train,0
1077,0.0,344.48946,344.73967,0.08,gabors,null,4.0,"[3644.93333333, 3644.93333333]",45.0,-40.0,-30.0,"[20.0, 20.0]",null,null,null,0.8,null,0.25021118,204,,,0,,False,6,train,1
1078,0.0,344.73967,344.98988,0.08,gabors,null,4.0,"[3644.93333333, 3644.93333333]",45.0,-20.0,10.0,"[20.0, 20.0]",null,null,null,0.8,null,0.25021118,74,,,0,,False,5,test,1
1079,0.0,344.98988,345.24009,0.08,gabors,null,4.0,"[3644.93333333, 3644.93333333]",0.0,0.0,0.0,"[20.0, 20.0]",null,null,null,0.8,null,0.25021118,234,,,0,,False,3,train,0
1080,0.0,345.24009,345.4903,0.08,gabors,null,4.0,"[3644.93333333, 3644.93333333]",0.0,-20.0,-40.0,"[20.0, 20.0]",null,null,null,0.8,null,0.25021118,51,,,0,,False,4,train,0
1081,0.0,345.4903,345.74051,0.08,gabors,null,4.0,"[3644.93333333, 3644.93333333]",45.0,30.0,0.0,"[20.0, 20.0]",null,null,null,0.8,null,0.25020632,56,,,0,,False,6,train,1
1082,0.0,345.74051,345.99071,0.08,gabors,null,4.0,"[3644.93333333, 3644.93333333]",45.0,10.0,-20.0,"[20.0, 20.0]",null,null,null,0.8,null,0.25020632,64,,,0,,False,5,test,1
1083,0.0,345.99071,346.24092,0.08,gabors,null,4.0,"[3644.93333333, 3644.93333333]",0.0,40.0,0.0,"[20.0, 20.0]",null,null,null,0.8,null,0.25020632,24,,,0,,False,5,test,0
1084,0.0,346.24092,346.49113,0.08,gabors,null,4.0,"[3644.93333333, 3644.93333333]",90.0,40.0,40.0,"[20.0, 20.0]",null,null,null,0.8,null,0.25020632,235,,,0,,False,5,test,2
1085,0.0,346.49113,346.74134,0.08,gabors,null,4.0,"[3644.93333333, 3644.93333333]",0.0,40.0,10.0,"[20.0, 20.0]",null,null,null,0.8,null,0.25021368,76,,,0,,False,2,test,0
1086,0.0,346.74134,346.99155,0.08,gabors,null,4.0,"[3644.93333333, 3644.93333333]",0.0,-30.0,30.0,"[20.0, 20.0]",null,null,null,0.8,null,0.25021368,201,,,0,,False,5,test,0
1087,0.0,346.99155,347.24177,0.08,gabors,null,4.0,"[3644.93333333, 3644.93333333]",45.0,-20.0,0.0,"[20.0, 20.0]",null,null,null,0.8,null,0.25021368,160,,,0,,False,3,train,1
1088,0.0,347.24177,347.49198,0.08,gabors,null,4.0,"[3644.93333333, 3644.93333333]",0.0,10.0,20.0,"[20.0, 20.0]",null,null,null,0.8,null,0.25021368,15,,,0,,False,5,test,0
1089,0.0,347.49198,347.74218,0.08,gabors,null,4.0,"[3644.93333333, 3644.93333333]",45.0,-20.0,0.0,"[20.0, 20.0]",null,null,null,0.8,null,0.25020132,160,,,0,,False,4,train,1
1090,0.0,347.74218,347.99238,0.08,gabors,null,4.0,"[3644.93333333, 3644.93333333]",90.0,30.0,10.0,"[20.0, 20.0]",null,null,null,0.8,null,0.25020132,237,,,0,,False,2,test,2
1091,0.0,347.99238,348.24259,0.08,gabors,null,4.0,"[3644.93333333, 3644.93333333]",0.0,-10.0,30.0,"[20.0, 20.0]",null,null,null,0.8,null,0.25020132,187,,,0,,False,4,train,0
1092,0.0,348.24259,348.49279,0.08,gabors,null,4.0,"[3644.93333333, 3644.93333333]",45.0,0.0,0.0,"[20.0, 20.0]",null,null,null,0.8,null,0.25020132,7,,,0,,False,5,test,1
1093,0.0,348.49279,348.74301,0.08,gabors,null,4.0,"[3644.93333333, 3644.93333333]",45.0,-40.0,-40.0,"[20.0, 20.0]",null,null,null,0.8,null,0.25021868,94,,,0,,False,4,train,1
1094,0.0,348.74301,348.99322,0.08,gabors,null,4.0,"[3644.93333333, 3644.93333333]",90.0,0.0,-30.0,"[20.0, 20.0]",null,null,null,0.8,null,0.25021868,5,,,0,,False,3,train,2
1095,0.0,348.99322,349.24344,0.08,gabors,null,4.0,"[3644.93333333, 3644.93333333]",0.0,0.0,-40.0,"[20.0, 20.0]",null,null,null,0.8,null,0.25021868,200,,,0,,False,3,train,0
1096,0.0,349.24344,349.49366,0.08,gabors,null,4.0,"[3644.93333333, 3644.93333333]",0.0,-20.0,-30.0,"[20.0, 20.0]",null,null,null,0.8,null,0.25021868,128,,,0,,False,7,train,0
1097,0.0,349.49366,349.74386,0.08,gabors,null,4.0,"[3644.93333333, 3644.93333333]",0.0,10.0,0.0,"[20.0, 20.0]",null,null,null,0.8,null,0.25019882,197,,,0,,False,3,train,0
1098,0.0,349.74386,349.99406,0.08,gabors,null,4.0,"[3644.93333333, 3644.93333333]",0.0,20.0,0.0,"[20.0, 20.0]",null,null,null,0.8,null,0.25019882,71,,,0,,False,8,test,0
1099,0.0,349.99406,350.24426,0.08,gabors,null,4.0,"[3644.93333333, 3644.93333333]",0.0,30.0,-30.0,"[20.0, 20.0]",null,null,null,0.8,null,0.25019882,130,,,0,,False,7,train,0
1100,0.0,350.24426,350.49446,0.08,gabors,null,4.0,"[3644.93333333, 3644.93333333]",0.0,-20.0,30.0,"[20.0, 20.0]",null,null,null,0.8,null,0.25019882,215,,,0,,False,5,test,0
1101,0.0,350.49446,350.74467,0.08,gabors,null,4.0,"[3644.93333333, 3644.93333333]",0.0,40.0,-20.0,"[20.0, 20.0]",null,null,null,0.8,null,0.25021618,95,,,0,,False,6,train,0
1102,0.0,350.74467,350.99489,0.08,gabors,null,4.0,"[3644.93333333, 3644.93333333]",90.0,-20.0,-30.0,"[20.0, 20.0]",null,null,null,0.8,null,0.25021618,67,,,0,,False,6,train,2
1103,0.0,350.99489,351.24511,0.08,gabors,null,4.0,"[3644.93333333, 3644.93333333]",0.0,0.0,0.0,"[20.0, 20.0]",null,null,null,0.8,null,0.25021618,234,,,0,,False,4,train,0
1104,0.0,351.24511,351.49532,0.08,gabors,null,4.0,"[3644.93333333, 3644.93333333]",45.0,0.0,20.0,"[20.0, 20.0]",null,null,null,0.8,null,0.25021618,129,,,0,,False,4,train,1
1105,0.0,351.49532,351.74553,0.08,gabors,null,4.0,"[3644.93333333, 3644.93333333]",45.0,0.0,40.0,"[20.0, 20.0]",null,null,null,0.8,null,0.25020632,112,,,0,,False,4,train,1
1106,0.0,351.74553,351.99573,0.08,gabors,null,4.0,"[3644.93333333, 3644.93333333]",45.0,-20.0,40.0,"[20.0, 20.0]",null,null,null,0.8,null,0.25020632,49,,,0,,False,4,train,1
1107,0.0,351.99573,352.24594,0.08,gabors,null,4.0,"[3644.93333333, 3644.93333333]",90.0,-20.0,10.0,"[20.0, 20.0]",null,null,null,0.8,null,0.25020632,26,,,0,,False,6,train,2
1108,0.0,352.24594,352.49615,0.08,gabors,null,4.0,"[3644.93333333, 3644.93333333]",45.0,-10.0,-20.0,"[20.0, 20.0]",null,null,null,0.8,null,0.25020632,48,,,0,,False,4,train,1
1109,0.0,352.49615,352.74636,0.08,gabors,null,4.0,"[3644.93333333, 3644.93333333]",0.0,-30.0,-10.0,"[20.0, 20.0]",null,null,null,0.8,null,0.25021118,146,,,0,,False,1,train,0
1110,0.0,352.74636,352.99657,0.08,gabors,null,4.0,"[3644.93333333, 3644.93333333]",45.0,0.0,-30.0,"[20.0, 20.0]",null,null,null,0.8,null,0.25021118,232,,,0,,False,2,test,1
1111,0.0,352.99657,353.24678,0.08,gabors,null,4.0,"[3644.93333333, 3644.93333333]",90.0,-10.0,10.0,"[20.0, 20.0]",null,null,null,0.8,null,0.25021118,192,,,0,,False,2,test,2
1112,0.0,353.24678,353.49699,0.08,gabors,null,4.0,"[3644.93333333, 3644.93333333]",90.0,40.0,-10.0,"[20.0, 20.0]",null,null,null,0.8,null,0.25021118,210,,,0,,False,2,test,2
1113,0.0,353.49699,353.7472,0.08,gabors,null,4.0,"[3644.93333333, 3644.93333333]",45.0,30.0,-20.0,"[20.0, 20.0]",null,null,null,0.8,null,0.25020632,57,,,0,,False,6,train,1
1114,0.0,353.7472,353.9974,0.08,gabors,null,4.0,"[3644.93333333, 3644.93333333]",45.0,20.0,40.0,"[20.0, 20.0]",null,null,null,0.8,null,0.25020632,127,,,0,,False,6,train,1
1115,0.0,353.9974,354.24761,0.08,gabors,null,4.0,"[3644.93333333, 3644.93333333]",0.0,-10.0,10.0,"[20.0, 20.0]",null,null,null,0.8,null,0.25020632,19,,,0,,False,7,train,0
1116,0.0,354.24761,354.49782,0.08,gabors,null,4.0,"[3644.93333333, 3644.93333333]",0.0,-30.0,0.0,"[20.0, 20.0]",null,null,null,0.8,null,0.25020632,179,,,0,,False,3,train,0
1117,0.0,354.49782,354.74803,0.08,gabors,null,4.0,"[3644.93333333, 3644.93333333]",0.0,-20.0,20.0,"[20.0, 20.0]",null,null,null,0.8,null,0.25020868,145,,,0,,False,4,train,0
1118,0.0,354.74803,354.99823,0.08,gabors,null,4.0,"[3644.93333333, 3644.93333333]",45.0,-30.0,20.0,"[20.0, 20.0]",null,null,null,0.8,null,0.25020868,132,,,0,,False,6,train,1
1119,0.0,354.99823,355.24844,0.08,gabors,null,4.0,"[3644.93333333, 3644.93333333]",45.0,20.0,-30.0,"[20.0, 20.0]",null,null,null,0.8,null,0.25020868,219,,,0,,False,2,test,1
1120,0.0,355.24844,355.49865,0.08,gabors,null,4.0,"[3644.93333333, 3644.93333333]",45.0,20.0,10.0,"[20.0, 20.0]",null,null,null,0.8,null,0.25020868,31,,,0,,False,7,train,1
1121,0.0,355.49865,355.74886,0.08,gabors,null,4.0,"[3644.93333333, 3644.93333333]",45.0,30.0,-30.0,"[20.0, 20.0]",null,null,null,0.8,null,0.25020882,102,,,0,,False,5,test,1
1122,0.0,355.74886,355.99907,0.08,gabors,null,4.0,"[3644.93333333, 3644.93333333]",0.0,-40.0,-20.0,"[20.0, 20.0]",null,null,null,0.8,null,0.25020882,4,,,0,,False,3,train,0
1123,0.0,355.99907,356.24928,0.08,gabors,null,4.0,"[3644.93333333, 3644.93333333]",90.0,10.0,20.0,"[20.0, 20.0]",null,null,null,0.8,null,0.25020882,176,,,0,,False,6,train,2
1124,0.0,356.24928,356.49949,0.08,gabors,null,4.0,"[3644.93333333, 3644.93333333]",90.0,-40.0,40.0,"[20.0, 20.0]",null,null,null,0.8,null,0.25020882,98,,,0,,False,5,test,2
1125,0.0,356.49949,356.7497,0.08,gabors,null,4.0,"[3644.93333333, 3644.93333333]",90.0,-20.0,0.0,"[20.0, 20.0]",null,null,null,0.8,null,0.25020868,78,,,0,,False,7,train,2
1126,0.0,356.7497,356.9999,0.08,gabors,null,4.0,"[3644.93333333, 3644.93333333]",45.0,40.0,-10.0,"[20.0, 20.0]",null,null,null,0.8,null,0.25020868,144,,,0,,False,4,train,1
1127,0.0,356.9999,357.25011,0.08,gabors,null,4.0,"[3644.93333333, 3644.93333333]",90.0,40.0,30.0,"[20.0, 20.0]",null,null,null,0.8,null,0.25020868,240,,,0,,False,1,train,2
1128,0.0,357.25011,357.50032,0.08,gabors,null,4.0,"[3644.93333333, 3644.93333333]",0.0,20.0,40.0,"[20.0, 20.0]",null,null,null,0.8,null,0.25020868,241,,,0,,False,1,train,0
1129,0.0,357.50032,357.75053,0.08,gabors,null,4.0,"[3644.93333333, 3644.93333333]",45.0,-10.0,40.0,"[20.0, 20.0]",null,null,null,0.8,null,0.25020882,175,,,0,,False,2,test,1
1130,0.0,357.75053,358.00074,0.08,gabors,null,4.0,"[3644.93333333, 3644.93333333]",90.0,40.0,0.0,"[20.0, 20.0]",null,null,null,0.8,null,0.25020882,152,,,0,,False,4,train,2
1131,0.0,358.00074,358.25095,0.08,gabors,null,4.0,"[3644.93333333, 3644.93333333]",90.0,-40.0,-20.0,"[20.0, 20.0]",null,null,null,0.8,null,0.25020882,40,,,0,,False,4,train,2
1132,0.0,358.25095,358.50116,0.08,gabors,null,4.0,"[3644.93333333, 3644.93333333]",45.0,0.0,-10.0,"[20.0, 20.0]",null,null,null,0.8,null,0.25020882,222,,,0,,False,3,train,1
1133,0.0,358.50116,358.75138,0.08,gabors,null,4.0,"[3644.93333333, 3644.93333333]",0.0,10.0,-30.0,"[20.0, 20.0]",null,null,null,0.8,null,0.25021868,169,,,0,,False,4,train,0
1134,0.0,358.75138,359.00159,0.08,gabors,null,4.0,"[3644.93333333, 3644.93333333]",0.0,0.0,10.0,"[20.0, 20.0]",null,null,null,0.8,null,0.25021868,29,,,0,,False,7,train,0
1135,0.0,359.00159,359.25181,0.08,gabors,null,4.0,"[3644.93333333, 3644.93333333]",0.0,20.0,-10.0,"[20.0, 20.0]",null,null,null,0.8,null,0.25021868,87,,,0,,False,5,test,0
1136,0.0,359.25181,359.50203,0.08,gabors,null,4.0,"[3644.93333333, 3644.93333333]",90.0,-40.0,20.0,"[20.0, 20.0]",null,null,null,0.8,null,0.25021868,108,,,0,,False,3,train,2
1137,0.0,359.50203,359.75224,0.08,gabors,null,4.0,"[3644.93333333, 3644.93333333]",45.0,0.0,10.0,"[20.0, 20.0]",null,null,null,0.8,null,0.25020382,110,,,0,,False,3,train,1
1138,0.0,359.75224,360.00244,0.08,gabors,null,4.0,"[3644.93333333, 3644.93333333]",90.0,-40.0,30.0,"[20.0, 20.0]",null,null,null,0.8,null,0.25020382,202,,,0,,False,4,train,2
1139,0.0,360.00244,360.25264,0.08,gabors,null,4.0,"[3644.93333333, 3644.93333333]",0.0,40.0,-40.0,"[20.0, 20.0]",null,null,null,0.8,null,0.25020382,28,,,0,,False,6,train,0
1140,0.0,360.25264,360.50285,0.08,gabors,null,4.0,"[3644.93333333, 3644.93333333]",90.0,20.0,-20.0,"[20.0, 20.0]",null,null,null,0.8,null,0.25020382,12,,,0,,False,2,test,2
1141,0.0,360.50285,360.75306,0.08,gabors,null,4.0,"[3644.93333333, 3644.93333333]",90.0,20.0,-10.0,"[20.0, 20.0]",null,null,null,0.8,null,0.25020868,150,,,0,,False,7,train,2
1142,0.0,360.75306,361.00326,0.08,gabors,null,4.0,"[3644.93333333, 3644.93333333]",0.0,-40.0,30.0,"[20.0, 20.0]",null,null,null,0.8,null,0.25020868,2,,,0,,False,7,train,0
1143,0.0,361.00326,361.25347,0.08,gabors,null,4.0,"[3644.93333333, 3644.93333333]",45.0,-30.0,0.0,"[20.0, 20.0]",null,null,null,0.8,null,0.25020868,82,,,0,,False,4,train,1
1144,0.0,361.25347,361.50368,0.08,gabors,null,4.0,"[3644.93333333, 3644.93333333]",45.0,0.0,30.0,"[20.0, 20.0]",null,null,null,0.8,null,0.25020868,99,,,0,,False,4,train,1
1145,0.0,361.50368,361.75389,0.08,gabors,null,4.0,"[3644.93333333, 3644.93333333]",90.0,-10.0,-30.0,"[20.0, 20.0]",null,null,null,0.8,null,0.25020632,166,,,0,,False,5,test,2
1146,0.0,361.75389,362.00409,0.08,gabors,null,4.0,"[3644.93333333, 3644.93333333]",45.0,40.0,0.0,"[20.0, 20.0]",null,null,null,0.8,null,0.25020632,126,,,0,,False,3,train,1
1147,0.0,362.00409,362.2543,0.08,gabors,null,4.0,"[3644.93333333, 3644.93333333]",0.0,20.0,20.0,"[20.0, 20.0]",null,null,null,0.8,null,0.25020632,10,,,0,,False,5,test,0
1148,0.0,362.2543,362.50451,0.08,gabors,null,4.0,"[3644.93333333, 3644.93333333]",0.0,0.0,-30.0,"[20.0, 20.0]",null,null,null,0.8,null,0.25020632,46,,,0,,False,5,test,0
1149,0.0,362.50451,362.75472,0.08,gabors,null,4.0,"[3644.93333333, 3644.93333333]",0.0,-40.0,-40.0,"[20.0, 20.0]",null,null,null,0.8,null,0.25020868,206,,,0,,False,4,train,0
1150,0.0,362.75472,363.00492,0.08,gabors,null,4.0,"[3644.93333333, 3644.93333333]",45.0,-30.0,-40.0,"[20.0, 20.0]",null,null,null,0.8,null,0.25020868,34,,,0,,False,5,test,1
1151,0.0,363.00492,363.25513,0.08,gabors,null,4.0,"[3644.93333333, 3644.93333333]",90.0,10.0,10.0,"[20.0, 20.0]",null,null,null,0.8,null,0.25020868,180,,,0,,False,2,test,2
1152,0.0,363.25513,363.50534,0.08,gabors,null,4.0,"[3644.93333333, 3644.93333333]",0.0,20.0,40.0,"[20.0, 20.0]",null,null,null,0.8,null,0.25020868,241,,,0,,False,2,test,0
1153,0.0,363.50534,363.75555,0.08,gabors,null,4.0,"[3644.93333333, 3644.93333333]",45.0,-40.0,-10.0,"[20.0, 20.0]",null,null,null,0.8,null,0.25021132,199,,,0,,False,5,test,1
1154,0.0,363.75555,364.00576,0.08,gabors,null,4.0,"[3644.93333333, 3644.93333333]",0.0,20.0,30.0,"[20.0, 20.0]",null,null,null,0.8,null,0.25021132,182,,,0,,False,6,train,0
1155,0.0,364.00576,364.25598,0.08,gabors,null,4.0,"[3644.93333333, 3644.93333333]",0.0,-40.0,-40.0,"[20.0, 20.0]",null,null,null,0.8,null,0.25021132,206,,,0,,False,5,test,0
1156,0.0,364.25598,364.50619,0.08,gabors,null,4.0,"[3644.93333333, 3644.93333333]",90.0,10.0,-10.0,"[20.0, 20.0]",null,null,null,0.8,null,0.25021132,117,,,0,,False,5,test,2
1157,0.0,364.50619,364.75641,0.08,gabors,null,4.0,"[3644.93333333, 3644.93333333]",0.0,-20.0,0.0,"[20.0, 20.0]",null,null,null,0.8,null,0.25021868,44,,,0,,False,3,train,0
1158,0.0,364.75641,365.00662,0.08,gabors,null,4.0,"[3644.93333333, 3644.93333333]",45.0,30.0,20.0,"[20.0, 20.0]",null,null,null,0.8,null,0.25021868,37,,,0,,False,5,test,1
1159,0.0,365.00662,365.25684,0.08,gabors,null,4.0,"[3644.93333333, 3644.93333333]",45.0,10.0,20.0,"[20.0, 20.0]",null,null,null,0.8,null,0.25021868,13,,,0,,False,4,train,1
1160,0.0,365.25684,365.50706,0.08,gabors,null,4.0,"[3644.93333333, 3644.93333333]",0.0,10.0,-20.0,"[20.0, 20.0]",null,null,null,0.8,null,0.25021868,217,,,0,,False,5,test,0
1161,0.0,365.50706,365.75726,0.08,gabors,null,4.0,"[3644.93333333, 3644.93333333]",90.0,30.0,-10.0,"[20.0, 20.0]",null,null,null,0.8,null,0.25019882,83,,,0,,False,6,train,2
1162,0.0,365.75726,366.00746,0.08,gabors,null,4.0,"[3644.93333333, 3644.93333333]",90.0,20.0,-20.0,"[20.0, 20.0]",null,null,null,0.8,null,0.25019882,12,,,0,,False,3,train,2
1163,0.0,366.00746,366.25766,0.08,gabors,null,4.0,"[3644.93333333, 3644.93333333]",45.0,20.0,40.0,"[20.0, 20.0]",null,null,null,0.8,null,0.25019882,127,,,0,,False,7,train,1
1164,0.0,366.25766,366.50786,0.08,gabors,null,4.0,"[3644.93333333, 3644.93333333]",90.0,20.0,0.0,"[20.0, 20.0]",null,null,null,0.8,null,0.25019882,73,,,0,,False,5,test,2
1165,0.0,366.50786,366.75807,0.08,gabors,null,4.0,"[3644.93333333, 3644.93333333]",0.0,20.0,30.0,"[20.0, 20.0]",null,null,null,0.8,null,0.25021118,182,,,0,,False,7,train,0
1166,0.0,366.75807,367.00828,0.08,gabors,null,4.0,"[3644.93333333, 3644.93333333]",90.0,30.0,30.0,"[20.0, 20.0]",null,null,null,0.8,null,0.25021118,207,,,0,,False,4,train,2
1167,0.0,367.00828,367.25849,0.08,gabors,null,4.0,"[3644.93333333, 3644.93333333]",90.0,-20.0,-20.0,"[20.0, 20.0]",null,null,null,0.8,null,0.25021118,35,,,0,,False,5,test,2
1168,0.0,367.25849,367.5087,0.08,gabors,null,4.0,"[3644.93333333, 3644.93333333]",0.0,-20.0,-30.0,"[20.0, 20.0]",null,null,null,0.8,null,0.25021118,128,,,0,,False,8,test,0
1169,0.0,367.5087,367.75891,0.08,gabors,null,4.0,"[3644.93333333, 3644.93333333]",90.0,20.0,-20.0,"[20.0, 20.0]",null,null,null,0.8,null,0.25020382,12,,,0,,False,4,train,2
1170,0.0,367.75891,368.00911,0.08,gabors,null,4.0,"[3644.93333333, 3644.93333333]",0.0,40.0,-10.0,"[20.0, 20.0]",null,null,null,0.8,null,0.25020382,114,,,0,,False,3,train,0
1171,0.0,368.00911,368.25931,0.08,gabors,null,4.0,"[3644.93333333, 3644.93333333]",45.0,-30.0,20.0,"[20.0, 20.0]",null,null,null,0.8,null,0.25020382,132,,,0,,False,7,train,1
1172,0.0,368.25931,368.50952,0.08,gabors,null,4.0,"[3644.93333333, 3644.93333333]",45.0,-20.0,20.0,"[20.0, 20.0]",null,null,null,0.8,null,0.25020382,66,,,0,,False,6,train,1
1173,0.0,368.50952,368.75973,0.08,gabors,null,4.0,"[3644.93333333, 3644.93333333]",90.0,-30.0,-40.0,"[20.0, 20.0]",null,null,null,0.8,null,0.25021118,149,,,0,,False,2,test,2
1174,0.0,368.75973,369.00994,0.08,gabors,null,4.0,"[3644.93333333, 3644.93333333]",45.0,10.0,-10.0,"[20.0, 20.0]",null,null,null,0.8,null,0.25021118,220,,,0,,False,3,train,1
1175,0.0,369.00994,369.26015,0.08,gabors,null,4.0,"[3644.93333333, 3644.93333333]",0.0,-30.0,20.0,"[20.0, 20.0]",null,null,null,0.8,null,0.25021118,33,,,0,,False,4,train,0
1176,0.0,369.26015,369.51036,0.08,gabors,null,4.0,"[3644.93333333, 3644.93333333]",45.0,-40.0,10.0,"[20.0, 20.0]",null,null,null,0.8,null,0.25021118,45,,,0,,False,5,test,1
1177,0.0,369.51036,369.76057,0.08,gabors,null,4.0,"[3644.93333333, 3644.93333333]",90.0,10.0,40.0,"[20.0, 20.0]",null,null,null,0.8,null,0.25020882,90,,,0,,False,3,train,2
1178,0.0,369.76057,370.01078,0.08,gabors,null,4.0,"[3644.93333333, 3644.93333333]",90.0,0.0,-10.0,"[20.0, 20.0]",null,null,null,0.8,null,0.25020882,196,,,0,,False,2,test,2
1179,0.0,370.01078,370.26099,0.08,gabors,null,4.0,"[3644.93333333, 3644.93333333]",45.0,20.0,-20.0,"[20.0, 20.0]",null,null,null,0.8,null,0.25020882,208,,,0,,False,5,test,1
1180,0.0,370.26099,370.5112,0.08,gabors,null,4.0,"[3644.93333333, 3644.93333333]",45.0,-10.0,-30.0,"[20.0, 20.0]",null,null,null,0.8,null,0.25020882,148,,,0,,False,5,test,1
1181,0.0,370.5112,370.76142,0.08,gabors,null,4.0,"[3644.93333333, 3644.93333333]",45.0,-10.0,30.0,"[20.0, 20.0]",null,null,null,0.8,null,0.25021868,231,,,0,,False,2,test,1
1182,0.0,370.76142,371.01163,0.08,gabors,null,4.0,"[3644.93333333, 3644.93333333]",90.0,40.0,-20.0,"[20.0, 20.0]",null,null,null,0.8,null,0.25021868,173,,,0,,False,6,train,2
1183,0.0,371.01163,371.26185,0.08,gabors,null,4.0,"[3644.93333333, 3644.93333333]",90.0,20.0,-30.0,"[20.0, 20.0]",null,null,null,0.8,null,0.25021868,226,,,0,,False,5,test,2
1184,0.0,371.26185,371.51207,0.08,gabors,null,4.0,"[3644.93333333, 3644.93333333]",45.0,20.0,40.0,"[20.0, 20.0]",null,null,null,0.8,null,0.25021868,127,,,0,,False,8,test,1
1185,0.0,371.51207,371.76227,0.08,gabors,null,4.0,"[3644.93333333, 3644.93333333]",45.0,10.0,30.0,"[20.0, 20.0]",null,null,null,0.8,null,0.25019882,218,,,0,,False,1,train,1
1186,0.0,371.76227,372.01247,0.08,gabors,null,4.0,"[3644.93333333, 3644.93333333]",0.0,-20.0,10.0,"[20.0, 20.0]",null,null,null,0.8,null,0.25019882,135,,,0,,False,3,train,0
1187,0.0,372.01247,372.26267,0.08,gabors,null,4.0,"[3644.93333333, 3644.93333333]",90.0,40.0,20.0,"[20.0, 20.0]",null,null,null,0.8,null,0.25019882,123,,,0,,False,2,test,2
1188,0.0,372.26267,372.51287,0.08,gabors,null,4.0,"[3644.93333333, 3644.93333333]",45.0,20.0,-20.0,"[20.0, 20.0]",null,null,null,0.8,null,0.25019882,208,,,0,,False,6,train,1
1189,0.0,372.51287,372.76308,0.08,gabors,null,4.0,"[3644.93333333, 3644.93333333]",45.0,30.0,-10.0,"[20.0, 20.0]",null,null,null,0.8,null,0.25021618,223,,,0,,False,3,train,1
1190,0.0,372.76308,373.0133,0.08,gabors,null,4.0,"[3644.93333333, 3644.93333333]",0.0,40.0,30.0,"[20.0, 20.0]",null,null,null,0.8,null,0.25021618,100,,,0,,False,3,train,0
1191,0.0,373.0133,373.26352,0.08,gabors,null,4.0,"[3644.93333333, 3644.93333333]",90.0,-20.0,30.0,"[20.0, 20.0]",null,null,null,0.8,null,0.25021618,170,,,0,,False,4,train,2
1192,0.0,373.26352,373.51373,0.08,gabors,null,4.0,"[3644.93333333, 3644.93333333]",45.0,-40.0,30.0,"[20.0, 20.0]",null,null,null,0.8,null,0.25021618,154,,,0,,False,7,train,1
1193,0.0,373.51373,373.76394,0.08,gabors,null,4.0,"[3644.93333333, 3644.93333333]",0.0,-10.0,-10.0,"[20.0, 20.0]",null,null,null,0.8,null,0.25020382,86,,,0,,False,6,train,0
1194,0.0,373.76394,374.01414,0.08,gabors,null,4.0,"[3644.93333333, 3644.93333333]",0.0,20.0,40.0,"[20.0, 20.0]",null,null,null,0.8,null,0.25020382,241,,,0,,False,3,train,0
1195,0.0,374.01414,374.26434,0.08,gabors,null,4.0,"[3644.93333333, 3644.93333333]",45.0,-10.0,-20.0,"[20.0, 20.0]",null,null,null,0.8,null,0.25020382,48,,,0,,False,5,test,1
1196,0.0,374.26434,374.51455,0.08,gabors,null,4.0,"[3644.93333333, 3644.93333333]",90.0,10.0,-10.0,"[20.0, 20.0]",null,null,null,0.8,null,0.25020382,117,,,0,,False,6,train,2
1197,0.0,374.51455,374.76476,0.08,gabors,null,4.0,"[3644.93333333, 3644.93333333]",0.0,0.0,-20.0,"[20.0, 20.0]",null,null,null,0.8,null,0.25021368,213,,,0,,False,2,test,0
1198,0.0,374.76476,375.01497,0.08,gabors,null,4.0,"[3644.93333333, 3644.93333333]",90.0,30.0,-30.0,"[20.0, 20.0]",null,null,null,0.8,null,0.25021368,103,,,0,,False,9,train,2
1199,0.0,375.01497,375.26519,0.08,gabors,null,4.0,"[3644.93333333, 3644.93333333]",90.0,-20.0,30.0,"[20.0, 20.0]",null,null,null,0.8,null,0.25021368,170,,,0,,False,5,test,2
1200,0.0,375.26519,375.5154,0.08,gabors,null,4.0,"[3644.93333333, 3644.93333333]",0.0,40.0,20.0,"[20.0, 20.0]",null,null,null,0.8,null,0.25021368,239,,,0,,False,1,train,0
1201,0.0,375.5154,375.7656,0.08,gabors,null,4.0,"[3644.93333333, 3644.93333333]",45.0,20.0,10.0,"[20.0, 20.0]",null,null,null,0.8,null,0.25020132,31,,,0,,False,8,test,1
1202,0.0,375.7656,376.0158,0.08,gabors,null,4.0,"[3644.93333333, 3644.93333333]",0.0,-10.0,30.0,"[20.0, 20.0]",null,null,null,0.8,null,0.25020132,187,,,0,,False,5,test,0
1203,0.0,376.0158,376.26601,0.08,gabors,null,4.0,"[3644.93333333, 3644.93333333]",45.0,-20.0,20.0,"[20.0, 20.0]",null,null,null,0.8,null,0.25020132,66,,,0,,False,7,train,1
1204,0.0,376.26601,376.51621,0.08,gabors,null,4.0,"[3644.93333333, 3644.93333333]",45.0,40.0,-20.0,"[20.0, 20.0]",null,null,null,0.8,null,0.25020132,18,,,0,,False,4,train,1
1205,0.0,376.51621,376.76642,0.08,gabors,null,4.0,"[3644.93333333, 3644.93333333]",45.0,-10.0,-10.0,"[20.0, 20.0]",null,null,null,0.8,null,0.25021618,242,,,0,,False,0,train,1
1206,0.0,376.76642,377.01664,0.08,gabors,null,4.0,"[3644.93333333, 3644.93333333]",90.0,-40.0,-30.0,"[20.0, 20.0]",null,null,null,0.8,null,0.25021618,68,,,0,,False,4,train,2
1207,0.0,377.01664,377.26686,0.08,gabors,null,4.0,"[3644.93333333, 3644.93333333]",90.0,40.0,0.0,"[20.0, 20.0]",null,null,null,0.8,null,0.25021618,152,,,0,,False,5,test,2
1208,0.0,377.26686,377.51707,0.08,gabors,null,4.0,"[3644.93333333, 3644.93333333]",0.0,-20.0,10.0,"[20.0, 20.0]",null,null,null,0.8,null,0.25021618,135,,,0,,False,4,train,0
1209,0.0,377.51707,377.76728,0.08,gabors,null,4.0,"[3644.93333333, 3644.93333333]",45.0,0.0,-40.0,"[20.0, 20.0]",null,null,null,0.8,null,0.25020382,72,,,0,,False,4,train,1
1210,0.0,377.76728,378.01748,0.08,gabors,null,4.0,"[3644.93333333, 3644.93333333]",45.0,20.0,-30.0,"[20.0, 20.0]",null,null,null,0.8,null,0.25020382,219,,,0,,False,3,train,1
1211,0.0,378.01748,378.26768,0.08,gabors,null,4.0,"[3644.93333333, 3644.93333333]",0.0,0.0,-30.0,"[20.0, 20.0]",null,null,null,0.8,null,0.25020382,46,,,0,,False,6,train,0
1212,0.0,378.26768,378.51789,0.08,gabors,null,4.0,"[3644.93333333, 3644.93333333]",45.0,20.0,40.0,"[20.0, 20.0]",null,null,null,0.8,null,0.25020382,127,,,0,,False,9,train,1
1213,0.0,378.51789,378.7681,0.08,gabors,null,4.0,"[3644.93333333, 3644.93333333]",45.0,30.0,0.0,"[20.0, 20.0]",null,null,null,0.8,null,0.25021118,56,,,0,,False,7,train,1
1214,0.0,378.7681,379.01831,0.08,gabors,null,4.0,"[3644.93333333, 3644.93333333]",0.0,-30.0,-10.0,"[20.0, 20.0]",null,null,null,0.8,null,0.25021118,146,,,0,,False,2,test,0
1215,0.0,379.01831,379.26852,0.08,gabors,null,4.0,"[3644.93333333, 3644.93333333]",90.0,-20.0,20.0,"[20.0, 20.0]",null,null,null,0.8,null,0.25021118,161,,,0,,False,5,test,2
1216,0.0,379.26852,379.51873,0.08,gabors,null,4.0,"[3644.93333333, 3644.93333333]",45.0,20.0,30.0,"[20.0, 20.0]",null,null,null,0.8,null,0.25021118,63,,,0,,False,5,test,1
1217,0.0,379.51873,379.76894,0.08,gabors,null,4.0,"[3644.93333333, 3644.93333333]",90.0,10.0,30.0,"[20.0, 20.0]",null,null,null,0.8,null,0.25020382,3,,,0,,False,5,test,2
1218,0.0,379.76894,380.01914,0.08,gabors,null,4.0,"[3644.93333333, 3644.93333333]",0.0,10.0,-10.0,"[20.0, 20.0]",null,null,null,0.8,null,0.25020382,17,,,0,,False,6,train,0
1219,0.0,380.01914,380.26934,0.08,gabors,null,4.0,"[3644.93333333, 3644.93333333]",45.0,40.0,-40.0,"[20.0, 20.0]",null,null,null,0.8,null,0.25020382,91,,,0,,False,7,train,1
1220,0.0,380.26934,380.51955,0.08,gabors,null,4.0,"[3644.93333333, 3644.93333333]",90.0,20.0,40.0,"[20.0, 20.0]",null,null,null,0.8,null,0.25020382,158,,,0,,False,3,train,2
1221,0.0,380.51955,380.76977,0.08,gabors,null,4.0,"[3644.93333333, 3644.93333333]",45.0,20.0,-40.0,"[20.0, 20.0]",null,null,null,0.8,null,0.25022118,131,,,0,,False,3,train,1
1222,0.0,380.76977,381.01999,0.08,gabors,null,4.0,"[3644.93333333, 3644.93333333]",90.0,-10.0,-20.0,"[20.0, 20.0]",null,null,null,0.8,null,0.25022118,133,,,0,,False,5,test,2
1223,0.0,381.01999,381.27021,0.08,gabors,null,4.0,"[3644.93333333, 3644.93333333]",45.0,40.0,40.0,"[20.0, 20.0]",null,null,null,0.8,null,0.25022118,65,,,0,,False,3,train,1
1224,0.0,381.27021,381.52043,0.08,gabors,null,4.0,"[3644.93333333, 3644.93333333]",0.0,0.0,30.0,"[20.0, 20.0]",null,null,null,0.8,null,0.25022118,21,,,0,,False,4,train,0
1225,0.0,381.52043,381.77063,0.08,gabors,null,4.0,"[3644.93333333, 3644.93333333]",0.0,40.0,30.0,"[20.0, 20.0]",null,null,null,0.8,null,0.25020132,100,,,0,,False,4,train,0
1226,0.0,381.77063,382.02083,0.08,gabors,null,4.0,"[3644.93333333, 3644.93333333]",90.0,-40.0,-40.0,"[20.0, 20.0]",null,null,null,0.8,null,0.25020132,1,,,0,,False,4,train,2
1227,0.0,382.02083,382.27104,0.08,gabors,null,4.0,"[3644.93333333, 3644.93333333]",0.0,30.0,30.0,"[20.0, 20.0]",null,null,null,0.8,null,0.25020132,104,,,0,,False,5,test,0
1228,0.0,382.27104,382.52124,0.08,gabors,null,4.0,"[3644.93333333, 3644.93333333]",90.0,20.0,10.0,"[20.0, 20.0]",null,null,null,0.8,null,0.25020132,138,,,0,,False,5,test,2
1229,0.0,382.52124,382.77145,0.08,gabors,null,4.0,"[3644.93333333, 3644.93333333]",45.0,0.0,10.0,"[20.0, 20.0]",null,null,null,0.8,null,0.25020868,110,,,0,,False,4,train,1
1230,0.0,382.77145,383.02165,0.08,gabors,null,4.0,"[3644.93333333, 3644.93333333]",45.0,-10.0,-20.0,"[20.0, 20.0]",null,null,null,0.8,null,0.25020868,48,,,0,,False,6,train,1
1231,0.0,383.02165,383.27186,0.08,gabors,null,4.0,"[3644.93333333, 3644.93333333]",90.0,20.0,-10.0,"[20.0, 20.0]",null,null,null,0.8,null,0.25020868,150,,,0,,False,8,test,2
1232,0.0,383.27186,383.52207,0.08,gabors,null,4.0,"[3644.93333333, 3644.93333333]",0.0,40.0,20.0,"[20.0, 20.0]",null,null,null,0.8,null,0.25020868,239,,,0,,False,2,test,0
1233,0.0,383.52207,383.77228,0.08,gabors,null,4.0,"[3644.93333333, 3644.93333333]",90.0,-10.0,40.0,"[20.0, 20.0]",null,null,null,0.8,null,0.25020882,167,,,0,,False,4,train,2
1234,0.0,383.77228,384.02249,0.08,gabors,null,4.0,"[3644.93333333, 3644.93333333]",45.0,20.0,-20.0,"[20.0, 20.0]",null,null,null,0.8,null,0.25020882,208,,,0,,False,7,train,1
1235,0.0,384.02249,384.2727,0.08,gabors,null,4.0,"[3644.93333333, 3644.93333333]",45.0,-20.0,0.0,"[20.0, 20.0]",null,null,null,0.8,null,0.25020882,160,,,0,,False,5,test,1
1236,0.0,384.2727,384.52291,0.08,gabors,null,4.0,"[3644.93333333, 3644.93333333]",90.0,0.0,20.0,"[20.0, 20.0]",null,null,null,0.8,null,0.25020882,93,,,0,,False,6,train,2
1237,0.0,384.52291,384.77312,0.08,gabors,null,4.0,"[3644.93333333, 3644.93333333]",45.0,0.0,40.0,"[20.0, 20.0]",null,null,null,0.8,null,0.25021368,112,,,0,,False,5,test,1
1238,0.0,384.77312,385.02333,0.08,gabors,null,4.0,"[3644.93333333, 3644.93333333]",0.0,-40.0,-30.0,"[20.0, 20.0]",null,null,null,0.8,null,0.25021368,209,,,0,,False,4,train,0
1239,0.0,385.02333,385.27355,0.08,gabors,null,4.0,"[3644.93333333, 3644.93333333]",45.0,-20.0,-10.0,"[20.0, 20.0]",null,null,null,0.8,null,0.25021368,159,,,0,,False,6,train,1
1240,0.0,385.27355,385.52376,0.08,gabors,null,4.0,"[3644.93333333, 3644.93333333]",45.0,40.0,10.0,"[20.0, 20.0]",null,null,null,0.8,null,0.25021368,229,,,0,,False,3,train,1
1241,0.0,385.52376,385.77396,0.08,gabors,null,4.0,"[3644.93333333, 3644.93333333]",90.0,10.0,20.0,"[20.0, 20.0]",null,null,null,0.8,null,0.25020132,176,,,0,,False,7,train,2
1242,0.0,385.77396,386.02416,0.08,gabors,null,4.0,"[3644.93333333, 3644.93333333]",90.0,40.0,-10.0,"[20.0, 20.0]",null,null,null,0.8,null,0.25020132,210,,,0,,False,3,train,2
1243,0.0,386.02416,386.27437,0.08,gabors,null,4.0,"[3644.93333333, 3644.93333333]",0.0,40.0,-40.0,"[20.0, 20.0]",null,null,null,0.8,null,0.25020132,28,,,0,,False,7,train,0
1244,0.0,386.27437,386.52457,0.08,gabors,null,4.0,"[3644.93333333, 3644.93333333]",45.0,-30.0,-20.0,"[20.0, 20.0]",null,null,null,0.8,null,0.25020132,221,,,0,,False,2,test,1
1245,0.0,386.52457,386.77478,0.08,gabors,null,4.0,"[3644.93333333, 3644.93333333]",45.0,-30.0,-40.0,"[20.0, 20.0]",null,null,null,0.8,null,0.25021368,34,,,0,,False,6,train,1
1246,0.0,386.77478,387.02499,0.08,gabors,null,4.0,"[3644.93333333, 3644.93333333]",45.0,30.0,-40.0,"[20.0, 20.0]",null,null,null,0.8,null,0.25021368,54,,,0,,False,7,train,1
1247,0.0,387.02499,387.27521,0.08,gabors,null,4.0,"[3644.93333333, 3644.93333333]",45.0,30.0,10.0,"[20.0, 20.0]",null,null,null,0.8,null,0.25021368,174,,,0,,False,3,train,1
1248,0.0,387.27521,387.52542,0.08,gabors,null,4.0,"[3644.93333333, 3644.93333333]",0.0,-40.0,-20.0,"[20.0, 20.0]",null,null,null,0.8,null,0.25021368,4,,,0,,False,4,train,0
1249,0.0,387.52542,387.77563,0.08,gabors,null,4.0,"[3644.93333333, 3644.93333333]",0.0,10.0,0.0,"[20.0, 20.0]",null,null,null,0.8,null,0.25020882,197,,,0,,False,4,train,0
1250,0.0,387.77563,388.02584,0.08,gabors,null,4.0,"[3644.93333333, 3644.93333333]",45.0,30.0,20.0,"[20.0, 20.0]",null,null,null,0.8,null,0.25020882,37,,,0,,False,6,train,1
1251,0.0,388.02584,388.27605,0.08,gabors,null,4.0,"[3644.93333333, 3644.93333333]",45.0,-10.0,-30.0,"[20.0, 20.0]",null,null,null,0.8,null,0.25020882,148,,,0,,False,6,train,1
1252,0.0,388.27605,388.52626,0.08,gabors,null,4.0,"[3644.93333333, 3644.93333333]",45.0,-40.0,40.0,"[20.0, 20.0]",null,null,null,0.8,null,0.25020882,172,,,0,,False,3,train,1
1253,0.0,388.52626,388.77647,0.08,gabors,null,4.0,"[3644.93333333, 3644.93333333]",45.0,-10.0,20.0,"[20.0, 20.0]",null,null,null,0.8,null,0.25021618,120,,,0,,False,6,train,1
1254,0.0,388.77647,389.02669,0.08,gabors,null,4.0,"[3644.93333333, 3644.93333333]",0.0,0.0,30.0,"[20.0, 20.0]",null,null,null,0.8,null,0.25021618,21,,,0,,False,5,test,0
1255,0.0,389.02669,389.27691,0.08,gabors,null,4.0,"[3644.93333333, 3644.93333333]",0.0,-20.0,20.0,"[20.0, 20.0]",null,null,null,0.8,null,0.25021618,145,,,0,,False,5,test,0
1256,0.0,389.27691,389.52712,0.08,gabors,null,4.0,"[3644.93333333, 3644.93333333]",45.0,-10.0,20.0,"[20.0, 20.0]",null,null,null,0.8,null,0.25021618,120,,,0,,False,7,train,1
1257,0.0,389.52712,389.77732,0.08,gabors,null,4.0,"[3644.93333333, 3644.93333333]",90.0,10.0,10.0,"[20.0, 20.0]",null,null,null,0.8,null,0.25019882,180,,,0,,False,3,train,2
1258,0.0,389.77732,390.02752,0.08,gabors,null,4.0,"[3644.93333333, 3644.93333333]",45.0,30.0,0.0,"[20.0, 20.0]",null,null,null,0.8,null,0.25019882,56,,,0,,False,8,test,1
1259,0.0,390.02752,390.27772,0.08,gabors,null,4.0,"[3644.93333333, 3644.93333333]",90.0,0.0,20.0,"[20.0, 20.0]",null,null,null,0.8,null,0.25019882,93,,,0,,False,7,train,2
1260,0.0,390.27772,390.52792,0.08,gabors,null,4.0,"[3644.93333333, 3644.93333333]",90.0,30.0,0.0,"[20.0, 20.0]",null,null,null,0.8,null,0.25019882,216,,,0,,False,3,train,2
1261,0.0,390.52792,390.77813,0.08,gabors,null,4.0,"[3644.93333333, 3644.93333333]",45.0,40.0,30.0,"[20.0, 20.0]",null,null,null,0.8,null,0.25021118,111,,,0,,False,5,test,1
1262,0.0,390.77813,391.02834,0.08,gabors,null,4.0,"[3644.93333333, 3644.93333333]",45.0,-20.0,-30.0,"[20.0, 20.0]",null,null,null,0.8,null,0.25021118,96,,,0,,False,6,train,1
1263,0.0,391.02834,391.27855,0.08,gabors,null,4.0,"[3644.93333333, 3644.93333333]",45.0,-30.0,30.0,"[20.0, 20.0]",null,null,null,0.8,null,0.25021118,227,,,0,,False,1,train,1
1264,0.0,391.27855,391.52876,0.08,gabors,null,4.0,"[3644.93333333, 3644.93333333]",90.0,-40.0,-20.0,"[20.0, 20.0]",null,null,null,0.8,null,0.25021118,40,,,0,,False,5,test,2
1265,0.0,391.52876,391.77897,0.08,gabors,null,4.0,"[3644.93333333, 3644.93333333]",0.0,30.0,10.0,"[20.0, 20.0]",null,null,null,0.8,null,0.25020632,141,,,0,,False,3,train,0
1266,0.0,391.77897,392.02917,0.08,gabors,null,4.0,"[3644.93333333, 3644.93333333]",90.0,-20.0,-40.0,"[20.0, 20.0]",null,null,null,0.8,null,0.25020632,36,,,0,,False,6,train,2
1267,0.0,392.02917,392.27938,0.08,gabors,null,4.0,"[3644.93333333, 3644.93333333]",0.0,10.0,-30.0,"[20.0, 20.0]",null,null,null,0.8,null,0.25020632,169,,,0,,False,5,test,0
1268,0.0,392.27938,392.52959,0.08,gabors,null,4.0,"[3644.93333333, 3644.93333333]",0.0,30.0,40.0,"[20.0, 20.0]",null,null,null,0.8,null,0.25020632,20,,,0,,False,3,train,0
1269,0.0,392.52959,392.7798,0.08,gabors,null,4.0,"[3644.93333333, 3644.93333333]",0.0,0.0,-30.0,"[20.0, 20.0]",null,null,null,0.8,null,0.25021368,46,,,0,,False,7,train,0
1270,0.0,392.7798,393.03001,0.08,gabors,null,4.0,"[3644.93333333, 3644.93333333]",90.0,20.0,-30.0,"[20.0, 20.0]",null,null,null,0.8,null,0.25021368,226,,,0,,False,6,train,2
1271,0.0,393.03001,393.28023,0.08,gabors,null,4.0,"[3644.93333333, 3644.93333333]",45.0,0.0,-40.0,"[20.0, 20.0]",null,null,null,0.8,null,0.25021368,72,,,0,,False,5,test,1
1272,0.0,393.28023,393.53044,0.08,gabors,null,4.0,"[3644.93333333, 3644.93333333]",45.0,-20.0,10.0,"[20.0, 20.0]",null,null,null,0.8,null,0.25021368,74,,,0,,False,6,train,1
1273,0.0,393.53044,393.78065,0.08,gabors,null,4.0,"[3644.93333333, 3644.93333333]",90.0,40.0,-40.0,"[20.0, 20.0]",null,null,null,0.8,null,0.25020632,113,,,0,,False,4,train,2
1274,0.0,393.78065,394.03085,0.08,gabors,null,4.0,"[3644.93333333, 3644.93333333]",0.0,20.0,-10.0,"[20.0, 20.0]",null,null,null,0.8,null,0.25020632,87,,,0,,False,6,train,0
1275,0.0,394.03085,394.28106,0.08,gabors,null,4.0,"[3644.93333333, 3644.93333333]",45.0,0.0,30.0,"[20.0, 20.0]",null,null,null,0.8,null,0.25020632,99,,,0,,False,5,test,1
1276,0.0,394.28106,394.53127,0.08,gabors,null,4.0,"[3644.93333333, 3644.93333333]",45.0,-40.0,20.0,"[20.0, 20.0]",null,null,null,0.8,null,0.25020632,124,,,0,,False,3,train,1
1277,0.0,394.53127,394.78148,0.08,gabors,null,4.0,"[3644.93333333, 3644.93333333]",45.0,-40.0,30.0,"[20.0, 20.0]",null,null,null,0.8,null,0.25021118,154,,,0,,False,8,test,1
1278,0.0,394.78148,395.03169,0.08,gabors,null,4.0,"[3644.93333333, 3644.93333333]",45.0,20.0,10.0,"[20.0, 20.0]",null,null,null,0.8,null,0.25021118,31,,,0,,False,9,train,1
1279,0.0,395.03169,395.2819,0.08,gabors,null,4.0,"[3644.93333333, 3644.93333333]",90.0,0.0,-40.0,"[20.0, 20.0]",null,null,null,0.8,null,0.25021118,32,,,0,,False,5,test,2
1280,0.0,395.2819,395.53211,0.08,gabors,null,4.0,"[3644.93333333, 3644.93333333]",0.0,-20.0,-10.0,"[20.0, 20.0]",null,null,null,0.8,null,0.25021118,101,,,0,,False,4,train,0
1281,0.0,395.53211,395.78232,0.08,gabors,null,4.0,"[3644.93333333, 3644.93333333]",0.0,-30.0,40.0,"[20.0, 20.0]",null,null,null,0.8,null,0.25020632,39,,,0,,False,3,train,0
1282,0.0,395.78232,396.03252,0.08,gabors,null,4.0,"[3644.93333333, 3644.93333333]",45.0,40.0,30.0,"[20.0, 20.0]",null,null,null,0.8,null,0.25020632,111,,,0,,False,6,train,1
1283,0.0,396.03252,396.28273,0.08,gabors,null,4.0,"[3644.93333333, 3644.93333333]",90.0,-40.0,-40.0,"[20.0, 20.0]",null,null,null,0.8,null,0.25020632,1,,,0,,False,5,test,2
1284,0.0,396.28273,396.53294,0.08,gabors,null,4.0,"[3644.93333333, 3644.93333333]",45.0,40.0,30.0,"[20.0, 20.0]",null,null,null,0.8,null,0.25020632,111,,,0,,False,7,train,1
1285,0.0,396.53294,396.78316,0.08,gabors,null,4.0,"[3644.93333333, 3644.93333333]",0.0,10.0,-20.0,"[20.0, 20.0]",null,null,null,0.8,null,0.25021868,217,,,0,,False,6,train,0
1286,0.0,396.78316,397.03337,0.08,gabors,null,4.0,"[3644.93333333, 3644.93333333]",90.0,-10.0,-40.0,"[20.0, 20.0]",null,null,null,0.8,null,0.25021868,163,,,0,,False,6,train,2
1287,0.0,397.03337,397.28359,0.08,gabors,null,4.0,"[3644.93333333, 3644.93333333]",45.0,0.0,-30.0,"[20.0, 20.0]",null,null,null,0.8,null,0.25021868,232,,,0,,False,3,train,1
1288,0.0,397.28359,397.53381,0.08,gabors,null,4.0,"[3644.93333333, 3644.93333333]",0.0,0.0,10.0,"[20.0, 20.0]",null,null,null,0.8,null,0.25021868,29,,,0,,False,8,test,0
1289,0.0,397.53381,397.78401,0.08,gabors,null,4.0,"[3644.93333333, 3644.93333333]",45.0,0.0,20.0,"[20.0, 20.0]",null,null,null,0.8,null,0.25020132,129,,,0,,False,5,test,1
1290,0.0,397.78401,398.03421,0.08,gabors,null,4.0,"[3644.93333333, 3644.93333333]",90.0,20.0,-30.0,"[20.0, 20.0]",null,null,null,0.8,null,0.25020132,226,,,0,,False,7,train,2
1291,0.0,398.03421,398.28442,0.08,gabors,null,4.0,"[3644.93333333, 3644.93333333]",0.0,20.0,20.0,"[20.0, 20.0]",null,null,null,0.8,null,0.25020132,10,,,0,,False,6,train,0
1292,0.0,398.28442,398.53462,0.08,gabors,null,4.0,"[3644.93333333, 3644.93333333]",90.0,-10.0,-30.0,"[20.0, 20.0]",null,null,null,0.8,null,0.25020132,166,,,0,,False,6,train,2
1293,0.0,398.53462,398.78483,0.08,gabors,null,4.0,"[3644.93333333, 3644.93333333]",90.0,20.0,0.0,"[20.0, 20.0]",null,null,null,0.8,null,0.25021618,73,,,0,,False,6,train,2
1294,0.0,398.78483,399.03505,0.08,gabors,null,4.0,"[3644.93333333, 3644.93333333]",45.0,-20.0,-40.0,"[20.0, 20.0]",null,null,null,0.8,null,0.25021618,157,,,0,,False,7,train,1
1295,0.0,399.03505,399.28527,0.08,gabors,null,4.0,"[3644.93333333, 3644.93333333]",0.0,0.0,-40.0,"[20.0, 20.0]",null,null,null,0.8,null,0.25021618,200,,,0,,False,4,train,0
1296,0.0,399.28527,399.53548,0.08,gabors,null,4.0,"[3644.93333333, 3644.93333333]",45.0,-30.0,-20.0,"[20.0, 20.0]",null,null,null,0.8,null,0.25021618,221,,,0,,False,3,train,1
1297,0.0,399.53548,399.78568,0.08,gabors,null,4.0,"[3644.93333333, 3644.93333333]",0.0,-30.0,30.0,"[20.0, 20.0]",null,null,null,0.8,null,0.25019882,201,,,0,,False,6,train,0
1298,0.0,399.78568,400.03588,0.08,gabors,null,4.0,"[3644.93333333, 3644.93333333]",45.0,-40.0,40.0,"[20.0, 20.0]",null,null,null,0.8,null,0.25019882,172,,,0,,False,4,train,1
1299,0.0,400.03588,400.28608,0.08,gabors,null,4.0,"[3644.93333333, 3644.93333333]",0.0,-40.0,-10.0,"[20.0, 20.0]",null,null,null,0.8,null,0.25019882,191,,,0,,False,3,train,0
1300,0.0,400.28608,400.53628,0.08,gabors,null,4.0,"[3644.93333333, 3644.93333333]",45.0,-20.0,20.0,"[20.0, 20.0]",null,null,null,0.8,null,0.25019882,66,,,0,,False,8,test,1
1301,0.0,400.53628,400.78649,0.08,gabors,null,4.0,"[3644.93333333, 3644.93333333]",90.0,-40.0,-20.0,"[20.0, 20.0]",null,null,null,0.8,null,0.25021618,40,,,0,,False,6,train,2
1302,0.0,400.78649,401.03671,0.08,gabors,null,4.0,"[3644.93333333, 3644.93333333]",90.0,20.0,30.0,"[20.0, 20.0]",null,null,null,0.8,null,0.25021618,198,,,0,,False,4,train,2
1303,0.0,401.03671,401.28693,0.08,gabors,null,4.0,"[3644.93333333, 3644.93333333]",45.0,10.0,30.0,"[20.0, 20.0]",null,null,null,0.8,null,0.25021618,218,,,0,,False,2,test,1
1304,0.0,401.28693,401.53714,0.08,gabors,null,4.0,"[3644.93333333, 3644.93333333]",90.0,-20.0,20.0,"[20.0, 20.0]",null,null,null,0.8,null,0.25021618,161,,,0,,False,6,train,2
1305,0.0,401.53714,401.78735,0.08,gabors,null,4.0,"[3644.93333333, 3644.93333333]",90.0,-10.0,30.0,"[20.0, 20.0]",null,null,null,0.8,null,0.25020632,11,,,0,,False,7,train,2
1306,0.0,401.78735,402.03755,0.08,gabors,null,4.0,"[3644.93333333, 3644.93333333]",0.0,-20.0,40.0,"[20.0, 20.0]",null,null,null,0.8,null,0.25020632,107,,,0,,False,2,test,0
1307,0.0,402.03755,402.28776,0.08,gabors,null,4.0,"[3644.93333333, 3644.93333333]",45.0,-30.0,-40.0,"[20.0, 20.0]",null,null,null,0.8,null,0.25020632,34,,,0,,False,7,train,1
1308,0.0,402.28776,402.53797,0.08,gabors,null,4.0,"[3644.93333333, 3644.93333333]",90.0,20.0,0.0,"[20.0, 20.0]",null,null,null,0.8,null,0.25020632,73,,,0,,False,7,train,2
1309,0.0,402.53797,402.78818,0.08,gabors,null,4.0,"[3644.93333333, 3644.93333333]",45.0,-20.0,-40.0,"[20.0, 20.0]",null,null,null,0.8,null,0.25021368,157,,,0,,False,8,test,1
1310,0.0,402.78818,403.03839,0.08,gabors,null,4.0,"[3644.93333333, 3644.93333333]",0.0,30.0,20.0,"[20.0, 20.0]",null,null,null,0.8,null,0.25021368,88,,,0,,False,5,test,0
1311,0.0,403.03839,403.28861,0.08,gabors,null,4.0,"[3644.93333333, 3644.93333333]",45.0,40.0,-20.0,"[20.0, 20.0]",null,null,null,0.8,null,0.25021368,18,,,0,,False,5,test,1
1312,0.0,403.28861,403.53882,0.08,gabors,null,4.0,"[3644.93333333, 3644.93333333]",90.0,40.0,-40.0,"[20.0, 20.0]",null,null,null,0.8,null,0.25021368,113,,,0,,False,5,test,2
1313,0.0,403.53882,403.78903,0.08,gabors,null,4.0,"[3644.93333333, 3644.93333333]",0.0,20.0,-30.0,"[20.0, 20.0]",null,null,null,0.8,null,0.25020382,116,,,0,,False,5,test,0
1314,0.0,403.78903,404.03923,0.08,gabors,null,4.0,"[3644.93333333, 3644.93333333]",45.0,10.0,-10.0,"[20.0, 20.0]",null,null,null,0.8,null,0.25020382,220,,,0,,False,4,train,1
1315,0.0,404.03923,404.28943,0.08,gabors,null,4.0,"[3644.93333333, 3644.93333333]",45.0,-10.0,-10.0,"[20.0, 20.0]",null,null,null,0.8,null,0.25020382,242,,,0,,False,1,train,1
1316,0.0,404.28943,404.53964,0.08,gabors,null,4.0,"[3644.93333333, 3644.93333333]",0.0,0.0,-20.0,"[20.0, 20.0]",null,null,null,0.8,null,0.25020382,213,,,0,,False,3,train,0
1317,0.0,404.53964,404.78985,0.08,gabors,null,4.0,"[3644.93333333, 3644.93333333]",45.0,10.0,30.0,"[20.0, 20.0]",null,null,null,0.8,null,0.25021368,218,,,0,,False,3,train,1
1318,0.0,404.78985,405.04006,0.08,gabors,null,4.0,"[3644.93333333, 3644.93333333]",90.0,-20.0,10.0,"[20.0, 20.0]",null,null,null,0.8,null,0.25021368,26,,,0,,False,7,train,2
1319,0.0,405.04006,405.29028,0.08,gabors,null,4.0,"[3644.93333333, 3644.93333333]",45.0,-20.0,-10.0,"[20.0, 20.0]",null,null,null,0.8,null,0.25021368,159,,,0,,False,7,train,1
1320,0.0,405.29028,405.54049,0.08,gabors,null,4.0,"[3644.93333333, 3644.93333333]",45.0,0.0,40.0,"[20.0, 20.0]",null,null,null,0.8,null,0.25021368,112,,,0,,False,6,train,1
1321,0.0,405.54049,405.7907,0.08,gabors,null,4.0,"[3644.93333333, 3644.93333333]",45.0,40.0,0.0,"[20.0, 20.0]",null,null,null,0.8,null,0.25020382,126,,,0,,False,4,train,1
1322,0.0,405.7907,406.0409,0.08,gabors,null,4.0,"[3644.93333333, 3644.93333333]",90.0,40.0,-20.0,"[20.0, 20.0]",null,null,null,0.8,null,0.25020382,173,,,0,,False,7,train,2
1323,0.0,406.0409,406.2911,0.08,gabors,null,4.0,"[3644.93333333, 3644.93333333]",45.0,30.0,-10.0,"[20.0, 20.0]",null,null,null,0.8,null,0.25020382,223,,,0,,False,4,train,1
1324,0.0,406.2911,406.54131,0.08,gabors,null,4.0,"[3644.93333333, 3644.93333333]",45.0,20.0,20.0,"[20.0, 20.0]",null,null,null,0.8,null,0.25020382,212,,,0,,False,6,train,1
1325,0.0,406.54131,406.79152,0.08,gabors,null,4.0,"[3644.93333333, 3644.93333333]",0.0,-30.0,-40.0,"[20.0, 20.0]",null,null,null,0.8,null,0.25021368,162,,,0,,False,3,train,0
1326,0.0,406.79152,407.04173,0.08,gabors,null,4.0,"[3644.93333333, 3644.93333333]",45.0,-30.0,0.0,"[20.0, 20.0]",null,null,null,0.8,null,0.25021368,82,,,0,,False,5,test,1
1327,0.0,407.04173,407.29195,0.08,gabors,null,4.0,"[3644.93333333, 3644.93333333]",0.0,40.0,0.0,"[20.0, 20.0]",null,null,null,0.8,null,0.25021368,24,,,0,,False,6,train,0
1328,0.0,407.29195,407.54216,0.08,gabors,null,4.0,"[3644.93333333, 3644.93333333]",0.0,-30.0,-10.0,"[20.0, 20.0]",null,null,null,0.8,null,0.25021368,146,,,0,,False,3,train,0
1329,0.0,407.54216,407.79236,0.08,gabors,null,4.0,"[3644.93333333, 3644.93333333]",0.0,-30.0,-20.0,"[20.0, 20.0]",null,null,null,0.8,null,0.25020132,143,,,0,,False,8,test,0
1330,0.0,407.79236,408.04256,0.08,gabors,null,4.0,"[3644.93333333, 3644.93333333]",90.0,-10.0,-40.0,"[20.0, 20.0]",null,null,null,0.8,null,0.25020132,163,,,0,,False,7,train,2
1331,0.0,408.04256,408.29277,0.08,gabors,null,4.0,"[3644.93333333, 3644.93333333]",0.0,40.0,40.0,"[20.0, 20.0]",null,null,null,0.8,null,0.25020132,136,,,0,,False,4,train,0
1332,0.0,408.29277,408.54297,0.08,gabors,null,4.0,"[3644.93333333, 3644.93333333]",90.0,-20.0,30.0,"[20.0, 20.0]",null,null,null,0.8,null,0.25020132,170,,,0,,False,6,train,2
1333,0.0,408.54297,408.79319,0.08,gabors,null,4.0,"[3644.93333333, 3644.93333333]",45.0,0.0,-30.0,"[20.0, 20.0]",null,null,null,0.8,null,0.25022118,232,,,0,,False,4,train,1
1334,0.0,408.79319,409.04341,0.08,gabors,null,4.0,"[3644.93333333, 3644.93333333]",0.0,0.0,-20.0,"[20.0, 20.0]",null,null,null,0.8,null,0.25022118,213,,,0,,False,4,train,0
1335,0.0,409.04341,409.29363,0.08,gabors,null,4.0,"[3644.93333333, 3644.93333333]",0.0,40.0,10.0,"[20.0, 20.0]",null,null,null,0.8,null,0.25022118,76,,,0,,False,3,train,0
1336,0.0,409.29363,409.54385,0.08,gabors,null,4.0,"[3644.93333333, 3644.93333333]",0.0,-30.0,10.0,"[20.0, 20.0]",null,null,null,0.8,null,0.25022118,153,,,0,,False,5,test,0
1337,0.0,409.54385,409.79405,0.08,gabors,null,4.0,"[3644.93333333, 3644.93333333]",45.0,30.0,-10.0,"[20.0, 20.0]",null,null,null,0.8,null,0.25020132,223,,,0,,False,5,test,1
1338,0.0,409.79405,410.04425,0.08,gabors,null,4.0,"[3644.93333333, 3644.93333333]",0.0,10.0,-40.0,"[20.0, 20.0]",null,null,null,0.8,null,0.25020132,186,,,0,,False,4,train,0
1339,0.0,410.04425,410.29446,0.08,gabors,null,4.0,"[3644.93333333, 3644.93333333]",45.0,0.0,0.0,"[20.0, 20.0]",null,null,null,0.8,null,0.25020132,7,,,0,,False,6,train,1
1340,0.0,410.29446,410.54466,0.08,gabors,null,4.0,"[3644.93333333, 3644.93333333]",0.0,30.0,-30.0,"[20.0, 20.0]",null,null,null,0.8,null,0.25020132,130,,,0,,False,8,test,0
1341,0.0,410.54466,410.79487,0.08,gabors,null,4.0,"[3644.93333333, 3644.93333333]",45.0,40.0,-20.0,"[20.0, 20.0]",null,null,null,0.8,null,0.25021118,18,,,0,,False,6,train,1
1342,0.0,410.79487,411.04508,0.08,gabors,null,4.0,"[3644.93333333, 3644.93333333]",45.0,30.0,30.0,"[20.0, 20.0]",null,null,null,0.8,null,0.25021118,155,,,0,,False,6,train,1
1343,0.0,411.04508,411.29529,0.08,gabors,null,4.0,"[3644.93333333, 3644.93333333]",45.0,30.0,-20.0,"[20.0, 20.0]",null,null,null,0.8,null,0.25021118,57,,,0,,False,7,train,1
1344,0.0,411.29529,411.5455,0.08,gabors,null,4.0,"[3644.93333333, 3644.93333333]",45.0,-10.0,-10.0,"[20.0, 20.0]",null,null,null,0.8,null,0.25021118,242,,,0,,False,2,test,1
1345,0.0,411.5455,411.79571,0.08,gabors,null,4.0,"[3644.93333333, 3644.93333333]",45.0,20.0,0.0,"[20.0, 20.0]",null,null,null,0.8,null,0.25020382,203,,,0,,False,2,test,1
1346,0.0,411.79571,412.04591,0.08,gabors,null,4.0,"[3644.93333333, 3644.93333333]",90.0,0.0,-30.0,"[20.0, 20.0]",null,null,null,0.8,null,0.25020382,5,,,0,,False,4,train,2
1347,0.0,412.04591,412.29611,0.08,gabors,null,4.0,"[3644.93333333, 3644.93333333]",90.0,10.0,0.0,"[20.0, 20.0]",null,null,null,0.8,null,0.25020382,81,,,0,,False,6,train,2
1348,0.0,412.29611,412.54632,0.08,gabors,null,4.0,"[3644.93333333, 3644.93333333]",90.0,30.0,40.0,"[20.0, 20.0]",null,null,null,0.8,null,0.25020382,30,,,0,,False,4,train,2
1349,0.0,412.54632,412.79653,0.08,gabors,null,4.0,"[3644.93333333, 3644.93333333]",45.0,40.0,-40.0,"[20.0, 20.0]",null,null,null,0.8,null,0.25021368,91,,,0,,False,8,test,1
1350,0.0,412.79653,413.04674,0.08,gabors,null,4.0,"[3644.93333333, 3644.93333333]",90.0,-30.0,-40.0,"[20.0, 20.0]",null,null,null,0.8,null,0.25021368,149,,,0,,False,3,train,2
1351,0.0,413.04674,413.29696,0.08,gabors,null,4.0,"[3644.93333333, 3644.93333333]",0.0,20.0,0.0,"[20.0, 20.0]",null,null,null,0.8,null,0.25021368,71,,,0,,False,9,train,0
1352,0.0,413.29696,413.54717,0.08,gabors,null,4.0,"[3644.93333333, 3644.93333333]",0.0,-40.0,20.0,"[20.0, 20.0]",null,null,null,0.8,null,0.25021368,151,,,0,,False,6,train,0
1353,0.0,413.54717,413.79738,0.08,gabors,null,4.0,"[3644.93333333, 3644.93333333]",45.0,-40.0,-20.0,"[20.0, 20.0]",null,null,null,0.8,null,0.25020632,62,,,0,,False,5,test,1
1354,0.0,413.79738,414.04758,0.08,gabors,null,4.0,"[3644.93333333, 3644.93333333]",0.0,40.0,-10.0,"[20.0, 20.0]",null,null,null,0.8,null,0.25020632,114,,,0,,False,4,train,0
1355,0.0,414.04758,414.29779,0.08,gabors,null,4.0,"[3644.93333333, 3644.93333333]",45.0,40.0,-20.0,"[20.0, 20.0]",null,null,null,0.8,null,0.25020632,18,,,0,,False,7,train,1
1356,0.0,414.29779,414.548,0.08,gabors,null,4.0,"[3644.93333333, 3644.93333333]",90.0,30.0,40.0,"[20.0, 20.0]",null,null,null,0.8,null,0.25020632,30,,,0,,False,5,test,2
1357,0.0,414.548,414.79821,0.08,gabors,null,4.0,"[3644.93333333, 3644.93333333]",0.0,10.0,-20.0,"[20.0, 20.0]",null,null,null,0.8,null,0.25021368,217,,,0,,False,7,train,0
1358,0.0,414.79821,415.04842,0.08,gabors,null,4.0,"[3644.93333333, 3644.93333333]",45.0,0.0,10.0,"[20.0, 20.0]",null,null,null,0.8,null,0.25021368,110,,,0,,False,5,test,1
1359,0.0,415.04842,415.29864,0.08,gabors,null,4.0,"[3644.93333333, 3644.93333333]",0.0,40.0,20.0,"[20.0, 20.0]",null,null,null,0.8,null,0.25021368,239,,,0,,False,3,train,0
1360,0.0,415.29864,415.54885,0.08,gabors,null,4.0,"[3644.93333333, 3644.93333333]",90.0,-30.0,-20.0,"[20.0, 20.0]",null,null,null,0.8,null,0.25021368,16,,,0,,False,3,train,2
1361,0.0,415.54885,415.79906,0.08,gabors,null,4.0,"[3644.93333333, 3644.93333333]",0.0,-20.0,30.0,"[20.0, 20.0]",null,null,null,0.8,null,0.25020382,215,,,0,,False,6,train,0
1362,0.0,415.79906,416.04926,0.08,gabors,null,4.0,"[3644.93333333, 3644.93333333]",45.0,-40.0,10.0,"[20.0, 20.0]",null,null,null,0.8,null,0.25020382,45,,,0,,False,6,train,1
1363,0.0,416.04926,416.29946,0.08,gabors,null,4.0,"[3644.93333333, 3644.93333333]",90.0,-40.0,0.0,"[20.0, 20.0]",null,null,null,0.8,null,0.25020382,119,,,0,,False,5,test,2
1364,0.0,416.29946,416.54967,0.08,gabors,null,4.0,"[3644.93333333, 3644.93333333]",45.0,-40.0,-40.0,"[20.0, 20.0]",null,null,null,0.8,null,0.25020382,94,,,0,,False,5,test,1
1365,0.0,416.54967,416.79988,0.08,gabors,null,4.0,"[3644.93333333, 3644.93333333]",45.0,10.0,-10.0,"[20.0, 20.0]",null,null,null,0.8,null,0.25021118,220,,,0,,False,5,test,1
1366,0.0,416.79988,417.05009,0.08,gabors,null,4.0,"[3644.93333333, 3644.93333333]",90.0,20.0,10.0,"[20.0, 20.0]",null,null,null,0.8,null,0.25021118,138,,,0,,False,6,train,2
1367,0.0,417.05009,417.3003,0.08,gabors,null,4.0,"[3644.93333333, 3644.93333333]",90.0,20.0,30.0,"[20.0, 20.0]",null,null,null,0.8,null,0.25021118,198,,,0,,False,5,test,2
1368,0.0,417.3003,417.55051,0.08,gabors,null,4.0,"[3644.93333333, 3644.93333333]",45.0,20.0,-40.0,"[20.0, 20.0]",null,null,null,0.8,null,0.25021118,131,,,0,,False,4,train,1
1369,0.0,417.55051,417.80072,0.08,gabors,null,4.0,"[3644.93333333, 3644.93333333]",0.0,20.0,0.0,"[20.0, 20.0]",null,null,null,0.8,null,0.25020632,71,,,0,,False,10,train,0
1370,0.0,417.80072,418.05092,0.08,gabors,null,4.0,"[3644.93333333, 3644.93333333]",0.0,0.0,30.0,"[20.0, 20.0]",null,null,null,0.8,null,0.25020632,21,,,0,,False,6,train,0
1371,0.0,418.05092,418.30113,0.08,gabors,null,4.0,"[3644.93333333, 3644.93333333]",45.0,20.0,0.0,"[20.0, 20.0]",null,null,null,0.8,null,0.25020632,203,,,0,,False,3,train,1
1372,0.0,418.30113,418.55134,0.08,gabors,null,4.0,"[3644.93333333, 3644.93333333]",0.0,-20.0,-40.0,"[20.0, 20.0]",null,null,null,0.8,null,0.25020632,51,,,0,,False,5,test,0
1373,0.0,418.55134,418.80155,0.08,gabors,null,4.0,"[3644.93333333, 3644.93333333]",45.0,-40.0,-40.0,"[20.0, 20.0]",null,null,null,0.8,null,0.25021368,94,,,0,,False,6,train,1
1374,0.0,418.80155,419.05176,0.08,gabors,null,4.0,"[3644.93333333, 3644.93333333]",90.0,-20.0,10.0,"[20.0, 20.0]",null,null,null,0.8,null,0.25021368,26,,,0,,False,8,test,2
1375,0.0,419.05176,419.30198,0.08,gabors,null,4.0,"[3644.93333333, 3644.93333333]",45.0,20.0,0.0,"[20.0, 20.0]",null,null,null,0.8,null,0.25021368,203,,,0,,False,4,train,1
1376,0.0,419.30198,419.55219,0.08,gabors,null,4.0,"[3644.93333333, 3644.93333333]",45.0,10.0,10.0,"[20.0, 20.0]",null,null,null,0.8,null,0.25021368,205,,,0,,False,3,train,1
1377,0.0,419.55219,419.8024,0.08,gabors,null,4.0,"[3644.93333333, 3644.93333333]",90.0,-20.0,20.0,"[20.0, 20.0]",null,null,null,0.8,null,0.25020382,161,,,0,,False,7,train,2
1378,0.0,419.8024,420.0526,0.08,gabors,null,4.0,"[3644.93333333, 3644.93333333]",45.0,-20.0,30.0,"[20.0, 20.0]",null,null,null,0.8,null,0.25020382,189,,,0,,False,3,train,1
1379,0.0,420.0526,420.3028,0.08,gabors,null,4.0,"[3644.93333333, 3644.93333333]",0.0,30.0,-20.0,"[20.0, 20.0]",null,null,null,0.8,null,0.25020382,171,,,0,,False,3,train,0
1380,0.0,420.3028,420.55301,0.08,gabors,null,4.0,"[3644.93333333, 3644.93333333]",0.0,0.0,20.0,"[20.0, 20.0]",null,null,null,0.8,null,0.25020382,214,,,0,,False,2,test,0
1381,0.0,420.55301,420.80323,0.08,gabors,null,4.0,"[3644.93333333, 3644.93333333]",90.0,40.0,40.0,"[20.0, 20.0]",null,null,null,0.8,null,0.25022118,235,,,0,,False,6,train,2
1382,0.0,420.80323,421.05345,0.08,gabors,null,4.0,"[3644.93333333, 3644.93333333]",90.0,-20.0,-10.0,"[20.0, 20.0]",null,null,null,0.8,null,0.25022118,38,,,0,,False,3,train,2
1383,0.0,421.05345,421.30367,0.08,gabors,null,4.0,"[3644.93333333, 3644.93333333]",45.0,-10.0,10.0,"[20.0, 20.0]",null,null,null,0.8,null,0.25022118,89,,,0,,False,4,train,1
1384,0.0,421.30367,421.55389,0.08,gabors,null,4.0,"[3644.93333333, 3644.93333333]",90.0,-30.0,-30.0,"[20.0, 20.0]",null,null,null,0.8,null,0.25022118,50,,,0,,False,7,train,2
1385,0.0,421.55389,421.80409,0.08,gabors,null,4.0,"[3644.93333333, 3644.93333333]",90.0,-40.0,20.0,"[20.0, 20.0]",null,null,null,0.8,null,0.25019882,108,,,0,,False,4,train,2
1386,0.0,421.80409,422.05429,0.08,gabors,null,4.0,"[3644.93333333, 3644.93333333]",45.0,40.0,-10.0,"[20.0, 20.0]",null,null,null,0.8,null,0.25019882,144,,,0,,False,5,test,1
1387,0.0,422.05429,422.30449,0.08,gabors,null,4.0,"[3644.93333333, 3644.93333333]",45.0,30.0,-30.0,"[20.0, 20.0]",null,null,null,0.8,null,0.25019882,102,,,0,,False,6,train,1
1388,0.0,422.30449,422.55469,0.08,gabors,null,4.0,"[3644.93333333, 3644.93333333]",0.0,-20.0,-30.0,"[20.0, 20.0]",null,null,null,0.8,null,0.25019882,128,,,0,,False,9,train,0
1389,0.0,422.55469,422.8049,0.08,gabors,null,4.0,"[3644.93333333, 3644.93333333]",0.0,-10.0,-20.0,"[20.0, 20.0]",null,null,null,0.8,null,0.25021618,14,,,0,,False,3,train,0
1390,0.0,422.8049,423.05512,0.08,gabors,null,4.0,"[3644.93333333, 3644.93333333]",0.0,10.0,40.0,"[20.0, 20.0]",null,null,null,0.8,null,0.25021618,194,,,0,,False,5,test,0
1391,0.0,423.05512,423.30534,0.08,gabors,null,4.0,"[3644.93333333, 3644.93333333]",45.0,0.0,0.0,"[20.0, 20.0]",null,null,null,0.8,null,0.25021618,7,,,0,,False,7,train,1
1392,0.0,423.30534,423.55555,0.08,gabors,null,4.0,"[3644.93333333, 3644.93333333]",0.0,10.0,30.0,"[20.0, 20.0]",null,null,null,0.8,null,0.25021618,134,,,0,,False,5,test,0
1393,0.0,423.55555,423.80576,0.08,gabors,null,4.0,"[3644.93333333, 3644.93333333]",45.0,-20.0,10.0,"[20.0, 20.0]",null,null,null,0.8,null,0.25020382,74,,,0,,False,7,train,1
1394,0.0,423.80576,424.05596,0.08,gabors,null,4.0,"[3644.93333333, 3644.93333333]",90.0,-20.0,0.0,"[20.0, 20.0]",null,null,null,0.8,null,0.25020382,78,,,0,,False,8,test,2
1395,0.0,424.05596,424.30616,0.08,gabors,null,4.0,"[3644.93333333, 3644.93333333]",90.0,-10.0,0.0,"[20.0, 20.0]",null,null,null,0.8,null,0.25020382,195,,,0,,False,2,test,2
1396,0.0,424.30616,424.55637,0.08,gabors,null,4.0,"[3644.93333333, 3644.93333333]",45.0,20.0,-10.0,"[20.0, 20.0]",null,null,null,0.8,null,0.25020382,236,,,0,,False,1,train,1
1397,0.0,424.55637,424.80658,0.08,gabors,null,4.0,"[3644.93333333, 3644.93333333]",90.0,-10.0,10.0,"[20.0, 20.0]",null,null,null,0.8,null,0.25021618,192,,,0,,False,3,train,2
1398,0.0,424.80658,425.0568,0.08,gabors,null,4.0,"[3644.93333333, 3644.93333333]",0.0,-10.0,40.0,"[20.0, 20.0]",null,null,null,0.8,null,0.25021618,60,,,0,,False,4,train,0
1399,0.0,425.0568,425.30702,0.08,gabors,null,4.0,"[3644.93333333, 3644.93333333]",90.0,40.0,10.0,"[20.0, 20.0]",null,null,null,0.8,null,0.25021618,121,,,0,,False,4,train,2
1400,0.0,425.30702,425.55723,0.08,gabors,null,4.0,"[3644.93333333, 3644.93333333]",45.0,20.0,-40.0,"[20.0, 20.0]",null,null,null,0.8,null,0.25021618,131,,,0,,False,5,test,1
1401,0.0,425.55723,425.80743,0.08,gabors,null,4.0,"[3644.93333333, 3644.93333333]",0.0,30.0,30.0,"[20.0, 20.0]",null,null,null,0.8,null,0.25019882,104,,,0,,False,6,train,0
1402,0.0,425.80743,426.05763,0.08,gabors,null,4.0,"[3644.93333333, 3644.93333333]",90.0,-40.0,-40.0,"[20.0, 20.0]",null,null,null,0.8,null,0.25019882,1,,,0,,False,6,train,2
1403,0.0,426.05763,426.30783,0.08,gabors,null,4.0,"[3644.93333333, 3644.93333333]",0.0,-30.0,10.0,"[20.0, 20.0]",null,null,null,0.8,null,0.25019882,153,,,0,,False,6,train,0
1404,0.0,426.30783,426.55803,0.08,gabors,null,4.0,"[3644.93333333, 3644.93333333]",45.0,-20.0,-40.0,"[20.0, 20.0]",null,null,null,0.8,null,0.25019882,157,,,0,,False,9,train,1
1405,0.0,426.55803,426.80825,0.08,gabors,null,4.0,"[3644.93333333, 3644.93333333]",90.0,0.0,10.0,"[20.0, 20.0]",null,null,null,0.8,null,0.25021868,41,,,0,,False,6,train,2
1406,0.0,426.80825,427.05846,0.08,gabors,null,4.0,"[3644.93333333, 3644.93333333]",90.0,30.0,-40.0,"[20.0, 20.0]",null,null,null,0.8,null,0.25021868,184,,,0,,False,4,train,2
1407,0.0,427.05846,427.30868,0.08,gabors,null,4.0,"[3644.93333333, 3644.93333333]",45.0,0.0,30.0,"[20.0, 20.0]",null,null,null,0.8,null,0.25021868,99,,,0,,False,6,train,1
1408,0.0,427.30868,427.5589,0.08,gabors,null,4.0,"[3644.93333333, 3644.93333333]",45.0,-40.0,0.0,"[20.0, 20.0]",null,null,null,0.8,null,0.25021868,178,,,0,,False,4,train,1
1409,0.0,427.5589,427.8091,0.08,gabors,null,4.0,"[3644.93333333, 3644.93333333]",45.0,-10.0,-40.0,"[20.0, 20.0]",null,null,null,0.8,null,0.25020132,85,,,0,,False,3,train,1
1410,0.0,427.8091,428.0593,0.08,gabors,null,4.0,"[3644.93333333, 3644.93333333]",90.0,20.0,-30.0,"[20.0, 20.0]",null,null,null,0.8,null,0.25020132,226,,,0,,False,8,test,2
1411,0.0,428.0593,428.30951,0.08,gabors,null,4.0,"[3644.93333333, 3644.93333333]",0.0,20.0,-20.0,"[20.0, 20.0]",null,null,null,0.8,null,0.25020132,25,,,0,,False,10,train,0
1412,0.0,428.30951,428.55971,0.08,gabors,null,4.0,"[3644.93333333, 3644.93333333]",45.0,30.0,10.0,"[20.0, 20.0]",null,null,null,0.8,null,0.25020132,174,,,0,,False,4,train,1
1413,0.0,428.55971,428.80992,0.08,gabors,null,4.0,"[3644.93333333, 3644.93333333]",90.0,10.0,20.0,"[20.0, 20.0]",null,null,null,0.8,null,0.25021618,176,,,0,,False,8,test,2
1414,0.0,428.80992,429.06014,0.08,gabors,null,4.0,"[3644.93333333, 3644.93333333]",90.0,-20.0,20.0,"[20.0, 20.0]",null,null,null,0.8,null,0.25021618,161,,,0,,False,8,test,2
1415,0.0,429.06014,429.31036,0.08,gabors,null,4.0,"[3644.93333333, 3644.93333333]",45.0,40.0,20.0,"[20.0, 20.0]",null,null,null,0.8,null,0.25021618,84,,,0,,False,6,train,1
1416,0.0,429.31036,429.56057,0.08,gabors,null,4.0,"[3644.93333333, 3644.93333333]",45.0,40.0,40.0,"[20.0, 20.0]",null,null,null,0.8,null,0.25021618,65,,,0,,False,4,train,1
1417,0.0,429.56057,429.81077,0.08,gabors,null,4.0,"[3644.93333333, 3644.93333333]",90.0,40.0,40.0,"[20.0, 20.0]",null,null,null,0.8,null,0.25020132,235,,,0,,False,7,train,2
1418,0.0,429.81077,430.06097,0.08,gabors,null,4.0,"[3644.93333333, 3644.93333333]",0.0,0.0,-40.0,"[20.0, 20.0]",null,null,null,0.8,null,0.25020132,200,,,0,,False,5,test,0
1419,0.0,430.06097,430.31118,0.08,gabors,null,4.0,"[3644.93333333, 3644.93333333]",0.0,-30.0,40.0,"[20.0, 20.0]",null,null,null,0.8,null,0.25020132,39,,,0,,False,4,train,0
1420,0.0,430.31118,430.56138,0.08,gabors,null,4.0,"[3644.93333333, 3644.93333333]",90.0,30.0,-40.0,"[20.0, 20.0]",null,null,null,0.8,null,0.25020132,184,,,0,,False,5,test,2
1421,0.0,430.56138,430.81159,0.08,gabors,null,4.0,"[3644.93333333, 3644.93333333]",45.0,-30.0,30.0,"[20.0, 20.0]",null,null,null,0.8,null,0.25021368,227,,,0,,False,2,test,1
1422,0.0,430.81159,431.0618,0.08,gabors,null,4.0,"[3644.93333333, 3644.93333333]",90.0,40.0,30.0,"[20.0, 20.0]",null,null,null,0.8,null,0.25021368,240,,,0,,False,2,test,2
1423,0.0,431.0618,431.31202,0.08,gabors,null,4.0,"[3644.93333333, 3644.93333333]",90.0,40.0,10.0,"[20.0, 20.0]",null,null,null,0.8,null,0.25021368,121,,,0,,False,5,test,2
1424,0.0,431.31202,431.56223,0.08,gabors,null,4.0,"[3644.93333333, 3644.93333333]",45.0,10.0,40.0,"[20.0, 20.0]",null,null,null,0.8,null,0.25021368,61,,,0,,False,6,train,1
1425,0.0,431.56223,431.81244,0.08,gabors,null,4.0,"[3644.93333333, 3644.93333333]",90.0,40.0,10.0,"[20.0, 20.0]",null,null,null,0.8,null,0.25020382,121,,,0,,False,6,train,2
1426,0.0,431.81244,432.06264,0.08,gabors,null,4.0,"[3644.93333333, 3644.93333333]",45.0,0.0,10.0,"[20.0, 20.0]",null,null,null,0.8,null,0.25020382,110,,,0,,False,6,train,1
1427,0.0,432.06264,432.31284,0.08,gabors,null,4.0,"[3644.93333333, 3644.93333333]",45.0,10.0,-10.0,"[20.0, 20.0]",null,null,null,0.8,null,0.25020382,220,,,0,,False,6,train,1
1428,0.0,432.31284,432.56305,0.08,gabors,null,4.0,"[3644.93333333, 3644.93333333]",90.0,-40.0,-10.0,"[20.0, 20.0]",null,null,null,0.8,null,0.25020382,225,,,0,,False,4,train,2
1429,0.0,432.56305,432.81326,0.08,gabors,null,4.0,"[3644.93333333, 3644.93333333]",45.0,30.0,30.0,"[20.0, 20.0]",null,null,null,0.8,null,0.25021618,155,,,0,,False,7,train,1
1430,0.0,432.81326,433.06348,0.08,gabors,null,4.0,"[3644.93333333, 3644.93333333]",0.0,0.0,20.0,"[20.0, 20.0]",null,null,null,0.8,null,0.25021618,214,,,0,,False,3,train,0
1431,0.0,433.06348,433.3137,0.08,gabors,null,4.0,"[3644.93333333, 3644.93333333]",0.0,-40.0,40.0,"[20.0, 20.0]",null,null,null,0.8,null,0.25021618,97,,,0,,False,5,test,0
1432,0.0,433.3137,433.56391,0.08,gabors,null,4.0,"[3644.93333333, 3644.93333333]",45.0,-20.0,-30.0,"[20.0, 20.0]",null,null,null,0.8,null,0.25021618,96,,,0,,False,7,train,1
1433,0.0,433.56391,433.81411,0.08,gabors,null,4.0,"[3644.93333333, 3644.93333333]",90.0,-30.0,20.0,"[20.0, 20.0]",null,null,null,0.8,null,0.25020132,139,,,0,,False,5,test,2
1434,0.0,433.81411,434.06431,0.08,gabors,null,4.0,"[3644.93333333, 3644.93333333]",90.0,40.0,20.0,"[20.0, 20.0]",null,null,null,0.8,null,0.25020132,123,,,0,,False,3,train,2
1435,0.0,434.06431,434.31452,0.08,gabors,null,4.0,"[3644.93333333, 3644.93333333]",90.0,30.0,40.0,"[20.0, 20.0]",null,null,null,0.8,null,0.25020132,30,,,0,,False,6,train,2
1436,0.0,434.31452,434.56472,0.08,gabors,null,4.0,"[3644.93333333, 3644.93333333]",90.0,20.0,30.0,"[20.0, 20.0]",null,null,null,0.8,null,0.25020132,198,,,0,,False,6,train,2
1437,0.0,434.56472,434.81493,0.08,gabors,null,4.0,"[3644.93333333, 3644.93333333]",90.0,-20.0,-30.0,"[20.0, 20.0]",null,null,null,0.8,null,0.25021618,67,,,0,,False,7,train,2
1438,0.0,434.81493,435.06515,0.08,gabors,null,4.0,"[3644.93333333, 3644.93333333]",0.0,-20.0,-40.0,"[20.0, 20.0]",null,null,null,0.8,null,0.25021618,51,,,0,,False,6,train,0
1439,0.0,435.06515,435.31537,0.08,gabors,null,4.0,"[3644.93333333, 3644.93333333]",90.0,10.0,10.0,"[20.0, 20.0]",null,null,null,0.8,null,0.25021618,180,,,0,,False,4,train,2
1440,0.0,435.31537,435.56558,0.08,gabors,null,4.0,"[3644.93333333, 3644.93333333]",45.0,10.0,30.0,"[20.0, 20.0]",null,null,null,0.8,null,0.25021618,218,,,0,,False,4,train,1
1441,0.0,435.56558,435.81579,0.08,gabors,null,4.0,"[3644.93333333, 3644.93333333]",0.0,10.0,-30.0,"[20.0, 20.0]",null,null,null,0.8,null,0.25020382,169,,,0,,False,6,train,0
1442,0.0,435.81579,436.06599,0.08,gabors,null,4.0,"[3644.93333333, 3644.93333333]",90.0,40.0,-30.0,"[20.0, 20.0]",null,null,null,0.8,null,0.25020382,168,,,0,,False,4,train,2
1443,0.0,436.06599,436.31619,0.08,gabors,null,4.0,"[3644.93333333, 3644.93333333]",45.0,-10.0,20.0,"[20.0, 20.0]",null,null,null,0.8,null,0.25020382,120,,,0,,False,8,test,1
1444,0.0,436.31619,436.5664,0.08,gabors,null,4.0,"[3644.93333333, 3644.93333333]",90.0,10.0,0.0,"[20.0, 20.0]",null,null,null,0.8,null,0.25020382,81,,,0,,False,7,train,2
1445,0.0,436.5664,436.81661,0.08,gabors,null,4.0,"[3644.93333333, 3644.93333333]",90.0,-20.0,-30.0,"[20.0, 20.0]",null,null,null,0.8,null,0.25021618,67,,,0,,False,8,test,2
1446,0.0,436.81661,437.06683,0.08,gabors,null,4.0,"[3644.93333333, 3644.93333333]",45.0,0.0,-30.0,"[20.0, 20.0]",null,null,null,0.8,null,0.25021618,232,,,0,,False,5,test,1
1447,0.0,437.06683,437.31705,0.08,gabors,null,4.0,"[3644.93333333, 3644.93333333]",45.0,0.0,20.0,"[20.0, 20.0]",null,null,null,0.8,null,0.25021618,129,,,0,,False,6,train,1
1448,0.0,437.31705,437.56726,0.08,gabors,null,4.0,"[3644.93333333, 3644.93333333]",45.0,40.0,30.0,"[20.0, 20.0]",null,null,null,0.8,null,0.25021618,111,,,0,,False,8,test,1
1449,0.0,437.56726,437.81746,0.08,gabors,null,4.0,"[3644.93333333, 3644.93333333]",90.0,10.0,-20.0,"[20.0, 20.0]",null,null,null,0.8,null,0.25019882,106,,,0,,False,5,test,2
1450,0.0,437.81746,438.06766,0.08,gabors,null,4.0,"[3644.93333333, 3644.93333333]",45.0,0.0,-40.0,"[20.0, 20.0]",null,null,null,0.8,null,0.25019882,72,,,0,,False,6,train,1
1451,0.0,438.06766,438.31786,0.08,gabors,null,4.0,"[3644.93333333, 3644.93333333]",90.0,-20.0,40.0,"[20.0, 20.0]",null,null,null,0.8,null,0.25019882,193,,,0,,False,3,train,2
1452,0.0,438.31786,438.56806,0.08,gabors,null,4.0,"[3644.93333333, 3644.93333333]",45.0,-30.0,-40.0,"[20.0, 20.0]",null,null,null,0.8,null,0.25019882,34,,,0,,False,8,test,1
1453,0.0,438.56806,438.81828,0.08,gabors,null,4.0,"[3644.93333333, 3644.93333333]",45.0,0.0,-40.0,"[20.0, 20.0]",null,null,null,0.8,null,0.25022118,72,,,0,,False,7,train,1
1454,0.0,438.81828,439.0685,0.08,gabors,null,4.0,"[3644.93333333, 3644.93333333]",45.0,30.0,20.0,"[20.0, 20.0]",null,null,null,0.8,null,0.25022118,37,,,0,,False,7,train,1
1455,0.0,439.0685,439.31872,0.08,gabors,null,4.0,"[3644.93333333, 3644.93333333]",45.0,-30.0,20.0,"[20.0, 20.0]",null,null,null,0.8,null,0.25022118,132,,,0,,False,8,test,1
1456,0.0,439.31872,439.56894,0.08,gabors,null,4.0,"[3644.93333333, 3644.93333333]",90.0,20.0,-30.0,"[20.0, 20.0]",null,null,null,0.8,null,0.25022118,226,,,0,,False,9,train,2
1457,0.0,439.56894,439.81914,0.08,gabors,null,4.0,"[3644.93333333, 3644.93333333]",0.0,10.0,0.0,"[20.0, 20.0]",null,null,null,0.8,null,0.25019882,197,,,0,,False,5,test,0
1458,0.0,439.81914,440.06934,0.08,gabors,null,4.0,"[3644.93333333, 3644.93333333]",90.0,40.0,-40.0,"[20.0, 20.0]",null,null,null,0.8,null,0.25019882,113,,,0,,False,6,train,2
1459,0.0,440.06934,440.31954,0.08,gabors,null,4.0,"[3644.93333333, 3644.93333333]",0.0,-10.0,0.0,"[20.0, 20.0]",null,null,null,0.8,null,0.25019882,122,,,0,,False,6,train,0
1460,0.0,440.31954,440.56974,0.08,gabors,null,4.0,"[3644.93333333, 3644.93333333]",45.0,-10.0,30.0,"[20.0, 20.0]",null,null,null,0.8,null,0.25019882,231,,,0,,False,3,train,1
1461,0.0,440.56974,440.81995,0.08,gabors,null,4.0,"[3644.93333333, 3644.93333333]",0.0,-30.0,0.0,"[20.0, 20.0]",null,null,null,0.8,null,0.25021118,179,,,0,,False,4,train,0
1462,0.0,440.81995,441.07016,0.08,gabors,null,4.0,"[3644.93333333, 3644.93333333]",45.0,-20.0,40.0,"[20.0, 20.0]",null,null,null,0.8,null,0.25021118,49,,,0,,False,5,test,1
1463,0.0,441.07016,441.32037,0.08,gabors,null,4.0,"[3644.93333333, 3644.93333333]",90.0,20.0,-20.0,"[20.0, 20.0]",null,null,null,0.8,null,0.25021118,12,,,0,,False,5,test,2
1464,0.0,441.32037,441.57058,0.08,gabors,null,4.0,"[3644.93333333, 3644.93333333]",90.0,-10.0,-10.0,"[20.0, 20.0]",null,null,null,0.8,null,0.25021118,230,,,0,,False,5,test,2
1465,0.0,441.57058,441.82079,0.08,gabors,null,4.0,"[3644.93333333, 3644.93333333]",45.0,20.0,20.0,"[20.0, 20.0]",null,null,null,0.8,null,0.25020882,212,,,0,,False,7,train,1
1466,0.0,441.82079,442.071,0.08,gabors,null,4.0,"[3644.93333333, 3644.93333333]",90.0,30.0,30.0,"[20.0, 20.0]",null,null,null,0.8,null,0.25020882,207,,,0,,False,5,test,2
1467,0.0,442.071,442.32121,0.08,gabors,null,4.0,"[3644.93333333, 3644.93333333]",45.0,-20.0,-30.0,"[20.0, 20.0]",null,null,null,0.8,null,0.25020882,96,,,0,,False,8,test,1
1468,0.0,442.32121,442.57142,0.08,gabors,null,4.0,"[3644.93333333, 3644.93333333]",45.0,30.0,-10.0,"[20.0, 20.0]",null,null,null,0.8,null,0.25020882,223,,,0,,False,6,train,1
1469,0.0,442.57142,442.82164,0.08,gabors,null,4.0,"[3644.93333333, 3644.93333333]",45.0,10.0,10.0,"[20.0, 20.0]",null,null,null,0.8,null,0.25021868,205,,,0,,False,4,train,1
1470,0.0,442.82164,443.07185,0.08,gabors,null,4.0,"[3644.93333333, 3644.93333333]",90.0,-30.0,-30.0,"[20.0, 20.0]",null,null,null,0.8,null,0.25021868,50,,,0,,False,8,test,2
1471,0.0,443.07185,443.32207,0.08,gabors,null,4.0,"[3644.93333333, 3644.93333333]",90.0,30.0,-40.0,"[20.0, 20.0]",null,null,null,0.8,null,0.25021868,184,,,0,,False,6,train,2
1472,0.0,443.32207,443.57229,0.08,gabors,null,4.0,"[3644.93333333, 3644.93333333]",90.0,10.0,-10.0,"[20.0, 20.0]",null,null,null,0.8,null,0.25021868,117,,,0,,False,7,train,2
1473,0.0,443.57229,443.82249,0.08,gabors,null,4.0,"[3644.93333333, 3644.93333333]",45.0,-30.0,20.0,"[20.0, 20.0]",null,null,null,0.8,null,0.25019882,132,,,0,,False,9,train,1
1474,0.0,443.82249,444.07269,0.08,gabors,null,4.0,"[3644.93333333, 3644.93333333]",45.0,10.0,20.0,"[20.0, 20.0]",null,null,null,0.8,null,0.25019882,13,,,0,,False,5,test,1
1475,0.0,444.07269,444.32289,0.08,gabors,null,4.0,"[3644.93333333, 3644.93333333]",45.0,20.0,-30.0,"[20.0, 20.0]",null,null,null,0.8,null,0.25019882,219,,,0,,False,4,train,1
1476,0.0,444.32289,444.57309,0.08,gabors,null,4.0,"[3644.93333333, 3644.93333333]",45.0,-10.0,40.0,"[20.0, 20.0]",null,null,null,0.8,null,0.25019882,175,,,0,,False,3,train,1
1477,0.0,444.57309,444.82329,0.08,gabors,null,4.0,"[3644.93333333, 3644.93333333]",45.0,0.0,-10.0,"[20.0, 20.0]",null,null,null,0.8,null,0.25020618,222,,,0,,False,4,train,1
1478,0.0,444.82329,445.0735,0.08,gabors,null,4.0,"[3644.93333333, 3644.93333333]",0.0,-30.0,40.0,"[20.0, 20.0]",null,null,null,0.8,null,0.25020618,39,,,0,,False,5,test,0
1479,0.0,445.0735,445.32371,0.08,gabors,null,4.0,"[3644.93333333, 3644.93333333]",45.0,-30.0,-10.0,"[20.0, 20.0]",null,null,null,0.8,null,0.25020618,69,,,0,,False,5,test,1
1480,0.0,445.32371,445.57391,0.08,gabors,null,4.0,"[3644.93333333, 3644.93333333]",90.0,-20.0,-20.0,"[20.0, 20.0]",null,null,null,0.8,null,0.25020618,35,,,0,,False,6,train,2
1481,0.0,445.57391,445.82413,0.08,gabors,null,4.0,"[3644.93333333, 3644.93333333]",0.0,10.0,-40.0,"[20.0, 20.0]",null,null,null,0.8,null,0.25021382,186,,,0,,False,5,test,0
1482,0.0,445.82413,446.07434,0.08,gabors,null,4.0,"[3644.93333333, 3644.93333333]",45.0,-30.0,20.0,"[20.0, 20.0]",null,null,null,0.8,null,0.25021382,132,,,0,,False,10,train,1
1483,0.0,446.07434,446.32455,0.08,gabors,null,4.0,"[3644.93333333, 3644.93333333]",90.0,10.0,-10.0,"[20.0, 20.0]",null,null,null,0.8,null,0.25021382,117,,,0,,False,8,test,2
1484,0.0,446.32455,446.57477,0.08,gabors,null,4.0,"[3644.93333333, 3644.93333333]",45.0,10.0,10.0,"[20.0, 20.0]",null,null,null,0.8,null,0.25021382,205,,,0,,False,5,test,1
1485,0.0,446.57477,446.82498,0.08,gabors,null,4.0,"[3644.93333333, 3644.93333333]",90.0,-40.0,0.0,"[20.0, 20.0]",null,null,null,0.8,null,0.25021368,119,,,0,,False,6,train,2
1486,0.0,446.82498,447.07519,0.08,gabors,null,4.0,"[3644.93333333, 3644.93333333]",90.0,20.0,40.0,"[20.0, 20.0]",null,null,null,0.8,null,0.25021368,158,,,0,,False,4,train,2
1487,0.0,447.07519,447.32541,0.08,gabors,null,4.0,"[3644.93333333, 3644.93333333]",90.0,-40.0,10.0,"[20.0, 20.0]",null,null,null,0.8,null,0.25021368,185,,,0,,False,1,train,2
1488,0.0,447.32541,447.57562,0.08,gabors,null,4.0,"[3644.93333333, 3644.93333333]",45.0,-10.0,30.0,"[20.0, 20.0]",null,null,null,0.8,null,0.25021368,231,,,0,,False,4,train,1
1489,0.0,447.57562,447.82582,0.08,gabors,null,4.0,"[3644.93333333, 3644.93333333]",0.0,20.0,40.0,"[20.0, 20.0]",null,null,null,0.8,null,0.25020132,241,,,0,,False,4,train,0
1490,0.0,447.82582,448.07602,0.08,gabors,null,4.0,"[3644.93333333, 3644.93333333]",0.0,20.0,-40.0,"[20.0, 20.0]",null,null,null,0.8,null,0.25020132,164,,,0,,False,6,train,0
1491,0.0,448.07602,448.32623,0.08,gabors,null,4.0,"[3644.93333333, 3644.93333333]",45.0,20.0,40.0,"[20.0, 20.0]",null,null,null,0.8,null,0.25020132,127,,,0,,False,10,train,1
1492,0.0,448.32623,448.57643,0.08,gabors,null,4.0,"[3644.93333333, 3644.93333333]",0.0,40.0,0.0,"[20.0, 20.0]",null,null,null,0.8,null,0.25020132,24,,,0,,False,7,train,0
1493,0.0,448.57643,448.82664,0.08,gabors,null,4.0,"[3644.93333333, 3644.93333333]",0.0,10.0,20.0,"[20.0, 20.0]",null,null,null,0.8,null,0.25021118,15,,,0,,False,6,train,0
1494,0.0,448.82664,449.07685,0.08,gabors,null,4.0,"[3644.93333333, 3644.93333333]",45.0,10.0,30.0,"[20.0, 20.0]",null,null,null,0.8,null,0.25021118,218,,,0,,False,5,test,1
1495,0.0,449.07685,449.32706,0.08,gabors,null,4.0,"[3644.93333333, 3644.93333333]",0.0,10.0,40.0,"[20.0, 20.0]",null,null,null,0.8,null,0.25021118,194,,,0,,False,6,train,0
1496,0.0,449.32706,449.57727,0.08,gabors,null,4.0,"[3644.93333333, 3644.93333333]",0.0,-10.0,-30.0,"[20.0, 20.0]",null,null,null,0.8,null,0.25021118,79,,,0,,False,7,train,0
1497,0.0,449.57727,449.82748,0.08,gabors,null,4.0,"[3644.93333333, 3644.93333333]",90.0,40.0,-10.0,"[20.0, 20.0]",null,null,null,0.8,null,0.25020882,210,,,0,,False,4,train,2
1498,0.0,449.82748,450.07769,0.08,gabors,null,4.0,"[3644.93333333, 3644.93333333]",90.0,30.0,40.0,"[20.0, 20.0]",null,null,null,0.8,null,0.25020882,30,,,0,,False,7,train,2
1499,0.0,450.07769,450.3279,0.08,gabors,null,4.0,"[3644.93333333, 3644.93333333]",90.0,30.0,-30.0,"[20.0, 20.0]",null,null,null,0.8,null,0.25020882,103,,,0,,False,10,train,2
1500,0.0,450.3279,450.57811,0.08,gabors,null,4.0,"[3644.93333333, 3644.93333333]",0.0,20.0,30.0,"[20.0, 20.0]",null,null,null,0.8,null,0.25020882,182,,,0,,False,8,test,0
1501,0.0,450.57811,450.82832,0.08,gabors,null,4.0,"[3644.93333333, 3644.93333333]",0.0,30.0,30.0,"[20.0, 20.0]",null,null,null,0.8,null,0.25021118,104,,,0,,False,7,train,0
1502,0.0,450.82832,451.07853,0.08,gabors,null,4.0,"[3644.93333333, 3644.93333333]",0.0,-20.0,-40.0,"[20.0, 20.0]",null,null,null,0.8,null,0.25021118,51,,,0,,False,7,train,0
1503,0.0,451.07853,451.32874,0.08,gabors,null,4.0,"[3644.93333333, 3644.93333333]",0.0,40.0,-40.0,"[20.0, 20.0]",null,null,null,0.8,null,0.25021118,28,,,0,,False,8,test,0
1504,0.0,451.32874,451.57895,0.08,gabors,null,4.0,"[3644.93333333, 3644.93333333]",0.0,-30.0,40.0,"[20.0, 20.0]",null,null,null,0.8,null,0.25021118,39,,,0,,False,6,train,0
1505,0.0,451.57895,451.82916,0.08,gabors,null,4.0,"[3644.93333333, 3644.93333333]",45.0,-30.0,30.0,"[20.0, 20.0]",null,null,null,0.8,null,0.25020632,227,,,0,,False,3,train,1
1506,0.0,451.82916,452.07936,0.08,gabors,null,4.0,"[3644.93333333, 3644.93333333]",0.0,30.0,0.0,"[20.0, 20.0]",null,null,null,0.8,null,0.25020632,165,,,0,,False,3,train,0
1507,0.0,452.07936,452.32957,0.08,gabors,null,4.0,"[3644.93333333, 3644.93333333]",45.0,0.0,20.0,"[20.0, 20.0]",null,null,null,0.8,null,0.25020632,129,,,0,,False,7,train,1
1508,0.0,452.32957,452.57978,0.08,gabors,null,4.0,"[3644.93333333, 3644.93333333]",45.0,-20.0,-30.0,"[20.0, 20.0]",null,null,null,0.8,null,0.25020632,96,,,0,,False,9,train,1
1509,0.0,452.57978,452.82999,0.08,gabors,null,4.0,"[3644.93333333, 3644.93333333]",0.0,40.0,-40.0,"[20.0, 20.0]",null,null,null,0.8,null,0.25021118,28,,,0,,False,9,train,0
1510,0.0,452.82999,453.0802,0.08,gabors,null,4.0,"[3644.93333333, 3644.93333333]",90.0,-10.0,-10.0,"[20.0, 20.0]",null,null,null,0.8,null,0.25021118,230,,,0,,False,6,train,2
1511,0.0,453.0802,453.33041,0.08,gabors,null,4.0,"[3644.93333333, 3644.93333333]",90.0,30.0,20.0,"[20.0, 20.0]",null,null,null,0.8,null,0.25021118,77,,,0,,False,6,train,2
1512,0.0,453.33041,453.58062,0.08,gabors,null,4.0,"[3644.93333333, 3644.93333333]",90.0,0.0,-20.0,"[20.0, 20.0]",null,null,null,0.8,null,0.25021118,59,,,0,,False,4,train,2
1513,0.0,453.58062,453.83083,0.08,gabors,null,4.0,"[3644.93333333, 3644.93333333]",0.0,0.0,-40.0,"[20.0, 20.0]",null,null,null,0.8,null,0.25020382,200,,,0,,False,6,train,0
1514,0.0,453.83083,454.08103,0.08,gabors,null,4.0,"[3644.93333333, 3644.93333333]",0.0,-30.0,-10.0,"[20.0, 20.0]",null,null,null,0.8,null,0.25020382,146,,,0,,False,4,train,0
1515,0.0,454.08103,454.33123,0.08,gabors,null,4.0,"[3644.93333333, 3644.93333333]",0.0,-20.0,-20.0,"[20.0, 20.0]",null,null,null,0.8,null,0.25020382,156,,,0,,False,6,train,0
1516,0.0,454.33123,454.58144,0.08,gabors,null,4.0,"[3644.93333333, 3644.93333333]",0.0,40.0,30.0,"[20.0, 20.0]",null,null,null,0.8,null,0.25020382,100,,,0,,False,5,test,0
1517,0.0,454.58144,454.83164,0.08,gabors,null,4.0,"[3644.93333333, 3644.93333333]",0.0,-20.0,0.0,"[20.0, 20.0]",null,null,null,0.8,null,0.25020618,44,,,0,,False,4,train,0
1518,0.0,454.83164,455.08185,0.08,gabors,null,4.0,"[3644.93333333, 3644.93333333]",0.0,30.0,-40.0,"[20.0, 20.0]",null,null,null,0.8,null,0.25020618,70,,,0,,False,8,test,0
1519,0.0,455.08185,455.33206,0.08,gabors,null,4.0,"[3644.93333333, 3644.93333333]",0.0,20.0,-20.0,"[20.0, 20.0]",null,null,null,0.8,null,0.25020618,25,,,0,,False,11,test,0
1520,0.0,455.33206,455.58226,0.08,gabors,null,4.0,"[3644.93333333, 3644.93333333]",90.0,20.0,-10.0,"[20.0, 20.0]",null,null,null,0.8,null,0.25020618,150,,,0,,False,9,train,2
1521,0.0,455.58226,455.83248,0.08,gabors,null,4.0,"[3644.93333333, 3644.93333333]",45.0,-10.0,30.0,"[20.0, 20.0]",null,null,null,0.8,null,0.25021632,231,,,0,,False,5,test,1
1522,0.0,455.83248,456.08269,0.08,gabors,null,4.0,"[3644.93333333, 3644.93333333]",0.0,-20.0,40.0,"[20.0, 20.0]",null,null,null,0.8,null,0.25021632,107,,,0,,False,3,train,0
1523,0.0,456.08269,456.33291,0.08,gabors,null,4.0,"[3644.93333333, 3644.93333333]",90.0,-10.0,-20.0,"[20.0, 20.0]",null,null,null,0.8,null,0.25021632,133,,,0,,False,6,train,2
1524,0.0,456.33291,456.58313,0.08,gabors,null,4.0,"[3644.93333333, 3644.93333333]",90.0,0.0,-10.0,"[20.0, 20.0]",null,null,null,0.8,null,0.25021632,196,,,0,,False,3,train,2
1525,0.0,456.58313,456.83334,0.08,gabors,null,4.0,"[3644.93333333, 3644.93333333]",0.0,-30.0,0.0,"[20.0, 20.0]",null,null,null,0.8,null,0.25020868,179,,,0,,False,5,test,0
1526,0.0,456.83334,457.08354,0.08,gabors,null,4.0,"[3644.93333333, 3644.93333333]",0.0,-10.0,-20.0,"[20.0, 20.0]",null,null,null,0.8,null,0.25020868,14,,,0,,False,4,train,0
1527,0.0,457.08354,457.33375,0.08,gabors,null,4.0,"[3644.93333333, 3644.93333333]",45.0,-30.0,-30.0,"[20.0, 20.0]",null,null,null,0.8,null,0.25020868,190,,,0,,False,2,test,1
1528,0.0,457.33375,457.58396,0.08,gabors,null,4.0,"[3644.93333333, 3644.93333333]",0.0,40.0,30.0,"[20.0, 20.0]",null,null,null,0.8,null,0.25020868,100,,,0,,False,6,train,0
1529,0.0,457.58396,457.83417,0.08,gabors,null,4.0,"[3644.93333333, 3644.93333333]",45.0,-20.0,-40.0,"[20.0, 20.0]",null,null,null,0.8,null,0.25020632,157,,,0,,False,10,train,1
1530,0.0,457.83417,458.08437,0.08,gabors,null,4.0,"[3644.93333333, 3644.93333333]",90.0,10.0,40.0,"[20.0, 20.0]",null,null,null,0.8,null,0.25020632,90,,,0,,False,4,train,2
1531,0.0,458.08437,458.33458,0.08,gabors,null,4.0,"[3644.93333333, 3644.93333333]",45.0,0.0,-10.0,"[20.0, 20.0]",null,null,null,0.8,null,0.25020632,222,,,0,,False,5,test,1
1532,0.0,458.33458,458.58479,0.08,gabors,null,4.0,"[3644.93333333, 3644.93333333]",0.0,-30.0,-10.0,"[20.0, 20.0]",null,null,null,0.8,null,0.25020632,146,,,0,,False,5,test,0
1533,0.0,458.58479,458.835,0.08,gabors,null,4.0,"[3644.93333333, 3644.93333333]",0.0,-10.0,-10.0,"[20.0, 20.0]",null,null,null,0.8,null,0.25021618,86,,,0,,False,7,train,0
1534,0.0,458.835,459.08522,0.08,gabors,null,4.0,"[3644.93333333, 3644.93333333]",90.0,0.0,20.0,"[20.0, 20.0]",null,null,null,0.8,null,0.25021618,93,,,0,,False,8,test,2
1535,0.0,459.08522,459.33544,0.08,gabors,null,4.0,"[3644.93333333, 3644.93333333]",0.0,-20.0,30.0,"[20.0, 20.0]",null,null,null,0.8,null,0.25021618,215,,,0,,False,7,train,0
1536,0.0,459.33544,459.58565,0.08,gabors,null,4.0,"[3644.93333333, 3644.93333333]",0.0,0.0,20.0,"[20.0, 20.0]",null,null,null,0.8,null,0.25021618,214,,,0,,False,4,train,0
1537,0.0,459.58565,459.83586,0.08,gabors,null,4.0,"[3644.93333333, 3644.93333333]",0.0,-20.0,-30.0,"[20.0, 20.0]",null,null,null,0.8,null,0.25020632,128,,,0,,False,10,train,0
1538,0.0,459.83586,460.08606,0.08,gabors,null,4.0,"[3644.93333333, 3644.93333333]",45.0,-20.0,0.0,"[20.0, 20.0]",null,null,null,0.8,null,0.25020632,160,,,0,,False,6,train,1
1539,0.0,460.08606,460.33627,0.08,gabors,null,4.0,"[3644.93333333, 3644.93333333]",0.0,0.0,-20.0,"[20.0, 20.0]",null,null,null,0.8,null,0.25020632,213,,,0,,False,5,test,0
1540,0.0,460.33627,460.58648,0.08,gabors,null,4.0,"[3644.93333333, 3644.93333333]",0.0,0.0,-30.0,"[20.0, 20.0]",null,null,null,0.8,null,0.25020632,46,,,0,,False,8,test,0
1541,0.0,460.58648,460.83669,0.08,gabors,null,4.0,"[3644.93333333, 3644.93333333]",45.0,40.0,10.0,"[20.0, 20.0]",null,null,null,0.8,null,0.25021118,229,,,0,,False,4,train,1
1542,0.0,460.83669,461.0869,0.08,gabors,null,4.0,"[3644.93333333, 3644.93333333]",45.0,20.0,-10.0,"[20.0, 20.0]",null,null,null,0.8,null,0.25021118,236,,,0,,False,2,test,1
1543,0.0,461.0869,461.33711,0.08,gabors,null,4.0,"[3644.93333333, 3644.93333333]",0.0,20.0,10.0,"[20.0, 20.0]",null,null,null,0.8,null,0.25021118,147,,,0,,False,4,train,0
1544,0.0,461.33711,461.58732,0.08,gabors,null,4.0,"[3644.93333333, 3644.93333333]",45.0,0.0,40.0,"[20.0, 20.0]",null,null,null,0.8,null,0.25021118,112,,,0,,False,7,train,1
1545,0.0,461.58732,461.83753,0.08,gabors,null,4.0,"[3644.93333333, 3644.93333333]",0.0,-10.0,40.0,"[20.0, 20.0]",null,null,null,0.8,null,0.25020632,60,,,0,,False,5,test,0
1546,0.0,461.83753,462.08773,0.08,gabors,null,4.0,"[3644.93333333, 3644.93333333]",45.0,10.0,-40.0,"[20.0, 20.0]",null,null,null,0.8,null,0.25020632,23,,,0,,False,5,test,1
1547,0.0,462.08773,462.33794,0.08,gabors,null,4.0,"[3644.93333333, 3644.93333333]",45.0,10.0,-10.0,"[20.0, 20.0]",null,null,null,0.8,null,0.25020632,220,,,0,,False,7,train,1
1548,0.0,462.33794,462.58815,0.08,gabors,null,4.0,"[3644.93333333, 3644.93333333]",0.0,30.0,-30.0,"[20.0, 20.0]",null,null,null,0.8,null,0.25020632,130,,,0,,False,9,train,0
1549,0.0,462.58815,462.83835,0.08,gabors,null,4.0,"[3644.93333333, 3644.93333333]",90.0,-40.0,10.0,"[20.0, 20.0]",null,null,null,0.8,null,0.25020618,185,,,0,,False,2,test,2
1550,0.0,462.83835,463.08856,0.08,gabors,null,4.0,"[3644.93333333, 3644.93333333]",90.0,10.0,20.0,"[20.0, 20.0]",null,null,null,0.8,null,0.25020618,176,,,0,,False,9,train,2
1551,0.0,463.08856,463.33877,0.08,gabors,null,4.0,"[3644.93333333, 3644.93333333]",90.0,-20.0,-30.0,"[20.0, 20.0]",null,null,null,0.8,null,0.25020618,67,,,0,,False,9,train,2
1552,0.0,463.33877,463.58897,0.08,gabors,null,4.0,"[3644.93333333, 3644.93333333]",45.0,-40.0,-40.0,"[20.0, 20.0]",null,null,null,0.8,null,0.25020618,94,,,0,,False,7,train,1
1553,0.0,463.58897,463.83918,0.08,gabors,null,4.0,"[3644.93333333, 3644.93333333]",90.0,-40.0,10.0,"[20.0, 20.0]",null,null,null,0.8,null,0.25021132,185,,,0,,False,3,train,2
1554,0.0,463.83918,464.08939,0.08,gabors,null,4.0,"[3644.93333333, 3644.93333333]",0.0,-40.0,0.0,"[20.0, 20.0]",null,null,null,0.8,null,0.25021132,238,,,0,,False,1,train,0
1555,0.0,464.08939,464.33961,0.08,gabors,null,4.0,"[3644.93333333, 3644.93333333]",0.0,-40.0,10.0,"[20.0, 20.0]",null,null,null,0.8,null,0.25021132,75,,,0,,False,5,test,0
1556,0.0,464.33961,464.58982,0.08,gabors,null,4.0,"[3644.93333333, 3644.93333333]",90.0,40.0,10.0,"[20.0, 20.0]",null,null,null,0.8,null,0.25021132,121,,,0,,False,7,train,2
1557,0.0,464.58982,464.84002,0.08,gabors,null,4.0,"[3644.93333333, 3644.93333333]",0.0,0.0,-30.0,"[20.0, 20.0]",null,null,null,0.8,null,0.25019868,46,,,0,,False,9,train,0
1558,0.0,464.84002,465.09021,0.08,gabors,null,4.0,"[3644.93333333, 3644.93333333]",0.0,-40.0,20.0,"[20.0, 20.0]",null,null,null,0.8,null,0.25019868,151,,,0,,False,7,train,0
1559,0.0,465.09021,465.34041,0.08,gabors,null,4.0,"[3644.93333333, 3644.93333333]",45.0,0.0,-10.0,"[20.0, 20.0]",null,null,null,0.8,null,0.25019868,222,,,0,,False,6,train,1
1560,0.0,465.34041,465.59061,0.08,gabors,null,4.0,"[3644.93333333, 3644.93333333]",90.0,10.0,-30.0,"[20.0, 20.0]",null,null,null,0.8,null,0.25019868,233,,,0,,False,3,train,2
1561,0.0,465.59061,465.84083,0.08,gabors,null,4.0,"[3644.93333333, 3644.93333333]",90.0,20.0,0.0,"[20.0, 20.0]",null,null,null,0.8,null,0.25022132,73,,,0,,False,8,test,2
1562,0.0,465.84083,466.09105,0.08,gabors,null,4.0,"[3644.93333333, 3644.93333333]",90.0,20.0,-40.0,"[20.0, 20.0]",null,null,null,0.8,null,0.25022132,183,,,0,,False,8,test,2
1563,0.0,466.09105,466.34128,0.08,gabors,null,4.0,"[3644.93333333, 3644.93333333]",45.0,-30.0,10.0,"[20.0, 20.0]",null,null,null,0.8,null,0.25022132,142,,,0,,False,4,train,1
1564,0.0,466.34128,466.5915,0.08,gabors,null,4.0,"[3644.93333333, 3644.93333333]",0.0,40.0,-30.0,"[20.0, 20.0]",null,null,null,0.8,null,0.25022132,6,,,0,,False,4,train,0
1565,0.0,466.5915,466.84171,0.08,gabors,null,4.0,"[3644.93333333, 3644.93333333]",90.0,30.0,20.0,"[20.0, 20.0]",null,null,null,0.8,null,0.25021118,77,,,0,,False,7,train,2
1566,0.0,466.84171,467.09192,0.08,gabors,null,4.0,"[3644.93333333, 3644.93333333]",45.0,40.0,-10.0,"[20.0, 20.0]",null,null,null,0.8,null,0.25021118,144,,,0,,False,6,train,1
1567,0.0,467.09192,467.34213,0.08,gabors,null,4.0,"[3644.93333333, 3644.93333333]",0.0,0.0,-20.0,"[20.0, 20.0]",null,null,null,0.8,null,0.25021118,213,,,0,,False,6,train,0
1568,0.0,467.34213,467.59234,0.08,gabors,null,4.0,"[3644.93333333, 3644.93333333]",0.0,10.0,-10.0,"[20.0, 20.0]",null,null,null,0.8,null,0.25021118,17,,,0,,False,7,train,0
1569,0.0,467.59234,467.84255,0.08,gabors,null,4.0,"[3644.93333333, 3644.93333333]",90.0,40.0,30.0,"[20.0, 20.0]",null,null,null,0.8,null,0.25020382,240,,,0,,False,3,train,2
1570,0.0,467.84255,468.09275,0.08,gabors,null,4.0,"[3644.93333333, 3644.93333333]",45.0,-40.0,30.0,"[20.0, 20.0]",null,null,null,0.8,null,0.25020382,154,,,0,,False,9,train,1
1571,0.0,468.09275,468.34295,0.08,gabors,null,4.0,"[3644.93333333, 3644.93333333]",90.0,-30.0,30.0,"[20.0, 20.0]",null,null,null,0.8,null,0.25020382,8,,,0,,False,4,train,2
1572,0.0,468.34295,468.59316,0.08,gabors,null,4.0,"[3644.93333333, 3644.93333333]",90.0,-20.0,-20.0,"[20.0, 20.0]",null,null,null,0.8,null,0.25020382,35,,,0,,False,7,train,2
1573,0.0,468.59316,468.84337,0.08,gabors,null,4.0,"[3644.93333333, 3644.93333333]",0.0,40.0,30.0,"[20.0, 20.0]",null,null,null,0.8,null,0.25021368,100,,,0,,False,7,train,0
1574,0.0,468.84337,469.09358,0.08,gabors,null,4.0,"[3644.93333333, 3644.93333333]",45.0,-10.0,30.0,"[20.0, 20.0]",null,null,null,0.8,null,0.25021368,231,,,0,,False,6,train,1
1575,0.0,469.09358,469.3438,0.08,gabors,null,4.0,"[3644.93333333, 3644.93333333]",0.0,-30.0,-20.0,"[20.0, 20.0]",null,null,null,0.8,null,0.25021368,143,,,0,,False,9,train,0
1576,0.0,469.3438,469.59401,0.08,gabors,null,4.0,"[3644.93333333, 3644.93333333]",0.0,20.0,40.0,"[20.0, 20.0]",null,null,null,0.8,null,0.25021368,241,,,0,,False,5,test,0
1577,0.0,469.59401,469.84422,0.08,gabors,null,4.0,"[3644.93333333, 3644.93333333]",0.0,40.0,40.0,"[20.0, 20.0]",null,null,null,0.8,null,0.25020632,136,,,0,,False,5,test,0
1578,0.0,469.84422,470.09442,0.08,gabors,null,4.0,"[3644.93333333, 3644.93333333]",90.0,0.0,30.0,"[20.0, 20.0]",null,null,null,0.8,null,0.25020632,92,,,0,,False,7,train,2
1579,0.0,470.09442,470.34463,0.08,gabors,null,4.0,"[3644.93333333, 3644.93333333]",90.0,40.0,10.0,"[20.0, 20.0]",null,null,null,0.8,null,0.25020632,121,,,0,,False,8,test,2
1580,0.0,470.34463,470.59484,0.08,gabors,null,4.0,"[3644.93333333, 3644.93333333]",0.0,-10.0,0.0,"[20.0, 20.0]",null,null,null,0.8,null,0.25020632,122,,,0,,False,7,train,0
1581,0.0,470.59484,470.84506,0.08,gabors,null,4.0,"[3644.93333333, 3644.93333333]",90.0,-10.0,0.0,"[20.0, 20.0]",null,null,null,0.8,null,0.25022618,195,,,0,,False,3,train,2
1582,0.0,470.84506,471.09529,0.08,gabors,null,4.0,"[3644.93333333, 3644.93333333]",45.0,40.0,20.0,"[20.0, 20.0]",null,null,null,0.8,null,0.25022618,84,,,0,,False,7,train,1
1583,0.0,471.09529,471.34552,0.08,gabors,null,4.0,"[3644.93333333, 3644.93333333]",45.0,10.0,0.0,"[20.0, 20.0]",null,null,null,0.8,null,0.25022618,243,,,0,,False,0,train,1
1584,0.0,471.34552,471.59574,0.08,gabors,null,4.0,"[3644.93333333, 3644.93333333]",90.0,10.0,30.0,"[20.0, 20.0]",null,null,null,0.8,null,0.25022618,3,,,0,,False,6,train,2
1585,0.0,471.59574,471.84593,0.08,gabors,null,4.0,"[3644.93333333, 3644.93333333]",45.0,40.0,20.0,"[20.0, 20.0]",null,null,null,0.8,null,0.25019132,84,,,0,,False,8,test,1
1586,0.0,471.84593,472.09612,0.08,gabors,null,4.0,"[3644.93333333, 3644.93333333]",90.0,-40.0,10.0,"[20.0, 20.0]",null,null,null,0.8,null,0.25019132,185,,,0,,False,4,train,2
1587,0.0,472.09612,472.34632,0.08,gabors,null,4.0,"[3644.93333333, 3644.93333333]",45.0,-40.0,-10.0,"[20.0, 20.0]",null,null,null,0.8,null,0.25019132,199,,,0,,False,6,train,1
1588,0.0,472.34632,472.59651,0.08,gabors,null,4.0,"[3644.93333333, 3644.93333333]",90.0,-30.0,-20.0,"[20.0, 20.0]",null,null,null,0.8,null,0.25019132,16,,,0,,False,4,train,2
1589,0.0,472.59651,472.84672,0.08,gabors,null,4.0,"[3644.93333333, 3644.93333333]",45.0,-40.0,-30.0,"[20.0, 20.0]",null,null,null,0.8,null,0.25021368,204,,,0,,False,7,train,1
1590,0.0,472.84672,473.09693,0.08,gabors,null,4.0,"[3644.93333333, 3644.93333333]",90.0,-40.0,-10.0,"[20.0, 20.0]",null,null,null,0.8,null,0.25021368,225,,,0,,False,5,test,2
1591,0.0,473.09693,473.34715,0.08,gabors,null,4.0,"[3644.93333333, 3644.93333333]",90.0,-10.0,-20.0,"[20.0, 20.0]",null,null,null,0.8,null,0.25021368,133,,,0,,False,7,train,2
1592,0.0,473.34715,473.59736,0.08,gabors,null,4.0,"[3644.93333333, 3644.93333333]",90.0,10.0,-30.0,"[20.0, 20.0]",null,null,null,0.8,null,0.25021368,233,,,0,,False,4,train,2
1593,0.0,473.59736,473.84757,0.08,gabors,null,4.0,"[3644.93333333, 3644.93333333]",90.0,-10.0,10.0,"[20.0, 20.0]",null,null,null,0.8,null,0.25020382,192,,,0,,False,4,train,2
1594,0.0,473.84757,474.09777,0.08,gabors,null,4.0,"[3644.93333333, 3644.93333333]",45.0,30.0,20.0,"[20.0, 20.0]",null,null,null,0.8,null,0.25020382,37,,,0,,False,8,test,1
1595,0.0,474.09777,474.34797,0.08,gabors,null,4.0,"[3644.93333333, 3644.93333333]",45.0,-10.0,20.0,"[20.0, 20.0]",null,null,null,0.8,null,0.25020382,120,,,0,,False,9,train,1
1596,0.0,474.34797,474.59818,0.08,gabors,null,4.0,"[3644.93333333, 3644.93333333]",0.0,-40.0,-40.0,"[20.0, 20.0]",null,null,null,0.8,null,0.25020382,206,,,0,,False,6,train,0
1597,0.0,474.59818,474.84839,0.08,gabors,null,4.0,"[3644.93333333, 3644.93333333]",0.0,30.0,40.0,"[20.0, 20.0]",null,null,null,0.8,null,0.25021118,20,,,0,,False,4,train,0
1598,0.0,474.84839,475.0986,0.08,gabors,null,4.0,"[3644.93333333, 3644.93333333]",0.0,-30.0,-10.0,"[20.0, 20.0]",null,null,null,0.8,null,0.25021118,146,,,0,,False,6,train,0
1599,0.0,475.0986,475.34881,0.08,gabors,null,4.0,"[3644.93333333, 3644.93333333]",90.0,10.0,30.0,"[20.0, 20.0]",null,null,null,0.8,null,0.25021118,3,,,0,,False,7,train,2
1600,0.0,475.34881,475.59902,0.08,gabors,null,4.0,"[3644.93333333, 3644.93333333]",45.0,-40.0,10.0,"[20.0, 20.0]",null,null,null,0.8,null,0.25021118,45,,,0,,False,7,train,1
1601,0.0,475.59902,475.84923,0.08,gabors,null,4.0,"[3644.93333333, 3644.93333333]",90.0,-30.0,-40.0,"[20.0, 20.0]",null,null,null,0.8,null,0.25021132,149,,,0,,False,4,train,2
1602,0.0,475.84923,476.09944,0.08,gabors,null,4.0,"[3644.93333333, 3644.93333333]",90.0,-30.0,20.0,"[20.0, 20.0]",null,null,null,0.8,null,0.25021132,139,,,0,,False,6,train,2
1603,0.0,476.09944,476.34966,0.08,gabors,null,4.0,"[3644.93333333, 3644.93333333]",45.0,30.0,40.0,"[20.0, 20.0]",null,null,null,0.8,null,0.25021132,52,,,0,,False,4,train,1
1604,0.0,476.34966,476.59987,0.08,gabors,null,4.0,"[3644.93333333, 3644.93333333]",45.0,-40.0,20.0,"[20.0, 20.0]",null,null,null,0.8,null,0.25021132,124,,,0,,False,4,train,1
1605,0.0,476.59987,476.85007,0.08,gabors,null,4.0,"[3644.93333333, 3644.93333333]",90.0,-20.0,40.0,"[20.0, 20.0]",null,null,null,0.8,null,0.25020618,193,,,0,,False,4,train,2
1606,0.0,476.85007,477.10028,0.08,gabors,null,4.0,"[3644.93333333, 3644.93333333]",45.0,10.0,-10.0,"[20.0, 20.0]",null,null,null,0.8,null,0.25020618,220,,,0,,False,8,test,1
1607,0.0,477.10028,477.35049,0.08,gabors,null,4.0,"[3644.93333333, 3644.93333333]",90.0,20.0,40.0,"[20.0, 20.0]",null,null,null,0.8,null,0.25020618,158,,,0,,False,5,test,2
1608,0.0,477.35049,477.60069,0.08,gabors,null,4.0,"[3644.93333333, 3644.93333333]",0.0,-40.0,-40.0,"[20.0, 20.0]",null,null,null,0.8,null,0.25020618,206,,,0,,False,7,train,0
1609,0.0,477.60069,477.8509,0.08,gabors,null,4.0,"[3644.93333333, 3644.93333333]",45.0,0.0,-40.0,"[20.0, 20.0]",null,null,null,0.8,null,0.25020632,72,,,0,,False,8,test,1
1610,0.0,477.8509,478.1011,0.08,gabors,null,4.0,"[3644.93333333, 3644.93333333]",0.0,-10.0,-20.0,"[20.0, 20.0]",null,null,null,0.8,null,0.25020632,14,,,0,,False,5,test,0
1611,0.0,478.1011,478.35131,0.08,gabors,null,4.0,"[3644.93333333, 3644.93333333]",45.0,-10.0,40.0,"[20.0, 20.0]",null,null,null,0.8,null,0.25020632,175,,,0,,False,4,train,1
1612,0.0,478.35131,478.60152,0.08,gabors,null,4.0,"[3644.93333333, 3644.93333333]",0.0,-20.0,20.0,"[20.0, 20.0]",null,null,null,0.8,null,0.25020632,145,,,0,,False,6,train,0
1613,0.0,478.60152,478.85174,0.08,gabors,null,4.0,"[3644.93333333, 3644.93333333]",0.0,-20.0,40.0,"[20.0, 20.0]",null,null,null,0.8,null,0.25021868,107,,,0,,False,4,train,0
1614,0.0,478.85174,479.10195,0.08,gabors,null,4.0,"[3644.93333333, 3644.93333333]",90.0,-20.0,40.0,"[20.0, 20.0]",null,null,null,0.8,null,0.25021868,193,,,0,,False,5,test,2
1615,0.0,479.10195,479.35217,0.08,gabors,null,4.0,"[3644.93333333, 3644.93333333]",45.0,-10.0,10.0,"[20.0, 20.0]",null,null,null,0.8,null,0.25021868,89,,,0,,False,5,test,1
1616,0.0,479.35217,479.60239,0.08,gabors,null,4.0,"[3644.93333333, 3644.93333333]",45.0,40.0,40.0,"[20.0, 20.0]",null,null,null,0.8,null,0.25021868,65,,,0,,False,5,test,1
1617,0.0,479.60239,479.85259,0.08,gabors,null,4.0,"[3644.93333333, 3644.93333333]",45.0,-10.0,-30.0,"[20.0, 20.0]",null,null,null,0.8,null,0.25020132,148,,,0,,False,7,train,1
1618,0.0,479.85259,480.10279,0.08,gabors,null,4.0,"[3644.93333333, 3644.93333333]",0.0,0.0,-10.0,"[20.0, 20.0]",null,null,null,0.8,null,0.25020132,137,,,0,,False,6,train,0
1619,0.0,480.10279,480.353,0.08,gabors,null,4.0,"[3644.93333333, 3644.93333333]",45.0,-10.0,0.0,"[20.0, 20.0]",null,null,null,0.8,null,0.25020132,115,,,0,,False,5,test,1
1620,0.0,480.353,480.6032,0.08,gabors,null,4.0,"[3644.93333333, 3644.93333333]",0.0,-30.0,-40.0,"[20.0, 20.0]",null,null,null,0.8,null,0.25020132,162,,,0,,False,4,train,0
1621,0.0,480.6032,480.85341,0.08,gabors,null,4.0,"[3644.93333333, 3644.93333333]",90.0,-30.0,40.0,"[20.0, 20.0]",null,null,null,0.8,null,0.25021618,47,,,0,,False,9,train,2
1622,0.0,480.85341,481.10363,0.08,gabors,null,4.0,"[3644.93333333, 3644.93333333]",90.0,40.0,20.0,"[20.0, 20.0]",null,null,null,0.8,null,0.25021618,123,,,0,,False,4,train,2
1623,0.0,481.10363,481.35385,0.08,gabors,null,4.0,"[3644.93333333, 3644.93333333]",0.0,10.0,30.0,"[20.0, 20.0]",null,null,null,0.8,null,0.25021618,134,,,0,,False,6,train,0
1624,0.0,481.35385,481.60406,0.08,gabors,null,4.0,"[3644.93333333, 3644.93333333]",0.0,-40.0,10.0,"[20.0, 20.0]",null,null,null,0.8,null,0.25021618,75,,,0,,False,6,train,0
1625,0.0,481.60406,481.85426,0.08,gabors,null,4.0,"[3644.93333333, 3644.93333333]",0.0,-40.0,-20.0,"[20.0, 20.0]",null,null,null,0.8,null,0.25020132,4,,,0,,False,5,test,0
1626,0.0,481.85426,482.10446,0.08,gabors,null,4.0,"[3644.93333333, 3644.93333333]",90.0,-40.0,-30.0,"[20.0, 20.0]",null,null,null,0.8,null,0.25020132,68,,,0,,False,5,test,2
1627,0.0,482.10446,482.35467,0.08,gabors,null,4.0,"[3644.93333333, 3644.93333333]",90.0,40.0,20.0,"[20.0, 20.0]",null,null,null,0.8,null,0.25020132,123,,,0,,False,5,test,2
1628,0.0,482.35467,482.60487,0.08,gabors,null,4.0,"[3644.93333333, 3644.93333333]",90.0,40.0,40.0,"[20.0, 20.0]",null,null,null,0.8,null,0.25020132,235,,,0,,False,8,test,2
1629,0.0,482.60487,482.85508,0.08,gabors,null,4.0,"[3644.93333333, 3644.93333333]",90.0,0.0,-10.0,"[20.0, 20.0]",null,null,null,0.8,null,0.25021368,196,,,0,,False,4,train,2
1630,0.0,482.85508,483.10529,0.08,gabors,null,4.0,"[3644.93333333, 3644.93333333]",45.0,40.0,0.0,"[20.0, 20.0]",null,null,null,0.8,null,0.25021368,126,,,0,,False,5,test,1
1631,0.0,483.10529,483.35551,0.08,gabors,null,4.0,"[3644.93333333, 3644.93333333]",45.0,-40.0,0.0,"[20.0, 20.0]",null,null,null,0.8,null,0.25021368,178,,,0,,False,5,test,1
1632,0.0,483.35551,483.60572,0.08,gabors,null,4.0,"[3644.93333333, 3644.93333333]",0.0,10.0,-30.0,"[20.0, 20.0]",null,null,null,0.8,null,0.25021368,169,,,0,,False,7,train,0
1633,0.0,483.60572,483.85593,0.08,gabors,null,4.0,"[3644.93333333, 3644.93333333]",0.0,-40.0,0.0,"[20.0, 20.0]",null,null,null,0.8,null,0.25020382,238,,,0,,False,2,test,0
1634,0.0,483.85593,484.10613,0.08,gabors,null,4.0,"[3644.93333333, 3644.93333333]",90.0,-40.0,10.0,"[20.0, 20.0]",null,null,null,0.8,null,0.25020382,185,,,0,,False,5,test,2
1635,0.0,484.10613,484.35633,0.08,gabors,null,4.0,"[3644.93333333, 3644.93333333]",45.0,-10.0,-20.0,"[20.0, 20.0]",null,null,null,0.8,null,0.25020382,48,,,0,,False,7,train,1
1636,0.0,484.35633,484.60654,0.08,gabors,null,4.0,"[3644.93333333, 3644.93333333]",0.0,10.0,-40.0,"[20.0, 20.0]",null,null,null,0.8,null,0.25020382,186,,,0,,False,6,train,0
1637,0.0,484.60654,484.85676,0.08,gabors,null,4.0,"[3644.93333333, 3644.93333333]",0.0,40.0,-30.0,"[20.0, 20.0]",null,null,null,0.8,null,0.25021868,6,,,0,,False,5,test,0
1638,0.0,484.85676,485.10697,0.08,gabors,null,4.0,"[3644.93333333, 3644.93333333]",90.0,10.0,-30.0,"[20.0, 20.0]",null,null,null,0.8,null,0.25021868,233,,,0,,False,5,test,2
1639,0.0,485.10697,485.35719,0.08,gabors,null,4.0,"[3644.93333333, 3644.93333333]",45.0,20.0,-30.0,"[20.0, 20.0]",null,null,null,0.8,null,0.25021868,219,,,0,,False,5,test,1
1640,0.0,485.35719,485.60741,0.08,gabors,null,4.0,"[3644.93333333, 3644.93333333]",45.0,30.0,-30.0,"[20.0, 20.0]",null,null,null,0.8,null,0.25021868,102,,,0,,False,7,train,1
1641,0.0,485.60741,485.85761,0.08,gabors,null,4.0,"[3644.93333333, 3644.93333333]",90.0,-40.0,0.0,"[20.0, 20.0]",null,null,null,0.8,null,0.25020132,119,,,0,,False,7,train,2
1642,0.0,485.85761,486.10781,0.08,gabors,null,4.0,"[3644.93333333, 3644.93333333]",45.0,0.0,-40.0,"[20.0, 20.0]",null,null,null,0.8,null,0.25020132,72,,,0,,False,9,train,1
1643,0.0,486.10781,486.35802,0.08,gabors,null,4.0,"[3644.93333333, 3644.93333333]",45.0,-20.0,-10.0,"[20.0, 20.0]",null,null,null,0.8,null,0.25020132,159,,,0,,False,8,test,1
1644,0.0,486.35802,486.60822,0.08,gabors,null,4.0,"[3644.93333333, 3644.93333333]",0.0,30.0,-10.0,"[20.0, 20.0]",null,null,null,0.8,null,0.25020132,181,,,0,,False,6,train,0
1645,0.0,486.60822,486.85843,0.08,gabors,null,4.0,"[3644.93333333, 3644.93333333]",90.0,10.0,-10.0,"[20.0, 20.0]",null,null,null,0.8,null,0.25021618,117,,,0,,False,9,train,2
1646,0.0,486.85843,487.10865,0.08,gabors,null,4.0,"[3644.93333333, 3644.93333333]",90.0,-20.0,-20.0,"[20.0, 20.0]",null,null,null,0.8,null,0.25021618,35,,,0,,False,8,test,2
1647,0.0,487.10865,487.35887,0.08,gabors,null,4.0,"[3644.93333333, 3644.93333333]",90.0,20.0,10.0,"[20.0, 20.0]",null,null,null,0.8,null,0.25021618,138,,,0,,False,7,train,2
1648,0.0,487.35887,487.60908,0.08,gabors,null,4.0,"[3644.93333333, 3644.93333333]",90.0,0.0,30.0,"[20.0, 20.0]",null,null,null,0.8,null,0.25021618,92,,,0,,False,8,test,2
1649,0.0,487.60908,487.85928,0.08,gabors,null,4.0,"[3644.93333333, 3644.93333333]",0.0,40.0,-40.0,"[20.0, 20.0]",null,null,null,0.8,null,0.25020132,28,,,0,,False,10,train,0
1650,0.0,487.85928,488.10948,0.08,gabors,null,4.0,"[3644.93333333, 3644.93333333]",0.0,-20.0,20.0,"[20.0, 20.0]",null,null,null,0.8,null,0.25020132,145,,,0,,False,7,train,0
1651,0.0,488.10948,488.35969,0.08,gabors,null,4.0,"[3644.93333333, 3644.93333333]",90.0,10.0,-30.0,"[20.0, 20.0]",null,null,null,0.8,null,0.25020132,233,,,0,,False,6,train,2
1652,0.0,488.35969,488.60989,0.08,gabors,null,4.0,"[3644.93333333, 3644.93333333]",90.0,0.0,-10.0,"[20.0, 20.0]",null,null,null,0.8,null,0.25020132,196,,,0,,False,5,test,2
1653,0.0,488.60989,488.8601,0.08,gabors,null,4.0,"[3644.93333333, 3644.93333333]",45.0,-20.0,0.0,"[20.0, 20.0]",null,null,null,0.8,null,0.25021368,160,,,0,,False,7,train,1
1654,0.0,488.8601,489.11031,0.08,gabors,null,4.0,"[3644.93333333, 3644.93333333]",45.0,20.0,-40.0,"[20.0, 20.0]",null,null,null,0.8,null,0.25021368,131,,,0,,False,6,train,1
1655,0.0,489.11031,489.36053,0.08,gabors,null,4.0,"[3644.93333333, 3644.93333333]",90.0,-40.0,-10.0,"[20.0, 20.0]",null,null,null,0.8,null,0.25021368,225,,,0,,False,6,train,2
1656,0.0,489.36053,489.61074,0.08,gabors,null,4.0,"[3644.93333333, 3644.93333333]",90.0,20.0,30.0,"[20.0, 20.0]",null,null,null,0.8,null,0.25021368,198,,,0,,False,7,train,2
1657,0.0,489.61074,489.86095,0.08,gabors,null,4.0,"[3644.93333333, 3644.93333333]",45.0,20.0,-30.0,"[20.0, 20.0]",null,null,null,0.8,null,0.25020632,219,,,0,,False,6,train,1
1658,0.0,489.86095,490.11115,0.08,gabors,null,4.0,"[3644.93333333, 3644.93333333]",45.0,30.0,10.0,"[20.0, 20.0]",null,null,null,0.8,null,0.25020632,174,,,0,,False,5,test,1
1659,0.0,490.11115,490.36136,0.08,gabors,null,4.0,"[3644.93333333, 3644.93333333]",0.0,10.0,0.0,"[20.0, 20.0]",null,null,null,0.8,null,0.25020632,197,,,0,,False,6,train,0
1660,0.0,490.36136,490.61157,0.08,gabors,null,4.0,"[3644.93333333, 3644.93333333]",45.0,-40.0,0.0,"[20.0, 20.0]",null,null,null,0.8,null,0.25020632,178,,,0,,False,6,train,1
1661,0.0,490.61157,490.86178,0.08,gabors,null,4.0,"[3644.93333333, 3644.93333333]",45.0,10.0,-20.0,"[20.0, 20.0]",null,null,null,0.8,null,0.25021618,64,,,0,,False,6,train,1
1662,0.0,490.86178,491.112,0.08,gabors,null,4.0,"[3644.93333333, 3644.93333333]",0.0,-10.0,-20.0,"[20.0, 20.0]",null,null,null,0.8,null,0.25021618,14,,,0,,False,6,train,0
1663,0.0,491.112,491.36222,0.08,gabors,null,4.0,"[3644.93333333, 3644.93333333]",0.0,-40.0,-10.0,"[20.0, 20.0]",null,null,null,0.8,null,0.25021618,191,,,0,,False,4,train,0
1664,0.0,491.36222,491.61243,0.08,gabors,null,4.0,"[3644.93333333, 3644.93333333]",45.0,10.0,-40.0,"[20.0, 20.0]",null,null,null,0.8,null,0.25021618,23,,,0,,False,6,train,1
1665,0.0,491.61243,491.86263,0.08,gabors,null,4.0,"[3644.93333333, 3644.93333333]",45.0,-10.0,-10.0,"[20.0, 20.0]",null,null,null,0.8,null,0.25019882,242,,,0,,False,3,train,1
1666,0.0,491.86263,492.11283,0.08,gabors,null,4.0,"[3644.93333333, 3644.93333333]",0.0,20.0,-40.0,"[20.0, 20.0]",null,null,null,0.8,null,0.25019882,164,,,0,,False,7,train,0
1667,0.0,492.11283,492.36303,0.08,gabors,null,4.0,"[3644.93333333, 3644.93333333]",90.0,20.0,20.0,"[20.0, 20.0]",null,null,null,0.8,null,0.25019882,22,,,0,,False,5,test,2
1668,0.0,492.36303,492.61323,0.08,gabors,null,4.0,"[3644.93333333, 3644.93333333]",45.0,-30.0,20.0,"[20.0, 20.0]",null,null,null,0.8,null,0.25019882,132,,,0,,False,11,test,1
1669,0.0,492.61323,492.86344,0.08,gabors,null,4.0,"[3644.93333333, 3644.93333333]",45.0,0.0,-20.0,"[20.0, 20.0]",null,null,null,0.8,null,0.25021368,27,,,0,,False,6,train,1
1670,0.0,492.86344,493.11365,0.08,gabors,null,4.0,"[3644.93333333, 3644.93333333]",90.0,40.0,-20.0,"[20.0, 20.0]",null,null,null,0.8,null,0.25021368,173,,,0,,False,8,test,2
1671,0.0,493.11365,493.36387,0.08,gabors,null,4.0,"[3644.93333333, 3644.93333333]",0.0,-40.0,40.0,"[20.0, 20.0]",null,null,null,0.8,null,0.25021368,97,,,0,,False,6,train,0
1672,0.0,493.36387,493.61408,0.08,gabors,null,4.0,"[3644.93333333, 3644.93333333]",45.0,10.0,-30.0,"[20.0, 20.0]",null,null,null,0.8,null,0.25021368,140,,,0,,False,4,train,1
1673,0.0,493.61408,493.86429,0.08,gabors,null,4.0,"[3644.93333333, 3644.93333333]",0.0,-20.0,40.0,"[20.0, 20.0]",null,null,null,0.8,null,0.25020632,107,,,0,,False,5,test,0
1674,0.0,493.86429,494.11449,0.08,gabors,null,4.0,"[3644.93333333, 3644.93333333]",0.0,20.0,10.0,"[20.0, 20.0]",null,null,null,0.8,null,0.25020632,147,,,0,,False,5,test,0
1675,0.0,494.11449,494.3647,0.08,gabors,null,4.0,"[3644.93333333, 3644.93333333]",45.0,20.0,0.0,"[20.0, 20.0]",null,null,null,0.8,null,0.25020632,203,,,0,,False,5,test,1
1676,0.0,494.3647,494.61491,0.08,gabors,null,4.0,"[3644.93333333, 3644.93333333]",90.0,30.0,40.0,"[20.0, 20.0]",null,null,null,0.8,null,0.25020632,30,,,0,,False,8,test,2
1677,0.0,494.61491,494.86512,0.08,gabors,null,4.0,"[3644.93333333, 3644.93333333]",45.0,-40.0,-20.0,"[20.0, 20.0]",null,null,null,0.8,null,0.25020868,62,,,0,,False,6,train,1
1678,0.0,494.86512,495.11532,0.08,gabors,null,4.0,"[3644.93333333, 3644.93333333]",90.0,30.0,-10.0,"[20.0, 20.0]",null,null,null,0.8,null,0.25020868,83,,,0,,False,7,train,2
1679,0.0,495.11532,495.36553,0.08,gabors,null,4.0,"[3644.93333333, 3644.93333333]",90.0,40.0,-30.0,"[20.0, 20.0]",null,null,null,0.8,null,0.25020868,168,,,0,,False,5,test,2
1680,0.0,495.36553,495.61574,0.08,gabors,null,4.0,"[3644.93333333, 3644.93333333]",45.0,40.0,-30.0,"[20.0, 20.0]",null,null,null,0.8,null,0.25020868,109,,,0,,False,5,test,1
1681,0.0,495.61574,495.86595,0.08,gabors,null,4.0,"[3644.93333333, 3644.93333333]",45.0,-20.0,-20.0,"[20.0, 20.0]",null,null,null,0.8,null,0.25020882,177,,,0,,False,8,test,1
1682,0.0,495.86595,496.11616,0.08,gabors,null,4.0,"[3644.93333333, 3644.93333333]",45.0,30.0,10.0,"[20.0, 20.0]",null,null,null,0.8,null,0.25020882,174,,,0,,False,6,train,1
1683,0.0,496.11616,496.36637,0.08,gabors,null,4.0,"[3644.93333333, 3644.93333333]",45.0,-30.0,30.0,"[20.0, 20.0]",null,null,null,0.8,null,0.25020882,227,,,0,,False,4,train,1
1684,0.0,496.36637,496.61658,0.08,gabors,null,4.0,"[3644.93333333, 3644.93333333]",90.0,-40.0,0.0,"[20.0, 20.0]",null,null,null,0.8,null,0.25020882,119,,,0,,False,8,test,2
1685,0.0,496.61658,496.86679,0.08,gabors,null,4.0,"[3644.93333333, 3644.93333333]",90.0,-30.0,20.0,"[20.0, 20.0]",null,null,null,0.8,null,0.25020868,139,,,0,,False,7,train,2
1686,0.0,496.86679,497.11699,0.08,gabors,null,4.0,"[3644.93333333, 3644.93333333]",45.0,40.0,10.0,"[20.0, 20.0]",null,null,null,0.8,null,0.25020868,229,,,0,,False,5,test,1
1687,0.0,497.11699,497.3672,0.08,gabors,null,4.0,"[3644.93333333, 3644.93333333]",90.0,10.0,-20.0,"[20.0, 20.0]",null,null,null,0.8,null,0.25020868,106,,,0,,False,6,train,2
1688,0.0,497.3672,497.61741,0.08,gabors,null,4.0,"[3644.93333333, 3644.93333333]",90.0,-40.0,20.0,"[20.0, 20.0]",null,null,null,0.8,null,0.25020868,108,,,0,,False,5,test,2
1689,0.0,497.61741,497.86762,0.08,gabors,null,4.0,"[3644.93333333, 3644.93333333]",45.0,30.0,10.0,"[20.0, 20.0]",null,null,null,0.8,null,0.25020882,174,,,0,,False,7,train,1
1690,0.0,497.86762,498.11783,0.08,gabors,null,4.0,"[3644.93333333, 3644.93333333]",90.0,-20.0,0.0,"[20.0, 20.0]",null,null,null,0.8,null,0.25020882,78,,,0,,False,9,train,2
1691,0.0,498.11783,498.36804,0.08,gabors,null,4.0,"[3644.93333333, 3644.93333333]",45.0,20.0,-40.0,"[20.0, 20.0]",null,null,null,0.8,null,0.25020882,131,,,0,,False,7,train,1
1692,0.0,498.36804,498.61825,0.08,gabors,null,4.0,"[3644.93333333, 3644.93333333]",45.0,-10.0,-10.0,"[20.0, 20.0]",null,null,null,0.8,null,0.25020882,242,,,0,,False,4,train,1
1693,0.0,498.61825,498.86847,0.08,gabors,null,4.0,"[3644.93333333, 3644.93333333]",90.0,30.0,30.0,"[20.0, 20.0]",null,null,null,0.8,null,0.25022368,207,,,0,,False,6,train,2
1694,0.0,498.86847,499.11869,0.08,gabors,null,4.0,"[3644.93333333, 3644.93333333]",90.0,0.0,10.0,"[20.0, 20.0]",null,null,null,0.8,null,0.25022368,41,,,0,,False,7,train,2
1695,0.0,499.11869,499.36892,0.08,gabors,null,4.0,"[3644.93333333, 3644.93333333]",45.0,40.0,10.0,"[20.0, 20.0]",null,null,null,0.8,null,0.25022368,229,,,0,,False,6,train,1
1696,0.0,499.36892,499.61914,0.08,gabors,null,4.0,"[3644.93333333, 3644.93333333]",45.0,40.0,0.0,"[20.0, 20.0]",null,null,null,0.8,null,0.25022368,126,,,0,,False,6,train,1
1697,0.0,499.61914,499.86934,0.08,gabors,null,4.0,"[3644.93333333, 3644.93333333]",0.0,20.0,30.0,"[20.0, 20.0]",null,null,null,0.8,null,0.25019382,182,,,0,,False,9,train,0
1698,0.0,499.86934,500.11953,0.08,gabors,null,4.0,"[3644.93333333, 3644.93333333]",0.0,40.0,0.0,"[20.0, 20.0]",null,null,null,0.8,null,0.25019382,24,,,0,,False,8,test,0
1699,0.0,500.11953,500.36972,0.08,gabors,null,4.0,"[3644.93333333, 3644.93333333]",0.0,-20.0,30.0,"[20.0, 20.0]",null,null,null,0.8,null,0.25019382,215,,,0,,False,8,test,0
1700,0.0,500.36972,500.61992,0.08,gabors,null,4.0,"[3644.93333333, 3644.93333333]",0.0,40.0,-30.0,"[20.0, 20.0]",null,null,null,0.8,null,0.25019382,6,,,0,,False,6,train,0
1701,0.0,500.61992,500.87013,0.08,gabors,null,4.0,"[3644.93333333, 3644.93333333]",90.0,-40.0,-10.0,"[20.0, 20.0]",null,null,null,0.8,null,0.25021368,225,,,0,,False,7,train,2
1702,0.0,500.87013,501.12034,0.08,gabors,null,4.0,"[3644.93333333, 3644.93333333]",0.0,-40.0,0.0,"[20.0, 20.0]",null,null,null,0.8,null,0.25021368,238,,,0,,False,3,train,0
1703,0.0,501.12034,501.37056,0.08,gabors,null,4.0,"[3644.93333333, 3644.93333333]",45.0,10.0,-30.0,"[20.0, 20.0]",null,null,null,0.8,null,0.25021368,140,,,0,,False,5,test,1
1704,0.0,501.37056,501.62077,0.08,gabors,null,4.0,"[3644.93333333, 3644.93333333]",45.0,-20.0,-10.0,"[20.0, 20.0]",null,null,null,0.8,null,0.25021368,159,,,0,,False,9,train,1
1705,0.0,501.62077,501.87098,0.08,gabors,null,4.0,"[3644.93333333, 3644.93333333]",0.0,30.0,-20.0,"[20.0, 20.0]",null,null,null,0.8,null,0.25020382,171,,,0,,False,4,train,0
1706,0.0,501.87098,502.12118,0.08,gabors,null,4.0,"[3644.93333333, 3644.93333333]",0.0,-40.0,-10.0,"[20.0, 20.0]",null,null,null,0.8,null,0.25020382,191,,,0,,False,5,test,0
1707,0.0,502.12118,502.37138,0.08,gabors,null,4.0,"[3644.93333333, 3644.93333333]",0.0,-10.0,0.0,"[20.0, 20.0]",null,null,null,0.8,null,0.25020382,122,,,0,,False,8,test,0
1708,0.0,502.37138,502.62159,0.08,gabors,null,4.0,"[3644.93333333, 3644.93333333]",45.0,30.0,-40.0,"[20.0, 20.0]",null,null,null,0.8,null,0.25020382,54,,,0,,False,8,test,1
1709,0.0,502.62159,502.8718,0.08,gabors,null,4.0,"[3644.93333333, 3644.93333333]",0.0,30.0,20.0,"[20.0, 20.0]",null,null,null,0.8,null,0.25021368,88,,,0,,False,6,train,0
1710,0.0,502.8718,503.12201,0.08,gabors,null,4.0,"[3644.93333333, 3644.93333333]",90.0,20.0,40.0,"[20.0, 20.0]",null,null,null,0.8,null,0.25021368,158,,,0,,False,6,train,2
1711,0.0,503.12201,503.37223,0.08,gabors,null,4.0,"[3644.93333333, 3644.93333333]",45.0,-20.0,-10.0,"[20.0, 20.0]",null,null,null,0.8,null,0.25021368,159,,,0,,False,10,train,1
1712,0.0,503.37223,503.62244,0.08,gabors,null,4.0,"[3644.93333333, 3644.93333333]",45.0,40.0,-10.0,"[20.0, 20.0]",null,null,null,0.8,null,0.25021368,144,,,0,,False,7,train,1
1713,0.0,503.62244,503.87265,0.08,gabors,null,4.0,"[3644.93333333, 3644.93333333]",45.0,-20.0,-10.0,"[20.0, 20.0]",null,null,null,0.8,null,0.25020882,159,,,0,,False,11,test,1
1714,0.0,503.87265,504.12286,0.08,gabors,null,4.0,"[3644.93333333, 3644.93333333]",45.0,30.0,-20.0,"[20.0, 20.0]",null,null,null,0.8,null,0.25020882,57,,,0,,False,8,test,1
1715,0.0,504.12286,504.37307,0.08,gabors,null,4.0,"[3644.93333333, 3644.93333333]",0.0,-40.0,-30.0,"[20.0, 20.0]",null,null,null,0.8,null,0.25020882,209,,,0,,False,5,test,0
1716,0.0,504.37307,504.62328,0.08,gabors,null,4.0,"[3644.93333333, 3644.93333333]",90.0,0.0,10.0,"[20.0, 20.0]",null,null,null,0.8,null,0.25020882,41,,,0,,False,8,test,2
1717,0.0,504.62328,504.87349,0.08,gabors,null,4.0,"[3644.93333333, 3644.93333333]",0.0,0.0,0.0,"[20.0, 20.0]",null,null,null,0.8,null,0.25021118,234,,,0,,False,5,test,0
1718,0.0,504.87349,505.1237,0.08,gabors,null,4.0,"[3644.93333333, 3644.93333333]",90.0,30.0,40.0,"[20.0, 20.0]",null,null,null,0.8,null,0.25021118,30,,,0,,False,9,train,2
1719,0.0,505.1237,505.37391,0.08,gabors,null,4.0,"[3644.93333333, 3644.93333333]",90.0,-40.0,0.0,"[20.0, 20.0]",null,null,null,0.8,null,0.25021118,119,,,0,,False,9,train,2
1720,0.0,505.37391,505.62412,0.08,gabors,null,4.0,"[3644.93333333, 3644.93333333]",45.0,20.0,-10.0,"[20.0, 20.0]",null,null,null,0.8,null,0.25021118,236,,,0,,False,3,train,1
1721,0.0,505.62412,505.87433,0.08,gabors,null,4.0,"[3644.93333333, 3644.93333333]",90.0,-10.0,10.0,"[20.0, 20.0]",null,null,null,0.8,null,0.25020632,192,,,0,,False,5,test,2
1722,0.0,505.87433,506.12453,0.08,gabors,null,4.0,"[3644.93333333, 3644.93333333]",45.0,-30.0,-10.0,"[20.0, 20.0]",null,null,null,0.8,null,0.25020632,69,,,0,,False,6,train,1
1723,0.0,506.12453,506.37474,0.08,gabors,null,4.0,"[3644.93333333, 3644.93333333]",45.0,30.0,-40.0,"[20.0, 20.0]",null,null,null,0.8,null,0.25020632,54,,,0,,False,9,train,1
1724,0.0,506.37474,506.62495,0.08,gabors,null,4.0,"[3644.93333333, 3644.93333333]",0.0,10.0,30.0,"[20.0, 20.0]",null,null,null,0.8,null,0.25020632,134,,,0,,False,7,train,0
1725,0.0,506.62495,506.87516,0.08,gabors,null,4.0,"[3644.93333333, 3644.93333333]",0.0,40.0,10.0,"[20.0, 20.0]",null,null,null,0.8,null,0.25021118,76,,,0,,False,4,train,0
1726,0.0,506.87516,507.12537,0.08,gabors,null,4.0,"[3644.93333333, 3644.93333333]",45.0,10.0,-40.0,"[20.0, 20.0]",null,null,null,0.8,null,0.25021118,23,,,0,,False,7,train,1
1727,0.0,507.12537,507.37558,0.08,gabors,null,4.0,"[3644.93333333, 3644.93333333]",90.0,-40.0,-30.0,"[20.0, 20.0]",null,null,null,0.8,null,0.25021118,68,,,0,,False,6,train,2
1728,0.0,507.37558,507.62579,0.08,gabors,null,4.0,"[3644.93333333, 3644.93333333]",45.0,-40.0,20.0,"[20.0, 20.0]",null,null,null,0.8,null,0.25021118,124,,,0,,False,5,test,1
1729,0.0,507.62579,507.876,0.08,gabors,null,4.0,"[3644.93333333, 3644.93333333]",45.0,20.0,-30.0,"[20.0, 20.0]",null,null,null,0.8,null,0.25020382,219,,,0,,False,7,train,1
1730,0.0,507.876,508.1262,0.08,gabors,null,4.0,"[3644.93333333, 3644.93333333]",90.0,30.0,-20.0,"[20.0, 20.0]",null,null,null,0.8,null,0.25020382,55,,,0,,False,3,train,2
1731,0.0,508.1262,508.3764,0.08,gabors,null,4.0,"[3644.93333333, 3644.93333333]",45.0,40.0,-10.0,"[20.0, 20.0]",null,null,null,0.8,null,0.25020382,144,,,0,,False,8,test,1
1732,0.0,508.3764,508.62661,0.08,gabors,null,4.0,"[3644.93333333, 3644.93333333]",0.0,-10.0,-20.0,"[20.0, 20.0]",null,null,null,0.8,null,0.25020382,14,,,0,,False,7,train,0
1733,0.0,508.62661,508.87682,0.08,gabors,null,4.0,"[3644.93333333, 3644.93333333]",90.0,10.0,30.0,"[20.0, 20.0]",null,null,null,0.8,null,0.25021118,3,,,0,,False,8,test,2
1734,0.0,508.87682,509.12703,0.08,gabors,null,4.0,"[3644.93333333, 3644.93333333]",90.0,-20.0,0.0,"[20.0, 20.0]",null,null,null,0.8,null,0.25021118,78,,,0,,False,10,train,2
1735,0.0,509.12703,509.37724,0.08,gabors,null,4.0,"[3644.93333333, 3644.93333333]",45.0,-40.0,0.0,"[20.0, 20.0]",null,null,null,0.8,null,0.25021118,178,,,0,,False,7,train,1
1736,0.0,509.37724,509.62745,0.08,gabors,null,4.0,"[3644.93333333, 3644.93333333]",45.0,30.0,-20.0,"[20.0, 20.0]",null,null,null,0.8,null,0.25021118,57,,,0,,False,9,train,1
1737,0.0,509.62745,509.87766,0.08,gabors,null,4.0,"[3644.93333333, 3644.93333333]",45.0,30.0,-30.0,"[20.0, 20.0]",null,null,null,0.8,null,0.25020882,102,,,0,,False,8,test,1
1738,0.0,509.87766,510.12787,0.08,gabors,null,4.0,"[3644.93333333, 3644.93333333]",0.0,-20.0,-40.0,"[20.0, 20.0]",null,null,null,0.8,null,0.25020882,51,,,0,,False,8,test,0
1739,0.0,510.12787,510.37808,0.08,gabors,null,4.0,"[3644.93333333, 3644.93333333]",45.0,20.0,20.0,"[20.0, 20.0]",null,null,null,0.8,null,0.25020882,212,,,0,,False,8,test,1
1740,0.0,510.37808,510.62829,0.08,gabors,null,4.0,"[3644.93333333, 3644.93333333]",0.0,0.0,20.0,"[20.0, 20.0]",null,null,null,0.8,null,0.25020882,214,,,0,,False,5,test,0
1741,0.0,510.62829,510.8785,0.08,gabors,null,4.0,"[3644.93333333, 3644.93333333]",0.0,10.0,-10.0,"[20.0, 20.0]",null,null,null,0.8,null,0.25020868,17,,,0,,False,8,test,0
1742,0.0,510.8785,511.1287,0.08,gabors,null,4.0,"[3644.93333333, 3644.93333333]",0.0,30.0,-30.0,"[20.0, 20.0]",null,null,null,0.8,null,0.25020868,130,,,0,,False,10,train,0
1743,0.0,511.1287,511.37891,0.08,gabors,null,4.0,"[3644.93333333, 3644.93333333]",90.0,20.0,20.0,"[20.0, 20.0]",null,null,null,0.8,null,0.25020868,22,,,0,,False,6,train,2
1744,0.0,511.37891,511.62912,0.08,gabors,null,4.0,"[3644.93333333, 3644.93333333]",90.0,0.0,0.0,"[20.0, 20.0]",null,null,null,0.8,null,0.25020868,80,,,0,,False,6,train,2
1745,0.0,511.62912,511.87933,0.08,gabors,null,4.0,"[3644.93333333, 3644.93333333]",0.0,0.0,20.0,"[20.0, 20.0]",null,null,null,0.8,null,0.25020882,214,,,0,,False,6,train,0
1746,0.0,511.87933,512.12954,0.08,gabors,null,4.0,"[3644.93333333, 3644.93333333]",0.0,-40.0,0.0,"[20.0, 20.0]",null,null,null,0.8,null,0.25020882,238,,,0,,False,4,train,0
1747,0.0,512.12954,512.37975,0.08,gabors,null,4.0,"[3644.93333333, 3644.93333333]",90.0,-20.0,10.0,"[20.0, 20.0]",null,null,null,0.8,null,0.25020882,26,,,0,,False,9,train,2
1748,0.0,512.37975,512.62996,0.08,gabors,null,4.0,"[3644.93333333, 3644.93333333]",90.0,30.0,0.0,"[20.0, 20.0]",null,null,null,0.8,null,0.25020882,216,,,0,,False,4,train,2
1749,0.0,512.62996,512.88017,0.08,gabors,null,4.0,"[3644.93333333, 3644.93333333]",0.0,-20.0,-20.0,"[20.0, 20.0]",null,null,null,0.8,null,0.25020868,156,,,0,,False,7,train,0
1750,0.0,512.88017,513.13037,0.08,gabors,null,4.0,"[3644.93333333, 3644.93333333]",90.0,0.0,-20.0,"[20.0, 20.0]",null,null,null,0.8,null,0.25020868,59,,,0,,False,5,test,2
1751,0.0,513.13037,513.38058,0.08,gabors,null,4.0,"[3644.93333333, 3644.93333333]",45.0,-10.0,-40.0,"[20.0, 20.0]",null,null,null,0.8,null,0.25020868,85,,,0,,False,4,train,1
1752,0.0,513.38058,513.63079,0.08,gabors,null,4.0,"[3644.93333333, 3644.93333333]",90.0,30.0,30.0,"[20.0, 20.0]",null,null,null,0.8,null,0.25020868,207,,,0,,False,7,train,2
1753,0.0,513.63079,513.881,0.08,gabors,null,4.0,"[3644.93333333, 3644.93333333]",90.0,0.0,-10.0,"[20.0, 20.0]",null,null,null,0.8,null,0.25021132,196,,,0,,False,6,train,2
1754,0.0,513.881,514.13121,0.08,gabors,null,4.0,"[3644.93333333, 3644.93333333]",0.0,-20.0,-10.0,"[20.0, 20.0]",null,null,null,0.8,null,0.25021132,101,,,0,,False,5,test,0
1755,0.0,514.13121,514.38143,0.08,gabors,null,4.0,"[3644.93333333, 3644.93333333]",90.0,40.0,-30.0,"[20.0, 20.0]",null,null,null,0.8,null,0.25021132,168,,,0,,False,6,train,2
1756,0.0,514.38143,514.63164,0.08,gabors,null,4.0,"[3644.93333333, 3644.93333333]",90.0,-40.0,-20.0,"[20.0, 20.0]",null,null,null,0.8,null,0.25021132,40,,,0,,False,7,train,2
1757,0.0,514.63164,514.88186,0.08,gabors,null,4.0,"[3644.93333333, 3644.93333333]",0.0,-10.0,40.0,"[20.0, 20.0]",null,null,null,0.8,null,0.25021868,60,,,0,,False,6,train,0
1758,0.0,514.88186,515.13207,0.08,gabors,null,4.0,"[3644.93333333, 3644.93333333]",90.0,0.0,-20.0,"[20.0, 20.0]",null,null,null,0.8,null,0.25021868,59,,,0,,False,6,train,2
1759,0.0,515.13207,515.38229,0.08,gabors,null,4.0,"[3644.93333333, 3644.93333333]",45.0,0.0,30.0,"[20.0, 20.0]",null,null,null,0.8,null,0.25021868,99,,,0,,False,7,train,1
1760,0.0,515.38229,515.63251,0.08,gabors,null,4.0,"[3644.93333333, 3644.93333333]",0.0,-30.0,-30.0,"[20.0, 20.0]",null,null,null,0.8,null,0.25021868,224,,,0,,False,3,train,0
1761,0.0,515.63251,515.88271,0.08,gabors,null,4.0,"[3644.93333333, 3644.93333333]",45.0,40.0,-40.0,"[20.0, 20.0]",null,null,null,0.8,null,0.25019882,91,,,0,,False,9,train,1
1762,0.0,515.88271,516.13291,0.08,gabors,null,4.0,"[3644.93333333, 3644.93333333]",45.0,30.0,-30.0,"[20.0, 20.0]",null,null,null,0.8,null,0.25019882,102,,,0,,False,9,train,1
1763,0.0,516.13291,516.38311,0.08,gabors,null,4.0,"[3644.93333333, 3644.93333333]",0.0,-10.0,40.0,"[20.0, 20.0]",null,null,null,0.8,null,0.25019882,60,,,0,,False,7,train,0
1764,0.0,516.38311,516.63331,0.08,gabors,null,4.0,"[3644.93333333, 3644.93333333]",45.0,40.0,40.0,"[20.0, 20.0]",null,null,null,0.8,null,0.25019882,65,,,0,,False,6,train,1
1765,0.0,516.63331,516.88352,0.08,gabors,null,4.0,"[3644.93333333, 3644.93333333]",90.0,-10.0,20.0,"[20.0, 20.0]",null,null,null,0.8,null,0.25021368,188,,,0,,False,6,train,2
1766,0.0,516.88352,517.13373,0.08,gabors,null,4.0,"[3644.93333333, 3644.93333333]",90.0,30.0,-20.0,"[20.0, 20.0]",null,null,null,0.8,null,0.25021368,55,,,0,,False,4,train,2
1767,0.0,517.13373,517.38395,0.08,gabors,null,4.0,"[3644.93333333, 3644.93333333]",45.0,40.0,-30.0,"[20.0, 20.0]",null,null,null,0.8,null,0.25021368,109,,,0,,False,6,train,1
1768,0.0,517.38395,517.63416,0.08,gabors,null,4.0,"[3644.93333333, 3644.93333333]",0.0,10.0,-10.0,"[20.0, 20.0]",null,null,null,0.8,null,0.25021368,17,,,0,,False,9,train,0
1769,0.0,517.63416,517.88437,0.08,gabors,null,4.0,"[3644.93333333, 3644.93333333]",90.0,10.0,40.0,"[20.0, 20.0]",null,null,null,0.8,null,0.25020382,90,,,0,,False,5,test,2
1770,0.0,517.88437,518.13457,0.08,gabors,null,4.0,"[3644.93333333, 3644.93333333]",90.0,10.0,0.0,"[20.0, 20.0]",null,null,null,0.8,null,0.25020382,81,,,0,,False,8,test,2
1771,0.0,518.13457,518.38477,0.08,gabors,null,4.0,"[3644.93333333, 3644.93333333]",0.0,20.0,-30.0,"[20.0, 20.0]",null,null,null,0.8,null,0.25020382,116,,,0,,False,6,train,0
1772,0.0,518.38477,518.63498,0.08,gabors,null,4.0,"[3644.93333333, 3644.93333333]",45.0,-30.0,-30.0,"[20.0, 20.0]",null,null,null,0.8,null,0.25020382,190,,,0,,False,3,train,1
1773,0.0,518.63498,518.88519,0.08,gabors,null,4.0,"[3644.93333333, 3644.93333333]",90.0,10.0,30.0,"[20.0, 20.0]",null,null,null,0.8,null,0.25021118,3,,,0,,False,9,train,2
1774,0.0,518.88519,519.1354,0.08,gabors,null,4.0,"[3644.93333333, 3644.93333333]",90.0,-20.0,30.0,"[20.0, 20.0]",null,null,null,0.8,null,0.25021118,170,,,0,,False,7,train,2
1775,0.0,519.1354,519.38561,0.08,gabors,null,4.0,"[3644.93333333, 3644.93333333]",45.0,-40.0,20.0,"[20.0, 20.0]",null,null,null,0.8,null,0.25021118,124,,,0,,False,6,train,1
1776,0.0,519.38561,519.63582,0.08,gabors,null,4.0,"[3644.93333333, 3644.93333333]",0.0,20.0,10.0,"[20.0, 20.0]",null,null,null,0.8,null,0.25021118,147,,,0,,False,6,train,0
1777,0.0,519.63582,519.88603,0.08,gabors,null,4.0,"[3644.93333333, 3644.93333333]",0.0,-10.0,40.0,"[20.0, 20.0]",null,null,null,0.8,null,0.25020632,60,,,0,,False,8,test,0
1778,0.0,519.88603,520.13623,0.08,gabors,null,4.0,"[3644.93333333, 3644.93333333]",45.0,-10.0,-10.0,"[20.0, 20.0]",null,null,null,0.8,null,0.25020632,242,,,0,,False,5,test,1
1779,0.0,520.13623,520.38644,0.08,gabors,null,4.0,"[3644.93333333, 3644.93333333]",0.0,-40.0,0.0,"[20.0, 20.0]",null,null,null,0.8,null,0.25020632,238,,,0,,False,5,test,0
1780,0.0,520.38644,520.63665,0.08,gabors,null,4.0,"[3644.93333333, 3644.93333333]",45.0,10.0,-20.0,"[20.0, 20.0]",null,null,null,0.8,null,0.25020632,64,,,0,,False,7,train,1
1781,0.0,520.63665,520.88686,0.08,gabors,null,4.0,"[3644.93333333, 3644.93333333]",0.0,-30.0,-20.0,"[20.0, 20.0]",null,null,null,0.8,null,0.25021368,143,,,0,,False,10,train,0
1782,0.0,520.88686,521.13707,0.08,gabors,null,4.0,"[3644.93333333, 3644.93333333]",90.0,-30.0,-20.0,"[20.0, 20.0]",null,null,null,0.8,null,0.25021368,16,,,0,,False,5,test,2
1783,0.0,521.13707,521.38729,0.08,gabors,null,4.0,"[3644.93333333, 3644.93333333]",45.0,-10.0,0.0,"[20.0, 20.0]",null,null,null,0.8,null,0.25021368,115,,,0,,False,6,train,1
1784,0.0,521.38729,521.6375,0.08,gabors,null,4.0,"[3644.93333333, 3644.93333333]",0.0,40.0,-20.0,"[20.0, 20.0]",null,null,null,0.8,null,0.25021368,95,,,0,,False,7,train,0
1785,0.0,521.6375,521.88771,0.08,gabors,null,4.0,"[3644.93333333, 3644.93333333]",0.0,-30.0,20.0,"[20.0, 20.0]",null,null,null,0.8,null,0.25020632,33,,,0,,False,5,test,0
1786,0.0,521.88771,522.13791,0.08,gabors,null,4.0,"[3644.93333333, 3644.93333333]",0.0,-40.0,20.0,"[20.0, 20.0]",null,null,null,0.8,null,0.25020632,151,,,0,,False,8,test,0
1787,0.0,522.13791,522.38812,0.08,gabors,null,4.0,"[3644.93333333, 3644.93333333]",0.0,0.0,-10.0,"[20.0, 20.0]",null,null,null,0.8,null,0.25020632,137,,,0,,False,7,train,0
1788,0.0,522.38812,522.63833,0.08,gabors,null,4.0,"[3644.93333333, 3644.93333333]",45.0,-10.0,0.0,"[20.0, 20.0]",null,null,null,0.8,null,0.25020632,115,,,0,,False,7,train,1
1789,0.0,522.63833,522.88854,0.08,gabors,null,4.0,"[3644.93333333, 3644.93333333]",90.0,-10.0,10.0,"[20.0, 20.0]",null,null,null,0.8,null,0.25020868,192,,,0,,False,6,train,2
1790,0.0,522.88854,523.13874,0.08,gabors,null,4.0,"[3644.93333333, 3644.93333333]",0.0,-40.0,-10.0,"[20.0, 20.0]",null,null,null,0.8,null,0.25020868,191,,,0,,False,6,train,0
1791,0.0,523.13874,523.38895,0.08,gabors,null,4.0,"[3644.93333333, 3644.93333333]",45.0,10.0,0.0,"[20.0, 20.0]",null,null,null,0.8,null,0.25020868,243,,,0,,False,1,train,1
1792,0.0,523.38895,523.63916,0.08,gabors,null,4.0,"[3644.93333333, 3644.93333333]",90.0,30.0,-30.0,"[20.0, 20.0]",null,null,null,0.8,null,0.25020868,103,,,0,,False,11,test,2
1793,0.0,523.63916,523.88937,0.08,gabors,null,4.0,"[3644.93333333, 3644.93333333]",90.0,-40.0,20.0,"[20.0, 20.0]",null,null,null,0.8,null,0.25020882,108,,,0,,False,6,train,2
1794,0.0,523.88937,524.13958,0.08,gabors,null,4.0,"[3644.93333333, 3644.93333333]",90.0,-10.0,0.0,"[20.0, 20.0]",null,null,null,0.8,null,0.25020882,195,,,0,,False,4,train,2
1795,0.0,524.13958,524.38979,0.08,gabors,null,4.0,"[3644.93333333, 3644.93333333]",0.0,-30.0,30.0,"[20.0, 20.0]",null,null,null,0.8,null,0.25020882,201,,,0,,False,7,train,0
1796,0.0,524.38979,524.64,0.08,gabors,null,4.0,"[3644.93333333, 3644.93333333]",45.0,20.0,-30.0,"[20.0, 20.0]",null,null,null,0.8,null,0.25020882,219,,,0,,False,8,test,1
1797,0.0,524.64,524.89021,0.08,gabors,null,4.0,"[3644.93333333, 3644.93333333]",90.0,0.0,-20.0,"[20.0, 20.0]",null,null,null,0.8,null,0.25021368,59,,,0,,False,7,train,2
1798,0.0,524.89021,525.14042,0.08,gabors,null,4.0,"[3644.93333333, 3644.93333333]",0.0,-40.0,-40.0,"[20.0, 20.0]",null,null,null,0.8,null,0.25021368,206,,,0,,False,8,test,0
1799,0.0,525.14042,525.39064,0.08,gabors,null,4.0,"[3644.93333333, 3644.93333333]",45.0,30.0,20.0,"[20.0, 20.0]",null,null,null,0.8,null,0.25021368,37,,,0,,False,9,train,1
1800,0.0,525.39064,525.64085,0.08,gabors,null,4.0,"[3644.93333333, 3644.93333333]",45.0,-30.0,0.0,"[20.0, 20.0]",null,null,null,0.8,null,0.25021368,82,,,0,,False,6,train,1
1801,0.0,525.64085,525.89106,0.08,gabors,null,4.0,"[3644.93333333, 3644.93333333]",45.0,-20.0,40.0,"[20.0, 20.0]",null,null,null,0.8,null,0.25020382,49,,,0,,False,6,train,1
1802,0.0,525.89106,526.14126,0.08,gabors,null,4.0,"[3644.93333333, 3644.93333333]",45.0,-30.0,-20.0,"[20.0, 20.0]",null,null,null,0.8,null,0.25020382,221,,,0,,False,4,train,1
1803,0.0,526.14126,526.39146,0.08,gabors,null,4.0,"[3644.93333333, 3644.93333333]",90.0,0.0,10.0,"[20.0, 20.0]",null,null,null,0.8,null,0.25020382,41,,,0,,False,9,train,2
1804,0.0,526.39146,526.64167,0.08,gabors,null,4.0,"[3644.93333333, 3644.93333333]",0.0,20.0,-40.0,"[20.0, 20.0]",null,null,null,0.8,null,0.25020382,164,,,0,,False,8,test,0
1805,0.0,526.64167,526.89188,0.08,gabors,null,4.0,"[3644.93333333, 3644.93333333]",90.0,-10.0,-40.0,"[20.0, 20.0]",null,null,null,0.8,null,0.25021618,163,,,0,,False,8,test,2
1806,0.0,526.89188,527.1421,0.08,gabors,null,4.0,"[3644.93333333, 3644.93333333]",0.0,30.0,-20.0,"[20.0, 20.0]",null,null,null,0.8,null,0.25021618,171,,,0,,False,5,test,0
1807,0.0,527.1421,527.39232,0.08,gabors,null,4.0,"[3644.93333333, 3644.93333333]",90.0,40.0,-20.0,"[20.0, 20.0]",null,null,null,0.8,null,0.25021618,173,,,0,,False,9,train,2
1808,0.0,527.39232,527.64253,0.08,gabors,null,4.0,"[3644.93333333, 3644.93333333]",0.0,-30.0,40.0,"[20.0, 20.0]",null,null,null,0.8,null,0.25021618,39,,,0,,False,7,train,0
1809,0.0,527.64253,527.89274,0.08,gabors,null,4.0,"[3644.93333333, 3644.93333333]",0.0,20.0,10.0,"[20.0, 20.0]",null,null,null,0.8,null,0.25020382,147,,,0,,False,7,train,0
1810,0.0,527.89274,528.14294,0.08,gabors,null,4.0,"[3644.93333333, 3644.93333333]",90.0,10.0,-30.0,"[20.0, 20.0]",null,null,null,0.8,null,0.25020382,233,,,0,,False,7,train,2
1811,0.0,528.14294,528.39314,0.08,gabors,null,4.0,"[3644.93333333, 3644.93333333]",0.0,0.0,40.0,"[20.0, 20.0]",null,null,null,0.8,null,0.25020382,125,,,0,,False,5,test,0
1812,0.0,528.39314,528.64335,0.08,gabors,null,4.0,"[3644.93333333, 3644.93333333]",45.0,-10.0,-30.0,"[20.0, 20.0]",null,null,null,0.8,null,0.25020382,148,,,0,,False,8,test,1
1813,0.0,528.64335,528.89356,0.08,gabors,null,4.0,"[3644.93333333, 3644.93333333]",90.0,30.0,20.0,"[20.0, 20.0]",null,null,null,0.8,null,0.25020868,77,,,0,,False,8,test,2
1814,0.0,528.89356,529.14376,0.08,gabors,null,4.0,"[3644.93333333, 3644.93333333]",0.0,40.0,30.0,"[20.0, 20.0]",null,null,null,0.8,null,0.25020868,100,,,0,,False,8,test,0
1815,0.0,529.14376,529.39397,0.08,gabors,null,4.0,"[3644.93333333, 3644.93333333]",45.0,-20.0,40.0,"[20.0, 20.0]",null,null,null,0.8,null,0.25020868,49,,,0,,False,7,train,1
1816,0.0,529.39397,529.64418,0.08,gabors,null,4.0,"[3644.93333333, 3644.93333333]",0.0,10.0,30.0,"[20.0, 20.0]",null,null,null,0.8,null,0.25020868,134,,,0,,False,8,test,0
1817,0.0,529.64418,529.89439,0.08,gabors,null,4.0,"[3644.93333333, 3644.93333333]",0.0,-40.0,-10.0,"[20.0, 20.0]",null,null,null,0.8,null,0.25020882,191,,,0,,False,7,train,0
1818,0.0,529.89439,530.1446,0.08,gabors,null,4.0,"[3644.93333333, 3644.93333333]",90.0,40.0,40.0,"[20.0, 20.0]",null,null,null,0.8,null,0.25020882,235,,,0,,False,9,train,2
1819,0.0,530.1446,530.39481,0.08,gabors,null,4.0,"[3644.93333333, 3644.93333333]",90.0,-10.0,-10.0,"[20.0, 20.0]",null,null,null,0.8,null,0.25020882,230,,,0,,False,7,train,2
1820,0.0,530.39481,530.64502,0.08,gabors,null,4.0,"[3644.93333333, 3644.93333333]",90.0,40.0,0.0,"[20.0, 20.0]",null,null,null,0.8,null,0.25020882,152,,,0,,False,6,train,2
1821,0.0,530.64502,530.89523,0.08,gabors,null,4.0,"[3644.93333333, 3644.93333333]",90.0,-30.0,0.0,"[20.0, 20.0]",null,null,null,0.8,null,0.25020868,105,,,0,,False,6,train,2
1822,0.0,530.89523,531.14543,0.08,gabors,null,4.0,"[3644.93333333, 3644.93333333]",90.0,30.0,20.0,"[20.0, 20.0]",null,null,null,0.8,null,0.25020868,77,,,0,,False,9,train,2
1823,0.0,531.14543,531.39564,0.08,gabors,null,4.0,"[3644.93333333, 3644.93333333]",90.0,30.0,10.0,"[20.0, 20.0]",null,null,null,0.8,null,0.25020868,237,,,0,,False,3,train,2
1824,0.0,531.39564,531.64585,0.08,gabors,null,4.0,"[3644.93333333, 3644.93333333]",45.0,-40.0,-10.0,"[20.0, 20.0]",null,null,null,0.8,null,0.25020868,199,,,0,,False,7,train,1
1825,0.0,531.64585,531.89606,0.08,gabors,null,4.0,"[3644.93333333, 3644.93333333]",0.0,-30.0,30.0,"[20.0, 20.0]",null,null,null,0.8,null,0.25020882,201,,,0,,False,8,test,0
1826,0.0,531.89606,532.14627,0.08,gabors,null,4.0,"[3644.93333333, 3644.93333333]",90.0,0.0,-40.0,"[20.0, 20.0]",null,null,null,0.8,null,0.25020882,32,,,0,,False,6,train,2
1827,0.0,532.14627,532.39648,0.08,gabors,null,4.0,"[3644.93333333, 3644.93333333]",0.0,30.0,20.0,"[20.0, 20.0]",null,null,null,0.8,null,0.25020882,88,,,0,,False,7,train,0
1828,0.0,532.39648,532.64669,0.08,gabors,null,4.0,"[3644.93333333, 3644.93333333]",0.0,-20.0,10.0,"[20.0, 20.0]",null,null,null,0.8,null,0.25020882,135,,,0,,False,5,test,0
1829,0.0,532.64669,532.89691,0.08,gabors,null,4.0,"[3644.93333333, 3644.93333333]",45.0,-30.0,-30.0,"[20.0, 20.0]",null,null,null,0.8,null,0.25022118,190,,,0,,False,4,train,1
1830,0.0,532.89691,533.14713,0.08,gabors,null,4.0,"[3644.93333333, 3644.93333333]",90.0,-10.0,30.0,"[20.0, 20.0]",null,null,null,0.8,null,0.25022118,11,,,0,,False,8,test,2
1831,0.0,533.14713,533.39735,0.08,gabors,null,4.0,"[3644.93333333, 3644.93333333]",0.0,40.0,0.0,"[20.0, 20.0]",null,null,null,0.8,null,0.25022118,24,,,0,,False,9,train,0
1832,0.0,533.39735,533.64757,0.08,gabors,null,4.0,"[3644.93333333, 3644.93333333]",45.0,10.0,-40.0,"[20.0, 20.0]",null,null,null,0.8,null,0.25022118,23,,,0,,False,8,test,1
1833,0.0,533.64757,533.89777,0.08,gabors,null,4.0,"[3644.93333333, 3644.93333333]",45.0,-10.0,0.0,"[20.0, 20.0]",null,null,null,0.8,null,0.25019632,115,,,0,,False,8,test,1
1834,0.0,533.89777,534.14796,0.08,gabors,null,4.0,"[3644.93333333, 3644.93333333]",90.0,30.0,20.0,"[20.0, 20.0]",null,null,null,0.8,null,0.25019632,77,,,0,,False,10,train,2
1835,0.0,534.14796,534.39816,0.08,gabors,null,4.0,"[3644.93333333, 3644.93333333]",0.0,30.0,0.0,"[20.0, 20.0]",null,null,null,0.8,null,0.25019632,165,,,0,,False,4,train,0
1836,0.0,534.39816,534.64836,0.08,gabors,null,4.0,"[3644.93333333, 3644.93333333]",45.0,-10.0,-30.0,"[20.0, 20.0]",null,null,null,0.8,null,0.25019632,148,,,0,,False,9,train,1
1837,0.0,534.64836,534.89857,0.08,gabors,null,4.0,"[3644.93333333, 3644.93333333]",0.0,20.0,0.0,"[20.0, 20.0]",null,null,null,0.8,null,0.25021368,71,,,0,,False,11,test,0
1838,0.0,534.89857,535.14878,0.08,gabors,null,4.0,"[3644.93333333, 3644.93333333]",45.0,-20.0,30.0,"[20.0, 20.0]",null,null,null,0.8,null,0.25021368,189,,,0,,False,4,train,1
1839,0.0,535.14878,535.399,0.08,gabors,null,4.0,"[3644.93333333, 3644.93333333]",90.0,40.0,10.0,"[20.0, 20.0]",null,null,null,0.8,null,0.25021368,121,,,0,,False,9,train,2
1840,0.0,535.399,535.64921,0.08,gabors,null,4.0,"[3644.93333333, 3644.93333333]",90.0,10.0,40.0,"[20.0, 20.0]",null,null,null,0.8,null,0.25021368,90,,,0,,False,6,train,2
1841,0.0,535.64921,535.89942,0.08,gabors,null,4.0,"[3644.93333333, 3644.93333333]",45.0,40.0,-30.0,"[20.0, 20.0]",null,null,null,0.8,null,0.25020382,109,,,0,,False,7,train,1
1842,0.0,535.89942,536.14962,0.08,gabors,null,4.0,"[3644.93333333, 3644.93333333]",0.0,30.0,40.0,"[20.0, 20.0]",null,null,null,0.8,null,0.25020382,20,,,0,,False,5,test,0
1843,0.0,536.14962,536.39982,0.08,gabors,null,4.0,"[3644.93333333, 3644.93333333]",45.0,-10.0,40.0,"[20.0, 20.0]",null,null,null,0.8,null,0.25020382,175,,,0,,False,5,test,1
1844,0.0,536.39982,536.65003,0.08,gabors,null,4.0,"[3644.93333333, 3644.93333333]",0.0,-20.0,20.0,"[20.0, 20.0]",null,null,null,0.8,null,0.25020382,145,,,0,,False,8,test,0
1845,0.0,536.65003,536.90024,0.08,gabors,null,4.0,"[3644.93333333, 3644.93333333]",0.0,-20.0,10.0,"[20.0, 20.0]",null,null,null,0.8,null,0.25021618,135,,,0,,False,6,train,0
1846,0.0,536.90024,537.15046,0.08,gabors,null,4.0,"[3644.93333333, 3644.93333333]",90.0,10.0,-40.0,"[20.0, 20.0]",null,null,null,0.8,null,0.25021618,9,,,0,,False,5,test,2
1847,0.0,537.15046,537.40068,0.08,gabors,null,4.0,"[3644.93333333, 3644.93333333]",45.0,-30.0,-30.0,"[20.0, 20.0]",null,null,null,0.8,null,0.25021618,190,,,0,,False,5,test,1
1848,0.0,537.40068,537.65089,0.08,gabors,null,4.0,"[3644.93333333, 3644.93333333]",90.0,-40.0,10.0,"[20.0, 20.0]",null,null,null,0.8,null,0.25021618,185,,,0,,False,6,train,2
1849,0.0,537.65089,537.9011,0.08,gabors,null,4.0,"[3644.93333333, 3644.93333333]",0.0,-40.0,0.0,"[20.0, 20.0]",null,null,null,0.8,null,0.25020632,238,,,0,,False,6,train,0
1850,0.0,537.9011,538.1513,0.08,gabors,null,4.0,"[3644.93333333, 3644.93333333]",45.0,-30.0,40.0,"[20.0, 20.0]",null,null,null,0.8,null,0.25020632,58,,,0,,False,5,test,1
1851,0.0,538.1513,538.40151,0.08,gabors,null,4.0,"[3644.93333333, 3644.93333333]",0.0,-30.0,-10.0,"[20.0, 20.0]",null,null,null,0.8,null,0.25020632,146,,,0,,False,7,train,0
1852,0.0,538.40151,538.65172,0.08,gabors,null,4.0,"[3644.93333333, 3644.93333333]",45.0,-30.0,30.0,"[20.0, 20.0]",null,null,null,0.8,null,0.25020632,227,,,0,,False,5,test,1
1853,0.0,538.65172,538.90192,0.08,gabors,null,4.0,"[3644.93333333, 3644.93333333]",90.0,-20.0,0.0,"[20.0, 20.0]",null,null,null,0.8,null,0.25020118,78,,,0,,False,11,test,2
1854,0.0,538.90192,539.15212,0.08,gabors,null,4.0,"[3644.93333333, 3644.93333333]",0.0,40.0,40.0,"[20.0, 20.0]",null,null,null,0.8,null,0.25020118,136,,,0,,False,6,train,0
1855,0.0,539.15212,539.40232,0.08,gabors,null,4.0,"[3644.93333333, 3644.93333333]",90.0,-40.0,40.0,"[20.0, 20.0]",null,null,null,0.8,null,0.25020118,98,,,0,,False,6,train,2
1856,0.0,539.40232,539.65252,0.08,gabors,null,4.0,"[3644.93333333, 3644.93333333]",0.0,-40.0,0.0,"[20.0, 20.0]",null,null,null,0.8,null,0.25020118,238,,,0,,False,7,train,0
1857,0.0,539.65252,539.90274,0.08,gabors,null,4.0,"[3644.93333333, 3644.93333333]",45.0,20.0,40.0,"[20.0, 20.0]",null,null,null,0.8,null,0.25021382,127,,,0,,False,11,test,1
1858,0.0,539.90274,540.15295,0.08,gabors,null,4.0,"[3644.93333333, 3644.93333333]",0.0,0.0,-40.0,"[20.0, 20.0]",null,null,null,0.8,null,0.25021382,200,,,0,,False,7,train,0
1859,0.0,540.15295,540.40316,0.08,gabors,null,4.0,"[3644.93333333, 3644.93333333]",45.0,20.0,-10.0,"[20.0, 20.0]",null,null,null,0.8,null,0.25021382,236,,,0,,False,4,train,1
1860,0.0,540.40316,540.65338,0.08,gabors,null,4.0,"[3644.93333333, 3644.93333333]",0.0,0.0,-20.0,"[20.0, 20.0]",null,null,null,0.8,null,0.25021382,213,,,0,,False,7,train,0
1861,0.0,540.65338,540.90359,0.08,gabors,null,4.0,"[3644.93333333, 3644.93333333]",0.0,-10.0,10.0,"[20.0, 20.0]",null,null,null,0.8,null,0.25021118,19,,,0,,False,8,test,0
1862,0.0,540.90359,541.1538,0.08,gabors,null,4.0,"[3644.93333333, 3644.93333333]",0.0,-40.0,-20.0,"[20.0, 20.0]",null,null,null,0.8,null,0.25021118,4,,,0,,False,6,train,0
1863,0.0,541.1538,541.40401,0.08,gabors,null,4.0,"[3644.93333333, 3644.93333333]",0.0,-40.0,-20.0,"[20.0, 20.0]",null,null,null,0.8,null,0.25021118,4,,,0,,False,7,train,0
1864,0.0,541.40401,541.65422,0.08,gabors,null,4.0,"[3644.93333333, 3644.93333333]",90.0,10.0,-20.0,"[20.0, 20.0]",null,null,null,0.8,null,0.25021118,106,,,0,,False,7,train,2
1865,0.0,541.65422,541.90443,0.08,gabors,null,4.0,"[3644.93333333, 3644.93333333]",90.0,40.0,-40.0,"[20.0, 20.0]",null,null,null,0.8,null,0.25020632,113,,,0,,False,7,train,2
1866,0.0,541.90443,542.15463,0.08,gabors,null,4.0,"[3644.93333333, 3644.93333333]",45.0,20.0,-10.0,"[20.0, 20.0]",null,null,null,0.8,null,0.25020632,236,,,0,,False,5,test,1
1867,0.0,542.15463,542.40484,0.08,gabors,null,4.0,"[3644.93333333, 3644.93333333]",45.0,30.0,10.0,"[20.0, 20.0]",null,null,null,0.8,null,0.25020632,174,,,0,,False,8,test,1
1868,0.0,542.40484,542.65505,0.08,gabors,null,4.0,"[3644.93333333, 3644.93333333]",90.0,0.0,10.0,"[20.0, 20.0]",null,null,null,0.8,null,0.25020632,41,,,0,,False,10,train,2
1869,0.0,542.65505,542.90527,0.08,gabors,null,4.0,"[3644.93333333, 3644.93333333]",45.0,10.0,10.0,"[20.0, 20.0]",null,null,null,0.8,null,0.25021868,205,,,0,,False,6,train,1
1870,0.0,542.90527,543.15548,0.08,gabors,null,4.0,"[3644.93333333, 3644.93333333]",90.0,0.0,-40.0,"[20.0, 20.0]",null,null,null,0.8,null,0.25021868,32,,,0,,False,7,train,2
1871,0.0,543.15548,543.4057,0.08,gabors,null,4.0,"[3644.93333333, 3644.93333333]",0.0,-10.0,10.0,"[20.0, 20.0]",null,null,null,0.8,null,0.25021868,19,,,0,,False,9,train,0
1872,0.0,543.4057,543.65592,0.08,gabors,null,4.0,"[3644.93333333, 3644.93333333]",0.0,30.0,40.0,"[20.0, 20.0]",null,null,null,0.8,null,0.25021868,20,,,0,,False,6,train,0
1873,0.0,543.65592,543.90612,0.08,gabors,null,4.0,"[3644.93333333, 3644.93333333]",90.0,20.0,0.0,"[20.0, 20.0]",null,null,null,0.8,null,0.25020132,73,,,0,,False,9,train,2
1874,0.0,543.90612,544.15632,0.08,gabors,null,4.0,"[3644.93333333, 3644.93333333]",45.0,-30.0,40.0,"[20.0, 20.0]",null,null,null,0.8,null,0.25020132,58,,,0,,False,6,train,1
1875,0.0,544.15632,544.40653,0.08,gabors,null,4.0,"[3644.93333333, 3644.93333333]",45.0,10.0,30.0,"[20.0, 20.0]",null,null,null,0.8,null,0.25020132,218,,,0,,False,6,train,1
1876,0.0,544.40653,544.65673,0.08,gabors,null,4.0,"[3644.93333333, 3644.93333333]",90.0,-20.0,-10.0,"[20.0, 20.0]",null,null,null,0.8,null,0.25020132,38,,,0,,False,4,train,2
1877,0.0,544.65673,544.90694,0.08,gabors,null,4.0,"[3644.93333333, 3644.93333333]",90.0,40.0,-30.0,"[20.0, 20.0]",null,null,null,0.8,null,0.25021368,168,,,0,,False,7,train,2
1878,0.0,544.90694,545.15715,0.08,gabors,null,4.0,"[3644.93333333, 3644.93333333]",0.0,20.0,30.0,"[20.0, 20.0]",null,null,null,0.8,null,0.25021368,182,,,0,,False,10,train,0
1879,0.0,545.15715,545.40737,0.08,gabors,null,4.0,"[3644.93333333, 3644.93333333]",45.0,40.0,30.0,"[20.0, 20.0]",null,null,null,0.8,null,0.25021368,111,,,0,,False,9,train,1
1880,0.0,545.40737,545.65758,0.08,gabors,null,4.0,"[3644.93333333, 3644.93333333]",45.0,-30.0,0.0,"[20.0, 20.0]",null,null,null,0.8,null,0.25021368,82,,,0,,False,7,train,1
1881,0.0,545.65758,545.90779,0.08,gabors,null,4.0,"[3644.93333333, 3644.93333333]",0.0,40.0,-10.0,"[20.0, 20.0]",null,null,null,0.8,null,0.25020382,114,,,0,,False,5,test,0
1882,0.0,545.90779,546.15799,0.08,gabors,null,4.0,"[3644.93333333, 3644.93333333]",45.0,40.0,40.0,"[20.0, 20.0]",null,null,null,0.8,null,0.25020382,65,,,0,,False,7,train,1
1883,0.0,546.15799,546.40819,0.08,gabors,null,4.0,"[3644.93333333, 3644.93333333]",90.0,-10.0,0.0,"[20.0, 20.0]",null,null,null,0.8,null,0.25020382,195,,,0,,False,5,test,2
1884,0.0,546.40819,546.6584,0.08,gabors,null,4.0,"[3644.93333333, 3644.93333333]",45.0,-40.0,-30.0,"[20.0, 20.0]",null,null,null,0.8,null,0.25020382,204,,,0,,False,8,test,1
1885,0.0,546.6584,546.90861,0.08,gabors,null,4.0,"[3644.93333333, 3644.93333333]",45.0,20.0,-40.0,"[20.0, 20.0]",null,null,null,0.8,null,0.25021368,131,,,0,,False,8,test,1
1886,0.0,546.90861,547.15882,0.08,gabors,null,4.0,"[3644.93333333, 3644.93333333]",45.0,-20.0,20.0,"[20.0, 20.0]",null,null,null,0.8,null,0.25021368,66,,,0,,False,9,train,1
1887,0.0,547.15882,547.40904,0.08,gabors,null,4.0,"[3644.93333333, 3644.93333333]",45.0,-30.0,-10.0,"[20.0, 20.0]",null,null,null,0.8,null,0.25021368,69,,,0,,False,7,train,1
1888,0.0,547.40904,547.65925,0.08,gabors,null,4.0,"[3644.93333333, 3644.93333333]",90.0,20.0,20.0,"[20.0, 20.0]",null,null,null,0.8,null,0.25021368,22,,,0,,False,7,train,2
1889,0.0,547.65925,547.90946,0.08,gabors,null,4.0,"[3644.93333333, 3644.93333333]",90.0,40.0,-10.0,"[20.0, 20.0]",null,null,null,0.8,null,0.25020382,210,,,0,,False,5,test,2
1890,0.0,547.90946,548.15966,0.08,gabors,null,4.0,"[3644.93333333, 3644.93333333]",90.0,20.0,30.0,"[20.0, 20.0]",null,null,null,0.8,null,0.25020382,198,,,0,,False,8,test,2
1891,0.0,548.15966,548.40986,0.08,gabors,null,4.0,"[3644.93333333, 3644.93333333]",0.0,10.0,-10.0,"[20.0, 20.0]",null,null,null,0.8,null,0.25020382,17,,,0,,False,10,train,0
1892,0.0,548.40986,548.66007,0.08,gabors,null,4.0,"[3644.93333333, 3644.93333333]",0.0,-20.0,-20.0,"[20.0, 20.0]",null,null,null,0.8,null,0.25020382,156,,,0,,False,8,test,0
1893,0.0,548.66007,548.91028,0.08,gabors,null,4.0,"[3644.93333333, 3644.93333333]",45.0,20.0,30.0,"[20.0, 20.0]",null,null,null,0.8,null,0.25021118,63,,,0,,False,6,train,1
1894,0.0,548.91028,549.16049,0.08,gabors,null,4.0,"[3644.93333333, 3644.93333333]",90.0,40.0,0.0,"[20.0, 20.0]",null,null,null,0.8,null,0.25021118,152,,,0,,False,7,train,2
1895,0.0,549.16049,549.4107,0.08,gabors,null,4.0,"[3644.93333333, 3644.93333333]",0.0,40.0,-30.0,"[20.0, 20.0]",null,null,null,0.8,null,0.25021118,6,,,0,,False,7,train,0
1896,0.0,549.4107,549.66091,0.08,gabors,null,4.0,"[3644.93333333, 3644.93333333]",45.0,10.0,10.0,"[20.0, 20.0]",null,null,null,0.8,null,0.25021118,205,,,0,,False,7,train,1
1897,0.0,549.66091,549.91112,0.08,gabors,null,4.0,"[3644.93333333, 3644.93333333]",90.0,20.0,40.0,"[20.0, 20.0]",null,null,null,0.8,null,0.25020632,158,,,0,,False,7,train,2
1898,0.0,549.91112,550.16132,0.08,gabors,null,4.0,"[3644.93333333, 3644.93333333]",90.0,10.0,-30.0,"[20.0, 20.0]",null,null,null,0.8,null,0.25020632,233,,,0,,False,8,test,2
1899,0.0,550.16132,550.41153,0.08,gabors,null,4.0,"[3644.93333333, 3644.93333333]",45.0,-30.0,-10.0,"[20.0, 20.0]",null,null,null,0.8,null,0.25020632,69,,,0,,False,8,test,1
1900,0.0,550.41153,550.66174,0.08,gabors,null,4.0,"[3644.93333333, 3644.93333333]",45.0,-10.0,20.0,"[20.0, 20.0]",null,null,null,0.8,null,0.25020632,120,,,0,,False,10,train,1
1901,0.0,550.66174,550.91195,0.08,gabors,null,4.0,"[3644.93333333, 3644.93333333]",45.0,-10.0,-40.0,"[20.0, 20.0]",null,null,null,0.8,null,0.25021118,85,,,0,,False,5,test,1
1902,0.0,550.91195,551.16216,0.08,gabors,null,4.0,"[3644.93333333, 3644.93333333]",0.0,10.0,10.0,"[20.0, 20.0]",null,null,null,0.8,null,0.25021118,42,,,0,,False,7,train,0
1903,0.0,551.16216,551.41237,0.08,gabors,null,4.0,"[3644.93333333, 3644.93333333]",45.0,-20.0,-40.0,"[20.0, 20.0]",null,null,null,0.8,null,0.25021118,157,,,0,,False,11,test,1
1904,0.0,551.41237,551.66258,0.08,gabors,null,4.0,"[3644.93333333, 3644.93333333]",0.0,20.0,20.0,"[20.0, 20.0]",null,null,null,0.8,null,0.25021118,10,,,0,,False,7,train,0
1905,0.0,551.66258,551.91279,0.08,gabors,null,4.0,"[3644.93333333, 3644.93333333]",0.0,-30.0,0.0,"[20.0, 20.0]",null,null,null,0.8,null,0.25020882,179,,,0,,False,6,train,0
1906,0.0,551.91279,552.163,0.08,gabors,null,4.0,"[3644.93333333, 3644.93333333]",90.0,10.0,0.0,"[20.0, 20.0]",null,null,null,0.8,null,0.25020882,81,,,0,,False,9,train,2
1907,0.0,552.163,552.41321,0.08,gabors,null,4.0,"[3644.93333333, 3644.93333333]",0.0,-30.0,-10.0,"[20.0, 20.0]",null,null,null,0.8,null,0.25020882,146,,,0,,False,8,test,0
1908,0.0,552.41321,552.66342,0.08,gabors,null,4.0,"[3644.93333333, 3644.93333333]",45.0,-40.0,0.0,"[20.0, 20.0]",null,null,null,0.8,null,0.25020882,178,,,0,,False,8,test,1
1909,0.0,552.66342,552.91363,0.08,gabors,null,4.0,"[3644.93333333, 3644.93333333]",0.0,30.0,-10.0,"[20.0, 20.0]",null,null,null,0.8,null,0.25021118,181,,,0,,False,7,train,0
1910,0.0,552.91363,553.16384,0.08,gabors,null,4.0,"[3644.93333333, 3644.93333333]",90.0,-20.0,-40.0,"[20.0, 20.0]",null,null,null,0.8,null,0.25021118,36,,,0,,False,7,train,2
1911,0.0,553.16384,553.41405,0.08,gabors,null,4.0,"[3644.93333333, 3644.93333333]",90.0,-20.0,40.0,"[20.0, 20.0]",null,null,null,0.8,null,0.25021118,193,,,0,,False,6,train,2
1912,0.0,553.41405,553.66426,0.08,gabors,null,4.0,"[3644.93333333, 3644.93333333]",90.0,40.0,-30.0,"[20.0, 20.0]",null,null,null,0.8,null,0.25021118,168,,,0,,False,8,test,2
1913,0.0,553.66426,553.91447,0.08,gabors,null,4.0,"[3644.93333333, 3644.93333333]",45.0,40.0,10.0,"[20.0, 20.0]",null,null,null,0.8,null,0.25020632,229,,,0,,False,7,train,1
1914,0.0,553.91447,554.16467,0.08,gabors,null,4.0,"[3644.93333333, 3644.93333333]",90.0,-10.0,-30.0,"[20.0, 20.0]",null,null,null,0.8,null,0.25020632,166,,,0,,False,7,train,2
1915,0.0,554.16467,554.41488,0.08,gabors,null,4.0,"[3644.93333333, 3644.93333333]",90.0,40.0,-10.0,"[20.0, 20.0]",null,null,null,0.8,null,0.25020632,210,,,0,,False,6,train,2
1916,0.0,554.41488,554.66509,0.08,gabors,null,4.0,"[3644.93333333, 3644.93333333]",0.0,40.0,40.0,"[20.0, 20.0]",null,null,null,0.8,null,0.25020632,136,,,0,,False,7,train,0
1917,0.0,554.66509,554.9153,0.08,gabors,null,4.0,"[3644.93333333, 3644.93333333]",0.0,-30.0,-40.0,"[20.0, 20.0]",null,null,null,0.8,null,0.25021368,162,,,0,,False,5,test,0
1918,0.0,554.9153,555.16551,0.08,gabors,null,4.0,"[3644.93333333, 3644.93333333]",0.0,-40.0,20.0,"[20.0, 20.0]",null,null,null,0.8,null,0.25021368,151,,,0,,False,9,train,0
1919,0.0,555.16551,555.41573,0.08,gabors,null,4.0,"[3644.93333333, 3644.93333333]",0.0,-10.0,0.0,"[20.0, 20.0]",null,null,null,0.8,null,0.25021368,122,,,0,,False,9,train,0
1920,0.0,555.41573,555.66594,0.08,gabors,null,4.0,"[3644.93333333, 3644.93333333]",0.0,30.0,10.0,"[20.0, 20.0]",null,null,null,0.8,null,0.25021368,141,,,0,,False,4,train,0
1921,0.0,555.66594,555.91615,0.08,gabors,null,4.0,"[3644.93333333, 3644.93333333]",0.0,-30.0,10.0,"[20.0, 20.0]",null,null,null,0.8,null,0.25020632,153,,,0,,False,7,train,0
1922,0.0,555.91615,556.16635,0.08,gabors,null,4.0,"[3644.93333333, 3644.93333333]",90.0,-10.0,40.0,"[20.0, 20.0]",null,null,null,0.8,null,0.25020632,167,,,0,,False,5,test,2
1923,0.0,556.16635,556.41656,0.08,gabors,null,4.0,"[3644.93333333, 3644.93333333]",90.0,20.0,30.0,"[20.0, 20.0]",null,null,null,0.8,null,0.25020632,198,,,0,,False,9,train,2
1924,0.0,556.41656,556.66677,0.08,gabors,null,4.0,"[3644.93333333, 3644.93333333]",0.0,30.0,30.0,"[20.0, 20.0]",null,null,null,0.8,null,0.25020632,104,,,0,,False,8,test,0
1925,0.0,556.66677,556.91698,0.08,gabors,null,4.0,"[3644.93333333, 3644.93333333]",0.0,30.0,-10.0,"[20.0, 20.0]",null,null,null,0.8,null,0.25021118,181,,,0,,False,8,test,0
1926,0.0,556.91698,557.16719,0.08,gabors,null,4.0,"[3644.93333333, 3644.93333333]",0.0,20.0,40.0,"[20.0, 20.0]",null,null,null,0.8,null,0.25021118,241,,,0,,False,6,train,0
1927,0.0,557.16719,557.4174,0.08,gabors,null,4.0,"[3644.93333333, 3644.93333333]",0.0,-10.0,20.0,"[20.0, 20.0]",null,null,null,0.8,null,0.25021118,228,,,0,,False,3,train,0
1928,0.0,557.4174,557.66761,0.08,gabors,null,4.0,"[3644.93333333, 3644.93333333]",90.0,-30.0,-20.0,"[20.0, 20.0]",null,null,null,0.8,null,0.25021118,16,,,0,,False,6,train,2
1929,0.0,557.66761,557.91782,0.08,gabors,null,4.0,"[3644.93333333, 3644.93333333]",0.0,10.0,0.0,"[20.0, 20.0]",null,null,null,0.8,null,0.25020382,197,,,0,,False,7,train,0
1930,0.0,557.91782,558.16802,0.08,gabors,null,4.0,"[3644.93333333, 3644.93333333]",90.0,0.0,0.0,"[20.0, 20.0]",null,null,null,0.8,null,0.25020382,80,,,0,,False,7,train,2
1931,0.0,558.16802,558.41822,0.08,gabors,null,4.0,"[3644.93333333, 3644.93333333]",90.0,0.0,-40.0,"[20.0, 20.0]",null,null,null,0.8,null,0.25020382,32,,,0,,False,8,test,2
1932,0.0,558.41822,558.66843,0.08,gabors,null,4.0,"[3644.93333333, 3644.93333333]",0.0,-10.0,20.0,"[20.0, 20.0]",null,null,null,0.8,null,0.25020382,228,,,0,,False,4,train,0
1933,0.0,558.66843,558.91864,0.08,gabors,null,4.0,"[3644.93333333, 3644.93333333]",45.0,0.0,20.0,"[20.0, 20.0]",null,null,null,0.8,null,0.25020868,129,,,0,,False,8,test,1
1934,0.0,558.91864,559.16884,0.08,gabors,null,4.0,"[3644.93333333, 3644.93333333]",0.0,40.0,30.0,"[20.0, 20.0]",null,null,null,0.8,null,0.25020868,100,,,0,,False,9,train,0
1935,0.0,559.16884,559.41905,0.08,gabors,null,4.0,"[3644.93333333, 3644.93333333]",90.0,20.0,20.0,"[20.0, 20.0]",null,null,null,0.8,null,0.25020868,22,,,0,,False,8,test,2
1936,0.0,559.41905,559.66926,0.08,gabors,null,4.0,"[3644.93333333, 3644.93333333]",90.0,-20.0,-40.0,"[20.0, 20.0]",null,null,null,0.8,null,0.25020868,36,,,0,,False,8,test,2
1937,0.0,559.66926,559.91947,0.08,gabors,null,4.0,"[3644.93333333, 3644.93333333]",0.0,-10.0,40.0,"[20.0, 20.0]",null,null,null,0.8,null,0.25021132,60,,,0,,False,9,train,0
1938,0.0,559.91947,560.16968,0.08,gabors,null,4.0,"[3644.93333333, 3644.93333333]",45.0,30.0,20.0,"[20.0, 20.0]",null,null,null,0.8,null,0.25021132,37,,,0,,False,10,train,1
1939,0.0,560.16968,560.4199,0.08,gabors,null,4.0,"[3644.93333333, 3644.93333333]",45.0,40.0,-20.0,"[20.0, 20.0]",null,null,null,0.8,null,0.25021132,18,,,0,,False,8,test,1
1940,0.0,560.4199,560.67011,0.08,gabors,null,4.0,"[3644.93333333, 3644.93333333]",0.0,10.0,-20.0,"[20.0, 20.0]",null,null,null,0.8,null,0.25021132,217,,,0,,False,8,test,0
1941,0.0,560.67011,560.92031,0.08,gabors,null,4.0,"[3644.93333333, 3644.93333333]",90.0,10.0,30.0,"[20.0, 20.0]",null,null,null,0.8,null,0.25020618,3,,,0,,False,10,train,2
1942,0.0,560.92031,561.17052,0.08,gabors,null,4.0,"[3644.93333333, 3644.93333333]",0.0,-10.0,20.0,"[20.0, 20.0]",null,null,null,0.8,null,0.25020618,228,,,0,,False,5,test,0
1943,0.0,561.17052,561.42073,0.08,gabors,null,4.0,"[3644.93333333, 3644.93333333]",0.0,20.0,40.0,"[20.0, 20.0]",null,null,null,0.8,null,0.25020618,241,,,0,,False,7,train,0
1944,0.0,561.42073,561.67093,0.08,gabors,null,4.0,"[3644.93333333, 3644.93333333]",90.0,-20.0,20.0,"[20.0, 20.0]",null,null,null,0.8,null,0.25020618,161,,,0,,False,9,train,2
1945,0.0,561.67093,561.92114,0.08,gabors,null,4.0,"[3644.93333333, 3644.93333333]",45.0,-40.0,0.0,"[20.0, 20.0]",null,null,null,0.8,null,0.25020882,178,,,0,,False,9,train,1
1946,0.0,561.92114,562.17135,0.08,gabors,null,4.0,"[3644.93333333, 3644.93333333]",0.0,10.0,40.0,"[20.0, 20.0]",null,null,null,0.8,null,0.25020882,194,,,0,,False,7,train,0
1947,0.0,562.17135,562.42156,0.08,gabors,null,4.0,"[3644.93333333, 3644.93333333]",45.0,-10.0,-20.0,"[20.0, 20.0]",null,null,null,0.8,null,0.25020882,48,,,0,,False,8,test,1
1948,0.0,562.42156,562.67177,0.08,gabors,null,4.0,"[3644.93333333, 3644.93333333]",45.0,-30.0,10.0,"[20.0, 20.0]",null,null,null,0.8,null,0.25020882,142,,,0,,False,5,test,1
1949,0.0,562.67177,562.92198,0.08,gabors,null,4.0,"[3644.93333333, 3644.93333333]",0.0,40.0,40.0,"[20.0, 20.0]",null,null,null,0.8,null,0.25020868,136,,,0,,False,8,test,0
1950,0.0,562.92198,563.17218,0.08,gabors,null,4.0,"[3644.93333333, 3644.93333333]",45.0,-30.0,0.0,"[20.0, 20.0]",null,null,null,0.8,null,0.25020868,82,,,0,,False,8,test,1
1951,0.0,563.17218,563.42239,0.08,gabors,null,4.0,"[3644.93333333, 3644.93333333]",0.0,10.0,-40.0,"[20.0, 20.0]",null,null,null,0.8,null,0.25020868,186,,,0,,False,7,train,0
1952,0.0,563.42239,563.6726,0.08,gabors,null,4.0,"[3644.93333333, 3644.93333333]",0.0,0.0,0.0,"[20.0, 20.0]",null,null,null,0.8,null,0.25020868,234,,,0,,False,6,train,0
1953,0.0,563.6726,563.92282,0.08,gabors,null,4.0,"[3644.93333333, 3644.93333333]",90.0,0.0,-30.0,"[20.0, 20.0]",null,null,null,0.8,null,0.25021382,5,,,0,,False,5,test,2
1954,0.0,563.92282,564.17303,0.08,gabors,null,4.0,"[3644.93333333, 3644.93333333]",45.0,40.0,20.0,"[20.0, 20.0]",null,null,null,0.8,null,0.25021382,84,,,0,,False,9,train,1
1955,0.0,564.17303,564.42324,0.08,gabors,null,4.0,"[3644.93333333, 3644.93333333]",45.0,10.0,0.0,"[20.0, 20.0]",null,null,null,0.8,null,0.25021382,243,,,0,,False,2,test,1
1956,0.0,564.42324,564.67346,0.08,gabors,null,4.0,"[3644.93333333, 3644.93333333]",90.0,0.0,-10.0,"[20.0, 20.0]",null,null,null,0.8,null,0.25021382,196,,,0,,False,7,train,2
1957,0.0,564.67346,564.92367,0.08,gabors,null,4.0,"[3644.93333333, 3644.93333333]",45.0,10.0,-20.0,"[20.0, 20.0]",null,null,null,0.8,null,0.25021368,64,,,0,,False,8,test,1
1958,0.0,564.92367,565.17388,0.08,gabors,null,4.0,"[3644.93333333, 3644.93333333]",45.0,0.0,-20.0,"[20.0, 20.0]",null,null,null,0.8,null,0.25021368,27,,,0,,False,7,train,1
1959,0.0,565.17388,565.4241,0.08,gabors,null,4.0,"[3644.93333333, 3644.93333333]",0.0,0.0,-40.0,"[20.0, 20.0]",null,null,null,0.8,null,0.25021368,200,,,0,,False,8,test,0
1960,0.0,565.4241,565.67431,0.08,gabors,null,4.0,"[3644.93333333, 3644.93333333]",45.0,-10.0,40.0,"[20.0, 20.0]",null,null,null,0.8,null,0.25021368,175,,,0,,False,6,train,1
1961,0.0,565.67431,565.92452,0.08,gabors,null,4.0,"[3644.93333333, 3644.93333333]",90.0,30.0,-10.0,"[20.0, 20.0]",null,null,null,0.8,null,0.25020382,83,,,0,,False,8,test,2
1962,0.0,565.92452,566.17472,0.08,gabors,null,4.0,"[3644.93333333, 3644.93333333]",45.0,-30.0,10.0,"[20.0, 20.0]",null,null,null,0.8,null,0.25020382,142,,,0,,False,6,train,1
1963,0.0,566.17472,566.42492,0.08,gabors,null,4.0,"[3644.93333333, 3644.93333333]",90.0,30.0,30.0,"[20.0, 20.0]",null,null,null,0.8,null,0.25020382,207,,,0,,False,8,test,2
1964,0.0,566.42492,566.67513,0.08,gabors,null,4.0,"[3644.93333333, 3644.93333333]",90.0,-30.0,-20.0,"[20.0, 20.0]",null,null,null,0.8,null,0.25020382,16,,,0,,False,7,train,2
1965,0.0,566.67513,566.92533,0.08,gabors,null,4.0,"[3644.93333333, 3644.93333333]",45.0,-40.0,-10.0,"[20.0, 20.0]",null,null,null,0.8,null,0.25020618,199,,,0,,False,8,test,1
1966,0.0,566.92533,567.17554,0.08,gabors,null,4.0,"[3644.93333333, 3644.93333333]",45.0,10.0,40.0,"[20.0, 20.0]",null,null,null,0.8,null,0.25020618,61,,,0,,False,7,train,1
1967,0.0,567.17554,567.42575,0.08,gabors,null,4.0,"[3644.93333333, 3644.93333333]",45.0,-40.0,30.0,"[20.0, 20.0]",null,null,null,0.8,null,0.25020618,154,,,0,,False,10,train,1
1968,0.0,567.42575,567.67595,0.08,gabors,null,4.0,"[3644.93333333, 3644.93333333]",90.0,-30.0,20.0,"[20.0, 20.0]",null,null,null,0.8,null,0.25020618,139,,,0,,False,8,test,2
1969,0.0,567.67595,567.92616,0.08,gabors,null,4.0,"[3644.93333333, 3644.93333333]",90.0,-10.0,10.0,"[20.0, 20.0]",null,null,null,0.8,null,0.25020882,192,,,0,,False,7,train,2
1970,0.0,567.92616,568.17637,0.08,gabors,null,4.0,"[3644.93333333, 3644.93333333]",90.0,-10.0,20.0,"[20.0, 20.0]",null,null,null,0.8,null,0.25020882,188,,,0,,False,7,train,2
1971,0.0,568.17637,568.42658,0.08,gabors,null,4.0,"[3644.93333333, 3644.93333333]",0.0,10.0,10.0,"[20.0, 20.0]",null,null,null,0.8,null,0.25020882,42,,,0,,False,8,test,0
1972,0.0,568.42658,568.67679,0.08,gabors,null,4.0,"[3644.93333333, 3644.93333333]",0.0,-40.0,-30.0,"[20.0, 20.0]",null,null,null,0.8,null,0.25020882,209,,,0,,False,6,train,0
1973,0.0,568.67679,568.927,0.08,gabors,null,4.0,"[3644.93333333, 3644.93333333]",45.0,-10.0,30.0,"[20.0, 20.0]",null,null,null,0.8,null,0.25021118,231,,,0,,False,7,train,1
1974,0.0,568.927,569.17721,0.08,gabors,null,4.0,"[3644.93333333, 3644.93333333]",0.0,-30.0,40.0,"[20.0, 20.0]",null,null,null,0.8,null,0.25021118,39,,,0,,False,8,test,0
1975,0.0,569.17721,569.42742,0.08,gabors,null,4.0,"[3644.93333333, 3644.93333333]",90.0,0.0,-20.0,"[20.0, 20.0]",null,null,null,0.8,null,0.25021118,59,,,0,,False,8,test,2
1976,0.0,569.42742,569.67763,0.08,gabors,null,4.0,"[3644.93333333, 3644.93333333]",45.0,0.0,20.0,"[20.0, 20.0]",null,null,null,0.8,null,0.25021118,129,,,0,,False,9,train,1
1977,0.0,569.67763,569.92784,0.08,gabors,null,4.0,"[3644.93333333, 3644.93333333]",90.0,-40.0,-10.0,"[20.0, 20.0]",null,null,null,0.8,null,0.25021132,225,,,0,,False,8,test,2
1978,0.0,569.92784,570.17805,0.08,gabors,null,4.0,"[3644.93333333, 3644.93333333]",0.0,20.0,30.0,"[20.0, 20.0]",null,null,null,0.8,null,0.25021132,182,,,0,,False,11,test,0
1979,0.0,570.17805,570.42827,0.08,gabors,null,4.0,"[3644.93333333, 3644.93333333]",0.0,0.0,40.0,"[20.0, 20.0]",null,null,null,0.8,null,0.25021132,125,,,0,,False,6,train,0
1980,0.0,570.42827,570.67848,0.08,gabors,null,4.0,"[3644.93333333, 3644.93333333]",45.0,20.0,-20.0,"[20.0, 20.0]",null,null,null,0.8,null,0.25021132,208,,,0,,False,8,test,1
1981,0.0,570.67848,570.92869,0.08,gabors,null,4.0,"[3644.93333333, 3644.93333333]",45.0,-30.0,40.0,"[20.0, 20.0]",null,null,null,0.8,null,0.25020868,58,,,0,,False,7,train,1
1982,0.0,570.92869,571.17889,0.08,gabors,null,4.0,"[3644.93333333, 3644.93333333]",0.0,20.0,-40.0,"[20.0, 20.0]",null,null,null,0.8,null,0.25020868,164,,,0,,False,9,train,0
1983,0.0,571.17889,571.4291,0.08,gabors,null,4.0,"[3644.93333333, 3644.93333333]",90.0,-30.0,0.0,"[20.0, 20.0]",null,null,null,0.8,null,0.25020868,105,,,0,,False,7,train,2
1984,0.0,571.4291,571.67931,0.08,gabors,null,4.0,"[3644.93333333, 3644.93333333]",0.0,0.0,-20.0,"[20.0, 20.0]",null,null,null,0.8,null,0.25020868,213,,,0,,False,8,test,0
1985,0.0,571.67931,571.92952,0.08,gabors,null,4.0,"[3644.93333333, 3644.93333333]",0.0,-40.0,-20.0,"[20.0, 20.0]",null,null,null,0.8,null,0.25021132,4,,,0,,False,8,test,0
1986,0.0,571.92952,572.17973,0.08,gabors,null,4.0,"[3644.93333333, 3644.93333333]",0.0,0.0,-10.0,"[20.0, 20.0]",null,null,null,0.8,null,0.25021132,137,,,0,,False,8,test,0
1987,0.0,572.17973,572.42995,0.08,gabors,null,4.0,"[3644.93333333, 3644.93333333]",45.0,-30.0,40.0,"[20.0, 20.0]",null,null,null,0.8,null,0.25021132,58,,,0,,False,8,test,1
1988,0.0,572.42995,572.68016,0.08,gabors,null,4.0,"[3644.93333333, 3644.93333333]",0.0,40.0,40.0,"[20.0, 20.0]",null,null,null,0.8,null,0.25021132,136,,,0,,False,9,train,0
1989,0.0,572.68016,572.93036,0.08,gabors,null,4.0,"[3644.93333333, 3644.93333333]",90.0,-40.0,20.0,"[20.0, 20.0]",null,null,null,0.8,null,0.25020618,108,,,0,,False,7,train,2
1990,0.0,572.93036,573.18057,0.08,gabors,null,4.0,"[3644.93333333, 3644.93333333]",45.0,10.0,40.0,"[20.0, 20.0]",null,null,null,0.8,null,0.25020618,61,,,0,,False,8,test,1
1991,0.0,573.18057,573.43078,0.08,gabors,null,4.0,"[3644.93333333, 3644.93333333]",90.0,-10.0,40.0,"[20.0, 20.0]",null,null,null,0.8,null,0.25020618,167,,,0,,False,6,train,2
1992,0.0,573.43078,573.68098,0.08,gabors,null,4.0,"[3644.93333333, 3644.93333333]",0.0,-40.0,40.0,"[20.0, 20.0]",null,null,null,0.8,null,0.25020618,97,,,0,,False,7,train,0
1993,0.0,573.68098,573.93119,0.08,gabors,null,4.0,"[3644.93333333, 3644.93333333]",45.0,0.0,20.0,"[20.0, 20.0]",null,null,null,0.8,null,0.25021132,129,,,0,,False,10,train,1
1994,0.0,573.93119,574.1814,0.08,gabors,null,4.0,"[3644.93333333, 3644.93333333]",45.0,-40.0,10.0,"[20.0, 20.0]",null,null,null,0.8,null,0.25021132,45,,,0,,False,8,test,1
1995,0.0,574.1814,574.43162,0.08,gabors,null,4.0,"[3644.93333333, 3644.93333333]",90.0,40.0,40.0,"[20.0, 20.0]",null,null,null,0.8,null,0.25021132,235,,,0,,False,10,train,2
1996,0.0,574.43162,574.68183,0.08,gabors,null,4.0,"[3644.93333333, 3644.93333333]",45.0,-20.0,-20.0,"[20.0, 20.0]",null,null,null,0.8,null,0.25021132,177,,,0,,False,9,train,1
1997,0.0,574.68183,574.93203,0.08,gabors,null,4.0,"[3644.93333333, 3644.93333333]",45.0,10.0,-30.0,"[20.0, 20.0]",null,null,null,0.8,null,0.25020618,140,,,0,,False,6,train,1
1998,0.0,574.93203,575.18224,0.08,gabors,null,4.0,"[3644.93333333, 3644.93333333]",0.0,30.0,-10.0,"[20.0, 20.0]",null,null,null,0.8,null,0.25020618,181,,,0,,False,9,train,0
1999,0.0,575.18224,575.43245,0.08,gabors,null,4.0,"[3644.93333333, 3644.93333333]",0.0,0.0,0.0,"[20.0, 20.0]",null,null,null,0.8,null,0.25020618,234,,,0,,False,7,train,0
2000,0.0,575.43245,575.68265,0.08,gabors,null,4.0,"[3644.93333333, 3644.93333333]",0.0,10.0,40.0,"[20.0, 20.0]",null,null,null,0.8,null,0.25020618,194,,,0,,False,8,test,0
2001,0.0,575.68265,575.93286,0.08,gabors,null,4.0,"[3644.93333333, 3644.93333333]",90.0,0.0,40.0,"[20.0, 20.0]",null,null,null,0.8,null,0.25021132,211,,,0,,False,5,test,2
2002,0.0,575.93286,576.18307,0.08,gabors,null,4.0,"[3644.93333333, 3644.93333333]",45.0,-10.0,-40.0,"[20.0, 20.0]",null,null,null,0.8,null,0.25021132,85,,,0,,False,6,train,1
2003,0.0,576.18307,576.43329,0.08,gabors,null,4.0,"[3644.93333333, 3644.93333333]",45.0,-30.0,-40.0,"[20.0, 20.0]",null,null,null,0.8,null,0.25021132,34,,,0,,False,9,train,1
2004,0.0,576.43329,576.6835,0.08,gabors,null,4.0,"[3644.93333333, 3644.93333333]",45.0,0.0,-10.0,"[20.0, 20.0]",null,null,null,0.8,null,0.25021132,222,,,0,,False,7,train,1
2005,0.0,576.6835,576.93371,0.08,gabors,null,4.0,"[3644.93333333, 3644.93333333]",45.0,20.0,10.0,"[20.0, 20.0]",null,null,null,0.8,null,0.25021118,31,,,0,,False,10,train,1
2006,0.0,576.93371,577.18392,0.08,gabors,null,4.0,"[3644.93333333, 3644.93333333]",0.0,0.0,10.0,"[20.0, 20.0]",null,null,null,0.8,null,0.25021118,29,,,0,,False,9,train,0
2007,0.0,577.18392,577.43413,0.08,gabors,null,4.0,"[3644.93333333, 3644.93333333]",0.0,30.0,20.0,"[20.0, 20.0]",null,null,null,0.8,null,0.25021118,88,,,0,,False,8,test,0
2008,0.0,577.43413,577.68434,0.08,gabors,null,4.0,"[3644.93333333, 3644.93333333]",90.0,-10.0,-20.0,"[20.0, 20.0]",null,null,null,0.8,null,0.25021118,133,,,0,,False,8,test,2
2009,0.0,577.68434,577.93455,0.08,gabors,null,4.0,"[3644.93333333, 3644.93333333]",90.0,-30.0,0.0,"[20.0, 20.0]",null,null,null,0.8,null,0.25020632,105,,,0,,False,8,test,2
2010,0.0,577.93455,578.18475,0.08,gabors,null,4.0,"[3644.93333333, 3644.93333333]",0.0,10.0,20.0,"[20.0, 20.0]",null,null,null,0.8,null,0.25020632,15,,,0,,False,7,train,0
2011,0.0,578.18475,578.43496,0.08,gabors,null,4.0,"[3644.93333333, 3644.93333333]",90.0,10.0,0.0,"[20.0, 20.0]",null,null,null,0.8,null,0.25020632,81,,,0,,False,10,train,2
2012,0.0,578.43496,578.68517,0.08,gabors,null,4.0,"[3644.93333333, 3644.93333333]",90.0,30.0,-20.0,"[20.0, 20.0]",null,null,null,0.8,null,0.25020632,55,,,0,,False,5,test,2
2013,0.0,578.68517,578.93537,0.08,gabors,null,4.0,"[3644.93333333, 3644.93333333]",0.0,-10.0,0.0,"[20.0, 20.0]",null,null,null,0.8,null,0.25020368,122,,,0,,False,10,train,0
2014,0.0,578.93537,579.18557,0.08,gabors,null,4.0,"[3644.93333333, 3644.93333333]",0.0,-40.0,-20.0,"[20.0, 20.0]",null,null,null,0.8,null,0.25020368,4,,,0,,False,9,train,0
2015,0.0,579.18557,579.43578,0.08,gabors,null,4.0,"[3644.93333333, 3644.93333333]",45.0,0.0,-40.0,"[20.0, 20.0]",null,null,null,0.8,null,0.25020368,72,,,0,,False,10,train,1
2016,0.0,579.43578,579.68598,0.08,gabors,null,4.0,"[3644.93333333, 3644.93333333]",45.0,20.0,-40.0,"[20.0, 20.0]",null,null,null,0.8,null,0.25020368,131,,,0,,False,9,train,1
2017,0.0,579.68598,579.9362,0.08,gabors,null,4.0,"[3644.93333333, 3644.93333333]",45.0,-40.0,-20.0,"[20.0, 20.0]",null,null,null,0.8,null,0.25021382,62,,,0,,False,7,train,1
2018,0.0,579.9362,580.18641,0.08,gabors,null,4.0,"[3644.93333333, 3644.93333333]",0.0,30.0,-10.0,"[20.0, 20.0]",null,null,null,0.8,null,0.25021382,181,,,0,,False,10,train,0
2019,0.0,580.18641,580.43662,0.08,gabors,null,4.0,"[3644.93333333, 3644.93333333]",45.0,30.0,40.0,"[20.0, 20.0]",null,null,null,0.8,null,0.25021382,52,,,0,,False,5,test,1
2020,0.0,580.43662,580.68684,0.08,gabors,null,4.0,"[3644.93333333, 3644.93333333]",45.0,0.0,40.0,"[20.0, 20.0]",null,null,null,0.8,null,0.25021382,112,,,0,,False,8,test,1
2021,0.0,580.68684,580.93706,0.08,gabors,null,4.0,"[3644.93333333, 3644.93333333]",0.0,0.0,-20.0,"[20.0, 20.0]",null,null,null,0.8,null,0.25021868,213,,,0,,False,9,train,0
2022,0.0,580.93706,581.18727,0.08,gabors,null,4.0,"[3644.93333333, 3644.93333333]",0.0,40.0,40.0,"[20.0, 20.0]",null,null,null,0.8,null,0.25021868,136,,,0,,False,10,train,0
2023,0.0,581.18727,581.43749,0.08,gabors,null,4.0,"[3644.93333333, 3644.93333333]",90.0,40.0,40.0,"[20.0, 20.0]",null,null,null,0.8,null,0.25021868,235,,,0,,False,11,test,2
2024,0.0,581.43749,581.68771,0.08,gabors,null,4.0,"[3644.93333333, 3644.93333333]",90.0,10.0,-40.0,"[20.0, 20.0]",null,null,null,0.8,null,0.25021868,9,,,0,,False,6,train,2
2025,0.0,581.68771,581.93791,0.08,gabors,null,4.0,"[3644.93333333, 3644.93333333]",45.0,-10.0,-10.0,"[20.0, 20.0]",null,null,null,0.8,null,0.25019882,242,,,0,,False,6,train,1
2026,0.0,581.93791,582.18811,0.08,gabors,null,4.0,"[3644.93333333, 3644.93333333]",90.0,30.0,30.0,"[20.0, 20.0]",null,null,null,0.8,null,0.25019882,207,,,0,,False,9,train,2
2027,0.0,582.18811,582.43831,0.08,gabors,null,4.0,"[3644.93333333, 3644.93333333]",45.0,0.0,-10.0,"[20.0, 20.0]",null,null,null,0.8,null,0.25019882,222,,,0,,False,8,test,1
2028,0.0,582.43831,582.68851,0.08,gabors,null,4.0,"[3644.93333333, 3644.93333333]",45.0,10.0,-30.0,"[20.0, 20.0]",null,null,null,0.8,null,0.25019882,140,,,0,,False,7,train,1
2029,0.0,582.68851,582.93872,0.08,gabors,null,4.0,"[3644.93333333, 3644.93333333]",0.0,0.0,20.0,"[20.0, 20.0]",null,null,null,0.8,null,0.25021368,214,,,0,,False,7,train,0
2030,0.0,582.93872,583.18893,0.08,gabors,null,4.0,"[3644.93333333, 3644.93333333]",0.0,10.0,40.0,"[20.0, 20.0]",null,null,null,0.8,null,0.25021368,194,,,0,,False,9,train,0
2031,0.0,583.18893,583.43915,0.08,gabors,null,4.0,"[3644.93333333, 3644.93333333]",0.0,30.0,30.0,"[20.0, 20.0]",null,null,null,0.8,null,0.25021368,104,,,0,,False,9,train,0
2032,0.0,583.43915,583.68936,0.08,gabors,null,4.0,"[3644.93333333, 3644.93333333]",45.0,30.0,40.0,"[20.0, 20.0]",null,null,null,0.8,null,0.25021368,52,,,0,,False,6,train,1
2033,0.0,583.68936,583.93957,0.08,gabors,null,4.0,"[3644.93333333, 3644.93333333]",45.0,20.0,40.0,"[20.0, 20.0]",null,null,null,0.8,null,0.25020382,127,,,0,,False,12,train,1
2034,0.0,583.93957,584.18977,0.08,gabors,null,4.0,"[3644.93333333, 3644.93333333]",45.0,40.0,10.0,"[20.0, 20.0]",null,null,null,0.8,null,0.25020382,229,,,0,,False,8,test,1
2035,0.0,584.18977,584.43997,0.08,gabors,null,4.0,"[3644.93333333, 3644.93333333]",0.0,-20.0,40.0,"[20.0, 20.0]",null,null,null,0.8,null,0.25020382,107,,,0,,False,6,train,0
2036,0.0,584.43997,584.69018,0.08,gabors,null,4.0,"[3644.93333333, 3644.93333333]",90.0,-40.0,-40.0,"[20.0, 20.0]",null,null,null,0.8,null,0.25020382,1,,,0,,False,7,train,2
2037,0.0,584.69018,584.94039,0.08,gabors,null,4.0,"[3644.93333333, 3644.93333333]",45.0,20.0,30.0,"[20.0, 20.0]",null,null,null,0.8,null,0.25021118,63,,,0,,False,7,train,1
2038,0.0,584.94039,585.1906,0.08,gabors,null,4.0,"[3644.93333333, 3644.93333333]",0.0,-20.0,20.0,"[20.0, 20.0]",null,null,null,0.8,null,0.25021118,145,,,0,,False,9,train,0
2039,0.0,585.1906,585.44081,0.08,gabors,null,4.0,"[3644.93333333, 3644.93333333]",0.0,40.0,-10.0,"[20.0, 20.0]",null,null,null,0.8,null,0.25021118,114,,,0,,False,6,train,0
2040,0.0,585.44081,585.69102,0.08,gabors,null,4.0,"[3644.93333333, 3644.93333333]",90.0,-20.0,-40.0,"[20.0, 20.0]",null,null,null,0.8,null,0.25021118,36,,,0,,False,9,train,2
2041,0.0,585.69102,585.94123,0.08,gabors,null,4.0,"[3644.93333333, 3644.93333333]",45.0,-20.0,-30.0,"[20.0, 20.0]",null,null,null,0.8,null,0.25020882,96,,,0,,False,10,train,1
2042,0.0,585.94123,586.19144,0.08,gabors,null,4.0,"[3644.93333333, 3644.93333333]",90.0,-20.0,-20.0,"[20.0, 20.0]",null,null,null,0.8,null,0.25020882,35,,,0,,False,9,train,2
2043,0.0,586.19144,586.44165,0.08,gabors,null,4.0,"[3644.93333333, 3644.93333333]",45.0,-30.0,-40.0,"[20.0, 20.0]",null,null,null,0.8,null,0.25020882,34,,,0,,False,10,train,1
2044,0.0,586.44165,586.69186,0.08,gabors,null,4.0,"[3644.93333333, 3644.93333333]",90.0,30.0,20.0,"[20.0, 20.0]",null,null,null,0.8,null,0.25020882,77,,,0,,False,11,test,2
2045,0.0,586.69186,586.94208,0.08,gabors,null,4.0,"[3644.93333333, 3644.93333333]",90.0,20.0,20.0,"[20.0, 20.0]",null,null,null,0.8,null,0.25022118,22,,,0,,False,9,train,2
2046,0.0,586.94208,587.1923,0.08,gabors,null,4.0,"[3644.93333333, 3644.93333333]",0.0,-20.0,0.0,"[20.0, 20.0]",null,null,null,0.8,null,0.25022118,44,,,0,,False,5,test,0
2047,0.0,587.1923,587.44252,0.08,gabors,null,4.0,"[3644.93333333, 3644.93333333]",90.0,-10.0,20.0,"[20.0, 20.0]",null,null,null,0.8,null,0.25022118,188,,,0,,False,8,test,2
2048,0.0,587.44252,587.69274,0.08,gabors,null,4.0,"[3644.93333333, 3644.93333333]",90.0,30.0,10.0,"[20.0, 20.0]",null,null,null,0.8,null,0.25022118,237,,,0,,False,4,train,2
2049,0.0,587.69274,587.94294,0.08,gabors,null,4.0,"[3644.93333333, 3644.93333333]",45.0,30.0,0.0,"[20.0, 20.0]",null,null,null,0.8,null,0.25019632,56,,,0,,False,9,train,1
2050,0.0,587.94294,588.19313,0.08,gabors,null,4.0,"[3644.93333333, 3644.93333333]",45.0,-10.0,-20.0,"[20.0, 20.0]",null,null,null,0.8,null,0.25019632,48,,,0,,False,9,train,1
2051,0.0,588.19313,588.44333,0.08,gabors,null,4.0,"[3644.93333333, 3644.93333333]",90.0,-10.0,10.0,"[20.0, 20.0]",null,null,null,0.8,null,0.25019632,192,,,0,,False,8,test,2
2052,0.0,588.44333,588.69353,0.08,gabors,null,4.0,"[3644.93333333, 3644.93333333]",45.0,-30.0,30.0,"[20.0, 20.0]",null,null,null,0.8,null,0.25019632,227,,,0,,False,6,train,1
2053,0.0,588.69353,588.94374,0.08,gabors,null,4.0,"[3644.93333333, 3644.93333333]",45.0,10.0,-40.0,"[20.0, 20.0]",null,null,null,0.8,null,0.25021368,23,,,0,,False,9,train,1
2054,0.0,588.94374,589.19395,0.08,gabors,null,4.0,"[3644.93333333, 3644.93333333]",45.0,40.0,-40.0,"[20.0, 20.0]",null,null,null,0.8,null,0.25021368,91,,,0,,False,10,train,1
2055,0.0,589.19395,589.44417,0.08,gabors,null,4.0,"[3644.93333333, 3644.93333333]",90.0,0.0,10.0,"[20.0, 20.0]",null,null,null,0.8,null,0.25021368,41,,,0,,False,11,test,2
2056,0.0,589.44417,589.69438,0.08,gabors,null,4.0,"[3644.93333333, 3644.93333333]",0.0,-40.0,0.0,"[20.0, 20.0]",null,null,null,0.8,null,0.25021368,238,,,0,,False,8,test,0
2057,0.0,589.69438,589.94459,0.08,gabors,null,4.0,"[3644.93333333, 3644.93333333]",90.0,-10.0,-20.0,"[20.0, 20.0]",null,null,null,0.8,null,0.25020382,133,,,0,,False,9,train,2
2058,0.0,589.94459,590.19479,0.08,gabors,null,4.0,"[3644.93333333, 3644.93333333]",0.0,-40.0,0.0,"[20.0, 20.0]",null,null,null,0.8,null,0.25020382,238,,,0,,False,9,train,0
2059,0.0,590.19479,590.44499,0.08,gabors,null,4.0,"[3644.93333333, 3644.93333333]",90.0,20.0,20.0,"[20.0, 20.0]",null,null,null,0.8,null,0.25020382,22,,,0,,False,10,train,2
2060,0.0,590.44499,590.6952,0.08,gabors,null,4.0,"[3644.93333333, 3644.93333333]",45.0,20.0,-20.0,"[20.0, 20.0]",null,null,null,0.8,null,0.25020382,208,,,0,,False,9,train,1
2061,0.0,590.6952,590.94541,0.08,gabors,null,4.0,"[3644.93333333, 3644.93333333]",90.0,-10.0,10.0,"[20.0, 20.0]",null,null,null,0.8,null,0.25021618,192,,,0,,False,9,train,2
2062,0.0,590.94541,591.19563,0.08,gabors,null,4.0,"[3644.93333333, 3644.93333333]",90.0,-30.0,20.0,"[20.0, 20.0]",null,null,null,0.8,null,0.25021618,139,,,0,,False,9,train,2
2063,0.0,591.19563,591.44585,0.08,gabors,null,4.0,"[3644.93333333, 3644.93333333]",45.0,-30.0,0.0,"[20.0, 20.0]",null,null,null,0.8,null,0.25021618,82,,,0,,False,9,train,1
2064,0.0,591.44585,591.69606,0.08,gabors,null,4.0,"[3644.93333333, 3644.93333333]",0.0,10.0,10.0,"[20.0, 20.0]",null,null,null,0.8,null,0.25021618,42,,,0,,False,9,train,0
2065,0.0,591.69606,591.94627,0.08,gabors,null,4.0,"[3644.93333333, 3644.93333333]",45.0,10.0,20.0,"[20.0, 20.0]",null,null,null,0.8,null,0.25020382,13,,,0,,False,6,train,1
2066,0.0,591.94627,592.19647,0.08,gabors,null,4.0,"[3644.93333333, 3644.93333333]",0.0,-30.0,10.0,"[20.0, 20.0]",null,null,null,0.8,null,0.25020382,153,,,0,,False,8,test,0
2067,0.0,592.19647,592.44667,0.08,gabors,null,4.0,"[3644.93333333, 3644.93333333]",90.0,20.0,20.0,"[20.0, 20.0]",null,null,null,0.8,null,0.25020382,22,,,0,,False,11,test,2
2068,0.0,592.44667,592.69688,0.08,gabors,null,4.0,"[3644.93333333, 3644.93333333]",0.0,40.0,0.0,"[20.0, 20.0]",null,null,null,0.8,null,0.25020382,24,,,0,,False,10,train,0
2069,0.0,592.69688,592.94709,0.08,gabors,null,4.0,"[3644.93333333, 3644.93333333]",45.0,30.0,0.0,"[20.0, 20.0]",null,null,null,0.8,null,0.25020868,56,,,0,,False,10,train,1
2070,0.0,592.94709,593.19729,0.08,gabors,null,4.0,"[3644.93333333, 3644.93333333]",45.0,-40.0,0.0,"[20.0, 20.0]",null,null,null,0.8,null,0.25020868,178,,,0,,False,10,train,1
2071,0.0,593.19729,593.4475,0.08,gabors,null,4.0,"[3644.93333333, 3644.93333333]",90.0,-40.0,40.0,"[20.0, 20.0]",null,null,null,0.8,null,0.25020868,98,,,0,,False,7,train,2
2072,0.0,593.4475,593.69771,0.08,gabors,null,4.0,"[3644.93333333, 3644.93333333]",0.0,-10.0,20.0,"[20.0, 20.0]",null,null,null,0.8,null,0.25020868,228,,,0,,False,6,train,0
2073,0.0,593.69771,593.94792,0.08,gabors,null,4.0,"[3644.93333333, 3644.93333333]",0.0,-30.0,-20.0,"[20.0, 20.0]",null,null,null,0.8,null,0.25021132,143,,,0,,False,11,test,0
2074,0.0,593.94792,594.19813,0.08,gabors,null,4.0,"[3644.93333333, 3644.93333333]",45.0,40.0,-40.0,"[20.0, 20.0]",null,null,null,0.8,null,0.25021132,91,,,0,,False,11,test,1
2075,0.0,594.19813,594.44835,0.08,gabors,null,4.0,"[3644.93333333, 3644.93333333]",45.0,-30.0,-30.0,"[20.0, 20.0]",null,null,null,0.8,null,0.25021132,190,,,0,,False,6,train,1
2076,0.0,594.44835,594.69856,0.08,gabors,null,4.0,"[3644.93333333, 3644.93333333]",90.0,10.0,-20.0,"[20.0, 20.0]",null,null,null,0.8,null,0.25021132,106,,,0,,False,8,test,2
2077,0.0,594.69856,594.94877,0.08,gabors,null,4.0,"[3644.93333333, 3644.93333333]",0.0,10.0,30.0,"[20.0, 20.0]",null,null,null,0.8,null,0.25020868,134,,,0,,False,9,train,0
2078,0.0,594.94877,595.19897,0.08,gabors,null,4.0,"[3644.93333333, 3644.93333333]",90.0,-40.0,0.0,"[20.0, 20.0]",null,null,null,0.8,null,0.25020868,119,,,0,,False,10,train,2
2079,0.0,595.19897,595.44918,0.08,gabors,null,4.0,"[3644.93333333, 3644.93333333]",90.0,-20.0,20.0,"[20.0, 20.0]",null,null,null,0.8,null,0.25020868,161,,,0,,False,10,train,2
2080,0.0,595.44918,595.69939,0.08,gabors,null,4.0,"[3644.93333333, 3644.93333333]",90.0,10.0,40.0,"[20.0, 20.0]",null,null,null,0.8,null,0.25020868,90,,,0,,False,7,train,2
2081,0.0,595.69939,595.9496,0.08,gabors,null,4.0,"[3644.93333333, 3644.93333333]",45.0,40.0,30.0,"[20.0, 20.0]",null,null,null,0.8,null,0.25020382,111,,,0,,False,10,train,1
2082,0.0,595.9496,596.1998,0.08,gabors,null,4.0,"[3644.93333333, 3644.93333333]",90.0,-30.0,10.0,"[20.0, 20.0]",null,null,null,0.8,null,0.25020382,118,,,0,,False,4,train,2
2083,0.0,596.1998,596.45,0.08,gabors,null,4.0,"[3644.93333333, 3644.93333333]",45.0,40.0,40.0,"[20.0, 20.0]",null,null,null,0.8,null,0.25020382,65,,,0,,False,8,test,1
2084,0.0,596.45,596.70021,0.08,gabors,null,4.0,"[3644.93333333, 3644.93333333]",90.0,-20.0,-30.0,"[20.0, 20.0]",null,null,null,0.8,null,0.25020382,67,,,0,,False,10,train,2
2085,0.0,596.70021,596.95042,0.08,gabors,null,4.0,"[3644.93333333, 3644.93333333]",90.0,0.0,-10.0,"[20.0, 20.0]",null,null,null,0.8,null,0.25021368,196,,,0,,False,8,test,2
2086,0.0,596.95042,597.20063,0.08,gabors,null,4.0,"[3644.93333333, 3644.93333333]",0.0,-20.0,40.0,"[20.0, 20.0]",null,null,null,0.8,null,0.25021368,107,,,0,,False,7,train,0
2087,0.0,597.20063,597.45085,0.08,gabors,null,4.0,"[3644.93333333, 3644.93333333]",45.0,10.0,0.0,"[20.0, 20.0]",null,null,null,0.8,null,0.25021368,243,,,0,,False,3,train,1
2088,0.0,597.45085,597.70106,0.08,gabors,null,4.0,"[3644.93333333, 3644.93333333]",45.0,-40.0,20.0,"[20.0, 20.0]",null,null,null,0.8,null,0.25021368,124,,,0,,False,7,train,1
2089,0.0,597.70106,597.95127,0.08,gabors,null,4.0,"[3644.93333333, 3644.93333333]",45.0,20.0,30.0,"[20.0, 20.0]",null,null,null,0.8,null,0.25020632,63,,,0,,False,8,test,1
2090,0.0,597.95127,598.20147,0.08,gabors,null,4.0,"[3644.93333333, 3644.93333333]",45.0,-40.0,-40.0,"[20.0, 20.0]",null,null,null,0.8,null,0.25020632,94,,,0,,False,8,test,1
2091,0.0,598.20147,598.45168,0.08,gabors,null,4.0,"[3644.93333333, 3644.93333333]",0.0,30.0,30.0,"[20.0, 20.0]",null,null,null,0.8,null,0.25020632,104,,,0,,False,10,train,0
2092,0.0,598.45168,598.70189,0.08,gabors,null,4.0,"[3644.93333333, 3644.93333333]",45.0,10.0,10.0,"[20.0, 20.0]",null,null,null,0.8,null,0.25020632,205,,,0,,False,8,test,1
2093,0.0,598.70189,598.9521,0.08,gabors,null,4.0,"[3644.93333333, 3644.93333333]",45.0,-10.0,-40.0,"[20.0, 20.0]",null,null,null,0.8,null,0.25021368,85,,,0,,False,7,train,1
2094,0.0,598.9521,599.20231,0.08,gabors,null,4.0,"[3644.93333333, 3644.93333333]",0.0,30.0,40.0,"[20.0, 20.0]",null,null,null,0.8,null,0.25021368,20,,,0,,False,7,train,0
2095,0.0,599.20231,599.45253,0.08,gabors,null,4.0,"[3644.93333333, 3644.93333333]",90.0,-30.0,-10.0,"[20.0, 20.0]",null,null,null,0.8,null,0.25021368,43,,,0,,False,5,test,2
2096,0.0,599.45253,599.70274,0.08,gabors,null,4.0,"[3644.93333333, 3644.93333333]",0.0,20.0,10.0,"[20.0, 20.0]",null,null,null,0.8,null,0.25021368,147,,,0,,False,8,test,0
2097,0.0,599.70274,599.95295,0.08,gabors,null,4.0,"[3644.93333333, 3644.93333333]",45.0,20.0,-40.0,"[20.0, 20.0]",null,null,null,0.8,null,0.25020382,131,,,0,,False,10,train,1
2098,0.0,599.95295,600.20315,0.08,gabors,null,4.0,"[3644.93333333, 3644.93333333]",45.0,30.0,30.0,"[20.0, 20.0]",null,null,null,0.8,null,0.25020382,155,,,0,,False,8,test,1
2099,0.0,600.20315,600.45335,0.08,gabors,null,4.0,"[3644.93333333, 3644.93333333]",90.0,20.0,-20.0,"[20.0, 20.0]",null,null,null,0.8,null,0.25020382,12,,,0,,False,6,train,2
2100,0.0,600.45335,600.70356,0.08,gabors,null,4.0,"[3644.93333333, 3644.93333333]",45.0,-10.0,0.0,"[20.0, 20.0]",null,null,null,0.8,null,0.25020382,115,,,0,,False,9,train,1
2101,0.0,600.70356,600.95377,0.08,gabors,null,4.0,"[3644.93333333, 3644.93333333]",90.0,-30.0,-40.0,"[20.0, 20.0]",null,null,null,0.8,null,0.25021368,149,,,0,,False,5,test,2
2102,0.0,600.95377,601.20398,0.08,gabors,null,4.0,"[3644.93333333, 3644.93333333]",90.0,30.0,10.0,"[20.0, 20.0]",null,null,null,0.8,null,0.25021368,237,,,0,,False,5,test,2
2103,0.0,601.20398,601.4542,0.08,gabors,null,4.0,"[3644.93333333, 3644.93333333]",90.0,-20.0,40.0,"[20.0, 20.0]",null,null,null,0.8,null,0.25021368,193,,,0,,False,7,train,2
2104,0.0,601.4542,601.70441,0.08,gabors,null,4.0,"[3644.93333333, 3644.93333333]",90.0,-10.0,-10.0,"[20.0, 20.0]",null,null,null,0.8,null,0.25021368,230,,,0,,False,8,test,2
2105,0.0,601.70441,601.95462,0.08,gabors,null,4.0,"[3644.93333333, 3644.93333333]",90.0,-30.0,30.0,"[20.0, 20.0]",null,null,null,0.8,null,0.25020382,8,,,0,,False,5,test,2
2106,0.0,601.95462,602.20482,0.08,gabors,null,4.0,"[3644.93333333, 3644.93333333]",45.0,0.0,-20.0,"[20.0, 20.0]",null,null,null,0.8,null,0.25020382,27,,,0,,False,8,test,1
2107,0.0,602.20482,602.45502,0.08,gabors,null,4.0,"[3644.93333333, 3644.93333333]",45.0,-30.0,-20.0,"[20.0, 20.0]",null,null,null,0.8,null,0.25020382,221,,,0,,False,5,test,1
2108,0.0,602.45502,602.70523,0.08,gabors,null,4.0,"[3644.93333333, 3644.93333333]",0.0,-20.0,-40.0,"[20.0, 20.0]",null,null,null,0.8,null,0.25020382,51,,,0,,False,9,train,0
2109,0.0,602.70523,602.95544,0.08,gabors,null,4.0,"[3644.93333333, 3644.93333333]",90.0,20.0,10.0,"[20.0, 20.0]",null,null,null,0.8,null,0.25021368,138,,,0,,False,8,test,2
2110,0.0,602.95544,603.20565,0.08,gabors,null,4.0,"[3644.93333333, 3644.93333333]",0.0,-40.0,-40.0,"[20.0, 20.0]",null,null,null,0.8,null,0.25021368,206,,,0,,False,9,train,0
2111,0.0,603.20565,603.45587,0.08,gabors,null,4.0,"[3644.93333333, 3644.93333333]",90.0,-40.0,-30.0,"[20.0, 20.0]",null,null,null,0.8,null,0.25021368,68,,,0,,False,7,train,2
2112,0.0,603.45587,603.70608,0.08,gabors,null,4.0,"[3644.93333333, 3644.93333333]",45.0,40.0,-30.0,"[20.0, 20.0]",null,null,null,0.8,null,0.25021368,109,,,0,,False,8,test,1
2113,0.0,603.70608,603.95629,0.08,gabors,null,4.0,"[3644.93333333, 3644.93333333]",0.0,-30.0,-30.0,"[20.0, 20.0]",null,null,null,0.8,null,0.25020882,224,,,0,,False,4,train,0
2114,0.0,603.95629,604.2065,0.08,gabors,null,4.0,"[3644.93333333, 3644.93333333]",90.0,-30.0,0.0,"[20.0, 20.0]",null,null,null,0.8,null,0.25020882,105,,,0,,False,9,train,2
2115,0.0,604.2065,604.45671,0.08,gabors,null,4.0,"[3644.93333333, 3644.93333333]",45.0,10.0,10.0,"[20.0, 20.0]",null,null,null,0.8,null,0.25020882,205,,,0,,False,9,train,1
2116,0.0,604.45671,604.70692,0.08,gabors,null,4.0,"[3644.93333333, 3644.93333333]",45.0,0.0,40.0,"[20.0, 20.0]",null,null,null,0.8,null,0.25020882,112,,,0,,False,9,train,1
2117,0.0,604.70692,604.95713,0.08,gabors,null,4.0,"[3644.93333333, 3644.93333333]",90.0,30.0,30.0,"[20.0, 20.0]",null,null,null,0.8,null,0.25021118,207,,,0,,False,10,train,2
2118,0.0,604.95713,605.20734,0.08,gabors,null,4.0,"[3644.93333333, 3644.93333333]",0.0,-10.0,-20.0,"[20.0, 20.0]",null,null,null,0.8,null,0.25021118,14,,,0,,False,8,test,0
2119,0.0,605.20734,605.45755,0.08,gabors,null,4.0,"[3644.93333333, 3644.93333333]",45.0,10.0,-20.0,"[20.0, 20.0]",null,null,null,0.8,null,0.25021118,64,,,0,,False,9,train,1
2120,0.0,605.45755,605.70776,0.08,gabors,null,4.0,"[3644.93333333, 3644.93333333]",0.0,20.0,-40.0,"[20.0, 20.0]",null,null,null,0.8,null,0.25021118,164,,,0,,False,10,train,0
2121,0.0,605.70776,605.95797,0.08,gabors,null,4.0,"[3644.93333333, 3644.93333333]",90.0,-40.0,20.0,"[20.0, 20.0]",null,null,null,0.8,null,0.25020632,108,,,0,,False,8,test,2
2122,0.0,605.95797,606.20817,0.08,gabors,null,4.0,"[3644.93333333, 3644.93333333]",90.0,-30.0,-30.0,"[20.0, 20.0]",null,null,null,0.8,null,0.25020632,50,,,0,,False,9,train,2
2123,0.0,606.20817,606.45838,0.08,gabors,null,4.0,"[3644.93333333, 3644.93333333]",0.0,-10.0,-10.0,"[20.0, 20.0]",null,null,null,0.8,null,0.25020632,86,,,0,,False,8,test,0
2124,0.0,606.45838,606.70859,0.08,gabors,null,4.0,"[3644.93333333, 3644.93333333]",0.0,0.0,0.0,"[20.0, 20.0]",null,null,null,0.8,null,0.25020632,234,,,0,,False,8,test,0
2125,0.0,606.70859,606.95879,0.08,gabors,null,4.0,"[3644.93333333, 3644.93333333]",45.0,0.0,-40.0,"[20.0, 20.0]",null,null,null,0.8,null,0.25020368,72,,,0,,False,11,test,1
2126,0.0,606.95879,607.20899,0.08,gabors,null,4.0,"[3644.93333333, 3644.93333333]",45.0,-10.0,10.0,"[20.0, 20.0]",null,null,null,0.8,null,0.25020368,89,,,0,,False,6,train,1
2127,0.0,607.20899,607.4592,0.08,gabors,null,4.0,"[3644.93333333, 3644.93333333]",45.0,30.0,20.0,"[20.0, 20.0]",null,null,null,0.8,null,0.25020368,37,,,0,,False,11,test,1
2128,0.0,607.4592,607.7094,0.08,gabors,null,4.0,"[3644.93333333, 3644.93333333]",45.0,0.0,-20.0,"[20.0, 20.0]",null,null,null,0.8,null,0.25020368,27,,,0,,False,9,train,1
2129,0.0,607.7094,607.95962,0.08,gabors,null,4.0,"[3644.93333333, 3644.93333333]",90.0,-10.0,0.0,"[20.0, 20.0]",null,null,null,0.8,null,0.25021632,195,,,0,,False,6,train,2
2130,0.0,607.95962,608.20983,0.08,gabors,null,4.0,"[3644.93333333, 3644.93333333]",90.0,30.0,0.0,"[20.0, 20.0]",null,null,null,0.8,null,0.25021632,216,,,0,,False,5,test,2
2131,0.0,608.20983,608.46005,0.08,gabors,null,4.0,"[3644.93333333, 3644.93333333]",0.0,10.0,-40.0,"[20.0, 20.0]",null,null,null,0.8,null,0.25021632,186,,,0,,False,8,test,0
2132,0.0,608.46005,608.71027,0.08,gabors,null,4.0,"[3644.93333333, 3644.93333333]",45.0,-30.0,-20.0,"[20.0, 20.0]",null,null,null,0.8,null,0.25021632,221,,,0,,False,6,train,1
2133,0.0,608.71027,608.96047,0.08,gabors,null,4.0,"[3644.93333333, 3644.93333333]",90.0,-20.0,-40.0,"[20.0, 20.0]",null,null,null,0.8,null,0.25020118,36,,,0,,False,10,train,2
2134,0.0,608.96047,609.21067,0.08,gabors,null,4.0,"[3644.93333333, 3644.93333333]",90.0,-30.0,30.0,"[20.0, 20.0]",null,null,null,0.8,null,0.25020118,8,,,0,,False,6,train,2
2135,0.0,609.21067,609.46087,0.08,gabors,null,4.0,"[3644.93333333, 3644.93333333]",90.0,20.0,30.0,"[20.0, 20.0]",null,null,null,0.8,null,0.25020118,198,,,0,,False,10,train,2
2136,0.0,609.46087,609.71107,0.08,gabors,null,4.0,"[3644.93333333, 3644.93333333]",45.0,0.0,40.0,"[20.0, 20.0]",null,null,null,0.8,null,0.25020118,112,,,0,,False,10,train,1
2137,0.0,609.71107,609.96129,0.08,gabors,null,4.0,"[3644.93333333, 3644.93333333]",90.0,-20.0,10.0,"[20.0, 20.0]",null,null,null,0.8,null,0.25021382,26,,,0,,False,10,train,2
2138,0.0,609.96129,610.2115,0.08,gabors,null,4.0,"[3644.93333333, 3644.93333333]",45.0,-20.0,10.0,"[20.0, 20.0]",null,null,null,0.8,null,0.25021382,74,,,0,,False,8,test,1
2139,0.0,610.2115,610.46171,0.08,gabors,null,4.0,"[3644.93333333, 3644.93333333]",90.0,20.0,-20.0,"[20.0, 20.0]",null,null,null,0.8,null,0.25021382,12,,,0,,False,7,train,2
2140,0.0,610.46171,610.71193,0.08,gabors,null,4.0,"[3644.93333333, 3644.93333333]",0.0,10.0,-30.0,"[20.0, 20.0]",null,null,null,0.8,null,0.25021382,169,,,0,,False,8,test,0
2141,0.0,610.71193,610.96213,0.08,gabors,null,4.0,"[3644.93333333, 3644.93333333]",0.0,0.0,30.0,"[20.0, 20.0]",null,null,null,0.8,null,0.25020618,21,,,0,,False,7,train,0
2142,0.0,610.96213,611.21234,0.08,gabors,null,4.0,"[3644.93333333, 3644.93333333]",90.0,40.0,30.0,"[20.0, 20.0]",null,null,null,0.8,null,0.25020618,240,,,0,,False,4,train,2
2143,0.0,611.21234,611.46255,0.08,gabors,null,4.0,"[3644.93333333, 3644.93333333]",45.0,0.0,-30.0,"[20.0, 20.0]",null,null,null,0.8,null,0.25020618,232,,,0,,False,6,train,1
2144,0.0,611.46255,611.71275,0.08,gabors,null,4.0,"[3644.93333333, 3644.93333333]",90.0,-40.0,30.0,"[20.0, 20.0]",null,null,null,0.8,null,0.25020618,202,,,0,,False,5,test,2
2145,0.0,611.71275,611.96297,0.08,gabors,null,4.0,"[3644.93333333, 3644.93333333]",90.0,40.0,0.0,"[20.0, 20.0]",null,null,null,0.8,null,0.25021382,152,,,0,,False,8,test,2
2146,0.0,611.96297,612.21318,0.08,gabors,null,4.0,"[3644.93333333, 3644.93333333]",0.0,-40.0,40.0,"[20.0, 20.0]",null,null,null,0.8,null,0.25021382,97,,,0,,False,8,test,0
2147,0.0,612.21318,612.46339,0.08,gabors,null,4.0,"[3644.93333333, 3644.93333333]",90.0,40.0,20.0,"[20.0, 20.0]",null,null,null,0.8,null,0.25021382,123,,,0,,False,6,train,2
2148,0.0,612.46339,612.71361,0.08,gabors,null,4.0,"[3644.93333333, 3644.93333333]",90.0,0.0,40.0,"[20.0, 20.0]",null,null,null,0.8,null,0.25021382,211,,,0,,False,6,train,2
2149,0.0,612.71361,612.96381,0.08,gabors,null,4.0,"[3644.93333333, 3644.93333333]",0.0,30.0,40.0,"[20.0, 20.0]",null,null,null,0.8,null,0.25020618,20,,,0,,False,8,test,0
2150,0.0,612.96381,613.21402,0.08,gabors,null,4.0,"[3644.93333333, 3644.93333333]",0.0,20.0,-10.0,"[20.0, 20.0]",null,null,null,0.8,null,0.25020618,87,,,0,,False,7,train,0
2151,0.0,613.21402,613.46423,0.08,gabors,null,4.0,"[3644.93333333, 3644.93333333]",45.0,-10.0,40.0,"[20.0, 20.0]",null,null,null,0.8,null,0.25020618,175,,,0,,False,7,train,1
2152,0.0,613.46423,613.71443,0.08,gabors,null,4.0,"[3644.93333333, 3644.93333333]",0.0,20.0,-30.0,"[20.0, 20.0]",null,null,null,0.8,null,0.25020618,116,,,0,,False,7,train,0
2153,0.0,613.71443,613.96464,0.08,gabors,null,4.0,"[3644.93333333, 3644.93333333]",45.0,0.0,0.0,"[20.0, 20.0]",null,null,null,0.8,null,0.25021132,7,,,0,,False,8,test,1
2154,0.0,613.96464,614.21485,0.08,gabors,null,4.0,"[3644.93333333, 3644.93333333]",90.0,40.0,30.0,"[20.0, 20.0]",null,null,null,0.8,null,0.25021132,240,,,0,,False,5,test,2
2155,0.0,614.21485,614.46507,0.08,gabors,null,4.0,"[3644.93333333, 3644.93333333]",0.0,0.0,-40.0,"[20.0, 20.0]",null,null,null,0.8,null,0.25021132,200,,,0,,False,9,train,0
2156,0.0,614.46507,614.71528,0.08,gabors,null,4.0,"[3644.93333333, 3644.93333333]",45.0,-20.0,0.0,"[20.0, 20.0]",null,null,null,0.8,null,0.25021132,160,,,0,,False,8,test,1
2157,0.0,614.71528,614.96549,0.08,gabors,null,4.0,"[3644.93333333, 3644.93333333]",0.0,20.0,-10.0,"[20.0, 20.0]",null,null,null,0.8,null,0.25021118,87,,,0,,False,8,test,0
2158,0.0,614.96549,615.2157,0.08,gabors,null,4.0,"[3644.93333333, 3644.93333333]",0.0,-20.0,30.0,"[20.0, 20.0]",null,null,null,0.8,null,0.25021118,215,,,0,,False,9,train,0
2159,0.0,615.2157,615.46591,0.08,gabors,null,4.0,"[3644.93333333, 3644.93333333]",90.0,0.0,40.0,"[20.0, 20.0]",null,null,null,0.8,null,0.25021118,211,,,0,,False,7,train,2
2160,0.0,615.46591,615.71612,0.08,gabors,null,4.0,"[3644.93333333, 3644.93333333]",0.0,30.0,-20.0,"[20.0, 20.0]",null,null,null,0.8,null,0.25021118,171,,,0,,False,6,train,0
2161,0.0,615.71612,615.96633,0.08,gabors,null,4.0,"[3644.93333333, 3644.93333333]",90.0,-10.0,40.0,"[20.0, 20.0]",null,null,null,0.8,null,0.25020632,167,,,0,,False,7,train,2
2162,0.0,615.96633,616.21653,0.08,gabors,null,4.0,"[3644.93333333, 3644.93333333]",90.0,-40.0,-20.0,"[20.0, 20.0]",null,null,null,0.8,null,0.25020632,40,,,0,,False,8,test,2
2163,0.0,616.21653,616.46674,0.08,gabors,null,4.0,"[3644.93333333, 3644.93333333]",45.0,-20.0,40.0,"[20.0, 20.0]",null,null,null,0.8,null,0.25020632,49,,,0,,False,8,test,1
2164,0.0,616.46674,616.71695,0.08,gabors,null,4.0,"[3644.93333333, 3644.93333333]",0.0,-20.0,0.0,"[20.0, 20.0]",null,null,null,0.8,null,0.25020632,44,,,0,,False,6,train,0
2165,0.0,616.71695,616.96716,0.08,gabors,null,4.0,"[3644.93333333, 3644.93333333]",90.0,-40.0,0.0,"[20.0, 20.0]",null,null,null,0.8,null,0.25021368,119,,,0,,False,11,test,2
2166,0.0,616.96716,617.21737,0.08,gabors,null,4.0,"[3644.93333333, 3644.93333333]",45.0,0.0,30.0,"[20.0, 20.0]",null,null,null,0.8,null,0.25021368,99,,,0,,False,8,test,1
2167,0.0,617.21737,617.46759,0.08,gabors,null,4.0,"[3644.93333333, 3644.93333333]",45.0,10.0,0.0,"[20.0, 20.0]",null,null,null,0.8,null,0.25021368,243,,,0,,False,4,train,1
2168,0.0,617.46759,617.7178,0.08,gabors,null,4.0,"[3644.93333333, 3644.93333333]",90.0,10.0,40.0,"[20.0, 20.0]",null,null,null,0.8,null,0.25021368,90,,,0,,False,8,test,2
2169,0.0,617.7178,617.96801,0.08,gabors,null,4.0,"[3644.93333333, 3644.93333333]",45.0,-10.0,20.0,"[20.0, 20.0]",null,null,null,0.8,null,0.25020632,120,,,0,,False,11,test,1
2170,0.0,617.96801,618.21821,0.08,gabors,null,4.0,"[3644.93333333, 3644.93333333]",0.0,10.0,-10.0,"[20.0, 20.0]",null,null,null,0.8,null,0.25020632,17,,,0,,False,11,test,0
2171,0.0,618.21821,618.46842,0.08,gabors,null,4.0,"[3644.93333333, 3644.93333333]",90.0,-30.0,-20.0,"[20.0, 20.0]",null,null,null,0.8,null,0.25020632,16,,,0,,False,8,test,2
2172,0.0,618.46842,618.71863,0.08,gabors,null,4.0,"[3644.93333333, 3644.93333333]",45.0,40.0,30.0,"[20.0, 20.0]",null,null,null,0.8,null,0.25020632,111,,,0,,False,11,test,1
2173,0.0,618.71863,618.96884,0.08,gabors,null,4.0,"[3644.93333333, 3644.93333333]",0.0,0.0,10.0,"[20.0, 20.0]",null,null,null,0.8,null,0.25021618,29,,,0,,False,10,train,0
2174,0.0,618.96884,619.21906,0.08,gabors,null,4.0,"[3644.93333333, 3644.93333333]",90.0,-30.0,30.0,"[20.0, 20.0]",null,null,null,0.8,null,0.25021618,8,,,0,,False,7,train,2
2175,0.0,619.21906,619.46928,0.08,gabors,null,4.0,"[3644.93333333, 3644.93333333]",0.0,-10.0,-40.0,"[20.0, 20.0]",null,null,null,0.8,null,0.25021618,53,,,0,,False,7,train,0
2176,0.0,619.46928,619.71949,0.08,gabors,null,4.0,"[3644.93333333, 3644.93333333]",0.0,40.0,-30.0,"[20.0, 20.0]",null,null,null,0.8,null,0.25021618,6,,,0,,False,8,test,0
2177,0.0,619.71949,619.96969,0.08,gabors,null,4.0,"[3644.93333333, 3644.93333333]",90.0,-10.0,40.0,"[20.0, 20.0]",null,null,null,0.8,null,0.25019882,167,,,0,,False,8,test,2
2178,0.0,619.96969,620.21989,0.08,gabors,null,4.0,"[3644.93333333, 3644.93333333]",0.0,-20.0,10.0,"[20.0, 20.0]",null,null,null,0.8,null,0.25019882,135,,,0,,False,7,train,0
2179,0.0,620.21989,620.47009,0.08,gabors,null,4.0,"[3644.93333333, 3644.93333333]",0.0,30.0,10.0,"[20.0, 20.0]",null,null,null,0.8,null,0.25019882,141,,,0,,False,5,test,0
2180,0.0,620.47009,620.72029,0.08,gabors,null,4.0,"[3644.93333333, 3644.93333333]",0.0,10.0,-30.0,"[20.0, 20.0]",null,null,null,0.8,null,0.25019882,169,,,0,,False,9,train,0
2181,0.0,620.72029,620.9705,0.08,gabors,null,4.0,"[3644.93333333, 3644.93333333]",90.0,-10.0,10.0,"[20.0, 20.0]",null,null,null,0.8,null,0.25021368,192,,,0,,False,10,train,2
2182,0.0,620.9705,621.22071,0.08,gabors,null,4.0,"[3644.93333333, 3644.93333333]",45.0,10.0,-30.0,"[20.0, 20.0]",null,null,null,0.8,null,0.25021368,140,,,0,,False,8,test,1
2183,0.0,621.22071,621.47093,0.08,gabors,null,4.0,"[3644.93333333, 3644.93333333]",90.0,20.0,-10.0,"[20.0, 20.0]",null,null,null,0.8,null,0.25021368,150,,,0,,False,10,train,2
2184,0.0,621.47093,621.72114,0.08,gabors,null,4.0,"[3644.93333333, 3644.93333333]",0.0,-20.0,-40.0,"[20.0, 20.0]",null,null,null,0.8,null,0.25021368,51,,,0,,False,10,train,0
2185,0.0,621.72114,621.97135,0.08,gabors,null,4.0,"[3644.93333333, 3644.93333333]",45.0,-20.0,0.0,"[20.0, 20.0]",null,null,null,0.8,null,0.25020632,160,,,0,,False,9,train,1
2186,0.0,621.97135,622.22155,0.08,gabors,null,4.0,"[3644.93333333, 3644.93333333]",90.0,-10.0,0.0,"[20.0, 20.0]",null,null,null,0.8,null,0.25020632,195,,,0,,False,7,train,2
2187,0.0,622.22155,622.47176,0.08,gabors,null,4.0,"[3644.93333333, 3644.93333333]",0.0,30.0,40.0,"[20.0, 20.0]",null,null,null,0.8,null,0.25020632,20,,,0,,False,9,train,0
2188,0.0,622.47176,622.72197,0.08,gabors,null,4.0,"[3644.93333333, 3644.93333333]",45.0,10.0,10.0,"[20.0, 20.0]",null,null,null,0.8,null,0.25020632,205,,,0,,False,10,train,1
2189,0.0,622.72197,622.97218,0.08,gabors,null,4.0,"[3644.93333333, 3644.93333333]",90.0,-40.0,10.0,"[20.0, 20.0]",null,null,null,0.8,null,0.25021368,185,,,0,,False,7,train,2
2190,0.0,622.97218,623.22239,0.08,gabors,null,4.0,"[3644.93333333, 3644.93333333]",45.0,20.0,20.0,"[20.0, 20.0]",null,null,null,0.8,null,0.25021368,212,,,0,,False,9,train,1
2191,0.0,623.22239,623.47261,0.08,gabors,null,4.0,"[3644.93333333, 3644.93333333]",45.0,10.0,-40.0,"[20.0, 20.0]",null,null,null,0.8,null,0.25021368,23,,,0,,False,10,train,1
2192,0.0,623.47261,623.72282,0.08,gabors,null,4.0,"[3644.93333333, 3644.93333333]",45.0,-30.0,-40.0,"[20.0, 20.0]",null,null,null,0.8,null,0.25021368,34,,,0,,False,11,test,1
2193,0.0,623.72282,623.97303,0.08,gabors,null,4.0,"[3644.93333333, 3644.93333333]",90.0,10.0,-30.0,"[20.0, 20.0]",null,null,null,0.8,null,0.25020382,233,,,0,,False,9,train,2
2194,0.0,623.97303,624.22323,0.08,gabors,null,4.0,"[3644.93333333, 3644.93333333]",0.0,-20.0,10.0,"[20.0, 20.0]",null,null,null,0.8,null,0.25020382,135,,,0,,False,8,test,0
2195,0.0,624.22323,624.47343,0.08,gabors,null,4.0,"[3644.93333333, 3644.93333333]",0.0,20.0,40.0,"[20.0, 20.0]",null,null,null,0.8,null,0.25020382,241,,,0,,False,8,test,0
2196,0.0,624.47343,624.72364,0.08,gabors,null,4.0,"[3644.93333333, 3644.93333333]",0.0,20.0,0.0,"[20.0, 20.0]",null,null,null,0.8,null,0.25020382,71,,,0,,False,12,train,0
2197,0.0,624.72364,624.97385,0.08,gabors,null,4.0,"[3644.93333333, 3644.93333333]",90.0,0.0,40.0,"[20.0, 20.0]",null,null,null,0.8,null,0.25021118,211,,,0,,False,8,test,2
2198,0.0,624.97385,625.22406,0.08,gabors,null,4.0,"[3644.93333333, 3644.93333333]",90.0,0.0,-30.0,"[20.0, 20.0]",null,null,null,0.8,null,0.25021118,5,,,0,,False,6,train,2
2199,0.0,625.22406,625.47427,0.08,gabors,null,4.0,"[3644.93333333, 3644.93333333]",90.0,20.0,-10.0,"[20.0, 20.0]",null,null,null,0.8,null,0.25021118,150,,,0,,False,11,test,2
2200,0.0,625.47427,625.72448,0.08,gabors,null,4.0,"[3644.93333333, 3644.93333333]",0.0,20.0,20.0,"[20.0, 20.0]",null,null,null,0.8,null,0.25021118,10,,,0,,False,8,test,0
2201,0.0,625.72448,625.97469,0.08,gabors,null,4.0,"[3644.93333333, 3644.93333333]",45.0,30.0,10.0,"[20.0, 20.0]",null,null,null,0.8,null,0.25020882,174,,,0,,False,9,train,1
2202,0.0,625.97469,626.2249,0.08,gabors,null,4.0,"[3644.93333333, 3644.93333333]",90.0,10.0,10.0,"[20.0, 20.0]",null,null,null,0.8,null,0.25020882,180,,,0,,False,5,test,2
2203,0.0,626.2249,626.47511,0.08,gabors,null,4.0,"[3644.93333333, 3644.93333333]",0.0,30.0,0.0,"[20.0, 20.0]",null,null,null,0.8,null,0.25020882,165,,,0,,False,5,test,0
2204,0.0,626.47511,626.72532,0.08,gabors,null,4.0,"[3644.93333333, 3644.93333333]",45.0,10.0,0.0,"[20.0, 20.0]",null,null,null,0.8,null,0.25020882,243,,,0,,False,5,test,1
2205,0.0,626.72532,626.97553,0.08,gabors,null,4.0,"[3644.93333333, 3644.93333333]",0.0,30.0,0.0,"[20.0, 20.0]",null,null,null,0.8,null,0.25021368,165,,,0,,False,6,train,0
2206,0.0,626.97553,627.22574,0.08,gabors,null,4.0,"[3644.93333333, 3644.93333333]",90.0,20.0,-40.0,"[20.0, 20.0]",null,null,null,0.8,null,0.25021368,183,,,0,,False,9,train,2
2207,0.0,627.22574,627.47596,0.08,gabors,null,4.0,"[3644.93333333, 3644.93333333]",45.0,0.0,-40.0,"[20.0, 20.0]",null,null,null,0.8,null,0.25021368,72,,,0,,False,12,train,1
2208,0.0,627.47596,627.72617,0.08,gabors,null,4.0,"[3644.93333333, 3644.93333333]",90.0,-10.0,30.0,"[20.0, 20.0]",null,null,null,0.8,null,0.25021368,11,,,0,,False,9,train,2
2209,0.0,627.72617,627.97638,0.08,gabors,null,4.0,"[3644.93333333, 3644.93333333]",45.0,-30.0,20.0,"[20.0, 20.0]",null,null,null,0.8,null,0.25020382,132,,,0,,False,12,train,1
2210,0.0,627.97638,628.22658,0.08,gabors,null,4.0,"[3644.93333333, 3644.93333333]",45.0,20.0,-30.0,"[20.0, 20.0]",null,null,null,0.8,null,0.25020382,219,,,0,,False,9,train,1
2211,0.0,628.22658,628.47678,0.08,gabors,null,4.0,"[3644.93333333, 3644.93333333]",45.0,30.0,40.0,"[20.0, 20.0]",null,null,null,0.8,null,0.25020382,52,,,0,,False,7,train,1
2212,0.0,628.47678,628.72699,0.08,gabors,null,4.0,"[3644.93333333, 3644.93333333]",90.0,-40.0,20.0,"[20.0, 20.0]",null,null,null,0.8,null,0.25020382,108,,,0,,False,9,train,2
2213,0.0,628.72699,628.9772,0.08,gabors,null,4.0,"[3644.93333333, 3644.93333333]",90.0,-20.0,30.0,"[20.0, 20.0]",null,null,null,0.8,null,0.25021618,170,,,0,,False,8,test,2
2214,0.0,628.9772,629.22742,0.08,gabors,null,4.0,"[3644.93333333, 3644.93333333]",90.0,40.0,30.0,"[20.0, 20.0]",null,null,null,0.8,null,0.25021618,240,,,0,,False,6,train,2
2215,0.0,629.22742,629.47764,0.08,gabors,null,4.0,"[3644.93333333, 3644.93333333]",0.0,40.0,-20.0,"[20.0, 20.0]",null,null,null,0.8,null,0.25021618,95,,,0,,False,8,test,0
2216,0.0,629.47764,629.72785,0.08,gabors,null,4.0,"[3644.93333333, 3644.93333333]",45.0,40.0,10.0,"[20.0, 20.0]",null,null,null,0.8,null,0.25021618,229,,,0,,False,9,train,1
2217,0.0,629.72785,629.97805,0.08,gabors,null,4.0,"[3644.93333333, 3644.93333333]",0.0,-40.0,-10.0,"[20.0, 20.0]",null,null,null,0.8,null,0.25020132,191,,,0,,False,8,test,0
2218,0.0,629.97805,630.22825,0.08,gabors,null,4.0,"[3644.93333333, 3644.93333333]",45.0,30.0,-30.0,"[20.0, 20.0]",null,null,null,0.8,null,0.25020132,102,,,0,,False,10,train,1
2219,0.0,630.22825,630.47846,0.08,gabors,null,4.0,"[3644.93333333, 3644.93333333]",45.0,40.0,-10.0,"[20.0, 20.0]",null,null,null,0.8,null,0.25020132,144,,,0,,False,9,train,1
2220,0.0,630.47846,630.72866,0.08,gabors,null,4.0,"[3644.93333333, 3644.93333333]",90.0,20.0,30.0,"[20.0, 20.0]",null,null,null,0.8,null,0.25020132,198,,,0,,False,11,test,2
2221,0.0,630.72866,630.97887,0.08,gabors,null,4.0,"[3644.93333333, 3644.93333333]",45.0,-20.0,20.0,"[20.0, 20.0]",null,null,null,0.8,null,0.25020868,66,,,0,,False,10,train,1
2222,0.0,630.97887,631.22907,0.08,gabors,null,4.0,"[3644.93333333, 3644.93333333]",0.0,-20.0,30.0,"[20.0, 20.0]",null,null,null,0.8,null,0.25020868,215,,,0,,False,10,train,0
2223,0.0,631.22907,631.47928,0.08,gabors,null,4.0,"[3644.93333333, 3644.93333333]",90.0,10.0,-40.0,"[20.0, 20.0]",null,null,null,0.8,null,0.25020868,9,,,0,,False,7,train,2
2224,0.0,631.47928,631.72949,0.08,gabors,null,4.0,"[3644.93333333, 3644.93333333]",90.0,30.0,10.0,"[20.0, 20.0]",null,null,null,0.8,null,0.25020868,237,,,0,,False,6,train,2
2225,0.0,631.72949,631.9797,0.08,gabors,null,4.0,"[3644.93333333, 3644.93333333]",90.0,-10.0,20.0,"[20.0, 20.0]",null,null,null,0.8,null,0.25021132,188,,,0,,False,9,train,2
2226,0.0,631.9797,632.22991,0.08,gabors,null,4.0,"[3644.93333333, 3644.93333333]",90.0,-30.0,-40.0,"[20.0, 20.0]",null,null,null,0.8,null,0.25021132,149,,,0,,False,6,train,2
2227,0.0,632.22991,632.48013,0.08,gabors,null,4.0,"[3644.93333333, 3644.93333333]",0.0,30.0,10.0,"[20.0, 20.0]",null,null,null,0.8,null,0.25021132,141,,,0,,False,6,train,0
2228,0.0,632.48013,632.73034,0.08,gabors,null,4.0,"[3644.93333333, 3644.93333333]",90.0,20.0,20.0,"[20.0, 20.0]",null,null,null,0.8,null,0.25021132,22,,,0,,False,12,train,2
2229,0.0,632.73034,632.98055,0.08,gabors,null,4.0,"[3644.93333333, 3644.93333333]",0.0,-10.0,30.0,"[20.0, 20.0]",null,null,null,0.8,null,0.25020868,187,,,0,,False,6,train,0
2230,0.0,632.98055,633.23075,0.08,gabors,null,4.0,"[3644.93333333, 3644.93333333]",0.0,-10.0,-10.0,"[20.0, 20.0]",null,null,null,0.8,null,0.25020868,86,,,0,,False,9,train,0
2231,0.0,633.23075,633.48096,0.08,gabors,null,4.0,"[3644.93333333, 3644.93333333]",45.0,-40.0,-30.0,"[20.0, 20.0]",null,null,null,0.8,null,0.25020868,204,,,0,,False,9,train,1
2232,0.0,633.48096,633.73117,0.08,gabors,null,4.0,"[3644.93333333, 3644.93333333]",0.0,-20.0,10.0,"[20.0, 20.0]",null,null,null,0.8,null,0.25020868,135,,,0,,False,9,train,0
2233,0.0,633.73117,633.98138,0.08,gabors,null,4.0,"[3644.93333333, 3644.93333333]",0.0,-30.0,20.0,"[20.0, 20.0]",null,null,null,0.8,null,0.25020632,33,,,0,,False,6,train,0
2234,0.0,633.98138,634.23158,0.08,gabors,null,4.0,"[3644.93333333, 3644.93333333]",45.0,-30.0,-10.0,"[20.0, 20.0]",null,null,null,0.8,null,0.25020632,69,,,0,,False,9,train,1
2235,0.0,634.23158,634.48179,0.08,gabors,null,4.0,"[3644.93333333, 3644.93333333]",90.0,20.0,-30.0,"[20.0, 20.0]",null,null,null,0.8,null,0.25020632,226,,,0,,False,10,train,2
2236,0.0,634.48179,634.732,0.08,gabors,null,4.0,"[3644.93333333, 3644.93333333]",45.0,20.0,-10.0,"[20.0, 20.0]",null,null,null,0.8,null,0.25020632,236,,,0,,False,6,train,1
2237,0.0,634.732,634.98221,0.08,gabors,null,4.0,"[3644.93333333, 3644.93333333]",0.0,-40.0,40.0,"[20.0, 20.0]",null,null,null,0.8,null,0.25021618,97,,,0,,False,9,train,0
2238,0.0,634.98221,635.23243,0.08,gabors,null,4.0,"[3644.93333333, 3644.93333333]",0.0,20.0,-30.0,"[20.0, 20.0]",null,null,null,0.8,null,0.25021618,116,,,0,,False,8,test,0
2239,0.0,635.23243,635.48265,0.08,gabors,null,4.0,"[3644.93333333, 3644.93333333]",45.0,-10.0,-30.0,"[20.0, 20.0]",null,null,null,0.8,null,0.25021618,148,,,0,,False,10,train,1
2240,0.0,635.48265,635.73286,0.08,gabors,null,4.0,"[3644.93333333, 3644.93333333]",90.0,40.0,-10.0,"[20.0, 20.0]",null,null,null,0.8,null,0.25021618,210,,,0,,False,7,train,2
2241,0.0,635.73286,635.98307,0.08,gabors,null,4.0,"[3644.93333333, 3644.93333333]",45.0,-10.0,10.0,"[20.0, 20.0]",null,null,null,0.8,null,0.25020382,89,,,0,,False,7,train,1
2242,0.0,635.98307,636.23327,0.08,gabors,null,4.0,"[3644.93333333, 3644.93333333]",90.0,30.0,-10.0,"[20.0, 20.0]",null,null,null,0.8,null,0.25020382,83,,,0,,False,9,train,2
2243,0.0,636.23327,636.48347,0.08,gabors,null,4.0,"[3644.93333333, 3644.93333333]",90.0,-20.0,40.0,"[20.0, 20.0]",null,null,null,0.8,null,0.25020382,193,,,0,,False,8,test,2
2244,0.0,636.48347,636.73368,0.08,gabors,null,4.0,"[3644.93333333, 3644.93333333]",45.0,10.0,10.0,"[20.0, 20.0]",null,null,null,0.8,null,0.25020382,205,,,0,,False,11,test,1
2245,0.0,636.73368,636.98389,0.08,gabors,null,4.0,"[3644.93333333, 3644.93333333]",45.0,20.0,0.0,"[20.0, 20.0]",null,null,null,0.8,null,0.25021368,203,,,0,,False,6,train,1
2246,0.0,636.98389,637.2341,0.08,gabors,null,4.0,"[3644.93333333, 3644.93333333]",45.0,-30.0,40.0,"[20.0, 20.0]",null,null,null,0.8,null,0.25021368,58,,,0,,False,9,train,1
2247,0.0,637.2341,637.48432,0.08,gabors,null,4.0,"[3644.93333333, 3644.93333333]",0.0,-10.0,40.0,"[20.0, 20.0]",null,null,null,0.8,null,0.25021368,60,,,0,,False,10,train,0
2248,0.0,637.48432,637.73453,0.08,gabors,null,4.0,"[3644.93333333, 3644.93333333]",45.0,-40.0,20.0,"[20.0, 20.0]",null,null,null,0.8,null,0.25021368,124,,,0,,False,8,test,1
2249,0.0,637.73453,637.98474,0.08,gabors,null,4.0,"[3644.93333333, 3644.93333333]",90.0,-40.0,-10.0,"[20.0, 20.0]",null,null,null,0.8,null,0.25020382,225,,,0,,False,9,train,2
2250,0.0,637.98474,638.23494,0.08,gabors,null,4.0,"[3644.93333333, 3644.93333333]",0.0,40.0,10.0,"[20.0, 20.0]",null,null,null,0.8,null,0.25020382,76,,,0,,False,5,test,0
2251,0.0,638.23494,638.48514,0.08,gabors,null,4.0,"[3644.93333333, 3644.93333333]",0.0,-20.0,-20.0,"[20.0, 20.0]",null,null,null,0.8,null,0.25020382,156,,,0,,False,9,train,0
2252,0.0,638.48514,638.73535,0.08,gabors,null,4.0,"[3644.93333333, 3644.93333333]",45.0,0.0,-30.0,"[20.0, 20.0]",null,null,null,0.8,null,0.25020382,232,,,0,,False,7,train,1
2253,0.0,638.73535,638.98556,0.08,gabors,null,4.0,"[3644.93333333, 3644.93333333]",45.0,30.0,20.0,"[20.0, 20.0]",null,null,null,0.8,null,0.25020868,37,,,0,,False,12,train,1
2254,0.0,638.98556,639.23576,0.08,gabors,null,4.0,"[3644.93333333, 3644.93333333]",90.0,10.0,0.0,"[20.0, 20.0]",null,null,null,0.8,null,0.25020868,81,,,0,,False,11,test,2
2255,0.0,639.23576,639.48597,0.08,gabors,null,4.0,"[3644.93333333, 3644.93333333]",90.0,20.0,10.0,"[20.0, 20.0]",null,null,null,0.8,null,0.25020868,138,,,0,,False,9,train,2
2256,0.0,639.48597,639.73618,0.08,gabors,null,4.0,"[3644.93333333, 3644.93333333]",90.0,-10.0,10.0,"[20.0, 20.0]",null,null,null,0.8,null,0.25020868,192,,,0,,False,11,test,2
2257,0.0,639.73618,639.98639,0.08,gabors,null,4.0,"[3644.93333333, 3644.93333333]",45.0,-40.0,10.0,"[20.0, 20.0]",null,null,null,0.8,null,0.25020632,45,,,0,,False,9,train,1
2258,0.0,639.98639,640.23659,0.08,gabors,null,4.0,"[3644.93333333, 3644.93333333]",90.0,40.0,30.0,"[20.0, 20.0]",null,null,null,0.8,null,0.25020632,240,,,0,,False,7,train,2
2259,0.0,640.23659,640.4868,0.08,gabors,null,4.0,"[3644.93333333, 3644.93333333]",0.0,-30.0,-40.0,"[20.0, 20.0]",null,null,null,0.8,null,0.25020632,162,,,0,,False,6,train,0
2260,0.0,640.4868,640.73701,0.08,gabors,null,4.0,"[3644.93333333, 3644.93333333]",90.0,10.0,10.0,"[20.0, 20.0]",null,null,null,0.8,null,0.25020632,180,,,0,,False,6,train,2
2261,0.0,640.73701,640.98723,0.08,gabors,null,4.0,"[3644.93333333, 3644.93333333]",0.0,-10.0,-20.0,"[20.0, 20.0]",null,null,null,0.8,null,0.25022118,14,,,0,,False,9,train,0
2262,0.0,640.98723,641.23745,0.08,gabors,null,4.0,"[3644.93333333, 3644.93333333]",45.0,-30.0,0.0,"[20.0, 20.0]",null,null,null,0.8,null,0.25022118,82,,,0,,False,10,train,1
2263,0.0,641.23745,641.48767,0.08,gabors,null,4.0,"[3644.93333333, 3644.93333333]",0.0,20.0,20.0,"[20.0, 20.0]",null,null,null,0.8,null,0.25022118,10,,,0,,False,9,train,0
2264,0.0,641.48767,641.73789,0.08,gabors,null,4.0,"[3644.93333333, 3644.93333333]",90.0,0.0,-20.0,"[20.0, 20.0]",null,null,null,0.8,null,0.25022118,59,,,0,,False,9,train,2
2265,0.0,641.73789,641.98809,0.08,gabors,null,4.0,"[3644.93333333, 3644.93333333]",45.0,-30.0,20.0,"[20.0, 20.0]",null,null,null,0.8,null,0.25020132,132,,,0,,False,13,train,1
2266,0.0,641.98809,642.23829,0.08,gabors,null,4.0,"[3644.93333333, 3644.93333333]",45.0,30.0,0.0,"[20.0, 20.0]",null,null,null,0.8,null,0.25020132,56,,,0,,False,11,test,1
2267,0.0,642.23829,642.4885,0.08,gabors,null,4.0,"[3644.93333333, 3644.93333333]",0.0,0.0,-20.0,"[20.0, 20.0]",null,null,null,0.8,null,0.25020132,213,,,0,,False,10,train,0
2268,0.0,642.4885,642.7387,0.08,gabors,null,4.0,"[3644.93333333, 3644.93333333]",0.0,-40.0,0.0,"[20.0, 20.0]",null,null,null,0.8,null,0.25020132,238,,,0,,False,10,train,0
2269,0.0,642.7387,642.98891,0.08,gabors,null,4.0,"[3644.93333333, 3644.93333333]",90.0,20.0,10.0,"[20.0, 20.0]",null,null,null,0.8,null,0.25021618,138,,,0,,False,10,train,2
2270,0.0,642.98891,643.23913,0.08,gabors,null,4.0,"[3644.93333333, 3644.93333333]",0.0,-40.0,20.0,"[20.0, 20.0]",null,null,null,0.8,null,0.25021618,151,,,0,,False,10,train,0
2271,0.0,643.23913,643.48935,0.08,gabors,null,4.0,"[3644.93333333, 3644.93333333]",45.0,10.0,30.0,"[20.0, 20.0]",null,null,null,0.8,null,0.25021618,218,,,0,,False,7,train,1
2272,0.0,643.48935,643.73956,0.08,gabors,null,4.0,"[3644.93333333, 3644.93333333]",90.0,0.0,-30.0,"[20.0, 20.0]",null,null,null,0.8,null,0.25021618,5,,,0,,False,7,train,2
2273,0.0,643.73956,643.98976,0.08,gabors,null,4.0,"[3644.93333333, 3644.93333333]",90.0,-30.0,10.0,"[20.0, 20.0]",null,null,null,0.8,null,0.25020132,118,,,0,,False,5,test,2
2274,0.0,643.98976,644.23996,0.08,gabors,null,4.0,"[3644.93333333, 3644.93333333]",45.0,-30.0,-20.0,"[20.0, 20.0]",null,null,null,0.8,null,0.25020132,221,,,0,,False,7,train,1
2275,0.0,644.23996,644.49017,0.08,gabors,null,4.0,"[3644.93333333, 3644.93333333]",0.0,0.0,-10.0,"[20.0, 20.0]",null,null,null,0.8,null,0.25020132,137,,,0,,False,9,train,0
2276,0.0,644.49017,644.74037,0.08,gabors,null,4.0,"[3644.93333333, 3644.93333333]",90.0,30.0,0.0,"[20.0, 20.0]",null,null,null,0.8,null,0.25020132,216,,,0,,False,6,train,2
2277,0.0,644.74037,644.99058,0.08,gabors,null,4.0,"[3644.93333333, 3644.93333333]",45.0,-20.0,10.0,"[20.0, 20.0]",null,null,null,0.8,null,0.25020868,74,,,0,,False,9,train,1
2278,0.0,644.99058,645.24078,0.08,gabors,null,4.0,"[3644.93333333, 3644.93333333]",45.0,20.0,-30.0,"[20.0, 20.0]",null,null,null,0.8,null,0.25020868,219,,,0,,False,10,train,1
2279,0.0,645.24078,645.49099,0.08,gabors,null,4.0,"[3644.93333333, 3644.93333333]",45.0,-10.0,0.0,"[20.0, 20.0]",null,null,null,0.8,null,0.25020868,115,,,0,,False,10,train,1
2280,0.0,645.49099,645.7412,0.08,gabors,null,4.0,"[3644.93333333, 3644.93333333]",90.0,-20.0,10.0,"[20.0, 20.0]",null,null,null,0.8,null,0.25020868,26,,,0,,False,11,test,2
2281,0.0,645.7412,645.99141,0.08,gabors,null,4.0,"[3644.93333333, 3644.93333333]",45.0,10.0,20.0,"[20.0, 20.0]",null,null,null,0.8,null,0.25020882,13,,,0,,False,7,train,1
2282,0.0,645.99141,646.24162,0.08,gabors,null,4.0,"[3644.93333333, 3644.93333333]",45.0,0.0,0.0,"[20.0, 20.0]",null,null,null,0.8,null,0.25020882,7,,,0,,False,9,train,1
2283,0.0,646.24162,646.49183,0.08,gabors,null,4.0,"[3644.93333333, 3644.93333333]",45.0,-30.0,30.0,"[20.0, 20.0]",null,null,null,0.8,null,0.25020882,227,,,0,,False,7,train,1
2284,0.0,646.49183,646.74204,0.08,gabors,null,4.0,"[3644.93333333, 3644.93333333]",45.0,-40.0,-40.0,"[20.0, 20.0]",null,null,null,0.8,null,0.25020882,94,,,0,,False,9,train,1
2285,0.0,646.74204,646.99225,0.08,gabors,null,4.0,"[3644.93333333, 3644.93333333]",90.0,40.0,20.0,"[20.0, 20.0]",null,null,null,0.8,null,0.25021368,123,,,0,,False,7,train,2
2286,0.0,646.99225,647.24246,0.08,gabors,null,4.0,"[3644.93333333, 3644.93333333]",0.0,10.0,-10.0,"[20.0, 20.0]",null,null,null,0.8,null,0.25021368,17,,,0,,False,12,train,0
2287,0.0,647.24246,647.49268,0.08,gabors,null,4.0,"[3644.93333333, 3644.93333333]",90.0,30.0,0.0,"[20.0, 20.0]",null,null,null,0.8,null,0.25021368,216,,,0,,False,7,train,2
2288,0.0,647.49268,647.74289,0.08,gabors,null,4.0,"[3644.93333333, 3644.93333333]",45.0,20.0,20.0,"[20.0, 20.0]",null,null,null,0.8,null,0.25021368,212,,,0,,False,10,train,1
2289,0.0,647.74289,647.99309,0.08,gabors,null,4.0,"[3644.93333333, 3644.93333333]",90.0,40.0,10.0,"[20.0, 20.0]",null,null,null,0.8,null,0.25020132,121,,,0,,False,10,train,2
2290,0.0,647.99309,648.24329,0.08,gabors,null,4.0,"[3644.93333333, 3644.93333333]",0.0,0.0,-20.0,"[20.0, 20.0]",null,null,null,0.8,null,0.25020132,213,,,0,,False,11,test,0
2291,0.0,648.24329,648.4935,0.08,gabors,null,4.0,"[3644.93333333, 3644.93333333]",90.0,0.0,-10.0,"[20.0, 20.0]",null,null,null,0.8,null,0.25020132,196,,,0,,False,9,train,2
2292,0.0,648.4935,648.7437,0.08,gabors,null,4.0,"[3644.93333333, 3644.93333333]",90.0,0.0,30.0,"[20.0, 20.0]",null,null,null,0.8,null,0.25020132,92,,,0,,False,9,train,2
2293,0.0,648.7437,648.99392,0.08,gabors,null,4.0,"[3644.93333333, 3644.93333333]",0.0,-10.0,0.0,"[20.0, 20.0]",null,null,null,0.8,null,0.25021868,122,,,0,,False,11,test,0
2294,0.0,648.99392,649.24413,0.08,gabors,null,4.0,"[3644.93333333, 3644.93333333]",45.0,10.0,-10.0,"[20.0, 20.0]",null,null,null,0.8,null,0.25021868,220,,,0,,False,9,train,1
2295,0.0,649.24413,649.49435,0.08,gabors,null,4.0,"[3644.93333333, 3644.93333333]",90.0,30.0,0.0,"[20.0, 20.0]",null,null,null,0.8,null,0.25021868,216,,,0,,False,8,test,2
2296,0.0,649.49435,649.74457,0.08,gabors,null,4.0,"[3644.93333333, 3644.93333333]",45.0,-30.0,30.0,"[20.0, 20.0]",null,null,null,0.8,null,0.25021868,227,,,0,,False,8,test,1
2297,0.0,649.74457,649.99477,0.08,gabors,null,4.0,"[3644.93333333, 3644.93333333]",45.0,-40.0,-30.0,"[20.0, 20.0]",null,null,null,0.8,null,0.25020132,204,,,0,,False,10,train,1
2298,0.0,649.99477,650.24497,0.08,gabors,null,4.0,"[3644.93333333, 3644.93333333]",90.0,20.0,-20.0,"[20.0, 20.0]",null,null,null,0.8,null,0.25020132,12,,,0,,False,8,test,2
2299,0.0,650.24497,650.49518,0.08,gabors,null,4.0,"[3644.93333333, 3644.93333333]",45.0,40.0,0.0,"[20.0, 20.0]",null,null,null,0.8,null,0.25020132,126,,,0,,False,7,train,1
2300,0.0,650.49518,650.74538,0.08,gabors,null,4.0,"[3644.93333333, 3644.93333333]",45.0,20.0,20.0,"[20.0, 20.0]",null,null,null,0.8,null,0.25020132,212,,,0,,False,11,test,1
2301,0.0,650.74538,650.99559,0.08,gabors,null,4.0,"[3644.93333333, 3644.93333333]",0.0,10.0,-30.0,"[20.0, 20.0]",null,null,null,0.8,null,0.25021368,169,,,0,,False,10,train,0
2302,0.0,650.99559,651.2458,0.08,gabors,null,4.0,"[3644.93333333, 3644.93333333]",90.0,20.0,40.0,"[20.0, 20.0]",null,null,null,0.8,null,0.25021368,158,,,0,,False,8,test,2
2303,0.0,651.2458,651.49602,0.08,gabors,null,4.0,"[3644.93333333, 3644.93333333]",45.0,10.0,0.0,"[20.0, 20.0]",null,null,null,0.8,null,0.25021368,243,,,0,,False,6,train,1
2304,0.0,651.49602,651.74623,0.08,gabors,null,4.0,"[3644.93333333, 3644.93333333]",45.0,-10.0,0.0,"[20.0, 20.0]",null,null,null,0.8,null,0.25021368,115,,,0,,False,11,test,1
2305,0.0,651.74623,651.99644,0.08,gabors,null,4.0,"[3644.93333333, 3644.93333333]",0.0,-10.0,-40.0,"[20.0, 20.0]",null,null,null,0.8,null,0.25020632,53,,,0,,False,8,test,0
2306,0.0,651.99644,652.24664,0.08,gabors,null,4.0,"[3644.93333333, 3644.93333333]",0.0,-30.0,-30.0,"[20.0, 20.0]",null,null,null,0.8,null,0.25020632,224,,,0,,False,5,test,0
2307,0.0,652.24664,652.49685,0.08,gabors,null,4.0,"[3644.93333333, 3644.93333333]",0.0,10.0,40.0,"[20.0, 20.0]",null,null,null,0.8,null,0.25020632,194,,,0,,False,10,train,0
2308,0.0,652.49685,652.74706,0.08,gabors,null,4.0,"[3644.93333333, 3644.93333333]",0.0,10.0,30.0,"[20.0, 20.0]",null,null,null,0.8,null,0.25020632,134,,,0,,False,10,train,0
2309,0.0,652.74706,652.99727,0.08,gabors,null,4.0,"[3644.93333333, 3644.93333333]",90.0,-40.0,-30.0,"[20.0, 20.0]",null,null,null,0.8,null,0.25021118,68,,,0,,False,8,test,2
2310,0.0,652.99727,653.24748,0.08,gabors,null,4.0,"[3644.93333333, 3644.93333333]",45.0,-40.0,0.0,"[20.0, 20.0]",null,null,null,0.8,null,0.25021118,178,,,0,,False,11,test,1
2311,0.0,653.24748,653.49769,0.08,gabors,null,4.0,"[3644.93333333, 3644.93333333]",90.0,20.0,40.0,"[20.0, 20.0]",null,null,null,0.8,null,0.25021118,158,,,0,,False,9,train,2
2312,0.0,653.49769,653.7479,0.08,gabors,null,4.0,"[3644.93333333, 3644.93333333]",0.0,0.0,0.0,"[20.0, 20.0]",null,null,null,0.8,null,0.25021118,234,,,0,,False,9,train,0
2313,0.0,653.7479,653.99811,0.08,gabors,null,4.0,"[3644.93333333, 3644.93333333]",45.0,40.0,20.0,"[20.0, 20.0]",null,null,null,0.8,null,0.25020882,84,,,0,,False,10,train,1
2314,0.0,653.99811,654.24832,0.08,gabors,null,4.0,"[3644.93333333, 3644.93333333]",45.0,10.0,30.0,"[20.0, 20.0]",null,null,null,0.8,null,0.25020882,218,,,0,,False,8,test,1
2315,0.0,654.24832,654.49853,0.08,gabors,null,4.0,"[3644.93333333, 3644.93333333]",0.0,40.0,30.0,"[20.0, 20.0]",null,null,null,0.8,null,0.25020882,100,,,0,,False,10,train,0
2316,0.0,654.49853,654.74874,0.08,gabors,null,4.0,"[3644.93333333, 3644.93333333]",45.0,-20.0,20.0,"[20.0, 20.0]",null,null,null,0.8,null,0.25020882,66,,,0,,False,11,test,1
2317,0.0,654.74874,654.99895,0.08,gabors,null,4.0,"[3644.93333333, 3644.93333333]",0.0,0.0,30.0,"[20.0, 20.0]",null,null,null,0.8,null,0.25021618,21,,,0,,False,8,test,0
2318,0.0,654.99895,655.24917,0.08,gabors,null,4.0,"[3644.93333333, 3644.93333333]",45.0,30.0,-30.0,"[20.0, 20.0]",null,null,null,0.8,null,0.25021618,102,,,0,,False,11,test,1
2319,0.0,655.24917,655.49939,0.08,gabors,null,4.0,"[3644.93333333, 3644.93333333]",90.0,40.0,0.0,"[20.0, 20.0]",null,null,null,0.8,null,0.25021618,152,,,0,,False,9,train,2
2320,0.0,655.49939,655.7496,0.08,gabors,null,4.0,"[3644.93333333, 3644.93333333]",90.0,40.0,10.0,"[20.0, 20.0]",null,null,null,0.8,null,0.25021618,121,,,0,,False,11,test,2
2321,0.0,655.7496,655.9998,0.08,gabors,null,4.0,"[3644.93333333, 3644.93333333]",45.0,-30.0,10.0,"[20.0, 20.0]",null,null,null,0.8,null,0.25019882,142,,,0,,False,7,train,1
2322,0.0,655.9998,656.25,0.08,gabors,null,4.0,"[3644.93333333, 3644.93333333]",0.0,-30.0,30.0,"[20.0, 20.0]",null,null,null,0.8,null,0.25019882,201,,,0,,False,9,train,0
2323,0.0,656.25,656.5002,0.08,gabors,null,4.0,"[3644.93333333, 3644.93333333]",90.0,40.0,20.0,"[20.0, 20.0]",null,null,null,0.8,null,0.25019882,123,,,0,,False,8,test,2
2324,0.0,656.5002,656.7504,0.08,gabors,null,4.0,"[3644.93333333, 3644.93333333]",45.0,-40.0,-10.0,"[20.0, 20.0]",null,null,null,0.8,null,0.25019882,199,,,0,,False,9,train,1
2325,0.0,656.7504,657.00061,0.08,gabors,null,4.0,"[3644.93333333, 3644.93333333]",0.0,0.0,30.0,"[20.0, 20.0]",null,null,null,0.8,null,0.25021618,21,,,0,,False,9,train,0
2326,0.0,657.00061,657.25083,0.08,gabors,null,4.0,"[3644.93333333, 3644.93333333]",0.0,30.0,-40.0,"[20.0, 20.0]",null,null,null,0.8,null,0.25021618,70,,,0,,False,9,train,0
2327,0.0,657.25083,657.50105,0.08,gabors,null,4.0,"[3644.93333333, 3644.93333333]",0.0,40.0,-10.0,"[20.0, 20.0]",null,null,null,0.8,null,0.25021618,114,,,0,,False,7,train,0
2328,0.0,657.50105,657.75126,0.08,gabors,null,4.0,"[3644.93333333, 3644.93333333]",0.0,10.0,0.0,"[20.0, 20.0]",null,null,null,0.8,null,0.25021618,197,,,0,,False,8,test,0
2329,0.0,657.75126,658.00147,0.08,gabors,null,4.0,"[3644.93333333, 3644.93333333]",0.0,-10.0,-30.0,"[20.0, 20.0]",null,null,null,0.8,null,0.25020382,79,,,0,,False,8,test,0
2330,0.0,658.00147,658.25167,0.08,gabors,null,4.0,"[3644.93333333, 3644.93333333]",0.0,30.0,30.0,"[20.0, 20.0]",null,null,null,0.8,null,0.25020382,104,,,0,,False,11,test,0
2331,0.0,658.25167,658.50187,0.08,gabors,null,4.0,"[3644.93333333, 3644.93333333]",90.0,40.0,-40.0,"[20.0, 20.0]",null,null,null,0.8,null,0.25020382,113,,,0,,False,8,test,2
2332,0.0,658.50187,658.75208,0.08,gabors,null,4.0,"[3644.93333333, 3644.93333333]",0.0,10.0,-30.0,"[20.0, 20.0]",null,null,null,0.8,null,0.25020382,169,,,0,,False,11,test,0
2333,0.0,658.75208,659.00229,0.08,gabors,null,4.0,"[3644.93333333, 3644.93333333]",45.0,-40.0,40.0,"[20.0, 20.0]",null,null,null,0.8,null,0.25021368,172,,,0,,False,5,test,1
2334,0.0,659.00229,659.2525,0.08,gabors,null,4.0,"[3644.93333333, 3644.93333333]",90.0,-30.0,20.0,"[20.0, 20.0]",null,null,null,0.8,null,0.25021368,139,,,0,,False,10,train,2
2335,0.0,659.2525,659.50272,0.08,gabors,null,4.0,"[3644.93333333, 3644.93333333]",0.0,-10.0,20.0,"[20.0, 20.0]",null,null,null,0.8,null,0.25021368,228,,,0,,False,7,train,0
2336,0.0,659.50272,659.75293,0.08,gabors,null,4.0,"[3644.93333333, 3644.93333333]",45.0,20.0,0.0,"[20.0, 20.0]",null,null,null,0.8,null,0.25021368,203,,,0,,False,7,train,1
2337,0.0,659.75293,660.00314,0.08,gabors,null,4.0,"[3644.93333333, 3644.93333333]",90.0,30.0,-30.0,"[20.0, 20.0]",null,null,null,0.8,null,0.25020632,103,,,0,,False,12,train,2
2338,0.0,660.00314,660.25334,0.08,gabors,null,4.0,"[3644.93333333, 3644.93333333]",45.0,-40.0,30.0,"[20.0, 20.0]",null,null,null,0.8,null,0.25020632,154,,,0,,False,11,test,1
2339,0.0,660.25334,660.50355,0.08,gabors,null,4.0,"[3644.93333333, 3644.93333333]",90.0,-40.0,-40.0,"[20.0, 20.0]",null,null,null,0.8,null,0.25020632,1,,,0,,False,8,test,2
2340,0.0,660.50355,660.75376,0.08,gabors,null,4.0,"[3644.93333333, 3644.93333333]",90.0,-30.0,-10.0,"[20.0, 20.0]",null,null,null,0.8,null,0.25020632,43,,,0,,False,6,train,2
2341,0.0,660.75376,661.00397,0.08,gabors,null,4.0,"[3644.93333333, 3644.93333333]",45.0,-20.0,30.0,"[20.0, 20.0]",null,null,null,0.8,null,0.25021118,189,,,0,,False,5,test,1
2342,0.0,661.00397,661.25418,0.08,gabors,null,4.0,"[3644.93333333, 3644.93333333]",0.0,40.0,40.0,"[20.0, 20.0]",null,null,null,0.8,null,0.25021118,136,,,0,,False,11,test,0
2343,0.0,661.25418,661.50439,0.08,gabors,null,4.0,"[3644.93333333, 3644.93333333]",90.0,0.0,0.0,"[20.0, 20.0]",null,null,null,0.8,null,0.25021118,80,,,0,,False,8,test,2
2344,0.0,661.50439,661.7546,0.08,gabors,null,4.0,"[3644.93333333, 3644.93333333]",90.0,40.0,10.0,"[20.0, 20.0]",null,null,null,0.8,null,0.25021118,121,,,0,,False,12,train,2
2345,0.0,661.7546,662.00481,0.08,gabors,null,4.0,"[3644.93333333, 3644.93333333]",90.0,10.0,-20.0,"[20.0, 20.0]",null,null,null,0.8,null,0.25020632,106,,,0,,False,9,train,2
2346,0.0,662.00481,662.25501,0.08,gabors,null,4.0,"[3644.93333333, 3644.93333333]",45.0,-20.0,40.0,"[20.0, 20.0]",null,null,null,0.8,null,0.25020632,49,,,0,,False,9,train,1
2347,0.0,662.25501,662.50522,0.08,gabors,null,4.0,"[3644.93333333, 3644.93333333]",90.0,-10.0,-30.0,"[20.0, 20.0]",null,null,null,0.8,null,0.25020632,166,,,0,,False,8,test,2
2348,0.0,662.50522,662.75543,0.08,gabors,null,4.0,"[3644.93333333, 3644.93333333]",90.0,-20.0,-10.0,"[20.0, 20.0]",null,null,null,0.8,null,0.25020632,38,,,0,,False,5,test,2
2349,0.0,662.75543,663.00564,0.08,gabors,null,4.0,"[3644.93333333, 3644.93333333]",0.0,0.0,40.0,"[20.0, 20.0]",null,null,null,0.8,null,0.25021118,125,,,0,,False,7,train,0
2350,0.0,663.00564,663.25585,0.08,gabors,null,4.0,"[3644.93333333, 3644.93333333]",45.0,30.0,-10.0,"[20.0, 20.0]",null,null,null,0.8,null,0.25021118,223,,,0,,False,7,train,1
2351,0.0,663.25585,663.50606,0.08,gabors,null,4.0,"[3644.93333333, 3644.93333333]",45.0,10.0,-40.0,"[20.0, 20.0]",null,null,null,0.8,null,0.25021118,23,,,0,,False,11,test,1
2352,0.0,663.50606,663.75627,0.08,gabors,null,4.0,"[3644.93333333, 3644.93333333]",45.0,30.0,-30.0,"[20.0, 20.0]",null,null,null,0.8,null,0.25021118,102,,,0,,False,12,train,1
2353,0.0,663.75627,664.00648,0.08,gabors,null,4.0,"[3644.93333333, 3644.93333333]",45.0,20.0,40.0,"[20.0, 20.0]",null,null,null,0.8,null,0.25020632,127,,,0,,False,13,train,1
2354,0.0,664.00648,664.25668,0.08,gabors,null,4.0,"[3644.93333333, 3644.93333333]",0.0,-30.0,40.0,"[20.0, 20.0]",null,null,null,0.8,null,0.25020632,39,,,0,,False,9,train,0
2355,0.0,664.25668,664.50689,0.08,gabors,null,4.0,"[3644.93333333, 3644.93333333]",90.0,-10.0,0.0,"[20.0, 20.0]",null,null,null,0.8,null,0.25020632,195,,,0,,False,8,test,2
2356,0.0,664.50689,664.7571,0.08,gabors,null,4.0,"[3644.93333333, 3644.93333333]",45.0,10.0,-30.0,"[20.0, 20.0]",null,null,null,0.8,null,0.25020632,140,,,0,,False,9,train,1
2357,0.0,664.7571,665.00731,0.08,gabors,null,4.0,"[3644.93333333, 3644.93333333]",0.0,-20.0,-40.0,"[20.0, 20.0]",null,null,null,0.8,null,0.25021368,51,,,0,,False,11,test,0
2358,0.0,665.00731,665.25752,0.08,gabors,null,4.0,"[3644.93333333, 3644.93333333]",90.0,30.0,30.0,"[20.0, 20.0]",null,null,null,0.8,null,0.25021368,207,,,0,,False,11,test,2
2359,0.0,665.25752,665.50774,0.08,gabors,null,4.0,"[3644.93333333, 3644.93333333]",0.0,-10.0,20.0,"[20.0, 20.0]",null,null,null,0.8,null,0.25021368,228,,,0,,False,8,test,0
2360,0.0,665.50774,665.75795,0.08,gabors,null,4.0,"[3644.93333333, 3644.93333333]",0.0,20.0,-30.0,"[20.0, 20.0]",null,null,null,0.8,null,0.25021368,116,,,0,,False,9,train,0
2361,0.0,665.75795,666.00816,0.08,gabors,null,4.0,"[3644.93333333, 3644.93333333]",90.0,-10.0,20.0,"[20.0, 20.0]",null,null,null,0.8,null,0.25020382,188,,,0,,False,10,train,2
2362,0.0,666.00816,666.25836,0.08,gabors,null,4.0,"[3644.93333333, 3644.93333333]",90.0,0.0,0.0,"[20.0, 20.0]",null,null,null,0.8,null,0.25020382,80,,,0,,False,9,train,2
2363,0.0,666.25836,666.50856,0.08,gabors,null,4.0,"[3644.93333333, 3644.93333333]",45.0,-10.0,-30.0,"[20.0, 20.0]",null,null,null,0.8,null,0.25020382,148,,,0,,False,11,test,1
2364,0.0,666.50856,666.75877,0.08,gabors,null,4.0,"[3644.93333333, 3644.93333333]",0.0,10.0,0.0,"[20.0, 20.0]",null,null,null,0.8,null,0.25020382,197,,,0,,False,9,train,0
2365,0.0,666.75877,667.00898,0.08,gabors,null,4.0,"[3644.93333333, 3644.93333333]",45.0,40.0,-10.0,"[20.0, 20.0]",null,null,null,0.8,null,0.25021118,144,,,0,,False,10,train,1
2366,0.0,667.00898,667.25919,0.08,gabors,null,4.0,"[3644.93333333, 3644.93333333]",0.0,20.0,-30.0,"[20.0, 20.0]",null,null,null,0.8,null,0.25021118,116,,,0,,False,10,train,0
2367,0.0,667.25919,667.5094,0.08,gabors,null,4.0,"[3644.93333333, 3644.93333333]",45.0,40.0,-10.0,"[20.0, 20.0]",null,null,null,0.8,null,0.25021118,144,,,0,,False,11,test,1
2368,0.0,667.5094,667.75961,0.08,gabors,null,4.0,"[3644.93333333, 3644.93333333]",0.0,0.0,30.0,"[20.0, 20.0]",null,null,null,0.8,null,0.25021118,21,,,0,,False,10,train,0
2369,0.0,667.75961,668.00982,0.08,gabors,null,4.0,"[3644.93333333, 3644.93333333]",45.0,-40.0,20.0,"[20.0, 20.0]",null,null,null,0.8,null,0.25020882,124,,,0,,False,9,train,1
2370,0.0,668.00982,668.26003,0.08,gabors,null,4.0,"[3644.93333333, 3644.93333333]",90.0,0.0,-10.0,"[20.0, 20.0]",null,null,null,0.8,null,0.25020882,196,,,0,,False,10,train,2
2371,0.0,668.26003,668.51024,0.08,gabors,null,4.0,"[3644.93333333, 3644.93333333]",90.0,-30.0,-10.0,"[20.0, 20.0]",null,null,null,0.8,null,0.25020882,43,,,0,,False,7,train,2
2372,0.0,668.51024,668.76045,0.08,gabors,null,4.0,"[3644.93333333, 3644.93333333]",0.0,40.0,40.0,"[20.0, 20.0]",null,null,null,0.8,null,0.25020882,136,,,0,,False,12,train,0
2373,0.0,668.76045,669.01067,0.08,gabors,null,4.0,"[3644.93333333, 3644.93333333]",0.0,-20.0,-10.0,"[20.0, 20.0]",null,null,null,0.8,null,0.25021868,101,,,0,,False,6,train,0
2374,0.0,669.01067,669.26088,0.08,gabors,null,4.0,"[3644.93333333, 3644.93333333]",45.0,20.0,40.0,"[20.0, 20.0]",null,null,null,0.8,null,0.25021868,127,,,0,,False,14,test,1
2375,0.0,669.26088,669.5111,0.08,gabors,null,4.0,"[3644.93333333, 3644.93333333]",45.0,30.0,0.0,"[20.0, 20.0]",null,null,null,0.8,null,0.25021868,56,,,0,,False,12,train,1
2376,0.0,669.5111,669.76132,0.08,gabors,null,4.0,"[3644.93333333, 3644.93333333]",90.0,-20.0,-10.0,"[20.0, 20.0]",null,null,null,0.8,null,0.25021868,38,,,0,,False,6,train,2
2377,0.0,669.76132,670.01152,0.08,gabors,null,4.0,"[3644.93333333, 3644.93333333]",90.0,20.0,-20.0,"[20.0, 20.0]",null,null,null,0.8,null,0.25020132,12,,,0,,False,9,train,2
2378,0.0,670.01152,670.26172,0.08,gabors,null,4.0,"[3644.93333333, 3644.93333333]",45.0,10.0,20.0,"[20.0, 20.0]",null,null,null,0.8,null,0.25020132,13,,,0,,False,8,test,1
2379,0.0,670.26172,670.51193,0.08,gabors,null,4.0,"[3644.93333333, 3644.93333333]",0.0,-20.0,-10.0,"[20.0, 20.0]",null,null,null,0.8,null,0.25020132,101,,,0,,False,7,train,0
2380,0.0,670.51193,670.76213,0.08,gabors,null,4.0,"[3644.93333333, 3644.93333333]",45.0,40.0,40.0,"[20.0, 20.0]",null,null,null,0.8,null,0.25020132,65,,,0,,False,9,train,1
2381,0.0,670.76213,671.01233,0.08,gabors,null,4.0,"[3644.93333333, 3644.93333333]",45.0,-20.0,30.0,"[20.0, 20.0]",null,null,null,0.8,null,0.25020618,189,,,0,,False,6,train,1
2382,0.0,671.01233,671.26254,0.08,gabors,null,4.0,"[3644.93333333, 3644.93333333]",0.0,-20.0,40.0,"[20.0, 20.0]",null,null,null,0.8,null,0.25020618,107,,,0,,False,8,test,0
2383,0.0,671.26254,671.51275,0.08,gabors,null,4.0,"[3644.93333333, 3644.93333333]",0.0,0.0,20.0,"[20.0, 20.0]",null,null,null,0.8,null,0.25020618,214,,,0,,False,8,test,0
2384,0.0,671.51275,671.76295,0.08,gabors,null,4.0,"[3644.93333333, 3644.93333333]",0.0,40.0,-20.0,"[20.0, 20.0]",null,null,null,0.8,null,0.25020618,95,,,0,,False,9,train,0
2385,0.0,671.76295,672.01316,0.08,gabors,null,4.0,"[3644.93333333, 3644.93333333]",0.0,-20.0,0.0,"[20.0, 20.0]",null,null,null,0.8,null,0.25020632,44,,,0,,False,7,train,0
2386,0.0,672.01316,672.26336,0.08,gabors,null,4.0,"[3644.93333333, 3644.93333333]",0.0,-30.0,-40.0,"[20.0, 20.0]",null,null,null,0.8,null,0.25020632,162,,,0,,False,7,train,0
2387,0.0,672.26336,672.51357,0.08,gabors,null,4.0,"[3644.93333333, 3644.93333333]",45.0,-10.0,-10.0,"[20.0, 20.0]",null,null,null,0.8,null,0.25020632,242,,,0,,False,7,train,1
2388,0.0,672.51357,672.76378,0.08,gabors,null,4.0,"[3644.93333333, 3644.93333333]",0.0,10.0,-30.0,"[20.0, 20.0]",null,null,null,0.8,null,0.25020632,169,,,0,,False,12,train,0
2389,0.0,672.76378,673.01398,0.08,gabors,null,4.0,"[3644.93333333, 3644.93333333]",90.0,-40.0,10.0,"[20.0, 20.0]",null,null,null,0.8,null,0.25020368,185,,,0,,False,8,test,2
2390,0.0,673.01398,673.26418,0.08,gabors,null,4.0,"[3644.93333333, 3644.93333333]",45.0,40.0,40.0,"[20.0, 20.0]",null,null,null,0.8,null,0.25020368,65,,,0,,False,10,train,1
2391,0.0,673.26418,673.51439,0.08,gabors,null,4.0,"[3644.93333333, 3644.93333333]",45.0,20.0,-10.0,"[20.0, 20.0]",null,null,null,0.8,null,0.25020368,236,,,0,,False,7,train,1
2392,0.0,673.51439,673.76459,0.08,gabors,null,4.0,"[3644.93333333, 3644.93333333]",45.0,20.0,-20.0,"[20.0, 20.0]",null,null,null,0.8,null,0.25020368,208,,,0,,False,10,train,1
2393,0.0,673.76459,674.01481,0.08,gabors,null,4.0,"[3644.93333333, 3644.93333333]",0.0,-10.0,0.0,"[20.0, 20.0]",null,null,null,0.8,null,0.25021632,122,,,0,,False,12,train,0
2394,0.0,674.01481,674.26502,0.08,gabors,null,4.0,"[3644.93333333, 3644.93333333]",0.0,-40.0,0.0,"[20.0, 20.0]",null,null,null,0.8,null,0.25021632,238,,,0,,False,11,test,0
2395,0.0,674.26502,674.51524,0.08,gabors,null,4.0,"[3644.93333333, 3644.93333333]",0.0,-40.0,0.0,"[20.0, 20.0]",null,null,null,0.8,null,0.25021632,238,,,0,,False,12,train,0
2396,0.0,674.51524,674.76546,0.08,gabors,null,4.0,"[3644.93333333, 3644.93333333]",0.0,-40.0,-30.0,"[20.0, 20.0]",null,null,null,0.8,null,0.25021632,209,,,0,,False,7,train,0
2397,0.0,674.76546,675.01567,0.08,gabors,null,4.0,"[3644.93333333, 3644.93333333]",0.0,10.0,40.0,"[20.0, 20.0]",null,null,null,0.8,null,0.25021118,194,,,0,,False,11,test,0
2398,0.0,675.01567,675.26588,0.08,gabors,null,4.0,"[3644.93333333, 3644.93333333]",0.0,-30.0,-10.0,"[20.0, 20.0]",null,null,null,0.8,null,0.25021118,146,,,0,,False,9,train,0
2399,0.0,675.26588,675.51609,0.08,gabors,null,4.0,"[3644.93333333, 3644.93333333]",90.0,30.0,-40.0,"[20.0, 20.0]",null,null,null,0.8,null,0.25021118,184,,,0,,False,7,train,2
2400,0.0,675.51609,675.7663,0.08,gabors,null,4.0,"[3644.93333333, 3644.93333333]",0.0,40.0,-20.0,"[20.0, 20.0]",null,null,null,0.8,null,0.25021118,95,,,0,,False,10,train,0
2401,0.0,675.7663,676.01651,0.08,gabors,null,4.0,"[3644.93333333, 3644.93333333]",0.0,20.0,-10.0,"[20.0, 20.0]",null,null,null,0.8,null,0.25020632,87,,,0,,False,9,train,0
2402,0.0,676.01651,676.26671,0.08,gabors,null,4.0,"[3644.93333333, 3644.93333333]",90.0,30.0,-40.0,"[20.0, 20.0]",null,null,null,0.8,null,0.25020632,184,,,0,,False,8,test,2
2403,0.0,676.26671,676.51692,0.08,gabors,null,4.0,"[3644.93333333, 3644.93333333]",90.0,-30.0,0.0,"[20.0, 20.0]",null,null,null,0.8,null,0.25020632,105,,,0,,False,10,train,2
2404,0.0,676.51692,676.76713,0.08,gabors,null,4.0,"[3644.93333333, 3644.93333333]",45.0,-10.0,-20.0,"[20.0, 20.0]",null,null,null,0.8,null,0.25020632,48,,,0,,False,10,train,1
2405,0.0,676.76713,677.01734,0.08,gabors,null,4.0,"[3644.93333333, 3644.93333333]",90.0,20.0,40.0,"[20.0, 20.0]",null,null,null,0.8,null,0.25021618,158,,,0,,False,10,train,2
2406,0.0,677.01734,677.26756,0.08,gabors,null,4.0,"[3644.93333333, 3644.93333333]",45.0,10.0,-20.0,"[20.0, 20.0]",null,null,null,0.8,null,0.25021618,64,,,0,,False,10,train,1
2407,0.0,677.26756,677.51778,0.08,gabors,null,4.0,"[3644.93333333, 3644.93333333]",0.0,30.0,40.0,"[20.0, 20.0]",null,null,null,0.8,null,0.25021618,20,,,0,,False,10,train,0
2408,0.0,677.51778,677.76799,0.08,gabors,null,4.0,"[3644.93333333, 3644.93333333]",0.0,-10.0,-30.0,"[20.0, 20.0]",null,null,null,0.8,null,0.25021618,79,,,0,,False,9,train,0
2409,0.0,677.76799,678.0182,0.08,gabors,null,4.0,"[3644.93333333, 3644.93333333]",0.0,30.0,-40.0,"[20.0, 20.0]",null,null,null,0.8,null,0.25020382,70,,,0,,False,10,train,0
2410,0.0,678.0182,678.2684,0.08,gabors,null,4.0,"[3644.93333333, 3644.93333333]",45.0,-30.0,-30.0,"[20.0, 20.0]",null,null,null,0.8,null,0.25020382,190,,,0,,False,7,train,1
2411,0.0,678.2684,678.5186,0.08,gabors,null,4.0,"[3644.93333333, 3644.93333333]",90.0,-30.0,-10.0,"[20.0, 20.0]",null,null,null,0.8,null,0.25020382,43,,,0,,False,8,test,2
2412,0.0,678.5186,678.76881,0.08,gabors,null,4.0,"[3644.93333333, 3644.93333333]",0.0,40.0,-10.0,"[20.0, 20.0]",null,null,null,0.8,null,0.25020382,114,,,0,,False,8,test,0
2413,0.0,678.76881,679.01902,0.08,gabors,null,4.0,"[3644.93333333, 3644.93333333]",45.0,40.0,0.0,"[20.0, 20.0]",null,null,null,0.8,null,0.25020868,126,,,0,,False,8,test,1
2414,0.0,679.01902,679.26922,0.08,gabors,null,4.0,"[3644.93333333, 3644.93333333]",0.0,-30.0,-30.0,"[20.0, 20.0]",null,null,null,0.8,null,0.25020868,224,,,0,,False,6,train,0
2415,0.0,679.26922,679.51943,0.08,gabors,null,4.0,"[3644.93333333, 3644.93333333]",45.0,-10.0,-30.0,"[20.0, 20.0]",null,null,null,0.8,null,0.25020868,148,,,0,,False,12,train,1
2416,0.0,679.51943,679.76964,0.08,gabors,null,4.0,"[3644.93333333, 3644.93333333]",0.0,0.0,30.0,"[20.0, 20.0]",null,null,null,0.8,null,0.25020868,21,,,0,,False,11,test,0
2417,0.0,679.76964,680.01985,0.08,gabors,null,4.0,"[3644.93333333, 3644.93333333]",45.0,10.0,0.0,"[20.0, 20.0]",null,null,null,0.8,null,0.25021132,243,,,0,,False,7,train,1
2418,0.0,680.01985,680.27006,0.08,gabors,null,4.0,"[3644.93333333, 3644.93333333]",45.0,-10.0,-10.0,"[20.0, 20.0]",null,null,null,0.8,null,0.25021132,242,,,0,,False,8,test,1
2419,0.0,680.27006,680.52028,0.08,gabors,null,4.0,"[3644.93333333, 3644.93333333]",90.0,-30.0,-20.0,"[20.0, 20.0]",null,null,null,0.8,null,0.25021132,16,,,0,,False,9,train,2
2420,0.0,680.52028,680.77049,0.08,gabors,null,4.0,"[3644.93333333, 3644.93333333]",0.0,10.0,10.0,"[20.0, 20.0]",null,null,null,0.8,null,0.25021132,42,,,0,,False,10,train,0
2421,0.0,680.77049,681.02069,0.08,gabors,null,4.0,"[3644.93333333, 3644.93333333]",0.0,-30.0,0.0,"[20.0, 20.0]",null,null,null,0.8,null,0.25020368,179,,,0,,False,7,train,0
2422,0.0,681.02069,681.27089,0.08,gabors,null,4.0,"[3644.93333333, 3644.93333333]",45.0,-30.0,-30.0,"[20.0, 20.0]",null,null,null,0.8,null,0.25020368,190,,,0,,False,8,test,1
2423,0.0,681.27089,681.5211,0.08,gabors,null,4.0,"[3644.93333333, 3644.93333333]",90.0,-40.0,-40.0,"[20.0, 20.0]",null,null,null,0.8,null,0.25020368,1,,,0,,False,9,train,2
2424,0.0,681.5211,681.7713,0.08,gabors,null,4.0,"[3644.93333333, 3644.93333333]",0.0,40.0,10.0,"[20.0, 20.0]",null,null,null,0.8,null,0.25020368,76,,,0,,False,6,train,0
2425,0.0,681.7713,682.02152,0.08,gabors,null,4.0,"[3644.93333333, 3644.93333333]",45.0,-40.0,20.0,"[20.0, 20.0]",null,null,null,0.8,null,0.25021382,124,,,0,,False,10,train,1
2426,0.0,682.02152,682.27173,0.08,gabors,null,4.0,"[3644.93333333, 3644.93333333]",90.0,-30.0,-30.0,"[20.0, 20.0]",null,null,null,0.8,null,0.25021382,50,,,0,,False,10,train,2
2427,0.0,682.27173,682.52194,0.08,gabors,null,4.0,"[3644.93333333, 3644.93333333]",45.0,30.0,40.0,"[20.0, 20.0]",null,null,null,0.8,null,0.25021382,52,,,0,,False,8,test,1
2428,0.0,682.52194,682.77216,0.08,gabors,null,4.0,"[3644.93333333, 3644.93333333]",90.0,40.0,20.0,"[20.0, 20.0]",null,null,null,0.8,null,0.25021382,123,,,0,,False,9,train,2
2429,0.0,682.77216,683.02237,0.08,gabors,null,4.0,"[3644.93333333, 3644.93333333]",90.0,20.0,-40.0,"[20.0, 20.0]",null,null,null,0.8,null,0.25020868,183,,,0,,False,10,train,2
2430,0.0,683.02237,683.27257,0.08,gabors,null,4.0,"[3644.93333333, 3644.93333333]",90.0,-20.0,-20.0,"[20.0, 20.0]",null,null,null,0.8,null,0.25020868,35,,,0,,False,10,train,2
2431,0.0,683.27257,683.52278,0.08,gabors,null,4.0,"[3644.93333333, 3644.93333333]",90.0,30.0,-20.0,"[20.0, 20.0]",null,null,null,0.8,null,0.25020868,55,,,0,,False,6,train,2
2432,0.0,683.52278,683.77299,0.08,gabors,null,4.0,"[3644.93333333, 3644.93333333]",0.0,30.0,-40.0,"[20.0, 20.0]",null,null,null,0.8,null,0.25020868,70,,,0,,False,11,test,0
2433,0.0,683.77299,684.0232,0.08,gabors,null,4.0,"[3644.93333333, 3644.93333333]",90.0,-30.0,-40.0,"[20.0, 20.0]",null,null,null,0.8,null,0.25020632,149,,,0,,False,7,train,2
2434,0.0,684.0232,684.2734,0.08,gabors,null,4.0,"[3644.93333333, 3644.93333333]",0.0,30.0,-20.0,"[20.0, 20.0]",null,null,null,0.8,null,0.25020632,171,,,0,,False,7,train,0
2435,0.0,684.2734,684.52361,0.08,gabors,null,4.0,"[3644.93333333, 3644.93333333]",45.0,30.0,20.0,"[20.0, 20.0]",null,null,null,0.8,null,0.25020632,37,,,0,,False,13,train,1
2436,0.0,684.52361,684.77382,0.08,gabors,null,4.0,"[3644.93333333, 3644.93333333]",0.0,-20.0,40.0,"[20.0, 20.0]",null,null,null,0.8,null,0.25020632,107,,,0,,False,9,train,0
2437,0.0,684.77382,685.02403,0.08,gabors,null,4.0,"[3644.93333333, 3644.93333333]",90.0,-20.0,10.0,"[20.0, 20.0]",null,null,null,0.8,null,0.25021618,26,,,0,,False,12,train,2
2438,0.0,685.02403,685.27425,0.08,gabors,null,4.0,"[3644.93333333, 3644.93333333]",0.0,-40.0,20.0,"[20.0, 20.0]",null,null,null,0.8,null,0.25021618,151,,,0,,False,11,test,0
2439,0.0,685.27425,685.52447,0.08,gabors,null,4.0,"[3644.93333333, 3644.93333333]",90.0,10.0,-40.0,"[20.0, 20.0]",null,null,null,0.8,null,0.25021618,9,,,0,,False,8,test,2
2440,0.0,685.52447,685.77468,0.08,gabors,null,4.0,"[3644.93333333, 3644.93333333]",90.0,20.0,-20.0,"[20.0, 20.0]",null,null,null,0.8,null,0.25021618,12,,,0,,False,10,train,2
2441,0.0,685.77468,686.02489,0.08,gabors,null,4.0,"[3644.93333333, 3644.93333333]",0.0,20.0,20.0,"[20.0, 20.0]",null,null,null,0.8,null,0.25020632,10,,,0,,False,10,train,0
2442,0.0,686.02489,686.27509,0.08,gabors,null,4.0,"[3644.93333333, 3644.93333333]",90.0,-10.0,-30.0,"[20.0, 20.0]",null,null,null,0.8,null,0.25020632,166,,,0,,False,9,train,2
2443,0.0,686.27509,686.5253,0.08,gabors,null,4.0,"[3644.93333333, 3644.93333333]",0.0,40.0,10.0,"[20.0, 20.0]",null,null,null,0.8,null,0.25020632,76,,,0,,False,7,train,0
2444,0.0,686.5253,686.77551,0.08,gabors,null,4.0,"[3644.93333333, 3644.93333333]",0.0,0.0,40.0,"[20.0, 20.0]",null,null,null,0.8,null,0.25020632,125,,,0,,False,8,test,0
2445,0.0,686.77551,687.02571,0.08,gabors,null,4.0,"[3644.93333333, 3644.93333333]",45.0,20.0,-40.0,"[20.0, 20.0]",null,null,null,0.8,null,0.25020368,131,,,0,,False,11,test,1
2446,0.0,687.02571,687.27591,0.08,gabors,null,4.0,"[3644.93333333, 3644.93333333]",45.0,-10.0,-10.0,"[20.0, 20.0]",null,null,null,0.8,null,0.25020368,242,,,0,,False,9,train,1
2447,0.0,687.27591,687.52612,0.08,gabors,null,4.0,"[3644.93333333, 3644.93333333]",45.0,-10.0,30.0,"[20.0, 20.0]",null,null,null,0.8,null,0.25020368,231,,,0,,False,8,test,1
2448,0.0,687.52612,687.77632,0.08,gabors,null,4.0,"[3644.93333333, 3644.93333333]",0.0,-10.0,-30.0,"[20.0, 20.0]",null,null,null,0.8,null,0.25020368,79,,,0,,False,10,train,0
2449,0.0,687.77632,688.02653,0.08,gabors,null,4.0,"[3644.93333333, 3644.93333333]",0.0,30.0,-30.0,"[20.0, 20.0]",null,null,null,0.8,null,0.25021132,130,,,0,,False,11,test,0
2450,0.0,688.02653,688.27674,0.08,gabors,null,4.0,"[3644.93333333, 3644.93333333]",90.0,-30.0,-10.0,"[20.0, 20.0]",null,null,null,0.8,null,0.25021132,43,,,0,,False,9,train,2
2451,0.0,688.27674,688.52696,0.08,gabors,null,4.0,"[3644.93333333, 3644.93333333]",90.0,-10.0,-10.0,"[20.0, 20.0]",null,null,null,0.8,null,0.25021132,230,,,0,,False,9,train,2
2452,0.0,688.52696,688.77717,0.08,gabors,null,4.0,"[3644.93333333, 3644.93333333]",0.0,-10.0,-30.0,"[20.0, 20.0]",null,null,null,0.8,null,0.25021132,79,,,0,,False,11,test,0
2453,0.0,688.77717,689.02738,0.08,gabors,null,4.0,"[3644.93333333, 3644.93333333]",90.0,10.0,-20.0,"[20.0, 20.0]",null,null,null,0.8,null,0.25021118,106,,,0,,False,10,train,2
2454,0.0,689.02738,689.27759,0.08,gabors,null,4.0,"[3644.93333333, 3644.93333333]",0.0,0.0,20.0,"[20.0, 20.0]",null,null,null,0.8,null,0.25021118,214,,,0,,False,9,train,0
2455,0.0,689.27759,689.5278,0.08,gabors,null,4.0,"[3644.93333333, 3644.93333333]",90.0,-20.0,-40.0,"[20.0, 20.0]",null,null,null,0.8,null,0.25021118,36,,,0,,False,11,test,2
2456,0.0,689.5278,689.77801,0.08,gabors,null,4.0,"[3644.93333333, 3644.93333333]",0.0,-30.0,-20.0,"[20.0, 20.0]",null,null,null,0.8,null,0.25021118,143,,,0,,False,12,train,0
2457,0.0,689.77801,690.02822,0.08,gabors,null,4.0,"[3644.93333333, 3644.93333333]",45.0,0.0,-40.0,"[20.0, 20.0]",null,null,null,0.8,null,0.25020882,72,,,0,,False,13,train,1
2458,0.0,690.02822,690.27843,0.08,gabors,null,4.0,"[3644.93333333, 3644.93333333]",90.0,-40.0,-20.0,"[20.0, 20.0]",null,null,null,0.8,null,0.25020882,40,,,0,,False,9,train,2
2459,0.0,690.27843,690.52864,0.08,gabors,null,4.0,"[3644.93333333, 3644.93333333]",90.0,-30.0,0.0,"[20.0, 20.0]",null,null,null,0.8,null,0.25020882,105,,,0,,False,11,test,2
2460,0.0,690.52864,690.77885,0.08,gabors,null,4.0,"[3644.93333333, 3644.93333333]",45.0,40.0,40.0,"[20.0, 20.0]",null,null,null,0.8,null,0.25020882,65,,,0,,False,11,test,1
2461,0.0,690.77885,691.02905,0.08,gabors,null,4.0,"[3644.93333333, 3644.93333333]",0.0,20.0,20.0,"[20.0, 20.0]",null,null,null,0.8,null,0.25020618,10,,,0,,False,11,test,0
2462,0.0,691.02905,691.27926,0.08,gabors,null,4.0,"[3644.93333333, 3644.93333333]",0.0,-30.0,-30.0,"[20.0, 20.0]",null,null,null,0.8,null,0.25020618,224,,,0,,False,7,train,0
2463,0.0,691.27926,691.52947,0.08,gabors,null,4.0,"[3644.93333333, 3644.93333333]",45.0,-20.0,40.0,"[20.0, 20.0]",null,null,null,0.8,null,0.25020618,49,,,0,,False,10,train,1
2464,0.0,691.52947,691.77967,0.08,gabors,null,4.0,"[3644.93333333, 3644.93333333]",45.0,30.0,-40.0,"[20.0, 20.0]",null,null,null,0.8,null,0.25020618,54,,,0,,False,10,train,1
2465,0.0,691.77967,692.02988,0.08,gabors,null,4.0,"[3644.93333333, 3644.93333333]",0.0,-10.0,-40.0,"[20.0, 20.0]",null,null,null,0.8,null,0.25021132,53,,,0,,False,9,train,0
2466,0.0,692.02988,692.28009,0.08,gabors,null,4.0,"[3644.93333333, 3644.93333333]",90.0,-40.0,20.0,"[20.0, 20.0]",null,null,null,0.8,null,0.25021132,108,,,0,,False,10,train,2
2467,0.0,692.28009,692.53031,0.08,gabors,null,4.0,"[3644.93333333, 3644.93333333]",0.0,-40.0,20.0,"[20.0, 20.0]",null,null,null,0.8,null,0.25021132,151,,,0,,False,12,train,0
2468,0.0,692.53031,692.78052,0.08,gabors,null,4.0,"[3644.93333333, 3644.93333333]",0.0,40.0,30.0,"[20.0, 20.0]",null,null,null,0.8,null,0.25021132,100,,,0,,False,11,test,0
2469,0.0,692.78052,693.03073,0.08,gabors,null,4.0,"[3644.93333333, 3644.93333333]",90.0,-10.0,-40.0,"[20.0, 20.0]",null,null,null,0.8,null,0.25020868,163,,,0,,False,9,train,2
2470,0.0,693.03073,693.28093,0.08,gabors,null,4.0,"[3644.93333333, 3644.93333333]",90.0,10.0,40.0,"[20.0, 20.0]",null,null,null,0.8,null,0.25020868,90,,,0,,False,9,train,2
2471,0.0,693.28093,693.53114,0.08,gabors,null,4.0,"[3644.93333333, 3644.93333333]",0.0,20.0,40.0,"[20.0, 20.0]",null,null,null,0.8,null,0.25020868,241,,,0,,False,9,train,0
2472,0.0,693.53114,693.78135,0.08,gabors,null,4.0,"[3644.93333333, 3644.93333333]",45.0,-20.0,-40.0,"[20.0, 20.0]",null,null,null,0.8,null,0.25020868,157,,,0,,False,12,train,1
2473,0.0,693.78135,694.03156,0.08,gabors,null,4.0,"[3644.93333333, 3644.93333333]",90.0,10.0,-40.0,"[20.0, 20.0]",null,null,null,0.8,null,0.25020882,9,,,0,,False,9,train,2
2474,0.0,694.03156,694.28177,0.08,gabors,null,4.0,"[3644.93333333, 3644.93333333]",45.0,-20.0,30.0,"[20.0, 20.0]",null,null,null,0.8,null,0.25020882,189,,,0,,False,7,train,1
2475,0.0,694.28177,694.53198,0.08,gabors,null,4.0,"[3644.93333333, 3644.93333333]",90.0,20.0,-40.0,"[20.0, 20.0]",null,null,null,0.8,null,0.25020882,183,,,0,,False,11,test,2
2476,0.0,694.53198,694.78219,0.08,gabors,null,4.0,"[3644.93333333, 3644.93333333]",45.0,10.0,30.0,"[20.0, 20.0]",null,null,null,0.8,null,0.25020882,218,,,0,,False,9,train,1
2477,0.0,694.78219,695.0324,0.08,gabors,null,4.0,"[3644.93333333, 3644.93333333]",90.0,40.0,0.0,"[20.0, 20.0]",null,null,null,0.8,null,0.25021118,152,,,0,,False,10,train,2
2478,0.0,695.0324,695.28261,0.08,gabors,null,4.0,"[3644.93333333, 3644.93333333]",45.0,30.0,-20.0,"[20.0, 20.0]",null,null,null,0.8,null,0.25021118,57,,,0,,False,10,train,1
2479,0.0,695.28261,695.53282,0.08,gabors,null,4.0,"[3644.93333333, 3644.93333333]",0.0,-30.0,-40.0,"[20.0, 20.0]",null,null,null,0.8,null,0.25021118,162,,,0,,False,8,test,0
2480,0.0,695.53282,695.78303,0.08,gabors,null,4.0,"[3644.93333333, 3644.93333333]",90.0,-40.0,-40.0,"[20.0, 20.0]",null,null,null,0.8,null,0.25021118,1,,,0,,False,10,train,2
2481,0.0,695.78303,696.03324,0.08,gabors,null,4.0,"[3644.93333333, 3644.93333333]",0.0,20.0,10.0,"[20.0, 20.0]",null,null,null,0.8,null,0.25020632,147,,,0,,False,9,train,0
2482,0.0,696.03324,696.28344,0.08,gabors,null,4.0,"[3644.93333333, 3644.93333333]",90.0,-20.0,-40.0,"[20.0, 20.0]",null,null,null,0.8,null,0.25020632,36,,,0,,False,12,train,2
2483,0.0,696.28344,696.53365,0.08,gabors,null,4.0,"[3644.93333333, 3644.93333333]",90.0,-40.0,-40.0,"[20.0, 20.0]",null,null,null,0.8,null,0.25020632,1,,,0,,False,11,test,2
2484,0.0,696.53365,696.78386,0.08,gabors,null,4.0,"[3644.93333333, 3644.93333333]",45.0,-10.0,10.0,"[20.0, 20.0]",null,null,null,0.8,null,0.25020632,89,,,0,,False,8,test,1
2485,0.0,696.78386,697.03407,0.08,gabors,null,4.0,"[3644.93333333, 3644.93333333]",45.0,10.0,-20.0,"[20.0, 20.0]",null,null,null,0.8,null,0.25020868,64,,,0,,False,11,test,1
2486,0.0,697.03407,697.28427,0.08,gabors,null,4.0,"[3644.93333333, 3644.93333333]",0.0,-40.0,30.0,"[20.0, 20.0]",null,null,null,0.8,null,0.25020868,2,,,0,,False,8,test,0
2487,0.0,697.28427,697.53448,0.08,gabors,null,4.0,"[3644.93333333, 3644.93333333]",90.0,20.0,40.0,"[20.0, 20.0]",null,null,null,0.8,null,0.25020868,158,,,0,,False,11,test,2
2488,0.0,697.53448,697.78469,0.08,gabors,null,4.0,"[3644.93333333, 3644.93333333]",0.0,10.0,-30.0,"[20.0, 20.0]",null,null,null,0.8,null,0.25020868,169,,,0,,False,13,train,0
2489,0.0,697.78469,698.0349,0.08,gabors,null,4.0,"[3644.93333333, 3644.93333333]",90.0,-40.0,30.0,"[20.0, 20.0]",null,null,null,0.8,null,0.25020882,202,,,0,,False,6,train,2
2490,0.0,698.0349,698.28511,0.08,gabors,null,4.0,"[3644.93333333, 3644.93333333]",90.0,20.0,-40.0,"[20.0, 20.0]",null,null,null,0.8,null,0.25020882,183,,,0,,False,12,train,2
2491,0.0,698.28511,698.53532,0.08,gabors,null,4.0,"[3644.93333333, 3644.93333333]",0.0,10.0,-40.0,"[20.0, 20.0]",null,null,null,0.8,null,0.25020882,186,,,0,,False,9,train,0
2492,0.0,698.53532,698.78553,0.08,gabors,null,4.0,"[3644.93333333, 3644.93333333]",45.0,20.0,-20.0,"[20.0, 20.0]",null,null,null,0.8,null,0.25020882,208,,,0,,False,11,test,1
2493,0.0,698.78553,699.03574,0.08,gabors,null,4.0,"[3644.93333333, 3644.93333333]",90.0,20.0,40.0,"[20.0, 20.0]",null,null,null,0.8,null,0.25020868,158,,,0,,False,12,train,2
2494,0.0,699.03574,699.28594,0.08,gabors,null,4.0,"[3644.93333333, 3644.93333333]",0.0,30.0,10.0,"[20.0, 20.0]",null,null,null,0.8,null,0.25020868,141,,,0,,False,7,train,0
2495,0.0,699.28594,699.53615,0.08,gabors,null,4.0,"[3644.93333333, 3644.93333333]",0.0,-20.0,0.0,"[20.0, 20.0]",null,null,null,0.8,null,0.25020868,44,,,0,,False,8,test,0
2496,0.0,699.53615,699.78636,0.08,gabors,null,4.0,"[3644.93333333, 3644.93333333]",90.0,-10.0,20.0,"[20.0, 20.0]",null,null,null,0.8,null,0.25020868,188,,,0,,False,11,test,2
2497,0.0,699.78636,700.03657,0.08,gabors,null,4.0,"[3644.93333333, 3644.93333333]",90.0,10.0,10.0,"[20.0, 20.0]",null,null,null,0.8,null,0.25021132,180,,,0,,False,7,train,2
2498,0.0,700.03657,700.28678,0.08,gabors,null,4.0,"[3644.93333333, 3644.93333333]",90.0,-30.0,30.0,"[20.0, 20.0]",null,null,null,0.8,null,0.25021132,8,,,0,,False,8,test,2
2499,0.0,700.28678,700.537,0.08,gabors,null,4.0,"[3644.93333333, 3644.93333333]",45.0,-20.0,40.0,"[20.0, 20.0]",null,null,null,0.8,null,0.25021132,49,,,0,,False,11,test,1
2500,0.0,700.537,700.78721,0.08,gabors,null,4.0,"[3644.93333333, 3644.93333333]",0.0,-20.0,-40.0,"[20.0, 20.0]",null,null,null,0.8,null,0.25021132,51,,,0,,False,12,train,0
2501,0.0,700.78721,701.03742,0.08,gabors,null,4.0,"[3644.93333333, 3644.93333333]",90.0,40.0,20.0,"[20.0, 20.0]",null,null,null,0.8,null,0.25021118,123,,,0,,False,10,train,2
2502,0.0,701.03742,701.28763,0.08,gabors,null,4.0,"[3644.93333333, 3644.93333333]",45.0,-20.0,-20.0,"[20.0, 20.0]",null,null,null,0.8,null,0.25021118,177,,,0,,False,10,train,1
2503,0.0,701.28763,701.53784,0.08,gabors,null,4.0,"[3644.93333333, 3644.93333333]",45.0,0.0,-20.0,"[20.0, 20.0]",null,null,null,0.8,null,0.25021118,27,,,0,,False,10,train,1
2504,0.0,701.53784,701.78805,0.08,gabors,null,4.0,"[3644.93333333, 3644.93333333]",45.0,30.0,-30.0,"[20.0, 20.0]",null,null,null,0.8,null,0.25021118,102,,,0,,False,13,train,1
2505,0.0,701.78805,702.03826,0.08,gabors,null,4.0,"[3644.93333333, 3644.93333333]",45.0,10.0,-30.0,"[20.0, 20.0]",null,null,null,0.8,null,0.25020632,140,,,0,,False,10,train,1
2506,0.0,702.03826,702.28846,0.08,gabors,null,4.0,"[3644.93333333, 3644.93333333]",90.0,10.0,10.0,"[20.0, 20.0]",null,null,null,0.8,null,0.25020632,180,,,0,,False,8,test,2
2507,0.0,702.28846,702.53867,0.08,gabors,null,4.0,"[3644.93333333, 3644.93333333]",45.0,-40.0,40.0,"[20.0, 20.0]",null,null,null,0.8,null,0.25020632,172,,,0,,False,6,train,1
2508,0.0,702.53867,702.78888,0.08,gabors,null,4.0,"[3644.93333333, 3644.93333333]",0.0,-30.0,-30.0,"[20.0, 20.0]",null,null,null,0.8,null,0.25020632,224,,,0,,False,8,test,0
2509,0.0,702.78888,703.03908,0.08,gabors,null,4.0,"[3644.93333333, 3644.93333333]",45.0,0.0,20.0,"[20.0, 20.0]",null,null,null,0.8,null,0.25020618,129,,,0,,False,11,test,1
2510,0.0,703.03908,703.28929,0.08,gabors,null,4.0,"[3644.93333333, 3644.93333333]",45.0,-20.0,40.0,"[20.0, 20.0]",null,null,null,0.8,null,0.25020618,49,,,0,,False,12,train,1
2511,0.0,703.28929,703.5395,0.08,gabors,null,4.0,"[3644.93333333, 3644.93333333]",90.0,0.0,10.0,"[20.0, 20.0]",null,null,null,0.8,null,0.25020618,41,,,0,,False,12,train,2
2512,0.0,703.5395,703.7897,0.08,gabors,null,4.0,"[3644.93333333, 3644.93333333]",90.0,20.0,0.0,"[20.0, 20.0]",null,null,null,0.8,null,0.25020618,73,,,0,,False,10,train,2
2513,0.0,703.7897,704.03991,0.08,gabors,null,4.0,"[3644.93333333, 3644.93333333]",0.0,40.0,20.0,"[20.0, 20.0]",null,null,null,0.8,null,0.25021132,239,,,0,,False,4,train,0
2514,0.0,704.03991,704.29012,0.08,gabors,null,4.0,"[3644.93333333, 3644.93333333]",45.0,20.0,-10.0,"[20.0, 20.0]",null,null,null,0.8,null,0.25021132,236,,,0,,False,8,test,1
2515,0.0,704.29012,704.54034,0.08,gabors,null,4.0,"[3644.93333333, 3644.93333333]",45.0,-30.0,40.0,"[20.0, 20.0]",null,null,null,0.8,null,0.25021132,58,,,0,,False,10,train,1
2516,0.0,704.54034,704.79055,0.08,gabors,null,4.0,"[3644.93333333, 3644.93333333]",0.0,-30.0,-30.0,"[20.0, 20.0]",null,null,null,0.8,null,0.25021132,224,,,0,,False,9,train,0
2517,0.0,704.79055,705.04076,0.08,gabors,null,4.0,"[3644.93333333, 3644.93333333]",90.0,-30.0,20.0,"[20.0, 20.0]",null,null,null,0.8,null,0.25020868,139,,,0,,False,11,test,2
2518,0.0,705.04076,705.29096,0.08,gabors,null,4.0,"[3644.93333333, 3644.93333333]",45.0,30.0,-10.0,"[20.0, 20.0]",null,null,null,0.8,null,0.25020868,223,,,0,,False,8,test,1
2519,0.0,705.29096,705.54117,0.08,gabors,null,4.0,"[3644.93333333, 3644.93333333]",0.0,-10.0,20.0,"[20.0, 20.0]",null,null,null,0.8,null,0.25020868,228,,,0,,False,9,train,0
2520,0.0,705.54117,705.79138,0.08,gabors,null,4.0,"[3644.93333333, 3644.93333333]",90.0,20.0,-20.0,"[20.0, 20.0]",null,null,null,0.8,null,0.25020868,12,,,0,,False,11,test,2
2521,0.0,705.79138,706.04159,0.08,gabors,null,4.0,"[3644.93333333, 3644.93333333]",0.0,40.0,10.0,"[20.0, 20.0]",null,null,null,0.8,null,0.25020882,76,,,0,,False,8,test,0
2522,0.0,706.04159,706.2918,0.08,gabors,null,4.0,"[3644.93333333, 3644.93333333]",0.0,20.0,20.0,"[20.0, 20.0]",null,null,null,0.8,null,0.25020882,10,,,0,,False,12,train,0
2523,0.0,706.2918,706.54201,0.08,gabors,null,4.0,"[3644.93333333, 3644.93333333]",0.0,-10.0,40.0,"[20.0, 20.0]",null,null,null,0.8,null,0.25020882,60,,,0,,False,11,test,0
2524,0.0,706.54201,706.79222,0.08,gabors,null,4.0,"[3644.93333333, 3644.93333333]",0.0,20.0,0.0,"[20.0, 20.0]",null,null,null,0.8,null,0.25020882,71,,,0,,False,13,train,0
2525,0.0,706.79222,707.04243,0.08,gabors,null,4.0,"[3644.93333333, 3644.93333333]",0.0,-40.0,20.0,"[20.0, 20.0]",null,null,null,0.8,null,0.25021368,151,,,0,,False,13,train,0
2526,0.0,707.04243,707.29264,0.08,gabors,null,4.0,"[3644.93333333, 3644.93333333]",0.0,30.0,40.0,"[20.0, 20.0]",null,null,null,0.8,null,0.25021368,20,,,0,,False,11,test,0
2527,0.0,707.29264,707.54286,0.08,gabors,null,4.0,"[3644.93333333, 3644.93333333]",45.0,10.0,-20.0,"[20.0, 20.0]",null,null,null,0.8,null,0.25021368,64,,,0,,False,12,train,1
2528,0.0,707.54286,707.79307,0.08,gabors,null,4.0,"[3644.93333333, 3644.93333333]",0.0,-20.0,20.0,"[20.0, 20.0]",null,null,null,0.8,null,0.25021368,145,,,0,,False,10,train,0
2529,0.0,707.79307,708.04328,0.08,gabors,null,4.0,"[3644.93333333, 3644.93333333]",0.0,-10.0,0.0,"[20.0, 20.0]",null,null,null,0.8,null,0.25020632,122,,,0,,False,13,train,0
2530,0.0,708.04328,708.29348,0.08,gabors,null,4.0,"[3644.93333333, 3644.93333333]",0.0,30.0,-20.0,"[20.0, 20.0]",null,null,null,0.8,null,0.25020632,171,,,0,,False,8,test,0
2531,0.0,708.29348,708.54369,0.08,gabors,null,4.0,"[3644.93333333, 3644.93333333]",0.0,30.0,-40.0,"[20.0, 20.0]",null,null,null,0.8,null,0.25020632,70,,,0,,False,12,train,0
2532,0.0,708.54369,708.7939,0.08,gabors,null,4.0,"[3644.93333333, 3644.93333333]",90.0,10.0,40.0,"[20.0, 20.0]",null,null,null,0.8,null,0.25020632,90,,,0,,False,10,train,2
2533,0.0,708.7939,709.04411,0.08,gabors,null,4.0,"[3644.93333333, 3644.93333333]",45.0,-30.0,-30.0,"[20.0, 20.0]",null,null,null,0.8,null,0.25021118,190,,,0,,False,9,train,1
2534,0.0,709.04411,709.29432,0.08,gabors,null,4.0,"[3644.93333333, 3644.93333333]",90.0,10.0,10.0,"[20.0, 20.0]",null,null,null,0.8,null,0.25021118,180,,,0,,False,9,train,2
2535,0.0,709.29432,709.54453,0.08,gabors,null,4.0,"[3644.93333333, 3644.93333333]",90.0,-10.0,0.0,"[20.0, 20.0]",null,null,null,0.8,null,0.25021118,195,,,0,,False,9,train,2
2536,0.0,709.54453,709.79474,0.08,gabors,null,4.0,"[3644.93333333, 3644.93333333]",0.0,20.0,-30.0,"[20.0, 20.0]",null,null,null,0.8,null,0.25021118,116,,,0,,False,11,test,0
2537,0.0,709.79474,710.04495,0.08,gabors,null,4.0,"[3644.93333333, 3644.93333333]",90.0,-40.0,20.0,"[20.0, 20.0]",null,null,null,0.8,null,0.25020632,108,,,0,,False,11,test,2
2538,0.0,710.04495,710.29515,0.08,gabors,null,4.0,"[3644.93333333, 3644.93333333]",90.0,-40.0,10.0,"[20.0, 20.0]",null,null,null,0.8,null,0.25020632,185,,,0,,False,9,train,2
2539,0.0,710.29515,710.54536,0.08,gabors,null,4.0,"[3644.93333333, 3644.93333333]",0.0,0.0,-30.0,"[20.0, 20.0]",null,null,null,0.8,null,0.25020632,46,,,0,,False,10,train,0
2540,0.0,710.54536,710.79557,0.08,gabors,null,4.0,"[3644.93333333, 3644.93333333]",45.0,-30.0,30.0,"[20.0, 20.0]",null,null,null,0.8,null,0.25020632,227,,,0,,False,9,train,1
2541,0.0,710.79557,711.04578,0.08,gabors,null,4.0,"[3644.93333333, 3644.93333333]",45.0,0.0,0.0,"[20.0, 20.0]",null,null,null,0.8,null,0.25021368,7,,,0,,False,10,train,1
2542,0.0,711.04578,711.29599,0.08,gabors,null,4.0,"[3644.93333333, 3644.93333333]",0.0,0.0,-20.0,"[20.0, 20.0]",null,null,null,0.8,null,0.25021368,213,,,0,,False,12,train,0
2543,0.0,711.29599,711.54621,0.08,gabors,null,4.0,"[3644.93333333, 3644.93333333]",45.0,20.0,-10.0,"[20.0, 20.0]",null,null,null,0.8,null,0.25021368,236,,,0,,False,9,train,1
2544,0.0,711.54621,711.79642,0.08,gabors,null,4.0,"[3644.93333333, 3644.93333333]",0.0,20.0,30.0,"[20.0, 20.0]",null,null,null,0.8,null,0.25021368,182,,,0,,False,12,train,0
2545,0.0,711.79642,712.04663,0.08,gabors,null,4.0,"[3644.93333333, 3644.93333333]",0.0,-10.0,-40.0,"[20.0, 20.0]",null,null,null,0.8,null,0.25020382,53,,,0,,False,10,train,0
2546,0.0,712.04663,712.29683,0.08,gabors,null,4.0,"[3644.93333333, 3644.93333333]",0.0,10.0,-10.0,"[20.0, 20.0]",null,null,null,0.8,null,0.25020382,17,,,0,,False,13,train,0
2547,0.0,712.29683,712.54703,0.08,gabors,null,4.0,"[3644.93333333, 3644.93333333]",0.0,0.0,-30.0,"[20.0, 20.0]",null,null,null,0.8,null,0.25020382,46,,,0,,False,11,test,0
2548,0.0,712.54703,712.79724,0.08,gabors,null,4.0,"[3644.93333333, 3644.93333333]",90.0,-30.0,40.0,"[20.0, 20.0]",null,null,null,0.8,null,0.25020382,47,,,0,,False,10,train,2
2549,0.0,712.79724,713.04745,0.08,gabors,null,4.0,"[3644.93333333, 3644.93333333]",90.0,40.0,-30.0,"[20.0, 20.0]",null,null,null,0.8,null,0.25021368,168,,,0,,False,9,train,2
2550,0.0,713.04745,713.29766,0.08,gabors,null,4.0,"[3644.93333333, 3644.93333333]",0.0,-10.0,20.0,"[20.0, 20.0]",null,null,null,0.8,null,0.25021368,228,,,0,,False,10,train,0
2551,0.0,713.29766,713.54788,0.08,gabors,null,4.0,"[3644.93333333, 3644.93333333]",90.0,0.0,30.0,"[20.0, 20.0]",null,null,null,0.8,null,0.25021368,92,,,0,,False,10,train,2
2552,0.0,713.54788,713.79809,0.08,gabors,null,4.0,"[3644.93333333, 3644.93333333]",90.0,10.0,-10.0,"[20.0, 20.0]",null,null,null,0.8,null,0.25021368,117,,,0,,False,10,train,2
2553,0.0,713.79809,714.0483,0.08,gabors,null,4.0,"[3644.93333333, 3644.93333333]",90.0,-40.0,-20.0,"[20.0, 20.0]",null,null,null,0.8,null,0.25020632,40,,,0,,False,10,train,2
2554,0.0,714.0483,714.2985,0.08,gabors,null,4.0,"[3644.93333333, 3644.93333333]",45.0,0.0,-30.0,"[20.0, 20.0]",null,null,null,0.8,null,0.25020632,232,,,0,,False,8,test,1
2555,0.0,714.2985,714.54871,0.08,gabors,null,4.0,"[3644.93333333, 3644.93333333]",90.0,-40.0,40.0,"[20.0, 20.0]",null,null,null,0.8,null,0.25020632,98,,,0,,False,8,test,2
2556,0.0,714.54871,714.79892,0.08,gabors,null,4.0,"[3644.93333333, 3644.93333333]",45.0,-30.0,-10.0,"[20.0, 20.0]",null,null,null,0.8,null,0.25020632,69,,,0,,False,10,train,1
2557,0.0,714.79892,715.04913,0.08,gabors,null,4.0,"[3644.93333333, 3644.93333333]",45.0,0.0,20.0,"[20.0, 20.0]",null,null,null,0.8,null,0.25021618,129,,,0,,False,12,train,1
2558,0.0,715.04913,715.29935,0.08,gabors,null,4.0,"[3644.93333333, 3644.93333333]",90.0,-30.0,40.0,"[20.0, 20.0]",null,null,null,0.8,null,0.25021618,47,,,0,,False,11,test,2
2559,0.0,715.29935,715.54957,0.08,gabors,null,4.0,"[3644.93333333, 3644.93333333]",45.0,-30.0,10.0,"[20.0, 20.0]",null,null,null,0.8,null,0.25021618,142,,,0,,False,8,test,1
2560,0.0,715.54957,715.79978,0.08,gabors,null,4.0,"[3644.93333333, 3644.93333333]",0.0,40.0,-10.0,"[20.0, 20.0]",null,null,null,0.8,null,0.25021618,114,,,0,,False,9,train,0
2561,0.0,715.79978,716.04998,0.08,gabors,null,4.0,"[3644.93333333, 3644.93333333]",0.0,30.0,10.0,"[20.0, 20.0]",null,null,null,0.8,null,0.25020132,141,,,0,,False,8,test,0
2562,0.0,716.04998,716.30018,0.08,gabors,null,4.0,"[3644.93333333, 3644.93333333]",90.0,10.0,40.0,"[20.0, 20.0]",null,null,null,0.8,null,0.25020132,90,,,0,,False,11,test,2
2563,0.0,716.30018,716.55039,0.08,gabors,null,4.0,"[3644.93333333, 3644.93333333]",90.0,-40.0,30.0,"[20.0, 20.0]",null,null,null,0.8,null,0.25020132,202,,,0,,False,7,train,2
2564,0.0,716.55039,716.80059,0.08,gabors,null,4.0,"[3644.93333333, 3644.93333333]",90.0,0.0,30.0,"[20.0, 20.0]",null,null,null,0.8,null,0.25020132,92,,,0,,False,11,test,2
2565,0.0,716.80059,717.0508,0.08,gabors,null,4.0,"[3644.93333333, 3644.93333333]",0.0,20.0,40.0,"[20.0, 20.0]",null,null,null,0.8,null,0.25021368,241,,,0,,False,10,train,0
2566,0.0,717.0508,717.30101,0.08,gabors,null,4.0,"[3644.93333333, 3644.93333333]",90.0,0.0,-30.0,"[20.0, 20.0]",null,null,null,0.8,null,0.25021368,5,,,0,,False,8,test,2
2567,0.0,717.30101,717.55123,0.08,gabors,null,4.0,"[3644.93333333, 3644.93333333]",45.0,-30.0,-10.0,"[20.0, 20.0]",null,null,null,0.8,null,0.25021368,69,,,0,,False,11,test,1
2568,0.0,717.55123,717.80144,0.08,gabors,null,4.0,"[3644.93333333, 3644.93333333]",45.0,-10.0,10.0,"[20.0, 20.0]",null,null,null,0.8,null,0.25021368,89,,,0,,False,9,train,1
2569,0.0,717.80144,718.05164,0.08,gabors,null,4.0,"[3644.93333333, 3644.93333333]",0.0,-30.0,0.0,"[20.0, 20.0]",null,null,null,0.8,null,0.25020132,179,,,0,,False,8,test,0
2570,0.0,718.05164,718.30184,0.08,gabors,null,4.0,"[3644.93333333, 3644.93333333]",0.0,20.0,10.0,"[20.0, 20.0]",null,null,null,0.8,null,0.25020132,147,,,0,,False,10,train,0
2571,0.0,718.30184,718.55205,0.08,gabors,null,4.0,"[3644.93333333, 3644.93333333]",0.0,-30.0,-30.0,"[20.0, 20.0]",null,null,null,0.8,null,0.25020132,224,,,0,,False,10,train,0
2572,0.0,718.55205,718.80225,0.08,gabors,null,4.0,"[3644.93333333, 3644.93333333]",0.0,30.0,-10.0,"[20.0, 20.0]",null,null,null,0.8,null,0.25020132,181,,,0,,False,11,test,0
2573,0.0,718.80225,719.05247,0.08,gabors,null,4.0,"[3644.93333333, 3644.93333333]",90.0,0.0,0.0,"[20.0, 20.0]",null,null,null,0.8,null,0.25022118,80,,,0,,False,10,train,2
2574,0.0,719.05247,719.30269,0.08,gabors,null,4.0,"[3644.93333333, 3644.93333333]",0.0,40.0,20.0,"[20.0, 20.0]",null,null,null,0.8,null,0.25022118,239,,,0,,False,5,test,0
2575,0.0,719.30269,719.55291,0.08,gabors,null,4.0,"[3644.93333333, 3644.93333333]",0.0,10.0,40.0,"[20.0, 20.0]",null,null,null,0.8,null,0.25022118,194,,,0,,False,12,train,0
2576,0.0,719.55291,719.80313,0.08,gabors,null,4.0,"[3644.93333333, 3644.93333333]",90.0,-40.0,-10.0,"[20.0, 20.0]",null,null,null,0.8,null,0.25022118,225,,,0,,False,10,train,2
2577,0.0,719.80313,720.05333,0.08,gabors,null,4.0,"[3644.93333333, 3644.93333333]",90.0,-10.0,20.0,"[20.0, 20.0]",null,null,null,0.8,null,0.25019882,188,,,0,,False,12,train,2
2578,0.0,720.05333,720.30353,0.08,gabors,null,4.0,"[3644.93333333, 3644.93333333]",0.0,30.0,-10.0,"[20.0, 20.0]",null,null,null,0.8,null,0.25019882,181,,,0,,False,12,train,0
2579,0.0,720.30353,720.55373,0.08,gabors,null,4.0,"[3644.93333333, 3644.93333333]",0.0,30.0,40.0,"[20.0, 20.0]",null,null,null,0.8,null,0.25019882,20,,,0,,False,12,train,0
2580,0.0,720.55373,720.80393,0.08,gabors,null,4.0,"[3644.93333333, 3644.93333333]",45.0,40.0,-30.0,"[20.0, 20.0]",null,null,null,0.8,null,0.25019882,109,,,0,,False,9,train,1
2581,0.0,720.80393,721.05414,0.08,gabors,null,4.0,"[3644.93333333, 3644.93333333]",90.0,10.0,10.0,"[20.0, 20.0]",null,null,null,0.8,null,0.25021368,180,,,0,,False,10,train,2
2582,0.0,721.05414,721.30435,0.08,gabors,null,4.0,"[3644.93333333, 3644.93333333]",0.0,20.0,-20.0,"[20.0, 20.0]",null,null,null,0.8,null,0.25021368,25,,,0,,False,12,train,0
2583,0.0,721.30435,721.55457,0.08,gabors,null,4.0,"[3644.93333333, 3644.93333333]",90.0,-10.0,-30.0,"[20.0, 20.0]",null,null,null,0.8,null,0.25021368,166,,,0,,False,10,train,2
2584,0.0,721.55457,721.80478,0.08,gabors,null,4.0,"[3644.93333333, 3644.93333333]",90.0,40.0,30.0,"[20.0, 20.0]",null,null,null,0.8,null,0.25021368,240,,,0,,False,8,test,2
2585,0.0,721.80478,722.05499,0.08,gabors,null,4.0,"[3644.93333333, 3644.93333333]",45.0,20.0,30.0,"[20.0, 20.0]",null,null,null,0.8,null,0.25020382,63,,,0,,False,9,train,1
2586,0.0,722.05499,722.30519,0.08,gabors,null,4.0,"[3644.93333333, 3644.93333333]",45.0,-40.0,10.0,"[20.0, 20.0]",null,null,null,0.8,null,0.25020382,45,,,0,,False,10,train,1
2587,0.0,722.30519,722.55539,0.08,gabors,null,4.0,"[3644.93333333, 3644.93333333]",0.0,-10.0,-10.0,"[20.0, 20.0]",null,null,null,0.8,null,0.25020382,86,,,0,,False,10,train,0
2588,0.0,722.55539,722.8056,0.08,gabors,null,4.0,"[3644.93333333, 3644.93333333]",0.0,0.0,-10.0,"[20.0, 20.0]",null,null,null,0.8,null,0.25020382,137,,,0,,False,10,train,0
2589,0.0,722.8056,723.05581,0.08,gabors,null,4.0,"[3644.93333333, 3644.93333333]",0.0,10.0,0.0,"[20.0, 20.0]",null,null,null,0.8,null,0.25021618,197,,,0,,False,10,train,0
2590,0.0,723.05581,723.30603,0.08,gabors,null,4.0,"[3644.93333333, 3644.93333333]",0.0,-10.0,10.0,"[20.0, 20.0]",null,null,null,0.8,null,0.25021618,19,,,0,,False,10,train,0
2591,0.0,723.30603,723.55625,0.08,gabors,null,4.0,"[3644.93333333, 3644.93333333]",45.0,40.0,-30.0,"[20.0, 20.0]",null,null,null,0.8,null,0.25021618,109,,,0,,False,10,train,1
2592,0.0,723.55625,723.80646,0.08,gabors,null,4.0,"[3644.93333333, 3644.93333333]",90.0,-20.0,-40.0,"[20.0, 20.0]",null,null,null,0.8,null,0.25021618,36,,,0,,False,13,train,2
2593,0.0,723.80646,724.05667,0.08,gabors,null,4.0,"[3644.93333333, 3644.93333333]",0.0,40.0,10.0,"[20.0, 20.0]",null,null,null,0.8,null,0.25020382,76,,,0,,False,9,train,0
2594,0.0,724.05667,724.30687,0.08,gabors,null,4.0,"[3644.93333333, 3644.93333333]",0.0,-40.0,-40.0,"[20.0, 20.0]",null,null,null,0.8,null,0.25020382,206,,,0,,False,10,train,0
2595,0.0,724.30687,724.55707,0.08,gabors,null,4.0,"[3644.93333333, 3644.93333333]",90.0,-40.0,0.0,"[20.0, 20.0]",null,null,null,0.8,null,0.25020382,119,,,0,,False,12,train,2
2596,0.0,724.55707,724.80728,0.08,gabors,null,4.0,"[3644.93333333, 3644.93333333]",0.0,-20.0,-40.0,"[20.0, 20.0]",null,null,null,0.8,null,0.25020382,51,,,0,,False,13,train,0
2597,0.0,724.80728,725.0575,0.08,gabors,null,4.0,"[3644.93333333, 3644.93333333]",0.0,20.0,20.0,"[20.0, 20.0]",null,null,null,0.8,null,0.25021868,10,,,0,,False,13,train,0
2598,0.0,725.0575,725.30771,0.08,gabors,null,4.0,"[3644.93333333, 3644.93333333]",0.0,0.0,0.0,"[20.0, 20.0]",null,null,null,0.8,null,0.25021868,234,,,0,,False,10,train,0
2599,0.0,725.30771,725.55793,0.08,gabors,null,4.0,"[3644.93333333, 3644.93333333]",90.0,40.0,-30.0,"[20.0, 20.0]",null,null,null,0.8,null,0.25021868,168,,,0,,False,10,train,2
2600,0.0,725.55793,725.80815,0.08,gabors,null,4.0,"[3644.93333333, 3644.93333333]",0.0,10.0,-20.0,"[20.0, 20.0]",null,null,null,0.8,null,0.25021868,217,,,0,,False,9,train,0
2601,0.0,725.80815,726.05835,0.08,gabors,null,4.0,"[3644.93333333, 3644.93333333]",45.0,-30.0,30.0,"[20.0, 20.0]",null,null,null,0.8,null,0.25019632,227,,,0,,False,10,train,1
2602,0.0,726.05835,726.30854,0.08,gabors,null,4.0,"[3644.93333333, 3644.93333333]",90.0,30.0,40.0,"[20.0, 20.0]",null,null,null,0.8,null,0.25019632,30,,,0,,False,10,train,2
2603,0.0,726.30854,726.55874,0.08,gabors,null,4.0,"[3644.93333333, 3644.93333333]",0.0,-40.0,-40.0,"[20.0, 20.0]",null,null,null,0.8,null,0.25019632,206,,,0,,False,11,test,0
2604,0.0,726.55874,726.80894,0.08,gabors,null,4.0,"[3644.93333333, 3644.93333333]",90.0,30.0,-40.0,"[20.0, 20.0]",null,null,null,0.8,null,0.25019632,184,,,0,,False,9,train,2
2605,0.0,726.80894,727.05916,0.08,gabors,null,4.0,"[3644.93333333, 3644.93333333]",45.0,20.0,10.0,"[20.0, 20.0]",null,null,null,0.8,null,0.25022118,31,,,0,,False,11,test,1
2606,0.0,727.05916,727.30938,0.08,gabors,null,4.0,"[3644.93333333, 3644.93333333]",0.0,-30.0,-30.0,"[20.0, 20.0]",null,null,null,0.8,null,0.25022118,224,,,0,,False,11,test,0
2607,0.0,727.30938,727.5596,0.08,gabors,null,4.0,"[3644.93333333, 3644.93333333]",90.0,-40.0,-20.0,"[20.0, 20.0]",null,null,null,0.8,null,0.25022118,40,,,0,,False,11,test,2
2608,0.0,727.5596,727.80982,0.08,gabors,null,4.0,"[3644.93333333, 3644.93333333]",0.0,-30.0,20.0,"[20.0, 20.0]",null,null,null,0.8,null,0.25022118,33,,,0,,False,7,train,0
2609,0.0,727.80982,728.06002,0.08,gabors,null,4.0,"[3644.93333333, 3644.93333333]",0.0,-10.0,20.0,"[20.0, 20.0]",null,null,null,0.8,null,0.25020132,228,,,0,,False,11,test,0
2610,0.0,728.06002,728.31022,0.08,gabors,null,4.0,"[3644.93333333, 3644.93333333]",90.0,-30.0,-30.0,"[20.0, 20.0]",null,null,null,0.8,null,0.25020132,50,,,0,,False,11,test,2
2611,0.0,728.31022,728.56043,0.08,gabors,null,4.0,"[3644.93333333, 3644.93333333]",45.0,-40.0,-10.0,"[20.0, 20.0]",null,null,null,0.8,null,0.25020132,199,,,0,,False,10,train,1
2612,0.0,728.56043,728.81063,0.08,gabors,null,4.0,"[3644.93333333, 3644.93333333]",0.0,-40.0,-10.0,"[20.0, 20.0]",null,null,null,0.8,null,0.25020132,191,,,0,,False,9,train,0
2613,0.0,728.81063,729.06084,0.08,gabors,null,4.0,"[3644.93333333, 3644.93333333]",90.0,40.0,-30.0,"[20.0, 20.0]",null,null,null,0.8,null,0.25021368,168,,,0,,False,11,test,2
2614,0.0,729.06084,729.31105,0.08,gabors,null,4.0,"[3644.93333333, 3644.93333333]",0.0,0.0,-30.0,"[20.0, 20.0]",null,null,null,0.8,null,0.25021368,46,,,0,,False,12,train,0
2615,0.0,729.31105,729.56127,0.08,gabors,null,4.0,"[3644.93333333, 3644.93333333]",45.0,-40.0,40.0,"[20.0, 20.0]",null,null,null,0.8,null,0.25021368,172,,,0,,False,7,train,1
2616,0.0,729.56127,729.81148,0.08,gabors,null,4.0,"[3644.93333333, 3644.93333333]",45.0,-10.0,30.0,"[20.0, 20.0]",null,null,null,0.8,null,0.25021368,231,,,0,,False,9,train,1
2617,0.0,729.81148,730.06169,0.08,gabors,null,4.0,"[3644.93333333, 3644.93333333]",45.0,0.0,-30.0,"[20.0, 20.0]",null,null,null,0.8,null,0.25020382,232,,,0,,False,9,train,1
2618,0.0,730.06169,730.31189,0.08,gabors,null,4.0,"[3644.93333333, 3644.93333333]",45.0,30.0,-10.0,"[20.0, 20.0]",null,null,null,0.8,null,0.25020382,223,,,0,,False,9,train,1
2619,0.0,730.31189,730.56209,0.08,gabors,null,4.0,"[3644.93333333, 3644.93333333]",45.0,-10.0,-20.0,"[20.0, 20.0]",null,null,null,0.8,null,0.25020382,48,,,0,,False,11,test,1
2620,0.0,730.56209,730.8123,0.08,gabors,null,4.0,"[3644.93333333, 3644.93333333]",45.0,-10.0,20.0,"[20.0, 20.0]",null,null,null,0.8,null,0.25020382,120,,,0,,False,12,train,1
2621,0.0,730.8123,731.06251,0.08,gabors,null,4.0,"[3644.93333333, 3644.93333333]",45.0,-30.0,-10.0,"[20.0, 20.0]",null,null,null,0.8,null,0.25021368,69,,,0,,False,12,train,1
2622,0.0,731.06251,731.31272,0.08,gabors,null,4.0,"[3644.93333333, 3644.93333333]",0.0,-10.0,30.0,"[20.0, 20.0]",null,null,null,0.8,null,0.25021368,187,,,0,,False,7,train,0
2623,0.0,731.31272,731.56294,0.08,gabors,null,4.0,"[3644.93333333, 3644.93333333]",90.0,0.0,20.0,"[20.0, 20.0]",null,null,null,0.8,null,0.25021368,93,,,0,,False,9,train,2
2624,0.0,731.56294,731.81315,0.08,gabors,null,4.0,"[3644.93333333, 3644.93333333]",45.0,30.0,40.0,"[20.0, 20.0]",null,null,null,0.8,null,0.25021368,52,,,0,,False,9,train,1
2625,0.0,731.81315,732.06336,0.08,gabors,null,4.0,"[3644.93333333, 3644.93333333]",0.0,10.0,-40.0,"[20.0, 20.0]",null,null,null,0.8,null,0.25020382,186,,,0,,False,10,train,0
2626,0.0,732.06336,732.31356,0.08,gabors,null,4.0,"[3644.93333333, 3644.93333333]",90.0,-10.0,-10.0,"[20.0, 20.0]",null,null,null,0.8,null,0.25020382,230,,,0,,False,10,train,2
2627,0.0,732.31356,732.56376,0.08,gabors,null,4.0,"[3644.93333333, 3644.93333333]",45.0,30.0,-20.0,"[20.0, 20.0]",null,null,null,0.8,null,0.25020382,57,,,0,,False,11,test,1
2628,0.0,732.56376,732.81397,0.08,gabors,null,4.0,"[3644.93333333, 3644.93333333]",0.0,-10.0,-40.0,"[20.0, 20.0]",null,null,null,0.8,null,0.25020382,53,,,0,,False,11,test,0
2629,0.0,732.81397,733.06418,0.08,gabors,null,4.0,"[3644.93333333, 3644.93333333]",90.0,-10.0,-20.0,"[20.0, 20.0]",null,null,null,0.8,null,0.25021618,133,,,0,,False,10,train,2
2630,0.0,733.06418,733.3144,0.08,gabors,null,4.0,"[3644.93333333, 3644.93333333]",90.0,10.0,-40.0,"[20.0, 20.0]",null,null,null,0.8,null,0.25021618,9,,,0,,False,10,train,2
2631,0.0,733.3144,733.56462,0.08,gabors,null,4.0,"[3644.93333333, 3644.93333333]",45.0,-40.0,-20.0,"[20.0, 20.0]",null,null,null,0.8,null,0.25021618,62,,,0,,False,8,test,1
2632,0.0,733.56462,733.81483,0.08,gabors,null,4.0,"[3644.93333333, 3644.93333333]",45.0,-20.0,20.0,"[20.0, 20.0]",null,null,null,0.8,null,0.25021618,66,,,0,,False,12,train,1
2633,0.0,733.81483,734.06504,0.08,gabors,null,4.0,"[3644.93333333, 3644.93333333]",45.0,-30.0,-30.0,"[20.0, 20.0]",null,null,null,0.8,null,0.25020382,190,,,0,,False,10,train,1
2634,0.0,734.06504,734.31524,0.08,gabors,null,4.0,"[3644.93333333, 3644.93333333]",90.0,-30.0,30.0,"[20.0, 20.0]",null,null,null,0.8,null,0.25020382,8,,,0,,False,9,train,2
2635,0.0,734.31524,734.56544,0.08,gabors,null,4.0,"[3644.93333333, 3644.93333333]",0.0,-40.0,0.0,"[20.0, 20.0]",null,null,null,0.8,null,0.25020382,238,,,0,,False,13,train,0
2636,0.0,734.56544,734.81565,0.08,gabors,null,4.0,"[3644.93333333, 3644.93333333]",90.0,10.0,-40.0,"[20.0, 20.0]",null,null,null,0.8,null,0.25020382,9,,,0,,False,11,test,2
2637,0.0,734.81565,735.06586,0.08,gabors,null,4.0,"[3644.93333333, 3644.93333333]",0.0,10.0,30.0,"[20.0, 20.0]",null,null,null,0.8,null,0.25021368,134,,,0,,False,11,test,0
2638,0.0,735.06586,735.31607,0.08,gabors,null,4.0,"[3644.93333333, 3644.93333333]",0.0,0.0,0.0,"[20.0, 20.0]",null,null,null,0.8,null,0.25021368,234,,,0,,False,11,test,0
2639,0.0,735.31607,735.56629,0.08,gabors,null,4.0,"[3644.93333333, 3644.93333333]",90.0,30.0,10.0,"[20.0, 20.0]",null,null,null,0.8,null,0.25021368,237,,,0,,False,7,train,2
2640,0.0,735.56629,735.8165,0.08,gabors,null,4.0,"[3644.93333333, 3644.93333333]",90.0,-20.0,0.0,"[20.0, 20.0]",null,null,null,0.8,null,0.25021368,78,,,0,,False,12,train,2
2641,0.0,735.8165,736.06671,0.08,gabors,null,4.0,"[3644.93333333, 3644.93333333]",90.0,-30.0,-30.0,"[20.0, 20.0]",null,null,null,0.8,null,0.25020382,50,,,0,,False,12,train,2
2642,0.0,736.06671,736.31691,0.08,gabors,null,4.0,"[3644.93333333, 3644.93333333]",0.0,-30.0,40.0,"[20.0, 20.0]",null,null,null,0.8,null,0.25020382,39,,,0,,False,10,train,0
2643,0.0,736.31691,736.56711,0.08,gabors,null,4.0,"[3644.93333333, 3644.93333333]",90.0,-10.0,-30.0,"[20.0, 20.0]",null,null,null,0.8,null,0.25020382,166,,,0,,False,11,test,2
2644,0.0,736.56711,736.81732,0.08,gabors,null,4.0,"[3644.93333333, 3644.93333333]",45.0,30.0,10.0,"[20.0, 20.0]",null,null,null,0.8,null,0.25020382,174,,,0,,False,10,train,1
2645,0.0,736.81732,737.06753,0.08,gabors,null,4.0,"[3644.93333333, 3644.93333333]",0.0,-20.0,-10.0,"[20.0, 20.0]",null,null,null,0.8,null,0.25021368,101,,,0,,False,8,test,0
2646,0.0,737.06753,737.31774,0.08,gabors,null,4.0,"[3644.93333333, 3644.93333333]",45.0,-30.0,-40.0,"[20.0, 20.0]",null,null,null,0.8,null,0.25021368,34,,,0,,False,12,train,1
2647,0.0,737.31774,737.56796,0.08,gabors,null,4.0,"[3644.93333333, 3644.93333333]",90.0,0.0,-10.0,"[20.0, 20.0]",null,null,null,0.8,null,0.25021368,196,,,0,,False,11,test,2
2648,0.0,737.56796,737.81817,0.08,gabors,null,4.0,"[3644.93333333, 3644.93333333]",45.0,-30.0,-20.0,"[20.0, 20.0]",null,null,null,0.8,null,0.25021368,221,,,0,,False,8,test,1
2649,0.0,737.81817,738.06838,0.08,gabors,null,4.0,"[3644.93333333, 3644.93333333]",0.0,-10.0,-40.0,"[20.0, 20.0]",null,null,null,0.8,null,0.25020382,53,,,0,,False,12,train,0
2650,0.0,738.06838,738.31858,0.08,gabors,null,4.0,"[3644.93333333, 3644.93333333]",0.0,-40.0,10.0,"[20.0, 20.0]",null,null,null,0.8,null,0.25020382,75,,,0,,False,7,train,0
2651,0.0,738.31858,738.56878,0.08,gabors,null,4.0,"[3644.93333333, 3644.93333333]",45.0,30.0,10.0,"[20.0, 20.0]",null,null,null,0.8,null,0.25020382,174,,,0,,False,11,test,1
2652,0.0,738.56878,738.81899,0.08,gabors,null,4.0,"[3644.93333333, 3644.93333333]",0.0,30.0,30.0,"[20.0, 20.0]",null,null,null,0.8,null,0.25020382,104,,,0,,False,12,train,0
2653,0.0,738.81899,739.0692,0.08,gabors,null,4.0,"[3644.93333333, 3644.93333333]",0.0,30.0,10.0,"[20.0, 20.0]",null,null,null,0.8,null,0.25021118,141,,,0,,False,9,train,0
2654,0.0,739.0692,739.31941,0.08,gabors,null,4.0,"[3644.93333333, 3644.93333333]",45.0,20.0,-30.0,"[20.0, 20.0]",null,null,null,0.8,null,0.25021118,219,,,0,,False,11,test,1
2655,0.0,739.31941,739.56962,0.08,gabors,null,4.0,"[3644.93333333, 3644.93333333]",90.0,10.0,-10.0,"[20.0, 20.0]",null,null,null,0.8,null,0.25021118,117,,,0,,False,11,test,2
2656,0.0,739.56962,739.81983,0.08,gabors,null,4.0,"[3644.93333333, 3644.93333333]",0.0,-10.0,-10.0,"[20.0, 20.0]",null,null,null,0.8,null,0.25021118,86,,,0,,False,11,test,0
2657,0.0,739.81983,740.07004,0.08,gabors,null,4.0,"[3644.93333333, 3644.93333333]",45.0,0.0,-20.0,"[20.0, 20.0]",null,null,null,0.8,null,0.25020882,27,,,0,,False,11,test,1
2658,0.0,740.07004,740.32025,0.08,gabors,null,4.0,"[3644.93333333, 3644.93333333]",0.0,-40.0,10.0,"[20.0, 20.0]",null,null,null,0.8,null,0.25020882,75,,,0,,False,8,test,0
2659,0.0,740.32025,740.57046,0.08,gabors,null,4.0,"[3644.93333333, 3644.93333333]",90.0,-20.0,-20.0,"[20.0, 20.0]",null,null,null,0.8,null,0.25020882,35,,,0,,False,11,test,2
2660,0.0,740.57046,740.82067,0.08,gabors,null,4.0,"[3644.93333333, 3644.93333333]",90.0,-40.0,40.0,"[20.0, 20.0]",null,null,null,0.8,null,0.25020882,98,,,0,,False,9,train,2
2661,0.0,740.82067,741.07088,0.08,gabors,null,4.0,"[3644.93333333, 3644.93333333]",45.0,-20.0,10.0,"[20.0, 20.0]",null,null,null,0.8,null,0.25021368,74,,,0,,False,10,train,1
2662,0.0,741.07088,741.32109,0.08,gabors,null,4.0,"[3644.93333333, 3644.93333333]",90.0,0.0,0.0,"[20.0, 20.0]",null,null,null,0.8,null,0.25021368,80,,,0,,False,11,test,2
2663,0.0,741.32109,741.57131,0.08,gabors,null,4.0,"[3644.93333333, 3644.93333333]",0.0,-10.0,30.0,"[20.0, 20.0]",null,null,null,0.8,null,0.25021368,187,,,0,,False,8,test,0
2664,0.0,741.57131,741.82152,0.08,gabors,null,4.0,"[3644.93333333, 3644.93333333]",90.0,0.0,-40.0,"[20.0, 20.0]",null,null,null,0.8,null,0.25021368,32,,,0,,False,9,train,2
2665,0.0,741.82152,742.07173,0.08,gabors,null,4.0,"[3644.93333333, 3644.93333333]",45.0,0.0,40.0,"[20.0, 20.0]",null,null,null,0.8,null,0.25020382,112,,,0,,False,11,test,1
2666,0.0,742.07173,742.32193,0.08,gabors,null,4.0,"[3644.93333333, 3644.93333333]",0.0,10.0,10.0,"[20.0, 20.0]",null,null,null,0.8,null,0.25020382,42,,,0,,False,11,test,0
2667,0.0,742.32193,742.57213,0.08,gabors,null,4.0,"[3644.93333333, 3644.93333333]",45.0,-30.0,10.0,"[20.0, 20.0]",null,null,null,0.8,null,0.25020382,142,,,0,,False,9,train,1
2668,0.0,742.57213,742.82234,0.08,gabors,null,4.0,"[3644.93333333, 3644.93333333]",90.0,10.0,20.0,"[20.0, 20.0]",null,null,null,0.8,null,0.25020382,176,,,0,,False,10,train,2
2669,0.0,742.82234,743.07255,0.08,gabors,null,4.0,"[3644.93333333, 3644.93333333]",90.0,40.0,-30.0,"[20.0, 20.0]",null,null,null,0.8,null,0.25021368,168,,,0,,False,12,train,2
2670,0.0,743.07255,743.32276,0.08,gabors,null,4.0,"[3644.93333333, 3644.93333333]",0.0,-20.0,30.0,"[20.0, 20.0]",null,null,null,0.8,null,0.25021368,215,,,0,,False,11,test,0
2671,0.0,743.32276,743.57298,0.08,gabors,null,4.0,"[3644.93333333, 3644.93333333]",0.0,10.0,-20.0,"[20.0, 20.0]",null,null,null,0.8,null,0.25021368,217,,,0,,False,10,train,0
2672,0.0,743.57298,743.82319,0.08,gabors,null,4.0,"[3644.93333333, 3644.93333333]",90.0,-10.0,40.0,"[20.0, 20.0]",null,null,null,0.8,null,0.25021368,167,,,0,,False,9,train,2
2673,0.0,743.82319,744.07339,0.08,gabors,null,4.0,"[3644.93333333, 3644.93333333]",0.0,30.0,0.0,"[20.0, 20.0]",null,null,null,0.8,null,0.25020132,165,,,0,,False,7,train,0
2674,0.0,744.07339,744.32359,0.08,gabors,null,4.0,"[3644.93333333, 3644.93333333]",45.0,10.0,20.0,"[20.0, 20.0]",null,null,null,0.8,null,0.25020132,13,,,0,,False,9,train,1
2675,0.0,744.32359,744.5738,0.08,gabors,null,4.0,"[3644.93333333, 3644.93333333]",45.0,-40.0,-40.0,"[20.0, 20.0]",null,null,null,0.8,null,0.25020132,94,,,0,,False,10,train,1
2676,0.0,744.5738,744.824,0.08,gabors,null,4.0,"[3644.93333333, 3644.93333333]",90.0,40.0,30.0,"[20.0, 20.0]",null,null,null,0.8,null,0.25020132,240,,,0,,False,9,train,2
2677,0.0,744.824,745.07421,0.08,gabors,null,4.0,"[3644.93333333, 3644.93333333]",90.0,-40.0,20.0,"[20.0, 20.0]",null,null,null,0.8,null,0.25021618,108,,,0,,False,12,train,2
2678,0.0,745.07421,745.32443,0.08,gabors,null,4.0,"[3644.93333333, 3644.93333333]",0.0,20.0,-10.0,"[20.0, 20.0]",null,null,null,0.8,null,0.25021618,87,,,0,,False,10,train,0
2679,0.0,745.32443,745.57465,0.08,gabors,null,4.0,"[3644.93333333, 3644.93333333]",0.0,-40.0,-30.0,"[20.0, 20.0]",null,null,null,0.8,null,0.25021618,209,,,0,,False,8,test,0
2680,0.0,745.57465,745.82486,0.08,gabors,null,4.0,"[3644.93333333, 3644.93333333]",90.0,30.0,0.0,"[20.0, 20.0]",null,null,null,0.8,null,0.25021618,216,,,0,,False,9,train,2
2681,0.0,745.82486,746.07507,0.08,gabors,null,4.0,"[3644.93333333, 3644.93333333]",45.0,-30.0,-40.0,"[20.0, 20.0]",null,null,null,0.8,null,0.25020382,34,,,0,,False,13,train,1
2682,0.0,746.07507,746.32527,0.08,gabors,null,4.0,"[3644.93333333, 3644.93333333]",0.0,0.0,40.0,"[20.0, 20.0]",null,null,null,0.8,null,0.25020382,125,,,0,,False,9,train,0
2683,0.0,746.32527,746.57547,0.08,gabors,null,4.0,"[3644.93333333, 3644.93333333]",90.0,30.0,10.0,"[20.0, 20.0]",null,null,null,0.8,null,0.25020382,237,,,0,,False,8,test,2
2684,0.0,746.57547,746.82568,0.08,gabors,null,4.0,"[3644.93333333, 3644.93333333]",90.0,30.0,30.0,"[20.0, 20.0]",null,null,null,0.8,null,0.25020382,207,,,0,,False,12,train,2
2685,0.0,746.82568,747.07589,0.08,gabors,null,4.0,"[3644.93333333, 3644.93333333]",0.0,-30.0,10.0,"[20.0, 20.0]",null,null,null,0.8,null,0.25020868,153,,,0,,False,9,train,0
2686,0.0,747.07589,747.32609,0.08,gabors,null,4.0,"[3644.93333333, 3644.93333333]",90.0,-10.0,-20.0,"[20.0, 20.0]",null,null,null,0.8,null,0.25020868,133,,,0,,False,11,test,2
2687,0.0,747.32609,747.5763,0.08,gabors,null,4.0,"[3644.93333333, 3644.93333333]",0.0,20.0,-20.0,"[20.0, 20.0]",null,null,null,0.8,null,0.25020868,25,,,0,,False,13,train,0
2688,0.0,747.5763,747.82651,0.08,gabors,null,4.0,"[3644.93333333, 3644.93333333]",0.0,-10.0,-30.0,"[20.0, 20.0]",null,null,null,0.8,null,0.25020868,79,,,0,,False,12,train,0
2689,0.0,747.82651,748.07672,0.08,gabors,null,4.0,"[3644.93333333, 3644.93333333]",45.0,-10.0,40.0,"[20.0, 20.0]",null,null,null,0.8,null,0.25021132,175,,,0,,False,8,test,1
2690,0.0,748.07672,748.32693,0.08,gabors,null,4.0,"[3644.93333333, 3644.93333333]",90.0,-10.0,0.0,"[20.0, 20.0]",null,null,null,0.8,null,0.25021132,195,,,0,,False,10,train,2
2691,0.0,748.32693,748.57715,0.08,gabors,null,4.0,"[3644.93333333, 3644.93333333]",45.0,40.0,0.0,"[20.0, 20.0]",null,null,null,0.8,null,0.25021132,126,,,0,,False,9,train,1
2692,0.0,748.57715,748.82736,0.08,gabors,null,4.0,"[3644.93333333, 3644.93333333]",90.0,-20.0,20.0,"[20.0, 20.0]",null,null,null,0.8,null,0.25021132,161,,,0,,False,11,test,2
2693,0.0,748.82736,749.07757,0.08,gabors,null,4.0,"[3644.93333333, 3644.93333333]",90.0,10.0,-20.0,"[20.0, 20.0]",null,null,null,0.8,null,0.25021618,106,,,0,,False,11,test,2
2694,0.0,749.07757,749.32779,0.08,gabors,null,4.0,"[3644.93333333, 3644.93333333]",0.0,10.0,20.0,"[20.0, 20.0]",null,null,null,0.8,null,0.25021618,15,,,0,,False,8,test,0
2695,0.0,749.32779,749.57801,0.08,gabors,null,4.0,"[3644.93333333, 3644.93333333]",90.0,30.0,-10.0,"[20.0, 20.0]",null,null,null,0.8,null,0.25021618,83,,,0,,False,10,train,2
2696,0.0,749.57801,749.82822,0.08,gabors,null,4.0,"[3644.93333333, 3644.93333333]",90.0,-10.0,-30.0,"[20.0, 20.0]",null,null,null,0.8,null,0.25021618,166,,,0,,False,12,train,2
2697,0.0,749.82822,750.07842,0.08,gabors,null,4.0,"[3644.93333333, 3644.93333333]",45.0,10.0,0.0,"[20.0, 20.0]",null,null,null,0.8,null,0.25020132,243,,,0,,False,8,test,1
2698,0.0,750.07842,750.32862,0.08,gabors,null,4.0,"[3644.93333333, 3644.93333333]",45.0,-10.0,10.0,"[20.0, 20.0]",null,null,null,0.8,null,0.25020132,89,,,0,,False,10,train,1
2699,0.0,750.32862,750.57883,0.08,gabors,null,4.0,"[3644.93333333, 3644.93333333]",90.0,40.0,-20.0,"[20.0, 20.0]",null,null,null,0.8,null,0.25020132,173,,,0,,False,10,train,2
2700,0.0,750.57883,750.82903,0.08,gabors,null,4.0,"[3644.93333333, 3644.93333333]",0.0,30.0,0.0,"[20.0, 20.0]",null,null,null,0.8,null,0.25020132,165,,,0,,False,8,test,0
2701,0.0,750.82903,751.07924,0.08,gabors,null,4.0,"[3644.93333333, 3644.93333333]",90.0,20.0,40.0,"[20.0, 20.0]",null,null,null,0.8,null,0.25021118,158,,,0,,False,13,train,2
2702,0.0,751.07924,751.32945,0.08,gabors,null,4.0,"[3644.93333333, 3644.93333333]",0.0,40.0,-20.0,"[20.0, 20.0]",null,null,null,0.8,null,0.25021118,95,,,0,,False,11,test,0
2703,0.0,751.32945,751.57966,0.08,gabors,null,4.0,"[3644.93333333, 3644.93333333]",45.0,-40.0,-10.0,"[20.0, 20.0]",null,null,null,0.8,null,0.25021118,199,,,0,,False,11,test,1
2704,0.0,751.57966,751.82987,0.08,gabors,null,4.0,"[3644.93333333, 3644.93333333]",90.0,20.0,10.0,"[20.0, 20.0]",null,null,null,0.8,null,0.25021118,138,,,0,,False,11,test,2
2705,0.0,751.82987,752.08008,0.08,gabors,null,4.0,"[3644.93333333, 3644.93333333]",0.0,30.0,-40.0,"[20.0, 20.0]",null,null,null,0.8,null,0.25020882,70,,,0,,False,13,train,0
2706,0.0,752.08008,752.33029,0.08,gabors,null,4.0,"[3644.93333333, 3644.93333333]",45.0,-30.0,10.0,"[20.0, 20.0]",null,null,null,0.8,null,0.25020882,142,,,0,,False,10,train,1
2707,0.0,752.33029,752.5805,0.08,gabors,null,4.0,"[3644.93333333, 3644.93333333]",45.0,-30.0,30.0,"[20.0, 20.0]",null,null,null,0.8,null,0.25020882,227,,,0,,False,11,test,1
2708,0.0,752.5805,752.83071,0.08,gabors,null,4.0,"[3644.93333333, 3644.93333333]",0.0,-10.0,30.0,"[20.0, 20.0]",null,null,null,0.8,null,0.25020882,187,,,0,,False,9,train,0
2709,0.0,752.83071,753.08092,0.08,gabors,null,4.0,"[3644.93333333, 3644.93333333]",90.0,20.0,0.0,"[20.0, 20.0]",null,null,null,0.8,null,0.25020868,73,,,0,,False,11,test,2
2710,0.0,753.08092,753.33112,0.08,gabors,null,4.0,"[3644.93333333, 3644.93333333]",45.0,20.0,0.0,"[20.0, 20.0]",null,null,null,0.8,null,0.25020868,203,,,0,,False,8,test,1
2711,0.0,753.33112,753.58133,0.08,gabors,null,4.0,"[3644.93333333, 3644.93333333]",90.0,40.0,30.0,"[20.0, 20.0]",null,null,null,0.8,null,0.25020868,240,,,0,,False,10,train,2
2712,0.0,753.58133,753.83154,0.08,gabors,null,4.0,"[3644.93333333, 3644.93333333]",0.0,-10.0,30.0,"[20.0, 20.0]",null,null,null,0.8,null,0.25020868,187,,,0,,False,10,train,0
2713,0.0,753.83154,754.08175,0.08,gabors,null,4.0,"[3644.93333333, 3644.93333333]",90.0,-30.0,0.0,"[20.0, 20.0]",null,null,null,0.8,null,0.25020882,105,,,0,,False,12,train,2
2714,0.0,754.08175,754.33196,0.08,gabors,null,4.0,"[3644.93333333, 3644.93333333]",0.0,-30.0,10.0,"[20.0, 20.0]",null,null,null,0.8,null,0.25020882,153,,,0,,False,10,train,0
2715,0.0,754.33196,754.58217,0.08,gabors,null,4.0,"[3644.93333333, 3644.93333333]",90.0,10.0,-20.0,"[20.0, 20.0]",null,null,null,0.8,null,0.25020882,106,,,0,,False,12,train,2
2716,0.0,754.58217,754.83238,0.08,gabors,null,4.0,"[3644.93333333, 3644.93333333]",0.0,-20.0,-30.0,"[20.0, 20.0]",null,null,null,0.8,null,0.25020882,128,,,0,,False,11,test,0
2717,0.0,754.83238,755.08258,0.08,gabors,null,4.0,"[3644.93333333, 3644.93333333]",90.0,0.0,40.0,"[20.0, 20.0]",null,null,null,0.8,null,0.25020618,211,,,0,,False,9,train,2
2718,0.0,755.08258,755.33279,0.08,gabors,null,4.0,"[3644.93333333, 3644.93333333]",45.0,-40.0,20.0,"[20.0, 20.0]",null,null,null,0.8,null,0.25020618,124,,,0,,False,11,test,1
2719,0.0,755.33279,755.583,0.08,gabors,null,4.0,"[3644.93333333, 3644.93333333]",90.0,-20.0,30.0,"[20.0, 20.0]",null,null,null,0.8,null,0.25020618,170,,,0,,False,9,train,2
2720,0.0,755.583,755.8332,0.08,gabors,null,4.0,"[3644.93333333, 3644.93333333]",45.0,30.0,30.0,"[20.0, 20.0]",null,null,null,0.8,null,0.25020618,155,,,0,,False,9,train,1
2721,0.0,755.8332,756.08341,0.08,gabors,null,4.0,"[3644.93333333, 3644.93333333]",0.0,40.0,-10.0,"[20.0, 20.0]",null,null,null,0.8,null,0.25021132,114,,,0,,False,10,train,0
2722,0.0,756.08341,756.33362,0.08,gabors,null,4.0,"[3644.93333333, 3644.93333333]",0.0,-20.0,20.0,"[20.0, 20.0]",null,null,null,0.8,null,0.25021132,145,,,0,,False,11,test,0
2723,0.0,756.33362,756.58384,0.08,gabors,null,4.0,"[3644.93333333, 3644.93333333]",90.0,10.0,0.0,"[20.0, 20.0]",null,null,null,0.8,null,0.25021132,81,,,0,,False,12,train,2
2724,0.0,756.58384,756.83405,0.08,gabors,null,4.0,"[3644.93333333, 3644.93333333]",45.0,0.0,0.0,"[20.0, 20.0]",null,null,null,0.8,null,0.25021132,7,,,0,,False,11,test,1
2725,0.0,756.83405,757.08426,0.08,gabors,null,4.0,"[3644.93333333, 3644.93333333]",90.0,-30.0,10.0,"[20.0, 20.0]",null,null,null,0.8,null,0.25021118,118,,,0,,False,6,train,2
2726,0.0,757.08426,757.33447,0.08,gabors,null,4.0,"[3644.93333333, 3644.93333333]",45.0,-10.0,-40.0,"[20.0, 20.0]",null,null,null,0.8,null,0.25021118,85,,,0,,False,8,test,1
2727,0.0,757.33447,757.58468,0.08,gabors,null,4.0,"[3644.93333333, 3644.93333333]",0.0,-30.0,0.0,"[20.0, 20.0]",null,null,null,0.8,null,0.25021118,179,,,0,,False,9,train,0
2728,0.0,757.58468,757.83489,0.08,gabors,null,4.0,"[3644.93333333, 3644.93333333]",45.0,20.0,0.0,"[20.0, 20.0]",null,null,null,0.8,null,0.25021118,203,,,0,,False,9,train,1
2729,0.0,757.83489,758.0851,0.08,gabors,null,4.0,"[3644.93333333, 3644.93333333]",45.0,0.0,20.0,"[20.0, 20.0]",null,null,null,0.8,null,0.25020382,129,,,0,,False,13,train,1
2730,0.0,758.0851,758.3353,0.08,gabors,null,4.0,"[3644.93333333, 3644.93333333]",0.0,-40.0,40.0,"[20.0, 20.0]",null,null,null,0.8,null,0.25020382,97,,,0,,False,10,train,0
2731,0.0,758.3353,758.5855,0.08,gabors,null,4.0,"[3644.93333333, 3644.93333333]",90.0,-40.0,30.0,"[20.0, 20.0]",null,null,null,0.8,null,0.25020382,202,,,0,,False,8,test,2
2732,0.0,758.5855,758.83571,0.08,gabors,null,4.0,"[3644.93333333, 3644.93333333]",45.0,-10.0,-20.0,"[20.0, 20.0]",null,null,null,0.8,null,0.25020382,48,,,0,,False,12,train,1
2733,0.0,758.83571,759.08592,0.08,gabors,null,4.0,"[3644.93333333, 3644.93333333]",45.0,-20.0,10.0,"[20.0, 20.0]",null,null,null,0.8,null,0.25021118,74,,,0,,False,11,test,1
2734,0.0,759.08592,759.33613,0.08,gabors,null,4.0,"[3644.93333333, 3644.93333333]",45.0,40.0,-20.0,"[20.0, 20.0]",null,null,null,0.8,null,0.25021118,18,,,0,,False,9,train,1
2735,0.0,759.33613,759.58634,0.08,gabors,null,4.0,"[3644.93333333, 3644.93333333]",45.0,-30.0,40.0,"[20.0, 20.0]",null,null,null,0.8,null,0.25021118,58,,,0,,False,11,test,1
2736,0.0,759.58634,759.83655,0.08,gabors,null,4.0,"[3644.93333333, 3644.93333333]",90.0,0.0,-40.0,"[20.0, 20.0]",null,null,null,0.8,null,0.25021118,32,,,0,,False,10,train,2
2737,0.0,759.83655,760.08676,0.08,gabors,null,4.0,"[3644.93333333, 3644.93333333]",0.0,30.0,-30.0,"[20.0, 20.0]",null,null,null,0.8,null,0.25020882,130,,,0,,False,12,train,0
2738,0.0,760.08676,760.33697,0.08,gabors,null,4.0,"[3644.93333333, 3644.93333333]",45.0,10.0,-40.0,"[20.0, 20.0]",null,null,null,0.8,null,0.25020882,23,,,0,,False,12,train,1
2739,0.0,760.33697,760.58718,0.08,gabors,null,4.0,"[3644.93333333, 3644.93333333]",0.0,30.0,40.0,"[20.0, 20.0]",null,null,null,0.8,null,0.25020882,20,,,0,,False,13,train,0
2740,0.0,760.58718,760.83739,0.08,gabors,null,4.0,"[3644.93333333, 3644.93333333]",45.0,0.0,-10.0,"[20.0, 20.0]",null,null,null,0.8,null,0.25020882,222,,,0,,False,9,train,1
2741,0.0,760.83739,761.08759,0.08,gabors,null,4.0,"[3644.93333333, 3644.93333333]",90.0,0.0,-30.0,"[20.0, 20.0]",null,null,null,0.8,null,0.25020618,5,,,0,,False,9,train,2
2742,0.0,761.08759,761.3378,0.08,gabors,null,4.0,"[3644.93333333, 3644.93333333]",90.0,-10.0,-40.0,"[20.0, 20.0]",null,null,null,0.8,null,0.25020618,163,,,0,,False,10,train,2
2743,0.0,761.3378,761.58801,0.08,gabors,null,4.0,"[3644.93333333, 3644.93333333]",45.0,-30.0,10.0,"[20.0, 20.0]",null,null,null,0.8,null,0.25020618,142,,,0,,False,11,test,1
2744,0.0,761.58801,761.83821,0.08,gabors,null,4.0,"[3644.93333333, 3644.93333333]",0.0,-30.0,-40.0,"[20.0, 20.0]",null,null,null,0.8,null,0.25020618,162,,,0,,False,9,train,0
2745,0.0,761.83821,762.08842,0.08,gabors,null,4.0,"[3644.93333333, 3644.93333333]",0.0,-10.0,10.0,"[20.0, 20.0]",null,null,null,0.8,null,0.25021132,19,,,0,,False,11,test,0
2746,0.0,762.08842,762.33863,0.08,gabors,null,4.0,"[3644.93333333, 3644.93333333]",0.0,-40.0,30.0,"[20.0, 20.0]",null,null,null,0.8,null,0.25021132,2,,,0,,False,9,train,0
2747,0.0,762.33863,762.58885,0.08,gabors,null,4.0,"[3644.93333333, 3644.93333333]",0.0,-20.0,-10.0,"[20.0, 20.0]",null,null,null,0.8,null,0.25021132,101,,,0,,False,9,train,0
2748,0.0,762.58885,762.83906,0.08,gabors,null,4.0,"[3644.93333333, 3644.93333333]",45.0,20.0,-10.0,"[20.0, 20.0]",null,null,null,0.8,null,0.25021132,236,,,0,,False,10,train,1
2749,0.0,762.83906,763.08927,0.08,gabors,null,4.0,"[3644.93333333, 3644.93333333]",45.0,40.0,40.0,"[20.0, 20.0]",null,null,null,0.8,null,0.25021118,65,,,0,,False,12,train,1
2750,0.0,763.08927,763.33948,0.08,gabors,null,4.0,"[3644.93333333, 3644.93333333]",0.0,-30.0,20.0,"[20.0, 20.0]",null,null,null,0.8,null,0.25021118,33,,,0,,False,8,test,0
2751,0.0,763.33948,763.58969,0.08,gabors,null,4.0,"[3644.93333333, 3644.93333333]",0.0,30.0,20.0,"[20.0, 20.0]",null,null,null,0.8,null,0.25021118,88,,,0,,False,9,train,0
2752,0.0,763.58969,763.8399,0.08,gabors,null,4.0,"[3644.93333333, 3644.93333333]",45.0,40.0,-40.0,"[20.0, 20.0]",null,null,null,0.8,null,0.25021118,91,,,0,,False,12,train,1
2753,0.0,763.8399,764.09011,0.08,gabors,null,4.0,"[3644.93333333, 3644.93333333]",90.0,-30.0,-20.0,"[20.0, 20.0]",null,null,null,0.8,null,0.25020882,16,,,0,,False,10,train,2
2754,0.0,764.09011,764.34032,0.08,gabors,null,4.0,"[3644.93333333, 3644.93333333]",90.0,40.0,30.0,"[20.0, 20.0]",null,null,null,0.8,null,0.25020882,240,,,0,,False,11,test,2
2755,0.0,764.34032,764.59053,0.08,gabors,null,4.0,"[3644.93333333, 3644.93333333]",90.0,-40.0,-40.0,"[20.0, 20.0]",null,null,null,0.8,null,0.25020882,1,,,0,,False,12,train,2
2756,0.0,764.59053,764.84074,0.08,gabors,null,4.0,"[3644.93333333, 3644.93333333]",45.0,-30.0,30.0,"[20.0, 20.0]",null,null,null,0.8,null,0.25020882,227,,,0,,False,12,train,1
2757,0.0,764.84074,765.09095,0.08,gabors,null,4.0,"[3644.93333333, 3644.93333333]",45.0,-40.0,20.0,"[20.0, 20.0]",null,null,null,0.8,null,0.25021368,124,,,0,,False,12,train,1
2758,0.0,765.09095,765.34116,0.08,gabors,null,4.0,"[3644.93333333, 3644.93333333]",90.0,20.0,30.0,"[20.0, 20.0]",null,null,null,0.8,null,0.25021368,198,,,0,,False,12,train,2
2759,0.0,765.34116,765.59138,0.08,gabors,null,4.0,"[3644.93333333, 3644.93333333]",90.0,10.0,10.0,"[20.0, 20.0]",null,null,null,0.8,null,0.25021368,180,,,0,,False,11,test,2
2760,0.0,765.59138,765.84159,0.08,gabors,null,4.0,"[3644.93333333, 3644.93333333]",90.0,20.0,-10.0,"[20.0, 20.0]",null,null,null,0.8,null,0.25021368,150,,,0,,False,12,train,2
2761,0.0,765.84159,766.0918,0.08,gabors,null,4.0,"[3644.93333333, 3644.93333333]",0.0,30.0,10.0,"[20.0, 20.0]",null,null,null,0.8,null,0.25020382,141,,,0,,False,10,train,0
2762,0.0,766.0918,766.342,0.08,gabors,null,4.0,"[3644.93333333, 3644.93333333]",0.0,10.0,30.0,"[20.0, 20.0]",null,null,null,0.8,null,0.25020382,134,,,0,,False,12,train,0
2763,0.0,766.342,766.5922,0.08,gabors,null,4.0,"[3644.93333333, 3644.93333333]",45.0,-10.0,-30.0,"[20.0, 20.0]",null,null,null,0.8,null,0.25020382,148,,,0,,False,13,train,1
2764,0.0,766.5922,766.84241,0.08,gabors,null,4.0,"[3644.93333333, 3644.93333333]",45.0,-40.0,-30.0,"[20.0, 20.0]",null,null,null,0.8,null,0.25020382,204,,,0,,False,11,test,1
2765,0.0,766.84241,767.09262,0.08,gabors,null,4.0,"[3644.93333333, 3644.93333333]",0.0,20.0,40.0,"[20.0, 20.0]",null,null,null,0.8,null,0.25020868,241,,,0,,False,11,test,0
2766,0.0,767.09262,767.34282,0.08,gabors,null,4.0,"[3644.93333333, 3644.93333333]",90.0,-20.0,20.0,"[20.0, 20.0]",null,null,null,0.8,null,0.25020868,161,,,0,,False,12,train,2
2767,0.0,767.34282,767.59303,0.08,gabors,null,4.0,"[3644.93333333, 3644.93333333]",90.0,20.0,-10.0,"[20.0, 20.0]",null,null,null,0.8,null,0.25020868,150,,,0,,False,13,train,2
2768,0.0,767.59303,767.84324,0.08,gabors,null,4.0,"[3644.93333333, 3644.93333333]",0.0,0.0,-10.0,"[20.0, 20.0]",null,null,null,0.8,null,0.25020868,137,,,0,,False,11,test,0
2769,0.0,767.84324,768.09345,0.08,gabors,null,4.0,"[3644.93333333, 3644.93333333]",0.0,0.0,30.0,"[20.0, 20.0]",null,null,null,0.8,null,0.25021132,21,,,0,,False,12,train,0
2770,0.0,768.09345,768.34366,0.08,gabors,null,4.0,"[3644.93333333, 3644.93333333]",45.0,10.0,0.0,"[20.0, 20.0]",null,null,null,0.8,null,0.25021132,243,,,0,,False,9,train,1
2771,0.0,768.34366,768.59388,0.08,gabors,null,4.0,"[3644.93333333, 3644.93333333]",0.0,10.0,-20.0,"[20.0, 20.0]",null,null,null,0.8,null,0.25021132,217,,,0,,False,11,test,0
2772,0.0,768.59388,768.84409,0.08,gabors,null,4.0,"[3644.93333333, 3644.93333333]",0.0,-10.0,10.0,"[20.0, 20.0]",null,null,null,0.8,null,0.25021132,19,,,0,,False,12,train,0
2773,0.0,768.84409,769.0943,0.08,gabors,null,4.0,"[3644.93333333, 3644.93333333]",45.0,10.0,30.0,"[20.0, 20.0]",null,null,null,0.8,null,0.25021118,218,,,0,,False,10,train,1
2774,0.0,769.0943,769.34451,0.08,gabors,null,4.0,"[3644.93333333, 3644.93333333]",90.0,-20.0,-10.0,"[20.0, 20.0]",null,null,null,0.8,null,0.25021118,38,,,0,,False,7,train,2
2775,0.0,769.34451,769.59472,0.08,gabors,null,4.0,"[3644.93333333, 3644.93333333]",90.0,-40.0,-10.0,"[20.0, 20.0]",null,null,null,0.8,null,0.25021118,225,,,0,,False,11,test,2
2776,0.0,769.59472,769.84493,0.08,gabors,null,4.0,"[3644.93333333, 3644.93333333]",45.0,20.0,-30.0,"[20.0, 20.0]",null,null,null,0.8,null,0.25021118,219,,,0,,False,12,train,1
2777,0.0,769.84493,770.09514,0.08,gabors,null,4.0,"[3644.93333333, 3644.93333333]",90.0,-10.0,10.0,"[20.0, 20.0]",null,null,null,0.8,null,0.25020632,192,,,0,,False,12,train,2
2778,0.0,770.09514,770.34534,0.08,gabors,null,4.0,"[3644.93333333, 3644.93333333]",45.0,40.0,30.0,"[20.0, 20.0]",null,null,null,0.8,null,0.25020632,111,,,0,,False,12,train,1
2779,0.0,770.34534,770.59555,0.08,gabors,null,4.0,"[3644.93333333, 3644.93333333]",90.0,30.0,30.0,"[20.0, 20.0]",null,null,null,0.8,null,0.25020632,207,,,0,,False,13,train,2
2780,0.0,770.59555,770.84576,0.08,gabors,null,4.0,"[3644.93333333, 3644.93333333]",45.0,-30.0,40.0,"[20.0, 20.0]",null,null,null,0.8,null,0.25020632,58,,,0,,False,12,train,1
2781,0.0,770.84576,771.09597,0.08,gabors,null,4.0,"[3644.93333333, 3644.93333333]",90.0,-20.0,10.0,"[20.0, 20.0]",null,null,null,0.8,null,0.25020868,26,,,0,,False,13,train,2
2782,0.0,771.09597,771.34617,0.08,gabors,null,4.0,"[3644.93333333, 3644.93333333]",90.0,-20.0,-40.0,"[20.0, 20.0]",null,null,null,0.8,null,0.25020868,36,,,0,,False,14,test,2
2783,0.0,771.34617,771.59638,0.08,gabors,null,4.0,"[3644.93333333, 3644.93333333]",90.0,-20.0,-10.0,"[20.0, 20.0]",null,null,null,0.8,null,0.25020868,38,,,0,,False,8,test,2
2784,0.0,771.59638,771.84659,0.08,gabors,null,4.0,"[3644.93333333, 3644.93333333]",45.0,-30.0,0.0,"[20.0, 20.0]",null,null,null,0.8,null,0.25020868,82,,,0,,False,11,test,1
2785,0.0,771.84659,772.0968,0.08,gabors,null,4.0,"[3644.93333333, 3644.93333333]",45.0,-20.0,20.0,"[20.0, 20.0]",null,null,null,0.8,null,0.25020882,66,,,0,,False,13,train,1
2786,0.0,772.0968,772.34701,0.08,gabors,null,4.0,"[3644.93333333, 3644.93333333]",0.0,30.0,0.0,"[20.0, 20.0]",null,null,null,0.8,null,0.25020882,165,,,0,,False,9,train,0
2787,0.0,772.34701,772.59722,0.08,gabors,null,4.0,"[3644.93333333, 3644.93333333]",90.0,20.0,-30.0,"[20.0, 20.0]",null,null,null,0.8,null,0.25020882,226,,,0,,False,11,test,2
2788,0.0,772.59722,772.84743,0.08,gabors,null,4.0,"[3644.93333333, 3644.93333333]",45.0,-20.0,-10.0,"[20.0, 20.0]",null,null,null,0.8,null,0.25020882,159,,,0,,False,12,train,1
2789,0.0,772.84743,773.09764,0.08,gabors,null,4.0,"[3644.93333333, 3644.93333333]",45.0,10.0,-30.0,"[20.0, 20.0]",null,null,null,0.8,null,0.25021368,140,,,0,,False,11,test,1
2790,0.0,773.09764,773.34785,0.08,gabors,null,4.0,"[3644.93333333, 3644.93333333]",45.0,20.0,30.0,"[20.0, 20.0]",null,null,null,0.8,null,0.25021368,63,,,0,,False,10,train,1
2791,0.0,773.34785,773.59807,0.08,gabors,null,4.0,"[3644.93333333, 3644.93333333]",45.0,-40.0,-30.0,"[20.0, 20.0]",null,null,null,0.8,null,0.25021368,204,,,0,,False,12,train,1
2792,0.0,773.59807,773.84828,0.08,gabors,null,4.0,"[3644.93333333, 3644.93333333]",45.0,20.0,30.0,"[20.0, 20.0]",null,null,null,0.8,null,0.25021368,63,,,0,,False,11,test,1
2793,0.0,773.84828,774.09849,0.08,gabors,null,4.0,"[3644.93333333, 3644.93333333]",90.0,30.0,-30.0,"[20.0, 20.0]",null,null,null,0.8,null,0.25020382,103,,,0,,False,13,train,2
2794,0.0,774.09849,774.34869,0.08,gabors,null,4.0,"[3644.93333333, 3644.93333333]",0.0,-20.0,-30.0,"[20.0, 20.0]",null,null,null,0.8,null,0.25020382,128,,,0,,False,12,train,0
2795,0.0,774.34869,774.59889,0.08,gabors,null,4.0,"[3644.93333333, 3644.93333333]",45.0,-40.0,40.0,"[20.0, 20.0]",null,null,null,0.8,null,0.25020382,172,,,0,,False,8,test,1
2796,0.0,774.59889,774.8491,0.08,gabors,null,4.0,"[3644.93333333, 3644.93333333]",45.0,-20.0,0.0,"[20.0, 20.0]",null,null,null,0.8,null,0.25020382,160,,,0,,False,10,train,1
2797,0.0,774.8491,775.09931,0.08,gabors,null,4.0,"[3644.93333333, 3644.93333333]",0.0,-10.0,40.0,"[20.0, 20.0]",null,null,null,0.8,null,0.25021618,60,,,0,,False,12,train,0
2798,0.0,775.09931,775.34953,0.08,gabors,null,4.0,"[3644.93333333, 3644.93333333]",0.0,10.0,30.0,"[20.0, 20.0]",null,null,null,0.8,null,0.25021618,134,,,0,,False,13,train,0
2799,0.0,775.34953,775.59975,0.08,gabors,null,4.0,"[3644.93333333, 3644.93333333]",0.0,-30.0,-20.0,"[20.0, 20.0]",null,null,null,0.8,null,0.25021618,143,,,0,,False,13,train,0
2800,0.0,775.59975,775.84996,0.08,gabors,null,4.0,"[3644.93333333, 3644.93333333]",0.0,-30.0,-40.0,"[20.0, 20.0]",null,null,null,0.8,null,0.25021618,162,,,0,,False,10,train,0
2801,0.0,775.84996,776.10016,0.08,gabors,null,4.0,"[3644.93333333, 3644.93333333]",0.0,-40.0,30.0,"[20.0, 20.0]",null,null,null,0.8,null,0.25019882,2,,,0,,False,10,train,0
2802,0.0,776.10016,776.35036,0.08,gabors,null,4.0,"[3644.93333333, 3644.93333333]",45.0,30.0,-20.0,"[20.0, 20.0]",null,null,null,0.8,null,0.25019882,57,,,0,,False,12,train,1
2803,0.0,776.35036,776.60056,0.08,gabors,null,4.0,"[3644.93333333, 3644.93333333]",90.0,-30.0,10.0,"[20.0, 20.0]",null,null,null,0.8,null,0.25019882,118,,,0,,False,7,train,2
2804,0.0,776.60056,776.85076,0.08,gabors,null,4.0,"[3644.93333333, 3644.93333333]",90.0,-20.0,-10.0,"[20.0, 20.0]",null,null,null,0.8,null,0.25019882,38,,,0,,False,9,train,2
2805,0.0,776.85076,777.10097,0.08,gabors,null,4.0,"[3644.93333333, 3644.93333333]",45.0,-10.0,0.0,"[20.0, 20.0]",null,null,null,0.8,null,0.25021118,115,,,0,,False,12,train,1
2806,0.0,777.10097,777.35118,0.08,gabors,null,4.0,"[3644.93333333, 3644.93333333]",45.0,-10.0,-10.0,"[20.0, 20.0]",null,null,null,0.8,null,0.25021118,242,,,0,,False,10,train,1
2807,0.0,777.35118,777.60139,0.08,gabors,null,4.0,"[3644.93333333, 3644.93333333]",0.0,40.0,20.0,"[20.0, 20.0]",null,null,null,0.8,null,0.25021118,239,,,0,,False,6,train,0
2808,0.0,777.60139,777.8516,0.08,gabors,null,4.0,"[3644.93333333, 3644.93333333]",90.0,-30.0,40.0,"[20.0, 20.0]",null,null,null,0.8,null,0.25021118,47,,,0,,False,12,train,2
2809,0.0,777.8516,778.10182,0.08,gabors,null,4.0,"[3644.93333333, 3644.93333333]",90.0,40.0,40.0,"[20.0, 20.0]",null,null,null,0.8,null,0.25021382,235,,,0,,False,12,train,2
2810,0.0,778.10182,778.35203,0.08,gabors,null,4.0,"[3644.93333333, 3644.93333333]",0.0,0.0,20.0,"[20.0, 20.0]",null,null,null,0.8,null,0.25021382,214,,,0,,False,10,train,0
2811,0.0,778.35203,778.60224,0.08,gabors,null,4.0,"[3644.93333333, 3644.93333333]",90.0,-30.0,-40.0,"[20.0, 20.0]",null,null,null,0.8,null,0.25021382,149,,,0,,False,8,test,2
2812,0.0,778.60224,778.85246,0.08,gabors,null,4.0,"[3644.93333333, 3644.93333333]",45.0,30.0,0.0,"[20.0, 20.0]",null,null,null,0.8,null,0.25021382,56,,,0,,False,13,train,1
2813,0.0,778.85246,779.10266,0.08,gabors,null,4.0,"[3644.93333333, 3644.93333333]",0.0,20.0,-10.0,"[20.0, 20.0]",null,null,null,0.8,null,0.25020618,87,,,0,,False,11,test,0
2814,0.0,779.10266,779.35287,0.08,gabors,null,4.0,"[3644.93333333, 3644.93333333]",90.0,30.0,20.0,"[20.0, 20.0]",null,null,null,0.8,null,0.25020618,77,,,0,,False,12,train,2
2815,0.0,779.35287,779.60308,0.08,gabors,null,4.0,"[3644.93333333, 3644.93333333]",45.0,10.0,-10.0,"[20.0, 20.0]",null,null,null,0.8,null,0.25020618,220,,,0,,False,10,train,1
2816,0.0,779.60308,779.85328,0.08,gabors,null,4.0,"[3644.93333333, 3644.93333333]",0.0,30.0,10.0,"[20.0, 20.0]",null,null,null,0.8,null,0.25020618,141,,,0,,False,11,test,0
2817,0.0,779.85328,780.10349,0.08,gabors,null,4.0,"[3644.93333333, 3644.93333333]",0.0,-20.0,0.0,"[20.0, 20.0]",null,null,null,0.8,null,0.25020632,44,,,0,,False,9,train,0
2818,0.0,780.10349,780.35369,0.08,gabors,null,4.0,"[3644.93333333, 3644.93333333]",0.0,-20.0,0.0,"[20.0, 20.0]",null,null,null,0.8,null,0.25020632,44,,,0,,False,10,train,0
2819,0.0,780.35369,780.6039,0.08,gabors,null,4.0,"[3644.93333333, 3644.93333333]",45.0,40.0,-40.0,"[20.0, 20.0]",null,null,null,0.8,null,0.25020632,91,,,0,,False,13,train,1
2820,0.0,780.6039,780.85411,0.08,gabors,null,4.0,"[3644.93333333, 3644.93333333]",0.0,-30.0,20.0,"[20.0, 20.0]",null,null,null,0.8,null,0.25020632,33,,,0,,False,9,train,0
2821,0.0,780.85411,781.10432,0.08,gabors,null,4.0,"[3644.93333333, 3644.93333333]",0.0,-10.0,-40.0,"[20.0, 20.0]",null,null,null,0.8,null,0.25021118,53,,,0,,False,13,train,0
2822,0.0,781.10432,781.35453,0.08,gabors,null,4.0,"[3644.93333333, 3644.93333333]",90.0,-30.0,30.0,"[20.0, 20.0]",null,null,null,0.8,null,0.25021118,8,,,0,,False,10,train,2
2823,0.0,781.35453,781.60474,0.08,gabors,null,4.0,"[3644.93333333, 3644.93333333]",45.0,-40.0,40.0,"[20.0, 20.0]",null,null,null,0.8,null,0.25021118,172,,,0,,False,9,train,1
2824,0.0,781.60474,781.85495,0.08,gabors,null,4.0,"[3644.93333333, 3644.93333333]",0.0,-30.0,-10.0,"[20.0, 20.0]",null,null,null,0.8,null,0.25021118,146,,,0,,False,10,train,0
2825,0.0,781.85495,782.10516,0.08,gabors,null,4.0,"[3644.93333333, 3644.93333333]",0.0,0.0,30.0,"[20.0, 20.0]",null,null,null,0.8,null,0.25021132,21,,,0,,False,13,train,0
2826,0.0,782.10516,782.35537,0.08,gabors,null,4.0,"[3644.93333333, 3644.93333333]",45.0,-30.0,-20.0,"[20.0, 20.0]",null,null,null,0.8,null,0.25021132,221,,,0,,False,9,train,1
2827,0.0,782.35537,782.60559,0.08,gabors,null,4.0,"[3644.93333333, 3644.93333333]",45.0,-10.0,30.0,"[20.0, 20.0]",null,null,null,0.8,null,0.25021132,231,,,0,,False,10,train,1
2828,0.0,782.60559,782.8558,0.08,gabors,null,4.0,"[3644.93333333, 3644.93333333]",90.0,-40.0,-20.0,"[20.0, 20.0]",null,null,null,0.8,null,0.25021132,40,,,0,,False,12,train,2
2829,0.0,782.8558,783.10601,0.08,gabors,null,4.0,"[3644.93333333, 3644.93333333]",0.0,-20.0,10.0,"[20.0, 20.0]",null,null,null,0.8,null,0.25020868,135,,,0,,False,10,train,0
2830,0.0,783.10601,783.35621,0.08,gabors,null,4.0,"[3644.93333333, 3644.93333333]",0.0,-40.0,-30.0,"[20.0, 20.0]",null,null,null,0.8,null,0.25020868,209,,,0,,False,9,train,0
2831,0.0,783.35621,783.60642,0.08,gabors,null,4.0,"[3644.93333333, 3644.93333333]",45.0,-30.0,-20.0,"[20.0, 20.0]",null,null,null,0.8,null,0.25020868,221,,,0,,False,10,train,1
2832,0.0,783.60642,783.85663,0.08,gabors,null,4.0,"[3644.93333333, 3644.93333333]",90.0,-10.0,30.0,"[20.0, 20.0]",null,null,null,0.8,null,0.25020868,11,,,0,,False,10,train,2
2833,0.0,783.85663,784.10684,0.08,gabors,null,4.0,"[3644.93333333, 3644.93333333]",0.0,30.0,-20.0,"[20.0, 20.0]",null,null,null,0.8,null,0.25021132,171,,,0,,False,9,train,0
2834,0.0,784.10684,784.35705,0.08,gabors,null,4.0,"[3644.93333333, 3644.93333333]",90.0,-10.0,-10.0,"[20.0, 20.0]",null,null,null,0.8,null,0.25021132,230,,,0,,False,11,test,2
2835,0.0,784.35705,784.60727,0.08,gabors,null,4.0,"[3644.93333333, 3644.93333333]",45.0,40.0,-30.0,"[20.0, 20.0]",null,null,null,0.8,null,0.25021132,109,,,0,,False,11,test,1
2836,0.0,784.60727,784.85748,0.08,gabors,null,4.0,"[3644.93333333, 3644.93333333]",45.0,40.0,10.0,"[20.0, 20.0]",null,null,null,0.8,null,0.25021132,229,,,0,,False,10,train,1
2837,0.0,784.85748,785.10769,0.08,gabors,null,4.0,"[3644.93333333, 3644.93333333]",45.0,-10.0,-10.0,"[20.0, 20.0]",null,null,null,0.8,null,0.25021118,242,,,0,,False,11,test,1
2838,0.0,785.10769,785.3579,0.08,gabors,null,4.0,"[3644.93333333, 3644.93333333]",0.0,0.0,20.0,"[20.0, 20.0]",null,null,null,0.8,null,0.25021118,214,,,0,,False,11,test,0
2839,0.0,785.3579,785.60811,0.08,gabors,null,4.0,"[3644.93333333, 3644.93333333]",90.0,-30.0,10.0,"[20.0, 20.0]",null,null,null,0.8,null,0.25021118,118,,,0,,False,8,test,2
2840,0.0,785.60811,785.85832,0.08,gabors,null,4.0,"[3644.93333333, 3644.93333333]",90.0,0.0,-40.0,"[20.0, 20.0]",null,null,null,0.8,null,0.25021118,32,,,0,,False,11,test,2
2841,0.0,785.85832,786.10852,0.08,gabors,null,4.0,"[3644.93333333, 3644.93333333]",45.0,10.0,30.0,"[20.0, 20.0]",null,null,null,0.8,null,0.25020132,218,,,0,,False,11,test,1
2842,0.0,786.10852,786.35872,0.08,gabors,null,4.0,"[3644.93333333, 3644.93333333]",0.0,0.0,-30.0,"[20.0, 20.0]",null,null,null,0.8,null,0.25020132,46,,,0,,False,13,train,0
2843,0.0,786.35872,786.60893,0.08,gabors,null,4.0,"[3644.93333333, 3644.93333333]",90.0,40.0,0.0,"[20.0, 20.0]",null,null,null,0.8,null,0.25020132,152,,,0,,False,11,test,2
2844,0.0,786.60893,786.85913,0.08,gabors,null,4.0,"[3644.93333333, 3644.93333333]",45.0,30.0,-10.0,"[20.0, 20.0]",null,null,null,0.8,null,0.25020132,223,,,0,,False,10,train,1
2845,0.0,786.85913,787.10934,0.08,gabors,null,4.0,"[3644.93333333, 3644.93333333]",90.0,-30.0,40.0,"[20.0, 20.0]",null,null,null,0.8,null,0.25021368,47,,,0,,False,13,train,2
2846,0.0,787.10934,787.35955,0.08,gabors,null,4.0,"[3644.93333333, 3644.93333333]",45.0,-40.0,40.0,"[20.0, 20.0]",null,null,null,0.8,null,0.25021368,172,,,0,,False,10,train,1
2847,0.0,787.35955,787.60977,0.08,gabors,null,4.0,"[3644.93333333, 3644.93333333]",90.0,-10.0,0.0,"[20.0, 20.0]",null,null,null,0.8,null,0.25021368,195,,,0,,False,11,test,2
2848,0.0,787.60977,787.85998,0.08,gabors,null,4.0,"[3644.93333333, 3644.93333333]",45.0,-10.0,40.0,"[20.0, 20.0]",null,null,null,0.8,null,0.25021368,175,,,0,,False,9,train,1
2849,0.0,787.85998,788.11019,0.08,gabors,null,4.0,"[3644.93333333, 3644.93333333]",90.0,40.0,-10.0,"[20.0, 20.0]",null,null,null,0.8,null,0.25020632,210,,,0,,False,8,test,2
2850,0.0,788.11019,788.36039,0.08,gabors,null,4.0,"[3644.93333333, 3644.93333333]",45.0,-40.0,-20.0,"[20.0, 20.0]",null,null,null,0.8,null,0.25020632,62,,,0,,False,9,train,1
2851,0.0,788.36039,788.6106,0.08,gabors,null,4.0,"[3644.93333333, 3644.93333333]",90.0,10.0,20.0,"[20.0, 20.0]",null,null,null,0.8,null,0.25020632,176,,,0,,False,11,test,2
2852,0.0,788.6106,788.86081,0.08,gabors,null,4.0,"[3644.93333333, 3644.93333333]",90.0,40.0,-10.0,"[20.0, 20.0]",null,null,null,0.8,null,0.25020632,210,,,0,,False,9,train,2
2853,0.0,788.86081,789.11102,0.08,gabors,null,4.0,"[3644.93333333, 3644.93333333]",45.0,10.0,40.0,"[20.0, 20.0]",null,null,null,0.8,null,0.25021368,61,,,0,,False,9,train,1
2854,0.0,789.11102,789.36123,0.08,gabors,null,4.0,"[3644.93333333, 3644.93333333]",90.0,40.0,-20.0,"[20.0, 20.0]",null,null,null,0.8,null,0.25021368,173,,,0,,False,11,test,2
2855,0.0,789.36123,789.61145,0.08,gabors,null,4.0,"[3644.93333333, 3644.93333333]",0.0,40.0,10.0,"[20.0, 20.0]",null,null,null,0.8,null,0.25021368,76,,,0,,False,10,train,0
2856,0.0,789.61145,789.86166,0.08,gabors,null,4.0,"[3644.93333333, 3644.93333333]",45.0,0.0,-30.0,"[20.0, 20.0]",null,null,null,0.8,null,0.25021368,232,,,0,,False,10,train,1
2857,0.0,789.86166,790.11187,0.08,gabors,null,4.0,"[3644.93333333, 3644.93333333]",45.0,0.0,10.0,"[20.0, 20.0]",null,null,null,0.8,null,0.25020382,110,,,0,,False,7,train,1
2858,0.0,790.11187,790.36207,0.08,gabors,null,4.0,"[3644.93333333, 3644.93333333]",45.0,-20.0,30.0,"[20.0, 20.0]",null,null,null,0.8,null,0.25020382,189,,,0,,False,8,test,1
2859,0.0,790.36207,790.61227,0.08,gabors,null,4.0,"[3644.93333333, 3644.93333333]",45.0,-20.0,-30.0,"[20.0, 20.0]",null,null,null,0.8,null,0.25020382,96,,,0,,False,11,test,1
2860,0.0,790.61227,790.86248,0.08,gabors,null,4.0,"[3644.93333333, 3644.93333333]",45.0,0.0,30.0,"[20.0, 20.0]",null,null,null,0.8,null,0.25020382,99,,,0,,False,9,train,1
2861,0.0,790.86248,791.11269,0.08,gabors,null,4.0,"[3644.93333333, 3644.93333333]",45.0,40.0,0.0,"[20.0, 20.0]",null,null,null,0.8,null,0.25021118,126,,,0,,False,10,train,1
2862,0.0,791.11269,791.3629,0.08,gabors,null,4.0,"[3644.93333333, 3644.93333333]",0.0,-10.0,30.0,"[20.0, 20.0]",null,null,null,0.8,null,0.25021118,187,,,0,,False,11,test,0
2863,0.0,791.3629,791.61311,0.08,gabors,null,4.0,"[3644.93333333, 3644.93333333]",90.0,-10.0,0.0,"[20.0, 20.0]",null,null,null,0.8,null,0.25021118,195,,,0,,False,12,train,2
2864,0.0,791.61311,791.86332,0.08,gabors,null,4.0,"[3644.93333333, 3644.93333333]",0.0,30.0,30.0,"[20.0, 20.0]",null,null,null,0.8,null,0.25021118,104,,,0,,False,13,train,0
2865,0.0,791.86332,792.11353,0.08,gabors,null,4.0,"[3644.93333333, 3644.93333333]",90.0,30.0,10.0,"[20.0, 20.0]",null,null,null,0.8,null,0.25020632,237,,,0,,False,9,train,2
2866,0.0,792.11353,792.36373,0.08,gabors,null,4.0,"[3644.93333333, 3644.93333333]",45.0,0.0,10.0,"[20.0, 20.0]",null,null,null,0.8,null,0.25020632,110,,,0,,False,8,test,1
2867,0.0,792.36373,792.61394,0.08,gabors,null,4.0,"[3644.93333333, 3644.93333333]",45.0,20.0,0.0,"[20.0, 20.0]",null,null,null,0.8,null,0.25020632,203,,,0,,False,10,train,1
2868,0.0,792.61394,792.86415,0.08,gabors,null,4.0,"[3644.93333333, 3644.93333333]",0.0,-40.0,-10.0,"[20.0, 20.0]",null,null,null,0.8,null,0.25020632,191,,,0,,False,10,train,0
2869,0.0,792.86415,793.11437,0.08,gabors,null,4.0,"[3644.93333333, 3644.93333333]",90.0,0.0,0.0,"[20.0, 20.0]",null,null,null,0.8,null,0.25021868,80,,,0,,False,12,train,2
2870,0.0,793.11437,793.36458,0.08,gabors,null,4.0,"[3644.93333333, 3644.93333333]",0.0,0.0,-20.0,"[20.0, 20.0]",null,null,null,0.8,null,0.25021868,213,,,0,,False,13,train,0
2871,0.0,793.36458,793.6148,0.08,gabors,null,4.0,"[3644.93333333, 3644.93333333]",90.0,10.0,20.0,"[20.0, 20.0]",null,null,null,0.8,null,0.25021868,176,,,0,,False,12,train,2
2872,0.0,793.6148,793.86502,0.08,gabors,null,4.0,"[3644.93333333, 3644.93333333]",90.0,-30.0,30.0,"[20.0, 20.0]",null,null,null,0.8,null,0.25021868,8,,,0,,False,11,test,2
2873,0.0,793.86502,794.11522,0.08,gabors,null,4.0,"[3644.93333333, 3644.93333333]",0.0,-20.0,20.0,"[20.0, 20.0]",null,null,null,0.8,null,0.25020132,145,,,0,,False,12,train,0
2874,0.0,794.11522,794.36542,0.08,gabors,null,4.0,"[3644.93333333, 3644.93333333]",90.0,-40.0,10.0,"[20.0, 20.0]",null,null,null,0.8,null,0.25020132,185,,,0,,False,10,train,2
2875,0.0,794.36542,794.61563,0.08,gabors,null,4.0,"[3644.93333333, 3644.93333333]",0.0,20.0,10.0,"[20.0, 20.0]",null,null,null,0.8,null,0.25020132,147,,,0,,False,11,test,0
2876,0.0,794.61563,794.86583,0.08,gabors,null,4.0,"[3644.93333333, 3644.93333333]",90.0,10.0,-10.0,"[20.0, 20.0]",null,null,null,0.8,null,0.25020132,117,,,0,,False,12,train,2
2877,0.0,794.86583,795.11604,0.08,gabors,null,4.0,"[3644.93333333, 3644.93333333]",90.0,-40.0,-10.0,"[20.0, 20.0]",null,null,null,0.8,null,0.25020868,225,,,0,,False,12,train,2
2878,0.0,795.11604,795.36624,0.08,gabors,null,4.0,"[3644.93333333, 3644.93333333]",45.0,30.0,-10.0,"[20.0, 20.0]",null,null,null,0.8,null,0.25020868,223,,,0,,False,11,test,1
2879,0.0,795.36624,795.61645,0.08,gabors,null,4.0,"[3644.93333333, 3644.93333333]",45.0,20.0,-20.0,"[20.0, 20.0]",null,null,null,0.8,null,0.25020868,208,,,0,,False,12,train,1
2880,0.0,795.61645,795.86666,0.08,gabors,null,4.0,"[3644.93333333, 3644.93333333]",90.0,-20.0,0.0,"[20.0, 20.0]",null,null,null,0.8,null,0.25020868,78,,,0,,False,13,train,2
2881,0.0,795.86666,796.11687,0.08,gabors,null,4.0,"[3644.93333333, 3644.93333333]",90.0,10.0,10.0,"[20.0, 20.0]",null,null,null,0.8,null,0.25020882,180,,,0,,False,12,train,2
2882,0.0,796.11687,796.36708,0.08,gabors,null,4.0,"[3644.93333333, 3644.93333333]",45.0,-20.0,10.0,"[20.0, 20.0]",null,null,null,0.8,null,0.25020882,74,,,0,,False,12,train,1
2883,0.0,796.36708,796.61729,0.08,gabors,null,4.0,"[3644.93333333, 3644.93333333]",0.0,-30.0,20.0,"[20.0, 20.0]",null,null,null,0.8,null,0.25020882,33,,,0,,False,10,train,0
2884,0.0,796.61729,796.8675,0.08,gabors,null,4.0,"[3644.93333333, 3644.93333333]",45.0,0.0,-20.0,"[20.0, 20.0]",null,null,null,0.8,null,0.25020882,27,,,0,,False,12,train,1
2885,0.0,796.8675,797.11771,0.08,gabors,null,4.0,"[3644.93333333, 3644.93333333]",45.0,-30.0,0.0,"[20.0, 20.0]",null,null,null,0.8,null,0.25021118,82,,,0,,False,12,train,1
2886,0.0,797.11771,797.36792,0.08,gabors,null,4.0,"[3644.93333333, 3644.93333333]",90.0,0.0,-10.0,"[20.0, 20.0]",null,null,null,0.8,null,0.25021118,196,,,0,,False,12,train,2
2887,0.0,797.36792,797.61813,0.08,gabors,null,4.0,"[3644.93333333, 3644.93333333]",45.0,20.0,0.0,"[20.0, 20.0]",null,null,null,0.8,null,0.25021118,203,,,0,,False,11,test,1
2888,0.0,797.61813,797.86834,0.08,gabors,null,4.0,"[3644.93333333, 3644.93333333]",90.0,30.0,-20.0,"[20.0, 20.0]",null,null,null,0.8,null,0.25021118,55,,,0,,False,7,train,2
2889,0.0,797.86834,798.11855,0.08,gabors,null,4.0,"[3644.93333333, 3644.93333333]",45.0,10.0,-30.0,"[20.0, 20.0]",null,null,null,0.8,null,0.25020882,140,,,0,,False,12,train,1
2890,0.0,798.11855,798.36876,0.08,gabors,null,4.0,"[3644.93333333, 3644.93333333]",0.0,-20.0,0.0,"[20.0, 20.0]",null,null,null,0.8,null,0.25020882,44,,,0,,False,11,test,0
2891,0.0,798.36876,798.61897,0.08,gabors,null,4.0,"[3644.93333333, 3644.93333333]",90.0,40.0,0.0,"[20.0, 20.0]",null,null,null,0.8,null,0.25020882,152,,,0,,False,12,train,2
2892,0.0,798.61897,798.86918,0.08,gabors,null,4.0,"[3644.93333333, 3644.93333333]",0.0,0.0,-20.0,"[20.0, 20.0]",null,null,null,0.8,null,0.25020882,213,,,0,,False,14,test,0
2893,0.0,798.86918,799.11939,0.08,gabors,null,4.0,"[3644.93333333, 3644.93333333]",0.0,0.0,-40.0,"[20.0, 20.0]",null,null,null,0.8,null,0.25021368,200,,,0,,False,10,train,0
2894,0.0,799.11939,799.3696,0.08,gabors,null,4.0,"[3644.93333333, 3644.93333333]",45.0,10.0,0.0,"[20.0, 20.0]",null,null,null,0.8,null,0.25021368,243,,,0,,False,10,train,1
2895,0.0,799.3696,799.61982,0.08,gabors,null,4.0,"[3644.93333333, 3644.93333333]",0.0,40.0,20.0,"[20.0, 20.0]",null,null,null,0.8,null,0.25021368,239,,,0,,False,7,train,0
2896,0.0,799.61982,799.87003,0.08,gabors,null,4.0,"[3644.93333333, 3644.93333333]",45.0,30.0,10.0,"[20.0, 20.0]",null,null,null,0.8,null,0.25021368,174,,,0,,False,12,train,1
2897,0.0,799.87003,800.12024,0.08,gabors,null,4.0,"[3644.93333333, 3644.93333333]",0.0,0.0,0.0,"[20.0, 20.0]",null,null,null,0.8,null,0.25020632,234,,,0,,False,12,train,0
2898,0.0,800.12024,800.37044,0.08,gabors,null,4.0,"[3644.93333333, 3644.93333333]",45.0,0.0,0.0,"[20.0, 20.0]",null,null,null,0.8,null,0.25020632,7,,,0,,False,12,train,1
2899,0.0,800.37044,800.62065,0.08,gabors,null,4.0,"[3644.93333333, 3644.93333333]",45.0,-30.0,10.0,"[20.0, 20.0]",null,null,null,0.8,null,0.25020632,142,,,0,,False,12,train,1
2900,0.0,800.62065,800.87086,0.08,gabors,null,4.0,"[3644.93333333, 3644.93333333]",90.0,0.0,-20.0,"[20.0, 20.0]",null,null,null,0.8,null,0.25020632,59,,,0,,False,10,train,2
2901,0.0,800.87086,801.12107,0.08,gabors,null,4.0,"[3644.93333333, 3644.93333333]",45.0,30.0,30.0,"[20.0, 20.0]",null,null,null,0.8,null,0.25020868,155,,,0,,False,10,train,1
2902,0.0,801.12107,801.37127,0.08,gabors,null,4.0,"[3644.93333333, 3644.93333333]",0.0,-30.0,20.0,"[20.0, 20.0]",null,null,null,0.8,null,0.25020868,33,,,0,,False,11,test,0
2903,0.0,801.37127,801.62148,0.08,gabors,null,4.0,"[3644.93333333, 3644.93333333]",0.0,-30.0,10.0,"[20.0, 20.0]",null,null,null,0.8,null,0.25020868,153,,,0,,False,11,test,0
2904,0.0,801.62148,801.87169,0.08,gabors,null,4.0,"[3644.93333333, 3644.93333333]",90.0,-10.0,-20.0,"[20.0, 20.0]",null,null,null,0.8,null,0.25020868,133,,,0,,False,12,train,2
2905,0.0,801.87169,802.1219,0.08,gabors,null,4.0,"[3644.93333333, 3644.93333333]",90.0,0.0,30.0,"[20.0, 20.0]",null,null,null,0.8,null,0.25020632,92,,,0,,False,12,train,2
2906,0.0,802.1219,802.3721,0.08,gabors,null,4.0,"[3644.93333333, 3644.93333333]",90.0,-30.0,30.0,"[20.0, 20.0]",null,null,null,0.8,null,0.25020632,8,,,0,,False,12,train,2
2907,0.0,802.3721,802.62231,0.08,gabors,null,4.0,"[3644.93333333, 3644.93333333]",45.0,-30.0,-30.0,"[20.0, 20.0]",null,null,null,0.8,null,0.25020632,190,,,0,,False,11,test,1
2908,0.0,802.62231,802.87252,0.08,gabors,null,4.0,"[3644.93333333, 3644.93333333]",90.0,30.0,30.0,"[20.0, 20.0]",null,null,null,0.8,null,0.25020632,207,,,0,,False,14,test,2
2909,0.0,802.87252,803.12272,0.08,gabors,null,4.0,"[3644.93333333, 3644.93333333]",90.0,-40.0,-40.0,"[20.0, 20.0]",null,null,null,0.8,null,0.25020368,1,,,0,,False,13,train,2
2910,0.0,803.12272,803.37292,0.08,gabors,null,4.0,"[3644.93333333, 3644.93333333]",45.0,-10.0,-40.0,"[20.0, 20.0]",null,null,null,0.8,null,0.25020368,85,,,0,,False,9,train,1
2911,0.0,803.37292,803.62313,0.08,gabors,null,4.0,"[3644.93333333, 3644.93333333]",90.0,0.0,0.0,"[20.0, 20.0]",null,null,null,0.8,null,0.25020368,80,,,0,,False,13,train,2
2912,0.0,803.62313,803.87333,0.08,gabors,null,4.0,"[3644.93333333, 3644.93333333]",45.0,30.0,-40.0,"[20.0, 20.0]",null,null,null,0.8,null,0.25020368,54,,,0,,False,11,test,1
2913,0.0,803.87333,804.12355,0.08,gabors,null,4.0,"[3644.93333333, 3644.93333333]",0.0,20.0,-40.0,"[20.0, 20.0]",null,null,null,0.8,null,0.25021632,164,,,0,,False,11,test,0
2914,0.0,804.12355,804.37376,0.08,gabors,null,4.0,"[3644.93333333, 3644.93333333]",0.0,10.0,10.0,"[20.0, 20.0]",null,null,null,0.8,null,0.25021632,42,,,0,,False,12,train,0
2915,0.0,804.37376,804.62398,0.08,gabors,null,4.0,"[3644.93333333, 3644.93333333]",45.0,0.0,10.0,"[20.0, 20.0]",null,null,null,0.8,null,0.25021632,110,,,0,,False,9,train,1
2916,0.0,804.62398,804.8742,0.08,gabors,null,4.0,"[3644.93333333, 3644.93333333]",45.0,-20.0,10.0,"[20.0, 20.0]",null,null,null,0.8,null,0.25021632,74,,,0,,False,13,train,1
2917,0.0,804.8742,805.12441,0.08,gabors,null,4.0,"[3644.93333333, 3644.93333333]",45.0,0.0,-20.0,"[20.0, 20.0]",null,null,null,0.8,null,0.25020868,27,,,0,,False,13,train,1
2918,0.0,805.12441,805.37461,0.08,gabors,null,4.0,"[3644.93333333, 3644.93333333]",45.0,20.0,-40.0,"[20.0, 20.0]",null,null,null,0.8,null,0.25020868,131,,,0,,False,12,train,1
2919,0.0,805.37461,805.62482,0.08,gabors,null,4.0,"[3644.93333333, 3644.93333333]",45.0,0.0,-30.0,"[20.0, 20.0]",null,null,null,0.8,null,0.25020868,232,,,0,,False,11,test,1
2920,0.0,805.62482,805.87503,0.08,gabors,null,4.0,"[3644.93333333, 3644.93333333]",90.0,30.0,40.0,"[20.0, 20.0]",null,null,null,0.8,null,0.25020868,30,,,0,,False,11,test,2
2921,0.0,805.87503,806.12524,0.08,gabors,null,4.0,"[3644.93333333, 3644.93333333]",0.0,40.0,40.0,"[20.0, 20.0]",null,null,null,0.8,null,0.25020882,136,,,0,,False,13,train,0
2922,0.0,806.12524,806.37545,0.08,gabors,null,4.0,"[3644.93333333, 3644.93333333]",90.0,40.0,0.0,"[20.0, 20.0]",null,null,null,0.8,null,0.25020882,152,,,0,,False,13,train,2
2923,0.0,806.37545,806.62566,0.08,gabors,null,4.0,"[3644.93333333, 3644.93333333]",45.0,-10.0,20.0,"[20.0, 20.0]",null,null,null,0.8,null,0.25020882,120,,,0,,False,13,train,1
2924,0.0,806.62566,806.87587,0.08,gabors,null,4.0,"[3644.93333333, 3644.93333333]",90.0,-40.0,30.0,"[20.0, 20.0]",null,null,null,0.8,null,0.25020882,202,,,0,,False,9,train,2
2925,0.0,806.87587,807.12608,0.08,gabors,null,4.0,"[3644.93333333, 3644.93333333]",90.0,30.0,-10.0,"[20.0, 20.0]",null,null,null,0.8,null,0.25020868,83,,,0,,False,11,test,2
2926,0.0,807.12608,807.37628,0.08,gabors,null,4.0,"[3644.93333333, 3644.93333333]",45.0,-10.0,40.0,"[20.0, 20.0]",null,null,null,0.8,null,0.25020868,175,,,0,,False,10,train,1
2927,0.0,807.37628,807.62649,0.08,gabors,null,4.0,"[3644.93333333, 3644.93333333]",90.0,-10.0,-30.0,"[20.0, 20.0]",null,null,null,0.8,null,0.25020868,166,,,0,,False,13,train,2
2928,0.0,807.62649,807.8767,0.08,gabors,null,4.0,"[3644.93333333, 3644.93333333]",0.0,-30.0,30.0,"[20.0, 20.0]",null,null,null,0.8,null,0.25020868,201,,,0,,False,10,train,0
2929,0.0,807.8767,808.12691,0.08,gabors,null,4.0,"[3644.93333333, 3644.93333333]",45.0,30.0,10.0,"[20.0, 20.0]",null,null,null,0.8,null,0.25020632,174,,,0,,False,13,train,1
2930,0.0,808.12691,808.37711,0.08,gabors,null,4.0,"[3644.93333333, 3644.93333333]",45.0,20.0,0.0,"[20.0, 20.0]",null,null,null,0.8,null,0.25020632,203,,,0,,False,12,train,1
2931,0.0,808.37711,808.62732,0.08,gabors,null,4.0,"[3644.93333333, 3644.93333333]",0.0,-40.0,10.0,"[20.0, 20.0]",null,null,null,0.8,null,0.25020632,75,,,0,,False,9,train,0
2932,0.0,808.62732,808.87753,0.08,gabors,null,4.0,"[3644.93333333, 3644.93333333]",90.0,-10.0,-40.0,"[20.0, 20.0]",null,null,null,0.8,null,0.25020632,163,,,0,,False,11,test,2
2933,0.0,808.87753,809.12773,0.08,gabors,null,4.0,"[3644.93333333, 3644.93333333]",45.0,-20.0,-20.0,"[20.0, 20.0]",null,null,null,0.8,null,0.25020618,177,,,0,,False,11,test,1
2934,0.0,809.12773,809.37794,0.08,gabors,null,4.0,"[3644.93333333, 3644.93333333]",0.0,0.0,-40.0,"[20.0, 20.0]",null,null,null,0.8,null,0.25020618,200,,,0,,False,11,test,0
2935,0.0,809.37794,809.62815,0.08,gabors,null,4.0,"[3644.93333333, 3644.93333333]",0.0,-30.0,40.0,"[20.0, 20.0]",null,null,null,0.8,null,0.25020618,39,,,0,,False,11,test,0
2936,0.0,809.62815,809.87835,0.08,gabors,null,4.0,"[3644.93333333, 3644.93333333]",45.0,20.0,0.0,"[20.0, 20.0]",null,null,null,0.8,null,0.25020618,203,,,0,,False,13,train,1
2937,0.0,809.87835,810.12857,0.08,gabors,null,4.0,"[3644.93333333, 3644.93333333]",0.0,-10.0,-20.0,"[20.0, 20.0]",null,null,null,0.8,null,0.25021382,14,,,0,,False,10,train,0
2938,0.0,810.12857,810.37878,0.08,gabors,null,4.0,"[3644.93333333, 3644.93333333]",90.0,30.0,-40.0,"[20.0, 20.0]",null,null,null,0.8,null,0.25021382,184,,,0,,False,10,train,2
2939,0.0,810.37878,810.62899,0.08,gabors,null,4.0,"[3644.93333333, 3644.93333333]",90.0,-20.0,30.0,"[20.0, 20.0]",null,null,null,0.8,null,0.25021382,170,,,0,,False,10,train,2
2940,0.0,810.62899,810.87921,0.08,gabors,null,4.0,"[3644.93333333, 3644.93333333]",0.0,10.0,30.0,"[20.0, 20.0]",null,null,null,0.8,null,0.25021382,134,,,0,,False,14,test,0
2941,0.0,810.87921,811.12942,0.08,gabors,null,4.0,"[3644.93333333, 3644.93333333]",0.0,20.0,30.0,"[20.0, 20.0]",null,null,null,0.8,null,0.25021368,182,,,0,,False,13,train,0
2942,0.0,811.12942,811.37963,0.08,gabors,null,4.0,"[3644.93333333, 3644.93333333]",90.0,40.0,10.0,"[20.0, 20.0]",null,null,null,0.8,null,0.25021368,121,,,0,,False,13,train,2
2943,0.0,811.37963,811.62985,0.08,gabors,null,4.0,"[3644.93333333, 3644.93333333]",45.0,-30.0,10.0,"[20.0, 20.0]",null,null,null,0.8,null,0.25021368,142,,,0,,False,13,train,1
2944,0.0,811.62985,811.88006,0.08,gabors,null,4.0,"[3644.93333333, 3644.93333333]",0.0,40.0,-30.0,"[20.0, 20.0]",null,null,null,0.8,null,0.25021368,6,,,0,,False,9,train,0
2945,0.0,811.88006,812.13027,0.08,gabors,null,4.0,"[3644.93333333, 3644.93333333]",90.0,0.0,20.0,"[20.0, 20.0]",null,null,null,0.8,null,0.25020632,93,,,0,,False,10,train,2
2946,0.0,812.13027,812.38047,0.08,gabors,null,4.0,"[3644.93333333, 3644.93333333]",45.0,20.0,-10.0,"[20.0, 20.0]",null,null,null,0.8,null,0.25020632,236,,,0,,False,11,test,1
2947,0.0,812.38047,812.63068,0.08,gabors,null,4.0,"[3644.93333333, 3644.93333333]",0.0,20.0,40.0,"[20.0, 20.0]",null,null,null,0.8,null,0.25020632,241,,,0,,False,12,train,0
2948,0.0,812.63068,812.88089,0.08,gabors,null,4.0,"[3644.93333333, 3644.93333333]",0.0,-40.0,-40.0,"[20.0, 20.0]",null,null,null,0.8,null,0.25020632,206,,,0,,False,12,train,0
2949,0.0,812.88089,813.1311,0.08,gabors,null,4.0,"[3644.93333333, 3644.93333333]",90.0,-20.0,-30.0,"[20.0, 20.0]",null,null,null,0.8,null,0.25020868,67,,,0,,False,11,test,2
2950,0.0,813.1311,813.3813,0.08,gabors,null,4.0,"[3644.93333333, 3644.93333333]",45.0,10.0,10.0,"[20.0, 20.0]",null,null,null,0.8,null,0.25020868,205,,,0,,False,12,train,1
2951,0.0,813.3813,813.63151,0.08,gabors,null,4.0,"[3644.93333333, 3644.93333333]",90.0,0.0,-30.0,"[20.0, 20.0]",null,null,null,0.8,null,0.25020868,5,,,0,,False,10,train,2
2952,0.0,813.63151,813.88172,0.08,gabors,null,4.0,"[3644.93333333, 3644.93333333]",0.0,-30.0,10.0,"[20.0, 20.0]",null,null,null,0.8,null,0.25020868,153,,,0,,False,12,train,0
2953,0.0,813.88172,814.13193,0.08,gabors,null,4.0,"[3644.93333333, 3644.93333333]",90.0,-20.0,-20.0,"[20.0, 20.0]",null,null,null,0.8,null,0.25020882,35,,,0,,False,12,train,2
2954,0.0,814.13193,814.38214,0.08,gabors,null,4.0,"[3644.93333333, 3644.93333333]",0.0,20.0,0.0,"[20.0, 20.0]",null,null,null,0.8,null,0.25020882,71,,,0,,False,14,test,0
2955,0.0,814.38214,814.63235,0.08,gabors,null,4.0,"[3644.93333333, 3644.93333333]",90.0,-10.0,30.0,"[20.0, 20.0]",null,null,null,0.8,null,0.25020882,11,,,0,,False,11,test,2
2956,0.0,814.63235,814.88256,0.08,gabors,null,4.0,"[3644.93333333, 3644.93333333]",90.0,30.0,20.0,"[20.0, 20.0]",null,null,null,0.8,null,0.25020882,77,,,0,,False,13,train,2
2957,0.0,814.88256,815.13277,0.08,gabors,null,4.0,"[3644.93333333, 3644.93333333]",0.0,-20.0,0.0,"[20.0, 20.0]",null,null,null,0.8,null,0.25021118,44,,,0,,False,12,train,0
2958,0.0,815.13277,815.38298,0.08,gabors,null,4.0,"[3644.93333333, 3644.93333333]",0.0,-30.0,40.0,"[20.0, 20.0]",null,null,null,0.8,null,0.25021118,39,,,0,,False,12,train,0
2959,0.0,815.38298,815.63319,0.08,gabors,null,4.0,"[3644.93333333, 3644.93333333]",90.0,-20.0,40.0,"[20.0, 20.0]",null,null,null,0.8,null,0.25021118,193,,,0,,False,9,train,2
2960,0.0,815.63319,815.8834,0.08,gabors,null,4.0,"[3644.93333333, 3644.93333333]",90.0,40.0,10.0,"[20.0, 20.0]",null,null,null,0.8,null,0.25021118,121,,,0,,False,14,test,2
2961,0.0,815.8834,816.13361,0.08,gabors,null,4.0,"[3644.93333333, 3644.93333333]",90.0,40.0,-40.0,"[20.0, 20.0]",null,null,null,0.8,null,0.25020632,113,,,0,,False,9,train,2
2962,0.0,816.13361,816.38381,0.08,gabors,null,4.0,"[3644.93333333, 3644.93333333]",0.0,30.0,-20.0,"[20.0, 20.0]",null,null,null,0.8,null,0.25020632,171,,,0,,False,10,train,0
2963,0.0,816.38381,816.63402,0.08,gabors,null,4.0,"[3644.93333333, 3644.93333333]",0.0,30.0,-40.0,"[20.0, 20.0]",null,null,null,0.8,null,0.25020632,70,,,0,,False,14,test,0
2964,0.0,816.63402,816.88423,0.08,gabors,null,4.0,"[3644.93333333, 3644.93333333]",45.0,40.0,-20.0,"[20.0, 20.0]",null,null,null,0.8,null,0.25020632,18,,,0,,False,10,train,1
2965,0.0,816.88423,817.13444,0.08,gabors,null,4.0,"[3644.93333333, 3644.93333333]",0.0,30.0,-20.0,"[20.0, 20.0]",null,null,null,0.8,null,0.25020868,171,,,0,,False,11,test,0
2966,0.0,817.13444,817.38464,0.08,gabors,null,4.0,"[3644.93333333, 3644.93333333]",45.0,30.0,40.0,"[20.0, 20.0]",null,null,null,0.8,null,0.25020868,52,,,0,,False,10,train,1
2967,0.0,817.38464,817.63485,0.08,gabors,null,4.0,"[3644.93333333, 3644.93333333]",45.0,0.0,30.0,"[20.0, 20.0]",null,null,null,0.8,null,0.25020868,99,,,0,,False,10,train,1
2968,0.0,817.63485,817.88506,0.08,gabors,null,4.0,"[3644.93333333, 3644.93333333]",45.0,-30.0,0.0,"[20.0, 20.0]",null,null,null,0.8,null,0.25020868,82,,,0,,False,13,train,1
2969,0.0,817.88506,818.13527,0.08,gabors,null,4.0,"[3644.93333333, 3644.93333333]",0.0,20.0,-40.0,"[20.0, 20.0]",null,null,null,0.8,null,0.25021132,164,,,0,,False,12,train,0
2970,0.0,818.13527,818.38548,0.08,gabors,null,4.0,"[3644.93333333, 3644.93333333]",0.0,-10.0,40.0,"[20.0, 20.0]",null,null,null,0.8,null,0.25021132,60,,,0,,False,13,train,0
2971,0.0,818.38548,818.6357,0.08,gabors,null,4.0,"[3644.93333333, 3644.93333333]",0.0,0.0,-10.0,"[20.0, 20.0]",null,null,null,0.8,null,0.25021132,137,,,0,,False,12,train,0
2972,0.0,818.6357,818.88591,0.08,gabors,null,4.0,"[3644.93333333, 3644.93333333]",45.0,40.0,10.0,"[20.0, 20.0]",null,null,null,0.8,null,0.25021132,229,,,0,,False,11,test,1
2973,0.0,818.88591,819.13612,0.08,gabors,null,4.0,"[3644.93333333, 3644.93333333]",90.0,30.0,10.0,"[20.0, 20.0]",null,null,null,0.8,null,0.25020868,237,,,0,,False,10,train,2
2974,0.0,819.13612,819.38632,0.08,gabors,null,4.0,"[3644.93333333, 3644.93333333]",90.0,20.0,0.0,"[20.0, 20.0]",null,null,null,0.8,null,0.25020868,73,,,0,,False,12,train,2
2975,0.0,819.38632,819.63653,0.08,gabors,null,4.0,"[3644.93333333, 3644.93333333]",90.0,-20.0,-10.0,"[20.0, 20.0]",null,null,null,0.8,null,0.25020868,38,,,0,,False,10,train,2
2976,0.0,819.63653,819.88674,0.08,gabors,null,4.0,"[3644.93333333, 3644.93333333]",0.0,40.0,20.0,"[20.0, 20.0]",null,null,null,0.8,null,0.25020868,239,,,0,,False,8,test,0
2977,0.0,819.88674,820.13695,0.08,gabors,null,4.0,"[3644.93333333, 3644.93333333]",45.0,30.0,-40.0,"[20.0, 20.0]",null,null,null,0.8,null,0.25020882,54,,,0,,False,12,train,1
2978,0.0,820.13695,820.38716,0.08,gabors,null,4.0,"[3644.93333333, 3644.93333333]",0.0,40.0,0.0,"[20.0, 20.0]",null,null,null,0.8,null,0.25020882,24,,,0,,False,11,test,0
2979,0.0,820.38716,820.63737,0.08,gabors,null,4.0,"[3644.93333333, 3644.93333333]",0.0,0.0,10.0,"[20.0, 20.0]",null,null,null,0.8,null,0.25020882,29,,,0,,False,11,test,0
2980,0.0,820.63737,820.88758,0.08,gabors,null,4.0,"[3644.93333333, 3644.93333333]",0.0,-10.0,-20.0,"[20.0, 20.0]",null,null,null,0.8,null,0.25020882,14,,,0,,False,11,test,0
2981,0.0,820.88758,821.13779,0.08,gabors,null,4.0,"[3644.93333333, 3644.93333333]",45.0,10.0,-40.0,"[20.0, 20.0]",null,null,null,0.8,null,0.25021368,23,,,0,,False,13,train,1
2982,0.0,821.13779,821.388,0.08,gabors,null,4.0,"[3644.93333333, 3644.93333333]",0.0,-40.0,40.0,"[20.0, 20.0]",null,null,null,0.8,null,0.25021368,97,,,0,,False,11,test,0
2983,0.0,821.388,821.63822,0.08,gabors,null,4.0,"[3644.93333333, 3644.93333333]",90.0,-30.0,-20.0,"[20.0, 20.0]",null,null,null,0.8,null,0.25021368,16,,,0,,False,11,test,2
2984,0.0,821.63822,821.88843,0.08,gabors,null,4.0,"[3644.93333333, 3644.93333333]",45.0,10.0,-40.0,"[20.0, 20.0]",null,null,null,0.8,null,0.25021368,23,,,0,,False,14,test,1
2985,0.0,821.88843,822.13863,0.08,gabors,null,4.0,"[3644.93333333, 3644.93333333]",45.0,0.0,40.0,"[20.0, 20.0]",null,null,null,0.8,null,0.25020132,112,,,0,,False,12,train,1
2986,0.0,822.13863,822.38883,0.08,gabors,null,4.0,"[3644.93333333, 3644.93333333]",90.0,10.0,20.0,"[20.0, 20.0]",null,null,null,0.8,null,0.25020132,176,,,0,,False,13,train,2
2987,0.0,822.38883,822.63904,0.08,gabors,null,4.0,"[3644.93333333, 3644.93333333]",90.0,-10.0,40.0,"[20.0, 20.0]",null,null,null,0.8,null,0.25020132,167,,,0,,False,10,train,2
2988,0.0,822.63904,822.88924,0.08,gabors,null,4.0,"[3644.93333333, 3644.93333333]",0.0,-10.0,-30.0,"[20.0, 20.0]",null,null,null,0.8,null,0.25020132,79,,,0,,False,13,train,0
2989,0.0,822.88924,823.13946,0.08,gabors,null,4.0,"[3644.93333333, 3644.93333333]",45.0,-10.0,30.0,"[20.0, 20.0]",null,null,null,0.8,null,0.25022118,231,,,0,,False,11,test,1
2990,0.0,823.13946,823.38968,0.08,gabors,null,4.0,"[3644.93333333, 3644.93333333]",45.0,-10.0,20.0,"[20.0, 20.0]",null,null,null,0.8,null,0.25022118,120,,,0,,False,14,test,1
2991,0.0,823.38968,823.6399,0.08,gabors,null,4.0,"[3644.93333333, 3644.93333333]",0.0,-30.0,-10.0,"[20.0, 20.0]",null,null,null,0.8,null,0.25022118,146,,,0,,False,11,test,0
2992,0.0,823.6399,823.89012,0.08,gabors,null,4.0,"[3644.93333333, 3644.93333333]",90.0,40.0,30.0,"[20.0, 20.0]",null,null,null,0.8,null,0.25022118,240,,,0,,False,12,train,2
2993,0.0,823.89012,824.14032,0.08,gabors,null,4.0,"[3644.93333333, 3644.93333333]",90.0,40.0,20.0,"[20.0, 20.0]",null,null,null,0.8,null,0.25019632,123,,,0,,False,11,test,2
2994,0.0,824.14032,824.39051,0.08,gabors,null,4.0,"[3644.93333333, 3644.93333333]",90.0,-40.0,40.0,"[20.0, 20.0]",null,null,null,0.8,null,0.25019632,98,,,0,,False,10,train,2
2995,0.0,824.39051,824.64071,0.08,gabors,null,4.0,"[3644.93333333, 3644.93333333]",45.0,40.0,-30.0,"[20.0, 20.0]",null,null,null,0.8,null,0.25019632,109,,,0,,False,12,train,1
2996,0.0,824.64071,824.89091,0.08,gabors,null,4.0,"[3644.93333333, 3644.93333333]",45.0,10.0,30.0,"[20.0, 20.0]",null,null,null,0.8,null,0.25019632,218,,,0,,False,12,train,1
2997,0.0,824.89091,825.14112,0.08,gabors,null,4.0,"[3644.93333333, 3644.93333333]",90.0,0.0,-20.0,"[20.0, 20.0]",null,null,null,0.8,null,0.25021118,59,,,0,,False,11,test,2
2998,0.0,825.14112,825.39133,0.08,gabors,null,4.0,"[3644.93333333, 3644.93333333]",45.0,-10.0,-40.0,"[20.0, 20.0]",null,null,null,0.8,null,0.25021118,85,,,0,,False,10,train,1
2999,0.0,825.39133,825.64154,0.08,gabors,null,4.0,"[3644.93333333, 3644.93333333]",90.0,20.0,-40.0,"[20.0, 20.0]",null,null,null,0.8,null,0.25021118,183,,,0,,False,13,train,2
3000,0.0,825.64154,825.89175,0.08,gabors,null,4.0,"[3644.93333333, 3644.93333333]",0.0,0.0,-40.0,"[20.0, 20.0]",null,null,null,0.8,null,0.25021118,200,,,0,,False,12,train,0
3001,0.0,825.89175,826.14196,0.08,gabors,null,4.0,"[3644.93333333, 3644.93333333]",45.0,40.0,0.0,"[20.0, 20.0]",null,null,null,0.8,null,0.25021132,126,,,0,,False,11,test,1
3002,0.0,826.14196,826.39217,0.08,gabors,null,4.0,"[3644.93333333, 3644.93333333]",90.0,-40.0,30.0,"[20.0, 20.0]",null,null,null,0.8,null,0.25021132,202,,,0,,False,10,train,2
3003,0.0,826.39217,826.64239,0.08,gabors,null,4.0,"[3644.93333333, 3644.93333333]",45.0,-20.0,40.0,"[20.0, 20.0]",null,null,null,0.8,null,0.25021132,49,,,0,,False,13,train,1
3004,0.0,826.64239,826.8926,0.08,gabors,null,4.0,"[3644.93333333, 3644.93333333]",0.0,30.0,20.0,"[20.0, 20.0]",null,null,null,0.8,null,0.25021132,88,,,0,,False,10,train,0
3005,0.0,826.8926,827.1428,0.08,gabors,null,4.0,"[3644.93333333, 3644.93333333]",0.0,20.0,-10.0,"[20.0, 20.0]",null,null,null,0.8,null,0.25020118,87,,,0,,False,12,train,0
3006,0.0,827.1428,827.393,0.08,gabors,null,4.0,"[3644.93333333, 3644.93333333]",45.0,30.0,30.0,"[20.0, 20.0]",null,null,null,0.8,null,0.25020118,155,,,0,,False,11,test,1
3007,0.0,827.393,827.6432,0.08,gabors,null,4.0,"[3644.93333333, 3644.93333333]",45.0,-40.0,40.0,"[20.0, 20.0]",null,null,null,0.8,null,0.25020118,172,,,0,,False,11,test,1
3008,0.0,827.6432,827.8934,0.08,gabors,null,4.0,"[3644.93333333, 3644.93333333]",45.0,-20.0,10.0,"[20.0, 20.0]",null,null,null,0.8,null,0.25020118,74,,,0,,False,14,test,1
3009,0.0,827.8934,828.14362,0.08,gabors,null,4.0,"[3644.93333333, 3644.93333333]",0.0,0.0,40.0,"[20.0, 20.0]",null,null,null,0.8,null,0.25021632,125,,,0,,False,10,train,0
3010,0.0,828.14362,828.39383,0.08,gabors,null,4.0,"[3644.93333333, 3644.93333333]",0.0,0.0,0.0,"[20.0, 20.0]",null,null,null,0.8,null,0.25021632,234,,,0,,False,13,train,0
3011,0.0,828.39383,828.64405,0.08,gabors,null,4.0,"[3644.93333333, 3644.93333333]",45.0,-20.0,30.0,"[20.0, 20.0]",null,null,null,0.8,null,0.25021632,189,,,0,,False,9,train,1
3012,0.0,828.64405,828.89427,0.08,gabors,null,4.0,"[3644.93333333, 3644.93333333]",45.0,-40.0,-20.0,"[20.0, 20.0]",null,null,null,0.8,null,0.25021632,62,,,0,,False,10,train,1
3013,0.0,828.89427,829.14448,0.08,gabors,null,4.0,"[3644.93333333, 3644.93333333]",0.0,20.0,-10.0,"[20.0, 20.0]",null,null,null,0.8,null,0.25020868,87,,,0,,False,13,train,0
3014,0.0,829.14448,829.39468,0.08,gabors,null,4.0,"[3644.93333333, 3644.93333333]",45.0,-10.0,-30.0,"[20.0, 20.0]",null,null,null,0.8,null,0.25020868,148,,,0,,False,14,test,1
3015,0.0,829.39468,829.64489,0.08,gabors,null,4.0,"[3644.93333333, 3644.93333333]",90.0,-30.0,10.0,"[20.0, 20.0]",null,null,null,0.8,null,0.25020868,118,,,0,,False,9,train,2
3016,0.0,829.64489,829.8951,0.08,gabors,null,4.0,"[3644.93333333, 3644.93333333]",90.0,-30.0,20.0,"[20.0, 20.0]",null,null,null,0.8,null,0.25020868,139,,,0,,False,12,train,2
3017,0.0,829.8951,830.14531,0.08,gabors,null,4.0,"[3644.93333333, 3644.93333333]",90.0,10.0,-30.0,"[20.0, 20.0]",null,null,null,0.8,null,0.25020882,233,,,0,,False,10,train,2
3018,0.0,830.14531,830.39552,0.08,gabors,null,4.0,"[3644.93333333, 3644.93333333]",45.0,40.0,-30.0,"[20.0, 20.0]",null,null,null,0.8,null,0.25020882,109,,,0,,False,13,train,1
3019,0.0,830.39552,830.64573,0.08,gabors,null,4.0,"[3644.93333333, 3644.93333333]",0.0,-30.0,0.0,"[20.0, 20.0]",null,null,null,0.8,null,0.25020882,179,,,0,,False,10,train,0
3020,0.0,830.64573,830.89594,0.08,gabors,null,4.0,"[3644.93333333, 3644.93333333]",45.0,-20.0,30.0,"[20.0, 20.0]",null,null,null,0.8,null,0.25020882,189,,,0,,False,10,train,1
3021,0.0,830.89594,831.14615,0.08,gabors,null,4.0,"[3644.93333333, 3644.93333333]",45.0,-40.0,10.0,"[20.0, 20.0]",null,null,null,0.8,null,0.25021618,45,,,0,,False,11,test,1
3022,0.0,831.14615,831.39637,0.08,gabors,null,4.0,"[3644.93333333, 3644.93333333]",90.0,-10.0,-40.0,"[20.0, 20.0]",null,null,null,0.8,null,0.25021618,163,,,0,,False,12,train,2
3023,0.0,831.39637,831.64659,0.08,gabors,null,4.0,"[3644.93333333, 3644.93333333]",0.0,-20.0,30.0,"[20.0, 20.0]",null,null,null,0.8,null,0.25021618,215,,,0,,False,12,train,0
3024,0.0,831.64659,831.8968,0.08,gabors,null,4.0,"[3644.93333333, 3644.93333333]",45.0,20.0,30.0,"[20.0, 20.0]",null,null,null,0.8,null,0.25021618,63,,,0,,False,12,train,1
3025,0.0,831.8968,832.147,0.08,gabors,null,4.0,"[3644.93333333, 3644.93333333]",0.0,-40.0,30.0,"[20.0, 20.0]",null,null,null,0.8,null,0.25019882,2,,,0,,False,11,test,0
3026,0.0,832.147,832.3972,0.08,gabors,null,4.0,"[3644.93333333, 3644.93333333]",0.0,10.0,-10.0,"[20.0, 20.0]",null,null,null,0.8,null,0.25019882,17,,,0,,False,14,test,0
3027,0.0,832.3972,832.6474,0.08,gabors,null,4.0,"[3644.93333333, 3644.93333333]",0.0,-20.0,-20.0,"[20.0, 20.0]",null,null,null,0.8,null,0.25019882,156,,,0,,False,10,train,0
3028,0.0,832.6474,832.8976,0.08,gabors,null,4.0,"[3644.93333333, 3644.93333333]",45.0,0.0,-20.0,"[20.0, 20.0]",null,null,null,0.8,null,0.25019882,27,,,0,,False,14,test,1
3029,0.0,832.8976,833.14781,0.08,gabors,null,4.0,"[3644.93333333, 3644.93333333]",90.0,-10.0,40.0,"[20.0, 20.0]",null,null,null,0.8,null,0.25021618,167,,,0,,False,11,test,2
3030,0.0,833.14781,833.39803,0.08,gabors,null,4.0,"[3644.93333333, 3644.93333333]",0.0,-20.0,-30.0,"[20.0, 20.0]",null,null,null,0.8,null,0.25021618,128,,,0,,False,13,train,0
3031,0.0,833.39803,833.64825,0.08,gabors,null,4.0,"[3644.93333333, 3644.93333333]",90.0,10.0,30.0,"[20.0, 20.0]",null,null,null,0.8,null,0.25021618,3,,,0,,False,11,test,2
3032,0.0,833.64825,833.89846,0.08,gabors,null,4.0,"[3644.93333333, 3644.93333333]",0.0,-40.0,-10.0,"[20.0, 20.0]",null,null,null,0.8,null,0.25021618,191,,,0,,False,11,test,0
3033,0.0,833.89846,834.14867,0.08,gabors,null,4.0,"[3644.93333333, 3644.93333333]",0.0,40.0,10.0,"[20.0, 20.0]",null,null,null,0.8,null,0.25020632,76,,,0,,False,11,test,0
3034,0.0,834.14867,834.39887,0.08,gabors,null,4.0,"[3644.93333333, 3644.93333333]",90.0,-10.0,20.0,"[20.0, 20.0]",null,null,null,0.8,null,0.25020632,188,,,0,,False,13,train,2
3035,0.0,834.39887,834.64908,0.08,gabors,null,4.0,"[3644.93333333, 3644.93333333]",45.0,-40.0,-20.0,"[20.0, 20.0]",null,null,null,0.8,null,0.25020632,62,,,0,,False,11,test,1
3036,0.0,834.64908,834.89929,0.08,gabors,null,4.0,"[3644.93333333, 3644.93333333]",0.0,-10.0,-10.0,"[20.0, 20.0]",null,null,null,0.8,null,0.25020632,86,,,0,,False,12,train,0
3037,0.0,834.89929,835.1495,0.08,gabors,null,4.0,"[3644.93333333, 3644.93333333]",0.0,-30.0,40.0,"[20.0, 20.0]",null,null,null,0.8,null,0.25021118,39,,,0,,False,13,train,0
3038,0.0,835.1495,835.39971,0.08,gabors,null,4.0,"[3644.93333333, 3644.93333333]",0.0,40.0,-20.0,"[20.0, 20.0]",null,null,null,0.8,null,0.25021118,95,,,0,,False,12,train,0
3039,0.0,835.39971,835.64992,0.08,gabors,null,4.0,"[3644.93333333, 3644.93333333]",0.0,0.0,40.0,"[20.0, 20.0]",null,null,null,0.8,null,0.25021118,125,,,0,,False,11,test,0
3040,0.0,835.64992,835.90013,0.08,gabors,null,4.0,"[3644.93333333, 3644.93333333]",0.0,40.0,-10.0,"[20.0, 20.0]",null,null,null,0.8,null,0.25021118,114,,,0,,False,11,test,0
3041,0.0,835.90013,836.15034,0.08,gabors,null,4.0,"[3644.93333333, 3644.93333333]",90.0,-30.0,-40.0,"[20.0, 20.0]",null,null,null,0.8,null,0.25020882,149,,,0,,False,9,train,2
3042,0.0,836.15034,836.40055,0.08,gabors,null,4.0,"[3644.93333333, 3644.93333333]",0.0,-40.0,30.0,"[20.0, 20.0]",null,null,null,0.8,null,0.25020882,2,,,0,,False,12,train,0
3043,0.0,836.40055,836.65076,0.08,gabors,null,4.0,"[3644.93333333, 3644.93333333]",90.0,30.0,-20.0,"[20.0, 20.0]",null,null,null,0.8,null,0.25020882,55,,,0,,False,8,test,2
3044,0.0,836.65076,836.90097,0.08,gabors,null,4.0,"[3644.93333333, 3644.93333333]",0.0,-10.0,-10.0,"[20.0, 20.0]",null,null,null,0.8,null,0.25020882,86,,,0,,False,13,train,0
3045,0.0,836.90097,837.15118,0.08,gabors,null,4.0,"[3644.93333333, 3644.93333333]",45.0,40.0,40.0,"[20.0, 20.0]",null,null,null,0.8,null,0.25020868,65,,,0,,False,13,train,1
3046,0.0,837.15118,837.40138,0.08,gabors,null,4.0,"[3644.93333333, 3644.93333333]",90.0,-30.0,20.0,"[20.0, 20.0]",null,null,null,0.8,null,0.25020868,139,,,0,,False,13,train,2
3047,0.0,837.40138,837.65159,0.08,gabors,null,4.0,"[3644.93333333, 3644.93333333]",90.0,-40.0,-10.0,"[20.0, 20.0]",null,null,null,0.8,null,0.25020868,225,,,0,,False,13,train,2
3048,0.0,837.65159,837.9018,0.08,gabors,null,4.0,"[3644.93333333, 3644.93333333]",0.0,-40.0,10.0,"[20.0, 20.0]",null,null,null,0.8,null,0.25020868,75,,,0,,False,10,train,0
3049,0.0,837.9018,838.15201,0.08,gabors,null,4.0,"[3644.93333333, 3644.93333333]",90.0,10.0,-30.0,"[20.0, 20.0]",null,null,null,0.8,null,0.25020882,233,,,0,,False,11,test,2
3050,0.0,838.15201,838.40222,0.08,gabors,null,4.0,"[3644.93333333, 3644.93333333]",45.0,10.0,-20.0,"[20.0, 20.0]",null,null,null,0.8,null,0.25020882,64,,,0,,False,13,train,1
3051,0.0,838.40222,838.65243,0.08,gabors,null,4.0,"[3644.93333333, 3644.93333333]",0.0,40.0,-30.0,"[20.0, 20.0]",null,null,null,0.8,null,0.25020882,6,,,0,,False,10,train,0
3052,0.0,838.65243,838.90264,0.08,gabors,null,4.0,"[3644.93333333, 3644.93333333]",90.0,20.0,0.0,"[20.0, 20.0]",null,null,null,0.8,null,0.25020882,73,,,0,,False,13,train,2
3053,0.0,838.90264,839.15284,0.08,gabors,null,4.0,"[3644.93333333, 3644.93333333]",45.0,30.0,40.0,"[20.0, 20.0]",null,null,null,0.8,null,0.25020618,52,,,0,,False,11,test,1
3054,0.0,839.15284,839.40305,0.08,gabors,null,4.0,"[3644.93333333, 3644.93333333]",90.0,20.0,-30.0,"[20.0, 20.0]",null,null,null,0.8,null,0.25020618,226,,,0,,False,12,train,2
3055,0.0,839.40305,839.65326,0.08,gabors,null,4.0,"[3644.93333333, 3644.93333333]",90.0,0.0,40.0,"[20.0, 20.0]",null,null,null,0.8,null,0.25020618,211,,,0,,False,10,train,2
3056,0.0,839.65326,839.90346,0.08,gabors,null,4.0,"[3644.93333333, 3644.93333333]",0.0,30.0,0.0,"[20.0, 20.0]",null,null,null,0.8,null,0.25020618,165,,,0,,False,10,train,0
3057,0.0,839.90346,840.15368,0.08,gabors,null,4.0,"[3644.93333333, 3644.93333333]",45.0,10.0,10.0,"[20.0, 20.0]",null,null,null,0.8,null,0.25021382,205,,,0,,False,13,train,1
3058,0.0,840.15368,840.40389,0.08,gabors,null,4.0,"[3644.93333333, 3644.93333333]",45.0,0.0,40.0,"[20.0, 20.0]",null,null,null,0.8,null,0.25021382,112,,,0,,False,13,train,1
3059,0.0,840.40389,840.6541,0.08,gabors,null,4.0,"[3644.93333333, 3644.93333333]",0.0,40.0,10.0,"[20.0, 20.0]",null,null,null,0.8,null,0.25021382,76,,,0,,False,12,train,0
3060,0.0,840.6541,840.90432,0.08,gabors,null,4.0,"[3644.93333333, 3644.93333333]",45.0,-40.0,40.0,"[20.0, 20.0]",null,null,null,0.8,null,0.25021382,172,,,0,,False,12,train,1
3061,0.0,840.90432,841.15452,0.08,gabors,null,4.0,"[3644.93333333, 3644.93333333]",90.0,10.0,-30.0,"[20.0, 20.0]",null,null,null,0.8,null,0.25020368,233,,,0,,False,12,train,2
3062,0.0,841.15452,841.40472,0.08,gabors,null,4.0,"[3644.93333333, 3644.93333333]",90.0,10.0,-20.0,"[20.0, 20.0]",null,null,null,0.8,null,0.25020368,106,,,0,,False,13,train,2
3063,0.0,841.40472,841.65493,0.08,gabors,null,4.0,"[3644.93333333, 3644.93333333]",90.0,10.0,-30.0,"[20.0, 20.0]",null,null,null,0.8,null,0.25020368,233,,,0,,False,13,train,2
3064,0.0,841.65493,841.90513,0.08,gabors,null,4.0,"[3644.93333333, 3644.93333333]",45.0,-40.0,20.0,"[20.0, 20.0]",null,null,null,0.8,null,0.25020368,124,,,0,,False,13,train,1
3065,0.0,841.90513,842.15534,0.08,gabors,null,4.0,"[3644.93333333, 3644.93333333]",90.0,-40.0,0.0,"[20.0, 20.0]",null,null,null,0.8,null,0.25020882,119,,,0,,False,13,train,2
3066,0.0,842.15534,842.40555,0.08,gabors,null,4.0,"[3644.93333333, 3644.93333333]",45.0,-30.0,30.0,"[20.0, 20.0]",null,null,null,0.8,null,0.25020882,227,,,0,,False,13,train,1
3067,0.0,842.40555,842.65576,0.08,gabors,null,4.0,"[3644.93333333, 3644.93333333]",45.0,20.0,20.0,"[20.0, 20.0]",null,null,null,0.8,null,0.25020882,212,,,0,,False,12,train,1
3068,0.0,842.65576,842.90597,0.08,gabors,null,4.0,"[3644.93333333, 3644.93333333]",90.0,-20.0,10.0,"[20.0, 20.0]",null,null,null,0.8,null,0.25020882,26,,,0,,False,14,test,2
3069,0.0,842.90597,843.15618,0.08,gabors,null,4.0,"[3644.93333333, 3644.93333333]",0.0,40.0,-40.0,"[20.0, 20.0]",null,null,null,0.8,null,0.25021368,28,,,0,,False,11,test,0
3070,0.0,843.15618,843.40639,0.08,gabors,null,4.0,"[3644.93333333, 3644.93333333]",90.0,0.0,-30.0,"[20.0, 20.0]",null,null,null,0.8,null,0.25021368,5,,,0,,False,11,test,2
3071,0.0,843.40639,843.65661,0.08,gabors,null,4.0,"[3644.93333333, 3644.93333333]",90.0,0.0,-20.0,"[20.0, 20.0]",null,null,null,0.8,null,0.25021368,59,,,0,,False,12,train,2
3072,0.0,843.65661,843.90682,0.08,gabors,null,4.0,"[3644.93333333, 3644.93333333]",45.0,30.0,30.0,"[20.0, 20.0]",null,null,null,0.8,null,0.25021368,155,,,0,,False,12,train,1
3073,0.0,843.90682,844.15703,0.08,gabors,null,4.0,"[3644.93333333, 3644.93333333]",0.0,40.0,20.0,"[20.0, 20.0]",null,null,null,0.8,null,0.25020882,239,,,0,,False,9,train,0
3074,0.0,844.15703,844.40724,0.08,gabors,null,4.0,"[3644.93333333, 3644.93333333]",45.0,0.0,0.0,"[20.0, 20.0]",null,null,null,0.8,null,0.25020882,7,,,0,,False,13,train,1
3075,0.0,844.40724,844.65745,0.08,gabors,null,4.0,"[3644.93333333, 3644.93333333]",45.0,10.0,0.0,"[20.0, 20.0]",null,null,null,0.8,null,0.25020882,243,,,0,,False,11,test,1
3076,0.0,844.65745,844.90766,0.08,gabors,null,4.0,"[3644.93333333, 3644.93333333]",90.0,-30.0,30.0,"[20.0, 20.0]",null,null,null,0.8,null,0.25020882,8,,,0,,False,13,train,2
3077,0.0,844.90766,845.15787,0.08,gabors,null,4.0,"[3644.93333333, 3644.93333333]",45.0,40.0,20.0,"[20.0, 20.0]",null,null,null,0.8,null,0.25020868,84,,,0,,False,11,test,1
3078,0.0,845.15787,845.40807,0.08,gabors,null,4.0,"[3644.93333333, 3644.93333333]",45.0,-40.0,10.0,"[20.0, 20.0]",null,null,null,0.8,null,0.25020868,45,,,0,,False,12,train,1
3079,0.0,845.40807,845.65828,0.08,gabors,null,4.0,"[3644.93333333, 3644.93333333]",90.0,-30.0,0.0,"[20.0, 20.0]",null,null,null,0.8,null,0.25020868,105,,,0,,False,13,train,2
3080,0.0,845.65828,845.90849,0.08,gabors,null,4.0,"[3644.93333333, 3644.93333333]",90.0,30.0,10.0,"[20.0, 20.0]",null,null,null,0.8,null,0.25020868,237,,,0,,False,11,test,2
3081,0.0,845.90849,846.1587,0.08,gabors,null,4.0,"[3644.93333333, 3644.93333333]",90.0,-10.0,10.0,"[20.0, 20.0]",null,null,null,0.8,null,0.25020632,192,,,0,,False,13,train,2
3082,0.0,846.1587,846.4089,0.08,gabors,null,4.0,"[3644.93333333, 3644.93333333]",90.0,30.0,10.0,"[20.0, 20.0]",null,null,null,0.8,null,0.25020632,237,,,0,,False,12,train,2
3083,0.0,846.4089,846.65911,0.08,gabors,null,4.0,"[3644.93333333, 3644.93333333]",90.0,40.0,-40.0,"[20.0, 20.0]",null,null,null,0.8,null,0.25020632,113,,,0,,False,10,train,2
3084,0.0,846.65911,846.90932,0.08,gabors,null,4.0,"[3644.93333333, 3644.93333333]",90.0,-40.0,0.0,"[20.0, 20.0]",null,null,null,0.8,null,0.25020632,119,,,0,,False,14,test,2
3085,0.0,846.90932,847.15954,0.08,gabors,null,4.0,"[3644.93333333, 3644.93333333]",90.0,-20.0,-30.0,"[20.0, 20.0]",null,null,null,0.8,null,0.25021868,67,,,0,,False,12,train,2
3086,0.0,847.15954,847.40975,0.08,gabors,null,4.0,"[3644.93333333, 3644.93333333]",0.0,-10.0,30.0,"[20.0, 20.0]",null,null,null,0.8,null,0.25021868,187,,,0,,False,12,train,0
3087,0.0,847.40975,847.65997,0.08,gabors,null,4.0,"[3644.93333333, 3644.93333333]",45.0,40.0,-20.0,"[20.0, 20.0]",null,null,null,0.8,null,0.25021868,18,,,0,,False,11,test,1
3088,0.0,847.65997,847.91019,0.08,gabors,null,4.0,"[3644.93333333, 3644.93333333]",0.0,40.0,20.0,"[20.0, 20.0]",null,null,null,0.8,null,0.25021868,239,,,0,,False,10,train,0
3089,0.0,847.91019,848.16039,0.08,gabors,null,4.0,"[3644.93333333, 3644.93333333]",90.0,-30.0,-10.0,"[20.0, 20.0]",null,null,null,0.8,null,0.25020132,43,,,0,,False,10,train,2
3090,0.0,848.16039,848.41059,0.08,gabors,null,4.0,"[3644.93333333, 3644.93333333]",0.0,0.0,-40.0,"[20.0, 20.0]",null,null,null,0.8,null,0.25020132,200,,,0,,False,13,train,0
3091,0.0,848.41059,848.6608,0.08,gabors,null,4.0,"[3644.93333333, 3644.93333333]",0.0,-30.0,-10.0,"[20.0, 20.0]",null,null,null,0.8,null,0.25020132,146,,,0,,False,12,train,0
3092,0.0,848.6608,848.911,0.08,gabors,null,4.0,"[3644.93333333, 3644.93333333]",0.0,-30.0,-40.0,"[20.0, 20.0]",null,null,null,0.8,null,0.25020132,162,,,0,,False,11,test,0
3093,0.0,848.911,849.16121,0.08,gabors,null,4.0,"[3644.93333333, 3644.93333333]",45.0,-40.0,40.0,"[20.0, 20.0]",null,null,null,0.8,null,0.25020868,172,,,0,,False,13,train,1
3094,0.0,849.16121,849.41141,0.08,gabors,null,4.0,"[3644.93333333, 3644.93333333]",90.0,-10.0,40.0,"[20.0, 20.0]",null,null,null,0.8,null,0.25020868,167,,,0,,False,12,train,2
3095,0.0,849.41141,849.66162,0.08,gabors,null,4.0,"[3644.93333333, 3644.93333333]",90.0,-30.0,-30.0,"[20.0, 20.0]",null,null,null,0.8,null,0.25020868,50,,,0,,False,13,train,2
3096,0.0,849.66162,849.91183,0.08,gabors,null,4.0,"[3644.93333333, 3644.93333333]",0.0,40.0,-30.0,"[20.0, 20.0]",null,null,null,0.8,null,0.25020868,6,,,0,,False,11,test,0
3097,0.0,849.91183,850.16204,0.08,gabors,null,4.0,"[3644.93333333, 3644.93333333]",90.0,40.0,-40.0,"[20.0, 20.0]",null,null,null,0.8,null,0.25020882,113,,,0,,False,11,test,2
3098,0.0,850.16204,850.41225,0.08,gabors,null,4.0,"[3644.93333333, 3644.93333333]",0.0,-10.0,-20.0,"[20.0, 20.0]",null,null,null,0.8,null,0.25020882,14,,,0,,False,12,train,0
3099,0.0,850.41225,850.66246,0.08,gabors,null,4.0,"[3644.93333333, 3644.93333333]",45.0,-10.0,-20.0,"[20.0, 20.0]",null,null,null,0.8,null,0.25020882,48,,,0,,False,13,train,1
3100,0.0,850.66246,850.91267,0.08,gabors,null,4.0,"[3644.93333333, 3644.93333333]",90.0,-40.0,40.0,"[20.0, 20.0]",null,null,null,0.8,null,0.25020882,98,,,0,,False,11,test,2
3101,0.0,850.91267,851.16288,0.08,gabors,null,4.0,"[3644.93333333, 3644.93333333]",90.0,-40.0,20.0,"[20.0, 20.0]",null,null,null,0.8,null,0.25020868,108,,,0,,False,13,train,2
3102,0.0,851.16288,851.41308,0.08,gabors,null,4.0,"[3644.93333333, 3644.93333333]",45.0,30.0,40.0,"[20.0, 20.0]",null,null,null,0.8,null,0.25020868,52,,,0,,False,12,train,1
3103,0.0,851.41308,851.66329,0.08,gabors,null,4.0,"[3644.93333333, 3644.93333333]",90.0,30.0,-40.0,"[20.0, 20.0]",null,null,null,0.8,null,0.25020868,184,,,0,,False,11,test,2
3104,0.0,851.66329,851.9135,0.08,gabors,null,4.0,"[3644.93333333, 3644.93333333]",90.0,-20.0,-10.0,"[20.0, 20.0]",null,null,null,0.8,null,0.25020868,38,,,0,,False,11,test,2
3105,0.0,851.9135,852.16371,0.08,gabors,null,4.0,"[3644.93333333, 3644.93333333]",0.0,40.0,10.0,"[20.0, 20.0]",null,null,null,0.8,null,0.25020882,76,,,0,,False,13,train,0
3106,0.0,852.16371,852.41392,0.08,gabors,null,4.0,"[3644.93333333, 3644.93333333]",0.0,30.0,0.0,"[20.0, 20.0]",null,null,null,0.8,null,0.25020882,165,,,0,,False,11,test,0
3107,0.0,852.41392,852.66413,0.08,gabors,null,4.0,"[3644.93333333, 3644.93333333]",45.0,20.0,-20.0,"[20.0, 20.0]",null,null,null,0.8,null,0.25020882,208,,,0,,False,13,train,1
3108,0.0,852.66413,852.91434,0.08,gabors,null,4.0,"[3644.93333333, 3644.93333333]",0.0,40.0,-40.0,"[20.0, 20.0]",null,null,null,0.8,null,0.25020882,28,,,0,,False,12,train,0
3109,0.0,852.91434,853.16455,0.08,gabors,null,4.0,"[3644.93333333, 3644.93333333]",90.0,40.0,20.0,"[20.0, 20.0]",null,null,null,0.8,null,0.25021118,123,,,0,,False,12,train,2
3110,0.0,853.16455,853.41476,0.08,gabors,null,4.0,"[3644.93333333, 3644.93333333]",45.0,-40.0,0.0,"[20.0, 20.0]",null,null,null,0.8,null,0.25021118,178,,,0,,False,12,train,1
3111,0.0,853.41476,853.66497,0.08,gabors,null,4.0,"[3644.93333333, 3644.93333333]",90.0,30.0,-20.0,"[20.0, 20.0]",null,null,null,0.8,null,0.25021118,55,,,0,,False,9,train,2
3112,0.0,853.66497,853.91518,0.08,gabors,null,4.0,"[3644.93333333, 3644.93333333]",90.0,40.0,-10.0,"[20.0, 20.0]",null,null,null,0.8,null,0.25021118,210,,,0,,False,10,train,2
3113,0.0,853.91518,854.16539,0.08,gabors,null,4.0,"[3644.93333333, 3644.93333333]",90.0,20.0,-20.0,"[20.0, 20.0]",null,null,null,0.8,null,0.25020632,12,,,0,,False,12,train,2
3114,0.0,854.16539,854.41559,0.08,gabors,null,4.0,"[3644.93333333, 3644.93333333]",45.0,0.0,10.0,"[20.0, 20.0]",null,null,null,0.8,null,0.25020632,110,,,0,,False,10,train,1
3115,0.0,854.41559,854.6658,0.08,gabors,null,4.0,"[3644.93333333, 3644.93333333]",90.0,-20.0,-20.0,"[20.0, 20.0]",null,null,null,0.8,null,0.25020632,35,,,0,,False,13,train,2
3116,0.0,854.6658,854.91601,0.08,gabors,null,4.0,"[3644.93333333, 3644.93333333]",90.0,10.0,40.0,"[20.0, 20.0]",null,null,null,0.8,null,0.25020632,90,,,0,,False,12,train,2
3117,0.0,854.91601,855.16622,0.08,gabors,null,4.0,"[3644.93333333, 3644.93333333]",90.0,-30.0,30.0,"[20.0, 20.0]",null,null,null,0.8,null,0.25021368,8,,,0,,False,14,test,2
3118,0.0,855.16622,855.41643,0.08,gabors,null,4.0,"[3644.93333333, 3644.93333333]",0.0,-20.0,40.0,"[20.0, 20.0]",null,null,null,0.8,null,0.25021368,107,,,0,,False,10,train,0
3119,0.0,855.41643,855.66665,0.08,gabors,null,4.0,"[3644.93333333, 3644.93333333]",45.0,-30.0,-30.0,"[20.0, 20.0]",null,null,null,0.8,null,0.25021368,190,,,0,,False,12,train,1
3120,0.0,855.66665,855.91686,0.08,gabors,null,4.0,"[3644.93333333, 3644.93333333]",45.0,-20.0,30.0,"[20.0, 20.0]",null,null,null,0.8,null,0.25021368,189,,,0,,False,11,test,1
3121,0.0,855.91686,856.16707,0.08,gabors,null,4.0,"[3644.93333333, 3644.93333333]",45.0,-20.0,-10.0,"[20.0, 20.0]",null,null,null,0.8,null,0.25020632,159,,,0,,False,13,train,1
3122,0.0,856.16707,856.41727,0.08,gabors,null,4.0,"[3644.93333333, 3644.93333333]",45.0,-10.0,40.0,"[20.0, 20.0]",null,null,null,0.8,null,0.25020632,175,,,0,,False,11,test,1
3123,0.0,856.41727,856.66748,0.08,gabors,null,4.0,"[3644.93333333, 3644.93333333]",45.0,-20.0,0.0,"[20.0, 20.0]",null,null,null,0.8,null,0.25020632,160,,,0,,False,11,test,1
3124,0.0,856.66748,856.91769,0.08,gabors,null,4.0,"[3644.93333333, 3644.93333333]",0.0,0.0,-40.0,"[20.0, 20.0]",null,null,null,0.8,null,0.25020632,200,,,0,,False,14,test,0
3125,0.0,856.91769,857.1679,0.08,gabors,null,4.0,"[3644.93333333, 3644.93333333]",90.0,-30.0,20.0,"[20.0, 20.0]",null,null,null,0.8,null,0.25021118,139,,,0,,False,14,test,2
3126,0.0,857.1679,857.41811,0.08,gabors,null,4.0,"[3644.93333333, 3644.93333333]",45.0,-30.0,-20.0,"[20.0, 20.0]",null,null,null,0.8,null,0.25021118,221,,,0,,False,11,test,1
3127,0.0,857.41811,857.66832,0.08,gabors,null,4.0,"[3644.93333333, 3644.93333333]",0.0,30.0,-10.0,"[20.0, 20.0]",null,null,null,0.8,null,0.25021118,181,,,0,,False,13,train,0
3128,0.0,857.66832,857.91853,0.08,gabors,null,4.0,"[3644.93333333, 3644.93333333]",45.0,10.0,40.0,"[20.0, 20.0]",null,null,null,0.8,null,0.25021118,61,,,0,,False,10,train,1
3129,0.0,857.91853,858.16874,0.08,gabors,null,4.0,"[3644.93333333, 3644.93333333]",45.0,-10.0,40.0,"[20.0, 20.0]",null,null,null,0.8,null,0.25020632,175,,,0,,False,12,train,1
3130,0.0,858.16874,858.41894,0.08,gabors,null,4.0,"[3644.93333333, 3644.93333333]",0.0,30.0,20.0,"[20.0, 20.0]",null,null,null,0.8,null,0.25020632,88,,,0,,False,11,test,0
3131,0.0,858.41894,858.66915,0.08,gabors,null,4.0,"[3644.93333333, 3644.93333333]",45.0,-40.0,-10.0,"[20.0, 20.0]",null,null,null,0.8,null,0.25020632,199,,,0,,False,12,train,1
3132,0.0,858.66915,858.91936,0.08,gabors,null,4.0,"[3644.93333333, 3644.93333333]",0.0,-40.0,30.0,"[20.0, 20.0]",null,null,null,0.8,null,0.25020632,2,,,0,,False,13,train,0
3133,0.0,858.91936,859.16957,0.08,gabors,null,4.0,"[3644.93333333, 3644.93333333]",90.0,30.0,-10.0,"[20.0, 20.0]",null,null,null,0.8,null,0.25020868,83,,,0,,False,12,train,2
3134,0.0,859.16957,859.41977,0.08,gabors,null,4.0,"[3644.93333333, 3644.93333333]",90.0,10.0,-30.0,"[20.0, 20.0]",null,null,null,0.8,null,0.25020868,233,,,0,,False,14,test,2
3135,0.0,859.41977,859.66998,0.08,gabors,null,4.0,"[3644.93333333, 3644.93333333]",90.0,-30.0,40.0,"[20.0, 20.0]",null,null,null,0.8,null,0.25020868,47,,,0,,False,14,test,2
3136,0.0,859.66998,859.92019,0.08,gabors,null,4.0,"[3644.93333333, 3644.93333333]",90.0,-20.0,40.0,"[20.0, 20.0]",null,null,null,0.8,null,0.25020868,193,,,0,,False,10,train,2
3137,0.0,859.92019,860.1704,0.08,gabors,null,4.0,"[3644.93333333, 3644.93333333]",0.0,20.0,-30.0,"[20.0, 20.0]",null,null,null,0.8,null,0.25020882,116,,,0,,False,12,train,0
3138,0.0,860.1704,860.42061,0.08,gabors,null,4.0,"[3644.93333333, 3644.93333333]",0.0,-30.0,10.0,"[20.0, 20.0]",null,null,null,0.8,null,0.25020882,153,,,0,,False,13,train,0
3139,0.0,860.42061,860.67082,0.08,gabors,null,4.0,"[3644.93333333, 3644.93333333]",45.0,10.0,10.0,"[20.0, 20.0]",null,null,null,0.8,null,0.25020882,205,,,0,,False,14,test,1
3140,0.0,860.67082,860.92103,0.08,gabors,null,4.0,"[3644.93333333, 3644.93333333]",0.0,0.0,20.0,"[20.0, 20.0]",null,null,null,0.8,null,0.25020882,214,,,0,,False,12,train,0
3141,0.0,860.92103,861.17123,0.08,gabors,null,4.0,"[3644.93333333, 3644.93333333]",0.0,-40.0,10.0,"[20.0, 20.0]",null,null,null,0.8,null,0.25020368,75,,,0,,False,11,test,0
3142,0.0,861.17123,861.42143,0.08,gabors,null,4.0,"[3644.93333333, 3644.93333333]",45.0,20.0,-40.0,"[20.0, 20.0]",null,null,null,0.8,null,0.25020368,131,,,0,,False,13,train,1
3143,0.0,861.42143,861.67164,0.08,gabors,null,4.0,"[3644.93333333, 3644.93333333]",0.0,20.0,30.0,"[20.0, 20.0]",null,null,null,0.8,null,0.25020368,182,,,0,,False,14,test,0
3144,0.0,861.67164,861.92184,0.08,gabors,null,4.0,"[3644.93333333, 3644.93333333]",45.0,-30.0,30.0,"[20.0, 20.0]",null,null,null,0.8,null,0.25020368,227,,,0,,False,14,test,1
3145,0.0,861.92184,862.17206,0.08,gabors,null,4.0,"[3644.93333333, 3644.93333333]",45.0,-10.0,0.0,"[20.0, 20.0]",null,null,null,0.8,null,0.25021632,115,,,0,,False,13,train,1
3146,0.0,862.17206,862.42227,0.08,gabors,null,4.0,"[3644.93333333, 3644.93333333]",0.0,-40.0,30.0,"[20.0, 20.0]",null,null,null,0.8,null,0.25021632,2,,,0,,False,14,test,0
3147,0.0,862.42227,862.67249,0.08,gabors,null,4.0,"[3644.93333333, 3644.93333333]",90.0,30.0,10.0,"[20.0, 20.0]",null,null,null,0.8,null,0.25021632,237,,,0,,False,13,train,2
3148,0.0,862.67249,862.92271,0.08,gabors,null,4.0,"[3644.93333333, 3644.93333333]",45.0,30.0,0.0,"[20.0, 20.0]",null,null,null,0.8,null,0.25021632,56,,,0,,False,14,test,1
3149,0.0,862.92271,863.17293,0.08,gabors,null,4.0,"[3644.93333333, 3644.93333333]",90.0,0.0,30.0,"[20.0, 20.0]",null,null,null,0.8,null,0.25021868,92,,,0,,False,13,train,2
3150,0.0,863.17293,863.42314,0.08,gabors,null,4.0,"[3644.93333333, 3644.93333333]",0.0,10.0,0.0,"[20.0, 20.0]",null,null,null,0.8,null,0.25021868,197,,,0,,False,11,test,0
3151,0.0,863.42314,863.67336,0.08,gabors,null,4.0,"[3644.93333333, 3644.93333333]",90.0,-40.0,-30.0,"[20.0, 20.0]",null,null,null,0.8,null,0.25021868,68,,,0,,False,9,train,2
3152,0.0,863.67336,863.92358,0.08,gabors,null,4.0,"[3644.93333333, 3644.93333333]",0.0,10.0,-20.0,"[20.0, 20.0]",null,null,null,0.8,null,0.25021868,217,,,0,,False,12,train,0
3153,0.0,863.92358,864.17378,0.08,gabors,null,4.0,"[3644.93333333, 3644.93333333]",0.0,-40.0,-10.0,"[20.0, 20.0]",null,null,null,0.8,null,0.25019882,191,,,0,,False,12,train,0
3154,0.0,864.17378,864.42398,0.08,gabors,null,4.0,"[3644.93333333, 3644.93333333]",0.0,-20.0,0.0,"[20.0, 20.0]",null,null,null,0.8,null,0.25019882,44,,,0,,False,13,train,0
3155,0.0,864.42398,864.67418,0.08,gabors,null,4.0,"[3644.93333333, 3644.93333333]",0.0,0.0,-30.0,"[20.0, 20.0]",null,null,null,0.8,null,0.25019882,46,,,0,,False,14,test,0
3156,0.0,864.67418,864.92438,0.08,gabors,null,4.0,"[3644.93333333, 3644.93333333]",0.0,30.0,-20.0,"[20.0, 20.0]",null,null,null,0.8,null,0.25019882,171,,,0,,False,12,train,0
3157,0.0,864.92438,865.17459,0.08,gabors,null,4.0,"[3644.93333333, 3644.93333333]",90.0,0.0,-30.0,"[20.0, 20.0]",null,null,null,0.8,null,0.25021618,5,,,0,,False,12,train,2
3158,0.0,865.17459,865.42481,0.08,gabors,null,4.0,"[3644.93333333, 3644.93333333]",0.0,40.0,20.0,"[20.0, 20.0]",null,null,null,0.8,null,0.25021618,239,,,0,,False,11,test,0
3159,0.0,865.42481,865.67503,0.08,gabors,null,4.0,"[3644.93333333, 3644.93333333]",90.0,-20.0,40.0,"[20.0, 20.0]",null,null,null,0.8,null,0.25021618,193,,,0,,False,11,test,2
3160,0.0,865.67503,865.92524,0.08,gabors,null,4.0,"[3644.93333333, 3644.93333333]",0.0,10.0,-40.0,"[20.0, 20.0]",null,null,null,0.8,null,0.25021618,186,,,0,,False,11,test,0
3161,0.0,865.92524,866.17544,0.08,gabors,null,4.0,"[3644.93333333, 3644.93333333]",0.0,0.0,20.0,"[20.0, 20.0]",null,null,null,0.8,null,0.25019882,214,,,0,,False,13,train,0
3162,0.0,866.17544,866.42564,0.08,gabors,null,4.0,"[3644.93333333, 3644.93333333]",45.0,30.0,-40.0,"[20.0, 20.0]",null,null,null,0.8,null,0.25019882,54,,,0,,False,13,train,1
3163,0.0,866.42564,866.67584,0.08,gabors,null,4.0,"[3644.93333333, 3644.93333333]",45.0,-40.0,-20.0,"[20.0, 20.0]",null,null,null,0.8,null,0.25019882,62,,,0,,False,12,train,1
3164,0.0,866.67584,866.92604,0.08,gabors,null,4.0,"[3644.93333333, 3644.93333333]",45.0,-20.0,-20.0,"[20.0, 20.0]",null,null,null,0.8,null,0.25019882,177,,,0,,False,12,train,1
3165,0.0,866.92604,867.17626,0.08,gabors,null,4.0,"[3644.93333333, 3644.93333333]",45.0,0.0,-30.0,"[20.0, 20.0]",null,null,null,0.8,null,0.25021868,232,,,0,,False,12,train,1
3166,0.0,867.17626,867.42647,0.08,gabors,null,4.0,"[3644.93333333, 3644.93333333]",90.0,40.0,-40.0,"[20.0, 20.0]",null,null,null,0.8,null,0.25021868,113,,,0,,False,12,train,2
3167,0.0,867.42647,867.67669,0.08,gabors,null,4.0,"[3644.93333333, 3644.93333333]",45.0,-10.0,30.0,"[20.0, 20.0]",null,null,null,0.8,null,0.25021868,231,,,0,,False,12,train,1
3168,0.0,867.67669,867.92691,0.08,gabors,null,4.0,"[3644.93333333, 3644.93333333]",90.0,40.0,30.0,"[20.0, 20.0]",null,null,null,0.8,null,0.25021868,240,,,0,,False,13,train,2
3169,0.0,867.92691,868.17712,0.08,gabors,null,4.0,"[3644.93333333, 3644.93333333]",90.0,-30.0,-10.0,"[20.0, 20.0]",null,null,null,0.8,null,0.25020382,43,,,0,,False,11,test,2
3170,0.0,868.17712,868.42732,0.08,gabors,null,4.0,"[3644.93333333, 3644.93333333]",0.0,20.0,-30.0,"[20.0, 20.0]",null,null,null,0.8,null,0.25020382,116,,,0,,False,13,train,0
3171,0.0,868.42732,868.67752,0.08,gabors,null,4.0,"[3644.93333333, 3644.93333333]",90.0,-40.0,-30.0,"[20.0, 20.0]",null,null,null,0.8,null,0.25020382,68,,,0,,False,10,train,2
3172,0.0,868.67752,868.92773,0.08,gabors,null,4.0,"[3644.93333333, 3644.93333333]",45.0,-40.0,-40.0,"[20.0, 20.0]",null,null,null,0.8,null,0.25020382,94,,,0,,False,11,test,1
3173,0.0,868.92773,869.17794,0.08,gabors,null,4.0,"[3644.93333333, 3644.93333333]",0.0,20.0,-40.0,"[20.0, 20.0]",null,null,null,0.8,null,0.25021368,164,,,0,,False,13,train,0
3174,0.0,869.17794,869.42815,0.08,gabors,null,4.0,"[3644.93333333, 3644.93333333]",90.0,-20.0,30.0,"[20.0, 20.0]",null,null,null,0.8,null,0.25021368,170,,,0,,False,11,test,2
3175,0.0,869.42815,869.67837,0.08,gabors,null,4.0,"[3644.93333333, 3644.93333333]",0.0,-10.0,30.0,"[20.0, 20.0]",null,null,null,0.8,null,0.25021368,187,,,0,,False,13,train,0
3176,0.0,869.67837,869.92858,0.08,gabors,null,4.0,"[3644.93333333, 3644.93333333]",45.0,20.0,-40.0,"[20.0, 20.0]",null,null,null,0.8,null,0.25021368,131,,,0,,False,14,test,1
3177,0.0,869.92858,870.17879,0.08,gabors,null,4.0,"[3644.93333333, 3644.93333333]",90.0,-30.0,10.0,"[20.0, 20.0]",null,null,null,0.8,null,0.25020382,118,,,0,,False,10,train,2
3178,0.0,870.17879,870.42899,0.08,gabors,null,4.0,"[3644.93333333, 3644.93333333]",45.0,0.0,10.0,"[20.0, 20.0]",null,null,null,0.8,null,0.25020382,110,,,0,,False,11,test,1
3179,0.0,870.42899,870.67919,0.08,gabors,null,4.0,"[3644.93333333, 3644.93333333]",90.0,40.0,-40.0,"[20.0, 20.0]",null,null,null,0.8,null,0.25020382,113,,,0,,False,13,train,2
3180,0.0,870.67919,870.9294,0.08,gabors,null,4.0,"[3644.93333333, 3644.93333333]",90.0,0.0,20.0,"[20.0, 20.0]",null,null,null,0.8,null,0.25020382,93,,,0,,False,11,test,2
3181,0.0,870.9294,871.1796,0.08,gabors,null,4.0,"[3644.93333333, 3644.93333333]",90.0,-30.0,-30.0,"[20.0, 20.0]",null,null,null,0.8,null,0.25019868,50,,,0,,False,14,test,2
3182,0.0,871.1796,871.42979,0.08,gabors,null,4.0,"[3644.93333333, 3644.93333333]",90.0,30.0,10.0,"[20.0, 20.0]",null,null,null,0.8,null,0.25019868,237,,,0,,False,14,test,2
3183,0.0,871.42979,871.67999,0.08,gabors,null,4.0,"[3644.93333333, 3644.93333333]",90.0,40.0,-10.0,"[20.0, 20.0]",null,null,null,0.8,null,0.25019868,210,,,0,,False,11,test,2
3184,0.0,871.67999,871.93019,0.08,gabors,null,4.0,"[3644.93333333, 3644.93333333]",0.0,-40.0,40.0,"[20.0, 20.0]",null,null,null,0.8,null,0.25019868,97,,,0,,False,12,train,0
3185,0.0,871.93019,872.18041,0.08,gabors,null,4.0,"[3644.93333333, 3644.93333333]",45.0,-40.0,-30.0,"[20.0, 20.0]",null,null,null,0.8,null,0.25021882,204,,,0,,False,13,train,1
3186,0.0,872.18041,872.43063,0.08,gabors,null,4.0,"[3644.93333333, 3644.93333333]",90.0,0.0,-40.0,"[20.0, 20.0]",null,null,null,0.8,null,0.25021882,32,,,0,,False,12,train,2
3187,0.0,872.43063,872.68085,0.08,gabors,null,4.0,"[3644.93333333, 3644.93333333]",90.0,-20.0,30.0,"[20.0, 20.0]",null,null,null,0.8,null,0.25021882,170,,,0,,False,12,train,2
3188,0.0,872.68085,872.93107,0.08,gabors,null,4.0,"[3644.93333333, 3644.93333333]",45.0,0.0,-40.0,"[20.0, 20.0]",null,null,null,0.8,null,0.25021882,72,,,0,,False,14,test,1
3189,0.0,872.93107,873.18128,0.08,gabors,null,4.0,"[3644.93333333, 3644.93333333]",0.0,10.0,0.0,"[20.0, 20.0]",null,null,null,0.8,null,0.25021118,197,,,0,,False,12,train,0
3190,0.0,873.18128,873.43149,0.08,gabors,null,4.0,"[3644.93333333, 3644.93333333]",0.0,20.0,-40.0,"[20.0, 20.0]",null,null,null,0.8,null,0.25021118,164,,,0,,False,14,test,0
3191,0.0,873.43149,873.6817,0.08,gabors,null,4.0,"[3644.93333333, 3644.93333333]",45.0,-10.0,-40.0,"[20.0, 20.0]",null,null,null,0.8,null,0.25021118,85,,,0,,False,11,test,1
3192,0.0,873.6817,873.93191,0.08,gabors,null,4.0,"[3644.93333333, 3644.93333333]",90.0,0.0,-30.0,"[20.0, 20.0]",null,null,null,0.8,null,0.25021118,5,,,0,,False,13,train,2
3193,0.0,873.93191,874.18212,0.08,gabors,null,4.0,"[3644.93333333, 3644.93333333]",90.0,-40.0,30.0,"[20.0, 20.0]",null,null,null,0.8,null,0.25020882,202,,,0,,False,11,test,2
3194,0.0,874.18212,874.43233,0.08,gabors,null,4.0,"[3644.93333333, 3644.93333333]",90.0,20.0,40.0,"[20.0, 20.0]",null,null,null,0.8,null,0.25020882,158,,,0,,False,14,test,2
3195,0.0,874.43233,874.68254,0.08,gabors,null,4.0,"[3644.93333333, 3644.93333333]",45.0,-30.0,0.0,"[20.0, 20.0]",null,null,null,0.8,null,0.25020882,82,,,0,,False,14,test,1
3196,0.0,874.68254,874.93275,0.08,gabors,null,4.0,"[3644.93333333, 3644.93333333]",45.0,40.0,10.0,"[20.0, 20.0]",null,null,null,0.8,null,0.25020882,229,,,0,,False,12,train,1
3197,0.0,874.93275,875.18296,0.08,gabors,null,4.0,"[3644.93333333, 3644.93333333]",45.0,-10.0,10.0,"[20.0, 20.0]",null,null,null,0.8,null,0.25021118,89,,,0,,False,11,test,1
3198,0.0,875.18296,875.43317,0.08,gabors,null,4.0,"[3644.93333333, 3644.93333333]",90.0,-30.0,-40.0,"[20.0, 20.0]",null,null,null,0.8,null,0.25021118,149,,,0,,False,10,train,2
3199,0.0,875.43317,875.68338,0.08,gabors,null,4.0,"[3644.93333333, 3644.93333333]",90.0,-20.0,-10.0,"[20.0, 20.0]",null,null,null,0.8,null,0.25021118,38,,,0,,False,12,train,2
3200,0.0,875.68338,875.93359,0.08,gabors,null,4.0,"[3644.93333333, 3644.93333333]",45.0,-40.0,-40.0,"[20.0, 20.0]",null,null,null,0.8,null,0.25021118,94,,,0,,False,12,train,1
3201,0.0,875.93359,876.1838,0.08,gabors,null,4.0,"[3644.93333333, 3644.93333333]",0.0,40.0,-40.0,"[20.0, 20.0]",null,null,null,0.8,null,0.25020382,28,,,0,,False,13,train,0
3202,0.0,876.1838,876.434,0.08,gabors,null,4.0,"[3644.93333333, 3644.93333333]",45.0,-10.0,-20.0,"[20.0, 20.0]",null,null,null,0.8,null,0.25020382,48,,,0,,False,14,test,1
3203,0.0,876.434,876.6842,0.08,gabors,null,4.0,"[3644.93333333, 3644.93333333]",45.0,-10.0,-10.0,"[20.0, 20.0]",null,null,null,0.8,null,0.25020382,242,,,0,,False,12,train,1
3204,0.0,876.6842,876.93441,0.08,gabors,null,4.0,"[3644.93333333, 3644.93333333]",45.0,40.0,-20.0,"[20.0, 20.0]",null,null,null,0.8,null,0.25020382,18,,,0,,False,12,train,1
3205,0.0,876.93441,877.18462,0.08,gabors,null,4.0,"[3644.93333333, 3644.93333333]",45.0,-20.0,-30.0,"[20.0, 20.0]",null,null,null,0.8,null,0.25020868,96,,,0,,False,12,train,1
3206,0.0,877.18462,877.43482,0.08,gabors,null,4.0,"[3644.93333333, 3644.93333333]",45.0,-40.0,0.0,"[20.0, 20.0]",null,null,null,0.8,null,0.25020868,178,,,0,,False,13,train,1
3207,0.0,877.43482,877.68503,0.08,gabors,null,4.0,"[3644.93333333, 3644.93333333]",45.0,0.0,10.0,"[20.0, 20.0]",null,null,null,0.8,null,0.25020868,110,,,0,,False,12,train,1
3208,0.0,877.68503,877.93524,0.08,gabors,null,4.0,"[3644.93333333, 3644.93333333]",0.0,-30.0,30.0,"[20.0, 20.0]",null,null,null,0.8,null,0.25020868,201,,,0,,False,11,test,0
3209,0.0,877.93524,878.18545,0.08,gabors,null,4.0,"[3644.93333333, 3644.93333333]",0.0,40.0,-20.0,"[20.0, 20.0]",null,null,null,0.8,null,0.25021132,95,,,0,,False,13,train,0
3210,0.0,878.18545,878.43566,0.08,gabors,null,4.0,"[3644.93333333, 3644.93333333]",45.0,20.0,-10.0,"[20.0, 20.0]",null,null,null,0.8,null,0.25021132,236,,,0,,False,12,train,1
3211,0.0,878.43566,878.68588,0.08,gabors,null,4.0,"[3644.93333333, 3644.93333333]",45.0,-10.0,30.0,"[20.0, 20.0]",null,null,null,0.8,null,0.25021132,231,,,0,,False,13,train,1
3212,0.0,878.68588,878.93609,0.08,gabors,null,4.0,"[3644.93333333, 3644.93333333]",90.0,-20.0,20.0,"[20.0, 20.0]",null,null,null,0.8,null,0.25021132,161,,,0,,False,13,train,2
3213,0.0,878.93609,879.1863,0.08,gabors,null,4.0,"[3644.93333333, 3644.93333333]",0.0,10.0,40.0,"[20.0, 20.0]",null,null,null,0.8,null,0.25021368,194,,,0,,False,13,train,0
3214,0.0,879.1863,879.43651,0.08,gabors,null,4.0,"[3644.93333333, 3644.93333333]",0.0,0.0,40.0,"[20.0, 20.0]",null,null,null,0.8,null,0.25021368,125,,,0,,False,12,train,0
3215,0.0,879.43651,879.68673,0.08,gabors,null,4.0,"[3644.93333333, 3644.93333333]",90.0,-40.0,-30.0,"[20.0, 20.0]",null,null,null,0.8,null,0.25021368,68,,,0,,False,11,test,2
3216,0.0,879.68673,879.93694,0.08,gabors,null,4.0,"[3644.93333333, 3644.93333333]",90.0,40.0,-30.0,"[20.0, 20.0]",null,null,null,0.8,null,0.25021368,168,,,0,,False,13,train,2
3217,0.0,879.93694,880.18715,0.08,gabors,null,4.0,"[3644.93333333, 3644.93333333]",0.0,10.0,-20.0,"[20.0, 20.0]",null,null,null,0.8,null,0.25020382,217,,,0,,False,13,train,0
3218,0.0,880.18715,880.43735,0.08,gabors,null,4.0,"[3644.93333333, 3644.93333333]",45.0,10.0,-10.0,"[20.0, 20.0]",null,null,null,0.8,null,0.25020382,220,,,0,,False,11,test,1
3219,0.0,880.43735,880.68755,0.08,gabors,null,4.0,"[3644.93333333, 3644.93333333]",45.0,-20.0,0.0,"[20.0, 20.0]",null,null,null,0.8,null,0.25020382,160,,,0,,False,12,train,1
3220,0.0,880.68755,880.93776,0.08,gabors,null,4.0,"[3644.93333333, 3644.93333333]",0.0,20.0,10.0,"[20.0, 20.0]",null,null,null,0.8,null,0.25020382,147,,,0,,False,12,train,0
3221,0.0,880.93776,881.18796,0.08,gabors,null,4.0,"[3644.93333333, 3644.93333333]",90.0,-10.0,-40.0,"[20.0, 20.0]",null,null,null,0.8,null,0.25020618,163,,,0,,False,13,train,2
3222,0.0,881.18796,881.43817,0.08,gabors,null,4.0,"[3644.93333333, 3644.93333333]",90.0,-30.0,-40.0,"[20.0, 20.0]",null,null,null,0.8,null,0.25020618,149,,,0,,False,11,test,2
3223,0.0,881.43817,881.68838,0.08,gabors,null,4.0,"[3644.93333333, 3644.93333333]",45.0,20.0,10.0,"[20.0, 20.0]",null,null,null,0.8,null,0.25020618,31,,,0,,False,12,train,1
3224,0.0,881.68838,881.93858,0.08,gabors,null,4.0,"[3644.93333333, 3644.93333333]",90.0,-30.0,-40.0,"[20.0, 20.0]",null,null,null,0.8,null,0.25020618,149,,,0,,False,12,train,2
3225,0.0,881.93858,882.1888,0.08,gabors,null,4.0,"[3644.93333333, 3644.93333333]",45.0,40.0,-20.0,"[20.0, 20.0]",null,null,null,0.8,null,0.25021382,18,,,0,,False,13,train,1
3226,0.0,882.1888,882.43901,0.08,gabors,null,4.0,"[3644.93333333, 3644.93333333]",45.0,40.0,-20.0,"[20.0, 20.0]",null,null,null,0.8,null,0.25021382,18,,,0,,False,14,test,1
3227,0.0,882.43901,882.68922,0.08,gabors,null,4.0,"[3644.93333333, 3644.93333333]",45.0,-20.0,20.0,"[20.0, 20.0]",null,null,null,0.8,null,0.25021382,66,,,0,,False,14,test,1
3228,0.0,882.68922,882.93944,0.08,gabors,null,4.0,"[3644.93333333, 3644.93333333]",0.0,-20.0,-20.0,"[20.0, 20.0]",null,null,null,0.8,null,0.25021382,156,,,0,,False,11,test,0
3229,0.0,882.93944,883.18964,0.08,gabors,null,4.0,"[3644.93333333, 3644.93333333]",45.0,10.0,20.0,"[20.0, 20.0]",null,null,null,0.8,null,0.25020618,13,,,0,,False,10,train,1
3230,0.0,883.18964,883.43985,0.08,gabors,null,4.0,"[3644.93333333, 3644.93333333]",45.0,0.0,-30.0,"[20.0, 20.0]",null,null,null,0.8,null,0.25020618,232,,,0,,False,13,train,1
3231,0.0,883.43985,883.69006,0.08,gabors,null,4.0,"[3644.93333333, 3644.93333333]",90.0,-10.0,-40.0,"[20.0, 20.0]",null,null,null,0.8,null,0.25020618,163,,,0,,False,14,test,2
3232,0.0,883.69006,883.94026,0.08,gabors,null,4.0,"[3644.93333333, 3644.93333333]",90.0,-20.0,-20.0,"[20.0, 20.0]",null,null,null,0.8,null,0.25020618,35,,,0,,False,14,test,2
3233,0.0,883.94026,884.19047,0.08,gabors,null,4.0,"[3644.93333333, 3644.93333333]",90.0,-40.0,-40.0,"[20.0, 20.0]",null,null,null,0.8,null,0.25021132,1,,,0,,False,14,test,2
3234,0.0,884.19047,884.44068,0.08,gabors,null,4.0,"[3644.93333333, 3644.93333333]",45.0,20.0,-20.0,"[20.0, 20.0]",null,null,null,0.8,null,0.25021132,208,,,0,,False,14,test,1
3235,0.0,884.44068,884.6909,0.08,gabors,null,4.0,"[3644.93333333, 3644.93333333]",0.0,-10.0,-30.0,"[20.0, 20.0]",null,null,null,0.8,null,0.25021132,79,,,0,,False,14,test,0
3236,0.0,884.6909,884.94111,0.08,gabors,null,4.0,"[3644.93333333, 3644.93333333]",90.0,30.0,40.0,"[20.0, 20.0]",null,null,null,0.8,null,0.25021132,30,,,0,,False,12,train,2
3237,0.0,884.94111,885.19131,0.08,gabors,null,4.0,"[3644.93333333, 3644.93333333]",0.0,-10.0,10.0,"[20.0, 20.0]",null,null,null,0.8,null,0.25020118,19,,,0,,False,13,train,0
3238,0.0,885.19131,885.44151,0.08,gabors,null,4.0,"[3644.93333333, 3644.93333333]",0.0,30.0,0.0,"[20.0, 20.0]",null,null,null,0.8,null,0.25020118,165,,,0,,False,12,train,0
3239,0.0,885.44151,885.69171,0.08,gabors,null,4.0,"[3644.93333333, 3644.93333333]",90.0,40.0,-20.0,"[20.0, 20.0]",null,null,null,0.8,null,0.25020118,173,,,0,,False,12,train,2
3240,0.0,885.69171,885.94191,0.08,gabors,null,4.0,"[3644.93333333, 3644.93333333]",90.0,0.0,-40.0,"[20.0, 20.0]",null,null,null,0.8,null,0.25020118,32,,,0,,False,13,train,2
3241,0.0,885.94191,886.19213,0.08,gabors,null,4.0,"[3644.93333333, 3644.93333333]",0.0,-40.0,-10.0,"[20.0, 20.0]",null,null,null,0.8,null,0.25021632,191,,,0,,False,13,train,0
3242,0.0,886.19213,886.44234,0.08,gabors,null,4.0,"[3644.93333333, 3644.93333333]",0.0,10.0,20.0,"[20.0, 20.0]",null,null,null,0.8,null,0.25021632,15,,,0,,False,9,train,0
3243,0.0,886.44234,886.69256,0.08,gabors,null,4.0,"[3644.93333333, 3644.93333333]",0.0,-40.0,20.0,"[20.0, 20.0]",null,null,null,0.8,null,0.25021632,151,,,0,,False,14,test,0
3244,0.0,886.69256,886.94278,0.08,gabors,null,4.0,"[3644.93333333, 3644.93333333]",45.0,-10.0,-10.0,"[20.0, 20.0]",null,null,null,0.8,null,0.25021632,242,,,0,,False,13,train,1
3245,0.0,886.94278,887.19299,0.08,gabors,null,4.0,"[3644.93333333, 3644.93333333]",90.0,10.0,-40.0,"[20.0, 20.0]",null,null,null,0.8,null,0.25021618,9,,,0,,False,12,train,2
3246,0.0,887.19299,887.44321,0.08,gabors,null,4.0,"[3644.93333333, 3644.93333333]",90.0,-10.0,10.0,"[20.0, 20.0]",null,null,null,0.8,null,0.25021618,192,,,0,,False,14,test,2
3247,0.0,887.44321,887.69343,0.08,gabors,null,4.0,"[3644.93333333, 3644.93333333]",45.0,30.0,-20.0,"[20.0, 20.0]",null,null,null,0.8,null,0.25021618,57,,,0,,False,13,train,1
3248,0.0,887.69343,887.94364,0.08,gabors,null,4.0,"[3644.93333333, 3644.93333333]",90.0,0.0,0.0,"[20.0, 20.0]",null,null,null,0.8,null,0.25021618,80,,,0,,False,14,test,2
3249,0.0,887.94364,888.19384,0.08,gabors,null,4.0,"[3644.93333333, 3644.93333333]",45.0,10.0,0.0,"[20.0, 20.0]",null,null,null,0.8,null,0.25020132,243,,,0,,False,12,train,1
3250,0.0,888.19384,888.44404,0.08,gabors,null,4.0,"[3644.93333333, 3644.93333333]",90.0,-40.0,30.0,"[20.0, 20.0]",null,null,null,0.8,null,0.25020132,202,,,0,,False,12,train,2
3251,0.0,888.44404,888.69425,0.08,gabors,null,4.0,"[3644.93333333, 3644.93333333]",45.0,-20.0,-20.0,"[20.0, 20.0]",null,null,null,0.8,null,0.25020132,177,,,0,,False,13,train,1
3252,0.0,888.69425,888.94445,0.08,gabors,null,4.0,"[3644.93333333, 3644.93333333]",45.0,10.0,0.0,"[20.0, 20.0]",null,null,null,0.8,null,0.25020132,243,,,0,,False,13,train,1
3253,0.0,888.94445,889.19465,0.08,gabors,null,4.0,"[3644.93333333, 3644.93333333]",45.0,40.0,20.0,"[20.0, 20.0]",null,null,null,0.8,null,0.25020618,84,,,0,,False,12,train,1
3254,0.0,889.19465,889.44486,0.08,gabors,null,4.0,"[3644.93333333, 3644.93333333]",45.0,-20.0,40.0,"[20.0, 20.0]",null,null,null,0.8,null,0.25020618,49,,,0,,False,14,test,1
3255,0.0,889.44486,889.69507,0.08,gabors,null,4.0,"[3644.93333333, 3644.93333333]",90.0,10.0,10.0,"[20.0, 20.0]",null,null,null,0.8,null,0.25020618,180,,,0,,False,13,train,2
3256,0.0,889.69507,889.94527,0.08,gabors,null,4.0,"[3644.93333333, 3644.93333333]",0.0,40.0,-10.0,"[20.0, 20.0]",null,null,null,0.8,null,0.25020618,114,,,0,,False,12,train,0
3257,0.0,889.94527,890.19549,0.08,gabors,null,4.0,"[3644.93333333, 3644.93333333]",90.0,0.0,20.0,"[20.0, 20.0]",null,null,null,0.8,null,0.25021632,93,,,0,,False,12,train,2
3258,0.0,890.19549,890.4457,0.08,gabors,null,4.0,"[3644.93333333, 3644.93333333]",0.0,0.0,20.0,"[20.0, 20.0]",null,null,null,0.8,null,0.25021632,214,,,0,,False,14,test,0
3259,0.0,890.4457,890.69592,0.08,gabors,null,4.0,"[3644.93333333, 3644.93333333]",45.0,-30.0,-30.0,"[20.0, 20.0]",null,null,null,0.8,null,0.25021632,190,,,0,,False,13,train,1
3260,0.0,890.69592,890.94614,0.08,gabors,null,4.0,"[3644.93333333, 3644.93333333]",0.0,30.0,20.0,"[20.0, 20.0]",null,null,null,0.8,null,0.25021632,88,,,0,,False,12,train,0
3261,0.0,890.94614,891.19634,0.08,gabors,null,4.0,"[3644.93333333, 3644.93333333]",0.0,30.0,0.0,"[20.0, 20.0]",null,null,null,0.8,null,0.25019868,165,,,0,,False,13,train,0
3262,0.0,891.19634,891.44653,0.08,gabors,null,4.0,"[3644.93333333, 3644.93333333]",0.0,-40.0,-20.0,"[20.0, 20.0]",null,null,null,0.8,null,0.25019868,4,,,0,,False,10,train,0
3263,0.0,891.44653,891.69673,0.08,gabors,null,4.0,"[3644.93333333, 3644.93333333]",90.0,-40.0,-20.0,"[20.0, 20.0]",null,null,null,0.8,null,0.25019868,40,,,0,,False,13,train,2
3264,0.0,891.69673,891.94693,0.08,gabors,null,4.0,"[3644.93333333, 3644.93333333]",45.0,40.0,30.0,"[20.0, 20.0]",null,null,null,0.8,null,0.25019868,111,,,0,,False,13,train,1
3265,0.0,891.94693,892.19715,0.08,gabors,null,4.0,"[3644.93333333, 3644.93333333]",0.0,-20.0,40.0,"[20.0, 20.0]",null,null,null,0.8,null,0.25021632,107,,,0,,False,11,test,0
3266,0.0,892.19715,892.44736,0.08,gabors,null,4.0,"[3644.93333333, 3644.93333333]",90.0,-10.0,0.0,"[20.0, 20.0]",null,null,null,0.8,null,0.25021632,195,,,0,,False,13,train,2
3267,0.0,892.44736,892.69758,0.08,gabors,null,4.0,"[3644.93333333, 3644.93333333]",45.0,-10.0,0.0,"[20.0, 20.0]",null,null,null,0.8,null,0.25021632,115,,,0,,False,14,test,1
3268,0.0,892.69758,892.9478,0.08,gabors,null,4.0,"[3644.93333333, 3644.93333333]",0.0,-10.0,10.0,"[20.0, 20.0]",null,null,null,0.8,null,0.25021632,19,,,0,,False,14,test,0
3269,0.0,892.9478,893.198,0.08,gabors,null,4.0,"[3644.93333333, 3644.93333333]",45.0,30.0,30.0,"[20.0, 20.0]",null,null,null,0.8,null,0.25020618,155,,,0,,False,13,train,1
3270,0.0,893.198,893.44821,0.08,gabors,null,4.0,"[3644.93333333, 3644.93333333]",90.0,-30.0,-20.0,"[20.0, 20.0]",null,null,null,0.8,null,0.25020618,16,,,0,,False,12,train,2
3271,0.0,893.44821,893.69842,0.08,gabors,null,4.0,"[3644.93333333, 3644.93333333]",0.0,0.0,-10.0,"[20.0, 20.0]",null,null,null,0.8,null,0.25020618,137,,,0,,False,13,train,0
3272,0.0,893.69842,893.94862,0.08,gabors,null,4.0,"[3644.93333333, 3644.93333333]",90.0,-20.0,40.0,"[20.0, 20.0]",null,null,null,0.8,null,0.25020618,193,,,0,,False,12,train,2
3273,0.0,893.94862,894.19884,0.08,gabors,null,4.0,"[3644.93333333, 3644.93333333]",0.0,10.0,20.0,"[20.0, 20.0]",null,null,null,0.8,null,0.25021382,15,,,0,,False,10,train,0
3274,0.0,894.19884,894.44905,0.08,gabors,null,4.0,"[3644.93333333, 3644.93333333]",0.0,30.0,10.0,"[20.0, 20.0]",null,null,null,0.8,null,0.25021382,141,,,0,,False,12,train,0
3275,0.0,894.44905,894.69926,0.08,gabors,null,4.0,"[3644.93333333, 3644.93333333]",45.0,10.0,30.0,"[20.0, 20.0]",null,null,null,0.8,null,0.25021382,218,,,0,,False,13,train,1
3276,0.0,894.69926,894.94948,0.08,gabors,null,4.0,"[3644.93333333, 3644.93333333]",0.0,30.0,0.0,"[20.0, 20.0]",null,null,null,0.8,null,0.25021382,165,,,0,,False,14,test,0
3277,0.0,894.94948,895.19969,0.08,gabors,null,4.0,"[3644.93333333, 3644.93333333]",0.0,20.0,40.0,"[20.0, 20.0]",null,null,null,0.8,null,0.25021368,241,,,0,,False,13,train,0
3278,0.0,895.19969,895.4499,0.08,gabors,null,4.0,"[3644.93333333, 3644.93333333]",0.0,30.0,-30.0,"[20.0, 20.0]",null,null,null,0.8,null,0.25021368,130,,,0,,False,13,train,0
3279,0.0,895.4499,895.70012,0.08,gabors,null,4.0,"[3644.93333333, 3644.93333333]",45.0,10.0,-20.0,"[20.0, 20.0]",null,null,null,0.8,null,0.25021368,64,,,0,,False,14,test,1
3280,0.0,895.70012,895.95033,0.08,gabors,null,4.0,"[3644.93333333, 3644.93333333]",45.0,-30.0,10.0,"[20.0, 20.0]",null,null,null,0.8,null,0.25021368,142,,,0,,False,14,test,1
3281,0.0,895.95033,896.20053,0.08,gabors,null,4.0,"[3644.93333333, 3644.93333333]",0.0,-40.0,-30.0,"[20.0, 20.0]",null,null,null,0.8,null,0.25020132,209,,,0,,False,10,train,0
3282,0.0,896.20053,896.45073,0.08,gabors,null,4.0,"[3644.93333333, 3644.93333333]",45.0,20.0,-30.0,"[20.0, 20.0]",null,null,null,0.8,null,0.25020132,219,,,0,,False,13,train,1
3283,0.0,896.45073,896.70094,0.08,gabors,null,4.0,"[3644.93333333, 3644.93333333]",45.0,-40.0,30.0,"[20.0, 20.0]",null,null,null,0.8,null,0.25020132,154,,,0,,False,12,train,1
3284,0.0,896.70094,896.95114,0.08,gabors,null,4.0,"[3644.93333333, 3644.93333333]",45.0,-40.0,10.0,"[20.0, 20.0]",null,null,null,0.8,null,0.25020132,45,,,0,,False,13,train,1
3285,0.0,896.95114,897.20135,0.08,gabors,null,4.0,"[3644.93333333, 3644.93333333]",90.0,30.0,0.0,"[20.0, 20.0]",null,null,null,0.8,null,0.25020868,216,,,0,,False,10,train,2
3286,0.0,897.20135,897.45155,0.08,gabors,null,4.0,"[3644.93333333, 3644.93333333]",90.0,-40.0,40.0,"[20.0, 20.0]",null,null,null,0.8,null,0.25020868,98,,,0,,False,12,train,2
3287,0.0,897.45155,897.70176,0.08,gabors,null,4.0,"[3644.93333333, 3644.93333333]",0.0,20.0,-30.0,"[20.0, 20.0]",null,null,null,0.8,null,0.25020868,116,,,0,,False,14,test,0
3288,0.0,897.70176,897.95197,0.08,gabors,null,4.0,"[3644.93333333, 3644.93333333]",45.0,-10.0,10.0,"[20.0, 20.0]",null,null,null,0.8,null,0.25020868,89,,,0,,False,12,train,1
3289,0.0,897.95197,898.20218,0.08,gabors,null,4.0,"[3644.93333333, 3644.93333333]",45.0,0.0,30.0,"[20.0, 20.0]",null,null,null,0.8,null,0.25021132,99,,,0,,False,11,test,1
3290,0.0,898.20218,898.45239,0.08,gabors,null,4.0,"[3644.93333333, 3644.93333333]",45.0,-40.0,-20.0,"[20.0, 20.0]",null,null,null,0.8,null,0.25021132,62,,,0,,False,13,train,1
3291,0.0,898.45239,898.70261,0.08,gabors,null,4.0,"[3644.93333333, 3644.93333333]",45.0,0.0,20.0,"[20.0, 20.0]",null,null,null,0.8,null,0.25021132,129,,,0,,False,14,test,1
3292,0.0,898.70261,898.95282,0.08,gabors,null,4.0,"[3644.93333333, 3644.93333333]",45.0,20.0,0.0,"[20.0, 20.0]",null,null,null,0.8,null,0.25021132,203,,,0,,False,14,test,1
3293,0.0,898.95282,899.20303,0.08,gabors,null,4.0,"[3644.93333333, 3644.93333333]",90.0,30.0,-20.0,"[20.0, 20.0]",null,null,null,0.8,null,0.25021368,55,,,0,,False,10,train,2
3294,0.0,899.20303,899.45324,0.08,gabors,null,4.0,"[3644.93333333, 3644.93333333]",0.0,40.0,-30.0,"[20.0, 20.0]",null,null,null,0.8,null,0.25021368,6,,,0,,False,12,train,0
3295,0.0,899.45324,899.70346,0.08,gabors,null,4.0,"[3644.93333333, 3644.93333333]",90.0,-40.0,-10.0,"[20.0, 20.0]",null,null,null,0.8,null,0.25021368,225,,,0,,False,14,test,2
3296,0.0,899.70346,899.95367,0.08,gabors,null,4.0,"[3644.93333333, 3644.93333333]",0.0,-40.0,-40.0,"[20.0, 20.0]",null,null,null,0.8,null,0.25021368,206,,,0,,False,13,train,0
3297,0.0,899.95367,900.20388,0.08,gabors,null,4.0,"[3644.93333333, 3644.93333333]",0.0,-40.0,-30.0,"[20.0, 20.0]",null,null,null,0.8,null,0.25020382,209,,,0,,False,11,test,0
3298,0.0,900.20388,900.45408,0.08,gabors,null,4.0,"[3644.93333333, 3644.93333333]",0.0,40.0,-20.0,"[20.0, 20.0]",null,null,null,0.8,null,0.25020382,95,,,0,,False,14,test,0
3299,0.0,900.45408,900.70428,0.08,gabors,null,4.0,"[3644.93333333, 3644.93333333]",0.0,-10.0,0.0,"[20.0, 20.0]",null,null,null,0.8,null,0.25020382,122,,,0,,False,14,test,0
3300,0.0,900.70428,900.95449,0.08,gabors,null,4.0,"[3644.93333333, 3644.93333333]",0.0,10.0,20.0,"[20.0, 20.0]",null,null,null,0.8,null,0.25020382,15,,,0,,False,11,test,0
3301,0.0,900.95449,901.2047,0.08,gabors,null,4.0,"[3644.93333333, 3644.93333333]",0.0,10.0,-40.0,"[20.0, 20.0]",null,null,null,0.8,null,0.25021368,186,,,0,,False,12,train,0
3302,0.0,901.2047,901.45491,0.08,gabors,null,4.0,"[3644.93333333, 3644.93333333]",0.0,10.0,20.0,"[20.0, 20.0]",null,null,null,0.8,null,0.25021368,15,,,0,,False,12,train,0
3303,0.0,901.45491,901.70513,0.08,gabors,null,4.0,"[3644.93333333, 3644.93333333]",0.0,-20.0,30.0,"[20.0, 20.0]",null,null,null,0.8,null,0.25021368,215,,,0,,False,13,train,0
3304,0.0,901.70513,901.95534,0.08,gabors,null,4.0,"[3644.93333333, 3644.93333333]",45.0,-20.0,30.0,"[20.0, 20.0]",null,null,null,0.8,null,0.25021368,189,,,0,,False,12,train,1
3305,0.0,901.95534,902.20554,0.08,gabors,null,4.0,"[3644.93333333, 3644.93333333]",45.0,30.0,10.0,"[20.0, 20.0]",null,null,null,0.8,null,0.25020132,174,,,0,,False,14,test,1
3306,0.0,902.20554,902.45574,0.08,gabors,null,4.0,"[3644.93333333, 3644.93333333]",90.0,-40.0,10.0,"[20.0, 20.0]",null,null,null,0.8,null,0.25020132,185,,,0,,False,11,test,2
3307,0.0,902.45574,902.70595,0.08,gabors,null,4.0,"[3644.93333333, 3644.93333333]",0.0,0.0,10.0,"[20.0, 20.0]",null,null,null,0.8,null,0.25020132,29,,,0,,False,12,train,0
3308,0.0,902.70595,902.95615,0.08,gabors,null,4.0,"[3644.93333333, 3644.93333333]",0.0,-40.0,-20.0,"[20.0, 20.0]",null,null,null,0.8,null,0.25020132,4,,,0,,False,11,test,0
3309,0.0,902.95615,903.20637,0.08,gabors,null,4.0,"[3644.93333333, 3644.93333333]",90.0,30.0,-20.0,"[20.0, 20.0]",null,null,null,0.8,null,0.25021868,55,,,0,,False,11,test,2
3310,0.0,903.20637,903.45658,0.08,gabors,null,4.0,"[3644.93333333, 3644.93333333]",45.0,40.0,-10.0,"[20.0, 20.0]",null,null,null,0.8,null,0.25021868,144,,,0,,False,12,train,1
3311,0.0,903.45658,903.7068,0.08,gabors,null,4.0,"[3644.93333333, 3644.93333333]",90.0,30.0,-20.0,"[20.0, 20.0]",null,null,null,0.8,null,0.25021868,55,,,0,,False,12,train,2
3312,0.0,903.7068,903.95702,0.08,gabors,null,4.0,"[3644.93333333, 3644.93333333]",45.0,30.0,40.0,"[20.0, 20.0]",null,null,null,0.8,null,0.25021868,52,,,0,,False,13,train,1
3313,0.0,903.95702,904.20723,0.08,gabors,null,4.0,"[3644.93333333, 3644.93333333]",0.0,-20.0,40.0,"[20.0, 20.0]",null,null,null,0.8,null,0.25020382,107,,,0,,False,12,train,0
3314,0.0,904.20723,904.45743,0.08,gabors,null,4.0,"[3644.93333333, 3644.93333333]",90.0,-40.0,-30.0,"[20.0, 20.0]",null,null,null,0.8,null,0.25020382,68,,,0,,False,12,train,2
3315,0.0,904.45743,904.70763,0.08,gabors,null,4.0,"[3644.93333333, 3644.93333333]",90.0,0.0,-40.0,"[20.0, 20.0]",null,null,null,0.8,null,0.25020382,32,,,0,,False,14,test,2
3316,0.0,904.70763,904.95784,0.08,gabors,null,4.0,"[3644.93333333, 3644.93333333]",90.0,-10.0,30.0,"[20.0, 20.0]",null,null,null,0.8,null,0.25020382,11,,,0,,False,12,train,2
3317,0.0,904.95784,905.20804,0.08,gabors,null,4.0,"[3644.93333333, 3644.93333333]",0.0,40.0,-10.0,"[20.0, 20.0]",null,null,null,0.8,null,0.25020618,114,,,0,,False,13,train,0
3318,0.0,905.20804,905.45825,0.08,gabors,null,4.0,"[3644.93333333, 3644.93333333]",0.0,-40.0,-30.0,"[20.0, 20.0]",null,null,null,0.8,null,0.25020618,209,,,0,,False,12,train,0
3319,0.0,905.45825,905.70846,0.08,gabors,null,4.0,"[3644.93333333, 3644.93333333]",0.0,-20.0,-20.0,"[20.0, 20.0]",null,null,null,0.8,null,0.25020618,156,,,0,,False,12,train,0
3320,0.0,905.70846,905.95866,0.08,gabors,null,4.0,"[3644.93333333, 3644.93333333]",90.0,20.0,20.0,"[20.0, 20.0]",null,null,null,0.8,null,0.25020618,22,,,0,,False,13,train,2
3321,0.0,905.95866,906.20887,0.08,gabors,null,4.0,"[3644.93333333, 3644.93333333]",90.0,40.0,-20.0,"[20.0, 20.0]",null,null,null,0.8,null,0.25020632,173,,,0,,False,13,train,2
3322,0.0,906.20887,906.45907,0.08,gabors,null,4.0,"[3644.93333333, 3644.93333333]",90.0,30.0,0.0,"[20.0, 20.0]",null,null,null,0.8,null,0.25020632,216,,,0,,False,11,test,2
3323,0.0,906.45907,906.70928,0.08,gabors,null,4.0,"[3644.93333333, 3644.93333333]",0.0,30.0,10.0,"[20.0, 20.0]",null,null,null,0.8,null,0.25020632,141,,,0,,False,13,train,0
3324,0.0,906.70928,906.95949,0.08,gabors,null,4.0,"[3644.93333333, 3644.93333333]",45.0,-30.0,20.0,"[20.0, 20.0]",null,null,null,0.8,null,0.25020632,132,,,0,,False,14,test,1
3325,0.0,906.95949,907.2097,0.08,gabors,null,4.0,"[3644.93333333, 3644.93333333]",45.0,-20.0,0.0,"[20.0, 20.0]",null,null,null,0.8,null,0.25021118,160,,,0,,False,13,train,1
3326,0.0,907.2097,907.45991,0.08,gabors,null,4.0,"[3644.93333333, 3644.93333333]",0.0,30.0,20.0,"[20.0, 20.0]",null,null,null,0.8,null,0.25021118,88,,,0,,False,13,train,0
3327,0.0,907.45991,907.71012,0.08,gabors,null,4.0,"[3644.93333333, 3644.93333333]",90.0,40.0,20.0,"[20.0, 20.0]",null,null,null,0.8,null,0.25021118,123,,,0,,False,13,train,2
3328,0.0,907.71012,907.96033,0.08,gabors,null,4.0,"[3644.93333333, 3644.93333333]",0.0,-20.0,-30.0,"[20.0, 20.0]",null,null,null,0.8,null,0.25021118,128,,,0,,False,14,test,0
3329,0.0,907.96033,908.21054,0.08,gabors,null,4.0,"[3644.93333333, 3644.93333333]",45.0,40.0,10.0,"[20.0, 20.0]",null,null,null,0.8,null,0.25021132,229,,,0,,False,13,train,1
3330,0.0,908.21054,908.46075,0.08,gabors,null,4.0,"[3644.93333333, 3644.93333333]",45.0,10.0,-10.0,"[20.0, 20.0]",null,null,null,0.8,null,0.25021132,220,,,0,,False,12,train,1
3331,0.0,908.46075,908.71097,0.08,gabors,null,4.0,"[3644.93333333, 3644.93333333]",0.0,-40.0,-30.0,"[20.0, 20.0]",null,null,null,0.8,null,0.25021132,209,,,0,,False,13,train,0
3332,0.0,908.71097,908.96118,0.08,gabors,null,4.0,"[3644.93333333, 3644.93333333]",0.0,40.0,20.0,"[20.0, 20.0]",null,null,null,0.8,null,0.25021132,239,,,0,,False,12,train,0
3333,0.0,908.96118,909.21139,0.08,gabors,null,4.0,"[3644.93333333, 3644.93333333]",90.0,-20.0,40.0,"[20.0, 20.0]",null,null,null,0.8,null,0.25021368,193,,,0,,False,13,train,2
3334,0.0,909.21139,909.4616,0.08,gabors,null,4.0,"[3644.93333333, 3644.93333333]",90.0,-40.0,-20.0,"[20.0, 20.0]",null,null,null,0.8,null,0.25021368,40,,,0,,False,14,test,2
3335,0.0,909.4616,909.71182,0.08,gabors,null,4.0,"[3644.93333333, 3644.93333333]",90.0,-40.0,40.0,"[20.0, 20.0]",null,null,null,0.8,null,0.25021368,98,,,0,,False,13,train,2
3336,0.0,909.71182,909.96203,0.08,gabors,null,4.0,"[3644.93333333, 3644.93333333]",90.0,-40.0,10.0,"[20.0, 20.0]",null,null,null,0.8,null,0.25021368,185,,,0,,False,12,train,2
3337,0.0,909.96203,910.21224,0.08,gabors,null,4.0,"[3644.93333333, 3644.93333333]",90.0,-30.0,10.0,"[20.0, 20.0]",null,null,null,0.8,null,0.25020382,118,,,0,,False,11,test,2
3338,0.0,910.21224,910.46244,0.08,gabors,null,4.0,"[3644.93333333, 3644.93333333]",0.0,20.0,40.0,"[20.0, 20.0]",null,null,null,0.8,null,0.25020382,241,,,0,,False,14,test,0
3339,0.0,910.46244,910.71264,0.08,gabors,null,4.0,"[3644.93333333, 3644.93333333]",0.0,40.0,10.0,"[20.0, 20.0]",null,null,null,0.8,null,0.25020382,76,,,0,,False,14,test,0
3340,0.0,910.71264,910.96285,0.08,gabors,null,4.0,"[3644.93333333, 3644.93333333]",0.0,-40.0,-20.0,"[20.0, 20.0]",null,null,null,0.8,null,0.25020382,4,,,0,,False,12,train,0
3341,0.0,910.96285,911.21306,0.08,gabors,null,4.0,"[3644.93333333, 3644.93333333]",45.0,-10.0,10.0,"[20.0, 20.0]",null,null,null,0.8,null,0.25021118,89,,,0,,False,13,train,1
3342,0.0,911.21306,911.46327,0.08,gabors,null,4.0,"[3644.93333333, 3644.93333333]",0.0,-20.0,-20.0,"[20.0, 20.0]",null,null,null,0.8,null,0.25021118,156,,,0,,False,13,train,0
3343,0.0,911.46327,911.71348,0.08,gabors,null,4.0,"[3644.93333333, 3644.93333333]",45.0,10.0,20.0,"[20.0, 20.0]",null,null,null,0.8,null,0.25021118,13,,,0,,False,11,test,1
3344,0.0,911.71348,911.96369,0.08,gabors,null,4.0,"[3644.93333333, 3644.93333333]",45.0,30.0,-20.0,"[20.0, 20.0]",null,null,null,0.8,null,0.25021118,57,,,0,,False,14,test,1
3345,0.0,911.96369,912.2139,0.08,gabors,null,4.0,"[3644.93333333, 3644.93333333]",45.0,30.0,-10.0,"[20.0, 20.0]",null,null,null,0.8,null,0.25020882,223,,,0,,False,12,train,1
3346,0.0,912.2139,912.46411,0.08,gabors,null,4.0,"[3644.93333333, 3644.93333333]",90.0,10.0,-10.0,"[20.0, 20.0]",null,null,null,0.8,null,0.25020882,117,,,0,,False,13,train,2
3347,0.0,912.46411,912.71432,0.08,gabors,null,4.0,"[3644.93333333, 3644.93333333]",0.0,40.0,20.0,"[20.0, 20.0]",null,null,null,0.8,null,0.25020882,239,,,0,,False,13,train,0
3348,0.0,912.71432,912.96453,0.08,gabors,null,4.0,"[3644.93333333, 3644.93333333]",45.0,0.0,30.0,"[20.0, 20.0]",null,null,null,0.8,null,0.25020882,99,,,0,,False,12,train,1
3349,0.0,912.96453,913.21474,0.08,gabors,null,4.0,"[3644.93333333, 3644.93333333]",90.0,-40.0,40.0,"[20.0, 20.0]",null,null,null,0.8,null,0.25020868,98,,,0,,False,14,test,2
3350,0.0,913.21474,913.46494,0.08,gabors,null,4.0,"[3644.93333333, 3644.93333333]",45.0,-30.0,-20.0,"[20.0, 20.0]",null,null,null,0.8,null,0.25020868,221,,,0,,False,12,train,1
3351,0.0,913.46494,913.71515,0.08,gabors,null,4.0,"[3644.93333333, 3644.93333333]",0.0,-10.0,20.0,"[20.0, 20.0]",null,null,null,0.8,null,0.25020868,228,,,0,,False,12,train,0
3352,0.0,913.71515,913.96536,0.08,gabors,null,4.0,"[3644.93333333, 3644.93333333]",45.0,-20.0,-10.0,"[20.0, 20.0]",null,null,null,0.8,null,0.25020868,159,,,0,,False,14,test,1
3353,0.0,913.96536,914.21558,0.08,gabors,null,4.0,"[3644.93333333, 3644.93333333]",90.0,-40.0,10.0,"[20.0, 20.0]",null,null,null,0.8,null,0.25021382,185,,,0,,False,13,train,2
3354,0.0,914.21558,914.46579,0.08,gabors,null,4.0,"[3644.93333333, 3644.93333333]",90.0,20.0,-30.0,"[20.0, 20.0]",null,null,null,0.8,null,0.25021382,226,,,0,,False,13,train,2
3355,0.0,914.46579,914.716,0.08,gabors,null,4.0,"[3644.93333333, 3644.93333333]",90.0,-40.0,-30.0,"[20.0, 20.0]",null,null,null,0.8,null,0.25021382,68,,,0,,False,13,train,2
3356,0.0,914.716,914.96622,0.08,gabors,null,4.0,"[3644.93333333, 3644.93333333]",90.0,10.0,30.0,"[20.0, 20.0]",null,null,null,0.8,null,0.25021382,3,,,0,,False,12,train,2
3357,0.0,914.96622,915.21642,0.08,gabors,null,4.0,"[3644.93333333, 3644.93333333]",90.0,-20.0,-10.0,"[20.0, 20.0]",null,null,null,0.8,null,0.25020368,38,,,0,,False,13,train,2
3358,0.0,915.21642,915.46662,0.08,gabors,null,4.0,"[3644.93333333, 3644.93333333]",0.0,-30.0,-40.0,"[20.0, 20.0]",null,null,null,0.8,null,0.25020368,162,,,0,,False,12,train,0
3359,0.0,915.46662,915.71683,0.08,gabors,null,4.0,"[3644.93333333, 3644.93333333]",90.0,0.0,-20.0,"[20.0, 20.0]",null,null,null,0.8,null,0.25020368,59,,,0,,False,13,train,2
3360,0.0,915.71683,915.96703,0.08,gabors,null,4.0,"[3644.93333333, 3644.93333333]",90.0,-20.0,20.0,"[20.0, 20.0]",null,null,null,0.8,null,0.25020368,161,,,0,,False,14,test,2
3361,0.0,915.96703,916.21724,0.08,gabors,null,4.0,"[3644.93333333, 3644.93333333]",0.0,10.0,10.0,"[20.0, 20.0]",null,null,null,0.8,null,0.25020882,42,,,0,,False,13,train,0
3362,0.0,916.21724,916.46745,0.08,gabors,null,4.0,"[3644.93333333, 3644.93333333]",45.0,0.0,-10.0,"[20.0, 20.0]",null,null,null,0.8,null,0.25020882,222,,,0,,False,10,train,1
3363,0.0,916.46745,916.71766,0.08,gabors,null,4.0,"[3644.93333333, 3644.93333333]",90.0,-20.0,-30.0,"[20.0, 20.0]",null,null,null,0.8,null,0.25020882,67,,,0,,False,13,train,2
3364,0.0,916.71766,916.96787,0.08,gabors,null,4.0,"[3644.93333333, 3644.93333333]",45.0,30.0,40.0,"[20.0, 20.0]",null,null,null,0.8,null,0.25020882,52,,,0,,False,14,test,1
3365,0.0,916.96787,917.21808,0.08,gabors,null,4.0,"[3644.93333333, 3644.93333333]",0.0,40.0,20.0,"[20.0, 20.0]",null,null,null,0.8,null,0.25021118,239,,,0,,False,14,test,0
3366,0.0,917.21808,917.46829,0.08,gabors,null,4.0,"[3644.93333333, 3644.93333333]",45.0,-40.0,0.0,"[20.0, 20.0]",null,null,null,0.8,null,0.25021118,178,,,0,,False,14,test,1
3367,0.0,917.46829,917.7185,0.08,gabors,null,4.0,"[3644.93333333, 3644.93333333]",45.0,40.0,-30.0,"[20.0, 20.0]",null,null,null,0.8,null,0.25021118,109,,,0,,False,14,test,1
3368,0.0,917.7185,917.96871,0.08,gabors,null,4.0,"[3644.93333333, 3644.93333333]",90.0,30.0,-20.0,"[20.0, 20.0]",null,null,null,0.8,null,0.25021118,55,,,0,,False,13,train,2
3369,0.0,917.96871,918.21892,0.08,gabors,null,4.0,"[3644.93333333, 3644.93333333]",45.0,0.0,30.0,"[20.0, 20.0]",null,null,null,0.8,null,0.25020882,99,,,0,,False,13,train,1
3370,0.0,918.21892,918.46913,0.08,gabors,null,4.0,"[3644.93333333, 3644.93333333]",0.0,-10.0,-20.0,"[20.0, 20.0]",null,null,null,0.8,null,0.25020882,14,,,0,,False,13,train,0
3371,0.0,918.46913,918.71934,0.08,gabors,null,4.0,"[3644.93333333, 3644.93333333]",90.0,-40.0,30.0,"[20.0, 20.0]",null,null,null,0.8,null,0.25020882,202,,,0,,False,13,train,2
3372,0.0,918.71934,918.96955,0.08,gabors,null,4.0,"[3644.93333333, 3644.93333333]",45.0,0.0,-30.0,"[20.0, 20.0]",null,null,null,0.8,null,0.25020882,232,,,0,,False,14,test,1
3373,0.0,918.96955,919.21976,0.08,gabors,null,4.0,"[3644.93333333, 3644.93333333]",0.0,30.0,40.0,"[20.0, 20.0]",null,null,null,0.8,null,0.25021368,20,,,0,,False,14,test,0
3374,0.0,919.21976,919.46997,0.08,gabors,null,4.0,"[3644.93333333, 3644.93333333]",90.0,0.0,20.0,"[20.0, 20.0]",null,null,null,0.8,null,0.25021368,93,,,0,,False,13,train,2
3375,0.0,919.46997,919.72019,0.08,gabors,null,4.0,"[3644.93333333, 3644.93333333]",45.0,20.0,30.0,"[20.0, 20.0]",null,null,null,0.8,null,0.25021368,63,,,0,,False,13,train,1
3376,0.0,919.72019,919.9704,0.08,gabors,null,4.0,"[3644.93333333, 3644.93333333]",45.0,10.0,30.0,"[20.0, 20.0]",null,null,null,0.8,null,0.25021368,218,,,0,,False,14,test,1
3377,0.0,919.9704,920.22061,0.08,gabors,null,4.0,"[3644.93333333, 3644.93333333]",0.0,-30.0,30.0,"[20.0, 20.0]",null,null,null,0.8,null,0.25020382,201,,,0,,False,12,train,0
3378,0.0,920.22061,920.47081,0.08,gabors,null,4.0,"[3644.93333333, 3644.93333333]",0.0,-10.0,20.0,"[20.0, 20.0]",null,null,null,0.8,null,0.25020382,228,,,0,,False,13,train,0
3379,0.0,920.47081,920.72101,0.08,gabors,null,4.0,"[3644.93333333, 3644.93333333]",45.0,40.0,0.0,"[20.0, 20.0]",null,null,null,0.8,null,0.25020382,126,,,0,,False,12,train,1
3380,0.0,920.72101,920.97122,0.08,gabors,null,4.0,"[3644.93333333, 3644.93333333]",0.0,-40.0,-30.0,"[20.0, 20.0]",null,null,null,0.8,null,0.25020382,209,,,0,,False,14,test,0
3381,0.0,920.97122,921.22143,0.08,gabors,null,4.0,"[3644.93333333, 3644.93333333]",0.0,10.0,-40.0,"[20.0, 20.0]",null,null,null,0.8,null,0.25020868,186,,,0,,False,13,train,0
3382,0.0,921.22143,921.47163,0.08,gabors,null,4.0,"[3644.93333333, 3644.93333333]",90.0,-10.0,30.0,"[20.0, 20.0]",null,null,null,0.8,null,0.25020868,11,,,0,,False,13,train,2
3383,0.0,921.47163,921.72184,0.08,gabors,null,4.0,"[3644.93333333, 3644.93333333]",90.0,-20.0,30.0,"[20.0, 20.0]",null,null,null,0.8,null,0.25020868,170,,,0,,False,13,train,2
3384,0.0,921.72184,921.97205,0.08,gabors,null,4.0,"[3644.93333333, 3644.93333333]",45.0,10.0,-30.0,"[20.0, 20.0]",null,null,null,0.8,null,0.25020868,140,,,0,,False,13,train,1
3385,0.0,921.97205,922.22226,0.08,gabors,null,4.0,"[3644.93333333, 3644.93333333]",0.0,10.0,20.0,"[20.0, 20.0]",null,null,null,0.8,null,0.25021132,15,,,0,,False,13,train,0
3386,0.0,922.22226,922.47247,0.08,gabors,null,4.0,"[3644.93333333, 3644.93333333]",0.0,-30.0,0.0,"[20.0, 20.0]",null,null,null,0.8,null,0.25021132,179,,,0,,False,11,test,0
3387,0.0,922.47247,922.72269,0.08,gabors,null,4.0,"[3644.93333333, 3644.93333333]",0.0,-30.0,-30.0,"[20.0, 20.0]",null,null,null,0.8,null,0.25021132,224,,,0,,False,12,train,0
3388,0.0,922.72269,922.9729,0.08,gabors,null,4.0,"[3644.93333333, 3644.93333333]",45.0,40.0,20.0,"[20.0, 20.0]",null,null,null,0.8,null,0.25021132,84,,,0,,False,13,train,1
3389,0.0,922.9729,923.2231,0.08,gabors,null,4.0,"[3644.93333333, 3644.93333333]",0.0,-10.0,40.0,"[20.0, 20.0]",null,null,null,0.8,null,0.25020368,60,,,0,,False,14,test,0
3390,0.0,923.2231,923.4733,0.08,gabors,null,4.0,"[3644.93333333, 3644.93333333]",0.0,-30.0,-20.0,"[20.0, 20.0]",null,null,null,0.8,null,0.25020368,143,,,0,,False,14,test,0
3391,0.0,923.4733,923.72351,0.08,gabors,null,4.0,"[3644.93333333, 3644.93333333]",90.0,-30.0,-20.0,"[20.0, 20.0]",null,null,null,0.8,null,0.25020368,16,,,0,,False,13,train,2
3392,0.0,923.72351,923.97371,0.08,gabors,null,4.0,"[3644.93333333, 3644.93333333]",45.0,20.0,10.0,"[20.0, 20.0]",null,null,null,0.8,null,0.25020368,31,,,0,,False,13,train,1
3393,0.0,923.97371,924.22393,0.08,gabors,null,4.0,"[3644.93333333, 3644.93333333]",90.0,40.0,-10.0,"[20.0, 20.0]",null,null,null,0.8,null,0.25021632,210,,,0,,False,12,train,2
3394,0.0,924.22393,924.47414,0.08,gabors,null,4.0,"[3644.93333333, 3644.93333333]",0.0,40.0,-30.0,"[20.0, 20.0]",null,null,null,0.8,null,0.25021632,6,,,0,,False,13,train,0
3395,0.0,924.47414,924.72436,0.08,gabors,null,4.0,"[3644.93333333, 3644.93333333]",0.0,-20.0,10.0,"[20.0, 20.0]",null,null,null,0.8,null,0.25021632,135,,,0,,False,11,test,0
3396,0.0,924.72436,924.97458,0.08,gabors,null,4.0,"[3644.93333333, 3644.93333333]",90.0,40.0,0.0,"[20.0, 20.0]",null,null,null,0.8,null,0.25021632,152,,,0,,False,14,test,2
3397,0.0,924.97458,925.22478,0.08,gabors,null,4.0,"[3644.93333333, 3644.93333333]",90.0,-10.0,30.0,"[20.0, 20.0]",null,null,null,0.8,null,0.25020368,11,,,0,,False,14,test,2
3398,0.0,925.22478,925.47498,0.08,gabors,null,4.0,"[3644.93333333, 3644.93333333]",0.0,-20.0,40.0,"[20.0, 20.0]",null,null,null,0.8,null,0.25020368,107,,,0,,False,13,train,0
3399,0.0,925.47498,925.72519,0.08,gabors,null,4.0,"[3644.93333333, 3644.93333333]",0.0,20.0,10.0,"[20.0, 20.0]",null,null,null,0.8,null,0.25020368,147,,,0,,False,13,train,0
3400,0.0,925.72519,925.97539,0.08,gabors,null,4.0,"[3644.93333333, 3644.93333333]",0.0,-40.0,-20.0,"[20.0, 20.0]",null,null,null,0.8,null,0.25020368,4,,,0,,False,13,train,0
3401,0.0,925.97539,926.2256,0.08,gabors,null,4.0,"[3644.93333333, 3644.93333333]",0.0,-30.0,-40.0,"[20.0, 20.0]",null,null,null,0.8,null,0.25021132,162,,,0,,False,13,train,0
3402,0.0,926.2256,926.47581,0.08,gabors,null,4.0,"[3644.93333333, 3644.93333333]",90.0,10.0,30.0,"[20.0, 20.0]",null,null,null,0.8,null,0.25021132,3,,,0,,False,13,train,2
3403,0.0,926.47581,926.72603,0.08,gabors,null,4.0,"[3644.93333333, 3644.93333333]",0.0,30.0,-20.0,"[20.0, 20.0]",null,null,null,0.8,null,0.25021132,171,,,0,,False,13,train,0
3404,0.0,926.72603,926.97624,0.08,gabors,null,4.0,"[3644.93333333, 3644.93333333]",90.0,0.0,40.0,"[20.0, 20.0]",null,null,null,0.8,null,0.25021132,211,,,0,,False,11,test,2
3405,0.0,926.97624,927.22646,0.08,gabors,null,4.0,"[3644.93333333, 3644.93333333]",0.0,40.0,30.0,"[20.0, 20.0]",null,null,null,0.8,null,0.25021868,100,,,0,,False,12,train,0
3406,0.0,927.22646,927.47667,0.08,gabors,null,4.0,"[3644.93333333, 3644.93333333]",45.0,-40.0,-30.0,"[20.0, 20.0]",null,null,null,0.8,null,0.25021868,204,,,0,,False,14,test,1
3407,0.0,927.47667,927.72689,0.08,gabors,null,4.0,"[3644.93333333, 3644.93333333]",45.0,-10.0,-10.0,"[20.0, 20.0]",null,null,null,0.8,null,0.25021868,242,,,0,,False,14,test,1
3408,0.0,927.72689,927.97711,0.08,gabors,null,4.0,"[3644.93333333, 3644.93333333]",90.0,10.0,-40.0,"[20.0, 20.0]",null,null,null,0.8,null,0.25021868,9,,,0,,False,13,train,2
3409,0.0,927.97711,928.22731,0.08,gabors,null,4.0,"[3644.93333333, 3644.93333333]",45.0,10.0,-30.0,"[20.0, 20.0]",null,null,null,0.8,null,0.25020132,140,,,0,,False,14,test,1
3410,0.0,928.22731,928.47751,0.08,gabors,null,4.0,"[3644.93333333, 3644.93333333]",0.0,-40.0,10.0,"[20.0, 20.0]",null,null,null,0.8,null,0.25020132,75,,,0,,False,12,train,0
3411,0.0,928.47751,928.72772,0.08,gabors,null,4.0,"[3644.93333333, 3644.93333333]",0.0,-20.0,-10.0,"[20.0, 20.0]",null,null,null,0.8,null,0.25020132,101,,,0,,False,10,train,0
3412,0.0,928.72772,928.97792,0.08,gabors,null,4.0,"[3644.93333333, 3644.93333333]",45.0,-20.0,30.0,"[20.0, 20.0]",null,null,null,0.8,null,0.25020132,189,,,0,,False,13,train,1
3413,0.0,928.97792,929.22813,0.08,gabors,null,4.0,"[3644.93333333, 3644.93333333]",0.0,30.0,20.0,"[20.0, 20.0]",null,null,null,0.8,null,0.25021618,88,,,0,,False,14,test,0
3414,0.0,929.22813,929.47835,0.08,gabors,null,4.0,"[3644.93333333, 3644.93333333]",0.0,-30.0,30.0,"[20.0, 20.0]",null,null,null,0.8,null,0.25021618,201,,,0,,False,13,train,0
3415,0.0,929.47835,929.72857,0.08,gabors,null,4.0,"[3644.93333333, 3644.93333333]",45.0,10.0,20.0,"[20.0, 20.0]",null,null,null,0.8,null,0.25021618,13,,,0,,False,12,train,1
3416,0.0,929.72857,929.97878,0.08,gabors,null,4.0,"[3644.93333333, 3644.93333333]",45.0,-30.0,-10.0,"[20.0, 20.0]",null,null,null,0.8,null,0.25021618,69,,,0,,False,13,train,1
3417,0.0,929.97878,930.22898,0.08,gabors,null,4.0,"[3644.93333333, 3644.93333333]",90.0,20.0,0.0,"[20.0, 20.0]",null,null,null,0.8,null,0.25020132,73,,,0,,False,14,test,2
3418,0.0,930.22898,930.47918,0.08,gabors,null,4.0,"[3644.93333333, 3644.93333333]",0.0,-20.0,10.0,"[20.0, 20.0]",null,null,null,0.8,null,0.25020132,135,,,0,,False,12,train,0
3419,0.0,930.47918,930.72939,0.08,gabors,null,4.0,"[3644.93333333, 3644.93333333]",90.0,0.0,10.0,"[20.0, 20.0]",null,null,null,0.8,null,0.25020132,41,,,0,,False,13,train,2
3420,0.0,930.72939,930.97959,0.08,gabors,null,4.0,"[3644.93333333, 3644.93333333]",45.0,-20.0,-40.0,"[20.0, 20.0]",null,null,null,0.8,null,0.25020132,157,,,0,,False,13,train,1
3421,0.0,930.97959,931.2298,0.08,gabors,null,4.0,"[3644.93333333, 3644.93333333]",90.0,-20.0,0.0,"[20.0, 20.0]",null,null,null,0.8,null,0.25021118,78,,,0,,False,14,test,2
3422,0.0,931.2298,931.48001,0.08,gabors,null,4.0,"[3644.93333333, 3644.93333333]",90.0,30.0,-20.0,"[20.0, 20.0]",null,null,null,0.8,null,0.25021118,55,,,0,,False,14,test,2
3423,0.0,931.48001,931.73022,0.08,gabors,null,4.0,"[3644.93333333, 3644.93333333]",45.0,0.0,-10.0,"[20.0, 20.0]",null,null,null,0.8,null,0.25021118,222,,,0,,False,11,test,1
3424,0.0,931.73022,931.98043,0.08,gabors,null,4.0,"[3644.93333333, 3644.93333333]",90.0,40.0,-10.0,"[20.0, 20.0]",null,null,null,0.8,null,0.25021118,210,,,0,,False,13,train,2
3425,0.0,931.98043,932.23064,0.08,gabors,null,4.0,"[3644.93333333, 3644.93333333]",45.0,-10.0,-40.0,"[20.0, 20.0]",null,null,null,0.8,null,0.25020382,85,,,0,,False,12,train,1
3426,0.0,932.23064,932.48084,0.08,gabors,null,4.0,"[3644.93333333, 3644.93333333]",90.0,-20.0,-10.0,"[20.0, 20.0]",null,null,null,0.8,null,0.25020382,38,,,0,,False,14,test,2
3427,0.0,932.48084,932.73104,0.08,gabors,null,4.0,"[3644.93333333, 3644.93333333]",0.0,40.0,-10.0,"[20.0, 20.0]",null,null,null,0.8,null,0.25020382,114,,,0,,False,14,test,0
3428,0.0,932.73104,932.98125,0.08,gabors,null,4.0,"[3644.93333333, 3644.93333333]",90.0,20.0,-10.0,"[20.0, 20.0]",null,null,null,0.8,null,0.25020382,150,,,0,,False,14,test,2
3429,0.0,932.98125,933.23146,0.08,gabors,null,4.0,"[3644.93333333, 3644.93333333]",45.0,-30.0,-20.0,"[20.0, 20.0]",null,null,null,0.8,null,0.25020868,221,,,0,,False,13,train,1
3430,0.0,933.23146,933.48166,0.08,gabors,null,4.0,"[3644.93333333, 3644.93333333]",0.0,-20.0,-10.0,"[20.0, 20.0]",null,null,null,0.8,null,0.25020868,101,,,0,,False,11,test,0
3431,0.0,933.48166,933.73187,0.08,gabors,null,4.0,"[3644.93333333, 3644.93333333]",45.0,-40.0,40.0,"[20.0, 20.0]",null,null,null,0.8,null,0.25020868,172,,,0,,False,14,test,1
3432,0.0,933.73187,933.98208,0.08,gabors,null,4.0,"[3644.93333333, 3644.93333333]",45.0,-40.0,10.0,"[20.0, 20.0]",null,null,null,0.8,null,0.25020868,45,,,0,,False,14,test,1
3433,0.0,933.98208,934.23229,0.08,gabors,null,4.0,"[3644.93333333, 3644.93333333]",90.0,-20.0,40.0,"[20.0, 20.0]",null,null,null,0.8,null,0.25021132,193,,,0,,False,14,test,2
3434,0.0,934.23229,934.4825,0.08,gabors,null,4.0,"[3644.93333333, 3644.93333333]",0.0,-30.0,0.0,"[20.0, 20.0]",null,null,null,0.8,null,0.25021132,179,,,0,,False,12,train,0
3435,0.0,934.4825,934.73272,0.08,gabors,null,4.0,"[3644.93333333, 3644.93333333]",45.0,-40.0,-20.0,"[20.0, 20.0]",null,null,null,0.8,null,0.25021132,62,,,0,,False,14,test,1
3436,0.0,934.73272,934.98293,0.08,gabors,null,4.0,"[3644.93333333, 3644.93333333]",0.0,-20.0,-10.0,"[20.0, 20.0]",null,null,null,0.8,null,0.25021132,101,,,0,,False,12,train,0
3437,0.0,934.98293,935.23314,0.08,gabors,null,4.0,"[3644.93333333, 3644.93333333]",45.0,30.0,-10.0,"[20.0, 20.0]",null,null,null,0.8,null,0.25021118,223,,,0,,False,13,train,1
3438,0.0,935.23314,935.48335,0.08,gabors,null,4.0,"[3644.93333333, 3644.93333333]",90.0,30.0,0.0,"[20.0, 20.0]",null,null,null,0.8,null,0.25021118,216,,,0,,False,12,train,2
3439,0.0,935.48335,935.73356,0.08,gabors,null,4.0,"[3644.93333333, 3644.93333333]",0.0,0.0,30.0,"[20.0, 20.0]",null,null,null,0.8,null,0.25021118,21,,,0,,False,14,test,0
3440,0.0,935.73356,935.98377,0.08,gabors,null,4.0,"[3644.93333333, 3644.93333333]",90.0,-30.0,-10.0,"[20.0, 20.0]",null,null,null,0.8,null,0.25021118,43,,,0,,False,12,train,2
3441,0.0,935.98377,936.23398,0.08,gabors,null,4.0,"[3644.93333333, 3644.93333333]",45.0,-40.0,30.0,"[20.0, 20.0]",null,null,null,0.8,null,0.25020882,154,,,0,,False,13,train,1
3442,0.0,936.23398,936.48419,0.08,gabors,null,4.0,"[3644.93333333, 3644.93333333]",45.0,40.0,-40.0,"[20.0, 20.0]",null,null,null,0.8,null,0.25020882,91,,,0,,False,14,test,1
3443,0.0,936.48419,936.7344,0.08,gabors,null,4.0,"[3644.93333333, 3644.93333333]",45.0,-10.0,30.0,"[20.0, 20.0]",null,null,null,0.8,null,0.25020882,231,,,0,,False,14,test,1
3444,0.0,936.7344,936.98461,0.08,gabors,null,4.0,"[3644.93333333, 3644.93333333]",90.0,-10.0,40.0,"[20.0, 20.0]",null,null,null,0.8,null,0.25020882,167,,,0,,False,13,train,2
3445,0.0,936.98461,937.23482,0.08,gabors,null,4.0,"[3644.93333333, 3644.93333333]",0.0,20.0,-10.0,"[20.0, 20.0]",null,null,null,0.8,null,0.25021118,87,,,0,,False,14,test,0
3446,0.0,937.23482,937.48503,0.08,gabors,null,4.0,"[3644.93333333, 3644.93333333]",0.0,0.0,40.0,"[20.0, 20.0]",null,null,null,0.8,null,0.25021118,125,,,0,,False,13,train,0
3447,0.0,937.48503,937.73524,0.08,gabors,null,4.0,"[3644.93333333, 3644.93333333]",90.0,-20.0,30.0,"[20.0, 20.0]",null,null,null,0.8,null,0.25021118,170,,,0,,False,14,test,2
3448,0.0,937.73524,937.98545,0.08,gabors,null,4.0,"[3644.93333333, 3644.93333333]",0.0,-30.0,20.0,"[20.0, 20.0]",null,null,null,0.8,null,0.25021118,33,,,0,,False,12,train,0
3449,0.0,937.98545,938.23565,0.08,gabors,null,4.0,"[3644.93333333, 3644.93333333]",90.0,-10.0,20.0,"[20.0, 20.0]",null,null,null,0.8,null,0.25020132,188,,,0,,False,14,test,2
3450,0.0,938.23565,938.48585,0.08,gabors,null,4.0,"[3644.93333333, 3644.93333333]",90.0,0.0,40.0,"[20.0, 20.0]",null,null,null,0.8,null,0.25020132,211,,,0,,False,12,train,2
3451,0.0,938.48585,938.73606,0.08,gabors,null,4.0,"[3644.93333333, 3644.93333333]",45.0,10.0,40.0,"[20.0, 20.0]",null,null,null,0.8,null,0.25020132,61,,,0,,False,11,test,1
3452,0.0,938.73606,938.98626,0.08,gabors,null,4.0,"[3644.93333333, 3644.93333333]",90.0,30.0,40.0,"[20.0, 20.0]",null,null,null,0.8,null,0.25020132,30,,,0,,False,13,train,2
3453,0.0,938.98626,939.23648,0.08,gabors,null,4.0,"[3644.93333333, 3644.93333333]",90.0,-10.0,-10.0,"[20.0, 20.0]",null,null,null,0.8,null,0.25021868,230,,,0,,False,12,train,2
3454,0.0,939.23648,939.48669,0.08,gabors,null,4.0,"[3644.93333333, 3644.93333333]",0.0,-10.0,20.0,"[20.0, 20.0]",null,null,null,0.8,null,0.25021868,228,,,0,,False,14,test,0
3455,0.0,939.48669,939.73691,0.08,gabors,null,4.0,"[3644.93333333, 3644.93333333]",0.0,-20.0,0.0,"[20.0, 20.0]",null,null,null,0.8,null,0.25021868,44,,,0,,False,14,test,0
3456,0.0,939.73691,939.98713,0.08,gabors,null,4.0,"[3644.93333333, 3644.93333333]",90.0,20.0,10.0,"[20.0, 20.0]",null,null,null,0.8,null,0.25021868,138,,,0,,False,12,train,2
3457,0.0,939.98713,940.23733,0.08,gabors,null,4.0,"[3644.93333333, 3644.93333333]",90.0,-30.0,10.0,"[20.0, 20.0]",null,null,null,0.8,null,0.25020132,118,,,0,,False,12,train,2
3458,0.0,940.23733,940.48753,0.08,gabors,null,4.0,"[3644.93333333, 3644.93333333]",45.0,-40.0,-40.0,"[20.0, 20.0]",null,null,null,0.8,null,0.25020132,94,,,0,,False,13,train,1
3459,0.0,940.48753,940.73774,0.08,gabors,null,4.0,"[3644.93333333, 3644.93333333]",90.0,10.0,40.0,"[20.0, 20.0]",null,null,null,0.8,null,0.25020132,90,,,0,,False,13,train,2
3460,0.0,940.73774,940.98794,0.08,gabors,null,4.0,"[3644.93333333, 3644.93333333]",45.0,-40.0,-10.0,"[20.0, 20.0]",null,null,null,0.8,null,0.25020132,199,,,0,,False,13,train,1
3461,0.0,940.98794,941.23815,0.08,gabors,null,4.0,"[3644.93333333, 3644.93333333]",0.0,30.0,-20.0,"[20.0, 20.0]",null,null,null,0.8,null,0.25021118,171,,,0,,False,14,test,0
3462,0.0,941.23815,941.48836,0.08,gabors,null,4.0,"[3644.93333333, 3644.93333333]",0.0,-30.0,-10.0,"[20.0, 20.0]",null,null,null,0.8,null,0.25021118,146,,,0,,False,13,train,0
3463,0.0,941.48836,941.73857,0.08,gabors,null,4.0,"[3644.93333333, 3644.93333333]",90.0,-30.0,-10.0,"[20.0, 20.0]",null,null,null,0.8,null,0.25021118,43,,,0,,False,13,train,2
3464,0.0,941.73857,941.98878,0.08,gabors,null,4.0,"[3644.93333333, 3644.93333333]",0.0,-30.0,10.0,"[20.0, 20.0]",null,null,null,0.8,null,0.25021118,153,,,0,,False,14,test,0
3465,0.0,941.98878,942.23899,0.08,gabors,null,4.0,"[3644.93333333, 3644.93333333]",0.0,40.0,40.0,"[20.0, 20.0]",null,null,null,0.8,null,0.25020882,136,,,0,,False,14,test,0
3466,0.0,942.23899,942.4892,0.08,gabors,null,4.0,"[3644.93333333, 3644.93333333]",90.0,30.0,-40.0,"[20.0, 20.0]",null,null,null,0.8,null,0.25020882,184,,,0,,False,12,train,2
3467,0.0,942.4892,942.73941,0.08,gabors,null,4.0,"[3644.93333333, 3644.93333333]",90.0,20.0,30.0,"[20.0, 20.0]",null,null,null,0.8,null,0.25020882,198,,,0,,False,13,train,2
3468,0.0,942.73941,942.98962,0.08,gabors,null,4.0,"[3644.93333333, 3644.93333333]",0.0,-30.0,30.0,"[20.0, 20.0]",null,null,null,0.8,null,0.25020882,201,,,0,,False,14,test,0
3469,0.0,942.98962,943.23983,0.08,gabors,null,4.0,"[3644.93333333, 3644.93333333]",90.0,30.0,-40.0,"[20.0, 20.0]",null,null,null,0.8,null,0.25021118,184,,,0,,False,13,train,2
3470,0.0,943.23983,943.49004,0.08,gabors,null,4.0,"[3644.93333333, 3644.93333333]",45.0,40.0,0.0,"[20.0, 20.0]",null,null,null,0.8,null,0.25021118,126,,,0,,False,13,train,1
3471,0.0,943.49004,943.74025,0.08,gabors,null,4.0,"[3644.93333333, 3644.93333333]",0.0,-30.0,-10.0,"[20.0, 20.0]",null,null,null,0.8,null,0.25021118,146,,,0,,False,14,test,0
3472,0.0,943.74025,943.99046,0.08,gabors,null,4.0,"[3644.93333333, 3644.93333333]",0.0,-30.0,20.0,"[20.0, 20.0]",null,null,null,0.8,null,0.25021118,33,,,0,,False,13,train,0
3473,0.0,943.99046,944.24067,0.08,gabors,null,4.0,"[3644.93333333, 3644.93333333]",0.0,0.0,-10.0,"[20.0, 20.0]",null,null,null,0.8,null,0.25020632,137,,,0,,False,14,test,0
3474,0.0,944.24067,944.49087,0.08,gabors,null,4.0,"[3644.93333333, 3644.93333333]",45.0,40.0,40.0,"[20.0, 20.0]",null,null,null,0.8,null,0.25020632,65,,,0,,False,14,test,1
3475,0.0,944.49087,944.74108,0.08,gabors,null,4.0,"[3644.93333333, 3644.93333333]",45.0,30.0,-10.0,"[20.0, 20.0]",null,null,null,0.8,null,0.25020632,223,,,0,,False,14,test,1
3476,0.0,944.74108,944.99129,0.08,gabors,null,4.0,"[3644.93333333, 3644.93333333]",45.0,30.0,-30.0,"[20.0, 20.0]",null,null,null,0.8,null,0.25020632,102,,,0,,False,14,test,1
3477,0.0,944.99129,945.2415,0.08,gabors,null,4.0,"[3644.93333333, 3644.93333333]",45.0,10.0,20.0,"[20.0, 20.0]",null,null,null,0.8,null,0.25021618,13,,,0,,False,13,train,1
3478,0.0,945.2415,945.49172,0.08,gabors,null,4.0,"[3644.93333333, 3644.93333333]",90.0,0.0,-30.0,"[20.0, 20.0]",null,null,null,0.8,null,0.25021618,5,,,0,,False,14,test,2
3479,0.0,945.49172,945.74194,0.08,gabors,null,4.0,"[3644.93333333, 3644.93333333]",45.0,-30.0,40.0,"[20.0, 20.0]",null,null,null,0.8,null,0.25021618,58,,,0,,False,13,train,1
3480,0.0,945.74194,945.99215,0.08,gabors,null,4.0,"[3644.93333333, 3644.93333333]",45.0,-30.0,-10.0,"[20.0, 20.0]",null,null,null,0.8,null,0.25021618,69,,,0,,False,14,test,1
3481,0.0,945.99215,946.24235,0.08,gabors,null,4.0,"[3644.93333333, 3644.93333333]",90.0,10.0,30.0,"[20.0, 20.0]",null,null,null,0.8,null,0.25020132,3,,,0,,False,14,test,2
3482,0.0,946.24235,946.49255,0.08,gabors,null,4.0,"[3644.93333333, 3644.93333333]",90.0,40.0,40.0,"[20.0, 20.0]",null,null,null,0.8,null,0.25020132,235,,,0,,False,13,train,2
3483,0.0,946.49255,946.74276,0.08,gabors,null,4.0,"[3644.93333333, 3644.93333333]",45.0,10.0,0.0,"[20.0, 20.0]",null,null,null,0.8,null,0.25020132,243,,,0,,False,14,test,1
3484,0.0,946.74276,946.99296,0.08,gabors,null,4.0,"[3644.93333333, 3644.93333333]",0.0,10.0,-40.0,"[20.0, 20.0]",null,null,null,0.8,null,0.25020132,186,,,0,,False,14,test,0
3485,0.0,946.99296,947.24317,0.08,gabors,null,4.0,"[3644.93333333, 3644.93333333]",90.0,30.0,20.0,"[20.0, 20.0]",null,null,null,0.8,null,0.25021618,77,,,0,,False,14,test,2
3486,0.0,947.24317,947.49339,0.08,gabors,null,4.0,"[3644.93333333, 3644.93333333]",90.0,20.0,30.0,"[20.0, 20.0]",null,null,null,0.8,null,0.25021618,198,,,0,,False,14,test,2
3487,0.0,947.49339,947.74361,0.08,gabors,null,4.0,"[3644.93333333, 3644.93333333]",90.0,-30.0,10.0,"[20.0, 20.0]",null,null,null,0.8,null,0.25021618,118,,,0,,False,13,train,2
3488,0.0,947.74361,947.99382,0.08,gabors,null,4.0,"[3644.93333333, 3644.93333333]",90.0,-20.0,-30.0,"[20.0, 20.0]",null,null,null,0.8,null,0.25021618,67,,,0,,False,14,test,2
3489,0.0,947.99382,948.24403,0.08,gabors,null,4.0,"[3644.93333333, 3644.93333333]",0.0,-20.0,-20.0,"[20.0, 20.0]",null,null,null,0.8,null,0.25020882,156,,,0,,False,14,test,0
3490,0.0,948.24403,948.49424,0.08,gabors,null,4.0,"[3644.93333333, 3644.93333333]",90.0,-10.0,-20.0,"[20.0, 20.0]",null,null,null,0.8,null,0.25020882,133,,,0,,False,13,train,2
3491,0.0,948.49424,948.74445,0.08,gabors,null,4.0,"[3644.93333333, 3644.93333333]",90.0,-30.0,0.0,"[20.0, 20.0]",null,null,null,0.8,null,0.25020882,105,,,0,,False,14,test,2
3492,0.0,948.74445,948.99466,0.08,gabors,null,4.0,"[3644.93333333, 3644.93333333]",0.0,-30.0,40.0,"[20.0, 20.0]",null,null,null,0.8,null,0.25020882,39,,,0,,False,14,test,0
3493,0.0,948.99466,949.24487,0.08,gabors,null,4.0,"[3644.93333333, 3644.93333333]",45.0,-10.0,-40.0,"[20.0, 20.0]",null,null,null,0.8,null,0.25021618,85,,,0,,False,13,train,1
3494,0.0,949.24487,949.49509,0.08,gabors,null,4.0,"[3644.93333333, 3644.93333333]",90.0,-10.0,-20.0,"[20.0, 20.0]",null,null,null,0.8,null,0.25021618,133,,,0,,False,14,test,2
3495,0.0,949.49509,949.74531,0.08,gabors,null,4.0,"[3644.93333333, 3644.93333333]",45.0,40.0,20.0,"[20.0, 20.0]",null,null,null,0.8,null,0.25021618,84,,,0,,False,14,test,1
3496,0.0,949.74531,949.99552,0.08,gabors,null,4.0,"[3644.93333333, 3644.93333333]",90.0,0.0,10.0,"[20.0, 20.0]",null,null,null,0.8,null,0.25021618,41,,,0,,False,14,test,2
3497,0.0,949.99552,950.24572,0.08,gabors,null,4.0,"[3644.93333333, 3644.93333333]",0.0,-30.0,-40.0,"[20.0, 20.0]",null,null,null,0.8,null,0.25019882,162,,,0,,False,14,test,0
3498,0.0,950.24572,950.49592,0.08,gabors,null,4.0,"[3644.93333333, 3644.93333333]",0.0,10.0,10.0,"[20.0, 20.0]",null,null,null,0.8,null,0.25019882,42,,,0,,False,14,test,0
3499,0.0,950.49592,950.74612,0.08,gabors,null,4.0,"[3644.93333333, 3644.93333333]",0.0,40.0,30.0,"[20.0, 20.0]",null,null,null,0.8,null,0.25019882,100,,,0,,False,13,train,0
3500,0.0,950.74612,950.99632,0.08,gabors,null,4.0,"[3644.93333333, 3644.93333333]",45.0,20.0,30.0,"[20.0, 20.0]",null,null,null,0.8,null,0.25019882,63,,,0,,False,14,test,1
3501,0.0,950.99632,951.24653,0.08,gabors,null,4.0,"[3644.93333333, 3644.93333333]",45.0,-40.0,30.0,"[20.0, 20.0]",null,null,null,0.8,null,0.25020868,154,,,0,,False,14,test,1
3502,0.0,951.24653,951.49673,0.08,gabors,null,4.0,"[3644.93333333, 3644.93333333]",0.0,-40.0,40.0,"[20.0, 20.0]",null,null,null,0.8,null,0.25020868,97,,,0,,False,13,train,0
3503,0.0,951.49673,951.74694,0.08,gabors,null,4.0,"[3644.93333333, 3644.93333333]",90.0,20.0,10.0,"[20.0, 20.0]",null,null,null,0.8,null,0.25020868,138,,,0,,False,13,train,2
3504,0.0,951.74694,951.99715,0.08,gabors,null,4.0,"[3644.93333333, 3644.93333333]",90.0,30.0,0.0,"[20.0, 20.0]",null,null,null,0.8,null,0.25020868,216,,,0,,False,13,train,2
3505,0.0,951.99715,952.24736,0.08,gabors,null,4.0,"[3644.93333333, 3644.93333333]",90.0,10.0,-20.0,"[20.0, 20.0]",null,null,null,0.8,null,0.25020632,106,,,0,,False,14,test,2
3506,0.0,952.24736,952.49756,0.08,gabors,null,4.0,"[3644.93333333, 3644.93333333]",0.0,10.0,0.0,"[20.0, 20.0]",null,null,null,0.8,null,0.25020632,197,,,0,,False,13,train,0
3507,0.0,952.49756,952.74777,0.08,gabors,null,4.0,"[3644.93333333, 3644.93333333]",90.0,10.0,-10.0,"[20.0, 20.0]",null,null,null,0.8,null,0.25020632,117,,,0,,False,14,test,2
3508,0.0,952.74777,952.99798,0.08,gabors,null,4.0,"[3644.93333333, 3644.93333333]",45.0,20.0,-10.0,"[20.0, 20.0]",null,null,null,0.8,null,0.25020632,236,,,0,,False,13,train,1
3509,0.0,952.99798,953.24819,0.08,gabors,null,4.0,"[3644.93333333, 3644.93333333]",45.0,20.0,-30.0,"[20.0, 20.0]",null,null,null,0.8,null,0.25021118,219,,,0,,False,14,test,1
3510,0.0,953.24819,953.4984,0.08,gabors,null,4.0,"[3644.93333333, 3644.93333333]",0.0,-20.0,10.0,"[20.0, 20.0]",null,null,null,0.8,null,0.25021118,135,,,0,,False,13,train,0
3511,0.0,953.4984,953.74861,0.08,gabors,null,4.0,"[3644.93333333, 3644.93333333]",90.0,10.0,0.0,"[20.0, 20.0]",null,null,null,0.8,null,0.25021118,81,,,0,,False,13,train,2
3512,0.0,953.74861,953.99882,0.08,gabors,null,4.0,"[3644.93333333, 3644.93333333]",45.0,20.0,-10.0,"[20.0, 20.0]",null,null,null,0.8,null,0.25021118,236,,,0,,False,14,test,1
3513,0.0,953.99882,954.24903,0.08,gabors,null,4.0,"[3644.93333333, 3644.93333333]",45.0,0.0,40.0,"[20.0, 20.0]",null,null,null,0.8,null,0.25020882,112,,,0,,False,14,test,1
3514,0.0,954.24903,954.49924,0.08,gabors,null,4.0,"[3644.93333333, 3644.93333333]",45.0,-10.0,10.0,"[20.0, 20.0]",null,null,null,0.8,null,0.25020882,89,,,0,,False,14,test,1
3515,0.0,954.49924,954.74945,0.08,gabors,null,4.0,"[3644.93333333, 3644.93333333]",90.0,20.0,10.0,"[20.0, 20.0]",null,null,null,0.8,null,0.25020882,138,,,0,,False,14,test,2
3516,0.0,954.74945,954.99966,0.08,gabors,null,4.0,"[3644.93333333, 3644.93333333]",0.0,-40.0,10.0,"[20.0, 20.0]",null,null,null,0.8,null,0.25020882,75,,,0,,False,13,train,0
3517,0.0,954.99966,955.24987,0.08,gabors,null,4.0,"[3644.93333333, 3644.93333333]",0.0,-10.0,30.0,"[20.0, 20.0]",null,null,null,0.8,null,0.25021118,187,,,0,,False,14,test,0
3518,0.0,955.24987,955.50008,0.08,gabors,null,4.0,"[3644.93333333, 3644.93333333]",90.0,10.0,10.0,"[20.0, 20.0]",null,null,null,0.8,null,0.25021118,180,,,0,,False,14,test,2
3519,0.0,955.50008,955.75029,0.08,gabors,null,4.0,"[3644.93333333, 3644.93333333]",0.0,-40.0,-40.0,"[20.0, 20.0]",null,null,null,0.8,null,0.25021118,206,,,0,,False,14,test,0
3520,0.0,955.75029,956.0005,0.08,gabors,null,4.0,"[3644.93333333, 3644.93333333]",0.0,-10.0,-10.0,"[20.0, 20.0]",null,null,null,0.8,null,0.25021118,86,,,0,,False,14,test,0
3521,0.0,956.0005,956.25071,0.08,gabors,null,4.0,"[3644.93333333, 3644.93333333]",0.0,-10.0,-40.0,"[20.0, 20.0]",null,null,null,0.8,null,0.25020632,53,,,0,,False,14,test,0
3522,0.0,956.25071,956.50091,0.08,gabors,null,4.0,"[3644.93333333, 3644.93333333]",0.0,20.0,20.0,"[20.0, 20.0]",null,null,null,0.8,null,0.25020632,10,,,0,,False,14,test,0
3523,0.0,956.50091,956.75112,0.08,gabors,null,4.0,"[3644.93333333, 3644.93333333]",0.0,-20.0,20.0,"[20.0, 20.0]",null,null,null,0.8,null,0.25020632,145,,,0,,False,13,train,0
3524,0.0,956.75112,957.00133,0.08,gabors,null,4.0,"[3644.93333333, 3644.93333333]",90.0,-40.0,30.0,"[20.0, 20.0]",null,null,null,0.8,null,0.25020632,202,,,0,,False,14,test,2
3525,0.0,957.00133,957.25153,0.08,gabors,null,4.0,"[3644.93333333, 3644.93333333]",90.0,10.0,20.0,"[20.0, 20.0]",null,null,null,0.8,null,0.25020368,176,,,0,,False,14,test,2
3526,0.0,957.25153,957.50173,0.08,gabors,null,4.0,"[3644.93333333, 3644.93333333]",45.0,0.0,0.0,"[20.0, 20.0]",null,null,null,0.8,null,0.25020368,7,,,0,,False,14,test,1
3527,0.0,957.50173,957.75194,0.08,gabors,null,4.0,"[3644.93333333, 3644.93333333]",90.0,30.0,-10.0,"[20.0, 20.0]",null,null,null,0.8,null,0.25020368,83,,,0,,False,13,train,2
3528,0.0,957.75194,958.00214,0.08,gabors,null,4.0,"[3644.93333333, 3644.93333333]",0.0,0.0,10.0,"[20.0, 20.0]",null,null,null,0.8,null,0.25020368,29,,,0,,False,13,train,0
3529,0.0,958.00214,958.25236,0.08,gabors,null,4.0,"[3644.93333333, 3644.93333333]",90.0,30.0,-10.0,"[20.0, 20.0]",null,null,null,0.8,null,0.25021382,83,,,0,,False,14,test,2
3530,0.0,958.25236,958.50257,0.08,gabors,null,4.0,"[3644.93333333, 3644.93333333]",45.0,-10.0,-40.0,"[20.0, 20.0]",null,null,null,0.8,null,0.25021382,85,,,0,,False,14,test,1
3531,0.0,958.50257,958.75278,0.08,gabors,null,4.0,"[3644.93333333, 3644.93333333]",90.0,20.0,-20.0,"[20.0, 20.0]",null,null,null,0.8,null,0.25021382,12,,,0,,False,13,train,2
3532,0.0,958.75278,959.003,0.08,gabors,null,4.0,"[3644.93333333, 3644.93333333]",0.0,30.0,10.0,"[20.0, 20.0]",null,null,null,0.8,null,0.25021382,141,,,0,,False,14,test,0
3533,0.0,959.003,959.25321,0.08,gabors,null,4.0,"[3644.93333333, 3644.93333333]",45.0,30.0,-40.0,"[20.0, 20.0]",null,null,null,0.8,null,0.25020868,54,,,0,,False,14,test,1
3534,0.0,959.25321,959.50341,0.08,gabors,null,4.0,"[3644.93333333, 3644.93333333]",90.0,20.0,20.0,"[20.0, 20.0]",null,null,null,0.8,null,0.25020868,22,,,0,,False,14,test,2
3535,0.0,959.50341,959.75362,0.08,gabors,null,4.0,"[3644.93333333, 3644.93333333]",0.0,40.0,-30.0,"[20.0, 20.0]",null,null,null,0.8,null,0.25020868,6,,,0,,False,14,test,0
3536,0.0,959.75362,960.00383,0.08,gabors,null,4.0,"[3644.93333333, 3644.93333333]",45.0,-20.0,0.0,"[20.0, 20.0]",null,null,null,0.8,null,0.25020868,160,,,0,,False,14,test,1
3537,0.0,960.00383,960.25404,0.08,gabors,null,4.0,"[3644.93333333, 3644.93333333]",0.0,0.0,0.0,"[20.0, 20.0]",null,null,null,0.8,null,0.25021132,234,,,0,,False,14,test,0
3538,0.0,960.25404,960.50425,0.08,gabors,null,4.0,"[3644.93333333, 3644.93333333]",45.0,-30.0,-40.0,"[20.0, 20.0]",null,null,null,0.8,null,0.25021132,34,,,0,,False,14,test,1
3539,0.0,960.50425,960.75447,0.08,gabors,null,4.0,"[3644.93333333, 3644.93333333]",90.0,10.0,40.0,"[20.0, 20.0]",null,null,null,0.8,null,0.25021132,90,,,0,,False,14,test,2
3540,0.0,960.75447,961.00468,0.08,gabors,null,4.0,"[3644.93333333, 3644.93333333]",0.0,40.0,0.0,"[20.0, 20.0]",null,null,null,0.8,null,0.25021132,24,,,0,,False,12,train,0
3541,0.0,961.00468,961.25489,0.08,gabors,null,4.0,"[3644.93333333, 3644.93333333]",45.0,20.0,20.0,"[20.0, 20.0]",null,null,null,0.8,null,0.25020868,212,,,0,,False,13,train,1
3542,0.0,961.25489,961.50509,0.08,gabors,null,4.0,"[3644.93333333, 3644.93333333]",45.0,0.0,30.0,"[20.0, 20.0]",null,null,null,0.8,null,0.25020868,99,,,0,,False,14,test,1
3543,0.0,961.50509,961.7553,0.08,gabors,null,4.0,"[3644.93333333, 3644.93333333]",45.0,40.0,0.0,"[20.0, 20.0]",null,null,null,0.8,null,0.25020868,126,,,0,,False,14,test,1
3544,0.0,961.7553,962.00551,0.08,gabors,null,4.0,"[3644.93333333, 3644.93333333]",0.0,-30.0,20.0,"[20.0, 20.0]",null,null,null,0.8,null,0.25020868,33,,,0,,False,14,test,0
3545,0.0,962.00551,962.25572,0.08,gabors,null,4.0,"[3644.93333333, 3644.93333333]",45.0,10.0,40.0,"[20.0, 20.0]",null,null,null,0.8,null,0.25020882,61,,,0,,False,12,train,1
3546,0.0,962.25572,962.50593,0.08,gabors,null,4.0,"[3644.93333333, 3644.93333333]",45.0,40.0,30.0,"[20.0, 20.0]",null,null,null,0.8,null,0.25020882,111,,,0,,False,14,test,1
3547,0.0,962.50593,962.75614,0.08,gabors,null,4.0,"[3644.93333333, 3644.93333333]",0.0,-40.0,-20.0,"[20.0, 20.0]",null,null,null,0.8,null,0.25020882,4,,,0,,False,14,test,0
3548,0.0,962.75614,963.00635,0.08,gabors,null,4.0,"[3644.93333333, 3644.93333333]",0.0,30.0,-10.0,"[20.0, 20.0]",null,null,null,0.8,null,0.25020882,181,,,0,,False,14,test,0
3549,0.0,963.00635,963.25656,0.08,gabors,null,4.0,"[3644.93333333, 3644.93333333]",90.0,-10.0,-30.0,"[20.0, 20.0]",null,null,null,0.8,null,0.25020868,166,,,0,,False,14,test,2
3550,0.0,963.25656,963.50676,0.08,gabors,null,4.0,"[3644.93333333, 3644.93333333]",0.0,10.0,-20.0,"[20.0, 20.0]",null,null,null,0.8,null,0.25020868,217,,,0,,False,14,test,0
3551,0.0,963.50676,963.75697,0.08,gabors,null,4.0,"[3644.93333333, 3644.93333333]",45.0,0.0,-10.0,"[20.0, 20.0]",null,null,null,0.8,null,0.25020868,222,,,0,,False,12,train,1
3552,0.0,963.75697,964.00718,0.08,gabors,null,4.0,"[3644.93333333, 3644.93333333]",45.0,10.0,40.0,"[20.0, 20.0]",null,null,null,0.8,null,0.25020868,61,,,0,,False,13,train,1
3553,0.0,964.00718,964.25739,0.08,gabors,null,4.0,"[3644.93333333, 3644.93333333]",0.0,0.0,40.0,"[20.0, 20.0]",null,null,null,0.8,null,0.25020882,125,,,0,,False,14,test,0
3554,0.0,964.25739,964.5076,0.08,gabors,null,4.0,"[3644.93333333, 3644.93333333]",90.0,-10.0,-10.0,"[20.0, 20.0]",null,null,null,0.8,null,0.25020882,230,,,0,,False,13,train,2
3555,0.0,964.5076,964.75781,0.08,gabors,null,4.0,"[3644.93333333, 3644.93333333]",0.0,30.0,-30.0,"[20.0, 20.0]",null,null,null,0.8,null,0.25020882,130,,,0,,False,14,test,0
3556,0.0,964.75781,965.00802,0.08,gabors,null,4.0,"[3644.93333333, 3644.93333333]",45.0,20.0,20.0,"[20.0, 20.0]",null,null,null,0.8,null,0.25020882,212,,,0,,False,14,test,1
3557,0.0,965.00802,965.25823,0.08,gabors,null,4.0,"[3644.93333333, 3644.93333333]",90.0,20.0,-20.0,"[20.0, 20.0]",null,null,null,0.8,null,0.25020868,12,,,0,,False,14,test,2
3558,0.0,965.25823,965.50843,0.08,gabors,null,4.0,"[3644.93333333, 3644.93333333]",45.0,-20.0,-30.0,"[20.0, 20.0]",null,null,null,0.8,null,0.25020868,96,,,0,,False,13,train,1
3559,0.0,965.50843,965.75864,0.08,gabors,null,4.0,"[3644.93333333, 3644.93333333]",45.0,10.0,20.0,"[20.0, 20.0]",null,null,null,0.8,null,0.25020868,13,,,0,,False,14,test,1
3560,0.0,965.75864,966.00885,0.08,gabors,null,4.0,"[3644.93333333, 3644.93333333]",0.0,-30.0,0.0,"[20.0, 20.0]",null,null,null,0.8,null,0.25020868,179,,,0,,False,13,train,0
3561,0.0,966.00885,966.25906,0.08,gabors,null,4.0,"[3644.93333333, 3644.93333333]",45.0,0.0,-10.0,"[20.0, 20.0]",null,null,null,0.8,null,0.25020882,222,,,0,,False,13,train,1
3562,0.0,966.25906,966.50927,0.08,gabors,null,4.0,"[3644.93333333, 3644.93333333]",45.0,-40.0,20.0,"[20.0, 20.0]",null,null,null,0.8,null,0.25020882,124,,,0,,False,14,test,1
3563,0.0,966.50927,966.75948,0.08,gabors,null,4.0,"[3644.93333333, 3644.93333333]",45.0,-30.0,40.0,"[20.0, 20.0]",null,null,null,0.8,null,0.25020882,58,,,0,,False,14,test,1
3564,0.0,966.75948,967.00969,0.08,gabors,null,4.0,"[3644.93333333, 3644.93333333]",90.0,0.0,20.0,"[20.0, 20.0]",null,null,null,0.8,null,0.25020882,93,,,0,,False,14,test,2
3565,0.0,967.00969,967.25989,0.08,gabors,null,4.0,"[3644.93333333, 3644.93333333]",0.0,-40.0,40.0,"[20.0, 20.0]",null,null,null,0.8,null,0.25020368,97,,,0,,False,14,test,0
3566,0.0,967.25989,967.51009,0.08,gabors,null,4.0,"[3644.93333333, 3644.93333333]",45.0,-30.0,-30.0,"[20.0, 20.0]",null,null,null,0.8,null,0.25020368,190,,,0,,False,14,test,1
3567,0.0,967.51009,967.7603,0.08,gabors,null,4.0,"[3644.93333333, 3644.93333333]",90.0,40.0,-20.0,"[20.0, 20.0]",null,null,null,0.8,null,0.25020368,173,,,0,,False,14,test,2
3568,0.0,967.7603,968.0105,0.08,gabors,null,4.0,"[3644.93333333, 3644.93333333]",90.0,0.0,-10.0,"[20.0, 20.0]",null,null,null,0.8,null,0.25020368,196,,,0,,False,13,train,2
3569,0.0,968.0105,968.26072,0.08,gabors,null,4.0,"[3644.93333333, 3644.93333333]",0.0,40.0,0.0,"[20.0, 20.0]",null,null,null,0.8,null,0.25021632,24,,,0,,False,13,train,0
3570,0.0,968.26072,968.51093,0.08,gabors,null,4.0,"[3644.93333333, 3644.93333333]",90.0,-40.0,10.0,"[20.0, 20.0]",null,null,null,0.8,null,0.25021632,185,,,0,,False,14,test,2
3571,0.0,968.51093,968.76115,0.08,gabors,null,4.0,"[3644.93333333, 3644.93333333]",90.0,0.0,40.0,"[20.0, 20.0]",null,null,null,0.8,null,0.25021632,211,,,0,,False,13,train,2
3572,0.0,968.76115,969.01137,0.08,gabors,null,4.0,"[3644.93333333, 3644.93333333]",45.0,40.0,-10.0,"[20.0, 20.0]",null,null,null,0.8,null,0.25021632,144,,,0,,False,13,train,1
3573,0.0,969.01137,969.26158,0.08,gabors,null,4.0,"[3644.93333333, 3644.93333333]",90.0,-30.0,-10.0,"[20.0, 20.0]",null,null,null,0.8,null,0.25021118,43,,,0,,False,14,test,2
3574,0.0,969.26158,969.51179,0.08,gabors,null,4.0,"[3644.93333333, 3644.93333333]",90.0,-30.0,-20.0,"[20.0, 20.0]",null,null,null,0.8,null,0.25021118,16,,,0,,False,14,test,2
3575,0.0,969.51179,969.762,0.08,gabors,null,4.0,"[3644.93333333, 3644.93333333]",0.0,-30.0,0.0,"[20.0, 20.0]",null,null,null,0.8,null,0.25021118,179,,,0,,False,14,test,0
3576,0.0,969.762,970.01221,0.08,gabors,null,4.0,"[3644.93333333, 3644.93333333]",0.0,-40.0,-10.0,"[20.0, 20.0]",null,null,null,0.8,null,0.25021118,191,,,0,,False,14,test,0
3577,0.0,970.01221,970.26242,0.08,gabors,null,4.0,"[3644.93333333, 3644.93333333]",0.0,10.0,-30.0,"[20.0, 20.0]",null,null,null,0.8,null,0.25020632,169,,,0,,False,14,test,0
3578,0.0,970.26242,970.51262,0.08,gabors,null,4.0,"[3644.93333333, 3644.93333333]",45.0,0.0,10.0,"[20.0, 20.0]",null,null,null,0.8,null,0.25020632,110,,,0,,False,13,train,1
3579,0.0,970.51262,970.76283,0.08,gabors,null,4.0,"[3644.93333333, 3644.93333333]",0.0,-40.0,0.0,"[20.0, 20.0]",null,null,null,0.8,null,0.25020632,238,,,0,,False,14,test,0
3580,0.0,970.76283,971.01304,0.08,gabors,null,4.0,"[3644.93333333, 3644.93333333]",45.0,30.0,30.0,"[20.0, 20.0]",null,null,null,0.8,null,0.25020632,155,,,0,,False,14,test,1
3581,0.0,971.01304,971.26325,0.08,gabors,null,4.0,"[3644.93333333, 3644.93333333]",45.0,-20.0,30.0,"[20.0, 20.0]",null,null,null,0.8,null,0.25020868,189,,,0,,False,14,test,1
3582,0.0,971.26325,971.51345,0.08,gabors,null,4.0,"[3644.93333333, 3644.93333333]",90.0,-10.0,0.0,"[20.0, 20.0]",null,null,null,0.8,null,0.25020868,195,,,0,,False,14,test,2
3583,0.0,971.51345,971.76366,0.08,gabors,null,4.0,"[3644.93333333, 3644.93333333]",0.0,40.0,-40.0,"[20.0, 20.0]",null,null,null,0.8,null,0.25020868,28,,,0,,False,14,test,0
3584,0.0,971.76366,972.01387,0.08,gabors,null,4.0,"[3644.93333333, 3644.93333333]",45.0,-20.0,-40.0,"[20.0, 20.0]",null,null,null,0.8,null,0.25020868,157,,,0,,False,14,test,1
3585,0.0,972.01387,972.26408,0.08,gabors,null,4.0,"[3644.93333333, 3644.93333333]",90.0,40.0,20.0,"[20.0, 20.0]",null,null,null,0.8,null,0.25020882,123,,,0,,False,14,test,2
3586,0.0,972.26408,972.51429,0.08,gabors,null,4.0,"[3644.93333333, 3644.93333333]",45.0,0.0,-10.0,"[20.0, 20.0]",null,null,null,0.8,null,0.25020882,222,,,0,,False,14,test,1
3587,0.0,972.51429,972.7645,0.08,gabors,null,4.0,"[3644.93333333, 3644.93333333]",90.0,40.0,30.0,"[20.0, 20.0]",null,null,null,0.8,null,0.25020882,240,,,0,,False,14,test,2
3588,0.0,972.7645,973.01471,0.08,gabors,null,4.0,"[3644.93333333, 3644.93333333]",90.0,-30.0,-40.0,"[20.0, 20.0]",null,null,null,0.8,null,0.25020882,149,,,0,,False,13,train,2
3589,0.0,973.01471,973.26491,0.08,gabors,null,4.0,"[3644.93333333, 3644.93333333]",45.0,0.0,10.0,"[20.0, 20.0]",null,null,null,0.8,null,0.25020368,110,,,0,,False,14,test,1
3590,0.0,973.26491,973.51511,0.08,gabors,null,4.0,"[3644.93333333, 3644.93333333]",0.0,40.0,0.0,"[20.0, 20.0]",null,null,null,0.8,null,0.25020368,24,,,0,,False,14,test,0
3591,0.0,973.51511,973.76532,0.08,gabors,null,4.0,"[3644.93333333, 3644.93333333]",90.0,0.0,-10.0,"[20.0, 20.0]",null,null,null,0.8,null,0.25020368,196,,,0,,False,14,test,2
3592,0.0,973.76532,974.01552,0.08,gabors,null,4.0,"[3644.93333333, 3644.93333333]",45.0,-20.0,-30.0,"[20.0, 20.0]",null,null,null,0.8,null,0.25020368,96,,,0,,False,14,test,1
3593,0.0,974.01552,974.26574,0.08,gabors,null,4.0,"[3644.93333333, 3644.93333333]",0.0,-20.0,-10.0,"[20.0, 20.0]",null,null,null,0.8,null,0.25021632,101,,,0,,False,13,train,0
3594,0.0,974.26574,974.51595,0.08,gabors,null,4.0,"[3644.93333333, 3644.93333333]",45.0,-40.0,-10.0,"[20.0, 20.0]",null,null,null,0.8,null,0.25021632,199,,,0,,False,14,test,1
3595,0.0,974.51595,974.76617,0.08,gabors,null,4.0,"[3644.93333333, 3644.93333333]",0.0,10.0,40.0,"[20.0, 20.0]",null,null,null,0.8,null,0.25021632,194,,,0,,False,14,test,0
3596,0.0,974.76617,975.01639,0.08,gabors,null,4.0,"[3644.93333333, 3644.93333333]",90.0,-10.0,-10.0,"[20.0, 20.0]",null,null,null,0.8,null,0.25021632,230,,,0,,False,14,test,2
3597,0.0,975.01639,975.26659,0.08,gabors,null,4.0,"[3644.93333333, 3644.93333333]",0.0,20.0,-20.0,"[20.0, 20.0]",null,null,null,0.8,null,0.25020368,25,,,0,,False,14,test,0
3598,0.0,975.26659,975.51679,0.08,gabors,null,4.0,"[3644.93333333, 3644.93333333]",45.0,40.0,10.0,"[20.0, 20.0]",null,null,null,0.8,null,0.25020368,229,,,0,,False,14,test,1
3599,0.0,975.51679,975.767,0.08,gabors,null,4.0,"[3644.93333333, 3644.93333333]",0.0,-30.0,-30.0,"[20.0, 20.0]",null,null,null,0.8,null,0.25020368,224,,,0,,False,13,train,0
3600,0.0,975.767,976.0172,0.08,gabors,null,4.0,"[3644.93333333, 3644.93333333]",0.0,-20.0,10.0,"[20.0, 20.0]",null,null,null,0.8,null,0.25020368,135,,,0,,False,14,test,0
3601,0.0,976.0172,976.26742,0.08,gabors,null,4.0,"[3644.93333333, 3644.93333333]",90.0,30.0,0.0,"[20.0, 20.0]",null,null,null,0.8,null,0.25021382,216,,,0,,False,14,test,2
3602,0.0,976.26742,976.51763,0.08,gabors,null,4.0,"[3644.93333333, 3644.93333333]",0.0,-20.0,30.0,"[20.0, 20.0]",null,null,null,0.8,null,0.25021382,215,,,0,,False,14,test,0
3603,0.0,976.51763,976.76784,0.08,gabors,null,4.0,"[3644.93333333, 3644.93333333]",90.0,40.0,40.0,"[20.0, 20.0]",null,null,null,0.8,null,0.25021382,235,,,0,,False,14,test,2
3604,0.0,976.76784,977.01806,0.08,gabors,null,4.0,"[3644.93333333, 3644.93333333]",0.0,20.0,10.0,"[20.0, 20.0]",null,null,null,0.8,null,0.25021382,147,,,0,,False,14,test,0
3605,0.0,977.01806,977.26827,0.08,gabors,null,4.0,"[3644.93333333, 3644.93333333]",90.0,-30.0,-40.0,"[20.0, 20.0]",null,null,null,0.8,null,0.25021368,149,,,0,,False,14,test,2
3606,0.0,977.26827,977.51848,0.08,gabors,null,4.0,"[3644.93333333, 3644.93333333]",45.0,-10.0,40.0,"[20.0, 20.0]",null,null,null,0.8,null,0.25021368,175,,,0,,False,13,train,1
3607,0.0,977.51848,977.7687,0.08,gabors,null,4.0,"[3644.93333333, 3644.93333333]",45.0,-40.0,-40.0,"[20.0, 20.0]",null,null,null,0.8,null,0.25021368,94,,,0,,False,14,test,1
3608,0.0,977.7687,978.01891,0.08,gabors,null,4.0,"[3644.93333333, 3644.93333333]",0.0,0.0,10.0,"[20.0, 20.0]",null,null,null,0.8,null,0.25021368,29,,,0,,False,14,test,0
3609,0.0,978.01891,978.26911,0.08,gabors,null,4.0,"[3644.93333333, 3644.93333333]",45.0,-10.0,40.0,"[20.0, 20.0]",null,null,null,0.8,null,0.25020132,175,,,0,,False,14,test,1
3610,0.0,978.26911,978.51931,0.08,gabors,null,4.0,"[3644.93333333, 3644.93333333]",90.0,10.0,0.0,"[20.0, 20.0]",null,null,null,0.8,null,0.25020132,81,,,0,,False,14,test,2
3611,0.0,978.51931,978.76952,0.08,gabors,null,4.0,"[3644.93333333, 3644.93333333]",0.0,10.0,20.0,"[20.0, 20.0]",null,null,null,0.8,null,0.25020132,15,,,0,,False,14,test,0
3612,0.0,978.76952,979.01972,0.08,gabors,null,4.0,"[3644.93333333, 3644.93333333]",90.0,40.0,-10.0,"[20.0, 20.0]",null,null,null,0.8,null,0.25020132,210,,,0,,False,14,test,2
3613,0.0,979.01972,979.26993,0.08,gabors,null,4.0,"[3644.93333333, 3644.93333333]",90.0,20.0,-40.0,"[20.0, 20.0]",null,null,null,0.8,null,0.25021368,183,,,0,,False,14,test,2
3614,0.0,979.26993,979.52014,0.08,gabors,null,4.0,"[3644.93333333, 3644.93333333]",90.0,30.0,40.0,"[20.0, 20.0]",null,null,null,0.8,null,0.25021368,30,,,0,,False,14,test,2
3615,0.0,979.52014,979.77036,0.08,gabors,null,4.0,"[3644.93333333, 3644.93333333]",90.0,-40.0,-30.0,"[20.0, 20.0]",null,null,null,0.8,null,0.25021368,68,,,0,,False,14,test,2
3616,0.0,979.77036,980.02057,0.08,gabors,null,4.0,"[3644.93333333, 3644.93333333]",0.0,-20.0,-10.0,"[20.0, 20.0]",null,null,null,0.8,null,0.25021368,101,,,0,,False,14,test,0
3617,0.0,980.02057,980.27078,0.08,gabors,null,4.0,"[3644.93333333, 3644.93333333]",90.0,40.0,-40.0,"[20.0, 20.0]",null,null,null,0.8,null,0.25020882,113,,,0,,False,14,test,2
3618,0.0,980.27078,980.52099,0.08,gabors,null,4.0,"[3644.93333333, 3644.93333333]",0.0,-20.0,40.0,"[20.0, 20.0]",null,null,null,0.8,null,0.25020882,107,,,0,,False,14,test,0
3619,0.0,980.52099,980.7712,0.08,gabors,null,4.0,"[3644.93333333, 3644.93333333]",0.0,-20.0,20.0,"[20.0, 20.0]",null,null,null,0.8,null,0.25020882,145,,,0,,False,14,test,0
3620,0.0,980.7712,981.02141,0.08,gabors,null,4.0,"[3644.93333333, 3644.93333333]",45.0,10.0,-10.0,"[20.0, 20.0]",null,null,null,0.8,null,0.25020882,220,,,0,,False,13,train,1
3621,0.0,981.02141,981.27162,0.08,gabors,null,4.0,"[3644.93333333, 3644.93333333]",45.0,-30.0,-20.0,"[20.0, 20.0]",null,null,null,0.8,null,0.25020868,221,,,0,,False,14,test,1
3622,0.0,981.27162,981.52182,0.08,gabors,null,4.0,"[3644.93333333, 3644.93333333]",90.0,40.0,-30.0,"[20.0, 20.0]",null,null,null,0.8,null,0.25020868,168,,,0,,False,14,test,2
3623,0.0,981.52182,981.77203,0.08,gabors,null,4.0,"[3644.93333333, 3644.93333333]",0.0,40.0,30.0,"[20.0, 20.0]",null,null,null,0.8,null,0.25020868,100,,,0,,False,14,test,0
3624,0.0,981.77203,982.02224,0.08,gabors,null,4.0,"[3644.93333333, 3644.93333333]",90.0,0.0,30.0,"[20.0, 20.0]",null,null,null,0.8,null,0.25020868,92,,,0,,False,14,test,2
3625,0.0,982.02224,982.27245,0.08,gabors,null,4.0,"[3644.93333333, 3644.93333333]",45.0,30.0,20.0,"[20.0, 20.0]",null,null,null,0.8,null,0.25020882,37,,,0,,False,14,test,1
3626,0.0,982.27245,982.52266,0.08,gabors,null,4.0,"[3644.93333333, 3644.93333333]",0.0,-10.0,-20.0,"[20.0, 20.0]",null,null,null,0.8,null,0.25020882,14,,,0,,False,14,test,0
3627,0.0,982.52266,982.77287,0.08,gabors,null,4.0,"[3644.93333333, 3644.93333333]",45.0,40.0,-10.0,"[20.0, 20.0]",null,null,null,0.8,null,0.25020882,144,,,0,,False,14,test,1
3628,0.0,982.77287,983.02308,0.08,gabors,null,4.0,"[3644.93333333, 3644.93333333]",90.0,-40.0,20.0,"[20.0, 20.0]",null,null,null,0.8,null,0.25020882,108,,,0,,False,14,test,2
3629,0.0,983.02308,983.27329,0.08,gabors,null,4.0,"[3644.93333333, 3644.93333333]",90.0,10.0,-40.0,"[20.0, 20.0]",null,null,null,0.8,null,0.25021118,9,,,0,,False,14,test,2
3630,0.0,983.27329,983.5235,0.08,gabors,null,4.0,"[3644.93333333, 3644.93333333]",90.0,0.0,-20.0,"[20.0, 20.0]",null,null,null,0.8,null,0.25021118,59,,,0,,False,14,test,2
3631,0.0,983.5235,983.77371,0.08,gabors,null,4.0,"[3644.93333333, 3644.93333333]",90.0,-10.0,40.0,"[20.0, 20.0]",null,null,null,0.8,null,0.25021118,167,,,0,,False,14,test,2
3632,0.0,983.77371,984.02392,0.08,gabors,null,4.0,"[3644.93333333, 3644.93333333]",45.0,10.0,-10.0,"[20.0, 20.0]",null,null,null,0.8,null,0.25021118,220,,,0,,False,14,test,1
3633,0.0,984.02392,984.27413,0.08,gabors,null,4.0,"[3644.93333333, 3644.93333333]",0.0,30.0,30.0,"[20.0, 20.0]",null,null,null,0.8,null,0.25020882,104,,,0,,False,14,test,0
3634,0.0,984.27413,984.52434,0.08,gabors,null,4.0,"[3644.93333333, 3644.93333333]",0.0,-30.0,-30.0,"[20.0, 20.0]",null,null,null,0.8,null,0.25020882,224,,,0,,False,14,test,0
3635,0.0,984.52434,984.77455,0.08,gabors,null,4.0,"[3644.93333333, 3644.93333333]",0.0,-40.0,10.0,"[20.0, 20.0]",null,null,null,0.8,null,0.25020882,75,,,0,,False,14,test,0
3636,0.0,984.77455,985.02476,0.08,gabors,null,4.0,"[3644.93333333, 3644.93333333]",45.0,20.0,10.0,"[20.0, 20.0]",null,null,null,0.8,null,0.25020882,31,,,0,,False,14,test,1
3637,0.0,985.02476,985.27496,0.08,gabors,null,4.0,"[3644.93333333, 3644.93333333]",0.0,-20.0,-40.0,"[20.0, 20.0]",null,null,null,0.8,null,0.25020118,51,,,0,,False,14,test,0
3638,0.0,985.27496,985.52516,0.08,gabors,null,4.0,"[3644.93333333, 3644.93333333]",0.0,10.0,0.0,"[20.0, 20.0]",null,null,null,0.8,null,0.25020118,197,,,0,,False,14,test,0
3639,0.0,985.52516,985.77536,0.08,gabors,null,4.0,"[3644.93333333, 3644.93333333]",45.0,-20.0,-20.0,"[20.0, 20.0]",null,null,null,0.8,null,0.25020118,177,,,0,,False,14,test,1
3640,0.0,985.77536,986.02556,0.08,gabors,null,4.0,"[3644.93333333, 3644.93333333]",90.0,0.0,40.0,"[20.0, 20.0]",null,null,null,0.8,null,0.25020118,211,,,0,,False,14,test,2
3641,0.0,986.02556,986.27578,0.08,gabors,null,4.0,"[3644.93333333, 3644.93333333]",90.0,20.0,-30.0,"[20.0, 20.0]",null,null,null,0.8,null,0.25021382,226,,,0,,False,14,test,2
3642,0.0,986.27578,986.52599,0.08,gabors,null,4.0,"[3644.93333333, 3644.93333333]",90.0,30.0,-40.0,"[20.0, 20.0]",null,null,null,0.8,null,0.25021382,184,,,0,,False,14,test,2
3643,0.0,986.52599,986.7762,0.08,gabors,null,4.0,"[3644.93333333, 3644.93333333]",90.0,-30.0,10.0,"[20.0, 20.0]",null,null,null,0.8,null,0.25021382,118,,,0,,False,14,test,2
3644,0.0,986.7762,987.02642,0.08,gabors,null,4.0,"[3644.93333333, 3644.93333333]",90.0,30.0,-30.0,"[20.0, 20.0]",null,null,null,0.8,null,0.25021382,103,,,0,,False,14,test,2
3645,0.0,987.02642,987.27663,0.08,gabors,null,4.0,"[3644.93333333, 3644.93333333]",45.0,10.0,40.0,"[20.0, 20.0]",null,null,null,0.8,null,0.25020868,61,,,0,,False,14,test,1
