session_id,ecephys_unit_id,group,ecephys_structure_acronym,unit_split,spatial_model,released_azimuth_rf_deg,released_elevation_rf_deg,released_area_rf_deg2,released_width_rf_deg,released_height_rf_deg,axis_center_x_deg,axis_center_y_deg,axis_sigma_x_deg,axis_sigma_y_deg,axis_area_deg2,axis_train_deviance,axis_test_deviance,axis_optimizer_nfev,axis_censored,axis_edge_distance_deg,rotation_center_x_deg,rotation_center_y_deg,rotation_sigma_major_deg,rotation_sigma_minor_deg,rotation_angle_deg,rotation_axis_ratio,rotation_area_deg2,rotation_train_deviance,rotation_test_deviance,rotation_optimizer_nfev,rotation_test_gain,rotation_train_gain,rotation_sigma_lower_bound,rotation_sigma_upper_bound,axis_parameters,rotation_parameters,model_elapsed_seconds
771990200,950988450,HVA,VISam,evaluation,aperture,18,16,500,56.270614,306.60264,-22.245275,3.28340434,29.0980359,5.79352448,734.195725,1.47408588,1.34965381,19,False,17.754725,-22.9514173,3.31643115,29.1183238,5.69408747,2.0885742,5.11378231,722.097489,1.47431361,1.34944163,24,0.000212186353,-0.000227733569,False,False,"[0.5821090572106604, 0.6598509045139479, 0.5361149408328111, 0.044074296557894715, -22.24527496982474, 3.283404341658726, 29.098035915423527, 5.793524477726978]","[0.582562482816585, 0.6683615725797458, 0.5350486080112243, 0.046904661585469944, -22.951417304921783, 3.3164311542066907, 29.118323791313024, 5.694087469851969, 0.03645249651220195]",3.49519073
771990200,950988450,HVA,VISam,evaluation,point,18,16,500,56.270614,306.60264,-22.6007377,3.3425384,29.9092206,7.781281,1013.58815,1.47404459,1.34958376,21,False,17.3992623,-28.6398922,3.5777899,33.6042007,3.61866242,17.7143298,9.28635965,529.598772,1.47273393,1.36173885,72,-0.0121550876,0.00131066248,False,False,"[0.5815898682471751, 0.6735423151720401, 0.5474381854367868, 0.04844535846512053, -22.600737704666788, 3.3425384013821957, 29.90922057558859, 7.78128100181624]","[0.6004121003056392, 1.0284065779041371, 0.8032945650350367, 7.512918947132325e-33, -28.63989220138396, 3.5777898955982854, 33.60420067024784, 3.6186624194642065, 0.30917337997151995]",0.582981807
771990200,950988497,HVA,VISam,evaluation,aperture,50,33.077,1300,71.436871,32.288277,-1.24573624,21.6581428,11.246005,17.3153553,848.076457,1.5599118,1.49624353,16,False,18.3418572,-0.581618683,21.9795625,17.8614417,11.6380111,78.509036,1.53475036,905.316859,1.55904983,1.49548631,19,0.000757220373,0.000861972347,False,False,"[0.4730712511448163, 1.753288608899542, 1.088544305311797, 1.111610489756138, -1.2457362380464974, 21.658142782123953, 11.24600497292248, 17.315355265214986]","[0.4664957859326132, 1.7027501060483876, 1.1017116702283916, 1.0833805755965231, -0.581618683382451, 21.97956253539308, 17.86144174992942, 11.638011096890331, 1.3702411703060857]",2.54147468
771990200,950988497,HVA,VISam,evaluation,point,50,33.077,1300,71.436871,32.288277,-1.24092204,21.6774869,12.3826935,18.078111,974.930147,1.55992241,1.49620644,17,False,18.3225131,-0.579035376,21.9929684,18.5993858,12.723355,78.5055085,1.4618303,1030.63664,1.55905925,1.4954304,14,0.000776038687,0.000863157125,False,False,"[0.47240808716623567, 1.7548785199977344, 1.089870238798932, 1.1125650425994522, -1.2409220395064429, 21.6774868873203, 12.382693469778907, 18.078110980463876]","[0.465985442367531, 1.7048651447106886, 1.1031482938385093, 1.0849155867784748, -0.5790353762881734, 21.992968438935492, 18.599385808018916, 12.723354978154067, 1.3701796034729057]",0.179392257
771990200,950988502,HVA,VISam,evaluation,aperture,38.462,21.538,1300,45.209115,64.810496,-9.07596619,12.7143723,24.595127,8.87558861,950.717666,3.53073884,3.62327925,11,False,27.2856277,-8.88750364,12.7087986,24.555301,8.90768506,0.802610007,2.75664225,952.610676,3.53053593,3.62297277,15,0.000306486092,0.000202910533,False,False,"[0.6936797235735886, 1.456608921789912, 1.1287484211673404, 0.8139767038171337, -9.075966186803324, 12.71437226090391, 24.595127045225457, 8.875588610445131]","[0.693151641645766, 1.4553089343895007, 1.127976055153041, 0.8164954293992279, -8.887503639814707, 12.708798551127709, 24.55530095647241, 8.90768506162397, 0.01400818723909758]",2.10911196
771990200,950988502,HVA,VISam,evaluation,point,38.462,21.538,1300,45.209115,64.810496,-9.0536751,12.7520051,25.1367283,10.3066979,1128.32348,3.53083579,3.62283051,11,False,27.2479949,-8.86423067,12.7453313,25.0946265,10.3350122,0.808864892,2.42811773,1129.52815,3.53062641,3.62251438,15,0.000316126283,0.000209375518,False,False,"[0.6924900550348142, 1.4596343779084269, 1.1322112636401047, 0.8184161458615428, -9.053675104464723, 12.752005134139512, 25.1367282863769, 10.306697900849162]","[0.691962833869433, 1.4582928919121472, 1.1314038591227518, 0.8209143990706128, -8.864230674560286, 12.745331282764303, 25.09462647277512, 10.335012245738033, 0.014117355569662315]",0.126125173
771990200,950988509,HVA,VISam,calibration,aperture,25,40,1200,86.835169,45.241725,-23.5793813,28.2819251,26.3233851,11.3631008,1302.69854,1.45569661,1.30969395,10,False,11.7180749,-23.6557596,28.6911149,26.3275933,11.411344,-4.74891292,2.3071422,1308.43842,1.45273131,1.30955486,14,0.000139089274,0.00296530275,False,False,"[1.5853509186709538, 6.6126988770654895, 5.296966692183316, 3.7290935342289746, -23.579381318340495, 28.281925063031437, 26.323385090385656, 11.36310079795072]","[1.5779902506186436, 6.605834705581795, 5.3284081596596415, 3.7763842297396892, -23.655759598944517, 28.69111490276488, 26.327593297082952, 11.411343987756412, -0.08288416640470997]",1.59400428
771990200,950988509,HVA,VISam,calibration,point,25,40,1200,86.835169,45.241725,-23.5703141,28.2974136,26.814955,12.4963622,1459.372,1.4559327,1.30978222,10,False,11.7025864,-23.6520735,28.7069458,26.8242853,12.5360062,-4.78284167,2.13977921,1464.51116,1.45294355,1.30965193,10,0.000130289079,0.00298914949,False,False,"[1.5838208458498557, 6.611785471776429, 5.297473679967095, 3.7335803218051185, -23.57031414629346, 28.29741359311285, 26.814955042101865, 12.4963622459839]","[1.5764607660458037, 6.605925706556501, 5.3296761696436254, 3.7812179310445075, -23.652073455577536, 28.706945810242946, 26.824285329346854, 12.536006161197376, -0.08347633479496075]",0.115489849
771990200,950988522,HVA,VISam,calibration,aperture,56.667,8.333,600,21.572881,31.433061,7.49187783,-1.14663651,17.2549053,8.85354302,665.326792,1.05848249,0.984491848,9,False,32.5081222,7.07752609,-1.15172949,17.1642926,8.36644092,-10.5762286,2.05156443,625.420319,1.05648342,0.983450124,11,0.00104172331,0.00199907752,False,False,"[0.27550898267846835, 1.1876237994428993, 1.33337972190223, 1.6399100040596049, 7.491877825159166, -1.146636507160705, 17.254905332039197, 8.853543022429093]","[0.2785429906931676, 1.239314457907935, 1.3796231640913943, 1.6627025236319108, 7.077526088955041, -1.151729485287019, 17.164292566980496, 8.366440919157128, -0.184590011784036]",2.31333832
771990200,950988522,HVA,VISam,calibration,point,56.667,8.333,600,21.572881,31.433061,7.50561626,-1.14269157,17.9547844,10.2313603,800.053265,1.05841393,0.984511909,13,False,32.4943837,7.08670713,-1.13923149,17.8649986,9.80623501,-10.7601115,1.82179997,762.975537,1.05633427,0.98337942,11,0.00113248855,0.0020796641,False,False,"[0.27518115802857596, 1.1977054800103537, 1.3435480184229336, 1.6528470885028768, 7.50561626032066, -1.1426915666586295, 17.95478437494271, 10.23136029399298]","[0.27824556479380197, 1.2528175182725387, 1.3935972348737724, 1.6792483808847665, 7.086707126032194, -1.1392314935340961, 17.864998616263527, 9.806235009944624, -0.18779937333278962]",0.16806309
771990200,950988546,HVA,VISam,evaluation,aperture,42,14,500,36.778357,38.735878,-8.40771015,1.07066795,13.0897758,10.1822646,580.472853,1.26923811,1.29076783,15,False,31.5922898,-8.32425963,0.81788241,13.2305147,8.6308369,23.653897,1.53293531,497.318915,1.26764691,1.29084853,13,-8.06983226e-05,0.00159120107,False,False,"[0.5393116349837477, 2.059080580782554, 0.8060981472495248, 0.13346308594498316, -8.407710154881118, 1.0706679489367228, 13.089775787949625, 10.182264563139219]","[0.5470034753035672, 2.2136523264391577, 0.8229713298992914, 0.11924523706014407, -8.324259627845967, 0.8178824101531382, 13.230514655331385, 8.630836899421075, 0.41283838306212095]",2.55013181
771990200,950988546,HVA,VISam,evaluation,point,42,14,500,36.778357,38.735878,-8.42329406,1.03799218,14.0300397,11.296349,690.243509,1.26911667,1.29048017,15,False,31.5767059,-8.35324732,0.774619686,14.1368942,9.86836035,23.4540198,1.43254742,607.581214,1.26743097,1.29044379,14,3.63730799e-05,0.00168570915,False,False,"[0.5398496828277981, 2.0830554673479056, 0.8117464537635137, 0.13194744620342747, -8.423294055501001, 1.0379921841144981, 14.03003971577788, 11.29634899368109]","[0.5481261067692, 2.263001613500856, 0.832668838284118, 0.115614279172024, -8.35324731510539, 0.7746196855574281, 14.136894208410151, 9.868360351163311, 0.4093498686170567]",0.164846595
771990200,950988561,HVA,VISam,evaluation,aperture,18,46,500,808.48458,758.71861,-60,32.4734517,49.9999989,7.13999003,1554.79426,1.6067128,1.58590598,16,True,-20,-60,34.805858,49.9999998,6.47974015,-3.49949435,7.71635878,1411.0192,1.60589163,1.58678078,26,-0.000874801934,0.000821178813,False,True,"[1.1094245906314526, 1.570760895123751, 1.0206635469087344, 0.545079086878636, -59.999999974664014, 32.473451694025144, 49.9999989448312, 7.139990026653703]","[1.1112015516022165, 1.6334237513060528, 1.0371616032450015, 0.5469240920425181, -59.999999999973426, 34.80585799317494, 49.99999979926983, 6.479740152743361, -0.06107769864018642]",3.96565953
771990200,950988561,HVA,VISam,evaluation,point,18,46,500,808.48458,758.71861,-60,32.5550254,49.9999995,8.9346596,1945.59903,1.60679637,1.58594017,16,True,-20,-60,34.9098641,50,8.48294032,-3.47187164,5.89418269,1847.23328,1.60603475,1.58686018,33,-0.000920009852,0.000761625831,False,True,"[1.1092505591740662, 1.5808374204493292, 1.0274648828657322, 0.5501658539001982, -59.999999981663436, 32.555025407542104, 49.9999995302314, 8.934659602670884]","[1.110755911485859, 1.6427330261291098, 1.044727655464714, 0.5530635438900685, -59.99999999690245, 34.90986406681106, 49.999999975356864, 8.482940316995053, -0.060595591358684864]",0.253979746
771990200,950988574,HVA,VISam,evaluation,aperture,72.941,-7.647,1700,38.811014,76.703734,22.9643518,-13.5983238,36.6193872,19.6279644,3130.3411,1.24829636,1.31985435,25,False,17.0356482,24.0825389,-18.4114536,50,16.3572139,-26.6302438,3.05675528,3561.92415,1.21335875,1.30175973,13,0.0180946231,0.0349376083,False,True,"[0.4807062948436796, 0.7622178743261837, 1.120670966874346, 0.7818848714386398, 22.964351766537586, -13.598323758217408, 36.61938721041746, 19.62796436167093]","[0.4249747919574438, 0.9010920219163383, 1.2745067843903177, 0.9155128013438133, 24.08253885658486, -18.411453631500073, 49.99999999964811, 16.357213916370227, -0.46478543569184616]",2.4546605
771990200,950988574,HVA,VISam,evaluation,point,72.941,-7.647,1700,38.811014,76.703734,22.9636068,-13.5965504,36.9818567,20.2767299,3265.81784,1.24829675,1.3198625,26,False,17.0363932,23.9018216,-18.3331586,50,17.1150445,-26.6665004,2.92140637,3726.94828,1.21339611,1.30173472,11,0.0181277725,0.0349006358,False,True,"[0.4804499742196118, 0.7623992757492692, 1.1208403814652492, 0.7820399313637167, 22.96360677473648, -13.59655035008926, 36.98185671889195, 20.27672988243231]","[0.42517980086477813, 0.9016304658627762, 1.2751977865393176, 0.9158497112461974, 23.90182163052399, -18.333158631889727, 49.99999999999987, 17.115044463700723, -0.46541823274826655]",0.191214037
771990200,950988581,HVA,VISam,calibration,aperture,66.364,10.909,1100,39.430328,64.271014,16.1603187,2.65338012,24.9670711,10.4081218,1131.73642,1.41221786,1.47017899,17,False,23.8396813,15.7460552,2.81717629,25.0484575,10.3067966,3.59848943,2.43028541,1124.372,1.41211008,1.47231564,7,-0.00213665534,0.00010777562,False,False,"[0.7516524866457168, 0.7250638363072337, 1.1157895401538682, 1.020455434999645, 16.160318656403366, 2.653380124320175, 24.967071059552342, 10.408121823389699]","[0.7515626450750318, 0.7222979513857081, 1.1201090325277894, 1.02565005494681, 15.746055178386595, 2.8171762941905065, 25.048457516906396, 10.306796632651855, 0.06280548858741208]",2.36424632
771990200,950988581,HVA,VISam,calibration,point,66.364,10.909,1100,39.430328,64.271014,16.1561933,2.65447582,25.4910715,11.5983575,1287.62651,1.41221197,1.47025823,17,False,23.8438067,15.7496786,2.81533012,25.5862954,11.5210817,3.56778013,2.22082406,1283.82549,1.41209878,1.47237215,16,-0.00211392134,0.000113185478,False,False,"[0.7512706159803479, 0.7273564970482125, 1.1192732368793923, 1.0229473222651175, 16.156193320164665, 2.654475821605857, 25.491071496851916, 11.598357483130902]","[0.7509988032907037, 0.7244071081097846, 1.123118613021713, 1.027590961539197, 15.749678570841553, 2.815330118719647, 25.5862954362599, 11.521081677606006, 0.06226951026312566]",0.155398935
771990200,950988589,HVA,VISam,calibration,aperture,28.333,3.333,600,34.230127,3007.7836,-16.1062301,-7.79585546,13.7300751,6.64816056,397.539002,1.24942334,1.24429198,12,False,23.8937699,-16.4416461,-7.83781282,13.8599769,6.26901239,12.3244287,2.21087087,378.413798,1.24682684,1.24281716,13,0.00147481891,0.00259650634,False,False,"[0.6719260186108011, 3.753905254895049, 1.2600975243823072, 1.699705292185402e-10, -16.106230082357335, -7.795855457679005, 13.730075129965838, 6.648160562378195]","[0.6716488723666909, 3.8289386300505304, 1.3369642938176067, 4.036679338254794e-23, -16.441646115118996, -7.837812819757492, 13.859976897589435, 6.269012389368094, 0.2151018590349656]",1.91994059
771990200,950988589,HVA,VISam,calibration,point,28.333,3.333,600,34.230127,3007.7836,-16.0705292,-7.75875428,14.6436173,8.57484409,546.864751,1.25010808,1.24586815,12,False,23.9294708,-16.3972946,-7.8346022,14.7710684,8.29965824,12.8290838,1.77972008,533.921549,1.24754997,1.24431815,20,0.00155000774,0.00255811125,False,False,"[0.6705323337134664, 3.7708873902458584, 1.2693322221570338, 1.3718376426770575e-14, -16.070529169149854, -7.758754279213981, 14.64361727183433, 8.57484408698884]","[0.6699799413167148, 3.8508593570381224, 1.3507904445231658, 5.901166626590125e-28, -16.39729460680147, -7.834602201049628, 14.771068422514885, 8.299658243614333, 0.22390975148134662]",0.165556794
771990200,950988598,HVA,VISam,calibration,aperture,80,25,600,16.999171,380.03624,26.9403265,16.1467113,9.50490436,5.79407006,239.848398,0.974122648,0.999427432,12,False,13.0596735,27.0112815,16.1799314,9.87563532,5.24884111,-18.503628,1.88148872,225.75314,0.973487798,0.999725406,6,-0.000297974134,0.000634849849,False,False,"[0.19493216543382924, 0.5859821555584513, 1.6669242340774713, 1.3650302279007633, 26.940326450188756, 16.146711324447566, 9.504904360719244, 5.794070058591209]","[0.1951038402069523, 0.6065242474975491, 1.6905720389897851, 1.3766629435191462, 27.01128145874622, 16.179931423433388, 9.875635315923587, 5.248841106844491, -0.32294923165414935]",1.62324792
771990200,950988598,HVA,VISam,calibration,point,80,25,600,16.999171,380.03624,26.9159302,16.1561567,10.8759568,7.75233332,367.202172,0.973979139,0.999378274,11,False,13.0840698,26.9910872,16.1637653,11.171585,7.28236035,-18.6051916,1.534061,354.317244,0.973132187,1.00017117,10,-0.000792900325,0.000846951563,False,False,"[0.19448267729080523, 0.6087728829483646, 1.7260976358505418, 1.415793820013549, 26.91593022241654, 16.1561567432856, 10.875956825268414, 7.752333316456999]","[0.1949919681159817, 0.6384689766074778, 1.7814040813000405, 1.4546714274746497, 26.991087161724938, 16.16376527538642, 11.171585013753, 7.282360350692913, -0.32472185217563054]",0.0946873049
771990200,950988613,HVA,VISam,evaluation,aperture,79.091,21.818,1100,29.009931,101.43313,50.7643701,11.2094105,49.9999911,18.2631664,3976.961,1.20854306,1.19446845,14,True,-10.7643701,51.7810767,13.9161471,49.7140427,17.5715549,5.64688387,2.82923412,3804.47385,1.20818676,1.19476815,18,-0.000299700087,0.000356301003,False,False,"[0.3330369434944077, 1.270815601004307, 0.9828367810078366, 1.057588185923924, 50.76437005306989, 11.209410487766048, 49.99999110336864, 18.263166400583046]","[0.3421426969390698, 1.3008515831776453, 1.003366230351195, 1.0803479888470098, 51.78107665681551, 13.916147090750094, 49.714042655746766, 17.571554870099874, 0.09855671601762683]",2.70667001
771990200,950988613,HVA,VISam,evaluation,point,79.091,21.818,1100,29.009931,101.43313,50.375627,11.20832,49.9999945,18.9397329,4124.28945,1.20855323,1.19450638,14,True,-10.375627,51.7366156,13.9180472,49.9441525,18.2837806,5.66059832,2.7316097,3977.00355,1.20818758,1.19477035,21,-0.000263969061,0.000365649177,False,False,"[0.3332617922549227, 1.2682026775846125, 0.9806845226382117, 1.0553771214974375, 50.37562702977948, 11.208319952350314, 49.99999451393154, 18.939732940405253]","[0.3420674492045251, 1.300916385420999, 1.003456612454082, 1.0803556441435636, 51.73661564672469, 13.918047193136532, 49.94415247379756, 18.283780586943983, 0.09879607833082016]",0.195792718
771990200,950988621,HVA,VISam,calibration,aperture,49,33,1000,91.70746,138.90247,0.0697793927,23.4152146,27.4218172,7.70489001,920.169861,1.88745587,2.27768459,14,False,16.5847854,-1.07335985,24.4005513,30.0086514,8.04750758,-14.9382806,3.72893733,1051.75165,1.88156143,2.28588256,16,-0.00819797216,0.00589444428,False,False,"[0.5648665235958983, 0.577320279088158, 0.5380163600939887, 0.46189889736979667, 0.06977939273038612, 23.41521462782476, 27.421817190620313, 7.70489001401067]","[0.5566903255987319, 0.5299481642335317, 0.5175159089441151, 0.5545724128744995, -1.0733598490863097, 24.400551311676875, 30.00865144454972, 8.047507576428405, -0.26072218171865025]",2.35839751
771990200,950988621,HVA,VISam,calibration,point,49,33,1000,91.70746,138.90247,0.0313333705,23.4422314,27.9674779,9.33410985,1136.92428,1.88746591,2.27782943,14,False,16.5577686,-1.11775711,24.4257871,30.6017955,9.68153136,-14.9086847,3.16084247,1290.31663,1.88166343,2.28597527,21,-0.00814583731,0.00580247979,False,False,"[0.5643453282274414, 0.5794621306608544, 0.5405317208781827, 0.4641869129959321, 0.031333370518248534, 23.442231443010552, 27.96747788491603, 9.334109850490611]","[0.5558418101989985, 0.5293053434274778, 0.5171300004814506, 0.554037132187468, -1.1177571069331385, 24.42578714187139, 30.601795488731362, 9.681531361992903, -0.2602056350949189]",0.156151264
771990200,950988628,HVA,VISam,evaluation,aperture,21.25,13.75,800,80.871305,1231.2268,-32.0720883,-2.11820251,38.496414,24.4136992,4093.16447,2.09655462,2.20992167,15,False,7.92791167,-28.7314414,-6.56939363,33.5029183,17.7521343,30.3022229,1.88726142,2590.23127,2.09678057,2.20504544,20,0.00487622323,-0.000225949076,False,False,"[3.4526650038206794, 1.4862318768539162, 0.9850261887723536, 1.214045231079055, -32.0720883287006, -2.1182025066091685, 38.49641399978237, 24.413699243803556]","[3.567904540653777, 1.4755543352826754, 1.1051998848333746, 1.1738339894436727, -28.731441443912367, -6.569393625397397, 33.50291825433987, 17.75213433598108, 0.5288735606367823]",2.12027603
771990200,950988628,HVA,VISam,evaluation,point,21.25,13.75,800,80.871305,1231.2268,-32.0744194,-2.11858944,38.8335788,24.9350929,4217.19551,2.09655551,2.20992386,15,False,7.92558061,-28.7262989,-6.56520381,33.8875307,18.4726511,30.2947952,1.83447035,2726.30526,2.09678028,2.2050519,20,0.00487195912,-0.000224773826,False,False,"[3.452433663541488, 1.4863522485535874, 0.9852471709707266, 1.2142466235800984, -32.074419387637064, -2.1185894410130235, 38.83357883820644, 24.935092878171204]","[3.5675209566526864, 1.4758180243117829, 1.1052478822415754, 1.174297225309622, -28.726298942560486, -6.565203805497317, 33.88753070635868, 18.472651099157464, 0.5287439232530904]",0.169786107
771990200,950988636,HVA,VISam,calibration,aperture,66.471,17.059,1700,30.518231,44.204503,16.1888898,7.65821545,31.3916213,18.0253986,2464.35888,6.03151974,6.01972505,10,False,23.8111102,16.1195184,6.69984679,32.9279865,18.1930933,-12.5124814,1.80991687,2609.01786,5.99764763,6.02183904,8,-0.00211398944,0.0338721114,False,False,"[2.6169534330107043, 9.831432706810824, 8.565314661442839, 8.979450033339806, 16.188889812503714, 7.6582154538777765, 31.391621316862068, 18.025398624662735]","[2.4879926728207344, 9.900112488123524, 8.604136220721038, 9.04041064897144, 16.11951843507386, 6.699846785633166, 32.92798649263437, 18.193093319048316, -0.21838399840671663]",1.30855027
771990200,950988636,HVA,VISam,calibration,point,66.471,17.059,1700,30.518231,44.204503,16.1904853,7.65855356,31.7988541,18.7208228,2592.6371,6.03145972,6.01972964,10,False,23.8095147,16.121268,6.70031064,33.3178429,18.8841224,-12.5075839,1.76433102,2740.1795,5.99760817,6.02186063,11,-0.00213099222,0.0338515515,False,False,"[2.6158935874878675, 9.835162506198264, 8.568829466536537, 8.983190157631006, 16.19048533051558, 7.658553558692428, 31.79885412561352, 18.720822793730772]","[2.4866075349437855, 9.903474132901374, 8.607391003262322, 9.043951321319, 16.121267999677478, 6.7003106421899945, 33.31784294396073, 18.88412239684407, -0.21829852098144364]",0.099576897
771990200,950988642,HVA,VISam,calibration,aperture,50,18.571,1400,44.795132,86.276794,-1.33783195,10.3584209,40.1266862,16.2119161,2833.17221,0.968976512,0.893127872,17,False,29.6415791,-1.48203556,10.3009421,40.4657796,16.1588715,-3.99737686,2.50424539,2847.76579,0.96876354,0.893405362,16,-0.000277490233,0.000212972149,False,False,"[2.0287614999406913, 1.9647367633973196, 1.5895220495539637, 2.288442429685248, -1.3378319508000067, 10.358420850407049, 40.12668624670729, 16.211916117001394]","[2.0274416017480483, 1.963450687948178, 1.5879431635733194, 2.2960268778654482, -1.482035562045092, 10.30094214086345, 40.465779567525736, 16.158871530180615, -0.06976738771140045]",2.12997225
771990200,950988642,HVA,VISam,calibration,point,50,18.571,1400,44.795132,86.276794,-1.33393462,10.3551575,40.4605744,16.9943315,2994.6182,0.968985466,0.893141077,17,False,29.6448425,-1.47862209,10.2978159,40.7992995,16.9427334,-4.00613185,2.40807068,3010.51998,0.9687703,0.893418576,16,-0.000277499595,0.00021516557,False,False,"[2.0280295748423223, 1.9655446251345206, 1.5905007496364414, 2.2892826759203837, -1.3339346155471228, 10.355157537910818, 40.46057439206719, 16.994331506833284]","[2.0267255996005904, 1.964278377783559, 1.5889593596357503, 2.296893027330241, -1.4786220864729107, 10.297815852170794, 40.79929951594104, 16.94273339526051, -0.06992019098777336]",0.155148383
771990200,950988648,HVA,VISam,evaluation,aperture,83.333,-23.333,600,48.090366,8430.7351,-13.4976975,9.39663432,38.7351915,3.35531453,566.036288,1.50719123,1.57052844,12,False,26.5023025,-12.539356,9.71466767,39.3122911,3.25193546,-2.07501095,12.0888903,556.769712,1.50612118,1.57053311,23,-4.66836028e-06,0.00107005601,False,False,"[0.4043152894632301, 0.7417546016601931, 1.0435705405834803, 0.4384256309026385, -13.497697506243949, 9.396634324377022, 38.7351914762173, 3.355314530398549]","[0.40474829752234615, 0.7447228341154087, 1.0503814030877325, 0.4070006833299019, -12.539355962711499, 9.714667668320187, 39.31229108444051, 3.251935457556198, -0.03621577307598489]",2.40247143
771990200,950988648,HVA,VISam,evaluation,point,83.333,-23.333,600,48.090366,8430.7351,-13.4843288,9.25018915,39.01505,6.48817429,1102.4528,1.50807574,1.57032008,12,False,26.5156712,-11.8439637,9.88232275,40.0601195,6.40690351,-3.0467936,6.25264911,1117.80424,1.50699681,1.57019067,18,0.000129401153,0.00107893291,False,False,"[0.40480265016269557, 0.7536404738206047, 1.0593500246057528, 0.4407569684542067, -13.484328832539074, 9.250189152855935, 39.01504996992364, 6.488174294726006]","[0.40526264740238893, 0.7579263960583168, 1.0692812248893697, 0.40312192473344544, -11.843963716379907, 9.882322754854364, 40.06011953395955, 6.406903507520864, -0.0531765799446684]",0.201800751
771990200,950988660,HVA,VISam,calibration,aperture,72,24,500,79.648356,4247.6639,24.3260881,13.6588998,9.76207504,5.7184261,243.121846,0.986484069,0.938792818,16,False,15.6739119,23.7784748,13.6062243,10.7428208,5.61436151,17.5600336,1.9134537,262.678201,0.985829858,0.934665401,16,0.00412741691,0.000654210451,False,False,"[1.7284380414057618, 0.5015543370258363, 2.2749177463244843, 1.5821181099165451, 24.326088125627134, 13.65889975753918, 9.762075037077, 5.718426103856264]","[1.7255994401894281, 0.44004437428110116, 2.239975735693877, 1.543938351094001, 23.778474782401688, 13.606224333325303, 10.742820786368933, 5.614361505181779, 0.30648040291364254]",2.53890887
771990200,950988660,HVA,VISam,calibration,point,72,24,500,79.648356,4247.6639,24.3893958,13.864144,11.0821991,7.74661355,373.889415,0.986696309,0.93887201,13,False,15.6106042,23.8433693,13.7431514,11.8462302,7.79705669,16.9880263,1.51932078,402.268653,0.986140465,0.935024869,17,0.00384714065,0.00055584411,False,False,"[1.7281821248916671, 0.5130389226566625, 2.345301985360348, 1.6235771006113366, 24.389395782690578, 13.864143962852078, 11.082199124759065, 7.7466135519458055]","[1.7250562669854694, 0.4503655923955123, 2.2891489115914814, 1.5755260516381553, 23.843369328082257, 13.743151359897015, 11.84623024566656, 7.797056692116811, 0.29649699275974206]",0.147739604
771990200,950988666,HVA,VISam,calibration,aperture,33.333,23.81,2100,38.527395,62.989128,-12.7189749,11.4917391,40.9223814,21.7721687,3880.32337,1.3646197,1.32179262,11,False,27.2810251,-12.9017282,11.7352358,40.4809072,21.308499,-3.94580246,1.89975405,3756.71652,1.36423454,1.32247615,14,-0.000683532642,0.000385161617,False,False,"[0.5269260332261647, 1.2145781054392462, 1.081681814813267, 1.089799978181456, -12.718974868777932, 11.491739141870903, 40.922381403040326, 21.772168749131115]","[0.537035558744845, 1.2165875752462691, 1.0815683212035803, 1.0873301475704604, -12.901728242060864, 11.735235819397811, 40.48090718386077, 21.30849900338596, -0.06886724463552207]",1.46027242
771990200,950988666,HVA,VISam,calibration,point,33.333,23.81,2100,38.527395,62.989128,-12.7189256,11.4917025,41.238878,22.3548919,4014.99255,1.36462034,1.32179161,11,False,27.2810744,-12.9018804,11.7353638,40.8002372,21.9031402,-3.94841484,1.86275743,3892.01405,1.36423479,1.32247601,14,-0.000684404967,0.000385553959,False,False,"[0.526683097035154, 1.2148038779618295, 1.081935231052792, 1.0900526387867586, -12.718925587830874, 11.49170247929282, 41.23887797774184, 22.35489190437523]","[0.5368042088440199, 1.216822954964227, 1.0818306492658756, 1.0875909924959368, -12.901880420964442, 11.735363776605146, 40.80023717152024, 21.90314018716401, -0.0689128391737126]",0.125651684
771990200,950988678,HVA,VISam,calibration,aperture,78.182,16.364,1100,22.020316,35.88409,29.2262927,6.24865968,23.9741594,14.2355849,1486.36008,1.07235797,1.03593804,18,False,10.7737073,31.0023995,3.6557647,26.885173,15.5095509,-16.2585173,1.73345915,1816.00645,1.05424694,1.03315344,17,0.00278460165,0.018111027,False,False,"[0.24687170632731734, 2.1759537498238233, 2.321980276764147, 1.7811590112655058, 29.226292703826388, 6.248659677358552, 23.974159378704844, 14.23558488921301]","[0.20369749359146616, 2.1095157508372657, 2.2294674771502496, 1.7732287159505749, 31.002399537829145, 3.6557647042042025, 26.88517299403164, 15.509550903125508, -0.28376465762768355]",2.67339897
771990200,950988678,HVA,VISam,calibration,point,78.182,16.364,1100,22.020316,35.88409,29.1977876,6.25907465,24.4853075,15.0634526,1606.33239,1.07232605,1.03595253,17,False,10.8022124,31.0006307,3.66554934,27.351661,16.2993522,-16.1878815,1.6780827,1941.59829,1.05423845,1.03309162,21,0.00286090824,0.0180875946,False,False,"[0.24739756607752944, 2.181468006728335, 2.3277721611814717, 1.7850445969707667, 29.19778757991633, 6.2590746520370395, 24.48530747461416, 15.063452559278867]","[0.2037696281082515, 2.1120246349566103, 2.232130745157762, 1.7753535991038212, 31.000630662745404, 3.66554933555265, 27.3516610066636, 16.29935224540396, -0.2825318313823584]",0.20048443
771990200,950988684,HVA,VISam,evaluation,aperture,86.25,20,800,58.286424,559.51867,44.1762254,13.849041,50,28.1438764,6128.57137,1.25097605,1.30680042,14,True,-4.17622537,41.9852359,7.67195436,50,25.2188447,-17.7430021,1.98264435,5491.62054,1.24793934,1.30372057,19,0.00307985089,0.00303671194,False,True,"[1.2674328734520577, 1.4448149394588632, 1.3533163324517916, 1.4439926945828263, 44.17622536501779, 13.849041019907817, 49.99999999999783, 28.143876364189254]","[1.3209902585058915, 1.4056302477504694, 1.3072131897412327, 1.3817515922683785, 41.985235944782836, 7.671954355257304, 49.99999999999933, 25.21884470523699, -0.30967380534484845]",1.71626847
771990200,950988684,HVA,VISam,evaluation,point,86.25,20,800,58.286424,559.51867,43.9342759,13.8425961,50,28.5485566,6216.69397,1.25101762,1.30683557,14,True,-3.93427585,41.715708,7.73570065,50,25.6961275,-17.7933456,1.94581849,5595.55297,1.24797941,1.30374597,13,0.00308959301,0.00303821473,False,True,"[1.2692589875506244, 1.4418501191016995, 1.3505219570140732, 1.4412190466835582, 43.934275853487996, 13.842596148352733, 49.99999999999263, 28.54855659773315]","[1.32195025248966, 1.4033090758543099, 1.3050929241931095, 1.3796386340634907, 41.715708032638474, 7.73570064695776, 49.99999999633216, 25.696127466127113, -0.31055246573490347]",0.151791105
771990200,950988691,HVA,VISam,evaluation,aperture,50,22.857,700,30.657991,32.756426,-3.84930299,11.8591255,15.7856418,8.82290732,606.567714,1.6360441,1.65316895,19,False,28.1408745,-3.79566651,11.9075777,15.7209804,8.71546885,-2.91679157,1.80380203,596.72703,1.63594956,1.6521762,16,0.000992746879,9.45342623e-05,False,False,"[0.5490215124874948, 1.9144533177747003, 1.6074219634258293, 2.3114102911399903, -3.849302986179537, 11.859125483458905, 15.785641780414808, 8.8229073238253]","[0.550587585464255, 1.9209884672511672, 1.625317061958527, 2.3228483522627896, -3.795666514178015, 11.907577709343055, 15.72098039706438, 8.715468852687472, -0.05090761644995134]",2.51576958
771990200,950988691,HVA,VISam,evaluation,point,50,22.857,700,30.657991,32.756426,-3.8339492,11.8366001,16.6025937,10.1917952,736.93971,1.63613947,1.65348409,19,False,28.1633999,-3.77420448,11.8923344,16.5367029,10.0807365,-3.13039714,1.64042607,726.016543,1.63601851,1.65243271,17,0.0010513751,0.000120968357,False,False,"[0.5485562516563998, 1.9288222438438822, 1.619281242434482, 2.32714753965714, -3.8339492042436785, 11.836600092922765, 16.602593690406223, 10.191795249872168]","[0.5503772897671573, 1.9380063236910723, 1.640253143743204, 2.341511761188865, -3.7742044828653225, 11.892334392080588, 16.536702933340788, 10.080736485361617, -0.05463573704384239]",0.164288581
771990200,950988697,HVA,VISam,evaluation,aperture,45,15,400,81.776578,60.194298,-6.0143273,8.40531673,6.73864906,5.3468923,156.920472,1.65292021,1.70905279,11,False,31.5946833,-5.84574351,8.45931225,7.65737248,4.26191884,-38.7007634,1.79669599,142.13148,1.65234307,1.70920543,12,-0.000152643736,0.00057714124,False,False,"[0.45787824900812313, 2.1097493206393976, 1.447445736727366, 0.4453642804204784, -6.014327300828044, 8.405316733053164, 6.738649061610741, 5.346892303177452]","[0.45790185630742414, 2.16254661034661, 1.3910872377302252, 0.4549154567364662, -5.845743512126523, 8.459312246521868, 7.657372481391951, 4.261918837808453, -0.6754557442099118]",1.75011117
771990200,950988697,HVA,VISam,evaluation,point,45,15,400,81.776578,60.194298,-6.18849771,8.3831925,8.30640653,7.52935023,272.380499,1.65288987,1.70942907,12,False,31.6168075,-6.01104384,8.44186555,9.19942501,6.59137283,-40.653288,1.39567663,264.083879,1.6522085,1.70938832,8,4.07466827e-05,0.000681378456,False,False,"[0.4579441221970348, 2.255285495352439, 1.5734843316155414, 0.46921226511506425, -6.188497710396697, 8.383192502070305, 8.306406533469284, 7.5293502288860665]","[0.45805210282744896, 2.3877295991686585, 1.5611565227837314, 0.4971268407097583, -6.0110438364933465, 8.44186554659376, 9.199425013960068, 6.591372834136445, -0.7095337280925377]",0.109406774
771990200,950988703,HVA,VISam,calibration,aperture,58.333,10.833,1200,27.546457,44.92191,10.0828336,2.23948086,29.4771829,14.8870155,1911.16835,4.43588566,4.50505576,9,False,29.9171664,10.0136316,2.0541973,29.6863525,14.9743047,-3.73297676,1.9824862,1936.01553,4.42957052,4.5286364,10,-0.0235806467,0.00631513604,False,False,"[5.030026956534497, 15.99766434514538, 14.692429069186437, 14.391899032150379, 10.082833562947393, 2.239480855457586, 29.477182892392527, 14.887015473610294]","[4.986925491165072, 16.019468428627565, 14.66074583108339, 14.393390535355284, 10.013631575910154, 2.0541973000301392, 29.68635246453622, 14.974304749093628, -0.06515273537863209]",1.50868538
771990200,950988703,HVA,VISam,calibration,point,58.333,10.833,1200,27.546457,44.92191,10.0855926,2.23937782,29.9260385,15.7420375,2051.70777,4.43591164,4.50487134,9,False,29.9144074,10.0165885,2.0541175,30.1324718,15.8245793,-3.73336074,1.90415626,2076.69282,4.42958682,4.52844604,10,-0.0235746953,0.00632481209,False,False,"[5.022358438627343, 16.007146020638416, 14.701746380717411, 14.402805276824717, 10.085592570161062, 2.239377815748005, 29.92603847101829, 15.74203753879761]","[4.979273405941915, 16.028582887626108, 14.66992047235886, 14.404080824209752, 10.01658850404107, 2.0541174997481684, 30.132471789975263, 15.824579328197263, -0.06515943703700344]",0.10169138
771990200,950988709,HVA,VISam,evaluation,aperture,90,15,200,0.88542536,-72.614677,39.1803014,6.57107377,2,6.60795583,57.5575708,0.459595717,0.543373481,17,True,0.81969859,39.1166454,7.07829182,7.03239956,2,82.5233789,3.51619978,61.2546219,0.458068931,0.542739453,20,0.000634028073,0.00152678631,True,False,"[0.04720650556652332, 1.0684367935453873, 1.0183709261691583, 0.9312124082868825, 39.1803014096354, 6.571073765863319, 2.0000000000000004, 6.607955825334458]","[0.04662772940451729, 1.0573646702152915, 0.9941210245355943, 0.9079252808157766, 39.11664538814345, 7.078291815503157, 7.0323995633433745, 2.0000000000000004, 1.4403046713979863]",3.25933019
771990200,950988709,HVA,VISam,evaluation,point,90,15,200,0.88542536,-72.614677,37.4045432,6.39660635,5.03826489,9.01870593,197.893055,0.459061587,0.542225963,15,False,2.59545678,37.2449753,6.38574504,9.24501802,4.8600248,86.965071,1.90225738,195.682315,0.45823535,0.54169409,26,0.00053187283,0.000826237111,False,False,"[0.04600949704497618, 1.2255018399655417, 1.1821362049471376, 1.0862368738018064, 37.40454322295258, 6.396606349918516, 5.03826488840735, 9.01870593330479]","[0.04563768428246683, 1.249808985523941, 1.1966811366509418, 1.09933332630365, 37.244975261282875, 6.38574503900301, 9.245018021731658, 4.860024799206649, 1.5178268234602683]",0.166201508
771990200,950988719,HVA,VISam,evaluation,aperture,22.5,24.167,1200,4507.9322,731.70342,-27.2860286,12.506253,11.6622814,11.9946509,609.223233,1.06471044,1.09674605,16,False,12.7139714,-27.8973266,12.1973142,24.833872,7.96018105,29.8298177,3.1197622,860.939656,1.06305862,1.09129679,34,0.00544925624,0.00165182388,False,False,"[0.6225266805095919, 0.7619251048041713, 0.37663223463469164, 0.0634781034260044, -27.286028646710758, 12.50625302031, 11.662281366881642, 11.994650909378914]","[0.6152691487518605, 0.7012265065100268, 0.39738678394445043, 0.05496208334718578, -27.897326628255783, 12.19731422255045, 24.83387195143073, 7.960181050507835, 0.5206285342435439]",3.80464249
771990200,950988719,HVA,VISam,evaluation,point,22.5,24.167,1200,4507.9322,731.70342,-27.3183277,12.4731175,12.7530986,13.1275417,729.129136,1.06472989,1.09680373,18,False,12.6816723,-27.9268968,12.1689571,25.2235246,9.57184408,30.1760447,2.63517922,1051.4938,1.06310457,1.09140489,27,0.00539884221,0.00162531705,False,False,"[0.6223732058609156, 0.7615355513362483, 0.3757978386485345, 0.06328929587560565, -27.318327696231464, 12.47311751375829, 12.753098621045401, 13.127541674286187]","[0.6152183431638822, 0.7038259660184111, 0.39664643742157824, 0.05384130234076228, -27.926896829670696, 12.168957123867255, 25.223524628196433, 9.571844076578014, 0.5266713352266508]",0.247035485
771990200,950988723,HVA,VISam,calibration,aperture,66,18,500,68.771136,60.612674,19.3907827,7.86403758,7.19448828,13.1005574,410.482847,1.98017746,1.84281788,15,False,20.6092173,20.0980072,9.14235523,15.5746478,6.432231,67.2293915,2.4213446,436.299983,1.97567181,1.84227758,10,0.000540305501,0.00450565098,False,False,"[1.0219187733866875, 2.3100623206682505, 1.946736511938758, 0.44126049115053984, 19.39078272071944, 7.8640375804038705, 7.194488277034526, 13.10055742441309]","[1.011650994270015, 2.274901980275732, 1.9673254196927379, 0.4268100422258625, 20.09800721659268, 9.142355234959998, 15.57464778052863, 6.432230997005717, 1.1733742353900753]",2.18600189
771990200,950988723,HVA,VISam,calibration,point,66,18,500,68.771136,60.612674,19.3635878,7.7561064,8.92252168,14.0046986,544.21024,1.9802414,1.84251399,16,False,20.6364122,20.1832326,9.16878926,16.4630149,8.32983474,67.423207,1.97639154,597.243025,1.97584972,1.84229456,10,0.000219430084,0.00439167409,False,False,"[1.0212832233624538, 2.334945310147355, 1.9753335527346034, 0.4471270110897204, 19.363587753975587, 7.756106400064141, 8.922521680608146, 14.004698642387966]","[1.0103717425626326, 2.2995616282088798, 1.9896804290049666, 0.4309369726539026, 20.183232554452292, 9.168789259947275, 16.46301491764679, 8.3298347431693, 1.1767569535940865]",0.134935796
771990200,950988728,HVA,VISam,calibration,aperture,80,28.571,700,59.402774,1625.2837,31.9879764,19.2342754,50,14.2102321,3094.40037,1.31311021,1.29660269,13,True,8.01202364,32.7164022,17.6307262,50,14.289601,-5.1291651,3.499048,3111.68365,1.3125847,1.29615875,13,0.000443944633,0.000525502788,False,True,"[0.6996568590143771, 0.7813877106174086, 0.5861824369574219, 0.7625505446892601, 31.987976356682978, 19.234275428596167, 49.99999999987867, 14.21023208981209]","[0.6999086921423735, 0.7967331107462757, 0.5848647487608984, 0.7600420103918895, 32.71640224191679, 17.630726245608606, 49.999999999951534, 14.289601047540804, -0.08952081888260577]",2.39543229
771990200,950988728,HVA,VISam,calibration,point,80,28.571,700,59.402774,1625.2837,31.7468787,19.2381638,50,15.0920184,3286.41694,1.31315668,1.29665448,13,True,8.25312134,32.4689025,17.6557337,50,15.1674734,-5.13818044,3.29652796,3302.8479,1.3126316,1.29621681,15,0.000437670444,0.000525075978,False,True,"[0.6997243589494236, 0.7812786472575657, 0.5860141127976242, 0.762575494264344, 31.746878658705526, 19.238163827028767, 49.99999999951268, 15.092018421702942]","[0.6999698406225245, 0.7965279701380911, 0.5846460444759515, 0.7600017803480409, 32.46890245904088, 17.65573369570933, 49.999999999854545, 15.167473351407006, -0.08967816627561831]",0.135184542
771990200,950988736,HVA,VISam,evaluation,aperture,54.286,25.714,1400,57.172236,45.16356,2.73041372,11.9028071,20.0938568,21.5471723,1885.64059,0.933513265,0.914923474,10,False,28.0971929,2.13798651,11.8514137,25.4022489,17.4037753,45.9055532,1.45958268,1925.39998,0.928123431,0.909405511,11,0.00551796325,0.00538983396,False,False,"[1.273131124709557, 1.7222256623736094, 1.9227975660535808, 0.6550122054875592, 2.73041371924326, 11.902807129451508, 20.0938568396588, 21.547172342125364]","[1.2527768187456318, 1.831167496963165, 1.8960714201749036, 0.7255788878366571, 2.1379865116724757, 11.851413674954824, 25.40224889504677, 17.403775259548926, 0.8012030481690973]",1.42137831
771990200,950988736,HVA,VISam,evaluation,point,54.286,25.714,1400,57.172236,45.16356,2.73074522,11.9028458,20.7243761,22.1337059,1997.74904,0.933513498,0.914928868,10,False,28.0971542,2.13755755,11.8509192,25.9025292,18.1274639,45.8826833,1.42891081,2044.95875,0.928122366,0.909416482,11,0.00551238625,0.00539113225,False,False,"[1.27293626896603, 1.722783320540721, 1.9232753260228626, 0.6553886846432986, 2.7307452192849824, 11.902845758413706, 20.724376093530914, 22.13370593616803]","[1.252552297485298, 1.8318804869814411, 1.8968059900888337, 0.7260574948920322, 2.1375575487002507, 11.850919157011475, 25.902529238767425, 18.12746394099613, 0.8008038940734945]",0.111163485
771990200,950988742,HVA,VISam,calibration,aperture,65,20,1000,34.664611,48.204627,12.6523341,7.59373582,24.1508922,15.8182095,1663.77974,1.56805155,1.48634671,9,False,27.3476659,12.8414885,7.93201229,23.9048148,15.1272704,8.89167924,1.58024641,1574.89383,1.56318569,1.47019157,9,0.0161551379,0.00486586077,False,False,"[5.517482296262004, 10.240136019022419, 10.00376080736114, 9.228823213407107, 12.652334136156494, 7.593735822770346, 24.150892154516345, 15.818209534851508]","[5.6069985016079515, 10.339099065281705, 10.149772048047195, 9.330083549608876, 12.841488526971633, 7.932012290376884, 23.904814775362073, 15.127270376083763, 0.1551890788486614]",1.51578512
771990200,950988742,HVA,VISam,calibration,point,65,20,1000,34.664611,48.204627,12.6520202,7.59398984,24.6786918,16.6129517,1785.55925,1.56800078,1.48631211,9,False,27.3479798,12.8420686,7.93241662,24.4396698,15.9580306,8.90169521,1.53149661,1698.55634,1.56312242,1.47012961,9,0.016182508,0.00487836312,False,False,"[5.515626433055428, 10.247222731701202, 10.010332443605188, 9.235184090884799, 12.652020205153143, 7.5939898361484905, 24.67869181575543, 16.612951656174477]","[5.604864457813689, 10.347357585751725, 10.157493740518184, 9.337569014194084, 12.842068605144137, 7.932416621525813, 24.439669759702664, 15.958030588750786, 0.15536389041531473]",0.104866063
771990200,950988747,HVA,VISam,evaluation,aperture,40,30,1300,13.633359,30.610745,-10.0052954,19.929479,22.0118144,7.65292154,733.649173,1.84826289,1.95084322,9,False,20.070521,-9.43205618,19.1360198,23.1905889,6.97497444,11.8539559,3.3248278,704.465497,1.81242365,1.94950511,19,0.00133810777,0.0358392446,False,False,"[0.40924183758083493, 2.98164544955111, 3.461681202861317, 3.8006865924735638, -10.005295385548694, 19.929479049081138, 22.01181437524659, 7.6529215426786195]","[0.40345715175910374, 3.149887854438151, 3.454876514223591, 4.03226296570997, -9.432056180472522, 19.1360197593055, 23.190588932353304, 6.974974437349339, 0.2068905603296134]",2.12800148
771990200,950988747,HVA,VISam,evaluation,point,40,30,1300,13.633359,30.610745,-10.0140712,19.9275483,22.6212517,9.25448226,911.746467,1.8485713,1.95011665,10,False,20.0724517,-9.47623586,19.1171905,23.7920971,8.71406778,11.8718972,2.73030893,902.940194,1.81242902,1.94941527,11,0.000701376137,0.0361422724,False,False,"[0.4070292144545504, 3.0045654496739753, 3.4889777028588846, 3.827341527111973, -10.014071177485866, 19.92754828186954, 22.62125171598533, 9.254482263296001]","[0.40055937620876225, 3.1839642167021647, 3.492644110248178, 4.07112347182299, -9.476235863397031, 19.11719051521177, 23.792097061925734, 8.714067780551968, 0.20720369406793093]",0.128861683
771990200,950988749,HVA,VISam,evaluation,aperture,73.158,27.895,1900,52.807816,264.54434,28.4899398,16.5245346,50,18.3315371,3991.85001,1.90181354,1.78398102,10,True,11.5100602,28.2707326,16.1935576,50,18.4104398,-1.20898054,2.71585038,4009.03176,1.90172132,1.78374191,15,0.000239110799,9.22201071e-05,False,True,"[1.4792428968302083, 1.8691171915918907, 1.6377792942248386, 1.7899962816773651, 28.489939792096063, 16.524534618437986, 49.999999999298396, 18.331537071830383]","[1.477186003821822, 1.867748590822154, 1.6364126472146043, 1.7844938027066797, 28.270732552807463, 16.193557574416094, 49.99999999999053, 18.410439808930043, -0.021100691070265354]",1.66398201
771990200,950988749,HVA,VISam,evaluation,point,73.158,27.895,1900,52.807816,264.54434,28.2805072,16.5219812,50,18.9993885,4137.28041,1.90186338,1.78397031,10,True,11.7194928,28.0643369,16.1965148,50,19.0751011,-1.20475312,2.62121809,4153.76748,1.90177224,1.78373023,15,0.000240080262,9.11376098e-05,False,True,"[1.4798686557893723, 1.8693042972527438, 1.6377721812086594, 1.79016598480974, 28.2805071950082, 16.521981175780997, 49.99999999977447, 18.999388509517306]","[1.477819711921186, 1.8679727199728693, 1.6364225069289613, 1.784708421391897, 28.06433688658937, 16.196514828312733, 49.999999999993555, 19.075101090034526, -0.021026908686001766]",0.131511905
771990200,950988751,HVA,VISam,evaluation,aperture,40,20,900,36.10058,36.853187,-13.9895819,11.6387012,17.4775561,16.7580788,1275.58752,2.05748416,2.06231573,8,False,26.0104181,-13.9578451,11.4374217,18.5083841,16.3392657,28.0174967,1.13275495,1317.06245,2.05603347,2.06356163,14,-0.00124589806,0.00145069142,False,False,"[1.259435686105066, 3.9894831627993663, 2.659825339318831, 3.488599625240716, -13.989581913657037, 11.638701229624996, 17.47755605451085, 16.75807878571379]","[1.2464282369503696, 3.966377490185103, 2.6427362741029174, 3.45395165051548, -13.95784508949162, 11.437421741546398, 18.5083841069685, 16.33926572960673, 0.4889975654409642]",1.85766709
771990200,950988751,HVA,VISam,evaluation,point,40,20,900,36.10058,36.853187,-13.9874328,11.6403243,18.2026184,17.5173293,1388.69569,2.05750554,2.06233168,8,False,26.0125672,-13.9568194,11.4390501,19.1924777,17.1196112,28.0195844,1.1210814,1430.96915,2.05606507,2.06356715,14,-0.00123546904,0.00144046537,False,False,"[1.2587511257588155, 3.9913199052138397, 2.662038554208271, 3.4908286965831388, -13.987432756872307, 11.640324252615693, 18.202618363170117, 17.517329347693966]","[1.2457252652604274, 3.967851180824782, 2.644793735294273, 3.4559296913187088, -13.95681939162514, 11.439050114237265, 19.192477680213678, 17.11961121090933, 0.48903400332514924]",0.133196113
771990200,950988753,HVA,VISam,evaluation,aperture,58.75,21.25,800,106.66134,99.171628,2.27458955,12.2282346,13.774079,6.8605525,411.554156,5.70610756,6.01022661,11,False,27.7717654,1.90772957,12.0955926,15.4681622,7.17997409,-25.6498566,2.15434791,483.689793,5.70662559,6.01449455,11,-0.00426794,-0.000518026336,False,False,"[5.52691963060683, 4.392663178814189, 2.9215684505588304, 2.409098213836384, 2.274589548238461, 12.228234563659456, 13.774079012504787, 6.860552501091248]","[5.497862889149812, 4.579156865223278, 2.450103095014059, 2.3280226082780344, 1.9077295691472858, 12.095592615142664, 15.468162153018584, 7.1799740880030525, -0.4476744504612624]",2.19302389
771990200,950988753,HVA,VISam,evaluation,point,58.75,21.25,800,106.66134,99.171628,2.28925922,12.2086209,14.7049792,8.5871042,549.941479,5.70615834,6.01127277,11,False,27.7913791,1.86016399,12.0921094,16.2519614,8.7610964,-25.1349385,1.85501456,620.111192,5.70674042,6.01597546,14,-0.0047026949,-0.000582072804,False,False,"[5.525895702401849, 4.461521415628503, 2.9648251376783206, 2.4497036751060244, 2.2892592186008014, 12.208620856622417, 14.704979206712489, 8.587104204837573]","[5.499414230143555, 4.662599058238058, 2.4924068814254063, 2.365481191810923, 1.8601639851543892, 12.0921094260828, 16.25196135312339, 8.761096403825468, -0.4386874344190219]",0.140167115
771990200,950988755,HVA,VISam,evaluation,aperture,45,13.333,600,31.442292,40.899041,-5.97618644,3.44687064,16.9854022,7.31319847,540.989111,2.45547086,2.47719847,10,False,34.0238136,-5.83221463,3.28814287,17.901807,7.45640502,6.94349334,2.40086301,581.341987,2.45041185,2.46482926,13,0.0123692028,0.00505900879,False,False,"[1.4507883230778094, 4.318234419219616, 4.100453777741517, 5.812911688647206, -5.976186435820327, 3.4468706365385278, 16.98540219119274, 7.313198468100737]","[1.4319732912308851, 4.2171482895208605, 4.013498354407064, 5.680702053438512, -5.832214633029871, 3.2881428661227847, 17.90180699762663, 7.456405024635731, 0.12118682034959827]",1.93040961
771990200,950988755,HVA,VISam,evaluation,point,45,13.333,600,31.442292,40.899041,-6.00294788,3.4503479,17.762582,8.98208318,694.845898,2.45513164,2.47788941,10,False,33.9970521,-5.85724565,3.29722321,18.6327345,9.07308038,6.96601818,2.05362828,736.269284,2.44997294,2.46526429,13,0.0126251248,0.00515869576,False,False,"[1.4471297620055918, 4.36344091470409, 4.142215819868371, 5.874393570280139, -6.0029478824649, 3.4503479032778785, 17.762581998585766, 8.98208318166934]","[1.4291693545069761, 4.265491036373107, 4.057502795103487, 5.744784358783442, -5.857245646665794, 3.2972232128706804, 18.632734470027938, 9.073080384409488, 0.1215799529289665]",0.114091652
771990200,950988761,HVA,VISam,evaluation,aperture,79.091,18.182,1100,35.038555,106.59954,60,8.74635202,32.9747225,18.8179753,2702.46062,0.797910364,1.1135629,21,True,-20,60,-1.32249714,36.3196003,16.2783818,-25.0629364,2.23115545,2574.88371,0.797179403,1.1136239,23,-6.09955823e-05,0.000730961843,False,False,"[0.0904797145015649, 0.32798432300928126, 0.19014615618915365, 0.2813507606688941, 59.99999999999999, 8.74635201523745, 32.97472249344926, 18.817975325303994]","[0.09127919417951319, 0.3309185726165396, 0.20159019079982757, 0.28624706923288556, 59.99999999999999, -1.3224971395710046, 36.319600284138986, 16.278381798010123, -0.43743076044472806]",3.79571478
771990200,950988761,HVA,VISam,evaluation,point,79.091,18.182,1100,35.038555,106.59954,60,8.75622472,33.3414081,19.4478891,2823.98079,0.797913374,1.11355327,21,True,-20,60,-1.32475432,36.5504158,16.8801164,-25.099523,2.16529407,2687.03355,0.797233668,1.11367161,25,-0.000118347711,0.00067970585,False,False,"[0.09053052585207041, 0.3283782400303429, 0.19030698240577232, 0.2817031472273972, 59.99999999999999, 8.75622471885018, 33.34140814902479, 19.447889139264063]","[0.09160144507333014, 0.33305079725810216, 0.20257913559085938, 0.28791698062537535, 59.99999999999999, -1.324754321371593, 36.55041584964774, 16.880116390133953, -0.43806931764610546]",0.292232377
771990200,950988778,HVA,VISam,calibration,aperture,86.667,23.333,300,14.970186,323.66461,32.8479299,13.3409987,8.95850778,7.36033946,287.169855,0.490802539,0.606188544,11,False,7.15207006,32.9928743,13.5360842,9.77363265,7.17067639,23.9192269,1.3630001,305.225957,0.489934535,0.605400429,13,0.000788115206,0.00086800445,False,False,"[0.050786869010701646, 0.4602520902456022, 0.6242701789222516, 0.2872543400457452, 32.84792993601277, 13.340998702808623, 8.958507780514523, 7.360339463967147]","[0.050216579149479725, 0.4408426839524437, 0.6186235100595389, 0.2917985901121963, 32.99287433009085, 13.536084219324762, 9.773632649145316, 7.170676390598964, 0.41746926425995134]",1.72569809
771990200,950988778,HVA,VISam,calibration,point,86.667,23.333,300,14.970186,323.66461,32.8568719,13.3504702,10.3798354,9.04171001,408.739276,0.49075845,0.60624265,10,False,7.14312815,32.9936726,13.5136589,11.0085995,8.95277813,23.6467009,1.22962944,429.235096,0.489996973,0.605622185,10,0.000620465754,0.00076147765,False,False,"[0.050604811016428636, 0.46789066312902505, 0.633586559262678, 0.29210255654073364, 32.8568718529297, 13.350470157544951, 10.379835434722862, 9.041710013151324]","[0.050022911421189746, 0.4477330268366426, 0.6263166771661324, 0.29539678101570854, 32.99367262468238, 13.513658926039716, 11.008599527626629, 8.952778128013694, 0.412712787703563]",0.104769538
771990200,950988783,HVA,VISam,evaluation,aperture,46,-29,1000,8142.4964,88.411522,-31.199574,-59.9993676,2.57757273,7.92530394,88.9676634,1.26959159,1.34692616,27,False,-19.9993676,-18.5172031,-59.9999992,12.3454138,2,-48.6685696,6.17270689,107.532805,1.26958677,1.34593097,36,0.000995192866,4.81841157e-06,True,False,"[0.7002752910988145, 8.055391069165626, 3.883957585116189, 3.4273876410134987, -31.199574011764938, -59.99936758669446, 2.5775727312333205, 7.925303938329247]","[0.6990290332176269, 4.254809176940479, 2.2625625958945803, 1.9609387798597042, -18.51720307734671, -59.99999920184739, 12.34541378629027, 2.0000000000002545, -0.8494267819839213]",5.32960719
771990200,950988783,HVA,VISam,evaluation,point,46,-29,1000,8142.4964,88.411522,-31.5296287,-52.7977372,5.53502292,8.53322512,205.701736,1.26954509,1.34652002,23,False,-12.7977372,-59.9967404,-24.302708,28.6800628,2.5054476,-28.083309,11.4470815,312.946971,1.26892902,1.34529377,106,0.00122625165,0.000616071469,False,False,"[0.6997114499209212, 3.1101808837806577, 1.5256342278730628, 1.3568691802617654, -31.5296286981304, -52.797737168708835, 5.5350229224673075, 8.533225121704952]","[0.6981276444478898, 1.7253426904730063, 1.1621541871723515, 1.0396397291523898, -59.99674042535592, -24.302707952478606, 28.680062825642494, 2.5054476044049503, -0.4901462060645638]",0.688273434
771990200,950988788,HVA,VISam,calibration,aperture,83.333,21.667,600,33.247487,385.4211,59.9999853,11.5835917,42.2422875,14.9086776,2742.78574,0.868951043,0.9709049,15,True,-19.9999853,60,5.33723342,47.1592137,15.1255203,-11.9730289,3.11785729,3106.57761,0.867440606,0.972562329,19,-0.00165742817,0.0015104371,False,False,"[0.13402100189810293, 0.3990230038323498, 0.34470662284863623, 0.35301985939100206, 59.99998525922108, 11.583591739748917, 42.2422875415248, 14.908677638047354]","[0.1286610524233998, 0.3807361023372875, 0.33703593816199906, 0.3294142877407473, 59.99999998762691, 5.337233419361901, 47.1592136867346, 15.1255202980397, -0.2089687753768068]",2.438589
771990200,950988788,HVA,VISam,calibration,point,83.333,21.667,600,33.247487,385.4211,59.9999839,11.5913792,42.5702558,15.7605437,2922.01731,0.868961598,0.970895766,15,True,-19.9999839,60,5.34652477,47.4477518,15.9647997,-11.9675867,2.972023,3299.01615,0.867452752,0.97254617,18,-0.00165040367,0.00150884584,False,False,"[0.1339358309223208, 0.3989310275533802, 0.344733379401877, 0.35296818271312336, 59.99998392785805, 11.591379154894002, 42.57025576625591, 15.760543675823968]","[0.12858779837197815, 0.3807102870043855, 0.33708085055753206, 0.3294291718825663, 59.99999998661726, 5.346524772148117, 47.44775175117835, 15.96479965284644, -0.2088737912491132]",0.169822446
771990200,950988792,HVA,VISam,evaluation,aperture,81.25,41.25,800,38.930266,56.863558,44.3093113,38.0769123,38.4726583,31.5610159,5288.20763,0.531103633,0.581240062,11,False,-4.30931134,46.6592687,42.5304956,39.7404302,28.2497938,32.4195407,1.40675116,4889.37307,0.531670461,0.58254979,14,-0.00130972796,-0.000566828229,False,False,"[0.016812704040946612, 0.19015512838330792, 0.21862372968647495, 0.3618369610038207, 44.30931133751986, 38.07691230553485, 38.47265826376245, 31.56101588762872]","[0.01609869402308413, 0.20134254794537454, 0.2340099202818011, 0.3859279033353876, 46.65926868700715, 42.53049557571656, 39.74043020898498, 28.249793846374093, 0.5658277267984175]",1.68778122
771990200,950988792,HVA,VISam,evaluation,point,81.25,41.25,800,38.930266,56.863558,44.3069316,38.077139,38.797305,31.959106,5400.09637,0.531104131,0.581242519,11,False,-4.30693161,46.6639972,42.5389926,40.0632983,28.6922231,32.4418153,1.3963121,5006.29261,0.531672254,0.582555234,14,-0.00131271482,-0.000568123066,False,False,"[0.01680840907124222, 0.1901608909720558, 0.21863265284418829, 0.36184272685435354, 44.30693160625667, 38.07713896466164, 38.797304950809284, 31.95910599438652]","[0.01608857647722871, 0.20137286487585132, 0.23404699643379612, 0.3859741625067087, 46.66399715403452, 42.538992617165796, 40.06329833221172, 28.692223143492363, 0.5662164919319101]",0.131098248
771990200,950988801,HVA,VISam,calibration,aperture,86,22,500,20.573916,166.9079,42.2642329,11.6074943,18.6522022,14.2226395,1155.35553,0.552714779,0.502289252,8,False,-2.26423289,41.2285693,10.1455672,18.3049027,13.6123275,-24.4110828,1.34472981,1085.1884,0.552609602,0.503807361,6,-0.00151810957,0.000105176077,False,False,"[0.04883146256323688, 0.32765724764532966, 0.4819088609517625, 0.4168326651857783, 42.264232886519544, 11.607494326058603, 18.65220216021124, 14.222639541215884]","[0.04969747881994322, 0.32506991754034387, 0.4804878687786435, 0.4159062740879546, 41.228569319295204, 10.145567181093448, 18.304902658969883, 13.612327522839985, -0.4260537686117749]",1.38576744
771990200,950988801,HVA,VISam,calibration,point,86,22,500,20.573916,166.9079,42.2807356,11.6050233,19.3444668,15.1024851,1272.36147,0.552713881,0.502303774,8,False,-2.28073557,41.1911299,10.1372589,18.9826103,14.5143422,-24.639681,1.30785192,1199.93748,0.552613686,0.50383718,11,-0.00153340677,0.000100195607,False,False,"[0.048790998622613435, 0.3280283338102736, 0.4824966366213794, 0.41734562162408967, 42.28073557410848, 11.605023268509498, 19.344466753914727, 15.102485093404576]","[0.04968673858570051, 0.32535986385332916, 0.48105189621306077, 0.41631975429135076, 41.19112989870022, 10.137258940226776, 18.982610253976617, 14.514342170827437, -0.43004356081461514]",0.0920917261
771990200,950988809,HVA,VISam,evaluation,aperture,70,13,1000,34.403271,52.117917,1.82323783,-7.97231098,5.97032588,2,52.0035944,1.17006505,1.1544918,23,True,32.027689,1.77028587,-7.98939525,5.99380776,2,1.71257003,2.99690388,52.2081297,1.16997525,1.1543529,12,0.00013890409,8.97956065e-05,True,False,"[0.3217712388761779, 0.7337703422301511, 1.3307117983957177, 1.6212730170615843, 1.8232378276041084, -7.97231097538097, 5.970325881569483, 2.000000000499873]","[0.3216929192471206, 0.7354605225260961, 1.3303794564485438, 1.622141718769141, 1.7702858658232188, -7.9893952452495975, 5.993807763002597, 2.0000000000000004, 0.02988998575985602]",2.40434577
771990200,950988809,HVA,VISam,evaluation,point,70,13,1000,34.403271,52.117917,2.4881053,-6.10493576,8.5853424,3.96251632,148.161039,1.1699363,1.15448885,24,False,33.8950642,1.97185326,-5.47848148,8.22459638,2.6417072,-2.55137723,3.11336411,94.624719,1.16923451,1.15561305,36,-0.00112420393,0.00070179331,False,False,"[0.3228335340685811, 1.1295855165365898, 2.299682649206053, 2.8108636552864947, 2.488105295945099, -6.104935761263378, 8.585342402992959, 3.9625163218581365]","[0.3235414167408142, 3.0276900959795534, 6.23108881069638, 7.542414638023843, 1.9718532553796926, -5.478481482018528, 8.224596382350224, 2.64170719589089, -0.04452993316678788]",0.306580196
771990200,950988813,HVA,VISam,evaluation,aperture,55,15,400,18.35804,11.087553,6.25932844,0.784298667,3.58732509,2.57871919,40.2884089,0.347478462,0.457551057,17,False,33.7406716,6.25265848,0.778053238,3.56106153,2.50268367,10.8567482,1.42289718,38.8142114,0.347598675,0.456768619,10,0.000782438292,-0.000120212915,False,False,"[0.028585096628612063, 0.6409971074904045, 0.12322898476740053, 0.20204821036979942, 6.259328441468162, 0.7842986667056753, 3.5873250937477104, 2.578719187548355]","[0.02865898807803627, 0.64192315300735, 0.12015370312499803, 0.20127970046449914, 6.252658481611173, 0.7780532375031008, 3.5610615312940825, 2.5026836680102753, 0.18948600225157208]",2.01664457
771990200,950988813,HVA,VISam,evaluation,point,55,15,400,18.35804,11.087553,6.03940298,1.16336299,6.16955801,6.58384105,176.904434,0.346705532,0.45352862,14,False,33.960597,6.0425691,1.15550936,6.58052739,6.13156153,82.2048057,1.07322211,175.726444,0.346787817,0.453380016,8,0.000148603292,-8.22847539e-05,False,False,"[0.028082695785454338, 0.8079520242365539, 0.16077921508378107, 0.24690127761277897, 6.039402978231301, 1.1633629876227645, 6.1695580133686, 6.583841052884368]","[0.028130229347052827, 0.8119832597127085, 0.1596768655837303, 0.24764149802881863, 6.042569100668101, 1.155509361675205, 6.58052738573628, 6.131561529023273, 1.4347445203837044]",0.10372467
771990200,950988817,HVA,VISam,calibration,aperture,85,15,400,41.708946,684.43183,37.4304212,5.08577065,15.5673415,11.2192092,760.645027,2.59969413,2.87828533,8,False,2.56957878,37.602531,5.63402598,15.9913289,11.2285219,9.39195503,1.42417043,782.010302,2.5995135,2.87727564,14,0.00100968818,0.000180624425,False,False,"[1.414945125795933, 3.327021649583146, 2.6992277395406763, 2.5626332611434703, 37.430421224750155, 5.085770653840399, 15.567341520313683, 11.21920924462624]","[1.4120332936140207, 3.319790570217161, 2.6820796166533056, 2.544096601084432, 37.60253097856617, 5.634025984212645, 15.991328858617951, 11.22852189672586, 0.16392053854898947]",2.01875933
771990200,950988817,HVA,VISam,calibration,point,85,15,400,41.708946,684.43183,37.3655847,5.09750978,16.3435987,12.3302195,877.654989,2.59969323,2.87830855,9,False,2.63441531,37.5403745,5.62744348,16.7396687,12.3392539,9.20673412,1.3566192,899.582686,2.59951947,2.8773301,18,0.000978455362,0.000173762451,False,False,"[1.414543711230241, 3.334748160864635, 2.7039498662870933, 2.5689754443302566, 37.36558468918579, 5.0975097810997845, 16.34359867823518, 12.330219468671105]","[1.4117109633806615, 3.327299271028563, 2.6869454233481345, 2.550657144688644, 37.540374522205205, 5.627443482297, 16.739668727174955, 12.339253867915449, 0.16068782372450663]",0.130908796
771990200,950988826,HVA,VISam,calibration,aperture,75.556,26.667,900,50.086589,444.99261,30.6423655,13.2388459,16.7734693,12.6181519,921.772991,2.8558596,3.15636949,16,False,9.35763445,36.1021366,10.0764899,24.9784748,12.9928181,-20.0325268,1.92248322,1413.43098,2.85342307,3.16485664,24,-0.00848715041,0.00243653623,False,False,"[0.868409780916727, 1.4974927566111729, 1.5263772359210133, 1.355970632143349, 30.642365548313858, 13.23884589757774, 16.773469256157277, 12.618151924204337]","[0.839024375727996, 1.4160453644325675, 1.4375091258866497, 1.335637823228001, 36.10213656094555, 10.07648988483929, 24.978474821051137, 12.992818100440386, -0.3496335505925412]",4.15304814
771990200,950988826,HVA,VISam,calibration,point,75.556,26.667,900,50.086589,444.99261,30.6057659,13.2425691,17.4949471,13.6044518,1036.57089,2.85581308,3.15623935,16,False,9.39423408,35.8831277,10.1496401,25.2867992,13.8449846,-20.0937701,1.82642306,1524.72552,2.8534025,3.1647093,27,-0.00846994866,0.00241057671,False,False,"[0.8683080905976337, 1.5012304011874054, 1.5294891422177286, 1.359456225806758, 30.60576592010648, 13.242569093298039, 17.49494705516562, 13.604451766115407]","[0.8402327408459415, 1.4225706436046772, 1.4425174353916475, 1.3392771098904557, 35.883127722143534, 10.149640101351592, 25.286799228147654, 13.844984647228177, -0.3507024476969367]",0.281613674
771990200,950988831,HVA,VISam,evaluation,aperture,42.857,33.81,2100,76.783047,130.91715,-9.25849943,20.3602335,50,17.6032543,3833.26018,1.50437736,1.63546843,14,True,19.6397665,-10.0097335,21.4833262,50,17.2420038,-11.6955438,2.89989496,3754.59476,1.50211671,1.63069883,22,0.00476960614,0.00226065023,False,True,"[0.5523435229671996, 0.49254849152223706, 0.5462929465762345, 0.5125330099240538, -9.25849942549372, 20.360233485406123, 49.99999999999999, 17.6032543236827]","[0.5471550858394522, 0.5338998763773282, 0.558758537175414, 0.5196127476418538, -10.00973351113523, 21.48332615173825, 49.999999997431935, 17.242003798521736, -0.20412574714608134]",2.28377154
771990200,950988831,HVA,VISam,evaluation,point,42.857,33.81,2100,76.783047,130.91715,-9.17785572,20.3570386,50,18.3377396,3993.20067,1.50439754,1.63540365,13,True,19.6429614,-9.91895073,21.4685653,50,17.9643871,-11.7069469,2.78328448,3911.89996,1.5021399,1.63062013,11,0.0047835227,0.00225764149,False,True,"[0.5521984434321437, 0.49309308996645584, 0.5467426865097005, 0.5128738230612321, -9.177855716479522, 20.357038569214048, 49.99999999999999, 18.33773960007943]","[0.5472723701000244, 0.5343515330767827, 0.5591139265532739, 0.5200682299409051, -9.91895073098279, 21.468565250911052, 49.99999999999999, 17.964387138078692, -0.20432476838546876]",0.156224772
771990200,950988844,HVA,VISam,evaluation,aperture,78.889,27.778,900,44.586439,69.24511,48.4920514,10.2089443,44.2821225,29.8988848,5766.18734,1.25507026,1.12918497,22,False,-8.49205141,48.5417013,10.8496107,44.1158679,29.7685506,2.27386922,1.48196224,5719.49714,1.25507455,1.12921081,15,-2.58320273e-05,-4.28195655e-06,False,False,"[0.21454666036612438, 0.513299383077881, 0.6101444738141447, 0.5220141706013431, 48.4920514080071, 10.208944267987615, 44.28212246044602, 29.8988848460574]","[0.21551879045414093, 0.5140546999294104, 0.611026093908169, 0.5230672693620583, 48.541701293870176, 10.849610716653807, 44.11586791335208, 29.768550603159156, 0.039686504698265956]",1.83192972
771990200,950988844,HVA,VISam,evaluation,point,78.889,27.778,900,44.586439,69.24511,48.4790595,10.2103811,44.5487853,30.3071402,5880.11952,1.25507058,1.12918047,22,False,-8.47905945,48.5327107,10.8508857,44.3890529,30.182484,2.27623496,1.47068919,5834.93721,1.25507442,1.1292078,15,-2.73341161e-05,-3.83957309e-06,False,False,"[0.214638318968489, 0.5132405618849724, 0.6100866392256195, 0.5219719871437318, 48.479059454133456, 10.210381075647424, 44.54878527215592, 30.30714019575391]","[0.21557727724668554, 0.5140225252317879, 0.6109979365223793, 0.5230438429124477, 48.53271069716432, 10.850885705364094, 44.38905294012867, 30.182483957696924, 0.03972779463011533]",0.152858566
771990200,950988863,HVA,VISam,evaluation,aperture,83.333,18.333,600,13.858238,33.848288,41.2872178,8.79300183,30.8760811,11.858411,1594.60823,0.612788631,0.567276539,10,False,-1.28721777,40.7802764,9.09482434,30.4404512,11.8495336,1.21133744,2.56891555,1570.93303,0.613413633,0.56756268,13,-0.000286141161,-0.000625001728,False,False,"[0.0207907454826045, 0.641672454374364, 0.7301524689370688, 1.305272846453715, 41.28721776778733, 8.793001827659783, 30.876081107637326, 11.858410980694943]","[0.021304573938618655, 0.6397694270488188, 0.7275663096182188, 1.3032430230191254, 40.780276400010806, 9.094824343484007, 30.440451163218956, 11.849533634261391, 0.0211418267543122]",1.88144152
771990200,950988863,HVA,VISam,evaluation,point,83.333,18.333,600,13.858238,33.848288,41.319886,8.785637,31.3260127,12.9126342,1761.67299,0.61279045,0.567344014,11,False,-1.31988603,40.8250883,9.08515984,30.9063035,12.9056189,1.19572073,2.39479437,1737.12564,0.613405785,0.567629362,7,-0.000285347658,-0.000615335121,False,False,"[0.02054410046751681, 0.642728818666397, 0.7313555258701745, 1.307134617031448, 41.31988602537491, 8.78563700466975, 31.326012650066268, 12.912634167997336]","[0.021040975867701133, 0.6408683363857451, 0.728817313647536, 1.3051273192973922, 40.825088326630954, 9.085159841293182, 30.906303459847116, 12.90561889985999, 0.02086926375465681]",0.133592079
771990200,950988884,HVA,VISam,evaluation,aperture,81.429,17.143,700,30.829836,101.42814,31.5433824,7.87184196,24.0273034,9.87725825,1033.58636,0.923148481,0.88246751,10,False,8.45661757,33.6220923,10.239144,30.1644056,9.67392273,19.6764861,3.11811521,1270.87464,0.916891088,0.881998529,16,0.000468981031,0.00625739258,False,False,"[0.19926948139003803, 0.6010338499763029, 0.3553642420752575, 0.5584102842253741, 31.54338242940645, 7.871841961706655, 24.027303377197903, 9.877258245759743]","[0.18913740276725302, 0.6015952358557582, 0.38214396906667897, 0.552106415653207, 33.62209233466603, 10.2391439774371, 30.164405565235487, 9.67392273173114, 0.34341946789446576]",1.92094145
771990200,950988884,HVA,VISam,evaluation,point,81.429,17.143,700,30.829836,101.42814,31.599374,7.89564765,24.54789,11.0808889,1184.66101,0.923174444,0.882496345,10,False,8.40062598,33.7218319,10.2459409,30.6626944,10.9770969,19.5930024,2.79333367,1465.89595,0.916936791,0.881910798,14,0.00058554656,0.0062376537,False,False,"[0.19939781687206312, 0.6044713279604136, 0.3565509398664459, 0.5623460113569506, 31.599374020979674, 7.895647650185016, 24.547889951535872, 11.080888875869928]","[0.1888401862833324, 0.6030976218897124, 0.38334648139399885, 0.5537436148985081, 33.7218319375493, 10.245940936668104, 30.662694433201594, 10.977096936066019, 0.34196240206371575]",0.130566565
771990200,950988889,HVA,VISam,calibration,aperture,79.091,21.818,1100,28.163982,60.859872,43.1962767,12.1011518,43.8818972,20.0611312,3833.94734,2.11203766,2.12985513,9,False,-3.19627667,42.5150091,8.46067081,44.868231,19.5334261,-9.57201433,2.29699751,3817.00475,2.09375421,2.12116563,13,0.00868949914,0.0182834427,False,False,"[0.48717152761680316, 4.354934262276841, 4.2162686229804205, 4.456906867739403, 43.19627666961331, 12.101151794768036, 43.88189715716556, 20.061131220174218]","[0.4953294238897104, 4.332623697792995, 4.179981929299599, 4.431443291419653, 42.51500914997764, 8.460670808533045, 44.86823104513058, 19.533426091460697, -0.16706316608227745]",1.52866241
771990200,950988889,HVA,VISam,calibration,point,79.091,21.818,1100,28.163982,60.859872,43.2079204,12.1018531,44.1805504,20.6858831,3980.25152,2.11201415,2.12982764,10,False,-3.20792041,42.5295936,8.46053277,45.1631203,20.1761342,-9.56740527,2.2384427,3968.5077,2.0937336,2.12113196,13,0.00869567421,0.0182805477,False,False,"[0.48682609498267, 4.356235799544526, 4.217627425965576, 4.458204350602034, 43.20792040901436, 12.101853051537717, 44.180550411204344, 20.685883083189438]","[0.4948824042021455, 4.334101212951646, 4.181449363731372, 4.432871515490898, 42.52959358011638, 8.460532766378234, 45.163120324707265, 20.17613421312399, -0.16698272291676197]",0.118647155
771990200,950988899,HVA,VISam,evaluation,aperture,84,18,500,22.472484,200.656,31.5643273,9.15481859,6.58049506,12.7678656,365.916675,0.288883108,0.316708038,14,False,8.43567265,31.598783,9.24328431,13.520375,6.86538986,-77.4806842,1.96935284,404.258604,0.288335646,0.315391376,13,0.0013166625,0.000547462107,False,False,"[0.01937329844634481, 0.15408613728182521, 0.15733389506955361, 0.14191901645328275, 31.564327348156723, 9.15481858935285, 6.580495064325117, 12.767865640401775]","[0.018973986317713853, 0.14568993143339326, 0.15214190889019846, 0.14368308316506054, 31.598783006433507, 9.243284314121286, 13.52037503135876, 6.865389859282381, -1.3522930464618876]",2.3057021
771990200,950988899,HVA,VISam,evaluation,point,84,18,500,22.472484,200.656,31.5800676,9.1342056,8.41851615,13.6718359,501.265384,0.2889327,0.316583201,15,False,8.41993236,31.5396933,9.14383214,14.4117727,8.39099983,-75.9806319,1.71752747,526.667411,0.288394436,0.315138507,15,0.00144469379,0.000538263696,False,False,"[0.019409188900875313, 0.1577963224467624, 0.16059811756576026, 0.1430590289328597, 31.580067640956276, 9.134205595172487, 8.41851614999843, 13.671835858367137]","[0.019126737657588745, 0.15092706833145922, 0.1575796373366131, 0.14525053454681217, 31.53969326915379, 9.14383214161853, 14.411772706281042, 8.390999828964018, -1.3261121951453243]",0.156026723
771990200,950988905,HVA,VISam,evaluation,aperture,86.667,23.333,300,27.658863,308.86585,41.4217755,12.3596856,12.1056747,6.42876944,338.939497,0.490783784,0.556880989,12,False,-1.4217755,45.0914807,16.0377746,17.5257994,4.54273597,29.1701238,3.85798327,346.737378,0.489324141,0.559217646,13,-0.00233665689,0.0014596432,False,False,"[0.05461549010794329, 0.2911378634995779, 0.3060661273866731, 0.4101336367671167, 41.4217754963734, 12.359685638924772, 12.105674729474316, 6.428769436693526]","[0.05413362688961056, 0.25338390161184576, 0.35765757365439504, 0.45733446174793985, 45.09148066509685, 16.037774640271145, 17.525799370159078, 4.542735974099451, 0.5091147029351735]",2.14199661
771990200,950988905,HVA,VISam,evaluation,point,86.667,23.333,300,27.658863,308.86585,41.3551473,12.3618698,13.0078443,8.20193439,464.65108,0.490801982,0.55715936,15,False,-1.35514731,57.7735388,20.9873882,23.9937739,7.26390745,25.4804948,3.30314972,759.056656,0.489397873,0.559082158,24,-0.00192279868,0.00140410904,False,False,"[0.05467262622785677, 0.30108283729505403, 0.31263798337874704, 0.4204718624507346, 41.35514731392319, 12.3618698218802, 13.007844326084976, 8.201934388027999]","[0.053325531019790484, 0.37129832569786175, 0.5139239267654745, 0.6240879354621881, 57.773538784925314, 20.987388173189835, 23.993773859345133, 7.26390744808095, 0.44471852862969774]",0.236715337
771990200,950988909,HVA,VISam,evaluation,aperture,87.5,20,400,14.086171,18.333226,36.597825,9.66565192,11.9776858,10.226935,533.486878,0.605962954,0.541415199,10,False,3.40217499,37.0492243,10.9922585,13.782461,8.96819302,30.1197654,1.53681582,538.315701,0.603341274,0.537999548,14,0.00341565174,0.00262168008,False,False,"[0.04025973985053547, 1.3212888734229582, 1.0636577530486642, 0.6254919255168633, 36.59782501406235, 9.665651918373904, 11.977685823652925, 10.226934991155053]","[0.040017690622014476, 1.3321675173648915, 1.099096934857927, 0.6268184673214765, 37.04922431008716, 10.992258531439207, 13.78246095276935, 8.968193024488286, 0.5256890761328998]",1.87992155
771990200,950988909,HVA,VISam,evaluation,point,87.5,20,400,14.086171,18.333226,36.5639869,9.67231703,13.0206975,11.4503785,649.320956,0.605819293,0.541193068,10,False,3.43601312,37.0114413,11.0035025,14.7005343,10.3432398,30.171531,1.42126978,662.208945,0.603176953,0.537790275,11,0.00340279343,0.00264234008,False,False,"[0.04004307987859984, 1.3269349920695208, 1.0682814605412057, 0.6284203914310955, 36.563986883018174, 9.672317034468811, 13.020697481741205, 11.450378464100494]","[0.03976960545457624, 1.3390548035718257, 1.1054311074297056, 0.6304852315780555, 37.01144125652782, 11.00350249442721, 14.70053425582191, 10.343239839371556, 0.5265925561833145]",0.117425832
771990200,950988935,HVA,VISam,calibration,aperture,31.429,32.857,700,30.214179,39.466305,-15.4000682,19.037386,19.1488065,10.2269493,852.890238,1.27732835,1.23350218,21,False,20.962614,-14.6243833,18.819742,19.6385948,9.13168494,-16.1654756,2.15059925,781.028096,1.27284809,1.23558985,9,-0.00208766853,0.00448026459,False,False,"[0.27268447011765784, 1.4371842900428125, 0.9401687922473635, 1.1193075377246318, -15.400068213261397, 19.037385989095434, 19.148806534912335, 10.226949301004627]","[0.27477833054459627, 1.504856999366629, 0.9781109443972308, 1.1863180099682409, -14.62438327624593, 18.8197420110963, 19.6385947514083, 9.131684938334617, -0.28214077472525023]",2.72753939
771990200,950988935,HVA,VISam,calibration,point,31.429,32.857,700,30.214179,39.466305,-15.4154349,19.0552078,19.7670062,11.4167162,982.850432,1.27729075,1.23353324,22,False,20.9447922,-14.6230725,18.8427071,20.2154465,10.405317,-16.2956154,1.94279968,916.102317,1.27276954,1.23561823,8,-0.00208499043,0.00452121207,False,False,"[0.27281374517728474, 1.4448113150566393, 0.945344262442806, 1.1251355651401493, -15.415434903204462, 19.05520778656622, 19.767006245331427, 11.416716165860988]","[0.27529004461141565, 1.5204858637695753, 0.9888106650282447, 1.1977123871995945, -14.623072455212062, 18.842707079545345, 20.215446501075167, 10.405316958304178, -0.28441214284391503]",0.188241856
771990200,950989018,HVA,VISam,evaluation,aperture,73.636,10,1100,33.786945,60.305705,25.2380923,3.35922498,23.381004,9.29942189,946.944307,0.564056025,0.530085979,13,False,14.7619077,25.1862257,1.72419674,20.2205521,2,16.1802818,10.1102761,176.127972,0.563117159,0.529367609,41,0.000718370375,0.000938865222,True,False,"[0.07507830128863106, 0.11627106714883224, 0.1032190486398311, 0.15545189644045995, 25.238092310729872, 3.359224978697464, 23.381004049189677, 9.299421893931388]","[0.08099180861768607, 0.13033979920427166, 0.15767913040470097, 0.18274794240692813, 25.18622572311797, 1.72419673807743, 20.220552100760006, 2.0000000000585496, 0.2823991921445692]",6.08131822
771990200,950989018,HVA,VISam,evaluation,point,73.636,10,1100,33.786945,60.305705,25.2631821,3.34559838,23.9566259,10.6573392,1111.93595,0.5640685,0.530031677,13,False,14.7368179,26.7844655,3.8497692,22.234932,6.01297643,15.8348058,3.69782458,582.278343,0.56387512,0.531946038,21,-0.0019143614,0.000193379697,False,False,"[0.075001807598397, 0.11654805866956036, 0.1034680553260974, 0.15583509024241465, 25.263182107916148, 3.3455983761710555, 23.95662586120362, 10.657339238060787]","[0.08074179809173894, 0.13926421334786016, 0.15757133665323345, 0.20803921994098695, 26.784465511359194, 3.8497692015559815, 22.234932028785046, 6.012976431921346, 0.2763694980613507]",0.245047389
771990200,950989027,HVA,VISam,calibration,aperture,51.25,21.25,800,34.47831,29.383145,-0.530350487,8.54014544,13.7464556,13.6253533,815.725121,2.22784913,2.3898232,10,False,31.4598546,-0.510109011,8.35563619,15.7152282,12.2991846,-47.9807901,1.27774553,841.787249,2.22287179,2.39096965,18,-0.00114644997,0.00497733494,False,False,"[0.3830579004012338, 1.5939188047310493, 1.2797926513874822, 0.8704527431783675, -0.5303504873593524, 8.54014544291746, 13.746455648508997, 13.625353299862159]","[0.3777031510132266, 1.59473725087301, 1.2646860265101572, 0.879590153663778, -0.510109011481608, 8.355636189265002, 15.715228206014483, 12.299184648763363, -0.8374227651496744]",1.69404
771990200,950989027,HVA,VISam,calibration,point,51.25,21.25,800,34.47831,29.383145,-0.537520738,8.53659487,14.6840468,14.562992,931.325937,2.22798219,2.38986871,10,False,31.4634051,-0.518918041,8.35051189,16.5427276,13.3246764,-47.9403888,1.24151065,959.995325,2.22297321,2.3910177,11,-0.00114899416,0.00500898431,False,False,"[0.3825008969916225, 1.5949497361785723, 1.281275527546044, 0.8718254808130531, -0.5375207376401203, 8.536594865018241, 14.684046768972216, 14.562991957244686]","[0.37718980192418267, 1.5963786309796177, 1.2665903706832862, 0.8811688220661421, -0.5189180408704605, 8.350511889245892, 16.54272759335985, 13.32467639811982, -0.8367176286448684]",0.113816543
771990200,950989036,HVA,VISam,evaluation,aperture,10,30,100,19.859826,494.8029,52.3127151,6.66487427,2.00015275,2.00051356,17.4264928,0.17541106,0.155891911,58,False,-12.3127151,52.3415545,6.65929974,2.00020069,2.0001667,89.2763456,1.00001699,17.423889,0.175411269,0.155891103,7,8.07833337e-07,-2.09082415e-07,False,False,"[0.014652549591799591, 3.254425851197874e-16, 3.0804174772508373, 1.649452541707975e-16, 52.31271514475742, 6.664874271571782, 2.000152745336577, 2.0005135638724454]","[0.01465255559004506, 1.8197469743998467e-10, 3.167229572382081, 1.8181411014488934e-10, 52.34155452603149, 6.659299741389877, 2.0002006912047103, 2.0001667005870294, 1.5581661747298767]",2.0784348
771990200,950989036,HVA,VISam,evaluation,point,10,30,100,19.859826,494.8029,47.0400207,5.96751742,3.83270711,2.68115714,44.7541414,0.175410524,0.155892169,63,False,-7.04002069,34.6045148,5.76976258,11.4097637,2,23.2482603,5.70488183,99.3829705,0.172870913,0.152031397,72,0.00386077226,0.00253961056,True,False,"[0.014652425025831521, 2.6442608552921996e-31, 3.673779213833472, 3.8933315630600887e-31, 47.04002069035009, 5.967517415280711, 3.832707110227853, 2.6811571391143834]","[0.013830879805364418, 3.2383363472640225e-16, 0.3686466724830951, 0.04717933328634818, 34.604514841850815, 5.769762579515425, 11.409763657648472, 2.0000000000024567, 0.4057586868693783]",0.304842209
771990200,950989055,HVA,VISam,calibration,aperture,72.857,25.714,700,17.872216,26.996296,18.5915198,14.5616736,17.6415966,12.2607173,942.017767,0.443967271,0.35519081,10,False,21.4084802,18.4463967,14.4414418,18.9459937,12.6467303,-12.3976604,1.49809423,1043.52047,0.443020837,0.355425128,12,-0.000234318217,0.00094643463,False,False,"[0.028316104179525917, 0.13433235468988727, 0.1267132673592299, 0.27312098474188046, 18.591519763647877, 14.561673599028639, 17.64159659278617, 12.260717260538236]","[0.026643005942318734, 0.1376831038987993, 0.12044786101712945, 0.2633188259946891, 18.446396687133255, 14.441441803047683, 18.945993652414128, 12.646730279073497, -0.21637999411356668]",2.14385996
771990200,950989055,HVA,VISam,calibration,point,72.857,25.714,700,17.872216,26.996296,18.5818307,14.5632847,18.3455746,13.2539888,1058.969,0.443973292,0.355154721,12,False,21.4181693,18.4422857,14.4437803,19.6021901,13.6241109,-12.2946975,1.43878674,1163.10279,0.443034114,0.355404143,19,-0.000249421699,0.00093917761,False,False,"[0.02833124884596781, 0.13463573238510373, 0.12718848959632456, 0.27389436186508237, 18.5818307488272, 14.563284652908019, 18.345574567563496, 13.253988835893328]","[0.026643518443857924, 0.13789835476226645, 0.12078343854809337, 0.26384026811439026, 18.442285688233937, 14.44378032618001, 19.60219009279651, 13.624110902054394, -0.214582952431003]",0.149644849
771990200,950989932,HVA,VISpm,calibration,aperture,81.25,-21.25,800,40.42923,60.696504,32.1516224,-29.430736,17.1819315,12.4277197,929.969623,2.34992157,2.49354828,8,False,7.84837764,32.0596713,-28.8766,17.8891563,12.2370951,12.6952473,1.46187932,953.396434,2.34414372,2.48170318,8,0.0118451038,0.00577784915,False,False,"[1.6329088498321227, 9.190850022190437, 10.899697227385413, 10.99011522017383, 32.15162235838334, -29.430736006495373, 17.18193154529531, 12.427719682917447]","[1.6302687871314407, 9.114328621334936, 10.743386955090008, 10.91618446402697, 32.05967126091605, -28.876599969139974, 17.889156292559203, 12.237095112764301, 0.22157386478270724]",1.61515498
771990200,950989932,HVA,VISpm,calibration,point,81.25,-21.25,800,40.42923,60.696504,32.135144,-29.4184611,17.9027046,13.3991195,1044.72079,2.34985719,2.49351446,8,False,7.86485602,32.0546393,-28.8729827,18.5809548,13.2315838,12.5686864,1.40428804,1070.74286,2.34413819,2.48174778,11,0.0117666792,0.00571899523,False,False,"[1.6327937828635235, 9.217922655447607, 10.934134009224726, 11.02184566895831, 32.135143980264615, -29.418461116652033, 17.902704584003395, 13.399119537152227]","[1.6299687056730348, 9.140997539680985, 10.776550742517864, 10.946630901654283, 32.05463926627651, -28.872982661910402, 18.580954818546648, 13.231583783039037, 0.21936496037478115]",0.12085398
771990200,950989942,HVA,VISpm,evaluation,aperture,14.286,37.143,700,52.478207,579.60436,-44.9273133,24.5825217,19.0312069,14.6285485,1212.47529,1.31854449,1.26779828,11,False,-4.92731334,-60,38.8121467,40.5774215,13.6552058,-32.2224247,2.97157159,2413.17059,1.31240664,1.25739841,28,0.0103998625,0.00613784298,False,False,"[0.6716018304407095, 1.7538221218017052, 1.53867432312258, 1.6354454678530217, -44.927313344031084, 24.582521723184456, 19.031206895501096, 14.628548481275313]","[0.603431210146838, 1.9462459000237986, 1.5986488581571785, 1.6659272890523191, -59.99999999999999, 38.81214666720727, 40.57742150602403, 13.655205764158847, -0.5623874033867757]",3.35339
771990200,950989942,HVA,VISpm,evaluation,point,14.286,37.143,700,52.478207,579.60436,-44.8992626,24.591419,19.6863951,15.5059399,1329.4427,1.31856323,1.2677905,10,False,-4.89926261,-60,38.8108456,40.9163385,14.5924506,-32.2112284,2.80393881,2600.34112,1.31244331,1.25742072,24,0.0103697746,0.00611992306,False,False,"[0.671440108416785, 1.7533337005630536, 1.538023267782188, 1.6349595254357754, -44.89926260631008, 24.591418999793778, 19.68639513907176, 15.505939893636539]","[0.6030641614653833, 1.9454157910491017, 1.5980197845079092, 1.6654280142321376, -59.99999999999999, 38.81084558675953, 40.916338509882806, 14.59245057367906, -0.5621919924134708]",0.227046868
771990200,950989951,HVA,VISpm,calibration,aperture,15,5,400,61.031154,1032.129,59.9999782,-48.7400166,9.38472871,2.00235707,81.8405572,0.907854273,0.827080206,47,True,-19.9999782,59.9959553,-47.8163626,11.2446841,2.46393059,9.31992138,4.5637179,120.664928,0.907845558,0.82694707,35,0.000133135308,8.71471904e-06,False,False,"[0.19628849975723803, 9.35249546140881, 0.44973311413986533, 7.620621844043881, 59.99997815192122, -48.740016615932184, 9.384728709346362, 2.0023570704768963]","[0.19639548474496674, 11.218385251351744, 0.4128466326832462, 9.07749559312596, 59.995955269805606, -47.816362618666744, 11.244684129635823, 2.4639305871911628, 0.1626633140245135]",6.13691993
771990200,950989951,HVA,VISpm,calibration,point,15,5,400,61.031154,1032.129,59.9808241,-40.0327342,9.68928614,2.00313584,84.5293467,0.907845817,0.82696034,129,False,-19.9808241,59.9993808,-40.0196745,9.69382751,2.0031344,0.177705254,4.83932956,84.5689048,0.907845115,0.826962308,3,-1.96820904e-06,7.02559768e-07,False,False,"[0.19638403143418973, 5.294266286399964, 0.19966123357995122, 4.287340178585447, 59.98082407607951, -40.0327341632222, 9.689286141639698, 2.0031358400384667]","[0.19638402669710542, 5.309397750912435, 0.20023205050485504, 4.299593828174824, 59.99938082348162, -40.01967445447068, 9.693827514042896, 2.0031343998606412, 0.003101541779932715]",0.222541354
771990200,950989957,HVA,VISpm,calibration,aperture,25,-25,800,2260.1059,162.75952,-29.0997948,-31.609638,2.20252078,2,19.1847144,0.92318673,0.917393331,24,True,8.390362,-29.099403,-31.6619644,2.43135828,2,13.3324405,1.21567914,21.1779679,0.923198895,0.917421584,13,-2.8252549e-05,-1.21652275e-05,True,False,"[1.1524061890653161, 0.2147568277799244, 0.08098374662464529, 0.9162238231373611, -29.099794787998366, -31.609637997397108, 2.202520776597244, 2.0000000000000004]","[1.152229030113377, 0.2183515549617432, 0.08510910454992099, 0.9187835660938798, -29.099403043732977, -31.661964358482066, 2.431358282617504, 2.000000000498404, 0.23269498456428162]",2.34893668
771990200,950989957,HVA,VISpm,calibration,point,25,-25,800,2260.1059,162.75952,-28.5710973,-34.4384106,8.02579553,2.91695168,101.958316,0.923713852,0.91728302,33,False,5.56158943,-28.7603249,-34.6012839,7.13086735,2.4392414,3.15521412,2.92339551,75.7534593,0.923570636,0.918254471,61,-0.000971451068,0.00014321676,False,False,"[1.151246650897187, 0.9001344357045267, 0.22681929063379724, 2.9489930232472017, -28.571097295171054, -34.43841056816557, 8.025795529650765, 2.9169516770952364]","[1.1525600641622902, 1.3218108318994295, 0.4015983659174212, 5.837026500312304, -28.76032490976744, -34.601283924541356, 7.130867349700129, 2.4392414016901958, 0.05506887494308543]",0.445577291
771990200,950989997,HVA,VISpm,calibration,aperture,15,50,200,613.93039,1238.0097,-60,50.9906437,49.9999974,18.9265233,4121.41317,1.78434561,1.95007305,15,True,-20,-33.5291523,48.3675101,50,19.2297916,15.8046444,2.60013218,4187.45268,1.78395942,1.95258732,20,-0.00251427165,0.000386190863,False,True,"[0.5063013018670535, 0.8401793538313194, 0.9898415509883418, 0.40683686138333586, -59.999999997943696, 50.99064372978057, 49.99999737427361, 18.926523295705174]","[0.5056357196636343, 0.6496384284621324, 0.7497809518700006, 0.3229460408849475, -33.529152300742574, 48.3675100913564, 49.999999987810085, 19.229791630909133, 0.27584308195785723]",2.92219756
771990200,950989997,HVA,VISpm,calibration,point,15,50,200,613.93039,1238.0097,-59.9999999,51.0021988,49.999989,19.5875268,4265.35165,1.78434843,1.95012396,14,True,-19.9999999,-33.4495904,48.3952182,49.9999998,19.8753057,15.770713,2.51568456,4328.01891,1.7839702,1.95260271,30,-0.00247874367,0.000378226831,False,True,"[0.5064521197121948, 0.8446806032753693, 0.9931973577364853, 0.40787370398252815, -59.99999994755134, 51.002198779787506, 49.999989044584, 19.587526768045]","[0.5056539398954205, 0.6502067299734786, 0.750244635996936, 0.32318422323808776, -33.44959036107693, 48.39521815578517, 49.99999980264436, 19.875305715147807, 0.27525086662896614]",0.190276467
771990200,950990003,HVA,VISpm,calibration,aperture,15,50,200,802.5092,1248.7432,-41.6245514,44.9754926,16.2265995,27.2154188,1923.3037,1.69202095,1.5265575,34,False,-4.9754926,-45.5619832,51.8687408,28.9969566,15.56286,-75.2466887,1.86321515,1965.38283,1.69193816,1.5268539,20,-0.000296407367,8.27837053e-05,False,False,"[0.3089088331936034, 0.2305831295295543, 0.7188089703446074, 0.17274019901232113, -41.62455136800115, 44.97549259937042, 16.226599480719052, 27.21541881018967]","[0.3086242271291841, 0.2706801959899848, 0.8387172786916597, 0.20313522446275434, -45.561983188098324, 51.86874080896426, 28.996956564909322, 15.56286002283958, -1.313302468203437]",3.19618496
771990200,950990003,HVA,VISpm,calibration,point,15,50,200,802.5092,1248.7432,-41.5879856,44.9430828,16.9745619,27.6662797,2045.28892,1.69202358,1.52656019,33,False,-4.94308284,-45.5425411,51.9963517,29.4711616,16.3469853,-75.3258765,1.80284995,2098.16797,1.69194487,1.5268369,15,-0.000276716847,7.87020118e-05,False,False,"[0.3089010531438026, 0.2304608567244182, 0.7184118624301394, 0.17266246407674835, -41.58798556859363, 44.94308283955907, 16.974561884504745, 27.666279704208108]","[0.30864146449627927, 0.27116958570638655, 0.8407483482099737, 0.20351583896334072, -45.54254112172991, 51.996351674421646, 29.4711615676142, 16.346985257585086, -1.314684556095405]",0.217736094
771990200,950990014,HVA,VISpm,calibration,aperture,40,47.5,400,10.698409,13.840832,-9.05647784,34.2494965,10.6331175,7.08207434,327.964186,1.06216295,0.927495571,8,False,5.75050346,-9.02557349,34.2611428,10.6772756,7.02859277,6.79976127,1.51911996,326.839217,1.06173127,0.928229431,8,-0.00073386042,0.000431676866,False,False,"[0.11526162593403372, 4.555265906550404, 3.0139283609457275, 2.3984519178043944, -9.056477843295305, 34.249496539170316, 10.633117450424235, 7.082074337563337]","[0.11542234713773715, 4.567230485140733, 3.0143366422174576, 2.4010823839929167, -9.02557349274308, 34.261142779783675, 10.677275556924998, 7.028592770008423, 0.11867822254692406]",1.38088293
771990200,950990014,HVA,VISpm,calibration,point,40,47.5,400,10.698409,13.840832,-9.05731032,34.3103944,11.8371237,8.84254688,455.857272,1.06248838,0.928532535,7,False,5.68960559,-9.03136923,34.3201885,11.8783465,8.79556137,6.96582172,1.35049328,455.014129,1.06200928,0.929208329,8,-0.000675794471,0.000479104037,False,False,"[0.11427269592543514, 4.614320116172305, 3.054177327216603, 2.4292199395644842, -9.057310318687637, 34.310394407978826, 11.83712372519221, 8.842546877251387]","[0.11443567392345826, 4.629093486997884, 3.055901692983773, 2.433016236143158, -9.031369234108146, 34.32018849042253, 11.87834650060977, 8.795561373412113, 0.12157652403967045]",0.0804404141
771990200,950990032,HVA,VISpm,evaluation,aperture,75,-15,1600,79.404047,1099.194,41.3329554,-23.9637421,50,19.1595344,4172.15356,1.60560571,1.49107817,13,True,-1.33295542,39.2298583,-21.6236524,50,18.9170964,6.61657229,2.64311176,4119.3606,1.60475222,1.48775288,25,0.00332528589,0.000853482116,False,True,"[1.2979908172384995, 1.6131609610766844, 1.6848939418621034, 1.6529781029474313, 41.332955417358995, -23.963742076527453, 49.99999999989409, 19.15953439352943]","[1.3043055244168675, 1.5874217957100787, 1.659568085284603, 1.6096173632198518, 39.22985827043997, -21.623652438712465, 49.99999999999998, 18.91709641263194, 0.11548097161953708]",2.26234772
771990200,950990032,HVA,VISpm,evaluation,point,75,-15,1600,79.404047,1099.194,41.0573743,-23.9627347,50,19.8080825,4313.38049,1.60571373,1.49117791,16,True,-1.05737431,38.9623635,-21.6511253,50,19.5868765,6.62840181,2.55272963,4265.21098,1.60486388,1.48788254,24,0.00329536735,0.00084984954,False,True,"[1.2984513946968774, 1.6114643780597486, 1.683144419603782, 1.6512094727920943, 41.05737431273457, -23.962734720588127, 49.99999999999999, 19.808082489190895]","[1.3044921456925538, 1.585893105765407, 1.6579503290255622, 1.6081739785168918, 38.96236345446525, -21.6511253230716, 49.99999999999625, 19.58687648777158, 0.11568743575752549]",0.186016883
771990200,950990040,HVA,VISpm,evaluation,aperture,25,45,800,702.96043,1150.8226,-27.4833484,27.802734,38.9450001,10.5442512,1788.43344,2.25847435,2.08784842,15,False,12.197266,-26.7807509,28.273246,38.4621852,10.483342,-2.34437726,3.66888587,1756.05873,2.25829356,2.0870605,22,0.000787920051,0.000180788717,False,False,"[0.6798642396842945, 0.4703588955377816, 0.7957999738939288, 0.48216109380902517, -27.483348377970653, 27.802733973694906, 38.94500011079402, 10.544251171540994]","[0.6796321061984912, 0.4674542371273078, 0.7978940623146689, 0.48731058589835075, -26.78075086542036, 28.273245977984278, 38.46218520039674, 10.48334195582341, -0.04091710210566024]",2.24892249
771990200,950990040,HVA,VISpm,evaluation,point,25,45,800,702.96043,1150.8226,-27.4822413,27.8215303,39.2815051,11.7750031,2014.44066,2.2585307,2.08785325,15,False,12.1784697,-26.7996309,28.2924204,38.8184459,11.7251962,-2.35070909,3.31068626,1982.27357,2.25835022,2.08707321,7,0.000780048302,0.000180477415,False,False,"[0.6795969210682697, 0.4705565558532804, 0.7953911666800336, 0.482531432083248, -27.482241348160702, 27.821530300423554, 39.28150510962144, 11.775003054949948]","[0.6793384622144043, 0.4676113170845814, 0.7975225772854762, 0.48754748178237534, -26.799630897126317, 28.29242035086229, 38.81844588472797, 11.72519617243082, -0.04102761331631566]",0.154690436
771990200,950990045,HVA,VISpm,calibration,aperture,40,50,300,238.06923,36.198015,-18.1035057,35.2673564,16.796639,6.58805069,481.930765,1.76744745,1.8194925,12,False,4.73264363,-18.0412006,35.0552153,18.4308099,6.49171495,11.3236642,2.83912804,521.085743,1.76011356,1.81039422,15,0.00909828212,0.00733389063,False,False,"[0.383012654213657, 3.376652799142162, 1.5376100788013993, 1.0594516125949238, -18.103505699336484, 35.267356373688294, 16.796639035455172, 6.588050694693092]","[0.37962103975354516, 3.286701793013189, 1.508908574134805, 1.0733638331096742, -18.041200597221195, 35.05521528959661, 18.43080992327723, 6.491714948536464, 0.19763522364293862]",1.93418323
771990200,950990045,HVA,VISpm,calibration,point,40,50,300,238.06923,36.198015,-18.0823634,35.2573675,17.5537655,8.3577167,638.944694,1.76765667,1.81932901,9,False,4.7426325,-18.0588054,35.1625499,19.1392166,8.51138873,11.131232,2.24865967,709.463263,1.76101724,1.80985613,15,0.00947288129,0.00663942991,False,False,"[0.3827290000576972, 3.433716637430151, 1.5638441181476392, 1.0778009909268398, -18.082363414846437, 35.25736750344383, 17.553765519554535, 8.357716698755851]","[0.3782595157746835, 3.2929205475038237, 1.517955373680025, 1.0830369306801093, -18.058805403825897, 35.16254990252318, 19.13921657006491, 8.5113887294251, 0.1942766487977199]",0.131528383
771990200,950990052,HVA,VISpm,evaluation,aperture,82.5,47.5,400,483.23677,2143.5365,42.2290018,59.9999928,50,22.4420242,4886.94398,1.03396298,1.02460279,31,True,-19.9999928,42.9763779,59.9999936,50,22.3982489,0.529546233,2.23231737,4877.41152,1.03394858,1.024593,8,9.78863433e-06,1.43999389e-05,False,True,"[0.4246434351060163, 0.8291440221158998, 0.8337535422473463, 0.4605100454257041, 42.22900177908854, 59.999992790373874, 49.99999999999999, 22.442024229722712]","[0.4244872103667533, 0.8303920722312307, 0.8344683727685361, 0.46223446996980805, 42.97637789567908, 59.99999360390454, 49.99999999894601, 22.39824886991359, 0.00924232530372815]",4.15572896
771990200,950990052,HVA,VISpm,evaluation,point,82.5,47.5,400,483.23677,2143.5365,41.9790078,60,50,22.9794403,5003.97097,1.03398531,1.02462678,32,True,-20,42.6762903,59.9999999,50,22.9401006,0.506275607,2.1795894,4995.40439,1.03397144,1.02461611,8,1.06622284e-05,1.38616852e-05,False,True,"[0.4247426167446696, 0.8292188819430475, 0.8341225655898968, 0.4605374766757547, 41.97900784601983, 59.999999990917836, 49.99999999999999, 22.97944034322949]","[0.42458907425990794, 0.8302959045233987, 0.8346659377863962, 0.46215877409108397, 42.67629030516924, 59.999999909634234, 49.99999999874964, 22.94010057400909, 0.008836176264929163]",0.200505316
771990200,950990056,HVA,VISpm,calibration,aperture,60,-14.375,1600,56.522354,54.034669,11.8469918,-22.6527187,24.5061369,12.8073375,1366.90723,1.22367189,1.46812011,17,False,17.3472813,12.2569056,-22.4789338,24.8955027,12.9227279,7.62786367,1.92648973,1401.13645,1.22343868,1.4659222,30,0.00219791161,0.000233207692,False,False,"[0.19384838363982423, 0.3144557652941402, 0.28108523442669553, 0.3582172676633405, 11.846991808187331, -22.652718673007907, 24.506136939972556, 12.80733753381787]","[0.19338362488902405, 0.31334284074340396, 0.27853981540199135, 0.3574960012544508, 12.256905568658121, -22.47893381602776, 24.895502694271258, 12.922727946544518, 0.13313133591333992]",4.33793198
771990200,950990056,HVA,VISpm,calibration,point,60,-14.375,1600,56.522354,54.034669,11.8626068,-22.6457558,25.0384073,13.7916145,1503.92833,1.223657,1.46810802,17,False,17.3542442,12.2640705,-22.4871631,25.3647116,13.7869499,7.58337543,1.83976237,1523.01246,1.22343671,1.46595186,6,0.00215615662,0.000220294363,False,False,"[0.19376478009984177, 0.3147740594250687, 0.2813377985041163, 0.35862500197521935, 11.86260676357939, -22.645755847444775, 25.038407269384294, 13.791614530060297]","[0.19366143380429499, 0.3153725649328928, 0.2796120682137949, 0.3582769708648865, 12.264070527195353, -22.487163116761735, 25.36471159075842, 13.786949888319814, 0.13235486968547017]",0.302988591
771990200,950990060,HVA,VISpm,evaluation,aperture,15,20,200,19.479847,61.103308,-36.7976647,10.548577,2.0000129,2,17.4208011,0.215613418,0.195404984,35,True,3.20233526,-36.7980713,10.5487325,2.00000002,2,-4.15267941,1.00000001,17.4206889,0.215613326,0.195405038,10,-5.40388968e-08,9.13970936e-08,True,False,"[0.01835395631056117, 0.24843609356893068, 0.004946230440614873, 2.8166498925246026e-22, -36.797664738263336, 10.54857700294646, 2.0000128966037067, 2.0000000000018803]","[0.018353951525200803, 0.2484416497740463, 0.004943607024236884, 4.92178476306372e-12, -36.79807131058005, 10.548732468690456, 2.0000000208840176, 2.000000000211666, -0.07247792849144052]",2.00406101
771990200,950990060,HVA,VISpm,evaluation,point,15,20,200,19.479847,61.103308,-34.0605104,12.4932145,2.97740018,2.87446305,37.2734223,0.215658141,0.192341915,44,False,5.9394896,-41.8818304,16.2426109,11.1156604,2.00000173,-34.7128907,5.55782538,96.8213131,0.213626027,0.193837068,44,-0.00149515368,0.00203211378,True,False,"[0.018976300348955935, 1.4239006311227087, 0.14385890770121346, 1.640410226869779e-36, -34.06051040338228, 12.493214537333149, 2.977400180145961, 2.8744630498792842]","[0.01838288636713594, 1.1198144701621051, 0.08595778940269182, 4.8570823698858675e-32, -41.88183044031678, 16.242610862976566, 11.115660354919132, 2.0000017262980645, -0.6058542351876586]",0.489538719
771990200,950990069,HVA,VISpm,calibration,aperture,22,20,1000,33.880899,198.40885,-59.9999997,14.4583329,45.7996983,15.9240649,3176.30271,1.35345105,1.49433088,15,True,-19.9999997,-59.9999999,12.5895686,46.6473191,15.9642182,3.11499504,2.92199209,3243.24437,1.3527501,1.49369141,18,0.000639472286,0.000700949925,False,False,"[0.4513411341525967, 1.797406115386642, 1.6621576131486073, 1.400893608671536, -59.99999968859876, 14.458332897018154, 45.79969830353632, 15.924064898322655]","[0.4475850390607299, 1.7767728298639436, 1.6430902876925084, 1.3940412375358306, -59.999999949257216, 12.589568608802598, 46.647319145675816, 15.964218165446967, 0.0543669196406662]",2.41466463
771990200,950990069,HVA,VISpm,calibration,point,22,20,1000,33.880899,198.40885,-59.9999744,14.4581578,46.0772424,16.7024595,3351.75477,1.35344922,1.49432159,14,True,-19.9999744,-60,12.5939579,46.9220468,16.7425276,3.10715044,2.8025665,3421.39566,1.35274906,1.49368665,18,0.000634938044,0.00070015566,False,False,"[0.4513012927585152, 1.7985423770096711, 1.663153858476007, 1.4017765670541944, -59.99997444586361, 14.458157836857009, 46.07724236421017, 16.702459508836473]","[0.4475070287715476, 1.7777374534662116, 1.6439748291179765, 1.3949180476984522, -59.99999995394141, 12.593957907492024, 46.9220467697469, 16.74252755483341, 0.054230005523474345]",0.185743256
771990200,950990075,HVA,VISpm,calibration,aperture,27.778,45.556,900,449.98605,129.40048,-22.0713286,37.5240515,24.8928339,14.6105681,1583.96935,1.52281282,1.41074409,11,False,2.47594854,-18.328965,37.6704026,25.4865769,13.6997381,20.3820285,1.86036964,1520.64943,1.52098348,1.40628759,9,0.00445650704,0.0018293423,False,False,"[1.7095424246207367, 2.6616851952261227, 2.1374761630993, 2.290659441695627, -22.07132864362273, 37.524051458022214, 24.892833896384932, 14.61056806402064]","[1.7246707659305809, 2.7614559021108165, 2.133277574240537, 2.2888319435330247, -18.328965036327986, 37.67040259215332, 25.48657685591508, 13.699738113354707, 0.3557335059676776]",1.6915799
771990200,950990075,HVA,VISpm,calibration,point,27.778,45.556,900,449.98605,129.40048,-22.0691375,37.5015497,25.4050474,15.4558535,1710.08749,1.5228099,1.41074477,11,False,2.4984503,-18.3385497,37.6372091,25.9890265,14.5989017,20.3232625,1.78020422,1652.4013,1.52097842,1.40630589,9,0.00443888196,0.00183148624,False,False,"[1.709333117851111, 2.6624495701525457, 2.138260139777982, 2.2914842854368485, -22.069137539929677, 37.50154970279563, 25.405047392182144, 15.455853457406826]","[1.724395505952462, 2.762295826382878, 2.1341382343920845, 2.289973830049019, -18.338549676482355, 37.637209116482715, 25.989026523778147, 14.598901747295459, 0.35470784592531257]",0.115727965
771990200,950990079,HVA,VISpm,evaluation,aperture,22,41,1000,186.74888,1152.3788,-42.6365892,28.9028274,50,18.2485697,3973.78316,0.979538328,0.879272208,12,True,-2.63658922,-42.8693297,30.9043589,50,18.4164607,-4.92408734,2.71496249,4010.34287,0.978612078,0.878247954,14,0.00102425341,0.000926249484,False,True,"[3.5158949120607956, 3.7495586909242054, 3.4347355012388574, 3.1213128893094155, -42.63658921793696, 28.902827350343202, 49.99999997624763, 18.248569720293]","[3.4937960626378968, 3.7957020334376206, 3.4833695636740596, 3.1628042064427953, -42.86932966554903, 30.9043588684845, 49.99999999999111, 18.416460712705383, -0.0859415367672971]",1.91701961
771990200,950990079,HVA,VISpm,evaluation,point,22,41,1000,186.74888,1152.3788,-42.3313786,28.9087701,50,18.9362209,4123.52513,0.97963905,0.879348832,13,True,-2.33137861,-42.5616053,30.8786188,50,19.0931369,-4.91750947,2.61874202,4157.69494,0.978718653,0.878325529,14,0.00102330325,0.000920397424,False,True,"[3.5163648759442525, 3.7456198666496263, 3.430760149531132, 3.1172972939802777, -42.33137861170541, 28.908770060961842, 49.999999999975486, 18.93622093766263]","[3.4944869274974626, 3.7914088868974534, 3.4789885797557365, 3.158427175129996, -42.56160526902, 30.87861875827131, 49.99999999998964, 19.093136916119832, -0.0858267312425256]",0.153682015
771990200,950990087,HVA,VISpm,evaluation,aperture,25.385,17.692,1300,88.229178,191.57701,-17.5208587,2.60950763,18.1575214,6.97031647,551.206577,0.804645479,0.82506542,17,False,22.4791413,-38.6816585,17.0195737,50,11.2403468,-30.9653291,4.44826133,2447.68229,0.792253751,0.824533532,19,0.000531887855,0.0123917274,False,True,"[2.2162323767846317, 1.2999700628661424, 1.051070948634914, 1.4358522174271022, -17.520858676119243, 2.6095076296608832, 18.157521413509926, 6.97031646783063]","[2.066615483181149, 1.3894538756854258, 1.0142402907926213, 1.2030744952684518, -38.68165850621528, 17.019573682643763, 49.999999999999055, 11.240346804453923, -0.5404469475026681]",2.4607962
771990200,950990087,HVA,VISpm,evaluation,point,25.385,17.692,1300,88.229178,191.57701,-17.7485642,2.68066248,19.0019309,8.88921957,735.642308,0.804690722,0.825094894,15,False,22.2514358,-38.4341656,16.8514269,50,12.362504,-30.9634525,4.04448806,2692.04168,0.792261234,0.824485551,22,0.000609343774,0.0124294884,False,True,"[2.2135548125469557, 1.3080233964230044, 1.0441618535190405, 1.4336879958310444, -17.748564188460417, 2.68066247997906, 19.001930932960374, 8.88921957097718]","[2.066209816707968, 1.3905056245365075, 1.0148371732075947, 1.203906302404358, -38.43416557230359, 16.85142685749308, 49.99999999999954, 12.362504037614935, -0.5404141931495561]",0.173682974
771990200,950990092,HVA,VISpm,calibration,aperture,42,46,500,414.9061,43.275315,-4.96813268,35.9039002,14.4272737,12.5227928,786.847912,1.35899401,1.25910586,7,False,4.09609976,-8.50239775,39.4359002,24.1726828,11.8133661,-40.5819292,2.04621464,1243.66624,1.3483408,1.25137159,21,0.00773427599,0.0106532104,False,False,"[1.8090480343999997, 4.569202742771208, 3.354297881172478, 3.2242895889865912, -4.9681326838760755, 35.9039002447165, 14.427273693196488, 12.52279284770138]","[1.7334801870380865, 4.291927725849644, 3.239477398981916, 2.975413928362108, -8.502397754493895, 39.43590021478896, 24.17268275506527, 11.813366139906224, -0.7082882815620328]",3.1058621
771990200,950990092,HVA,VISpm,calibration,point,42,46,500,414.9061,43.275315,-4.9703809,35.8723458,15.3067015,13.5083189,900.509393,1.35894372,1.25911099,10,False,4.12765417,-8.4975206,39.4149455,24.7044505,12.8705458,-40.5532187,1.91945632,1384.76951,1.34835088,1.2514385,24,0.00767249559,0.0105928396,False,False,"[1.8084525860940885, 4.57731218997099, 3.360301968632421, 3.230714481835708, -4.9703808966851275, 35.87234583174269, 15.306701469230463, 13.508318928044561]","[1.7327894851563779, 4.295731246930705, 3.242461995010746, 2.9792986692206584, -8.497520595255795, 39.41494553860676, 24.704450539251937, 12.870545840109873, -0.707787187834277]",0.218392743
771990200,950990096,HVA,VISpm,evaluation,aperture,30.5,35.5,2000,81.267861,261.08438,-20.3131562,18.7736987,38.8834561,14.914547,2525.69123,2.89011312,2.64113353,12,False,19.6868438,-23.382104,20.711988,49.9999995,15.1156373,-13.043801,3.3078327,3291.56013,2.88686082,2.64725394,17,-0.00612041133,0.00325229644,False,True,"[1.7077301297163825, 0.9333773033025353, 1.024285025223301, 0.8777942279664819, -20.31315624095923, 18.77369871833135, 38.88345608560892, 14.914547013377806]","[1.6742908146314839, 0.9511148980669302, 1.0001643211404787, 0.9055414731043749, -23.38210401562491, 20.711987954184426, 49.999999545558694, 15.115637347567436, -0.22765727404538905]",2.21551563
771990200,950990096,HVA,VISpm,evaluation,point,30.5,35.5,2000,81.267861,261.08438,-20.3105191,18.7788756,39.2290492,15.7674919,2693.86438,2.8901209,2.64110325,12,False,19.6894809,-23.217119,20.6814382,49.9999998,15.9324361,-13.0337833,3.13825202,3469.42511,2.88686659,2.64722101,17,-0.00611776913,0.00325431172,False,True,"[1.7074433566114418, 0.9336318096982322, 1.0244149506974005, 0.8781913326281924, -20.31051914533499, 18.778875584576486, 39.22904915986909, 15.76749189897514]","[1.674519956794578, 0.9517687712373953, 1.0011858001593272, 0.9062356436581084, -23.217118981324145, 20.681438160650668, 49.99999978281851, 15.932436121234181, -0.22748243305385252]",0.160603037
771990200,950990100,HVA,VISpm,evaluation,aperture,38,46,500,232.64026,38.382036,-14.0489871,36.3418976,21.0183562,9.51920846,871.374635,1.77625974,1.55715522,11,False,3.65810235,-11.710841,36.5616316,23.4744579,9.0197898,15.0666751,2.60255043,922.140968,1.75845918,1.5571248,12,3.04223032e-05,0.0178005605,False,False,"[1.0300680797355009, 5.935329504732887, 4.753243544560063, 4.159869688401829, -14.048987058876733, 36.34189764662975, 21.0183561672828, 9.519208458752528]","[1.0285735150879296, 5.985319054519946, 4.700415793095434, 4.157593800655563, -11.71084102189878, 36.56163161265433, 23.474457850096258, 9.019789800911106, 0.262963088242105]",1.894824
771990200,950990100,HVA,VISpm,evaluation,point,38,46,500,232.64026,38.382036,-14.048229,36.3722359,21.6480869,10.8564695,1023.56038,1.77660889,1.557117,12,False,3.6277641,-11.70733,36.5840169,24.0551799,10.4178106,15.0580886,2.3090437,1091.4162,1.75883163,1.55708341,11,3.35897027e-05,0.0177772562,False,False,"[1.028803032424257, 5.940824298863225, 4.760690685146723, 4.169214762051342, -14.04822896045939, 36.37223589511719, 21.64808688747953, 10.856469475794936]","[1.0271131885300349, 5.993633528117293, 4.710237662105313, 4.169342118074367, -11.707329970381544, 36.58401688872271, 24.05517986030886, 10.417810563678161, 0.2628132243632424]",0.14170617
771990200,950990104,HVA,VISpm,evaluation,aperture,34.545,46.364,1100,265.18718,113.5601,-16.8012208,49.9452525,49.9999999,18.1859254,3960.14181,1.16326961,1.03307401,13,True,-9.94525247,-0.336420619,47.7956781,50,16.3589075,10.3066358,3.05643882,3562.29295,1.16183614,1.0326729,8,0.000401112405,0.00143346877,False,True,"[0.20369446634940816, 0.7899870783256193, 0.6454184354684644, 0.5853912363922196, -16.801220798503962, 49.945252474804434, 49.99999990875442, 18.185925399708744]","[0.20517689585082116, 0.7442629824897407, 0.605169060448492, 0.5437754381165667, -0.336420619166994, 47.795678139668276, 49.99999999999989, 16.358907541443006, 0.17988472899562336]",1.85400247
771990200,950990104,HVA,VISpm,evaluation,point,34.545,46.364,1100,265.18718,113.5601,-16.6666738,49.850604,50,18.8250914,4099.32571,1.16328588,1.03306032,14,True,-9.850604,-0.467280937,47.7123248,50,17.0958058,10.2617782,2.92469397,3722.75888,1.16185883,1.03266329,16,0.000397034837,0.00142704895,False,True,"[0.20373100132128039, 0.7891104807176642, 0.6446586366136403, 0.584682458853399, -16.666673794090368, 49.8506040024597, 49.999999999810996, 18.825091360976803]","[0.2051785717129236, 0.7441127689982461, 0.6050274146186283, 0.5436023192393823, -0.4672809374106235, 47.71232484194924, 49.99999999968916, 17.09580575608434, 0.1791018172384593]",0.133900021
771990200,950990109,HVA,VISpm,calibration,aperture,28.889,37.778,1800,116.07515,171.45165,-27.064768,37.3556034,50,31.0245068,6755.85345,4.41929402,4.18905779,14,True,2.64439657,-22.6136589,33.8649278,50,28.2741492,11.9239635,1.76839981,6156.9394,4.40886971,4.17769349,18,0.0113642952,0.0104243118,False,True,"[8.425907174613528, 15.325030814844505, 13.110909417022054, 12.644238820575033, -27.06476795541005, 37.35560343007471, 49.99999999999692, 31.024506799892404]","[8.755097828241052, 14.69428212331876, 12.441147290646034, 11.925666539650587, -22.61365886415736, 33.86492780995423, 49.99999999999997, 28.274149196451436, 0.2081124223548656]",1.75888564
771990200,950990109,HVA,VISpm,calibration,point,28.889,37.778,1800,116.07515,171.45165,-26.8825482,37.3371859,50,31.3912484,6835.71458,4.41965243,4.18920109,14,True,2.66281413,-22.475945,33.8725485,50,28.6892223,11.9613768,1.74281475,6247.32515,4.40920693,4.17783781,16,0.0113632802,0.0104455062,False,True,"[8.434013785435264, 15.322160909164257, 13.104522259822751, 12.636655027225066, -26.882548155097883, 37.33718586950632, 49.999999999943746, 31.39124837152022]","[8.760975244506747, 14.698531237654636, 12.441533381441605, 11.925055739742852, -22.47594502293404, 33.872548488940666, 49.99999999999999, 28.68922234711467, 0.20876540817690836]",0.162131395
771990200,950990113,HVA,VISpm,evaluation,aperture,18,25,1000,35.286002,355.28799,-60,15.8774566,44.5706222,19.0270328,3693.38936,1.5869754,1.45438885,16,True,-20,-60,12.9488235,44.0882126,18.5985363,5.69542128,2.37052056,3571.13763,1.5840591,1.44742637,17,0.00696248339,0.00291630842,False,False,"[2.9834499833831205, 12.780352906142934, 10.28160670347878, 8.871575882746331, -59.999999996388006, 15.877456557472172, 44.57062224613851, 19.027032833437666]","[3.0520354991749556, 12.896096046688264, 10.354965264369163, 8.936587383272553, -59.999999999613046, 12.948823486287736, 44.08821264036732, 18.59853629038644, 0.0994038536469084]",2.42503722
771990200,950990113,HVA,VISpm,evaluation,point,18,25,1000,35.286002,355.28799,-60,15.8791082,44.8624191,19.689972,3847.09681,1.58702198,1.4544637,17,True,-20,-60,12.9548111,44.3850805,19.2774962,5.68696181,2.30242974,3726.42999,1.58411126,1.44751837,9,0.00694532556,0.0029107137,False,False,"[2.9824325587665204, 12.780445914386647, 10.282439277999247, 8.872906411131316, -59.99999999994253, 15.879108228885029, 44.86241906688177, 19.689971961552352]","[3.0508339516372005, 12.895859284382276, 10.355609438792236, 8.937786034550141, -59.99999999999999, 12.954811092489795, 44.38508052357529, 19.277496151448954, 0.09925620795474388]",0.171792561
771990200,950990117,HVA,VISpm,evaluation,aperture,41.875,30.625,1600,85.879851,89.261326,-13.589003,19.327791,32.5177605,8.64743399,1224.65346,2.36091787,2.24152704,11,False,20.672209,-13.9852274,19.3536818,33.0573723,8.67225868,-1.77004159,3.81185266,1248.54984,2.36081718,2.24173433,21,-0.000207285074,0.000100691436,False,False,"[1.7289320141685198, 1.3031891145128502, 0.9894115240188449, 1.047854171316532, -13.589003026300691, 19.3277910238481, 32.5177604970176, 8.647433992296019]","[1.7277851490640646, 1.2934567917095534, 0.9892424836549975, 1.0487948523025517, -13.985227370647484, 19.353681785227685, 33.05737233652808, 8.672258678003328, -0.03089305357998673]",2.26814266
771990200,950990117,HVA,VISpm,evaluation,point,41.875,30.625,1600,85.879851,89.261326,-13.5069353,19.3280398,32.9625541,10.1220863,1453.1024,2.36095508,2.24142037,11,False,20.6719602,-13.8963493,19.3594213,33.4859667,10.1439252,-1.79720233,3.30108574,1479.36115,2.36084824,2.24163674,13,-0.000216372344,0.000106841454,False,False,"[1.7276520440658905, 1.3067757840984964, 0.9909261118111865, 1.0496735096739296, -13.506935348518619, 19.328039765813234, 32.96255408532778, 10.122086323322419]","[1.726485363216229, 1.2971239404278097, 0.9906319083768876, 1.0507864250085281, -13.896349294934815, 19.359421317862473, 33.48596674993817, 10.143925172202962, -0.0313670979996612]",0.137603868
771990200,950990120,HVA,VISpm,calibration,aperture,13.333,26.667,900,49.149306,308.48621,-39.7591487,15.8828934,13.2719202,27.5530103,1592.60525,1.34479586,1.36555564,8,False,0.240851327,-51.8724796,29.74085,35.0728599,16.2591034,-64.2808445,2.1571214,2483.55112,1.33926296,1.36230972,21,0.00324592224,0.00553290297,False,False,"[0.660169829474279, 1.9128471527989392, 1.9440479221925557, 1.793786147267456, -39.759148673255666, 15.882893416466086, 13.271920157735625, 27.55301029505854]","[0.6258337819521059, 2.4324395754821384, 2.4032376523399646, 2.2551623710797117, -51.872479646259514, 29.740849959521594, 35.07285994411118, 16.259103392496247, -1.121912381998551]",2.58869627
771990200,950990120,HVA,VISpm,calibration,point,13.333,26.667,900,49.149306,308.48621,-39.6510314,15.8864062,14.1362021,28.0112012,1724.52624,1.34478246,1.36561779,8,False,0.348968601,-51.7247607,29.6416722,35.3850812,16.9944168,-64.4043705,2.0821592,2618.97764,1.33927026,1.36235368,21,0.00326411274,0.00551219765,False,False,"[0.6602271953235875, 1.9125269815402242, 1.9437355223121309, 1.793679046284382, -39.65103139913978, 15.88640617467167, 14.136202074405537, 28.011201158339023]","[0.6259248015405193, 2.4262121461118897, 2.39712153176709, 2.24951779266739, -51.724760744713265, 29.641672217593044, 35.38508122336762, 16.994416750094345, -1.1240683171997952]",0.176107962
771990200,950990124,HVA,VISpm,calibration,aperture,18,15,1000,55.230686,1186.5792,-47.4629801,3.39650143,50,17.1069526,3725.1862,0.721511555,0.808924558,13,True,-7.46298014,-48.3865833,4.82870718,50,16.4899793,-2.572534,3.03214449,3590.83496,0.721087018,0.809218699,14,-0.00029414082,0.000424536828,False,True,"[3.462900513888943, 2.1005626386476917, 2.188617052579651, 2.1265204161246496, -47.46298014143689, 3.396501431124152, 49.99999998200506, 17.106952573715883]","[3.4866201754392914, 2.1233364897136524, 2.20995861772916, 2.1323170915367315, -48.38658328283441, 4.828707175391672, 49.99999999999999, 16.489979336251377, -0.04489918844707774]",3.28959303
771990200,950990124,HVA,VISpm,calibration,point,18,15,1000,55.230686,1186.5792,-47.1490837,3.39750338,50,17.8292597,3882.47479,0.721542341,0.808948221,13,True,-7.14908368,-48.0597436,4.83140697,50,17.2381096,-2.60186451,2.90055007,3753.74677,0.721112141,0.809242343,14,-0.000294122548,0.000430200048,False,True,"[3.463754357761211, 2.09757688291791, 2.18530720322733, 2.1230228227068215, -47.1490836845899, 3.3975033827056706, 49.99999997297858, 17.82925969711786]","[3.4874026607493565, 2.120293120239639, 2.2066578635599168, 2.128721649656734, -48.05974356685694, 4.831406973498088, 49.99999999999999, 17.238109603851676, -0.045411102328302144]",0.250240699
771990200,950990128,HVA,VISpm,calibration,aperture,49.091,41.818,2200,558.50484,2680.8488,0.117767729,37.7690795,50,18.8963333,4114.83926,1.45111189,1.18631722,13,True,2.23092047,-3.22936626,37.9233877,50,18.7750689,-5.39932807,2.66310607,4088.43289,1.45042513,1.18638045,23,-6.32346143e-05,0.000686756386,False,True,"[1.8061901072426556, 1.8032592468026583, 0.9303214983255501, 1.132704216348296, 0.11776772864423765, 37.769079526469675, 49.99999999999999, 18.89633333053062]","[1.804197036343929, 1.8134909104773589, 0.9482178552926975, 1.1409305365036468, -3.2293662556343743, 37.923387692221795, 49.99999999999999, 18.77506891758651, -0.09423605213469988]",2.48782391
771990200,950990128,HVA,VISpm,calibration,point,49.091,41.818,2200,558.50484,2680.8488,0.100702206,37.7741356,50,19.5545443,4258.17037,1.45118572,1.18638186,14,True,2.22586445,-3.18521734,37.9226631,50,19.4398144,-5.39448162,2.57204101,4233.18695,1.45050096,1.18644445,28,-6.2589525e-05,0.000684758771,False,True,"[1.8064335946341898, 1.8050287816464425, 0.9309372944655244, 1.1336831883065213, 0.1007022056672206, 37.774135552873446, 49.99999999999999, 19.554544304913552]","[1.8043977883798252, 1.8150587620779046, 0.9488671921320945, 1.14186638821864, -3.185217344124052, 37.922663055887064, 49.99999999999999, 19.43981444833654, -0.09415146575099342]",0.199052082
771990200,950990132,HVA,VISpm,evaluation,aperture,65,40,600,491.72105,139.40528,18.1511706,32.4215908,14.3638293,18.8581554,1179.70868,1.14904325,1.13428268,14,False,7.57840922,17.6663272,32.0808761,20.3169493,14.3275521,-67.139544,1.41803353,1267.75643,1.14870061,1.13211492,10,0.00216776057,0.000342641284,False,False,"[0.2599844553808104, 0.3430728832814521, 0.5247863276569232, 0.49123061592458706, 18.151170581133027, 32.421590779544864, 14.363829326105565, 18.858155426798263]","[0.2578262960744112, 0.3395514883060084, 0.5165375695648968, 0.47487958365601846, 17.6663271608279, 32.080876125547725, 20.316949319484323, 14.32755211618257, -1.171806101232277]",1.85824946
771990200,950990132,HVA,VISpm,evaluation,point,65,40,600,491.72105,139.40528,18.1369564,32.4417206,15.246231,19.5441994,1297.73408,1.14904746,1.13431373,15,False,7.55827939,17.6512515,32.1069443,20.9647907,15.2069632,-67.1861781,1.37863099,1388.47594,1.14870446,1.13214245,10,0.00217128242,0.000342997518,False,False,"[0.25991559103166695, 0.3434246814310253, 0.5250282942199805, 0.49157621047375233, 18.13695640202079, 32.441720613303644, 15.246231031460903, 19.54419940223241]","[0.257757738678627, 0.3399075791095386, 0.5167806771973882, 0.47523882158261904, 17.65125150773397, 32.10694434167136, 20.964790737506657, 15.20696324440272, -1.1726200192823235]",0.128631937
771990200,950990136,HVA,VISpm,calibration,aperture,78.462,31.538,1300,45.729864,1144.1243,42.4716718,12.4751428,50,19.5620307,4259.8006,1.24988898,1.35956467,20,True,-2.47167179,24.3761106,16.5143371,50,15.9654584,20.7904353,3.131761,3476.61602,1.24118494,1.35223229,19,0.00733237785,0.0087040432,False,True,"[0.31560300999254187, 0.2891667722719628, 0.36927181544568416, 0.5422916870257363, 42.47167179481929, 12.475142835059524, 49.99999999999999, 19.562030713248056]","[0.2988344276615942, 0.36213253186366356, 0.39405001489474406, 0.5280081486143379, 24.376110601143527, 16.514337133356747, 49.99999999999999, 15.965458410630962, 0.36286154951837823]",4.54867916
771990200,950990136,HVA,VISpm,calibration,point,78.462,31.538,1300,45.729864,1144.1243,42.2490903,12.490852,50,20.1921071,4397.00515,1.24991853,1.35955567,20,True,-2.24909026,24.2085396,16.4612758,50,16.7531173,20.7999542,2.98451918,3648.13552,1.24123412,1.35220606,19,0.00734960975,0.00868440925,False,True,"[0.31592154141925605, 0.28835397717315436, 0.36882966913639564, 0.5419254862125116, 42.2490902568344, 12.490851959467953, 49.99999999999999, 20.192107075126053]","[0.2989341750778236, 0.3619473077883749, 0.39410541876905836, 0.5281615928696898, 24.208539559084628, 16.46127579754412, 49.99999999999999, 16.753117304119378, 0.36302768545527586]",0.311268944
771990200,950990143,HVA,VISpm,calibration,aperture,50,42.857,700,1366.9964,2744.5949,-4.69880701,32.4439717,10.9635314,11.4728835,547.808012,0.780606516,0.716275815,16,False,7.55602831,-5.13674899,32.2719773,12.010868,10.0440495,-53.3509394,1.19581927,525.398187,0.780556121,0.716326138,16,-5.03231438e-05,5.03950847e-05,False,False,"[3.409193721862528, 2.011868547492849, 0.8368478382237694, 1.0324230205729004, -4.698807014066847, 32.443971690230164, 10.963531409906063, 11.472883539259845]","[3.4105583743298107, 2.0386850338265075, 0.8520691309276709, 1.0462532787904213, -5.136748994126406, 32.27197725622602, 12.010868012871112, 10.044049525529447, -0.931149552355761]",2.63444355
771990200,950990143,HVA,VISpm,calibration,point,50,42.857,700,1366.9964,2744.5949,-4.72721957,32.5180629,12.1726427,12.6974539,673.142248,0.780607662,0.716358449,19,False,7.4819371,-5.15642283,32.3453802,13.1596959,11.3864214,-54.6202027,1.15573589,652.587026,0.780559675,0.716412108,18,-5.36589204e-05,4.79867151e-05,False,False,"[3.4083102399466227, 2.010604442208432, 0.8362933476631811, 1.0286135825172738, -4.727219574415873, 32.51806289692794, 12.17264272549987, 12.697453885101439]","[3.409628612448759, 2.0373510489598408, 0.8517076794482346, 1.0431628937754527, -5.15642282968758, 32.34538023385906, 13.159695879323833, 11.386421413322172, -0.9533023752432406]",0.171897563
771990200,950990151,HVA,VISpm,evaluation,aperture,72.308,41.538,1300,94.620504,126.117,0.401349738,25.4689815,50,20.6023602,4486.34129,0.808921702,0.805281757,13,True,14.5310185,5.22961767,26.0938981,50,18.1446132,20.2101914,2.75563879,3951.14573,0.787291104,0.780550278,10,0.0247314789,0.0216305979,False,True,"[2.4331336905408154, 1.998454369691229, 2.2103841240009094, 1.738089888356376, 0.40134973808902513, 25.46898145937836, 49.99999999999999, 20.60236015614576]","[2.4106724494805283, 2.237788869229245, 2.412171106573533, 1.9727567327258748, 5.229617668441985, 26.093898106552977, 49.99999999999999, 18.144613210423156, 0.35273438162318405]",1.64280714
771990200,950990151,HVA,VISpm,evaluation,point,72.308,41.538,1300,94.620504,126.117,0.395948808,25.4743607,50,21.2205901,4620.96617,0.808971299,0.805308845,13,True,14.5256393,5.16032118,26.0686332,50,18.8395545,20.2185378,2.65399057,4102.47518,0.787390459,0.780654432,10,0.0246544125,0.0215808397,False,True,"[2.433065893653105, 2.0005628580116186, 2.2125474453038656, 1.740018729599068, 0.3959488075628044, 25.474360680839332, 49.99999999999999, 21.220590061353537]","[2.410732867564867, 2.239834266966118, 2.4143460715566976, 1.974589934117518, 5.160321179981759, 26.06863319348237, 49.99999999999999, 18.839554474470933, 0.3528800548391082]",0.151256311
771990200,950990155,HVA,VISpm,evaluation,aperture,18,24,500,42.622577,223.29474,-30.8727475,12.3909518,13.674713,8.39375168,499.896007,1.56994178,1.36058692,21,False,9.12725253,-30.952348,12.8245963,21.3154594,8.58801861,-31.2929777,2.48199968,797.247202,1.55767141,1.36334745,12,-0.00276052638,0.0122703626,False,False,"[0.5575299855954304, 1.4388797511954572, 0.8292008773314087, 0.7908405173836414, -30.872747468489337, 12.390951783215225, 13.67471303374886, 8.393751680237072]","[0.5322404055238604, 1.2625911158719103, 0.8127703577005274, 0.7238168089101217, -30.952347961288197, 12.824596312750389, 21.315459413844003, 8.58801860745798, -0.5461654929962609]",2.09999801
771990200,950990155,HVA,VISpm,evaluation,point,18,24,500,42.622577,223.29474,-30.886001,12.4497658,14.5180256,9.66906542,611.360516,1.5699464,1.36055973,20,False,9.11399903,-30.9757797,12.8264743,21.9161909,10.082552,-31.2336462,2.17367498,962.367334,1.557752,1.36320739,13,-0.00264765983,0.0121944053,False,False,"[0.5583513419909999, 1.4726204417100983, 0.840444536593059, 0.8082056262992868, -30.8860009653858, 12.449765788055515, 14.518025634599462, 9.669065419845634]","[0.5316303649077975, 1.2648546151799371, 0.814388473373428, 0.7271136849217165, -30.97577968891432, 12.826474344950993, 21.916190917025396, 10.08255195434021, -0.5451299635747002]",0.13268162
771990200,950990163,HVA,VISpm,calibration,aperture,35,15,1200,24.596328,45.797249,-9.11103669,6.34100597,27.6171704,4.78642174,575.698996,1.20771562,1.18072654,20,False,30.8889633,-8.98431292,6.22016136,27.4391084,5.06312647,-0.864032478,5.41940015,605.05395,1.2071248,1.18174522,22,-0.00101867836,0.000590817723,False,False,"[0.16417530513743897, 0.43162025143432575, 0.7650709298405337, 0.436477796575963, -9.111036688595535, 6.341005973789413, 27.617170445564135, 4.786421743192037]","[0.16292006530453587, 0.43223405746945076, 0.7627262782053486, 0.43687342765069687, -8.984312916140384, 6.220161357312705, 27.439108375016453, 5.063126473705358, -0.0150802115860742]",3.18559992
771990200,950990163,HVA,VISpm,calibration,point,35,15,1200,24.596328,45.797249,-9.15927623,6.44684031,28.3407302,6.55563246,809.153585,1.20747893,1.17988477,19,False,30.8407238,-9.19609672,6.44402742,28.4565907,6.42117076,0.486138335,4.4316826,795.797218,1.20771463,1.17939526,26,0.000489505495,-0.000235707547,False,False,"[0.16608638046743465, 0.4596055486675987, 0.8363427546417688, 0.4753099537112703, -9.159276225796182, 6.446840309019829, 28.34073024061574, 6.555632462890175]","[0.1668421548757855, 0.46303139812551325, 0.8453065296559574, 0.47772064138222303, -9.196096718431614, 6.444027417544493, 28.45659072517314, 6.421170763509814, 0.008484714561843631]",0.221505857
771990200,950990182,HVA,VISpm,evaluation,aperture,39.333,1.333,1500,79.719749,110.55545,-59.8987581,-0.315733044,50,3.23079947,703.534399,1.20090529,1.23352466,48,True,-19.8987581,-1.97822267,-13.9572956,17.5445349,8.84538182,36.6384054,1.98346835,675.870939,1.19799048,1.24717121,31,-0.0136465443,0.0029148164,False,False,"[0.556298893307549, 0.22136308837335958, 0.2422678639889651, 0.4940372293675764, -59.89875814305533, -0.3157330441978436, 49.99999999999999, 3.2307994704136744]","[0.5526965006147515, 0.4561195969020928, 0.24577996007850414, 2.962018187823696e-21, -1.9782226744766465, -13.957295627031623, 17.544534874339472, 8.845381822206221, 0.6394608063696001]",6.47234128
771990200,950990182,HVA,VISpm,evaluation,point,39.333,1.333,1500,79.719749,110.55545,-32.513946,2.21211166,7.04021162,4.89995682,150.239212,1.20026745,1.23871224,40,False,7.48605396,-37.629843,3.42898561,27.0412662,4.11134249,-20.8927521,6.57723513,484.190216,1.19890883,1.23497813,27,0.00373410356,0.00135862044,False,False,"[0.5719290537601067, 0.137232398913675, 0.5609755171987766, 0.9296455417628727, -32.51394604233956, 2.212111664475293, 7.040211618753145, 4.899956818718731]","[0.5627059880830674, 0.2619115021062164, 0.41249147289064736, 0.6659767325101685, -37.62984301538403, 3.428985614615143, 27.041266242073217, 4.111342485376977, -0.36464731348927093]",0.305732323
771990200,950990186,HVA,VISpm,evaluation,aperture,45,50,200,324.69226,33.709402,-7.9538796,37.8907708,8.23927582,6.75735055,242.477151,3.01916512,3.16574696,9,False,2.1092292,-7.13561528,37.9430172,9.79471458,5.0538776,33.4626573,1.93805932,215.586635,3.00985041,3.17036665,10,-0.00461968423,0.00931470783,False,False,"[0.5798535221460454, 6.007669976129997, 4.374170321005457, 3.2671383669109497, -7.953879600043217, 37.89077080338209, 8.239275819955065, 6.75735055094146]","[0.5814928417537787, 6.224067284696388, 4.388367230742393, 3.2798118293220453, -7.135615283342606, 37.94301717559402, 9.794714577146655, 5.05387760160672, 0.5840335455920833]",1.63522509
771990200,950990186,HVA,VISpm,evaluation,point,45,50,200,324.69226,33.709402,-7.95328767,37.5798378,9.7612713,8.30281857,352.969566,3.01926037,3.16603693,9,False,2.42016223,-7.33390645,37.5282576,10.9399595,7.12007432,30.9432548,1.53649513,339.238841,3.0098071,3.17000262,11,-0.0039656978,0.00945327036,False,False,"[0.5789331934057288, 6.177950168728361, 4.4946389025000615, 3.3570783883569537, -7.95328767218076, 37.57983776744083, 9.761271298404571, 8.302818568335395]","[0.5805276968857442, 6.557907874175495, 4.599119492439403, 3.418815827454599, -7.333906448391451, 37.528257610098905, 10.93995952956901, 7.120074315847504, 0.5400616766749171]",0.1003478
771990200,950990190,HVA,VISpm,evaluation,aperture,24,27,1000,149.83699,491.98039,-10.144096,22.5491159,2.0000003,3.64274036,31.7295277,0.573456444,0.655659926,22,True,17.4508841,-10.1550397,22.5297476,3.65739833,2.00000019,88.4456659,1.82869899,31.857202,0.57344146,0.655580933,20,7.89935062e-05,1.49832983e-05,True,False,"[0.059241499057102166, 0.21476274128312622, 0.12735172054924068, 0.28974569796798677, -10.144096031495721, 22.549115921769868, 2.0000003024568067, 3.642740356031676]","[0.059234445281999525, 0.21498332965392816, 0.12752991387968474, 0.2897605122603499, -10.155039670595919, 22.529747607288286, 3.6573983340107055, 2.000000190619914, 1.5436680792570385]",2.89110251
771990200,950990190,HVA,VISpm,evaluation,point,24,27,1000,149.83699,491.98039,-10.0203018,23.4018651,2.10757025,2.6452251,24.280075,0.567050838,0.659391141,48,False,16.5981349,-10.9188005,23.79916,2.40599059,2.01152162,-76.203493,1.19610476,21.0777359,0.567050711,0.659390217,19,9.24272749e-07,1.26836022e-07,False,False,"[0.06189711138887914, 0.43049040833443086, 0.7767399405856694, 1.535565774034392, -10.020301799750468, 23.401865067928863, 2.1075702522740096, 2.645225099688146]","[0.06189683177917138, 0.7046546943272262, 1.2711485812059689, 2.513198607936346, -10.918800544051729, 23.799160013196726, 2.405990589281461, 2.0115216161258815, -1.3300018544793542]",0.190386853
771990200,950990198,HVA,VISpm,evaluation,aperture,13.333,46.667,300,607.98897,2301.8544,-59.9999964,59.9934874,44.1203189,19.048552,3660.20947,1.54113717,1.57737241,39,True,-19.9999964,-59.9993242,49.3386135,49.9999988,4.49017108,-15.5658786,11.1354329,977.773386,1.5393337,1.5765227,25,0.000849713391,0.00180346672,False,True,"[0.2665032373879721, 0.5760241001551308, 0.5840538204225725, 1.0119144616846887, -59.999996431675044, 59.9934873507794, 44.12031890096581, 19.048551994609777]","[0.26894364691859446, 0.39966206872973087, 0.26775791936977633, 0.6605759722048852, -59.99932422107139, 49.33861347677402, 49.99999884287559, 4.490171080269907, -0.2716758332104865]",5.30051749
771990200,950990198,HVA,VISpm,evaluation,point,13.333,46.667,300,607.98897,2301.8544,-59.9999936,59.9935561,44.3138711,19.672732,3796.72984,1.54112265,1.57737421,45,True,-19.9999936,-37.0905155,41.7292818,50,2.00130055,-16.7142561,24.9837537,435.800424,1.5249168,1.58195715,38,-0.00458294527,0.0162058514,False,True,"[0.2665703317756673, 0.5777556601581118, 0.5862694829466336, 1.016607252675615, -59.999993620052635, 59.993556074267254, 44.31387114052123, 19.672731997313143]","[0.2795972855267438, 0.3786482794214473, 0.33273685054925023, 1.1643363964858295, -37.09051551931886, 41.72928178662744, 49.99999999999999, 2.001300552092561, -0.29171880181398446]",0.416166369
771990200,950990206,HVA,VISpm,evaluation,aperture,20,45,600,226.70988,377.10141,-29.8354515,34.168238,13.253355,18.23456,1052.51053,3.37636216,3.19308984,11,False,5.831762,-28.1469293,34.3208415,20.7053644,11.7368271,66.7337121,1.76413645,1058.3734,3.37063123,3.1852343,14,0.00785554172,0.00573092329,False,False,"[1.6486084614868595, 2.942811713042019, 4.229236772120875, 3.611127399825611, -29.83545151962446, 34.168237995793504, 13.253355034107154, 18.23455996328941]","[1.6561329072809399, 2.91592829010053, 4.2479605691965725, 3.670058734080484, -28.146929286175112, 34.32084146204629, 20.70536442515728, 11.736827086268512, 1.164722997950851]",2.18020395
771990200,950990206,HVA,VISpm,evaluation,point,20,45,600,226.70988,377.10141,-29.8535972,34.1373544,14.2299607,18.9085038,1171.83427,3.37644467,3.19333295,9,False,5.86264564,-28.1715158,34.2440471,21.2667982,12.808789,66.5724551,1.66032857,1186.35731,3.37069427,3.18551313,18,0.00781981936,0.00575040041,False,False,"[1.6482049926728635, 2.9436087333645062, 4.229271996353825, 3.6121570743757117, -29.853597154346385, 34.137354355178225, 14.229960691036016, 18.908503767016814]","[1.655849900520664, 2.9192217078319875, 4.251069993421684, 3.6746648861080646, -28.171515812882983, 34.24404710927464, 21.266798181653513, 12.808788952238011, 1.161908531827101]",0.153612114
771990200,950990210,HVA,VISpm,calibration,aperture,20,50,300,-236.8985,-171.16349,-28.0677031,38.5224188,6.85408399,4.36607706,130.330526,0.545179059,0.570584131,17,False,1.47758121,-27.7223029,38.5956849,7.65030321,4.16386854,25.0275861,1.83730661,138.733387,0.544483331,0.567951653,12,0.0026324776,0.000695727559,False,False,"[0.050196546419645924, 0.9669383757909499, 0.17870193056223732, 0.06475282269671984, -28.067703066315897, 38.52241878909479, 6.854083987112865, 4.366077057810048]","[0.049977926714964246, 0.9541530001585788, 0.17927826289662838, 0.06452598166766126, -27.72230292639569, 38.59568494328401, 7.650303211958628, 4.163868542238949, 0.43681378044904706]",2.00654481
771990200,950990210,HVA,VISpm,calibration,point,20,50,300,-236.8985,-171.16349,-28.0763594,35.5807053,8.37781604,2.98083973,108.761396,0.54462943,0.571361043,40,False,4.41929472,-29.2415609,35.4759576,8.55719657,2.74734414,2.63235338,3.11471593,102.388198,0.54366729,0.56964298,9,0.00171806337,0.000962140031,False,False,"[0.05043886225955013, 3.0419510556335587, 0.5610097339366059, 0.20588282086565526, -28.076359429209184, 35.580705277123464, 8.377816042964843, 2.9808397273375338]","[0.05023872721024136, 3.7978454743760452, 0.7358505543881356, 0.26989401015633924, -29.241560939157335, 35.47595760451906, 8.557196567751985, 2.7473441387117368, 0.04594323360507624]",0.280186149
771990200,950990221,HVA,VISpm,calibration,aperture,35,46.667,600,216.77277,28.029554,-16.0630569,60,14.2794154,23.1665829,1440.71387,0.416543622,0.365200126,16,True,-20,2.61275731,60,36.6198897,11.0929108,48.0637845,3.30119751,1769.16315,0.412679863,0.365594819,22,-0.000394692184,0.00386375808,False,False,"[0.03608587422518245, 0.3084012838771957, 0.24270334663984605, 0.25133010410271106, -16.063056894899432, 59.999999999999524, 14.279415403691356, 23.166582931744504]","[0.03380902199845931, 0.26302768424414846, 0.2175405051767373, 0.20830213700280564, 2.6127573135105004, 59.999999999912944, 36.61988970256379, 11.092910842645416, 0.8388712903902098]",2.52097118
771990200,950990221,HVA,VISpm,calibration,point,35,46.667,600,216.77277,28.029554,-16.0651237,60,15.1648224,23.7103131,1565.95741,0.416539686,0.365204648,16,True,-20,2.63368444,60,36.9908814,12.2274106,48.017209,3.02524244,1969.85612,0.412677258,0.365584703,20,-0.000380054675,0.00386242799,False,False,"[0.03606843727271535, 0.3086001658274689, 0.24290612789338034, 0.25152268271492556, -16.06512367383572, 59.99999999999985, 15.164822420899759, 23.71031307641036]","[0.03376473438438969, 0.26318364554670937, 0.21783613740365304, 0.20862653502229475, 2.6336844361531124, 59.99999999998746, 36.99088144623231, 12.22741058130393, 0.8380583952094796]",0.175001395
771990200,950990224,HVA,VISpm,evaluation,aperture,25.625,36.875,1600,63.930758,80.500145,-31.074657,28.365791,33.5614623,26.1416855,3821.02421,1.70232035,1.51253239,9,False,8.92534297,-29.8188364,27.1317377,33.4372664,25.2433111,13.1412857,1.32459907,3676.0585,1.70133422,1.50992356,10,0.00260882861,0.000986131356,False,False,"[2.2556090916287204, 4.736181698176343, 4.572017076175815, 4.319046944367449, -31.074657030964506, 28.365790982352543, 33.561462289597536, 26.14168546913811]","[2.297372505558169, 4.672652009956822, 4.506990265613584, 4.242542722236357, -29.81883639153311, 27.131737699891, 33.437266353074136, 25.243311104468468, 0.22935870254077861]",1.20632007
771990200,950990224,HVA,VISpm,evaluation,point,25.625,36.875,1600,63.930758,80.500145,-31.074908,28.3653069,33.9383233,26.6231796,3935.09874,1.70232102,1.51253623,9,False,8.92509198,-29.8181263,27.1306751,33.8151646,25.7411488,13.1460502,1.31366183,3790.92123,1.70133389,1.50992684,10,0.00260938852,0.000987126691,False,False,"[2.2553640957551075, 4.736494367777748, 4.572352558372218, 4.319455842006067, -31.074908015840435, 28.365306893327777, 33.93832331251774, 26.62317960133788]","[2.297144667751256, 4.672996098863232, 4.507348849776092, 4.242967360970405, -29.81812627375982, 27.130675149050454, 33.815164584189574, 25.74114880489982, 0.22944185908280867]",0.0958936787
771990200,950990247,HVA,VISpm,calibration,aperture,30,45,600,233.76207,51.741259,-21.4677894,32.753847,14.5364989,14.9398555,945.826644,2.73045748,2.89168826,7,False,7.246153,-21.2183711,32.6174246,15.2906604,13.7117284,50.3553715,1.11515193,913.111425,2.72957698,2.88507205,16,0.00661620867,0.000880499161,False,False,"[1.2465467570579933, 5.1174262544119555, 5.0114004866712385, 5.200693312175915, -21.467789440336112, 32.75384699674316, 14.536498876766185, 14.939855456522729]","[1.2549015634813037, 5.173329029131676, 5.051287857466192, 5.271155849356216, -21.218371058790783, 32.61742462122483, 15.290660449137988, 13.711728426284672, 0.8788670295703462]",1.73454955
771990200,950990247,HVA,VISpm,calibration,point,30,45,600,233.76207,51.741259,-21.4653793,32.7464904,15.4149473,15.7809575,1059.45063,2.73044243,2.89166244,7,False,7.25350956,-21.2156814,32.6051708,16.1245815,14.6250378,49.919221,1.10253263,1027.04809,2.7295387,2.88499381,17,0.00666862652,0.000903727979,False,False,"[1.2458454396730232, 5.122253250818111, 5.016285182805887, 5.205239692403796, -21.465379345986015, 32.74649043576785, 15.414947325688068, 15.780957484708459]","[1.25425042761313, 5.179391120258327, 5.057143790440829, 5.277081024882995, -21.215681357412997, 32.60517077626707, 16.124581495160854, 14.625037847504446, 0.871254767332394]",0.112984561
771990200,950990251,HVA,VISpm,evaluation,aperture,25.455,42.727,1100,185.01259,48.4747,-27.8698835,43.7217548,25.6233597,19.4890366,2174.86234,1.02159732,1.03650842,11,False,-3.72175484,-10.6079536,44.9862659,40.9511505,12.1334509,35.7805447,3.37506211,2163.99262,1.00722764,1.01941089,11,0.0170975276,0.0143696765,False,False,"[0.16699471691424508, 1.5955753852990748, 1.1458860701071025, 1.2517794757238174, -27.869883490219397, 43.721754836385095, 25.623359668871988, 19.489036573289443]","[0.18186878770231438, 1.6415904022066812, 1.1872926368737011, 1.257547520185314, -10.60795357549193, 44.98626586626908, 40.95115050989942, 12.133450924927711, 0.6244883129640235]",1.93712697
771990200,950990251,HVA,VISpm,evaluation,point,25.455,42.727,1100,185.01259,48.4747,-27.867791,43.7289312,26.1191171,20.1393955,2290.92173,1.02160593,1.03651891,11,False,-3.72893121,-10.4816536,45.1006142,41.3760825,13.1778527,35.811789,3.13981978,2374.64857,1.00722726,1.0194179,15,0.0171010014,0.014378664,False,False,"[0.16690534139331253, 1.5958125566578163, 1.1462010225138206, 1.2521840910621538, -27.86779099226027, 43.728931205459126, 26.119117090272596, 20.139395496422143]","[0.18152785090962886, 1.6441824583555753, 1.189511601011753, 1.260339819232896, -10.481653584591546, 45.100614166200586, 41.376082532379414, 13.177852687804203, 0.6250336286734073]",0.119423558
771990200,950990255,HVA,VISpm,evaluation,aperture,23.636,39.091,1100,399.32758,270.66636,-22.1562475,27.5105309,15.4517439,7.73742475,520.69004,3.65712008,3.34719253,11,False,12.4894691,-22.5536895,27.1552378,15.5706084,7.86747552,10.5519756,1.97911114,533.514606,3.65793355,3.36076902,16,-0.0135764981,-0.000813465997,False,False,"[0.7884592059430041, 1.1782832128006564, 2.8466920983370163, 2.186839157551638, -22.156247456312062, 27.510530907596227, 15.45174393818445, 7.737424745473824]","[0.7871947259152094, 1.1664145425484256, 2.8207884820641405, 2.2092414260592537, -22.553689507167913, 27.155237804228427, 15.57060844658342, 7.8674755223830175, 0.184166716524504]",2.1950829
771990200,950990255,HVA,VISpm,evaluation,point,23.636,39.091,1100,399.32758,270.66636,-22.1547021,27.5227468,16.2899818,9.33705218,662.423474,3.6569598,3.34765704,9,False,12.4772532,-22.5467157,27.1683964,16.3979502,9.44026576,10.580746,1.73702209,674.185042,3.65778959,3.36100391,17,-0.0133468711,-0.000829786532,False,False,"[0.7878765907740916, 1.1865417271701477, 2.868484262198269, 2.2052313991608035, -22.154702124640522, 27.522746811989663, 16.28998178491609, 9.337052178142345]","[0.7866305015728997, 1.1755776622037868, 2.8411425091903664, 2.226928450781794, -22.546715723625663, 27.168396358726156, 16.39795017061088, 9.440265762007467, 0.1846688549283002]",0.140477654
771990200,950990259,HVA,VISpm,calibration,aperture,40,50,300,155.85703,32.852189,-11.9781048,45.0888085,15.1292747,10.8953047,717.898123,1.26726795,1.53688795,11,False,-5.08880852,-11.9359781,45.0743083,15.1327773,10.8870026,0.434548759,1.38998565,717.517166,1.26725076,1.53685137,12,3.6577792e-05,1.71852691e-05,False,False,"[0.08523916201783176, 0.4353422540362445, 0.6255226744967113, 0.6980737140957924, -11.978104782165344, 45.088808517833364, 15.129274715016251, 10.895304688562922]","[0.08523844572516075, 0.4352688524569156, 0.6252656221211219, 0.6975175957020051, -11.935978104043395, 45.07430826982854, 15.13277732351958, 10.887002550213955, 0.007584306609988545]",1.53584181
771990200,950990259,HVA,VISpm,calibration,point,40,50,300,155.85703,32.852189,-11.9765077,44.699502,15.9680546,11.8482799,823.972363,1.26722305,1.53680631,11,False,-4.69950201,-11.9675134,44.6978605,15.9674864,11.8476528,0.0773041913,1.34773417,823.899428,1.26722041,1.53680113,2,5.18838883e-06,2.64339864e-06,False,False,"[0.08520775559444164, 0.4315558183725864, 0.6204059945355116, 0.6918399006037641, -11.976507663385231, 44.69950200562167, 15.968054621811913, 11.848279920199579]","[0.08520829489835066, 0.4315412733875699, 0.6204343171183183, 0.6917631753779276, -11.967513357111821, 44.69786049338612, 15.967486409096708, 11.847652755651588, 0.001349212663958932]",0.105189441
771990200,950990262,HVA,VISpm,calibration,aperture,23.636,40.909,1100,13.217261,21.841627,-26.7984896,28.1650791,15.6490432,9.77520327,666.221915,1.63589359,1.3934179,8,False,11.8349209,-26.4010598,28.0216434,16.1330226,9.46634184,11.8359206,1.70425101,665.124975,1.63341653,1.38913982,7,0.00427807779,0.0024770612,False,False,"[0.11217568517289352, 2.9301374507409443, 2.546392858344621, 1.26289225247587, -26.79848958574517, 28.165079092595388, 15.64904316025987, 9.775203268626104]","[0.11241436834169594, 2.9588919620256684, 2.5259528703924716, 1.2555094294015345, -26.40105980762043, 28.021643424584187, 16.133022621671067, 9.466341840882125, 0.20657578389386666]",1.3454558
771990200,950990262,HVA,VISpm,calibration,point,23.636,40.909,1100,13.217261,21.841627,-26.806926,28.1726575,16.4680617,11.0510424,792.594512,1.63614503,1.39353385,8,False,11.8273425,-26.4124657,28.0282445,16.9463303,10.7688293,11.8785357,1.57364647,794.784687,1.63357929,1.38930115,10,0.0042327088,0.00256573713,False,False,"[0.11186445984357701, 2.940811903246099, 2.556176575895705, 1.2676487665121885, -26.806925986908464, 28.172657494259376, 16.46806167671454, 11.051042439172743]","[0.1120927630147199, 2.9717613888457293, 2.5369173776325824, 1.2608091848402077, -26.412465665936956, 28.028244503244622, 16.94633030003734, 10.768829344548532, 0.20731955831818527]",0.10640224
771990200,950990266,HVA,VISpm,calibration,aperture,50,50,300,222.55526,40.514293,-4.08748492,60,26.4246842,28.1903187,3244.25603,1.72471937,1.66369039,16,True,-20,16.6433706,60,44.0851969,18.3479429,40.186337,2.4027324,3522.77978,1.70305303,1.66903411,18,-0.00534372075,0.0216663323,False,False,"[0.36855741491488003, 3.256148483341978, 2.447003135223996, 1.5865279465733253, -4.087484924710165, 59.99999995139773, 26.42468418408219, 28.190318726992725]","[0.3595393153605487, 2.9810551516229165, 2.3615566426385484, 1.4441593010127927, 16.643370605898113, 59.99999999999826, 44.08519692883655, 18.34794292635007, 0.7013838956408174]",2.34666257
771990200,950990266,HVA,VISpm,calibration,point,50,50,300,222.55526,40.514293,-4.08606614,60,26.8965575,28.6321909,3353.95019,1.72471823,1.66368023,16,True,-20,16.6631092,60,44.3799684,19.0181287,40.1766288,2.33356126,3675.86963,1.70305038,1.66900957,18,-0.00532934394,0.0216678513,False,False,"[0.36854512522621086, 3.2571255141300557, 2.4477414302242284, 1.5870352116297606, -4.086066137641512, 59.9999999842717, 26.896557519551305, 28.6321908714152]","[0.3595238999228318, 2.9825746882058373, 2.3627914920316266, 1.4449514649061743, 16.663109231288843, 59.999999999997506, 44.37996841144876, 19.018128711161594, 0.7012144550291235]",0.192990851
771990200,950990270,HVA,VISpm,calibration,aperture,10,40,300,931.8507,83.666956,-50.393749,27.4862713,2.00153596,2.49393218,21.739691,1.72892289,3.36954344,17,False,-10.393749,-50.5419723,27.1278152,2.00140625,2.00051183,-60.9647946,1.0004471,17.437399,1.72894351,3.36943819,10,0.000105257364,-2.06213732e-05,False,False,"[0.12371659786521463, 0.7838159899542665, 1.825497010179865, 2.0593542066188983, -50.39374895152601, 27.486271319312884, 2.001535961948146, 2.49393218258602]","[0.12374964561864507, 0.8614304622714624, 2.0050135589241167, 2.240676054156886, -50.54197227666323, 27.127815215568315, 2.00140625075488, 2.000511831140014, -1.0640363943678757]",1.74562937
771990200,950990270,HVA,VISpm,calibration,point,10,40,300,931.8507,83.666956,-42.5132385,26.3780249,2.29061862,3.17586618,31.6825632,1.72896122,3.36944382,26,False,-2.5132385,-42.3520185,26.302382,2.76851245,2.26486251,-44.6319357,1.2223755,27.3082364,1.72895542,3.36943301,8,1.08091327e-05,5.8002455e-06,False,False,"[0.12375201094151303, 0.8688889318514618, 2.0205100726693526, 2.253041668623883, -42.51323850328067, 26.378024929490753, 2.290618616452795, 3.175866183738401]","[0.1237526388234493, 1.5710855873808651, 3.655847581042402, 4.074362998542843, -42.3520184779369, 26.30238197787176, 2.768512449000485, 2.2648625141196184, -0.7789742303620835]",0.109236242
771990200,950990301,HVA,VISpm,calibration,aperture,30,48.333,600,208.53023,51.732677,-18.356276,60,35.7286544,22.6262389,3520.74327,1.16424256,1.13238453,13,True,-20,5.71507469,60,42.341961,18.0541591,24.3614356,2.34527461,3329.30484,1.16239961,1.12506226,16,0.00732227036,0.00184294168,False,False,"[0.1723434857685095, 1.7067419507001822, 1.1722443373790057, 1.3298071558782043, -18.356276030554135, 59.99999999682005, 35.728654395221696, 22.626238860551418]","[0.180195489456444, 1.6845344525611172, 1.1051638147687348, 1.2703155381730566, 5.7150746890308834, 59.99999999969153, 42.34196098617279, 18.05415910919416, 0.42518726130792084]",2.23030222
771990200,950990301,HVA,VISpm,calibration,point,30,48.333,600,208.53023,51.732677,-18.3523811,60,36.0753911,23.1719147,3640.64471,1.16423693,1.13239223,15,True,-20,5.8550204,60,42.6740365,18.6942991,24.3939886,2.28272995,3474.3874,1.16240027,1.12507015,16,0.00732208292,0.00183665516,False,False,"[0.17233871604545242, 1.707864970529133, 1.173030948274892, 1.3307011441582532, -18.35238106760125, 59.9999999999125, 36.07539107153155, 23.171914695211104]","[0.1802736619194281, 1.6868885196423358, 1.1064141939837338, 1.2719480349940493, 5.855020399500543, 59.99999999962359, 42.67403650624596, 18.6942991013211, 0.425755418775537]",0.160272912
771990200,950990415,HVA,VISpm,evaluation,aperture,55,50,200,-19.805355,10.438786,6.19282468,59.9999999,8.9897061,17.6228598,689.965236,0.351311106,0.422596738,11,True,-19.9999999,2.41953248,60,17.896017,8.52116112,-76.6277615,2.10018526,664.141302,0.354366896,0.424698498,14,-0.00210175949,-0.00305578922,False,False,"[0.019059787831970307, 4.322750907957445, 2.5988843861003983, 1.565181065289015, 6.192824684902061, 59.99999990667794, 8.989706103416252, 17.622859793691426]","[0.01989680715456523, 4.433862320954831, 2.6401061831308925, 1.5982446025920694, 2.419532484983147, 59.9999999833309, 17.896016958411938, 8.521161123055304, -1.3374067360660977]",2.58887061
771990200,950990415,HVA,VISpm,evaluation,point,55,50,200,-19.805355,10.438786,6.24804245,60,10.2744113,18.3171519,819.634487,0.351214762,0.422411983,11,True,-20,2.00792452,60,18.6365381,9.75442585,-75.1913296,1.91057254,791.721218,0.3545208,0.425263575,12,-0.00285159218,-0.00330603785,False,False,"[0.01904029390755364, 4.37713071656122, 2.6372869498971436, 1.5889474977812934, 6.248042454962343, 59.99999995961441, 10.274411324277665, 18.31715186258285]","[0.020122271862609828, 4.533596444495627, 2.7046790218422956, 1.6384492328989673, 2.0079245237558685, 59.99999999882809, 18.636538148783316, 9.754425852898734, -1.3123362711345625]",0.174394386
771990200,950991658,V1,VISp,evaluation,aperture,48.333,21.667,600,148.74447,72.146748,3.24240118,6.00779112,14.6911528,5.21517125,333.679694,0.986983939,0.973135031,18,False,33.9922089,3.08187335,5.80526824,14.5562786,4.72599284,4.84925104,3.0800467,299.604788,0.986942071,0.973942395,23,-0.000807363815,4.18679292e-05,False,False,"[0.6003945892244615, 0.638037132097704, 0.39887527949665325, 0.237284873663198, 3.24240117707813, 6.007791117836556, 14.691152810764235, 5.215171246914355]","[0.6017102434168412, 0.6457558040615035, 0.4111509274036085, 0.22859375536130272, 3.081873345656904, 5.805268239823391, 14.556278642611707, 4.725992839275259, 0.08463539685899368]",3.55376319
771990200,950991658,V1,VISp,evaluation,point,48.333,21.667,600,148.74447,72.146748,3.29686336,5.86976987,15.6444051,7.4135178,505.113201,0.987013544,0.973110357,16,False,34.1302301,3.0457273,5.29070612,15.3203453,6.13126948,7.32727037,2.49872321,409.095111,0.986899501,0.975105731,19,-0.00199537423,0.000114043109,False,False,"[0.5998787004157521, 0.65964002921727, 0.4106706407052725, 0.24543145399393493, 3.296863361091242, 5.8697698651197845, 15.644405148000235, 7.413517802935217]","[0.6040240977996001, 0.7442528561857943, 0.46958082688389124, 0.23944137116022698, 3.045727300479763, 5.290706124956593, 15.320345348364357, 6.131269481570821, 0.12788499322361346]",0.257584411
771990200,950991670,V1,VISp,calibration,aperture,15,-30,200,667.54161,412.21669,31.7196285,-0.698577392,9.70788747,4.54979211,192.363033,1.13538643,1.17862283,20,False,8.28037152,31.028774,0.622041233,9.28417708,2,-44.4369784,4.64208854,80.8683795,1.1343401,1.18129747,16,-0.0026746497,0.00104632381,True,False,"[0.31783317968561353, 0.4220578065655313, 0.07542634473813385, 0.35829281388792644, 31.719628481561987, -0.698577392082875, 9.707887474085624, 4.54979211397118]","[0.3182459413525987, 0.4330536270838167, 0.06529208704242218, 0.3767884632166471, 31.02877400297172, 0.6220412333622217, 9.284177083976019, 2.0000000000000004, -0.7755715825678221]",3.22378906
771990200,950991670,V1,VISp,calibration,point,15,-30,200,667.54161,412.21669,32.609729,-0.866186288,11.8541539,7.25351222,374.476214,1.13534251,1.17855034,22,False,7.39027095,37.329555,3.49495235,12.4825789,2.01386034,-12.1876539,6.19833395,109.481061,1.1348536,1.1843262,64,-0.0057758621,0.000488915809,False,False,"[0.317122593741815, 0.4142503226365448, 0.09555344590902577, 0.35910585500747044, 32.609729045834946, -0.8661862876875993, 11.854153902527772, 7.253512218607282]","[0.32214986364838527, 0.9150795950903484, 1.8867284111949132, 1.4788939598365605, 37.329554964749136, 3.4949523506777194, 12.482578904602645, 2.0138603373656707, -0.21271468900774604]",0.61288272
771990200,950991678,V1,VISp,calibration,aperture,22,14,500,27.095105,49.907456,-23.7857669,1.66584119,12.688663,9.27507488,512.552807,0.837074052,0.845679647,7,False,16.2142331,-23.7925648,1.67254209,12.6783295,9.24536464,-1.61918936,1.37131741,510.494899,0.83706603,0.845514821,11,0.000164826446,8.02216261e-06,False,False,"[1.1545747227765988, 6.039666844480678, 4.0999432124019775, 2.8137838833408666, -23.785766868941803, 1.665841192274004, 12.688662986242141, 9.275074879222279]","[1.1551974188257885, 6.048152601705528, 4.106013252394417, 2.820194326531724, -23.79256475131468, 1.6725420942246938, 12.678329450003277, 9.245364639123274, -0.02826018552775955]",1.36881323
771990200,950991678,V1,VISp,calibration,point,22,14,500,27.095105,49.907456,-23.7802653,1.65964843,13.6881983,10.6131745,632.69867,0.836909069,0.845367771,7,False,16.2197347,-23.7888065,1.66798,13.6766247,10.5808004,-1.98143578,1.29258886,630.235378,0.836892997,0.845162871,6,0.00020489938,1.60714032e-05,False,False,"[1.1531564685880011, 6.0777833042439395, 4.127013149011323, 2.832866547865461, -23.780265302813266, 1.6596484312104018, 13.68819826839174, 10.613174503809983]","[1.153922756177535, 6.089124362531711, 4.135084727117455, 2.841066774995131, -23.78880653285218, 1.6679799972567853, 13.676624651800617, 10.580800374275569, -0.03458257833591927]",0.083415932
771990200,950991749,V1,VISp,calibration,aperture,14,12,500,17.310985,44.028556,-32.7636049,2.62219989,11.6106349,10.8981107,551.077289,1.57315013,1.62843284,7,False,7.23639509,-32.8219599,2.20312594,12.443439,10.3244018,35.4072234,1.20524552,559.513601,1.56682454,1.61550756,9,0.0129252767,0.00632558869,False,False,"[1.070709572461775, 8.467332427025761, 9.356798246738917, 13.50238988602276, -32.76360491177323, 2.6221998932870614, 11.610634900773887, 10.898110707621019]","[1.0646193986341645, 8.506472399953644, 9.34921429516852, 13.387195731429824, -32.821959869539974, 2.2031259428264685, 12.443439001402972, 10.32440175004806, 0.6179726264934238]",1.3489594
771990200,950991749,V1,VISp,calibration,point,14,12,500,17.310985,44.028556,-32.7844243,2.62427041,12.7282379,12.0659776,668.861392,1.57355819,1.62911552,7,False,7.21557572,-32.8448824,2.20687041,13.4847861,11.5602496,35.1058461,1.16647881,678.916871,1.56733323,1.61634493,10,0.012770594,0.00622495822,False,False,"[1.067736558534882, 8.491846270019407, 9.38105465470371, 13.527210268690949, -32.784424278640174, 2.624270413647777, 12.728237862749051, 12.065977635785416]","[1.0616392193233652, 8.530706981458822, 9.373212211526573, 13.41240337445186, -32.84488235304239, 2.206870406030554, 13.484786106027189, 11.560249550819481, 0.612712601357305]",0.0930001549
771990200,950991768,V1,VISp,calibration,aperture,25,5,400,13.124474,10.618572,-21.288486,-5.00948957,2,7.10858968,61.9182641,0.463059234,0.424740579,14,True,18.711514,-21.3314869,-4.81857517,7.11244801,2.04355647,84.3992161,3.48042646,63.3010738,0.462438821,0.424778143,12,-3.75639024e-05,0.000620412546,False,False,"[0.053374818840050006, 0.33259101923177375, 0.5280578787707566, 0.4908495871506281, -21.28848603737357, -5.009489567311859, 2.0000000001859957, 7.10858968256377]","[0.0532652735708029, 0.33126379639287445, 0.5291672674586061, 0.48960316238795965, -21.331486944422295, -4.818575168446547, 7.112448006735363, 2.043556470225385, 1.473044207533567]",1.99856108
771990200,950991768,V1,VISp,calibration,point,25,5,400,13.124474,10.618572,-22.4010566,-5.83289354,5.6581157,8.64377699,213.000541,0.463106808,0.423616075,15,False,17.5989434,-24.3484868,-5.46814053,5.91402568,2.67613578,-81.4567719,2.20991242,68.928159,0.466238283,0.423851829,34,-0.000235753354,-0.00313147451,False,False,"[0.053593761892761486, 0.38729224969435067, 0.6207108998811458, 0.567361364543651, -22.401056563725987, -5.832893535212774, 5.658115698568696, 8.643776988875489]","[0.05803944937475897, 1.5090737538370782, 2.3853437826429382, 2.3523858804235878, -24.34848676676153, -5.46814053373389, 5.914025678362431, 2.6761357765755784, -1.421688868055095]",0.261551545
771990200,950991864,V1,VISp,evaluation,aperture,12.5,20,400,29.912981,252.62275,-37.1063262,9.74750042,9.29150499,15.5235002,628.175574,1.31452855,1.27304831,7,False,2.8936738,-37.3032299,9.39085263,15.6613323,9.54978519,84.4688464,1.63996698,651.369827,1.31405998,1.2735504,13,-0.000502085143,0.00046857442,False,False,"[0.4570674026777021, 1.9118835943023773, 2.5794981966057895, 2.4046497344534545, -37.10632620109937, 9.74750041884127, 9.291504987570494, 15.523500189595401]","[0.4556261545969836, 1.8970784746345768, 2.5675924771971776, 2.3925775499851163, -37.30322990482429, 9.390852633724757, 15.661332330158142, 9.549785185511213, 1.4742594843816157]",1.59289152
771990200,950991864,V1,VISp,evaluation,point,12.5,20,400,29.912981,252.62275,-37.0021557,9.75172579,10.5479676,16.3520585,751.184377,1.31449958,1.27320067,7,False,2.99784433,-37.193377,9.42167513,16.4710142,10.7693048,84.8183907,1.5294408,772.526422,1.31406356,1.27366134,13,-0.000460672435,0.000436021207,False,False,"[0.4567764133149936, 1.9212709594643393, 2.589959512682248, 2.4145482782856353, -37.00215566943342, 9.751725790586054, 10.54796758347231, 16.352058454280616]","[0.4554130809551534, 1.9058246255822942, 2.576997958283653, 2.401444844866964, -37.19337696168244, 9.421675126191944, 16.471014235330216, 10.76930483253517, 1.4803601840909248]",0.107585207
771990200,950991921,V1,VISp,calibration,aperture,18.75,18.75,800,17.473842,33.645084,-34.143212,9.56778805,22.2454937,11.5613804,1120.1007,0.280855185,0.305278974,17,False,5.856788,-30.2846399,11.2017799,21.1755297,4.83221233,-30.7213025,4.38216044,445.641493,0.280530636,0.312369516,16,-0.00709054113,0.000324549773,False,False,"[0.015165799082038613, 0.20727810137273422, 0.07497710554672908, 0.05250691477100147, -34.1432120029899, 9.567788046806584, 22.24549371754587, 11.561380387397039]","[0.018801270087911572, 0.2760989435524193, 0.10058501542668966, 0.041278804223983154, -30.284639946181834, 11.201779879807795, 21.175529671760557, 4.832212325035958, -0.5361878793065644]",3.02707152
771990200,950991921,V1,VISp,calibration,point,18.75,18.75,800,17.473842,33.645084,-34.1460489,9.56315074,22.8298886,12.6701276,1259.76665,0.280857366,0.305229852,17,False,5.85395108,-23.0570124,9.49719184,18.7624048,2,-34.1181546,9.3812024,163.427007,0.282662324,0.324848727,42,-0.0196188747,-0.00180495828,True,False,"[0.015117006292154287, 0.2073261323700337, 0.0750471077274376, 0.05267321133586513, -34.1460489185546, 9.563150735447687, 22.829888574444198, 12.67012755946075]","[0.02388696091075202, 0.6324771696325504, 0.28367252930100545, 0.04281303621999826, -23.057012392289106, 9.497191836017588, 18.762404808350944, 2.000000000000101, -0.5954741326341222]",0.377902783
771990200,950991931,V1,VISp,evaluation,aperture,40,35,600,52.200264,40.916909,-9.94572002,23.4455195,9.52132703,2,82.9340372,1.38730334,1.51064711,19,True,16.5544805,-2.42618787,19.8125977,19.2370859,3.43794342,-33.3757295,5.59552136,288.033723,1.35008473,1.50627868,14,0.00436843471,0.0372186132,False,False,"[0.33277211178331684, 1.0811826303971486, 1.0661404083414445, 0.8431049512880736, -9.94572002213167, 23.445519514752185, 9.521327028791163, 2.000000000058942]","[0.29516119275109165, 1.0588739838255041, 0.9414201801879817, 0.877641446360532, -2.42618787035582, 19.812597746469603, 19.23708586346601, 3.437943423486343, -0.5825163703061089]",2.6885555
771990200,950991931,V1,VISp,evaluation,point,40,35,600,52.200264,40.916909,-9.83746423,24.3116069,10.8231,5.77810552,272.359464,1.38728438,1.51166489,12,False,15.6883931,-2.34761089,19.7779842,19.9312258,6.545602,-33.474503,3.04497979,568.183913,1.35039647,1.50702491,11,0.00463997447,0.0368879105,False,False,"[0.3299252822696015, 1.3484861846336105, 1.3309960337365614, 1.062451501783554, -9.837464232805988, 24.311606946744995, 10.823100036296768, 5.7781055200351705]","[0.2925992311469406, 1.1343510847322475, 0.991806253836082, 0.9238595851082662, -2.347610893154927, 19.77798418289213, 19.931225781621098, 6.545602000122573, -0.5842402921229822]",0.145175254
771990200,950991972,V1,VISp,evaluation,aperture,30,15,200,992.47027,186.90578,-20.3740761,6.3812441,2,4.73511734,41.2445026,1.03460098,0.594772949,15,True,19.6259239,-20.3212644,6.47746457,4.99429386,2,81.9009019,2.49714693,43.5020194,1.03438353,0.594215995,25,0.000556953704,0.000217447286,True,False,"[0.14821873581536366, 0.834321306475111, 0.19854858538223058, 4.739475303490606e-15, -20.374076072037006, 6.381244103688995, 2.0000000000000004, 4.735117342287351]","[0.14807112208677184, 0.8347705580680876, 0.19329813655124897, 9.257199280136955e-40, -20.32126437218525, 6.477464567006226, 4.994293862962768, 2.0000000000000004, 1.4294403984680875]",3.75569811
771990200,950991972,V1,VISp,evaluation,point,30,15,200,992.47027,186.90578,-20.8417041,6.16394059,5.10201992,7.18097662,159.562559,1.03424005,0.592144256,19,False,19.1582959,-20.3283274,6.30594061,7.33099724,5.13787962,76.8925242,1.42685267,164.040963,1.03408953,0.591670119,18,0.000474137204,0.00015051147,False,False,"[0.14878468240389717, 1.0283723431666942, 0.2811067500214311, 2.258415711765221e-31, -20.841704130756963, 6.1639405941401515, 5.1020199221529845, 7.180976622096319]","[0.14864440850737595, 1.0210867304471227, 0.26990188418313427, 8.524701477293278e-39, -20.328327424749908, 6.305940606770598, 7.330997239846311, 5.13787961599282, 1.3420277176968618]",0.184814855
771990200,950991984,V1,VISp,calibration,aperture,35,15,400,17.327419,20.96466,-15.7601907,8.45665481,10.5893445,8.01675746,369.720177,1.60716017,1.51724639,8,False,24.2398093,-15.5765385,8.47311688,10.7373809,7.91325811,11.3726499,1.35688496,370.048819,1.60576229,1.51366644,9,0.00357994364,0.00139788466,False,False,"[0.6245304369520986, 3.9917047906719967, 3.8336375263327738, 5.885623645351997, -15.760190713483626, 8.456654811537156, 10.589344529602995, 8.01675746274469]","[0.6237114569756682, 3.983727322133863, 3.8420029454147007, 5.887769447520236, -15.576538538443485, 8.47311687744526, 10.737380946201286, 7.9132581128406425, 0.19849018560971832]",1.50789059
771990200,950991984,V1,VISp,calibration,point,35,15,400,17.327419,20.96466,-15.7457307,8.45162633,11.7659828,9.56197565,489.983182,1.60724501,1.51768942,8,False,24.2542693,-15.5562308,8.46276017,11.8972126,9.47457392,11.5056408,1.25569896,490.919452,1.60587795,1.5141514,7,0.003538019,0.00136705909,False,False,"[0.6225929218087618, 4.043548066186307, 3.877858172643096, 5.956403950555454, -15.745730722451722, 8.451626331912344, 11.765982837576622, 9.561975648979914]","[0.6218057996058218, 4.036279163323958, 3.887208800212012, 5.961360176024048, -15.556230835847753, 8.462760166461633, 11.897212614666664, 9.47457392139642, 0.20081131454665102]",0.09555955
771990200,950992008,V1,VISp,evaluation,aperture,40,10,100,5.9908954,8.5229212,-10.6435585,0.673774601,5.32411212,2,46.37485,0.586116547,0.502284514,13,True,29.3564415,-10.593536,0.705148629,5.46497239,2,-6.96266554,2.7324862,47.6017915,0.585815782,0.502754357,13,-0.000469842411,0.000300764925,True,False,"[0.04907203895076236, 0.7555094256510101, 0.6216267086451343, 0.4678280240958075, -10.643558511180771, 0.6737746011337631, 5.324112119066531, 2.0000000000000004]","[0.04888195601347601, 0.7487787341179187, 0.6257329929799819, 0.46191650549649754, -10.593535988188048, 0.7051486291829133, 5.464972393736841, 2.0000000000000004, -0.12152143841959173]",3.00875489
771990200,950992008,V1,VISp,evaluation,point,40,10,100,5.9908954,8.5229212,-10.1915472,1.60856791,7.65389106,4.77395392,159.135044,0.584300396,0.50087627,12,False,29.8084528,-11.0125811,2.43063927,8.18576878,4.08733792,-13.6975718,2.00271398,145.715364,0.582733492,0.502485417,10,-0.00160914735,0.0015669035,False,False,"[0.0509690043029763, 0.956530724156031, 0.7920552892831297, 0.5835546729362604, -10.191547236860936, 1.6085679055690083, 7.653891064152104, 4.773953917918789]","[0.05098596761727397, 1.0432054400128186, 0.9176425370433166, 0.6195246711878492, -11.012581059611284, 2.4306392703898276, 8.185768780036572, 4.087337918293304, -0.23906772669695964]",0.157890847
771990200,950992014,V1,VISp,evaluation,aperture,38,16,500,77.250924,87.481803,-15.3012671,2.58101642,5.14590816,2,44.8226321,1.1253098,1.21669092,11,True,24.6987329,-15.3105704,2.58490138,5.15516234,2,0.346527231,2.57758117,44.9032392,1.12531084,1.21662709,19,6.38371238e-05,-1.04122309e-06,True,False,"[0.37534348925266636, 0.2141110043850407, 0.5545456397522622, 1.4985492527978876, -15.301267061078962, 2.58101642492608, 5.145908156475829, 2.0000000000039946]","[0.37533130711638285, 0.2140772289302664, 0.5545999824959744, 1.4980741288033674, -15.310570448220378, 2.5849013811610178, 5.155162335369054, 2.0000000000001714, 0.006048041120554126]",2.40118453
771990200,950992014,V1,VISp,evaluation,point,38,16,500,77.250924,87.481803,-15.6029221,4.55612308,7.27913315,2.88209292,91.3677588,1.12525099,1.21654168,36,False,24.3970779,-15.275751,4.65697876,7.33865276,2.57332934,2.9910666,2.85181249,82.246427,1.12437541,1.21236067,9,0.00418100949,0.000875583002,False,False,"[0.37600074261138267, 0.8752885791092909, 2.180454752647418, 5.914392330425358, -15.602922084228913, 4.55612308385035, 7.279133151131596, 2.8820929243694815]","[0.3755425895550047, 1.2281362773246978, 3.2240850939120786, 8.508896127501679, -15.275751036001946, 4.656978762044019, 7.338652760353593, 2.573329341259395, 0.0522039602907558]",0.276664871
771990200,950992020,V1,VISp,calibration,aperture,62.5,20,400,34.534275,33.720365,12.382089,7.99585006,6.3278057,8.90453477,245.397254,2.57331463,2.49675096,9,False,27.617911,12.3624609,8.32278225,9.36202192,5.60630118,-65.71895,1.66991063,228.586937,2.56836498,2.50565627,11,-0.00890530543,0.00494964976,False,False,"[0.7250951167759004, 5.01306215557017, 3.845304007549515, 1.303113242162047, 12.38208896668968, 7.995850061572105, 6.327805696990388, 8.904534767166014]","[0.7276574353154255, 5.105928571314681, 3.9661992716999053, 1.2360504904517504, 12.362460922740919, 8.32278225253952, 9.362021920761464, 5.606301183114297, -1.1470120577567722]",1.57735402
771990200,950992020,V1,VISp,calibration,point,62.5,20,400,34.534275,33.720365,12.353852,8.05045833,8.16342391,10.2796649,365.474127,2.57277449,2.49610051,9,False,27.646148,12.3887801,8.34000599,10.6979722,7.48142098,-66.2874635,1.42993854,348.570708,2.56767575,2.50648925,8,-0.0103887374,0.0050987323,False,False,"[0.7238342488203301, 5.185438896357551, 3.9817438506995395, 1.3542263900934417, 12.353852033955587, 8.050458328287636, 8.163423910711, 10.279664932662493]","[0.7275619556513878, 5.3875285982046295, 4.202689368488305, 1.3060903907918324, 12.38878012771851, 8.34000599024593, 10.69797221457367, 7.481420976965368, -1.156934490044668]",0.105780348
771990200,950992032,V1,VISp,calibration,aperture,30,20,300,38.661481,63.443261,-19.9713251,9.07374593,12.784941,5.93150886,330.270088,1.350594,1.43745863,11,False,20.0286749,-20.0662533,9.38447544,13.7693546,5.37193704,-20.3086675,2.56320103,322.143837,1.3413023,1.4263053,8,0.0111533299,0.00929170027,False,False,"[0.5865120810846504, 4.155720692616825, 1.872696115188659, 0.6459687469820797, -19.97132510689861, 9.073745927993768, 12.784941021649965, 5.931508863085604]","[0.5801976357989274, 4.178878914650868, 1.9455191100528566, 0.7409796491470063, -20.066253265792255, 9.384475435923589, 13.769354578867935, 5.371937040411126, -0.354453113957629]",1.70054319
771990200,950992032,V1,VISp,calibration,point,30,20,300,38.661481,63.443261,-19.9324651,9.07123591,13.6652305,7.95733417,473.57622,1.35021634,1.43674552,11,False,20.0675349,-19.9902788,9.43103443,14.5817896,7.2251967,-21.0893421,2.01818584,458.844819,1.34012487,1.42578137,16,0.0109641564,0.0100914688,False,False,"[0.5851446740413132, 4.259814860954236, 1.9251496865037376, 0.669676804170671, -19.932465080552852, 9.071235906378737, 13.665230464240983, 7.957334171251787]","[0.5809943216807723, 4.430827313928585, 2.0825402900460412, 0.8145963562599237, -19.99027881000556, 9.431034432272202, 14.58178963226865, 7.225196697509881, -0.36807845658314164]",0.120022848
771990200,950992066,V1,VISp,calibration,aperture,40,12.5,400,9.8187079,11.952964,-11.0932675,5.05303576,7.61964076,9.56132933,317.291255,0.22027623,0.23282165,10,False,28.9067325,-11.19601,5.01829457,9.4889338,7.43408598,79.5046777,1.27640894,307.220595,0.220596906,0.232527634,11,0.000294015857,-0.000320675173,False,False,"[0.010766920031465982, 0.24641142489256135, 0.17393913210263873, 0.17597883204849596, -11.093267546134346, 5.05303575653409, 7.61964075800876, 9.561329334490052]","[0.010950310279818522, 0.24853331309586335, 0.1756035135932766, 0.17784764613836443, -11.196010039648991, 5.018294566081014, 9.488933802169065, 7.434085976825236, 1.3876183966017015]",1.78177898
771990200,950992066,V1,VISp,calibration,point,40,12.5,400,9.8187079,11.952964,-11.037416,5.1191112,8.91551682,10.8275334,420.41808,0.220410174,0.233024102,11,False,28.962584,-11.1962856,5.06959357,10.7250491,8.63197337,77.1322918,1.2424794,403.194602,0.220916407,0.232709806,23,0.000314295534,-0.000506232921,False,False,"[0.010979000302875951, 0.25434603921332033, 0.17992054703306565, 0.18324178220152706, -11.037416036399982, 5.119111199477794, 8.915516819585495, 10.827533394431368]","[0.011307894033479912, 0.2590784464063175, 0.18377829155785097, 0.18733759865168034, -11.196285589824106, 5.069593572662657, 10.725049069920276, 8.631973370089955, 1.3462124509797242]",0.144395044
771990200,950992088,V1,VISp,calibration,aperture,18,16,500,30.877183,394.46044,-30.9236538,4.81039346,13.3959118,5.2006139,303.411628,1.32760678,1.44491225,9,False,9.07634619,-30.9087451,4.76491171,13.4009289,5.20599703,1.31946047,2.57413302,303.83944,1.32755316,1.44419827,12,0.000713979276,5.36224284e-05,False,False,"[0.3993907539209766, 1.1057389915784108, 1.412229031867426, 2.7653706393716453, -30.92365381232617, 4.810393457249745, 13.395911802133854, 5.200613900915757]","[0.3992955742602601, 1.104962155731603, 1.413058370571386, 2.7641395034087477, -30.908745087467064, 4.764911714812343, 13.400928859494229, 5.205997032708336, 0.023028929508582152]",1.52798955
771990200,950992088,V1,VISp,calibration,point,18,16,500,30.877183,394.46044,-30.8991919,4.62373143,14.3309037,7.15393231,446.502334,1.3278867,1.44577863,9,False,9.10080811,-30.8905555,4.60728714,14.3352921,7.16009634,0.515267137,2.00210883,447.0239,1.32786675,1.44548109,12,0.000297535948,1.99521284e-05,False,False,"[0.3999665456759601, 1.1648431657874208, 1.4908072481931918, 2.9329890597984223, -30.899191894019925, 4.623731430649619, 14.330903711943805, 7.153932306637685]","[0.39989146427711914, 1.164114059667394, 1.490219768058086, 2.930654208839907, -30.890555508801107, 4.607287138241465, 14.335292144526298, 7.160096344699784, 0.008993108075945555]",0.109711736
771990200,950992138,V1,VISp,evaluation,aperture,20,15,600,15.54985,29.756232,-24.8501818,4.11668262,10.3816381,5.80302402,262.376891,1.47863962,1.49655963,10,False,15.1498182,-25.0605612,4.08484514,10.6145482,5.17441927,-14.5563589,2.05135062,239.204011,1.47646899,1.4971127,13,-0.000553066692,0.00217062517,False,False,"[0.3990036689348917, 2.841444254667786, 3.1055284251127375, 3.1267238389688994, -24.850181754358868, 4.116682618872572, 10.38163807513026, 5.803024016460806]","[0.40199052029400417, 2.897774594535874, 3.1925375421435334, 3.1852764447009174, -25.060561166645424, 4.0848451421314245, 10.614548174593352, 5.17441927460902, -0.25405639035029726]",1.83666939
771990200,950992138,V1,VISp,evaluation,point,20,15,600,15.54985,29.756232,-24.8222674,4.02902513,11.5931034,7.70240074,388.893916,1.47849432,1.49602468,10,False,15.1777326,-25.1815939,3.98282039,11.8221366,6.95775358,-15.2701833,1.69913126,358.236923,1.47576579,1.49636029,14,-0.000335606877,0.00272853017,False,False,"[0.39864072164484926, 2.9572709284027554, 3.2383934817524205, 3.255940404911097, -24.82226740928673, 4.029025134645912, 11.59310339971347, 7.702400737329247]","[0.4045398126697114, 3.103160752104563, 3.472238092115935, 3.464763470002602, -25.181593917961795, 3.982820394126435, 11.822136616117623, 6.957753575285737, -0.2665149753750189]",0.124141415
771990200,950992147,V1,VISp,evaluation,aperture,50,5,600,38.307167,34.857281,3.77570943,-4.01175517,12.8404252,7.41985721,414.935203,1.20445732,1.13060688,13,False,35.9882448,3.80831626,-4.10917564,13.0132702,7.24300086,6.20848307,1.79666833,410.497309,1.20457523,1.1299326,15,0.000674277464,-0.000117915733,False,False,"[0.33137095315583853, 1.3777095159761241, 1.0176489732092495, 0.6342459507913893, 3.775709425698584, -4.011755174764665, 12.840425172329429, 7.419857208905489]","[0.3316857066810998, 1.3936981874994177, 1.007413661065276, 0.6310728976063038, 3.8083162553655683, -4.10917563755066, 13.013270236603041, 7.243000860556477, 0.10835847104796192]",2.15836794
771990200,950992147,V1,VISp,evaluation,point,50,5,600,38.307167,34.857281,3.79513485,-4.01620476,13.8378903,9.05871794,545.936271,1.20450652,1.13045191,13,False,35.9837952,3.84098823,-4.11249875,14.0088487,8.83530054,6.96986924,1.5855543,539.050065,1.20465156,1.12960982,16,0.000842089812,-0.000145035785,False,False,"[0.3308925178381958, 1.3926217803382377, 1.0306883821954858, 0.641890230342624, 3.7951348543123244, -4.016204756396039, 13.837890265338704, 9.058717935257654]","[0.33164479201123526, 1.4191192505699417, 1.0241578435752003, 0.6391355660314266, 3.8409882289524973, -4.112498749036724, 14.008848738055649, 8.83530054077357, 0.12164716661337494]",0.136835077
771990200,950992154,V1,VISp,calibration,aperture,41.667,21.667,600,36.486241,45.0582,-6.15218516,10.0575588,21.3371179,13.9466325,1296.01624,3.33907494,3.20036367,13,False,29.9424412,-6.02517961,10.0517673,21.4979236,13.9014525,-5.81749447,1.54645162,1301.5535,3.33644755,3.20112399,12,-0.000760319102,0.00262738268,False,False,"[4.493986245995125, 9.025726005184676, 8.732842042838948, 7.8913580979229465, -6.152185164618048, 10.057558750712845, 21.33711791990822, 13.946632516486964]","[4.486463729226815, 9.056813096889602, 8.722058083005281, 7.87786735106202, -6.025179606680328, 10.051767346182976, 21.497923618083174, 13.901452452285358, -0.1015344326483838]",1.77665229
771990200,950992154,V1,VISp,calibration,point,41.667,21.667,600,36.486241,45.0582,-6.15283569,10.0617939,21.9304778,14.8494897,1418.28971,3.33907408,3.20035044,13,False,29.9382061,-6.02497206,10.0555241,22.0905343,14.807604,-5.82571129,1.49183718,1424.61115,3.33644142,3.20109675,13,-0.000746309218,0.00263265881,False,False,"[4.492107251070212, 9.035050247618894, 8.741554297279825, 7.900438918104486, -6.152835693497727, 10.06179391785254, 21.930477822375416, 14.849489697043715]","[4.48434637409942, 9.065818941905693, 8.73039062417395, 7.886525359866543, -6.024972061706513, 10.055524097335892, 22.09053426001895, 14.807604001178303, -0.10167784331544061]",0.127959541
771990200,950992167,V1,VISp,evaluation,aperture,35,15,400,32.279687,37.038273,-14.1668613,8.77731211,9.17948197,8.24504709,329.622344,1.14578585,1.10805296,13,False,25.8331387,-13.9101779,8.78927355,9.98187583,7.58554666,33.9898304,1.31590725,329.764861,1.14320968,1.11250191,16,-0.00444895084,0.00257616699,False,False,"[0.9148680652453787, 4.775447235057085, 3.437965646935236, 3.140316853966438, -14.166861253767713, 8.777312107741244, 9.179481971292866, 8.245047090995449]","[0.9124260026488259, 4.784713532981074, 3.451478725560205, 3.1435796677539773, -13.910177875011366, 8.789273549885019, 9.981875830800165, 7.585546663161937, 0.5932344526246691]",1.88762975
771990200,950992167,V1,VISp,evaluation,point,35,15,400,32.279687,37.038273,-14.1247411,8.77794014,10.5493157,9.78837712,449.718044,1.14590112,1.10838308,14,False,25.8752589,-13.8890631,8.78544889,11.2635238,9.25353179,33.9059364,1.2172135,453.928167,1.14340839,1.11277929,9,-0.00439620867,0.00249273047,False,False,"[0.9125490256796164, 4.82324250301454, 3.4750957253688934, 3.1774681383279884, -14.124741129216893, 8.777940137997236, 10.54931573787087, 9.788377122778684]","[0.9097512166353199, 4.827381960768473, 3.487117752959447, 3.1816890770883406, -13.889063068730962, 8.785448893954833, 11.26352381931091, 9.253531790026475, 0.5917702255482324]",0.140746155
771990200,950992174,V1,VISp,evaluation,aperture,35,15,400,9.7216287,11.243655,-14.5343023,3.02448461,8.28564902,6.03596063,217.810224,1.28607439,1.30858352,15,False,25.4656977,-14.478269,2.85725467,9.40042683,4.57473511,30.6694048,2.05485708,187.29184,1.27065429,1.29957267,12,0.0090108431,0.0154200982,False,False,"[0.2581930856439901, 6.513592251024665, 4.0093013203211765, 2.343734313798967, -14.534302269235797, 3.0244846065677846, 8.285649024258237, 6.035960630408916]","[0.2584896183061631, 6.639180611502178, 4.184381697091668, 2.457499867980648, -14.47826900375499, 2.8572546747868803, 9.4004268325213, 4.5747351134270255, 0.5352820938674894]",2.25116161
771990200,950992174,V1,VISp,evaluation,point,35,15,400,9.7216287,11.243655,-14.435852,2.89264356,9.59844259,7.7231834,322.851233,1.28456269,1.30732577,15,False,25.564148,-14.3536805,2.72092871,10.5567959,6.86459908,30.4973613,1.53786052,315.611365,1.26827288,1.29700846,9,0.0103173153,0.0162898068,False,False,"[0.26012558832492155, 7.033069123638546, 4.323775511397692, 2.5015191665372636, -14.43585204416316, 2.8926435612349204, 9.598442589861897, 7.723183398647744]","[0.25769891509556714, 7.22473999420958, 4.570500462926098, 2.684391852670051, -14.353680487015495, 2.720928712004673, 10.556795911558957, 6.864599082230302, 0.5322793678965163]",0.129856221
771990200,950992183,V1,VISp,evaluation,aperture,35,15,400,16.481319,17.023326,-14.2303953,2.85328911,8.79698474,7.91094681,303.087226,1.100495,1.11781217,9,False,25.7696047,-14.2307913,2.85108235,8.7937382,7.90402177,2.59040775,1.11256503,302.710154,1.10054675,1.11723334,7,0.000578826242,-5.17507646e-05,False,False,"[2.595340292413263, 20.176204412328808, 18.752637838273685, 16.125128322108534, -14.230395309194469, 2.853289114006255, 8.796984741203682, 7.910946805446351]","[2.5958332844695162, 20.18223330108871, 18.765745246855825, 16.132322717918164, -14.230791292231977, 2.85108234560025, 8.79373820309541, 7.90402177213448, 0.04521114415737881]",1.20199009
771990200,950992183,V1,VISp,evaluation,point,35,15,400,16.481319,17.023326,-14.2220872,2.85658976,10.239095,9.50699982,423.945849,1.10288142,1.12060918,9,False,25.7779128,-14.2228185,2.85301344,10.2355331,9.49639914,4.14317754,1.07783307,423.325816,1.10293529,1.11970485,12,0.000904328938,-5.38706778e-05,False,False,"[2.584308069964567, 20.405216953580336, 18.973582896799233, 16.307904516607824, -14.222087162378452, 2.8565897560853424, 10.239094994213163, 9.506999822226438]","[2.5851094913633674, 20.417904650819438, 18.997042948005237, 16.321554748980223, -14.222818533551854, 2.8530134449813214, 10.235533050308401, 9.496399143136028, 0.07231208952050538]",0.0835537999
771990200,950992190,V1,VISp,calibration,aperture,40,10,700,31.452554,36.710776,-4.02830165,1.72794196,6.01194738,7.71992356,202.131268,0.606987325,0.536656535,52,False,35.9716984,-3.97709817,1.77372214,7.94817587,5.57330304,71.1403743,1.42611586,192.923644,0.607020613,0.53528112,34,0.00137541515,-3.32886908e-05,False,False,"[0.08239382737956917, 0.09689100928025388, 0.5047984756859013, 0.24489810858669792, -4.028301646881007, 1.7279419612220106, 6.011947380922397, 7.719923558588855]","[0.08263610612880049, 0.09682583179732995, 0.5141570303191182, 0.23690736659482028, -3.9770981725768744, 1.7737221350704961, 7.948175870972893, 5.57330303768958, 1.2416337624155096]",5.70364368
771990200,950992190,V1,VISp,calibration,point,40,10,700,31.452554,36.710776,-3.34210826,1.99941278,7.07786379,9.34646487,288.107728,0.607527895,0.535763894,65,False,36.6578917,-3.34944481,1.92542948,9.47703053,7.01511339,80.5218261,1.35094474,289.54249,0.607518465,0.535081119,32,0.000682774431,9.43002475e-06,False,False,"[0.08367833459989349, 0.0907834976738177, 0.5759156136823951, 0.23762175872033267, -3.3421082578000387, 1.99941278214857, 7.077863786992606, 9.34646486551987]","[0.08363967752121831, 0.09298440673457034, 0.5774972714642561, 0.23179230114292423, -3.3494448070387066, 1.9254294789209272, 9.477030532711016, 7.015113390635895, 1.4053709860178412]",0.359130548
771990200,950992202,V1,VISp,calibration,aperture,30,15,600,12.034357,16.280069,-20.6919435,5.95673225,12.4379713,8.46591305,458.594335,1.11733397,1.11112114,8,False,19.3080565,-20.6831682,5.95232307,12.4287141,8.45935098,1.86286373,1.46922785,457.897815,1.11750628,1.11013855,5,0.000982589663,-0.000172307691,False,False,"[0.26063837377643256, 6.137272099578713, 4.710156253456424, 4.042602771636921, -20.69194350218924, 5.956732246503547, 12.437971348514933, 8.465913049406874]","[0.2607725520758307, 6.140724138408086, 4.715049777739428, 4.045616841119596, -20.68316817769238, 5.952323073942847, 12.42871407191574, 8.45935098049002, 0.03251310558111831]",1.31621971
771990200,950992202,V1,VISp,calibration,point,30,15,600,12.034357,16.280069,-20.6945303,5.94811309,13.481885,9.91199133,581.991794,1.11746272,1.11212914,8,False,19.3054697,-20.6854324,5.94352703,13.4733349,9.90584974,1.89162473,1.36013923,581.262318,1.11763066,1.11113529,5,0.000993851349,-0.00016794372,False,False,"[0.258822374692555, 6.188427056605516, 4.746828171168109, 4.075195821946083, -20.69453030531308, 5.948113085320172, 13.481885005675325, 9.911991332571969]","[0.25896291516125897, 6.192375970235889, 4.7520746293044045, 4.078523324843551, -20.685432385582512, 5.94352703147769, 13.473334872491879, 9.905849738716565, 0.03301507971992601]",0.0888378238
771990200,950992214,V1,VISp,evaluation,aperture,50,10,900,32.994082,47.392421,-7.37622205,2.53060892,29.6758309,16.7310819,2162.38112,1.02106892,0.983586113,14,False,32.6237779,-7.37222334,2.57871901,29.6800397,16.7538107,-1.04569885,1.77153963,2165.62577,1.02096174,0.984476001,11,-0.000889888656,0.000107171286,False,False,"[2.4304530293232753, 4.165638459542886, 4.275522977416206, 4.965554159747841, -7.376222052700829, 2.530608921243958, 29.675830878207336, 16.731081881195465]","[2.428077102484285, 4.168668521657455, 4.275841857919749, 4.965924393355454, -7.372223343290528, 2.5787190120027663, 29.680039693505673, 16.753810722976525, -0.018250887898274337]",1.62891331
771990200,950992214,V1,VISp,evaluation,point,50,10,900,32.994082,47.392421,-7.37796513,2.5309376,30.1209429,17.4961083,2295.17261,1.02108327,0.983587515,14,False,32.6220349,-7.37434746,2.57931857,30.1242237,17.5170759,-1.04512561,1.71970618,2298.17346,1.02097522,0.984477002,6,-0.000889487092,0.000108043305,False,False,"[2.428168821781525, 4.16762373309224, 4.2780533214988, 4.967195874465716, -7.377965128637519, 2.5309376039443823, 30.120942916894382, 17.496108338673398]","[2.425891355397221, 4.170598831615476, 4.2783789114478905, 4.967577777915993, -7.37434746416286, 2.5793185741358235, 30.12422369153519, 17.51707589520987, -0.01824088301571769]",0.117385933
771990200,950992220,V1,VISp,calibration,aperture,53.077,12.308,1300,50.653446,53.297717,2.23913336,1.30481053,21.2900032,15.97581,1481.30314,1.694108,1.76679885,19,False,37.7608666,1.82286774,0.0146584458,21.122774,13.3950094,16.0811285,1.57691371,1232.25135,1.69249959,1.76006494,23,0.0067339113,0.00160840946,False,False,"[2.0621995022259334, 1.1489894077619478, 1.5167770819756876, 2.7067042786340387, 2.2391333550025063, 1.3048105266433563, 21.29000318623053, 15.975810044567575]","[2.11904892594842, 1.133628058346261, 1.5387199496187822, 2.864122879222444, 1.822867741927661, 0.01465844579671969, 21.122773957330455, 13.395009387480638, 0.28066863957398835]",3.64064188
771990200,950992220,V1,VISp,calibration,point,53.077,12.308,1300,50.653446,53.297717,2.2415343,1.30150288,21.9008944,16.7804001,1600.55091,1.69411833,1.76680348,20,False,37.7584657,1.82150871,-0.00557749837,21.7404544,14.3207311,16.0902513,1.51811065,1355.93583,1.6925016,1.76004818,27,0.00675530657,0.00161672762,False,False,"[2.061282218625917, 1.1499898733372544, 1.5179643855065028, 2.706818075687714, 2.2415343005169683, 1.3015028834620437, 21.900894384211888, 16.78040014846295]","[2.118666329825631, 1.1353062541252308, 1.5407241198094848, 2.867180328537467, 1.8215087067586075, -0.0055774983707920466, 21.740454381430563, 14.320731099657392, 0.2808278629064278]",0.246463981
771990200,950992232,V1,VISp,evaluation,aperture,35,10,200,8.3346147,11.724497,-12.5089155,1.41238654,7.51599966,3.33118005,109.041091,1.09924299,1.14428049,8,False,27.4910845,-12.6274496,1.41554959,7.45301355,3.2206789,6.6034233,2.31411258,104.540523,1.09890071,1.14701097,6,-0.002730483,0.000342283827,False,False,"[0.25805958562767356, 3.6691891265417365, 3.2327616878541936, 3.7795854001624614, -12.508915515719398, 1.4123865351073914, 7.515999657214486, 3.3311800491091783]","[0.25888009647286764, 3.701703540516113, 3.2323637076828855, 3.7994591524976618, -12.627449587900532, 1.4155495939435807, 7.45301355005656, 3.2206788961530624, 0.11525147841638872]",1.48015885
771990200,950992232,V1,VISp,evaluation,point,35,10,200,8.3346147,11.724497,-12.4550031,1.79057905,9.16182943,6.48172846,258.629681,1.09974702,1.14764883,8,False,27.5449969,-12.4607746,1.79028334,9.16457674,6.43954168,7.87448358,1.42317221,257.023421,1.09927539,1.15061792,6,-0.00296908751,0.000471627571,False,False,"[0.2552013704792617, 3.9651780052278838, 3.4980611214557755, 4.089766916201912, -12.45500306355366, 1.790579052443427, 9.161829426922099, 6.4817284636932895]","[0.2554321341962341, 3.9966135189743204, 3.5057316847901703, 4.11591618733596, -12.46077455183543, 1.790283335240832, 9.164576740617807, 6.439541677314757, 0.1374356652804951]",0.0866386909
771990200,950992240,V1,VISp,evaluation,aperture,33.333,3.333,300,37.280854,57.234959,-16.6868649,-7.55267335,7.49881684,2,65.317277,1.2917506,1.1978163,29,True,23.3131351,-16.8152542,-5.83670588,8.41246497,3.55636879,-24.4500579,2.36546474,130.297291,1.28398627,1.19478728,13,0.00302902026,0.0077643301,False,False,"[1.4785315025439227, 4.530874842023937, 4.642435902002832, 4.99084570844635, -16.686864928031515, -7.5526733536719135, 7.498816837793309, 2.0000000000000124]","[1.4557047577900801, 4.329065626426989, 4.7101386008397546, 4.998000407190991, -16.815254226555144, -5.836705876743158, 8.412464966848141, 3.556368786672294, -0.42673401185306314]",3.52232512
771990200,950992240,V1,VISp,evaluation,point,33.333,3.333,300,37.280854,57.234959,-16.7705793,-6.40638785,8.97923386,5.34962695,209.203097,1.28987959,1.19731775,18,False,23.2294207,-16.8655208,-6.43464802,9.44423492,5.40034853,-14.6076244,1.74881952,222.123189,1.28232765,1.19049928,18,0.00681846821,0.00755194226,False,False,"[1.4762107277964625, 5.950877787940754, 6.084646818356916, 6.5141780938550795, -16.770579310266562, -6.406387850813499, 8.979233855875645, 5.349626946330861]","[1.4695256497285973, 5.689995460565103, 5.944207453653812, 6.404024835832073, -16.865520823598075, -6.434648020647961, 9.444234923922876, 5.400348528218663, -0.2549511420843058]",0.178449539
771990200,950992247,V1,VISp,calibration,aperture,14.286,17.143,700,41.8326,393.65783,-60,9.61194585,34.7986956,20.1587,3055.13788,2.70916447,2.86189608,10,True,-20,-60,3.60046152,34.4371187,18.9050983,16.6880217,1.8215784,2835.37873,2.70584019,2.86052429,16,0.0013717917,0.00332427972,False,False,"[1.6063412721293302, 4.184438425706552, 4.403065120142344, 4.804710052730642, -59.999999999996696, 9.61194584648243, 34.798695584797, 20.15869997422996]","[1.6528254721479307, 4.329785024162608, 4.511575728425292, 4.984333427468716, -59.999999999999105, 3.600461515193975, 34.43711867990995, 18.905098290358108, 0.29126092354404753]",2.15093671
771990200,950992247,V1,VISp,calibration,point,14.286,17.143,700,41.8326,393.65783,-60,9.61304972,35.1597877,20.7812882,3182.17486,2.70916518,2.86190385,10,True,-20,-60,3.58614476,34.8014551,19.562281,16.73186,1.77900804,2964.98312,2.70583062,2.86055648,19,0.00134737113,0.0033345592,False,False,"[1.606221089754519, 4.185357565088483, 4.403924905259392, 4.805647228463119, -59.999999983691666, 9.613049715917528, 35.159787739275664, 20.781288237996524]","[1.6528636985964793, 4.331649896191938, 4.513578436209497, 4.986479479789357, -59.99999999997635, 3.586144758604351, 34.80145512564259, 19.56228101814382, 0.2920260462894029]",0.187357191
771990200,950992259,V1,VISp,evaluation,aperture,30,6.25,800,50.105946,101.88866,-18.8647087,-6.71661019,17.079083,4.49890748,334.639299,1.21411366,1.14087396,20,False,21.1352913,-16.6896496,-6.13459204,19.72491,4.69559545,9.9845993,4.20072602,403.376908,1.21143501,1.13286353,12,0.00801043053,0.0026786469,False,False,"[1.8223651967227144, 1.8132840119381322, 2.494610333187568, 2.636934232994665, -18.864708710969687, -6.716610187032188, 17.07908303669198, 4.498907483973525]","[1.8020672201678178, 1.7321120057363393, 2.4294836145015024, 2.501673970484812, -16.68964958147237, -6.134592042249758, 19.724909985903512, 4.69559544892233, 0.1742641323491516]",2.53750191
771990200,950992259,V1,VISp,evaluation,point,30,6.25,800,50.105946,101.88866,-18.8767799,-6.67483461,17.5611934,6.49035315,496.395326,1.2135885,1.14116431,14,False,21.1232201,-16.6489934,-6.51688395,19.5196767,6.445614,8.82381558,3.02836575,547.951656,1.21099263,1.13189539,15,0.00926891844,0.00259587006,False,False,"[1.826633860192392, 1.9962214916552372, 2.753160331574852, 2.902689355545805, -18.87677994930544, -6.674834607321524, 17.56119341816985, 6.49035315273335]","[1.8132109197519393, 1.9374341897598975, 2.6699512526442146, 2.81660475114578, -16.648993389766893, -6.516883952577909, 19.51967668874529, 6.44561400400384, 0.15400463439603018]",0.188916212
771990200,950992281,V1,VISp,evaluation,aperture,40,32.222,900,65.657301,51.289749,-9.96629763,6.41641221,4.49436773,13.0046931,254.550552,1.02644488,0.983496652,28,False,30.0337024,-10.8091608,6.1462616,13.0780234,5.20729194,-75.1701725,2.51148266,296.591955,1.02576432,0.982663716,57,0.000832935898,0.000680561477,False,False,"[0.20529757996575884, 6.503733168497411e-38, 0.2736032886018253, 1.085925077018805, -9.96629762585067, 6.41641220749097, 4.49436773341722, 13.004693148168554]","[0.20372263978460226, 9.661133458574333e-39, 0.2941255684470805, 1.0474553298071294, -10.809160758621987, 6.146261600698587, 13.0780234034258, 5.20729194132655, -1.3119670092051612]",7.71789329
771990200,950992281,V1,VISp,evaluation,point,40,32.222,900,65.657301,51.289749,-10.1585844,5.07220028,6.81923062,8.53930449,253.608151,1.03029294,0.977526033,37,False,29.8414156,-11.458076,5.42178589,10.6314769,6.11805097,-60.8578857,1.73772284,283.277461,1.02811704,0.97747226,28,5.37731406e-05,0.00217590669,False,False,"[0.2130914869752851, 8.344506878869209e-38, 0.30014508213345054, 1.5272404729551454, -10.158584399062518, 5.07220027604272, 6.8192306161402785, 8.539304490877429]","[0.2104115488779456, 2.7297389800910757e-38, 0.3830850457397051, 1.4197715743200734, -11.458076036223682, 5.4217858854567815, 10.6314769341519, 6.118050974356494, -1.062170481393796]",0.343832408
771990200,950992288,V1,VISp,evaluation,aperture,45,15,400,14.369055,17.760431,-9.49686343,4.38001026,5.77886361,6.22524834,156.676714,0.417966715,0.348260481,21,False,30.5031366,-9.4043943,4.06316352,10.297919,2,-40.2852904,5.14895952,89.698421,0.409899634,0.353586823,17,-0.00532634171,0.00806708127,True,False,"[0.04138089120385827, 0.07800371675096221, 0.2578091865525116, 0.7094104401692349, -9.496863433873598, 4.380010260497539, 5.778863610624917, 6.225248339207849]","[0.039658941802871814, 0.06435888314789746, 0.25792978315967285, 0.7257619042996074, -9.40439429834456, 4.063163522201279, 10.297919034821794, 2.0000000000000004, -0.7031109575459307]",3.30725863
771990200,950992288,V1,VISp,evaluation,point,45,15,400,14.369055,17.760431,-9.69687548,4.59684321,6.91251371,7.76448738,233.751348,0.418626751,0.34831556,18,False,30.3031245,-9.2886359,4.80733985,10.7639983,4.03000382,-49.4504758,2.67096479,188.922815,0.411503674,0.356413108,13,-0.00809754804,0.00712307726,False,False,"[0.04256192378492426, 0.08534337873014863, 0.2890499257667639, 0.8412443653317551, -9.69687547748119, 4.5968432102298875, 6.912513707044757, 7.76448737901293]","[0.04251197355571672, 0.08332204413134979, 0.3536961250116124, 1.1204140801731781, -9.288635896550051, 4.80733985399603, 10.763998312130703, 4.03000382131484, -0.8630736189387722]",0.146215914
771990200,950992306,V1,VISp,evaluation,aperture,14,8,500,49.79775,103.44048,-14.7795898,4.65980278,40,19.6819256,3428.727,0.933809782,1.01216737,13,True,25.2204102,-14.8245242,4.4967417,40,19.6745816,1.69958595,2.03308008,3427.44762,0.933803801,1.01201618,19,0.000151191538,5.98069338e-06,False,True,"[1.580854585815697, 1.173870066240352, 1.0465299257673408, 1.1076216142401405, -14.779589835715942, 4.6598027834950715, 39.99999999999999, 19.68192563555468]","[1.5810445324966278, 1.1737903423904315, 1.0466142642799505, 1.1082506729897348, -14.824524216504729, 4.4967416985623085, 39.999999999481595, 19.67458160519433, 0.02966337074751313]",1.65963991
771990200,950992306,V1,VISp,evaluation,point,14,8,500,49.79775,103.44048,-14.6164721,4.65606076,40,20.2693086,3531.05316,0.933877791,1.01216585,15,True,25.3835279,-14.66576,4.49967527,40,20.2585047,1.69409042,1.97447939,3529.17104,0.933872391,1.01202069,10,0.000145155129,5.40005261e-06,False,True,"[1.583194473186345, 1.173387960290614, 1.0456536535426073, 1.1070258168053644, -14.61647212186647, 4.656060760517349, 39.99999999999999, 20.269308597683768]","[1.5835064277582436, 1.173231497785997, 1.0456412494010072, 1.1075829691891415, -14.665759988441355, 4.499675266478871, 39.99999999999999, 20.25850470391216, 0.029567455634408324]",0.136761721
771990200,950992316,V1,VISp,calibration,aperture,51.667,18.333,600,47.563291,46.985256,-0.704295765,12.5563963,16.8059484,16.5270555,1209.66145,1.10670619,1.08099842,22,False,27.4436037,-2.18888776,12.3295001,21.7731664,10.4037236,-47.130031,2.09282439,986.542334,1.09727973,1.07406776,13,0.00693065896,0.0094264653,False,False,"[0.7604367340319332, 1.1321060490460169, 0.8907427758332395, 0.526267745123011, -0.7042957648195264, 12.556396253119336, 16.805948385382756, 16.52705552055287]","[0.7674077378761862, 1.2918148863547156, 1.0116953161769575, 0.6083057935371773, -2.188887762089543, 12.329500081506026, 21.773166413003114, 10.403723582194425, -0.822574218300316]",2.50464683
771990200,950992316,V1,VISp,calibration,point,51.667,18.333,600,47.563291,46.985256,-0.703795397,12.5512625,17.5611931,17.2977666,1322.96813,1.10670664,1.08100271,22,False,27.4487375,-2.1905678,12.3303904,22.3770128,11.61484,-47.1073871,1.92658813,1131.93287,1.09728512,1.07408658,13,0.0069161302,0.00942151319,False,False,"[0.7602109372564503, 1.1327976324749276, 0.891311152513837, 0.5269438872759453, -0.7037953966377485, 12.551262504552886, 17.561193146113688, 17.29776659004066]","[0.7668453665074529, 1.2943367003887147, 1.0136565736064536, 0.6102771483572583, -2.190567796686067, 12.330390353113488, 22.3770128227504, 11.614839978381005, -0.8221790075948276]",0.178401838
771990200,950992324,V1,VISp,calibration,aperture,41.25,11.25,800,22.06573,29.228309,-10.7389952,2.22739299,15.7268788,9.97546485,683.252158,1.11063772,1.13197233,9,False,29.2610048,-11.1503826,2.03180499,15.9848053,9.40981641,-16.0993835,1.69873722,655.079232,1.10747925,1.13653008,13,-0.00455774601,0.00315847235,False,False,"[0.27900092188311926, 1.0321226617250543, 1.7250380627122202, 1.6540507920176422, -10.738995167405616, 2.227392994227225, 15.726878802618916, 9.975464845854793]","[0.2809210552832232, 1.0496658691674134, 1.753692609503917, 1.713077256845857, -11.1503826344073, 2.0318049938833127, 15.984805333450915, 9.409816406199077, -0.28098724938994746]",1.69419361
771990200,950992324,V1,VISp,calibration,point,41.25,11.25,800,22.06573,29.228309,-10.7363008,2.22495979,16.5597758,11.2617852,812.20755,1.11074729,1.13187239,10,False,29.2636992,-11.1446702,2.02767664,16.8134104,10.7750598,-16.1485454,1.56040065,789.006955,1.10756148,1.13641749,13,-0.00454509266,0.00318581587,False,False,"[0.2779761564502188, 1.035032450609915, 1.7282891058351728, 1.6551752067303498, -10.73630082456309, 2.224959788714899, 16.559775757995766, 11.261785239236975]","[0.2797064880332582, 1.0528103104674336, 1.7578435669256167, 1.7137089362341225, -11.144670217304272, 2.0276766409478095, 16.813410363187824, 10.775059796944662, -0.2818452867703882]",0.109677517
771990200,950992334,V1,VISp,evaluation,aperture,25.556,13.333,900,25.703161,46.35957,-19.1095018,4.51049107,27.163138,13.1450981,1555.06698,1.44451799,1.54968808,10,False,20.8904982,-19.1094786,4.50803054,27.1610633,13.144805,0.0373819656,2.06629641,1554.91354,1.44451555,1.54966762,12,2.04587956e-05,2.44022092e-06,False,False,"[1.8201914217395556, 6.157090960804367, 5.694313517393639, 6.200323145317307, -19.10950182037765, 4.510491069737452, 27.16313802913051, 13.145098051953996]","[1.8202533650653947, 6.1572525395921, 5.694535803967283, 6.20036344417229, -19.109478637772387, 4.508030536312842, 27.16106333687337, 13.144804998754585, 0.0006524383802333222]",1.51187377
771990200,950992334,V1,VISp,evaluation,point,25.556,13.333,900,25.703161,46.35957,-19.1106303,4.51021269,27.6493521,14.0987245,1697.73583,1.44447608,1.54970289,10,False,20.8893697,-19.1106236,4.50797253,27.6476825,14.0984901,0.0339499973,1.96103854,1697.60509,1.44447393,1.54968467,12,1.82200183e-05,2.14940084e-06,False,False,"[1.818083476892835, 6.163877339875936, 5.701343157690957, 6.207104288414009, -19.11063034089867, 4.510212691776596, 27.649352147262206, 14.098724533146829]","[1.8181352412651317, 6.164012771090394, 5.7015386541209825, 6.207127009220136, -19.110623579748665, 4.507972532246898, 27.64768247994641, 14.098490148904148, 0.0005925392343237856]",0.100749407
771990200,950992342,V1,VISp,calibration,aperture,40,15,200,7.4670406,8.6375872,-10.2655167,2.53939459,5.37053512,3.75425081,87.8104442,1.49300734,1.48452798,9,False,29.7344833,-10.3393509,2.54188524,5.66320962,3.49791358,19.512375,1.61902502,86.2734256,1.48493006,1.48914731,11,-0.00461932115,0.00807727324,False,False,"[0.24257691916363444, 10.715871030741132, 13.1956102161704, 11.80009818380114, -10.265516651365324, 2.5393945923999897, 5.370535123862862, 3.7542508135548327]","[0.24112776104966344, 10.76719928924604, 13.026877818017006, 11.752626414199066, -10.339350871048573, 2.5418852384704325, 5.663209623595842, 3.4979135823310696, 0.34055518856814615]",1.64273666
771990200,950992342,V1,VISp,calibration,point,40,15,200,7.4670406,8.6375872,-10.2369055,2.91945707,7.59141848,6.53723415,216.133608,1.50279731,1.48917156,10,False,29.7630945,-10.2700603,2.88945761,7.7287023,6.46982341,16.9140417,1.19457701,217.773151,1.49778336,1.49134072,15,-0.00216915823,0.00501394862,False,False,"[0.23194839901088257, 12.254821830063621, 15.02000366582906, 13.418500012275922, -10.236905512013546, 2.9194570676001113, 7.59141847573539, 6.537234147619104]","[0.23036290333208706, 12.29489530890836, 14.89807113726326, 13.373144623307963, -10.270060335050037, 2.8894576057636647, 7.728702300735, 6.469823408546533, 0.2952057183202108]",0.0967211621
771990200,950992352,V1,VISp,calibration,aperture,30,15,800,35.623319,49.772854,-19.3330955,6.6110593,15.9254206,14.0560708,974.900239,0.800423018,0.819010969,9,False,20.6669045,-19.3153371,6.7155143,16.834633,13.2744359,-26.9452874,1.2681995,973.251446,0.795316129,0.824497927,12,-0.00548695731,0.00510688827,False,False,"[2.5464355336064775, 5.327499285147475, 4.967384588267152, 5.012223486095373, -19.333095530222195, 6.611059300586304, 15.925420628429201, 14.056070781838482]","[2.5440388781799532, 5.342208171392894, 5.011585974603911, 5.037751645282152, -19.315337147951876, 6.715514303649449, 16.834632983615435, 13.274435920468598, -0.4702839826949736]",1.82652754
771990200,950992352,V1,VISp,calibration,point,30,15,800,35.623319,49.772854,-19.3332818,6.60684155,16.7279314,14.961955,1090.02363,0.800459026,0.819066786,8,False,20.6667182,-19.3172173,6.71227432,17.5974809,14.2306012,-26.9601278,1.23659434,1090.63412,0.795350287,0.824563716,12,-0.00549693008,0.00510873911,False,False,"[2.5449693617752773, 5.331871276220485, 4.972637964755981, 5.016903347572358, -19.333281791538525, 6.606841546176869, 16.727931447708915, 14.961954966419313]","[2.54248732211986, 5.346992395468278, 5.017336681352314, 5.0429782968409045, -19.317217321817314, 6.71227432143717, 17.59748086890544, 14.230601199426314, -0.4705429965606758]",0.122627426
771990200,950992362,V1,VISp,calibration,aperture,15,30,400,98.002121,415.15387,-30.9057845,22.1847958,14.05627,5.71901667,350.103765,1.51639462,1.62058541,12,False,9.09421547,-31.6367625,20.3339066,18.5391411,4.4661204,23.4530358,4.15106164,360.599703,1.48957237,1.60354196,11,0.0170434403,0.0268222485,False,False,"[0.31084304137305135, 1.1300365857909067, 1.969264089568634, 1.2506388630266099, -30.9057845313192, 22.184795770727995, 14.0562699555414, 5.719016671833234]","[0.30151436558955996, 1.1451267515060277, 2.072002442304135, 1.2445032658915, -31.63676245118143, 20.333906586688318, 18.53914106028501, 4.46612039680635, 0.4093326949067968]",2.38967146
771990200,950992362,V1,VISp,calibration,point,15,30,400,98.002121,415.15387,-30.7242563,22.1445024,14.6453412,7.60836648,485.284305,1.5166142,1.61999351,11,False,9.27574368,-31.0866332,20.1785758,18.7574416,6.48278311,24.1916054,2.8934242,529.59079,1.48985706,1.60150311,10,0.0184903992,0.0267571365,False,False,"[0.31154354020377606, 1.181218082946448, 2.0543162412901586, 1.310844808298634, -30.724256324467344, 22.144502422513703, 14.645341173630031, 7.608366475219373]","[0.30389930392656755, 1.2418977609947184, 2.2760601524651736, 1.3459144603547708, -31.086633159912292, 20.178575815245818, 18.757441554926196, 6.482783111919414, 0.422223165551072]",0.122003108
771990200,950992372,V1,VISp,calibration,aperture,30,10,1500,47.758943,76.093841,-18.4355064,1.75855953,30.1255015,18.1239485,2377.89369,1.00913417,1.05554537,11,False,21.5644936,-18.4408348,1.58331077,30.1684225,18.0698136,2.51782879,1.66954807,2374.16885,1.00894518,1.05523789,10,0.000307483114,0.000188997579,False,False,"[5.1493250002091475, 3.8231387348415016, 4.216352265909441, 4.30922193107062, -18.43550635025611, 1.7585595299147172, 30.12550152993256, 18.123948488313232]","[5.15141355932144, 3.828515743630808, 4.215516132407446, 4.306930896781427, -18.440834815756016, 1.5833107731288505, 30.168422452165363, 18.06981357967772, 0.04394440239661712]",1.34359956
771990200,950992372,V1,VISp,calibration,point,30,10,1500,47.758943,76.093841,-18.436691,1.75787876,30.5598645,18.8270472,2505.75707,1.00913922,1.05554073,11,False,21.563309,-18.4434918,1.58385077,30.6036065,18.7755635,2.51468189,1.62997007,2502.48174,1.00895006,1.05523572,5,0.000305012306,0.000189164277,False,False,"[5.147898444253965, 3.8245447361742833, 4.21785132062651, 4.3103366687211455, -18.43669098129731, 1.757878761043299, 30.559864507558682, 18.827047196069323]","[5.149941053990146, 3.8298849367200734, 4.217065748618663, 4.307994534304133, -18.44349177737377, 1.5838507672609619, 30.60360645888339, 18.775563462793365, 0.04388947856008674]",0.0983722927
771990200,950992381,V1,VISp,calibration,aperture,27.692,34.615,1300,469.60379,652.20836,-19.4938781,34.2251068,40,16.4154926,2859.69187,1.13401998,1.35214213,24,True,5.77489319,-18.9739497,26.9914184,40,12.1982926,32.2879414,3.27914744,2125.02659,1.1282966,1.3520822,17,5.99287225e-05,0.00572337406,False,True,"[0.17812522926148325, 0.2861415196507246, 0.25421482003108875, 0.22901094516547396, -19.493878116006293, 34.225106805906265, 39.99999999999981, 16.415492621501357]","[0.18138977562421182, 0.3325512507444187, 0.2622978437101359, 0.29245562182523055, -18.97394972335307, 26.991418371439188, 39.99999999999999, 12.198292622689795, 0.5635308854252248]",3.35269734
771990200,950992381,V1,VISp,calibration,point,27.692,34.615,1300,469.60379,652.20836,-19.3018555,34.2280201,40,17.1573379,2988.92642,1.13405411,1.35207286,24,True,5.77197987,-18.9361745,27.0256343,40,13.206634,32.4686168,3.02878085,2300.68659,1.12837334,1.35198534,27,8.75195676e-05,0.00568077481,False,True,"[0.17823405116136698, 0.28652408350932823, 0.25457568851672197, 0.2292715327583886, -19.30185547650429, 34.22802013284366, 39.99999999999724, 17.157337866796077]","[0.18151184013197, 0.33321076795148014, 0.2628849997150995, 0.29335047607243975, -18.93617449159719, 27.0256342875745, 39.99999999999999, 13.206633953454372, 0.5666842675713064]",0.25050364
771990200,950992391,V1,VISp,evaluation,aperture,22.143,17.857,1400,38.439817,79.005353,-22.1559327,7.16711537,40,19.4393642,3386.47113,1.48427212,1.4184364,10,True,17.8440673,-22.0509152,7.33561806,40,19.4531938,-1.20949154,2.05621763,3388.88034,1.48426571,1.41882857,5,-0.000392164464,6.41169247e-06,False,True,"[1.0623224603264398, 1.999961796939439, 2.0660961584098443, 1.3760322514440786, -22.155932657016972, 7.167115374323916, 39.999999999998664, 19.439364244251376]","[1.060723809501606, 2.0014578268813463, 2.0672534775989058, 1.376063865931826, -22.05091518719514, 7.335618059074877, 39.99999999999999, 19.453193809413655, -0.021109609706147392]",1.42239659
771990200,950992391,V1,VISp,evaluation,point,22.143,17.857,1400,38.439817,79.005353,-21.9402581,7.17561941,40,20.0572911,3494.11825,1.48437704,1.41838386,10,True,18.0597419,-21.8355034,7.34114301,40,20.0706848,-1.21915642,1.99295642,3496.45152,1.48437004,1.41877159,5,-0.000387729818,7.00549663e-06,False,True,"[1.064476509671955, 2.0002649716944787, 2.0670890614433834, 1.3745902222212028, -21.940258050828387, 7.175619412745519, 39.99999999958962, 20.057291108982707]","[1.0628815246720213, 2.001776225488448, 2.068259953522412, 1.3746076452649105, -21.835503362405678, 7.3411430055240094, 39.99999999999999, 20.070684772775508, -0.02127829357940869]",0.111498682
771990200,950992399,V1,VISp,evaluation,aperture,31.818,30,1100,88.57215,98.516302,-10.6429461,12.531287,10.2803774,12.6274981,565.368618,1.4793135,1.42923781,21,False,27.468713,-10.2554953,14.0952188,15.7526269,2.47654281,-41.1551527,6.36073272,169.904216,1.46215164,1.42432226,19,0.00491554786,0.0171618634,False,False,"[0.4943082879791486, 1.7298306616142272, 0.3591856680053037, 2.7254344719484935e-38, -10.642946060630162, 12.531287043815695, 10.280377410320293, 12.62749805670524]","[0.5000992827087917, 2.3398782519098433, 0.5979137543210347, 3.8553737755479805e-38, -10.255495260168058, 14.095218771170774, 15.752626870993033, 2.47654280868079, -0.718292918188181]",3.41942844
771990200,950992399,V1,VISp,evaluation,point,31.818,30,1100,88.57215,98.516302,-10.6184864,12.5465138,11.4578639,13.5661404,676.963562,1.47930926,1.42942965,22,False,27.4534862,-9.94982683,14.4228955,16.8556899,6.03031565,-39.1927272,2.7951588,442.682045,1.46143432,1.42664388,20,0.00278577413,0.0178749359,False,False,"[0.49438795799804414, 1.745281192482402, 0.36254182188172657, 3.6692358032579493e-38, -10.618486416212308, 12.546513835890298, 11.457863853826115, 13.566140367094777]","[0.4975781474199159, 2.5655080477923966, 0.6580504477781952, 2.2005187855281193e-39, -9.94982682525566, 14.422895511632555, 16.85568988209692, 6.030315649437739, -0.684042132343432]",0.223006374
771990200,950992407,V1,VISp,evaluation,aperture,27.333,16.667,1500,52.994139,84.210441,-17.7841316,4.62044502,40,21.5585939,3755.65553,0.849165295,0.822939402,17,True,22.2158684,-16.4592271,5.51945816,40,20.0511385,-15.3878577,1.99489919,3493.04643,0.84427455,0.824518529,12,-0.00157912664,0.00489074456,False,True,"[2.3840284047282334, 1.197911265483669, 1.4186209341406764, 2.3891047105394114, -17.784131559784345, 4.620445021441849, 39.99999998389201, 21.558593863742402]","[2.400006230915862, 1.2119104922044988, 1.4322599473647017, 2.4526917872872405, -16.459227109760555, 5.519458155951237, 39.99999999997147, 20.051138531186492, -0.2685687812711004]",2.25197977
771990200,950992407,V1,VISp,evaluation,point,27.333,16.667,1500,52.994139,84.210441,-17.6648915,4.62654133,40,22.0827466,3846.96654,0.849186002,0.822837154,18,True,22.3351085,-16.3351081,5.49116293,40,20.6313905,-15.4602031,1.93879322,3594.13033,0.84430738,0.824387259,19,-0.00155010581,0.0048786223,False,True,"[2.3882613092318365, 1.1943297847198517, 1.4157198148405394, 2.390625226605845, -17.66489151104911, 4.626541328179327, 39.99999999999074, 22.08274655812127]","[2.403503582647491, 1.209236307337057, 1.4302617231859787, 2.4553080664654887, -16.33510812592427, 5.491162932591229, 39.99999999999999, 20.631390540990257, -0.2698314475948598]",0.203925929
771990200,950992416,V1,VISp,calibration,aperture,42.667,14.667,1500,27.795564,45.825493,-12.3228452,5.72951972,29.9729925,13.3675315,1744.96472,2.22335806,2.28020004,9,False,27.6771548,-12.2363848,5.89158926,29.9712139,13.3640741,-2.08392024,2.24267044,1744.40987,2.22312905,2.28231766,14,-0.00211762172,0.000229009345,False,False,"[1.2058488088244392, 3.8790020210900193, 3.3476538182190883, 3.9425927480759633, -12.322845181241206, 5.7295197249823895, 29.972992481635004, 13.367531490284849]","[1.204705641373898, 3.8822055067495134, 3.3502250554585435, 3.945185659085781, -12.236384832027035, 5.891589260512884, 29.97121386179743, 13.364074067511448, -0.03637126954340242]",1.5390142
771990200,950992416,V1,VISp,calibration,point,42.667,14.667,1500,27.795564,45.825493,-12.3236615,5.73125695,30.4128456,14.3102767,1895.44165,2.22334017,2.28027255,10,False,27.6763385,-12.2359743,5.89336856,30.4102214,14.3061137,-2.08891959,2.12568011,1894.72674,2.22310578,2.28239234,11,-0.00211979247,0.000234394021,False,False,"[1.2042372156702625, 3.8824867950876993, 3.3520871175616946, 3.9462873953693682, -12.323661522516344, 5.731256949522624, 30.412845594378116, 14.310276746002048]","[1.20314502424986, 3.885873274253533, 3.3546562248552037, 3.94895948967951, -12.235974313145965, 5.893368557486758, 30.410221411290244, 14.306113703354017, -0.0364585246285416]",0.112177489
771990200,950992426,V1,VISp,evaluation,aperture,65,10,200,45.901216,94.731721,13.6221326,0.786688634,6.11739269,5.15559485,137.356897,1.66227096,1.62140105,15,False,26.3778674,13.3116264,0.966701396,7.8159575,4.29569356,42.998249,1.81948675,146.224724,1.65948709,1.61869545,9,0.00270560457,0.00278386129,False,False,"[1.2040726779416422, 3.533456949461382, 2.727382599763046, 2.1804761061726037, 13.62213255238801, 0.7866886342065688, 6.117392693861315, 5.155594853929615]","[1.1979256586571738, 3.3950966190375684, 2.6317445369436365, 2.1533196791287263, 13.311626377324869, 0.9667013964422897, 7.815957498236951, 4.29569356210324, 0.7504610175671269]",1.9064064
771990200,950992426,V1,VISp,evaluation,point,65,10,200,45.901216,94.731721,13.7086676,0.89264201,8.13622652,7.59659131,269.182686,1.66192913,1.62102233,10,False,26.2913324,13.4308956,0.910721018,9.26382154,7.07009795,39.2073103,1.31028192,285.246905,1.65979252,1.61861137,13,0.00241096508,0.0021366115,False,False,"[1.200367220986949, 3.6906350582572336, 2.8802407881062946, 2.288398589095816, 13.708667597564782, 0.8926420103272332, 8.136226515482157, 7.596591307006692]","[1.1951398116180527, 3.602947717525639, 2.7999984883308358, 2.2896798780725467, 13.430895631790852, 0.9107210178767253, 9.263821544529861, 7.070097947588669, 0.6842966563186508]",0.111890391
771990200,950992443,V1,VISp,evaluation,aperture,51.667,20,1200,39.754293,62.301379,-9.1897512,9.26131853,31.3030702,14.7624601,2012.57004,3.46989962,3.69273258,10,False,30.7386815,-9.03565691,9.31687953,31.213048,14.7054741,-1.64379351,2.12254618,1999.03566,3.46973771,3.692848,10,-0.000115410773,0.000161911095,False,False,"[2.579868147892575, 4.1355221724789075, 3.1703661002569614, 2.9125432742075863, -9.189751196074004, 9.261318533567563, 31.303070181763644, 14.762460146894359]","[2.5830220424484147, 4.148065702378012, 3.1744919811940466, 2.9051413233703016, -9.035656907336557, 9.316879531827785, 31.213047970408198, 14.705474123472644, -0.02868960901479145]",1.59179992
771990200,950992443,V1,VISp,evaluation,point,51.667,20,1200,39.754293,62.301379,-9.18878649,9.26263428,31.7327638,15.6308906,2160.21487,3.46994549,3.69273697,10,False,30.7373657,-9.03432515,9.31886704,31.6435268,15.5758932,-1.65356889,2.03157061,2146.56069,3.4697785,3.69285797,11,-0.000121004596,0.00016699338,False,False,"[2.577957228971655, 4.136312526638418, 3.1717049504367476, 2.914341825814472, -9.188786485344991, 9.262634284431979, 31.732763820402173, 15.63089055874279]","[2.5811841782911413, 4.149007947575677, 3.175844383441342, 2.9069699429103917, -9.034325148563717, 9.318867036875844, 31.6435268215154, 15.575893212742264, -0.02886022155464807]",0.118390403
771990200,950992451,V1,VISp,calibration,aperture,67.143,21.429,700,136.54895,692.00614,15.6117588,9.55599547,6.31319434,14.6575639,403.010427,2.04321892,2.17243155,14,False,24.3882412,15.0588643,10.4661734,17.3546883,6.50275242,-74.1115577,2.66882193,491.495296,2.04211697,2.18057197,16,-0.00814041685,0.0011019466,False,False,"[1.4181348641921676, 1.1960249471708289, 1.546010934712953, 0.9869946863650393, 15.611758811602591, 9.55599546796406, 6.31319433816193, 14.657563861051589]","[1.4045030253938542, 1.0069817504254368, 1.4645918987068267, 1.0886278732142944, 15.05886430495629, 10.466173446929062, 17.354688261719662, 6.502752421338805, -1.2934906956421166]",2.69587185
771990200,950992451,V1,VISp,calibration,point,67.143,21.429,700,136.54895,692.00614,15.5104431,9.58976981,8.14310256,15.5772312,552.440486,2.04331401,2.17242387,14,False,24.4895569,15.0138014,10.5046204,18.1202105,8.2928278,-73.9978309,2.18504603,654.442078,2.0421715,2.1808291,14,-0.00840522208,0.00114251773,False,False,"[1.417891061495349, 1.2180835072512062, 1.573352422796486, 1.0054825137792205, 15.510443102106043, 9.589769811847265, 8.14310256182141, 15.5772311592253]","[1.4044133600122084, 1.0202892293133377, 1.4894766065777698, 1.1048533984961968, 15.013801361472357, 10.504620355228907, 18.120210471723993, 8.292827804075092, -1.291505787732215]",0.19253113
771990200,950992493,V1,VISp,evaluation,aperture,45,15,400,9.4700639,8.6018921,-7.63191741,4.81202886,5.45389049,5.54605059,131.733299,0.890061323,0.974087745,8,False,32.3680826,-7.67819919,4.86382927,6.1155742,4.83647787,47.3835216,1.26446856,128.816583,0.888176629,0.969097524,11,0.00499022066,0.0018846935,False,False,"[0.10598278708154879, 6.266329334620589, 3.429308275934406, 0.3712954897699404, -7.631917414905416, 4.812028860577144, 5.453890488173512, 5.546050585569946]","[0.10600476781605155, 6.27411282352229, 3.432663224781248, 0.3718288865001403, -7.678199185448753, 4.863829265138779, 6.115574202940151, 4.836477865831133, 0.8269984636586085]",1.57666377
771990200,950992493,V1,VISp,evaluation,point,45,15,400,9.4700639,8.6018921,-7.66596604,4.81289453,7.44300227,7.57059083,245.404914,0.88933599,0.977146489,8,False,32.334034,-7.72104998,4.85633453,7.92765699,7.12708319,48.2437044,1.11232839,246.071892,0.887628866,0.973999289,9,0.00314720026,0.00170712347,False,False,"[0.10483104478993073, 6.935614863189848, 3.7976447727811196, 0.4115724841659698, -7.665966041397027, 4.81289452632279, 7.44300227028295, 7.570590831836634]","[0.10448838166118407, 6.940096838758459, 3.795244689568972, 0.4150343478100084, -7.721049976524724, 4.856334527607559, 7.9276569940105315, 7.127083186806483, 0.8420114848150542]",0.0906867329
771990200,950992502,V1,VISp,evaluation,aperture,70,20,700,87.699421,1810.0232,16.9244933,2.9291146,4.0348899,11.5721439,203.353122,1.91830326,1.88359354,20,False,23.0755067,16.4521512,3.67823792,15.040304,3.11059272,-66.5969388,4.8351891,203.753509,1.91397187,1.88173838,15,0.00185515819,0.00433138614,False,False,"[0.4819810652191118, 1.186854608871721, 0.23500815978190817, 0.6182817504501259, 16.92449328595952, 2.929114602717223, 4.0348899007491825, 11.572143939914497]","[0.47854334177482394, 1.138016252916267, 0.08050261844120507, 0.6448401653818389, 16.452151168829833, 3.6782379166561645, 15.040304022952494, 3.110592722524311, -1.1623358537378792]",3.23868449
771990200,950992502,V1,VISp,evaluation,point,70,20,700,87.699421,1810.0232,16.5156172,3.01256123,6.74702654,12.7836222,375.639863,1.91906014,1.88369323,17,False,23.4843828,16.7068622,4.10156244,15.5009896,5.99732267,-62.7797627,2.58465159,404.876125,1.91466932,1.87939976,23,0.00429347729,0.00439082455,False,False,"[0.48129038551324343, 1.2477094925015715, 0.24067402227883247, 0.6523858233010468, 16.51561718071073, 3.0125612296144264, 6.7470265350363, 12.78362216677912]","[0.4792302109751986, 1.2374119390900773, 0.0763983501467571, 0.786713162890958, 16.70686219893464, 4.101562435038523, 15.500989555110275, 5.997322665447989, -1.0957135632014767]",0.207515454
771990200,950992512,V1,VISp,evaluation,aperture,45,15,400,5.7957652,6.7665542,-8.89068139,3.56211513,2,2.00000001,17.4206888,0.541135899,0.676788259,12,True,31.1093186,-8.89067309,3.56184074,2,2,-76.4785387,1,17.4206887,0.541136121,0.676788767,9,-5.07893924e-07,-2.21700722e-07,True,False,"[0.04562699186845015, 1.8447103459172915, 2.372299832626479, 0.6828710957867132, -8.89068139293001, 3.562115133562153, 2.000000001362292, 2.0000000053907967]","[0.04562738180363068, 1.844701243922629, 2.3723386051518287, 0.6828594874438898, -8.890673093111465, 3.5618407436666795, 2.0000000000000004, 2.0000000000000004, -1.3348023065749124]",1.20641261
771990200,950992512,V1,VISp,evaluation,point,45,15,400,5.7957652,6.7665542,-7.8749491,4.75769344,5.58752222,5.06579577,123.274222,0.544069569,0.68020055,11,False,32.1250509,-7.57620088,4.7446185,5.62394186,4.77956975,-38.9642677,1.17666279,117.067126,0.545813091,0.671716065,11,0.00848448529,-0.00174352167,False,False,"[0.045409260614045384, 3.1789508699611804, 4.149592398755505, 1.1317680400735337, -7.874949103704001, 4.757693443867317, 5.587522223480437, 5.06579576806109]","[0.04637399252754052, 3.282443200848483, 4.3258775007863735, 1.1744907684100023, -7.576200884476703, 4.744618504980276, 5.623941858343413, 4.779569750361444, -0.6800547626256261]",0.137146759
771990200,950992522,V1,VISp,evaluation,aperture,40,15,200,25.993687,27.223928,-10.44552,6.84391005,3.84381736,4.42147489,74.0176405,0.905763763,0.847694542,11,False,29.55448,-10.47698,6.80441314,4.53510016,3.64862296,-69.2877366,1.24296213,72.0644704,0.905731453,0.847841388,11,-0.000146846023,3.23101422e-05,False,False,"[0.18299712108143892, 1.2073400696942096, 1.8255029746625264, 1.4882998371315985, -10.44551997728249, 6.843910052690695, 3.843817361889054, 4.421474891049967]","[0.18306531140593393, 1.2068451858666767, 1.8260869871088856, 1.4933448347545777, -10.476980003707839, 6.804413143378279, 4.535100163278555, 3.648622957177921, -1.2092991357527394]",1.89992767
771990200,950992522,V1,VISp,evaluation,point,40,15,200,25.993687,27.223928,-10.5248083,6.88637068,6.95458671,6.58586583,199.475487,0.906691039,0.848511735,10,False,29.4751917,-10.500825,6.87121399,7.02680512,6.49852749,-21.8504591,1.0812919,198.874087,0.906713814,0.848430405,6,8.1329164e-05,-2.27747155e-05,False,False,"[0.18225506996625312, 1.4031901053381362, 2.1317106099413543, 1.7201288532044512, -10.524808294928643, 6.886370678731311, 6.954586705127888, 6.585865826012925]","[0.1822994171146421, 1.4061979535349094, 2.1348639481532277, 1.7271032213677968, -10.500825029312846, 6.871213989811498, 7.026805120486843, 6.498527485138852, -0.3813624534988811]",0.08281375
771990200,950992553,V1,VISp,calibration,aperture,45,15,400,23.954798,27.779593,-5.48036737,6.93217622,6.91205177,2.63889167,79.4390194,0.567478133,0.642182744,18,False,33.0678238,-5.47993813,6.93355984,6.9095293,2.64147053,-0.580578043,2.6157889,79.4876325,0.567475249,0.642067907,9,0.000114836524,2.8838773e-06,False,False,"[0.0699983287242786, 0.6341468044216063, 0.4267832559441611, 0.4062332943609858, -5.480367369929543, 6.932176220588521, 6.912051766369612, 2.6388916740168327]","[0.06999811293373384, 0.6341719402521135, 0.42702632344768443, 0.40628647976490995, -5.479938128396978, 6.9335598372153475, 6.909529295757591, 2.64147053004696, -0.010132998418977524]",3.08352183
771990200,950992553,V1,VISp,calibration,point,45,15,400,23.954798,27.779593,-5.13587498,5.43485577,8.29089752,2.99155746,108.020013,0.567383587,0.64389811,32,False,34.5651442,-4.97891761,5.40206726,8.24059827,2.87002559,-0.351598599,2.87126299,103.002992,0.567382259,0.643528927,51,0.000369183471,1.32744963e-06,False,False,"[0.07131341204848199, 2.2488282148059318, 1.4005585655502193, 1.3860308077550991, -5.1358749800836145, 5.434855769831925, 8.290897519857376, 2.9915574619517504]","[0.07137395735554956, 2.541900958110706, 1.592309436417161, 1.562600550646423, -4.9789176051229465, 5.40206726290105, 8.240598265011991, 2.870025589385181, -0.006136553206148143]",0.291879328
771990200,950992563,V1,VISp,evaluation,aperture,35,15,400,8.571862,7.0662307,-11.9485201,3.59765801,2.25320719,3.88041146,38.0788861,0.890443561,0.823881697,14,False,28.0514799,-12.000523,3.58311108,3.91850595,2.23083538,-78.8723561,1.75651955,38.0709193,0.889805502,0.824058987,15,-0.000177289528,0.000638059691,False,False,"[0.10061324066482004, 0.4901199868277097, 1.337031744565182, 4.819202976138312, -11.948520090531972, 3.597658005198744, 2.2532071866653585, 3.8804114627328286]","[0.10082459498821668, 0.4838270830762982, 1.3266021852832308, 4.7845166259726195, -12.000522969591263, 3.5831110812970426, 3.9185059506169866, 2.2308353803601073, -1.3765823022546027]",2.03438177
771990200,950992563,V1,VISp,evaluation,point,35,15,400,8.571862,7.0662307,-13.2211463,4.22666527,6.22163432,6.49300493,175.936336,0.889463691,0.827633871,13,False,26.7788537,-13.2366536,4.25032098,6.52413517,6.14109274,66.5135866,1.06237366,174.491363,0.889787379,0.828166043,7,-0.000532172604,-0.000323687694,False,False,"[0.09696673983420176, 0.6472554825285973, 1.7126929359342036, 6.199790657202168, -13.221146336998045, 4.226665267905051, 6.2216343168754635, 6.493004926443796]","[0.09717001276206061, 0.6517629045931306, 1.7237827732331463, 6.237873390844029, -13.23665355828227, 4.2503209845144605, 6.524135166478878, 6.1410927380239855, 1.1608810837916015]",0.110063968
771990200,950992578,V1,VISp,evaluation,aperture,31.111,4.444,900,34.862141,142.83103,-29.0300363,-3.80953457,39.9999714,12.6094676,2196.65453,1.76989848,1.60993215,37,True,10.9699637,-27.9811854,-2.48102453,40,12.5479222,-6.51343,3.18777878,2185.93446,1.76851152,1.61664823,26,-0.0067160793,0.00138696257,False,True,"[0.34698639182944296, 0.4014588023450823, 0.514976342927988, 0.5261626487051825, -29.03003632892812, -3.8095345656803237, 39.999971386114495, 12.609467625217885]","[0.34537572402081923, 0.41056760561557193, 0.5209078947445418, 0.5150157160899669, -27.98118544041981, -2.4810245286995496, 39.9999999999974, 12.547922150377836, -0.1136807990643165]",3.1477526
771990200,950992578,V1,VISp,evaluation,point,31.111,4.444,900,34.862141,142.83103,-12.7495174,-9.11534888,13.8022396,2.00097318,120.280759,1.76383386,1.56580277,17,False,27.2504826,-38.1255657,-15.4640237,31.0703822,2.64343858,9.52923614,11.753775,357.70182,1.75755605,1.57002268,25,-0.00421990414,0.00627781193,False,False,"[0.4309104546198303, 0.7424224675310663, 1.3885975072588634, 1.3654891705265249, -12.749517421110637, -9.115348883501195, 13.802239619701904, 2.000973178720328]","[0.42046867001595933, 1.2926527760360615, 1.8381697777359043, 1.8562078103665753, -38.12556571355562, -15.464023726802003, 31.070382233633044, 2.643438579583853, 0.16631654584393418]",0.351181893
771990200,950992604,V1,VISp,calibration,aperture,31,13,1000,35.293758,78.879038,-18.1784641,3.89721866,13.6697415,2.88812541,171.941882,0.888883514,1.06261792,13,False,21.8215359,-18.412443,3.7415364,13.580291,2.86527653,3.2951547,4.73960921,169.465364,0.888805739,1.06046711,15,0.00215080905,7.77746538e-05,False,False,"[0.10936721787336198, 0.7505148686160881, 0.062128587121669215, 0.10539327863175091, -18.17846413299668, 3.8972186582505217, 13.66974145757405, 2.8881254060633212]","[0.10948938996522813, 0.7577043179455464, 0.06025269168195722, 0.10347643255484408, -18.41244301236515, 3.7415364025952185, 13.580291039074295, 2.8652765317871163, 0.057511298914727726]",2.55506097
771990200,950992604,V1,VISp,calibration,point,31,13,1000,35.293758,78.879038,-18.1149298,4.48909429,14.5299691,5.22144272,330.415595,0.889128405,1.0631534,14,False,21.8850702,-18.0908605,4.50272575,14.5265444,5.17063218,-0.419039995,2.80943295,327.123158,0.889106772,1.06356023,6,-0.000406828508,2.16323172e-05,False,False,"[0.10951733405504611, 0.9847541704016936, 0.0816129368240256, 0.1348036707493817, -18.11492977805899, 4.489094291631221, 14.529969075824505, 5.2214427162578545]","[0.10954261142260041, 0.993444308134539, 0.08174816891351581, 0.13772029782375467, -18.090860459441963, 4.50272574833186, 14.526544404801468, 5.170632179373315, -0.007313627615794127]",0.162211639
771990200,950992616,V1,VISp,calibration,aperture,45,15,400,17.995397,23.979191,-7.37086142,7.0958494,5.730351,2.07426518,51.7667417,1.19257983,1.22357288,14,False,32.6291386,-7.27085898,6.8566542,5.50607025,2.1381667,10.8369885,2.5751361,51.2729895,1.19274314,1.2224428,11,0.00113007971,-0.000163308302,False,False,"[0.22591922039652995, 2.3340568680569738, 2.3901170472405022, 1.534797327237928, -7.370861416423635, 7.09584940365998, 5.730350997123373, 2.074265177158441]","[0.22646061970111575, 2.3257018237028317, 2.4206694324638267, 1.5468089415921022, -7.270858979957881, 6.856654198655099, 5.506070254907889, 2.1381667012536285, 0.18914113100593077]",3.25340656
771990200,950992616,V1,VISp,calibration,point,45,15,400,17.995397,23.979191,-7.508533,5.98136035,7.26120539,4.42156441,139.826667,1.19035844,1.22613032,10,False,32.491467,-7.62693775,6.00289993,7.33562669,4.48243664,2.9428668,1.63652658,143.204515,1.18978424,1.22601943,11,0.000110891821,0.00057420137,False,False,"[0.22816872091261248, 4.083779534827382, 4.21409713266576, 2.7353464392010762, -7.508533001697943, 5.981360347843835, 7.261205390613111, 4.421564410912255]","[0.22771264845853234, 3.9961925647162846, 4.108283271264608, 2.678930790842685, -7.626937753782619, 6.002899933460026, 7.33562669171941, 4.482436640373665, 0.051362715182438734]",0.102766998
771990200,950992641,V1,VISp,calibration,aperture,45,15,400,6.6150736,7.6780207,-6.69205619,4.48644444,5.49524824,3.4844219,83.391806,0.412752219,0.383480372,9,False,33.3079438,-6.67481698,4.48869188,5.51094287,3.46399902,-2.50236525,1.59091929,83.1398045,0.412714748,0.383442759,10,3.76127435e-05,3.7470969e-05,False,False,"[0.027276230260805553, 2.4123751213894824, 2.674063030474609, 0.5754612264278034, -6.69205619245594, 4.486444436696847, 5.4952482366984965, 3.4844218993288014]","[0.02730914215023505, 2.40972237850435, 2.6736208908022308, 0.5728581418911317, -6.6748169805820705, 4.488691881495114, 5.510942868148652, 3.463999020963426, -0.043674512784736]",1.82478824
771990200,950992641,V1,VISp,calibration,point,45,15,400,6.6150736,7.6780207,-6.6752258,4.80700969,7.54332728,5.82254681,191.285155,0.414623265,0.385108967,10,False,33.3247742,-6.69340966,4.80617504,7.52775549,5.82776694,2.20068505,1.29170497,191.061424,0.414667994,0.385297954,11,-0.00018898703,-4.47297805e-05,False,False,"[0.02681051780991714, 3.1041778873467143, 3.44873558590202, 0.7387859905203911, -6.675225795126997, 4.8070096866654675, 7.543327275941575, 5.822546805213959]","[0.026820655414751524, 3.108129340853433, 3.447326107040087, 0.7438451972560477, -6.693409663149675, 4.806175044215609, 7.527755493953485, 5.827766940644911, 0.0384091999230729]",0.099764274
771990200,950992650,V1,VISp,calibration,aperture,43.333,13.333,300,44.885296,56.193338,-8.29832866,3.51916583,2.9753166,3.13968935,40.6841451,1.80547132,1.75654252,11,False,31.7016713,-8.34207781,3.48935581,3.5759751,2.55217558,50.5660842,1.40114776,39.7475499,1.80486254,1.75632387,13,0.000218647225,0.000608778837,False,False,"[1.499954018974158, 4.714584836831906, 5.053638956585473, 5.361190628299094, -8.298328661433235, 3.5191658286457415, 2.9753166013133896, 3.139689348919962]","[1.4998024422172436, 4.689684701711159, 5.018005022533094, 5.34615803623235, -8.342077813730489, 3.4893558115217, 3.575975096969328, 2.5521755766066656, 0.8825446584855108]",1.97751673
771990200,950992650,V1,VISp,calibration,point,43.333,13.333,300,44.885296,56.193338,-7.63994183,4.18896884,6.39375714,5.80802414,161.729736,1.8080803,1.76129675,11,False,32.3600582,-7.64931714,4.17731154,6.40646358,5.82350846,5.77157682,1.10010377,162.483177,1.80802901,1.76158683,7,-0.000290077387,5.12930291e-05,False,False,"[1.4955128362469694, 6.657133797709121, 6.979122934407605, 7.265677387071242, -7.639941829698822, 4.188968840099685, 6.393757138724155, 5.808024140296557]","[1.4951984535383132, 6.643232704813558, 6.956060976935081, 7.2364455415343665, -7.649317135083501, 4.177311541268787, 6.4064635838354205, 5.82350846022627, 0.10073301856865347]",0.0906040673
771990200,950992660,V1,VISp,evaluation,aperture,45,15,400,9.5806453,8.5102705,-7.07561679,6.49611985,2.16175445,5.98978241,56.3926804,0.787597614,0.719396927,27,False,32.9243832,-7.07733526,6.03069406,6.1422388,2.0000391,75.8563187,3.07105935,53.5020611,0.785533034,0.71760169,9,0.00179523708,0.00206458005,True,False,"[0.10097625725132048, 2.301827131525797, 0.8965104524290521, 0.8122344026252144, -7.075616787089504, 6.4961198458842135, 2.1617544496083543, 5.989782411089123]","[0.10047572200509985, 2.2934221828305397, 0.9059203824444213, 0.8331851232217575, -7.077335259137214, 6.03069406287901, 6.142238795974247, 2.0000391032515044, 1.3239425202503137]",3.35307956
771990200,950992660,V1,VISp,evaluation,point,45,15,400,9.5806453,8.5102705,-5.98228265,6.56030012,5.99034628,7.8832054,205.664863,0.786618291,0.719496405,11,False,33.4396999,-5.92576696,6.64843394,7.84629432,5.81695315,-84.0795528,1.34886669,198.776706,0.786981282,0.721363818,11,-0.00186741324,-0.000362991044,False,False,"[0.09807401110808724, 2.868550629506042, 1.1502733847571673, 1.038003449760102, -5.982282652399428, 6.560300122283922, 5.990346278000416, 7.883205403453013]","[0.09875202892515747, 2.943590264755411, 1.1748828029426515, 1.0605802971930955, -5.925766959730574, 6.648433938514849, 7.846294321442392, 5.816953146061049, -1.467465030648774]",0.115783908
771990200,950992670,V1,VISp,calibration,aperture,45,15,400,8.7776857,13.474281,-5.48794729,5.76941231,9.5528989,5.8262556,242.398565,0.159196178,0.147902501,25,False,34.2305877,-6.57526519,6.30735616,11.1149999,3.87336662,-18.4814146,2.86959664,187.500918,0.159157885,0.148935508,27,-0.00103300746,3.82932061e-05,False,False,"[0.009718333063769239, 0.09012501797373078, 0.09123835530616882, 0.05890398755065384, -5.487947287184257, 5.769412307719731, 9.552898895465404, 5.826255595780531]","[0.009761543318574888, 0.08151948180976983, 0.0968616914241146, 0.0648434241132526, -6.575265188415085, 6.30735616333925, 11.114999865935273, 3.8733666243809, -0.32256153464542714]",5.31411694
771990200,950992670,V1,VISp,calibration,point,45,15,400,8.7776857,13.474281,-5.95167541,5.99350873,11.0068285,7.67306371,367.820841,0.15912,0.148287477,30,False,34.0064913,-7.27526438,6.05800868,10.3244215,3.92246557,-15.1780854,2.63212547,176.372226,0.159082403,0.150816349,33,-0.00252887246,3.75971901e-05,False,False,"[0.009667336658570298, 0.0903340538713766, 0.09550089251736434, 0.06476267400304012, -5.9516754122521265, 5.993508727239283, 11.00682850553409, 7.673063711434986]","[0.010939707238828169, 0.10613677294487413, 0.16906276219903937, 0.13624943731794203, -7.275264376959338, 6.058008679972932, 10.324421529810262, 3.92246556639407, -0.2649075640010612]",0.322186523
771990200,950992679,V1,VISp,evaluation,aperture,36.667,13.333,300,5.5725867,9.1526814,-13.3593115,2.72715911,8.8076433,2.11447387,81.108687,0.145342195,0.111446731,18,False,26.6406885,-13.2829062,2.48621839,9.18658421,2,23.1589331,4.59329211,80.018312,0.149705277,0.106698968,13,0.00474776267,-0.00436308211,True,False,"[0.003436895793491995, 0.41039639941590894, 0.14686453949898198, 0.28069668129113967, -13.359311477029665, 2.7271591098402674, 8.807643304002017, 2.1144738737634228]","[0.002939275127306581, 0.4410274484447176, 0.1349610643459504, 0.28086978834449117, -13.282906241367595, 2.4862183945484992, 9.186584214564661, 2.0000000000000004, 0.4041996344327894]",3.01381037
771990200,950992679,V1,VISp,evaluation,point,36.667,13.333,300,5.5725867,9.1526814,-13.658667,3.75675548,10.5838215,5.80858239,267.742916,0.145137752,0.111906938,13,False,26.341333,-13.8550638,4.49360332,9.50589131,4.36633093,25.9444421,2.17708906,180.765198,0.15013724,0.103959803,32,0.00794713453,-0.0049994887,False,False,"[0.0026071856956872033, 0.4821396783844247, 0.17606465083701967, 0.33548426797581704, -13.658666999967114, 3.7567554842497866, 10.58382148723439, 5.8085823880537095]","[0.004959343398441887, 0.6905045746056985, 0.20467958823875618, 0.3703041494582763, -13.855063818255228, 4.493603317048449, 9.505891305655483, 4.366330929142465, 0.45281593638298556]",0.27646705
771990200,950992688,V1,VISp,calibration,aperture,35,15,400,12.023146,14.637869,-12.1198596,4.66890489,7.85570808,5.98638923,204.812103,1.51051977,1.40332059,9,False,27.8801404,-12.1790521,4.70618364,8.24890227,5.49604362,22.8133186,1.50088006,197.447509,1.50851564,1.40885521,7,-0.00553461463,0.00200412653,False,False,"[0.4422674341602205, 5.664308803160003, 2.5732505346518395, 5.26730919666174, -12.119859587647998, 4.668904889247579, 7.8557080780170505, 5.986389228341752]","[0.44225342982416954, 5.685282217434758, 2.6590973981917436, 5.284433321873457, -12.179052110252783, 4.706183643381013, 8.248902270117506, 5.496043619822813, 0.39816752290751856]",1.58355111
771990200,950992688,V1,VISp,calibration,point,35,15,400,12.023146,14.637869,-12.1205447,4.53442802,9.36380063,7.86426792,320.712427,1.51001697,1.40426469,9,False,27.8794553,-12.1726187,4.55803957,9.69723211,7.47227278,22.6363985,1.29776206,315.577359,1.50753354,1.40898147,11,-0.00471677971,0.00248342725,False,False,"[0.44126987948153795, 5.962101230520891, 2.717754153455565, 5.543835550560692, -12.120544697736875, 4.534428023206571, 9.36380063418686, 7.864267918142416]","[0.4413851884620982, 6.036714910487278, 2.845130980432924, 5.607075933809351, -12.172618665337593, 4.558039573207563, 9.697232113777158, 7.472272777572721, 0.395079685087631]",0.096677945
771990200,950992697,V1,VISp,evaluation,aperture,46.667,13.333,300,10.225243,7.054227,-0.876526002,2.88582362,2.67737785,6.87321441,80.1447147,0.81438366,0.923674171,12,False,37.1141764,-0.880633863,2.75908682,6.99478354,2.55888762,-80.7998287,2.7335251,77.952639,0.809551965,0.934948088,13,-0.0112739164,0.00483169461,False,False,"[0.0889715304852126, 5.9294545085852155, 2.5581797793964856, 1.4310517329429342, -0.8765260024573662, 2.8858236168748106, 2.6773778507594286, 6.87321440661215]","[0.08867994847127997, 5.937589609023893, 2.5077218260906453, 1.4362053562018424, -0.8806338626290697, 2.7590868173731575, 6.994783535877507, 2.5588876235283546, -1.410223045910521]",1.92699953
771990200,950992697,V1,VISp,evaluation,point,46.667,13.333,300,10.225243,7.054227,-1.34897249,3.00550132,6.31408628,8.64341695,237.684743,0.811992577,0.922897724,8,False,36.9944987,-1.26100619,3.00038339,8.84573081,6.22519426,-76.2794994,1.42095659,239.823622,0.8071261,0.931514337,6,-0.00861661325,0.00486647719,False,False,"[0.08606244360822225, 6.4680065875946, 2.750807760011176, 1.557502723354888, -1.3489724853454188, 3.005501317063952, 6.31408627768059, 8.643416945248518]","[0.08521050014797978, 6.473701775403329, 2.72925385457379, 1.5656461479329322, -1.2610061928954113, 3.000383390087624, 8.845730814221314, 6.225194261806863, -1.3313284162171244]",0.098324345
771990200,950992723,V1,VISp,evaluation,aperture,42,14,500,8.7102489,13.575628,-9.18829897,3.2693433,9.34913819,4.65753794,189.641469,1.12601027,1.18930543,10,False,30.811701,-9.1341032,3.45974316,9.6470799,4.61694336,9.75277878,2.08949497,193.979462,1.12413777,1.1803624,8,0.00894302558,0.00187250813,False,False,"[0.22689898222441165, 4.354021723112468, 3.484093697517835, 3.9423583130576585, -9.188298971255437, 3.269343298565763, 9.349138194554836, 4.657537940112171]","[0.22468894886208757, 4.325030061783183, 3.4425241079615194, 3.9077748948139925, -9.13410320467492, 3.459743157450264, 9.647079904833735, 4.616943356340431, 0.1702181009168786]",1.79991825
771990200,950992723,V1,VISp,evaluation,point,42,14,500,8.7102489,13.575628,-9.20176227,3.42666096,10.6634248,7.01958396,325.996856,1.12624667,1.18906947,9,False,30.7982377,-9.11168688,3.5790365,10.9229389,6.8814465,10.4023101,1.58730275,327.359216,1.1239208,1.17765038,10,0.0114190865,0.00232586664,False,False,"[0.22420011928258943, 4.645681507345859, 3.717500649065462, 4.180039421103627, -9.201762272042346, 3.4266609603613096, 10.663424760045617, 7.0195839558259285]","[0.2231635750912716, 4.663074522600454, 3.72143686208722, 4.189235929636072, -9.111686882904765, 3.5790364971815416, 10.922938921948935, 6.881446495251964, 0.18155456045444507]",0.105426933
771990200,950992733,V1,VISp,evaluation,aperture,45,15,400,7.6470107,8.6281479,-8.06279665,5.58686159,5.18778677,3.68834228,83.333316,1.01351448,1.06348477,9,False,31.9372033,-8.05595415,5.55617318,5.31876573,3.64966118,-12.5457454,1.45733137,84.5412645,1.01282212,1.06300025,9,0.000484511195,0.000692361597,False,False,"[0.17989202179398453, 3.35520181370737, 2.975809189812351, 3.8223996925618215, -8.06279665096025, 5.5868615922786615, 5.187786769221283, 3.6883422802775514]","[0.17931282645963212, 3.3364062001903827, 2.977326769980747, 3.8221174287988835, -8.05595415474422, 5.55617317587235, 5.318765733603476, 3.6496611781870274, -0.21896456394928876]",1.62951063
771990200,950992733,V1,VISp,evaluation,point,45,15,400,7.6470107,8.6281479,-7.97403171,5.58839528,7.47724784,5.930538,193.126201,1.01374009,1.06636374,9,False,32.0259683,-7.96946127,5.58875445,7.48977052,5.95005329,-3.32455293,1.25877369,194.086217,1.01355358,1.06633089,6,3.28503707e-05,0.000186504509,False,False,"[0.17848011247657983, 4.232251854142931, 3.7550521950204825, 4.816038212672043, -7.974031708527499, 5.588395282600343, 7.477247837734462, 5.930537995286448]","[0.17825134618669597, 4.2030747488294375, 3.7496991831068756, 4.806764304761912, -7.969461268045051, 5.588754451590463, 7.489770518740951, 5.9500532885925415, -0.05802439477074728]",0.102084297
771990200,950992764,V1,VISp,calibration,aperture,48,14,500,8.5623687,13.733315,-3.36928317,4.56318154,10.8715646,5.54430211,262.509042,0.852316016,0.844993194,10,False,35.4368185,-3.16024778,4.54948807,10.9848802,5.41074932,-10.4715285,2.03019573,258.855899,0.848008943,0.846390407,12,-0.00139721214,0.00430707302,False,False,"[0.0772107476028645, 2.53300082687549, 2.980448139453524, 2.3185124826712413, -3.3692831710647404, 4.563181535094949, 10.871564602436786, 5.544302105908275]","[0.07681576124892453, 2.5218856315802807, 2.9880846833289163, 2.374686618963849, -3.1602477781758145, 4.549488074019058, 10.984880182041971, 5.410749321857346, -0.1827626498653121]",1.68363735
771990200,950992764,V1,VISp,calibration,point,48,14,500,8.5623687,13.733315,-3.37621408,4.72753632,12.0592652,7.57625219,397.906101,0.853367637,0.845340132,10,False,35.2724637,-3.13778845,4.70973018,12.111152,7.47298993,-10.6969974,1.62065681,394.171465,0.849126986,0.846722216,12,-0.00138208346,0.0042406504,False,False,"[0.07599358008501261, 2.637545397729628, 3.0908189554903527, 2.3964367890247464, -3.3762140779538607, 4.727536317134096, 12.059265199687516, 7.576252191630394]","[0.075948378568842, 2.6338392536273143, 3.1187186665192064, 2.4714620343791376, -3.137788445665619, 4.709730176051267, 12.111152006054652, 7.472989928988792, -0.18669782535889468]",0.103944708
771990200,950992774,V1,VISp,evaluation,aperture,35,15,400,12.086758,16.843415,-13.1210562,1.43683576,11.0673035,6.78037558,326.814186,1.11176893,1.05904639,10,False,26.8789438,-13.0419471,1.44925472,11.2022148,6.42578124,11.2758778,1.7433234,313.498278,1.11081555,1.05908255,12,-3.61595192e-05,0.000953383272,False,False,"[0.20906144734647245, 2.494263927845096, 2.4464874527205622, 2.8217997714588177, -13.121056214562076, 1.4368357646206744, 11.06730347423425, 6.780375579448322]","[0.21038158906991258, 2.557657963961136, 2.493634811657718, 2.8321684002925807, -13.041947100062892, 1.4492547246546046, 11.202214761133238, 6.425781236502303, 0.19680119301321453]",1.87185254
771990200,950992774,V1,VISp,evaluation,point,35,15,400,12.086758,16.843415,-13.0973359,1.48230704,12.2827623,8.70686932,465.761303,1.11311374,1.05909728,11,False,26.9026641,-13.020438,1.4997852,12.4029,8.45553298,11.4788327,1.46683834,456.740537,1.11224996,1.05873954,16,0.000357739202,0.00086377619,False,False,"[0.20611592872027001, 2.501603841470336, 2.45025210123758, 2.827747979892685, -13.097335859310498, 1.482307037218012, 12.282762309652416, 8.706869321213773]","[0.20715654381949608, 2.5661090288125306, 2.4992725807422147, 2.8417655018395576, -13.020438013979879, 1.4997852001474048, 12.402899971967045, 8.455532977983706, 0.2003434255918739]",0.137190731
771990200,950992784,V1,VISp,calibration,aperture,30,15,200,10.253674,5.9887907,-20.3584554,4.62389312,2,2,17.4206887,0.219460712,0.266063733,14,True,19.6415446,-20.3587353,4.62345735,2,2,89.417776,1,17.4206887,0.219459519,0.266061311,11,2.42186874e-06,1.19275751e-06,True,False,"[0.013736284327735068, 0.5497269860922448, 0.3612595676848841, 0.045603529806813814, -20.35845544281431, 4.623893115813621, 2.0000000000000004, 2.0000000000008598]","[0.013736206505876763, 0.549731014777191, 0.36125300343346956, 0.045608384333716216, -20.358735346478333, 4.623457352133819, 2.0000000000000004, 2.0000000000000004, 1.5606346017847086]",1.07843924
771990200,950992784,V1,VISp,calibration,point,30,15,200,10.253674,5.9887907,-22.4273421,5.45219816,3.11953973,3.19847055,43.4548451,0.215580366,0.277172161,52,False,17.5726579,-21.56865,5.04644846,3.72659496,2.63474038,23.6414238,1.4144069,42.761738,0.214063824,0.281200556,20,-0.00402839458,0.00151654177,False,False,"[0.015989842793388935, 2.9584734131473773, 1.8743714133935794, 0.16825342536887294, -22.42734206257457, 5.452198163893545, 3.119539726657325, 3.1984705518873784]","[0.01575308133376929, 3.658798418383022, 2.3769444803757516, 0.1990678535015952, -21.568649978177202, 5.04644846241335, 3.726594956747487, 2.634740375033887, 0.4126206859994932]",0.281454642
771990200,950992793,V1,VISp,calibration,aperture,45,15,400,33.376985,36.415233,-7.39128057,4.41087049,4.82754949,4.05738435,85.3057319,1.72061545,1.60242623,8,False,32.6087194,-7.3955327,4.41062845,4.83762863,4.05357191,-7.61429913,1.19342366,85.4035133,1.72047511,1.60290228,6,-0.000476047857,0.00014033533,False,False,"[0.9703641068908992, 4.700034319119558, 5.8558582986055825, 5.806484335920621, -7.39128057498326, 4.410870493354448, 4.8275494920496556, 4.057384345692302]","[0.970261320666535, 4.702396054189838, 5.856942705719661, 5.8059253167873655, -7.395532698577639, 4.410628447154997, 4.837628633364416, 4.053571908014928, -0.132894590031297]",1.53511159
771990200,950992793,V1,VISp,calibration,point,45,15,400,33.376985,36.415233,-7.18188112,4.57801581,7.35964316,6.29711721,201.838432,1.72270014,1.60390623,11,False,32.8181189,-7.17813636,4.58410377,7.36947809,6.26497535,-8.99807456,1.17629802,201.076551,1.72216308,1.60602071,7,-0.00211448292,0.000537062029,False,False,"[0.9668608944666418, 5.647046651954249, 7.022314758581398, 6.924771984058403, -7.181881122659302, 4.578015813120749, 7.359643164834108, 6.297117206027713]","[0.9671294455760738, 5.657337851684029, 7.040344057293977, 6.952757913864841, -7.178136359542913, 4.584103769494886, 7.369478089809082, 6.264975348585508, -0.15704602739927065]",0.0909614461
771990200,950992803,V1,VISp,evaluation,aperture,38.333,21.667,600,15.334137,14.023951,-11.4042828,14.5917155,7.86176581,8.06586962,276.170082,0.810897954,0.759627596,14,False,25.4082845,-11.3679675,14.5891646,8.17411731,7.69563619,-59.2370684,1.06217564,273.96225,0.810766677,0.758333312,11,0.00129428435,0.000131277299,False,False,"[0.09877887643138009, 3.586012804654742, 0.6405489659570742, 0.44675626677277824, -11.404282801190268, 14.591715538917262, 7.861765807403946, 8.065869618116952]","[0.09896467949129197, 3.596072563409218, 0.6439694327014074, 0.44861442640581406, -11.367967487291455, 14.589164582531701, 8.17411731227188, 7.695636185413135, -1.0338818823781675]",1.72532768
771990200,950992803,V1,VISp,evaluation,point,38.333,21.667,600,15.334137,14.023951,-11.3890621,14.6262197,9.36062339,9.57049814,390.161709,0.810761761,0.759415322,14,False,25.3737803,-11.3326092,14.6298013,9.69475305,9.15076363,-57.3211786,1.05944743,386.366459,0.810576708,0.757674545,9,0.00174077703,0.000185052765,False,False,"[0.09849469846705798, 3.6857004969982485, 0.6530544263127643, 0.4582892089929161, -11.389062058737167, 14.626219677556087, 9.360623391049902, 9.570498144769715]","[0.09884540363567637, 3.709476635778284, 0.6587462052943741, 0.4613615026668462, -11.332609184684921, 14.629801283245316, 9.694753049623039, 9.15076363082723, -1.0004432974543689]",0.117366008
771990200,950992837,V1,VISp,calibration,aperture,40,15,200,31.570266,34.399208,-10.6587541,5.07539476,6.2132721,2.85278855,77.1960868,1.39253157,1.35904248,10,False,29.3412459,-10.5022385,5.04683447,6.2138993,2.85618036,-15.5132841,2.17559766,77.2956705,1.39320383,1.36088383,8,-0.00184134482,-0.000672261592,False,False,"[0.20068642059923722, 2.9795974141881088, 1.2507766749506761, 1.2103664523715807, -10.658754133377323, 5.075394758685662, 6.213272101805502, 2.8527885519801264]","[0.20029764248044582, 3.017781947164027, 1.2629746057049667, 1.242124901967519, -10.502238464797728, 5.046834467615185, 6.213899302507842, 2.8561803575902758, -0.27075788511636256]",2.01886947
771990200,950992837,V1,VISp,calibration,point,40,15,200,31.570266,34.399208,-10.687606,5.03751177,8.18767768,5.07216166,180.866924,1.39297787,1.36025733,10,False,29.312394,-10.6303849,5.04412055,8.11948169,5.05894262,-8.82167777,1.60497604,178.893018,1.39301599,1.3643426,12,-0.00408526405,-3.81193514e-05,False,False,"[0.20012084109305173, 4.287533097222228, 1.8067255493364387, 1.7543376201043346, -10.687606036632976, 5.0375117733311265, 8.187677677524501, 5.072161656504044]","[0.20036936475789519, 4.3071224510096, 1.822841285341721, 1.784776604875177, -10.63038492614078, 5.044120554783118, 8.119481690951734, 5.058942620874012, -0.15396732260907053]",0.108245819
771990200,950992847,V1,VISp,evaluation,aperture,46.667,13.333,300,10.828242,14.694952,-6.82628191,0.475969092,8.40833136,3.94174648,144.345695,1.23630145,0.668184134,13,False,33.1737181,-6.86501075,0.519811421,8.78991675,3.71347129,15.3755758,2.36703506,142.157626,1.23181072,0.663214921,13,0.00496921336,0.00449072492,False,False,"[0.12648826223057413, 0.8517372884536769, 0.6477078884875871, 2.407657878499513, -6.826281905890053, 0.4759690921373091, 8.408331360978522, 3.9417464777848408]","[0.1252032305956243, 0.881488300237513, 0.6672526369113012, 2.3639419537351367, -6.865010754660193, 0.5198114206692399, 8.789916747326657, 3.713471294081752, 0.2683544212607156]",2.11396375
771990200,950992847,V1,VISp,evaluation,point,46.667,13.333,300,10.828242,14.694952,-6.67799712,0.584651805,9.99259432,7.01365617,305.230591,1.23570044,0.667702805,11,False,33.3220029,-6.720324,0.471042135,10.4737015,6.83369675,16.9478885,1.53265529,311.717528,1.23176906,0.663487353,12,0.00421545224,0.00393138727,False,False,"[0.12448859791539765, 0.8794998153667527, 0.6680247142406088, 2.450968484725133, -6.677997115191051, 0.5846518046528599, 9.992594323280665, 7.013656170931819]","[0.12277986223405332, 0.9047846906374114, 0.691972800736609, 2.4252163114452756, -6.72032400339899, 0.4710421354992272, 10.473701478818645, 6.833696753521455, 0.29579645566173896]",0.138604401
771990200,950992855,V1,VISp,evaluation,aperture,55,15,400,17.15914,13.718835,0.747693136,5.477777,7.83424604,9.52409498,324.957267,2.99089021,3.06517092,10,False,34.522223,0.693449579,5.49349265,9.67786505,7.68837884,-76.7917833,1.25876537,324.055701,2.9879813,3.0666396,7,-0.00146868079,0.00290890481,False,False,"[0.7194210474331615, 16.973865980469842, 9.879316132744401, 2.5272120530740194, 0.7476931360437613, 5.4777770045989485, 7.8342460424622296, 9.524094980013723]","[0.7198983409064386, 17.075859822434126, 9.792799470319325, 2.517564107430608, 0.6934495791741768, 5.493492646704063, 9.677865047154539, 7.688378837592832, -1.3402694573324716]",1.54868058
771990200,950992855,V1,VISp,evaluation,point,55,15,400,17.15914,13.718835,0.763656663,5.49146355,9.43064145,10.844972,445.425421,2.99171843,3.06812243,9,False,34.5085365,0.712131709,5.50718329,10.9838208,9.2983279,-76.0986829,1.18126838,444.798817,2.98860429,3.06980459,7,-0.00168215227,0.00311414556,False,False,"[0.7139434774804616, 17.1549318537731, 10.00323948245377, 2.5868209610584723, 0.7636566628820377, 5.491463546617101, 9.430641445689094, 10.844972037074445]","[0.7145950963469093, 17.27974036934276, 9.92438425336773, 2.577614897508033, 0.7121317092125911, 5.507183291801661, 10.983820754578645, 9.298327902736835, -1.3281725729757947]",0.0925725685
771990200,950992869,V1,VISp,evaluation,aperture,40,15,600,17.193136,23.768954,-9.5302026,4.17756673,12.1669381,7.29216533,386.405355,1.146721,1.06557388,14,False,30.4697974,-9.362313,4.12461801,12.2806817,7.41834107,-4.04890166,1.65544852,396.766141,1.14592413,1.06679174,13,-0.00121786011,0.000796867556,False,False,"[0.15436258668787667, 1.7634478283037278, 0.6439472202184274, 0.6783592340497818, -9.530202599506744, 4.177566730606171, 12.166938147414974, 7.292165332934105]","[0.15316645053545216, 1.7408047771096693, 0.6485311708581849, 0.6786978327988362, -9.36231300145724, 4.124618012748338, 12.28068174525281, 7.418341071621698, -0.0706666650606993]",2.33448823
771990200,950992869,V1,VISp,evaluation,point,40,15,600,17.193136,23.768954,-9.54665657,4.22958795,13.2567524,9.00229117,519.751236,1.14660124,1.06592125,12,False,30.4533434,-9.41481023,4.19082406,13.3327159,9.10574993,-2.90576814,1.46420844,528.736964,1.14602077,1.06671801,17,-0.000796758561,0.00058046681,False,False,"[0.1535041590008187, 1.7779447667787756, 0.6511135322540033, 0.6847929112584046, -9.546656572022139, 4.229587950492336, 13.256752416954496, 9.002291173811047]","[0.1524834607298947, 1.756338873126613, 0.6537439789036311, 0.6837974629187685, -9.414810231473268, 4.190824056588595, 13.332715873116166, 9.105749931421219, -0.050715221385347675]",0.146260092
771990200,950992881,V1,VISp,evaluation,aperture,50,15,600,32.244452,40.916537,-3.13657254,7.16575206,17.2916082,13.8056999,1039.67869,1.13375263,1.11188723,24,False,32.8342479,-3.1404049,7.54410982,17.7300035,14.1537941,-13.2914366,1.25266789,1092.91661,1.13350369,1.11270582,13,-0.000818590778,0.000248937881,False,False,"[0.22818040423290423, 0.5778610822182366, 0.5017681363229368, 0.549406271346493, -3.1365725371600277, 7.165752061638478, 17.291608195021478, 13.80569985912791]","[0.2246837117318268, 0.5764713966604014, 0.4974044574421199, 0.5384586215338714, -3.140404901508366, 7.5441098196134035, 17.730003493936543, 14.153794141274819, -0.23197933015068894]",2.75589226
771990200,950992881,V1,VISp,evaluation,point,50,15,600,32.244452,40.916537,-3.12342176,7.14163329,17.9997871,14.7017506,1152.50216,1.13376063,1.11189973,25,False,32.8583667,-3.13519524,7.53159989,18.4322716,15.0361227,-13.2579274,1.225866,1207.03552,1.13350736,1.11270911,16,-0.000809385604,0.00025327155,False,False,"[0.22822111483805624, 0.5790035853294633, 0.5027926913041253, 0.5506299680805744, -3.1234217590169364, 7.141633288354509, 17.999787096862374, 14.701750578172906]","[0.224645650829884, 0.5772616383174882, 0.4982076617434979, 0.5393886680159102, -3.1351952392660265, 7.531599889911547, 18.432271639028315, 15.03612268723644, -0.2313944844927498]",0.182947746
771990200,950992893,V1,VISp,evaluation,aperture,40,20,500,15.348642,13.50086,-9.34831427,11.8490679,3.25881312,9.39966947,133.406616,0.336462774,0.384961711,15,False,28.1509321,-9.33824627,12.252926,9.39230068,3.05712583,-83.8971345,3.07226499,125.051997,0.336642925,0.384801826,15,0.00015988463,-0.000180151701,False,False,"[0.02860363209790443, 0.6965649104745697, 0.2768342285998291, 0.037536233221955984, -9.348314266911967, 11.849067862909054, 3.2588131225171573, 9.399669472209537]","[0.028849970118690133, 0.7033309116227857, 0.2688414280999172, 0.03485197104848361, -9.338246268704234, 12.252926030760479, 9.392300679047413, 3.0571258322191484, -1.4642812306809168]",2.60208198
771990200,950992893,V1,VISp,evaluation,point,40,20,500,15.348642,13.50086,-9.16252843,11.9270262,6.62385033,10.8396552,312.702468,0.336109304,0.383290609,13,False,28.0729738,-9.13685352,12.2701266,10.9927692,6.41387362,-79.6433242,1.71390487,307.066782,0.336287607,0.383324658,9,-3.40495013e-05,-0.000178302876,False,False,"[0.02820750462721121, 0.7174396681615052, 0.28445806432808607, 0.0385985052848816, -9.162528431465773, 11.927026179852396, 6.6238503344821344, 10.839655220111313]","[0.0284949143322076, 0.7328820236820003, 0.2761643144233672, 0.035573637720290874, -9.136853520224857, 12.270126562424268, 10.992769213559846, 6.413873624916079, -1.3900382339616963]",0.126023146
771990200,950992925,V1,VISp,evaluation,aperture,46,8,500,20.626332,17.525642,-4.62233666,-3.03969041,7.21809335,7.64750037,240.407122,0.518863149,0.476375168,16,False,35.3776633,-4.7249154,-3.32724736,7.95449573,6.22847646,-48.7781256,1.27711741,215.774346,0.519473467,0.475691139,12,0.000684028349,-0.000610317716,False,False,"[0.04862517236712048, 0.22570035438206404, 0.5265411162724805, 0.27707227972324927, -4.6223366638424634, -3.039690406581496, 7.218093345815505, 7.647500368597459]","[0.04941723225318584, 0.22014146792885508, 0.5487576787171892, 0.2819608649951336, -4.724915399172299, -3.3272473571800294, 7.954495727634191, 6.228476461716111, -0.8513388952809022]",2.57567201
771990200,950992925,V1,VISp,evaluation,point,46,8,500,20.626332,17.525642,-4.56724173,-3.08514448,8.93883096,9.45809114,368.204887,0.519000044,0.476498591,15,False,35.4327583,-4.65713679,-3.3234777,9.71710271,8.16693554,-55.5504329,1.18981014,345.621897,0.519544452,0.475804758,14,0.000693832179,-0.000544407739,False,False,"[0.04821143147607568, 0.2286281258502298, 0.5302424429624832, 0.2820468170679611, -4.567241733173531, -3.085144481801228, 8.938830964360813, 9.45809113809497]","[0.04899158070095535, 0.22470213958187152, 0.5563026591355871, 0.29055524582514003, -4.657136794819026, -3.323477700736918, 9.717102706420654, 8.166935535362288, -0.969537954979474]",0.173536098
771990200,950992940,V1,VISp,calibration,aperture,42,4,500,23.897494,23.192072,-8.19331008,-5.83388125,8.65978979,5.66235563,213.555038,0.708605777,0.714249545,15,False,31.8066899,-8.20958544,-6.1301532,9.1344629,4.92057838,14.5287103,1.85637992,195.75123,0.70913004,0.715987988,17,-0.00173844318,-0.00052426254,False,False,"[0.08443577695013013, 0.5951546266861482, 0.41874945830526267, 0.954222252460107, -8.193310080504643, -5.833881245838542, 8.659789794387052, 5.662355633622984]","[0.08482031284942838, 0.6077037029610789, 0.4276776274343767, 0.9519881776227387, -8.209585442435891, -6.130153198910646, 9.134462897899477, 4.92057837562338, 0.2535738306080204]",3.31808237
771990200,950992940,V1,VISp,calibration,point,42,4,500,23.897494,23.192072,-8.53925139,-6.85774858,10.33837,5.773945,259.974075,0.709979628,0.71794222,24,False,31.4607486,-8.20352523,-6.72603122,10.7384915,5.13685135,10.0702734,2.09048125,240.240158,0.708848804,0.717781899,18,0.000160321009,0.0011308234,False,False,"[0.08806649964204234, 0.7752693862652258, 0.5244011755842116, 1.1199593680057318, -8.539251391408092, -6.857748581329743, 10.338369970351884, 5.773945002366141]","[0.08845619640963893, 0.8287593264112372, 0.6004945523489165, 1.1760554569627986, -8.203525227094396, -6.726031218514332, 10.738491459142205, 5.136851351760778, 0.17575942699588376]",0.223073859
771990200,950992948,V1,VISp,calibration,aperture,36.667,3.333,300,4.9773734,5.5607576,-15.1665565,-1.57517766,6.96271669,8.35325801,253.302776,0.10899669,0.0929118878,24,False,24.8334435,-14.0979856,-5.34483812,11.7175039,2,33.0581982,5.85875195,102.063494,0.111226426,0.093614641,67,-0.00070275325,-0.00222973586,True,False,"[0.0043629631847350685, 0.125018036769645, 0.025415969279123152, 0.09133191927047662, -15.166556483212819, -1.5751776578575007, 6.962716691941721, 8.353258008252908]","[0.004982479778062879, 0.15082775040225377, 0.03611695839579349, 0.03674385218095394, -14.09798559446778, -5.344838121468407, 11.717503892570546, 2.0000000000000004, 0.5769744025977248]",10.2956175
771990200,950992948,V1,VISp,calibration,point,36.667,3.333,300,4.9773734,5.5607576,-14.9155331,-1.61815921,8.66184797,9.89330778,373.213553,0.109068159,0.0928253453,25,False,25.0844669,-14.9641479,-2.88102724,16.2769521,2.64657478,30.7532617,6.15019541,187.612851,0.113437749,0.1156042,33,-0.0227788548,-0.00436958996,False,False,"[0.00434017593588619, 0.12888874507342632, 0.026060728035952746, 0.0918046013667091, -14.915533089885997, -1.6181592063232404, 8.661847969092916, 9.893307778559564]","[0.006486230692447787, 0.24999720453794477, 0.015324299608524928, 0.04045780513360319, -14.964147863020962, -2.881027235291545, 16.276952074684626, 2.6465747805923336, 0.5367456723575854]",0.355939597
771990200,950992962,V1,VISp,calibration,aperture,40,7.5,400,27.161601,33.938156,-14.2516082,-4.00278509,3.7188604,5.55227106,89.9261221,0.309315161,0.392783681,24,False,25.7483918,-12.3981146,-3.36243114,7.73744024,2.00022429,-66.2862428,3.86828631,67.4033271,0.308465897,0.393207128,36,-0.000423446948,0.000849263658,False,False,"[0.02662527456646419, 0.20947033850648653, 0.21738478509284115, 0.07439180357878585, -14.251608151863335, -4.002785093371571, 3.718860401176755, 5.552271063171986]","[0.02635846870414251, 0.18831418218313067, 0.23350809996643737, 0.04698246599735783, -12.398114561489427, -3.3624311411484915, 7.737440244280801, 2.0002242897898572, -1.1569131853055867]",6.64856781
771990200,950992962,V1,VISp,calibration,point,40,7.5,400,27.161601,33.938156,-9.39956537,-6.51624005,6.30278426,2.43476169,66.8335039,0.313405259,0.394403029,55,False,30.6004346,-13.1412027,-5.36592222,5.97008511,2.3539528,-17.0075048,2.53619576,61.2045351,0.307598894,0.394462632,28,-5.96030383e-05,0.00580636495,False,False,"[0.029445760605729482, 0.31837463367127766, 1.2281363626491655, 0.2620743905337317, -9.399565370731317, -6.516240045532667, 6.302784256118436, 2.4347616891305597]","[0.028302489863048747, 0.9523864477259862, 1.4969410585714482, 0.14663923466466497, -13.141202703437513, -5.365922218140302, 5.970085112224322, 2.3539528047727263, -0.2968369561902815]",0.457359625
771990200,950992975,V1,VISp,calibration,aperture,45,25,400,11.455007,10.965886,-7.47603711,15.6934315,7.03486084,6.06599057,185.850003,0.478957739,0.496778535,20,False,24.3065685,-6.99607471,15.6484096,9.41922404,3.63807605,-37.217792,2.58906738,149.242402,0.471156179,0.480414294,14,0.0163642407,0.00780155931,False,False,"[0.03608438614529069, 2.143739176777888, 0.7535415175258201, 0.4099014695625921, -7.476037108389311, 15.693431513809742, 7.034860842142297, 6.0659905747920355]","[0.03540420203526384, 2.1651365226512054, 0.7792545155113916, 0.36194673263585325, -6.996074710726637, 15.648409624306073, 9.419224035640575, 3.638076050248927, -0.6495730108463045]",2.3467633
771990200,950992975,V1,VISp,calibration,point,45,25,400,11.455007,10.965886,-7.66673524,16.0383507,8.5564921,7.75134708,288.85392,0.481040352,0.49941185,26,False,23.9616493,-7.08894154,16.1928851,10.368794,5.50662202,-34.8791365,1.88296817,248.667393,0.475133349,0.487499874,19,0.0119119759,0.00590700288,False,False,"[0.03723944403364997, 2.3504771050129483, 0.7919119589191053, 0.41907440361555637, -7.666735236311707, 16.038350711878838, 8.556492097966506, 7.751347075470405]","[0.03974213489496629, 2.7935653461045966, 0.9068124422487932, 0.35810395052404365, -7.088941537877888, 16.192885115510478, 10.368793959519461, 5.506622019470292, -0.6087557724046979]",0.22086794
771990200,950993065,V1,VISp,calibration,aperture,46.667,13.333,300,9.4608912,8.4202401,-2.61379283,0.706929268,5.73283623,6.3421645,158.347922,1.06602843,0.90532878,9,False,37.3862072,-2.63965423,0.698810114,6.41056289,5.63283361,-69.94971,1.1380707,157.263674,1.06670132,0.912365729,10,-0.00703694851,-0.000672892618,False,False,"[0.08783731637680069, 5.818731199261396, 8.060674926698104, 10.182463481645586, -2.6137928277897977, 0.7069292678895563, 5.732836230781104, 6.342164500131891]","[0.08819668832956618, 5.831052409199137, 8.046736616869143, 10.221755076053658, -2.6396542290058167, 0.6988101143424458, 6.4105628941586, 5.632833609422546, -1.220852751145344]",1.44976351
771990200,950993065,V1,VISp,calibration,point,46.667,13.333,300,9.4608912,8.4202401,-2.5873955,0.704184049,7.73664207,8.34154492,281.06342,1.06647503,0.903638624,10,False,37.4126045,-2.62321165,0.697122635,8.40433731,7.63775821,-71.4441792,1.10036703,279.559792,1.06716966,0.912323963,9,-0.00868533851,-0.000694630116,False,False,"[0.08225630244230381, 6.14631167956125, 8.459705365089613, 10.70112616786471, -2.5873955045339625, 0.7041840493793148, 7.736642065496254, 8.341544921590435]","[0.08281230099398469, 6.175054272707027, 8.466607527965808, 10.778443904471983, -2.623211646550693, 0.6971226349393213, 8.404337306257505, 7.637758206862328, -1.2469361583306042]",0.100150252
771990200,950993074,V1,VISp,calibration,aperture,40,12.5,400,13.828738,21.408465,-12.1836008,0.777771496,12.0927011,7.05977227,371.808521,1.28218923,1.18193834,11,False,27.8163992,-12.1477351,0.847860938,12.45384,6.7105116,13.1979652,1.85587042,363.968871,1.27939018,1.17535184,13,0.00658650827,0.00279904941,False,False,"[0.19327038883729636, 1.9563346924200429, 1.8902633966805773, 2.075450679167049, -12.18360076449955, 0.7777714962733774, 12.092701065942402, 7.059772272298399]","[0.19291636416077765, 2.0220355878594485, 1.8733105812409403, 2.085719176867469, -12.147735149500265, 0.8478609376109322, 12.453839958961114, 6.710511600597834, 0.23034794809405668]",1.87485329
771990200,950993074,V1,VISp,calibration,point,40,12.5,400,13.828738,21.408465,-12.1840559,0.810593916,13.1908124,8.92415075,512.676927,1.28347158,1.18226592,12,False,27.8159441,-12.1522718,0.89863139,13.5507655,8.63267185,13.5930046,1.569707,509.465043,1.28063171,1.17560879,14,0.00665713616,0.00283987668,False,False,"[0.19101390628711373, 1.9610643834218964, 1.892585204669619, 2.0747536320173015, -12.184055893047837, 0.8105939159960591, 13.19081244174153, 8.924150747465053]","[0.1905554112292532, 2.0317457291265697, 1.8792871378436715, 2.0879305033799636, -12.15227178361022, 0.8986313896589236, 13.55076546349427, 8.632671845747703, 0.23724268603402443]",0.128234495
771990200,950993081,V1,VISp,evaluation,aperture,50,10,100,7.0577447,10.395904,-2.61074764,0.256384843,7.25759175,4.82646178,152.555102,0.151907545,0.158716624,13,False,37.3892524,-2.52681248,0.0501043538,6.40607581,2,-36.8520723,3.20303791,55.7991264,0.15712209,0.166073891,14,-0.00735726773,-0.00521454422,True,False,"[0.005322459185034129, 0.3096064419846531, 0.17053095619657746, 0.0912099790780011, -2.610747642427516, 0.25638484303135634, 7.257591746721099, 4.826461782789083]","[0.00672266158988581, 0.3324151435364601, 0.16343899511137824, 0.08619571445718717, -2.526812484211064, 0.05010435383253394, 6.406075814652098, 2.000000000064788, -0.6431899973886601]",2.42522496
771990200,950993081,V1,VISp,evaluation,point,50,10,100,7.0577447,10.395904,-2.52536773,0.273403496,8.64706057,7.17140772,270.071182,0.152071582,0.158502613,12,False,37.4746323,-2.51002922,0.269136147,8.8122374,6.03190392,-37.5464646,1.46093796,231.497301,0.155437714,0.163214536,12,-0.00471192336,-0.00336613144,False,False,"[0.005392509512573084, 0.3317456781867754, 0.18395742611905772, 0.1017753679508928, -2.525367725149893, 0.2734034955058515, 8.647060572100703, 7.171407720448019]","[0.00606998585634809, 0.3687104384140756, 0.19262749501213564, 0.11057888458453549, -2.510029222656416, 0.2691361471911066, 8.812237401021546, 6.031903916202656, -0.6553094295544493]",0.163563321
771990200,950993098,V1,VISp,evaluation,aperture,40,15,600,13.02205,19.224513,-11.3752769,5.4759722,15.20124,7.84337733,519.26309,0.861977944,1.03618446,9,False,28.6247231,-11.3719379,5.4683531,15.2202892,7.82908917,1.41803881,1.94406896,518.966679,0.861838463,1.03533136,9,0.000853099425,0.000139481416,False,False,"[0.07818529184636581, 1.155631075446276, 1.0478745156760814, 0.9763543042748063, -11.3752769383129, 5.47597219674354, 15.201239971940081, 7.843377330575892]","[0.07818941005873538, 1.1548992555673272, 1.04993956246201, 0.9755107472804354, -11.371937910720584, 5.468353099025285, 15.220289208915252, 7.829089173015496, 0.02474944619792918]",1.40351578
771990200,950993098,V1,VISp,evaluation,point,40,15,600,13.02205,19.224513,-11.3751404,5.43784766,16.0585208,9.42995979,659.508975,0.862160953,1.03639922,9,False,28.6248596,-11.3721674,5.42945031,16.0786247,9.41703136,1.44317357,1.70739845,659.429306,0.862021027,1.03557841,5,0.000820811132,0.000139925781,False,False,"[0.07747952333811826, 1.1634408966020462, 1.054686366378485, 0.983461374335285, -11.37514036125482, 5.437847664401744, 16.0585208364469, 9.4299597908092]","[0.0774837463301703, 1.1627643781557664, 1.0567841928889192, 0.9827277345113126, -11.372167406834029, 5.429450305670595, 16.078624700715327, 9.417031357619983, 0.02518813045745172]",0.0887307809
771990200,950993128,V1,VISp,calibration,aperture,47.143,4.286,700,24.558711,31.341215,-5.96118989,-8.93954332,16.3940229,2,142.797585,0.896764181,0.967235709,15,True,31.0604567,-2.83104091,-6.63508651,20.6241512,3.34601916,17.2344966,6.16378755,300.545228,0.879161535,0.991108475,19,-0.0238727669,0.0176026466,False,False,"[0.16147710599566223, 0.4691263119583379, 0.7802880030220464, 1.0891513853971455, -5.961189888598024, -8.939543315752717, 16.39402288046749, 2.0000000000000013]","[0.14824683203691497, 0.44769635163217153, 0.6736032717582531, 1.0375405758408354, -2.831040913058857, -6.6350865092605185, 20.624151235835956, 3.346019157783971, 0.30079871023842264]",3.32194179
771990200,950993128,V1,VISp,calibration,point,47.143,4.286,700,24.558711,31.341215,-6.44307609,-7.91196022,16.45947,5.00322486,358.650299,0.895591139,0.960572357,14,False,32.0880398,-3.9466231,-7.70992476,19.9324808,4.52006616,12.7650005,4.40977633,392.384167,0.878049365,0.971278867,7,-0.0107065091,0.0175417744,False,False,"[0.1662767044293876, 0.5459469879193621, 0.9350372625430577, 1.2860567803900906, -6.443076089964224, -7.911960221860217, 16.459469969266763, 5.003224863568034]","[0.15858865786614024, 0.5987885661532113, 0.9735572684121343, 1.4060870343758916, -3.946623103825437, -7.7099247558352415, 19.932480783090572, 4.520066163734848, 0.22279128804049964]",0.1787432
771990200,950993139,V1,VISp,calibration,aperture,25,10,200,9.637026,27.49414,-27.6434526,-0.981802375,3.96399488,2.00000001,34.5277606,0.203335029,0.225910616,27,True,12.3565474,-27.8974017,-0.879060095,4.31014757,2,-10.6463669,2.15507379,37.5428696,0.203103055,0.226059526,15,-0.0001489103,0.000231973407,True,False,"[0.011505684772115457, 0.2803572997845118, 0.049226518663076035, 0.12794244667071533, -27.643452620979843, -0.9818023753552076, 3.963994883329004, 2.000000007917505]","[0.011372454022699726, 0.2822867369467341, 0.05267575773785403, 0.12667498419384754, -27.897401669627577, -0.8790600950415316, 4.310147570173022, 2.0000000000784848, -0.18581415552984715]",7.42741527
771990200,950993139,V1,VISp,calibration,point,25,10,200,9.637026,27.49414,-26.5529442,-3.44185622,2.96061998,2.9655537,38.2378783,0.201179109,0.232199101,88,False,13.4470558,-25.8027104,-4.19787513,3.03002756,2.56013052,-44.514643,1.18354418,33.7842292,0.200358318,0.230932653,47,0.00126644815,0.000820790389,False,False,"[0.013396882766336703, 1.929937522627288, 2.714966835390248e-31, 0.7782864697313213, -26.55294419733332, -3.4418562211202413, 2.960619977457823, 2.9655536970532808]","[0.013140445523372332, 3.4820455206262824, 0.017433121360783673, 1.309068395515483, -25.80271044608036, -4.197875132204365, 3.0300275627201283, 2.5601305156200227, -0.776927085241974]",0.467772316
771990200,950993153,V1,VISp,evaluation,aperture,35,15,400,11.31698,10.086739,-15.2172175,5.6331897,4.77892065,5.41906512,112.787123,0.184492263,0.176202568,18,False,24.7827825,-15.3108553,5.64649658,6.06476356,4.43164387,59.5791727,1.3685133,117.053406,0.184879477,0.175870997,14,0.000331570481,-0.000387214235,False,False,"[0.010977185688488109, 0.227082312647104, 0.08829896577144593, 0.17265267873533002, -15.217217484898162, 5.633189698690967, 4.778920650757998, 5.4190651249080535]","[0.01086597669274025, 0.2253193421606989, 0.08651272219527109, 0.17136443926794284, -15.310855314213441, 5.646496577251694, 6.064763557827763, 4.43164386897243, 1.0398527295322992]",2.42202282
771990200,950993153,V1,VISp,evaluation,point,35,15,400,11.31698,10.086739,-15.6333792,5.46317405,6.49326045,7.50142189,212.134714,0.184502214,0.175935701,24,False,24.3666208,-15.2742289,5.65848218,6.20641402,3.22254697,77.1401156,1.92593439,87.1054501,0.184967979,0.176313428,28,-0.000377726665,-0.000465765294,False,False,"[0.011105542083069143, 0.2689603113746136, 0.107607607871227, 0.20217373538221212, -15.633379189150022, 5.463174052953234, 6.493260446966511, 7.501421890857439]","[0.012495770873678024, 0.6885547616041169, 0.1906730577738425, 0.539852693900322, -15.274228930933045, 5.658482180870097, 6.2064140206041465, 3.2225469713909063, 1.3463490024479654]",0.24802963
771990200,950993170,V1,VISp,evaluation,aperture,35,10,200,20.561002,18.709168,-14.6012733,1.60192976,3.25724109,7.33435251,104.043994,0.240900105,0.163495497,14,False,25.3987267,-14.30665,1.62250599,7.33814409,2.78555833,77.1932512,2.63435306,89.0233271,0.241361046,0.163388041,24,0.000107456619,-0.000460940302,False,False,"[0.018959101659199624, 0.21625501065207803, 0.12815928321189327, 0.05023342147254739, -14.601273339378327, 1.6019297573163476, 3.2572410944629517, 7.334352506935566]","[0.01916435291095178, 0.22222842194773104, 0.11728916276000806, 0.04742550478502002, -14.306650009194612, 1.622505987804235, 7.338144092802721, 2.7855583254409084, 1.3472763940169794]",3.43087611
771990200,950993170,V1,VISp,evaluation,point,35,10,200,20.561002,18.709168,-14.569161,1.6528853,5.00278639,8.95659752,195.146312,0.241040598,0.164318152,17,False,25.430839,-14.7231561,0.417541702,7.85846173,2.65310279,84.9769844,2.96198917,90.8023208,0.242235714,0.165696084,36,-0.00137793233,-0.00119511578,False,False,"[0.01915977817866719, 0.31146032716358585, 0.17255518324693284, 0.06825673930482667, -14.569161010306203, 1.652885297792365, 5.00278639421064, 8.956597515721263]","[0.02010552077294443, 1.207143761386006, 0.3855631740010748, 0.21058859736016514, -14.723156069501496, 0.41754170196865087, 7.858461728080384, 2.653102792046921, 1.483128165406209]",0.312293467
771990200,950993447,V1,VISp,calibration,aperture,45,15,400,15.16539,29.551678,-8.13446694,3.83576732,2.00000035,2,17.4206918,0.251884813,0.195183553,27,True,31.8655331,-8.13461326,3.83713052,2,2,-25.8605918,1,17.4206887,0.251884293,0.19518499,8,-1.43739462e-06,5.20599322e-07,True,False,"[0.022707446071654876, 0.12282982223019322, 0.21391035187842286, 0.05188941353020207, -8.134466944005663, 3.8357673173700224, 2.000000351990274, 2.000000000004375]","[0.02270726846692543, 0.12280461271339119, 0.21391140597168207, 0.05189673639163893, -8.13461325650554, 3.837130522864636, 2.0000000000224456, 2.000000000003677, -0.4513524738777617]",1.63887354
771990200,950993447,V1,VISp,calibration,point,45,15,400,15.16539,29.551678,-7.89174613,6.14232474,4.21885013,2.65301428,48.7460035,0.254091354,0.198294479,28,False,32.1082539,-6.49165641,5.39566457,5.18935136,2.3730541,-10.5554856,2.18678173,53.6322535,0.25083778,0.195828157,48,0.00246632198,0.00325357381,False,False,"[0.02391544644359575, 1.1554394307106282, 0.8125466945085201, 0.16830948170943844, -7.891746130853678, 6.142324738856822, 4.218850128424344, 2.6530142839839095]","[0.022760428102689204, 1.4782328984591933, 1.6595649721220929, 0.3511822555674275, -6.491656414744787, 5.3956645659009554, 5.189351357256107, 2.3730541019224134, -0.18422797835565685]",0.269559872
771990200,950993457,V1,VISp,calibration,aperture,40,15,200,31.31501,32.269828,-10.2539833,4.36460814,2.75599829,5.33825283,64.0742325,1.5618837,1.52196949,11,False,29.7460167,-10.2677386,4.39719405,5.43068377,2.8048182,83.383542,1.93619814,66.3383339,1.56183028,1.52315641,17,-0.00118692372,5.34182302e-05,False,False,"[0.35216872525186327, 4.607832882332116, 2.928607843771407, 1.470422841728087, -10.253983336166966, 4.364608143562118, 2.755998291393225, 5.338252833208162]","[0.3515380973690146, 4.570809307968826, 2.933944674317215, 1.4681907835888628, -10.26773861655523, 4.397194051897331, 5.430683768714073, 2.80481819608485, 1.455317350144191]",2.23682162
771990200,950993457,V1,VISp,calibration,point,40,15,200,31.31501,32.269828,-10.3397814,4.33469008,6.52050708,7.5411859,214.154077,1.56546555,1.52701578,11,False,29.6602186,-10.3073209,4.35349363,7.64976641,6.47954487,77.8467821,1.18060243,215.87284,1.56557191,1.52755206,9,-0.000536271778,-0.000106352805,False,False,"[0.34956316559495654, 4.991604872380662, 3.202248705463309, 1.5831396465981113, -10.339781377106293, 4.334690077000928, 6.5205070752279015, 7.5411858995684]","[0.34907502459526785, 4.956862462066408, 3.208010153976381, 1.5762635508286722, -10.30732094627407, 4.353493627930355, 7.6497664064968465, 6.47954487033486, 1.358682659563585]",0.103574086
771990200,950993465,V1,VISp,calibration,aperture,34,8,500,11.140408,5.623985,-19.3332697,-6.91419954,2,2,17.4206887,0.114954016,0.145725354,17,True,20.6667303,-19.3329238,-6.91252082,2,2,-78.6588385,1,17.4206887,0.114953914,0.145723219,11,2.13413154e-06,1.02034543e-07,True,False,"[0.005547987730719202, 0.05399796065460738, 0.20629126333849973, 0.20055319512677747, -19.333269719531412, -6.914199541723572, 2.0000000000000004, 2.0000000000000004]","[0.005548119188494969, 0.05399199633386164, 0.20628084659415447, 0.2005538557804222, -19.332923807296204, -6.912520820988685, 2.0000000000000004, 2.0000000000000004, -1.3728557179440277]",1.43703853
771990200,950993465,V1,VISp,calibration,point,34,8,500,11.140408,5.623985,-18.2520801,-4.39745585,4.44435243,6.66346632,128.977521,0.112896592,0.141056085,19,False,21.7479199,-17.0674426,-6.38337833,3.57082072,2.0900127,-48.5017747,1.70851628,32.5029142,0.113389973,0.147419927,343,-0.00636384205,-0.000493381135,False,False,"[0.005757852079573878, 0.11168850873650839, 0.3137515321813918, 0.27242097295535045, -18.25208010210835, -4.397455849988202, 4.444352428451719, 6.663466321704257]","[0.006424731043081221, 0.5846277110855066, 2.2344272976150927, 2.076126237509082, -17.06744261224549, -6.3833783306317375, 3.5708207232242066, 2.090012699305871, -0.8465156613636369]",2.82394281
771990200,950993473,V1,VISp,evaluation,aperture,41.111,23.333,900,20.201708,20.848215,-9.29298226,20.0966056,11.0330851,7.59620082,365.004935,0.271861023,0.400998931,19,False,19.9033944,-7.90155243,19.8374839,13.6358188,5.56194021,-26.7119006,2.45162988,330.303265,0.269672563,0.408360891,20,-0.00736195987,0.00218845975,False,False,"[0.01893409038871799, 0.3857841510764979, 0.02476298495514381, 0.009815377135698725, -9.292982257750191, 20.09660561572372, 11.033085124210178, 7.596200821174371]","[0.018393743614514735, 0.39660658397789544, 0.0352288552365928, 0.007213593976849702, -7.901552429977871, 19.837483920105896, 13.63581880602466, 5.561940210792596, -0.46621061559751364]",3.19168452
771990200,950993473,V1,VISp,evaluation,point,41.111,23.333,900,20.201708,20.848215,-9.49323617,20.2275213,12.0144272,8.99876473,470.859455,0.272025906,0.400843601,20,False,19.7724787,-7.75620748,19.6567649,14.7382193,7.22692003,-26.0482986,2.03935,463.877806,0.269588703,0.408335058,21,-0.00749145675,0.00243720358,False,False,"[0.019157722420037132, 0.39850232677878833, 0.024682834205963188, 0.00834897660476608, -9.493236169063904, 20.227521319245625, 12.014427167149377, 8.998764730737754]","[0.018598593460466724, 0.41853656369334796, 0.037433640350929914, 0.005743679146811654, -7.756207480604484, 19.65676492054938, 14.73821934296059, 7.2269200341897735, -0.4546285756791395]",0.194613658
771990200,950993490,V1,VISp,calibration,aperture,44,8,500,25.185782,20.575828,-9.23462643,-1.73482923,13.0668919,9.25043765,526.429123,0.347414119,0.327264101,15,False,30.7653736,-10.9480212,-4.75784419,18.5712244,3.81912687,22.2845226,4.86268851,308.894341,0.345798646,0.333420445,24,-0.00615634368,0.00161547281,False,False,"[0.026764970335474567, 0.15716624405676388, 0.07163954246472136, 0.17309736055704386, -9.234626434234928, -1.7348292260401192, 13.066891877001538, 9.250437654793258]","[0.027881952000813583, 0.19979357916843088, 0.0735434358509304, 0.1578128671810892, -10.948021218967291, -4.757844188200767, 18.571224368932175, 3.8191268745840077, 0.3889382909405352]",3.61442713
771990200,950993490,V1,VISp,calibration,point,44,8,500,25.185782,20.575828,-9.30580394,-1.75056963,14.1011998,10.7844294,662.305814,0.3475094,0.327418317,14,False,30.6941961,-9.1642678,-6.46265977,19.284615,3.31503701,21.10962,5.81731513,278.422727,0.34414119,0.339964796,26,-0.0125464791,0.00336821055,False,False,"[0.026526093873908838, 0.1555966736234069, 0.07195288915682843, 0.17269291714436535, -9.305803937375524, -1.7505696286377384, 14.101199760032554, 10.78442942969232]","[0.030957243895117118, 0.3438528431518905, 0.15482192632718986, 0.2097381943491262, -9.16426779885178, -6.462659772880592, 19.28461495164183, 3.3150370106947564, 0.36843237327663125]",0.210774025
771990200,950993513,V1,VISp,evaluation,aperture,43.636,19.091,1100,20.859907,22.358244,-1.33060509,13.3701755,12.498914,5.30181715,288.604005,0.475560098,0.485136521,20,False,26.6298245,0.327716906,13.0972366,13.7470381,2.36348239,-26.3961364,5.81643347,141.503387,0.472171632,0.485917654,12,-0.000781132916,0.00338846638,False,False,"[0.043222418274169956, 0.5729378772403888, 0.18726392257246383, 0.08709468648222805, -1.3306050937745386, 13.370175525785461, 12.49891396077584, 5.301817150515151]","[0.04559973939051971, 0.6316346022313576, 0.15727645887148697, 0.03884712420112277, 0.32771690589514435, 13.097236632100204, 13.74703806980637, 2.3634823883469096, -0.4606994904394124]",2.75785373
771990200,950993513,V1,VISp,evaluation,point,43.636,19.091,1100,20.859907,22.358244,-1.30165795,13.4232237,13.6259158,7.75454307,460.179475,0.4756263,0.485365084,21,False,26.5767763,0.0828345036,13.3565348,15.364824,5.46213441,-24.1240058,2.81297069,365.506666,0.471643138,0.485188678,17,0.000176405956,0.00398316145,False,False,"[0.04249378853237308, 0.5762982253800248, 0.19006464239303994, 0.09033030999547222, -1.301657951591858, 13.423223692654476, 13.625915846422007, 7.754543071907035]","[0.04548957194264578, 0.7373785088360457, 0.17024577862585488, 0.048272576094509745, 0.08283450359662262, 13.35653478626832, 15.364823997858634, 5.462134407190065, -0.4210433299538421]",0.198357722
771990200,950993600,V1,VISp,calibration,aperture,45,15,600,26.630892,41.423479,2.04727852,2.26118776,19.9932641,3.97736126,346.325182,0.549256602,0.533994925,15,False,37.7388122,2.24145995,2.92022371,21.5088616,2,12.9625163,10.7544308,187.349591,0.548266656,0.534898567,11,-0.000903641689,0.000989946145,True,False,"[0.052630362139961175, 0.2944215153859199, 0.16619010919030067, 0.009231341393559592, 2.0472785188473943, 2.261187757335055, 19.99326406773745, 3.97736126086154]","[0.05346836461869116, 0.3125188594592128, 0.12408795079193927, 0.01824282524350576, 2.2414599481331168, 2.9202237146373466, 21.508861567419235, 2.0000000000373332, 0.22623858904261573]",2.67066884
771990200,950993600,V1,VISp,calibration,point,45,15,600,26.630892,41.423479,1.87284218,2.56275497,20.3003886,6.65104625,588.030225,0.549321545,0.533120544,19,False,37.437245,-1.59501808,1.62616443,24.9181129,3.94788591,15.4220965,6.31176114,428.435127,0.544548619,0.536890468,17,-0.00376992365,0.00477292589,False,False,"[0.05251730126636243, 0.3133695057617648, 0.17613681445736515, 0.011153966744728974, 1.8728421820154788, 2.562754973539442, 20.30038862841829, 6.651046249018629]","[0.054050778117692336, 0.4148972323982973, 0.20630423968889133, 0.0340262630358405, -1.5950180810977863, 1.6261644312795096, 24.918112866078246, 3.9478859096998176, 0.2691663610218733]",0.252744818
771990200,951003198,HVA,VISal,evaluation,aperture,10,-30,100,3640.5481,7114.8562,-32.9919868,-57.6850237,3.24726913,7.80436706,110.372607,2.13042385,2.14901876,22,False,-17.6850237,-17.7686119,-59.9999998,15.4517176,2,-45.8446225,7.72585877,134.589781,2.12860234,2.15113988,29,-0.00212112237,0.00182151044,True,False,"[2.9973249668125854, 14.22599762162033, 10.786616720595946, 23.102955271172547, -32.991986768908205, -57.68502369494186, 3.247269126483494, 7.804367057371538]","[2.991986641460385, 7.94202767513729, 6.134407875395609, 12.528746298153248, -17.768611866238732, -59.999999771974075, 15.451717583195665, 2.000000004473623, -0.8001396068614234]",4.05617035
771990200,951003198,HVA,VISal,evaluation,point,10,-30,100,3640.5481,7114.8562,-33.5038212,-39.3213532,5.47229434,4.12470708,98.3032533,2.13034364,2.14947558,20,False,0.678646814,-30.9713692,-41.5019622,17.0881661,3.12602587,-30.965712,5.46641865,232.644802,2.12846194,2.15092973,16,-0.00145414419,0.0018816963,False,False,"[2.9970509126876315, 3.0700316772805594, 2.306158191726074, 4.976622980983368, -33.503821244446435, -39.32135318629024, 5.472294336561937, 4.124707084913369]","[2.9930328195912383, 2.972746829973055, 2.328882836622659, 4.660440752523399, -30.971369205739176, -41.50196222848536, 17.08816611723431, 3.1260258687336977, -0.5404536298834066]",0.181034273
771990200,951003274,HVA,VISal,evaluation,aperture,10,-10,100,80.40429,973.33724,-39.176885,-18.8523755,2,2,17.4206887,2.77354203,2.83391557,14,True,0.823115034,-39.1764249,-18.8520295,2,2,82.9452571,1,17.4206887,2.77354163,2.83390919,8,6.37684745e-06,4.0100051e-07,True,False,"[1.6829203250214053, 5.295793298946581, 3.8892753851715294, 5.427339063845707, -39.17688496553093, -18.852375532229026, 2.0000000000159055, 2.0000000000039093]","[1.6829195556645373, 5.295970226405593, 3.8890542888629622, 5.426617426789493, -39.17642486633122, -18.85202950360017, 2.000000000036023, 2.0000000000035216, 1.4476678360747695]",1.21755352
771990200,951003274,HVA,VISal,evaluation,point,10,-10,100,80.40429,973.33724,-35.6454868,-18.1462625,2.81704365,5.94490073,72.9362638,2.78333942,2.84825487,40,False,4.35451324,-35.7702137,-17.8369015,4.43319504,2.55809942,-72.0456153,1.73300341,49.3900638,2.7792658,2.83895536,21,0.00929951083,0.00407361328,False,False,"[1.6829501869587082, 19.58703518094859, 14.205212076537888, 23.90424605030935, -35.64548675533808, -18.146262457915796, 2.8170436497929843, 5.9449007303441945]","[1.695211388126101, 26.69381965539242, 22.480078973089707, 32.17714179993167, -35.77021374782042, -17.836901515141765, 4.433195036081182, 2.558099423935207, -1.2574331986695872]",0.326733368
771990200,951003319,HVA,VISal,evaluation,aperture,80,5,600,23.411877,2599.0881,-31.373175,10.2058307,5.55341345,2,48.3721436,1.10538943,0.888968635,33,True,8.62682497,-29.9940049,10.2273543,6.75775848,2.00000281,-16.4039415,3.37887449,58.8624862,1.10328215,0.890381669,25,-0.00141303423,0.00210727718,True,False,"[0.12528528507579612, 0.36631965775222347, 0.4439560069784634, 0.1104638488853527, -31.373175031456196, 10.205830697434733, 5.55341345337333, 2.0000000000008176]","[0.1242208085149965, 0.37984048567333206, 0.4070482066692036, 0.11725010346767997, -29.99400486256575, 10.227354282214113, 6.757758482834501, 2.000002811388218, -0.28630278936461373]",20.2911464
771990200,951003319,HVA,VISal,evaluation,point,80,5,600,23.411877,2599.0881,-30.4167482,13.1181633,4.17308043,2.43360089,44.2294399,1.100453,0.890757098,22,False,9.58325176,-32.0419572,9.87458099,9.5321397,2.00000905,-34.9706632,4.76604829,83.0285949,1.09318987,0.896771431,86,-0.00601433237,0.00726313443,True,False,"[0.12985340210910112, 0.9121222591197871, 2.379453007602771, 0.40583970199100483, -30.416748238410122, 13.118163260078697, 4.1730804287307475, 2.4336008892224883]","[0.12807780900230226, 0.5991020689191469, 1.2297650744526982, 0.16680007050959617, -32.04195724977821, 9.874580990829262, 9.532139699882215, 2.0000090477252512, -0.6103532140984709]",0.791464946
771990200,951003351,HVA,VISal,calibration,aperture,90,15,200,37.970358,328.84303,41.0635157,4.99666775,2.00000305,13.6524054,118.917334,0.438580634,0.43189269,24,True,-1.06351567,42.450144,1.67248669,15.003747,2,-73.7454613,7.50187348,130.687803,0.437034258,0.434302209,21,-0.00240951934,0.0015463761,True,False,"[0.04066724108560151, 0.17707462832571144, 0.16083517246972248, 0.21299291055484224, 41.06351567339479, 4.996667745185077, 2.0000030459230627, 13.652405427815497]","[0.040288068494346456, 0.1915401626704829, 0.1749879250922265, 0.20967577714718882, 42.45014396352628, 1.6724866872874389, 15.003746958723633, 2.0000000004262315, -1.28710110818258]",2.9641274
771990200,951003351,HVA,VISal,calibration,point,90,15,200,37.970358,328.84303,37.8843736,4.92191678,3.78900703,14.8303266,244.726758,0.438632065,0.431885939,37,False,2.11562645,37.0588494,7.50808754,14.8519095,3.43295222,-85.8927545,4.32627911,222.052355,0.43778661,0.433158221,50,-0.00127228224,0.00084545447,False,False,"[0.04065626946162412, 0.20642057104456044, 0.18727429163580814, 0.24687167898653364, 37.88437355127854, 4.921916783368605, 3.7890070290129785, 14.830326619397917]","[0.04024860332338193, 0.26072177189617884, 0.23843417635833652, 0.29115810324180935, 37.05884941276724, 7.5080875420230875, 14.851909486870683, 3.4329522240267263, -1.4991113697617755]",0.352938078
771990200,951003428,HVA,VISal,evaluation,aperture,85.714,37.143,700,192.54788,230.08678,52.2082001,26.0843532,25.957855,17.2227897,1947.05236,2.40723056,2.44070939,9,False,-12.2082001,59.4611733,17.9009493,32.5224124,16.3595417,-21.8807554,1.98797822,2317.17703,2.40241779,2.43276014,13,0.00794924364,0.0048127737,False,False,"[1.1615066205399185, 2.2091029519443928, 4.426000293287986, 4.25164258604313, 52.208200100790165, 26.084353154768568, 25.957855046737002, 17.222789679693673]","[1.1565057779985253, 2.414193729874672, 4.789600598596064, 4.570800176603502, 59.46117327575403, 17.900949324794095, 32.52241242969743, 16.359541654556306, -0.3818912241969201]",1.85855924
771990200,951003428,HVA,VISal,evaluation,point,85.714,37.143,700,192.54788,230.08678,52.215133,26.0856061,26.4463824,17.952069,2067.69325,2.4072491,2.44071499,9,False,-12.215133,59.46043,17.8956538,32.9107391,17.1207303,-21.8918704,1.92227426,2453.94741,2.40244204,2.43277366,11,0.00794133001,0.00480705478,False,False,"[1.1613571412967634, 2.210318039540392, 4.428049570114964, 4.2537093886678985, 52.215132997959785, 26.08560612569917, 26.44638237648803, 17.952068979126228]","[1.1563660575557568, 2.415450635761695, 4.791902068644979, 4.573146856286125, 59.46042998794212, 17.895653827081738, 32.91073913540843, 17.12073026730763, -0.38208521850000876]",0.129253541
771990200,951003445,HVA,VISal,calibration,aperture,77.391,-0.87,2300,1544.926,205.59123,27.545527,-25.7432228,23.8803672,8.58563593,892.932846,2.50553943,2.38602752,27,False,12.454473,57.305443,7.94084427,50,27.1928983,61.4915993,1.83871537,5921.48771,2.45673131,2.35985752,23,0.0261699998,0.0488081221,False,True,"[1.1372257212525536, 1.1512356106341444, 1.1385117863192922, 1.3595305926252206, 27.54552700839049, -25.743222816048906, 23.8803672088166, 8.585635927740821]","[0.9428301291046409, 1.1292630319981618, 1.5363346577261658, 1.582822967128056, 57.30544301866509, 7.940844267285421, 49.99999999997375, 27.192898314022155, 1.0732308693446573]",3.02415218
771990200,951003445,HVA,VISal,calibration,point,77.391,-0.87,2300,1544.926,205.59123,27.710517,-25.7356767,24.4975562,10.0813281,1075.58773,2.50561704,2.38611648,31,False,12.289483,57.2097843,7.76996092,50,27.6312261,61.5347723,1.80954691,6016.93737,2.4568801,2.36003776,22,0.0260787123,0.0487369441,False,True,"[1.1366698288764263, 1.152982214058417, 1.1420593788597229, 1.3614909157907356, 27.710516975944785, -25.735676675506518, 24.49755617084982, 10.081328088868739]","[0.9434931377021957, 1.1287654852276185, 1.5361686469420126, 1.5827592345083619, 57.209784284251334, 7.7699609215582965, 49.999999999883045, 27.631226149634333, 1.07398438061582]",0.228128017
771990200,951003544,HVA,VISal,evaluation,aperture,86,2,500,152.99438,1732.7649,35.9161564,-4.51572303,8.56207256,14.4278645,538.004969,1.27618913,1.14333203,19,False,4.0838436,35.4175996,-7.6093529,13.7245078,2,-58.7853845,6.86225389,119.545189,1.27441856,1.14512126,31,-0.00178923486,0.00177056685,True,False,"[1.1418402437707091, 0.39616232115970645, 0.7039635396090552, 0.6347325073641916, 35.916156403758706, -4.515723028574587, 8.562072556740846, 14.427864455994433]","[1.1538172544832395, 0.6243511055268886, 0.7618581103783078, 0.7118060566614612, 35.41759964053607, -7.609352900637749, 13.724507800915339, 2.0000000017806183, -1.0259985123694197]",4.10969356
771990200,951003544,HVA,VISal,evaluation,point,86,2,500,152.99438,1732.7649,35.9465517,-4.53984137,10.0380783,15.2930655,668.5755,1.27619572,1.14332923,17,False,4.05344829,36.015039,-6.54638092,14.6471519,7.70165027,-62.636334,1.90181992,491.29496,1.27556541,1.14485352,22,-0.00152428978,0.000630309136,False,False,"[1.1417550913848389, 0.3992621449904018, 0.7059674758192234, 0.6383868552494439, 35.94655170888099, -4.539841374092769, 10.038078315694628, 15.293065513466198]","[1.1488777733444702, 0.5376150716323764, 0.7814750450528345, 0.7272348768643804, 36.015039042921664, -6.546380920751163, 14.647151908073994, 7.701650274967488, -1.0932102588451764]",0.193572076
771990200,951003604,HVA,VISal,calibration,aperture,84.286,14.286,700,44.969919,1192.5419,33.8767221,2.39396737,50,11.8288464,2575.83314,2.41456301,2.43519204,14,True,6.12327793,33.3443472,2.0768539,50,11.7716956,-0.826004744,4.24747648,2563.38805,2.41426672,2.43771205,24,-0.00252001817,0.000296282364,False,True,"[4.43559695846662, 4.0369928711394545, 3.5782052481268267, 3.1543638672608814, 33.87672206969088, 2.393967369806098, 49.999999999545075, 11.828846422029095]","[4.436826662290992, 4.028388392854486, 3.568169046218304, 3.1438197092670093, 33.34434717608093, 2.076853904999577, 49.99999999999998, 11.771695564164947, -0.014416502411484178]",2.79963998
771990200,951003604,HVA,VISal,calibration,point,84.286,14.286,700,44.969919,1192.5419,33.6394295,2.40492069,50,12.8849925,2805.81804,2.41472506,2.4352419,15,True,6.36057052,33.1163159,2.09146119,50,12.8331034,-0.826042506,3.89617369,2794.51876,2.41442828,2.43775146,22,-0.00250956124,0.00029677648,False,True,"[4.434804865447251, 4.040529770292849, 3.5815736826156055, 3.1576020658750217, 33.63942947525542, 2.404920688255465, 49.9999999999986, 12.884992503358859]","[4.436006426176979, 4.032326404695654, 3.5718642696503973, 3.147488093316406, 33.116315922391664, 2.0914611938600385, 49.99999999999974, 12.833103445872263, -0.014417161489315822]",0.212953408
771990200,951003620,HVA,VISal,evaluation,aperture,85,15,400,89.492959,-6.1322878,38.654478,4.36137475,9.27697488,6.97482725,281.80271,0.663378005,0.681229723,10,False,1.34552199,38.5220781,4.72779525,9.29469502,6.81348049,14.7995393,1.36416256,275.809671,0.663104185,0.680897317,10,0.000332406823,0.000273819538,False,False,"[0.05447212641068486, 2.154963463861804, 1.9235566153087666, 1.8179777194558633, 38.65447801274011, 4.361374751338478, 9.27697488107083, 6.9748272462498795]","[0.05457911496512763, 2.1520149023235877, 1.9449988429346197, 1.8153418233311633, 38.522078119893656, 4.727795252003931, 9.294695024349632, 6.813480494988683, 0.2583006878301086]",1.61928223
771990200,951003620,HVA,VISal,evaluation,point,85,15,400,89.492959,-6.1322878,38.6266689,4.36331131,10.6530737,8.74441313,405.70553,0.66331499,0.681210297,9,False,1.37333112,38.6637006,4.64761069,10.7672055,8.70065103,11.1947864,1.23751723,407.999925,0.663049296,0.680372539,10,0.000837757925,0.000265693527,False,False,"[0.053733396164647, 2.186346650947842, 1.95384013397072, 1.8418277589287944, 38.626668876375426, 4.36331130919714, 10.653073668906428, 8.744413127649482]","[0.05353305995988436, 2.1775290549136184, 1.9666980385237458, 1.8341255304150117, 38.66370061467232, 4.647610690622088, 10.767205537249176, 8.700651028035391, 0.1953858815529097]",0.104659919
771990200,951003652,HVA,VISal,evaluation,aperture,40.87,-4.783,2300,84.367373,90.360997,-7.67703607,-12.6515367,31.5533346,25.7417138,3537.43159,1.24422063,1.22506174,17,False,27.3484633,-9.22301211,-14.0109898,33.1981316,21.8523041,30.4250827,1.51920509,3159.48435,1.24332931,1.22096643,9,0.00409531244,0.000891314636,False,False,"[2.354511479473113, 0.8751093782432863, 0.6914132651420067, 0.752477109128719, -7.677036066802768, -12.651536730848488, 31.55333458153374, 25.74171384621802]","[2.3875229271919984, 0.884846204773246, 0.6806472283002155, 0.7342817600038821, -9.223012111182912, -14.010989763184325, 33.198131613714466, 21.852304140606655, 0.5310178685649762]",1.50345069
771990200,951003652,HVA,VISal,evaluation,point,40.87,-4.783,2300,84.367373,90.360997,-15.6396573,1.39315167,2.62981612,4.89729269,56.0901722,1.2545194,1.24855214,36,False,24.3603427,-10.8807688,-4.84324984,15.6852064,2.00038111,-45.2981804,7.84110908,136.649584,1.25131704,1.24906622,42,-0.000514080968,0.00320235698,False,False,"[2.7016484293748135, 1.2246928960431858e-33, 6.8803315643186105, 2.8277972303692005, -15.639657286531861, 1.3931516746501975, 2.629816122614766, 4.897292689680291]","[2.682925637272548, 1.0170122188724666e-35, 4.645960184036614, 2.5607272759085067, -10.880768760795458, -4.843249836773703, 15.685206447024433, 2.0003811053827554, -0.7906023938078821]",0.380006281
771990200,951003683,HVA,VISal,evaluation,aperture,70,20,100,0.43262744,8.3547143,21.001869,8.98746655,3.4340602,3.19866862,47.839043,0.171367689,0.198422771,13,False,18.998131,20.872296,8.5557018,4.50462243,2.07914815,53.9710429,2.16657117,40.7895731,0.169955684,0.206585496,19,-0.00816272504,0.00141200547,False,False,"[0.002785852607442543, 0.03266647317635078, 0.2978330198361549, 1.0866452696827074, 21.001869012136346, 8.987466549995446, 3.434060202174227, 3.198668619563504]","[0.002835244747755502, 0.031043421770140224, 0.2718132399885173, 1.080697118347594, 20.87229595374954, 8.555701798701056, 4.5046224348500505, 2.079148146634579, 0.9419723998930687]",3.12290521
771990200,951003683,HVA,VISal,evaluation,point,70,20,100,0.43262744,8.3547143,21.2489333,8.45706975,7.37513027,6.82795642,219.313702,0.174882893,0.19741708,10,False,18.7510667,21.1087715,8.1745973,7.91788114,6.27704253,31.4873082,1.26140314,216.455875,0.17447419,0.200573008,10,-0.00315592823,0.000408703099,False,False,"[0.0011132480680264567, 0.03968404382400735, 0.3354147666768774, 1.1377124872762077, 21.24893334500566, 8.457069747399025, 7.375130266423575, 6.8279564230544505]","[0.001199303187196402, 0.03935878906618516, 0.3286178145718576, 1.161754649895285, 21.108771497259422, 8.174597303493938, 7.917881135509838, 6.27704252713809, 0.5495572003702822]",0.120441453
771990200,951003697,HVA,VISal,evaluation,aperture,90,20,300,70.941271,844.33237,38.3542984,10.8753439,2,11.5980473,101.022986,1.63719879,1.47691115,12,True,1.64570156,38.3281798,12.0035925,12.1154118,2,83.4511935,6.05770588,105.529408,1.63671962,1.47639438,13,0.000516770267,0.000479161593,True,False,"[0.5765432791909347, 1.2589326077048104, 0.6642037831951164, 1.3519186763783233, 38.354298440972464, 10.875343941690877, 2.000000001857722, 11.598047296867172]","[0.5760190642909507, 1.2480083622649285, 0.6517643962781129, 1.327292119463212, 38.32817984621488, 12.003592524969655, 12.115411756774453, 2.0000000002676783, 1.4564980920684154]",2.16128388
771990200,951003697,HVA,VISal,evaluation,point,90,20,300,70.941271,844.33237,35.7522103,10.8518915,3.30793891,12.8004007,184.410809,1.63735958,1.47679203,40,False,4.24778968,35.5885241,10.3030468,12.9414865,2.93756798,88.8237044,4.40551045,165.568387,1.63698888,1.47634091,8,0.000451123726,0.000370701867,False,False,"[0.5763270290032737, 2.845846434853663, 1.5142577144880816, 3.0691848705497535, 35.75221031557285, 10.851891527711759, 3.3079389080015686, 12.800400666023457]","[0.5757762008094063, 3.829841959484859, 2.035144485990539, 4.106241199561812, 35.58852413813132, 10.303046821452151, 12.941486458649448, 2.9375679830496537, 1.5502660956038206]",0.306775535
771990200,951003715,HVA,VISal,evaluation,aperture,86,18,500,21.563692,167.29858,32.319219,3.50172315,12.6865335,12.8071635,707.621883,0.562843008,0.690970453,8,False,7.68078105,32.8486037,4.69977686,18.2868636,8.85323764,45.7306018,2.06555662,705.093445,0.558837839,0.684693169,20,0.00627728451,0.00400516897,False,False,"[0.050372989744975935, 0.37019752306957476, 0.26717295733514873, 0.23042194007377223, 32.3192189514744, 3.5017231528357295, 12.686533484196344, 12.807163543616493]","[0.04931208613786547, 0.3879174650826439, 0.2637479152912137, 0.25727366106492544, 32.84860366534823, 4.699776864544016, 18.28686361943981, 8.853237642375047, 0.7981495706086195]",1.55338088
771990200,951003715,HVA,VISal,evaluation,point,86,18,500,21.563692,167.29858,32.3175865,3.5049555,13.6737324,13.79333,821.412923,0.562847056,0.690884584,10,False,7.68241353,32.8207484,4.67279564,18.9715112,10.1877173,45.9147157,1.8621945,841.751975,0.558865057,0.684563277,20,0.00632130662,0.00398199879,False,False,"[0.05032732205158908, 0.3710970834490745, 0.267883848151868, 0.2309721053037818, 32.3175864711672, 3.5049555012610636, 13.673732360521045, 13.793330003944918]","[0.04933583854489099, 0.3911650062241938, 0.26503113461185684, 0.25909105040735386, 32.82074840250461, 4.672795642690065, 18.971511244312097, 10.18771734151229, 0.8013629648182055]",0.109713303
771990200,951003732,HVA,VISal,calibration,aperture,82.857,10,700,34.526081,485.66827,30.8570759,-0.718244109,11.2263799,9.24811919,452.166602,1.53963788,1.44287445,9,False,9.14292411,30.9091079,-0.838799628,11.167063,8.95842735,-23.2372114,1.24654279,435.688475,1.53915123,1.44427952,15,-0.00140507171,0.000486652294,False,False,"[0.5723379719875775, 1.411703570886466, 1.730489122390328, 1.7665982821585213, 30.857075891333228, -0.718244109476578, 11.226379862249829, 9.248119190110069]","[0.5735578574310626, 1.4181707772976784, 1.7471816269509022, 1.807143136391214, 30.909107850073408, -0.8387996281267471, 11.167062998996737, 8.958427347140123, -0.4055658471588264]",2.22912037
771990200,951003732,HVA,VISal,calibration,point,82.857,10,700,34.526081,485.66827,30.8852063,-0.696025227,12.3827814,10.5865793,570.92517,1.53975467,1.44269259,9,False,9.11479367,30.9445714,-0.816504146,12.328121,10.327563,-23.337444,1.19371056,554.498113,1.53924296,1.44414882,11,-0.00145622882,0.000511710307,False,False,"[0.5719740792561893, 1.4209851986843338, 1.7422093994510788, 1.7748361949437899, 30.885206331424413, -0.6960252273355727, 12.38278141175321, 10.58657926654028]","[0.5732390674478719, 1.4290143117896839, 1.761163122148607, 1.818534414606836, 30.944571410296845, -0.8165041464858745, 12.328121044375285, 10.327563016078285, -0.4073152369747701]",0.135772083
771990200,951003745,HVA,VISal,calibration,aperture,80,20,700,59.285629,130.86624,-16.2422383,1.29345286,7.53009154,2,65.5896904,1.37040499,1.54060692,17,True,23.7577617,-16.9391723,1.45703026,9.01477655,2,12.3980414,4.50738827,78.5218081,1.3694225,1.53840998,18,0.00219693982,0.000982494834,True,False,"[0.26033353581046764, 0.45690413955808057, 0.4735662802416405, 0.4563316003499639, -16.242238255579803, 1.2934528554196663, 7.530091544010803, 2.0000000000000004]","[0.25829498258197714, 0.44635617662864313, 0.44226411730461673, 0.4480441563414173, -16.939172307159176, 1.4570302563622166, 9.014776548464189, 2.000000000616052, 0.21638664392173723]",3.49268788
771990200,951003745,HVA,VISal,calibration,point,80,20,700,59.285629,130.86624,-18.3556105,3.36124118,10.4279978,2.56699386,116.581889,1.36788712,1.54761529,30,False,21.6443895,-0.15030129,4.59262481,16.7192118,2.00050303,7.39145361,8.3575039,145.66672,1.36103203,1.54926399,42,-0.001648702,0.00685509613,False,False,"[0.2632608206307252, 1.12251359422882, 1.638795044114645, 1.0219151045142825, -18.35561045778437, 3.3612411810830407, 10.427997774734965, 2.5669938566163877]","[0.25315146342924316, 1.6474897077244435, 2.233969090474787, 1.4885606851614346, -0.1503012903934774, 4.592624811567887, 16.71921184102644, 2.000503025227344, 0.12900520206645316]",0.293140306
771990200,951003761,HVA,VISal,evaluation,aperture,83.333,16.667,600,16.034229,16.784703,35.0037666,4.98216357,14.5466055,13.31696,843.668988,0.945312566,0.910350383,7,False,4.99623344,35.2814633,7.11817748,17.0406475,11.1246792,41.4263678,1.53178777,825.617553,0.919283311,0.881810182,10,0.0285402009,0.0260292547,False,False,"[0.07298223372976119, 4.675141276388211, 4.435396144306188, 3.2792931790044175, 35.00376655552261, 4.982163565613997, 14.546605544151868, 13.316959952529889]","[0.07193706640890703, 4.809557612495409, 4.571592456274489, 3.39605895314837, 35.28146325789922, 7.118177477578519, 17.04064750247344, 11.124679186830095, 0.723026514842132]",1.45522144
771990200,951003761,HVA,VISal,evaluation,point,83.333,16.667,600,16.034229,16.784703,34.9995564,4.9804726,15.4160371,14.2649473,957.741368,0.945484225,0.910707505,7,False,5.0004436,35.276048,7.1109062,17.7879605,12.2601167,41.4628684,1.45088019,949.786713,0.919601617,0.882188851,11,0.0285186545,0.0258826077,False,False,"[0.0723614198306586, 4.68071936296344, 4.441385991754177, 3.2841282292179, 34.99955640173301, 4.980472595256513, 15.416037091651825, 14.264947260830159]","[0.07105777729040405, 4.815466366811042, 4.578050399055691, 3.4012981905814135, 35.27604804972117, 7.110906203050343, 17.78796049270521, 12.26011670535962, 0.7236635715273718]",0.100695269
771990200,951003776,HVA,VISal,evaluation,aperture,86.667,6.667,300,17.617339,150.40062,41.6625824,-1.07354667,13.8553451,10.1013171,609.537854,1.39147016,1.42356551,8,False,-1.6625824,42.0525145,-1.97309114,14.386986,9.92553684,-13.2760712,1.44949198,621.912315,1.38995627,1.42461566,6,-0.00105014667,0.00151389259,False,False,"[0.3977085886823087, 4.9043520990609055, 4.313973966820381, 4.55402588300593, 41.66258239996437, -1.073546666579629, 13.855345080764915, 10.101317118052732]","[0.39642717186284837, 4.943138153640586, 4.3228984007022255, 4.5846654330396515, 42.05251449412804, -1.973091142235093, 14.386986017978499, 9.925536839854123, -0.23171115382963547]",1.40405681
771990200,951003776,HVA,VISal,evaluation,point,86.667,6.667,300,17.617339,150.40062,41.6289159,-1.08449863,14.7474342,11.3266371,727.482888,1.3912856,1.42302566,8,False,-1.62891588,42.0319655,-1.97482359,15.2527557,11.1772134,-13.2181244,1.36462956,742.484148,1.38979126,1.42390108,8,-0.000875427369,0.00149433988,False,False,"[0.3969850584979728, 4.924337990659647, 4.333878753714555, 4.574559668997043, 41.62891587581469, -1.0844986264207521, 14.747434167883911, 11.326637119651865]","[0.3956216038732647, 4.963129462088392, 4.342599534486768, 4.604588877895875, 42.03196552149139, -1.9748235887793089, 15.252755725028871, 11.177213372832039, -0.23069979136122787]",0.0987914219
771990200,951003808,HVA,VISal,calibration,aperture,85.714,12.857,700,37.697344,488.03467,29.7707324,-2.15563514,9.44586042,12.4259085,511.181355,2.20830601,2.31734844,11,False,10.2292676,30.1723365,-0.981860272,14.3925899,7.94428333,64.7428062,1.81169142,497.965215,2.20402149,2.31241042,11,0.00493802723,0.00428451185,False,False,"[0.575809551264345, 2.1735139105511734, 1.0703310915335005, 0.6503109171340233, 29.770732353893216, -2.1556351442716104, 9.445860419631835, 12.425908519799743]","[0.573544248429219, 2.2190598305589924, 1.052416470924406, 0.7171363475267652, 30.17233649176327, -0.9818602718694054, 14.392589942713107, 7.944283326689612, 1.1299751350556826]",1.79579194
771990200,951003808,HVA,VISal,calibration,point,85.714,12.857,700,37.697344,488.03467,29.7675314,-2.16067721,10.8365149,13.4631895,635.393726,2.2082916,2.31702995,12,False,10.2324686,30.2203151,-0.994712556,15.3013052,9.56430274,64.2177667,1.59983489,637.363402,2.20407134,2.31182565,10,0.00520429833,0.00422026021,False,False,"[0.5751638722552107, 2.1776246077650048, 1.0719316862443509, 0.6525239260562347, 29.76753137468027, -2.1606772071468674, 10.836514935671095, 13.463189500571367]","[0.5729033353985442, 2.2275080380062393, 1.0574917920311273, 0.7206217786088684, 30.220315120488177, -0.9947125556136184, 15.30130522164264, 9.564302743172924, 1.1208114674839544]",0.120768848
771990200,951003839,HVA,VISal,calibration,aperture,28.125,3.75,1600,37.77777,50.60871,-21.640409,-8.5994212,30.3768781,22.0834192,2921.55984,1.07293734,1.10377015,13,False,18.359591,-24.1951775,-4.21523261,47.8138542,21.2773751,-31.0276921,2.24716883,4430.74884,1.02125503,1.07088492,13,0.0328852285,0.051682305,False,False,"[0.9916247573919662, 2.403814370340897, 2.5465334212096957, 2.3212853457410887, -21.640409008213688, -8.599421203849344, 30.37687810699555, 22.08341924374234]","[0.7893765877696517, 2.478855941354771, 2.5964980140295024, 2.5147251097860663, -24.19517748986891, -4.21523261011769, 47.81385417316075, 21.277375143195005, -0.5415353871836652]",1.75351696
771990200,951003839,HVA,VISal,calibration,point,28.125,3.75,1600,37.77777,50.60871,-21.6414984,-8.59910537,30.7930459,22.6511761,3037.72696,1.07293379,1.10376648,13,False,18.3585016,-24.1996188,-4.21382729,48.0860939,21.8699913,-31.025852,2.19872488,4580.08396,1.02125853,1.07088871,11,0.0328777651,0.051675262,False,False,"[0.9915259866622039, 2.4042470089542127, 2.546963562743777, 2.321719292800944, -21.641498366312852, -8.599105372787108, 30.793045906848775, 22.651176143292844]","[0.7890612521237346, 2.4792861350313147, 2.5969314313849763, 2.515244271143767, -24.199618796345966, -4.213827291062359, 48.08609390792831, 21.869991267555157, -0.541503270831829]",0.140899224
771990200,951003914,HVA,VISal,evaluation,aperture,81.429,42.857,700,132.19805,106.17016,-16.7523875,-2.2167414,6.13123082,15.1617801,404.858432,1.42160971,1.37377281,12,False,23.2476125,-16.6683178,-2.17739575,15.0757116,5.57790916,85.249241,2.70275315,366.230564,1.42159973,1.37431722,44,-0.000544414589,9.97894132e-06,False,False,"[1.1558306204456248, 0.9482202987212734, 1.2109241946047065, 0.3723456939686273, -16.752387513719817, -2.216741398730218, 6.1312308208969135, 15.161780105164416]","[1.1589472977797883, 0.997903749493119, 1.2129187255681486, 0.3534980797932861, -16.66831777324762, -2.177395750128129, 15.075711553806798, 5.577909163657341, 1.487879940078578]",5.88523608
771990200,951003914,HVA,VISal,evaluation,point,81.429,42.857,700,132.19805,106.17016,-16.6602031,-2.28112393,8.06701183,15.9964916,562.008348,1.4216845,1.37385809,10,False,23.3397969,-16.1523909,-2.03851718,15.5934172,5.31896243,75.6656522,2.93166523,361.221467,1.42069261,1.38163689,30,-0.00777880746,0.000991890875,False,False,"[1.1553016243394436, 0.9667954532342351, 1.231676228356298, 0.38293418889875785, -16.660203097040558, -2.281123926681945, 8.06701183186649, 15.996491640079435]","[1.1737499079451297, 1.3776324791302135, 1.456786206105252, 0.319558222930676, -16.15239089972422, -2.038517182367623, 15.593417224262595, 5.318962434421424, 1.3206147610381742]",0.242383322
771990200,951003932,HVA,VISal,calibration,aperture,85,35,800,38.719071,299.944,58.8462505,23.139449,23.115232,19.0503613,1917.8154,1.1262631,1.20104346,9,False,-18.8462505,58.9174788,24.2342811,23.1691876,18.9913024,8.11827882,1.2199894,1916.33259,1.12627421,1.20053808,11,0.00050538273,-1.11037129e-05,False,False,"[0.5321278714032668, 4.396363351653804, 3.579350389083313, 2.5692185226993405, 58.84625049585882, 23.139448973387445, 23.115232036839043, 19.050361262431505]","[0.5315628480782046, 4.423667678520144, 3.5952788054376383, 2.577200372737155, 58.91747878387443, 24.234281144477915, 23.169187608260273, 18.99130241725134, 0.14169069493636122]",1.5027668
771990200,951003932,HVA,VISal,calibration,point,85,35,800,38.719071,299.944,58.7770176,23.1455629,23.6311684,19.7157227,2029.09894,1.12627997,1.20108282,9,False,-18.7770176,58.8625842,24.2486984,23.6904982,19.6566978,8.24554808,1.20521251,2028.10336,1.12629131,1.2005728,11,0.000510022329,-1.13379031e-05,False,False,"[0.5320441377000479, 4.39005735454468, 3.5745588677258593, 2.5657302984486017, 58.77701762588386, 23.145562892333395, 23.631168395432073, 19.715722655958302]","[0.5314740564050394, 4.419173093741592, 3.591907547101682, 2.574699811441614, 58.86258420524735, 24.248698428595446, 23.690498177799316, 19.656697790601445, 0.1439119626394496]",0.100521109
771990200,951003956,HVA,VISal,calibration,aperture,86.667,-13.333,300,52.829523,92.697921,38.3413775,-23.0570273,13.8550275,7.60287561,458.765349,1.25370988,1.34035332,18,False,1.65862253,38.919445,-25.6618961,25.1309583,8.37560502,-42.7903603,3.00049468,916.707042,1.22676463,1.3314733,20,0.00888002669,0.0269452494,False,False,"[0.2917967862403007, 1.2520037013826864, 1.8619958339917733, 1.9380487222072944, 38.341377466852585, -23.057027342962023, 13.855027536473084, 7.60287561177302]","[0.2516935299183606, 1.2642060525191199, 1.3292074623102608, 1.5065599132689589, 38.919444997454335, -25.661896088894288, 25.1309583179996, 8.375605018764778, -0.7468326745480264]",3.36236354
771990200,951003956,HVA,VISal,calibration,point,86.667,-13.333,300,52.829523,92.697921,38.2723984,-23.0586604,14.7414743,9.2224145,592.09431,1.25337384,1.34051882,16,False,1.72760164,38.987583,-25.73123,25.7145584,9.80012519,-42.8259852,2.62390101,1097.52905,1.22667838,1.33126321,19,0.00925561831,0.0266954582,False,False,"[0.2913253036067252, 1.265184857631445, 1.878281578306139, 1.9554385346253131, 38.272398358262045, -23.058660409572774, 14.741474330195928, 9.222414502228535]","[0.25152599881501453, 1.2744688970543407, 1.3401763038919983, 1.5195751896793814, 38.98758302378343, -25.731230015328098, 25.714558399802865, 9.800125185928302, -0.7474544476016596]",0.220168515
771990200,951003965,HVA,VISal,evaluation,aperture,62.143,18.571,1400,17.744902,33.881515,9.00244763,7.66832808,27.2890643,12.2957786,1461.33574,2.99189969,3.04054733,8,False,30.9975524,9.02059919,7.60929094,27.2439407,12.2532808,-3.04405278,2.22339969,1453.87691,2.98745593,3.06272193,5,-0.022174603,0.00444375518,False,False,"[0.8067650198472193, 9.565992862941666, 9.121558013725178, 8.982379711443855, 9.002447629720514, 7.668328079691363, 27.289064255771564, 12.295778567113977]","[0.8092122374142904, 9.601896622158275, 9.133012604433633, 9.020256318141291, 9.020599187996522, 7.609290937847576, 27.243940701366334, 12.253280761930384, -0.053128743636321696]",1.43965606
771990200,951003965,HVA,VISal,evaluation,point,62.143,18.571,1400,17.744902,33.881515,9.00261775,7.66656198,27.7694079,13.3148826,1610.30926,2.99181004,3.04067358,8,False,30.9973823,9.02072633,7.60742171,27.7242105,13.2745486,-3.05180506,2.08852378,1602.81825,2.987335,3.06286238,11,-0.0221888039,0.00447504441,False,False,"[0.8029526967616687, 9.580014350947716, 9.134787284639643, 8.997222532461183, 9.002617749070032, 7.6665619832481795, 27.769407881690306, 13.314882626432537]","[0.8055150128225282, 9.616722639373602, 9.146917830537578, 9.035803352289639, 9.020726329322418, 7.607421713310949, 27.72421050893475, 13.274548628743712, -0.05326404642654281]",0.103504852
771990200,951003988,HVA,VISal,calibration,aperture,80,15,1000,21.661798,22.616448,30.8579002,2.16664134,17.7060047,18.5831614,1432.99773,1.37038776,1.28390581,8,False,9.1420998,30.8047427,3.86981601,20.9233041,14.9436613,52.5359456,1.40014577,1361.73504,1.34917697,1.25076401,9,0.0331417969,0.0212107966,False,False,"[0.2147624369115828, 4.715734369077643, 4.194382178757698, 5.3511507100056726, 30.857900196583795, 2.1666413415441075, 17.706004670994965, 18.583161433523525]","[0.22589968029660576, 4.843963199407101, 4.330599453724318, 5.533421163515528, 30.80474267897604, 3.869816009451648, 20.923304144819337, 14.943661308696782, 0.9169252261330358]",1.48149609
771990200,951003988,HVA,VISal,calibration,point,80,15,1000,21.661798,22.616448,30.8613741,2.16818909,18.4211118,19.2602578,1545.19489,1.37044409,1.28400973,8,False,9.13862589,30.8044544,3.87230534,21.5288719,15.7769262,52.5131476,1.36457962,1479.27527,1.34915723,1.25083862,9,0.0331711086,0.0212868606,False,False,"[0.21433761171843493, 4.718292372334513, 4.196815761444624, 5.354094881751578, 30.86137410756425, 2.1681890853908943, 18.421111782955624, 19.26025775404024]","[0.225505462695819, 4.848635273387703, 4.335004890595339, 5.538947274481301, 30.804454430151992, 3.872305336897957, 21.52887191759438, 15.776926158753724, 0.91652732586213]",0.111592845
771990200,951004001,HVA,VISal,calibration,aperture,85,30,1000,31.741872,228.79269,60,13.8908966,41.5142328,23.9502798,4330.24967,1.9839578,2.0355816,15,True,-20,60,14.1216877,41.4623302,23.9422566,0.532850087,1.73176367,4323.38703,1.9840678,2.03499435,17,0.000587244946,-0.000110002395,False,False,"[1.4579522351326994, 12.818321834536087, 13.79159090408099, 14.210191433187177, 59.999999999996554, 13.8908966350596, 41.51423281927588, 23.950279796047365]","[1.4594552052681795, 12.834044686387292, 13.807455484755888, 14.225984739737745, 59.99999999999991, 14.121687683271615, 41.46233016756552, 23.942256574427883, 0.009299988441789253]",2.19384182
771990200,951004001,HVA,VISal,calibration,point,85,30,1000,31.741872,228.79269,60,13.8920405,41.8220574,24.4774114,4458.37105,1.98399697,2.03561922,15,True,-20,60,14.1253378,41.7710175,24.4698539,0.53850471,1.70703992,4451.55516,1.98410699,2.03503049,16,0.000588730832,-0.000110019297,False,False,"[1.457201982029905, 12.818335463787253, 13.791365418145592, 14.210222180638898, 59.99999999999741, 13.892040543062315, 41.82205737745042, 24.477411386307992]","[1.4586316883536983, 12.834036937087385, 13.807168915824068, 14.226030160298846, 59.99999999999999, 14.125337774712833, 41.77101748433244, 24.469853862064184, 0.009398680235429113]",0.16541657
771990200,951004016,HVA,VISal,calibration,aperture,77.5,20.833,1200,19.371661,37.452813,30.3807014,11.1673491,30.3097668,14.78381,1951.5258,1.33247725,1.37571799,13,False,9.61929862,30.582717,10.8799346,30.7367076,14.8409304,-1.77746921,2.07107686,1986.66118,1.3304496,1.37946673,15,-0.00374873631,0.00202764895,False,False,"[0.31712124072997483, 6.04180834594225, 5.000281889132498, 2.505190427351097, 30.380701383745322, 11.167349058697068, 30.309766818322043, 14.783809995206004]","[0.310214068799225, 6.011143841425546, 4.986477216219745, 2.512885850326258, 30.582717003804664, 10.879934614713159, 30.73670760201594, 14.840930445052564, -0.031022690095703576]",2.48582914
771990200,951004016,HVA,VISal,calibration,point,77.5,20.833,1200,19.371661,37.452813,30.3850662,11.1623054,30.7362261,15.6281055,2092.00253,1.33258485,1.37579613,14,False,9.61493379,30.586451,10.8752211,31.1565982,15.6820422,-1.77341766,1.98676918,2127.93316,1.33056328,1.37953651,22,-0.00374038059,0.00202156798,False,False,"[0.31655988537276797, 6.0459688465810135, 5.003945381699381, 2.507535193572135, 30.385066207927796, 11.162305432996929, 30.73622610105528, 15.628105459689715]","[0.3096638651853921, 6.015243613612421, 4.990068307247272, 2.5151989453105763, 30.586450967615164, 10.87522109805675, 31.156598215061674, 15.68204224293401, -0.030951977103915063]",0.186815691
771990200,951004043,HVA,VISal,evaluation,aperture,71.429,10.714,1400,24.569653,50.449927,22.2813177,2.78997319,34.5602317,13.9012512,2092.35739,1.26485103,1.23764918,16,False,17.7186823,23.3574906,0.896869356,40.5174877,14.5395908,-15.2844488,2.78670069,2565.66542,1.2353663,1.22079028,19,0.0168588973,0.0294847323,False,False,"[0.45341978104422836, 2.3207186498543755, 2.006347586089391, 1.6160262158425687, 22.28131767813194, 2.7899731916972312, 34.56023174618585, 13.901251226933569]","[0.3748298421556836, 2.245882153651046, 2.0241272081206634, 1.7909635098551178, 23.357490648669973, 0.8968693560552179, 40.517487666218095, 14.53959076442018, -0.26676395671100206]",2.27838812
771990200,951004043,HVA,VISal,evaluation,point,71.429,10.714,1400,24.569653,50.449927,22.2878905,2.79712791,34.9803855,14.8230207,2258.22202,1.26489132,1.23766856,16,False,17.7121095,23.3599076,0.898147786,40.8682905,15.4133809,-15.2823152,2.65148126,2743.40364,1.23539178,1.22078873,17,0.0168798289,0.0294995365,False,False,"[0.45199828561285904, 2.320696377786192, 2.0070265207355833, 1.6182046411586852, 22.28789053372141, 2.797127908588079, 34.980385541578215, 14.82302072389408]","[0.3737831537283481, 2.2465898038159486, 2.0251992303920203, 1.7925960187020715, 23.35990760727452, 0.8981477855656554, 40.86829048564711, 15.413380857723569, -0.26672671726192654]",0.159542632
771990200,951004057,HVA,VISal,calibration,aperture,83.333,8.333,600,12.06485,17.037491,33.4895199,-2.13606273,14.8601513,9.4151315,609.333352,1.28839555,1.29022948,7,False,6.51048008,33.4050426,-1.78792265,14.8622841,9.30471209,6.61249455,1.59728575,602.2736,1.28690306,1.28633768,9,0.00389180005,0.00149248496,False,False,"[0.21406937173912588, 5.318027477038532, 8.395277330039816, 9.94123250314588, 33.489519916915754, -2.136062726967173, 14.860151266177665, 9.415131504698188]","[0.21525957548650215, 5.348960415374463, 8.431626104349782, 9.983392124246167, 33.40504259559085, -1.787922654080495, 14.862284072402337, 9.304712090239999, 0.1154098017382219]",1.45741487
771990200,951004057,HVA,VISal,calibration,point,83.333,8.333,600,12.06485,17.037491,33.500747,-2.13121316,15.7284395,10.7310881,735.080205,1.28865314,1.28980318,7,False,6.49925297,33.4106287,-1.78226478,15.7277376,10.6341435,6.63087945,1.47898489,728.406989,1.28715208,1.2858589,9,0.00394427758,0.00150106211,False,False,"[0.21217012213688147, 5.344794073373857, 8.433340039825223, 9.984607587995757, 33.50074702555833, -2.1312131563806296, 15.728439520924178, 10.73108813573927]","[0.21334539322272222, 5.377244572802696, 8.47190524651535, 10.029777274904236, 33.41062867837106, -1.7822647774118696, 15.727737648988187, 10.634143543891293, 0.11573067865534781]",0.0936771221
771990200,951004073,HVA,VISal,calibration,aperture,14,42,500,557.66481,316.7904,20.1408957,-60,2,11.8958515,103.616963,1.1108363,1.21222665,20,True,-20,19.9745401,-52.3471937,2.00030103,2,87.8853598,1.00015051,17.4233108,1.10863027,1.21002132,238,0.00220532829,0.00220602446,True,False,"[0.0967627918107137, 1.4293139994228973e-19, 0.21158212024636727, 2.9684468252565086, 20.140895652586845, -59.99999999999658, 2.0000000000000004, 11.89585153905709]","[0.09934524458855153, 0.19702245970995583, 0.23810336623743536, 11.420229723064583, 19.97454014710177, -52.347193692806464, 2.000301027772665, 2.0000000000000004, 1.533888892094422]",12.0329265
771990200,951004073,HVA,VISal,calibration,point,14,42,500,557.66481,316.7904,22.0416945,-59.9971107,2.74774171,12.3598036,147.908388,1.10679664,1.20786253,22,False,-19.9971107,23.22519,-34.0888733,4.54625127,2.07538063,51.5382604,2.19056264,41.0919285,1.09883485,1.21612215,200,-0.00825962426,0.00796178271,False,False,"[0.09839016264136426, 0.012328035626130976, 0.17374198438718616, 5.751341607974241, 22.04169453495357, -59.99711065382096, 2.7477417069099195, 12.359803591228578]","[0.09638152514014764, 0.631531850050409, 0.0798004251189862, 3.7793580529702586, 23.22519003190304, -34.0888733067503, 4.546251270925091, 2.0753806272585678, 0.8995123341175595]",0.892820277
771990200,951004089,HVA,VISal,evaluation,aperture,75,25,1000,-13.933543,14.548972,22.542331,15.107961,11.41495,10.2389027,509.017553,0.696837795,0.813310442,17,False,17.457669,22.2062465,14.6463776,17.4063324,3.66076165,42.919465,4.75483903,277.513462,0.615104455,0.719104625,14,0.0942058171,0.0817333393,False,False,"[0.03457480152781925, 0.7527103878207524, 1.398383779290539, 0.7034902212885225, 22.542330967158843, 15.107960994253311, 11.414950019051705, 10.238902678122386]","[0.031659816750407445, 0.9895210235687519, 1.8811018028085615, 0.8064022755346402, 22.206246482109044, 14.646377622085577, 17.406332395254232, 3.660761652901152, 0.7490859777144636]",2.45799075
771990200,951004089,HVA,VISal,evaluation,point,75,25,1000,-13.933543,14.548972,22.5305583,15.1164895,12.4668625,11.3840058,618.098381,0.696926694,0.813882855,18,False,17.4694417,22.2256817,14.5271101,18.0463757,6.34130514,42.6642639,2.84584566,498.395342,0.614828664,0.715130249,15,0.0987526059,0.0820980303,False,False,"[0.034775284957641935, 0.7604900487968941, 1.4163111625347609, 0.7112189173574343, 22.530558317470323, 15.116489511430471, 12.466862487199183, 11.384005783952933]","[0.03128887206433535, 1.0706248494158477, 2.0581637938645585, 0.8772990691027709, 22.225681660919783, 14.527110087735535, 18.046375678762555, 6.341305136888635, 0.744631877928077]",0.153752533
771990200,951004104,HVA,VISal,evaluation,aperture,,,0,19.924751,0.87117849,18.2645768,9.42002654,2.97607876,6.35756111,82.402482,0.0297626315,0.029291407,22,False,21.7354232,18.7220773,11.8864813,8.44599541,2,55.0470115,4.22299771,73.5675285,0.0294125429,0.0291336595,22,0.000157747487,0.000350088579,True,False,"[0.0005887753101294377, 0.07250659031840391, 0.06252542908049465, 2.937930462686769e-35, 18.264576753356767, 9.420026535035262, 2.9760787582802464, 6.35756111381858]","[0.00039259796473310835, 0.0796385577339273, 0.049511539975802904, 2.0505498459206552e-39, 18.722077344698462, 11.88648133660037, 8.445995412193401, 2.0000000000000004, 0.9607515938448916]",3.7802197
771990200,951004104,HVA,VISal,evaluation,point,,,0,19.924751,0.87117849,17.8367673,9.4927586,6.43713472,8.36377956,234.477138,0.0292915859,0.0290544161,17,False,22.1632327,19.4738996,13.9239279,9.67922973,3.38519927,39.8926588,2.85927916,142.702101,0.0308563977,0.0334091572,57,-0.00435474107,-0.00156481182,False,False,"[0.0005233383229946662, 0.07962326387451674, 0.06892107008923133, 4.896398725576976e-26, 17.836767330102226, 9.492758597415529, 6.437134715216513, 8.363779562420563]","[0.000877577421493239, 0.150508223663177, 0.055923755426444406, 8.924921753657077e-38, 19.47389964150811, 13.92392789273639, 9.67922973348025, 3.3851992715543258, 0.6962582439083622]",0.566189592
771990200,951004119,HVA,VISal,calibration,aperture,58.75,11.25,800,14.57077,20.196746,7.23081468,0.977674813,15.7738312,9.89352319,679.662792,1.25279333,1.32065423,10,False,32.7691853,7.50254225,1.09932389,15.8811552,9.70942915,8.89469926,1.63564252,671.554272,1.24998641,1.31154751,11,0.00910672484,0.00280692007,False,False,"[0.1733244831237478, 2.7163569891358432, 3.501853675171696, 2.038584289475315, 7.230814684608991, 0.9776748129098853, 15.7738312212654, 9.89352319236147]","[0.17412151893689512, 2.713847110542165, 3.5301918889245525, 2.077234964595745, 7.5025422518151865, 1.0993238851333034, 15.881155180348467, 9.709429154087248, 0.1552417880829733]",1.87213236
771990200,951004119,HVA,VISal,calibration,point,58.75,11.25,800,14.57077,20.196746,7.23052622,0.977020598,16.5957283,11.165777,807.031701,1.25280264,1.3208645,9,False,32.7694738,7.5000569,1.10169033,16.6991838,11.0070956,8.90403251,1.51712899,800.522072,1.24994663,1.31170868,8,0.00915581986,0.00285600859,False,False,"[0.17182982549494943, 2.725850208875802, 3.510655706950064, 2.0465625880237064, 7.2305262234865175, 0.977020597970272, 16.595728267078815, 11.165777001319054]","[0.1725305581435513, 2.723708827901702, 3.5391312498143295, 2.085370584978765, 7.500056902185689, 1.1016903264139968, 16.69918376570016, 11.00709557236865, 0.15540468392770213]",0.125845892
771990200,951004134,HVA,VISal,evaluation,aperture,60,7.143,700,14.693904,18.682034,13.6799492,-2.08533089,14.8269504,10.3316913,667.157826,1.25254855,1.31118115,7,False,26.3200508,13.6715926,-2.09465775,14.8333411,10.3390441,-0.876025696,1.43469173,667.92039,1.25223592,1.31178571,5,-0.00060455589,0.000312629678,False,False,"[0.2264812001056536, 8.21825994385954, 4.751266424787293, 0.5852359723165889, 13.679949235769694, -2.085330891895092, 14.826950434029506, 10.33169126543923]","[0.22623943503884325, 8.21384683495294, 4.748379016073713, 0.5852734417669038, 13.671592584371101, -2.0946577452473503, 14.833341111419461, 10.339044105636876, -0.015289532731912248]",1.32647368
771990200,951004134,HVA,VISal,evaluation,point,60,7.143,700,14.693904,18.682034,13.6810057,-2.08153297,15.6911319,11.537217,788.425504,1.25256411,1.31105474,7,False,26.3189943,13.6722566,-2.09137263,15.6970704,11.543675,-0.924504862,1.35979837,789.165384,1.25223754,1.31169261,7,-0.000637876292,0.000326568052,False,False,"[0.2249753714765719, 8.244006163871882, 4.768835507673771, 0.5907137244057963, 13.681005738900302, -2.081532974409969, 15.691131877929179, 11.537217036177422]","[0.22473625550457288, 8.239616999967375, 4.765903441130224, 0.5907274156191805, 13.67225663095104, -2.0913726312550693, 15.69707041430301, 11.543674998658553, -0.01613565379743953]",0.0996213239
771990200,951004193,HVA,VISal,calibration,aperture,82,16,500,24.170734,2.6896563,29.8829012,8.01743203,9.95948091,8.07797953,350.384415,0.566723525,0.597097801,8,False,10.1170988,29.8665341,8.17673166,10.6449989,7.55012219,25.7342261,1.40991081,350.029727,0.557367267,0.583031259,14,0.0140665421,0.00935625768,False,False,"[0.02160044974418097, 3.7327450543354024, 6.103432359820528, 4.4908133272477215, 29.882901247970675, 8.017432029550305, 9.959480907894458, 8.077979531982978]","[0.02026287738385966, 3.7283900473833262, 6.166517169858219, 4.476161089060434, 29.866534062164913, 8.176731662571067, 10.644998858481175, 7.550122189534677, 0.44914697561528527]",1.49955608
771990200,951004193,HVA,VISal,calibration,point,82,16,500,24.170734,2.6896563,29.8995646,8.00728392,11.2314407,9.60504076,469.829205,0.567236763,0.598461724,8,False,10.1004354,29.8835777,8.16438691,11.8434151,9.18502449,25.4816445,1.28942662,473.76459,0.558361697,0.584714671,10,0.0137470539,0.00887506559,False,False,"[0.02014312296186328, 3.780152669294214, 6.172495489373874, 4.545372043072224, 29.899564595565757, 8.007283922113471, 11.231440700850726, 9.605040755518857]","[0.018640048560614297, 3.7746103240382243, 6.233225126311195, 4.531620445126619, 29.883577704125514, 8.164386905575737, 11.84341505952537, 9.185024490638723, 0.4447385951050906]",0.0957442611
771990200,951004659,HVA,VISal,calibration,aperture,85,5,400,16.224312,206.86882,60,-3.59489046,32.3024591,9.34104411,1314.12397,0.95624379,0.797375555,11,True,-20,60,-1.00593634,31.7470363,9.24481965,5.10476357,3.43403522,1278.22398,0.956460405,0.797967793,15,-0.000592237897,-0.000216614385,False,False,"[0.155308153551232, 1.2577210522149902, 1.4823200646325756, 2.38164216587454, 59.99999999903423, -3.594890463775205, 32.302459113266046, 9.341044107990617]","[0.15708069897981297, 1.284380868093614, 1.5277093040786616, 2.4318137363664505, 59.99999999879003, -1.0059363402737036, 31.747036304631187, 9.244819647226498, 0.08909493184103923]",2.25700557
771990200,951004659,HVA,VISal,calibration,point,85,5,400,16.224312,206.86882,60,-3.60198025,32.7155087,10.6764241,1521.19478,0.956225368,0.797332741,11,True,-20,60,-1.03363548,32.165782,10.5988274,5.06811494,3.03484346,1484.76343,0.956464409,0.797928407,8,-0.00059566538,-0.000239041301,False,False,"[0.15479381798828484, 1.2617498250590238, 1.4866202605773324, 2.3869664274237645, 59.999999997163975, -3.6019802455087895, 32.715508721194674, 10.676424138851981]","[0.1565379538473641, 1.2883007152153825, 1.5314987595582488, 2.4369588550156513, 59.99999999999999, -1.0336354828620924, 32.165781961122164, 10.598827379522342, 0.08845529263771201]",0.159189928
771990200,951004716,HVA,VISal,calibration,aperture,78,19,1000,37.591321,50.832516,21.827219,5.92763047,23.2102034,21.3385079,2156.99095,1.23526088,1.16325904,11,False,18.172781,22.4814997,6.1507947,25.2964737,19.7338079,27.5035736,1.28188507,2174.08346,1.23483282,1.1593053,11,0.00395374394,0.000428059257,False,False,"[0.2158968389262244, 0.4199860177513425, 0.4822131838701916, 0.3312764463349831, 21.827218954548634, 5.927630472773757, 23.210203372111888, 21.338507924313237]","[0.2155069561564735, 0.4149153629401698, 0.49200163323661056, 0.33779929351970994, 22.48149967047401, 6.150794700795704, 25.296473714544778, 19.733807900967257, 0.4800279155580367]",1.56523247
771990200,951004716,HVA,VISal,calibration,point,78,19,1000,37.591321,50.832516,21.8299267,5.9266324,23.7589317,21.9306101,2269.25319,1.23526134,1.16325888,11,False,18.1700733,22.4859332,6.14946825,25.8019087,20.3716744,27.4902486,1.26655808,2289.2008,1.23483243,1.15930058,11,0.00395829372,0.000428906634,False,False,"[0.21584687309685952, 0.4200762239501777, 0.48230581766150477, 0.3313680019213765, 21.829926673941042, 5.926632398149451, 23.758931736445497, 21.930610142666207]","[0.21546230743104663, 0.41501597638330506, 0.4921212552368558, 0.33790133994315685, 22.4859331538993, 6.149468246056742, 25.801908705668488, 20.371674376287075, 0.4797953511225681]",0.125048307
771990200,951008988,HVA,VISrl,calibration,aperture,15,-30,200,2951.1877,5829.1316,-33.2332109,-33.1917705,7.59203014,3.47792427,114.99617,1.80802573,1.77691043,14,False,6.76678913,-33.3336183,-33.4899406,7.75461106,3.36497202,25.8006563,2.30450982,113.644077,1.80612108,1.7842523,13,-0.00734186892,0.00190465172,False,False,"[3.5407514203753347, 4.191384119904418, 3.2577973737939745, 1.6134154662068636, -33.23321087476437, -33.19177053741275, 7.592030136000632, 3.477924273065175]","[3.5397570506175606, 4.288785333072604, 3.2166878066940545, 1.6271540554850796, -33.333618287956575, -33.489940630551196, 7.754611055634774, 3.364972022394991, 0.4503064014473175]",2.54551058
771990200,951008988,HVA,VISrl,calibration,point,15,-30,200,2951.1877,5829.1316,-33.1469498,-33.7467612,9.2856111,6.14029967,248.316391,1.80818422,1.77632862,13,False,6.25323881,-33.6488279,-33.9704957,9.25113013,5.27634743,24.036735,1.75332088,212.585434,1.80485998,1.78588554,17,-0.00955692173,0.00332424101,False,False,"[3.540896484664207, 4.808445619374464, 3.7824014402201023, 1.8771783112996845, -33.14694975217037, -33.746761186080654, 9.285611095137712, 6.140299673192444]","[3.545909470280795, 5.502576599842035, 4.052844303954014, 2.1523553323686704, -33.648827922471455, -33.97049570833381, 9.251130128010566, 5.276347428849888, 0.41952016765643196]",0.155408008
771990200,951009003,HVA,VISrl,calibration,aperture,58.75,-21.25,800,123.07792,202.62681,10.0471158,-32.4667563,16.8677774,19.4470767,1428.62261,1.21251676,1.11838785,25,False,7.53324369,9.35092891,-29.1455803,50,14.9828368,-42.0692426,3.33715175,3262.64169,1.20690763,1.1177328,24,0.000655054767,0.00560912733,False,True,"[2.0739894759234807, 0.8372203991494339, 0.6058134823365086, 0.7738940058829589, 10.047115808997727, -32.46675630646006, 16.867777416705593, 19.447076703953464]","[1.95993730354171, 0.8525491307898094, 0.5924362571627378, 0.800321187449656, 9.350928909510571, -29.145580312330786, 49.99999999999733, 14.982836768585042, -0.734246797129362]",3.25455862
771990200,951009003,HVA,VISrl,calibration,point,58.75,-21.25,800,123.07792,202.62681,10.044392,-32.5467297,17.5976499,20.1503708,1544.34044,1.21251024,1.11839479,25,False,7.45327028,9.24094106,-29.0473979,50,15.8247285,-42.0747572,3.15961187,3445.97086,1.20691458,1.11774812,30,0.000646664329,0.00559566141,False,True,"[2.0739603103694138, 0.8378651844244853, 0.6065902967350549, 0.7747191778839001, 10.044392008941573, -32.5467297196751, 17.597649912832182, 20.150370781367492]","[1.9599452263992994, 0.8532317158983085, 0.5926691472729173, 0.8011738771304161, 9.240941057168433, -29.047397943914, 49.999999999999076, 15.824728473764068, -0.7343430454552222]",0.256764177
771990200,951009082,HVA,VISrl,calibration,aperture,15,5,400,28.189148,236.54969,-34.2963514,-1.20459577,19.3143213,12.2992401,1034.57757,0.972112966,0.911718451,10,False,5.70364859,-34.3734042,-2.39909831,20.2909474,12.5855166,16.9325611,1.61224589,1112.18927,0.970522504,0.909250972,8,0.00246747818,0.00159046193,False,False,"[0.11341713901793085, 0.49529512667413655, 0.49135926827612186, 0.300556814200504, -34.29635141304469, -1.2045957741297402, 19.314321278587517, 12.299240087625128]","[0.11072402507127245, 0.48755146351428597, 0.4817187763976696, 0.29922526732586474, -34.373404161271544, -2.399098313300317, 20.29094743488954, 12.585516604913698, 0.2955289419525773]",1.69372581
771990200,951009082,HVA,VISrl,calibration,point,15,5,400,28.189148,236.54969,-34.2906594,-1.20892239,19.9681912,13.2959916,1156.28473,0.972095609,0.911741406,11,False,5.70934061,-34.3842105,-2.39729241,20.9232355,13.577239,16.8253003,1.54105231,1237.2163,0.970516977,0.909276169,14,0.00246523637,0.0015786317,False,False,"[0.11339045266532045, 0.4964803819504396, 0.49250563990846224, 0.3013110920996971, -34.29065939481446, -1.208922387945722, 19.968191193675057, 13.29599163345753]","[0.1106588136648501, 0.48833776115717364, 0.48250941549898896, 0.29978801942649513, -34.38421052931823, -2.3972924116725216, 20.923235514977005, 13.577238961641953, 0.2936568878852821]",0.11335509
771990200,951009094,HVA,VISrl,evaluation,aperture,13.333,-13.333,300,1075.0145,766.73132,-59.9999956,-22.9326968,26.4355063,6.5459195,753.639448,1.22942469,1.23500332,9,True,-19.9999956,-60,-15.5285454,47.2400213,6.53309788,-16.166351,7.23087609,1344.10928,1.22848169,1.23068459,41,0.00431873337,0.000942998438,False,False,"[0.86543785881912, 2.006468007523863, 0.948026077016255, 0.7052153419657043, -59.999995570746755, -22.932696773536417, 26.435506331024357, 6.545919504245664]","[0.8404280665331167, 1.1174250097246055, 0.741153196738001, 0.5948730165605755, -59.99999999999999, -15.528545447096858, 47.240021281534005, 6.533097883745048, -0.28215605377996766]",6.38829189
771990200,951009094,HVA,VISrl,evaluation,point,13.333,-13.333,300,1075.0145,766.73132,-59.9999998,-22.9799261,26.9407752,8.3715566,982.249091,1.22944153,1.23510923,9,True,-19.9999998,-60,-15.3549117,48.3589255,8.32029123,-16.5244241,5.8121674,1752.34857,1.22843787,1.23077997,39,0.00432925975,0.00100365975,False,False,"[0.8652099839168063, 2.0273925100326062, 0.9626070183935549, 0.7115944731771975, -59.999999778248956, -22.97992614781928, 26.94077523094329, 8.371556599325595]","[0.8399873644762422, 1.1145226465851903, 0.7489154543650424, 0.5991505893200462, -59.99999999999999, -15.354911736825386, 48.35892546171444, 8.320291233447755, -0.2884056082490969]",0.460294876
771990200,951009113,HVA,VISrl,calibration,aperture,14,-12,500,27.909808,252.00891,-30.5085779,-23.2629971,7.7022119,8.33296339,279.524749,1.1639643,1.20871177,9,False,9.49142215,-30.4936755,-23.3561175,11.9952762,4.34384956,-43.8735675,2.76143913,226.929187,1.14443841,1.20172707,12,0.00698470512,0.0195258883,False,False,"[0.22296260012206806, 3.9187489861181795, 1.0148370843683554, 0.382841236329584, -30.508577852444834, -23.262997052163634, 7.702211900368812, 8.332963390349487]","[0.22309573942413863, 4.113956302539661, 1.1325414012205903, 0.32542152805297514, -30.49367553170952, -23.35611750839832, 11.995276165512204, 4.343849564269767, -0.7657382081334205]",1.76034974
771990200,951009113,HVA,VISrl,calibration,point,14,-12,500,27.909808,252.00891,-30.5471301,-23.2920099,9.3559472,9.85566253,401.586325,1.16406141,1.20886482,9,False,9.45286992,-30.6776703,-23.4404525,13.1335931,6.99268123,-43.649663,1.8781913,399.974787,1.14453516,1.20297711,9,0.00588771586,0.0195262488,False,False,"[0.22242992382456797, 3.968790591039403, 1.0298700290407985, 0.3873778071875107, -30.54713008253675, -23.292009919131214, 9.355947195685657, 9.855662529688196]","[0.2218238542783937, 4.271846779412371, 1.184473673180806, 0.3313513500040422, -30.677670336813957, -23.440452476973267, 13.133593071825903, 6.9926812270920555, -0.7618303375887838]",0.102269163
771990200,951009154,HVA,VISrl,calibration,aperture,10,0,100,4.5546335,37.290844,-53.3738996,-10.00155,2.00016815,2,17.4221534,0.0866172965,0.0825885849,48,True,-13.3738996,-54.0104541,-9.99501911,2.00044048,2,-15.4781197,1.00022024,17.4245255,0.0866007874,0.082708247,42,-0.000119662152,1.65091044e-05,True,False,"[0.005472292190939151, 10.012450245248878, 1.4307400120769158e-25, 4.915218495315955e-23, -53.37389960500624, -10.001549959487415, 2.000168148512242, 2.0000000000004916]","[0.005477344636084581, 20.825857002459347, 4.672714990530635e-19, 4.672742216174267e-19, -54.01045406540294, -9.995019109720491, 2.0004404815624244, 2.0000000000000004, -0.27014415001287606]",4.58836406
771990200,951009154,HVA,VISrl,calibration,point,10,0,100,4.5546335,37.290844,-37.570994,-10.0087711,3.83386022,2.0473149,34.1842653,0.085218566,0.0840789929,128,False,2.429006,-37.2506597,-9.9639799,3.63297056,2.00385778,-6.58792861,1.81298823,31.7054633,0.0852188026,0.0840787638,12,2.29082079e-07,-2.36584962e-07,False,False,"[0.005232605552806361, 0.46742625894309037, 6.589158886204478e-37, 1.5504991700895495e-38, -37.57099400445725, -10.008771085498728, 3.8338602181739305, 2.0473148979900575]","[0.00523262983352582, 0.5145952680184532, 6.621021514687767e-20, 6.564107621807115e-20, -37.25065974851945, -9.963979897693479, 3.6329705639995744, 2.0038577808749, -0.11498104506253615]",0.351456655
771990200,951009185,HVA,VISrl,calibration,aperture,14,-12,500,34.084741,226.28266,-34.2730012,-21.4121324,14.2583568,11.7991963,732.701756,1.27880387,1.3749508,9,False,5.72699883,-34.2004524,-21.605924,14.2676381,11.6054738,7.99769282,1.22938868,721.141168,1.27897132,1.37630481,12,-0.00135401671,-0.00016745086,False,False,"[0.2578581886669478, 1.662195620007047, 1.4348774331245844, 1.4753237506088046, -34.273001170772474, -21.41213244433659, 14.258356783914826, 11.799196267454441]","[0.25839426028767504, 1.6706028786462865, 1.4420352348245866, 1.4857727325061547, -34.20045235921514, -21.60592395610725, 14.26763812339185, 11.605473761540122, 0.1395860722350779]",1.70028263
771990200,951009185,HVA,VISrl,calibration,point,14,-12,500,34.084741,226.28266,-34.2521801,-21.4226596,15.1267901,12.8447182,846.207147,1.27876401,1.37483852,9,False,5.74781994,-34.1763688,-21.6230069,15.1391086,12.6580504,8.29491881,1.19600634,834.588613,1.27893307,1.37624003,11,-0.00140150913,-0.000169058329,False,False,"[0.25778611717023664, 1.6676156937968185, 1.4402126681144578, 1.480385246504576, -34.25218006179395, -21.422659581638595, 15.126790088407274, 12.844718160679365]","[0.2583417679653742, 1.67667287960566, 1.4479370239985476, 1.4915969012736487, -34.17636880047881, -21.623006907411536, 15.139108598330276, 12.658050412298723, 0.14477364441950957]",0.117490801
771990200,951009310,HVA,VISrl,calibration,aperture,15,-20,600,317.38171,401.57474,-34.6650681,-28.1672645,9.83171666,10.6067909,454.170259,1.53418935,1.43017505,16,False,5.33493187,-34.8921961,-28.1977904,11.7084631,7.23367864,58.7881154,1.61860427,368.862438,1.5337871,1.43307507,27,-0.00290001887,0.000402250905,False,False,"[0.39972111306200947, 0.9248633369766537, 0.7627430085050149, 0.7297617396600221, -34.66506812828605, -28.16726448965702, 9.83171665922314, 10.606790915716891]","[0.4024874890605274, 1.0368154187634981, 0.7658248805858591, 0.7399976616113373, -34.89219613118856, -28.197790421670906, 11.70846311736906, 7.233678641466872, 1.0260461743178988]",4.07365817
771990200,951009310,HVA,VISrl,calibration,point,15,-20,600,317.38171,401.57474,-34.5776118,-28.1374099,11.0246268,11.7546142,564.387785,1.53417467,1.43013328,14,False,5.4223882,-34.6930673,-28.0545035,12.8188834,8.00139951,59.6236383,1.60208016,446.705687,1.53358367,1.43365053,30,-0.00351725548,0.000591004,False,False,"[0.3996982078765091, 0.933622155999542, 0.7695483860879688, 0.7375669723546008, -34.577611797329176, -28.13740989405251, 11.02462677663558, 11.75461421592455]","[0.40421134764507255, 1.1228223084202307, 0.7953327063365436, 0.772659710021204, -34.6930673427202, -28.05450345817561, 12.818883390918762, 8.001399506159796, 1.0406288000791797]",0.29017027
771990200,951009383,HVA,VISrl,calibration,aperture,15,-25,400,289.00085,269.59649,-31.1422032,-60,6.71410712,24.8943136,727.936928,2.20820684,2.04711762,18,True,-20,-11.3453913,-59.999999,46.444588,2,-50.5700167,23.222294,404.548355,2.17869611,2.02908446,24,0.0180331662,0.0295107276,True,False,"[0.4615935733121508, 2.1340298557114754, 2.0664339875808295, 2.3929441063310057, -31.142203221896466, -59.99999999761972, 6.7141071220437185, 24.894313600272348]","[0.4742021859408962, 2.0386564220022767, 1.8121247138094931, 1.6852625305809945, -11.34539133384518, -59.99999896147077, 46.44458797834487, 2.0000000000000004, -0.8826132950730363]",3.73962157
771990200,951009383,HVA,VISrl,calibration,point,15,-25,400,289.00085,269.59649,-31.3681387,-59.9999951,8.75001413,25.6729853,978.341453,2.20860815,2.04751385,21,True,-19.9999951,-9.65121928,-59.9992087,46.2016305,4.58686337,-51.0830154,10.0725979,922.950555,2.18070075,2.03708266,32,0.0104311869,0.0279073922,False,False,"[0.4605945970302422, 2.1141487224147997, 2.024134535334853, 2.3349191624173997, -31.36813866047784, -59.99999505310989, 8.750014129887287, 25.67298525590968]","[0.47703824422866753, 2.6524802573864723, 2.267975410862733, 2.0149938255466258, -9.651219278565456, -59.999208714432655, 46.20163048121763, 4.586863366004895, -0.8915668111583468]",0.289674406
771990200,951009402,HVA,VISrl,calibration,aperture,14,-12,500,30.775088,158.4529,-35.5960759,-21.3244307,17.7488572,14.8391985,1147.06009,1.3302742,1.24502541,6,False,4.40392412,-35.8916118,-20.1907838,19.0696084,13.9239202,-26.3793647,1.36955743,1156.40145,1.32821598,1.23597373,7,0.00905167987,0.00205821802,False,False,"[0.5254612541827038, 3.0271239435897863, 2.3064941866559585, 2.2276428239563892, -35.59607587632284, -21.3244307465967, 17.748857178094426, 14.839198506655585]","[0.5278444789795464, 3.0422364237377377, 2.3127984355336575, 2.2440925687571465, -35.89161177462134, -20.190783808328575, 19.06960835582326, 13.92392019815932, -0.46040676838599737]",1.3528636
771990200,951009402,HVA,VISrl,calibration,point,14,-12,500,30.775088,158.4529,-35.5716883,-21.3284859,18.4390729,15.6743434,1258.73344,1.33023359,1.24501728,8,False,4.42831167,-35.8777815,-20.1997778,19.7210925,14.8227946,-26.4011542,1.33045712,1273.11135,1.32816222,1.23597341,11,0.00904387016,0.00207137261,False,False,"[0.5254072148594954, 3.031742959316816, 2.3091637489923937, 2.2306962806744672, -35.57168832908498, -21.328485904579434, 18.439072931347336, 15.67434343669656]","[0.5276510096285008, 3.045881593572253, 2.315466465823618, 2.246739157903584, -35.87778152061987, -20.199777836029796, 19.72109252170005, 14.822794574176616, -0.4607870670597265]",0.0912246061
771990200,951009452,HVA,VISrl,calibration,aperture,10,-20,300,423.14687,653.61558,-42.1121673,-27.4005795,8.44307213,9.95600454,366.09257,2.53389922,2.47561249,26,False,-2.11216725,-59.9999998,-14.8632067,22.1188789,8.01766561,-36.1772221,2.75876795,772.353963,2.53031993,2.46678739,12,0.00882509916,0.003579295,False,False,"[2.411757731726188, 4.430194385605937, 5.880690548060576, 2.9217698326712953, -42.11216725441909, -27.400579469476508, 8.443072125177054, 9.95600453589697]","[2.395981625098919, 7.319716923704848, 9.883810345180258, 5.045278688417081, -59.99999984995271, -14.863206711737014, 22.11887888667385, 8.017665608417587, -0.631411640585967]",2.4251367
771990200,951009452,HVA,VISrl,calibration,point,10,-20,300,423.14687,653.61558,-42.0659131,-27.3980067,9.9458251,11.2449937,487.085682,2.53384307,2.47534828,24,False,-2.06591308,-59.9999994,-14.6710796,22.7717926,9.50627393,-36.4827829,2.39544882,942.785455,2.53019834,2.46659006,16,0.00875822181,0.00364473165,False,False,"[2.410558084778601, 4.448991675336202, 5.901538382940378, 2.9403465759864766, -42.06591307900311, -27.39800673519377, 9.945825103804319, 11.244993686437322]","[2.3951084612616924, 7.373783936563392, 9.9589787786253, 5.086750167219022, -59.9999993632406, -14.671079607950734, 22.771792615588105, 9.506273925972685, -0.6367446810987358]",0.158036542
771990200,951009468,HVA,VISrl,calibration,aperture,10,-20,300,750.09073,770.64706,-60,-27.5174589,21.2103649,13.5874252,1255.13557,1.24796165,1.32751198,13,True,-20,-60,-15.3048201,28.0702881,10.5611725,-31.9056186,2.6578761,1291.11325,1.24471373,1.32317509,26,0.0043368834,0.00324792213,False,False,"[3.558443993395778, 3.9699021293379966, 6.1737173674416495, 3.366332354913739, -59.9999999991057, -27.51745887783047, 21.21036493614334, 13.587425218850761]","[3.5550858555907454, 3.4997526092309057, 5.602595764233976, 3.0664928529904936, -59.999999999998984, -15.30482011674099, 28.07028809965245, 10.56117254980279, -0.55685809478266]",2.89919976
771990200,951009468,HVA,VISrl,calibration,point,10,-20,300,750.09073,770.64706,-60,-27.5117976,21.7991536,14.4873916,1375.41945,1.24795431,1.32750399,13,True,-20,-60,-15.3058923,28.4933679,11.7207041,-31.8792247,2.43102869,1454.46346,1.24470565,1.32319168,18,0.00431231557,0.00324866213,False,False,"[3.5583735079020493, 3.979154271908899, 6.18627125026562, 3.374311409060492, -59.99999999949216, -27.51179756435858, 21.799153586148545, 14.487391611957522]","[3.5548050216477667, 3.5144027775692326, 5.622627330379012, 3.080331387177726, -59.99999999999944, -15.305892279029663, 28.49336787241155, 11.720704086853386, -0.556397434302101]",0.193696604
771990200,951009483,HVA,VISrl,calibration,aperture,10,-15,400,1218.6077,1237.6562,-38.4926816,-24.995035,3.47122677,7.91633704,119.677523,0.864387407,0.857117048,19,False,1.50731843,-39.0866265,-24.2038952,10.845434,2.00000004,-56.8280502,5.42271689,94.4674668,0.863135868,0.860353341,31,-0.00323629323,0.00125153851,True,False,"[4.045877427630062, 2.2375800977370504, 2.5499578275433863, 0.7340778247205205, -38.492681568388484, -24.995035041811168, 3.4712267714017377, 7.916337038900899]","[4.0435982830197315, 2.3938409383791672, 2.19632006270065, 0.8141307397597505, -39.08662649494659, -24.203895230634796, 10.845434001493716, 2.000000039804298, -0.9918365835779288]",5.05453801
771990200,951009483,HVA,VISrl,calibration,point,10,-15,400,1218.6077,1237.6562,-35.6150756,-25.0735289,3.00939699,9.4811878,124.264638,0.864210196,0.856978609,41,False,4.38492438,-35.3711906,-28.0860481,9.37498145,2.49672036,-85.8531061,3.75491848,101.94024,0.863077689,0.859824743,26,-0.00284613358,0.00113250649,False,False,"[4.045744092616334, 6.581783650349353, 7.487412891407832, 2.1503105972557752, -35.615075624537745, -25.07352890155603, 3.009396987838877, 9.481187799703193]","[4.044034661999887, 12.635155127982623, 12.032677895010767, 4.683984398536078, -35.371190647608664, -28.08604811190184, 9.374981445692171, 2.49672036442979, -1.4984193739472265]",0.279778316
771990200,951009529,HVA,VISrl,calibration,aperture,21.429,-15.714,1400,162.20803,460.49354,-42.1641266,-30.8418573,32.7905119,30.4890317,4354.08756,1.07915711,1.07263265,10,False,-2.16412658,-36.0765765,-19.5842725,50,18.4863645,-45.2162448,2.70469621,4025.56502,1.05462044,1.05180667,13,0.0208259803,0.0245366684,False,True,"[3.975449876536378, 5.219582160912023, 4.639017184461625, 4.829498290195562, -42.16412658040685, -30.841857302356928, 32.79051188706087, 30.489031737640428]","[4.169347662131236, 4.785287225432539, 4.275660423813856, 4.537110927061909, -36.07657645756399, -19.58427249164101, 49.99999999999932, 18.48636451066557, -0.7891723470173361]",1.63550701
771990200,951009529,HVA,VISrl,calibration,point,21.429,-15.714,1400,162.20803,460.49354,-42.1657052,-30.8424528,33.1765264,30.9032165,4465.18983,1.07915967,1.07263185,10,False,-2.1657052,-35.9791684,-19.6586191,50,19.1615084,-45.2337612,2.60939791,4172.58341,1.05462939,1.05179154,13,0.0208403081,0.0245302875,False,True,"[3.9752299578562558, 5.219874764193424, 4.639297740388309, 4.829762787634533, -42.16570519911208, -30.842452800273534, 33.17652641321026, 30.903216511170097]","[4.169194958313473, 4.787049339110363, 4.276796051374981, 4.538437439398282, -35.979168438974554, -19.6586190702522, 49.99999999999948, 19.161508391491928, -0.789478065227846]",0.119791133
771990200,951009581,HVA,VISrl,evaluation,aperture,15,-5,400,76.54424,713.76355,-37.7521856,-10.4055295,16.0712225,21.4814843,1503.55226,0.993227811,0.973568838,17,False,2.24781441,-37.8562251,-10.6719255,21.5840062,16.2186656,85.6240311,1.3308127,1524.58803,0.993149799,0.974397819,8,-0.000828980575,7.8011739e-05,False,False,"[2.8160860513708124, 2.624924599267948, 1.7337930669009465, 2.2492269036256034, -37.75218558531814, -10.405529502608088, 16.07122248443106, 21.4814842696085]","[2.8135387971957395, 2.6256475671394783, 1.7349768031154307, 2.2410552578078398, -37.85622512763414, -10.671925469034518, 21.584006174635793, 16.218665639796715, 1.4944212607953502]",2.12958842
771990200,951009581,HVA,VISrl,evaluation,point,15,-5,400,76.54424,713.76355,-37.7593501,-10.408311,16.8620605,22.0652812,1620.41196,0.993230054,0.973566503,17,False,2.24064993,-37.8625792,-10.6693611,22.1634741,17.0017217,85.6905235,1.30360175,1641.10387,0.993153916,0.974380747,8,-0.000814244007,7.6137923e-05,False,False,"[2.8158933679885796, 2.626239603115915, 1.7348806533417105, 2.2505484149832067, -37.75935007378178, -10.408310996735187, 16.862060549135567, 22.06528121939024]","[2.813377106693694, 2.62686953536347, 1.7360229190568137, 2.2424136081297332, -37.86257922891896, -10.669361084597075, 22.16347414250933, 17.001721694055902, 1.4955817723273435]",0.152073603
771990200,951009599,HVA,VISrl,evaluation,aperture,27.5,-16.25,1600,119.74849,131.97853,-29.8803013,-21.5589638,50,45.4873695,9905.2663,0.645193525,0.694379874,15,True,10.1196987,-28.5600283,-16.9300247,49.5994801,35.4664273,-30.8782655,1.39849102,7661.25462,0.644547295,0.69579777,10,-0.00141789647,0.000646229742,False,False,"[4.722607872505011, 2.1907317126653605, 2.4174201329527203, 2.326246904699226, -29.880301323176017, -21.558963802891014, 49.999999997286245, 45.487369462376236]","[5.034132900913764, 1.8934126804500486, 2.091930020065675, 2.0450826344881694, -28.56002834481442, -16.93002465088382, 49.599480129068986, 35.46642730354337, -0.5389273994263524]",1.25164309
771990200,951009599,HVA,VISrl,evaluation,point,27.5,-16.25,1600,119.74849,131.97853,-29.7759371,-21.5427778,50,45.5972083,9929.18466,0.645199185,0.694373929,16,True,10.2240629,-28.5619778,-16.9289946,49.8551591,35.8224731,-30.8752966,1.39172857,7778.05484,0.644547217,0.6957981,15,-0.00142417171,0.000651967903,False,False,"[4.730705545493139, 2.1829487479256726, 2.4099445853404755, 2.3192328513159377, -29.775937078221066, -21.542777787448664, 49.99999999932948, 45.59720831819378]","[5.034003706567098, 1.8935807895527765, 2.0920717347102737, 2.0451865080621188, -28.56197780197724, -16.92899462393757, 49.8551591085527, 35.82247306497861, -0.5388755829513663]",0.125815898
771990200,951009616,HVA,VISrl,evaluation,aperture,15,-20,600,125.99937,471.35343,-46.3385701,-26.8807941,27.4366653,13.3246302,1592.17874,2.2667582,2.3479698,10,False,-6.33857012,-47.6845892,-24.917807,28.8253673,12.8795627,-7.53756129,2.23807034,1616.89306,2.26606409,2.34553727,12,0.00243253127,0.000694113714,False,False,"[2.4058576511534047, 3.777057888388583, 5.973272340627012, 8.998046469852673, -46.338570120218805, -26.88079411268286, 27.436665312300125, 13.324630186386498]","[2.413267687877944, 3.802495327178719, 6.067731788052466, 9.170273920732908, -47.684589210316936, -24.91780701180589, 28.825367264870714, 12.879562688926006, -0.13155526207317592]",1.79826384
771990200,951009616,HVA,VISrl,evaluation,point,15,-20,600,125.99937,471.35343,-46.3101109,-26.8812097,27.8822175,14.2605401,1731.68388,2.26674826,2.34809631,10,False,-6.31011093,-47.6581721,-24.9120671,29.2539161,13.8433979,-7.57620569,2.11320344,1763.72976,2.266046,2.34567205,12,0.00242425994,0.000702260085,False,False,"[2.4055166999856676, 3.780135983016731, 5.977767710444742, 9.00392560291899, -46.310110930329444, -26.881209700824627, 27.882217504163613, 14.2605401339486]","[2.4129283346716885, 3.8062281611780593, 6.073794064258209, 9.178164191084418, -47.65817206649623, -24.912067068048884, 29.253916082144624, 13.843397917500276, -0.132229734014653]",0.121159848
771990200,951009656,HVA,VISrl,calibration,aperture,20,-10,700,57.342873,84.5904,-27.7189714,-20.2995932,19.7918463,10.17603,877.142222,1.20342271,1.27767059,10,False,12.2810286,-31.5974221,-17.5776864,29.2711393,9.10631974,-22.3536551,3.21437641,1160.8814,1.18172831,1.24729735,15,0.0303732373,0.0216944017,False,False,"[1.0755126459252173, 2.7821233866016963, 2.6523836406546972, 2.089249616724626, -27.718971430986976, -20.29959324795805, 19.79184630068485, 10.176029980299768]","[1.0422468118358201, 2.6785879828144834, 2.6477275001457325, 2.2125692330611484, -31.59742211944898, -17.57768639608748, 29.271139341381037, 9.106319743865424, -0.3901448808433865]",1.7850171
771990200,951009656,HVA,VISrl,calibration,point,20,-10,700,57.342873,84.5904,-27.7143634,-20.314512,20.4562529,11.4303108,1018.33215,1.20351436,1.27782619,10,False,12.2856366,-31.5986935,-17.5976955,29.7488805,10.5081979,-22.3700989,2.8310164,1361.45784,1.18195338,1.24753776,14,0.0302884218,0.0215609885,False,False,"[1.0746145263787563, 2.7844104744012617, 2.654852891297465, 2.091394151609053, -27.71436337412866, -20.314512002305, 20.456252949559655, 11.43031079645947]","[1.04092754349031, 2.6815466968147743, 2.6500834772973274, 2.214029747760845, -31.59869353818185, -17.597695523829064, 29.74888047451632, 10.508197862674308, -0.39043187950726654]",0.109589838
771990200,951009674,HVA,VISrl,evaluation,aperture,21.25,-18.75,800,31.075779,49.18648,-27.2080879,-24.3411858,15.639141,9.73235795,662.88211,1.5661541,1.5590935,7,False,12.7919121,-27.2385452,-24.3130072,15.735676,9.72741663,-1.66653642,1.61766239,666.635216,1.56616764,1.55916349,12,-6.99948427e-05,-1.35372494e-05,False,False,"[0.9876937568196956, 5.750080080433338, 5.877790857772015, 6.620050758241857, -27.20808792523965, -24.341185775614534, 15.639141013777566, 9.732357946386363]","[0.9870565061261637, 5.734360834217879, 5.864797812395672, 6.612635686288389, -27.2385451782151, -24.31300718600679, 15.735676015482115, 9.727416630522049, -0.029086547614868508]",1.44566131
771990200,951009674,HVA,VISrl,evaluation,point,21.25,-18.75,800,31.075779,49.18648,-27.21545,-24.3582528,16.4604806,11.0214716,790.109762,1.56611016,1.55942953,8,False,12.78455,-27.2450338,-24.3309551,16.5495182,11.0179008,-1.6350091,1.50205729,794.126231,1.56612455,1.559498,12,-6.84624974e-05,-1.43864336e-05,False,False,"[0.9865674889406547, 5.76986083705092, 5.898915024546575, 6.641837359515411, -27.21545004912646, -24.358252761245005, 16.46048060066686, 11.021471629802695]","[0.9859422910830952, 5.754284756807913, 5.885937854438563, 6.634214134340722, -27.245033836820355, -24.33095510092328, 16.549518180919534, 11.017900794370354, -0.028536292069078373]",0.106057974
771990200,951009721,HVA,VISrl,evaluation,aperture,82,46,500,82.741799,1358.1962,-40.8629371,10.6725177,5.20229542,5.36580884,121.572553,2.05400321,2.0072566,28,False,-0.862937099,-59.9986956,-0.747318746,18.9267579,2.00026895,30.7254207,9.46210655,164.880749,2.05415068,2.00353947,48,0.00371712595,-0.000147472441,False,False,"[0.5391505467954875, 1.52246663909066, 0.6110008526387478, 0.8756734239000781, -40.86293709853524, 10.672517735154639, 5.202295415220413, 5.365808839613345]","[0.5366890332203489, 2.877555825270155, 1.2472919650708016, 1.814197539025128, -59.99869557642997, -0.7473187464716214, 18.926757931438292, 2.000268950214629, 0.5362597548544787]",7.28087997
771990200,951009721,HVA,VISrl,evaluation,point,82,46,500,82.741799,1358.1962,-35.9605902,10.6327633,3.12991984,7.38028819,100.603216,2.05419102,2.00632212,38,False,4.03940977,-60,-1.46217055,20.2946505,5.80380398,32.5192464,3.49678428,512.979065,2.05421728,2.00289895,22,0.00342317003,-2.62609923e-05,False,False,"[0.5394723153621344, 3.6945869141686045, 1.5160676993068563, 2.133574467223631, -35.96059022660848, 10.632763266865245, 3.1299198382808937, 7.380288191888369]","[0.5359574308449365, 3.144989079636799, 1.316474532477544, 1.915930392447364, -59.99999999196477, -1.4621705479939444, 20.294650506295426, 5.803803978749184, 0.567567919459846]",0.196312393
771990200,951009770,HVA,VISrl,evaluation,aperture,12.5,-10,400,46.836648,372.93925,-37.2054423,-20.5508639,17.7668454,10.4544818,808.943448,1.63068404,1.51305685,12,False,2.79455767,-36.9039757,-21.1078815,17.727441,10.3473973,9.49500728,1.71322706,798.881758,1.62855039,1.51209824,12,0.000958607303,0.00213364357,False,False,"[1.9116583237703777, 2.2682894606032806, 5.864783952163422, 7.768811225340522, -37.205442325030894, -20.550863857213336, 17.766845384327613, 10.454481766581315]","[1.908544053796003, 2.3517125388081515, 5.883109500154142, 7.724120204663332, -36.90397573427764, -21.107881458514186, 17.727441040166436, 10.347397321289243, 0.16571913956338546]",1.89648852
771990200,951009770,HVA,VISrl,evaluation,point,12.5,-10,400,46.836648,372.93925,-37.1974222,-20.5732078,18.4634715,11.624571,934.750325,1.63054478,1.51316888,12,False,2.80257775,-36.8939525,-21.1279234,18.4275153,11.5308779,9.48223297,1.59810167,925.410628,1.62842398,1.51226983,9,0.000899051242,0.00212080522,False,False,"[1.911642471339796, 2.273885836332051, 5.889738718562044, 7.804128225595579, -37.19742224698716, -20.57320783471619, 18.46347150647254, 11.624571008553815]","[1.9084555268500052, 2.3572903156803506, 5.907472893994264, 7.75954263283687, -36.89395250144858, -21.127923423894558, 18.427515275814194, 11.53087790525181, 0.16549618571368718]",0.131323421
771990200,951009787,HVA,VISrl,evaluation,aperture,40,-30,300,9.8050847,1.4925031,-9.54583385,-40.884393,19.2152898,8.19881673,686.125319,1.70324292,1.55047455,7,False,-0.884393006,-8.39123642,-40.4940758,19.3391301,7.67992802,-4.78393672,2.5181395,646.843792,1.70286813,1.54422511,11,0.00624943951,0.000374789547,False,False,"[0.4878909455854429, 5.715947536846525, 6.963954917863831, 7.161213549007431, -9.545833850951546, -40.88439300620056, 19.21528975775333, 8.198816725952197]","[0.49301942127618054, 5.683063919735906, 6.96720726865632, 7.195695732019632, -8.391236421393335, -40.49407584018703, 19.339130116400824, 7.6799280154652, -0.0834954469218685]",1.50018072
771990200,951009787,HVA,VISrl,evaluation,point,40,-30,300,9.8050847,1.4925031,-9.5443913,-40.5051461,19.8855839,9.46884941,820.051047,1.70344569,1.55058062,8,False,-0.505146134,-8.46898324,-39.9195647,20.0147346,8.89825325,-4.73974154,2.24928804,775.639517,1.70281048,1.54313002,13,0.00745059651,0.000635201586,False,False,"[0.4874835913465787, 5.707263767491363, 6.952929133727071, 7.1505763235859074, -9.544391303060925, -40.50514613416509, 19.885583943916778, 9.468849407864125]","[0.49333737091269403, 5.6775774736232565, 6.967565700711772, 7.196453294265661, -8.468983242255105, -39.91956467029507, 20.014734611229176, 8.898253251706315, -0.08272409553582305]",0.106536658
771990200,951009808,HVA,VISrl,calibration,aperture,16.25,-7.5,800,45.924613,313.07881,-59.9999999,-18.546265,32.7470822,19.1657113,2733.39806,1.41008423,1.32157807,13,True,-19.9999999,-59.9999999,4.03584123,50,12.9049061,-38.7540996,3.87449544,2810.15441,1.37307345,1.28740777,22,0.0341702961,0.0370107766,False,True,"[0.5057150562954787, 1.9417622821213423, 2.2372396348329735, 1.8455263929640078, -59.99999994334518, -18.54626495165559, 32.74708217903958, 19.165711315847854]","[0.507878221844147, 1.8462316336636482, 2.26780961306633, 1.8338666422694125, -59.999999873855586, 4.03584122898167, 49.99999999698997, 12.904906128767657, -0.6763866370534739]",2.38574174
771990200,951009808,HVA,VISrl,calibration,point,16.25,-7.5,800,45.924613,313.07881,-60,-18.5452836,33.1310751,19.8067324,2857.94386,1.41007913,1.32155465,13,True,-20,-60,3.93837076,50,13.8888531,-38.6616324,3.60000928,3024.41733,1.37311472,1.28743086,14,0.0341237888,0.0369644152,False,True,"[0.5057210787180806, 1.942714384343291, 2.23852442643307, 1.8465192626159286, -59.99999996986369, -18.545283608345525, 33.13107513913273, 19.806732419962227]","[0.5076675684208182, 1.8530034601399368, 2.27558420466948, 1.8405480624463044, -59.999999975522144, 3.938370759132705, 49.9999999999584, 13.888853087572256, -0.6747727792085616]",0.190323552
771990200,951009922,HVA,VISrl,evaluation,aperture,14,-22,500,213.83056,254.98486,-43.3087514,-29.9179994,18.6798294,8.43458585,686.18623,2.06228977,1.774882,11,False,-3.30875136,-45.1828698,-27.3147852,20.6805334,7.93994499,-14.8790627,2.60461923,715.12928,2.05979907,1.77591135,14,-0.00102934915,0.00249069781,False,False,"[0.6513144531040441, 2.3885041849899937, 3.0432576231304975, 2.3366712336056987, -43.30875135586289, -29.91799942416098, 18.679829422106884, 8.434585848315667]","[0.6530951329313955, 2.4264726034984596, 3.1807991452511564, 2.4196335371066944, -45.18286980832095, -27.314785243197196, 20.680533441573033, 7.939944992477784, -0.25968863421537036]",2.03188688
771990200,951009922,HVA,VISrl,evaluation,point,14,-22,500,213.83056,254.98486,-43.086381,-29.9232336,19.1898481,9.817149,820.469137,2.06217604,1.7752384,10,False,-3.08638102,-45.1413119,-27.3355264,21.2226153,9.38500939,-14.9217634,2.26133128,867.438998,2.05959477,1.77632,18,-0.00108159692,0.00258126775,False,False,"[0.6516953134119532, 2.4099741028446906, 3.072389729776178, 2.3543051064433516, -43.08638101891908, -29.92323361219153, 19.18984810469295, 9.817149001897224]","[0.6534051356790013, 2.462119509611998, 3.2297590612224454, 2.449217153034275, -45.14131190467941, -27.335526373947623, 21.22261532161077, 9.38500939327655, -0.26043390178598713]",0.145893146
771990200,951009939,HVA,VISrl,evaluation,aperture,14,-22,500,-9.2732263,-10.310616,-32.2040185,-29.3906844,8.14539646,5.53063686,196.197153,1.28187916,1.3118165,9,False,7.79598146,-32.2193421,-29.1196647,9.16849067,4.26617998,-30.2361412,2.14911014,170.350083,1.2511958,1.27914178,9,0.032674714,0.030683356,False,False,"[0.15072325177814433, 6.47525802247179, 7.586140145355348, 5.776231794651053, -32.20401854410615, -29.39068439067082, 8.145396463515574, 5.530636857265861]","[0.15209613969118982, 6.730112482630473, 7.735526725414558, 5.829274292956545, -32.219342091059765, -29.11966467463762, 9.168490667041459, 4.266179981654575, -0.5277202163257133]",1.58757757
771990200,951009939,HVA,VISrl,evaluation,point,14,-22,500,-9.2732263,-10.310616,-32.2992893,-29.4134214,9.74563964,7.84386559,332.92455,1.28462043,1.3128516,9,False,7.70071072,-32.3020211,-29.2402879,10.721681,7.03181491,-31.4669217,1.52473879,328.348956,1.25551377,1.28775058,8,0.025101021,0.029106652,False,False,"[0.14787076625741027, 6.614976455793719, 7.707907526566368, 5.8651146708872846, -32.299289284679986, -29.413421401939924, 9.745639639952746, 7.843865590689221]","[0.14818071869407862, 6.965687463033589, 7.971868976919144, 5.980974739921751, -32.302021143195844, -29.240287923247834, 10.721680969087602, 7.031814907279831, -0.5492013890510199]",0.0995561928
771990200,951010028,HVA,VISrl,calibration,aperture,10,-25,200,222.5849,267.36633,-43.5485946,-60,9.32826185,27.5366899,1118.7107,0.80381752,0.731504821,15,True,-20,-49.4831101,-60,28.9207732,9.29602052,74.5631953,3.1110918,1170.87977,0.802415726,0.728242215,39,0.00326260589,0.00140179308,False,False,"[0.08649356471707746, 0.5013962810006006, 0.6894371328076677, 0.4099229034135173, -43.54859459822031, -59.99999999815179, 9.328261853850465, 27.53668989499958]","[0.08396156694129708, 0.5130808566086733, 0.6553112426479041, 0.3641112311912379, -49.48311014942694, -59.99999999999999, 28.920773205596326, 9.296020521242646, 1.301373259092327]",4.44607469
771990200,951010028,HVA,VISrl,calibration,point,10,-25,200,222.5849,267.36633,-43.1110285,-60,10.4231846,27.9969513,1270.91499,0.803812941,0.73150424,16,True,-20,-49.3530392,-60,29.231714,10.7011106,75.0380314,2.73165235,1362.34927,0.80249616,0.728340109,30,0.00316413107,0.00131678072,False,False,"[0.08648349229699155, 0.49673431166303517, 0.6831721644932268, 0.40614083160768627, -43.111028474983236, -59.99999999845169, 10.423184629353072, 27.99695133387178]","[0.08401449452400181, 0.5155346192228129, 0.6598819374991094, 0.3676677536601887, -49.3530391599856, -59.99999999999999, 29.231713967925153, 10.7011106105661, 1.3096607122141375]",0.318581913
771990200,951010075,HVA,VISrl,calibration,aperture,14,-18,500,-7.3273802,-7.7868081,-37.440362,-26.2288979,18.5055777,7.44105071,599.711311,0.907370482,0.871170565,9,False,2.55963804,-38.959563,-25.2971992,20.1877207,7.23474791,-8.77220673,2.79038343,636.086266,0.904668149,0.875429941,9,-0.00425937606,0.00270233311,False,False,"[0.13291814922002304, 1.7299211912357928, 1.3555369382603502, 1.537958190232316, -37.44036195584493, -26.228897893004607, 18.50557766480644, 7.441050712611862]","[0.13181266652126092, 1.7338408200072248, 1.3699160565539892, 1.5716784212861736, -38.959563002110244, -25.297199246669788, 20.187720654925464, 7.234747905863511, -0.15310389016845471]",1.89159758
771990200,951010075,HVA,VISrl,calibration,point,14,-18,500,-7.3273802,-7.7868081,-37.4222668,-26.2449724,19.161608,9.06256168,756.289821,0.906969187,0.870757742,8,False,2.5777332,-38.9004883,-25.3410717,20.7842018,8.9633909,-8.63772399,2.31878784,811.355187,0.904201278,0.874449695,9,-0.00369195335,0.00276790924,False,False,"[0.13274302604894989, 1.7499170175197192, 1.3703602003844912, 1.5551295273344907, -37.42226679724452, -26.244972396324645, 19.161607956358296, 9.062561681416339]","[0.13125648842660506, 1.7461589877918182, 1.377824178596337, 1.5817302026626214, -38.90048832971756, -25.341071747420585, 20.784201829314107, 8.96339089902274, -0.1507567235344731]",0.118788765
771990200,951010129,HVA,VISrl,evaluation,aperture,15,-15,400,-10.462551,-31.855015,-40.4781716,-24.4953116,17.3969189,6.80235329,515.391025,1.12908737,0.931594885,10,False,-0.478171608,-42.9989467,-22.1730307,20.0642543,6.26933569,-14.6595084,3.20037964,547.835131,1.11164162,0.903035231,8,0.0285596547,0.0174457479,False,False,"[0.20763536681060016, 3.0583307135995477, 4.022469953017951, 5.412121528183122, -40.47817160767722, -24.49531164969934, 17.396918859551565, 6.8023532895159455]","[0.20397946363975314, 3.1644163708135764, 4.21409408591932, 5.657650014179733, -42.998946745950036, -22.173030726927216, 20.06425432905123, 6.269335692691363, -0.2558566880418722]",1.64740108
771990200,951010129,HVA,VISrl,evaluation,point,15,-15,400,-10.462551,-31.855015,-40.342545,-24.4361213,18.0104461,8.52511825,668.69829,1.12832444,0.930285838,9,False,-0.342545045,-42.7906692,-22.1675012,20.5872065,8.18588698,-14.7210229,2.51496344,733.953411,1.11094441,0.90065035,10,0.029635488,0.0173800244,False,False,"[0.20733455789471594, 3.1089849072660836, 4.088552657086694, 5.508426528226159, -40.34254504530808, -24.43612130893497, 18.010446144772704, 8.525118253802328]","[0.2026286468777377, 3.2075825889858898, 4.261927107051771, 5.723089942357696, -42.79066924748423, -22.167501169848865, 20.587206458794714, 8.185886976348984, -0.25693031900803676]",0.0978759392
771990200,951010149,HVA,VISrl,evaluation,aperture,10,-15,200,178.46867,-44.790508,-60,-27.9911938,21.7527438,2,189.473889,0.0414690372,0.0329832875,20,True,-20,-60,-25.4570832,24.6801978,2,-5.61511872,12.3400989,214.973022,0.0405893609,0.0334706956,31,-0.000487408176,0.000879676343,True,False,"[0.0010771529608800054, 0.11630148025900237, 0.06399168114307019, 0.0795378170612936, -59.99999999999759, -27.99119376416333, 21.752743822922966, 2.0000000000000004]","[0.0008520137069232594, 0.09163264094244561, 0.061331032367588904, 0.07764373337008913, -59.99999999999999, -25.45708319727966, 24.68019779684673, 2.0000000000000004, -0.09800230948530908]",6.32583697
771990200,951010149,HVA,VISrl,evaluation,point,10,-15,200,178.46867,-44.790508,-60,-26.0415094,21.7621869,3.78572738,358.803939,0.0414351704,0.0340090614,27,True,-20,-60,-14.0892217,33.2350792,2,-24.1679097,16.6175396,289.488985,0.0428391996,0.0513102415,65,-0.01730118,-0.00140402921,True,False,"[0.001254765333706829, 0.2166703055742663, 0.110902745279564, 0.13844182228577864, -59.99999999999907, -26.04150936900423, 21.76218692403102, 3.7857273797849054]","[0.0016701502132457217, 3.6057435477788175e-24, 0.14178822318873952, 0.2444693208898606, -59.999999995150155, -14.089221691800457, 33.23507919610396, 2.0000000000000004, -0.4218095980507628]",0.536130117
771990200,951010172,HVA,VISrl,evaluation,aperture,12.5,-10,400,-5.5710742,-9.6852379,-40.2910634,-20.9551569,14.5445767,10.4323342,660.827196,1.14291594,1.15475211,10,False,-0.291063411,-55.7057109,-12.947021,26.0309688,9.30727654,-24.1833955,2.79684059,1055.1599,1.1280584,1.12694968,31,0.0278024254,0.0148575411,False,False,"[0.21214768233897652, 3.0045775021621077, 2.4926282754093263, 2.37013954536344, -40.29106341099999, -20.955156920433097, 14.544576711628618, 10.43233422236123]","[0.20002678000955593, 3.638643497821401, 3.260570854237216, 3.277581086565159, -55.70571088510876, -12.947020962537117, 26.030968810219672, 9.307276541710657, -0.42207987587436957]",4.78619907
771990200,951010172,HVA,VISrl,evaluation,point,12.5,-10,400,-5.5710742,-9.6852379,-40.2433279,-20.9804328,15.3892369,11.6081977,778.013639,1.14274938,1.15459837,10,False,-0.243327918,-57.6067896,-12.2207018,27.3955109,10.6072286,-23.9960284,2.58272089,1265.57143,1.12745355,1.12616779,35,0.0284305823,0.0152958296,False,False,"[0.21196246302727215, 3.0148451370255, 2.503501791022131, 2.382030727419996, -40.24332791804361, -20.980432818329046, 15.389236927267659, 11.608197670354723]","[0.19916568609557708, 3.80012374530191, 3.4100134156216457, 3.435070869125471, -57.60678962247966, -12.220701824504525, 27.395510873678493, 10.607228601462978, -0.41880970256873185]",0.321018313
771990200,951010207,HVA,VISrl,calibration,aperture,17.778,-18.889,900,5.3180606,0.68015993,-32.0476252,-27.4308762,14.8096194,12.9028689,832.21495,1.8644496,1.83404758,9,False,7.9523748,-33.4781074,-24.191411,25.2134955,8.83466677,-38.7311766,2.85392716,970.126932,1.8077427,1.77601185,10,0.0580357277,0.0567068945,False,False,"[0.3504825384986143, 2.6547520122689137, 2.719882222798202, 3.9366211102693582, -32.04762519832524, -27.430876247375735, 14.809619416995883, 12.90286894164968]","[0.3480869687733764, 2.8124307682480185, 2.812599919192809, 4.068025152542846, -33.47810736977765, -24.191410975999194, 25.213495492141902, 8.83466677153244, -0.67598655409014]",1.58317444
771990200,951010207,HVA,VISrl,calibration,point,17.778,-18.889,900,5.3180606,0.68015993,-32.0397526,-27.4226755,15.6579743,13.8649406,945.494309,1.86442604,1.83406839,8,False,7.96024744,-33.5492131,-24.1609747,25.8318988,10.2367058,-38.7308975,2.52345816,1151.65363,1.80751345,1.77572356,10,0.0583448255,0.0569125956,False,False,"[0.35023041352133477, 2.660338501874351, 2.7258970282472834, 3.9454205282345147, -32.03975255740738, -27.42267551227711, 15.657974333739336, 13.864940592292658]","[0.3472171909422238, 2.82310724292441, 2.8258614272390767, 4.083444546000028, -33.54921313315824, -24.160974722493414, 25.831898774708723, 10.23670577876305, -0.6759816844849651]",0.108262688
771990200,951010226,HVA,VISrl,calibration,aperture,15,-20,600,-19.134802,-94.610653,-35.6749519,-27.3680188,15.8537029,11.6890709,807.078978,1.65929238,1.57534409,10,False,4.32504811,-38.3926539,-23.9236876,22.5002569,10.0502415,-29.4479629,2.23877773,984.848223,1.62759687,1.51773006,10,0.0576140341,0.0316955115,False,False,"[0.38649516530839584, 3.709456952626111, 3.7466571224279384, 5.300352769574643, -35.67495189173169, -27.368018832465335, 15.85370287231393, 11.689070864926835]","[0.37834436889342565, 3.6364090916568337, 3.778178690161426, 5.345817525381856, -38.39265391649141, -23.92368762553697, 22.50025690844597, 10.050241533469695, -0.513963910504293]",1.78654789
771990200,951010226,HVA,VISrl,calibration,point,15,-20,600,-19.134802,-94.610653,-35.6431484,-27.3571206,16.6245585,12.7073979,920.051374,1.65915968,1.5753192,10,False,4.35685163,-38.4949836,-23.8953954,23.1030755,11.27154,-29.2880333,2.04968225,1134.11837,1.62737224,1.51746958,14,0.0578496221,0.0317874405,False,False,"[0.3865377323944627, 3.7252280221744356, 3.7638632109387533, 5.326303658650101, -35.64314837200783, -27.357120569312727, 16.624558480799823, 12.707397891324538]","[0.37777517447952835, 3.65607713679376, 3.7977429277583936, 5.373808871284428, -38.49498355452173, -23.895395439136244, 23.103075527427343, 11.271540008778086, -0.5111726132307304]",0.118682318
771990200,951010243,HVA,VISrl,calibration,aperture,15,-20,600,-16.2967,-42.531744,-39.7840024,-26.6156863,18.0129718,11.140893,873.998529,1.7272615,1.85308572,8,False,0.215997598,-50.8276072,-17.9679418,29.9978523,9.19843718,-26.4959373,3.26119011,1201.73729,1.68392819,1.80020306,12,0.0528826587,0.0433333057,False,False,"[0.339774498413988, 4.22131040332367, 3.974053274082071, 5.342575321704301, -39.784002402467955, -26.615686253712038, 18.01297181083763, 11.140892994472495]","[0.3308408071104091, 4.810847358279676, 4.5743245590635695, 6.179350612937383, -50.82760722593025, -17.967941792776653, 29.99785231596434, 9.19843717852356, -0.4624413435856687]",2.07923344
771990200,951010243,HVA,VISrl,calibration,point,15,-20,600,-16.2967,-42.531744,-39.7130291,-26.6125271,18.6630272,12.2197533,993.230068,1.72712451,1.85318241,8,False,0.286970907,-51.0943379,-17.8768235,30.5183356,10.4971963,-26.3891029,2.90728447,1395.20971,1.68348504,1.8002515,17,0.0529309068,0.0436394674,False,False,"[0.33983040220695715, 4.236439667144413, 3.9906337394069546, 5.36530529391449, -39.71302909301855, -26.612527066433124, 18.66302724470344, 12.219753325903826]","[0.33034907484909887, 4.863513861418653, 4.6305162315146475, 6.251354107334904, -51.09433793997201, -17.876823509548704, 30.518335631260282, 10.497196259146655, -0.46057673309342917]",0.141867939
771990200,951010280,HVA,VISrl,evaluation,aperture,25,-30,200,-70.173233,-9.3741864,-28.1866191,-53.0107049,2,2.00005489,17.4211669,0.24402776,0.346045496,38,True,-13.0107049,-28.1095039,-53.3160264,2.00004138,2,-81.8106793,1.00002069,17.4210491,0.244031952,0.346057995,23,-1.24985903e-05,-4.19251079e-06,True,False,"[0.02113417465326758, 1.3084191853328864, 2.30941529514921, 12.018908021592166, -28.186619080236945, -53.01070485354087, 2.000000000291324, 2.000054892401823]","[0.021136859198355916, 1.8178016954440412, 3.212970585391247, 16.740546576741032, -28.10950390218056, -53.31602637327543, 2.0000413760591784, 2.0000000000000004, -1.4278657179418195]",2.522015
771990200,951010280,HVA,VISrl,evaluation,point,25,-30,200,-70.173233,-9.3741864,-26.790571,-48.8178317,2.49535465,3.31725679,36.0509487,0.244038375,0.346095698,42,False,-8.8178317,-26.2492542,-47.2766741,2.77411831,2.50102303,-57.6216126,1.10919343,30.2167672,0.244038727,0.346096308,22,-6.09333735e-07,-3.52398549e-07,False,False,"[0.021144168429602282, 4.971683238499012, 8.815081380339906, 46.03090405224284, -26.790570953153566, -48.817831701405126, 2.495354645360603, 3.317256790373651]","[0.02114402755677143, 4.981570110704843, 8.831771171299664, 46.11494150901431, -26.249254238876535, -47.27667410379988, 2.774118305865258, 2.5010230327307705, -1.0056868607228981]",0.235712827
771990200,951010301,HVA,VISrl,calibration,aperture,18.75,-21.25,800,-8.7608768,-18.440617,-31.206394,-29.9715089,11.7779615,2.13453375,109.491016,0.576278995,0.566742103,21,False,8.79360597,-37.1634622,-28.1963209,23.1013722,2.91667226,-14.8474781,7.92045529,293.447719,0.555232175,0.558320889,20,0.00842121425,0.0210468205,False,False,"[0.0619907523940572, 0.3249902284260762, 0.7049111222189706, 1.3496795910936568, -31.206394025892074, -29.971508882778085, 11.777961534056855, 2.1345337498218204]","[0.05355058744429758, 0.33055902277133553, 0.6211808514193332, 1.1077933217908216, -37.16346224700281, -28.196320895562295, 23.101372225932472, 2.916672259899537, -0.25913737826328065]",3.03302104
771990200,951010301,HVA,VISrl,calibration,point,18.75,-21.25,800,-8.7608768,-18.440617,-30.9967311,-29.987814,12.7000549,6.14050924,339.637251,0.575897701,0.56633846,18,False,9.0032689,-37.0347247,-27.5529697,24.5853504,5.34173788,-17.171396,4.60250033,571.958218,0.554014445,0.561692092,12,0.00464636862,0.0218832564,False,False,"[0.06183737428607106, 0.32865912457165347, 0.7173128194811664, 1.38144877735976, -30.99673110287887, -29.987814037592365, 12.700054920723373, 6.140509239938058]","[0.05541587530719852, 0.35516079082338076, 0.7247841113078413, 1.3117154780474996, -37.03472471497232, -27.552969723003105, 24.585350352289243, 5.341737877074769, -0.29969739693146513]",0.142240611
