stimulus_presentation_id,stimulus_block,start_time,stop_time,contrast,phase,size,spatial_frequency,orientation,y_position,color,stimulus_name,x_position,frame,temporal_frequency,duration,stimulus_condition_id,gaze_dx_deg,gaze_dy_deg,gaze_samples,gaze_within_trial_sd_deg,valid_gaze,repeat_index_within_condition,trial_split,orientation_index
1,0.0,84.942787,85.176306,0.8,"[3644.93333333, 3644.93333333]","[20.0, 20.0]",0.08,90.0,-10.0,null,gabors,20.0,null,4.0,0.23351928,1,-0.22111805,0.57660857,7,0.12328026,True,0,train,2
2,0.0,85.176306,85.426505,0.8,"[3644.93333333, 3644.93333333]","[20.0, 20.0]",0.08,0.0,40.0,null,gabors,30.0,null,4.0,0.25019923,2,-0.40646723,0.58797016,8,0.091402024,True,0,train,0
3,0.0,85.426505,85.676704,0.8,"[3644.93333333, 3644.93333333]","[20.0, 20.0]",0.08,45.0,-30.0,null,gabors,40.0,null,4.0,0.25019923,3,-0.46333548,0.56837704,7,0.10229572,True,0,train,1
4,0.0,85.676704,85.926904,0.8,"[3644.93333333, 3644.93333333]","[20.0, 20.0]",0.08,90.0,-40.0,null,gabors,0.0,null,4.0,0.25019923,4,-0.42578399,0.73200674,8,0.19598107,True,0,train,2
5,0.0,85.926904,86.177122,0.8,"[3644.93333333, 3644.93333333]","[20.0, 20.0]",0.08,45.0,10.0,null,gabors,-40.0,null,4.0,0.25021826,5,-0.69889771,0.88897364,7,0.14819022,True,0,train,1
6,0.0,86.177122,86.42734,0.8,"[3644.93333333, 3644.93333333]","[20.0, 20.0]",0.08,0.0,30.0,null,gabors,30.0,null,4.0,0.25021826,6,-0.66243987,0.52071276,8,0.13913342,True,0,train,0
7,0.0,86.42734,86.677558,0.8,"[3644.93333333, 3644.93333333]","[20.0, 20.0]",0.08,90.0,0.0,null,gabors,-10.0,null,4.0,0.25021826,7,-0.5354367,0.73321601,7,0.13020623,True,0,train,2
8,0.0,86.677558,86.927777,0.8,"[3644.93333333, 3644.93333333]","[20.0, 20.0]",0.08,45.0,0.0,null,gabors,-10.0,null,4.0,0.25021826,8,-0.48361508,0.70890851,8,0.05914648,True,0,train,1
9,0.0,86.927777,87.177973,0.8,"[3644.93333333, 3644.93333333]","[20.0, 20.0]",0.08,45.0,10.0,null,gabors,-30.0,null,4.0,0.25019674,9,-0.57257961,0.64761142,7,0.1100101,True,0,train,1
10,0.0,87.177973,87.42817,0.8,"[3644.93333333, 3644.93333333]","[20.0, 20.0]",0.08,90.0,20.0,null,gabors,30.0,null,4.0,0.25019674,10,-0.4681094,0.69695405,8,0.08421615,True,0,train,2
11,0.0,87.42817,87.678367,0.8,"[3644.93333333, 3644.93333333]","[20.0, 20.0]",0.08,0.0,-20.0,null,gabors,30.0,null,4.0,0.25019674,11,-0.52923526,0.70772274,7,0.093634489,True,0,train,0
12,0.0,87.678367,87.928564,0.8,"[3644.93333333, 3644.93333333]","[20.0, 20.0]",0.08,0.0,-30.0,null,gabors,-40.0,null,4.0,0.25019674,12,-0.76647012,0.91126288,8,0.15761962,True,0,train,0
13,0.0,87.928564,88.178779,0.8,"[3644.93333333, 3644.93333333]","[20.0, 20.0]",0.08,90.0,40.0,null,gabors,-30.0,null,4.0,0.25021576,13,-0.82744743,0.98452996,7,0.092823222,True,0,train,2
14,0.0,88.178779,88.428995,0.8,"[3644.93333333, 3644.93333333]","[20.0, 20.0]",0.08,0.0,40.0,null,gabors,20.0,null,4.0,0.25021576,14,-0.55737515,0.88424667,8,0.1923948,True,0,train,0
15,0.0,88.428995,88.679211,0.8,"[3644.93333333, 3644.93333333]","[20.0, 20.0]",0.08,0.0,-40.0,null,gabors,10.0,null,4.0,0.25021576,15,-0.38402981,0.82553717,7,0.074365503,True,0,train,0
16,0.0,88.679211,88.929427,0.8,"[3644.93333333, 3644.93333333]","[20.0, 20.0]",0.08,0.0,30.0,null,gabors,-30.0,null,4.0,0.25021576,16,-0.45210338,0.92957193,8,0.10686632,True,0,train,0
17,0.0,88.929427,89.179633,0.8,"[3644.93333333, 3644.93333333]","[20.0, 20.0]",0.08,90.0,10.0,null,gabors,0.0,null,4.0,0.25020674,17,-0.50483456,0.93619135,7,0.087640486,True,0,train,2
18,0.0,89.179633,89.42984,0.8,"[3644.93333333, 3644.93333333]","[20.0, 20.0]",0.08,90.0,-20.0,null,gabors,20.0,null,4.0,0.25020674,18,-0.55903209,0.98830171,8,0.11094633,True,0,train,2
19,0.0,89.42984,89.680047,0.8,"[3644.93333333, 3644.93333333]","[20.0, 20.0]",0.08,0.0,30.0,null,gabors,30.0,null,4.0,0.25020674,6,-0.49753269,0.99409023,7,0.11871497,True,1,train,0
20,0.0,89.680047,89.930254,0.8,"[3644.93333333, 3644.93333333]","[20.0, 20.0]",0.08,90.0,0.0,null,gabors,40.0,null,4.0,0.25020674,19,-0.48504087,0.97072003,8,0.074066197,True,0,train,2
21,0.0,89.930254,90.180477,0.8,"[3644.93333333, 3644.93333333]","[20.0, 20.0]",0.08,0.0,-40.0,null,gabors,10.0,null,4.0,0.25022326,15,-0.74801023,0.97596781,7,0.090652919,True,1,train,0
22,0.0,90.180477,90.4307,0.8,"[3644.93333333, 3644.93333333]","[20.0, 20.0]",0.08,90.0,10.0,null,gabors,10.0,null,4.0,0.25022326,20,-0.71915217,0.89131392,8,0.13547721,True,0,train,2
23,0.0,90.4307,90.680923,0.8,"[3644.93333333, 3644.93333333]","[20.0, 20.0]",0.08,45.0,10.0,null,gabors,-30.0,null,4.0,0.25022326,9,-0.8478378,0.90726879,7,0.11270904,True,1,train,1
24,0.0,90.680923,90.931147,0.8,"[3644.93333333, 3644.93333333]","[20.0, 20.0]",0.08,90.0,40.0,null,gabors,-40.0,null,4.0,0.25022326,21,-0.88193101,0.87146755,8,0.10839385,True,0,train,2
25,0.0,90.931147,91.181338,0.8,"[3644.93333333, 3644.93333333]","[20.0, 20.0]",0.08,90.0,-40.0,null,gabors,-10.0,null,4.0,0.25019174,22,-0.79563546,0.80248613,7,0.13236197,True,0,train,2
26,0.0,91.181338,91.43153,0.8,"[3644.93333333, 3644.93333333]","[20.0, 20.0]",0.08,45.0,10.0,null,gabors,-20.0,null,4.0,0.25019174,23,-0.77103192,0.89073565,8,0.12067486,True,0,train,1
27,0.0,91.43153,91.681722,0.8,"[3644.93333333, 3644.93333333]","[20.0, 20.0]",0.08,45.0,0.0,null,gabors,20.0,null,4.0,0.25019174,24,-0.57135855,0.85330409,7,0.10835188,True,0,train,1
28,0.0,91.681722,91.931914,0.8,"[3644.93333333, 3644.93333333]","[20.0, 20.0]",0.08,90.0,-20.0,null,gabors,-20.0,null,4.0,0.25019174,25,-0.69781504,1.0125299,8,0.12096156,True,0,train,2
29,0.0,91.931914,92.182139,0.8,"[3644.93333333, 3644.93333333]","[20.0, 20.0]",0.08,0.0,-40.0,null,gabors,10.0,null,4.0,0.25022576,15,-0.71970165,0.9064688,7,0.045037658,True,2,test,0
30,0.0,92.182139,92.432365,0.8,"[3644.93333333, 3644.93333333]","[20.0, 20.0]",0.08,90.0,-30.0,null,gabors,-10.0,null,4.0,0.25022576,26,-0.78200399,0.908814,8,0.10786117,True,0,train,2
31,0.0,92.432365,92.682591,0.8,"[3644.93333333, 3644.93333333]","[20.0, 20.0]",0.08,90.0,30.0,null,gabors,-40.0,null,4.0,0.25022576,27,-0.79294646,0.99154251,7,0.081563716,True,0,train,2
32,0.0,92.682591,92.932817,0.8,"[3644.93333333, 3644.93333333]","[20.0, 20.0]",0.08,0.0,-10.0,null,gabors,20.0,null,4.0,0.25022576,28,-0.95895942,0.90433697,8,0.0947428,True,0,train,0
33,0.0,92.932817,93.183011,0.8,"[3644.93333333, 3644.93333333]","[20.0, 20.0]",0.08,90.0,40.0,null,gabors,-30.0,null,4.0,0.25019424,13,-0.84503583,0.66369023,7,0.15412896,True,1,train,2
34,0.0,93.183011,93.433205,0.8,"[3644.93333333, 3644.93333333]","[20.0, 20.0]",0.08,90.0,-10.0,null,gabors,40.0,null,4.0,0.25019424,29,-0.75167291,1.0984462,8,0.072867225,True,0,train,2
35,0.0,93.433205,93.683399,0.8,"[3644.93333333, 3644.93333333]","[20.0, 20.0]",0.08,90.0,20.0,null,gabors,-10.0,null,4.0,0.25019424,30,-0.57780438,0.94843955,7,0.069228947,True,0,train,2
36,0.0,93.683399,93.933594,0.8,"[3644.93333333, 3644.93333333]","[20.0, 20.0]",0.08,45.0,10.0,null,gabors,-10.0,null,4.0,0.25019424,31,-0.46490786,0.82756261,8,0.11714859,True,0,train,1
37,0.0,93.933594,94.183809,0.8,"[3644.93333333, 3644.93333333]","[20.0, 20.0]",0.08,90.0,-10.0,null,gabors,-10.0,null,4.0,0.25021576,32,-0.516695,0.81985122,7,0.065457052,True,0,train,2
38,0.0,94.183809,94.434025,0.8,"[3644.93333333, 3644.93333333]","[20.0, 20.0]",0.08,0.0,-20.0,null,gabors,40.0,null,4.0,0.25021576,33,-0.56607691,0.80622951,8,0.08085233,True,0,train,0
39,0.0,94.434025,94.684241,0.8,"[3644.93333333, 3644.93333333]","[20.0, 20.0]",0.08,90.0,-20.0,null,gabors,-40.0,null,4.0,0.25021576,34,-0.64701203,0.973138,7,0.11339917,True,0,train,2
40,0.0,94.684241,94.934457,0.8,"[3644.93333333, 3644.93333333]","[20.0, 20.0]",0.08,0.0,-20.0,null,gabors,40.0,null,4.0,0.25021576,33,-0.62782161,1.0028362,8,0.14550537,True,1,train,0
41,0.0,94.934457,95.184658,0.8,"[3644.93333333, 3644.93333333]","[20.0, 20.0]",0.08,0.0,10.0,null,gabors,-20.0,null,4.0,0.25020174,35,-0.62932707,0.90698062,7,0.095313875,True,0,train,0
42,0.0,95.184658,95.43486,0.8,"[3644.93333333, 3644.93333333]","[20.0, 20.0]",0.08,45.0,30.0,null,gabors,-40.0,null,4.0,0.25020174,36,-0.69713535,0.86046161,8,0.069680135,True,0,train,1
43,0.0,95.43486,95.685062,0.8,"[3644.93333333, 3644.93333333]","[20.0, 20.0]",0.08,90.0,30.0,null,gabors,0.0,null,4.0,0.25020174,37,-0.65039055,0.81814866,7,0.075187589,True,0,train,2
44,0.0,95.685062,95.935264,0.8,"[3644.93333333, 3644.93333333]","[20.0, 20.0]",0.08,45.0,0.0,null,gabors,10.0,null,4.0,0.25020174,38,-0.77584997,0.89387686,8,0.13459543,True,0,train,1
45,0.0,95.935264,96.185479,0.8,"[3644.93333333, 3644.93333333]","[20.0, 20.0]",0.08,45.0,-10.0,null,gabors,40.0,null,4.0,0.25021576,39,-0.9778888,0.85801805,7,0.078405575,True,0,train,1
46,0.0,96.185479,96.435695,0.8,"[3644.93333333, 3644.93333333]","[20.0, 20.0]",0.08,90.0,30.0,null,gabors,10.0,null,4.0,0.25021576,40,-0.92940592,0.894281,8,0.10316619,True,0,train,2
47,0.0,96.435695,96.685911,0.8,"[3644.93333333, 3644.93333333]","[20.0, 20.0]",0.08,45.0,10.0,null,gabors,-10.0,null,4.0,0.25021576,31,-0.78609326,0.88168825,7,0.071118939,True,1,train,1
48,0.0,96.685911,96.936127,0.8,"[3644.93333333, 3644.93333333]","[20.0, 20.0]",0.08,45.0,-30.0,null,gabors,-10.0,null,4.0,0.25021576,41,-0.76322762,0.83985131,8,0.16648205,True,0,train,1
49,0.0,96.936127,97.186328,0.8,"[3644.93333333, 3644.93333333]","[20.0, 20.0]",0.08,0.0,20.0,null,gabors,30.0,null,4.0,0.25020174,42,-0.58496315,0.68022262,7,0.10241388,True,0,train,0
50,0.0,97.186328,97.43653,0.8,"[3644.93333333, 3644.93333333]","[20.0, 20.0]",0.08,0.0,-30.0,null,gabors,10.0,null,4.0,0.25020174,43,-0.50862861,0.87207885,8,0.15334893,True,0,train,0
51,0.0,97.43653,97.686732,0.8,"[3644.93333333, 3644.93333333]","[20.0, 20.0]",0.08,90.0,-30.0,null,gabors,-20.0,null,4.0,0.25020174,44,-0.56177706,0.73754117,7,0.13254811,True,0,train,2
52,0.0,97.686732,97.936934,0.8,"[3644.93333333, 3644.93333333]","[20.0, 20.0]",0.08,45.0,-20.0,null,gabors,-40.0,null,4.0,0.25020174,45,-0.50913493,0.90513524,8,0.12380901,True,0,train,1
53,0.0,97.936934,98.187144,0.8,"[3644.93333333, 3644.93333333]","[20.0, 20.0]",0.08,45.0,0.0,null,gabors,-30.0,null,4.0,0.25021076,46,-0.48521348,0.8853105,7,0.070722743,True,0,train,1
54,0.0,98.187144,98.437355,0.8,"[3644.93333333, 3644.93333333]","[20.0, 20.0]",0.08,90.0,-40.0,null,gabors,-10.0,null,4.0,0.25021076,22,-0.38616351,1.0520994,8,0.095482668,True,1,train,2
55,0.0,98.437355,98.687566,0.8,"[3644.93333333, 3644.93333333]","[20.0, 20.0]",0.08,45.0,-10.0,null,gabors,20.0,null,4.0,0.25021076,47,-0.62348143,0.91882678,7,0.11435177,True,0,train,1
56,0.0,98.687566,98.937777,0.8,"[3644.93333333, 3644.93333333]","[20.0, 20.0]",0.08,90.0,40.0,null,gabors,40.0,null,4.0,0.25021076,48,-0.47213455,0.76292927,8,0.10464685,True,0,train,2
57,0.0,98.937777,99.187983,0.8,"[3644.93333333, 3644.93333333]","[20.0, 20.0]",0.08,45.0,30.0,null,gabors,20.0,null,4.0,0.25020674,49,-0.46064558,0.96847178,7,0.13043333,True,0,train,1
58,0.0,99.187983,99.43819,0.8,"[3644.93333333, 3644.93333333]","[20.0, 20.0]",0.08,90.0,-30.0,null,gabors,-10.0,null,4.0,0.25020674,26,-0.38784643,0.82322832,8,0.068822855,True,1,train,2
59,0.0,99.43819,99.688397,0.8,"[3644.93333333, 3644.93333333]","[20.0, 20.0]",0.08,45.0,-40.0,null,gabors,10.0,null,4.0,0.25020674,50,-0.52484907,0.9704934,7,0.089813746,True,0,train,1
60,0.0,99.688397,99.938604,0.8,"[3644.93333333, 3644.93333333]","[20.0, 20.0]",0.08,90.0,40.0,null,gabors,-10.0,null,4.0,0.25020674,51,-0.61802748,0.93892485,8,0.065969518,True,0,train,2
61,0.0,99.938604,100.18882,0.8,"[3644.93333333, 3644.93333333]","[20.0, 20.0]",0.08,45.0,0.0,null,gabors,20.0,null,4.0,0.25022076,24,-0.56701988,0.89746753,7,0.10176328,True,1,train,1
62,0.0,100.18882,100.43905,0.8,"[3644.93333333, 3644.93333333]","[20.0, 20.0]",0.08,90.0,40.0,null,gabors,10.0,null,4.0,0.25022076,52,-0.59062528,0.91268686,8,0.15171314,True,0,train,2
63,0.0,100.43905,100.68927,0.8,"[3644.93333333, 3644.93333333]","[20.0, 20.0]",0.08,45.0,-10.0,null,gabors,20.0,null,4.0,0.25022076,47,-0.73415527,0.89742197,7,0.14737128,True,1,train,1
64,0.0,100.68927,100.93949,0.8,"[3644.93333333, 3644.93333333]","[20.0, 20.0]",0.08,45.0,40.0,null,gabors,30.0,null,4.0,0.25022076,53,-0.85512331,0.84935018,8,0.10970711,True,0,train,1
65,0.0,100.93949,101.18969,0.8,"[3644.93333333, 3644.93333333]","[20.0, 20.0]",0.08,0.0,30.0,null,gabors,40.0,null,4.0,0.25019924,54,-0.65128394,0.87594727,7,0.1506134,True,0,train,0
66,0.0,101.18969,101.43989,0.8,"[3644.93333333, 3644.93333333]","[20.0, 20.0]",0.08,0.0,0.0,null,gabors,30.0,null,4.0,0.25019924,55,-0.69689412,0.95449475,8,0.1099785,True,0,train,0
67,0.0,101.43989,101.69008,0.8,"[3644.93333333, 3644.93333333]","[20.0, 20.0]",0.08,90.0,0.0,null,gabors,20.0,null,4.0,0.25019924,56,-0.61551344,0.89939652,7,0.07438059,True,0,train,2
68,0.0,101.69008,101.94028,0.8,"[3644.93333333, 3644.93333333]","[20.0, 20.0]",0.08,90.0,-40.0,null,gabors,10.0,null,4.0,0.25019924,57,-0.59840474,0.90263711,8,0.068138366,True,0,train,2
69,0.0,101.94028,102.19049,0.8,"[3644.93333333, 3644.93333333]","[20.0, 20.0]",0.08,0.0,0.0,null,gabors,10.0,null,4.0,0.25020576,58,-0.55952047,0.9940924,7,0.085481837,True,0,train,0
70,0.0,102.19049,102.4407,0.8,"[3644.93333333, 3644.93333333]","[20.0, 20.0]",0.08,45.0,30.0,null,gabors,30.0,null,4.0,0.25020576,59,-0.44765022,1.1207582,8,0.096426571,True,0,train,1
71,0.0,102.4407,102.6909,0.8,"[3644.93333333, 3644.93333333]","[20.0, 20.0]",0.08,0.0,-10.0,null,gabors,40.0,null,4.0,0.25020576,60,-0.44493368,1.0949528,7,0.11803704,True,0,train,0
72,0.0,102.6909,102.94111,0.8,"[3644.93333333, 3644.93333333]","[20.0, 20.0]",0.08,90.0,-40.0,null,gabors,20.0,null,4.0,0.25020576,61,-0.44075119,0.98273065,8,0.15575197,True,0,train,2
73,0.0,102.94111,103.19132,0.8,"[3644.93333333, 3644.93333333]","[20.0, 20.0]",0.08,45.0,-40.0,null,gabors,-30.0,null,4.0,0.25021174,62,-0.31823649,0.79134003,7,0.14626129,True,0,train,1
74,0.0,103.19132,103.44153,0.8,"[3644.93333333, 3644.93333333]","[20.0, 20.0]",0.08,45.0,-40.0,null,gabors,30.0,null,4.0,0.25021174,63,-0.31482052,0.79354777,8,0.10135826,True,0,train,1
75,0.0,103.44153,103.69174,0.8,"[3644.93333333, 3644.93333333]","[20.0, 20.0]",0.08,45.0,0.0,null,gabors,30.0,null,4.0,0.25021174,64,-0.38262463,0.94390825,7,0.12780905,True,0,train,1
76,0.0,103.69174,103.94195,0.8,"[3644.93333333, 3644.93333333]","[20.0, 20.0]",0.08,0.0,30.0,null,gabors,-10.0,null,4.0,0.25021174,65,-0.42990336,1.0303713,8,0.11578854,True,0,train,0
77,0.0,103.94195,104.19217,0.8,"[3644.93333333, 3644.93333333]","[20.0, 20.0]",0.08,90.0,0.0,null,gabors,0.0,null,4.0,0.25021576,66,-0.5923959,1.1746353,7,0.15115995,True,0,train,2
78,0.0,104.19217,104.44239,0.8,"[3644.93333333, 3644.93333333]","[20.0, 20.0]",0.08,0.0,40.0,null,gabors,-10.0,null,4.0,0.25021576,67,-0.4882452,1.0857951,7,0.15223063,True,0,train,0
79,0.0,104.44239,104.6926,0.8,"[3644.93333333, 3644.93333333]","[20.0, 20.0]",0.08,90.0,-40.0,null,gabors,-10.0,null,4.0,0.25021576,22,-0.58242003,1.224108,7,0.07597344,True,2,test,2
80,0.0,104.6926,104.94282,0.8,"[3644.93333333, 3644.93333333]","[20.0, 20.0]",0.08,45.0,30.0,null,gabors,30.0,null,4.0,0.25021576,59,-0.51741491,1.1553413,7,0.097716752,True,1,train,1
81,0.0,104.94282,105.19302,0.8,"[3644.93333333, 3644.93333333]","[20.0, 20.0]",0.08,90.0,10.0,null,gabors,20.0,null,4.0,0.25019924,68,-0.54687562,1.1271131,8,0.091370625,True,0,train,2
82,0.0,105.19302,105.44322,0.8,"[3644.93333333, 3644.93333333]","[20.0, 20.0]",0.08,0.0,-40.0,null,gabors,-40.0,null,4.0,0.25019924,69,-0.41124191,1.1566294,7,0.062858275,True,0,train,0
83,0.0,105.44322,105.69341,0.8,"[3644.93333333, 3644.93333333]","[20.0, 20.0]",0.08,0.0,-40.0,null,gabors,0.0,null,4.0,0.25019924,70,-0.47523226,1.1884192,8,0.086039474,True,0,train,0
84,0.0,105.69341,105.94361,0.8,"[3644.93333333, 3644.93333333]","[20.0, 20.0]",0.08,0.0,-30.0,null,gabors,-10.0,null,4.0,0.25019924,71,-0.41001155,1.2094146,7,0.13406097,True,0,train,0
85,0.0,105.94361,106.19383,0.8,"[3644.93333333, 3644.93333333]","[20.0, 20.0]",0.08,0.0,20.0,null,gabors,40.0,null,4.0,0.25021826,72,-0.25872919,1.1686366,8,0.096469201,True,0,train,0
86,0.0,106.19383,106.44405,0.8,"[3644.93333333, 3644.93333333]","[20.0, 20.0]",0.08,0.0,-30.0,null,gabors,-30.0,null,4.0,0.25021826,73,-0.33186297,1.1331312,7,0.10688677,True,0,train,0
87,0.0,106.44405,106.69427,0.8,"[3644.93333333, 3644.93333333]","[20.0, 20.0]",0.08,90.0,0.0,null,gabors,-30.0,null,4.0,0.25021826,74,-0.34974733,1.0946325,8,0.080881221,True,0,train,2
88,0.0,106.69427,106.94449,0.8,"[3644.93333333, 3644.93333333]","[20.0, 20.0]",0.08,90.0,-30.0,null,gabors,40.0,null,4.0,0.25021826,75,-0.39948761,1.0519515,7,0.089273026,True,0,train,2
89,0.0,106.94449,107.19469,0.8,"[3644.93333333, 3644.93333333]","[20.0, 20.0]",0.08,45.0,20.0,null,gabors,20.0,null,4.0,0.25020424,76,-0.3116432,1.1138857,8,0.064685346,True,0,train,1
90,0.0,107.19469,107.4449,0.8,"[3644.93333333, 3644.93333333]","[20.0, 20.0]",0.08,45.0,-40.0,null,gabors,-20.0,null,4.0,0.25020424,77,-0.49470513,1.3025024,7,0.1041806,True,0,train,1
91,0.0,107.4449,107.6951,0.8,"[3644.93333333, 3644.93333333]","[20.0, 20.0]",0.08,0.0,40.0,null,gabors,-20.0,null,4.0,0.25020424,78,-0.36420808,1.1036814,8,0.093705178,True,0,train,0
92,0.0,107.6951,107.9453,0.8,"[3644.93333333, 3644.93333333]","[20.0, 20.0]",0.08,90.0,20.0,null,gabors,40.0,null,4.0,0.25020424,79,-0.39962132,1.3514196,7,0.068123586,True,0,train,2
93,0.0,107.9453,108.19551,0.8,"[3644.93333333, 3644.93333333]","[20.0, 20.0]",0.08,90.0,-20.0,null,gabors,30.0,null,4.0,0.25020826,80,-0.36035567,1.2149218,8,0.087105453,True,0,train,2
94,0.0,108.19551,108.44572,0.8,"[3644.93333333, 3644.93333333]","[20.0, 20.0]",0.08,45.0,-20.0,null,gabors,40.0,null,4.0,0.25020826,81,-0.28414893,1.0967859,7,0.093750014,True,0,train,1
95,0.0,108.44572,108.69593,0.8,"[3644.93333333, 3644.93333333]","[20.0, 20.0]",0.08,90.0,0.0,null,gabors,-40.0,null,4.0,0.25020826,82,-0.34278396,1.0827904,8,0.062515399,True,0,train,2
96,0.0,108.69593,108.94614,0.8,"[3644.93333333, 3644.93333333]","[20.0, 20.0]",0.08,90.0,0.0,null,gabors,20.0,null,4.0,0.25020826,56,-0.38549724,1.1196486,7,0.061535181,True,1,train,2
97,0.0,108.94614,109.19634,0.8,"[3644.93333333, 3644.93333333]","[20.0, 20.0]",0.08,0.0,-20.0,null,gabors,40.0,null,4.0,0.25020674,33,-0.31597321,1.1207045,8,0.1211468,True,2,test,0
98,0.0,109.19634,109.44655,0.8,"[3644.93333333, 3644.93333333]","[20.0, 20.0]",0.08,45.0,-20.0,null,gabors,-20.0,null,4.0,0.25020674,83,-0.3972217,1.1740856,7,0.071892923,True,0,train,1
99,0.0,109.44655,109.69676,0.8,"[3644.93333333, 3644.93333333]","[20.0, 20.0]",0.08,45.0,30.0,null,gabors,-30.0,null,4.0,0.25020674,84,-0.45128346,1.1967434,8,0.11001633,True,0,train,1
100,0.0,109.69676,109.94696,0.8,"[3644.93333333, 3644.93333333]","[20.0, 20.0]",0.08,0.0,40.0,null,gabors,20.0,null,4.0,0.25020674,14,-0.45189224,1.0793736,7,0.04816099,True,1,train,0
101,0.0,109.94696,110.19718,0.8,"[3644.93333333, 3644.93333333]","[20.0, 20.0]",0.08,45.0,-20.0,null,gabors,-30.0,null,4.0,0.25022076,85,-0.46872493,1.1514061,8,0.10875677,True,0,train,1
102,0.0,110.19718,110.44741,0.8,"[3644.93333333, 3644.93333333]","[20.0, 20.0]",0.08,0.0,-30.0,null,gabors,-10.0,null,4.0,0.25022076,71,-0.44631395,1.1105572,7,0.034858204,True,1,train,0
103,0.0,110.44741,110.69763,0.8,"[3644.93333333, 3644.93333333]","[20.0, 20.0]",0.08,90.0,-10.0,null,gabors,-10.0,null,4.0,0.25022076,32,-0.41508575,1.1855297,8,0.079847168,True,1,train,2
104,0.0,110.69763,110.94785,0.8,"[3644.93333333, 3644.93333333]","[20.0, 20.0]",0.08,45.0,30.0,null,gabors,10.0,null,4.0,0.25022076,86,-0.6748224,1.1097342,7,0.086187804,True,0,train,1
105,0.0,110.94785,111.19804,0.8,"[3644.93333333, 3644.93333333]","[20.0, 20.0]",0.08,45.0,-40.0,null,gabors,-20.0,null,4.0,0.25019424,77,-0.8273487,1.1373784,8,0.10851758,True,1,train,1
106,0.0,111.19804,111.44824,0.8,"[3644.93333333, 3644.93333333]","[20.0, 20.0]",0.08,90.0,-10.0,null,gabors,30.0,null,4.0,0.25019424,87,-0.726029,1.2589695,7,0.10856746,True,0,train,2
107,0.0,111.44824,111.69843,0.8,"[3644.93333333, 3644.93333333]","[20.0, 20.0]",0.08,0.0,-30.0,null,gabors,-40.0,null,4.0,0.25019424,12,-0.63434623,1.3364624,8,0.099927806,True,1,train,0
108,0.0,111.69843,111.94862,0.8,"[3644.93333333, 3644.93333333]","[20.0, 20.0]",0.08,90.0,40.0,null,gabors,10.0,null,4.0,0.25019424,52,-0.73384576,1.3236488,7,0.10526859,True,1,train,2
109,0.0,111.94862,112.19884,0.8,"[3644.93333333, 3644.93333333]","[20.0, 20.0]",0.08,45.0,-10.0,null,gabors,0.0,null,4.0,0.25021826,88,-0.76415901,1.2495819,8,0.071286994,True,0,train,1
110,0.0,112.19884,112.44906,0.8,"[3644.93333333, 3644.93333333]","[20.0, 20.0]",0.08,90.0,40.0,null,gabors,-30.0,null,4.0,0.25021826,13,-0.79336001,1.2931273,7,0.11676992,True,2,test,2
111,0.0,112.44906,112.69928,0.8,"[3644.93333333, 3644.93333333]","[20.0, 20.0]",0.08,90.0,-10.0,null,gabors,10.0,null,4.0,0.25021826,89,-0.77894494,1.3574644,8,0.10742259,True,0,train,2
112,0.0,112.69928,112.9495,0.8,"[3644.93333333, 3644.93333333]","[20.0, 20.0]",0.08,90.0,-30.0,null,gabors,-40.0,null,4.0,0.25021826,90,-0.63965036,1.185872,7,0.056490716,True,0,train,2
113,0.0,112.9495,113.1997,0.8,"[3644.93333333, 3644.93333333]","[20.0, 20.0]",0.08,45.0,-30.0,null,gabors,-40.0,null,4.0,0.25020424,91,-0.59466536,1.1969565,8,0.067760026,True,0,train,1
114,0.0,113.1997,113.44991,0.8,"[3644.93333333, 3644.93333333]","[20.0, 20.0]",0.08,90.0,-30.0,null,gabors,-10.0,null,4.0,0.25020424,26,-0.52206107,1.0335517,7,0.083672656,True,2,test,2
115,0.0,113.44991,113.70011,0.8,"[3644.93333333, 3644.93333333]","[20.0, 20.0]",0.08,90.0,30.0,null,gabors,-40.0,null,4.0,0.25020424,27,-0.87680444,1.026995,6,0.53795999,True,1,train,2
116,0.0,113.70011,113.95031,0.8,"[3644.93333333, 3644.93333333]","[20.0, 20.0]",0.08,0.0,40.0,null,gabors,-30.0,null,4.0,0.25020424,92,-0.97925254,0.11450091,7,0.15834576,True,0,train,0
117,0.0,113.95031,114.20053,0.8,"[3644.93333333, 3644.93333333]","[20.0, 20.0]",0.08,45.0,30.0,null,gabors,-30.0,null,4.0,0.25021326,84,-0.88560206,-0.06468379,8,0.1717167,True,1,train,1
118,0.0,114.20053,114.45074,0.8,"[3644.93333333, 3644.93333333]","[20.0, 20.0]",0.08,45.0,20.0,null,gabors,40.0,null,4.0,0.25021326,93,-1.2340353,5.7067145e-05,7,0.13597955,True,0,train,1
119,0.0,114.45074,114.70095,0.8,"[3644.93333333, 3644.93333333]","[20.0, 20.0]",0.08,45.0,-30.0,null,gabors,-10.0,null,4.0,0.25021326,41,-1.0483842,0.13886732,8,0.13969994,True,1,train,1
120,0.0,114.70095,114.95117,0.8,"[3644.93333333, 3644.93333333]","[20.0, 20.0]",0.08,0.0,30.0,null,gabors,40.0,null,4.0,0.25021326,54,-0.80727142,0.13795818,7,0.069694852,True,1,train,0
121,0.0,114.95117,115.20137,0.8,"[3644.93333333, 3644.93333333]","[20.0, 20.0]",0.08,0.0,-20.0,null,gabors,10.0,null,4.0,0.25020674,94,-0.80461215,0.041990527,8,0.10953223,True,0,train,0
122,0.0,115.20137,115.45158,0.8,"[3644.93333333, 3644.93333333]","[20.0, 20.0]",0.08,0.0,-40.0,null,gabors,-20.0,null,4.0,0.25020674,95,-0.99528376,0.019572745,7,0.11624603,True,0,train,0
123,0.0,115.45158,115.70179,0.8,"[3644.93333333, 3644.93333333]","[20.0, 20.0]",0.08,45.0,20.0,null,gabors,20.0,null,4.0,0.25020674,76,-1.0261975,-0.022275932,8,0.10929065,True,1,train,1
124,0.0,115.70179,115.95199,0.8,"[3644.93333333, 3644.93333333]","[20.0, 20.0]",0.08,45.0,-40.0,null,gabors,20.0,null,4.0,0.25020674,96,-0.91241802,0.022590018,7,0.057503541,True,0,train,1
125,0.0,115.95199,116.20221,0.8,"[3644.93333333, 3644.93333333]","[20.0, 20.0]",0.08,0.0,30.0,null,gabors,0.0,null,4.0,0.25021826,97,-0.867397,-0.030489365,8,0.09263454,True,0,train,0
126,0.0,116.20221,116.45243,0.8,"[3644.93333333, 3644.93333333]","[20.0, 20.0]",0.08,90.0,0.0,null,gabors,-40.0,null,4.0,0.25021826,82,-0.80450199,-0.0023435399,7,0.056676457,True,1,train,2
127,0.0,116.45243,116.70265,0.8,"[3644.93333333, 3644.93333333]","[20.0, 20.0]",0.08,90.0,20.0,null,gabors,-20.0,null,4.0,0.25021826,98,-1.0560735,-0.08363264,8,0.081797253,True,0,train,2
128,0.0,116.70265,116.95287,0.8,"[3644.93333333, 3644.93333333]","[20.0, 20.0]",0.08,45.0,40.0,null,gabors,0.0,null,4.0,0.25021826,99,-1.0042416,0.044388803,7,0.092299156,True,0,train,1
129,0.0,116.95287,117.20306,0.8,"[3644.93333333, 3644.93333333]","[20.0, 20.0]",0.08,0.0,40.0,null,gabors,-30.0,null,4.0,0.25019674,92,-0.90760131,0.014138527,8,0.085991136,True,1,train,0
130,0.0,117.20306,117.45326,0.8,"[3644.93333333, 3644.93333333]","[20.0, 20.0]",0.08,0.0,40.0,null,gabors,-20.0,null,4.0,0.25019674,78,-0.83383977,-0.041372367,7,0.049462544,True,1,train,0
131,0.0,117.45326,117.70346,0.8,"[3644.93333333, 3644.93333333]","[20.0, 20.0]",0.08,90.0,-20.0,null,gabors,10.0,null,4.0,0.25019674,100,-0.77801893,0.029523745,8,0.094926799,True,0,train,2
132,0.0,117.70346,117.95365,0.8,"[3644.93333333, 3644.93333333]","[20.0, 20.0]",0.08,90.0,-10.0,null,gabors,-30.0,null,4.0,0.25019674,101,-0.97548124,0.14985813,7,0.089956346,True,0,train,2
133,0.0,117.95365,118.20387,0.8,"[3644.93333333, 3644.93333333]","[20.0, 20.0]",0.08,0.0,-40.0,null,gabors,0.0,null,4.0,0.25021576,70,-0.96515716,0.038501399,8,0.090883845,True,1,train,0
134,0.0,118.20387,118.45409,0.8,"[3644.93333333, 3644.93333333]","[20.0, 20.0]",0.08,45.0,10.0,null,gabors,20.0,null,4.0,0.25021576,102,-0.85897198,-0.019585177,7,0.11378112,True,0,train,1
135,0.0,118.45409,118.7043,0.8,"[3644.93333333, 3644.93333333]","[20.0, 20.0]",0.08,0.0,-40.0,null,gabors,-10.0,null,4.0,0.25021576,103,-0.9094763,-0.021800671,8,0.090474579,True,0,train,0
136,0.0,118.7043,118.95452,0.8,"[3644.93333333, 3644.93333333]","[20.0, 20.0]",0.08,90.0,-40.0,null,gabors,20.0,null,4.0,0.25021576,61,-1.1272942,0.11214081,7,0.05628557,True,1,train,2
137,0.0,118.95452,119.20472,0.8,"[3644.93333333, 3644.93333333]","[20.0, 20.0]",0.08,45.0,40.0,null,gabors,-20.0,null,4.0,0.25020174,104,-1.0548654,0.0042257851,8,0.10820575,True,0,train,1
138,0.0,119.20472,119.45492,0.8,"[3644.93333333, 3644.93333333]","[20.0, 20.0]",0.08,90.0,10.0,null,gabors,20.0,null,4.0,0.25020174,68,-1.0793796,-0.20610085,7,0.05436156,True,1,train,2
139,0.0,119.45492,119.70512,0.8,"[3644.93333333, 3644.93333333]","[20.0, 20.0]",0.08,45.0,0.0,null,gabors,-40.0,null,4.0,0.25020174,105,-1.0791242,-0.12750519,8,0.065438379,True,0,train,1
140,0.0,119.70512,119.95532,0.8,"[3644.93333333, 3644.93333333]","[20.0, 20.0]",0.08,0.0,-30.0,null,gabors,-20.0,null,4.0,0.25020174,106,-1.1846371,-0.007836234,7,0.11961349,True,0,train,0
141,0.0,119.95532,120.20553,0.8,"[3644.93333333, 3644.93333333]","[20.0, 20.0]",0.08,45.0,30.0,null,gabors,-20.0,null,4.0,0.25020826,107,-1.1648882,0.070401085,8,0.11460566,True,0,train,1
142,0.0,120.20553,120.45574,0.8,"[3644.93333333, 3644.93333333]","[20.0, 20.0]",0.08,45.0,-20.0,null,gabors,-40.0,null,4.0,0.25020826,45,-1.132242,0.12440675,7,0.12618354,True,1,train,1
143,0.0,120.45574,120.70595,0.8,"[3644.93333333, 3644.93333333]","[20.0, 20.0]",0.08,45.0,40.0,null,gabors,-30.0,null,4.0,0.25020826,108,-1.0572496,0.1198604,8,0.077091714,True,0,train,1
144,0.0,120.70595,120.95616,0.8,"[3644.93333333, 3644.93333333]","[20.0, 20.0]",0.08,90.0,20.0,null,gabors,-20.0,null,4.0,0.25020826,98,-1.138677,0.17532106,7,0.079178018,True,1,train,2
145,0.0,120.95616,121.20637,0.8,"[3644.93333333, 3644.93333333]","[20.0, 20.0]",0.08,45.0,40.0,null,gabors,-30.0,null,4.0,0.25020924,108,-1.19503,0.19901262,8,0.080044279,True,1,train,1
146,0.0,121.20637,121.45658,0.8,"[3644.93333333, 3644.93333333]","[20.0, 20.0]",0.08,90.0,-30.0,null,gabors,-10.0,null,4.0,0.25020924,26,-0.94167032,0.2569455,7,0.12698326,True,3,train,2
147,0.0,121.45658,121.70678,0.8,"[3644.93333333, 3644.93333333]","[20.0, 20.0]",0.08,0.0,40.0,null,gabors,-10.0,null,4.0,0.25020924,67,-1.0063561,0.09947844,8,0.15092936,True,1,train,0
148,0.0,121.70678,121.95699,0.8,"[3644.93333333, 3644.93333333]","[20.0, 20.0]",0.08,45.0,20.0,null,gabors,-40.0,null,4.0,0.25020924,109,-0.84486888,0.44768135,7,0.14082799,True,0,train,1
149,0.0,121.95699,122.20721,0.8,"[3644.93333333, 3644.93333333]","[20.0, 20.0]",0.08,0.0,40.0,null,gabors,40.0,null,4.0,0.25022076,110,-0.97507473,0.21953223,8,0.099652391,True,0,train,0
150,0.0,122.20721,122.45744,0.8,"[3644.93333333, 3644.93333333]","[20.0, 20.0]",0.08,90.0,-30.0,null,gabors,10.0,null,4.0,0.25022076,111,-1.0188439,0.26766714,7,0.093377493,True,0,train,2
151,0.0,122.45744,122.70766,0.8,"[3644.93333333, 3644.93333333]","[20.0, 20.0]",0.08,0.0,-10.0,null,gabors,-40.0,null,4.0,0.25022076,112,-1.0269242,0.37677498,8,0.10312521,True,0,train,0
152,0.0,122.70766,122.95788,0.8,"[3644.93333333, 3644.93333333]","[20.0, 20.0]",0.08,45.0,-20.0,null,gabors,20.0,null,4.0,0.25022076,113,-1.0940141,0.36308249,7,0.075047507,True,0,train,1
153,0.0,122.95788,123.20808,0.8,"[3644.93333333, 3644.93333333]","[20.0, 20.0]",0.08,0.0,-10.0,null,gabors,10.0,null,4.0,0.25019924,114,-0.93600643,0.2356553,8,0.11092904,True,0,train,0
154,0.0,123.20808,123.45828,0.8,"[3644.93333333, 3644.93333333]","[20.0, 20.0]",0.08,90.0,30.0,null,gabors,30.0,null,4.0,0.25019924,115,-0.95522636,0.41617895,7,0.082859238,True,0,train,2
155,0.0,123.45828,123.70847,0.8,"[3644.93333333, 3644.93333333]","[20.0, 20.0]",0.08,0.0,10.0,null,gabors,-30.0,null,4.0,0.25019924,116,-0.91499377,0.21921908,8,0.14706273,True,0,train,0
156,0.0,123.70847,123.95867,0.8,"[3644.93333333, 3644.93333333]","[20.0, 20.0]",0.08,90.0,10.0,null,gabors,-40.0,null,4.0,0.25019924,117,-1.030684,0.2626746,7,0.095930032,True,0,train,2
157,0.0,123.95867,124.20889,0.8,"[3644.93333333, 3644.93333333]","[20.0, 20.0]",0.08,90.0,-30.0,null,gabors,40.0,null,4.0,0.25021826,75,-1.0535203,0.27916634,7,0.066236516,True,1,train,2
158,0.0,124.20889,124.45911,0.8,"[3644.93333333, 3644.93333333]","[20.0, 20.0]",0.08,45.0,-40.0,null,gabors,-10.0,null,4.0,0.25021826,118,-1.1265781,0.2226427,7,0.13373466,True,0,train,1
159,0.0,124.45911,124.70933,0.8,"[3644.93333333, 3644.93333333]","[20.0, 20.0]",0.08,0.0,10.0,null,gabors,10.0,null,4.0,0.25021826,119,-1.0996618,0.16590787,7,0.13413891,True,0,train,0
160,0.0,124.70933,124.95955,0.8,"[3644.93333333, 3644.93333333]","[20.0, 20.0]",0.08,90.0,-40.0,null,gabors,30.0,null,4.0,0.25021826,120,-0.9379419,0.053516139,7,0.10173585,True,0,train,2
161,0.0,124.95955,125.20974,0.8,"[3644.93333333, 3644.93333333]","[20.0, 20.0]",0.08,90.0,-40.0,null,gabors,-10.0,null,4.0,0.25019674,22,-0.9933931,-0.046928158,7,0.090847044,True,3,train,2
162,0.0,125.20974,125.45994,0.8,"[3644.93333333, 3644.93333333]","[20.0, 20.0]",0.08,90.0,-20.0,null,gabors,0.0,null,4.0,0.25019674,121,-1.1367162,0.092579366,8,0.10371291,True,0,train,2
163,0.0,125.45994,125.71014,0.8,"[3644.93333333, 3644.93333333]","[20.0, 20.0]",0.08,90.0,40.0,null,gabors,30.0,null,4.0,0.25019674,122,-1.0530676,-0.037693258,7,0.081332782,True,0,train,2
164,0.0,125.71014,125.96033,0.8,"[3644.93333333, 3644.93333333]","[20.0, 20.0]",0.08,0.0,-20.0,null,gabors,-40.0,null,4.0,0.25019674,123,-1.2000772,0.13003377,8,0.11810266,True,0,train,0
165,0.0,125.96033,126.21055,0.8,"[3644.93333333, 3644.93333333]","[20.0, 20.0]",0.08,0.0,30.0,null,gabors,0.0,null,4.0,0.25021576,97,-1.2125529,0.22708835,7,0.12711596,True,1,train,0
166,0.0,126.21055,126.46077,0.8,"[3644.93333333, 3644.93333333]","[20.0, 20.0]",0.08,90.0,-30.0,null,gabors,-30.0,null,4.0,0.25021576,124,-1.102919,0.30787512,8,0.093998689,True,0,train,2
167,0.0,126.46077,126.71098,0.8,"[3644.93333333, 3644.93333333]","[20.0, 20.0]",0.08,0.0,-10.0,null,gabors,-20.0,null,4.0,0.25021576,125,-0.85044747,0.26559703,7,0.12698338,True,0,train,0
168,0.0,126.71098,126.9612,0.8,"[3644.93333333, 3644.93333333]","[20.0, 20.0]",0.08,45.0,30.0,null,gabors,40.0,null,4.0,0.25021576,126,-0.91066067,0.20339174,8,0.10777629,True,0,train,1
169,0.0,126.9612,127.2114,0.8,"[3644.93333333, 3644.93333333]","[20.0, 20.0]",0.08,90.0,-40.0,null,gabors,-30.0,null,4.0,0.25020174,127,-0.90403367,0.29205026,7,0.082218029,True,0,train,2
170,0.0,127.2114,127.4616,0.8,"[3644.93333333, 3644.93333333]","[20.0, 20.0]",0.08,90.0,-40.0,null,gabors,-10.0,null,4.0,0.25020174,22,-1.1246572,0.31728429,8,0.1348925,True,4,train,2
171,0.0,127.4616,127.7118,0.8,"[3644.93333333, 3644.93333333]","[20.0, 20.0]",0.08,90.0,0.0,null,gabors,40.0,null,4.0,0.25020174,19,-1.1934598,0.35091553,7,0.10641379,True,1,train,2
172,0.0,127.7118,127.962,0.8,"[3644.93333333, 3644.93333333]","[20.0, 20.0]",0.08,90.0,-40.0,null,gabors,-20.0,null,4.0,0.25020174,128,-1.1141762,0.39380135,8,0.082621258,True,0,train,2
173,0.0,127.962,128.21222,0.8,"[3644.93333333, 3644.93333333]","[20.0, 20.0]",0.08,90.0,20.0,null,gabors,10.0,null,4.0,0.25021326,129,-1.1394218,0.48099874,7,0.082202866,True,0,train,2
174,0.0,128.21222,128.46243,0.8,"[3644.93333333, 3644.93333333]","[20.0, 20.0]",0.08,0.0,-30.0,null,gabors,40.0,null,4.0,0.25021326,130,-1.0730013,0.28744654,8,0.10383007,True,0,train,0
175,0.0,128.46243,128.71264,0.8,"[3644.93333333, 3644.93333333]","[20.0, 20.0]",0.08,45.0,10.0,null,gabors,-10.0,null,4.0,0.25021326,31,-1.0360155,0.32190609,7,0.068686707,True,2,test,1
176,0.0,128.71264,128.96286,0.8,"[3644.93333333, 3644.93333333]","[20.0, 20.0]",0.08,90.0,20.0,null,gabors,-20.0,null,4.0,0.25021326,98,-1.0556651,0.39488602,8,0.086247535,True,2,test,2
177,0.0,128.96286,129.21306,0.8,"[3644.93333333, 3644.93333333]","[20.0, 20.0]",0.08,45.0,-30.0,null,gabors,30.0,null,4.0,0.25020674,131,-0.96554576,0.33688434,7,0.061812671,True,0,train,1
178,0.0,129.21306,129.46327,0.8,"[3644.93333333, 3644.93333333]","[20.0, 20.0]",0.08,45.0,30.0,null,gabors,30.0,null,4.0,0.25020674,59,-1.0135879,0.38433204,8,0.1141142,True,2,test,1
179,0.0,129.46327,129.71348,0.8,"[3644.93333333, 3644.93333333]","[20.0, 20.0]",0.08,0.0,30.0,null,gabors,40.0,null,4.0,0.25020674,54,-1.0364948,0.28567899,7,0.083702979,True,2,test,0
180,0.0,129.71348,129.96368,0.8,"[3644.93333333, 3644.93333333]","[20.0, 20.0]",0.08,0.0,20.0,null,gabors,-20.0,null,4.0,0.25020674,132,-1.0936714,0.3239412,8,0.089157116,True,0,train,0
181,0.0,129.96368,130.2139,0.8,"[3644.93333333, 3644.93333333]","[20.0, 20.0]",0.08,0.0,-30.0,null,gabors,10.0,null,4.0,0.25022076,43,-0.95985016,0.11937117,7,0.081889201,True,1,train,0
182,0.0,130.2139,130.46413,0.8,"[3644.93333333, 3644.93333333]","[20.0, 20.0]",0.08,0.0,-40.0,null,gabors,-10.0,null,4.0,0.25022076,103,-0.92000021,0.13730886,8,0.097990404,True,1,train,0
183,0.0,130.46413,130.71435,0.8,"[3644.93333333, 3644.93333333]","[20.0, 20.0]",0.08,0.0,10.0,null,gabors,40.0,null,4.0,0.25022076,133,-1.0706663,0.30832118,7,0.058660738,True,0,train,0
184,0.0,130.71435,130.96457,0.8,"[3644.93333333, 3644.93333333]","[20.0, 20.0]",0.08,45.0,-40.0,null,gabors,40.0,null,4.0,0.25022076,134,-0.87167565,0.23457302,8,0.12148971,True,0,train,1
185,0.0,130.96457,131.21476,0.8,"[3644.93333333, 3644.93333333]","[20.0, 20.0]",0.08,0.0,30.0,null,gabors,-10.0,null,4.0,0.25019674,65,-1.1041159,0.21748135,7,0.090923803,True,1,train,0
186,0.0,131.21476,131.46496,0.8,"[3644.93333333, 3644.93333333]","[20.0, 20.0]",0.08,0.0,20.0,null,gabors,-40.0,null,4.0,0.25019674,135,-1.0685505,0.39543159,8,0.11559795,True,0,train,0
187,0.0,131.46496,131.71516,0.8,"[3644.93333333, 3644.93333333]","[20.0, 20.0]",0.08,0.0,-10.0,null,gabors,-10.0,null,4.0,0.25019674,136,-0.84917462,0.34339365,7,0.18004516,True,0,train,0
188,0.0,131.71516,131.96535,0.8,"[3644.93333333, 3644.93333333]","[20.0, 20.0]",0.08,90.0,-10.0,null,gabors,20.0,null,4.0,0.25019674,1,-1.0832596,0.40395196,8,0.12359566,True,1,train,2
189,0.0,131.96535,132.21556,0.8,"[3644.93333333, 3644.93333333]","[20.0, 20.0]",0.08,90.0,20.0,null,gabors,10.0,null,4.0,0.25020826,129,-1.1553166,0.21931999,7,0.12155761,True,1,train,2
190,0.0,132.21556,132.46577,0.8,"[3644.93333333, 3644.93333333]","[20.0, 20.0]",0.08,0.0,30.0,null,gabors,10.0,null,4.0,0.25020826,137,-1.3771698,0.30255669,8,0.11725225,True,0,train,0
191,0.0,132.46577,132.71598,0.8,"[3644.93333333, 3644.93333333]","[20.0, 20.0]",0.08,90.0,-20.0,null,gabors,-40.0,null,4.0,0.25020826,34,-1.2349204,0.17186581,7,0.096035114,True,1,train,2
192,0.0,132.71598,132.96619,0.8,"[3644.93333333, 3644.93333333]","[20.0, 20.0]",0.08,90.0,10.0,null,gabors,-10.0,null,4.0,0.25020826,138,-1.1054582,0.1839969,8,0.078820498,True,0,train,2
193,0.0,132.96619,133.21639,0.8,"[3644.93333333, 3644.93333333]","[20.0, 20.0]",0.08,0.0,0.0,null,gabors,0.0,null,4.0,0.25020674,139,-1.1320841,0.24211304,7,0.075088472,True,0,train,0
194,0.0,133.21639,133.4666,0.8,"[3644.93333333, 3644.93333333]","[20.0, 20.0]",0.08,45.0,-30.0,null,gabors,-40.0,null,4.0,0.25020674,91,-0.99598353,0.31898315,8,0.13467132,True,1,train,1
195,0.0,133.4666,133.71681,0.8,"[3644.93333333, 3644.93333333]","[20.0, 20.0]",0.08,90.0,30.0,null,gabors,30.0,null,4.0,0.25020674,115,-0.94334997,0.34805639,7,0.087177583,True,1,train,2
196,0.0,133.71681,133.96701,0.8,"[3644.93333333, 3644.93333333]","[20.0, 20.0]",0.08,0.0,0.0,null,gabors,-20.0,null,4.0,0.25020674,140,-1.0978855,0.34979478,8,0.082620421,True,0,train,0
197,0.0,133.96701,134.21724,0.8,"[3644.93333333, 3644.93333333]","[20.0, 20.0]",0.08,0.0,-40.0,null,gabors,40.0,null,4.0,0.25022326,141,-1.0133322,0.55006522,7,0.11737189,True,0,train,0
198,0.0,134.21724,134.46746,0.8,"[3644.93333333, 3644.93333333]","[20.0, 20.0]",0.08,0.0,-40.0,null,gabors,-40.0,null,4.0,0.25022326,69,-0.99819219,0.50150999,8,0.10623866,True,1,train,0
199,0.0,134.46746,134.71768,0.8,"[3644.93333333, 3644.93333333]","[20.0, 20.0]",0.08,90.0,30.0,null,gabors,40.0,null,4.0,0.25022326,142,-1.1795306,0.51064677,7,0.109021,True,0,train,2
200,0.0,134.71768,134.96791,0.8,"[3644.93333333, 3644.93333333]","[20.0, 20.0]",0.08,45.0,30.0,null,gabors,0.0,null,4.0,0.25022326,143,-1.0691724,0.54465277,8,0.10705718,True,0,train,1
201,0.0,134.96791,135.2181,0.8,"[3644.93333333, 3644.93333333]","[20.0, 20.0]",0.08,0.0,-20.0,null,gabors,10.0,null,4.0,0.25019674,94,-1.0034605,0.28472083,7,0.038854583,True,1,train,0
202,0.0,135.2181,135.4683,0.8,"[3644.93333333, 3644.93333333]","[20.0, 20.0]",0.08,45.0,-30.0,null,gabors,40.0,null,4.0,0.25019674,3,-0.97655768,0.19020022,8,0.10232154,True,1,train,1
203,0.0,135.4683,135.7185,0.8,"[3644.93333333, 3644.93333333]","[20.0, 20.0]",0.08,45.0,20.0,null,gabors,-40.0,null,4.0,0.25019674,109,-1.2206695,0.28931785,7,0.073971766,True,1,train,1
204,0.0,135.7185,135.96869,0.8,"[3644.93333333, 3644.93333333]","[20.0, 20.0]",0.08,90.0,10.0,null,gabors,0.0,null,4.0,0.25019674,17,-0.98129224,0.41817152,8,0.077797761,True,1,train,2
205,0.0,135.96869,136.21891,0.8,"[3644.93333333, 3644.93333333]","[20.0, 20.0]",0.08,0.0,-40.0,null,gabors,-20.0,null,4.0,0.25021826,95,-0.78201936,0.36828543,7,0.092165201,True,1,train,0
206,0.0,136.21891,136.46913,0.8,"[3644.93333333, 3644.93333333]","[20.0, 20.0]",0.08,45.0,10.0,null,gabors,10.0,null,4.0,0.25021826,144,-0.94090472,0.40901755,8,0.096702858,True,0,train,1
207,0.0,136.46913,136.71935,0.8,"[3644.93333333, 3644.93333333]","[20.0, 20.0]",0.08,0.0,10.0,null,gabors,20.0,null,4.0,0.25021826,145,-1.0427934,0.42602138,7,0.084759381,True,0,train,0
208,0.0,136.71935,136.96957,0.8,"[3644.93333333, 3644.93333333]","[20.0, 20.0]",0.08,90.0,-30.0,null,gabors,-20.0,null,4.0,0.25021826,44,-1.0962231,0.42843006,8,0.075723151,True,1,train,2
209,0.0,136.96957,137.21977,0.8,"[3644.93333333, 3644.93333333]","[20.0, 20.0]",0.08,90.0,-10.0,null,gabors,20.0,null,4.0,0.25019924,1,-1.1322695,0.38360388,7,0.07460307,True,2,test,2
210,0.0,137.21977,137.46997,0.8,"[3644.93333333, 3644.93333333]","[20.0, 20.0]",0.08,0.0,-30.0,null,gabors,30.0,null,4.0,0.25019924,146,-1.0619649,0.35870704,8,0.076792909,True,0,train,0
211,0.0,137.46997,137.72016,0.8,"[3644.93333333, 3644.93333333]","[20.0, 20.0]",0.08,90.0,-20.0,null,gabors,40.0,null,4.0,0.25019924,147,-1.1173687,0.36019147,7,0.062082022,True,0,train,2
212,0.0,137.72016,137.97036,0.8,"[3644.93333333, 3644.93333333]","[20.0, 20.0]",0.08,0.0,20.0,null,gabors,0.0,null,4.0,0.25019924,148,-1.1191991,0.3876133,8,0.09092021,True,0,train,0
213,0.0,137.97036,138.22059,0.8,"[3644.93333333, 3644.93333333]","[20.0, 20.0]",0.08,90.0,-40.0,null,gabors,-20.0,null,4.0,0.25022326,128,-1.0412137,0.17644558,7,0.073615644,True,1,train,2
214,0.0,138.22059,138.47081,0.8,"[3644.93333333, 3644.93333333]","[20.0, 20.0]",0.08,90.0,20.0,null,gabors,-40.0,null,4.0,0.25022326,149,-1.0472597,0.3293807,8,0.12809894,True,0,train,2
215,0.0,138.47081,138.72103,0.8,"[3644.93333333, 3644.93333333]","[20.0, 20.0]",0.08,0.0,-40.0,null,gabors,-20.0,null,4.0,0.25022326,95,-1.1198867,0.3038788,7,0.079915659,True,2,test,0
216,0.0,138.72103,138.97126,0.8,"[3644.93333333, 3644.93333333]","[20.0, 20.0]",0.08,0.0,-40.0,null,gabors,-40.0,null,4.0,0.25022326,69,-1.2299814,0.12000863,8,0.13780767,True,2,test,0
217,0.0,138.97126,139.22145,0.8,"[3644.93333333, 3644.93333333]","[20.0, 20.0]",0.08,45.0,40.0,null,gabors,10.0,null,4.0,0.25019424,150,-1.0744137,0.43615884,7,0.13221163,True,0,train,1
218,0.0,139.22145,139.47165,0.8,"[3644.93333333, 3644.93333333]","[20.0, 20.0]",0.08,0.0,-40.0,null,gabors,20.0,null,4.0,0.25019424,151,-1.0562526,0.17189794,8,0.090884605,True,0,train,0
219,0.0,139.47165,139.72184,0.8,"[3644.93333333, 3644.93333333]","[20.0, 20.0]",0.08,45.0,-20.0,null,gabors,-10.0,null,4.0,0.25019424,152,-1.1483899,0.15088204,7,0.092876322,True,0,train,1
220,0.0,139.72184,139.97203,0.8,"[3644.93333333, 3644.93333333]","[20.0, 20.0]",0.08,0.0,-30.0,null,gabors,10.0,null,4.0,0.25019424,43,-1.1056565,0.26809056,8,0.12585884,True,2,test,0
221,0.0,139.97203,140.22225,0.8,"[3644.93333333, 3644.93333333]","[20.0, 20.0]",0.08,90.0,-20.0,null,gabors,-10.0,null,4.0,0.25022076,153,-1.1119247,0.5067721,7,0.1116586,True,0,train,2
222,0.0,140.22225,140.47248,0.8,"[3644.93333333, 3644.93333333]","[20.0, 20.0]",0.08,90.0,10.0,null,gabors,0.0,null,4.0,0.25022076,17,-1.0113284,0.43352454,8,0.11177801,True,2,test,2
223,0.0,140.47248,140.7227,0.8,"[3644.93333333, 3644.93333333]","[20.0, 20.0]",0.08,45.0,-40.0,null,gabors,40.0,null,4.0,0.25022076,134,-1.1016362,0.38547355,7,0.048895524,True,1,train,1
224,0.0,140.7227,140.97292,0.8,"[3644.93333333, 3644.93333333]","[20.0, 20.0]",0.08,90.0,20.0,null,gabors,0.0,null,4.0,0.25022076,154,-0.94997522,0.40111424,8,0.10099348,True,0,train,2
225,0.0,140.97292,141.22311,0.8,"[3644.93333333, 3644.93333333]","[20.0, 20.0]",0.08,45.0,-20.0,null,gabors,40.0,null,4.0,0.25019674,81,-1.020663,0.36040453,7,0.14306882,True,1,train,1
226,0.0,141.22311,141.47331,0.8,"[3644.93333333, 3644.93333333]","[20.0, 20.0]",0.08,0.0,20.0,null,gabors,-30.0,null,4.0,0.25019674,155,-0.93781836,0.357614,8,0.17514299,True,0,train,0
227,0.0,141.47331,141.72351,0.8,"[3644.93333333, 3644.93333333]","[20.0, 20.0]",0.08,45.0,40.0,null,gabors,30.0,null,4.0,0.25019674,53,-1.2022003,0.34128108,7,0.075311279,True,1,train,1
228,0.0,141.72351,141.9737,0.8,"[3644.93333333, 3644.93333333]","[20.0, 20.0]",0.08,90.0,-40.0,null,gabors,40.0,null,4.0,0.25019674,156,-1.1462228,0.3588008,8,0.047425815,True,0,train,2
229,0.0,141.9737,142.22392,0.8,"[3644.93333333, 3644.93333333]","[20.0, 20.0]",0.08,90.0,20.0,null,gabors,-20.0,null,4.0,0.25021326,98,-1.2206498,0.31789206,7,0.078358047,True,3,train,2
230,0.0,142.22392,142.47413,0.8,"[3644.93333333, 3644.93333333]","[20.0, 20.0]",0.08,45.0,-40.0,null,gabors,-40.0,null,4.0,0.25021326,157,-1.0725464,0.37460445,8,0.10712168,True,0,train,1
231,0.0,142.47413,142.72434,0.8,"[3644.93333333, 3644.93333333]","[20.0, 20.0]",0.08,0.0,30.0,null,gabors,0.0,null,4.0,0.25021326,97,-1.0309402,0.33165481,7,0.062202028,True,2,test,0
232,0.0,142.72434,142.97456,0.8,"[3644.93333333, 3644.93333333]","[20.0, 20.0]",0.08,90.0,10.0,null,gabors,-20.0,null,4.0,0.25021326,158,-0.99807755,0.54704817,8,0.10459724,True,0,train,2
233,0.0,142.97456,143.22476,0.8,"[3644.93333333, 3644.93333333]","[20.0, 20.0]",0.08,45.0,10.0,null,gabors,10.0,null,4.0,0.25020674,144,-1.1271757,0.53751423,7,0.079017884,True,1,train,1
234,0.0,143.22476,143.47497,0.8,"[3644.93333333, 3644.93333333]","[20.0, 20.0]",0.08,90.0,20.0,null,gabors,0.0,null,4.0,0.25020674,154,-1.2262064,0.63606397,8,0.12826275,True,1,train,2
235,0.0,143.47497,143.72518,0.8,"[3644.93333333, 3644.93333333]","[20.0, 20.0]",0.08,0.0,-30.0,null,gabors,-30.0,null,4.0,0.25020674,73,-1.0850648,0.57711841,7,0.095381298,True,1,train,0
236,0.0,143.72518,143.97538,0.8,"[3644.93333333, 3644.93333333]","[20.0, 20.0]",0.08,0.0,0.0,null,gabors,10.0,null,4.0,0.25020674,58,-1.140593,0.38039287,7,0.08671165,True,1,train,0
237,0.0,143.97538,144.22559,0.8,"[3644.93333333, 3644.93333333]","[20.0, 20.0]",0.08,45.0,0.0,null,gabors,40.0,null,4.0,0.25020826,159,-1.0551004,0.56044822,7,0.13837583,True,0,train,1
238,0.0,144.22559,144.4758,0.8,"[3644.93333333, 3644.93333333]","[20.0, 20.0]",0.08,45.0,0.0,null,gabors,40.0,null,4.0,0.25020826,159,-0.98293135,0.55596956,7,0.087615697,True,1,train,1
239,0.0,144.4758,144.72601,0.8,"[3644.93333333, 3644.93333333]","[20.0, 20.0]",0.08,0.0,0.0,null,gabors,-10.0,null,4.0,0.25020826,160,-1.0393674,0.57236652,7,0.063787433,True,0,train,0
240,0.0,144.72601,144.97622,0.8,"[3644.93333333, 3644.93333333]","[20.0, 20.0]",0.08,90.0,0.0,null,gabors,10.0,null,4.0,0.25020826,161,-1.0010983,0.62133131,7,0.081197172,True,0,train,2
241,0.0,144.97622,145.22643,0.8,"[3644.93333333, 3644.93333333]","[20.0, 20.0]",0.08,0.0,30.0,null,gabors,-10.0,null,4.0,0.25020924,65,-1.0917586,0.5490137,8,0.11139015,True,2,test,0
242,0.0,145.22643,145.47664,0.8,"[3644.93333333, 3644.93333333]","[20.0, 20.0]",0.08,90.0,-20.0,null,gabors,20.0,null,4.0,0.25020924,18,-1.0908979,0.73917501,7,0.1814547,True,1,train,2
243,0.0,145.47664,145.72684,0.8,"[3644.93333333, 3644.93333333]","[20.0, 20.0]",0.08,45.0,-30.0,null,gabors,30.0,null,4.0,0.25020924,131,-1.1564895,0.61089503,8,0.14957791,True,1,train,1
244,0.0,145.72684,145.97705,0.8,"[3644.93333333, 3644.93333333]","[20.0, 20.0]",0.08,90.0,-20.0,null,gabors,-30.0,null,4.0,0.25020924,162,-1.2162103,0.73361836,7,0.10995496,True,0,train,2
245,0.0,145.97705,146.22727,0.8,"[3644.93333333, 3644.93333333]","[20.0, 20.0]",0.08,0.0,40.0,null,gabors,30.0,null,4.0,0.25021576,2,-1.1118222,0.77027101,8,0.091109881,True,1,train,0
246,0.0,146.22727,146.47749,0.8,"[3644.93333333, 3644.93333333]","[20.0, 20.0]",0.08,90.0,40.0,null,gabors,10.0,null,4.0,0.25021576,52,-1.0578458,0.71907816,7,0.072874972,True,2,test,2
247,0.0,146.47749,146.7277,0.8,"[3644.93333333, 3644.93333333]","[20.0, 20.0]",0.08,0.0,-40.0,null,gabors,20.0,null,4.0,0.25021576,151,-1.0033356,0.58009531,8,0.065340929,True,1,train,0
248,0.0,146.7277,146.97792,0.8,"[3644.93333333, 3644.93333333]","[20.0, 20.0]",0.08,90.0,-40.0,null,gabors,-20.0,null,4.0,0.25021576,128,-1.1090486,0.70114225,7,0.045046941,True,2,test,2
249,0.0,146.97792,147.22812,0.8,"[3644.93333333, 3644.93333333]","[20.0, 20.0]",0.08,90.0,30.0,null,gabors,20.0,null,4.0,0.25020174,163,,,2,,False,0,train,2
250,0.0,147.22812,147.47832,0.8,"[3644.93333333, 3644.93333333]","[20.0, 20.0]",0.08,45.0,40.0,null,gabors,0.0,null,4.0,0.25020174,99,,,0,,False,1,train,1
251,0.0,147.47832,147.72852,0.8,"[3644.93333333, 3644.93333333]","[20.0, 20.0]",0.08,0.0,-10.0,null,gabors,-30.0,null,4.0,0.25020174,164,-1.1802547,1.0914084,3,0.10877012,True,0,train,0
252,0.0,147.72852,147.97872,0.8,"[3644.93333333, 3644.93333333]","[20.0, 20.0]",0.08,90.0,20.0,null,gabors,30.0,null,4.0,0.25020174,10,-0.89297972,0.96255984,7,0.078037926,True,1,train,2
253,0.0,147.97872,148.22895,0.8,"[3644.93333333, 3644.93333333]","[20.0, 20.0]",0.08,45.0,-20.0,null,gabors,0.0,null,4.0,0.25022576,165,-0.25331847,3.9664201,8,0.39752581,True,0,train,1
254,0.0,148.22895,148.47918,0.8,"[3644.93333333, 3644.93333333]","[20.0, 20.0]",0.08,45.0,-10.0,null,gabors,-20.0,null,4.0,0.25022576,166,-0.41056019,3.7694413,7,0.12334546,True,0,train,1
255,0.0,148.47918,148.7294,0.8,"[3644.93333333, 3644.93333333]","[20.0, 20.0]",0.08,45.0,-10.0,null,gabors,40.0,null,4.0,0.25022576,39,-0.10976739,5.045102,8,1.3166334,True,1,train,1
256,0.0,148.7294,148.97963,0.8,"[3644.93333333, 3644.93333333]","[20.0, 20.0]",0.08,90.0,-30.0,null,gabors,-40.0,null,4.0,0.25022576,90,-0.011993481,4.9545416,7,0.17411959,True,1,train,2
257,0.0,148.97963,149.22982,0.8,"[3644.93333333, 3644.93333333]","[20.0, 20.0]",0.08,90.0,-40.0,null,gabors,0.0,null,4.0,0.25019174,4,-0.27331774,4.2827518,8,0.18463136,True,1,train,2
258,0.0,149.22982,149.48001,0.8,"[3644.93333333, 3644.93333333]","[20.0, 20.0]",0.08,45.0,10.0,null,gabors,-40.0,null,4.0,0.25019174,5,-0.17182816,4.3579558,7,0.1248078,True,1,train,1
259,0.0,149.48001,149.7302,0.8,"[3644.93333333, 3644.93333333]","[20.0, 20.0]",0.08,45.0,20.0,null,gabors,-10.0,null,4.0,0.25019174,167,-0.14970174,4.0371218,8,0.17134566,True,0,train,1
260,0.0,149.7302,149.98039,0.8,"[3644.93333333, 3644.93333333]","[20.0, 20.0]",0.08,45.0,-40.0,null,gabors,-40.0,null,4.0,0.25019174,157,-0.24374939,3.9762929,7,0.15364403,True,1,train,1
261,0.0,149.98039,150.23061,0.8,"[3644.93333333, 3644.93333333]","[20.0, 20.0]",0.08,45.0,-40.0,null,gabors,0.0,null,4.0,0.25021576,168,-0.14361668,4.0436345,8,0.19839426,True,0,train,1
262,0.0,150.23061,150.48083,0.8,"[3644.93333333, 3644.93333333]","[20.0, 20.0]",0.08,45.0,-40.0,null,gabors,-30.0,null,4.0,0.25021576,62,0.35320377,7.3483465,7,0.71249997,True,1,train,1
263,0.0,150.48083,150.73104,0.8,"[3644.93333333, 3644.93333333]","[20.0, 20.0]",0.08,0.0,40.0,null,gabors,-30.0,null,4.0,0.25021576,92,0.39616918,7.1090872,8,0.081315547,True,2,test,0
264,0.0,150.73104,150.98126,0.8,"[3644.93333333, 3644.93333333]","[20.0, 20.0]",0.08,0.0,10.0,null,gabors,30.0,null,4.0,0.25021576,169,0.11655725,6.8532894,7,0.11677353,True,0,train,0
265,0.0,150.98126,151.23146,0.8,"[3644.93333333, 3644.93333333]","[20.0, 20.0]",0.08,90.0,-40.0,null,gabors,0.0,null,4.0,0.25020674,4,-0.002787031,6.7343431,8,0.17405848,True,2,test,2
266,0.0,151.23146,151.48167,0.8,"[3644.93333333, 3644.93333333]","[20.0, 20.0]",0.08,45.0,20.0,null,gabors,20.0,null,4.0,0.25020674,76,0.043044026,6.6750746,7,0.1251409,True,2,test,1
267,0.0,151.48167,151.73188,0.8,"[3644.93333333, 3644.93333333]","[20.0, 20.0]",0.08,45.0,20.0,null,gabors,20.0,null,4.0,0.25020674,76,-0.019714425,6.2335184,8,0.21184886,True,3,train,1
268,0.0,151.73188,151.98208,0.8,"[3644.93333333, 3644.93333333]","[20.0, 20.0]",0.08,45.0,-10.0,null,gabors,-10.0,null,4.0,0.25020674,170,-0.00090004272,6.7548773,7,0.13014458,True,0,train,1
269,0.0,151.98208,152.23229,0.8,"[3644.93333333, 3644.93333333]","[20.0, 20.0]",0.08,90.0,0.0,null,gabors,20.0,null,4.0,0.25021076,56,0.082507968,6.3814598,8,0.28663162,True,2,test,2
270,0.0,152.23229,152.48251,0.8,"[3644.93333333, 3644.93333333]","[20.0, 20.0]",0.08,90.0,20.0,null,gabors,0.0,null,4.0,0.25021076,154,0.183558,6.493319,7,0.20446561,True,2,test,2
271,0.0,152.48251,152.73272,0.8,"[3644.93333333, 3644.93333333]","[20.0, 20.0]",0.08,90.0,10.0,null,gabors,-40.0,null,4.0,0.25021076,117,0.060405382,6.2521963,8,0.21796146,True,1,train,2
272,0.0,152.73272,152.98293,0.8,"[3644.93333333, 3644.93333333]","[20.0, 20.0]",0.08,0.0,10.0,null,gabors,-20.0,null,4.0,0.25021076,35,0.37986542,6.1823321,7,0.14179601,True,1,train,0
273,0.0,152.98293,153.23313,0.8,"[3644.93333333, 3644.93333333]","[20.0, 20.0]",0.08,45.0,40.0,null,gabors,-10.0,null,4.0,0.25020424,171,0.36424151,6.0953779,8,0.21556465,True,0,train,1
274,0.0,153.23313,153.48334,0.8,"[3644.93333333, 3644.93333333]","[20.0, 20.0]",0.08,45.0,20.0,null,gabors,-30.0,null,4.0,0.25020424,172,0.26361853,6.0285933,7,0.12531145,True,0,train,1
275,0.0,153.48334,153.73354,0.8,"[3644.93333333, 3644.93333333]","[20.0, 20.0]",0.08,90.0,-30.0,null,gabors,20.0,null,4.0,0.25020424,173,0.31392326,5.871498,8,0.13728333,True,0,train,2
276,0.0,153.73354,153.98374,0.8,"[3644.93333333, 3644.93333333]","[20.0, 20.0]",0.08,90.0,-30.0,null,gabors,-40.0,null,4.0,0.25020424,90,0.46090436,5.8458114,7,0.14219683,True,2,test,2
277,0.0,153.98374,154.23395,0.8,"[3644.93333333, 3644.93333333]","[20.0, 20.0]",0.08,0.0,40.0,null,gabors,-40.0,null,4.0,0.25021076,174,-0.058592217,0.81085844,8,2.0028528,True,0,train,0
278,0.0,154.23395,154.48417,0.8,"[3644.93333333, 3644.93333333]","[20.0, 20.0]",0.08,45.0,-10.0,null,gabors,30.0,null,4.0,0.25021076,175,-0.29322592,0.19009888,7,0.33860218,True,0,train,1
279,0.0,154.48417,154.73438,0.8,"[3644.93333333, 3644.93333333]","[20.0, 20.0]",0.08,0.0,30.0,null,gabors,-20.0,null,4.0,0.25021076,176,-0.31725006,0.27578724,8,0.32313226,True,0,train,0
280,0.0,154.73438,154.98459,0.8,"[3644.93333333, 3644.93333333]","[20.0, 20.0]",0.08,45.0,-10.0,null,gabors,20.0,null,4.0,0.25021076,47,-0.34717191,-0.19271744,7,1.6357709,True,2,test,1
281,0.0,154.98459,155.23479,0.8,"[3644.93333333, 3644.93333333]","[20.0, 20.0]",0.08,45.0,10.0,null,gabors,-10.0,null,4.0,0.25020424,31,-0.82342207,-3.0740827,8,0.1875915,True,3,train,1
282,0.0,155.23479,155.485,0.8,"[3644.93333333, 3644.93333333]","[20.0, 20.0]",0.08,90.0,10.0,null,gabors,-20.0,null,4.0,0.25020424,158,-0.63129386,-6.7149679,7,1.510693,True,1,train,2
283,0.0,155.485,155.7352,0.8,"[3644.93333333, 3644.93333333]","[20.0, 20.0]",0.08,45.0,0.0,null,gabors,-20.0,null,4.0,0.25020424,177,-0.5422767,-6.6322013,8,0.14226314,True,0,train,1
284,0.0,155.7352,155.9854,0.8,"[3644.93333333, 3644.93333333]","[20.0, 20.0]",0.08,45.0,20.0,null,gabors,20.0,null,4.0,0.25020424,76,-0.44413893,-6.6988229,7,0.73824787,True,4,train,1
285,0.0,155.9854,156.23562,0.8,"[3644.93333333, 3644.93333333]","[20.0, 20.0]",0.08,90.0,0.0,null,gabors,-30.0,null,4.0,0.25021826,74,-0.88673532,-7.9309679,8,0.22066062,True,1,train,2
286,0.0,156.23562,156.48584,0.8,"[3644.93333333, 3644.93333333]","[20.0, 20.0]",0.08,45.0,40.0,null,gabors,40.0,null,4.0,0.25021826,178,-0.79090095,-7.772791,7,0.13680255,True,0,train,1
287,0.0,156.48584,156.73606,0.8,"[3644.93333333, 3644.93333333]","[20.0, 20.0]",0.08,45.0,-30.0,null,gabors,0.0,null,4.0,0.25021826,179,-0.79950181,-8.1235369,3,0.23925214,True,0,train,1
288,0.0,156.73606,156.98628,0.8,"[3644.93333333, 3644.93333333]","[20.0, 20.0]",0.08,45.0,40.0,null,gabors,20.0,null,4.0,0.25021826,180,-0.71368351,-8.217356,6,0.28662889,True,0,train,1
289,0.0,156.98628,157.23648,0.8,"[3644.93333333, 3644.93333333]","[20.0, 20.0]",0.08,0.0,10.0,null,gabors,10.0,null,4.0,0.25020174,119,-0.98383007,-8.0316175,8,0.3015525,True,1,train,0
290,0.0,157.23648,157.48668,0.8,"[3644.93333333, 3644.93333333]","[20.0, 20.0]",0.08,90.0,-30.0,null,gabors,-40.0,null,4.0,0.25020174,90,,,2,,False,3,train,2
291,0.0,157.48668,157.73688,0.8,"[3644.93333333, 3644.93333333]","[20.0, 20.0]",0.08,45.0,20.0,null,gabors,30.0,null,4.0,0.25020174,181,,,0,,False,0,train,1
292,0.0,157.73688,157.98708,0.8,"[3644.93333333, 3644.93333333]","[20.0, 20.0]",0.08,0.0,10.0,null,gabors,-10.0,null,4.0,0.25020174,182,-0.3807064,1.3404269,6,2.0231229,True,0,train,0
293,0.0,157.98708,158.2373,0.8,"[3644.93333333, 3644.93333333]","[20.0, 20.0]",0.08,45.0,20.0,null,gabors,-30.0,null,4.0,0.25021326,172,-0.19629856,1.4477719,8,2.5475502,True,1,train,1
294,0.0,158.2373,158.48751,0.8,"[3644.93333333, 3644.93333333]","[20.0, 20.0]",0.08,90.0,40.0,null,gabors,0.0,null,4.0,0.25021326,183,0.84862519,5.1713792,7,0.24657304,True,0,train,2
295,0.0,158.48751,158.73772,0.8,"[3644.93333333, 3644.93333333]","[20.0, 20.0]",0.08,45.0,-10.0,null,gabors,-30.0,null,4.0,0.25021326,184,0.62524824,4.6317081,8,0.21022425,True,0,train,1
296,0.0,158.73772,158.98794,0.8,"[3644.93333333, 3644.93333333]","[20.0, 20.0]",0.08,0.0,-30.0,null,gabors,20.0,null,4.0,0.25021326,185,0.5499183,4.3860735,7,0.18677245,True,0,train,0
297,0.0,158.98794,159.23814,0.8,"[3644.93333333, 3644.93333333]","[20.0, 20.0]",0.08,0.0,30.0,null,gabors,30.0,null,4.0,0.25020424,6,0.46139459,4.1742667,8,0.18943781,True,2,test,0
298,0.0,159.23814,159.48835,0.8,"[3644.93333333, 3644.93333333]","[20.0, 20.0]",0.08,45.0,20.0,null,gabors,40.0,null,4.0,0.25020424,93,0.54606162,4.0116136,7,0.17066666,True,1,train,1
299,0.0,159.48835,159.73855,0.8,"[3644.93333333, 3644.93333333]","[20.0, 20.0]",0.08,0.0,0.0,null,gabors,-30.0,null,4.0,0.25020424,186,0.68822144,3.9676356,8,0.13441766,True,0,train,0
300,0.0,159.73855,159.98875,0.8,"[3644.93333333, 3644.93333333]","[20.0, 20.0]",0.08,0.0,-30.0,null,gabors,40.0,null,4.0,0.25020424,130,0.65372901,3.793321,7,0.074976931,True,1,train,0
301,0.0,159.98875,160.23897,0.8,"[3644.93333333, 3644.93333333]","[20.0, 20.0]",0.08,90.0,0.0,null,gabors,0.0,null,4.0,0.25021826,66,0.78897453,3.7942801,8,0.077846107,True,1,train,2
302,0.0,160.23897,160.48919,0.8,"[3644.93333333, 3644.93333333]","[20.0, 20.0]",0.08,0.0,-40.0,null,gabors,0.0,null,4.0,0.25021826,70,0.7515788,3.7921483,7,0.12775017,True,2,test,0
303,0.0,160.48919,160.73941,0.8,"[3644.93333333, 3644.93333333]","[20.0, 20.0]",0.08,45.0,20.0,null,gabors,10.0,null,4.0,0.25021826,187,0.6668826,3.7202335,8,0.14374862,True,0,train,1
304,0.0,160.73941,160.98963,0.8,"[3644.93333333, 3644.93333333]","[20.0, 20.0]",0.08,45.0,30.0,null,gabors,40.0,null,4.0,0.25021826,126,0.76287251,3.8338733,7,0.33353417,True,1,train,1
305,0.0,160.98963,161.23983,0.8,"[3644.93333333, 3644.93333333]","[20.0, 20.0]",0.08,90.0,30.0,null,gabors,-40.0,null,4.0,0.25019924,27,0.70806541,3.3745249,8,0.2421896,True,2,test,2
306,0.0,161.23983,161.49003,0.8,"[3644.93333333, 3644.93333333]","[20.0, 20.0]",0.08,90.0,40.0,null,gabors,-30.0,null,4.0,0.25019924,13,0.67122062,3.6464454,7,0.15446561,True,3,train,2
307,0.0,161.49003,161.74022,0.8,"[3644.93333333, 3644.93333333]","[20.0, 20.0]",0.08,90.0,-30.0,null,gabors,0.0,null,4.0,0.25019924,188,0.70019291,3.6286263,8,0.11719628,True,0,train,2
308,0.0,161.74022,161.99042,0.8,"[3644.93333333, 3644.93333333]","[20.0, 20.0]",0.08,90.0,20.0,null,gabors,10.0,null,4.0,0.25019924,129,0.65223047,3.664005,7,0.095354644,True,2,test,2
309,0.0,161.99042,162.24064,0.8,"[3644.93333333, 3644.93333333]","[20.0, 20.0]",0.08,90.0,-30.0,null,gabors,-30.0,null,4.0,0.25021826,124,0.54018551,3.5769983,8,0.21010231,True,1,train,2
310,0.0,162.24064,162.49086,0.8,"[3644.93333333, 3644.93333333]","[20.0, 20.0]",0.08,90.0,-40.0,null,gabors,10.0,null,4.0,0.25021826,57,0.39259938,3.4842413,7,0.22121314,True,1,train,2
311,0.0,162.49086,162.74108,0.8,"[3644.93333333, 3644.93333333]","[20.0, 20.0]",0.08,0.0,10.0,null,gabors,20.0,null,4.0,0.25021826,145,0.46025498,3.3499598,8,0.17324582,True,1,train,0
312,0.0,162.74108,162.9913,0.8,"[3644.93333333, 3644.93333333]","[20.0, 20.0]",0.08,45.0,30.0,null,gabors,10.0,null,4.0,0.25021826,86,0.33114048,3.396047,7,0.21028101,True,1,train,1
313,0.0,162.9913,163.2415,0.8,"[3644.93333333, 3644.93333333]","[20.0, 20.0]",0.08,90.0,40.0,null,gabors,20.0,null,4.0,0.25020174,189,0.73751699,3.4563543,8,2.0189289,True,0,train,2
314,0.0,163.2415,163.4917,0.8,"[3644.93333333, 3644.93333333]","[20.0, 20.0]",0.08,45.0,-30.0,null,gabors,20.0,null,4.0,0.25020174,190,1.10646,5.9367672,7,0.3303034,True,0,train,1
315,0.0,163.4917,163.7419,0.8,"[3644.93333333, 3644.93333333]","[20.0, 20.0]",0.08,90.0,30.0,null,gabors,30.0,null,4.0,0.25020174,115,0.8797016,5.4984065,8,0.17253201,True,2,test,2
316,0.0,163.7419,163.9921,0.8,"[3644.93333333, 3644.93333333]","[20.0, 20.0]",0.08,0.0,-30.0,null,gabors,-40.0,null,4.0,0.25020174,12,0.85282759,5.2832111,7,0.20414288,True,2,test,0
317,0.0,163.9921,164.24232,0.8,"[3644.93333333, 3644.93333333]","[20.0, 20.0]",0.08,0.0,10.0,null,gabors,-20.0,null,4.0,0.25021826,35,1.269653,5.5478263,7,0.15232572,True,2,test,0
318,0.0,164.24232,164.49254,0.8,"[3644.93333333, 3644.93333333]","[20.0, 20.0]",0.08,0.0,-30.0,null,gabors,-20.0,null,4.0,0.25021826,106,0.88548819,5.1440877,7,0.27424676,True,1,train,0
319,0.0,164.49254,164.74276,0.8,"[3644.93333333, 3644.93333333]","[20.0, 20.0]",0.08,45.0,0.0,null,gabors,0.0,null,4.0,0.25021826,191,2.0847384,9.3619725,3,2.4489146,True,0,train,1
320,0.0,164.74276,164.99298,0.8,"[3644.93333333, 3644.93333333]","[20.0, 20.0]",0.08,45.0,10.0,null,gabors,-40.0,null,4.0,0.25021826,5,1.9821212,10.50745,8,0.1127909,True,2,test,1
321,0.0,164.99298,165.24318,0.8,"[3644.93333333, 3644.93333333]","[20.0, 20.0]",0.08,90.0,-20.0,null,gabors,30.0,null,4.0,0.25020174,80,1.9334664,10.482713,7,3.0908224,True,1,train,2
322,0.0,165.24318,165.49338,0.8,"[3644.93333333, 3644.93333333]","[20.0, 20.0]",0.08,0.0,0.0,null,gabors,20.0,null,4.0,0.25020174,192,0.0093660626,3.3873422,7,0.15793946,True,0,train,0
323,0.0,165.49338,165.74358,0.8,"[3644.93333333, 3644.93333333]","[20.0, 20.0]",0.08,0.0,-30.0,null,gabors,0.0,null,4.0,0.25020174,193,-0.022887802,3.2940729,8,0.14487539,True,0,train,0
324,0.0,165.74358,165.99378,0.8,"[3644.93333333, 3644.93333333]","[20.0, 20.0]",0.08,90.0,-30.0,null,gabors,30.0,null,4.0,0.25020174,194,-0.33142322,2.9139935,8,0.22408119,True,0,train,2
325,0.0,165.99378,166.244,0.8,"[3644.93333333, 3644.93333333]","[20.0, 20.0]",0.08,0.0,-40.0,null,gabors,0.0,null,4.0,0.25021826,70,-0.21827393,2.7483902,7,0.16051178,True,3,train,0
326,0.0,166.244,166.49422,0.8,"[3644.93333333, 3644.93333333]","[20.0, 20.0]",0.08,45.0,0.0,null,gabors,20.0,null,4.0,0.25021826,24,-0.33401077,2.7236893,7,0.15000556,True,2,test,1
327,0.0,166.49422,166.74444,0.8,"[3644.93333333, 3644.93333333]","[20.0, 20.0]",0.08,45.0,-20.0,null,gabors,-40.0,null,4.0,0.25021826,45,-0.20293488,2.5787299,8,0.14566827,True,2,test,1
328,0.0,166.74444,166.99466,0.8,"[3644.93333333, 3644.93333333]","[20.0, 20.0]",0.08,90.0,30.0,null,gabors,30.0,null,4.0,0.25021826,115,-0.29960007,2.5115823,8,0.23389067,True,3,train,2
329,0.0,166.99466,167.24485,0.8,"[3644.93333333, 3644.93333333]","[20.0, 20.0]",0.08,45.0,40.0,null,gabors,-40.0,null,4.0,0.25019674,195,-0.32354805,2.5845067,7,0.17673066,True,0,train,1
330,0.0,167.24485,167.49505,0.8,"[3644.93333333, 3644.93333333]","[20.0, 20.0]",0.08,0.0,-30.0,null,gabors,10.0,null,4.0,0.25019674,43,-0.23077753,2.3215957,7,0.15169027,True,3,train,0
331,0.0,167.49505,167.74525,0.8,"[3644.93333333, 3644.93333333]","[20.0, 20.0]",0.08,0.0,20.0,null,gabors,20.0,null,4.0,0.25019674,196,-0.25852198,2.2603893,8,0.15417543,True,0,train,0
332,0.0,167.74525,167.99544,0.8,"[3644.93333333, 3644.93333333]","[20.0, 20.0]",0.08,90.0,0.0,null,gabors,-20.0,null,4.0,0.25019674,197,-0.20594215,2.4687151,8,0.21222309,True,0,train,2
333,0.0,167.99544,168.24566,0.8,"[3644.93333333, 3644.93333333]","[20.0, 20.0]",0.08,0.0,20.0,null,gabors,20.0,null,4.0,0.25021576,196,-0.22005148,2.3649872,7,0.11246832,True,1,train,0
334,0.0,168.24566,168.49588,0.8,"[3644.93333333, 3644.93333333]","[20.0, 20.0]",0.08,45.0,20.0,null,gabors,-10.0,null,4.0,0.25021576,167,-0.13899162,2.3188826,7,0.13703515,True,1,train,1
335,0.0,168.49588,168.74609,0.8,"[3644.93333333, 3644.93333333]","[20.0, 20.0]",0.08,90.0,-10.0,null,gabors,-40.0,null,4.0,0.25021576,198,-0.31467951,2.3395528,7,0.062417574,True,0,train,2
336,0.0,168.74609,168.99631,0.8,"[3644.93333333, 3644.93333333]","[20.0, 20.0]",0.08,90.0,-30.0,null,gabors,-20.0,null,4.0,0.25021576,44,-0.30435638,2.3076769,8,0.12305202,True,2,test,2
337,0.0,168.99631,169.24651,0.8,"[3644.93333333, 3644.93333333]","[20.0, 20.0]",0.08,45.0,-10.0,null,gabors,10.0,null,4.0,0.25020424,199,-0.17634647,2.2237497,7,0.19825347,True,0,train,1
338,0.0,169.24651,169.49672,0.8,"[3644.93333333, 3644.93333333]","[20.0, 20.0]",0.08,0.0,20.0,null,gabors,40.0,null,4.0,0.25020424,72,-0.18983581,2.2689483,8,0.13553841,True,1,train,0
339,0.0,169.49672,169.74692,0.8,"[3644.93333333, 3644.93333333]","[20.0, 20.0]",0.08,90.0,-10.0,null,gabors,-40.0,null,4.0,0.25020424,198,-0.17507697,2.1568523,7,0.11957535,True,1,train,2
340,0.0,169.74692,169.99712,0.8,"[3644.93333333, 3644.93333333]","[20.0, 20.0]",0.08,45.0,-10.0,null,gabors,20.0,null,4.0,0.25020424,47,-0.21660474,2.0974222,8,0.14359411,True,3,train,1
341,0.0,169.99712,170.24733,0.8,"[3644.93333333, 3644.93333333]","[20.0, 20.0]",0.08,90.0,40.0,null,gabors,-30.0,null,4.0,0.25020826,13,-0.36765909,2.1109333,7,0.19226437,True,4,train,2
342,0.0,170.24733,170.49754,0.8,"[3644.93333333, 3644.93333333]","[20.0, 20.0]",0.08,0.0,30.0,null,gabors,-40.0,null,4.0,0.25020826,200,-0.2778807,2.1142759,7,0.14980825,True,0,train,0
343,0.0,170.49754,170.74775,0.8,"[3644.93333333, 3644.93333333]","[20.0, 20.0]",0.08,0.0,-10.0,null,gabors,0.0,null,4.0,0.25020826,201,-0.27785978,2.1180637,8,0.14625054,True,0,train,0
344,0.0,170.74775,170.99796,0.8,"[3644.93333333, 3644.93333333]","[20.0, 20.0]",0.08,45.0,20.0,null,gabors,30.0,null,4.0,0.25020826,181,-0.25162372,2.1750275,8,0.11769852,True,1,train,1
345,0.0,170.99796,171.24817,0.8,"[3644.93333333, 3644.93333333]","[20.0, 20.0]",0.08,90.0,-40.0,null,gabors,-30.0,null,4.0,0.25020924,127,-0.10979715,2.0216526,7,0.14872454,True,1,train,2
346,0.0,171.24817,171.49838,0.8,"[3644.93333333, 3644.93333333]","[20.0, 20.0]",0.08,45.0,-30.0,null,gabors,10.0,null,4.0,0.25020924,202,-0.058464469,2.1533678,8,0.14969346,True,0,train,1
347,0.0,171.49838,171.74858,0.8,"[3644.93333333, 3644.93333333]","[20.0, 20.0]",0.08,45.0,-40.0,null,gabors,-20.0,null,4.0,0.25020924,77,-0.26034886,2.1370467,7,0.17284361,True,2,test,1
348,0.0,171.74858,171.99879,0.8,"[3644.93333333, 3644.93333333]","[20.0, 20.0]",0.08,90.0,-40.0,null,gabors,-10.0,null,4.0,0.25020924,22,-0.25170038,2.0004202,8,0.15557263,True,5,test,2
349,0.0,171.99879,172.249,0.8,"[3644.93333333, 3644.93333333]","[20.0, 20.0]",0.08,0.0,-20.0,null,gabors,-40.0,null,4.0,0.25021076,123,-0.3495994,1.9726456,7,0.13000035,True,1,train,0
350,0.0,172.249,172.49922,0.8,"[3644.93333333, 3644.93333333]","[20.0, 20.0]",0.08,45.0,-30.0,null,gabors,20.0,null,4.0,0.25021076,190,-0.15434501,2.0842406,8,0.11370565,True,1,train,1
351,0.0,172.49922,172.74943,0.8,"[3644.93333333, 3644.93333333]","[20.0, 20.0]",0.08,45.0,0.0,null,gabors,30.0,null,4.0,0.25021076,64,-0.16903604,1.9815402,7,0.073752702,True,1,train,1
352,0.0,172.74943,172.99964,0.8,"[3644.93333333, 3644.93333333]","[20.0, 20.0]",0.08,90.0,-20.0,null,gabors,-40.0,null,4.0,0.25021076,34,-0.12210514,2.1033623,8,0.11271223,True,2,test,2
353,0.0,172.99964,173.24985,0.8,"[3644.93333333, 3644.93333333]","[20.0, 20.0]",0.08,0.0,20.0,null,gabors,20.0,null,4.0,0.25020924,196,-0.080399048,1.9692294,7,0.12886481,True,2,test,0
354,0.0,173.24985,173.50006,0.8,"[3644.93333333, 3644.93333333]","[20.0, 20.0]",0.08,0.0,-40.0,null,gabors,30.0,null,4.0,0.25020924,203,-0.065263313,1.985373,8,0.092308601,True,0,train,0
355,0.0,173.50006,173.75026,0.8,"[3644.93333333, 3644.93333333]","[20.0, 20.0]",0.08,0.0,10.0,null,gabors,10.0,null,4.0,0.25020924,119,-0.022121902,2.0314869,7,0.1016414,True,2,test,0
356,0.0,173.75026,174.00047,0.8,"[3644.93333333, 3644.93333333]","[20.0, 20.0]",0.08,45.0,-30.0,null,gabors,0.0,null,4.0,0.25020924,179,0.057022128,1.9978688,8,0.12917377,True,1,train,1
357,0.0,174.00047,174.25068,0.8,"[3644.93333333, 3644.93333333]","[20.0, 20.0]",0.08,90.0,40.0,null,gabors,20.0,null,4.0,0.25020576,189,-0.098400557,2.0667291,7,0.14275865,True,1,train,2
358,0.0,174.25068,174.50089,0.8,"[3644.93333333, 3644.93333333]","[20.0, 20.0]",0.08,45.0,-40.0,null,gabors,-40.0,null,4.0,0.25020576,157,-0.058041935,2.0450506,8,0.11870953,True,2,test,1
359,0.0,174.50089,174.75109,0.8,"[3644.93333333, 3644.93333333]","[20.0, 20.0]",0.08,90.0,30.0,null,gabors,40.0,null,4.0,0.25020576,142,0.0039816165,1.9965198,7,0.1223491,True,1,train,2
360,0.0,174.75109,175.0013,0.8,"[3644.93333333, 3644.93333333]","[20.0, 20.0]",0.08,45.0,-30.0,null,gabors,30.0,null,4.0,0.25020576,131,-0.043412601,1.9005692,8,0.099251675,True,2,test,1
361,0.0,175.0013,175.25151,0.8,"[3644.93333333, 3644.93333333]","[20.0, 20.0]",0.08,45.0,-40.0,null,gabors,0.0,null,4.0,0.25021174,168,0.010752651,1.784096,7,0.10918557,True,1,train,1
362,0.0,175.25151,175.50172,0.8,"[3644.93333333, 3644.93333333]","[20.0, 20.0]",0.08,45.0,30.0,null,gabors,30.0,null,4.0,0.25021174,59,-0.18764491,-3.6856958,8,3.1656529,True,3,train,1
363,0.0,175.50172,175.75193,0.8,"[3644.93333333, 3644.93333333]","[20.0, 20.0]",0.08,45.0,10.0,null,gabors,0.0,null,4.0,0.25021174,204,-0.57154038,-5.0463251,7,0.19832557,True,0,train,1
364,0.0,175.75193,176.00214,0.8,"[3644.93333333, 3644.93333333]","[20.0, 20.0]",0.08,45.0,10.0,null,gabors,10.0,null,4.0,0.25021174,144,-0.57414625,-4.9224718,8,0.18952836,True,2,test,1
365,0.0,176.00214,176.25235,0.8,"[3644.93333333, 3644.93333333]","[20.0, 20.0]",0.08,0.0,0.0,null,gabors,30.0,null,4.0,0.25020576,55,-0.39961739,-4.9431956,7,0.12534967,True,1,train,0
366,0.0,176.25235,176.50256,0.8,"[3644.93333333, 3644.93333333]","[20.0, 20.0]",0.08,0.0,0.0,null,gabors,0.0,null,4.0,0.25020576,139,-0.29587919,-5.0799749,8,0.81833076,True,1,train,0
367,0.0,176.50256,176.75276,0.8,"[3644.93333333, 3644.93333333]","[20.0, 20.0]",0.08,45.0,-30.0,null,gabors,-20.0,null,4.0,0.25020576,205,-0.062700075,-8.2476359,5,0.11715066,True,0,train,1
368,0.0,176.75276,177.00297,0.8,"[3644.93333333, 3644.93333333]","[20.0, 20.0]",0.08,0.0,-30.0,null,gabors,40.0,null,4.0,0.25020576,130,0.0014338858,-8.178994,8,0.26329083,True,2,test,0
369,0.0,177.00297,177.25318,0.8,"[3644.93333333, 3644.93333333]","[20.0, 20.0]",0.08,90.0,40.0,null,gabors,-40.0,null,4.0,0.25021174,21,-0.2196594,-7.9632042,7,0.22291893,True,1,train,2
370,0.0,177.25318,177.50339,0.8,"[3644.93333333, 3644.93333333]","[20.0, 20.0]",0.08,90.0,-10.0,null,gabors,30.0,null,4.0,0.25021174,87,-0.067156691,-8.0353237,5,0.17536052,True,1,train,2
371,0.0,177.50339,177.7536,0.8,"[3644.93333333, 3644.93333333]","[20.0, 20.0]",0.08,0.0,10.0,null,gabors,0.0,null,4.0,0.25021174,206,0.50151279,3.1686099,4,1.5416298,True,0,train,0
372,0.0,177.7536,178.00381,0.8,"[3644.93333333, 3644.93333333]","[20.0, 20.0]",0.08,0.0,20.0,null,gabors,10.0,null,4.0,0.25021174,207,0.31753477,2.9804708,8,0.15724715,True,0,train,0
373,0.0,178.00381,178.25403,0.8,"[3644.93333333, 3644.93333333]","[20.0, 20.0]",0.08,90.0,30.0,null,gabors,20.0,null,4.0,0.25021326,163,0.66194731,2.7918308,7,0.15265872,True,1,train,2
374,0.0,178.25403,178.50424,0.8,"[3644.93333333, 3644.93333333]","[20.0, 20.0]",0.08,0.0,30.0,null,gabors,-20.0,null,4.0,0.25021326,176,0.67681509,2.3304588,8,0.15534692,True,1,train,0
375,0.0,178.50424,178.75445,0.8,"[3644.93333333, 3644.93333333]","[20.0, 20.0]",0.08,0.0,30.0,null,gabors,40.0,null,4.0,0.25021326,54,0.5534984,2.3224833,7,0.19379568,True,3,train,0
376,0.0,178.75445,179.00467,0.8,"[3644.93333333, 3644.93333333]","[20.0, 20.0]",0.08,90.0,-30.0,null,gabors,20.0,null,4.0,0.25021326,173,0.55492139,2.4043726,8,0.19073196,True,1,train,2
377,0.0,179.00467,179.25487,0.8,"[3644.93333333, 3644.93333333]","[20.0, 20.0]",0.08,45.0,40.0,null,gabors,-20.0,null,4.0,0.25020424,104,0.48800572,2.3376301,7,0.18227245,True,1,train,1
378,0.0,179.25487,179.50508,0.8,"[3644.93333333, 3644.93333333]","[20.0, 20.0]",0.08,45.0,20.0,null,gabors,-20.0,null,4.0,0.25020424,208,0.49638204,2.2566061,8,0.19056212,True,0,train,1
379,0.0,179.50508,179.75528,0.8,"[3644.93333333, 3644.93333333]","[20.0, 20.0]",0.08,45.0,-20.0,null,gabors,40.0,null,4.0,0.25020424,81,0.33212497,2.2653963,7,0.18345046,True,2,test,1
380,0.0,179.75528,180.00548,0.8,"[3644.93333333, 3644.93333333]","[20.0, 20.0]",0.08,45.0,0.0,null,gabors,-10.0,null,4.0,0.25020424,8,0.5012259,2.2777413,8,0.27779048,True,1,train,1
381,0.0,180.00548,180.25571,0.8,"[3644.93333333, 3644.93333333]","[20.0, 20.0]",0.08,0.0,20.0,null,gabors,20.0,null,4.0,0.25022326,196,0.50818105,2.1621896,7,0.13869463,True,3,train,0
382,0.0,180.25571,180.50593,0.8,"[3644.93333333, 3644.93333333]","[20.0, 20.0]",0.08,90.0,40.0,null,gabors,10.0,null,4.0,0.25022326,52,0.59645048,1.9411825,8,0.17319849,True,3,train,2
383,0.0,180.50593,180.75615,0.8,"[3644.93333333, 3644.93333333]","[20.0, 20.0]",0.08,45.0,-30.0,null,gabors,-20.0,null,4.0,0.25022326,205,0.61315325,1.9769092,7,0.14878169,True,1,train,1
384,0.0,180.75615,181.00638,0.8,"[3644.93333333, 3644.93333333]","[20.0, 20.0]",0.08,45.0,-40.0,null,gabors,-10.0,null,4.0,0.25022326,118,0.61127877,2.0083065,8,0.17281778,True,1,train,1
385,0.0,181.00638,181.25657,0.8,"[3644.93333333, 3644.93333333]","[20.0, 20.0]",0.08,90.0,20.0,null,gabors,-10.0,null,4.0,0.25019424,30,0.50966392,1.9206368,7,0.11824421,True,1,train,2
386,0.0,181.25657,181.50677,0.8,"[3644.93333333, 3644.93333333]","[20.0, 20.0]",0.08,90.0,10.0,null,gabors,-30.0,null,4.0,0.25019424,209,0.52462407,1.8844154,8,0.19961714,True,0,train,2
387,0.0,181.50677,181.75696,0.8,"[3644.93333333, 3644.93333333]","[20.0, 20.0]",0.08,45.0,-40.0,null,gabors,-20.0,null,4.0,0.25019424,77,0.55283494,1.9321784,7,0.27022418,True,3,train,1
388,0.0,181.75696,182.00715,0.8,"[3644.93333333, 3644.93333333]","[20.0, 20.0]",0.08,45.0,-40.0,null,gabors,-10.0,null,4.0,0.25019424,118,0.4492803,1.7966372,8,0.20258855,True,2,test,1
389,0.0,182.00715,182.25737,0.8,"[3644.93333333, 3644.93333333]","[20.0, 20.0]",0.08,90.0,-10.0,null,gabors,40.0,null,4.0,0.25021826,29,0.4922657,1.7271641,7,0.18613737,True,1,train,2
390,0.0,182.25737,182.50759,0.8,"[3644.93333333, 3644.93333333]","[20.0, 20.0]",0.08,90.0,40.0,null,gabors,0.0,null,4.0,0.25021826,183,0.59744594,1.7955414,8,0.15282278,True,1,train,2
391,0.0,182.50759,182.75781,0.8,"[3644.93333333, 3644.93333333]","[20.0, 20.0]",0.08,0.0,30.0,null,gabors,10.0,null,4.0,0.25021826,137,0.55210758,1.7327438,7,0.22649316,True,1,train,0
392,0.0,182.75781,183.00803,0.8,"[3644.93333333, 3644.93333333]","[20.0, 20.0]",0.08,90.0,20.0,null,gabors,20.0,null,4.0,0.25021826,210,0.43263401,1.8508613,8,0.18583162,True,0,train,2
393,0.0,183.00803,183.25823,0.8,"[3644.93333333, 3644.93333333]","[20.0, 20.0]",0.08,90.0,-20.0,null,gabors,10.0,null,4.0,0.25020424,100,0.48384737,1.718001,7,0.13279044,True,1,train,2
394,0.0,183.25823,183.50844,0.8,"[3644.93333333, 3644.93333333]","[20.0, 20.0]",0.08,0.0,20.0,null,gabors,10.0,null,4.0,0.25020424,207,0.59761858,1.7736255,7,0.072860113,True,1,train,0
395,0.0,183.50844,183.75864,0.8,"[3644.93333333, 3644.93333333]","[20.0, 20.0]",0.08,90.0,10.0,null,gabors,-10.0,null,4.0,0.25020424,138,0.66514042,1.6720248,7,0.14973751,True,1,train,2
396,0.0,183.75864,184.00884,0.8,"[3644.93333333, 3644.93333333]","[20.0, 20.0]",0.08,90.0,30.0,null,gabors,40.0,null,4.0,0.25020424,142,0.67032826,1.7416258,7,0.21137528,True,2,test,2
397,0.0,184.00884,184.25906,0.8,"[3644.93333333, 3644.93333333]","[20.0, 20.0]",0.08,0.0,-30.0,null,gabors,-10.0,null,4.0,0.25021576,71,0.40344946,1.8850414,7,0.18295272,True,2,test,0
398,0.0,184.25906,184.50928,0.8,"[3644.93333333, 3644.93333333]","[20.0, 20.0]",0.08,90.0,30.0,null,gabors,-10.0,null,4.0,0.25021576,211,0.67107276,1.6188692,7,0.17588499,True,0,train,2
399,0.0,184.50928,184.75949,0.8,"[3644.93333333, 3644.93333333]","[20.0, 20.0]",0.08,45.0,0.0,null,gabors,40.0,null,4.0,0.25021576,159,0.52590924,1.7600574,8,0.15207768,True,2,test,1
400,0.0,184.75949,185.00971,0.8,"[3644.93333333, 3644.93333333]","[20.0, 20.0]",0.08,0.0,40.0,null,gabors,-20.0,null,4.0,0.25021576,78,0.60053269,1.6397589,7,0.16136385,True,2,test,0
401,0.0,185.00971,185.25991,0.8,"[3644.93333333, 3644.93333333]","[20.0, 20.0]",0.08,90.0,-20.0,null,gabors,-40.0,null,4.0,0.25019924,34,0.58255134,1.8449622,8,0.15125781,True,3,train,2
402,0.0,185.25991,185.51011,0.8,"[3644.93333333, 3644.93333333]","[20.0, 20.0]",0.08,0.0,20.0,null,gabors,10.0,null,4.0,0.25019924,207,0.69334101,1.6451093,7,0.25521472,True,2,test,0
403,0.0,185.51011,185.7603,0.8,"[3644.93333333, 3644.93333333]","[20.0, 20.0]",0.08,90.0,30.0,null,gabors,-20.0,null,4.0,0.25019924,212,0.74503292,1.5147763,8,0.21933827,True,0,train,2
404,0.0,185.7603,186.0105,0.8,"[3644.93333333, 3644.93333333]","[20.0, 20.0]",0.08,0.0,-30.0,null,gabors,-30.0,null,4.0,0.25019924,73,0.59785143,1.6367486,7,0.1578614,True,2,test,0
405,0.0,186.0105,186.26071,0.8,"[3644.93333333, 3644.93333333]","[20.0, 20.0]",0.08,45.0,-10.0,null,gabors,-20.0,null,4.0,0.25020826,166,0.66847841,1.4798405,8,1.4292132,True,1,train,1
406,0.0,186.26071,186.51092,0.8,"[3644.93333333, 3644.93333333]","[20.0, 20.0]",0.08,0.0,20.0,null,gabors,-10.0,null,4.0,0.25020826,213,0.34880638,-6.1381566,7,0.21156823,True,0,train,0
407,0.0,186.51092,186.76113,0.8,"[3644.93333333, 3644.93333333]","[20.0, 20.0]",0.08,90.0,40.0,null,gabors,-20.0,null,4.0,0.25020826,214,0.2934099,-6.1996253,8,0.90935563,True,0,train,2
408,0.0,186.76113,187.01134,0.8,"[3644.93333333, 3644.93333333]","[20.0, 20.0]",0.08,90.0,-10.0,null,gabors,-10.0,null,4.0,0.25020826,32,1.0612632,-7.7345115,7,0.28162671,True,2,test,2
409,0.0,187.01134,187.26155,0.8,"[3644.93333333, 3644.93333333]","[20.0, 20.0]",0.08,90.0,-20.0,null,gabors,-40.0,null,4.0,0.25021174,34,1.02157,-7.6233819,8,0.17075213,True,4,train,2
410,0.0,187.26155,187.51176,0.8,"[3644.93333333, 3644.93333333]","[20.0, 20.0]",0.08,45.0,-20.0,null,gabors,20.0,null,4.0,0.25021174,113,0.96610274,-7.4884901,7,0.21062591,True,1,train,1
411,0.0,187.51176,187.76197,0.8,"[3644.93333333, 3644.93333333]","[20.0, 20.0]",0.08,45.0,-20.0,null,gabors,-20.0,null,4.0,0.25021174,83,0.85760674,-7.3693289,8,0.232844,True,1,train,1
412,0.0,187.76197,188.01218,0.8,"[3644.93333333, 3644.93333333]","[20.0, 20.0]",0.08,45.0,30.0,null,gabors,20.0,null,4.0,0.25021174,49,0.70532108,-7.2147434,7,0.25302095,True,1,train,1
413,0.0,188.01218,188.2624,0.8,"[3644.93333333, 3644.93333333]","[20.0, 20.0]",0.08,45.0,0.0,null,gabors,0.0,null,4.0,0.25021576,191,0.68388315,-7.1166782,8,0.19862751,True,1,train,1
414,0.0,188.2624,188.51262,0.8,"[3644.93333333, 3644.93333333]","[20.0, 20.0]",0.08,90.0,-20.0,null,gabors,20.0,null,4.0,0.25021576,18,0.66083853,-6.9549885,7,0.21577618,True,2,test,2
415,0.0,188.51262,188.76283,0.8,"[3644.93333333, 3644.93333333]","[20.0, 20.0]",0.08,45.0,-10.0,null,gabors,30.0,null,4.0,0.25021576,175,0.64579579,-6.9123325,8,0.16033265,True,1,train,1
416,0.0,188.76283,189.01305,0.8,"[3644.93333333, 3644.93333333]","[20.0, 20.0]",0.08,0.0,20.0,null,gabors,40.0,null,4.0,0.25021576,72,0.82461804,-6.9011296,7,0.16037216,True,2,test,0
417,0.0,189.01305,189.26325,0.8,"[3644.93333333, 3644.93333333]","[20.0, 20.0]",0.08,45.0,-20.0,null,gabors,40.0,null,4.0,0.25020424,81,0.59810135,-7.0118279,8,0.20414844,True,3,train,1
418,0.0,189.26325,189.51346,0.8,"[3644.93333333, 3644.93333333]","[20.0, 20.0]",0.08,90.0,40.0,null,gabors,20.0,null,4.0,0.25020424,189,0.70960663,-7.0122061,7,0.12840971,True,2,test,2
419,0.0,189.51346,189.76366,0.8,"[3644.93333333, 3644.93333333]","[20.0, 20.0]",0.08,90.0,-20.0,null,gabors,30.0,null,4.0,0.25020424,80,0.78101066,-6.919834,8,0.15106941,True,2,test,2
420,0.0,189.76366,190.01386,0.8,"[3644.93333333, 3644.93333333]","[20.0, 20.0]",0.08,0.0,10.0,null,gabors,30.0,null,4.0,0.25020424,169,0.64302548,-6.6991603,7,0.13639944,True,1,train,0
421,0.0,190.01386,190.26408,0.8,"[3644.93333333, 3644.93333333]","[20.0, 20.0]",0.08,90.0,-30.0,null,gabors,40.0,null,4.0,0.25021326,75,0.69118314,-6.8051848,8,0.19183627,True,2,test,2
422,0.0,190.26408,190.51429,0.8,"[3644.93333333, 3644.93333333]","[20.0, 20.0]",0.08,45.0,0.0,null,gabors,-40.0,null,4.0,0.25021326,105,0.69804652,-6.8881423,7,0.2052446,True,1,train,1
423,0.0,190.51429,190.7645,0.8,"[3644.93333333, 3644.93333333]","[20.0, 20.0]",0.08,90.0,-30.0,null,gabors,0.0,null,4.0,0.25021326,188,0.74767451,-6.8547871,8,0.21708027,True,1,train,2
424,0.0,190.7645,191.01472,0.8,"[3644.93333333, 3644.93333333]","[20.0, 20.0]",0.08,45.0,40.0,null,gabors,-10.0,null,4.0,0.25021326,171,1.1155428,-6.8618501,7,0.29269439,True,1,train,1
425,0.0,191.01472,191.26492,0.8,"[3644.93333333, 3644.93333333]","[20.0, 20.0]",0.08,90.0,-40.0,null,gabors,10.0,null,4.0,0.25019924,57,1.0936598,-6.9379097,8,0.2352056,True,2,test,2
426,0.0,191.26492,191.51512,0.8,"[3644.93333333, 3644.93333333]","[20.0, 20.0]",0.08,90.0,0.0,null,gabors,30.0,null,4.0,0.25019924,215,0.86571919,-6.5846383,7,0.18317758,True,0,train,2
427,0.0,191.51512,191.76531,0.8,"[3644.93333333, 3644.93333333]","[20.0, 20.0]",0.08,45.0,30.0,null,gabors,20.0,null,4.0,0.25019924,49,0.88749129,-6.8290043,8,0.15567572,True,2,test,1
428,0.0,191.76531,192.01551,0.8,"[3644.93333333, 3644.93333333]","[20.0, 20.0]",0.08,0.0,-20.0,null,gabors,-10.0,null,4.0,0.25019924,216,0.96602818,-6.8242178,7,0.25493664,True,0,train,0
429,0.0,192.01551,192.26573,0.8,"[3644.93333333, 3644.93333333]","[20.0, 20.0]",0.08,45.0,-30.0,null,gabors,30.0,null,4.0,0.25021826,131,0.8645434,-6.7971755,8,0.1794675,True,3,train,1
430,0.0,192.26573,192.51595,0.8,"[3644.93333333, 3644.93333333]","[20.0, 20.0]",0.08,0.0,10.0,null,gabors,0.0,null,4.0,0.25021826,206,0.79471364,-6.8060085,7,0.1645254,True,1,train,0
431,0.0,192.51595,192.76617,0.8,"[3644.93333333, 3644.93333333]","[20.0, 20.0]",0.08,0.0,-20.0,null,gabors,40.0,null,4.0,0.25021826,33,0.94775442,0.48313824,8,2.6746991,True,3,train,0
432,0.0,192.76617,193.01639,0.8,"[3644.93333333, 3644.93333333]","[20.0, 20.0]",0.08,45.0,40.0,null,gabors,-20.0,null,4.0,0.25021826,104,0.58864144,-0.22621319,7,0.22192804,True,2,test,1
433,0.0,193.01639,193.26659,0.8,"[3644.93333333, 3644.93333333]","[20.0, 20.0]",0.08,45.0,40.0,null,gabors,10.0,null,4.0,0.25020424,150,0.53716748,-0.35494114,8,0.24410679,True,1,train,1
434,0.0,193.26659,193.5168,0.8,"[3644.93333333, 3644.93333333]","[20.0, 20.0]",0.08,90.0,40.0,null,gabors,40.0,null,4.0,0.25020424,48,0.34186129,-0.35722775,7,0.15296824,True,1,train,2
435,0.0,193.5168,193.767,0.8,"[3644.93333333, 3644.93333333]","[20.0, 20.0]",0.08,45.0,-30.0,null,gabors,20.0,null,4.0,0.25020424,190,0.41816104,-0.35153893,8,0.14056294,True,2,test,1
436,0.0,193.767,194.0172,0.8,"[3644.93333333, 3644.93333333]","[20.0, 20.0]",0.08,90.0,40.0,null,gabors,-40.0,null,4.0,0.25020424,21,0.34186547,-0.40094615,7,0.27158378,True,2,test,2
437,0.0,194.0172,194.26741,0.8,"[3644.93333333, 3644.93333333]","[20.0, 20.0]",0.08,0.0,30.0,null,gabors,20.0,null,4.0,0.25021076,217,0.33676692,-0.5739191,8,0.22496791,True,0,train,0
438,0.0,194.26741,194.51763,0.8,"[3644.93333333, 3644.93333333]","[20.0, 20.0]",0.08,90.0,-20.0,null,gabors,30.0,null,4.0,0.25021076,80,0.43197989,-0.35784275,7,0.13909667,True,3,train,2
439,0.0,194.51763,194.76784,0.8,"[3644.93333333, 3644.93333333]","[20.0, 20.0]",0.08,90.0,-30.0,null,gabors,-40.0,null,4.0,0.25021076,90,0.28623257,-0.42286279,8,0.18547656,True,4,train,2
440,0.0,194.76784,195.01805,0.8,"[3644.93333333, 3644.93333333]","[20.0, 20.0]",0.08,0.0,40.0,null,gabors,-30.0,null,4.0,0.25021076,92,0.29329892,-0.55477935,7,0.13727689,True,3,train,0
441,0.0,195.01805,195.26825,0.8,"[3644.93333333, 3644.93333333]","[20.0, 20.0]",0.08,0.0,-40.0,null,gabors,-10.0,null,4.0,0.25020174,103,0.34196836,-0.54793201,8,0.10554546,True,2,test,0
442,0.0,195.26825,195.51845,0.8,"[3644.93333333, 3644.93333333]","[20.0, 20.0]",0.08,0.0,20.0,null,gabors,30.0,null,4.0,0.25020174,42,0.41144126,-0.63260751,7,0.11348468,True,1,train,0
443,0.0,195.51845,195.76865,0.8,"[3644.93333333, 3644.93333333]","[20.0, 20.0]",0.08,90.0,40.0,null,gabors,10.0,null,4.0,0.25020174,52,0.42760787,-0.67428681,8,0.098225885,True,4,train,2
444,0.0,195.76865,196.01885,0.8,"[3644.93333333, 3644.93333333]","[20.0, 20.0]",0.08,90.0,-40.0,null,gabors,-20.0,null,4.0,0.25020174,128,0.35246547,-0.60915958,7,0.091942208,True,3,train,2
445,0.0,196.01885,196.26907,0.8,"[3644.93333333, 3644.93333333]","[20.0, 20.0]",0.08,90.0,-40.0,null,gabors,0.0,null,4.0,0.25021326,4,0.40368317,-0.63603718,8,0.15149336,True,3,train,2
446,0.0,196.26907,196.51928,0.8,"[3644.93333333, 3644.93333333]","[20.0, 20.0]",0.08,90.0,0.0,null,gabors,-10.0,null,4.0,0.25021326,7,0.51947663,-0.44438999,7,0.12567932,True,1,train,2
447,0.0,196.51928,196.76949,0.8,"[3644.93333333, 3644.93333333]","[20.0, 20.0]",0.08,90.0,-30.0,null,gabors,30.0,null,4.0,0.25021326,194,0.54526154,-0.79742264,8,2.0631675,True,1,train,2
448,0.0,196.76949,197.01971,0.8,"[3644.93333333, 3644.93333333]","[20.0, 20.0]",0.08,45.0,0.0,null,gabors,-20.0,null,4.0,0.25021326,177,0.28182384,-6.5669746,7,0.21183389,True,1,train,1
449,0.0,197.01971,197.26991,0.8,"[3644.93333333, 3644.93333333]","[20.0, 20.0]",0.08,90.0,0.0,null,gabors,-20.0,null,4.0,0.25020674,197,0.064115878,-6.3200135,8,0.18419409,True,1,train,2
450,0.0,197.26991,197.52012,0.8,"[3644.93333333, 3644.93333333]","[20.0, 20.0]",0.08,45.0,-20.0,null,gabors,10.0,null,4.0,0.25020674,218,-0.08907457,-6.5141133,7,0.27760175,True,0,train,1
451,0.0,197.52012,197.77033,0.8,"[3644.93333333, 3644.93333333]","[20.0, 20.0]",0.08,90.0,0.0,null,gabors,20.0,null,4.0,0.25020674,56,-0.091164086,-6.4231359,8,0.1176237,True,3,train,2
452,0.0,197.77033,198.02053,0.8,"[3644.93333333, 3644.93333333]","[20.0, 20.0]",0.08,45.0,10.0,null,gabors,-30.0,null,4.0,0.25020674,9,0.37136868,-1.4610979,7,2.3852523,True,2,test,1
453,0.0,198.02053,198.27075,0.8,"[3644.93333333, 3644.93333333]","[20.0, 20.0]",0.08,90.0,-40.0,null,gabors,0.0,null,4.0,0.25021826,4,0.51541299,-1.1762242,8,0.2126584,True,4,train,2
454,0.0,198.27075,198.52097,0.8,"[3644.93333333, 3644.93333333]","[20.0, 20.0]",0.08,90.0,-30.0,null,gabors,40.0,null,4.0,0.25021826,75,0.64225712,-1.3354519,7,0.13992039,True,3,train,2
455,0.0,198.52097,198.77119,0.8,"[3644.93333333, 3644.93333333]","[20.0, 20.0]",0.08,0.0,0.0,null,gabors,30.0,null,4.0,0.25021826,55,0.55448937,-1.418674,8,0.17925642,True,2,test,0
456,0.0,198.77119,199.02141,0.8,"[3644.93333333, 3644.93333333]","[20.0, 20.0]",0.08,0.0,-10.0,null,gabors,30.0,null,4.0,0.25021826,219,0.28679257,-1.4497175,7,0.15599688,True,0,train,0
457,0.0,199.02141,199.2716,0.8,"[3644.93333333, 3644.93333333]","[20.0, 20.0]",0.08,45.0,20.0,null,gabors,30.0,null,4.0,0.25019674,181,0.38167357,-1.4424851,8,0.10679326,True,2,test,1
458,0.0,199.2716,199.5218,0.8,"[3644.93333333, 3644.93333333]","[20.0, 20.0]",0.08,45.0,20.0,null,gabors,-20.0,null,4.0,0.25019674,208,0.50254993,-1.342863,7,0.094363246,True,1,train,1
459,0.0,199.5218,199.772,0.8,"[3644.93333333, 3644.93333333]","[20.0, 20.0]",0.08,90.0,-30.0,null,gabors,-30.0,null,4.0,0.25019674,124,0.55939874,-1.6003348,8,0.16909872,True,2,test,2
460,0.0,199.772,200.02219,0.8,"[3644.93333333, 3644.93333333]","[20.0, 20.0]",0.08,45.0,-30.0,null,gabors,-20.0,null,4.0,0.25019674,205,0.54940376,-1.6810734,7,0.17883912,True,2,test,1
461,0.0,200.02219,200.2724,0.8,"[3644.93333333, 3644.93333333]","[20.0, 20.0]",0.08,90.0,20.0,null,gabors,40.0,null,4.0,0.25021076,79,0.67103545,-1.7027514,8,1.2894094,True,1,train,2
462,0.0,200.2724,200.52262,0.8,"[3644.93333333, 3644.93333333]","[20.0, 20.0]",0.08,45.0,40.0,null,gabors,-10.0,null,4.0,0.25021076,171,1.0588092,0.82060405,6,0.10857126,True,2,test,1
463,0.0,200.52262,200.77283,0.8,"[3644.93333333, 3644.93333333]","[20.0, 20.0]",0.08,45.0,40.0,null,gabors,30.0,null,4.0,0.25021076,53,0.96241375,0.48308238,9,0.25705918,True,2,test,1
464,0.0,200.77283,201.02304,0.8,"[3644.93333333, 3644.93333333]","[20.0, 20.0]",0.08,0.0,30.0,null,gabors,-40.0,null,4.0,0.25021076,200,0.94788637,0.61839938,7,0.16478949,True,1,train,0
465,0.0,201.02304,201.27325,0.8,"[3644.93333333, 3644.93333333]","[20.0, 20.0]",0.08,90.0,30.0,null,gabors,-20.0,null,4.0,0.25020924,212,0.7281102,0.37959799,8,0.1457909,True,1,train,2
466,0.0,201.27325,201.52346,0.8,"[3644.93333333, 3644.93333333]","[20.0, 20.0]",0.08,45.0,-30.0,null,gabors,40.0,null,4.0,0.25020924,3,0.83252962,0.24132058,7,0.18134189,True,2,test,1
467,0.0,201.52346,201.77366,0.8,"[3644.93333333, 3644.93333333]","[20.0, 20.0]",0.08,90.0,0.0,null,gabors,30.0,null,4.0,0.25020924,215,0.65668528,0.47122121,8,0.17158901,True,1,train,2
468,0.0,201.77366,202.02387,0.8,"[3644.93333333, 3644.93333333]","[20.0, 20.0]",0.08,0.0,-30.0,null,gabors,20.0,null,4.0,0.25020924,185,0.71891371,0.39952887,7,0.14310895,True,1,train,0
469,0.0,202.02387,202.2741,0.8,"[3644.93333333, 3644.93333333]","[20.0, 20.0]",0.08,0.0,-40.0,null,gabors,-30.0,null,4.0,0.25022576,220,0.67136444,0.41778939,8,0.09426673,True,0,train,0
470,0.0,202.2741,202.52433,0.8,"[3644.93333333, 3644.93333333]","[20.0, 20.0]",0.08,90.0,-30.0,null,gabors,10.0,null,4.0,0.25022576,111,0.54517615,0.30288377,7,0.13259581,True,1,train,2
471,0.0,202.52433,202.77455,0.8,"[3644.93333333, 3644.93333333]","[20.0, 20.0]",0.08,90.0,-30.0,null,gabors,-20.0,null,4.0,0.25022576,44,0.61256296,0.29138607,8,0.13894839,True,3,train,2
472,0.0,202.77455,203.02478,0.8,"[3644.93333333, 3644.93333333]","[20.0, 20.0]",0.08,45.0,-30.0,null,gabors,-30.0,null,4.0,0.25022576,221,0.70822811,0.37310312,7,0.67818827,True,0,train,1
473,0.0,203.02478,203.27497,0.8,"[3644.93333333, 3644.93333333]","[20.0, 20.0]",0.08,45.0,-30.0,null,gabors,40.0,null,4.0,0.25019424,3,0.59967241,-6.3113373,8,0.21247635,True,3,train,1
474,0.0,203.27497,203.52517,0.8,"[3644.93333333, 3644.93333333]","[20.0, 20.0]",0.08,0.0,-40.0,null,gabors,30.0,null,4.0,0.25019424,203,0.58498084,-6.2009605,7,0.20573689,True,1,train,0
475,0.0,203.52517,203.77536,0.8,"[3644.93333333, 3644.93333333]","[20.0, 20.0]",0.08,45.0,-10.0,null,gabors,-10.0,null,4.0,0.25019424,170,0.16396402,-5.9692722,7,0.29937758,True,1,train,1
476,0.0,203.77536,204.02555,0.8,"[3644.93333333, 3644.93333333]","[20.0, 20.0]",0.08,90.0,-10.0,null,gabors,30.0,null,4.0,0.25019424,87,0.93568553,-8.6939964,7,1.6589156,True,2,test,2
477,0.0,204.02555,204.27577,0.8,"[3644.93333333, 3644.93333333]","[20.0, 20.0]",0.08,90.0,20.0,null,gabors,-40.0,null,4.0,0.25022076,149,0.99042556,-9.3300726,7,0.25681143,True,1,train,2
478,0.0,204.27577,204.526,0.8,"[3644.93333333, 3644.93333333]","[20.0, 20.0]",0.08,0.0,-10.0,null,gabors,40.0,null,4.0,0.25022076,60,0.86417276,-8.8109841,8,0.17432345,True,1,train,0
479,0.0,204.526,204.77622,0.8,"[3644.93333333, 3644.93333333]","[20.0, 20.0]",0.08,45.0,0.0,null,gabors,-30.0,null,4.0,0.25022076,46,0.86463397,-8.8344298,7,0.2245433,True,1,train,1
480,0.0,204.77622,205.02644,0.8,"[3644.93333333, 3644.93333333]","[20.0, 20.0]",0.08,0.0,-30.0,null,gabors,-20.0,null,4.0,0.25022076,106,0.77938123,-8.9900777,8,0.16852981,True,2,test,0
481,0.0,205.02644,205.27663,0.8,"[3644.93333333, 3644.93333333]","[20.0, 20.0]",0.08,0.0,0.0,null,gabors,-20.0,null,4.0,0.25019674,140,0.56895647,-8.8796866,5,0.24396206,True,1,train,0
482,0.0,205.27663,205.52683,0.8,"[3644.93333333, 3644.93333333]","[20.0, 20.0]",0.08,0.0,30.0,null,gabors,-20.0,null,4.0,0.25019674,176,,,1,,False,2,test,0
483,0.0,205.52683,205.77703,0.8,"[3644.93333333, 3644.93333333]","[20.0, 20.0]",0.08,90.0,20.0,null,gabors,-40.0,null,4.0,0.25019674,149,0.088912663,-1.7048472,5,0.34559355,True,2,test,2
484,0.0,205.77703,206.02722,0.8,"[3644.93333333, 3644.93333333]","[20.0, 20.0]",0.08,90.0,40.0,null,gabors,-30.0,null,4.0,0.25019674,13,0.25484982,-1.9467632,8,0.10466855,True,5,test,2
485,0.0,206.02722,206.27744,0.8,"[3644.93333333, 3644.93333333]","[20.0, 20.0]",0.08,90.0,-40.0,null,gabors,-20.0,null,4.0,0.25021326,128,0.34823228,-2.154535,7,0.14164859,True,4,train,2
486,0.0,206.27744,206.52765,0.8,"[3644.93333333, 3644.93333333]","[20.0, 20.0]",0.08,0.0,10.0,null,gabors,20.0,null,4.0,0.25021326,145,0.17648118,-2.2253748,8,0.22735979,True,2,test,0
487,0.0,206.52765,206.77786,0.8,"[3644.93333333, 3644.93333333]","[20.0, 20.0]",0.08,0.0,-30.0,null,gabors,40.0,null,4.0,0.25021326,130,0.19667459,-2.1925451,7,0.24609776,True,3,train,0
488,0.0,206.77786,207.02808,0.8,"[3644.93333333, 3644.93333333]","[20.0, 20.0]",0.08,45.0,30.0,null,gabors,-20.0,null,4.0,0.25021326,107,0.17157334,-2.4144149,8,0.16920582,True,1,train,1
489,0.0,207.02808,207.27828,0.8,"[3644.93333333, 3644.93333333]","[20.0, 20.0]",0.08,0.0,30.0,null,gabors,-10.0,null,4.0,0.25020424,65,0.21185182,-2.4065264,7,0.18871105,True,3,train,0
490,0.0,207.27828,207.52849,0.8,"[3644.93333333, 3644.93333333]","[20.0, 20.0]",0.08,90.0,-20.0,null,gabors,0.0,null,4.0,0.25020424,121,0.22752479,-2.4347727,8,1.6641919,True,1,train,2
491,0.0,207.52849,207.77869,0.8,"[3644.93333333, 3644.93333333]","[20.0, 20.0]",0.08,0.0,0.0,null,gabors,0.0,null,4.0,0.25020424,139,0.55698012,-6.6963299,7,0.13852009,True,2,test,0
492,0.0,207.77869,208.02889,0.8,"[3644.93333333, 3644.93333333]","[20.0, 20.0]",0.08,45.0,10.0,null,gabors,30.0,null,4.0,0.25020424,222,0.68991297,-6.7987814,8,0.2308254,True,0,train,1
493,0.0,208.02889,208.2791,0.8,"[3644.93333333, 3644.93333333]","[20.0, 20.0]",0.08,45.0,-40.0,null,gabors,-40.0,null,4.0,0.25020826,157,0.69044139,-6.9189861,7,0.08888295,True,3,train,1
494,0.0,208.2791,208.52931,0.8,"[3644.93333333, 3644.93333333]","[20.0, 20.0]",0.08,0.0,30.0,null,gabors,40.0,null,4.0,0.25020826,54,0.73007966,-6.9080109,8,0.11228987,True,4,train,0
495,0.0,208.52931,208.77952,0.8,"[3644.93333333, 3644.93333333]","[20.0, 20.0]",0.08,45.0,0.0,null,gabors,10.0,null,4.0,0.25020826,38,0.64281446,-6.7352126,7,0.15595845,True,1,train,1
496,0.0,208.77952,209.02973,0.8,"[3644.93333333, 3644.93333333]","[20.0, 20.0]",0.08,0.0,-20.0,null,gabors,-20.0,null,4.0,0.25020826,223,0.62380322,-6.688444,8,0.13272996,True,0,train,0
497,0.0,209.02973,209.27994,0.8,"[3644.93333333, 3644.93333333]","[20.0, 20.0]",0.08,0.0,-10.0,null,gabors,40.0,null,4.0,0.25021174,60,0.56072115,-6.5119622,7,0.1459032,True,2,test,0
498,0.0,209.27994,209.53015,0.8,"[3644.93333333, 3644.93333333]","[20.0, 20.0]",0.08,0.0,10.0,null,gabors,-10.0,null,4.0,0.25021174,182,0.69328624,-6.3854399,8,0.090231968,True,1,train,0
499,0.0,209.53015,209.78036,0.8,"[3644.93333333, 3644.93333333]","[20.0, 20.0]",0.08,0.0,10.0,null,gabors,10.0,null,4.0,0.25021174,119,0.62391296,-6.4725225,7,0.14341898,True,3,train,0
500,0.0,209.78036,210.03057,0.8,"[3644.93333333, 3644.93333333]","[20.0, 20.0]",0.08,90.0,-20.0,null,gabors,-20.0,null,4.0,0.25021174,25,0.4574708,-6.5969553,8,0.10230723,True,1,train,2
501,0.0,210.03057,210.28079,0.8,"[3644.93333333, 3644.93333333]","[20.0, 20.0]",0.08,45.0,40.0,null,gabors,40.0,null,4.0,0.25022076,178,0.46631219,-6.7943296,7,0.21772082,True,1,train,1
502,0.0,210.28079,210.53102,0.8,"[3644.93333333, 3644.93333333]","[20.0, 20.0]",0.08,90.0,0.0,null,gabors,10.0,null,4.0,0.25022076,161,0.38552983,-6.5874498,8,0.23961159,True,1,train,2
503,0.0,210.53102,210.78124,0.8,"[3644.93333333, 3644.93333333]","[20.0, 20.0]",0.08,45.0,10.0,null,gabors,0.0,null,4.0,0.25022076,204,0.60497048,-6.5161124,7,0.13717766,True,1,train,1
504,0.0,210.78124,211.03146,0.8,"[3644.93333333, 3644.93333333]","[20.0, 20.0]",0.08,90.0,-10.0,null,gabors,-40.0,null,4.0,0.25022076,198,0.59984947,-6.4690213,8,0.30709585,True,2,test,2
505,0.0,211.03146,211.28165,0.8,"[3644.93333333, 3644.93333333]","[20.0, 20.0]",0.08,0.0,20.0,null,gabors,30.0,null,4.0,0.25019674,42,0.79344372,-6.4100182,7,0.19265171,True,2,test,0
506,0.0,211.28165,211.53185,0.8,"[3644.93333333, 3644.93333333]","[20.0, 20.0]",0.08,90.0,-40.0,null,gabors,40.0,null,4.0,0.25019674,156,0.64604412,-6.3947257,8,0.30450214,True,1,train,2
507,0.0,211.53185,211.78205,0.8,"[3644.93333333, 3644.93333333]","[20.0, 20.0]",0.08,90.0,20.0,null,gabors,-10.0,null,4.0,0.25019674,30,0.53663656,-6.3043067,7,0.25296933,True,2,test,2
508,0.0,211.78205,212.03224,0.8,"[3644.93333333, 3644.93333333]","[20.0, 20.0]",0.08,90.0,30.0,null,gabors,-20.0,null,4.0,0.25019674,212,0.61478564,-6.7015483,8,0.45012447,True,2,test,2
509,0.0,212.03224,212.28246,0.8,"[3644.93333333, 3644.93333333]","[20.0, 20.0]",0.08,90.0,20.0,null,gabors,40.0,null,4.0,0.25021326,79,0.93067919,-6.8597175,7,0.1183832,True,2,test,2
510,0.0,212.28246,212.53267,0.8,"[3644.93333333, 3644.93333333]","[20.0, 20.0]",0.08,0.0,0.0,null,gabors,40.0,null,4.0,0.25021326,224,1.0342196,-6.9155294,8,0.14020311,True,0,train,0
511,0.0,212.53267,212.78288,0.8,"[3644.93333333, 3644.93333333]","[20.0, 20.0]",0.08,0.0,-30.0,null,gabors,30.0,null,4.0,0.25021326,146,0.81653892,-6.8749314,7,0.21454876,True,1,train,0
512,0.0,212.78288,213.0331,0.8,"[3644.93333333, 3644.93333333]","[20.0, 20.0]",0.08,45.0,-10.0,null,gabors,20.0,null,4.0,0.25021326,47,0.93780636,-6.4099047,8,0.13818359,True,4,train,1
513,0.0,213.0331,213.2833,0.8,"[3644.93333333, 3644.93333333]","[20.0, 20.0]",0.08,90.0,30.0,null,gabors,40.0,null,4.0,0.25020674,142,0.88108555,-6.4819208,7,0.17009241,True,3,train,2
514,0.0,213.2833,213.53351,0.8,"[3644.93333333, 3644.93333333]","[20.0, 20.0]",0.08,45.0,-40.0,null,gabors,-20.0,null,4.0,0.25020674,77,0.76900281,-6.415076,8,0.10167307,True,4,train,1
515,0.0,213.53351,213.78372,0.8,"[3644.93333333, 3644.93333333]","[20.0, 20.0]",0.08,90.0,0.0,null,gabors,-30.0,null,4.0,0.25020674,74,0.87739965,-6.7533252,7,0.38567556,True,2,test,2
516,0.0,213.78372,214.03392,0.8,"[3644.93333333, 3644.93333333]","[20.0, 20.0]",0.08,90.0,10.0,null,gabors,-10.0,null,4.0,0.25020674,138,0.73701887,-6.1039558,8,0.21334601,True,2,test,2
517,0.0,214.03392,214.28414,0.8,"[3644.93333333, 3644.93333333]","[20.0, 20.0]",0.08,90.0,-20.0,null,gabors,-30.0,null,4.0,0.25021576,162,0.37045344,-6.38365,7,0.34010948,True,1,train,2
518,0.0,214.28414,214.53436,0.8,"[3644.93333333, 3644.93333333]","[20.0, 20.0]",0.08,45.0,10.0,null,gabors,0.0,null,4.0,0.25021576,204,0.53294504,-6.327599,8,0.26245881,True,2,test,1
519,0.0,214.53436,214.78457,0.8,"[3644.93333333, 3644.93333333]","[20.0, 20.0]",0.08,0.0,0.0,null,gabors,0.0,null,4.0,0.25021576,139,0.54389402,-6.1661442,7,0.28827769,True,3,train,0
520,0.0,214.78457,215.03479,0.8,"[3644.93333333, 3644.93333333]","[20.0, 20.0]",0.08,45.0,30.0,null,gabors,-30.0,null,4.0,0.25021576,84,0.59343863,-6.4567335,8,0.34734638,True,2,test,1
521,0.0,215.03479,215.28499,0.8,"[3644.93333333, 3644.93333333]","[20.0, 20.0]",0.08,90.0,10.0,null,gabors,40.0,null,4.0,0.25020174,225,0.79081815,-6.3433883,7,0.37972919,True,0,train,2
522,0.0,215.28499,215.53519,0.8,"[3644.93333333, 3644.93333333]","[20.0, 20.0]",0.08,0.0,-20.0,null,gabors,0.0,null,4.0,0.25020174,226,0.90542208,-6.4060499,8,0.2741337,True,0,train,0
523,0.0,215.53519,215.78539,0.8,"[3644.93333333, 3644.93333333]","[20.0, 20.0]",0.08,90.0,-10.0,null,gabors,0.0,null,4.0,0.25020174,227,0.93369742,-6.4162867,7,0.08478175,True,0,train,2
524,0.0,215.78539,216.03559,0.8,"[3644.93333333, 3644.93333333]","[20.0, 20.0]",0.08,45.0,20.0,null,gabors,0.0,null,4.0,0.25020174,228,0.99094503,-6.3510252,8,0.09574863,True,0,train,1
525,0.0,216.03559,216.28581,0.8,"[3644.93333333, 3644.93333333]","[20.0, 20.0]",0.08,90.0,0.0,null,gabors,-40.0,null,4.0,0.25021326,82,1.0254874,-6.4116246,7,0.21547669,True,2,test,2
526,0.0,216.28581,216.53602,0.8,"[3644.93333333, 3644.93333333]","[20.0, 20.0]",0.08,45.0,-40.0,null,gabors,20.0,null,4.0,0.25021326,96,0.80646462,-5.9940712,8,0.29834174,True,1,train,1
527,0.0,216.53602,216.78623,0.8,"[3644.93333333, 3644.93333333]","[20.0, 20.0]",0.08,0.0,-30.0,null,gabors,0.0,null,4.0,0.25021326,193,0.81821721,-5.9886547,7,0.10060561,True,1,train,0
528,0.0,216.78623,217.03645,0.8,"[3644.93333333, 3644.93333333]","[20.0, 20.0]",0.08,0.0,-30.0,null,gabors,-20.0,null,4.0,0.25021326,106,0.62073863,-5.7936075,8,0.16481291,True,3,train,0
529,0.0,217.03645,217.28665,0.8,"[3644.93333333, 3644.93333333]","[20.0, 20.0]",0.08,45.0,-10.0,null,gabors,-30.0,null,4.0,0.25020424,184,0.6949573,-5.7338745,7,0.33257019,True,1,train,1
530,0.0,217.28665,217.53686,0.8,"[3644.93333333, 3644.93333333]","[20.0, 20.0]",0.08,0.0,10.0,null,gabors,-10.0,null,4.0,0.25020424,182,0.62728377,-5.7386313,8,0.32078285,True,2,test,0
531,0.0,217.53686,217.78706,0.8,"[3644.93333333, 3644.93333333]","[20.0, 20.0]",0.08,45.0,30.0,null,gabors,40.0,null,4.0,0.25020424,126,0.45560439,-5.7433414,7,0.22017427,True,2,test,1
532,0.0,217.78706,218.03726,0.8,"[3644.93333333, 3644.93333333]","[20.0, 20.0]",0.08,45.0,30.0,null,gabors,0.0,null,4.0,0.25020424,143,0.54992046,-5.6667827,8,0.090224203,True,1,train,1
533,0.0,218.03726,218.28748,0.8,"[3644.93333333, 3644.93333333]","[20.0, 20.0]",0.08,45.0,0.0,null,gabors,-20.0,null,4.0,0.25021576,177,0.55910253,-5.5430141,7,0.15887543,True,2,test,1
534,0.0,218.28748,218.5377,0.8,"[3644.93333333, 3644.93333333]","[20.0, 20.0]",0.08,0.0,20.0,null,gabors,-10.0,null,4.0,0.25021576,213,0.65180592,-5.4012733,8,0.17644495,True,1,train,0
535,0.0,218.5377,218.78791,0.8,"[3644.93333333, 3644.93333333]","[20.0, 20.0]",0.08,45.0,40.0,null,gabors,-40.0,null,4.0,0.25021576,195,0.59200227,-5.3408624,7,0.23354046,True,1,train,1
536,0.0,218.78791,219.03813,0.8,"[3644.93333333, 3644.93333333]","[20.0, 20.0]",0.08,90.0,-40.0,null,gabors,0.0,null,4.0,0.25021576,4,0.48515106,-5.3623476,8,0.39716165,True,5,test,2
537,0.0,219.03813,219.28833,0.8,"[3644.93333333, 3644.93333333]","[20.0, 20.0]",0.08,45.0,10.0,null,gabors,30.0,null,4.0,0.25019924,222,0.57955358,-5.5530152,7,0.55273215,True,1,train,1
538,0.0,219.28833,219.53853,0.8,"[3644.93333333, 3644.93333333]","[20.0, 20.0]",0.08,0.0,-30.0,null,gabors,20.0,null,4.0,0.25019924,185,0.51317441,-5.3817159,8,0.49491063,True,2,test,0
539,0.0,219.53853,219.78872,0.8,"[3644.93333333, 3644.93333333]","[20.0, 20.0]",0.08,45.0,-30.0,null,gabors,20.0,null,4.0,0.25019924,190,0.31293704,-4.9194556,7,0.14930518,True,3,train,1
540,0.0,219.78872,220.03892,0.8,"[3644.93333333, 3644.93333333]","[20.0, 20.0]",0.08,45.0,20.0,null,gabors,0.0,null,4.0,0.25019924,228,0.43264149,-5.5368716,8,0.29456714,True,1,train,1
541,0.0,220.03892,220.28915,0.8,"[3644.93333333, 3644.93333333]","[20.0, 20.0]",0.08,45.0,-40.0,null,gabors,40.0,null,4.0,0.25022326,134,0.50753195,-5.655912,7,0.18420688,True,2,test,1
542,0.0,220.28915,220.53937,0.8,"[3644.93333333, 3644.93333333]","[20.0, 20.0]",0.08,90.0,30.0,null,gabors,20.0,null,4.0,0.25022326,163,0.52609545,-5.5383568,8,0.22886397,True,2,test,2
543,0.0,220.53937,220.78959,0.8,"[3644.93333333, 3644.93333333]","[20.0, 20.0]",0.08,0.0,-10.0,null,gabors,10.0,null,4.0,0.25022326,114,0.44194038,-5.2188497,7,0.14315686,True,1,train,0
544,0.0,220.78959,221.03982,0.8,"[3644.93333333, 3644.93333333]","[20.0, 20.0]",0.08,0.0,10.0,null,gabors,-10.0,null,4.0,0.25022326,182,0.41790672,-5.3120442,8,0.12702108,True,3,train,0
545,0.0,221.03982,221.29001,0.8,"[3644.93333333, 3644.93333333]","[20.0, 20.0]",0.08,90.0,-30.0,null,gabors,-30.0,null,4.0,0.25019674,124,0.3046506,-5.4479582,7,0.17308261,True,3,train,2
546,0.0,221.29001,221.54021,0.8,"[3644.93333333, 3644.93333333]","[20.0, 20.0]",0.08,90.0,10.0,null,gabors,30.0,null,4.0,0.25019674,229,0.51695951,-5.3671849,8,0.20175304,True,0,train,2
547,0.0,221.54021,221.79041,0.8,"[3644.93333333, 3644.93333333]","[20.0, 20.0]",0.08,90.0,40.0,null,gabors,-20.0,null,4.0,0.25019674,214,0.45296202,-5.0941821,7,0.1175586,True,1,train,2
548,0.0,221.79041,222.0406,0.8,"[3644.93333333, 3644.93333333]","[20.0, 20.0]",0.08,45.0,10.0,null,gabors,20.0,null,4.0,0.25019674,102,0.3786057,-4.9978331,8,0.31382867,True,1,train,1
549,0.0,222.0406,222.29082,0.8,"[3644.93333333, 3644.93333333]","[20.0, 20.0]",0.08,45.0,-20.0,null,gabors,20.0,null,4.0,0.25021326,113,0.5041395,-4.4586949,7,0.35299621,True,2,test,1
550,0.0,222.29082,222.54103,0.8,"[3644.93333333, 3644.93333333]","[20.0, 20.0]",0.08,90.0,20.0,null,gabors,30.0,null,4.0,0.25021326,10,0.56151664,-4.5631533,8,0.2257457,True,2,test,2
551,0.0,222.54103,222.79124,0.8,"[3644.93333333, 3644.93333333]","[20.0, 20.0]",0.08,90.0,0.0,null,gabors,40.0,null,4.0,0.25021326,19,0.52376581,-4.6228479,7,0.21095702,True,2,test,2
552,0.0,222.79124,223.04146,0.8,"[3644.93333333, 3644.93333333]","[20.0, 20.0]",0.08,90.0,10.0,null,gabors,10.0,null,4.0,0.25021326,20,0.3934586,-4.6843004,8,0.22294667,True,1,train,2
553,0.0,223.04146,223.29166,0.8,"[3644.93333333, 3644.93333333]","[20.0, 20.0]",0.08,0.0,10.0,null,gabors,0.0,null,4.0,0.25020424,206,0.54647588,-4.5590125,7,0.13069561,True,2,test,0
554,0.0,223.29166,223.54187,0.8,"[3644.93333333, 3644.93333333]","[20.0, 20.0]",0.08,90.0,20.0,null,gabors,20.0,null,4.0,0.25020424,210,0.39767554,-4.4733228,7,0.36540258,True,1,train,2
555,0.0,223.54187,223.79207,0.8,"[3644.93333333, 3644.93333333]","[20.0, 20.0]",0.08,90.0,-30.0,null,gabors,-30.0,null,4.0,0.25020424,124,0.41570013,-4.7264897,7,0.10120585,True,4,train,2
556,0.0,223.79207,224.04227,0.8,"[3644.93333333, 3644.93333333]","[20.0, 20.0]",0.08,45.0,-10.0,null,gabors,0.0,null,4.0,0.25020424,88,0.38879364,-4.6746168,7,0.13156197,True,1,train,1
557,0.0,224.04227,224.2925,0.8,"[3644.93333333, 3644.93333333]","[20.0, 20.0]",0.08,45.0,-40.0,null,gabors,-40.0,null,4.0,0.25022326,157,0.33137961,-4.6093937,7,0.17189825,True,4,train,1
558,0.0,224.2925,224.54272,0.8,"[3644.93333333, 3644.93333333]","[20.0, 20.0]",0.08,90.0,-40.0,null,gabors,30.0,null,4.0,0.25022326,120,0.31948204,-4.4340829,7,0.19207397,True,1,train,2
559,0.0,224.54272,224.79294,0.8,"[3644.93333333, 3644.93333333]","[20.0, 20.0]",0.08,90.0,30.0,null,gabors,-10.0,null,4.0,0.25022326,211,0.2840135,-4.3967357,8,0.14975597,True,1,train,2
560,0.0,224.79294,225.04317,0.8,"[3644.93333333, 3644.93333333]","[20.0, 20.0]",0.08,45.0,-10.0,null,gabors,-10.0,null,4.0,0.25022326,170,0.25512472,-4.5491949,7,0.19647734,True,2,test,1
561,0.0,225.04317,225.29336,0.8,"[3644.93333333, 3644.93333333]","[20.0, 20.0]",0.08,0.0,30.0,null,gabors,-30.0,null,4.0,0.25019424,16,0.47141586,-4.6688441,8,0.12348943,True,1,train,0
562,0.0,225.29336,225.54356,0.8,"[3644.93333333, 3644.93333333]","[20.0, 20.0]",0.08,0.0,10.0,null,gabors,-30.0,null,4.0,0.25019424,116,0.30508004,-4.4714415,7,0.1240151,True,1,train,0
563,0.0,225.54356,225.79375,0.8,"[3644.93333333, 3644.93333333]","[20.0, 20.0]",0.08,90.0,10.0,null,gabors,-10.0,null,4.0,0.25019424,138,0.53129537,-4.1681241,8,0.21094092,True,3,train,2
564,0.0,225.79375,226.04394,0.8,"[3644.93333333, 3644.93333333]","[20.0, 20.0]",0.08,45.0,10.0,null,gabors,-10.0,null,4.0,0.25019424,31,0.55426654,-4.1592367,7,0.10990298,True,4,train,1
565,0.0,226.04394,226.29415,0.8,"[3644.93333333, 3644.93333333]","[20.0, 20.0]",0.08,90.0,-20.0,null,gabors,0.0,null,4.0,0.25021076,121,0.36740201,-4.1404588,8,0.10921527,True,2,test,2
566,0.0,226.29415,226.54437,0.8,"[3644.93333333, 3644.93333333]","[20.0, 20.0]",0.08,90.0,10.0,null,gabors,10.0,null,4.0,0.25021076,20,0.44424825,-4.3933003,7,0.12026941,True,2,test,2
567,0.0,226.54437,226.79458,0.8,"[3644.93333333, 3644.93333333]","[20.0, 20.0]",0.08,0.0,-10.0,null,gabors,10.0,null,4.0,0.25021076,114,0.41779348,-4.2890322,8,0.16309718,True,2,test,0
568,0.0,226.79458,227.04479,0.8,"[3644.93333333, 3644.93333333]","[20.0, 20.0]",0.08,0.0,-40.0,null,gabors,40.0,null,4.0,0.25021076,141,0.21584473,-4.0340574,6,0.10651971,True,1,train,0
569,0.0,227.04479,227.295,0.8,"[3644.93333333, 3644.93333333]","[20.0, 20.0]",0.08,0.0,10.0,null,gabors,30.0,null,4.0,0.25021174,169,0.68592669,-4.1450048,6,0.17729931,True,2,test,0
570,0.0,227.295,227.54521,0.8,"[3644.93333333, 3644.93333333]","[20.0, 20.0]",0.08,90.0,40.0,null,gabors,-30.0,null,4.0,0.25021174,13,0.58006853,-4.3699811,7,0.15426266,True,6,train,2
571,0.0,227.54521,227.79542,0.8,"[3644.93333333, 3644.93333333]","[20.0, 20.0]",0.08,45.0,0.0,null,gabors,10.0,null,4.0,0.25021174,38,0.22999037,-4.1151346,8,0.22568367,True,2,test,1
572,0.0,227.79542,228.04563,0.8,"[3644.93333333, 3644.93333333]","[20.0, 20.0]",0.08,0.0,20.0,null,gabors,-10.0,null,4.0,0.25021174,213,0.26587636,-4.2311394,7,0.16202194,True,2,test,0
573,0.0,228.04563,228.29585,0.8,"[3644.93333333, 3644.93333333]","[20.0, 20.0]",0.08,45.0,-30.0,null,gabors,-40.0,null,4.0,0.25021576,91,0.43012416,-4.2205201,8,0.18368147,True,2,test,1
574,0.0,228.29585,228.54607,0.8,"[3644.93333333, 3644.93333333]","[20.0, 20.0]",0.08,45.0,20.0,null,gabors,-20.0,null,4.0,0.25021576,208,0.12363768,-3.9930058,7,0.20657976,True,2,test,1
575,0.0,228.54607,228.79628,0.8,"[3644.93333333, 3644.93333333]","[20.0, 20.0]",0.08,45.0,-20.0,null,gabors,-20.0,null,4.0,0.25021576,83,0.29821597,-4.1209474,8,0.38083361,True,2,test,1
576,0.0,228.79628,229.0465,0.8,"[3644.93333333, 3644.93333333]","[20.0, 20.0]",0.08,45.0,10.0,null,gabors,20.0,null,4.0,0.25021576,102,0.41857551,-4.0774386,7,0.20166319,True,2,test,1
577,0.0,229.0465,229.2967,0.8,"[3644.93333333, 3644.93333333]","[20.0, 20.0]",0.08,0.0,-40.0,null,gabors,40.0,null,4.0,0.25020174,141,0.35426463,-4.0207338,8,0.26287671,True,2,test,0
578,0.0,229.2967,229.5469,0.8,"[3644.93333333, 3644.93333333]","[20.0, 20.0]",0.08,0.0,-10.0,null,gabors,-10.0,null,4.0,0.25020174,136,0.042305731,-4.0162761,7,0.14505483,True,1,train,0
579,0.0,229.5469,229.7971,0.8,"[3644.93333333, 3644.93333333]","[20.0, 20.0]",0.08,0.0,40.0,null,gabors,10.0,null,4.0,0.25020174,230,-0.25604658,-4.3775509,8,0.082596785,True,0,train,0
580,0.0,229.7971,230.0473,0.8,"[3644.93333333, 3644.93333333]","[20.0, 20.0]",0.08,45.0,10.0,null,gabors,20.0,null,4.0,0.25020174,102,-0.25383952,-4.1601097,7,0.11230013,True,3,train,1
581,0.0,230.0473,230.29753,0.8,"[3644.93333333, 3644.93333333]","[20.0, 20.0]",0.08,45.0,-20.0,null,gabors,-20.0,null,4.0,0.25022326,83,-0.035852159,-3.9725941,8,0.091949332,True,3,train,1
582,0.0,230.29753,230.54775,0.8,"[3644.93333333, 3644.93333333]","[20.0, 20.0]",0.08,90.0,-30.0,null,gabors,-40.0,null,4.0,0.25022326,90,0.074399283,-3.7175984,7,0.099577736,True,5,test,2
583,0.0,230.54775,230.79797,0.8,"[3644.93333333, 3644.93333333]","[20.0, 20.0]",0.08,0.0,-10.0,null,gabors,-10.0,null,4.0,0.25022326,136,-0.080362356,-3.4942105,8,0.096013599,True,2,test,0
584,0.0,230.79797,231.0482,0.8,"[3644.93333333, 3644.93333333]","[20.0, 20.0]",0.08,45.0,20.0,null,gabors,-30.0,null,4.0,0.25022326,172,-0.064695706,-3.3217584,7,0.076030032,True,2,test,1
585,0.0,231.0482,231.29839,0.8,"[3644.93333333, 3644.93333333]","[20.0, 20.0]",0.08,90.0,0.0,null,gabors,20.0,null,4.0,0.25019424,56,0.1535465,-3.3024375,8,0.091397263,True,4,train,2
586,0.0,231.29839,231.54859,0.8,"[3644.93333333, 3644.93333333]","[20.0, 20.0]",0.08,45.0,0.0,null,gabors,-30.0,null,4.0,0.25019424,46,0.23773704,-3.4982525,7,0.34781376,True,2,test,1
587,0.0,231.54859,231.79878,0.8,"[3644.93333333, 3644.93333333]","[20.0, 20.0]",0.08,0.0,40.0,null,gabors,-10.0,null,4.0,0.25019424,67,0.15541148,-3.6100809,8,0.22553281,True,2,test,0
588,0.0,231.79878,232.04897,0.8,"[3644.93333333, 3644.93333333]","[20.0, 20.0]",0.08,45.0,40.0,null,gabors,0.0,null,4.0,0.25019424,99,0.098938829,-3.6409348,7,0.089411816,True,2,test,1
589,0.0,232.04897,232.29919,0.8,"[3644.93333333, 3644.93333333]","[20.0, 20.0]",0.08,45.0,10.0,null,gabors,20.0,null,4.0,0.25021826,102,0.18949807,-3.60696,8,0.054064884,True,4,train,1
590,0.0,232.29919,232.54941,0.8,"[3644.93333333, 3644.93333333]","[20.0, 20.0]",0.08,45.0,-10.0,null,gabors,10.0,null,4.0,0.25021826,199,0.20882074,-3.4427344,7,0.11320248,True,1,train,1
591,0.0,232.54941,232.79963,0.8,"[3644.93333333, 3644.93333333]","[20.0, 20.0]",0.08,45.0,20.0,null,gabors,20.0,null,4.0,0.25021826,76,0.065704301,-3.3959993,8,0.13875278,True,5,test,1
592,0.0,232.79963,233.04985,0.8,"[3644.93333333, 3644.93333333]","[20.0, 20.0]",0.08,45.0,-10.0,null,gabors,40.0,null,4.0,0.25021826,39,0.11065451,-3.5743907,7,0.11025669,True,2,test,1
593,0.0,233.04985,233.30005,0.8,"[3644.93333333, 3644.93333333]","[20.0, 20.0]",0.08,90.0,-30.0,null,gabors,20.0,null,4.0,0.25019924,173,0.13470506,-3.4056428,8,0.13273023,True,2,test,2
594,0.0,233.30005,233.55025,0.8,"[3644.93333333, 3644.93333333]","[20.0, 20.0]",0.08,0.0,30.0,null,gabors,-40.0,null,4.0,0.25019924,200,0.15107267,-3.445822,7,0.08444885,True,2,test,0
595,0.0,233.55025,233.80044,0.8,"[3644.93333333, 3644.93333333]","[20.0, 20.0]",0.08,45.0,-30.0,null,gabors,-40.0,null,4.0,0.25019924,91,0.091611827,-3.4877453,8,0.080702867,True,3,train,1
596,0.0,233.80044,234.05064,0.8,"[3644.93333333, 3644.93333333]","[20.0, 20.0]",0.08,90.0,30.0,null,gabors,20.0,null,4.0,0.25019924,163,0.067518758,-3.4634099,7,0.093157528,True,3,train,2
597,0.0,234.05064,234.30086,0.8,"[3644.93333333, 3644.93333333]","[20.0, 20.0]",0.08,0.0,-10.0,null,gabors,20.0,null,4.0,0.25021326,28,0.12444961,-3.464886,8,0.088726102,True,1,train,0
598,0.0,234.30086,234.55107,0.8,"[3644.93333333, 3644.93333333]","[20.0, 20.0]",0.08,45.0,40.0,null,gabors,10.0,null,4.0,0.25021326,150,0.038160089,-3.6753834,7,0.14867087,True,2,test,1
599,0.0,234.55107,234.80128,0.8,"[3644.93333333, 3644.93333333]","[20.0, 20.0]",0.08,90.0,20.0,null,gabors,-30.0,null,4.0,0.25021326,231,0.16824052,-3.5709653,8,0.10142435,True,0,train,2
600,0.0,234.80128,235.0515,0.8,"[3644.93333333, 3644.93333333]","[20.0, 20.0]",0.08,90.0,-30.0,null,gabors,10.0,null,4.0,0.25021326,111,0.092685421,-3.4113053,7,0.065287145,True,2,test,2
601,0.0,235.0515,235.3017,0.8,"[3644.93333333, 3644.93333333]","[20.0, 20.0]",0.08,0.0,-20.0,null,gabors,30.0,null,4.0,0.25020424,11,0.11057713,-3.3534364,8,0.094917157,True,1,train,0
602,0.0,235.3017,235.55191,0.8,"[3644.93333333, 3644.93333333]","[20.0, 20.0]",0.08,45.0,0.0,null,gabors,-40.0,null,4.0,0.25020424,105,0.14442109,-3.4000588,7,0.079648027,True,2,test,1
603,0.0,235.55191,235.80211,0.8,"[3644.93333333, 3644.93333333]","[20.0, 20.0]",0.08,90.0,-20.0,null,gabors,40.0,null,4.0,0.25020424,147,0.065762678,-3.3518456,8,0.085363894,True,1,train,2
604,0.0,235.80211,236.05231,0.8,"[3644.93333333, 3644.93333333]","[20.0, 20.0]",0.08,45.0,10.0,null,gabors,-30.0,null,4.0,0.25020424,9,0.024808701,-3.2703712,7,0.071624976,True,3,train,1
605,0.0,236.05231,236.30253,0.8,"[3644.93333333, 3644.93333333]","[20.0, 20.0]",0.08,0.0,30.0,null,gabors,40.0,null,4.0,0.25022076,54,-0.043581119,-3.3182624,8,0.11165842,True,5,test,0
606,0.0,236.30253,236.55276,0.8,"[3644.93333333, 3644.93333333]","[20.0, 20.0]",0.08,90.0,0.0,null,gabors,-20.0,null,4.0,0.25022076,197,-0.0056273167,-3.3337597,7,0.088934862,True,2,test,2
607,0.0,236.55276,236.80298,0.8,"[3644.93333333, 3644.93333333]","[20.0, 20.0]",0.08,0.0,30.0,null,gabors,30.0,null,4.0,0.25022076,6,-0.01962261,-3.3937956,8,0.13867596,True,3,train,0
608,0.0,236.80298,237.0532,0.8,"[3644.93333333, 3644.93333333]","[20.0, 20.0]",0.08,0.0,-20.0,null,gabors,10.0,null,4.0,0.25022076,94,0.031774293,-3.316556,7,0.12365529,True,2,test,0
609,0.0,237.0532,237.3034,0.8,"[3644.93333333, 3644.93333333]","[20.0, 20.0]",0.08,90.0,10.0,null,gabors,30.0,null,4.0,0.25020174,229,0.01054748,-3.3082402,8,0.13935968,True,1,train,2
610,0.0,237.3034,237.5536,0.8,"[3644.93333333, 3644.93333333]","[20.0, 20.0]",0.08,90.0,-40.0,null,gabors,-30.0,null,4.0,0.25020174,127,0.097126701,-3.2530624,7,0.046427247,True,2,test,2
611,0.0,237.5536,237.8038,0.8,"[3644.93333333, 3644.93333333]","[20.0, 20.0]",0.08,0.0,10.0,null,gabors,40.0,null,4.0,0.25020174,133,0.095884001,-3.2631197,8,0.079990678,True,1,train,0
612,0.0,237.8038,238.054,0.8,"[3644.93333333, 3644.93333333]","[20.0, 20.0]",0.08,45.0,-20.0,null,gabors,-30.0,null,4.0,0.25020174,85,0.14985804,-3.2881123,7,0.036913098,True,1,train,1
613,0.0,238.054,238.30422,0.8,"[3644.93333333, 3644.93333333]","[20.0, 20.0]",0.08,45.0,20.0,null,gabors,10.0,null,4.0,0.25021326,187,0.09605806,-3.315068,8,0.087627903,True,1,train,1
614,0.0,238.30422,238.55443,0.8,"[3644.93333333, 3644.93333333]","[20.0, 20.0]",0.08,0.0,20.0,null,gabors,0.0,null,4.0,0.25021326,148,0.17072956,-3.259781,7,0.062400833,True,1,train,0
615,0.0,238.55443,238.80464,0.8,"[3644.93333333, 3644.93333333]","[20.0, 20.0]",0.08,90.0,-30.0,null,gabors,0.0,null,4.0,0.25021326,188,0.15871047,-3.1604792,8,0.083293985,True,2,test,2
616,0.0,238.80464,239.05486,0.8,"[3644.93333333, 3644.93333333]","[20.0, 20.0]",0.08,0.0,30.0,null,gabors,0.0,null,4.0,0.25021326,97,0.10418722,-3.18482,7,0.045588829,True,3,train,0
617,0.0,239.05486,239.30506,0.8,"[3644.93333333, 3644.93333333]","[20.0, 20.0]",0.08,0.0,-20.0,null,gabors,40.0,null,4.0,0.25020174,33,0.10330173,-3.2056606,8,0.090922522,True,4,train,0
618,0.0,239.30506,239.55526,0.8,"[3644.93333333, 3644.93333333]","[20.0, 20.0]",0.08,0.0,-20.0,null,gabors,-20.0,null,4.0,0.25020174,223,0.10111265,-3.2903525,7,0.15278492,True,1,train,0
619,0.0,239.55526,239.80546,0.8,"[3644.93333333, 3644.93333333]","[20.0, 20.0]",0.08,90.0,30.0,null,gabors,10.0,null,4.0,0.25020174,40,0.18372114,-3.1398233,8,0.097346375,True,1,train,2
620,0.0,239.80546,240.05566,0.8,"[3644.93333333, 3644.93333333]","[20.0, 20.0]",0.08,0.0,20.0,null,gabors,-20.0,null,4.0,0.25020174,132,0.12608232,-3.2522839,7,0.070833938,True,1,train,0
621,0.0,240.05566,240.30588,0.8,"[3644.93333333, 3644.93333333]","[20.0, 20.0]",0.08,45.0,30.0,null,gabors,20.0,null,4.0,0.25021326,49,0.097774273,-3.264413,8,0.09369952,True,3,train,1
622,0.0,240.30588,240.55609,0.8,"[3644.93333333, 3644.93333333]","[20.0, 20.0]",0.08,45.0,-20.0,null,gabors,30.0,null,4.0,0.25021326,232,0.15413603,-3.1841491,7,0.055676329,True,0,train,1
623,0.0,240.55609,240.8063,0.8,"[3644.93333333, 3644.93333333]","[20.0, 20.0]",0.08,90.0,-20.0,null,gabors,-20.0,null,4.0,0.25021326,25,0.20520631,-3.2097816,8,0.15225755,True,2,test,2
624,0.0,240.8063,241.05652,0.8,"[3644.93333333, 3644.93333333]","[20.0, 20.0]",0.08,90.0,-30.0,null,gabors,-30.0,null,4.0,0.25021326,124,0.063922219,-3.1107193,7,0.081776722,True,5,test,2
625,0.0,241.05652,241.30672,0.8,"[3644.93333333, 3644.93333333]","[20.0, 20.0]",0.08,45.0,0.0,null,gabors,-10.0,null,4.0,0.25020674,8,0.10872591,-3.0757793,8,0.068860313,True,2,test,1
626,0.0,241.30672,241.55693,0.8,"[3644.93333333, 3644.93333333]","[20.0, 20.0]",0.08,45.0,20.0,null,gabors,-40.0,null,4.0,0.25020674,109,0.03813925,-3.0142228,7,0.13045027,True,2,test,1
627,0.0,241.55693,241.80714,0.8,"[3644.93333333, 3644.93333333]","[20.0, 20.0]",0.08,45.0,30.0,null,gabors,0.0,null,4.0,0.25020674,143,-0.18174982,-2.7867612,8,0.1418395,True,2,test,1
628,0.0,241.80714,242.05734,0.8,"[3644.93333333, 3644.93333333]","[20.0, 20.0]",0.08,90.0,-30.0,null,gabors,0.0,null,4.0,0.25020674,188,-0.054337151,-2.6413162,7,0.16169216,True,3,train,2
629,0.0,242.05734,242.30756,0.8,"[3644.93333333, 3644.93333333]","[20.0, 20.0]",0.08,0.0,-20.0,null,gabors,-40.0,null,4.0,0.25021576,123,0.010405872,-2.5596549,8,0.22317593,True,2,test,0
630,0.0,242.30756,242.55778,0.8,"[3644.93333333, 3644.93333333]","[20.0, 20.0]",0.08,90.0,40.0,null,gabors,20.0,null,4.0,0.25021576,189,0.13708529,-2.5676755,7,0.10869853,True,3,train,2
631,0.0,242.55778,242.80799,0.8,"[3644.93333333, 3644.93333333]","[20.0, 20.0]",0.08,45.0,-40.0,null,gabors,40.0,null,4.0,0.25021576,134,0.19988686,-2.5969257,8,0.10720157,True,3,train,1
632,0.0,242.80799,243.05821,0.8,"[3644.93333333, 3644.93333333]","[20.0, 20.0]",0.08,90.0,20.0,null,gabors,-40.0,null,4.0,0.25021576,149,0.16010365,-2.3090348,7,0.16479746,True,3,train,2
633,0.0,243.05821,243.30841,0.8,"[3644.93333333, 3644.93333333]","[20.0, 20.0]",0.08,0.0,-40.0,null,gabors,20.0,null,4.0,0.25020174,151,-0.12803383,-2.2722875,7,0.14530145,True,2,test,0
634,0.0,243.30841,243.55861,0.8,"[3644.93333333, 3644.93333333]","[20.0, 20.0]",0.08,45.0,-10.0,null,gabors,10.0,null,4.0,0.25020174,199,-0.059860514,-2.3702387,7,0.13217747,True,2,test,1
635,0.0,243.55861,243.80881,0.8,"[3644.93333333, 3644.93333333]","[20.0, 20.0]",0.08,90.0,20.0,null,gabors,0.0,null,4.0,0.25020174,154,0.0043450812,-2.3199748,7,0.10504386,True,3,train,2
636,0.0,243.80881,244.05901,0.8,"[3644.93333333, 3644.93333333]","[20.0, 20.0]",0.08,90.0,20.0,null,gabors,-40.0,null,4.0,0.25020174,149,0.1198449,-2.2486287,8,0.10532041,True,4,train,2
637,0.0,244.05901,244.30922,0.8,"[3644.93333333, 3644.93333333]","[20.0, 20.0]",0.08,90.0,-10.0,null,gabors,0.0,null,4.0,0.25021076,227,0.11284939,-2.2243295,7,0.042090323,True,1,train,2
638,0.0,244.30922,244.55944,0.8,"[3644.93333333, 3644.93333333]","[20.0, 20.0]",0.08,0.0,-30.0,null,gabors,20.0,null,4.0,0.25021076,185,0.14970717,-2.3666013,8,0.066185513,True,3,train,0
639,0.0,244.55944,244.80965,0.8,"[3644.93333333, 3644.93333333]","[20.0, 20.0]",0.08,0.0,30.0,null,gabors,-10.0,null,4.0,0.25021076,65,0.1456978,-2.3481041,7,0.069006551,True,4,train,0
640,0.0,244.80965,245.05986,0.8,"[3644.93333333, 3644.93333333]","[20.0, 20.0]",0.08,90.0,20.0,null,gabors,-20.0,null,4.0,0.25021076,98,0.092311412,-2.3531632,8,0.085571768,True,4,train,2
641,0.0,245.05986,245.31006,0.8,"[3644.93333333, 3644.93333333]","[20.0, 20.0]",0.08,45.0,-10.0,null,gabors,40.0,null,4.0,0.25020674,39,0.051391007,-2.4723272,7,0.10478595,True,3,train,1
642,0.0,245.31006,245.56027,0.8,"[3644.93333333, 3644.93333333]","[20.0, 20.0]",0.08,0.0,-30.0,null,gabors,20.0,null,4.0,0.25020674,185,-0.0048227671,-2.3794815,8,0.10471724,True,4,train,0
643,0.0,245.56027,245.81048,0.8,"[3644.93333333, 3644.93333333]","[20.0, 20.0]",0.08,0.0,-10.0,null,gabors,-40.0,null,4.0,0.25020674,112,0.086987511,-2.474186,7,0.067306756,True,1,train,0
644,0.0,245.81048,246.06068,0.8,"[3644.93333333, 3644.93333333]","[20.0, 20.0]",0.08,45.0,-40.0,null,gabors,-20.0,null,4.0,0.25020674,77,0.17353663,-2.2752288,8,0.13346125,True,5,test,1
645,0.0,246.06068,246.3109,0.8,"[3644.93333333, 3644.93333333]","[20.0, 20.0]",0.08,45.0,-40.0,null,gabors,10.0,null,4.0,0.25021576,50,0.10000008,-2.0708079,7,0.090434682,True,1,train,1
646,0.0,246.3109,246.56112,0.8,"[3644.93333333, 3644.93333333]","[20.0, 20.0]",0.08,90.0,-40.0,null,gabors,-30.0,null,4.0,0.25021576,127,0.10723893,-2.2175226,8,0.10267736,True,3,train,2
647,0.0,246.56112,246.81133,0.8,"[3644.93333333, 3644.93333333]","[20.0, 20.0]",0.08,45.0,40.0,null,gabors,-40.0,null,4.0,0.25021576,195,0.10566393,-2.1724463,7,0.069197758,True,2,test,1
648,0.0,246.81133,247.06155,0.8,"[3644.93333333, 3644.93333333]","[20.0, 20.0]",0.08,45.0,0.0,null,gabors,-10.0,null,4.0,0.25021576,8,0.14961987,-2.2435466,8,0.089090454,True,3,train,1
649,0.0,247.06155,247.31175,0.8,"[3644.93333333, 3644.93333333]","[20.0, 20.0]",0.08,45.0,20.0,null,gabors,-30.0,null,4.0,0.25019924,172,0.055544989,-2.2124019,7,0.089881541,True,3,train,1
650,0.0,247.31175,247.56195,0.8,"[3644.93333333, 3644.93333333]","[20.0, 20.0]",0.08,45.0,-20.0,null,gabors,20.0,null,4.0,0.25019924,113,0.020958526,-2.1047023,8,0.08102107,True,3,train,1
651,0.0,247.56195,247.81214,0.8,"[3644.93333333, 3644.93333333]","[20.0, 20.0]",0.08,0.0,-30.0,null,gabors,-20.0,null,4.0,0.25019924,106,0.085010454,-2.2235972,7,0.11343083,True,4,train,0
652,0.0,247.81214,248.06234,0.8,"[3644.93333333, 3644.93333333]","[20.0, 20.0]",0.08,0.0,30.0,null,gabors,-10.0,null,4.0,0.25019924,65,0.059078384,-2.2822743,8,0.092029755,True,5,test,0
653,0.0,248.06234,248.31256,0.8,"[3644.93333333, 3644.93333333]","[20.0, 20.0]",0.08,45.0,-40.0,null,gabors,40.0,null,4.0,0.25021326,134,-0.066368835,-2.3801191,7,0.12014999,True,4,train,1
654,0.0,248.31256,248.56277,0.8,"[3644.93333333, 3644.93333333]","[20.0, 20.0]",0.08,45.0,30.0,null,gabors,20.0,null,4.0,0.25021326,49,0.066580013,-2.2821905,8,0.16102847,True,4,train,1
655,0.0,248.56277,248.81298,0.8,"[3644.93333333, 3644.93333333]","[20.0, 20.0]",0.08,45.0,-40.0,null,gabors,10.0,null,4.0,0.25021326,50,0.056995746,-2.3120757,7,0.097828469,True,2,test,1
656,0.0,248.81298,249.0632,0.8,"[3644.93333333, 3644.93333333]","[20.0, 20.0]",0.08,90.0,10.0,null,gabors,-40.0,null,4.0,0.25021326,117,-0.054209914,-2.2843611,3,0.10285349,True,2,test,2
657,0.0,249.0632,249.31341,0.8,"[3644.93333333, 3644.93333333]","[20.0, 20.0]",0.08,45.0,-20.0,null,gabors,-40.0,null,4.0,0.25020924,45,,,0,,False,3,train,1
658,0.0,249.31341,249.56362,0.8,"[3644.93333333, 3644.93333333]","[20.0, 20.0]",0.08,0.0,20.0,null,gabors,-20.0,null,4.0,0.25020924,132,,,0,,False,2,test,0
659,0.0,249.56362,249.81382,0.8,"[3644.93333333, 3644.93333333]","[20.0, 20.0]",0.08,90.0,10.0,null,gabors,-40.0,null,4.0,0.25020924,117,,,0,,False,3,train,2
660,0.0,249.81382,250.06403,0.8,"[3644.93333333, 3644.93333333]","[20.0, 20.0]",0.08,0.0,-20.0,null,gabors,-10.0,null,4.0,0.25020924,216,-0.0028712372,-1.6304183,7,0.21803663,True,1,train,0
661,0.0,250.06403,250.31424,0.8,"[3644.93333333, 3644.93333333]","[20.0, 20.0]",0.08,45.0,-30.0,null,gabors,10.0,null,4.0,0.25020576,202,0.089075026,-1.5368199,7,0.14414114,True,1,train,1
662,0.0,250.31424,250.56445,0.8,"[3644.93333333, 3644.93333333]","[20.0, 20.0]",0.08,90.0,-10.0,null,gabors,20.0,null,4.0,0.25020576,1,0.088676027,-1.5366565,8,0.15212904,True,3,train,2
663,0.0,250.56445,250.81465,0.8,"[3644.93333333, 3644.93333333]","[20.0, 20.0]",0.08,45.0,10.0,null,gabors,-20.0,null,4.0,0.25020576,23,0.081258016,-1.5067591,7,0.06794325,True,1,train,1
664,0.0,250.81465,251.06486,0.8,"[3644.93333333, 3644.93333333]","[20.0, 20.0]",0.08,90.0,20.0,null,gabors,0.0,null,4.0,0.25020576,154,0.1509355,-1.5003702,8,0.065095257,True,4,train,2
665,0.0,251.06486,251.31507,0.8,"[3644.93333333, 3644.93333333]","[20.0, 20.0]",0.08,45.0,10.0,null,gabors,-40.0,null,4.0,0.25020924,5,0.14083806,-1.4543083,7,0.075113146,True,3,train,1
666,0.0,251.31507,251.56528,0.8,"[3644.93333333, 3644.93333333]","[20.0, 20.0]",0.08,0.0,10.0,null,gabors,-30.0,null,4.0,0.25020924,116,0.15744705,-1.3797573,7,0.19215135,True,2,test,0
667,0.0,251.56528,251.81548,0.8,"[3644.93333333, 3644.93333333]","[20.0, 20.0]",0.08,45.0,-10.0,null,gabors,30.0,null,4.0,0.25020924,175,,,0,,False,2,test,1
668,0.0,251.81548,252.06569,0.8,"[3644.93333333, 3644.93333333]","[20.0, 20.0]",0.08,0.0,-30.0,null,gabors,-40.0,null,4.0,0.25020924,12,,,0,,False,3,train,0
669,0.0,252.06569,252.31591,0.8,"[3644.93333333, 3644.93333333]","[20.0, 20.0]",0.08,90.0,-10.0,null,gabors,-10.0,null,4.0,0.25021576,32,-0.33389044,-1.1613025,4,0.07642163,True,3,train,2
670,0.0,252.31591,252.56613,0.8,"[3644.93333333, 3644.93333333]","[20.0, 20.0]",0.08,45.0,40.0,null,gabors,20.0,null,4.0,0.25021576,180,0.096837457,-1.2242112,8,0.22677397,True,1,train,1
671,0.0,252.56613,252.81634,0.8,"[3644.93333333, 3644.93333333]","[20.0, 20.0]",0.08,90.0,30.0,null,gabors,10.0,null,4.0,0.25021576,40,0.28140608,-1.1699795,7,0.16988093,True,2,test,2
672,0.0,252.81634,253.06656,0.8,"[3644.93333333, 3644.93333333]","[20.0, 20.0]",0.08,90.0,0.0,null,gabors,40.0,null,4.0,0.25021576,19,0.33962195,-1.0519564,8,0.12418615,True,3,train,2
673,0.0,253.06656,253.31676,0.8,"[3644.93333333, 3644.93333333]","[20.0, 20.0]",0.08,45.0,-40.0,null,gabors,20.0,null,4.0,0.25019924,96,0.35649694,-1.4806246,7,0.079423133,True,2,test,1
674,0.0,253.31676,253.56696,0.8,"[3644.93333333, 3644.93333333]","[20.0, 20.0]",0.08,45.0,0.0,null,gabors,20.0,null,4.0,0.25019924,24,0.16840746,-1.4340427,8,0.081937523,True,3,train,1
675,0.0,253.56696,253.81715,0.8,"[3644.93333333, 3644.93333333]","[20.0, 20.0]",0.08,90.0,10.0,null,gabors,40.0,null,4.0,0.25019924,225,0.35922479,-1.3409378,7,0.043012925,True,1,train,2
676,0.0,253.81715,254.06735,0.8,"[3644.93333333, 3644.93333333]","[20.0, 20.0]",0.08,45.0,-40.0,null,gabors,40.0,null,4.0,0.25019924,134,0.42372035,-1.3722679,8,0.086387279,True,5,test,1
677,0.0,254.06735,254.31758,0.8,"[3644.93333333, 3644.93333333]","[20.0, 20.0]",0.08,45.0,-10.0,null,gabors,20.0,null,4.0,0.25022326,47,0.21504674,-1.4006804,7,0.11857579,True,5,test,1
678,0.0,254.31758,254.5678,0.8,"[3644.93333333, 3644.93333333]","[20.0, 20.0]",0.08,0.0,-20.0,null,gabors,0.0,null,4.0,0.25022326,226,0.10983794,-1.4174494,8,0.11618901,True,1,train,0
679,0.0,254.5678,254.81802,0.8,"[3644.93333333, 3644.93333333]","[20.0, 20.0]",0.08,0.0,10.0,null,gabors,-40.0,null,4.0,0.25022326,233,0.0012190633,-1.308478,7,0.11305561,True,0,train,0
680,0.0,254.81802,255.06825,0.8,"[3644.93333333, 3644.93333333]","[20.0, 20.0]",0.08,90.0,10.0,null,gabors,-40.0,null,4.0,0.25022326,117,0.10462434,-1.4361503,8,0.11483526,True,4,train,2
681,0.0,255.06825,255.31844,0.8,"[3644.93333333, 3644.93333333]","[20.0, 20.0]",0.08,0.0,-10.0,null,gabors,-10.0,null,4.0,0.25019674,136,0.30531882,-1.4316727,7,0.14135452,True,3,train,0
682,0.0,255.31844,255.56864,0.8,"[3644.93333333, 3644.93333333]","[20.0, 20.0]",0.08,45.0,-20.0,null,gabors,30.0,null,4.0,0.25019674,232,0.19491567,-1.421719,8,0.078200511,True,1,train,1
683,0.0,255.56864,255.81884,0.8,"[3644.93333333, 3644.93333333]","[20.0, 20.0]",0.08,90.0,-10.0,null,gabors,20.0,null,4.0,0.25019674,1,0.093336398,-1.4730874,7,0.089353846,True,4,train,2
684,0.0,255.81884,256.06903,0.8,"[3644.93333333, 3644.93333333]","[20.0, 20.0]",0.08,0.0,-30.0,null,gabors,10.0,null,4.0,0.25019674,43,0.11644453,-1.3593956,8,0.10216897,True,4,train,0
685,0.0,256.06903,256.31925,0.8,"[3644.93333333, 3644.93333333]","[20.0, 20.0]",0.08,45.0,30.0,null,gabors,30.0,null,4.0,0.25021326,59,0.16802932,-1.2912432,7,0.055305293,True,4,train,1
686,0.0,256.31925,256.56946,0.8,"[3644.93333333, 3644.93333333]","[20.0, 20.0]",0.08,90.0,40.0,null,gabors,40.0,null,4.0,0.25021326,48,0.024670852,-1.3235788,8,0.096349722,True,2,test,2
687,0.0,256.56946,256.81967,0.8,"[3644.93333333, 3644.93333333]","[20.0, 20.0]",0.08,90.0,30.0,null,gabors,-30.0,null,4.0,0.25021326,234,0.039041748,-1.1770949,7,0.073019689,True,0,train,2
688,0.0,256.81967,257.06989,0.8,"[3644.93333333, 3644.93333333]","[20.0, 20.0]",0.08,0.0,40.0,null,gabors,20.0,null,4.0,0.25021326,14,-0.11906113,-1.1295621,8,0.15600966,True,2,test,0
689,0.0,257.06989,257.32009,0.8,"[3644.93333333, 3644.93333333]","[20.0, 20.0]",0.08,45.0,10.0,null,gabors,40.0,null,4.0,0.25020674,235,0.10383456,-0.98016544,7,0.15650484,True,0,train,1
690,0.0,257.32009,257.5703,0.8,"[3644.93333333, 3644.93333333]","[20.0, 20.0]",0.08,90.0,-40.0,null,gabors,20.0,null,4.0,0.25020674,61,0.1774969,-1.1739378,8,0.12649327,True,2,test,2
691,0.0,257.5703,257.82051,0.8,"[3644.93333333, 3644.93333333]","[20.0, 20.0]",0.08,90.0,0.0,null,gabors,0.0,null,4.0,0.25020674,66,0.20502659,-1.1278522,7,0.078920314,True,2,test,2
692,0.0,257.82051,258.07071,0.8,"[3644.93333333, 3644.93333333]","[20.0, 20.0]",0.08,45.0,-30.0,null,gabors,30.0,null,4.0,0.25020674,131,0.071955204,-1.2392052,8,0.08664251,True,4,train,1
693,0.0,258.07071,258.32093,0.8,"[3644.93333333, 3644.93333333]","[20.0, 20.0]",0.08,0.0,20.0,null,gabors,20.0,null,4.0,0.25021576,196,0.06135416,-1.1717816,7,0.14504723,True,4,train,0
694,0.0,258.32093,258.57115,0.8,"[3644.93333333, 3644.93333333]","[20.0, 20.0]",0.08,0.0,10.0,null,gabors,40.0,null,4.0,0.25021576,133,0.11293989,-0.99816597,8,0.09233202,True,2,test,0
695,0.0,258.57115,258.82136,0.8,"[3644.93333333, 3644.93333333]","[20.0, 20.0]",0.08,0.0,-20.0,null,gabors,-30.0,null,4.0,0.25021576,236,0.15350397,-0.99697714,7,0.12174778,True,0,train,0
696,0.0,258.82136,259.07158,0.8,"[3644.93333333, 3644.93333333]","[20.0, 20.0]",0.08,45.0,-20.0,null,gabors,20.0,null,4.0,0.25021576,113,0.28203133,-0.99898952,8,0.092230437,True,4,train,1
697,0.0,259.07158,259.32178,0.8,"[3644.93333333, 3644.93333333]","[20.0, 20.0]",0.08,45.0,40.0,null,gabors,0.0,null,4.0,0.25020424,99,-0.068832815,-1.0449308,7,0.20246827,True,3,train,1
698,0.0,259.32178,259.57199,0.8,"[3644.93333333, 3644.93333333]","[20.0, 20.0]",0.08,90.0,40.0,null,gabors,30.0,null,4.0,0.25020424,122,-0.097934775,-0.95628361,8,0.098116902,True,1,train,2
699,0.0,259.57199,259.82219,0.8,"[3644.93333333, 3644.93333333]","[20.0, 20.0]",0.08,90.0,-10.0,null,gabors,30.0,null,4.0,0.25020424,87,-0.079733306,-0.88720797,7,0.065914346,True,3,train,2
700,0.0,259.82219,260.07239,0.8,"[3644.93333333, 3644.93333333]","[20.0, 20.0]",0.08,90.0,30.0,null,gabors,20.0,null,4.0,0.25020424,163,-0.089100666,-0.67445344,8,0.1068269,True,4,train,2
701,0.0,260.07239,260.3226,0.8,"[3644.93333333, 3644.93333333]","[20.0, 20.0]",0.08,90.0,0.0,null,gabors,-20.0,null,4.0,0.25020576,197,-0.18741853,-0.93358977,7,0.099401264,True,3,train,2
702,0.0,260.3226,260.57281,0.8,"[3644.93333333, 3644.93333333]","[20.0, 20.0]",0.08,45.0,30.0,null,gabors,30.0,null,4.0,0.25020576,59,-0.16857317,-0.64698974,8,0.15418429,True,5,test,1
703,0.0,260.57281,260.82301,0.8,"[3644.93333333, 3644.93333333]","[20.0, 20.0]",0.08,90.0,0.0,null,gabors,40.0,null,4.0,0.25020576,19,-0.17476434,-0.85263667,7,0.095282708,True,4,train,2
704,0.0,260.82301,261.07322,0.8,"[3644.93333333, 3644.93333333]","[20.0, 20.0]",0.08,0.0,10.0,null,gabors,-30.0,null,4.0,0.25020576,116,-0.1916761,-0.80852241,8,0.11765724,True,3,train,0
705,0.0,261.07322,261.32343,0.8,"[3644.93333333, 3644.93333333]","[20.0, 20.0]",0.08,45.0,-40.0,null,gabors,-30.0,null,4.0,0.25021424,62,0.17692172,-0.83843495,7,0.15245881,True,2,test,1
706,0.0,261.32343,261.57365,0.8,"[3644.93333333, 3644.93333333]","[20.0, 20.0]",0.08,90.0,30.0,null,gabors,0.0,null,4.0,0.25021424,37,0.010334312,-0.81251008,8,0.071262025,True,1,train,2
707,0.0,261.57365,261.82386,0.8,"[3644.93333333, 3644.93333333]","[20.0, 20.0]",0.08,0.0,10.0,null,gabors,20.0,null,4.0,0.25021424,145,-0.074366391,-0.70578439,7,0.14595048,True,3,train,0
708,0.0,261.82386,262.07407,0.8,"[3644.93333333, 3644.93333333]","[20.0, 20.0]",0.08,90.0,-10.0,null,gabors,-30.0,null,4.0,0.25021424,101,-0.28665773,-0.68143658,8,0.13977265,True,1,train,2
709,0.0,262.07407,262.32429,0.8,"[3644.93333333, 3644.93333333]","[20.0, 20.0]",0.08,0.0,10.0,null,gabors,30.0,null,4.0,0.25021576,169,-0.10708368,-0.60246606,7,0.069594929,True,3,train,0
710,0.0,262.32429,262.57451,0.8,"[3644.93333333, 3644.93333333]","[20.0, 20.0]",0.08,0.0,40.0,null,gabors,-10.0,null,4.0,0.25021576,67,-0.17796506,-0.63992412,8,0.095251479,True,3,train,0
711,0.0,262.57451,262.82472,0.8,"[3644.93333333, 3644.93333333]","[20.0, 20.0]",0.08,45.0,0.0,null,gabors,-30.0,null,4.0,0.25021576,46,-0.19693074,-0.59290067,7,0.10563829,True,3,train,1
712,0.0,262.82472,263.07494,0.8,"[3644.93333333, 3644.93333333]","[20.0, 20.0]",0.08,45.0,40.0,null,gabors,40.0,null,4.0,0.25021576,178,-0.36993577,-0.56644694,8,0.090421714,True,2,test,1
713,0.0,263.07494,263.32514,0.8,"[3644.93333333, 3644.93333333]","[20.0, 20.0]",0.08,0.0,30.0,null,gabors,40.0,null,4.0,0.25019924,54,-0.22491364,-0.642863,7,0.11476593,True,6,train,0
714,0.0,263.32514,263.57534,0.8,"[3644.93333333, 3644.93333333]","[20.0, 20.0]",0.08,0.0,-20.0,null,gabors,-10.0,null,4.0,0.25019924,216,-0.26537112,-0.72754533,7,0.083676386,True,2,test,0
715,0.0,263.57534,263.82553,0.8,"[3644.93333333, 3644.93333333]","[20.0, 20.0]",0.08,0.0,-20.0,null,gabors,-40.0,null,4.0,0.25019924,123,-0.381734,-0.72985784,7,0.10365281,True,3,train,0
716,0.0,263.82553,264.07573,0.8,"[3644.93333333, 3644.93333333]","[20.0, 20.0]",0.08,90.0,20.0,null,gabors,10.0,null,4.0,0.25019924,129,-0.39969963,-0.73467355,8,0.19157868,True,3,train,2
717,0.0,264.07573,264.32595,0.8,"[3644.93333333, 3644.93333333]","[20.0, 20.0]",0.08,90.0,30.0,null,gabors,0.0,null,4.0,0.25021826,37,-0.38149115,-0.63066884,8,0.14289627,True,2,test,2
718,0.0,264.32595,264.57617,0.8,"[3644.93333333, 3644.93333333]","[20.0, 20.0]",0.08,90.0,-30.0,null,gabors,-30.0,null,4.0,0.25021826,124,-0.39947708,-0.71959062,7,0.10753968,True,6,train,2
719,0.0,264.57617,264.82639,0.8,"[3644.93333333, 3644.93333333]","[20.0, 20.0]",0.08,90.0,0.0,null,gabors,30.0,null,4.0,0.25021826,215,-0.27245745,-0.71377054,7,0.07612319,True,2,test,2
720,0.0,264.82639,265.07661,0.8,"[3644.93333333, 3644.93333333]","[20.0, 20.0]",0.08,90.0,10.0,null,gabors,-10.0,null,4.0,0.25021826,138,-0.27679703,-0.63073253,8,0.055116217,True,4,train,2
721,0.0,265.07661,265.32681,0.8,"[3644.93333333, 3644.93333333]","[20.0, 20.0]",0.08,0.0,30.0,null,gabors,-30.0,null,4.0,0.25019924,16,-0.20129609,-0.73961646,8,0.12344475,True,2,test,0
722,0.0,265.32681,265.57701,0.8,"[3644.93333333, 3644.93333333]","[20.0, 20.0]",0.08,0.0,0.0,null,gabors,-30.0,null,4.0,0.25019924,186,-0.21506746,-0.45950031,7,0.11695822,True,1,train,0
723,0.0,265.57701,265.8272,0.8,"[3644.93333333, 3644.93333333]","[20.0, 20.0]",0.08,0.0,-20.0,null,gabors,40.0,null,4.0,0.25019924,33,-0.3143618,-0.522481,7,0.10769544,True,5,test,0
724,0.0,265.8272,266.0774,0.8,"[3644.93333333, 3644.93333333]","[20.0, 20.0]",0.08,0.0,40.0,null,gabors,20.0,null,4.0,0.25019924,14,-0.34771168,-0.43952986,8,0.15478555,True,3,train,0
725,0.0,266.0774,266.32762,0.8,"[3644.93333333, 3644.93333333]","[20.0, 20.0]",0.08,45.0,-20.0,null,gabors,40.0,null,4.0,0.25022076,81,-0.47667724,-0.60608424,8,0.083005488,True,4,train,1
726,0.0,266.32762,266.57785,0.8,"[3644.93333333, 3644.93333333]","[20.0, 20.0]",0.08,0.0,10.0,null,gabors,-40.0,null,4.0,0.25022076,233,-0.37530689,-0.56694617,7,0.1583324,True,1,train,0
727,0.0,266.57785,266.82807,0.8,"[3644.93333333, 3644.93333333]","[20.0, 20.0]",0.08,0.0,30.0,null,gabors,10.0,null,4.0,0.25022076,137,-0.41938667,-0.43903707,7,0.048779024,True,2,test,0
728,0.0,266.82807,267.07829,0.8,"[3644.93333333, 3644.93333333]","[20.0, 20.0]",0.08,90.0,40.0,null,gabors,10.0,null,4.0,0.25022076,52,-0.55221611,-0.45172177,8,0.061688137,True,5,test,2
729,0.0,267.07829,267.32849,0.8,"[3644.93333333, 3644.93333333]","[20.0, 20.0]",0.08,0.0,-40.0,null,gabors,-30.0,null,4.0,0.25019924,220,-0.28429897,-0.38117094,8,0.13935141,True,1,train,0
730,0.0,267.32849,267.57869,0.8,"[3644.93333333, 3644.93333333]","[20.0, 20.0]",0.08,0.0,-30.0,null,gabors,-10.0,null,4.0,0.25019924,71,-0.17477159,-0.25335964,7,0.089301373,True,3,train,0
731,0.0,267.57869,267.82888,0.8,"[3644.93333333, 3644.93333333]","[20.0, 20.0]",0.08,0.0,40.0,null,gabors,-20.0,null,4.0,0.25019924,78,-0.29876971,-0.28012105,7,0.08874415,True,3,train,0
732,0.0,267.82888,268.07908,0.8,"[3644.93333333, 3644.93333333]","[20.0, 20.0]",0.08,45.0,10.0,null,gabors,10.0,null,4.0,0.25019924,144,-0.27991527,-0.21671683,7,0.066248335,True,3,train,1
733,0.0,268.07908,268.3293,0.8,"[3644.93333333, 3644.93333333]","[20.0, 20.0]",0.08,90.0,10.0,null,gabors,40.0,null,4.0,0.25021576,225,-0.26455728,-0.27200112,8,0.1281606,True,2,test,2
734,0.0,268.3293,268.57952,0.8,"[3644.93333333, 3644.93333333]","[20.0, 20.0]",0.08,90.0,0.0,null,gabors,-40.0,null,4.0,0.25021576,82,-0.4016854,-0.45901676,7,0.11431168,True,3,train,2
735,0.0,268.57952,268.82973,0.8,"[3644.93333333, 3644.93333333]","[20.0, 20.0]",0.08,0.0,30.0,null,gabors,30.0,null,4.0,0.25021576,6,-0.47959916,-0.35502016,8,0.11060259,True,4,train,0
736,0.0,268.82973,269.07995,0.8,"[3644.93333333, 3644.93333333]","[20.0, 20.0]",0.08,45.0,-30.0,null,gabors,0.0,null,4.0,0.25021576,179,-0.51762402,-0.63630639,7,0.10103078,True,2,test,1
737,0.0,269.07995,269.33015,0.8,"[3644.93333333, 3644.93333333]","[20.0, 20.0]",0.08,90.0,30.0,null,gabors,20.0,null,4.0,0.25019924,163,-0.4628952,-0.54119936,8,0.10595726,True,5,test,2
738,0.0,269.33015,269.58035,0.8,"[3644.93333333, 3644.93333333]","[20.0, 20.0]",0.08,0.0,-10.0,null,gabors,-10.0,null,4.0,0.25019924,136,-0.33803564,-0.28279909,7,0.059527134,True,4,train,0
739,0.0,269.58035,269.83054,0.8,"[3644.93333333, 3644.93333333]","[20.0, 20.0]",0.08,45.0,-20.0,null,gabors,40.0,null,4.0,0.25019924,81,-0.28840295,-0.45379784,8,0.11690782,True,5,test,1
740,0.0,269.83054,270.08074,0.8,"[3644.93333333, 3644.93333333]","[20.0, 20.0]",0.08,0.0,20.0,null,gabors,10.0,null,4.0,0.25019924,207,-0.32098511,-0.36573068,7,0.14691477,True,3,train,0
741,0.0,270.08074,270.33096,0.8,"[3644.93333333, 3644.93333333]","[20.0, 20.0]",0.08,90.0,30.0,null,gabors,-30.0,null,4.0,0.25021576,234,-0.30666312,-0.42846979,8,0.084053732,True,1,train,2
742,0.0,270.33096,270.58118,0.8,"[3644.93333333, 3644.93333333]","[20.0, 20.0]",0.08,90.0,-30.0,null,gabors,40.0,null,4.0,0.25021576,75,-0.39727902,-0.46949552,7,0.065420832,True,4,train,2
743,0.0,270.58118,270.83139,0.8,"[3644.93333333, 3644.93333333]","[20.0, 20.0]",0.08,0.0,20.0,null,gabors,-40.0,null,4.0,0.25021576,135,-0.29849184,-0.56108748,8,0.12186981,True,1,train,0
744,0.0,270.83139,271.08161,0.8,"[3644.93333333, 3644.93333333]","[20.0, 20.0]",0.08,0.0,-20.0,null,gabors,-30.0,null,4.0,0.25021576,236,-0.33728727,-0.56912668,7,0.075190817,True,1,train,0
745,0.0,271.08161,271.33181,0.8,"[3644.93333333, 3644.93333333]","[20.0, 20.0]",0.08,0.0,-10.0,null,gabors,10.0,null,4.0,0.25020424,114,-0.34507603,-0.5133548,8,0.098334754,True,3,train,0
746,0.0,271.33181,271.58202,0.8,"[3644.93333333, 3644.93333333]","[20.0, 20.0]",0.08,45.0,40.0,null,gabors,0.0,null,4.0,0.25020424,99,-0.44356044,-0.56938255,7,0.072531327,True,4,train,1
747,0.0,271.58202,271.83222,0.8,"[3644.93333333, 3644.93333333]","[20.0, 20.0]",0.08,45.0,0.0,null,gabors,10.0,null,4.0,0.25020424,38,-0.3824245,-0.62869458,8,0.097940074,True,3,train,1
748,0.0,271.83222,272.08242,0.8,"[3644.93333333, 3644.93333333]","[20.0, 20.0]",0.08,90.0,0.0,null,gabors,10.0,null,4.0,0.25020424,161,-0.47279395,-0.47503031,7,0.10203896,True,2,test,2
749,0.0,272.08242,272.33264,0.8,"[3644.93333333, 3644.93333333]","[20.0, 20.0]",0.08,45.0,-30.0,null,gabors,-30.0,null,4.0,0.25021826,221,-0.38904692,-0.44793079,8,0.10401921,True,1,train,1
750,0.0,272.33264,272.58286,0.8,"[3644.93333333, 3644.93333333]","[20.0, 20.0]",0.08,45.0,-20.0,null,gabors,10.0,null,4.0,0.25021826,218,-0.36422198,-0.55749979,7,0.11074568,True,1,train,1
751,0.0,272.58286,272.83308,0.8,"[3644.93333333, 3644.93333333]","[20.0, 20.0]",0.08,90.0,30.0,null,gabors,0.0,null,4.0,0.25021826,37,-0.33993969,-0.29713827,8,0.12639164,True,3,train,2
752,0.0,272.83308,273.0833,0.8,"[3644.93333333, 3644.93333333]","[20.0, 20.0]",0.08,45.0,20.0,null,gabors,-10.0,null,4.0,0.25021826,167,-0.48097381,-0.51278725,7,0.099375009,True,2,test,1
753,0.0,273.0833,273.33349,0.8,"[3644.93333333, 3644.93333333]","[20.0, 20.0]",0.08,45.0,0.0,null,gabors,40.0,null,4.0,0.25019674,159,-0.22319654,-0.41421945,8,0.090112786,True,3,train,1
754,0.0,273.33349,273.58369,0.8,"[3644.93333333, 3644.93333333]","[20.0, 20.0]",0.08,90.0,40.0,null,gabors,30.0,null,4.0,0.25019674,122,-0.28639311,-0.38138391,7,0.10149003,True,2,test,2
755,0.0,273.58369,273.83389,0.8,"[3644.93333333, 3644.93333333]","[20.0, 20.0]",0.08,45.0,-40.0,null,gabors,10.0,null,4.0,0.25019674,50,-0.37082457,-0.31241127,8,0.10493868,True,3,train,1
756,0.0,273.83389,274.08408,0.8,"[3644.93333333, 3644.93333333]","[20.0, 20.0]",0.08,90.0,20.0,null,gabors,20.0,null,4.0,0.25019674,210,-0.34926443,-0.49402451,7,0.053008804,True,2,test,2
757,0.0,274.08408,274.3343,0.8,"[3644.93333333, 3644.93333333]","[20.0, 20.0]",0.08,45.0,40.0,null,gabors,-20.0,null,4.0,0.25022076,104,-0.4986242,-0.51034474,8,0.23202185,True,3,train,1
758,0.0,274.3343,274.58453,0.8,"[3644.93333333, 3644.93333333]","[20.0, 20.0]",0.08,90.0,10.0,null,gabors,10.0,null,4.0,0.25022076,20,-0.57342563,-0.39335468,7,0.22452467,True,3,train,2
759,0.0,274.58453,274.83475,0.8,"[3644.93333333, 3644.93333333]","[20.0, 20.0]",0.08,90.0,-20.0,null,gabors,40.0,null,4.0,0.25022076,147,-0.15744035,-0.28418482,8,0.15350869,True,2,test,2
760,0.0,274.83475,275.08497,0.8,"[3644.93333333, 3644.93333333]","[20.0, 20.0]",0.08,0.0,30.0,null,gabors,-30.0,null,4.0,0.25022076,16,-0.011815409,-0.33752462,7,0.1108394,True,3,train,0
761,0.0,275.08497,275.33517,0.8,"[3644.93333333, 3644.93333333]","[20.0, 20.0]",0.08,90.0,30.0,null,gabors,-30.0,null,4.0,0.25020174,234,-0.10397522,-0.13760103,8,0.087194574,True,2,test,2
762,0.0,275.33517,275.58537,0.8,"[3644.93333333, 3644.93333333]","[20.0, 20.0]",0.08,90.0,-20.0,null,gabors,30.0,null,4.0,0.25020174,80,-0.22035503,-0.12797206,7,0.078686652,True,4,train,2
763,0.0,275.58537,275.83557,0.8,"[3644.93333333, 3644.93333333]","[20.0, 20.0]",0.08,0.0,-20.0,null,gabors,-30.0,null,4.0,0.25020174,236,-0.27110407,-0.19408147,8,0.085805049,True,2,test,0
764,0.0,275.83557,276.08577,0.8,"[3644.93333333, 3644.93333333]","[20.0, 20.0]",0.08,45.0,10.0,null,gabors,30.0,null,4.0,0.25020174,222,-0.19890031,-0.26081756,7,0.077390093,True,2,test,1
765,0.0,276.08577,276.336,0.8,"[3644.93333333, 3644.93333333]","[20.0, 20.0]",0.08,90.0,-40.0,null,gabors,30.0,null,4.0,0.25022326,120,-0.13203009,-0.28715977,8,0.082128936,True,2,test,2
766,0.0,276.336,276.58622,0.8,"[3644.93333333, 3644.93333333]","[20.0, 20.0]",0.08,90.0,-40.0,null,gabors,0.0,null,4.0,0.25022326,4,-0.26474597,-0.39452366,7,0.089010779,True,6,train,2
767,0.0,276.58622,276.83644,0.8,"[3644.93333333, 3644.93333333]","[20.0, 20.0]",0.08,45.0,40.0,null,gabors,-40.0,null,4.0,0.25022326,195,-0.38685594,-0.33489968,8,0.14184173,True,3,train,1
768,0.0,276.83644,277.08667,0.8,"[3644.93333333, 3644.93333333]","[20.0, 20.0]",0.08,45.0,-10.0,null,gabors,-20.0,null,4.0,0.25022326,166,-0.12097293,-0.28838072,7,0.14219307,True,2,test,1
769,0.0,277.08667,277.33686,0.8,"[3644.93333333, 3644.93333333]","[20.0, 20.0]",0.08,0.0,-30.0,null,gabors,-30.0,null,4.0,0.25019674,73,-0.17163641,-0.29963165,8,0.093731131,True,3,train,0
770,0.0,277.33686,277.58706,0.8,"[3644.93333333, 3644.93333333]","[20.0, 20.0]",0.08,0.0,40.0,null,gabors,-20.0,null,4.0,0.25019674,78,-0.23864953,-0.23542266,7,0.088566636,True,4,train,0
771,0.0,277.58706,277.83726,0.8,"[3644.93333333, 3644.93333333]","[20.0, 20.0]",0.08,0.0,20.0,null,gabors,-40.0,null,4.0,0.25019674,135,-0.21564882,-0.10075515,8,0.072774096,True,2,test,0
772,0.0,277.83726,278.08745,0.8,"[3644.93333333, 3644.93333333]","[20.0, 20.0]",0.08,90.0,10.0,null,gabors,-10.0,null,4.0,0.25019674,138,-0.356389,-0.3397424,7,0.11037002,True,5,test,2
773,0.0,278.08745,278.33767,0.8,"[3644.93333333, 3644.93333333]","[20.0, 20.0]",0.08,0.0,30.0,null,gabors,30.0,null,4.0,0.25021826,6,-0.35525632,-0.39641491,8,0.090240353,True,5,test,0
774,0.0,278.33767,278.58789,0.8,"[3644.93333333, 3644.93333333]","[20.0, 20.0]",0.08,45.0,-30.0,null,gabors,20.0,null,4.0,0.25021826,190,-0.39834668,-0.3420577,7,0.089104575,True,4,train,1
775,0.0,278.58789,278.83811,0.8,"[3644.93333333, 3644.93333333]","[20.0, 20.0]",0.08,0.0,0.0,null,gabors,20.0,null,4.0,0.25021826,192,-0.44315604,-0.4318649,8,0.082017114,True,1,train,0
776,0.0,278.83811,279.08833,0.8,"[3644.93333333, 3644.93333333]","[20.0, 20.0]",0.08,0.0,-30.0,null,gabors,-30.0,null,4.0,0.25021826,73,-0.42193215,-0.46873991,7,0.069592991,True,4,train,0
777,0.0,279.08833,279.33852,0.8,"[3644.93333333, 3644.93333333]","[20.0, 20.0]",0.08,0.0,0.0,null,gabors,0.0,null,4.0,0.25019674,139,-0.39033487,-0.42690909,8,0.090499924,True,4,train,0
778,0.0,279.33852,279.58872,0.8,"[3644.93333333, 3644.93333333]","[20.0, 20.0]",0.08,0.0,-40.0,null,gabors,0.0,null,4.0,0.25019674,70,-0.27526617,-0.35935341,7,0.086205558,True,4,train,0
779,0.0,279.58872,279.83892,0.8,"[3644.93333333, 3644.93333333]","[20.0, 20.0]",0.08,90.0,0.0,null,gabors,-20.0,null,4.0,0.25019674,197,-0.35310313,-0.46774389,8,0.1002875,True,4,train,2
780,0.0,279.83892,280.08911,0.8,"[3644.93333333, 3644.93333333]","[20.0, 20.0]",0.08,90.0,40.0,null,gabors,20.0,null,4.0,0.25019674,189,-0.26660757,-0.31491346,7,0.12957198,True,4,train,2
781,0.0,280.08911,280.33932,0.8,"[3644.93333333, 3644.93333333]","[20.0, 20.0]",0.08,45.0,-30.0,null,gabors,-10.0,null,4.0,0.25021076,41,-0.12662162,-0.20849933,8,0.087822276,True,2,test,1
782,0.0,280.33932,280.58954,0.8,"[3644.93333333, 3644.93333333]","[20.0, 20.0]",0.08,0.0,0.0,null,gabors,-20.0,null,4.0,0.25021076,140,-0.078794585,-0.33532768,7,0.066084216,True,2,test,0
783,0.0,280.58954,280.83975,0.8,"[3644.93333333, 3644.93333333]","[20.0, 20.0]",0.08,45.0,-40.0,null,gabors,-40.0,null,4.0,0.25021076,157,-0.070922896,-0.21018103,8,0.12850527,True,5,test,1
784,0.0,280.83975,281.08996,0.8,"[3644.93333333, 3644.93333333]","[20.0, 20.0]",0.08,45.0,-10.0,null,gabors,10.0,null,4.0,0.25021076,199,-0.18889061,-0.31502838,7,0.17485657,True,3,train,1
785,0.0,281.08996,281.34016,0.8,"[3644.93333333, 3644.93333333]","[20.0, 20.0]",0.08,0.0,-10.0,null,gabors,30.0,null,4.0,0.25020674,219,-0.28356846,-0.29195398,8,0.19024941,True,1,train,0
786,0.0,281.34016,281.59037,0.8,"[3644.93333333, 3644.93333333]","[20.0, 20.0]",0.08,90.0,30.0,null,gabors,40.0,null,4.0,0.25020674,142,-0.088334083,-0.26943818,7,0.11655865,True,4,train,2
787,0.0,281.59037,281.84058,0.8,"[3644.93333333, 3644.93333333]","[20.0, 20.0]",0.08,0.0,-30.0,null,gabors,20.0,null,4.0,0.25020674,185,-0.20408513,-0.038476439,8,0.065352934,True,5,test,0
788,0.0,281.84058,282.09078,0.8,"[3644.93333333, 3644.93333333]","[20.0, 20.0]",0.08,0.0,10.0,null,gabors,10.0,null,4.0,0.25020674,119,-0.08760819,-0.090578973,7,0.11502347,True,4,train,0
789,0.0,282.09078,282.341,0.8,"[3644.93333333, 3644.93333333]","[20.0, 20.0]",0.08,0.0,30.0,null,gabors,-40.0,null,4.0,0.25021826,200,-0.16340949,-0.2069694,8,0.05229968,True,3,train,0
790,0.0,282.341,282.59122,0.8,"[3644.93333333, 3644.93333333]","[20.0, 20.0]",0.08,90.0,-40.0,null,gabors,20.0,null,4.0,0.25021826,61,-0.26590758,-0.087724338,7,0.099359167,True,3,train,2
791,0.0,282.59122,282.84144,0.8,"[3644.93333333, 3644.93333333]","[20.0, 20.0]",0.08,90.0,-20.0,null,gabors,-40.0,null,4.0,0.25021826,34,-0.10568488,-0.091663665,7,0.16131442,True,5,test,2
792,0.0,282.84144,283.09166,0.8,"[3644.93333333, 3644.93333333]","[20.0, 20.0]",0.08,90.0,30.0,null,gabors,-10.0,null,4.0,0.25021826,211,-0.35904151,0.040410799,7,0.073231594,True,2,test,2
793,0.0,283.09166,283.34186,0.8,"[3644.93333333, 3644.93333333]","[20.0, 20.0]",0.08,45.0,-10.0,null,gabors,10.0,null,4.0,0.25020424,199,-0.13410614,-0.15367474,7,0.14149612,True,4,train,1
794,0.0,283.34186,283.59207,0.8,"[3644.93333333, 3644.93333333]","[20.0, 20.0]",0.08,90.0,20.0,null,gabors,40.0,null,4.0,0.25020424,79,-0.20653411,-0.17566471,7,0.099663046,True,3,train,2
795,0.0,283.59207,283.84227,0.8,"[3644.93333333, 3644.93333333]","[20.0, 20.0]",0.08,90.0,-20.0,null,gabors,-20.0,null,4.0,0.25020424,25,-0.15854444,-0.17792569,7,0.083434513,True,3,train,2
796,0.0,283.84227,284.09247,0.8,"[3644.93333333, 3644.93333333]","[20.0, 20.0]",0.08,0.0,-10.0,null,gabors,-10.0,null,4.0,0.25020424,136,-0.087823919,0.004782058,8,0.10240465,True,5,test,0
797,0.0,284.09247,284.34269,0.8,"[3644.93333333, 3644.93333333]","[20.0, 20.0]",0.08,45.0,-40.0,null,gabors,-40.0,null,4.0,0.25021326,157,-0.14574086,-0.082806126,7,0.099523997,True,6,train,1
798,0.0,284.34269,284.5929,0.8,"[3644.93333333, 3644.93333333]","[20.0, 20.0]",0.08,45.0,-10.0,null,gabors,-20.0,null,4.0,0.25021326,166,-0.2152767,-0.1470824,8,0.10217061,True,3,train,1
799,0.0,284.5929,284.84311,0.8,"[3644.93333333, 3644.93333333]","[20.0, 20.0]",0.08,0.0,-10.0,null,gabors,-20.0,null,4.0,0.25021326,125,-0.26616716,-0.25112792,7,0.077467648,True,1,train,0
800,0.0,284.84311,285.09333,0.8,"[3644.93333333, 3644.93333333]","[20.0, 20.0]",0.08,0.0,20.0,null,gabors,30.0,null,4.0,0.25021326,42,-0.14217845,-0.31990551,8,0.1114658,True,3,train,0
801,0.0,285.09333,285.34353,0.8,"[3644.93333333, 3644.93333333]","[20.0, 20.0]",0.08,45.0,10.0,null,gabors,-10.0,null,4.0,0.25020174,31,-0.17930585,-0.18888795,7,0.08409511,True,5,test,1
802,0.0,285.34353,285.59373,0.8,"[3644.93333333, 3644.93333333]","[20.0, 20.0]",0.08,0.0,-40.0,null,gabors,-40.0,null,4.0,0.25020174,69,-0.17334111,-0.20036222,8,0.059340152,True,3,train,0
803,0.0,285.59373,285.84393,0.8,"[3644.93333333, 3644.93333333]","[20.0, 20.0]",0.08,0.0,-10.0,null,gabors,-30.0,null,4.0,0.25020174,164,-0.18161435,-0.20959506,7,0.078022089,True,1,train,0
804,0.0,285.84393,286.09413,0.8,"[3644.93333333, 3644.93333333]","[20.0, 20.0]",0.08,45.0,30.0,null,gabors,-30.0,null,4.0,0.25020174,84,-0.069755835,-0.14520348,8,0.059417727,True,3,train,1
805,0.0,286.09413,286.34435,0.8,"[3644.93333333, 3644.93333333]","[20.0, 20.0]",0.08,45.0,-30.0,null,gabors,-40.0,null,4.0,0.25021826,91,-0.093376698,-0.076612324,7,0.072956404,True,4,train,1
806,0.0,286.34435,286.59457,0.8,"[3644.93333333, 3644.93333333]","[20.0, 20.0]",0.08,0.0,10.0,null,gabors,-10.0,null,4.0,0.25021826,182,-0.11710195,-0.11327812,8,0.12067402,True,4,train,0
807,0.0,286.59457,286.84479,0.8,"[3644.93333333, 3644.93333333]","[20.0, 20.0]",0.08,90.0,-20.0,null,gabors,40.0,null,4.0,0.25021826,147,-0.20177996,-0.18317384,7,0.098316422,True,3,train,2
808,0.0,286.84479,287.09501,0.8,"[3644.93333333, 3644.93333333]","[20.0, 20.0]",0.08,90.0,-30.0,null,gabors,-30.0,null,4.0,0.25021826,124,-0.19663218,-0.066945128,8,0.10777829,True,7,train,2
809,0.0,287.09501,287.34521,0.8,"[3644.93333333, 3644.93333333]","[20.0, 20.0]",0.08,0.0,-10.0,null,gabors,0.0,null,4.0,0.25019924,201,-0.23697956,0.018856076,7,0.065567215,True,1,train,0
810,0.0,287.34521,287.59541,0.8,"[3644.93333333, 3644.93333333]","[20.0, 20.0]",0.08,90.0,40.0,null,gabors,20.0,null,4.0,0.25019924,189,-0.1264891,0.1270815,8,0.1443239,True,5,test,2
811,0.0,287.59541,287.8456,0.8,"[3644.93333333, 3644.93333333]","[20.0, 20.0]",0.08,45.0,40.0,null,gabors,20.0,null,4.0,0.25019924,180,-0.25258885,-0.025181496,7,0.088719955,True,2,test,1
812,0.0,287.8456,288.0958,0.8,"[3644.93333333, 3644.93333333]","[20.0, 20.0]",0.08,90.0,-20.0,null,gabors,-20.0,null,4.0,0.25019924,25,-0.014841384,0.056868986,8,0.12511773,True,4,train,2
813,0.0,288.0958,288.34602,0.8,"[3644.93333333, 3644.93333333]","[20.0, 20.0]",0.08,45.0,10.0,null,gabors,-30.0,null,4.0,0.25021326,9,-0.038803113,-0.030694886,7,0.083419986,True,4,train,1
814,0.0,288.34602,288.59623,0.8,"[3644.93333333, 3644.93333333]","[20.0, 20.0]",0.08,45.0,0.0,null,gabors,0.0,null,4.0,0.25021326,191,-0.083196205,0.074141774,8,0.079057643,True,2,test,1
815,0.0,288.59623,288.84644,0.8,"[3644.93333333, 3644.93333333]","[20.0, 20.0]",0.08,45.0,30.0,null,gabors,40.0,null,4.0,0.25021326,126,-0.25762908,0.11785359,7,0.12839614,True,3,train,1
816,0.0,288.84644,289.09666,0.8,"[3644.93333333, 3644.93333333]","[20.0, 20.0]",0.08,45.0,0.0,null,gabors,-30.0,null,4.0,0.25021326,46,-0.35214663,0.10418122,8,0.1020925,True,4,train,1
817,0.0,289.09666,289.34686,0.8,"[3644.93333333, 3644.93333333]","[20.0, 20.0]",0.08,45.0,10.0,null,gabors,0.0,null,4.0,0.25020674,204,-0.36423077,-0.21121652,7,0.1501581,True,3,train,1
818,0.0,289.34686,289.59707,0.8,"[3644.93333333, 3644.93333333]","[20.0, 20.0]",0.08,45.0,40.0,null,gabors,-10.0,null,4.0,0.25020674,171,-0.33075592,-0.072669076,8,0.097912206,True,3,train,1
819,0.0,289.59707,289.84728,0.8,"[3644.93333333, 3644.93333333]","[20.0, 20.0]",0.08,90.0,30.0,null,gabors,-40.0,null,4.0,0.25020674,27,-0.35079734,-0.13135363,7,0.090525832,True,3,train,2
820,0.0,289.84728,290.09748,0.8,"[3644.93333333, 3644.93333333]","[20.0, 20.0]",0.08,45.0,-30.0,null,gabors,40.0,null,4.0,0.25020674,3,-0.35235554,-0.22537112,8,0.12486663,True,4,train,1
821,0.0,290.09748,290.3477,0.8,"[3644.93333333, 3644.93333333]","[20.0, 20.0]",0.08,45.0,-20.0,null,gabors,10.0,null,4.0,0.25021826,218,-0.25913195,-0.24611805,7,0.14467901,True,2,test,1
822,0.0,290.3477,290.59792,0.8,"[3644.93333333, 3644.93333333]","[20.0, 20.0]",0.08,0.0,-40.0,null,gabors,20.0,null,4.0,0.25021826,151,-0.16301135,-0.17644694,8,0.12422933,True,3,train,0
823,0.0,290.59792,290.84814,0.8,"[3644.93333333, 3644.93333333]","[20.0, 20.0]",0.08,90.0,20.0,null,gabors,30.0,null,4.0,0.25021826,10,-0.16815362,0.058450084,7,0.18807242,True,3,train,2
824,0.0,290.84814,291.09836,0.8,"[3644.93333333, 3644.93333333]","[20.0, 20.0]",0.08,0.0,-40.0,null,gabors,-30.0,null,4.0,0.25021826,220,-0.3198363,0.18878478,8,0.099195726,True,2,test,0
825,0.0,291.09836,291.34856,0.8,"[3644.93333333, 3644.93333333]","[20.0, 20.0]",0.08,90.0,0.0,null,gabors,-10.0,null,4.0,0.25019924,7,-0.19308186,0.11228685,7,0.068460122,True,2,test,2
826,0.0,291.34856,291.59876,0.8,"[3644.93333333, 3644.93333333]","[20.0, 20.0]",0.08,0.0,-20.0,null,gabors,20.0,null,4.0,0.25019924,237,-0.23636664,-0.0073260892,8,0.07614023,True,0,train,0
827,0.0,291.59876,291.84895,0.8,"[3644.93333333, 3644.93333333]","[20.0, 20.0]",0.08,0.0,-20.0,null,gabors,-20.0,null,4.0,0.25019924,223,-0.15282536,-0.022868091,7,0.07484092,True,2,test,0
828,0.0,291.84895,292.09915,0.8,"[3644.93333333, 3644.93333333]","[20.0, 20.0]",0.08,90.0,-10.0,null,gabors,10.0,null,4.0,0.25019924,89,-0.40192862,0.096061479,8,0.075466018,True,1,train,2
829,0.0,292.09915,292.34937,0.8,"[3644.93333333, 3644.93333333]","[20.0, 20.0]",0.08,45.0,20.0,null,gabors,30.0,null,4.0,0.25021326,181,-0.33950325,0.17887063,7,0.13423848,True,3,train,1
830,0.0,292.34937,292.59958,0.8,"[3644.93333333, 3644.93333333]","[20.0, 20.0]",0.08,45.0,40.0,null,gabors,40.0,null,4.0,0.25021326,178,-0.57170694,0.20046747,8,0.072041749,True,3,train,1
831,0.0,292.59958,292.84979,0.8,"[3644.93333333, 3644.93333333]","[20.0, 20.0]",0.08,90.0,10.0,null,gabors,20.0,null,4.0,0.25021326,68,-0.3497436,0.24779018,7,0.13433775,True,2,test,2
832,0.0,292.84979,293.10001,0.8,"[3644.93333333, 3644.93333333]","[20.0, 20.0]",0.08,90.0,-40.0,null,gabors,0.0,null,4.0,0.25021326,4,-0.57820679,0.5197536,8,0.18961913,True,7,train,2
833,0.0,293.10001,293.35021,0.8,"[3644.93333333, 3644.93333333]","[20.0, 20.0]",0.08,90.0,10.0,null,gabors,0.0,null,4.0,0.25020424,17,-0.43679041,0.4314784,7,0.086106559,True,3,train,2
834,0.0,293.35021,293.60042,0.8,"[3644.93333333, 3644.93333333]","[20.0, 20.0]",0.08,45.0,-10.0,null,gabors,10.0,null,4.0,0.25020424,199,-0.38086917,0.3269737,8,0.088103364,True,5,test,1
835,0.0,293.60042,293.85062,0.8,"[3644.93333333, 3644.93333333]","[20.0, 20.0]",0.08,45.0,-10.0,null,gabors,-10.0,null,4.0,0.25020424,170,-0.36847872,0.2962999,7,0.067331021,True,3,train,1
836,0.0,293.85062,294.10082,0.8,"[3644.93333333, 3644.93333333]","[20.0, 20.0]",0.08,45.0,40.0,null,gabors,-10.0,null,4.0,0.25020424,171,-0.37034557,0.31099375,8,0.079548642,True,4,train,1
837,0.0,294.10082,294.35103,0.8,"[3644.93333333, 3644.93333333]","[20.0, 20.0]",0.08,45.0,20.0,null,gabors,30.0,null,4.0,0.25021076,181,-0.26529076,0.38902699,7,0.061782612,True,4,train,1
838,0.0,294.35103,294.60125,0.8,"[3644.93333333, 3644.93333333]","[20.0, 20.0]",0.08,45.0,20.0,null,gabors,10.0,null,4.0,0.25021076,187,-0.29093816,0.70275507,8,0.092378754,True,2,test,1
839,0.0,294.60125,294.85146,0.8,"[3644.93333333, 3644.93333333]","[20.0, 20.0]",0.08,0.0,-10.0,null,gabors,-30.0,null,4.0,0.25021076,164,-0.28243566,0.63390166,7,0.098860102,True,2,test,0
840,0.0,294.85146,295.10167,0.8,"[3644.93333333, 3644.93333333]","[20.0, 20.0]",0.08,45.0,-10.0,null,gabors,0.0,null,4.0,0.25021076,88,-0.26695339,0.66625333,8,0.11955088,True,2,test,1
841,0.0,295.10167,295.35187,0.8,"[3644.93333333, 3644.93333333]","[20.0, 20.0]",0.08,90.0,40.0,null,gabors,10.0,null,4.0,0.25020424,52,-0.22219666,0.62636017,7,0.114354,True,6,train,2
842,0.0,295.35187,295.60208,0.8,"[3644.93333333, 3644.93333333]","[20.0, 20.0]",0.08,45.0,20.0,null,gabors,-30.0,null,4.0,0.25020424,172,-0.26296065,0.39898809,8,0.17163082,True,4,train,1
843,0.0,295.60208,295.85228,0.8,"[3644.93333333, 3644.93333333]","[20.0, 20.0]",0.08,0.0,0.0,null,gabors,10.0,null,4.0,0.25020424,58,-0.24375272,0.2644416,7,0.12457983,True,2,test,0
844,0.0,295.85228,296.10248,0.8,"[3644.93333333, 3644.93333333]","[20.0, 20.0]",0.08,90.0,40.0,null,gabors,0.0,null,4.0,0.25020424,183,-0.21616229,0.15186625,8,0.13687039,True,2,test,2
845,0.0,296.10248,296.35271,0.8,"[3644.93333333, 3644.93333333]","[20.0, 20.0]",0.08,90.0,0.0,null,gabors,0.0,null,4.0,0.25022576,66,-0.073802576,0.30969711,7,0.1275718,True,3,train,2
846,0.0,296.35271,296.60294,0.8,"[3644.93333333, 3644.93333333]","[20.0, 20.0]",0.08,90.0,-40.0,null,gabors,-10.0,null,4.0,0.25022576,22,0.038065487,0.27250735,8,0.085283296,True,6,train,2
847,0.0,296.60294,296.85316,0.8,"[3644.93333333, 3644.93333333]","[20.0, 20.0]",0.08,45.0,-20.0,null,gabors,-40.0,null,4.0,0.25022576,45,-0.18220593,0.57371809,7,0.16473607,True,4,train,1
848,0.0,296.85316,297.10339,0.8,"[3644.93333333, 3644.93333333]","[20.0, 20.0]",0.08,90.0,0.0,null,gabors,-30.0,null,4.0,0.25022576,74,-0.15899772,0.27970265,8,0.22754496,True,3,train,2
849,0.0,297.10339,297.35358,0.8,"[3644.93333333, 3644.93333333]","[20.0, 20.0]",0.08,90.0,-20.0,null,gabors,10.0,null,4.0,0.25019674,100,0.075156989,0.39261019,7,0.27328319,True,2,test,2
850,0.0,297.35358,297.60378,0.8,"[3644.93333333, 3644.93333333]","[20.0, 20.0]",0.08,0.0,-40.0,null,gabors,10.0,null,4.0,0.25019674,15,-0.026705856,0.24756817,8,0.23888644,True,3,train,0
851,0.0,297.60378,297.85398,0.8,"[3644.93333333, 3644.93333333]","[20.0, 20.0]",0.08,45.0,-10.0,null,gabors,-30.0,null,4.0,0.25019674,184,0.160573,0.22821349,6,1.5111001,True,2,test,1
852,0.0,297.85398,298.10417,0.8,"[3644.93333333, 3644.93333333]","[20.0, 20.0]",0.08,0.0,30.0,null,gabors,-10.0,null,4.0,0.25019674,65,-0.056786919,1.8403737,8,0.24538458,True,6,train,0
853,0.0,298.10417,298.35438,0.8,"[3644.93333333, 3644.93333333]","[20.0, 20.0]",0.08,90.0,-20.0,null,gabors,-30.0,null,4.0,0.25021076,162,-0.22081798,1.4459981,7,0.073415782,True,2,test,2
854,0.0,298.35438,298.6046,0.8,"[3644.93333333, 3644.93333333]","[20.0, 20.0]",0.08,45.0,-10.0,null,gabors,-40.0,null,4.0,0.25021076,238,0.51029523,5.1362797,8,2.264366,True,0,train,1
855,0.0,298.6046,298.85481,0.8,"[3644.93333333, 3644.93333333]","[20.0, 20.0]",0.08,0.0,-40.0,null,gabors,-30.0,null,4.0,0.25021076,220,0.37393213,4.3890644,7,0.370161,True,3,train,0
856,0.0,298.85481,299.10502,0.8,"[3644.93333333, 3644.93333333]","[20.0, 20.0]",0.08,90.0,20.0,null,gabors,-30.0,null,4.0,0.25021076,231,0.37747387,3.7301522,8,0.14700123,True,1,train,2
857,0.0,299.10502,299.35522,0.8,"[3644.93333333, 3644.93333333]","[20.0, 20.0]",0.08,45.0,30.0,null,gabors,-20.0,null,4.0,0.25020674,107,0.11500621,3.552624,7,0.23464483,True,2,test,1
858,0.0,299.35522,299.60543,0.8,"[3644.93333333, 3644.93333333]","[20.0, 20.0]",0.08,90.0,-40.0,null,gabors,10.0,null,4.0,0.25020674,57,0.17522645,3.3470059,8,0.1254233,True,3,train,2
859,0.0,299.60543,299.85564,0.8,"[3644.93333333, 3644.93333333]","[20.0, 20.0]",0.08,0.0,0.0,null,gabors,-40.0,null,4.0,0.25020674,239,0.024354075,3.1827909,7,0.16164271,True,0,train,0
860,0.0,299.85564,300.10584,0.8,"[3644.93333333, 3644.93333333]","[20.0, 20.0]",0.08,45.0,-30.0,null,gabors,20.0,null,4.0,0.25020674,190,0.40814233,2.9521614,8,0.22293587,True,5,test,1
861,0.0,300.10584,300.35605,0.8,"[3644.93333333, 3644.93333333]","[20.0, 20.0]",0.08,0.0,-30.0,null,gabors,-20.0,null,4.0,0.25020826,106,0.28334088,2.9525658,7,0.13271799,True,5,test,0
862,0.0,300.35605,300.60626,0.8,"[3644.93333333, 3644.93333333]","[20.0, 20.0]",0.08,90.0,0.0,null,gabors,40.0,null,4.0,0.25020826,19,0.35859813,2.6601363,8,0.12573338,True,5,test,2
863,0.0,300.60626,300.85647,0.8,"[3644.93333333, 3644.93333333]","[20.0, 20.0]",0.08,45.0,30.0,null,gabors,-10.0,null,4.0,0.25020826,240,0.34095256,2.9622089,7,3.0623645,True,0,train,1
864,0.0,300.85647,301.10668,0.8,"[3644.93333333, 3644.93333333]","[20.0, 20.0]",0.08,45.0,-30.0,null,gabors,0.0,null,4.0,0.25020826,179,1.5167238,9.7829763,8,0.4124317,True,3,train,1
865,0.0,301.10668,301.35689,0.8,"[3644.93333333, 3644.93333333]","[20.0, 20.0]",0.08,90.0,0.0,null,gabors,0.0,null,4.0,0.25021174,66,1.6169781,9.580656,7,0.2194996,True,4,train,2
866,0.0,301.35689,301.6071,0.8,"[3644.93333333, 3644.93333333]","[20.0, 20.0]",0.08,90.0,0.0,null,gabors,10.0,null,4.0,0.25021174,161,1.4197502,9.1437836,8,0.22223252,True,3,train,2
867,0.0,301.6071,301.85731,0.8,"[3644.93333333, 3644.93333333]","[20.0, 20.0]",0.08,90.0,-10.0,null,gabors,-20.0,null,4.0,0.25021174,241,1.5048005,9.3114811,7,0.096437289,True,0,train,2
868,0.0,301.85731,302.10752,0.8,"[3644.93333333, 3644.93333333]","[20.0, 20.0]",0.08,0.0,30.0,null,gabors,-20.0,null,4.0,0.25021174,176,1.5618328,9.0896999,8,0.15894473,True,3,train,0
869,0.0,302.10752,302.35773,0.8,"[3644.93333333, 3644.93333333]","[20.0, 20.0]",0.08,0.0,20.0,null,gabors,0.0,null,4.0,0.25021076,148,1.4878472,8.9560881,7,0.095868505,True,2,test,0
870,0.0,302.35773,302.60795,0.8,"[3644.93333333, 3644.93333333]","[20.0, 20.0]",0.08,90.0,-10.0,null,gabors,-30.0,null,4.0,0.25021076,101,1.3849003,8.7837824,7,0.16201325,True,2,test,2
871,0.0,302.60795,302.85816,0.8,"[3644.93333333, 3644.93333333]","[20.0, 20.0]",0.08,90.0,20.0,null,gabors,-40.0,null,4.0,0.25021076,149,1.0410646,8.6290047,7,0.19224897,True,5,test,2
872,0.0,302.85816,303.10837,0.8,"[3644.93333333, 3644.93333333]","[20.0, 20.0]",0.08,0.0,0.0,null,gabors,10.0,null,4.0,0.25021076,58,0.98009261,8.5786642,7,0.21875518,True,3,train,0
873,0.0,303.10837,303.35857,0.8,"[3644.93333333, 3644.93333333]","[20.0, 20.0]",0.08,90.0,-20.0,null,gabors,20.0,null,4.0,0.25020674,18,1.0579648,8.4355126,8,0.1596603,True,3,train,2
874,0.0,303.35857,303.60878,0.8,"[3644.93333333, 3644.93333333]","[20.0, 20.0]",0.08,0.0,10.0,null,gabors,40.0,null,4.0,0.25020674,133,1.1390678,8.3791912,7,0.23581679,True,3,train,0
875,0.0,303.60878,303.85899,0.8,"[3644.93333333, 3644.93333333]","[20.0, 20.0]",0.08,0.0,30.0,null,gabors,-20.0,null,4.0,0.25020674,176,0.96818603,8.2305798,8,0.25163792,True,4,train,0
876,0.0,303.85899,304.10919,0.8,"[3644.93333333, 3644.93333333]","[20.0, 20.0]",0.08,45.0,-20.0,null,gabors,-10.0,null,4.0,0.25020674,152,0.97715909,8.2459354,7,0.15211228,True,1,train,1
877,0.0,304.10919,304.3594,0.8,"[3644.93333333, 3644.93333333]","[20.0, 20.0]",0.08,45.0,-30.0,null,gabors,-20.0,null,4.0,0.25021076,205,0.11064443,2.5935049,8,2.6355707,True,3,train,1
878,0.0,304.3594,304.60962,0.8,"[3644.93333333, 3644.93333333]","[20.0, 20.0]",0.08,90.0,30.0,null,gabors,0.0,null,4.0,0.25021076,37,-0.058662715,2.0949758,7,0.15356705,True,4,train,2
879,0.0,304.60962,304.85983,0.8,"[3644.93333333, 3644.93333333]","[20.0, 20.0]",0.08,0.0,20.0,null,gabors,-20.0,null,4.0,0.25021076,132,-0.28319786,1.8590184,8,0.16713924,True,3,train,0
880,0.0,304.85983,305.11004,0.8,"[3644.93333333, 3644.93333333]","[20.0, 20.0]",0.08,90.0,10.0,null,gabors,-40.0,null,4.0,0.25021076,117,-0.37854772,1.8506899,7,0.31371292,True,5,test,2
881,0.0,305.11004,305.36024,0.8,"[3644.93333333, 3644.93333333]","[20.0, 20.0]",0.08,90.0,-10.0,null,gabors,20.0,null,4.0,0.25020424,1,-0.40709648,1.5013453,8,0.1207014,True,5,test,2
882,0.0,305.36024,305.61045,0.8,"[3644.93333333, 3644.93333333]","[20.0, 20.0]",0.08,90.0,30.0,null,gabors,40.0,null,4.0,0.25020424,142,-0.4450539,1.4560858,7,0.16507602,True,5,test,2
883,0.0,305.61045,305.86065,0.8,"[3644.93333333, 3644.93333333]","[20.0, 20.0]",0.08,0.0,-40.0,null,gabors,-20.0,null,4.0,0.25020424,95,-0.50557569,1.2310162,8,0.10080128,True,3,train,0
884,0.0,305.86065,306.11085,0.8,"[3644.93333333, 3644.93333333]","[20.0, 20.0]",0.08,0.0,-40.0,null,gabors,-40.0,null,4.0,0.25020424,69,-0.52687865,1.2634163,7,0.088460391,True,4,train,0
885,0.0,306.11085,306.36107,0.8,"[3644.93333333, 3644.93333333]","[20.0, 20.0]",0.08,0.0,20.0,null,gabors,-40.0,null,4.0,0.25021826,135,-0.62189677,0.92597612,8,0.21228265,True,3,train,0
886,0.0,306.36107,306.61129,0.8,"[3644.93333333, 3644.93333333]","[20.0, 20.0]",0.08,45.0,-20.0,null,gabors,0.0,null,4.0,0.25021826,165,-0.59001307,0.70118644,7,0.17990337,True,1,train,1
887,0.0,306.61129,306.86151,0.8,"[3644.93333333, 3644.93333333]","[20.0, 20.0]",0.08,90.0,20.0,null,gabors,30.0,null,4.0,0.25021826,10,-0.56197857,0.7252261,8,0.14741266,True,4,train,2
888,0.0,306.86151,307.11173,0.8,"[3644.93333333, 3644.93333333]","[20.0, 20.0]",0.08,90.0,-30.0,null,gabors,-20.0,null,4.0,0.25021826,44,-0.50675377,0.87851477,7,0.11662157,True,4,train,2
889,0.0,307.11173,307.36193,0.8,"[3644.93333333, 3644.93333333]","[20.0, 20.0]",0.08,0.0,10.0,null,gabors,20.0,null,4.0,0.25020424,145,-0.48626123,0.82387993,8,0.14307627,True,4,train,0
890,0.0,307.36193,307.61214,0.8,"[3644.93333333, 3644.93333333]","[20.0, 20.0]",0.08,45.0,10.0,null,gabors,40.0,null,4.0,0.25020424,235,-0.41597762,0.78236834,7,0.15108468,True,1,train,1
891,0.0,307.61214,307.86234,0.8,"[3644.93333333, 3644.93333333]","[20.0, 20.0]",0.08,0.0,-30.0,null,gabors,-30.0,null,4.0,0.25020424,73,-0.32542412,0.73476584,8,0.16013824,True,5,test,0
892,0.0,307.86234,308.11254,0.8,"[3644.93333333, 3644.93333333]","[20.0, 20.0]",0.08,0.0,0.0,null,gabors,20.0,null,4.0,0.25020424,192,-0.52332534,0.87989518,7,0.15658752,True,2,test,0
893,0.0,308.11254,308.36275,0.8,"[3644.93333333, 3644.93333333]","[20.0, 20.0]",0.08,0.0,30.0,null,gabors,-40.0,null,4.0,0.25021076,200,-0.35863226,0.78246086,8,0.1910733,True,4,train,0
894,0.0,308.36275,308.61297,0.8,"[3644.93333333, 3644.93333333]","[20.0, 20.0]",0.08,45.0,10.0,null,gabors,-20.0,null,4.0,0.25021076,23,-0.23023885,0.65071701,7,0.18688149,True,2,test,1
895,0.0,308.61297,308.86318,0.8,"[3644.93333333, 3644.93333333]","[20.0, 20.0]",0.08,0.0,0.0,null,gabors,-40.0,null,4.0,0.25021076,239,-0.13600044,0.589303,8,0.19779493,True,1,train,0
896,0.0,308.86318,309.11339,0.8,"[3644.93333333, 3644.93333333]","[20.0, 20.0]",0.08,90.0,-40.0,null,gabors,40.0,null,4.0,0.25021076,156,-0.23727492,0.77868681,7,0.12803909,True,2,test,2
897,0.0,309.11339,309.36359,0.8,"[3644.93333333, 3644.93333333]","[20.0, 20.0]",0.08,0.0,-40.0,null,gabors,0.0,null,4.0,0.25020424,70,-0.2679602,0.67227598,8,0.17374224,True,5,test,0
898,0.0,309.36359,309.6138,0.8,"[3644.93333333, 3644.93333333]","[20.0, 20.0]",0.08,90.0,30.0,null,gabors,0.0,null,4.0,0.25020424,37,-0.20597971,0.44424006,7,0.12873736,True,5,test,2
899,0.0,309.6138,309.864,0.8,"[3644.93333333, 3644.93333333]","[20.0, 20.0]",0.08,45.0,-20.0,null,gabors,-40.0,null,4.0,0.25020424,45,-0.11933064,0.46536831,8,0.21815318,True,5,test,1
900,0.0,309.864,310.1142,0.8,"[3644.93333333, 3644.93333333]","[20.0, 20.0]",0.08,90.0,-30.0,null,gabors,20.0,null,4.0,0.25020424,173,-0.055632928,0.49575094,7,0.20532112,True,3,train,2
901,0.0,310.1142,310.36442,0.8,"[3644.93333333, 3644.93333333]","[20.0, 20.0]",0.08,45.0,-10.0,null,gabors,30.0,null,4.0,0.25021826,175,-0.56952934,-1.433704,8,0.88179321,True,3,train,1
902,0.0,310.36442,310.61464,0.8,"[3644.93333333, 3644.93333333]","[20.0, 20.0]",0.08,90.0,20.0,null,gabors,-40.0,null,4.0,0.25021826,149,-0.58424057,-1.4519242,7,0.16884828,True,6,train,2
903,0.0,310.61464,310.86486,0.8,"[3644.93333333, 3644.93333333]","[20.0, 20.0]",0.08,90.0,-30.0,null,gabors,20.0,null,4.0,0.25021826,173,-0.78078163,-1.5808965,5,1.3433593,True,4,train,2
904,0.0,310.86486,311.11508,0.8,"[3644.93333333, 3644.93333333]","[20.0, 20.0]",0.08,45.0,10.0,null,gabors,0.0,null,4.0,0.25021826,204,0.15393399,-7.7587409,5,0.27321527,True,4,train,1
905,0.0,311.11508,311.36528,0.8,"[3644.93333333, 3644.93333333]","[20.0, 20.0]",0.08,45.0,-40.0,null,gabors,-10.0,null,4.0,0.25020424,118,-0.11439997,-7.7846595,8,0.25135926,True,3,train,1
906,0.0,311.36528,311.61549,0.8,"[3644.93333333, 3644.93333333]","[20.0, 20.0]",0.08,45.0,30.0,null,gabors,-10.0,null,4.0,0.25020424,240,-0.14897973,-0.89159073,7,2.4295331,True,1,train,1
907,0.0,311.61549,311.86569,0.8,"[3644.93333333, 3644.93333333]","[20.0, 20.0]",0.08,45.0,30.0,null,gabors,-10.0,null,4.0,0.25020424,240,-0.24885949,-1.4985064,8,0.29923352,True,2,test,1
908,0.0,311.86569,312.11589,0.8,"[3644.93333333, 3644.93333333]","[20.0, 20.0]",0.08,45.0,20.0,null,gabors,40.0,null,4.0,0.25020424,93,-0.28226438,-1.9456028,7,0.15310327,True,2,test,1
909,0.0,312.11589,312.3661,0.8,"[3644.93333333, 3644.93333333]","[20.0, 20.0]",0.08,0.0,40.0,null,gabors,-20.0,null,4.0,0.25020326,78,-0.5137721,-2.0511032,8,0.17644985,True,5,test,0
910,0.0,312.3661,312.6163,0.8,"[3644.93333333, 3644.93333333]","[20.0, 20.0]",0.08,0.0,-40.0,null,gabors,0.0,null,4.0,0.25020326,70,-0.58976477,-1.971673,7,0.14685626,True,6,train,0
911,0.0,312.6163,312.8665,0.8,"[3644.93333333, 3644.93333333]","[20.0, 20.0]",0.08,0.0,20.0,null,gabors,20.0,null,4.0,0.25020326,196,-0.41116532,-2.0743672,8,0.14949017,True,5,test,0
912,0.0,312.8665,313.11671,0.8,"[3644.93333333, 3644.93333333]","[20.0, 20.0]",0.08,90.0,-20.0,null,gabors,20.0,null,4.0,0.25020326,18,-0.44229272,-2.1008718,7,0.16730195,True,4,train,2
913,0.0,313.11671,313.36692,0.8,"[3644.93333333, 3644.93333333]","[20.0, 20.0]",0.08,45.0,40.0,null,gabors,10.0,null,4.0,0.25021174,150,-0.46468511,-2.0266343,8,0.20577561,True,3,train,1
914,0.0,313.36692,313.61713,0.8,"[3644.93333333, 3644.93333333]","[20.0, 20.0]",0.08,90.0,30.0,null,gabors,-30.0,null,4.0,0.25021174,234,-0.52988408,-2.0676708,7,0.14205433,True,3,train,2
915,0.0,313.61713,313.86734,0.8,"[3644.93333333, 3644.93333333]","[20.0, 20.0]",0.08,0.0,20.0,null,gabors,10.0,null,4.0,0.25021174,207,-0.56212687,-2.1209833,8,0.14048196,True,4,train,0
916,0.0,313.86734,314.11755,0.8,"[3644.93333333, 3644.93333333]","[20.0, 20.0]",0.08,0.0,-10.0,null,gabors,30.0,null,4.0,0.25021174,219,-0.64592568,-2.1011622,7,0.20707429,True,2,test,0
917,0.0,314.11755,314.36777,0.8,"[3644.93333333, 3644.93333333]","[20.0, 20.0]",0.08,90.0,-30.0,null,gabors,10.0,null,4.0,0.25021826,111,-0.74703135,-2.0446675,8,0.14726984,True,3,train,2
918,0.0,314.36777,314.61799,0.8,"[3644.93333333, 3644.93333333]","[20.0, 20.0]",0.08,45.0,10.0,null,gabors,10.0,null,4.0,0.25021826,144,-0.70740608,-2.1285466,7,0.095213347,True,4,train,1
919,0.0,314.61799,314.86821,0.8,"[3644.93333333, 3644.93333333]","[20.0, 20.0]",0.08,0.0,10.0,null,gabors,-20.0,null,4.0,0.25021826,35,-0.72856847,-2.197491,8,0.11432801,True,3,train,0
920,0.0,314.86821,315.11843,0.8,"[3644.93333333, 3644.93333333]","[20.0, 20.0]",0.08,0.0,20.0,null,gabors,40.0,null,4.0,0.25021826,72,-0.50851987,-2.2306464,7,0.14654271,True,3,train,0
921,0.0,315.11843,315.36863,0.8,"[3644.93333333, 3644.93333333]","[20.0, 20.0]",0.08,0.0,10.0,null,gabors,10.0,null,4.0,0.25019924,119,-0.45247586,-2.4192073,8,0.22016453,True,5,test,0
922,0.0,315.36863,315.61883,0.8,"[3644.93333333, 3644.93333333]","[20.0, 20.0]",0.08,0.0,-40.0,null,gabors,40.0,null,4.0,0.25019924,141,-0.23524724,-2.5190896,7,0.16002493,True,3,train,0
923,0.0,315.61883,315.86902,0.8,"[3644.93333333, 3644.93333333]","[20.0, 20.0]",0.08,45.0,10.0,null,gabors,0.0,null,4.0,0.25019924,204,-0.57679433,-2.2025648,8,0.24261751,True,5,test,1
924,0.0,315.86902,316.11922,0.8,"[3644.93333333, 3644.93333333]","[20.0, 20.0]",0.08,45.0,40.0,null,gabors,-10.0,null,4.0,0.25019924,171,-0.4756645,-2.3066581,7,0.19707384,True,5,test,1
925,0.0,316.11922,316.36944,0.8,"[3644.93333333, 3644.93333333]","[20.0, 20.0]",0.08,0.0,10.0,null,gabors,-10.0,null,4.0,0.25021576,182,-0.43558388,-2.4356353,8,1.4011794,True,5,test,0
926,0.0,316.36944,316.61966,0.8,"[3644.93333333, 3644.93333333]","[20.0, 20.0]",0.08,0.0,0.0,null,gabors,-40.0,null,4.0,0.25021576,239,-0.32732106,-5.3752718,7,0.25757179,True,2,test,0
927,0.0,316.61966,316.86987,0.8,"[3644.93333333, 3644.93333333]","[20.0, 20.0]",0.08,90.0,-30.0,null,gabors,20.0,null,4.0,0.25021576,173,-0.36911628,-5.5818222,8,2.9109706,True,5,test,2
928,0.0,316.86987,317.12009,0.8,"[3644.93333333, 3644.93333333]","[20.0, 20.0]",0.08,45.0,40.0,null,gabors,-30.0,null,4.0,0.25021576,108,0.75181848,2.4105442,7,0.16278987,True,2,test,1
929,0.0,317.12009,317.37029,0.8,"[3644.93333333, 3644.93333333]","[20.0, 20.0]",0.08,90.0,-40.0,null,gabors,30.0,null,4.0,0.25020424,120,0.6796736,2.143949,8,0.23262367,True,3,train,2
930,0.0,317.37029,317.6205,0.8,"[3644.93333333, 3644.93333333]","[20.0, 20.0]",0.08,45.0,-40.0,null,gabors,20.0,null,4.0,0.25020424,96,0.55758487,1.9368171,7,0.16147165,True,3,train,1
931,0.0,317.6205,317.8707,0.8,"[3644.93333333, 3644.93333333]","[20.0, 20.0]",0.08,90.0,20.0,null,gabors,10.0,null,4.0,0.25020424,129,0.54705894,1.9236391,8,0.21817628,True,4,train,2
932,0.0,317.8707,318.1209,0.8,"[3644.93333333, 3644.93333333]","[20.0, 20.0]",0.08,45.0,-40.0,null,gabors,10.0,null,4.0,0.25020424,50,0.64144661,1.7745008,7,0.17757122,True,4,train,1
933,0.0,318.1209,318.37112,0.8,"[3644.93333333, 3644.93333333]","[20.0, 20.0]",0.08,90.0,-30.0,null,gabors,30.0,null,4.0,0.25022076,194,0.36528321,1.7372482,8,0.18368598,True,2,test,2
934,0.0,318.37112,318.62135,0.8,"[3644.93333333, 3644.93333333]","[20.0, 20.0]",0.08,0.0,-40.0,null,gabors,20.0,null,4.0,0.25022076,151,0.39968426,1.4452763,7,0.22021237,True,4,train,0
935,0.0,318.62135,318.87157,0.8,"[3644.93333333, 3644.93333333]","[20.0, 20.0]",0.08,90.0,-10.0,null,gabors,10.0,null,4.0,0.25022076,89,0.48822314,1.2376766,8,0.19243198,True,2,test,2
936,0.0,318.87157,319.12179,0.8,"[3644.93333333, 3644.93333333]","[20.0, 20.0]",0.08,90.0,-30.0,null,gabors,0.0,null,4.0,0.25022076,188,0.58077969,1.3596281,7,0.21251602,True,4,train,2
937,0.0,319.12179,319.37198,0.8,"[3644.93333333, 3644.93333333]","[20.0, 20.0]",0.08,45.0,0.0,null,gabors,10.0,null,4.0,0.25019424,38,0.64740306,1.2871955,8,0.18780946,True,4,train,1
938,0.0,319.37198,319.62218,0.8,"[3644.93333333, 3644.93333333]","[20.0, 20.0]",0.08,0.0,0.0,null,gabors,20.0,null,4.0,0.25019424,192,0.96810262,1.047945,7,0.14287893,True,3,train,0
939,0.0,319.62218,319.87237,0.8,"[3644.93333333, 3644.93333333]","[20.0, 20.0]",0.08,45.0,40.0,null,gabors,20.0,null,4.0,0.25019424,180,0.98308806,1.0216901,8,0.17661353,True,3,train,1
940,0.0,319.87237,320.12256,0.8,"[3644.93333333, 3644.93333333]","[20.0, 20.0]",0.08,45.0,20.0,null,gabors,-40.0,null,4.0,0.25019424,109,0.91314421,0.97176237,7,0.13141055,True,3,train,1
941,0.0,320.12256,320.37278,0.8,"[3644.93333333, 3644.93333333]","[20.0, 20.0]",0.08,45.0,-10.0,null,gabors,-30.0,null,4.0,0.25021826,184,0.72006176,0.72069171,8,2.4009971,True,3,train,1
942,0.0,320.37278,320.623,0.8,"[3644.93333333, 3644.93333333]","[20.0, 20.0]",0.08,0.0,0.0,null,gabors,-10.0,null,4.0,0.25021826,160,0.16131683,-4.2799692,7,0.15858198,True,1,train,0
943,0.0,320.623,320.87322,0.8,"[3644.93333333, 3644.93333333]","[20.0, 20.0]",0.08,0.0,10.0,null,gabors,20.0,null,4.0,0.25021826,145,0.12827477,-4.2630093,8,0.2451526,True,5,test,0
944,0.0,320.87322,321.12344,0.8,"[3644.93333333, 3644.93333333]","[20.0, 20.0]",0.08,0.0,40.0,null,gabors,10.0,null,4.0,0.25021826,230,0.096334503,-4.2047294,7,0.19264839,True,1,train,0
945,0.0,321.12344,321.37364,0.8,"[3644.93333333, 3644.93333333]","[20.0, 20.0]",0.08,45.0,-30.0,null,gabors,0.0,null,4.0,0.25020424,179,0.20445783,-4.2526772,8,0.15904219,True,4,train,1
946,0.0,321.37364,321.62385,0.8,"[3644.93333333, 3644.93333333]","[20.0, 20.0]",0.08,45.0,-20.0,null,gabors,20.0,null,4.0,0.25020424,113,0.15667424,-4.2978106,7,1.0835133,True,5,test,1
947,0.0,321.62385,321.87405,0.8,"[3644.93333333, 3644.93333333]","[20.0, 20.0]",0.08,90.0,-30.0,null,gabors,20.0,null,4.0,0.25020424,173,0.43224804,-7.5605764,8,0.23870596,True,6,train,2
948,0.0,321.87405,322.12425,0.8,"[3644.93333333, 3644.93333333]","[20.0, 20.0]",0.08,45.0,10.0,null,gabors,30.0,null,4.0,0.25020424,222,0.39769751,-7.4564611,7,0.17095233,True,3,train,1
949,0.0,322.12425,322.37447,0.8,"[3644.93333333, 3644.93333333]","[20.0, 20.0]",0.08,90.0,40.0,null,gabors,-10.0,null,4.0,0.25021576,51,0.63216393,-7.6429662,7,0.21939753,True,1,train,2
950,0.0,322.37447,322.62469,0.8,"[3644.93333333, 3644.93333333]","[20.0, 20.0]",0.08,90.0,40.0,null,gabors,0.0,null,4.0,0.25021576,183,0.1570543,-7.592427,7,0.24763339,True,3,train,2
951,0.0,322.62469,322.8749,0.8,"[3644.93333333, 3644.93333333]","[20.0, 20.0]",0.08,0.0,40.0,null,gabors,40.0,null,4.0,0.25021576,110,0.36957846,-7.5175798,4,0.18023693,True,1,train,0
952,0.0,322.8749,323.12512,0.8,"[3644.93333333, 3644.93333333]","[20.0, 20.0]",0.08,45.0,30.0,null,gabors,0.0,null,4.0,0.25021576,143,,,1,,False,3,train,1
953,0.0,323.12512,323.37532,0.8,"[3644.93333333, 3644.93333333]","[20.0, 20.0]",0.08,45.0,-20.0,null,gabors,0.0,null,4.0,0.25019924,165,,,1,,False,2,test,1
954,0.0,323.37532,323.62552,0.8,"[3644.93333333, 3644.93333333]","[20.0, 20.0]",0.08,90.0,-10.0,null,gabors,20.0,null,4.0,0.25019924,1,-0.010463905,-7.5353228,5,0.28670335,True,6,train,2
955,0.0,323.62552,323.87571,0.8,"[3644.93333333, 3644.93333333]","[20.0, 20.0]",0.08,45.0,0.0,null,gabors,30.0,null,4.0,0.25019924,64,,,0,,False,2,test,1
956,0.0,323.87571,324.12591,0.8,"[3644.93333333, 3644.93333333]","[20.0, 20.0]",0.08,90.0,-10.0,null,gabors,10.0,null,4.0,0.25019924,89,0.6320134,-7.3204713,7,0.21122726,True,3,train,2
957,0.0,324.12591,324.37613,0.8,"[3644.93333333, 3644.93333333]","[20.0, 20.0]",0.08,90.0,10.0,null,gabors,30.0,null,4.0,0.25022076,229,0.92671288,-7.328517,5,0.20097552,True,2,test,2
958,0.0,324.37613,324.62636,0.8,"[3644.93333333, 3644.93333333]","[20.0, 20.0]",0.08,90.0,10.0,null,gabors,20.0,null,4.0,0.25022076,68,0.75993573,-7.3999586,7,0.21433328,True,3,train,2
959,0.0,324.62636,324.87658,0.8,"[3644.93333333, 3644.93333333]","[20.0, 20.0]",0.08,0.0,-10.0,null,gabors,-40.0,null,4.0,0.25022076,112,0.65910227,-9.2605056,7,0.72484156,True,2,test,0
960,0.0,324.87658,325.1268,0.8,"[3644.93333333, 3644.93333333]","[20.0, 20.0]",0.08,90.0,20.0,null,gabors,0.0,null,4.0,0.25022076,154,0.7523411,-8.9913977,8,0.26157709,True,5,test,2
961,0.0,325.1268,325.37699,0.8,"[3644.93333333, 3644.93333333]","[20.0, 20.0]",0.08,45.0,0.0,null,gabors,-10.0,null,4.0,0.25019424,8,0.52258981,-8.9291112,5,0.14512692,True,4,train,1
962,0.0,325.37699,325.62719,0.8,"[3644.93333333, 3644.93333333]","[20.0, 20.0]",0.08,45.0,-20.0,null,gabors,0.0,null,4.0,0.25019424,165,,,2,,False,3,train,1
963,0.0,325.62719,325.87738,0.8,"[3644.93333333, 3644.93333333]","[20.0, 20.0]",0.08,0.0,40.0,null,gabors,0.0,null,4.0,0.25019424,242,1.2251449,4.2445838,7,0.1324984,True,0,train,0
964,0.0,325.87738,326.12757,0.8,"[3644.93333333, 3644.93333333]","[20.0, 20.0]",0.08,0.0,-10.0,null,gabors,0.0,null,4.0,0.25019424,201,1.071212,3.6640925,8,0.39746442,True,2,test,0
965,0.0,326.12757,326.3778,0.8,"[3644.93333333, 3644.93333333]","[20.0, 20.0]",0.08,45.0,20.0,null,gabors,-40.0,null,4.0,0.25022576,109,1.006911,3.4020347,7,0.12605781,True,4,train,1
966,0.0,326.3778,326.62803,0.8,"[3644.93333333, 3644.93333333]","[20.0, 20.0]",0.08,90.0,-30.0,null,gabors,30.0,null,4.0,0.25022576,194,0.86409241,3.1875994,8,0.20447574,True,3,train,2
967,0.0,326.62803,326.87825,0.8,"[3644.93333333, 3644.93333333]","[20.0, 20.0]",0.08,0.0,20.0,null,gabors,-10.0,null,4.0,0.25022576,213,0.98626078,2.9840466,7,0.21257892,True,3,train,0
968,0.0,326.87825,327.12848,0.8,"[3644.93333333, 3644.93333333]","[20.0, 20.0]",0.08,90.0,-10.0,null,gabors,20.0,null,4.0,0.25022576,1,0.82991706,2.9248785,8,0.18670136,True,7,train,2
969,0.0,327.12848,327.37867,0.8,"[3644.93333333, 3644.93333333]","[20.0, 20.0]",0.08,90.0,-10.0,null,gabors,40.0,null,4.0,0.25019424,29,0.92311501,2.9024082,7,0.20471547,True,2,test,2
970,0.0,327.37867,327.62887,0.8,"[3644.93333333, 3644.93333333]","[20.0, 20.0]",0.08,45.0,0.0,null,gabors,-40.0,null,4.0,0.25019424,105,0.89567891,2.7124186,8,0.13366666,True,3,train,1
971,0.0,327.62887,327.87906,0.8,"[3644.93333333, 3644.93333333]","[20.0, 20.0]",0.08,90.0,-20.0,null,gabors,0.0,null,4.0,0.25019424,121,0.77748273,2.75168,7,0.17943508,True,3,train,2
972,0.0,327.87906,328.12925,0.8,"[3644.93333333, 3644.93333333]","[20.0, 20.0]",0.08,0.0,20.0,null,gabors,30.0,null,4.0,0.25019424,42,0.91456437,2.4846002,8,0.12270943,True,4,train,0
973,0.0,328.12925,328.37947,0.8,"[3644.93333333, 3644.93333333]","[20.0, 20.0]",0.08,0.0,0.0,null,gabors,20.0,null,4.0,0.25021826,192,0.92667468,2.4591303,7,0.17639128,True,4,train,0
974,0.0,328.37947,328.62969,0.8,"[3644.93333333, 3644.93333333]","[20.0, 20.0]",0.08,0.0,-10.0,null,gabors,-10.0,null,4.0,0.25021826,136,0.837265,2.4087411,8,0.17072444,True,6,train,0
975,0.0,328.62969,328.87991,0.8,"[3644.93333333, 3644.93333333]","[20.0, 20.0]",0.08,0.0,-20.0,null,gabors,-40.0,null,4.0,0.25021826,123,0.85808625,2.3786136,7,0.15613382,True,4,train,0
976,0.0,328.87991,329.13013,0.8,"[3644.93333333, 3644.93333333]","[20.0, 20.0]",0.08,90.0,30.0,null,gabors,0.0,null,4.0,0.25021826,37,0.75918253,2.3615282,8,0.18015477,True,6,train,2
977,0.0,329.13013,329.38033,0.8,"[3644.93333333, 3644.93333333]","[20.0, 20.0]",0.08,45.0,30.0,null,gabors,-20.0,null,4.0,0.25020174,107,0.80557699,2.3020713,7,0.16795403,True,3,train,1
978,0.0,329.38033,329.63053,0.8,"[3644.93333333, 3644.93333333]","[20.0, 20.0]",0.08,45.0,0.0,null,gabors,-10.0,null,4.0,0.25020174,8,0.74742758,2.3145156,8,0.14264222,True,5,test,1
979,0.0,329.63053,329.88073,0.8,"[3644.93333333, 3644.93333333]","[20.0, 20.0]",0.08,0.0,-10.0,null,gabors,10.0,null,4.0,0.25020174,114,0.95988548,2.362397,7,0.22183563,True,4,train,0
980,0.0,329.88073,330.13093,0.8,"[3644.93333333, 3644.93333333]","[20.0, 20.0]",0.08,0.0,-20.0,null,gabors,-20.0,null,4.0,0.25020174,223,0.92600063,2.2029673,8,0.15187832,True,3,train,0
981,0.0,330.13093,330.38115,0.8,"[3644.93333333, 3644.93333333]","[20.0, 20.0]",0.08,90.0,-10.0,null,gabors,0.0,null,4.0,0.25021826,227,1.0551659,2.2613705,7,0.1539117,True,2,test,2
982,0.0,330.38115,330.63137,0.8,"[3644.93333333, 3644.93333333]","[20.0, 20.0]",0.08,0.0,0.0,null,gabors,-40.0,null,4.0,0.25021826,239,0.8962401,2.3154553,8,0.18796944,True,3,train,0
983,0.0,330.63137,330.88159,0.8,"[3644.93333333, 3644.93333333]","[20.0, 20.0]",0.08,90.0,20.0,null,gabors,40.0,null,4.0,0.25021826,79,1.0796991,2.2834019,7,0.088167306,True,4,train,2
984,0.0,330.88159,331.13181,0.8,"[3644.93333333, 3644.93333333]","[20.0, 20.0]",0.08,0.0,0.0,null,gabors,-30.0,null,4.0,0.25021826,186,0.95904885,2.3453544,8,0.16098791,True,2,test,0
985,0.0,331.13181,331.38201,0.8,"[3644.93333333, 3644.93333333]","[20.0, 20.0]",0.08,90.0,30.0,null,gabors,-10.0,null,4.0,0.25020174,211,1.0475121,2.2112502,7,0.13063363,True,3,train,2
986,0.0,331.38201,331.63221,0.8,"[3644.93333333, 3644.93333333]","[20.0, 20.0]",0.08,45.0,30.0,null,gabors,-40.0,null,4.0,0.25020174,36,1.0329283,2.1586016,8,0.23498662,True,1,train,1
987,0.0,331.63221,331.88241,0.8,"[3644.93333333, 3644.93333333]","[20.0, 20.0]",0.08,45.0,0.0,null,gabors,0.0,null,4.0,0.25020174,191,0.89015889,2.1899453,7,0.12037968,True,3,train,1
988,0.0,331.88241,332.13261,0.8,"[3644.93333333, 3644.93333333]","[20.0, 20.0]",0.08,0.0,20.0,null,gabors,10.0,null,4.0,0.25020174,207,0.96884256,2.1353581,8,0.18162489,True,5,test,0
989,0.0,332.13261,332.38282,0.8,"[3644.93333333, 3644.93333333]","[20.0, 20.0]",0.08,90.0,40.0,null,gabors,-10.0,null,4.0,0.25021076,51,0.13420696,-2.913412,7,0.55255375,True,2,test,2
990,0.0,332.38282,332.63304,0.8,"[3644.93333333, 3644.93333333]","[20.0, 20.0]",0.08,45.0,-20.0,null,gabors,-20.0,null,4.0,0.25021076,83,0.2239018,-3.1731663,8,0.15547621,True,4,train,1
991,0.0,332.63304,332.88325,0.8,"[3644.93333333, 3644.93333333]","[20.0, 20.0]",0.08,90.0,10.0,null,gabors,20.0,null,4.0,0.25021076,68,0.21988446,-2.9545206,7,0.24167371,True,4,train,2
992,0.0,332.88325,333.13346,0.8,"[3644.93333333, 3644.93333333]","[20.0, 20.0]",0.08,90.0,40.0,null,gabors,-10.0,null,4.0,0.25021076,51,0.24168549,-3.0063629,8,0.19009197,True,3,train,2
993,0.0,333.13346,333.38366,0.8,"[3644.93333333, 3644.93333333]","[20.0, 20.0]",0.08,45.0,-20.0,null,gabors,-10.0,null,4.0,0.25020674,152,0.2907153,-3.1009996,7,0.26843611,True,2,test,1
994,0.0,333.38366,333.63387,0.8,"[3644.93333333, 3644.93333333]","[20.0, 20.0]",0.08,45.0,10.0,null,gabors,30.0,null,4.0,0.25020674,222,0.23037324,-3.0560294,8,0.14859484,True,4,train,1
995,0.0,333.63387,333.88408,0.8,"[3644.93333333, 3644.93333333]","[20.0, 20.0]",0.08,45.0,10.0,null,gabors,0.0,null,4.0,0.25020674,204,0.061859933,-3.1029916,7,0.17760566,True,6,train,1
996,0.0,333.88408,334.13428,0.8,"[3644.93333333, 3644.93333333]","[20.0, 20.0]",0.08,90.0,20.0,null,gabors,30.0,null,4.0,0.25020674,10,0.2310523,-3.1479488,8,0.11964641,True,5,test,2
997,0.0,334.13428,334.3845,0.8,"[3644.93333333, 3644.93333333]","[20.0, 20.0]",0.08,45.0,-30.0,null,gabors,-10.0,null,4.0,0.25021576,41,0.31250045,-3.0610042,7,0.94611939,True,3,train,1
998,0.0,334.3845,334.63472,0.8,"[3644.93333333, 3644.93333333]","[20.0, 20.0]",0.08,0.0,-20.0,null,gabors,30.0,null,4.0,0.25021576,11,0.36789748,-7.1576812,8,0.27967643,True,2,test,0
999,0.0,334.63472,334.88493,0.8,"[3644.93333333, 3644.93333333]","[20.0, 20.0]",0.08,45.0,-30.0,null,gabors,-10.0,null,4.0,0.25021576,41,0.32745864,-7.2486989,7,0.15343251,True,4,train,1
1000,0.0,334.88493,335.13515,0.8,"[3644.93333333, 3644.93333333]","[20.0, 20.0]",0.08,0.0,0.0,null,gabors,20.0,null,4.0,0.25021576,192,0.35567677,-7.2971358,8,0.33353867,True,5,test,0
1001,0.0,335.13515,335.38535,0.8,"[3644.93333333, 3644.93333333]","[20.0, 20.0]",0.08,45.0,40.0,null,gabors,10.0,null,4.0,0.25020174,150,0.17421183,-6.8776147,7,0.13986208,True,4,train,1
1002,0.0,335.38535,335.63555,0.8,"[3644.93333333, 3644.93333333]","[20.0, 20.0]",0.08,0.0,0.0,null,gabors,10.0,null,4.0,0.25020174,58,0.25514658,-6.9943478,8,0.14573416,True,4,train,0
1003,0.0,335.63555,335.88575,0.8,"[3644.93333333, 3644.93333333]","[20.0, 20.0]",0.08,90.0,10.0,null,gabors,40.0,null,4.0,0.25020174,225,0.25765966,-7.1898944,7,0.17377125,True,3,train,2
1004,0.0,335.88575,336.13595,0.8,"[3644.93333333, 3644.93333333]","[20.0, 20.0]",0.08,0.0,-20.0,null,gabors,0.0,null,4.0,0.25020174,226,0.24885797,-6.9057368,8,0.3016843,True,2,test,0
1005,0.0,336.13595,336.38617,0.8,"[3644.93333333, 3644.93333333]","[20.0, 20.0]",0.08,90.0,-20.0,null,gabors,-40.0,null,4.0,0.25021826,34,0.10989902,-6.5663078,7,0.1970848,True,6,train,2
1006,0.0,336.38617,336.63639,0.8,"[3644.93333333, 3644.93333333]","[20.0, 20.0]",0.08,45.0,-20.0,null,gabors,0.0,null,4.0,0.25021826,165,0.11503616,-6.8125322,8,0.25793935,True,4,train,1
1007,0.0,336.63639,336.88661,0.8,"[3644.93333333, 3644.93333333]","[20.0, 20.0]",0.08,45.0,-40.0,null,gabors,0.0,null,4.0,0.25021826,168,0.0029452428,-6.7298562,7,0.20377988,True,2,test,1
1008,0.0,336.88661,337.13683,0.8,"[3644.93333333, 3644.93333333]","[20.0, 20.0]",0.08,0.0,-40.0,null,gabors,20.0,null,4.0,0.25021826,151,0.18578125,-7.0176481,8,0.31000792,True,5,test,0
1009,0.0,337.13683,337.38703,0.8,"[3644.93333333, 3644.93333333]","[20.0, 20.0]",0.08,0.0,0.0,null,gabors,-20.0,null,4.0,0.25020174,140,-0.22277632,-6.6378586,7,0.11865569,True,3,train,0
1010,0.0,337.38703,337.63723,0.8,"[3644.93333333, 3644.93333333]","[20.0, 20.0]",0.08,45.0,-10.0,null,gabors,-30.0,null,4.0,0.25020174,184,-0.19934496,-6.6015183,8,0.29890411,True,4,train,1
1011,0.0,337.63723,337.88743,0.8,"[3644.93333333, 3644.93333333]","[20.0, 20.0]",0.08,90.0,-10.0,null,gabors,-40.0,null,4.0,0.25020174,198,0.062814688,-6.814286,7,0.22034605,True,3,train,2
1012,0.0,337.88743,338.13763,0.8,"[3644.93333333, 3644.93333333]","[20.0, 20.0]",0.08,45.0,20.0,null,gabors,-20.0,null,4.0,0.25020174,208,-0.11067489,-6.6873603,8,0.20642386,True,3,train,1
1013,0.0,338.13763,338.38785,0.8,"[3644.93333333, 3644.93333333]","[20.0, 20.0]",0.08,45.0,40.0,null,gabors,40.0,null,4.0,0.25021826,178,-0.27526262,-6.7491933,7,0.2430156,True,4,train,1
1014,0.0,338.38785,338.63807,0.8,"[3644.93333333, 3644.93333333]","[20.0, 20.0]",0.08,0.0,20.0,null,gabors,20.0,null,4.0,0.25021826,196,-0.65666783,-6.941617,8,0.1864908,True,6,train,0
1015,0.0,338.63807,338.88829,0.8,"[3644.93333333, 3644.93333333]","[20.0, 20.0]",0.08,90.0,30.0,null,gabors,-20.0,null,4.0,0.25021826,212,-0.55913278,-6.8762149,7,0.11083881,True,3,train,2
1016,0.0,338.88829,339.13851,0.8,"[3644.93333333, 3644.93333333]","[20.0, 20.0]",0.08,45.0,-10.0,null,gabors,40.0,null,4.0,0.25021826,39,-0.32502563,-6.7913853,8,0.31270705,True,4,train,1
1017,0.0,339.13851,339.38871,0.8,"[3644.93333333, 3644.93333333]","[20.0, 20.0]",0.08,45.0,-20.0,null,gabors,0.0,null,4.0,0.25019924,165,-0.14402866,-6.306204,7,0.14825018,True,5,test,1
1018,0.0,339.38871,339.63891,0.8,"[3644.93333333, 3644.93333333]","[20.0, 20.0]",0.08,45.0,0.0,null,gabors,-40.0,null,4.0,0.25019924,105,-0.19626112,-6.4108279,8,0.23906726,True,4,train,1
1019,0.0,339.63891,339.8891,0.8,"[3644.93333333, 3644.93333333]","[20.0, 20.0]",0.08,0.0,-40.0,null,gabors,-30.0,null,4.0,0.25019924,220,-0.20310166,-6.5892203,7,0.06572102,True,4,train,0
1020,0.0,339.8891,340.1393,0.8,"[3644.93333333, 3644.93333333]","[20.0, 20.0]",0.08,45.0,-20.0,null,gabors,0.0,null,4.0,0.25019924,165,-0.096568085,-6.4344743,8,0.17131268,True,6,train,1
1021,0.0,340.1393,340.38951,0.8,"[3644.93333333, 3644.93333333]","[20.0, 20.0]",0.08,45.0,-10.0,null,gabors,-40.0,null,4.0,0.25020326,238,-0.15274689,-6.3957005,7,0.077947897,True,1,train,1
1022,0.0,340.38951,340.63971,0.8,"[3644.93333333, 3644.93333333]","[20.0, 20.0]",0.08,45.0,-30.0,null,gabors,-20.0,null,4.0,0.25020326,205,-0.22968902,-6.5007306,8,0.15298263,True,4,train,1
1023,0.0,340.63971,340.88991,0.8,"[3644.93333333, 3644.93333333]","[20.0, 20.0]",0.08,90.0,0.0,null,gabors,-30.0,null,4.0,0.25020326,74,-0.21317442,-6.5620745,7,0.10622177,True,4,train,2
1024,0.0,340.88991,341.14012,0.8,"[3644.93333333, 3644.93333333]","[20.0, 20.0]",0.08,0.0,-40.0,null,gabors,30.0,null,4.0,0.25020326,203,-0.29277493,-6.4711502,8,0.12277911,True,2,test,0
1025,0.0,341.14012,341.39033,0.8,"[3644.93333333, 3644.93333333]","[20.0, 20.0]",0.08,90.0,10.0,null,gabors,20.0,null,4.0,0.25021424,68,-0.31616914,-6.2711786,7,0.076035441,True,5,test,2
1026,0.0,341.39033,341.64055,0.8,"[3644.93333333, 3644.93333333]","[20.0, 20.0]",0.08,90.0,-30.0,null,gabors,-20.0,null,4.0,0.25021424,44,-0.29630531,-6.6034563,8,0.171972,True,5,test,2
1027,0.0,341.64055,341.89076,0.8,"[3644.93333333, 3644.93333333]","[20.0, 20.0]",0.08,90.0,40.0,null,gabors,40.0,null,4.0,0.25021424,48,-0.53684449,-6.3536722,7,0.098901129,True,3,train,2
1028,0.0,341.89076,342.14097,0.8,"[3644.93333333, 3644.93333333]","[20.0, 20.0]",0.08,90.0,10.0,null,gabors,-30.0,null,4.0,0.25021424,209,-0.4616725,-6.3033277,7,0.15091133,True,1,train,2
1029,0.0,342.14097,342.39119,0.8,"[3644.93333333, 3644.93333333]","[20.0, 20.0]",0.08,45.0,0.0,null,gabors,30.0,null,4.0,0.25022076,64,-0.54829744,-6.2858146,7,0.21945858,True,3,train,1
1030,0.0,342.39119,342.64142,0.8,"[3644.93333333, 3644.93333333]","[20.0, 20.0]",0.08,45.0,20.0,null,gabors,-30.0,null,4.0,0.25022076,172,-0.18667787,-6.2138597,7,0.19320371,True,5,test,1
1031,0.0,342.64142,342.89164,0.8,"[3644.93333333, 3644.93333333]","[20.0, 20.0]",0.08,90.0,30.0,null,gabors,30.0,null,4.0,0.25022076,115,-0.21761656,-5.9175026,7,0.15872812,True,4,train,2
1032,0.0,342.89164,343.14186,0.8,"[3644.93333333, 3644.93333333]","[20.0, 20.0]",0.08,45.0,30.0,null,gabors,-10.0,null,4.0,0.25022076,240,-0.16657375,-5.9915697,7,0.15808996,True,3,train,1
1033,0.0,343.14186,343.39205,0.8,"[3644.93333333, 3644.93333333]","[20.0, 20.0]",0.08,0.0,-10.0,null,gabors,-20.0,null,4.0,0.25019674,125,0.095509956,-5.9359717,8,0.1447208,True,2,test,0
1034,0.0,343.39205,343.64225,0.8,"[3644.93333333, 3644.93333333]","[20.0, 20.0]",0.08,90.0,-10.0,null,gabors,10.0,null,4.0,0.25019674,89,0.045083783,-5.9132485,7,0.11845351,True,4,train,2
1035,0.0,343.64225,343.89245,0.8,"[3644.93333333, 3644.93333333]","[20.0, 20.0]",0.08,0.0,30.0,null,gabors,0.0,null,4.0,0.25019674,97,0.15766605,-5.8966631,8,0.15638174,True,4,train,0
1036,0.0,343.89245,344.14264,0.8,"[3644.93333333, 3644.93333333]","[20.0, 20.0]",0.08,0.0,0.0,null,gabors,20.0,null,4.0,0.25019674,192,0.014143264,-5.9072975,7,0.36292771,True,6,train,0
1037,0.0,344.14264,344.39286,0.8,"[3644.93333333, 3644.93333333]","[20.0, 20.0]",0.08,90.0,-20.0,null,gabors,30.0,null,4.0,0.25021326,80,0.032531647,-5.8358403,8,0.15172071,True,5,test,2
1038,0.0,344.39286,344.64307,0.8,"[3644.93333333, 3644.93333333]","[20.0, 20.0]",0.08,90.0,0.0,null,gabors,10.0,null,4.0,0.25021326,161,0.14645855,-5.928479,7,0.10212463,True,4,train,2
1039,0.0,344.64307,344.89328,0.8,"[3644.93333333, 3644.93333333]","[20.0, 20.0]",0.08,45.0,-40.0,null,gabors,-10.0,null,4.0,0.25021326,118,0.024035936,-5.8102048,8,0.10820777,True,4,train,1
1040,0.0,344.89328,345.1435,0.8,"[3644.93333333, 3644.93333333]","[20.0, 20.0]",0.08,45.0,0.0,null,gabors,30.0,null,4.0,0.25021326,64,0.014906919,-5.7345595,7,0.10348532,True,4,train,1
1041,0.0,345.1435,345.3937,0.8,"[3644.93333333, 3644.93333333]","[20.0, 20.0]",0.08,0.0,-20.0,null,gabors,40.0,null,4.0,0.25020174,33,-0.01829865,-5.6864328,8,0.17750702,True,6,train,0
1042,0.0,345.3937,345.6439,0.8,"[3644.93333333, 3644.93333333]","[20.0, 20.0]",0.08,45.0,-40.0,null,gabors,10.0,null,4.0,0.25020174,50,-0.25819603,-5.7947708,7,0.14478985,True,5,test,1
1043,0.0,345.6439,345.8941,0.8,"[3644.93333333, 3644.93333333]","[20.0, 20.0]",0.08,45.0,-20.0,null,gabors,-30.0,null,4.0,0.25020174,85,-0.25212473,-5.8846902,8,0.19338746,True,2,test,1
1044,0.0,345.8941,346.1443,0.8,"[3644.93333333, 3644.93333333]","[20.0, 20.0]",0.08,0.0,10.0,null,gabors,0.0,null,4.0,0.25020174,206,-0.30429975,-5.6919943,7,0.077456247,True,3,train,0
1045,0.0,346.1443,346.39453,0.8,"[3644.93333333, 3644.93333333]","[20.0, 20.0]",0.08,90.0,10.0,null,gabors,30.0,null,4.0,0.25022576,229,-0.26602695,-5.7232303,8,0.2180191,True,3,train,2
1046,0.0,346.39453,346.64476,0.8,"[3644.93333333, 3644.93333333]","[20.0, 20.0]",0.08,90.0,20.0,null,gabors,40.0,null,4.0,0.25022576,79,-0.093252353,-5.6849981,7,0.20000636,True,5,test,2
1047,0.0,346.64476,346.89498,0.8,"[3644.93333333, 3644.93333333]","[20.0, 20.0]",0.08,90.0,-40.0,null,gabors,-20.0,null,4.0,0.25022576,128,-0.13888131,-5.7033485,8,0.16763965,True,5,test,2
1048,0.0,346.89498,347.14521,0.8,"[3644.93333333, 3644.93333333]","[20.0, 20.0]",0.08,90.0,-40.0,null,gabors,40.0,null,4.0,0.25022576,156,-0.055409776,-5.7459592,7,0.1953651,True,3,train,2
1049,0.0,347.14521,347.3954,0.8,"[3644.93333333, 3644.93333333]","[20.0, 20.0]",0.08,45.0,0.0,null,gabors,40.0,null,4.0,0.25019424,159,-0.026648012,-5.8329357,8,0.2490336,True,4,train,1
1050,0.0,347.3954,347.6456,0.8,"[3644.93333333, 3644.93333333]","[20.0, 20.0]",0.08,90.0,10.0,null,gabors,40.0,null,4.0,0.25019424,225,-0.23650457,-5.6798225,7,0.17343298,True,4,train,2
1051,0.0,347.6456,347.89579,0.8,"[3644.93333333, 3644.93333333]","[20.0, 20.0]",0.08,45.0,40.0,null,gabors,-40.0,null,4.0,0.25019424,195,-0.020351964,-5.4290061,8,0.17476572,True,4,train,1
1052,0.0,347.89579,348.14598,0.8,"[3644.93333333, 3644.93333333]","[20.0, 20.0]",0.08,0.0,30.0,null,gabors,-20.0,null,4.0,0.25019424,176,-0.17059485,-5.5098561,7,0.1839363,True,5,test,0
1053,0.0,348.14598,348.3962,0.8,"[3644.93333333, 3644.93333333]","[20.0, 20.0]",0.08,0.0,30.0,null,gabors,-40.0,null,4.0,0.25021576,200,-0.22838215,-5.4989063,8,0.16183204,True,5,test,0
1054,0.0,348.3962,348.64642,0.8,"[3644.93333333, 3644.93333333]","[20.0, 20.0]",0.08,0.0,0.0,null,gabors,-10.0,null,4.0,0.25021576,160,0.011764513,-5.3136917,7,0.14117063,True,2,test,0
1055,0.0,348.64642,348.89663,0.8,"[3644.93333333, 3644.93333333]","[20.0, 20.0]",0.08,0.0,-30.0,null,gabors,0.0,null,4.0,0.25021576,193,-0.1576288,-5.1451363,8,0.11949794,True,2,test,0
1056,0.0,348.89663,349.14685,0.8,"[3644.93333333, 3644.93333333]","[20.0, 20.0]",0.08,0.0,30.0,null,gabors,20.0,null,4.0,0.25021576,217,0.00037149458,-5.1091784,7,0.15688337,True,1,train,0
1057,0.0,349.14685,349.39705,0.8,"[3644.93333333, 3644.93333333]","[20.0, 20.0]",0.08,45.0,-10.0,null,gabors,-10.0,null,4.0,0.25020424,170,-0.2180083,-5.0936132,8,0.22264372,True,4,train,1
1058,0.0,349.39705,349.64726,0.8,"[3644.93333333, 3644.93333333]","[20.0, 20.0]",0.08,90.0,20.0,null,gabors,-10.0,null,4.0,0.25020424,30,0.065708193,-5.1872451,7,0.14590116,True,3,train,2
1059,0.0,349.64726,349.89746,0.8,"[3644.93333333, 3644.93333333]","[20.0, 20.0]",0.08,45.0,-40.0,null,gabors,-40.0,null,4.0,0.25020424,157,-0.036817988,-5.0887978,8,0.23239706,True,7,train,1
1060,0.0,349.89746,350.14766,0.8,"[3644.93333333, 3644.93333333]","[20.0, 20.0]",0.08,90.0,-30.0,null,gabors,-40.0,null,4.0,0.25020424,90,-0.10093359,-4.9181158,7,0.23119773,True,6,train,2
1061,0.0,350.14766,350.39789,0.8,"[3644.93333333, 3644.93333333]","[20.0, 20.0]",0.08,45.0,-10.0,null,gabors,30.0,null,4.0,0.25022326,175,-0.18716955,-4.7956522,8,0.097076272,True,4,train,1
1062,0.0,350.39789,350.64811,0.8,"[3644.93333333, 3644.93333333]","[20.0, 20.0]",0.08,0.0,40.0,null,gabors,-30.0,null,4.0,0.25022326,92,-0.24968528,-4.5735306,7,0.15719014,True,4,train,0
1063,0.0,350.64811,350.89833,0.8,"[3644.93333333, 3644.93333333]","[20.0, 20.0]",0.08,0.0,-30.0,null,gabors,0.0,null,4.0,0.25022326,193,-0.32640465,-4.8333875,8,0.1616235,True,3,train,0
1064,0.0,350.89833,351.14856,0.8,"[3644.93333333, 3644.93333333]","[20.0, 20.0]",0.08,90.0,-40.0,null,gabors,-10.0,null,4.0,0.25022326,22,-0.55185015,-4.772908,7,0.22288951,True,7,train,2
1065,0.0,351.14856,351.39875,0.8,"[3644.93333333, 3644.93333333]","[20.0, 20.0]",0.08,45.0,-20.0,null,gabors,-20.0,null,4.0,0.25019424,83,-0.4380384,-5.0019085,8,0.21106835,True,5,test,1
1066,0.0,351.39875,351.64895,0.8,"[3644.93333333, 3644.93333333]","[20.0, 20.0]",0.08,0.0,30.0,null,gabors,-40.0,null,4.0,0.25019424,200,-0.16613128,-5.4646414,7,0.11355386,True,6,train,0
1067,0.0,351.64895,351.89914,0.8,"[3644.93333333, 3644.93333333]","[20.0, 20.0]",0.08,90.0,-20.0,null,gabors,30.0,null,4.0,0.25019424,80,0.092046314,-5.3076547,8,0.15683391,True,6,train,2
1068,0.0,351.89914,352.14933,0.8,"[3644.93333333, 3644.93333333]","[20.0, 20.0]",0.08,45.0,-30.0,null,gabors,-20.0,null,4.0,0.25019424,205,0.12142442,-5.1429795,7,0.37563803,True,5,test,1
1069,0.0,352.14933,352.39955,0.8,"[3644.93333333, 3644.93333333]","[20.0, 20.0]",0.08,0.0,-20.0,null,gabors,20.0,null,4.0,0.25021826,237,0.17243936,-5.1015437,8,0.17961622,True,1,train,0
1070,0.0,352.39955,352.64977,0.8,"[3644.93333333, 3644.93333333]","[20.0, 20.0]",0.08,90.0,-40.0,null,gabors,30.0,null,4.0,0.25021826,120,0.28273505,-4.9986121,7,0.12508251,True,4,train,2
1071,0.0,352.64977,352.89999,0.8,"[3644.93333333, 3644.93333333]","[20.0, 20.0]",0.08,45.0,10.0,null,gabors,0.0,null,4.0,0.25021826,204,0.41533921,-5.084746,8,0.28877664,True,7,train,1
1072,0.0,352.89999,353.15021,0.8,"[3644.93333333, 3644.93333333]","[20.0, 20.0]",0.08,90.0,-30.0,null,gabors,-40.0,null,4.0,0.25021826,90,-0.092094702,-4.761818,7,0.26762807,True,7,train,2
1073,0.0,353.15021,353.40041,0.8,"[3644.93333333, 3644.93333333]","[20.0, 20.0]",0.08,0.0,10.0,null,gabors,-30.0,null,4.0,0.25020174,116,-0.15105815,-4.8430787,8,0.35399554,True,4,train,0
1074,0.0,353.40041,353.65061,0.8,"[3644.93333333, 3644.93333333]","[20.0, 20.0]",0.08,90.0,0.0,null,gabors,-20.0,null,4.0,0.25020174,197,0.18213804,-4.8643158,7,0.28829616,True,5,test,2
1075,0.0,353.65061,353.90081,0.8,"[3644.93333333, 3644.93333333]","[20.0, 20.0]",0.08,90.0,40.0,null,gabors,30.0,null,4.0,0.25020174,122,0.25139402,-4.5844684,8,0.25714422,True,3,train,2
1076,0.0,353.90081,354.15101,0.8,"[3644.93333333, 3644.93333333]","[20.0, 20.0]",0.08,45.0,30.0,null,gabors,-10.0,null,4.0,0.25020174,240,0.026162267,-4.3298244,7,0.20157744,True,4,train,1
1077,0.0,354.15101,354.40123,0.8,"[3644.93333333, 3644.93333333]","[20.0, 20.0]",0.08,45.0,40.0,null,gabors,-40.0,null,4.0,0.25021826,195,-0.27231856,-4.5048826,8,0.16778871,True,5,test,1
1078,0.0,354.40123,354.65145,0.8,"[3644.93333333, 3644.93333333]","[20.0, 20.0]",0.08,0.0,-40.0,null,gabors,0.0,null,4.0,0.25021826,70,-0.22577103,-4.6101606,7,2.4583241,True,7,train,0
1079,0.0,354.65145,354.90167,0.8,"[3644.93333333, 3644.93333333]","[20.0, 20.0]",0.08,45.0,30.0,null,gabors,0.0,null,4.0,0.25021826,143,0.37943124,-0.025439805,8,0.16720611,True,4,train,1
1080,0.0,354.90167,355.15189,0.8,"[3644.93333333, 3644.93333333]","[20.0, 20.0]",0.08,0.0,-40.0,null,gabors,-40.0,null,4.0,0.25021826,69,0.37256344,-0.45696222,7,0.16969009,True,5,test,0
1081,0.0,355.15189,355.40209,0.8,"[3644.93333333, 3644.93333333]","[20.0, 20.0]",0.08,90.0,30.0,null,gabors,-40.0,null,4.0,0.25019924,27,0.28218283,-0.39033999,8,0.15351906,True,4,train,2
1082,0.0,355.40209,355.65229,0.8,"[3644.93333333, 3644.93333333]","[20.0, 20.0]",0.08,45.0,0.0,null,gabors,20.0,null,4.0,0.25019924,24,1.7142739,8.0034876,7,0.36420085,True,4,train,1
1083,0.0,355.65229,355.90248,0.8,"[3644.93333333, 3644.93333333]","[20.0, 20.0]",0.08,45.0,-20.0,null,gabors,-10.0,null,4.0,0.25019924,152,1.282381,7.1853228,8,0.16959353,True,3,train,1
1084,0.0,355.90248,356.15268,0.8,"[3644.93333333, 3644.93333333]","[20.0, 20.0]",0.08,0.0,20.0,null,gabors,10.0,null,4.0,0.25019924,207,1.4407281,7.2123128,7,0.28549187,True,6,train,0
1085,0.0,356.15268,356.40289,0.8,"[3644.93333333, 3644.93333333]","[20.0, 20.0]",0.08,90.0,10.0,null,gabors,40.0,null,4.0,0.25021076,225,1.4879204,6.8685191,8,0.11311202,True,5,test,2
1086,0.0,356.40289,356.65311,0.8,"[3644.93333333, 3644.93333333]","[20.0, 20.0]",0.08,90.0,-40.0,null,gabors,-20.0,null,4.0,0.25021076,128,0.58739266,0.93208252,7,2.1835602,True,6,train,2
1087,0.0,356.65311,356.90332,0.8,"[3644.93333333, 3644.93333333]","[20.0, 20.0]",0.08,90.0,30.0,null,gabors,-40.0,null,4.0,0.25021076,27,0.092015498,0.7033466,8,0.26632575,True,5,test,2
1088,0.0,356.90332,357.15353,0.8,"[3644.93333333, 3644.93333333]","[20.0, 20.0]",0.08,45.0,10.0,null,gabors,10.0,null,4.0,0.25021076,144,-0.0082308467,0.18392615,7,0.2598964,True,5,test,1
1089,0.0,357.15353,357.40373,0.8,"[3644.93333333, 3644.93333333]","[20.0, 20.0]",0.08,45.0,20.0,null,gabors,0.0,null,4.0,0.25020424,228,-0.11934116,0.27983812,8,0.14818864,True,2,test,1
1090,0.0,357.40373,357.65394,0.8,"[3644.93333333, 3644.93333333]","[20.0, 20.0]",0.08,90.0,-40.0,null,gabors,-20.0,null,4.0,0.25020424,128,-0.043258428,0.2180799,7,0.12182877,True,7,train,2
1091,0.0,357.65394,357.90414,0.8,"[3644.93333333, 3644.93333333]","[20.0, 20.0]",0.08,0.0,0.0,null,gabors,-30.0,null,4.0,0.25020424,186,-0.23320949,0.20891267,8,0.16227857,True,3,train,0
1092,0.0,357.90414,358.15434,0.8,"[3644.93333333, 3644.93333333]","[20.0, 20.0]",0.08,45.0,-10.0,null,gabors,0.0,null,4.0,0.25020424,88,-0.22135141,-0.049481456,7,0.1298841,True,3,train,1
1093,0.0,358.15434,358.40456,0.8,"[3644.93333333, 3644.93333333]","[20.0, 20.0]",0.08,0.0,30.0,null,gabors,0.0,null,4.0,0.25021326,97,-0.044536575,-0.011374923,8,0.11145292,True,5,test,0
1094,0.0,358.40456,358.65477,0.8,"[3644.93333333, 3644.93333333]","[20.0, 20.0]",0.08,0.0,30.0,null,gabors,-40.0,null,4.0,0.25021326,200,-0.076737699,0.031514229,7,0.11037185,True,7,train,0
1095,0.0,358.65477,358.90498,0.8,"[3644.93333333, 3644.93333333]","[20.0, 20.0]",0.08,0.0,20.0,null,gabors,30.0,null,4.0,0.25021326,42,-0.034099248,-0.0026819349,8,0.18703212,True,5,test,0
1096,0.0,358.90498,359.1552,0.8,"[3644.93333333, 3644.93333333]","[20.0, 20.0]",0.08,90.0,40.0,null,gabors,-30.0,null,4.0,0.25021326,13,-0.29618718,0.00066890873,7,0.12232096,True,7,train,2
1097,0.0,359.1552,359.4054,0.8,"[3644.93333333, 3644.93333333]","[20.0, 20.0]",0.08,90.0,40.0,null,gabors,-20.0,null,4.0,0.25020424,214,-0.20876874,-0.045998658,8,0.1547002,True,2,test,2
1098,0.0,359.4054,359.65561,0.8,"[3644.93333333, 3644.93333333]","[20.0, 20.0]",0.08,45.0,20.0,null,gabors,20.0,null,4.0,0.25020424,76,-0.1749576,0.04222775,7,0.083323298,True,6,train,1
1099,0.0,359.65561,359.90581,0.8,"[3644.93333333, 3644.93333333]","[20.0, 20.0]",0.08,45.0,-10.0,null,gabors,-20.0,null,4.0,0.25020424,166,-0.10317468,-0.046719529,8,0.13943398,True,4,train,1
1100,0.0,359.90581,360.15601,0.8,"[3644.93333333, 3644.93333333]","[20.0, 20.0]",0.08,45.0,-40.0,null,gabors,-10.0,null,4.0,0.25020424,118,-0.13751885,-1.8212446,7,0.7456218,True,5,test,1
1101,0.0,360.15601,360.40623,0.8,"[3644.93333333, 3644.93333333]","[20.0, 20.0]",0.08,45.0,-20.0,null,gabors,-30.0,null,4.0,0.25021826,85,-0.29541776,-1.9329541,8,0.18741473,True,3,train,1
1102,0.0,360.40623,360.65645,0.8,"[3644.93333333, 3644.93333333]","[20.0, 20.0]",0.08,45.0,-30.0,null,gabors,-10.0,null,4.0,0.25021826,41,-0.35124423,-2.1203008,7,1.733193,True,5,test,1
1103,0.0,360.65645,360.90667,0.8,"[3644.93333333, 3644.93333333]","[20.0, 20.0]",0.08,0.0,-20.0,null,gabors,-10.0,null,4.0,0.25021826,216,-0.01252164,-5.1959978,8,0.26588991,True,3,train,0
1104,0.0,360.90667,361.15689,0.8,"[3644.93333333, 3644.93333333]","[20.0, 20.0]",0.08,45.0,-10.0,null,gabors,-10.0,null,4.0,0.25021826,170,-0.0092729294,-5.1038468,7,0.15345016,True,5,test,1
1105,0.0,361.15689,361.40709,0.8,"[3644.93333333, 3644.93333333]","[20.0, 20.0]",0.08,90.0,0.0,null,gabors,20.0,null,4.0,0.25020424,56,-0.19297871,-4.9435678,8,0.26758667,True,5,test,2
1106,0.0,361.40709,361.6573,0.8,"[3644.93333333, 3644.93333333]","[20.0, 20.0]",0.08,45.0,20.0,null,gabors,40.0,null,4.0,0.25020424,93,-0.0024453553,-4.902064,7,0.21262983,True,3,train,1
1107,0.0,361.6573,361.9075,0.8,"[3644.93333333, 3644.93333333]","[20.0, 20.0]",0.08,90.0,30.0,null,gabors,40.0,null,4.0,0.25020424,142,-0.010966241,-5.0084445,7,0.20400833,True,6,train,2
1108,0.0,361.9075,362.1577,0.8,"[3644.93333333, 3644.93333333]","[20.0, 20.0]",0.08,90.0,0.0,null,gabors,0.0,null,4.0,0.25020424,66,0.087099759,-5.0333733,7,0.21646176,True,5,test,2
1109,0.0,362.1577,362.40792,0.8,"[3644.93333333, 3644.93333333]","[20.0, 20.0]",0.08,45.0,30.0,null,gabors,0.0,null,4.0,0.25021576,143,0.065831952,-4.8222171,8,0.19866611,True,5,test,1
1110,0.0,362.40792,362.65814,0.8,"[3644.93333333, 3644.93333333]","[20.0, 20.0]",0.08,45.0,10.0,null,gabors,0.0,null,4.0,0.25021576,204,-0.095963136,-5.0324499,7,0.13120217,True,8,test,1
1111,0.0,362.65814,362.90835,0.8,"[3644.93333333, 3644.93333333]","[20.0, 20.0]",0.08,90.0,40.0,null,gabors,-20.0,null,4.0,0.25021576,214,0.27604716,-5.0283442,7,0.14902232,True,3,train,2
1112,0.0,362.90835,363.15857,0.8,"[3644.93333333, 3644.93333333]","[20.0, 20.0]",0.08,0.0,40.0,null,gabors,-40.0,null,4.0,0.25021576,174,0.33378469,-5.0120942,7,0.15235775,True,1,train,0
1113,0.0,363.15857,363.40877,0.8,"[3644.93333333, 3644.93333333]","[20.0, 20.0]",0.08,0.0,-20.0,null,gabors,0.0,null,4.0,0.25020424,226,0.17978172,-4.6655009,8,0.23505926,True,3,train,0
1114,0.0,363.40877,363.65898,0.8,"[3644.93333333, 3644.93333333]","[20.0, 20.0]",0.08,0.0,-20.0,null,gabors,20.0,null,4.0,0.25020424,237,-0.15574207,-4.633597,8,0.23799139,True,2,test,0
1115,0.0,363.65898,363.90918,0.8,"[3644.93333333, 3644.93333333]","[20.0, 20.0]",0.08,45.0,-10.0,null,gabors,-30.0,null,4.0,0.25020424,184,0.083469625,-4.6241497,7,0.16793133,True,5,test,1
1116,0.0,363.90918,364.15938,0.8,"[3644.93333333, 3644.93333333]","[20.0, 20.0]",0.08,90.0,-20.0,null,gabors,40.0,null,4.0,0.25020424,147,-0.072377922,-4.5903868,7,0.27216625,True,4,train,2
1117,0.0,364.15938,364.40959,0.8,"[3644.93333333, 3644.93333333]","[20.0, 20.0]",0.08,45.0,-10.0,null,gabors,0.0,null,4.0,0.25020576,88,0.2368331,-4.9683151,8,0.36789422,True,4,train,1
1118,0.0,364.40959,364.6598,0.8,"[3644.93333333, 3644.93333333]","[20.0, 20.0]",0.08,45.0,-30.0,null,gabors,-10.0,null,4.0,0.25020576,41,0.30830028,-4.8156244,8,0.16696696,True,6,train,1
1119,0.0,364.6598,364.91,0.8,"[3644.93333333, 3644.93333333]","[20.0, 20.0]",0.08,0.0,40.0,null,gabors,0.0,null,4.0,0.25020576,242,0.27419723,-4.9739542,7,0.19890166,True,1,train,0
1120,0.0,364.91,365.16021,0.8,"[3644.93333333, 3644.93333333]","[20.0, 20.0]",0.08,90.0,0.0,null,gabors,40.0,null,4.0,0.25020576,19,0.16591654,-4.561465,7,0.15911594,True,6,train,2
1121,0.0,365.16021,365.41042,0.8,"[3644.93333333, 3644.93333333]","[20.0, 20.0]",0.08,45.0,-40.0,null,gabors,20.0,null,4.0,0.25020924,96,,,0,,False,4,train,1
1122,0.0,365.41042,365.66063,0.8,"[3644.93333333, 3644.93333333]","[20.0, 20.0]",0.08,45.0,0.0,null,gabors,0.0,null,4.0,0.25020924,191,0.28111221,-4.2965194,8,0.26571797,True,4,train,1
1123,0.0,365.66063,365.91083,0.8,"[3644.93333333, 3644.93333333]","[20.0, 20.0]",0.08,0.0,-40.0,null,gabors,-20.0,null,4.0,0.25020924,95,-0.0084366681,-4.35079,7,0.19423039,True,4,train,0
1124,0.0,365.91083,366.16104,0.8,"[3644.93333333, 3644.93333333]","[20.0, 20.0]",0.08,0.0,10.0,null,gabors,20.0,null,4.0,0.25020924,145,0.2826455,-4.1831968,7,0.15802591,True,6,train,0
1125,0.0,366.16104,366.41125,0.8,"[3644.93333333, 3644.93333333]","[20.0, 20.0]",0.08,0.0,-20.0,null,gabors,-40.0,null,4.0,0.25020826,123,0.06400798,-4.3752324,7,0.21802298,True,5,test,0
1126,0.0,366.41125,366.66146,0.8,"[3644.93333333, 3644.93333333]","[20.0, 20.0]",0.08,90.0,10.0,null,gabors,30.0,null,4.0,0.25020826,229,-0.057008607,-4.3149431,8,0.10263875,True,4,train,2
1127,0.0,366.66146,366.91167,0.8,"[3644.93333333, 3644.93333333]","[20.0, 20.0]",0.08,0.0,10.0,null,gabors,-20.0,null,4.0,0.25020826,35,0.012380664,-4.3094458,7,0.22239218,True,4,train,0
1128,0.0,366.91167,367.16188,0.8,"[3644.93333333, 3644.93333333]","[20.0, 20.0]",0.08,0.0,40.0,null,gabors,-40.0,null,4.0,0.25020826,174,-0.098618424,-4.2706858,7,0.14063579,True,2,test,0
1129,0.0,367.16188,367.41209,0.8,"[3644.93333333, 3644.93333333]","[20.0, 20.0]",0.08,45.0,10.0,null,gabors,-20.0,null,4.0,0.25021174,23,-0.064646027,-4.2443764,7,0.29535306,True,3,train,1
1130,0.0,367.41209,367.6623,0.8,"[3644.93333333, 3644.93333333]","[20.0, 20.0]",0.08,0.0,-10.0,null,gabors,10.0,null,4.0,0.25021174,114,-0.19253195,-4.4891715,8,0.13225902,True,5,test,0
1131,0.0,367.6623,367.91251,0.8,"[3644.93333333, 3644.93333333]","[20.0, 20.0]",0.08,0.0,-40.0,null,gabors,-20.0,null,4.0,0.25021174,95,0.093965091,-4.1631328,7,0.31032354,True,5,test,0
1132,0.0,367.91251,368.16272,0.8,"[3644.93333333, 3644.93333333]","[20.0, 20.0]",0.08,45.0,20.0,null,gabors,-30.0,null,4.0,0.25021174,172,-0.32293561,-4.5087858,8,0.1148503,True,6,train,1
1133,0.0,368.16272,368.41294,0.8,"[3644.93333333, 3644.93333333]","[20.0, 20.0]",0.08,0.0,40.0,null,gabors,-10.0,null,4.0,0.25021826,67,-0.18280222,-4.5843579,7,0.21679632,True,4,train,0
1134,0.0,368.41294,368.66316,0.8,"[3644.93333333, 3644.93333333]","[20.0, 20.0]",0.08,0.0,-20.0,null,gabors,-10.0,null,4.0,0.25021826,216,-0.055040139,-4.486423,8,0.10334007,True,4,train,0
1135,0.0,368.66316,368.91338,0.8,"[3644.93333333, 3644.93333333]","[20.0, 20.0]",0.08,45.0,10.0,null,gabors,-20.0,null,4.0,0.25021826,23,-0.1566834,-4.4471135,7,0.091192498,True,4,train,1
1136,0.0,368.91338,369.1636,0.8,"[3644.93333333, 3644.93333333]","[20.0, 20.0]",0.08,90.0,-40.0,null,gabors,10.0,null,4.0,0.25021826,57,0.14132964,-4.4241598,8,0.23748558,True,4,train,2
1137,0.0,369.1636,369.4138,0.8,"[3644.93333333, 3644.93333333]","[20.0, 20.0]",0.08,45.0,-10.0,null,gabors,-40.0,null,4.0,0.25019924,238,0.067124539,-4.4224483,7,0.11159531,True,2,test,1
1138,0.0,369.4138,369.664,0.8,"[3644.93333333, 3644.93333333]","[20.0, 20.0]",0.08,90.0,-20.0,null,gabors,0.0,null,4.0,0.25019924,121,-0.017585092,-4.2844868,7,0.14069646,True,4,train,2
1139,0.0,369.664,369.91419,0.8,"[3644.93333333, 3644.93333333]","[20.0, 20.0]",0.08,45.0,-10.0,null,gabors,10.0,null,4.0,0.25019924,199,-0.15657441,-4.2529168,7,0.061228617,True,6,train,1
1140,0.0,369.91419,370.16439,0.8,"[3644.93333333, 3644.93333333]","[20.0, 20.0]",0.08,45.0,-10.0,null,gabors,20.0,null,4.0,0.25019924,47,-0.049364012,-4.091812,8,0.11055193,True,6,train,1
1141,0.0,370.16439,370.41462,0.8,"[3644.93333333, 3644.93333333]","[20.0, 20.0]",0.08,90.0,0.0,null,gabors,10.0,null,4.0,0.25022326,161,-0.047133474,-4.0749719,7,0.09205172,True,5,test,2
1142,0.0,370.41462,370.66484,0.8,"[3644.93333333, 3644.93333333]","[20.0, 20.0]",0.08,90.0,10.0,null,gabors,-20.0,null,4.0,0.25022326,158,0.10878207,-4.2136843,8,0.091150437,True,2,test,2
1143,0.0,370.66484,370.91506,0.8,"[3644.93333333, 3644.93333333]","[20.0, 20.0]",0.08,0.0,-30.0,null,gabors,20.0,null,4.0,0.25022326,185,0.077363049,-4.1742787,7,0.10844676,True,6,train,0
1144,0.0,370.91506,371.16529,0.8,"[3644.93333333, 3644.93333333]","[20.0, 20.0]",0.08,90.0,0.0,null,gabors,0.0,null,4.0,0.25022326,66,-0.095322181,-3.9178053,8,0.28833183,True,6,train,2
1145,0.0,371.16529,371.41548,0.8,"[3644.93333333, 3644.93333333]","[20.0, 20.0]",0.08,90.0,-20.0,null,gabors,0.0,null,4.0,0.25019424,121,-0.16487487,-3.6159505,7,0.18218536,True,5,test,2
1146,0.0,371.41548,371.66568,0.8,"[3644.93333333, 3644.93333333]","[20.0, 20.0]",0.08,45.0,30.0,null,gabors,-20.0,null,4.0,0.25019424,107,-0.21018328,-3.6990693,8,0.13346002,True,4,train,1
1147,0.0,371.66568,371.91587,0.8,"[3644.93333333, 3644.93333333]","[20.0, 20.0]",0.08,45.0,40.0,null,gabors,30.0,null,4.0,0.25019424,53,0.091370826,-3.6517253,7,0.23578072,True,3,train,1
1148,0.0,371.91587,372.16606,0.8,"[3644.93333333, 3644.93333333]","[20.0, 20.0]",0.08,0.0,-40.0,null,gabors,10.0,null,4.0,0.25019424,15,0.15842992,-3.3986757,8,0.17269536,True,4,train,0
1149,0.0,372.16606,372.41628,0.8,"[3644.93333333, 3644.93333333]","[20.0, 20.0]",0.08,90.0,20.0,null,gabors,-10.0,null,4.0,0.25021576,30,-0.096200419,-3.1432661,7,0.14756429,True,4,train,2
1150,0.0,372.41628,372.6665,0.8,"[3644.93333333, 3644.93333333]","[20.0, 20.0]",0.08,90.0,0.0,null,gabors,-20.0,null,4.0,0.25021576,197,0.054411137,-3.1586607,8,0.069026401,True,6,train,2
1151,0.0,372.6665,372.91671,0.8,"[3644.93333333, 3644.93333333]","[20.0, 20.0]",0.08,0.0,40.0,null,gabors,-40.0,null,4.0,0.25021576,174,-0.24759288,-3.2383659,7,0.27169158,True,3,train,0
1152,0.0,372.91671,373.16693,0.8,"[3644.93333333, 3644.93333333]","[20.0, 20.0]",0.08,0.0,30.0,null,gabors,20.0,null,4.0,0.25021576,217,-0.39984099,-3.3462567,8,0.11743317,True,2,test,0
1153,0.0,373.16693,373.41713,0.8,"[3644.93333333, 3644.93333333]","[20.0, 20.0]",0.08,90.0,40.0,null,gabors,-40.0,null,4.0,0.25020174,21,-0.4122941,-3.4624204,7,0.13367921,True,3,train,2
1154,0.0,373.41713,373.66733,0.8,"[3644.93333333, 3644.93333333]","[20.0, 20.0]",0.08,0.0,20.0,null,gabors,0.0,null,4.0,0.25020174,148,-0.28121454,-3.4850343,8,0.097785008,True,3,train,0
1155,0.0,373.66733,373.91753,0.8,"[3644.93333333, 3644.93333333]","[20.0, 20.0]",0.08,45.0,30.0,null,gabors,40.0,null,4.0,0.25020174,126,-0.31217297,-3.4271842,7,0.16973198,True,4,train,1
1156,0.0,373.91753,374.16773,0.8,"[3644.93333333, 3644.93333333]","[20.0, 20.0]",0.08,0.0,-20.0,null,gabors,40.0,null,4.0,0.25020174,33,-0.36488138,-3.1951943,8,0.083797059,True,7,train,0
1157,0.0,374.16773,374.41796,0.8,"[3644.93333333, 3644.93333333]","[20.0, 20.0]",0.08,90.0,-20.0,null,gabors,40.0,null,4.0,0.25022326,147,-0.37917796,-3.2486939,7,0.095824836,True,5,test,2
1158,0.0,374.41796,374.66818,0.8,"[3644.93333333, 3644.93333333]","[20.0, 20.0]",0.08,45.0,30.0,null,gabors,-10.0,null,4.0,0.25022326,240,-0.42066199,-3.2370797,8,0.15880756,True,5,test,1
1159,0.0,374.66818,374.9184,0.8,"[3644.93333333, 3644.93333333]","[20.0, 20.0]",0.08,45.0,0.0,null,gabors,40.0,null,4.0,0.25022326,159,-0.39761684,-3.2065132,7,0.090166797,True,5,test,1
1160,0.0,374.9184,375.16863,0.8,"[3644.93333333, 3644.93333333]","[20.0, 20.0]",0.08,90.0,40.0,null,gabors,40.0,null,4.0,0.25022326,48,-0.34546934,-3.2167011,8,0.095369198,True,4,train,2
1161,0.0,375.16863,375.41882,0.8,"[3644.93333333, 3644.93333333]","[20.0, 20.0]",0.08,0.0,10.0,null,gabors,20.0,null,4.0,0.25019674,145,-0.40572764,-3.1344332,7,0.099165306,True,7,train,0
1162,0.0,375.41882,375.66902,0.8,"[3644.93333333, 3644.93333333]","[20.0, 20.0]",0.08,0.0,40.0,null,gabors,40.0,null,4.0,0.25019674,110,-0.39839216,-3.0416786,8,0.10640549,True,2,test,0
1163,0.0,375.66902,375.91922,0.8,"[3644.93333333, 3644.93333333]","[20.0, 20.0]",0.08,45.0,-30.0,null,gabors,30.0,null,4.0,0.25019674,131,-0.43461959,-3.1636709,7,0.10143534,True,5,test,1
1164,0.0,375.91922,376.16941,0.8,"[3644.93333333, 3644.93333333]","[20.0, 20.0]",0.08,45.0,10.0,null,gabors,20.0,null,4.0,0.25019674,102,-0.29853637,-3.0587806,8,0.086258599,True,5,test,1
1165,0.0,376.16941,376.41963,0.8,"[3644.93333333, 3644.93333333]","[20.0, 20.0]",0.08,0.0,-30.0,null,gabors,20.0,null,4.0,0.25021326,185,-0.30639434,-2.7789465,7,0.12137099,True,7,train,0
1166,0.0,376.41963,376.66984,0.8,"[3644.93333333, 3644.93333333]","[20.0, 20.0]",0.08,45.0,-30.0,null,gabors,10.0,null,4.0,0.25021326,202,-0.25911243,-2.7740923,8,0.11081819,True,2,test,1
1167,0.0,376.66984,376.92005,0.8,"[3644.93333333, 3644.93333333]","[20.0, 20.0]",0.08,45.0,0.0,null,gabors,10.0,null,4.0,0.25021326,38,-0.25283408,-2.7879416,7,0.091614953,True,5,test,1
1168,0.0,376.92005,377.17027,0.8,"[3644.93333333, 3644.93333333]","[20.0, 20.0]",0.08,45.0,-40.0,null,gabors,-40.0,null,4.0,0.25021326,157,-0.18828706,-2.6830065,8,0.10396483,True,8,test,1
1169,0.0,377.17027,377.42047,0.8,"[3644.93333333, 3644.93333333]","[20.0, 20.0]",0.08,90.0,30.0,null,gabors,30.0,null,4.0,0.25020674,115,-0.36088172,-2.6880168,7,0.090525785,True,5,test,2
1170,0.0,377.42047,377.67068,0.8,"[3644.93333333, 3644.93333333]","[20.0, 20.0]",0.08,45.0,10.0,null,gabors,-40.0,null,4.0,0.25020674,5,-0.3489114,-2.6214964,8,0.07677765,True,4,train,1
1171,0.0,377.67068,377.92089,0.8,"[3644.93333333, 3644.93333333]","[20.0, 20.0]",0.08,90.0,-40.0,null,gabors,10.0,null,4.0,0.25020674,57,-0.23456875,-2.6992901,7,0.11276694,True,5,test,2
1172,0.0,377.92089,378.17109,0.8,"[3644.93333333, 3644.93333333]","[20.0, 20.0]",0.08,90.0,30.0,null,gabors,10.0,null,4.0,0.25020674,40,-0.28094234,-2.5378778,8,0.11833916,True,3,train,2
1173,0.0,378.17109,378.42131,0.8,"[3644.93333333, 3644.93333333]","[20.0, 20.0]",0.08,0.0,40.0,null,gabors,-20.0,null,4.0,0.25021826,78,-0.17889609,-2.589006,7,0.083561193,True,6,train,0
1174,0.0,378.42131,378.67153,0.8,"[3644.93333333, 3644.93333333]","[20.0, 20.0]",0.08,45.0,40.0,null,gabors,20.0,null,4.0,0.25021826,180,-0.13219834,-2.5475534,8,0.17298703,True,4,train,1
1175,0.0,378.67153,378.92175,0.8,"[3644.93333333, 3644.93333333]","[20.0, 20.0]",0.08,0.0,0.0,null,gabors,-20.0,null,4.0,0.25021826,140,-0.067581963,-2.333069,7,0.22980613,True,4,train,0
1176,0.0,378.92175,379.17197,0.8,"[3644.93333333, 3644.93333333]","[20.0, 20.0]",0.08,0.0,40.0,null,gabors,20.0,null,4.0,0.25021826,14,-0.075362475,-2.2000451,8,0.28099869,True,4,train,0
1177,0.0,379.17197,379.42216,0.8,"[3644.93333333, 3644.93333333]","[20.0, 20.0]",0.08,90.0,10.0,null,gabors,-10.0,null,4.0,0.25019674,138,-0.20420121,-2.1201576,7,0.19003731,True,6,train,2
1178,0.0,379.42216,379.67236,0.8,"[3644.93333333, 3644.93333333]","[20.0, 20.0]",0.08,45.0,40.0,null,gabors,-30.0,null,4.0,0.25019674,108,-0.041855193,-2.1444484,8,0.10238663,True,3,train,1
1179,0.0,379.67236,379.92256,0.8,"[3644.93333333, 3644.93333333]","[20.0, 20.0]",0.08,0.0,0.0,null,gabors,-40.0,null,4.0,0.25019674,239,0.014124111,-2.1521375,7,0.11835755,True,4,train,0
1180,0.0,379.92256,380.17275,0.8,"[3644.93333333, 3644.93333333]","[20.0, 20.0]",0.08,90.0,40.0,null,gabors,-10.0,null,4.0,0.25019674,51,0.091082551,-2.1210668,8,0.068646087,True,4,train,2
1181,0.0,380.17275,380.42298,0.8,"[3644.93333333, 3644.93333333]","[20.0, 20.0]",0.08,45.0,-40.0,null,gabors,0.0,null,4.0,0.25022576,168,0.010153371,-1.9802505,7,0.061572062,True,3,train,1
1182,0.0,380.42298,380.67321,0.8,"[3644.93333333, 3644.93333333]","[20.0, 20.0]",0.08,45.0,30.0,null,gabors,20.0,null,4.0,0.25022576,49,0.061516905,-1.9917664,8,0.059604278,True,5,test,1
1183,0.0,380.67321,380.92343,0.8,"[3644.93333333, 3644.93333333]","[20.0, 20.0]",0.08,0.0,30.0,null,gabors,40.0,null,4.0,0.25022576,54,0.16609852,-1.9132889,7,0.1272214,True,7,train,0
1184,0.0,380.92343,381.17366,0.8,"[3644.93333333, 3644.93333333]","[20.0, 20.0]",0.08,90.0,20.0,null,gabors,0.0,null,4.0,0.25022576,154,0.10134042,-1.9549367,8,0.080447068,True,6,train,2
1185,0.0,381.17366,381.42385,0.8,"[3644.93333333, 3644.93333333]","[20.0, 20.0]",0.08,90.0,-20.0,null,gabors,-10.0,null,4.0,0.25019424,153,0.20442503,-1.7833673,7,0.077503999,True,1,train,2
1186,0.0,381.42385,381.67405,0.8,"[3644.93333333, 3644.93333333]","[20.0, 20.0]",0.08,45.0,-20.0,null,gabors,-40.0,null,4.0,0.25019424,45,0.10998181,-1.8180031,7,0.11919375,True,6,train,1
1187,0.0,381.67405,381.92424,0.8,"[3644.93333333, 3644.93333333]","[20.0, 20.0]",0.08,90.0,30.0,null,gabors,0.0,null,4.0,0.25019424,37,0.1909419,-1.7033473,7,0.10294061,True,7,train,2
1188,0.0,381.92424,382.17443,0.8,"[3644.93333333, 3644.93333333]","[20.0, 20.0]",0.08,90.0,20.0,null,gabors,20.0,null,4.0,0.25019424,210,0.15603203,-1.7336197,7,0.12889235,True,3,train,2
1189,0.0,382.17443,382.42465,0.8,"[3644.93333333, 3644.93333333]","[20.0, 20.0]",0.08,90.0,30.0,null,gabors,30.0,null,4.0,0.25022076,115,0.1877517,-1.6909944,7,0.073410623,True,6,train,2
1190,0.0,382.42465,382.67488,0.8,"[3644.93333333, 3644.93333333]","[20.0, 20.0]",0.08,0.0,30.0,null,gabors,-30.0,null,4.0,0.25022076,16,0.20627737,-1.6566134,7,0.099864948,True,4,train,0
1191,0.0,382.67488,382.9251,0.8,"[3644.93333333, 3644.93333333]","[20.0, 20.0]",0.08,0.0,-20.0,null,gabors,-20.0,null,4.0,0.25022076,223,0.053111771,-1.6778465,8,0.084119643,True,4,train,0
1192,0.0,382.9251,383.17532,0.8,"[3644.93333333, 3644.93333333]","[20.0, 20.0]",0.08,90.0,20.0,null,gabors,0.0,null,4.0,0.25022076,154,0.030736303,-1.5722643,7,0.066202232,True,7,train,2
1193,0.0,383.17532,383.42551,0.8,"[3644.93333333, 3644.93333333]","[20.0, 20.0]",0.08,90.0,10.0,null,gabors,20.0,null,4.0,0.25019424,68,-0.16702885,-1.6342226,8,0.10047225,True,6,train,2
1194,0.0,383.42551,383.67571,0.8,"[3644.93333333, 3644.93333333]","[20.0, 20.0]",0.08,0.0,40.0,null,gabors,10.0,null,4.0,0.25019424,230,-0.16964757,-1.7847798,7,0.09453687,True,2,test,0
1195,0.0,383.67571,383.9259,0.8,"[3644.93333333, 3644.93333333]","[20.0, 20.0]",0.08,90.0,10.0,null,gabors,-30.0,null,4.0,0.25019424,209,-0.13453293,-1.6444991,8,0.11902642,True,2,test,2
1196,0.0,383.9259,384.17609,0.8,"[3644.93333333, 3644.93333333]","[20.0, 20.0]",0.08,90.0,-30.0,null,gabors,-10.0,null,4.0,0.25019424,26,-0.12454142,-1.5671647,7,0.095982346,True,4,train,2
1197,0.0,384.17609,384.42631,0.8,"[3644.93333333, 3644.93333333]","[20.0, 20.0]",0.08,0.0,20.0,null,gabors,0.0,null,4.0,0.25021326,148,-0.02430407,-1.6304349,8,0.087381002,True,4,train,0
1198,0.0,384.42631,384.67652,0.8,"[3644.93333333, 3644.93333333]","[20.0, 20.0]",0.08,45.0,0.0,null,gabors,-40.0,null,4.0,0.25021326,105,-0.053630534,-1.7048798,7,0.072375623,True,5,test,1
1199,0.0,384.67652,384.92673,0.8,"[3644.93333333, 3644.93333333]","[20.0, 20.0]",0.08,0.0,40.0,null,gabors,20.0,null,4.0,0.25021326,14,-0.014267322,-1.6004088,8,0.1249273,True,5,test,0
1200,0.0,384.92673,385.17695,0.8,"[3644.93333333, 3644.93333333]","[20.0, 20.0]",0.08,45.0,-10.0,null,gabors,30.0,null,4.0,0.25021326,175,-0.15600394,-1.5044651,7,0.21631539,True,5,test,1
1201,0.0,385.17695,385.42715,0.8,"[3644.93333333, 3644.93333333]","[20.0, 20.0]",0.08,0.0,0.0,null,gabors,30.0,null,4.0,0.25020674,55,-0.5611721,-1.6736572,8,0.18840942,True,3,train,0
1202,0.0,385.42715,385.67736,0.8,"[3644.93333333, 3644.93333333]","[20.0, 20.0]",0.08,90.0,-30.0,null,gabors,-10.0,null,4.0,0.25020674,26,-0.2653036,-1.6383593,7,0.11147984,True,5,test,2
1203,0.0,385.67736,385.92757,0.8,"[3644.93333333, 3644.93333333]","[20.0, 20.0]",0.08,0.0,20.0,null,gabors,-20.0,null,4.0,0.25020674,132,-0.25848555,-1.4972796,8,0.17848457,True,4,train,0
1204,0.0,385.92757,386.17777,0.8,"[3644.93333333, 3644.93333333]","[20.0, 20.0]",0.08,45.0,-40.0,null,gabors,20.0,null,4.0,0.25020674,96,0.0084244544,-1.3369688,7,0.11387664,True,5,test,1
1205,0.0,386.17777,386.42799,0.8,"[3644.93333333, 3644.93333333]","[20.0, 20.0]",0.08,45.0,-30.0,null,gabors,-40.0,null,4.0,0.25021826,91,-0.052461644,-1.4329394,8,0.10781711,True,5,test,1
1206,0.0,386.42799,386.67821,0.8,"[3644.93333333, 3644.93333333]","[20.0, 20.0]",0.08,0.0,30.0,null,gabors,-20.0,null,4.0,0.25021826,176,-0.16526802,-1.4174436,7,0.077490039,True,6,train,0
1207,0.0,386.67821,386.92843,0.8,"[3644.93333333, 3644.93333333]","[20.0, 20.0]",0.08,45.0,20.0,null,gabors,30.0,null,4.0,0.25021826,181,-0.18651276,-1.2848535,8,0.083009895,True,5,test,1
1208,0.0,386.92843,387.17865,0.8,"[3644.93333333, 3644.93333333]","[20.0, 20.0]",0.08,90.0,-40.0,null,gabors,-40.0,null,4.0,0.25021826,243,-0.10865213,-1.1130331,7,0.12175585,True,0,train,2
1209,0.0,387.17865,387.42885,0.8,"[3644.93333333, 3644.93333333]","[20.0, 20.0]",0.08,45.0,20.0,null,gabors,30.0,null,4.0,0.25020174,181,-0.13249153,-0.96770184,8,0.10797255,True,6,train,1
1210,0.0,387.42885,387.67905,0.8,"[3644.93333333, 3644.93333333]","[20.0, 20.0]",0.08,45.0,0.0,null,gabors,20.0,null,4.0,0.25020174,24,-0.12545296,-0.86562322,7,0.13432607,True,5,test,1
1211,0.0,387.67905,387.92925,0.8,"[3644.93333333, 3644.93333333]","[20.0, 20.0]",0.08,0.0,-40.0,null,gabors,-30.0,null,4.0,0.25020174,220,-0.25031849,-0.93288556,8,0.058098384,True,5,test,0
1212,0.0,387.92925,388.17945,0.8,"[3644.93333333, 3644.93333333]","[20.0, 20.0]",0.08,45.0,-20.0,null,gabors,0.0,null,4.0,0.25020174,165,-0.10512724,-1.0157317,7,0.065368045,True,7,train,1
1213,0.0,388.17945,388.42966,0.8,"[3644.93333333, 3644.93333333]","[20.0, 20.0]",0.08,45.0,30.0,null,gabors,-20.0,null,4.0,0.25020576,107,-0.13854758,-1.0245803,8,0.10730762,True,5,test,1
1214,0.0,388.42966,388.67987,0.8,"[3644.93333333, 3644.93333333]","[20.0, 20.0]",0.08,0.0,-20.0,null,gabors,30.0,null,4.0,0.25020576,11,-0.2617149,-1.0806936,7,0.12836716,True,3,train,0
1215,0.0,388.67987,388.93007,0.8,"[3644.93333333, 3644.93333333]","[20.0, 20.0]",0.08,45.0,10.0,null,gabors,20.0,null,4.0,0.25020576,102,0.032498732,-0.98794708,8,0.0630844,True,6,train,1
1216,0.0,388.93007,389.18028,0.8,"[3644.93333333, 3644.93333333]","[20.0, 20.0]",0.08,45.0,10.0,null,gabors,-30.0,null,4.0,0.25020576,9,-0.12817169,-1.0062585,7,0.11075164,True,5,test,1
1217,0.0,389.18028,389.43049,0.8,"[3644.93333333, 3644.93333333]","[20.0, 20.0]",0.08,0.0,-30.0,null,gabors,10.0,null,4.0,0.25021174,43,0.0046172404,-1.1631954,8,0.14713299,True,5,test,0
1218,0.0,389.43049,389.6807,0.8,"[3644.93333333, 3644.93333333]","[20.0, 20.0]",0.08,45.0,30.0,null,gabors,30.0,null,4.0,0.25021174,59,0.043993307,-1.1249352,7,0.10088994,True,6,train,1
1219,0.0,389.6807,389.93091,0.8,"[3644.93333333, 3644.93333333]","[20.0, 20.0]",0.08,90.0,40.0,null,gabors,20.0,null,4.0,0.25021174,189,-0.08918062,-1.0398594,8,0.15952309,True,6,train,2
1220,0.0,389.93091,390.18112,0.8,"[3644.93333333, 3644.93333333]","[20.0, 20.0]",0.08,45.0,40.0,null,gabors,30.0,null,4.0,0.25021174,53,-0.19843811,-1.0113897,7,0.093038108,True,4,train,1
1221,0.0,390.18112,390.43134,0.8,"[3644.93333333, 3644.93333333]","[20.0, 20.0]",0.08,0.0,-10.0,null,gabors,10.0,null,4.0,0.25021826,114,0.0062087755,-1.0577303,8,0.14665405,True,6,train,0
1222,0.0,390.43134,390.68156,0.8,"[3644.93333333, 3644.93333333]","[20.0, 20.0]",0.08,45.0,-10.0,null,gabors,-40.0,null,4.0,0.25021826,238,-0.030555035,-1.3244985,7,0.27798692,True,3,train,1
1223,0.0,390.68156,390.93178,0.8,"[3644.93333333, 3644.93333333]","[20.0, 20.0]",0.08,90.0,30.0,null,gabors,30.0,null,4.0,0.25021826,115,-0.30349509,-1.0867873,8,0.26845906,True,7,train,2
1224,0.0,390.93178,391.182,0.8,"[3644.93333333, 3644.93333333]","[20.0, 20.0]",0.08,90.0,10.0,null,gabors,0.0,null,4.0,0.25021826,17,-0.11939266,-1.0836348,7,0.13609601,True,4,train,2
1225,0.0,391.182,391.4322,0.8,"[3644.93333333, 3644.93333333]","[20.0, 20.0]",0.08,45.0,0.0,null,gabors,-40.0,null,4.0,0.25020174,105,-0.14996048,-0.96554091,8,0.091625221,True,6,train,1
1226,0.0,391.4322,391.6824,0.8,"[3644.93333333, 3644.93333333]","[20.0, 20.0]",0.08,90.0,20.0,null,gabors,10.0,null,4.0,0.25020174,129,-0.10162976,-0.95384125,7,0.08530645,True,5,test,2
1227,0.0,391.6824,391.9326,0.8,"[3644.93333333, 3644.93333333]","[20.0, 20.0]",0.08,45.0,-10.0,null,gabors,40.0,null,4.0,0.25020174,39,-0.09076428,-0.65650578,8,0.075642801,True,5,test,1
1228,0.0,391.9326,392.1828,0.8,"[3644.93333333, 3644.93333333]","[20.0, 20.0]",0.08,0.0,-40.0,null,gabors,30.0,null,4.0,0.25020174,203,-0.06656381,-0.65499211,7,0.066447242,True,3,train,0
1229,0.0,392.1828,392.43301,0.8,"[3644.93333333, 3644.93333333]","[20.0, 20.0]",0.08,45.0,0.0,null,gabors,30.0,null,4.0,0.25021076,64,-0.069983817,-0.79489896,8,0.10082609,True,5,test,1
1230,0.0,392.43301,392.68323,0.8,"[3644.93333333, 3644.93333333]","[20.0, 20.0]",0.08,0.0,40.0,null,gabors,-10.0,null,4.0,0.25021076,67,0.054541218,-0.8728632,7,0.05034337,True,5,test,0
1231,0.0,392.68323,392.93344,0.8,"[3644.93333333, 3644.93333333]","[20.0, 20.0]",0.08,45.0,-40.0,null,gabors,-10.0,null,4.0,0.25021076,118,-0.037818931,-0.85196714,8,0.061602747,True,6,train,1
1232,0.0,392.93344,393.18365,0.8,"[3644.93333333, 3644.93333333]","[20.0, 20.0]",0.08,45.0,-40.0,null,gabors,20.0,null,4.0,0.25021076,96,-0.038616972,-0.96848121,7,0.097330612,True,6,train,1
1233,0.0,393.18365,393.43385,0.8,"[3644.93333333, 3644.93333333]","[20.0, 20.0]",0.08,45.0,-40.0,null,gabors,40.0,null,4.0,0.25020424,134,0.031079398,-0.88156385,8,0.096644245,True,6,train,1
1234,0.0,393.43385,393.68406,0.8,"[3644.93333333, 3644.93333333]","[20.0, 20.0]",0.08,0.0,-20.0,null,gabors,30.0,null,4.0,0.25020424,11,0.077002015,-0.79228529,7,0.26413269,True,4,train,0
1235,0.0,393.68406,393.93426,0.8,"[3644.93333333, 3644.93333333]","[20.0, 20.0]",0.08,0.0,20.0,null,gabors,10.0,null,4.0,0.25020424,207,-0.16008248,-0.82104778,8,0.20429414,True,7,train,0
1236,0.0,393.93426,394.18446,0.8,"[3644.93333333, 3644.93333333]","[20.0, 20.0]",0.08,0.0,40.0,null,gabors,-10.0,null,4.0,0.25020424,67,-0.1329354,-0.62450592,7,0.096521147,True,6,train,0
1237,0.0,394.18446,394.43468,0.8,"[3644.93333333, 3644.93333333]","[20.0, 20.0]",0.08,45.0,30.0,null,gabors,30.0,null,4.0,0.25021576,59,0.046307345,-0.53683189,8,0.12212213,True,7,train,1
1238,0.0,394.43468,394.6849,0.8,"[3644.93333333, 3644.93333333]","[20.0, 20.0]",0.08,45.0,-10.0,null,gabors,-40.0,null,4.0,0.25021576,238,-0.24532616,-0.46366854,7,0.4788019,True,4,train,1
1239,0.0,394.6849,394.93511,0.8,"[3644.93333333, 3644.93333333]","[20.0, 20.0]",0.08,0.0,-20.0,null,gabors,-30.0,null,4.0,0.25021576,236,-0.32715716,-2.2582686,8,0.20202957,True,3,train,0
1240,0.0,394.93511,395.18533,0.8,"[3644.93333333, 3644.93333333]","[20.0, 20.0]",0.08,0.0,30.0,null,gabors,-40.0,null,4.0,0.25021576,200,-0.23967247,-2.4210002,7,0.12855247,True,8,test,0
1241,0.0,395.18533,395.43553,0.8,"[3644.93333333, 3644.93333333]","[20.0, 20.0]",0.08,90.0,-10.0,null,gabors,-30.0,null,4.0,0.25020174,101,-0.44268857,-2.4874073,8,0.117698,True,3,train,2
1242,0.0,395.43553,395.68573,0.8,"[3644.93333333, 3644.93333333]","[20.0, 20.0]",0.08,45.0,-30.0,null,gabors,-20.0,null,4.0,0.25020174,205,-0.45204352,-2.5349851,7,0.16117878,True,6,train,1
1243,0.0,395.68573,395.93593,0.8,"[3644.93333333, 3644.93333333]","[20.0, 20.0]",0.08,0.0,-10.0,null,gabors,20.0,null,4.0,0.25020174,28,-0.59047042,-2.5414322,8,0.1024914,True,2,test,0
1244,0.0,395.93593,396.18613,0.8,"[3644.93333333, 3644.93333333]","[20.0, 20.0]",0.08,0.0,30.0,null,gabors,20.0,null,4.0,0.25020174,217,-0.55985992,-2.4608966,7,0.12411111,True,3,train,0
1245,0.0,396.18613,396.43634,0.8,"[3644.93333333, 3644.93333333]","[20.0, 20.0]",0.08,45.0,-40.0,null,gabors,-40.0,null,4.0,0.25021076,157,-0.51970924,-2.5106363,8,0.12236878,True,9,train,1
1246,0.0,396.43634,396.68656,0.8,"[3644.93333333, 3644.93333333]","[20.0, 20.0]",0.08,45.0,10.0,null,gabors,-10.0,null,4.0,0.25021076,31,-0.5929235,-2.2899918,7,0.1133646,True,6,train,1
1247,0.0,396.68656,396.93677,0.8,"[3644.93333333, 3644.93333333]","[20.0, 20.0]",0.08,45.0,-10.0,null,gabors,-40.0,null,4.0,0.25021076,238,-0.3993682,-2.3607261,8,0.12339723,True,5,test,1
1248,0.0,396.93677,397.18698,0.8,"[3644.93333333, 3644.93333333]","[20.0, 20.0]",0.08,90.0,10.0,null,gabors,30.0,null,4.0,0.25021076,229,-0.47502435,-2.2568746,7,0.13737039,True,5,test,2
1249,0.0,397.18698,397.43719,0.8,"[3644.93333333, 3644.93333333]","[20.0, 20.0]",0.08,45.0,40.0,null,gabors,10.0,null,4.0,0.25020924,150,-0.35067376,-2.4753535,8,0.14253311,True,5,test,1
1250,0.0,397.43719,397.6874,0.8,"[3644.93333333, 3644.93333333]","[20.0, 20.0]",0.08,0.0,-20.0,null,gabors,-30.0,null,4.0,0.25020924,236,-0.53906108,-2.2814446,7,0.20849363,True,4,train,0
1251,0.0,397.6874,397.9376,0.8,"[3644.93333333, 3644.93333333]","[20.0, 20.0]",0.08,90.0,-20.0,null,gabors,-30.0,null,4.0,0.25020924,162,-0.69383187,-2.0601181,8,0.30607425,True,3,train,2
1252,0.0,397.9376,398.18781,0.8,"[3644.93333333, 3644.93333333]","[20.0, 20.0]",0.08,45.0,10.0,null,gabors,-10.0,null,4.0,0.25020924,31,0.014160141,2.6331546,7,2.8875641,True,7,train,1
1253,0.0,398.18781,398.43802,0.8,"[3644.93333333, 3644.93333333]","[20.0, 20.0]",0.08,90.0,40.0,null,gabors,-30.0,null,4.0,0.25020826,13,0.33904517,2.5555475,8,0.12151848,True,8,test,2
1254,0.0,398.43802,398.68823,0.8,"[3644.93333333, 3644.93333333]","[20.0, 20.0]",0.08,45.0,40.0,null,gabors,-10.0,null,4.0,0.25020826,171,0.39425263,2.3716225,7,0.1501759,True,6,train,1
1255,0.0,398.68823,398.93844,0.8,"[3644.93333333, 3644.93333333]","[20.0, 20.0]",0.08,0.0,40.0,null,gabors,-30.0,null,4.0,0.25020826,92,0.26715273,2.3117911,8,0.076134958,True,5,test,0
1256,0.0,398.93844,399.18865,0.8,"[3644.93333333, 3644.93333333]","[20.0, 20.0]",0.08,45.0,20.0,null,gabors,-40.0,null,4.0,0.25020826,109,0.26595961,2.0797673,7,1.5100024,True,5,test,1
1257,0.0,399.18865,399.43886,0.8,"[3644.93333333, 3644.93333333]","[20.0, 20.0]",0.08,0.0,-40.0,null,gabors,20.0,null,4.0,0.25020924,151,1.3471681,5.1420345,8,0.13601286,True,6,train,0
1258,0.0,399.43886,399.68907,0.8,"[3644.93333333, 3644.93333333]","[20.0, 20.0]",0.08,90.0,30.0,null,gabors,30.0,null,4.0,0.25020924,115,1.1760827,5.0345772,7,0.099320641,True,8,test,2
1259,0.0,399.68907,399.93927,0.8,"[3644.93333333, 3644.93333333]","[20.0, 20.0]",0.08,90.0,10.0,null,gabors,-40.0,null,4.0,0.25020924,117,1.3530817,4.8462124,8,0.12099131,True,6,train,2
1260,0.0,399.93927,400.18948,0.8,"[3644.93333333, 3644.93333333]","[20.0, 20.0]",0.08,90.0,-20.0,null,gabors,40.0,null,4.0,0.25020924,147,1.0178914,4.5839899,7,0.15647281,True,6,train,2
1261,0.0,400.18948,400.4397,0.8,"[3644.93333333, 3644.93333333]","[20.0, 20.0]",0.08,0.0,-20.0,null,gabors,20.0,null,4.0,0.25021826,237,1.1401103,4.6048233,8,0.16013826,True,3,train,0
1262,0.0,400.4397,400.68992,0.8,"[3644.93333333, 3644.93333333]","[20.0, 20.0]",0.08,0.0,40.0,null,gabors,-40.0,null,4.0,0.25021826,174,0.98524909,4.2719933,7,0.12094476,True,4,train,0
1263,0.0,400.68992,400.94014,0.8,"[3644.93333333, 3644.93333333]","[20.0, 20.0]",0.08,0.0,40.0,null,gabors,0.0,null,4.0,0.25021826,242,1.0445518,4.1922713,8,0.10308737,True,2,test,0
1264,0.0,400.94014,401.19036,0.8,"[3644.93333333, 3644.93333333]","[20.0, 20.0]",0.08,0.0,-30.0,null,gabors,30.0,null,4.0,0.25021826,146,1.1011603,4.2693869,7,0.15296362,True,2,test,0
1265,0.0,401.19036,401.44056,0.8,"[3644.93333333, 3644.93333333]","[20.0, 20.0]",0.08,45.0,-20.0,null,gabors,30.0,null,4.0,0.25020174,232,1.0143999,3.9943262,8,0.16629466,True,2,test,1
1266,0.0,401.44056,401.69076,0.8,"[3644.93333333, 3644.93333333]","[20.0, 20.0]",0.08,45.0,-30.0,null,gabors,-10.0,null,4.0,0.25020174,41,0.97507664,3.9009678,7,0.21275964,True,7,train,1
1267,0.0,401.69076,401.94096,0.8,"[3644.93333333, 3644.93333333]","[20.0, 20.0]",0.08,45.0,40.0,null,gabors,10.0,null,4.0,0.25020174,150,1.0329809,3.8649823,7,0.12889711,True,6,train,1
1268,0.0,401.94096,402.19116,0.8,"[3644.93333333, 3644.93333333]","[20.0, 20.0]",0.08,45.0,-20.0,null,gabors,-10.0,null,4.0,0.25020174,152,1.0235398,3.8750724,7,0.24132416,True,4,train,1
1269,0.0,402.19116,402.44137,0.8,"[3644.93333333, 3644.93333333]","[20.0, 20.0]",0.08,0.0,0.0,null,gabors,-40.0,null,4.0,0.25021076,239,0.98027041,3.6847728,8,0.14054404,True,5,test,0
1270,0.0,402.44137,402.69159,0.8,"[3644.93333333, 3644.93333333]","[20.0, 20.0]",0.08,0.0,0.0,null,gabors,-30.0,null,4.0,0.25021076,186,1.1096115,3.6365719,8,0.12595444,True,4,train,0
1271,0.0,402.69159,402.9418,0.8,"[3644.93333333, 3644.93333333]","[20.0, 20.0]",0.08,90.0,0.0,null,gabors,-40.0,null,4.0,0.25021076,82,1.2064163,3.4730615,7,0.20455448,True,4,train,2
1272,0.0,402.9418,403.19201,0.8,"[3644.93333333, 3644.93333333]","[20.0, 20.0]",0.08,90.0,-10.0,null,gabors,-10.0,null,4.0,0.25021076,32,1.1574123,3.6144343,7,0.16183385,True,4,train,2
1273,0.0,403.19201,403.44221,0.8,"[3644.93333333, 3644.93333333]","[20.0, 20.0]",0.08,90.0,10.0,null,gabors,30.0,null,4.0,0.25020674,229,1.3044444,3.6624536,8,0.15837484,True,6,train,2
1274,0.0,403.44221,403.69242,0.8,"[3644.93333333, 3644.93333333]","[20.0, 20.0]",0.08,90.0,-30.0,null,gabors,0.0,null,4.0,0.25020674,188,1.2573043,3.4511213,8,0.21949643,True,5,test,2
1275,0.0,403.69242,403.94263,0.8,"[3644.93333333, 3644.93333333]","[20.0, 20.0]",0.08,45.0,-10.0,null,gabors,-20.0,null,4.0,0.25020674,166,1.3798453,3.3598847,7,0.10316426,True,5,test,1
1276,0.0,403.94263,404.19283,0.8,"[3644.93333333, 3644.93333333]","[20.0, 20.0]",0.08,45.0,-20.0,null,gabors,-30.0,null,4.0,0.25020674,85,1.4501643,3.3868183,7,0.16805451,True,4,train,1
1277,0.0,404.19283,404.44304,0.8,"[3644.93333333, 3644.93333333]","[20.0, 20.0]",0.08,90.0,-40.0,null,gabors,40.0,null,4.0,0.25020576,156,1.194249,3.5061895,8,0.26837292,True,4,train,2
1278,0.0,404.44304,404.69325,0.8,"[3644.93333333, 3644.93333333]","[20.0, 20.0]",0.08,45.0,-20.0,null,gabors,0.0,null,4.0,0.25020576,165,1.3058009,3.4466571,8,0.15256984,True,8,test,1
1279,0.0,404.69325,404.94345,0.8,"[3644.93333333, 3644.93333333]","[20.0, 20.0]",0.08,0.0,-10.0,null,gabors,-10.0,null,4.0,0.25020576,136,1.3042951,3.5859992,7,0.10960389,True,7,train,0
1280,0.0,404.94345,405.19366,0.8,"[3644.93333333, 3644.93333333]","[20.0, 20.0]",0.08,90.0,30.0,null,gabors,-30.0,null,4.0,0.25020576,234,1.334421,3.4724003,7,0.10308999,True,4,train,2
1281,0.0,405.19366,405.44387,0.8,"[3644.93333333, 3644.93333333]","[20.0, 20.0]",0.08,45.0,0.0,null,gabors,-20.0,null,4.0,0.25021174,177,1.268808,3.5227765,8,0.13263401,True,3,train,1
1282,0.0,405.44387,405.69408,0.8,"[3644.93333333, 3644.93333333]","[20.0, 20.0]",0.08,45.0,-30.0,null,gabors,40.0,null,4.0,0.25021174,3,1.2583762,3.2356229,8,0.13925662,True,5,test,1
1283,0.0,405.69408,405.94429,0.8,"[3644.93333333, 3644.93333333]","[20.0, 20.0]",0.08,0.0,40.0,null,gabors,-40.0,null,4.0,0.25021174,174,1.3883719,3.4070262,7,0.11872544,True,5,test,0
1284,0.0,405.94429,406.1945,0.8,"[3644.93333333, 3644.93333333]","[20.0, 20.0]",0.08,45.0,40.0,null,gabors,20.0,null,4.0,0.25021174,180,0.88066812,3.3633273,7,1.2926008,True,5,test,1
1285,0.0,406.1945,406.44472,0.8,"[3644.93333333, 3644.93333333]","[20.0, 20.0]",0.08,90.0,0.0,null,gabors,-10.0,null,4.0,0.25021576,7,0.22108746,0.34267175,7,0.12710436,True,3,train,2
1286,0.0,406.44472,406.69494,0.8,"[3644.93333333, 3644.93333333]","[20.0, 20.0]",0.08,0.0,-10.0,null,gabors,0.0,null,4.0,0.25021576,201,0.21069233,0.29674302,8,0.14871286,True,3,train,0
1287,0.0,406.69494,406.94515,0.8,"[3644.93333333, 3644.93333333]","[20.0, 20.0]",0.08,90.0,20.0,null,gabors,-40.0,null,4.0,0.25021576,149,0.21484735,0.22827533,7,0.083352631,True,7,train,2
1288,0.0,406.94515,407.19537,0.8,"[3644.93333333, 3644.93333333]","[20.0, 20.0]",0.08,0.0,20.0,null,gabors,-40.0,null,4.0,0.25021576,135,0.17189189,0.0216704,8,0.1702085,True,4,train,0
1289,0.0,407.19537,407.44557,0.8,"[3644.93333333, 3644.93333333]","[20.0, 20.0]",0.08,0.0,20.0,null,gabors,10.0,null,4.0,0.25020174,207,0.2055254,-0.029074042,7,0.14540933,True,8,test,0
1290,0.0,407.44557,407.69577,0.8,"[3644.93333333, 3644.93333333]","[20.0, 20.0]",0.08,0.0,20.0,null,gabors,-40.0,null,4.0,0.25020174,135,0.18828412,0.23953054,8,0.13307005,True,5,test,0
1291,0.0,407.69577,407.94597,0.8,"[3644.93333333, 3644.93333333]","[20.0, 20.0]",0.08,0.0,-30.0,null,gabors,-40.0,null,4.0,0.25020174,12,-0.057113762,-0.046167794,7,0.11096686,True,4,train,0
1292,0.0,407.94597,408.19617,0.8,"[3644.93333333, 3644.93333333]","[20.0, 20.0]",0.08,90.0,40.0,null,gabors,0.0,null,4.0,0.25020174,183,-0.01624055,0.10590761,8,0.14607258,True,4,train,2
1293,0.0,408.19617,408.44639,0.8,"[3644.93333333, 3644.93333333]","[20.0, 20.0]",0.08,45.0,20.0,null,gabors,10.0,null,4.0,0.25021576,187,0.098723534,-0.036570973,7,0.10009139,True,3,train,1
1294,0.0,408.44639,408.69661,0.8,"[3644.93333333, 3644.93333333]","[20.0, 20.0]",0.08,90.0,-10.0,null,gabors,0.0,null,4.0,0.25021576,227,0.032311347,-0.060868617,8,0.1933713,True,3,train,2
1295,0.0,408.69661,408.94682,0.8,"[3644.93333333, 3644.93333333]","[20.0, 20.0]",0.08,0.0,-30.0,null,gabors,20.0,null,4.0,0.25021576,185,0.42600565,0.046869419,7,0.13252867,True,8,test,0
1296,0.0,408.94682,409.19704,0.8,"[3644.93333333, 3644.93333333]","[20.0, 20.0]",0.08,90.0,-10.0,null,gabors,40.0,null,4.0,0.25021576,29,0.28003301,-0.21048252,8,0.19647511,True,3,train,2
1297,0.0,409.19704,409.44724,0.8,"[3644.93333333, 3644.93333333]","[20.0, 20.0]",0.08,90.0,-10.0,null,gabors,-20.0,null,4.0,0.25020174,241,0.15246532,-0.24068093,7,0.82259581,True,1,train,2
1298,0.0,409.44724,409.69744,0.8,"[3644.93333333, 3644.93333333]","[20.0, 20.0]",0.08,45.0,10.0,null,gabors,-30.0,null,4.0,0.25020174,9,-0.23946969,-2.3412227,8,0.18897116,True,6,train,1
1299,0.0,409.69744,409.94764,0.8,"[3644.93333333, 3644.93333333]","[20.0, 20.0]",0.08,0.0,40.0,null,gabors,30.0,null,4.0,0.25020174,2,-0.42780089,-2.3466058,7,0.18655846,True,2,test,0
1300,0.0,409.94764,410.19784,0.8,"[3644.93333333, 3644.93333333]","[20.0, 20.0]",0.08,90.0,20.0,null,gabors,40.0,null,4.0,0.25020174,79,-0.35951048,-2.3653293,8,0.24348303,True,6,train,2
1301,0.0,410.19784,410.44807,0.8,"[3644.93333333, 3644.93333333]","[20.0, 20.0]",0.08,0.0,40.0,null,gabors,10.0,null,4.0,0.25022326,230,-0.82494287,-2.2436252,7,0.19965202,True,3,train,0
1302,0.0,410.44807,410.69829,0.8,"[3644.93333333, 3644.93333333]","[20.0, 20.0]",0.08,0.0,40.0,null,gabors,-20.0,null,4.0,0.25022326,78,-0.49395891,-2.0621832,8,0.33406373,True,7,train,0
1303,0.0,410.69829,410.94851,0.8,"[3644.93333333, 3644.93333333]","[20.0, 20.0]",0.08,0.0,20.0,null,gabors,-10.0,null,4.0,0.25022326,213,-0.52275022,-2.0641698,7,0.15499398,True,4,train,0
1304,0.0,410.94851,411.19874,0.8,"[3644.93333333, 3644.93333333]","[20.0, 20.0]",0.08,0.0,40.0,null,gabors,20.0,null,4.0,0.25022326,14,-0.47047632,-2.1274638,8,0.22980184,True,6,train,0
1305,0.0,411.19874,411.44893,0.8,"[3644.93333333, 3644.93333333]","[20.0, 20.0]",0.08,0.0,0.0,null,gabors,20.0,null,4.0,0.25019674,192,-0.70373101,-2.284242,7,0.22815292,True,7,train,0
1306,0.0,411.44893,411.69913,0.8,"[3644.93333333, 3644.93333333]","[20.0, 20.0]",0.08,90.0,0.0,null,gabors,10.0,null,4.0,0.25019674,161,-0.68267035,-2.1919638,8,0.29155581,True,6,train,2
1307,0.0,411.69913,411.94933,0.8,"[3644.93333333, 3644.93333333]","[20.0, 20.0]",0.08,0.0,-30.0,null,gabors,-10.0,null,4.0,0.25019674,71,-0.61479309,-2.2171054,7,0.19722115,True,4,train,0
1308,0.0,411.94933,412.19952,0.8,"[3644.93333333, 3644.93333333]","[20.0, 20.0]",0.08,90.0,20.0,null,gabors,-40.0,null,4.0,0.25019674,149,-0.5125555,-2.4472733,8,0.20499913,True,8,test,2
1309,0.0,412.19952,412.44974,0.8,"[3644.93333333, 3644.93333333]","[20.0, 20.0]",0.08,0.0,20.0,null,gabors,20.0,null,4.0,0.25021576,196,-0.3735931,-8.4672041,7,2.494504,True,7,train,0
1310,0.0,412.44974,412.69996,0.8,"[3644.93333333, 3644.93333333]","[20.0, 20.0]",0.08,0.0,0.0,null,gabors,-40.0,null,4.0,0.25021576,239,-0.66665941,-8.6843161,5,0.26362172,True,6,train,0
1311,0.0,412.69996,412.95017,0.8,"[3644.93333333, 3644.93333333]","[20.0, 20.0]",0.08,90.0,30.0,null,gabors,40.0,null,4.0,0.25021576,142,-0.57693224,-8.635626,5,0.25524748,True,7,train,2
1312,0.0,412.95017,413.20039,0.8,"[3644.93333333, 3644.93333333]","[20.0, 20.0]",0.08,90.0,-40.0,null,gabors,40.0,null,4.0,0.25021576,156,-0.90401251,-8.6068052,4,0.18466058,True,5,test,2
1313,0.0,413.20039,413.45059,0.8,"[3644.93333333, 3644.93333333]","[20.0, 20.0]",0.08,90.0,0.0,null,gabors,10.0,null,4.0,0.25020174,161,,,2,,False,7,train,2
1314,0.0,413.45059,413.70079,0.8,"[3644.93333333, 3644.93333333]","[20.0, 20.0]",0.08,90.0,0.0,null,gabors,30.0,null,4.0,0.25020174,215,-0.34696871,-8.5943102,5,3.6568247,True,3,train,2
1315,0.0,413.70079,413.95099,0.8,"[3644.93333333, 3644.93333333]","[20.0, 20.0]",0.08,0.0,-40.0,null,gabors,-10.0,null,4.0,0.25020174,103,0.50186666,-1.7895179,7,0.18941436,True,3,train,0
1316,0.0,413.95099,414.20119,0.8,"[3644.93333333, 3644.93333333]","[20.0, 20.0]",0.08,45.0,0.0,null,gabors,0.0,null,4.0,0.25020174,191,0.71392854,-1.8793066,8,0.10538035,True,5,test,1
1317,0.0,414.20119,414.45141,0.8,"[3644.93333333, 3644.93333333]","[20.0, 20.0]",0.08,45.0,-10.0,null,gabors,30.0,null,4.0,0.25022076,175,0.32910328,-1.836659,7,0.21828817,True,6,train,1
1318,0.0,414.45141,414.70164,0.8,"[3644.93333333, 3644.93333333]","[20.0, 20.0]",0.08,45.0,20.0,null,gabors,10.0,null,4.0,0.25022076,187,0.07399333,-1.7740154,8,0.12307952,True,4,train,1
1319,0.0,414.70164,414.95186,0.8,"[3644.93333333, 3644.93333333]","[20.0, 20.0]",0.08,0.0,-10.0,null,gabors,-40.0,null,4.0,0.25022076,112,0.0045911645,-1.8720041,7,0.28668035,True,3,train,0
1320,0.0,414.95186,415.20208,0.8,"[3644.93333333, 3644.93333333]","[20.0, 20.0]",0.08,90.0,-40.0,null,gabors,-40.0,null,4.0,0.25022076,243,-0.006853864,-1.8251037,8,0.10498494,True,1,train,2
1321,0.0,415.20208,415.45228,0.8,"[3644.93333333, 3644.93333333]","[20.0, 20.0]",0.08,0.0,30.0,null,gabors,10.0,null,4.0,0.25019924,137,-0.11472253,-1.8400065,7,0.22740019,True,3,train,0
1322,0.0,415.45228,415.70248,0.8,"[3644.93333333, 3644.93333333]","[20.0, 20.0]",0.08,0.0,30.0,null,gabors,-40.0,null,4.0,0.25019924,200,-0.012929325,-1.9734963,8,0.095682991,True,9,train,0
1323,0.0,415.70248,415.95267,0.8,"[3644.93333333, 3644.93333333]","[20.0, 20.0]",0.08,0.0,40.0,null,gabors,20.0,null,4.0,0.25019924,14,-0.13335041,-1.8743118,7,0.15124523,True,7,train,0
1324,0.0,415.95267,416.20287,0.8,"[3644.93333333, 3644.93333333]","[20.0, 20.0]",0.08,0.0,0.0,null,gabors,20.0,null,4.0,0.25019924,192,-0.022967001,-2.2627865,8,0.2283312,True,8,test,0
1325,0.0,416.20287,416.45309,0.8,"[3644.93333333, 3644.93333333]","[20.0, 20.0]",0.08,45.0,-20.0,null,gabors,0.0,null,4.0,0.25021576,165,0.29915371,-2.0903646,7,0.32106998,True,9,train,1
1326,0.0,416.45309,416.70331,0.8,"[3644.93333333, 3644.93333333]","[20.0, 20.0]",0.08,90.0,-10.0,null,gabors,-20.0,null,4.0,0.25021576,241,0.48493312,-2.1227563,8,0.2676583,True,2,test,2
1327,0.0,416.70331,416.95352,0.8,"[3644.93333333, 3644.93333333]","[20.0, 20.0]",0.08,90.0,20.0,null,gabors,20.0,null,4.0,0.25021576,210,0.54360885,-2.1086266,7,0.33338847,True,4,train,2
1328,0.0,416.95352,417.20374,0.8,"[3644.93333333, 3644.93333333]","[20.0, 20.0]",0.08,90.0,10.0,null,gabors,-10.0,null,4.0,0.25021576,138,1.0821616,-1.8308865,8,0.3059745,True,7,train,2
1329,0.0,417.20374,417.45394,0.8,"[3644.93333333, 3644.93333333]","[20.0, 20.0]",0.08,90.0,20.0,null,gabors,-40.0,null,4.0,0.25020174,149,1.0022063,-1.9918064,7,0.20765577,True,9,train,2
1330,0.0,417.45394,417.70414,0.8,"[3644.93333333, 3644.93333333]","[20.0, 20.0]",0.08,45.0,0.0,null,gabors,-30.0,null,4.0,0.25020174,46,0.70051505,-1.9940048,8,0.19369237,True,5,test,1
1331,0.0,417.70414,417.95434,0.8,"[3644.93333333, 3644.93333333]","[20.0, 20.0]",0.08,0.0,-40.0,null,gabors,10.0,null,4.0,0.25020174,15,0.36479036,-2.0925908,7,0.20942971,True,5,test,0
1332,0.0,417.95434,418.20454,0.8,"[3644.93333333, 3644.93333333]","[20.0, 20.0]",0.08,0.0,-10.0,null,gabors,20.0,null,4.0,0.25020174,28,0.3497515,-2.0719977,8,0.14080787,True,3,train,0
1333,0.0,418.20454,418.45476,0.8,"[3644.93333333, 3644.93333333]","[20.0, 20.0]",0.08,0.0,30.0,null,gabors,20.0,null,4.0,0.25021326,217,0.48435482,-2.0402882,7,0.22070441,True,4,train,0
1334,0.0,418.45476,418.70497,0.8,"[3644.93333333, 3644.93333333]","[20.0, 20.0]",0.08,0.0,-20.0,null,gabors,40.0,null,4.0,0.25021326,33,0.29491195,-2.1274603,8,0.069550614,True,8,test,0
1335,0.0,418.70497,418.95518,0.8,"[3644.93333333, 3644.93333333]","[20.0, 20.0]",0.08,0.0,30.0,null,gabors,-20.0,null,4.0,0.25021326,176,0.66544446,-1.9362394,7,0.18729931,True,7,train,0
1336,0.0,418.95518,419.2054,0.8,"[3644.93333333, 3644.93333333]","[20.0, 20.0]",0.08,0.0,-10.0,null,gabors,-10.0,null,4.0,0.25021326,136,0.47833892,-2.1679997,8,0.12850713,True,8,test,0
1337,0.0,419.2054,419.4556,0.8,"[3644.93333333, 3644.93333333]","[20.0, 20.0]",0.08,0.0,-40.0,null,gabors,-40.0,null,4.0,0.25020674,69,0.41895435,-2.0957949,7,0.17609623,True,6,train,0
1338,0.0,419.4556,419.70581,0.8,"[3644.93333333, 3644.93333333]","[20.0, 20.0]",0.08,90.0,10.0,null,gabors,40.0,null,4.0,0.25020674,225,0.41512657,-2.2282281,8,0.056872081,True,6,train,2
1339,0.0,419.70581,419.95602,0.8,"[3644.93333333, 3644.93333333]","[20.0, 20.0]",0.08,90.0,-10.0,null,gabors,-20.0,null,4.0,0.25020674,241,0.46662831,-2.0944278,7,0.081612363,True,3,train,2
1340,0.0,419.95602,420.20622,0.8,"[3644.93333333, 3644.93333333]","[20.0, 20.0]",0.08,0.0,0.0,null,gabors,10.0,null,4.0,0.25020674,58,0.40712289,-2.0942499,8,0.10302852,True,5,test,0
1341,0.0,420.20622,420.45644,0.8,"[3644.93333333, 3644.93333333]","[20.0, 20.0]",0.08,0.0,20.0,null,gabors,-20.0,null,4.0,0.25021576,132,0.29288077,-2.0226385,7,0.086791335,True,5,test,0
1342,0.0,420.45644,420.70666,0.8,"[3644.93333333, 3644.93333333]","[20.0, 20.0]",0.08,0.0,30.0,null,gabors,-10.0,null,4.0,0.25021576,65,0.2348059,-2.2143258,8,0.10622916,True,7,train,0
1343,0.0,420.70666,420.95687,0.8,"[3644.93333333, 3644.93333333]","[20.0, 20.0]",0.08,45.0,-40.0,null,gabors,-10.0,null,4.0,0.25021576,118,0.27759237,-2.2337793,7,0.074007613,True,7,train,1
1344,0.0,420.95687,421.20709,0.8,"[3644.93333333, 3644.93333333]","[20.0, 20.0]",0.08,0.0,0.0,null,gabors,-30.0,null,4.0,0.25021576,186,0.31877487,-2.1246389,7,0.10013142,True,5,test,0
1345,0.0,421.20709,421.45729,0.8,"[3644.93333333, 3644.93333333]","[20.0, 20.0]",0.08,0.0,-10.0,null,gabors,-20.0,null,4.0,0.25020174,125,0.30435262,-1.859125,7,0.13471675,True,3,train,0
1346,0.0,421.45729,421.70749,0.8,"[3644.93333333, 3644.93333333]","[20.0, 20.0]",0.08,90.0,20.0,null,gabors,30.0,null,4.0,0.25020174,10,0.39505244,-1.8556729,7,0.16615902,True,6,train,2
1347,0.0,421.70749,421.95769,0.8,"[3644.93333333, 3644.93333333]","[20.0, 20.0]",0.08,90.0,40.0,null,gabors,40.0,null,4.0,0.25020174,48,0.45759833,-1.8654937,7,0.27773512,True,5,test,2
1348,0.0,421.95769,422.20789,0.8,"[3644.93333333, 3644.93333333]","[20.0, 20.0]",0.08,90.0,0.0,null,gabors,-40.0,null,4.0,0.25020174,82,0.38253656,-2.2182827,7,0.070942982,True,5,test,2
1349,0.0,422.20789,422.45811,0.8,"[3644.93333333, 3644.93333333]","[20.0, 20.0]",0.08,0.0,20.0,null,gabors,10.0,null,4.0,0.25021826,207,0.26722073,-2.0032182,8,0.11413563,True,9,train,0
1350,0.0,422.45811,422.70833,0.8,"[3644.93333333, 3644.93333333]","[20.0, 20.0]",0.08,0.0,30.0,null,gabors,20.0,null,4.0,0.25021826,217,0.1326768,-2.1244677,7,0.083342309,True,5,test,0
1351,0.0,422.70833,422.95855,0.8,"[3644.93333333, 3644.93333333]","[20.0, 20.0]",0.08,45.0,20.0,null,gabors,-40.0,null,4.0,0.25021826,109,0.1603592,-1.9765237,8,0.12604212,True,6,train,1
1352,0.0,422.95855,423.20877,0.8,"[3644.93333333, 3644.93333333]","[20.0, 20.0]",0.08,90.0,-40.0,null,gabors,0.0,null,4.0,0.25021826,4,0.51539339,-2.1522966,7,0.33307675,True,8,test,2
1353,0.0,423.20877,423.45897,0.8,"[3644.93333333, 3644.93333333]","[20.0, 20.0]",0.08,90.0,-30.0,null,gabors,20.0,null,4.0,0.25019924,173,0.5930343,-1.8782806,8,0.17504631,True,7,train,2
1354,0.0,423.45897,423.70917,0.8,"[3644.93333333, 3644.93333333]","[20.0, 20.0]",0.08,45.0,10.0,null,gabors,-10.0,null,4.0,0.25019924,31,0.50886767,-1.6382143,7,0.15913156,True,8,test,1
1355,0.0,423.70917,423.95936,0.8,"[3644.93333333, 3644.93333333]","[20.0, 20.0]",0.08,45.0,20.0,null,gabors,-40.0,null,4.0,0.25019924,109,0.38459871,-1.6354956,8,0.097182655,True,7,train,1
1356,0.0,423.95936,424.20956,0.8,"[3644.93333333, 3644.93333333]","[20.0, 20.0]",0.08,45.0,0.0,null,gabors,40.0,null,4.0,0.25019924,159,0.42409502,-1.5443306,7,0.11368856,True,6,train,1
1357,0.0,424.20956,424.45978,0.8,"[3644.93333333, 3644.93333333]","[20.0, 20.0]",0.08,90.0,-40.0,null,gabors,30.0,null,4.0,0.25021826,120,0.26198803,-1.5399866,8,0.1039071,True,5,test,2
1358,0.0,424.45978,424.71,0.8,"[3644.93333333, 3644.93333333]","[20.0, 20.0]",0.08,0.0,0.0,null,gabors,20.0,null,4.0,0.25021826,192,0.16102218,-1.3469467,7,0.15715393,True,9,train,0
1359,0.0,424.71,424.96022,0.8,"[3644.93333333, 3644.93333333]","[20.0, 20.0]",0.08,0.0,-20.0,null,gabors,40.0,null,4.0,0.25021826,33,0.20513841,-1.1771051,8,0.15288897,True,9,train,0
1360,0.0,424.96022,425.21044,0.8,"[3644.93333333, 3644.93333333]","[20.0, 20.0]",0.08,45.0,20.0,null,gabors,-40.0,null,4.0,0.25021826,109,0.29280522,-1.2988817,7,0.10887028,True,8,test,1
1361,0.0,425.21044,425.46064,0.8,"[3644.93333333, 3644.93333333]","[20.0, 20.0]",0.08,0.0,40.0,null,gabors,30.0,null,4.0,0.25019924,2,0.54215052,-1.1654662,8,0.25578718,True,3,train,0
1362,0.0,425.46064,425.71084,0.8,"[3644.93333333, 3644.93333333]","[20.0, 20.0]",0.08,90.0,-40.0,null,gabors,-40.0,null,4.0,0.25019924,243,0.1723589,-1.4237254,7,0.099223925,True,2,test,2
1363,0.0,425.71084,425.96103,0.8,"[3644.93333333, 3644.93333333]","[20.0, 20.0]",0.08,90.0,20.0,null,gabors,10.0,null,4.0,0.25019924,129,0.17142169,-1.4745409,8,0.078183989,True,6,train,2
1364,0.0,425.96103,426.21123,0.8,"[3644.93333333, 3644.93333333]","[20.0, 20.0]",0.08,45.0,-20.0,null,gabors,40.0,null,4.0,0.25019924,81,0.11519981,-1.4062721,7,0.07126763,True,6,train,1
1365,0.0,426.21123,426.46145,0.8,"[3644.93333333, 3644.93333333]","[20.0, 20.0]",0.08,45.0,30.0,null,gabors,10.0,null,4.0,0.25021826,86,0.10283293,-1.4769253,8,0.14112398,True,2,test,1
1366,0.0,426.46145,426.71167,0.8,"[3644.93333333, 3644.93333333]","[20.0, 20.0]",0.08,90.0,10.0,null,gabors,-40.0,null,4.0,0.25021826,117,0.021388046,-1.1037155,7,0.17482801,True,7,train,2
1367,0.0,426.71167,426.96189,0.8,"[3644.93333333, 3644.93333333]","[20.0, 20.0]",0.08,45.0,-10.0,null,gabors,20.0,null,4.0,0.25021826,47,0.1450264,-1.0811124,8,0.15384801,True,7,train,1
1368,0.0,426.96189,427.21211,0.8,"[3644.93333333, 3644.93333333]","[20.0, 20.0]",0.08,90.0,20.0,null,gabors,-20.0,null,4.0,0.25021826,98,0.3790852,-1.1568669,7,0.19274652,True,5,test,2
1369,0.0,427.21211,427.46231,0.8,"[3644.93333333, 3644.93333333]","[20.0, 20.0]",0.08,90.0,40.0,null,gabors,-30.0,null,4.0,0.25019924,13,0.55512343,-1.0435493,8,0.16584242,True,9,train,2
1370,0.0,427.46231,427.71251,0.8,"[3644.93333333, 3644.93333333]","[20.0, 20.0]",0.08,90.0,-10.0,null,gabors,-10.0,null,4.0,0.25019924,32,0.59307378,-1.2730761,7,0.13012252,True,5,test,2
1371,0.0,427.71251,427.9627,0.8,"[3644.93333333, 3644.93333333]","[20.0, 20.0]",0.08,90.0,-10.0,null,gabors,40.0,null,4.0,0.25019924,29,0.50918521,-1.164333,8,1.0932847,True,4,train,2
1372,0.0,427.9627,428.2129,0.8,"[3644.93333333, 3644.93333333]","[20.0, 20.0]",0.08,90.0,-20.0,null,gabors,10.0,null,4.0,0.25019924,100,0.32777615,-5.4398172,7,0.3369279,True,3,train,2
1373,0.0,428.2129,428.46313,0.8,"[3644.93333333, 3644.93333333]","[20.0, 20.0]",0.08,0.0,-40.0,null,gabors,-10.0,null,4.0,0.25022326,103,,,1,,False,4,train,0
1374,0.0,428.46313,428.71335,0.8,"[3644.93333333, 3644.93333333]","[20.0, 20.0]",0.08,90.0,10.0,null,gabors,40.0,null,4.0,0.25022326,225,,,2,,False,7,train,2
1375,0.0,428.71335,428.96357,0.8,"[3644.93333333, 3644.93333333]","[20.0, 20.0]",0.08,45.0,-30.0,null,gabors,-40.0,null,4.0,0.25022326,91,0.3094372,1.2658802,8,0.15691774,True,6,train,1
1376,0.0,428.96357,429.2138,0.8,"[3644.93333333, 3644.93333333]","[20.0, 20.0]",0.08,45.0,-20.0,null,gabors,-40.0,null,4.0,0.25022326,45,1.1435461,4.8716439,7,0.35636404,True,7,train,1
1377,0.0,429.2138,429.46399,0.8,"[3644.93333333, 3644.93333333]","[20.0, 20.0]",0.08,90.0,20.0,null,gabors,10.0,null,4.0,0.25019674,129,0.58793591,3.8933327,8,0.32137779,True,7,train,2
1378,0.0,429.46399,429.71419,0.8,"[3644.93333333, 3644.93333333]","[20.0, 20.0]",0.08,45.0,0.0,null,gabors,-20.0,null,4.0,0.25019674,177,0.79064595,3.6572617,7,0.11636466,True,4,train,1
1379,0.0,429.71419,429.96439,0.8,"[3644.93333333, 3644.93333333]","[20.0, 20.0]",0.08,45.0,-30.0,null,gabors,-30.0,null,4.0,0.25019674,221,0.74276454,3.6389428,8,0.1820734,True,2,test,1
1380,0.0,429.96439,430.21458,0.8,"[3644.93333333, 3644.93333333]","[20.0, 20.0]",0.08,45.0,10.0,null,gabors,-10.0,null,4.0,0.25019674,31,0.80045801,3.3561207,7,0.17277304,True,9,train,1
1381,0.0,430.21458,430.46479,0.8,"[3644.93333333, 3644.93333333]","[20.0, 20.0]",0.08,90.0,30.0,null,gabors,10.0,null,4.0,0.25020826,40,0.83026279,3.4901287,8,0.18516904,True,4,train,2
1382,0.0,430.46479,430.715,0.8,"[3644.93333333, 3644.93333333]","[20.0, 20.0]",0.08,0.0,30.0,null,gabors,10.0,null,4.0,0.25020826,137,0.84992325,3.299462,7,0.17246536,True,4,train,0
1383,0.0,430.715,430.96521,0.8,"[3644.93333333, 3644.93333333]","[20.0, 20.0]",0.08,45.0,-10.0,null,gabors,-10.0,null,4.0,0.25020826,170,0.87246387,3.209811,8,0.16627301,True,6,train,1
1384,0.0,430.96521,431.21542,0.8,"[3644.93333333, 3644.93333333]","[20.0, 20.0]",0.08,45.0,20.0,null,gabors,-10.0,null,4.0,0.25020826,167,0.86318324,3.2156058,7,0.16993645,True,3,train,1
1385,0.0,431.21542,431.46562,0.8,"[3644.93333333, 3644.93333333]","[20.0, 20.0]",0.08,0.0,-20.0,null,gabors,10.0,null,4.0,0.25020674,94,0.81706281,3.0740103,8,0.27579688,True,3,train,0
1386,0.0,431.46562,431.71583,0.8,"[3644.93333333, 3644.93333333]","[20.0, 20.0]",0.08,45.0,10.0,null,gabors,10.0,null,4.0,0.25020674,144,0.78148233,2.9320931,7,0.20608866,True,6,train,1
1387,0.0,431.71583,431.96604,0.8,"[3644.93333333, 3644.93333333]","[20.0, 20.0]",0.08,45.0,-40.0,null,gabors,-30.0,null,4.0,0.25020674,62,0.83874779,3.1740172,8,0.16318652,True,3,train,1
1388,0.0,431.96604,432.21624,0.8,"[3644.93333333, 3644.93333333]","[20.0, 20.0]",0.08,90.0,-30.0,null,gabors,20.0,null,4.0,0.25020674,173,0.86370647,2.9622617,7,0.16773307,True,8,test,2
1389,0.0,432.21624,432.46646,0.8,"[3644.93333333, 3644.93333333]","[20.0, 20.0]",0.08,45.0,-10.0,null,gabors,40.0,null,4.0,0.25022076,39,1.1095652,3.170495,8,0.19446456,True,6,train,1
1390,0.0,432.46646,432.71669,0.8,"[3644.93333333, 3644.93333333]","[20.0, 20.0]",0.08,45.0,40.0,null,gabors,10.0,null,4.0,0.25022076,150,0.97877076,3.0485234,7,0.20980962,True,7,train,1
1391,0.0,432.71669,432.96691,0.8,"[3644.93333333, 3644.93333333]","[20.0, 20.0]",0.08,90.0,40.0,null,gabors,20.0,null,4.0,0.25022076,189,0.92652301,2.9446197,8,0.15887669,True,7,train,2
1392,0.0,432.96691,433.21713,0.8,"[3644.93333333, 3644.93333333]","[20.0, 20.0]",0.08,90.0,40.0,null,gabors,30.0,null,4.0,0.25022076,122,0.4874462,-0.33831278,7,1.8221624,True,4,train,2
1393,0.0,433.21713,433.46733,0.8,"[3644.93333333, 3644.93333333]","[20.0, 20.0]",0.08,90.0,0.0,null,gabors,20.0,null,4.0,0.25020174,56,0.39840688,-1.0990722,8,0.28914206,True,6,train,2
1394,0.0,433.46733,433.71753,0.8,"[3644.93333333, 3644.93333333]","[20.0, 20.0]",0.08,90.0,10.0,null,gabors,-20.0,null,4.0,0.25020174,158,0.2086358,-1.3396072,7,0.23438684,True,3,train,2
1395,0.0,433.71753,433.96773,0.8,"[3644.93333333, 3644.93333333]","[20.0, 20.0]",0.08,90.0,-20.0,null,gabors,-40.0,null,4.0,0.25020174,34,0.32376623,-1.3480881,8,1.487019,True,7,train,2
1396,0.0,433.96773,434.21793,0.8,"[3644.93333333, 3644.93333333]","[20.0, 20.0]",0.08,45.0,-40.0,null,gabors,-30.0,null,4.0,0.25020174,62,-0.15793665,-5.6752545,7,0.15428098,True,4,train,1
1397,0.0,434.21793,434.46815,0.8,"[3644.93333333, 3644.93333333]","[20.0, 20.0]",0.08,90.0,40.0,null,gabors,-40.0,null,4.0,0.25021326,21,-0.21937527,-5.6553008,8,0.12284972,True,4,train,2
1398,0.0,434.46815,434.71836,0.8,"[3644.93333333, 3644.93333333]","[20.0, 20.0]",0.08,0.0,-30.0,null,gabors,-20.0,null,4.0,0.25021326,106,0.062981241,-5.6821264,7,0.18836289,True,6,train,0
1399,0.0,434.71836,434.96857,0.8,"[3644.93333333, 3644.93333333]","[20.0, 20.0]",0.08,45.0,0.0,null,gabors,30.0,null,4.0,0.25021326,64,,,0,,False,6,train,1
1400,0.0,434.96857,435.21879,0.8,"[3644.93333333, 3644.93333333]","[20.0, 20.0]",0.08,90.0,0.0,null,gabors,20.0,null,4.0,0.25021326,56,,,0,,False,7,train,2
1401,0.0,435.21879,435.46899,0.8,"[3644.93333333, 3644.93333333]","[20.0, 20.0]",0.08,0.0,0.0,null,gabors,10.0,null,4.0,0.25020174,58,,,1,,False,6,train,0
1402,0.0,435.46899,435.71919,0.8,"[3644.93333333, 3644.93333333]","[20.0, 20.0]",0.08,0.0,40.0,null,gabors,-20.0,null,4.0,0.25020174,78,0.050311,-10.224336,5,0.20995674,True,8,test,0
1403,0.0,435.71919,435.96939,0.8,"[3644.93333333, 3644.93333333]","[20.0, 20.0]",0.08,90.0,-20.0,null,gabors,-20.0,null,4.0,0.25020174,25,,,2,,False,5,test,2
1404,0.0,435.96939,436.21959,0.8,"[3644.93333333, 3644.93333333]","[20.0, 20.0]",0.08,90.0,-10.0,null,gabors,0.0,null,4.0,0.25020174,227,0.32163051,-0.93720251,7,0.15479213,True,4,train,2
1405,0.0,436.21959,436.46981,0.8,"[3644.93333333, 3644.93333333]","[20.0, 20.0]",0.08,90.0,-30.0,null,gabors,40.0,null,4.0,0.25021826,75,0.43502089,-0.83755016,8,0.12090165,True,5,test,2
1406,0.0,436.46981,436.72003,0.8,"[3644.93333333, 3644.93333333]","[20.0, 20.0]",0.08,0.0,0.0,null,gabors,0.0,null,4.0,0.25021826,139,0.14153977,-0.78376819,7,0.23577139,True,5,test,0
1407,0.0,436.72003,436.97025,0.8,"[3644.93333333, 3644.93333333]","[20.0, 20.0]",0.08,90.0,-40.0,null,gabors,30.0,null,4.0,0.25021826,120,0.2045521,-0.84155137,8,0.16477214,True,6,train,2
1408,0.0,436.97025,437.22047,0.8,"[3644.93333333, 3644.93333333]","[20.0, 20.0]",0.08,90.0,-20.0,null,gabors,-20.0,null,4.0,0.25021826,25,0.30825688,-0.77415045,7,0.059017036,True,6,train,2
1409,0.0,437.22047,437.47067,0.8,"[3644.93333333, 3644.93333333]","[20.0, 20.0]",0.08,0.0,30.0,null,gabors,10.0,null,4.0,0.25020174,137,0.14236973,-0.74979804,8,0.12663294,True,5,test,0
1410,0.0,437.47067,437.72087,0.8,"[3644.93333333, 3644.93333333]","[20.0, 20.0]",0.08,0.0,-30.0,null,gabors,30.0,null,4.0,0.25020174,146,0.28486783,-0.51287297,7,0.14140297,True,3,train,0
1411,0.0,437.72087,437.97107,0.8,"[3644.93333333, 3644.93333333]","[20.0, 20.0]",0.08,90.0,10.0,null,gabors,20.0,null,4.0,0.25020174,68,0.43867857,-0.56992616,8,0.23037103,True,7,train,2
1412,0.0,437.97107,438.22127,0.8,"[3644.93333333, 3644.93333333]","[20.0, 20.0]",0.08,0.0,20.0,null,gabors,30.0,null,4.0,0.25020174,42,0.35262234,-0.68374365,7,0.15656342,True,6,train,0
1413,0.0,438.22127,438.47149,0.8,"[3644.93333333, 3644.93333333]","[20.0, 20.0]",0.08,0.0,-30.0,null,gabors,-10.0,null,4.0,0.25021576,71,0.32310277,-0.69411475,8,0.13712075,True,5,test,0
1414,0.0,438.47149,438.72171,0.8,"[3644.93333333, 3644.93333333]","[20.0, 20.0]",0.08,0.0,-30.0,null,gabors,30.0,null,4.0,0.25021576,146,0.49676176,-0.60460009,7,0.30182497,True,4,train,0
1415,0.0,438.72171,438.97192,0.8,"[3644.93333333, 3644.93333333]","[20.0, 20.0]",0.08,45.0,-10.0,null,gabors,40.0,null,4.0,0.25021576,39,0.75075496,-0.70483607,8,0.16804872,True,7,train,1
1416,0.0,438.97192,439.22214,0.8,"[3644.93333333, 3644.93333333]","[20.0, 20.0]",0.08,90.0,0.0,null,gabors,30.0,null,4.0,0.25021576,215,0.46890378,-0.64193951,7,0.33042783,True,4,train,2
1417,0.0,439.22214,439.47234,0.8,"[3644.93333333, 3644.93333333]","[20.0, 20.0]",0.08,0.0,-30.0,null,gabors,0.0,null,4.0,0.25020174,193,0.53913419,-0.20658407,8,0.3076796,True,4,train,0
1418,0.0,439.47234,439.72254,0.8,"[3644.93333333, 3644.93333333]","[20.0, 20.0]",0.08,45.0,-40.0,null,gabors,30.0,null,4.0,0.25020174,63,0.57022825,-0.11505402,7,0.18098252,True,1,train,1
1419,0.0,439.72254,439.97274,0.8,"[3644.93333333, 3644.93333333]","[20.0, 20.0]",0.08,45.0,-30.0,null,gabors,-40.0,null,4.0,0.25020174,91,0.70542676,-0.034327953,8,0.16728533,True,7,train,1
1420,0.0,439.97274,440.22294,0.8,"[3644.93333333, 3644.93333333]","[20.0, 20.0]",0.08,0.0,-20.0,null,gabors,-10.0,null,4.0,0.25020174,216,0.76630017,-0.30786851,7,0.15870968,True,5,test,0
1421,0.0,440.22294,440.47316,0.8,"[3644.93333333, 3644.93333333]","[20.0, 20.0]",0.08,45.0,30.0,null,gabors,-20.0,null,4.0,0.25022076,107,0.69367388,-0.28349265,8,0.15346335,True,6,train,1
1422,0.0,440.47316,440.72339,0.8,"[3644.93333333, 3644.93333333]","[20.0, 20.0]",0.08,45.0,0.0,null,gabors,20.0,null,4.0,0.25022076,24,0.67365962,-0.52804096,7,0.24023145,True,6,train,1
1423,0.0,440.72339,440.97361,0.8,"[3644.93333333, 3644.93333333]","[20.0, 20.0]",0.08,45.0,40.0,null,gabors,-20.0,null,4.0,0.25022076,104,0.60497438,-0.37705486,7,0.093146582,True,4,train,1
1424,0.0,440.97361,441.22383,0.8,"[3644.93333333, 3644.93333333]","[20.0, 20.0]",0.08,0.0,-40.0,null,gabors,-30.0,null,4.0,0.25022076,220,0.38625419,-0.4074428,7,0.11298927,True,6,train,0
1425,0.0,441.22383,441.47402,0.8,"[3644.93333333, 3644.93333333]","[20.0, 20.0]",0.08,90.0,-40.0,null,gabors,20.0,null,4.0,0.25019674,61,0.32547065,-0.3135701,7,0.092845865,True,4,train,2
1426,0.0,441.47402,441.72422,0.8,"[3644.93333333, 3644.93333333]","[20.0, 20.0]",0.08,90.0,0.0,null,gabors,30.0,null,4.0,0.25019674,215,0.31353206,-0.22103408,7,0.095753944,True,5,test,2
1427,0.0,441.72422,441.97442,0.8,"[3644.93333333, 3644.93333333]","[20.0, 20.0]",0.08,0.0,0.0,null,gabors,-10.0,null,4.0,0.25019674,160,0.37871652,-0.12121472,7,0.25172725,True,3,train,0
1428,0.0,441.97442,442.22461,0.8,"[3644.93333333, 3644.93333333]","[20.0, 20.0]",0.08,90.0,20.0,null,gabors,-20.0,null,4.0,0.25019674,98,0.34814255,-0.1367563,8,0.18254922,True,6,train,2
1429,0.0,442.22461,442.47483,0.8,"[3644.93333333, 3644.93333333]","[20.0, 20.0]",0.08,0.0,-30.0,null,gabors,-40.0,null,4.0,0.25022076,12,0.29277786,-0.28439767,7,0.1662997,True,5,test,0
1430,0.0,442.47483,442.72506,0.8,"[3644.93333333, 3644.93333333]","[20.0, 20.0]",0.08,90.0,0.0,null,gabors,30.0,null,4.0,0.25022076,215,0.43961915,-0.53241986,8,0.14776093,True,6,train,2
1431,0.0,442.72506,442.97528,0.8,"[3644.93333333, 3644.93333333]","[20.0, 20.0]",0.08,90.0,10.0,null,gabors,30.0,null,4.0,0.25022076,229,0.95833241,-0.57573396,7,0.17452086,True,7,train,2
1432,0.0,442.97528,443.2255,0.8,"[3644.93333333, 3644.93333333]","[20.0, 20.0]",0.08,0.0,-40.0,null,gabors,-40.0,null,4.0,0.25022076,69,0.84413959,-0.41857832,8,0.1255904,True,7,train,0
1433,0.0,443.2255,443.47569,0.8,"[3644.93333333, 3644.93333333]","[20.0, 20.0]",0.08,45.0,-30.0,null,gabors,-30.0,null,4.0,0.25019674,221,0.93655838,-0.29854697,7,0.16312469,True,3,train,1
1434,0.0,443.47569,443.72589,0.8,"[3644.93333333, 3644.93333333]","[20.0, 20.0]",0.08,0.0,40.0,null,gabors,10.0,null,4.0,0.25019674,230,1.0401253,-0.42474464,8,0.17735988,True,4,train,0
1435,0.0,443.72589,443.97609,0.8,"[3644.93333333, 3644.93333333]","[20.0, 20.0]",0.08,45.0,0.0,null,gabors,-10.0,null,4.0,0.25019674,8,0.9020034,-0.53502018,7,0.16009064,True,6,train,1
1436,0.0,443.97609,444.22628,0.8,"[3644.93333333, 3644.93333333]","[20.0, 20.0]",0.08,45.0,20.0,null,gabors,20.0,null,4.0,0.25019674,76,1.3351113,-0.420805,8,0.16580036,True,7,train,1
1437,0.0,444.22628,444.4765,0.8,"[3644.93333333, 3644.93333333]","[20.0, 20.0]",0.08,45.0,20.0,null,gabors,40.0,null,4.0,0.25022076,93,1.3863995,-0.53587048,7,0.13755382,True,4,train,1
1438,0.0,444.4765,444.72673,0.8,"[3644.93333333, 3644.93333333]","[20.0, 20.0]",0.08,90.0,-20.0,null,gabors,20.0,null,4.0,0.25022076,18,1.1390873,-0.440702,8,0.081059558,True,5,test,2
1439,0.0,444.72673,444.97695,0.8,"[3644.93333333, 3644.93333333]","[20.0, 20.0]",0.08,45.0,10.0,null,gabors,-20.0,null,4.0,0.25022076,23,1.2596608,-0.4173612,7,0.093295248,True,5,test,1
1440,0.0,444.97695,445.22717,0.8,"[3644.93333333, 3644.93333333]","[20.0, 20.0]",0.08,90.0,20.0,null,gabors,30.0,null,4.0,0.25022076,10,0.98160573,-0.36921975,8,0.28406502,True,7,train,2
1441,0.0,445.22717,445.47737,0.8,"[3644.93333333, 3644.93333333]","[20.0, 20.0]",0.08,45.0,10.0,null,gabors,-40.0,null,4.0,0.25019924,5,1.0528371,-0.91628057,7,0.22098664,True,5,test,1
1442,0.0,445.47737,445.72757,0.8,"[3644.93333333, 3644.93333333]","[20.0, 20.0]",0.08,0.0,-30.0,null,gabors,40.0,null,4.0,0.25019924,130,1.0264128,-0.70801884,8,0.21006044,True,4,train,0
1443,0.0,445.72757,445.97776,0.8,"[3644.93333333, 3644.93333333]","[20.0, 20.0]",0.08,0.0,-20.0,null,gabors,-20.0,null,4.0,0.25019924,223,0.94126599,-0.63603066,7,0.26893814,True,5,test,0
1444,0.0,445.97776,446.22796,0.8,"[3644.93333333, 3644.93333333]","[20.0, 20.0]",0.08,0.0,20.0,null,gabors,20.0,null,4.0,0.25019924,196,0.83506235,-0.68711465,8,0.1983035,True,8,test,0
1445,0.0,446.22796,446.47818,0.8,"[3644.93333333, 3644.93333333]","[20.0, 20.0]",0.08,0.0,-30.0,null,gabors,40.0,null,4.0,0.25021826,130,0.80848151,-0.57833242,7,0.22894605,True,5,test,0
1446,0.0,446.47818,446.7284,0.8,"[3644.93333333, 3644.93333333]","[20.0, 20.0]",0.08,45.0,40.0,null,gabors,40.0,null,4.0,0.25021826,178,0.85944458,-0.4612359,8,0.14215799,True,5,test,1
1447,0.0,446.7284,446.97862,0.8,"[3644.93333333, 3644.93333333]","[20.0, 20.0]",0.08,90.0,40.0,null,gabors,40.0,null,4.0,0.25021826,48,0.88083737,-0.6700961,7,0.078114908,True,6,train,2
1448,0.0,446.97862,447.22884,0.8,"[3644.93333333, 3644.93333333]","[20.0, 20.0]",0.08,0.0,-20.0,null,gabors,-10.0,null,4.0,0.25021826,216,0.96940182,-0.66885542,8,0.15331225,True,6,train,0
1449,0.0,447.22884,447.47904,0.8,"[3644.93333333, 3644.93333333]","[20.0, 20.0]",0.08,45.0,-40.0,null,gabors,20.0,null,4.0,0.25019924,96,1.0135488,-0.48628956,7,0.14545896,True,7,train,1
1450,0.0,447.47904,447.72924,0.8,"[3644.93333333, 3644.93333333]","[20.0, 20.0]",0.08,0.0,-40.0,null,gabors,0.0,null,4.0,0.25019924,70,0.91641668,-0.5698602,8,0.090124479,True,8,test,0
1451,0.0,447.72924,447.97943,0.8,"[3644.93333333, 3644.93333333]","[20.0, 20.0]",0.08,0.0,-30.0,null,gabors,40.0,null,4.0,0.25019924,130,0.83221957,-0.56618196,7,0.08671627,True,6,train,0
1452,0.0,447.97943,448.22963,0.8,"[3644.93333333, 3644.93333333]","[20.0, 20.0]",0.08,45.0,-20.0,null,gabors,30.0,null,4.0,0.25019924,232,1.0843966,-0.17324601,8,0.1503445,True,3,train,1
1453,0.0,448.22963,448.47984,0.8,"[3644.93333333, 3644.93333333]","[20.0, 20.0]",0.08,45.0,0.0,null,gabors,-30.0,null,4.0,0.25021076,46,1.1492905,-0.26821392,7,0.1291141,True,6,train,1
1454,0.0,448.47984,448.73006,0.8,"[3644.93333333, 3644.93333333]","[20.0, 20.0]",0.08,0.0,-20.0,null,gabors,-30.0,null,4.0,0.25021076,236,1.2366777,-0.2219926,8,0.17478535,True,5,test,0
1455,0.0,448.73006,448.98027,0.8,"[3644.93333333, 3644.93333333]","[20.0, 20.0]",0.08,90.0,0.0,null,gabors,-30.0,null,4.0,0.25021076,74,0.71787051,0.047498576,7,0.16805413,True,5,test,2
1456,0.0,448.98027,449.23048,0.8,"[3644.93333333, 3644.93333333]","[20.0, 20.0]",0.08,45.0,-20.0,null,gabors,40.0,null,4.0,0.25021076,81,0.71606795,0.0047055187,8,0.19793065,True,7,train,1
1457,0.0,449.23048,449.48069,0.8,"[3644.93333333, 3644.93333333]","[20.0, 20.0]",0.08,0.0,-30.0,null,gabors,-30.0,null,4.0,0.25020924,73,0.39856572,0.072435498,7,0.14048568,True,6,train,0
1458,0.0,449.48069,449.7309,0.8,"[3644.93333333, 3644.93333333]","[20.0, 20.0]",0.08,0.0,0.0,null,gabors,40.0,null,4.0,0.25020924,224,0.5833108,0.094825647,8,0.16447295,True,1,train,0
1459,0.0,449.7309,449.9811,0.8,"[3644.93333333, 3644.93333333]","[20.0, 20.0]",0.08,45.0,0.0,null,gabors,-10.0,null,4.0,0.25020924,8,0.56220975,0.26275387,7,0.24499059,True,7,train,1
1460,0.0,449.9811,450.23131,0.8,"[3644.93333333, 3644.93333333]","[20.0, 20.0]",0.08,90.0,-40.0,null,gabors,20.0,null,4.0,0.25020924,61,0.67162487,0.30020661,8,0.16945281,True,5,test,2
1461,0.0,450.23131,450.48152,0.8,"[3644.93333333, 3644.93333333]","[20.0, 20.0]",0.08,0.0,10.0,null,gabors,20.0,null,4.0,0.25020326,145,0.60801618,0.22756402,7,0.15374591,True,8,test,0
1462,0.0,450.48152,450.73172,0.8,"[3644.93333333, 3644.93333333]","[20.0, 20.0]",0.08,90.0,-10.0,null,gabors,0.0,null,4.0,0.25020326,227,0.58999978,0.38387187,8,0.12000805,True,5,test,2
1463,0.0,450.73172,450.98192,0.8,"[3644.93333333, 3644.93333333]","[20.0, 20.0]",0.08,90.0,20.0,null,gabors,-10.0,null,4.0,0.25020326,30,0.7958007,0.38895828,7,0.095602217,True,5,test,2
1464,0.0,450.98192,451.23213,0.8,"[3644.93333333, 3644.93333333]","[20.0, 20.0]",0.08,45.0,-20.0,null,gabors,10.0,null,4.0,0.25020326,218,0.92715967,0.55031722,8,0.11575477,True,3,train,1
1465,0.0,451.23213,451.48234,0.8,"[3644.93333333, 3644.93333333]","[20.0, 20.0]",0.08,90.0,10.0,null,gabors,-40.0,null,4.0,0.25021174,117,0.86214966,0.6807016,7,0.096494769,True,8,test,2
1466,0.0,451.48234,451.73255,0.8,"[3644.93333333, 3644.93333333]","[20.0, 20.0]",0.08,45.0,20.0,null,gabors,-10.0,null,4.0,0.25021174,167,0.84353727,0.54471937,8,0.094324843,True,4,train,1
1467,0.0,451.73255,451.98276,0.8,"[3644.93333333, 3644.93333333]","[20.0, 20.0]",0.08,0.0,40.0,null,gabors,-30.0,null,4.0,0.25021174,92,1.0351942,0.63277162,7,0.1361252,True,6,train,0
1468,0.0,451.98276,452.23297,0.8,"[3644.93333333, 3644.93333333]","[20.0, 20.0]",0.08,45.0,40.0,null,gabors,40.0,null,4.0,0.25021174,178,1.0995027,0.97955544,8,0.18795948,True,6,train,1
1469,0.0,452.23297,452.48319,0.8,"[3644.93333333, 3644.93333333]","[20.0, 20.0]",0.08,45.0,0.0,null,gabors,0.0,null,4.0,0.25022076,191,1.0329447,1.0981257,7,0.091768535,True,6,train,1
1470,0.0,452.48319,452.73342,0.8,"[3644.93333333, 3644.93333333]","[20.0, 20.0]",0.08,0.0,-30.0,null,gabors,-20.0,null,4.0,0.25022076,106,1.1967802,0.85811352,8,0.11980053,True,7,train,0
1471,0.0,452.73342,452.98364,0.8,"[3644.93333333, 3644.93333333]","[20.0, 20.0]",0.08,45.0,30.0,null,gabors,0.0,null,4.0,0.25022076,143,1.1894535,0.98582859,7,0.12924859,True,6,train,1
1472,0.0,452.98364,453.23386,0.8,"[3644.93333333, 3644.93333333]","[20.0, 20.0]",0.08,90.0,0.0,null,gabors,10.0,null,4.0,0.25022076,161,1.0634188,0.96664282,8,0.08263591,True,8,test,2
1473,0.0,453.23386,453.48406,0.8,"[3644.93333333, 3644.93333333]","[20.0, 20.0]",0.08,90.0,20.0,null,gabors,20.0,null,4.0,0.25019924,210,0.95281175,0.75929814,7,0.10092763,True,5,test,2
1474,0.0,453.48406,453.73426,0.8,"[3644.93333333, 3644.93333333]","[20.0, 20.0]",0.08,0.0,40.0,null,gabors,30.0,null,4.0,0.25019924,2,0.91486369,0.44088649,8,0.24563058,True,4,train,0
1475,0.0,453.73426,453.98445,0.8,"[3644.93333333, 3644.93333333]","[20.0, 20.0]",0.08,0.0,0.0,null,gabors,10.0,null,4.0,0.25019924,58,0.51638759,0.31717587,7,0.14330219,True,7,train,0
1476,0.0,453.98445,454.23465,0.8,"[3644.93333333, 3644.93333333]","[20.0, 20.0]",0.08,0.0,-40.0,null,gabors,30.0,null,4.0,0.25019924,203,0.74000345,0.62308966,8,0.15830623,True,4,train,0
1477,0.0,454.23465,454.48486,0.8,"[3644.93333333, 3644.93333333]","[20.0, 20.0]",0.08,90.0,-40.0,null,gabors,-40.0,null,4.0,0.25020826,243,0.63633633,0.61925453,7,0.096922199,True,3,train,2
1478,0.0,454.48486,454.73507,0.8,"[3644.93333333, 3644.93333333]","[20.0, 20.0]",0.08,45.0,-40.0,null,gabors,-30.0,null,4.0,0.25020826,62,0.83834662,0.66371144,8,0.12065005,True,5,test,1
1479,0.0,454.73507,454.98528,0.8,"[3644.93333333, 3644.93333333]","[20.0, 20.0]",0.08,0.0,10.0,null,gabors,-20.0,null,4.0,0.25020826,35,0.68452675,0.65384644,7,0.090622946,True,5,test,0
1480,0.0,454.98528,455.23549,0.8,"[3644.93333333, 3644.93333333]","[20.0, 20.0]",0.08,0.0,20.0,null,gabors,40.0,null,4.0,0.25020826,72,0.53728707,0.70006112,8,0.12952165,True,4,train,0
1481,0.0,455.23549,455.4857,0.8,"[3644.93333333, 3644.93333333]","[20.0, 20.0]",0.08,90.0,-20.0,null,gabors,40.0,null,4.0,0.25021174,147,0.4608648,0.76313458,7,0.12840456,True,7,train,2
1482,0.0,455.4857,455.73591,0.8,"[3644.93333333, 3644.93333333]","[20.0, 20.0]",0.08,45.0,-40.0,null,gabors,40.0,null,4.0,0.25021174,134,0.56801541,0.71042927,8,0.17774531,True,7,train,1
1483,0.0,455.73591,455.98612,0.8,"[3644.93333333, 3644.93333333]","[20.0, 20.0]",0.08,0.0,10.0,null,gabors,-40.0,null,4.0,0.25021174,233,0.45123895,0.85725516,7,0.13274672,True,2,test,0
1484,0.0,455.98612,456.23633,0.8,"[3644.93333333, 3644.93333333]","[20.0, 20.0]",0.08,45.0,40.0,null,gabors,-20.0,null,4.0,0.25021174,104,0.63343907,0.57864072,8,0.19995944,True,5,test,1
1485,0.0,456.23633,456.48654,0.8,"[3644.93333333, 3644.93333333]","[20.0, 20.0]",0.08,45.0,20.0,null,gabors,30.0,null,4.0,0.25021076,181,0.85500891,0.72572927,7,0.26060135,True,7,train,1
1486,0.0,456.48654,456.73676,0.8,"[3644.93333333, 3644.93333333]","[20.0, 20.0]",0.08,0.0,10.0,null,gabors,10.0,null,4.0,0.25021076,119,0.73464331,0.71675926,8,0.18750897,True,6,train,0
1487,0.0,456.73676,456.98697,0.8,"[3644.93333333, 3644.93333333]","[20.0, 20.0]",0.08,45.0,30.0,null,gabors,10.0,null,4.0,0.25021076,86,0.80059701,0.82355684,7,0.26414167,True,3,train,1
1488,0.0,456.98697,457.23718,0.8,"[3644.93333333, 3644.93333333]","[20.0, 20.0]",0.08,0.0,30.0,null,gabors,30.0,null,4.0,0.25021076,6,0.50939205,0.77093194,8,0.1670348,True,6,train,0
1489,0.0,457.23718,457.48738,0.8,"[3644.93333333, 3644.93333333]","[20.0, 20.0]",0.08,45.0,30.0,null,gabors,-10.0,null,4.0,0.25020674,240,0.53484943,0.76453294,7,0.098351023,True,6,train,1
1490,0.0,457.48738,457.73759,0.8,"[3644.93333333, 3644.93333333]","[20.0, 20.0]",0.08,0.0,0.0,null,gabors,-20.0,null,4.0,0.25020674,140,0.48789666,0.84705558,8,0.1837664,True,5,test,0
1491,0.0,457.73759,457.9878,0.8,"[3644.93333333, 3644.93333333]","[20.0, 20.0]",0.08,45.0,20.0,null,gabors,0.0,null,4.0,0.25020674,228,0.90154451,1.0431412,7,0.1131495,True,3,train,1
1492,0.0,457.9878,458.238,0.8,"[3644.93333333, 3644.93333333]","[20.0, 20.0]",0.08,45.0,30.0,null,gabors,40.0,null,4.0,0.25020674,126,0.87331799,1.4478877,8,0.1023993,True,5,test,1
1493,0.0,458.238,458.48822,0.8,"[3644.93333333, 3644.93333333]","[20.0, 20.0]",0.08,0.0,40.0,null,gabors,-20.0,null,4.0,0.25021826,78,1.2350298,1.4424028,7,0.10575917,True,9,train,0
1494,0.0,458.48822,458.73844,0.8,"[3644.93333333, 3644.93333333]","[20.0, 20.0]",0.08,0.0,30.0,null,gabors,-10.0,null,4.0,0.25021826,65,1.2521268,1.552847,8,0.13556285,True,8,test,0
1495,0.0,458.73844,458.98866,0.8,"[3644.93333333, 3644.93333333]","[20.0, 20.0]",0.08,0.0,40.0,null,gabors,30.0,null,4.0,0.25021826,2,1.1095994,1.6548689,7,0.068917241,True,5,test,0
1496,0.0,458.98866,459.23888,0.8,"[3644.93333333, 3644.93333333]","[20.0, 20.0]",0.08,0.0,20.0,null,gabors,-10.0,null,4.0,0.25021826,213,1.256101,1.4158933,8,0.13163349,True,5,test,0
1497,0.0,459.23888,459.48908,0.8,"[3644.93333333, 3644.93333333]","[20.0, 20.0]",0.08,0.0,-20.0,null,gabors,-30.0,null,4.0,0.25019924,236,1.1474407,1.3874572,7,0.15635085,True,6,train,0
1498,0.0,459.48908,459.73928,0.8,"[3644.93333333, 3644.93333333]","[20.0, 20.0]",0.08,90.0,-10.0,null,gabors,-30.0,null,4.0,0.25019924,101,1.2028854,1.3089255,8,0.12260697,True,4,train,2
1499,0.0,459.73928,459.98947,0.8,"[3644.93333333, 3644.93333333]","[20.0, 20.0]",0.08,45.0,20.0,null,gabors,0.0,null,4.0,0.25019924,228,1.1687542,1.2385757,7,0.097810612,True,4,train,1
1500,0.0,459.98947,460.23967,0.8,"[3644.93333333, 3644.93333333]","[20.0, 20.0]",0.08,0.0,40.0,null,gabors,40.0,null,4.0,0.25019924,110,1.1821199,1.2713826,8,0.16497553,True,3,train,0
1501,0.0,460.23967,460.48989,0.8,"[3644.93333333, 3644.93333333]","[20.0, 20.0]",0.08,45.0,30.0,null,gabors,40.0,null,4.0,0.25021576,126,1.1203343,1.3255765,7,0.06919911,True,6,train,1
1502,0.0,460.48989,460.74011,0.8,"[3644.93333333, 3644.93333333]","[20.0, 20.0]",0.08,90.0,30.0,null,gabors,-20.0,null,4.0,0.25021576,212,0.79887852,1.4011955,7,0.17122645,True,4,train,2
1503,0.0,460.74011,460.99032,0.8,"[3644.93333333, 3644.93333333]","[20.0, 20.0]",0.08,45.0,40.0,null,gabors,-40.0,null,4.0,0.25021576,195,0.60121781,1.0239601,7,0.24950555,True,6,train,1
1504,0.0,460.99032,461.24054,0.8,"[3644.93333333, 3644.93333333]","[20.0, 20.0]",0.08,45.0,10.0,null,gabors,-30.0,null,4.0,0.25021576,9,1.2191159,1.3303995,7,0.20762128,True,7,train,1
1505,0.0,461.24054,461.49074,0.8,"[3644.93333333, 3644.93333333]","[20.0, 20.0]",0.08,0.0,10.0,null,gabors,30.0,null,4.0,0.25020424,169,0.68558589,1.2065431,7,0.31526286,True,4,train,0
1506,0.0,461.49074,461.74095,0.8,"[3644.93333333, 3644.93333333]","[20.0, 20.0]",0.08,45.0,-40.0,null,gabors,30.0,null,4.0,0.25020424,63,0.34063957,1.1194007,7,0.17758796,True,2,test,1
1507,0.0,461.74095,461.99115,0.8,"[3644.93333333, 3644.93333333]","[20.0, 20.0]",0.08,0.0,40.0,null,gabors,0.0,null,4.0,0.25020424,242,0.23416565,1.2656604,8,0.1655845,True,3,train,0
1508,0.0,461.99115,462.24135,0.8,"[3644.93333333, 3644.93333333]","[20.0, 20.0]",0.08,0.0,-30.0,null,gabors,-10.0,null,4.0,0.25020424,71,0.42842463,1.4141299,7,0.060810353,True,6,train,0
1509,0.0,462.24135,462.49157,0.8,"[3644.93333333, 3644.93333333]","[20.0, 20.0]",0.08,45.0,30.0,null,gabors,-30.0,null,4.0,0.25022076,84,0.48532191,1.3238356,8,0.08941699,True,4,train,1
1510,0.0,462.49157,462.7418,0.8,"[3644.93333333, 3644.93333333]","[20.0, 20.0]",0.08,0.0,-10.0,null,gabors,30.0,null,4.0,0.25022076,219,0.5287307,1.3669598,7,0.13578244,True,3,train,0
1511,0.0,462.7418,462.99202,0.8,"[3644.93333333, 3644.93333333]","[20.0, 20.0]",0.08,90.0,30.0,null,gabors,30.0,null,4.0,0.25022076,115,0.43240487,1.6921427,8,0.1147376,True,9,train,2
1512,0.0,462.99202,463.24224,0.8,"[3644.93333333, 3644.93333333]","[20.0, 20.0]",0.08,0.0,30.0,null,gabors,-30.0,null,4.0,0.25022076,16,0.55207999,1.6505708,7,0.094778062,True,5,test,0
1513,0.0,463.24224,463.49243,0.8,"[3644.93333333, 3644.93333333]","[20.0, 20.0]",0.08,45.0,-20.0,null,gabors,-40.0,null,4.0,0.25019674,45,0.58347433,1.5604208,8,0.11976115,True,8,test,1
1514,0.0,463.49243,463.74263,0.8,"[3644.93333333, 3644.93333333]","[20.0, 20.0]",0.08,45.0,-10.0,null,gabors,-40.0,null,4.0,0.25019674,238,0.54568152,1.532994,7,0.10832087,True,6,train,1
1515,0.0,463.74263,463.99283,0.8,"[3644.93333333, 3644.93333333]","[20.0, 20.0]",0.08,45.0,20.0,null,gabors,30.0,null,4.0,0.25019674,181,0.47925306,1.6683453,8,0.11820195,True,8,test,1
1516,0.0,463.99283,464.24302,0.8,"[3644.93333333, 3644.93333333]","[20.0, 20.0]",0.08,0.0,-10.0,null,gabors,-10.0,null,4.0,0.25019674,136,0.59393009,1.671672,7,0.08108912,True,9,train,0
1517,0.0,464.24302,464.49323,0.8,"[3644.93333333, 3644.93333333]","[20.0, 20.0]",0.08,45.0,20.0,null,gabors,40.0,null,4.0,0.25021076,93,0.59494696,1.6108395,8,0.10375891,True,5,test,1
1518,0.0,464.49323,464.74345,0.8,"[3644.93333333, 3644.93333333]","[20.0, 20.0]",0.08,90.0,-20.0,null,gabors,-30.0,null,4.0,0.25021076,162,0.63238906,1.5154065,7,0.048369529,True,4,train,2
1519,0.0,464.74345,464.99366,0.8,"[3644.93333333, 3644.93333333]","[20.0, 20.0]",0.08,0.0,-30.0,null,gabors,-30.0,null,4.0,0.25021076,73,0.68697367,1.659389,8,0.10760925,True,7,train,0
1520,0.0,464.99366,465.24387,0.8,"[3644.93333333, 3644.93333333]","[20.0, 20.0]",0.08,0.0,0.0,null,gabors,40.0,null,4.0,0.25021076,224,0.63230344,1.6712793,7,0.074619076,True,2,test,0
1521,0.0,465.24387,465.49407,0.8,"[3644.93333333, 3644.93333333]","[20.0, 20.0]",0.08,45.0,-30.0,null,gabors,30.0,null,4.0,0.25020674,131,0.65410116,1.7435893,8,0.096779531,True,6,train,1
1522,0.0,465.49407,465.74428,0.8,"[3644.93333333, 3644.93333333]","[20.0, 20.0]",0.08,0.0,20.0,null,gabors,10.0,null,4.0,0.25020674,207,0.71334393,1.7058197,7,0.11914421,True,10,train,0
1523,0.0,465.74428,465.99449,0.8,"[3644.93333333, 3644.93333333]","[20.0, 20.0]",0.08,90.0,0.0,null,gabors,-10.0,null,4.0,0.25020674,7,0.75872937,1.6512606,8,0.058571152,True,4,train,2
1524,0.0,465.99449,466.24469,0.8,"[3644.93333333, 3644.93333333]","[20.0, 20.0]",0.08,45.0,40.0,null,gabors,0.0,null,4.0,0.25020674,99,0.64496287,1.5420168,7,0.088115587,True,5,test,1
1525,0.0,466.24469,466.49491,0.8,"[3644.93333333, 3644.93333333]","[20.0, 20.0]",0.08,45.0,-40.0,null,gabors,20.0,null,4.0,0.25021826,96,0.59694925,1.4844551,8,0.094520315,True,8,test,1
1526,0.0,466.49491,466.74513,0.8,"[3644.93333333, 3644.93333333]","[20.0, 20.0]",0.08,45.0,-30.0,null,gabors,-30.0,null,4.0,0.25021826,221,0.56154808,1.5277855,7,0.073793417,True,4,train,1
1527,0.0,466.74513,466.99535,0.8,"[3644.93333333, 3644.93333333]","[20.0, 20.0]",0.08,0.0,0.0,null,gabors,30.0,null,4.0,0.25021826,55,0.57550522,1.5517808,8,0.093257152,True,4,train,0
1528,0.0,466.99535,467.24557,0.8,"[3644.93333333, 3644.93333333]","[20.0, 20.0]",0.08,0.0,0.0,null,gabors,40.0,null,4.0,0.25021826,224,0.5074109,1.510276,7,0.094275849,True,3,train,0
1529,0.0,467.24557,467.49576,0.8,"[3644.93333333, 3644.93333333]","[20.0, 20.0]",0.08,90.0,-30.0,null,gabors,20.0,null,4.0,0.25019674,173,0.59787298,1.3607821,8,0.089739585,True,9,train,2
1530,0.0,467.49576,467.74596,0.8,"[3644.93333333, 3644.93333333]","[20.0, 20.0]",0.08,90.0,30.0,null,gabors,-30.0,null,4.0,0.25019674,234,0.58175675,1.3387686,7,0.093813858,True,5,test,2
1531,0.0,467.74596,467.99616,0.8,"[3644.93333333, 3644.93333333]","[20.0, 20.0]",0.08,90.0,20.0,null,gabors,0.0,null,4.0,0.25019674,154,0.53569401,1.4032664,8,0.11004899,True,8,test,2
1532,0.0,467.99616,468.24635,0.8,"[3644.93333333, 3644.93333333]","[20.0, 20.0]",0.08,0.0,10.0,null,gabors,-30.0,null,4.0,0.25019674,116,0.37445269,1.3704958,7,0.10209787,True,5,test,0
1533,0.0,468.24635,468.49657,0.8,"[3644.93333333, 3644.93333333]","[20.0, 20.0]",0.08,0.0,-40.0,null,gabors,40.0,null,4.0,0.25021826,141,0.65905891,1.4891769,8,0.12178451,True,4,train,0
1534,0.0,468.49657,468.74679,0.8,"[3644.93333333, 3644.93333333]","[20.0, 20.0]",0.08,45.0,-20.0,null,gabors,10.0,null,4.0,0.25021826,218,0.52025553,1.5033888,7,0.086619314,True,4,train,1
1535,0.0,468.74679,468.99701,0.8,"[3644.93333333, 3644.93333333]","[20.0, 20.0]",0.08,0.0,-30.0,null,gabors,-30.0,null,4.0,0.25021826,73,0.56899581,1.5102924,8,0.066411931,True,8,test,0
1536,0.0,468.99701,469.24723,0.8,"[3644.93333333, 3644.93333333]","[20.0, 20.0]",0.08,90.0,0.0,null,gabors,-40.0,null,4.0,0.25021826,82,0.57189279,1.6142611,7,0.16159083,True,6,train,2
1537,0.0,469.24723,469.49743,0.8,"[3644.93333333, 3644.93333333]","[20.0, 20.0]",0.08,0.0,-40.0,null,gabors,10.0,null,4.0,0.25020174,15,0.42725565,1.4984863,8,0.1651431,True,6,train,0
1538,0.0,469.49743,469.74763,0.8,"[3644.93333333, 3644.93333333]","[20.0, 20.0]",0.08,45.0,30.0,null,gabors,-20.0,null,4.0,0.25020174,107,0.40782125,1.4140288,7,0.14084214,True,7,train,1
1539,0.0,469.74763,469.99783,0.8,"[3644.93333333, 3644.93333333]","[20.0, 20.0]",0.08,45.0,20.0,null,gabors,0.0,null,4.0,0.25020174,228,0.63581579,1.2172135,8,0.14440423,True,5,test,1
1540,0.0,469.99783,470.24803,0.8,"[3644.93333333, 3644.93333333]","[20.0, 20.0]",0.08,45.0,-10.0,null,gabors,-30.0,null,4.0,0.25020174,184,0.78282371,1.1649527,7,0.16548229,True,6,train,1
1541,0.0,470.24803,470.49825,0.8,"[3644.93333333, 3644.93333333]","[20.0, 20.0]",0.08,45.0,-30.0,null,gabors,-30.0,null,4.0,0.25021326,221,0.65460611,1.4694803,8,0.10445103,True,5,test,1
1542,0.0,470.49825,470.74846,0.8,"[3644.93333333, 3644.93333333]","[20.0, 20.0]",0.08,90.0,-30.0,null,gabors,10.0,null,4.0,0.25021326,111,0.71145532,1.5436563,7,0.13780917,True,4,train,2
1543,0.0,470.74846,470.99867,0.8,"[3644.93333333, 3644.93333333]","[20.0, 20.0]",0.08,0.0,0.0,null,gabors,30.0,null,4.0,0.25021326,55,0.73008875,1.5161516,8,0.089976735,True,5,test,0
1544,0.0,470.99867,471.24889,0.8,"[3644.93333333, 3644.93333333]","[20.0, 20.0]",0.08,0.0,40.0,null,gabors,0.0,null,4.0,0.25021326,242,0.79121707,1.3763793,7,0.058852189,True,4,train,0
1545,0.0,471.24889,471.49909,0.8,"[3644.93333333, 3644.93333333]","[20.0, 20.0]",0.08,0.0,40.0,null,gabors,40.0,null,4.0,0.25020674,110,0.76800566,1.5501951,8,0.10015289,True,4,train,0
1546,0.0,471.49909,471.7493,0.8,"[3644.93333333, 3644.93333333]","[20.0, 20.0]",0.08,0.0,-10.0,null,gabors,20.0,null,4.0,0.25020674,28,0.7752514,1.4807291,7,0.076428613,True,4,train,0
1547,0.0,471.7493,471.99951,0.8,"[3644.93333333, 3644.93333333]","[20.0, 20.0]",0.08,0.0,10.0,null,gabors,0.0,null,4.0,0.25020674,206,0.45248616,1.2820991,8,0.092930996,True,4,train,0
1548,0.0,471.99951,472.24971,0.8,"[3644.93333333, 3644.93333333]","[20.0, 20.0]",0.08,90.0,-10.0,null,gabors,-40.0,null,4.0,0.25020674,198,0.52834014,1.3827513,7,0.072582516,True,4,train,2
1549,0.0,472.24971,472.49993,0.8,"[3644.93333333, 3644.93333333]","[20.0, 20.0]",0.08,90.0,20.0,null,gabors,30.0,null,4.0,0.25021826,10,0.33170909,1.3849866,8,0.084236308,True,8,test,2
1550,0.0,472.49993,472.75015,0.8,"[3644.93333333, 3644.93333333]","[20.0, 20.0]",0.08,90.0,-30.0,null,gabors,-40.0,null,4.0,0.25021826,90,0.24811766,1.3865115,7,0.093760821,True,8,test,2
1551,0.0,472.75015,473.00037,0.8,"[3644.93333333, 3644.93333333]","[20.0, 20.0]",0.08,90.0,40.0,null,gabors,40.0,null,4.0,0.25021826,48,0.44658669,1.4408611,8,0.056530325,True,7,train,2
1552,0.0,473.00037,473.25059,0.8,"[3644.93333333, 3644.93333333]","[20.0, 20.0]",0.08,90.0,30.0,null,gabors,40.0,null,4.0,0.25021826,142,0.27356488,1.340261,7,0.10444238,True,8,test,2
1553,0.0,473.25059,473.50078,0.8,"[3644.93333333, 3644.93333333]","[20.0, 20.0]",0.08,45.0,-10.0,null,gabors,-20.0,null,4.0,0.25019674,166,0.46386387,1.441148,8,0.074073879,True,6,train,1
1554,0.0,473.50078,473.75098,0.8,"[3644.93333333, 3644.93333333]","[20.0, 20.0]",0.08,45.0,0.0,null,gabors,-30.0,null,4.0,0.25019674,46,0.40491474,1.2351604,7,0.073000103,True,7,train,1
1555,0.0,473.75098,474.00118,0.8,"[3644.93333333, 3644.93333333]","[20.0, 20.0]",0.08,90.0,40.0,null,gabors,30.0,null,4.0,0.25019674,122,0.40142994,1.3711949,8,0.15244961,True,5,test,2
1556,0.0,474.00118,474.25137,0.8,"[3644.93333333, 3644.93333333]","[20.0, 20.0]",0.08,0.0,-20.0,null,gabors,-40.0,null,4.0,0.25019674,123,0.42638981,1.3652099,7,0.072654995,True,6,train,0
1557,0.0,474.25137,474.50159,0.8,"[3644.93333333, 3644.93333333]","[20.0, 20.0]",0.08,90.0,20.0,null,gabors,-30.0,null,4.0,0.25021576,231,0.48084042,1.3435118,8,0.14959922,True,2,test,2
1558,0.0,474.50159,474.75181,0.8,"[3644.93333333, 3644.93333333]","[20.0, 20.0]",0.08,90.0,-10.0,null,gabors,-20.0,null,4.0,0.25021576,241,0.44535588,1.3691964,7,0.075331685,True,4,train,2
1559,0.0,474.75181,475.00202,0.8,"[3644.93333333, 3644.93333333]","[20.0, 20.0]",0.08,90.0,-10.0,null,gabors,40.0,null,4.0,0.25021576,29,0.4354956,1.3707683,8,0.066264658,True,5,test,2
1560,0.0,475.00202,475.25224,0.8,"[3644.93333333, 3644.93333333]","[20.0, 20.0]",0.08,90.0,40.0,null,gabors,-20.0,null,4.0,0.25021576,214,0.45250491,1.4414901,7,0.084887626,True,4,train,2
1561,0.0,475.25224,475.50244,0.8,"[3644.93333333, 3644.93333333]","[20.0, 20.0]",0.08,0.0,-30.0,null,gabors,-40.0,null,4.0,0.25020424,12,0.66279261,1.6319173,8,0.076925489,True,6,train,0
1562,0.0,475.50244,475.75265,0.8,"[3644.93333333, 3644.93333333]","[20.0, 20.0]",0.08,90.0,20.0,null,gabors,-40.0,null,4.0,0.25020424,149,0.55208437,1.3777815,7,0.098446361,True,10,train,2
1563,0.0,475.75265,476.00285,0.8,"[3644.93333333, 3644.93333333]","[20.0, 20.0]",0.08,90.0,-30.0,null,gabors,-40.0,null,4.0,0.25020424,90,0.578949,1.5510192,8,0.070003237,True,9,train,2
1564,0.0,476.00285,476.25305,0.8,"[3644.93333333, 3644.93333333]","[20.0, 20.0]",0.08,0.0,10.0,null,gabors,-10.0,null,4.0,0.25020424,182,0.40738853,1.4779824,7,0.063201496,True,6,train,0
1565,0.0,476.25305,476.50327,0.8,"[3644.93333333, 3644.93333333]","[20.0, 20.0]",0.08,90.0,-10.0,null,gabors,-40.0,null,4.0,0.25021576,198,0.52377568,1.5018914,8,0.10300267,True,5,test,2
1566,0.0,476.50327,476.75349,0.8,"[3644.93333333, 3644.93333333]","[20.0, 20.0]",0.08,45.0,40.0,null,gabors,40.0,null,4.0,0.25021576,178,0.44420884,1.5314969,7,0.1171144,True,7,train,1
1567,0.0,476.75349,477.0037,0.8,"[3644.93333333, 3644.93333333]","[20.0, 20.0]",0.08,0.0,0.0,null,gabors,-40.0,null,4.0,0.25021576,239,0.27637462,1.4494451,8,0.088430124,True,7,train,0
1568,0.0,477.0037,477.25392,0.8,"[3644.93333333, 3644.93333333]","[20.0, 20.0]",0.08,90.0,-40.0,null,gabors,-30.0,null,4.0,0.25021576,127,0.25286761,1.5880033,7,0.11316286,True,4,train,2
1569,0.0,477.25392,477.50412,0.8,"[3644.93333333, 3644.93333333]","[20.0, 20.0]",0.08,90.0,10.0,null,gabors,30.0,null,4.0,0.25020424,229,0.33113619,1.5917291,8,0.072994992,True,8,test,2
1570,0.0,477.50412,477.75433,0.8,"[3644.93333333, 3644.93333333]","[20.0, 20.0]",0.08,0.0,10.0,null,gabors,10.0,null,4.0,0.25020424,119,0.39660037,1.6400196,7,0.054623821,True,7,train,0
1571,0.0,477.75433,478.00453,0.8,"[3644.93333333, 3644.93333333]","[20.0, 20.0]",0.08,90.0,40.0,null,gabors,-40.0,null,4.0,0.25020424,21,0.08798153,1.7089584,8,0.11015375,True,5,test,2
1572,0.0,478.00453,478.25473,0.8,"[3644.93333333, 3644.93333333]","[20.0, 20.0]",0.08,45.0,0.0,null,gabors,40.0,null,4.0,0.25020424,159,0.13223924,1.7293211,7,0.079930399,True,7,train,1
1573,0.0,478.25473,478.50495,0.8,"[3644.93333333, 3644.93333333]","[20.0, 20.0]",0.08,45.0,-10.0,null,gabors,-20.0,null,4.0,0.25021826,166,0.20187266,1.8144037,8,0.077908708,True,7,train,1
1574,0.0,478.50495,478.75517,0.8,"[3644.93333333, 3644.93333333]","[20.0, 20.0]",0.08,90.0,20.0,null,gabors,0.0,null,4.0,0.25021826,154,0.13298642,1.8420128,7,0.070411787,True,9,train,2
1575,0.0,478.75517,479.00539,0.8,"[3644.93333333, 3644.93333333]","[20.0, 20.0]",0.08,0.0,30.0,null,gabors,-20.0,null,4.0,0.25021826,176,0.31862214,1.7567649,8,0.12378871,True,8,test,0
1576,0.0,479.00539,479.25561,0.8,"[3644.93333333, 3644.93333333]","[20.0, 20.0]",0.08,90.0,30.0,null,gabors,-30.0,null,4.0,0.25021826,234,0.13939778,1.7683567,7,0.08932529,True,6,train,2
1577,0.0,479.25561,479.50581,0.8,"[3644.93333333, 3644.93333333]","[20.0, 20.0]",0.08,45.0,40.0,null,gabors,-30.0,null,4.0,0.25019924,108,0.060519691,1.658888,8,0.14593216,True,4,train,1
1578,0.0,479.50581,479.75601,0.8,"[3644.93333333, 3644.93333333]","[20.0, 20.0]",0.08,45.0,10.0,null,gabors,0.0,null,4.0,0.25019924,204,0.043535101,1.79462,7,0.074436174,True,9,train,1
1579,0.0,479.75601,480.0062,0.8,"[3644.93333333, 3644.93333333]","[20.0, 20.0]",0.08,90.0,0.0,null,gabors,20.0,null,4.0,0.25019924,56,0.1364193,1.8586533,8,0.054660036,True,8,test,2
1580,0.0,480.0062,480.2564,0.8,"[3644.93333333, 3644.93333333]","[20.0, 20.0]",0.08,45.0,-10.0,null,gabors,20.0,null,4.0,0.25019924,47,0.22580095,1.8592504,7,0.088622422,True,8,test,1
1581,0.0,480.2564,480.50662,0.8,"[3644.93333333, 3644.93333333]","[20.0, 20.0]",0.08,0.0,0.0,null,gabors,20.0,null,4.0,0.25021826,192,0.1656066,1.6952812,8,0.10580714,True,10,train,0
1582,0.0,480.50662,480.75684,0.8,"[3644.93333333, 3644.93333333]","[20.0, 20.0]",0.08,0.0,20.0,null,gabors,40.0,null,4.0,0.25021826,72,0.2269751,1.7295096,7,0.077689117,True,5,test,0
1583,0.0,480.75684,481.00706,0.8,"[3644.93333333, 3644.93333333]","[20.0, 20.0]",0.08,45.0,30.0,null,gabors,20.0,null,4.0,0.25021826,49,0.20982761,1.7577799,7,0.081640089,True,6,train,1
1584,0.0,481.00706,481.25728,0.8,"[3644.93333333, 3644.93333333]","[20.0, 20.0]",0.08,90.0,10.0,null,gabors,10.0,null,4.0,0.25021826,20,0.12790442,1.8791136,7,0.14737464,True,4,train,2
1585,0.0,481.25728,481.50748,0.8,"[3644.93333333, 3644.93333333]","[20.0, 20.0]",0.08,90.0,-10.0,null,gabors,30.0,null,4.0,0.25019924,87,0.16803958,1.7090633,7,0.087874843,True,4,train,2
1586,0.0,481.50748,481.75768,0.8,"[3644.93333333, 3644.93333333]","[20.0, 20.0]",0.08,90.0,-10.0,null,gabors,-20.0,null,4.0,0.25019924,241,0.17548689,1.7630645,7,0.13090923,True,5,test,2
1587,0.0,481.75768,482.00787,0.8,"[3644.93333333, 3644.93333333]","[20.0, 20.0]",0.08,90.0,10.0,null,gabors,20.0,null,4.0,0.25019924,68,0.14747381,1.4936363,7,0.093503163,True,8,test,2
1588,0.0,482.00787,482.25807,0.8,"[3644.93333333, 3644.93333333]","[20.0, 20.0]",0.08,45.0,-10.0,null,gabors,30.0,null,4.0,0.25019924,175,0.13224153,1.550546,8,0.12550453,True,7,train,1
1589,0.0,482.25807,482.50829,0.8,"[3644.93333333, 3644.93333333]","[20.0, 20.0]",0.08,90.0,30.0,null,gabors,20.0,null,4.0,0.25021326,163,0.017932458,1.5750438,7,0.10312016,True,6,train,2
1590,0.0,482.50829,482.7585,0.8,"[3644.93333333, 3644.93333333]","[20.0, 20.0]",0.08,0.0,-10.0,null,gabors,-30.0,null,4.0,0.25021326,164,0.2741506,1.7344421,8,0.1367036,True,3,train,0
1591,0.0,482.7585,483.00871,0.8,"[3644.93333333, 3644.93333333]","[20.0, 20.0]",0.08,90.0,40.0,null,gabors,30.0,null,4.0,0.25021326,122,0.25956392,1.5260909,7,0.18211838,True,6,train,2
1592,0.0,483.00871,483.25893,0.8,"[3644.93333333, 3644.93333333]","[20.0, 20.0]",0.08,0.0,0.0,null,gabors,40.0,null,4.0,0.25021326,224,0.35394355,1.681877,8,0.17849159,True,4,train,0
1593,0.0,483.25893,483.50913,0.8,"[3644.93333333, 3644.93333333]","[20.0, 20.0]",0.08,45.0,10.0,null,gabors,-40.0,null,4.0,0.25020674,5,0.2415441,1.6014141,7,0.084434319,True,6,train,1
1594,0.0,483.50913,483.75934,0.8,"[3644.93333333, 3644.93333333]","[20.0, 20.0]",0.08,0.0,-20.0,null,gabors,20.0,null,4.0,0.25020674,237,0.18673672,1.6348337,8,0.074557921,True,4,train,0
1595,0.0,483.75934,484.00955,0.8,"[3644.93333333, 3644.93333333]","[20.0, 20.0]",0.08,45.0,0.0,null,gabors,20.0,null,4.0,0.25020674,24,0.22510774,1.7539785,7,0.15828673,True,7,train,1
1596,0.0,484.00955,484.25975,0.8,"[3644.93333333, 3644.93333333]","[20.0, 20.0]",0.08,90.0,-10.0,null,gabors,0.0,null,4.0,0.25020674,227,0.29627952,1.5789297,8,0.097012645,True,6,train,2
1597,0.0,484.25975,484.50997,0.8,"[3644.93333333, 3644.93333333]","[20.0, 20.0]",0.08,45.0,-40.0,null,gabors,10.0,null,4.0,0.25021576,50,0.24808607,1.7945827,7,0.085059636,True,6,train,1
1598,0.0,484.50997,484.76019,0.8,"[3644.93333333, 3644.93333333]","[20.0, 20.0]",0.08,0.0,0.0,null,gabors,-40.0,null,4.0,0.25021576,239,0.21391271,1.7732238,8,0.12833334,True,8,test,0
1599,0.0,484.76019,485.0104,0.8,"[3644.93333333, 3644.93333333]","[20.0, 20.0]",0.08,0.0,0.0,null,gabors,0.0,null,4.0,0.25021576,139,0.25199606,1.666888,7,0.072302846,True,6,train,0
1600,0.0,485.0104,485.26062,0.8,"[3644.93333333, 3644.93333333]","[20.0, 20.0]",0.08,45.0,-10.0,null,gabors,-20.0,null,4.0,0.25021576,166,0.18434241,1.6056203,8,0.11233966,True,8,test,1
1601,0.0,485.26062,485.51082,0.8,"[3644.93333333, 3644.93333333]","[20.0, 20.0]",0.08,0.0,10.0,null,gabors,-30.0,null,4.0,0.25019924,116,0.31420599,1.7196307,7,0.088530212,True,6,train,0
1602,0.0,485.51082,485.76102,0.8,"[3644.93333333, 3644.93333333]","[20.0, 20.0]",0.08,0.0,40.0,null,gabors,-40.0,null,4.0,0.25019924,174,0.21179187,1.8250006,8,0.14005867,True,6,train,0
1603,0.0,485.76102,486.01121,0.8,"[3644.93333333, 3644.93333333]","[20.0, 20.0]",0.08,0.0,-30.0,null,gabors,-10.0,null,4.0,0.25019924,71,0.28081848,1.905095,7,0.056471684,True,7,train,0
1604,0.0,486.01121,486.26141,0.8,"[3644.93333333, 3644.93333333]","[20.0, 20.0]",0.08,90.0,0.0,null,gabors,10.0,null,4.0,0.25019924,161,0.25142038,1.9069874,8,0.074297546,True,9,train,2
1605,0.0,486.26141,486.51163,0.8,"[3644.93333333, 3644.93333333]","[20.0, 20.0]",0.08,0.0,-40.0,null,gabors,-10.0,null,4.0,0.25022076,103,0.33359538,1.7389351,7,0.063721059,True,5,test,0
1606,0.0,486.51163,486.76186,0.8,"[3644.93333333, 3644.93333333]","[20.0, 20.0]",0.08,90.0,-30.0,null,gabors,30.0,null,4.0,0.25022076,194,0.086668951,1.7686094,8,0.10802601,True,4,train,2
1607,0.0,486.76186,487.01208,0.8,"[3644.93333333, 3644.93333333]","[20.0, 20.0]",0.08,90.0,10.0,null,gabors,-20.0,null,4.0,0.25022076,158,0.30647312,1.7168466,7,0.090051704,True,4,train,2
1608,0.0,487.01208,487.2623,0.8,"[3644.93333333, 3644.93333333]","[20.0, 20.0]",0.08,0.0,20.0,null,gabors,30.0,null,4.0,0.25022076,42,0.15972909,1.6860314,8,0.047447287,True,7,train,0
1609,0.0,487.2623,487.51249,0.8,"[3644.93333333, 3644.93333333]","[20.0, 20.0]",0.08,0.0,20.0,null,gabors,0.0,null,4.0,0.25019674,148,0.049775982,1.8518532,7,0.098207683,True,5,test,0
1610,0.0,487.51249,487.76269,0.8,"[3644.93333333, 3644.93333333]","[20.0, 20.0]",0.08,0.0,10.0,null,gabors,-10.0,null,4.0,0.25019674,182,0.13438573,1.7414368,8,0.34859805,True,7,train,0
1611,0.0,487.76269,488.01289,0.8,"[3644.93333333, 3644.93333333]","[20.0, 20.0]",0.08,45.0,30.0,null,gabors,-10.0,null,4.0,0.25019674,240,0.29833554,1.7477423,7,0.060566659,True,7,train,1
1612,0.0,488.01289,488.26308,0.8,"[3644.93333333, 3644.93333333]","[20.0, 20.0]",0.08,90.0,10.0,null,gabors,-30.0,null,4.0,0.25019674,209,0.4383879,1.7902416,8,0.092497479,True,3,train,2
1613,0.0,488.26308,488.5133,0.8,"[3644.93333333, 3644.93333333]","[20.0, 20.0]",0.08,45.0,20.0,null,gabors,-30.0,null,4.0,0.25022076,172,0.33520703,1.8061874,7,0.098014914,True,7,train,1
1614,0.0,488.5133,488.76353,0.8,"[3644.93333333, 3644.93333333]","[20.0, 20.0]",0.08,90.0,-30.0,null,gabors,-20.0,null,4.0,0.25022076,44,0.38383814,1.8300249,8,0.079007446,True,6,train,2
1615,0.0,488.76353,489.01375,0.8,"[3644.93333333, 3644.93333333]","[20.0, 20.0]",0.08,0.0,20.0,null,gabors,-20.0,null,4.0,0.25022076,132,0.24518348,1.8031369,7,0.095739981,True,6,train,0
1616,0.0,489.01375,489.26397,0.8,"[3644.93333333, 3644.93333333]","[20.0, 20.0]",0.08,90.0,40.0,null,gabors,-10.0,null,4.0,0.25022076,51,0.10394128,1.8826094,8,0.072098009,True,5,test,2
1617,0.0,489.26397,489.51417,0.8,"[3644.93333333, 3644.93333333]","[20.0, 20.0]",0.08,0.0,40.0,null,gabors,40.0,null,4.0,0.25019924,110,0.27817714,1.7746737,7,0.10442767,True,5,test,0
1618,0.0,489.51417,489.76437,0.8,"[3644.93333333, 3644.93333333]","[20.0, 20.0]",0.08,45.0,-20.0,null,gabors,-30.0,null,4.0,0.25019924,85,0.32402245,1.7946568,8,0.13475198,True,5,test,1
1619,0.0,489.76437,490.01456,0.8,"[3644.93333333, 3644.93333333]","[20.0, 20.0]",0.08,45.0,-40.0,null,gabors,-40.0,null,4.0,0.25019924,157,0.40524236,2.0537912,7,0.13131928,True,10,train,1
1620,0.0,490.01456,490.26476,0.8,"[3644.93333333, 3644.93333333]","[20.0, 20.0]",0.08,45.0,40.0,null,gabors,-10.0,null,4.0,0.25019924,171,0.39793385,1.7679887,8,0.071773337,True,7,train,1
1621,0.0,490.26476,490.51498,0.8,"[3644.93333333, 3644.93333333]","[20.0, 20.0]",0.08,0.0,-30.0,null,gabors,0.0,null,4.0,0.25021576,193,0.45514057,1.7287706,7,0.14551565,True,5,test,0
1622,0.0,490.51498,490.7652,0.8,"[3644.93333333, 3644.93333333]","[20.0, 20.0]",0.08,90.0,40.0,null,gabors,10.0,null,4.0,0.25021576,52,0.30382802,1.7440077,8,0.12850296,True,7,train,2
1623,0.0,490.7652,491.01541,0.8,"[3644.93333333, 3644.93333333]","[20.0, 20.0]",0.08,90.0,-10.0,null,gabors,-40.0,null,4.0,0.25021576,198,0.31628744,1.8289261,7,0.096229011,True,6,train,2
1624,0.0,491.01541,491.26563,0.8,"[3644.93333333, 3644.93333333]","[20.0, 20.0]",0.08,45.0,-10.0,null,gabors,-40.0,null,4.0,0.25021576,238,0.20135108,1.9369276,8,0.11503712,True,7,train,1
1625,0.0,491.26563,491.51583,0.8,"[3644.93333333, 3644.93333333]","[20.0, 20.0]",0.08,0.0,-40.0,null,gabors,-30.0,null,4.0,0.25020174,220,0.12621482,1.915233,7,0.078666518,True,7,train,0
1626,0.0,491.51583,491.76603,0.8,"[3644.93333333, 3644.93333333]","[20.0, 20.0]",0.08,45.0,20.0,null,gabors,-30.0,null,4.0,0.25020174,172,0.16825034,1.8586926,8,0.072826409,True,8,test,1
1627,0.0,491.76603,492.01623,0.8,"[3644.93333333, 3644.93333333]","[20.0, 20.0]",0.08,90.0,-10.0,null,gabors,20.0,null,4.0,0.25020174,1,0.240229,1.8859764,7,0.11651693,True,8,test,2
1628,0.0,492.01623,492.26643,0.8,"[3644.93333333, 3644.93333333]","[20.0, 20.0]",0.08,0.0,30.0,null,gabors,20.0,null,4.0,0.25020174,217,0.22451112,1.904168,8,0.11909381,True,6,train,0
1629,0.0,492.26643,492.51664,0.8,"[3644.93333333, 3644.93333333]","[20.0, 20.0]",0.08,0.0,-40.0,null,gabors,20.0,null,4.0,0.25021076,151,-0.013031413,2.0308957,7,0.18486675,True,7,train,0
1630,0.0,492.51664,492.76686,0.8,"[3644.93333333, 3644.93333333]","[20.0, 20.0]",0.08,0.0,20.0,null,gabors,-10.0,null,4.0,0.25021076,213,-0.049858011,1.8497063,8,0.11627584,True,6,train,0
1631,0.0,492.76686,493.01707,0.8,"[3644.93333333, 3644.93333333]","[20.0, 20.0]",0.08,0.0,40.0,null,gabors,0.0,null,4.0,0.25021076,242,0.14077918,1.8723337,7,0.069059444,True,5,test,0
1632,0.0,493.01707,493.26728,0.8,"[3644.93333333, 3644.93333333]","[20.0, 20.0]",0.08,0.0,10.0,null,gabors,30.0,null,4.0,0.25021076,169,0.12297777,1.8243933,8,0.10729727,True,5,test,0
1633,0.0,493.26728,493.51749,0.8,"[3644.93333333, 3644.93333333]","[20.0, 20.0]",0.08,45.0,40.0,null,gabors,10.0,null,4.0,0.25020924,150,0.095112557,1.8564226,7,0.11174797,True,8,test,1
1634,0.0,493.51749,493.7677,0.8,"[3644.93333333, 3644.93333333]","[20.0, 20.0]",0.08,90.0,40.0,null,gabors,-30.0,null,4.0,0.25020924,13,0.0051423296,1.7620051,8,0.10488427,True,10,train,2
1635,0.0,493.7677,494.0179,0.8,"[3644.93333333, 3644.93333333]","[20.0, 20.0]",0.08,45.0,10.0,null,gabors,20.0,null,4.0,0.25020924,102,-0.031431175,1.840539,7,0.087983567,True,7,train,1
1636,0.0,494.0179,494.26811,0.8,"[3644.93333333, 3644.93333333]","[20.0, 20.0]",0.08,45.0,-20.0,null,gabors,-10.0,null,4.0,0.25020924,152,0.1474505,1.8184523,8,0.091555841,True,5,test,1
1637,0.0,494.26811,494.51833,0.8,"[3644.93333333, 3644.93333333]","[20.0, 20.0]",0.08,45.0,10.0,null,gabors,-30.0,null,4.0,0.25021826,9,0.25677925,1.8478689,7,0.13954254,True,8,test,1
1638,0.0,494.51833,494.76855,0.8,"[3644.93333333, 3644.93333333]","[20.0, 20.0]",0.08,90.0,-40.0,null,gabors,-10.0,null,4.0,0.25021826,22,0.032129402,1.7628931,8,0.15904258,True,8,test,2
1639,0.0,494.76855,495.01877,0.8,"[3644.93333333, 3644.93333333]","[20.0, 20.0]",0.08,90.0,30.0,null,gabors,-20.0,null,4.0,0.25021826,212,0.14894433,1.780605,7,0.16404383,True,5,test,2
1640,0.0,495.01877,495.26899,0.8,"[3644.93333333, 3644.93333333]","[20.0, 20.0]",0.08,0.0,-20.0,null,gabors,-30.0,null,4.0,0.25021826,236,0.11812848,1.8332707,8,0.1172614,True,7,train,0
1641,0.0,495.26899,495.51919,0.8,"[3644.93333333, 3644.93333333]","[20.0, 20.0]",0.08,0.0,10.0,null,gabors,-30.0,null,4.0,0.25019924,116,0.045984134,1.9475386,7,0.097814597,True,7,train,0
1642,0.0,495.51919,495.76939,0.8,"[3644.93333333, 3644.93333333]","[20.0, 20.0]",0.08,90.0,-40.0,null,gabors,-30.0,null,4.0,0.25019924,127,0.17849816,1.9336788,8,0.068248621,True,5,test,2
1643,0.0,495.76939,496.01958,0.8,"[3644.93333333, 3644.93333333]","[20.0, 20.0]",0.08,90.0,-30.0,null,gabors,-20.0,null,4.0,0.25019924,44,0.29185788,1.8840782,7,0.13048706,True,7,train,2
1644,0.0,496.01958,496.26978,0.8,"[3644.93333333, 3644.93333333]","[20.0, 20.0]",0.08,0.0,-20.0,null,gabors,30.0,null,4.0,0.25019924,11,0.20124133,1.6603695,8,0.092199797,True,5,test,0
1645,0.0,496.26978,496.51999,0.8,"[3644.93333333, 3644.93333333]","[20.0, 20.0]",0.08,45.0,0.0,null,gabors,-40.0,null,4.0,0.25020826,105,0.23480305,1.6856806,7,0.088945323,True,7,train,1
1646,0.0,496.51999,496.7702,0.8,"[3644.93333333, 3644.93333333]","[20.0, 20.0]",0.08,0.0,40.0,null,gabors,30.0,null,4.0,0.25020826,2,0.32088637,1.6779178,8,0.092514705,True,6,train,0
1647,0.0,496.7702,497.02041,0.8,"[3644.93333333, 3644.93333333]","[20.0, 20.0]",0.08,45.0,-40.0,null,gabors,30.0,null,4.0,0.25020826,63,0.35632608,1.5956078,7,0.066952949,True,3,train,1
1648,0.0,497.02041,497.27062,0.8,"[3644.93333333, 3644.93333333]","[20.0, 20.0]",0.08,90.0,-20.0,null,gabors,10.0,null,4.0,0.25020826,100,0.041052165,1.6800367,8,0.10523091,True,4,train,2
1649,0.0,497.27062,497.52083,0.8,"[3644.93333333, 3644.93333333]","[20.0, 20.0]",0.08,0.0,40.0,null,gabors,-20.0,null,4.0,0.25021424,78,0.2348158,1.5455981,7,0.072420932,True,10,train,0
1650,0.0,497.52083,497.77105,0.8,"[3644.93333333, 3644.93333333]","[20.0, 20.0]",0.08,90.0,10.0,null,gabors,-40.0,null,4.0,0.25021424,117,0.18379179,1.5412501,8,0.095220061,True,9,train,2
1651,0.0,497.77105,498.02126,0.8,"[3644.93333333, 3644.93333333]","[20.0, 20.0]",0.08,45.0,30.0,null,gabors,-30.0,null,4.0,0.25021424,84,0.13170156,1.5117509,7,0.1217505,True,5,test,1
1652,0.0,498.02126,498.27147,0.8,"[3644.93333333, 3644.93333333]","[20.0, 20.0]",0.08,90.0,0.0,null,gabors,0.0,null,4.0,0.25021424,66,0.16074457,1.4854918,8,0.092334159,True,7,train,2
1653,0.0,498.27147,498.52167,0.8,"[3644.93333333, 3644.93333333]","[20.0, 20.0]",0.08,90.0,-20.0,null,gabors,0.0,null,4.0,0.25020076,121,0.2183853,1.6075966,7,0.11736503,True,6,train,2
1654,0.0,498.52167,498.77188,0.8,"[3644.93333333, 3644.93333333]","[20.0, 20.0]",0.08,90.0,20.0,null,gabors,-40.0,null,4.0,0.25020076,149,0.087971779,1.8364305,8,0.1079357,True,11,test,2
1655,0.0,498.77188,499.02208,0.8,"[3644.93333333, 3644.93333333]","[20.0, 20.0]",0.08,0.0,0.0,null,gabors,-20.0,null,4.0,0.25020076,140,-0.08915399,1.7264802,7,0.11248475,True,6,train,0
1656,0.0,499.02208,499.27228,0.8,"[3644.93333333, 3644.93333333]","[20.0, 20.0]",0.08,45.0,-30.0,null,gabors,30.0,null,4.0,0.25020076,131,-0.066630827,1.8357449,8,0.098678735,True,7,train,1
1657,0.0,499.27228,499.52249,0.8,"[3644.93333333, 3644.93333333]","[20.0, 20.0]",0.08,90.0,0.0,null,gabors,-20.0,null,4.0,0.25021174,197,0.07039189,1.7623554,7,0.098522883,True,7,train,2
1658,0.0,499.52249,499.7727,0.8,"[3644.93333333, 3644.93333333]","[20.0, 20.0]",0.08,0.0,-20.0,null,gabors,0.0,null,4.0,0.25021174,226,0.15987022,2.0263933,8,0.14814796,True,4,train,0
1659,0.0,499.7727,500.02291,0.8,"[3644.93333333, 3644.93333333]","[20.0, 20.0]",0.08,45.0,-40.0,null,gabors,-10.0,null,4.0,0.25021174,118,0.074673378,1.8806,7,0.13080109,True,8,test,1
1660,0.0,500.02291,500.27312,0.8,"[3644.93333333, 3644.93333333]","[20.0, 20.0]",0.08,90.0,30.0,null,gabors,-20.0,null,4.0,0.25021174,212,0.054465702,1.7118035,8,0.11221341,True,6,train,2
1661,0.0,500.27312,500.52334,0.8,"[3644.93333333, 3644.93333333]","[20.0, 20.0]",0.08,90.0,-40.0,null,gabors,-30.0,null,4.0,0.25021826,127,0.19178312,1.6027398,7,0.14974391,True,6,train,2
1662,0.0,500.52334,500.77356,0.8,"[3644.93333333, 3644.93333333]","[20.0, 20.0]",0.08,45.0,-20.0,null,gabors,40.0,null,4.0,0.25021826,81,0.24642707,1.6047722,8,0.10474718,True,8,test,1
1663,0.0,500.77356,501.02378,0.8,"[3644.93333333, 3644.93333333]","[20.0, 20.0]",0.08,90.0,10.0,null,gabors,-30.0,null,4.0,0.25021826,209,0.12293572,1.5186026,7,0.078574147,True,4,train,2
1664,0.0,501.02378,501.274,0.8,"[3644.93333333, 3644.93333333]","[20.0, 20.0]",0.08,0.0,40.0,null,gabors,40.0,null,4.0,0.25021826,110,0.050160759,1.612845,7,0.056118633,True,6,train,0
1665,0.0,501.274,501.5242,0.8,"[3644.93333333, 3644.93333333]","[20.0, 20.0]",0.08,0.0,-20.0,null,gabors,-40.0,null,4.0,0.25019924,123,-0.025821247,1.5160421,7,0.079238481,True,7,train,0
1666,0.0,501.5242,501.7744,0.8,"[3644.93333333, 3644.93333333]","[20.0, 20.0]",0.08,45.0,10.0,null,gabors,0.0,null,4.0,0.25019924,204,0.042672631,1.4737787,8,0.12222292,True,10,train,1
1667,0.0,501.7744,502.02459,0.8,"[3644.93333333, 3644.93333333]","[20.0, 20.0]",0.08,45.0,0.0,null,gabors,-30.0,null,4.0,0.25019924,46,0.07049027,1.6466468,8,0.093765321,True,8,test,1
1668,0.0,502.02459,502.27479,0.8,"[3644.93333333, 3644.93333333]","[20.0, 20.0]",0.08,45.0,-10.0,null,gabors,-40.0,null,4.0,0.25019924,238,0.031088183,1.7669066,7,0.18919416,True,8,test,1
1669,0.0,502.27479,502.52501,0.8,"[3644.93333333, 3644.93333333]","[20.0, 20.0]",0.08,45.0,20.0,null,gabors,40.0,null,4.0,0.25021576,93,0.15629892,1.9777861,7,0.11814273,True,6,train,1
1670,0.0,502.52501,502.77523,0.8,"[3644.93333333, 3644.93333333]","[20.0, 20.0]",0.08,0.0,-30.0,null,gabors,-20.0,null,4.0,0.25021576,106,0.11917129,2.0292977,8,0.1051751,True,8,test,0
1671,0.0,502.77523,503.02544,0.8,"[3644.93333333, 3644.93333333]","[20.0, 20.0]",0.08,0.0,0.0,null,gabors,30.0,null,4.0,0.25021576,55,0.02996451,1.9062753,8,0.10535807,True,6,train,0
1672,0.0,503.02544,503.27566,0.8,"[3644.93333333, 3644.93333333]","[20.0, 20.0]",0.08,45.0,-10.0,null,gabors,-30.0,null,4.0,0.25021576,184,0.054564378,1.8736881,7,0.12103892,True,7,train,1
1673,0.0,503.27566,503.52586,0.8,"[3644.93333333, 3644.93333333]","[20.0, 20.0]",0.08,45.0,40.0,null,gabors,20.0,null,4.0,0.25020424,180,-0.066100525,1.7294119,7,0.071180497,True,6,train,1
1674,0.0,503.52586,503.77607,0.8,"[3644.93333333, 3644.93333333]","[20.0, 20.0]",0.08,0.0,20.0,null,gabors,-20.0,null,4.0,0.25020424,132,0.26004005,1.8054365,8,0.13250839,True,7,train,0
1675,0.0,503.77607,504.02627,0.8,"[3644.93333333, 3644.93333333]","[20.0, 20.0]",0.08,45.0,20.0,null,gabors,10.0,null,4.0,0.25020424,187,0.14671875,1.6679505,8,0.095892199,True,5,test,1
1676,0.0,504.02627,504.27647,0.8,"[3644.93333333, 3644.93333333]","[20.0, 20.0]",0.08,90.0,20.0,null,gabors,-10.0,null,4.0,0.25020424,30,0.1945566,1.715856,7,0.11902025,True,6,train,2
1677,0.0,504.27647,504.52669,0.8,"[3644.93333333, 3644.93333333]","[20.0, 20.0]",0.08,0.0,0.0,null,gabors,20.0,null,4.0,0.25022076,192,0.040550872,1.7529327,7,0.11826112,True,11,test,0
1678,0.0,504.52669,504.77692,0.8,"[3644.93333333, 3644.93333333]","[20.0, 20.0]",0.08,0.0,-20.0,null,gabors,-20.0,null,4.0,0.25022076,223,0.023573505,1.7457542,7,0.10887088,True,6,train,0
1679,0.0,504.77692,505.02714,0.8,"[3644.93333333, 3644.93333333]","[20.0, 20.0]",0.08,45.0,-40.0,null,gabors,30.0,null,4.0,0.25022076,63,0.068239945,1.8880044,8,0.075010258,True,4,train,1
1680,0.0,505.02714,505.27736,0.8,"[3644.93333333, 3644.93333333]","[20.0, 20.0]",0.08,45.0,10.0,null,gabors,10.0,null,4.0,0.25022076,144,-0.00024370832,1.8990375,7,0.06120549,True,7,train,1
1681,0.0,505.27736,505.52755,0.8,"[3644.93333333, 3644.93333333]","[20.0, 20.0]",0.08,45.0,40.0,null,gabors,20.0,null,4.0,0.25019674,180,-0.029383039,1.898613,7,0.086517056,True,7,train,1
1682,0.0,505.52755,505.77775,0.8,"[3644.93333333, 3644.93333333]","[20.0, 20.0]",0.08,0.0,10.0,null,gabors,-20.0,null,4.0,0.25019674,35,0.050294045,1.6986527,8,0.092717995,True,6,train,0
1683,0.0,505.77775,506.02795,0.8,"[3644.93333333, 3644.93333333]","[20.0, 20.0]",0.08,0.0,-20.0,null,gabors,40.0,null,4.0,0.25019674,33,0.25028488,1.7675745,8,0.097191624,True,10,train,0
1684,0.0,506.02795,506.27814,0.8,"[3644.93333333, 3644.93333333]","[20.0, 20.0]",0.08,90.0,-30.0,null,gabors,-10.0,null,4.0,0.25019674,26,0.093290759,1.8645258,7,0.10901203,True,6,train,2
1685,0.0,506.27814,506.52836,0.8,"[3644.93333333, 3644.93333333]","[20.0, 20.0]",0.08,0.0,20.0,null,gabors,-30.0,null,4.0,0.25022076,155,0.00024370832,1.7573227,7,0.095980564,True,1,train,0
1686,0.0,506.52836,506.77859,0.8,"[3644.93333333, 3644.93333333]","[20.0, 20.0]",0.08,90.0,-30.0,null,gabors,-30.0,null,4.0,0.25022076,124,-0.062080368,1.6762748,7,0.16975469,True,8,test,2
1687,0.0,506.77859,507.02881,0.8,"[3644.93333333, 3644.93333333]","[20.0, 20.0]",0.08,45.0,-30.0,null,gabors,10.0,null,4.0,0.25022076,202,0.1263968,1.6882052,8,0.088368694,True,3,train,1
1688,0.0,507.02881,507.27903,0.8,"[3644.93333333, 3644.93333333]","[20.0, 20.0]",0.08,45.0,-10.0,null,gabors,40.0,null,4.0,0.25022076,39,0.32815467,1.765959,7,0.071585849,True,8,test,1
1689,0.0,507.27903,507.52923,0.8,"[3644.93333333, 3644.93333333]","[20.0, 20.0]",0.08,0.0,-30.0,null,gabors,20.0,null,4.0,0.25019924,185,0.21007989,1.7838288,8,0.08117331,True,9,train,0
1690,0.0,507.52923,507.77943,0.8,"[3644.93333333, 3644.93333333]","[20.0, 20.0]",0.08,0.0,0.0,null,gabors,-10.0,null,4.0,0.25019924,160,0.18982522,1.9051662,7,0.069458078,True,4,train,0
1691,0.0,507.77943,508.02962,0.8,"[3644.93333333, 3644.93333333]","[20.0, 20.0]",0.08,0.0,20.0,null,gabors,-20.0,null,4.0,0.25019924,132,0.23794184,1.8159123,8,0.091207244,True,8,test,0
1692,0.0,508.02962,508.27982,0.8,"[3644.93333333, 3644.93333333]","[20.0, 20.0]",0.08,0.0,20.0,null,gabors,0.0,null,4.0,0.25019924,148,0.1933889,1.6975303,7,0.10964197,True,6,train,0
1693,0.0,508.27982,508.53004,0.8,"[3644.93333333, 3644.93333333]","[20.0, 20.0]",0.08,90.0,-40.0,null,gabors,-20.0,null,4.0,0.25022076,128,0.31186311,1.6432954,8,0.081461633,True,8,test,2
1694,0.0,508.53004,508.78027,0.8,"[3644.93333333, 3644.93333333]","[20.0, 20.0]",0.08,90.0,20.0,null,gabors,30.0,null,4.0,0.25022076,10,0.25000294,1.8147461,7,0.07663331,True,9,train,2
1695,0.0,508.78027,509.03049,0.8,"[3644.93333333, 3644.93333333]","[20.0, 20.0]",0.08,0.0,-30.0,null,gabors,-40.0,null,4.0,0.25022076,12,0.24044283,1.8744216,8,0.094936425,True,7,train,0
1696,0.0,509.03049,509.28071,0.8,"[3644.93333333, 3644.93333333]","[20.0, 20.0]",0.08,90.0,-10.0,null,gabors,10.0,null,4.0,0.25022076,89,0.051542172,1.8095457,7,0.14973763,True,5,test,2
1697,0.0,509.28071,509.5309,0.8,"[3644.93333333, 3644.93333333]","[20.0, 20.0]",0.08,0.0,30.0,null,gabors,0.0,null,4.0,0.25019424,97,0.12023788,1.9022782,8,0.19797998,True,6,train,0
1698,0.0,509.5309,509.7811,0.8,"[3644.93333333, 3644.93333333]","[20.0, 20.0]",0.08,45.0,-10.0,null,gabors,0.0,null,4.0,0.25019424,88,0.11704704,1.8395574,7,0.15270068,True,5,test,1
1699,0.0,509.7811,510.03129,0.8,"[3644.93333333, 3644.93333333]","[20.0, 20.0]",0.08,0.0,-40.0,null,gabors,-20.0,null,4.0,0.25019424,95,0.63208022,2.0389538,8,0.3271518,True,6,train,0
1700,0.0,510.03129,510.28148,0.8,"[3644.93333333, 3644.93333333]","[20.0, 20.0]",0.08,45.0,40.0,null,gabors,40.0,null,4.0,0.25019424,178,-0.022346997,2.1469835,7,0.33226194,True,8,test,1
1701,0.0,510.28148,510.5317,0.8,"[3644.93333333, 3644.93333333]","[20.0, 20.0]",0.08,90.0,-20.0,null,gabors,-30.0,null,4.0,0.25021826,162,-0.0087846008,1.984831,8,0.19536515,True,5,test,2
1702,0.0,510.5317,510.78192,0.8,"[3644.93333333, 3644.93333333]","[20.0, 20.0]",0.08,45.0,40.0,null,gabors,-20.0,null,4.0,0.25021826,104,0.1865605,2.1246772,7,0.073903287,True,6,train,1
1703,0.0,510.78192,511.03214,0.8,"[3644.93333333, 3644.93333333]","[20.0, 20.0]",0.08,45.0,20.0,null,gabors,20.0,null,4.0,0.25021826,76,0.22468804,2.0623572,8,0.10309587,True,8,test,1
1704,0.0,511.03214,511.28236,0.8,"[3644.93333333, 3644.93333333]","[20.0, 20.0]",0.08,90.0,0.0,null,gabors,-30.0,null,4.0,0.25021826,74,0.23016615,1.9332673,7,0.11951344,True,6,train,2
1705,0.0,511.28236,511.53256,0.8,"[3644.93333333, 3644.93333333]","[20.0, 20.0]",0.08,45.0,0.0,null,gabors,-30.0,null,4.0,0.25020174,46,0.2394475,1.7859625,8,0.072287439,True,9,train,1
1706,0.0,511.53256,511.78276,0.8,"[3644.93333333, 3644.93333333]","[20.0, 20.0]",0.08,90.0,10.0,null,gabors,-20.0,null,4.0,0.25020174,158,0.14916163,1.8589477,7,0.086054756,True,5,test,2
1707,0.0,511.78276,512.03296,0.8,"[3644.93333333, 3644.93333333]","[20.0, 20.0]",0.08,45.0,40.0,null,gabors,30.0,null,4.0,0.25020174,53,0.14132195,1.9525313,8,0.049761717,True,5,test,1
1708,0.0,512.03296,512.28316,0.8,"[3644.93333333, 3644.93333333]","[20.0, 20.0]",0.08,45.0,40.0,null,gabors,-20.0,null,4.0,0.25020174,104,0.14540654,1.9835069,7,0.050066493,True,7,train,1
1709,0.0,512.28316,512.53338,0.8,"[3644.93333333, 3644.93333333]","[20.0, 20.0]",0.08,0.0,-10.0,null,gabors,40.0,null,4.0,0.25022076,60,0.17344515,1.8804152,8,0.10177336,True,3,train,0
1710,0.0,512.53338,512.78361,0.8,"[3644.93333333, 3644.93333333]","[20.0, 20.0]",0.08,90.0,-40.0,null,gabors,10.0,null,4.0,0.25022076,57,0.16403227,1.7720391,7,0.06358488,True,6,train,2
1711,0.0,512.78361,513.03383,0.8,"[3644.93333333, 3644.93333333]","[20.0, 20.0]",0.08,45.0,10.0,null,gabors,-10.0,null,4.0,0.25022076,31,0.032158964,1.9978956,8,0.086305873,True,10,train,1
1712,0.0,513.03383,513.28405,0.8,"[3644.93333333, 3644.93333333]","[20.0, 20.0]",0.08,0.0,30.0,null,gabors,20.0,null,4.0,0.25022076,217,0.049170719,1.8506232,7,0.18861354,True,7,train,0
1713,0.0,513.28405,513.53425,0.8,"[3644.93333333, 3644.93333333]","[20.0, 20.0]",0.08,45.0,-40.0,null,gabors,20.0,null,4.0,0.25019924,96,0.081485467,1.8780809,8,0.18589724,True,9,train,1
1714,0.0,513.53425,513.78445,0.8,"[3644.93333333, 3644.93333333]","[20.0, 20.0]",0.08,45.0,20.0,null,gabors,-20.0,null,4.0,0.25019924,208,-0.017513366,1.9356908,7,0.20305418,True,4,train,1
1715,0.0,513.78445,514.03464,0.8,"[3644.93333333, 3644.93333333]","[20.0, 20.0]",0.08,90.0,10.0,null,gabors,0.0,null,4.0,0.25019924,17,0.13947262,1.864679,8,0.16454583,True,5,test,2
1716,0.0,514.03464,514.28484,0.8,"[3644.93333333, 3644.93333333]","[20.0, 20.0]",0.08,0.0,0.0,null,gabors,-20.0,null,4.0,0.25019924,140,0.19368835,1.869409,7,0.17303294,True,7,train,0
1717,0.0,514.28484,514.53507,0.8,"[3644.93333333, 3644.93333333]","[20.0, 20.0]",0.08,90.0,0.0,null,gabors,-30.0,null,4.0,0.25022326,74,0.44605858,2.0990156,8,0.32307627,True,7,train,2
1718,0.0,514.53507,514.78529,0.8,"[3644.93333333, 3644.93333333]","[20.0, 20.0]",0.08,90.0,-40.0,null,gabors,30.0,null,4.0,0.25022326,120,-0.0039989163,1.9984647,7,0.2012443,True,7,train,2
1719,0.0,514.78529,515.03551,0.8,"[3644.93333333, 3644.93333333]","[20.0, 20.0]",0.08,0.0,40.0,null,gabors,40.0,null,4.0,0.25022326,110,-0.25868191,1.9650751,8,0.17869123,True,7,train,0
1720,0.0,515.03551,515.28574,0.8,"[3644.93333333, 3644.93333333]","[20.0, 20.0]",0.08,0.0,20.0,null,gabors,-30.0,null,4.0,0.25022326,155,-0.3890667,1.9886015,7,0.10747311,True,2,test,0
1721,0.0,515.28574,515.53593,0.8,"[3644.93333333, 3644.93333333]","[20.0, 20.0]",0.08,0.0,-10.0,null,gabors,40.0,null,4.0,0.25019174,60,-0.2908459,2.0630907,8,0.10471184,True,4,train,0
1722,0.0,515.53593,515.78612,0.8,"[3644.93333333, 3644.93333333]","[20.0, 20.0]",0.08,0.0,40.0,null,gabors,10.0,null,4.0,0.25019174,230,-0.15180151,2.0154192,7,0.14432931,True,5,test,0
1723,0.0,515.78612,516.03631,0.8,"[3644.93333333, 3644.93333333]","[20.0, 20.0]",0.08,0.0,30.0,null,gabors,-30.0,null,4.0,0.25019174,16,-0.13259383,1.9808919,8,0.096901135,True,6,train,0
1724,0.0,516.03631,516.2865,0.8,"[3644.93333333, 3644.93333333]","[20.0, 20.0]",0.08,0.0,30.0,null,gabors,30.0,null,4.0,0.25019174,6,-0.10404047,2.0955117,7,0.078477487,True,7,train,0
1725,0.0,516.2865,516.53673,0.8,"[3644.93333333, 3644.93333333]","[20.0, 20.0]",0.08,0.0,-20.0,null,gabors,-10.0,null,4.0,0.25022826,216,-0.17015791,2.1846226,8,0.075535794,True,7,train,0
1726,0.0,516.53673,516.78696,0.8,"[3644.93333333, 3644.93333333]","[20.0, 20.0]",0.08,0.0,-30.0,null,gabors,30.0,null,4.0,0.25022826,146,-0.27066376,2.1601347,7,0.091416062,True,5,test,0
1727,0.0,516.78696,517.03719,0.8,"[3644.93333333, 3644.93333333]","[20.0, 20.0]",0.08,0.0,20.0,null,gabors,40.0,null,4.0,0.25022826,72,-0.21285045,1.9710002,8,0.12010739,True,6,train,0
1728,0.0,517.03719,517.28742,0.8,"[3644.93333333, 3644.93333333]","[20.0, 20.0]",0.08,90.0,0.0,null,gabors,40.0,null,4.0,0.25022826,19,-0.10317496,1.9306194,7,0.14374517,True,7,train,2
1729,0.0,517.28742,517.53761,0.8,"[3644.93333333, 3644.93333333]","[20.0, 20.0]",0.08,45.0,40.0,null,gabors,-20.0,null,4.0,0.25019174,104,-0.020657364,2.0635979,8,0.0985635,True,8,test,1
1730,0.0,517.53761,517.7878,0.8,"[3644.93333333, 3644.93333333]","[20.0, 20.0]",0.08,45.0,30.0,null,gabors,-10.0,null,4.0,0.25019174,240,-0.023521841,2.0570659,7,0.10155813,True,8,test,1
1731,0.0,517.7878,518.03799,0.8,"[3644.93333333, 3644.93333333]","[20.0, 20.0]",0.08,0.0,-10.0,null,gabors,10.0,null,4.0,0.25019174,114,0.070213156,1.8643883,8,0.050686855,True,7,train,0
1732,0.0,518.03799,518.28818,0.8,"[3644.93333333, 3644.93333333]","[20.0, 20.0]",0.08,90.0,30.0,null,gabors,-40.0,null,4.0,0.25019174,27,0.076693188,1.923515,7,0.12342037,True,6,train,2
1733,0.0,518.28818,518.5384,0.8,"[3644.93333333, 3644.93333333]","[20.0, 20.0]",0.08,45.0,-30.0,null,gabors,0.0,null,4.0,0.25021826,179,-0.036565947,2.1708917,8,0.076744656,True,5,test,1
1734,0.0,518.5384,518.78862,0.8,"[3644.93333333, 3644.93333333]","[20.0, 20.0]",0.08,0.0,10.0,null,gabors,0.0,null,4.0,0.25021826,206,0.072119329,2.2145977,7,0.10981667,True,5,test,0
1735,0.0,518.78862,519.03884,0.8,"[3644.93333333, 3644.93333333]","[20.0, 20.0]",0.08,90.0,-40.0,null,gabors,0.0,null,4.0,0.25021826,4,0.013431003,2.0191644,8,0.062166652,True,9,train,2
1736,0.0,519.03884,519.28906,0.8,"[3644.93333333, 3644.93333333]","[20.0, 20.0]",0.08,90.0,30.0,null,gabors,-30.0,null,4.0,0.25021826,234,0.12072009,2.0820046,7,0.083204689,True,7,train,2
1737,0.0,519.28906,519.53926,0.8,"[3644.93333333, 3644.93333333]","[20.0, 20.0]",0.08,90.0,-20.0,null,gabors,10.0,null,4.0,0.25020174,100,0.2104228,2.1123049,8,0.058951086,True,5,test,2
1738,0.0,519.53926,519.78946,0.8,"[3644.93333333, 3644.93333333]","[20.0, 20.0]",0.08,90.0,-20.0,null,gabors,30.0,null,4.0,0.25020174,80,0.21621704,2.033381,7,0.072296367,True,7,train,2
1739,0.0,519.78946,520.03966,0.8,"[3644.93333333, 3644.93333333]","[20.0, 20.0]",0.08,45.0,-40.0,null,gabors,40.0,null,4.0,0.25020174,134,0.2675904,2.0420653,8,0.1362164,True,8,test,1
1740,0.0,520.03966,520.28986,0.8,"[3644.93333333, 3644.93333333]","[20.0, 20.0]",0.08,90.0,30.0,null,gabors,20.0,null,4.0,0.25020174,163,0.16492581,2.1860968,7,0.16256051,True,7,train,2
1741,0.0,520.28986,520.54008,0.8,"[3644.93333333, 3644.93333333]","[20.0, 20.0]",0.08,0.0,30.0,null,gabors,30.0,null,4.0,0.25022076,6,0.093310055,2.5173807,7,0.067726533,True,8,test,0
1742,0.0,520.54008,520.79031,0.8,"[3644.93333333, 3644.93333333]","[20.0, 20.0]",0.08,0.0,-40.0,null,gabors,-20.0,null,4.0,0.25022076,95,0.13017159,2.2829637,7,0.1200489,True,7,train,0
1743,0.0,520.79031,521.04053,0.8,"[3644.93333333, 3644.93333333]","[20.0, 20.0]",0.08,0.0,20.0,null,gabors,-30.0,null,4.0,0.25022076,155,0.11719115,2.2568534,7,0.1709138,True,3,train,0
1744,0.0,521.04053,521.29075,0.8,"[3644.93333333, 3644.93333333]","[20.0, 20.0]",0.08,0.0,-30.0,null,gabors,-40.0,null,4.0,0.25022076,12,0.1839438,2.2532568,8,0.083611434,True,8,test,0
1745,0.0,521.29075,521.54094,0.8,"[3644.93333333, 3644.93333333]","[20.0, 20.0]",0.08,90.0,-30.0,null,gabors,20.0,null,4.0,0.25019674,173,0.18499207,2.1979763,7,0.10007221,True,10,train,2
1746,0.0,521.54094,521.79114,0.8,"[3644.93333333, 3644.93333333]","[20.0, 20.0]",0.08,45.0,40.0,null,gabors,-20.0,null,4.0,0.25019674,104,0.21228923,2.1038622,8,0.11425729,True,9,train,1
1747,0.0,521.79114,522.04134,0.8,"[3644.93333333, 3644.93333333]","[20.0, 20.0]",0.08,90.0,10.0,null,gabors,-30.0,null,4.0,0.25019674,209,0.23599046,2.1868576,7,0.14664953,True,5,test,2
1748,0.0,522.04134,522.29153,0.8,"[3644.93333333, 3644.93333333]","[20.0, 20.0]",0.08,45.0,0.0,null,gabors,-20.0,null,4.0,0.25019674,177,0.18409926,2.3104456,8,0.20112642,True,5,test,1
1749,0.0,522.29153,522.54175,0.8,"[3644.93333333, 3644.93333333]","[20.0, 20.0]",0.08,45.0,-30.0,null,gabors,0.0,null,4.0,0.25021826,179,0.13953337,2.2613044,7,0.19068032,True,6,train,1
1750,0.0,522.54175,522.79197,0.8,"[3644.93333333, 3644.93333333]","[20.0, 20.0]",0.08,90.0,-20.0,null,gabors,0.0,null,4.0,0.25021826,121,0.17918318,2.2446582,8,0.13489559,True,7,train,2
1751,0.0,522.79197,523.04219,0.8,"[3644.93333333, 3644.93333333]","[20.0, 20.0]",0.08,0.0,-40.0,null,gabors,10.0,null,4.0,0.25021826,15,0.21015668,2.3634695,7,0.10320919,True,7,train,0
1752,0.0,523.04219,523.29241,0.8,"[3644.93333333, 3644.93333333]","[20.0, 20.0]",0.08,90.0,-10.0,null,gabors,10.0,null,4.0,0.25021826,89,0.30241843,2.4722266,8,0.11572827,True,6,train,2
1753,0.0,523.29241,523.54261,0.8,"[3644.93333333, 3644.93333333]","[20.0, 20.0]",0.08,90.0,-10.0,null,gabors,10.0,null,4.0,0.25019924,89,0.19465552,2.3492121,7,0.054725714,True,7,train,2
1754,0.0,523.54261,523.79281,0.8,"[3644.93333333, 3644.93333333]","[20.0, 20.0]",0.08,45.0,0.0,null,gabors,40.0,null,4.0,0.25019924,159,0.2656782,2.4425805,8,0.095664168,True,8,test,1
1755,0.0,523.79281,524.043,0.8,"[3644.93333333, 3644.93333333]","[20.0, 20.0]",0.08,90.0,10.0,null,gabors,30.0,null,4.0,0.25019924,229,0.24540925,2.3181401,7,0.091394846,True,9,train,2
1756,0.0,524.043,524.2932,0.8,"[3644.93333333, 3644.93333333]","[20.0, 20.0]",0.08,90.0,-10.0,null,gabors,-30.0,null,4.0,0.25019924,101,0.35342846,2.422176,8,0.148091,True,5,test,2
1757,0.0,524.2932,524.54342,0.8,"[3644.93333333, 3644.93333333]","[20.0, 20.0]",0.08,90.0,-40.0,null,gabors,-40.0,null,4.0,0.25021326,243,0.0060745044,1.4337605,7,0.36419216,True,4,train,2
1758,0.0,524.54342,524.79363,0.8,"[3644.93333333, 3644.93333333]","[20.0, 20.0]",0.08,0.0,-40.0,null,gabors,-20.0,null,4.0,0.25021326,95,-0.042604164,1.4454577,8,0.15489925,True,8,test,0
1759,0.0,524.79363,525.04384,0.8,"[3644.93333333, 3644.93333333]","[20.0, 20.0]",0.08,90.0,-20.0,null,gabors,0.0,null,4.0,0.25021326,121,0.16470102,1.6326952,7,0.30528177,True,8,test,2
1760,0.0,525.04384,525.29406,0.8,"[3644.93333333, 3644.93333333]","[20.0, 20.0]",0.08,0.0,-20.0,null,gabors,0.0,null,4.0,0.25021326,226,0.15959385,1.8446363,8,0.14727926,True,5,test,0
1761,0.0,525.29406,525.54426,0.8,"[3644.93333333, 3644.93333333]","[20.0, 20.0]",0.08,90.0,-30.0,null,gabors,30.0,null,4.0,0.25020674,194,0.20254102,1.7799441,7,0.13317528,True,5,test,2
1762,0.0,525.54426,525.79447,0.8,"[3644.93333333, 3644.93333333]","[20.0, 20.0]",0.08,45.0,-40.0,null,gabors,-10.0,null,4.0,0.25020674,118,-0.072218825,1.602746,8,0.10884563,True,9,train,1
1763,0.0,525.79447,526.04468,0.8,"[3644.93333333, 3644.93333333]","[20.0, 20.0]",0.08,90.0,30.0,null,gabors,10.0,null,4.0,0.25020674,40,0.21776018,1.8539368,7,0.13694062,True,5,test,2
1764,0.0,526.04468,526.29488,0.8,"[3644.93333333, 3644.93333333]","[20.0, 20.0]",0.08,45.0,40.0,null,gabors,30.0,null,4.0,0.25020674,53,0.10121229,1.9174666,8,0.10021531,True,6,train,1
1765,0.0,526.29488,526.5451,0.8,"[3644.93333333, 3644.93333333]","[20.0, 20.0]",0.08,45.0,-20.0,null,gabors,-30.0,null,4.0,0.25021326,85,0.098931418,1.9557544,7,0.12691801,True,6,train,1
1766,0.0,526.5451,526.79531,0.8,"[3644.93333333, 3644.93333333]","[20.0, 20.0]",0.08,0.0,20.0,null,gabors,-40.0,null,4.0,0.25021326,135,0.2080874,1.8562987,8,0.13241611,True,6,train,0
1767,0.0,526.79531,527.04552,0.8,"[3644.93333333, 3644.93333333]","[20.0, 20.0]",0.08,0.0,0.0,null,gabors,40.0,null,4.0,0.25021326,224,-0.086490025,1.6698374,7,0.085221443,True,5,test,0
1768,0.0,527.04552,527.29574,0.8,"[3644.93333333, 3644.93333333]","[20.0, 20.0]",0.08,45.0,-20.0,null,gabors,10.0,null,4.0,0.25021326,218,-0.048206908,1.6469316,8,0.10630867,True,5,test,1
1769,0.0,527.29574,527.54594,0.8,"[3644.93333333, 3644.93333333]","[20.0, 20.0]",0.08,45.0,20.0,null,gabors,-10.0,null,4.0,0.25020424,167,0.093021361,1.8685594,7,0.11967966,True,5,test,1
1770,0.0,527.54594,527.79615,0.8,"[3644.93333333, 3644.93333333]","[20.0, 20.0]",0.08,45.0,-30.0,null,gabors,30.0,null,4.0,0.25020424,131,-0.083813068,1.7328409,8,0.094647586,True,8,test,1
1771,0.0,527.79615,528.04635,0.8,"[3644.93333333, 3644.93333333]","[20.0, 20.0]",0.08,45.0,20.0,null,gabors,40.0,null,4.0,0.25020424,93,0.055732551,1.7888435,7,0.10403918,True,7,train,1
1772,0.0,528.04635,528.29655,0.8,"[3644.93333333, 3644.93333333]","[20.0, 20.0]",0.08,90.0,0.0,null,gabors,-10.0,null,4.0,0.25020424,7,-0.34036926,1.7148357,8,0.18678029,True,5,test,2
1773,0.0,528.29655,528.54676,0.8,"[3644.93333333, 3644.93333333]","[20.0, 20.0]",0.08,90.0,0.0,null,gabors,-10.0,null,4.0,0.25021076,7,-0.32816571,1.4370124,7,1.3682482,True,6,train,2
1774,0.0,528.54676,528.79698,0.8,"[3644.93333333, 3644.93333333]","[20.0, 20.0]",0.08,0.0,20.0,null,gabors,40.0,null,4.0,0.25021076,72,0.10971124,4.0283636,8,0.46137234,True,7,train,0
1775,0.0,528.79698,529.04719,0.8,"[3644.93333333, 3644.93333333]","[20.0, 20.0]",0.08,90.0,10.0,null,gabors,30.0,null,4.0,0.25021076,229,-0.02547867,3.6398053,7,0.092848915,True,10,train,2
1776,0.0,529.04719,529.2974,0.8,"[3644.93333333, 3644.93333333]","[20.0, 20.0]",0.08,45.0,30.0,null,gabors,40.0,null,4.0,0.25021076,126,-0.050924192,3.6796675,8,0.63358227,True,7,train,1
1777,0.0,529.2974,529.5476,0.8,"[3644.93333333, 3644.93333333]","[20.0, 20.0]",0.08,90.0,-10.0,null,gabors,-20.0,null,4.0,0.25020674,241,0.14536057,4.8387216,7,0.48197512,True,6,train,2
1778,0.0,529.5476,529.79781,0.8,"[3644.93333333, 3644.93333333]","[20.0, 20.0]",0.08,45.0,10.0,null,gabors,30.0,null,4.0,0.25020674,222,0.32886213,4.2931161,8,0.23626926,True,5,test,1
1779,0.0,529.79781,530.04802,0.8,"[3644.93333333, 3644.93333333]","[20.0, 20.0]",0.08,0.0,-40.0,null,gabors,30.0,null,4.0,0.25020674,203,0.092971853,4.1979133,7,0.18414926,True,5,test,0
1780,0.0,530.04802,530.29822,0.8,"[3644.93333333, 3644.93333333]","[20.0, 20.0]",0.08,0.0,-30.0,null,gabors,-10.0,null,4.0,0.25020674,71,0.1490392,4.1341425,8,0.11476017,True,8,test,0
1781,0.0,530.29822,530.54844,0.8,"[3644.93333333, 3644.93333333]","[20.0, 20.0]",0.08,45.0,-20.0,null,gabors,-30.0,null,4.0,0.25021826,85,-0.016216708,3.9156321,7,0.10150837,True,7,train,1
1782,0.0,530.54844,530.79866,0.8,"[3644.93333333, 3644.93333333]","[20.0, 20.0]",0.08,90.0,-10.0,null,gabors,-20.0,null,4.0,0.25021826,241,-0.075867131,3.5709408,8,0.16117383,True,7,train,2
1783,0.0,530.79866,531.04888,0.8,"[3644.93333333, 3644.93333333]","[20.0, 20.0]",0.08,45.0,10.0,null,gabors,0.0,null,4.0,0.25021826,204,0.016546831,3.6036198,7,0.10772729,True,11,test,1
1784,0.0,531.04888,531.2991,0.8,"[3644.93333333, 3644.93333333]","[20.0, 20.0]",0.08,45.0,-20.0,null,gabors,-30.0,null,4.0,0.25021826,85,0.0019730178,3.5267738,8,0.14888876,True,8,test,1
1785,0.0,531.2991,531.5493,0.8,"[3644.93333333, 3644.93333333]","[20.0, 20.0]",0.08,90.0,40.0,null,gabors,-10.0,null,4.0,0.25019924,51,0.12130222,3.5495268,7,0.1374114,True,6,train,2
1786,0.0,531.5493,531.7995,0.8,"[3644.93333333, 3644.93333333]","[20.0, 20.0]",0.08,90.0,-30.0,null,gabors,0.0,null,4.0,0.25019924,188,-0.13790152,3.534572,8,0.17632473,True,6,train,2
1787,0.0,531.7995,532.04969,0.8,"[3644.93333333, 3644.93333333]","[20.0, 20.0]",0.08,0.0,10.0,null,gabors,-20.0,null,4.0,0.25019924,35,-0.040130987,3.4610089,7,0.12618305,True,7,train,0
1788,0.0,532.04969,532.29989,0.8,"[3644.93333333, 3644.93333333]","[20.0, 20.0]",0.08,45.0,20.0,null,gabors,-20.0,null,4.0,0.25019924,208,0.0032020856,3.6067111,8,0.21718144,True,5,test,1
1789,0.0,532.29989,532.55011,0.8,"[3644.93333333, 3644.93333333]","[20.0, 20.0]",0.08,90.0,20.0,null,gabors,40.0,null,4.0,0.25021826,79,0.016701192,3.4165656,7,0.30877976,True,7,train,2
1790,0.0,532.55011,532.80033,0.8,"[3644.93333333, 3644.93333333]","[20.0, 20.0]",0.08,90.0,20.0,null,gabors,40.0,null,4.0,0.25021826,79,0.10186485,3.1475175,8,0.20089464,True,8,test,2
1791,0.0,532.80033,533.05055,0.8,"[3644.93333333, 3644.93333333]","[20.0, 20.0]",0.08,0.0,20.0,null,gabors,30.0,null,4.0,0.25021826,42,0.096773752,3.0399962,7,0.23022606,True,8,test,0
1792,0.0,533.05055,533.30077,0.8,"[3644.93333333, 3644.93333333]","[20.0, 20.0]",0.08,90.0,-40.0,null,gabors,30.0,null,4.0,0.25021826,120,0.3869034,3.1089394,8,0.2069332,True,8,test,2
1793,0.0,533.30077,533.55097,0.8,"[3644.93333333, 3644.93333333]","[20.0, 20.0]",0.08,45.0,-20.0,null,gabors,-40.0,null,4.0,0.25019924,45,0.38586098,3.0556895,7,0.18071541,True,9,train,1
1794,0.0,533.55097,533.80117,0.8,"[3644.93333333, 3644.93333333]","[20.0, 20.0]",0.08,0.0,-30.0,null,gabors,30.0,null,4.0,0.25019924,146,0.48384754,3.0407748,8,0.17533596,True,6,train,0
1795,0.0,533.80117,534.05136,0.8,"[3644.93333333, 3644.93333333]","[20.0, 20.0]",0.08,90.0,-10.0,null,gabors,-30.0,null,4.0,0.25019924,101,0.39809805,2.9130029,7,0.18133146,True,6,train,2
1796,0.0,534.05136,534.30156,0.8,"[3644.93333333, 3644.93333333]","[20.0, 20.0]",0.08,45.0,-20.0,null,gabors,0.0,null,4.0,0.25019924,165,0.45762858,2.8693238,8,0.16272146,True,10,train,1
1797,0.0,534.30156,534.55178,0.8,"[3644.93333333, 3644.93333333]","[20.0, 20.0]",0.08,45.0,-20.0,null,gabors,20.0,null,4.0,0.25022076,113,0.62707517,2.7524072,7,0.21546024,True,6,train,1
1798,0.0,534.55178,534.80201,0.8,"[3644.93333333, 3644.93333333]","[20.0, 20.0]",0.08,90.0,-20.0,null,gabors,0.0,null,4.0,0.25022076,121,0.44635477,2.8928494,8,0.15732913,True,9,train,2
1799,0.0,534.80201,535.05223,0.8,"[3644.93333333, 3644.93333333]","[20.0, 20.0]",0.08,45.0,-20.0,null,gabors,30.0,null,4.0,0.25022076,232,0.51849983,2.7885979,7,0.15474109,True,4,train,1
1800,0.0,535.05223,535.30245,0.8,"[3644.93333333, 3644.93333333]","[20.0, 20.0]",0.08,0.0,30.0,null,gabors,-10.0,null,4.0,0.25022076,65,0.19030065,0.39986793,8,0.3077369,True,9,train,0
1801,0.0,535.30245,535.55265,0.8,"[3644.93333333, 3644.93333333]","[20.0, 20.0]",0.08,90.0,40.0,null,gabors,-40.0,null,4.0,0.25019924,21,0.062735895,0.20880251,7,0.15056176,True,6,train,2
1802,0.0,535.55265,535.80285,0.8,"[3644.93333333, 3644.93333333]","[20.0, 20.0]",0.08,90.0,20.0,null,gabors,-20.0,null,4.0,0.25019924,98,0.12824406,0.073443445,8,0.10765811,True,7,train,2
1803,0.0,535.80285,536.05304,0.8,"[3644.93333333, 3644.93333333]","[20.0, 20.0]",0.08,45.0,-10.0,null,gabors,-10.0,null,4.0,0.25019924,170,0.0062184031,0.023441812,7,0.20091631,True,7,train,1
1804,0.0,536.05304,536.30324,0.8,"[3644.93333333, 3644.93333333]","[20.0, 20.0]",0.08,90.0,-10.0,null,gabors,-20.0,null,4.0,0.25019924,241,-0.69006445,-3.4064596,8,1.2329255,True,8,test,2
1805,0.0,536.30324,536.55346,0.8,"[3644.93333333, 3644.93333333]","[20.0, 20.0]",0.08,45.0,30.0,null,gabors,20.0,null,4.0,0.25021326,49,-0.7057971,-3.3114322,7,0.11277895,True,7,train,1
1806,0.0,536.55346,536.80367,0.8,"[3644.93333333, 3644.93333333]","[20.0, 20.0]",0.08,45.0,-40.0,null,gabors,-30.0,null,4.0,0.25021326,62,-0.73821273,-3.4256004,8,0.21243575,True,6,train,1
1807,0.0,536.80367,537.05388,0.8,"[3644.93333333, 3644.93333333]","[20.0, 20.0]",0.08,45.0,10.0,null,gabors,30.0,null,4.0,0.25021326,222,-0.91952762,-3.4423491,4,0.20128002,True,6,train,1
1808,0.0,537.05388,537.3041,0.8,"[3644.93333333, 3644.93333333]","[20.0, 20.0]",0.08,0.0,20.0,null,gabors,-30.0,null,4.0,0.25021326,155,-1.163628,-3.273116,8,0.1570621,True,4,train,0
1809,0.0,537.3041,537.5543,0.8,"[3644.93333333, 3644.93333333]","[20.0, 20.0]",0.08,90.0,40.0,null,gabors,-40.0,null,4.0,0.25020674,21,-1.137476,-3.1452301,7,0.21614982,True,7,train,2
1810,0.0,537.5543,537.80451,0.8,"[3644.93333333, 3644.93333333]","[20.0, 20.0]",0.08,45.0,0.0,null,gabors,0.0,null,4.0,0.25020674,191,-0.84930658,-3.3534666,8,0.11042546,True,7,train,1
1811,0.0,537.80451,538.05472,0.8,"[3644.93333333, 3644.93333333]","[20.0, 20.0]",0.08,0.0,-30.0,null,gabors,0.0,null,4.0,0.25020674,193,-0.79118423,-3.0927836,7,0.21468178,True,6,train,0
1812,0.0,538.05472,538.30492,0.8,"[3644.93333333, 3644.93333333]","[20.0, 20.0]",0.08,90.0,10.0,null,gabors,-40.0,null,4.0,0.25020674,117,-1.0519523,-3.2156454,8,0.15425141,True,10,train,2
1813,0.0,538.30492,538.55514,0.8,"[3644.93333333, 3644.93333333]","[20.0, 20.0]",0.08,45.0,20.0,null,gabors,20.0,null,4.0,0.25021576,76,-0.92378874,-3.3661403,7,0.22907383,True,9,train,1
1814,0.0,538.55514,538.80536,0.8,"[3644.93333333, 3644.93333333]","[20.0, 20.0]",0.08,90.0,-40.0,null,gabors,-40.0,null,4.0,0.25021576,243,-1.1402077,-3.5511083,8,0.28836158,True,5,test,2
1815,0.0,538.80536,539.05557,0.8,"[3644.93333333, 3644.93333333]","[20.0, 20.0]",0.08,0.0,-10.0,null,gabors,20.0,null,4.0,0.25021576,28,0.26314828,1.0133964,7,1.8698385,True,5,test,0
1816,0.0,539.05557,539.30579,0.8,"[3644.93333333, 3644.93333333]","[20.0, 20.0]",0.08,0.0,-40.0,null,gabors,40.0,null,4.0,0.25021576,141,0.46493745,3.2085863,8,0.94575153,True,5,test,0
1817,0.0,539.30579,539.55599,0.8,"[3644.93333333, 3644.93333333]","[20.0, 20.0]",0.08,0.0,40.0,null,gabors,-10.0,null,4.0,0.25020174,67,0.056429157,2.9161792,7,0.24732918,True,7,train,0
1818,0.0,539.55599,539.80619,0.8,"[3644.93333333, 3644.93333333]","[20.0, 20.0]",0.08,90.0,40.0,null,gabors,40.0,null,4.0,0.25020174,48,0.080122466,2.7024035,7,0.11867535,True,8,test,2
1819,0.0,539.80619,540.05639,0.8,"[3644.93333333, 3644.93333333]","[20.0, 20.0]",0.08,90.0,10.0,null,gabors,-20.0,null,4.0,0.25020174,158,0.064299861,2.6649062,7,0.15186728,True,6,train,2
1820,0.0,540.05639,540.30659,0.8,"[3644.93333333, 3644.93333333]","[20.0, 20.0]",0.08,0.0,40.0,null,gabors,30.0,null,4.0,0.25020174,2,0.13910932,2.4807722,7,0.16269683,True,7,train,0
1821,0.0,540.30659,540.55681,0.8,"[3644.93333333, 3644.93333333]","[20.0, 20.0]",0.08,0.0,0.0,null,gabors,10.0,null,4.0,0.25021826,58,0.18006741,2.3460243,7,0.11828062,True,8,test,0
1822,0.0,540.55681,540.80703,0.8,"[3644.93333333, 3644.93333333]","[20.0, 20.0]",0.08,0.0,30.0,null,gabors,40.0,null,4.0,0.25021826,54,0.16730788,2.0346093,7,0.1322608,True,8,test,0
1823,0.0,540.80703,541.05725,0.8,"[3644.93333333, 3644.93333333]","[20.0, 20.0]",0.08,90.0,-20.0,null,gabors,-30.0,null,4.0,0.25021826,162,0.16907655,2.1286565,7,0.23743747,True,6,train,2
1824,0.0,541.05725,541.30747,0.8,"[3644.93333333, 3644.93333333]","[20.0, 20.0]",0.08,45.0,30.0,null,gabors,-30.0,null,4.0,0.25021826,84,0.095820592,2.0485527,7,0.15741783,True,6,train,1
1825,0.0,541.30747,541.55767,0.8,"[3644.93333333, 3644.93333333]","[20.0, 20.0]",0.08,0.0,-10.0,null,gabors,-40.0,null,4.0,0.25019924,112,0.26773012,2.0944491,8,0.18554304,True,4,train,0
1826,0.0,541.55767,541.80787,0.8,"[3644.93333333, 3644.93333333]","[20.0, 20.0]",0.08,90.0,-10.0,null,gabors,-10.0,null,4.0,0.25019924,32,0.18785674,2.1669018,7,0.21912857,True,6,train,2
1827,0.0,541.80787,542.05806,0.8,"[3644.93333333, 3644.93333333]","[20.0, 20.0]",0.08,0.0,40.0,null,gabors,40.0,null,4.0,0.25019924,110,0.10381118,1.926489,8,0.18901836,True,8,test,0
1828,0.0,542.05806,542.30826,0.8,"[3644.93333333, 3644.93333333]","[20.0, 20.0]",0.08,45.0,-30.0,null,gabors,10.0,null,4.0,0.25019924,202,0.071236823,1.8360923,7,0.16954852,True,4,train,1
1829,0.0,542.30826,542.55847,0.8,"[3644.93333333, 3644.93333333]","[20.0, 20.0]",0.08,0.0,10.0,null,gabors,0.0,null,4.0,0.25020826,206,0.14574488,1.8470406,8,0.16760164,True,6,train,0
1830,0.0,542.55847,542.80868,0.8,"[3644.93333333, 3644.93333333]","[20.0, 20.0]",0.08,45.0,30.0,null,gabors,0.0,null,4.0,0.25020826,143,0.046209519,1.9092663,7,0.13298574,True,7,train,1
1831,0.0,542.80868,543.05889,0.8,"[3644.93333333, 3644.93333333]","[20.0, 20.0]",0.08,0.0,-40.0,null,gabors,-40.0,null,4.0,0.25020826,69,0.18293479,1.7336388,8,0.11638595,True,8,test,0
1832,0.0,543.05889,543.3091,0.8,"[3644.93333333, 3644.93333333]","[20.0, 20.0]",0.08,90.0,30.0,null,gabors,-10.0,null,4.0,0.25020826,211,0.19655295,1.7529719,7,0.083868667,True,4,train,2
1833,0.0,543.3091,543.55931,0.8,"[3644.93333333, 3644.93333333]","[20.0, 20.0]",0.08,45.0,-30.0,null,gabors,-40.0,null,4.0,0.25020924,91,0.26399413,1.8009196,8,0.10271028,True,8,test,1
1834,0.0,543.55931,543.80952,0.8,"[3644.93333333, 3644.93333333]","[20.0, 20.0]",0.08,90.0,-30.0,null,gabors,30.0,null,4.0,0.25020924,194,0.22487698,1.7707155,7,0.14656156,True,6,train,2
1835,0.0,543.80952,544.05972,0.8,"[3644.93333333, 3644.93333333]","[20.0, 20.0]",0.08,45.0,20.0,null,gabors,0.0,null,4.0,0.25020924,228,0.057450029,1.9478445,8,0.17614257,True,6,train,1
1836,0.0,544.05972,544.30993,0.8,"[3644.93333333, 3644.93333333]","[20.0, 20.0]",0.08,0.0,40.0,null,gabors,-20.0,null,4.0,0.25020924,78,0.25542887,2.0398837,7,0.24289065,True,11,test,0
1837,0.0,544.30993,544.56015,0.8,"[3644.93333333, 3644.93333333]","[20.0, 20.0]",0.08,45.0,-20.0,null,gabors,0.0,null,4.0,0.25021576,165,-0.56037562,-2.8090927,8,0.64681571,True,11,test,1
1838,0.0,544.56015,544.81037,0.8,"[3644.93333333, 3644.93333333]","[20.0, 20.0]",0.08,45.0,30.0,null,gabors,-30.0,null,4.0,0.25021576,84,-0.59484602,-3.1717865,7,0.28970945,True,7,train,1
1839,0.0,544.81037,545.06058,0.8,"[3644.93333333, 3644.93333333]","[20.0, 20.0]",0.08,0.0,-10.0,null,gabors,-20.0,null,4.0,0.25021576,125,-0.66457574,-3.2561077,8,0.28310884,True,4,train,0
1840,0.0,545.06058,545.3108,0.8,"[3644.93333333, 3644.93333333]","[20.0, 20.0]",0.08,45.0,-20.0,null,gabors,10.0,null,4.0,0.25021576,218,-0.45009306,-3.1599177,7,0.13533261,True,6,train,1
1841,0.0,545.3108,545.561,0.8,"[3644.93333333, 3644.93333333]","[20.0, 20.0]",0.08,0.0,-30.0,null,gabors,30.0,null,4.0,0.25020174,146,-0.40186238,-3.2963473,8,0.28579835,True,7,train,0
1842,0.0,545.561,545.8112,0.8,"[3644.93333333, 3644.93333333]","[20.0, 20.0]",0.08,90.0,-20.0,null,gabors,-30.0,null,4.0,0.25020174,162,-0.40815965,-3.3845752,7,0.1714375,True,7,train,2
1843,0.0,545.8112,546.0614,0.8,"[3644.93333333, 3644.93333333]","[20.0, 20.0]",0.08,45.0,-10.0,null,gabors,-40.0,null,4.0,0.25020174,238,-0.48798654,-3.2531822,8,0.17452082,True,9,train,1
1844,0.0,546.0614,546.3116,0.8,"[3644.93333333, 3644.93333333]","[20.0, 20.0]",0.08,45.0,-20.0,null,gabors,-10.0,null,4.0,0.25020174,152,-0.40356163,-3.3026055,7,0.11564512,True,6,train,1
1845,0.0,546.3116,546.56182,0.8,"[3644.93333333, 3644.93333333]","[20.0, 20.0]",0.08,45.0,20.0,null,gabors,-40.0,null,4.0,0.25022076,109,-0.27972564,-3.2965829,8,0.15793059,True,9,train,1
1846,0.0,546.56182,546.81205,0.8,"[3644.93333333, 3644.93333333]","[20.0, 20.0]",0.08,0.0,-20.0,null,gabors,-40.0,null,4.0,0.25022076,123,-0.20347262,-3.5659226,7,0.21564692,True,8,test,0
1847,0.0,546.81205,547.06227,0.8,"[3644.93333333, 3644.93333333]","[20.0, 20.0]",0.08,45.0,-30.0,null,gabors,40.0,null,4.0,0.25022076,3,-0.32684183,-3.4741229,8,0.24109138,True,6,train,1
1848,0.0,547.06227,547.31249,0.8,"[3644.93333333, 3644.93333333]","[20.0, 20.0]",0.08,90.0,40.0,null,gabors,-20.0,null,4.0,0.25022076,214,-0.49197683,-3.2698092,7,0.32769129,True,5,test,2
1849,0.0,547.31249,547.56269,0.8,"[3644.93333333, 3644.93333333]","[20.0, 20.0]",0.08,45.0,20.0,null,gabors,40.0,null,4.0,0.25019924,93,-0.83125014,-3.2582653,8,0.15574787,True,8,test,1
1850,0.0,547.56269,547.81289,0.8,"[3644.93333333, 3644.93333333]","[20.0, 20.0]",0.08,45.0,30.0,null,gabors,10.0,null,4.0,0.25019924,86,0.18225133,0.60469019,7,2.0205173,True,4,train,1
1851,0.0,547.81289,548.06308,0.8,"[3644.93333333, 3644.93333333]","[20.0, 20.0]",0.08,45.0,40.0,null,gabors,30.0,null,4.0,0.25019924,53,-0.050994437,0.37172807,8,0.16674601,True,7,train,1
1852,0.0,548.06308,548.31328,0.8,"[3644.93333333, 3644.93333333]","[20.0, 20.0]",0.08,0.0,-10.0,null,gabors,20.0,null,4.0,0.25019924,28,-0.1354488,0.15298238,7,0.21401312,True,6,train,0
1853,0.0,548.31328,548.56349,0.8,"[3644.93333333, 3644.93333333]","[20.0, 20.0]",0.08,0.0,0.0,null,gabors,40.0,null,4.0,0.25021076,224,-0.086939942,-0.040190027,8,0.13270166,True,6,train,0
1854,0.0,548.56349,548.81371,0.8,"[3644.93333333, 3644.93333333]","[20.0, 20.0]",0.08,90.0,10.0,null,gabors,30.0,null,4.0,0.25021076,229,-0.14460302,-0.10431574,7,0.14733555,True,11,test,2
1855,0.0,548.81371,549.06392,0.8,"[3644.93333333, 3644.93333333]","[20.0, 20.0]",0.08,0.0,40.0,null,gabors,-30.0,null,4.0,0.25021076,92,-0.15974433,-0.14505196,8,0.18859306,True,7,train,0
1856,0.0,549.06392,549.31413,0.8,"[3644.93333333, 3644.93333333]","[20.0, 20.0]",0.08,0.0,-40.0,null,gabors,30.0,null,4.0,0.25021076,203,-0.18745791,-0.10551472,7,0.14523407,True,6,train,0
1857,0.0,549.31413,549.56433,0.8,"[3644.93333333, 3644.93333333]","[20.0, 20.0]",0.08,0.0,-30.0,null,gabors,-30.0,null,4.0,0.25020674,73,-0.37027229,-0.07187523,8,0.20750527,True,9,train,0
1858,0.0,549.56433,549.81454,0.8,"[3644.93333333, 3644.93333333]","[20.0, 20.0]",0.08,90.0,30.0,null,gabors,-10.0,null,4.0,0.25020674,211,-0.30118072,-0.1406201,7,0.10719893,True,5,test,2
1859,0.0,549.81454,550.06475,0.8,"[3644.93333333, 3644.93333333]","[20.0, 20.0]",0.08,45.0,-10.0,null,gabors,-20.0,null,4.0,0.25020674,166,-0.25341829,-0.15828167,8,0.20583113,True,9,train,1
1860,0.0,550.06475,550.31495,0.8,"[3644.93333333, 3644.93333333]","[20.0, 20.0]",0.08,90.0,20.0,null,gabors,-30.0,null,4.0,0.25020674,231,-0.2706929,-0.12432579,7,0.15443836,True,3,train,2
1861,0.0,550.31495,550.56517,0.8,"[3644.93333333, 3644.93333333]","[20.0, 20.0]",0.08,45.0,-10.0,null,gabors,-40.0,null,4.0,0.25021576,238,-0.22707244,-0.098852469,8,0.25238433,True,10,train,1
1862,0.0,550.56517,550.81539,0.8,"[3644.93333333, 3644.93333333]","[20.0, 20.0]",0.08,45.0,0.0,null,gabors,40.0,null,4.0,0.25021576,159,-0.32796316,-0.16313867,7,0.16417447,True,9,train,1
1863,0.0,550.81539,551.0656,0.8,"[3644.93333333, 3644.93333333]","[20.0, 20.0]",0.08,0.0,-20.0,null,gabors,40.0,null,4.0,0.25021576,33,-0.37592382,-0.087306392,8,0.23766237,True,11,test,0
1864,0.0,551.0656,551.31582,0.8,"[3644.93333333, 3644.93333333]","[20.0, 20.0]",0.08,90.0,-10.0,null,gabors,-20.0,null,4.0,0.25021576,241,-0.32975831,-0.13830252,7,0.15008314,True,9,train,2
1865,0.0,551.31582,551.56602,0.8,"[3644.93333333, 3644.93333333]","[20.0, 20.0]",0.08,0.0,30.0,null,gabors,-10.0,null,4.0,0.25020424,65,-0.21513724,0.034564593,8,0.11884796,True,10,train,0
1866,0.0,551.56602,551.81623,0.8,"[3644.93333333, 3644.93333333]","[20.0, 20.0]",0.08,0.0,20.0,null,gabors,20.0,null,4.0,0.25020424,196,-0.078578213,-0.082243323,7,0.26550673,True,9,train,0
1867,0.0,551.81623,552.06643,0.8,"[3644.93333333, 3644.93333333]","[20.0, 20.0]",0.08,90.0,10.0,null,gabors,20.0,null,4.0,0.25020424,68,-0.24354138,-0.043133512,8,0.21422667,True,9,train,2
1868,0.0,552.06643,552.31663,0.8,"[3644.93333333, 3644.93333333]","[20.0, 20.0]",0.08,45.0,-30.0,null,gabors,20.0,null,4.0,0.25020424,190,-0.18677435,0.0072408852,7,0.17804055,True,6,train,1
1869,0.0,552.31663,552.56684,0.8,"[3644.93333333, 3644.93333333]","[20.0, 20.0]",0.08,0.0,-40.0,null,gabors,40.0,null,4.0,0.25021076,141,-0.68138989,-3.7959592,8,0.7247544,True,6,train,0
1870,0.0,552.56684,552.81706,0.8,"[3644.93333333, 3644.93333333]","[20.0, 20.0]",0.08,0.0,10.0,null,gabors,-20.0,null,4.0,0.25021076,35,-0.56087631,-3.9245016,7,0.23133273,True,8,test,0
1871,0.0,552.81706,553.06727,0.8,"[3644.93333333, 3644.93333333]","[20.0, 20.0]",0.08,0.0,-10.0,null,gabors,40.0,null,4.0,0.25021076,60,-0.78705476,-3.8366326,8,0.32267907,True,5,test,0
1872,0.0,553.06727,553.31748,0.8,"[3644.93333333, 3644.93333333]","[20.0, 20.0]",0.08,45.0,30.0,null,gabors,0.0,null,4.0,0.25021076,143,-1.0800247,-3.1405116,7,0.36690189,True,8,test,1
1873,0.0,553.31748,553.56768,0.8,"[3644.93333333, 3644.93333333]","[20.0, 20.0]",0.08,0.0,-30.0,null,gabors,-10.0,null,4.0,0.25020674,71,-1.0872782,-3.3882968,8,0.14325621,True,9,train,0
1874,0.0,553.56768,553.81789,0.8,"[3644.93333333, 3644.93333333]","[20.0, 20.0]",0.08,45.0,20.0,null,gabors,-20.0,null,4.0,0.25020674,208,-0.98784332,-3.6450708,7,0.31150993,True,6,train,1
1875,0.0,553.81789,554.0681,0.8,"[3644.93333333, 3644.93333333]","[20.0, 20.0]",0.08,45.0,-40.0,null,gabors,10.0,null,4.0,0.25020674,50,-0.67095167,-3.5511714,8,0.14039123,True,7,train,1
1876,0.0,554.0681,554.3183,0.8,"[3644.93333333, 3644.93333333]","[20.0, 20.0]",0.08,0.0,10.0,null,gabors,-30.0,null,4.0,0.25020674,116,-0.67899967,-3.7817157,7,0.18849369,True,8,test,0
1877,0.0,554.3183,554.56852,0.8,"[3644.93333333, 3644.93333333]","[20.0, 20.0]",0.08,0.0,40.0,null,gabors,0.0,null,4.0,0.25021576,242,-0.42950903,-3.9480681,8,0.20907844,True,6,train,0
1878,0.0,554.56852,554.81874,0.8,"[3644.93333333, 3644.93333333]","[20.0, 20.0]",0.08,45.0,-10.0,null,gabors,-40.0,null,4.0,0.25021576,238,-0.43625109,-3.5188713,7,0.12793263,True,11,test,1
1879,0.0,554.81874,555.06895,0.8,"[3644.93333333, 3644.93333333]","[20.0, 20.0]",0.08,0.0,-40.0,null,gabors,40.0,null,4.0,0.25021576,141,-0.63855764,-3.4868118,8,0.12779489,True,7,train,0
1880,0.0,555.06895,555.31917,0.8,"[3644.93333333, 3644.93333333]","[20.0, 20.0]",0.08,0.0,-20.0,null,gabors,30.0,null,4.0,0.25021576,11,-0.58144643,-3.3465307,7,0.085858822,True,6,train,0
1881,0.0,555.31917,555.56937,0.8,"[3644.93333333, 3644.93333333]","[20.0, 20.0]",0.08,90.0,10.0,null,gabors,-10.0,null,4.0,0.25020174,138,-0.50549472,-3.1693734,8,0.093283727,True,8,test,2
1882,0.0,555.56937,555.81957,0.8,"[3644.93333333, 3644.93333333]","[20.0, 20.0]",0.08,90.0,-20.0,null,gabors,-10.0,null,4.0,0.25020174,153,-0.43249099,-3.2247425,7,0.10316292,True,2,test,2
1883,0.0,555.81957,556.06977,0.8,"[3644.93333333, 3644.93333333]","[20.0, 20.0]",0.08,90.0,30.0,null,gabors,-30.0,null,4.0,0.25020174,234,-0.49609999,-3.1217226,8,0.085814524,True,8,test,2
1884,0.0,556.06977,556.31997,0.8,"[3644.93333333, 3644.93333333]","[20.0, 20.0]",0.08,0.0,-10.0,null,gabors,20.0,null,4.0,0.25020174,28,-0.35952523,-3.2271945,7,0.14276956,True,7,train,0
1885,0.0,556.31997,556.57019,0.8,"[3644.93333333, 3644.93333333]","[20.0, 20.0]",0.08,45.0,0.0,null,gabors,30.0,null,4.0,0.25021826,64,-0.090359741,-3.082947,8,0.12067867,True,7,train,1
1886,0.0,556.57019,556.82041,0.8,"[3644.93333333, 3644.93333333]","[20.0, 20.0]",0.08,0.0,20.0,null,gabors,0.0,null,4.0,0.25021826,148,-0.18142218,-3.0218495,7,0.083956155,True,7,train,0
1887,0.0,556.82041,557.07063,0.8,"[3644.93333333, 3644.93333333]","[20.0, 20.0]",0.08,45.0,-10.0,null,gabors,30.0,null,4.0,0.25021826,175,-0.45745872,-2.9992978,8,0.19177485,True,8,test,1
1888,0.0,557.07063,557.32085,0.8,"[3644.93333333, 3644.93333333]","[20.0, 20.0]",0.08,0.0,30.0,null,gabors,-10.0,null,4.0,0.25021826,65,-0.50168658,-3.0022049,7,0.15190443,True,11,test,0
1889,0.0,557.32085,557.57105,0.8,"[3644.93333333, 3644.93333333]","[20.0, 20.0]",0.08,90.0,0.0,null,gabors,30.0,null,4.0,0.25020174,215,-0.14772585,-2.752388,8,0.17294145,True,7,train,2
1890,0.0,557.57105,557.82125,0.8,"[3644.93333333, 3644.93333333]","[20.0, 20.0]",0.08,0.0,10.0,null,gabors,30.0,null,4.0,0.25020174,169,-0.13068675,-3.1385639,7,0.1034938,True,6,train,0
1891,0.0,557.82125,558.07145,0.8,"[3644.93333333, 3644.93333333]","[20.0, 20.0]",0.08,90.0,0.0,null,gabors,40.0,null,4.0,0.25020174,19,-0.11427962,-3.0625508,8,0.077571697,True,8,test,2
1892,0.0,558.07145,558.32165,0.8,"[3644.93333333, 3644.93333333]","[20.0, 20.0]",0.08,45.0,40.0,null,gabors,30.0,null,4.0,0.25020174,53,-0.17169329,-3.0813953,7,0.11937066,True,8,test,1
1893,0.0,558.32165,558.57187,0.8,"[3644.93333333, 3644.93333333]","[20.0, 20.0]",0.08,45.0,-30.0,null,gabors,0.0,null,4.0,0.25022076,179,-0.10101935,-2.9258779,8,0.14332312,True,7,train,1
1894,0.0,558.57187,558.8221,0.8,"[3644.93333333, 3644.93333333]","[20.0, 20.0]",0.08,0.0,40.0,null,gabors,-10.0,null,4.0,0.25022076,67,-0.039386327,-2.8932552,7,0.12350265,True,8,test,0
1895,0.0,558.8221,559.07232,0.8,"[3644.93333333, 3644.93333333]","[20.0, 20.0]",0.08,90.0,20.0,null,gabors,40.0,null,4.0,0.25022076,79,-0.027617246,-2.8267378,8,0.093695371,True,9,train,2
1896,0.0,559.07232,559.32254,0.8,"[3644.93333333, 3644.93333333]","[20.0, 20.0]",0.08,45.0,20.0,null,gabors,-20.0,null,4.0,0.25022076,208,0.033134625,-2.6273335,7,0.044763142,True,7,train,1
1897,0.0,559.32254,559.57273,0.8,"[3644.93333333, 3644.93333333]","[20.0, 20.0]",0.08,45.0,30.0,null,gabors,-40.0,null,4.0,0.25019424,36,-0.07408838,-2.667134,8,0.08888699,True,2,test,1
1898,0.0,559.57273,559.82293,0.8,"[3644.93333333, 3644.93333333]","[20.0, 20.0]",0.08,45.0,40.0,null,gabors,-30.0,null,4.0,0.25019424,108,-0.18757823,-2.8537475,7,0.062405428,True,5,test,1
1899,0.0,559.82293,560.07312,0.8,"[3644.93333333, 3644.93333333]","[20.0, 20.0]",0.08,0.0,10.0,null,gabors,40.0,null,4.0,0.25019424,133,-0.021562048,-2.8033476,7,0.092158255,True,4,train,0
1900,0.0,560.07312,560.32331,0.8,"[3644.93333333, 3644.93333333]","[20.0, 20.0]",0.08,45.0,40.0,null,gabors,-10.0,null,4.0,0.25019424,171,-0.063006383,-2.6238365,7,0.05780165,True,8,test,1
1901,0.0,560.32331,560.57353,0.8,"[3644.93333333, 3644.93333333]","[20.0, 20.0]",0.08,45.0,20.0,null,gabors,-40.0,null,4.0,0.25021576,109,-0.15186394,-2.6400343,7,0.14662485,True,10,train,1
1902,0.0,560.57353,560.82375,0.8,"[3644.93333333, 3644.93333333]","[20.0, 20.0]",0.08,90.0,40.0,null,gabors,10.0,null,4.0,0.25021576,52,0.081521504,-2.60226,7,0.15194349,True,8,test,2
1903,0.0,560.82375,561.07396,0.8,"[3644.93333333, 3644.93333333]","[20.0, 20.0]",0.08,45.0,40.0,null,gabors,20.0,null,4.0,0.25021576,180,-0.074249614,-2.5596056,7,0.14993097,True,8,test,1
1904,0.0,561.07396,561.32418,0.8,"[3644.93333333, 3644.93333333]","[20.0, 20.0]",0.08,0.0,10.0,null,gabors,20.0,null,4.0,0.25021576,145,-0.10996797,-2.4994347,8,0.22261625,True,9,train,0
1905,0.0,561.32418,561.57438,0.8,"[3644.93333333, 3644.93333333]","[20.0, 20.0]",0.08,90.0,-30.0,null,gabors,40.0,null,4.0,0.25020424,75,-0.23468226,-2.5746465,7,0.10394575,True,6,train,2
1906,0.0,561.57438,561.82459,0.8,"[3644.93333333, 3644.93333333]","[20.0, 20.0]",0.08,0.0,20.0,null,gabors,30.0,null,4.0,0.25020424,42,-0.31052496,-2.5370911,8,0.082607811,True,9,train,0
1907,0.0,561.82459,562.07479,0.8,"[3644.93333333, 3644.93333333]","[20.0, 20.0]",0.08,45.0,-10.0,null,gabors,10.0,null,4.0,0.25020424,199,-0.19550876,-2.5767398,7,0.10321053,True,7,train,1
1908,0.0,562.07479,562.32499,0.8,"[3644.93333333, 3644.93333333]","[20.0, 20.0]",0.08,0.0,30.0,null,gabors,-30.0,null,4.0,0.25020424,16,-0.15436258,-2.5222377,8,0.10599994,True,7,train,0
1909,0.0,562.32499,562.57521,0.8,"[3644.93333333, 3644.93333333]","[20.0, 20.0]",0.08,45.0,40.0,null,gabors,40.0,null,4.0,0.25021576,178,-0.15276263,-2.3248098,7,0.13561617,True,9,train,1
1910,0.0,562.57521,562.82543,0.8,"[3644.93333333, 3644.93333333]","[20.0, 20.0]",0.08,45.0,-30.0,null,gabors,-40.0,null,4.0,0.25021576,91,-0.096818135,-2.4265518,8,0.088933534,True,9,train,1
1911,0.0,562.82543,563.07564,0.8,"[3644.93333333, 3644.93333333]","[20.0, 20.0]",0.08,45.0,-40.0,null,gabors,-40.0,null,4.0,0.25021576,157,-0.074229694,-2.3910959,7,0.07801912,True,11,test,1
1912,0.0,563.07564,563.32586,0.8,"[3644.93333333, 3644.93333333]","[20.0, 20.0]",0.08,45.0,-30.0,null,gabors,10.0,null,4.0,0.25021576,202,-0.1400709,-2.523594,8,0.096375278,True,5,test,1
1913,0.0,563.32586,563.57606,0.8,"[3644.93333333, 3644.93333333]","[20.0, 20.0]",0.08,0.0,10.0,null,gabors,0.0,null,4.0,0.25020174,206,-0.24201584,-2.4179895,7,0.12671284,True,7,train,0
1914,0.0,563.57606,563.82626,0.8,"[3644.93333333, 3644.93333333]","[20.0, 20.0]",0.08,0.0,-10.0,null,gabors,10.0,null,4.0,0.25020174,114,-0.3015963,-2.4929803,8,0.16302476,True,8,test,0
1915,0.0,563.82626,564.07646,0.8,"[3644.93333333, 3644.93333333]","[20.0, 20.0]",0.08,90.0,20.0,null,gabors,20.0,null,4.0,0.25020174,210,-0.28059258,-2.1798186,7,0.19080313,True,6,train,2
1916,0.0,564.07646,564.32666,0.8,"[3644.93333333, 3644.93333333]","[20.0, 20.0]",0.08,45.0,-40.0,null,gabors,-20.0,null,4.0,0.25020174,77,-0.34648304,-2.1899648,8,0.094605805,True,6,train,1
1917,0.0,564.32666,564.57687,0.8,"[3644.93333333, 3644.93333333]","[20.0, 20.0]",0.08,45.0,40.0,null,gabors,-20.0,null,4.0,0.25020576,104,-0.23683367,-2.4027749,7,0.099436606,True,10,train,1
1918,0.0,564.57687,564.82708,0.8,"[3644.93333333, 3644.93333333]","[20.0, 20.0]",0.08,90.0,20.0,null,gabors,20.0,null,4.0,0.25020576,210,-0.22347316,-2.4312703,8,0.1332057,True,7,train,2
1919,0.0,564.82708,565.07728,0.8,"[3644.93333333, 3644.93333333]","[20.0, 20.0]",0.08,45.0,30.0,null,gabors,-20.0,null,4.0,0.25020576,107,-0.19459728,-2.2993955,7,0.092322699,True,8,test,1
1920,0.0,565.07728,565.32749,0.8,"[3644.93333333, 3644.93333333]","[20.0, 20.0]",0.08,0.0,-10.0,null,gabors,-30.0,null,4.0,0.25020576,164,-0.3882188,-2.2651836,8,0.12946349,True,4,train,0
1921,0.0,565.32749,565.5777,0.8,"[3644.93333333, 3644.93333333]","[20.0, 20.0]",0.08,0.0,30.0,null,gabors,-40.0,null,4.0,0.25021424,200,-0.35984923,-2.1777626,7,0.1026606,True,10,train,0
1922,0.0,565.5777,565.82792,0.8,"[3644.93333333, 3644.93333333]","[20.0, 20.0]",0.08,0.0,0.0,null,gabors,0.0,null,4.0,0.25021424,139,-0.24497872,-2.0389312,8,0.090670582,True,7,train,0
1923,0.0,565.82792,566.07813,0.8,"[3644.93333333, 3644.93333333]","[20.0, 20.0]",0.08,90.0,10.0,null,gabors,-40.0,null,4.0,0.25021424,117,-0.22798436,-2.1508127,7,0.076104861,True,11,test,2
1924,0.0,566.07813,566.32834,0.8,"[3644.93333333, 3644.93333333]","[20.0, 20.0]",0.08,0.0,0.0,null,gabors,-40.0,null,4.0,0.25021424,239,-0.26625361,-2.15298,8,0.10501124,True,9,train,0
1925,0.0,566.32834,566.57856,0.8,"[3644.93333333, 3644.93333333]","[20.0, 20.0]",0.08,0.0,40.0,null,gabors,40.0,null,4.0,0.25022076,110,-0.23008084,-2.1278885,7,0.10469643,True,9,train,0
1926,0.0,566.57856,566.82879,0.8,"[3644.93333333, 3644.93333333]","[20.0, 20.0]",0.08,45.0,0.0,null,gabors,-20.0,null,4.0,0.25022076,177,-0.22810331,-2.0421907,8,0.10379357,True,6,train,1
1927,0.0,566.82879,567.07901,0.8,"[3644.93333333, 3644.93333333]","[20.0, 20.0]",0.08,90.0,40.0,null,gabors,0.0,null,4.0,0.25022076,183,-0.1277179,-2.0076343,7,0.14349093,True,5,test,2
1928,0.0,567.07901,567.32923,0.8,"[3644.93333333, 3644.93333333]","[20.0, 20.0]",0.08,90.0,0.0,null,gabors,0.0,null,4.0,0.25022076,66,-0.31148477,-2.3556309,8,0.14239844,True,8,test,2
1929,0.0,567.32923,567.57943,0.8,"[3644.93333333, 3644.93333333]","[20.0, 20.0]",0.08,90.0,-20.0,null,gabors,-30.0,null,4.0,0.25019924,162,-0.19483716,-1.8952818,7,0.17297256,True,8,test,2
1930,0.0,567.57943,567.82963,0.8,"[3644.93333333, 3644.93333333]","[20.0, 20.0]",0.08,0.0,10.0,null,gabors,-40.0,null,4.0,0.25019924,233,-0.22454651,-1.9265312,8,0.15157683,True,3,train,0
1931,0.0,567.82963,568.07982,0.8,"[3644.93333333, 3644.93333333]","[20.0, 20.0]",0.08,0.0,20.0,null,gabors,-20.0,null,4.0,0.25019924,132,-0.15420152,-2.0966322,7,0.10910404,True,9,train,0
1932,0.0,568.07982,568.33002,0.8,"[3644.93333333, 3644.93333333]","[20.0, 20.0]",0.08,45.0,-10.0,null,gabors,40.0,null,4.0,0.25019924,39,-0.15118086,-2.1715329,8,0.098538774,True,9,train,1
1933,0.0,568.33002,568.58023,0.8,"[3644.93333333, 3644.93333333]","[20.0, 20.0]",0.08,0.0,10.0,null,gabors,10.0,null,4.0,0.25020826,119,-0.22721708,-1.935043,7,0.077869875,True,8,test,0
1934,0.0,568.58023,568.83044,0.8,"[3644.93333333, 3644.93333333]","[20.0, 20.0]",0.08,90.0,-30.0,null,gabors,20.0,null,4.0,0.25020826,173,-0.16314762,-1.85803,8,0.067603883,True,11,test,2
1935,0.0,568.83044,569.08065,0.8,"[3644.93333333, 3644.93333333]","[20.0, 20.0]",0.08,90.0,30.0,null,gabors,30.0,null,4.0,0.25020826,115,-0.28841089,-1.8488168,7,0.048356014,True,10,train,2
1936,0.0,569.08065,569.33086,0.8,"[3644.93333333, 3644.93333333]","[20.0, 20.0]",0.08,45.0,0.0,null,gabors,30.0,null,4.0,0.25020826,64,-0.39584547,-1.8488583,8,0.10144225,True,8,test,1
1937,0.0,569.33086,569.58106,0.8,"[3644.93333333, 3644.93333333]","[20.0, 20.0]",0.08,0.0,-10.0,null,gabors,-10.0,null,4.0,0.25020424,136,-0.47049208,-1.8701791,7,0.08169281,True,10,train,0
1938,0.0,569.58106,569.83127,0.8,"[3644.93333333, 3644.93333333]","[20.0, 20.0]",0.08,45.0,-40.0,null,gabors,20.0,null,4.0,0.25020424,96,-0.37925842,-1.7694847,8,0.087202926,True,10,train,1
1939,0.0,569.83127,570.08147,0.8,"[3644.93333333, 3644.93333333]","[20.0, 20.0]",0.08,45.0,0.0,null,gabors,-40.0,null,4.0,0.25020424,105,-0.3208886,-1.95588,7,0.16278197,True,8,test,1
1940,0.0,570.08147,570.33167,0.8,"[3644.93333333, 3644.93333333]","[20.0, 20.0]",0.08,45.0,-10.0,null,gabors,30.0,null,4.0,0.25020424,175,-0.32948372,-1.9759457,8,0.079415093,True,9,train,1
1941,0.0,570.33167,570.58189,0.8,"[3644.93333333, 3644.93333333]","[20.0, 20.0]",0.08,0.0,-30.0,null,gabors,-20.0,null,4.0,0.25022076,106,-0.5202743,-1.87276,7,0.091648933,True,9,train,0
1942,0.0,570.58189,570.83212,0.8,"[3644.93333333, 3644.93333333]","[20.0, 20.0]",0.08,45.0,0.0,null,gabors,-40.0,null,4.0,0.25022076,105,-0.35236511,-1.8856469,8,0.11742755,True,9,train,1
1943,0.0,570.83212,571.08234,0.8,"[3644.93333333, 3644.93333333]","[20.0, 20.0]",0.08,45.0,40.0,null,gabors,-30.0,null,4.0,0.25022076,108,-0.3216872,-2.0859112,7,0.098576102,True,6,train,1
1944,0.0,571.08234,571.33256,0.8,"[3644.93333333, 3644.93333333]","[20.0, 20.0]",0.08,45.0,10.0,null,gabors,10.0,null,4.0,0.25022076,144,-0.25931186,-1.8515568,8,0.084786637,True,8,test,1
1945,0.0,571.33256,571.58276,0.8,"[3644.93333333, 3644.93333333]","[20.0, 20.0]",0.08,0.0,30.0,null,gabors,10.0,null,4.0,0.25019924,137,-0.30046507,-1.8994018,7,0.072010053,True,6,train,0
1946,0.0,571.58276,571.83296,0.8,"[3644.93333333, 3644.93333333]","[20.0, 20.0]",0.08,45.0,40.0,null,gabors,-40.0,null,4.0,0.25019924,195,-0.2591247,-1.8850164,8,0.081362185,True,7,train,1
1947,0.0,571.83296,572.08315,0.8,"[3644.93333333, 3644.93333333]","[20.0, 20.0]",0.08,45.0,40.0,null,gabors,20.0,null,4.0,0.25019924,180,-0.17446626,-1.913698,7,0.1230572,True,9,train,1
1948,0.0,572.08315,572.33335,0.8,"[3644.93333333, 3644.93333333]","[20.0, 20.0]",0.08,45.0,40.0,null,gabors,-30.0,null,4.0,0.25019924,108,-0.25958146,-1.9495433,8,0.23003939,True,7,train,1
1949,0.0,572.33335,572.58358,0.8,"[3644.93333333, 3644.93333333]","[20.0, 20.0]",0.08,45.0,10.0,null,gabors,0.0,null,4.0,0.25022326,204,-0.34455058,-2.0137031,7,0.13243753,True,12,train,1
1950,0.0,572.58358,572.8338,0.8,"[3644.93333333, 3644.93333333]","[20.0, 20.0]",0.08,45.0,-20.0,null,gabors,30.0,null,4.0,0.25022326,232,-0.45010151,-1.641663,8,0.13660294,True,5,test,1
1951,0.0,572.8338,573.08402,0.8,"[3644.93333333, 3644.93333333]","[20.0, 20.0]",0.08,0.0,-30.0,null,gabors,-30.0,null,4.0,0.25022326,73,-0.23362923,-1.3157078,7,0.15062454,True,10,train,0
1952,0.0,573.08402,573.33425,0.8,"[3644.93333333, 3644.93333333]","[20.0, 20.0]",0.08,45.0,30.0,null,gabors,-40.0,null,4.0,0.25022326,36,-0.10258791,-1.485394,8,0.14917716,True,3,train,1
1953,0.0,573.33425,573.58444,0.8,"[3644.93333333, 3644.93333333]","[20.0, 20.0]",0.08,90.0,-10.0,null,gabors,0.0,null,4.0,0.25019674,227,-0.23729721,-1.5036222,7,0.14449139,True,7,train,2
1954,0.0,573.58444,573.83464,0.8,"[3644.93333333, 3644.93333333]","[20.0, 20.0]",0.08,90.0,-10.0,null,gabors,-10.0,null,4.0,0.25019674,32,-0.23146292,-1.6034696,8,0.087527736,True,7,train,2
1955,0.0,573.83464,574.08484,0.8,"[3644.93333333, 3644.93333333]","[20.0, 20.0]",0.08,0.0,-10.0,null,gabors,-40.0,null,4.0,0.25019674,112,-0.24041178,-1.6943442,7,0.10292559,True,5,test,0
1956,0.0,574.08484,574.33503,0.8,"[3644.93333333, 3644.93333333]","[20.0, 20.0]",0.08,90.0,-10.0,null,gabors,-30.0,null,4.0,0.25019674,101,-0.24080501,-1.6601831,8,0.09152636,True,7,train,2
1957,0.0,574.33503,574.58524,0.8,"[3644.93333333, 3644.93333333]","[20.0, 20.0]",0.08,45.0,-30.0,null,gabors,0.0,null,4.0,0.25021076,179,-0.41716298,-1.4767027,7,0.094418557,True,8,test,1
1958,0.0,574.58524,574.83546,0.8,"[3644.93333333, 3644.93333333]","[20.0, 20.0]",0.08,45.0,10.0,null,gabors,40.0,null,4.0,0.25021076,235,-0.45998942,-1.6359576,8,0.11864181,True,2,test,1
1959,0.0,574.83546,575.08567,0.8,"[3644.93333333, 3644.93333333]","[20.0, 20.0]",0.08,45.0,20.0,null,gabors,-20.0,null,4.0,0.25021076,208,-0.34195866,-1.8976288,7,0.093161887,True,8,test,1
1960,0.0,575.08567,575.33588,0.8,"[3644.93333333, 3644.93333333]","[20.0, 20.0]",0.08,0.0,-40.0,null,gabors,30.0,null,4.0,0.25021076,203,-0.30965277,-1.8910897,8,0.11635791,True,7,train,0
1961,0.0,575.33588,575.58609,0.8,"[3644.93333333, 3644.93333333]","[20.0, 20.0]",0.08,0.0,30.0,null,gabors,10.0,null,4.0,0.25020924,137,-0.48440407,-1.8651213,7,0.14796826,True,7,train,0
1962,0.0,575.58609,575.8363,0.8,"[3644.93333333, 3644.93333333]","[20.0, 20.0]",0.08,0.0,-30.0,null,gabors,30.0,null,4.0,0.25020924,146,-0.34531927,-1.6046667,8,0.26211705,True,8,test,0
1963,0.0,575.8363,576.0865,0.8,"[3644.93333333, 3644.93333333]","[20.0, 20.0]",0.08,90.0,-10.0,null,gabors,-10.0,null,4.0,0.25020924,32,-0.13302943,-1.5738327,7,0.16735993,True,8,test,2
1964,0.0,576.0865,576.33671,0.8,"[3644.93333333, 3644.93333333]","[20.0, 20.0]",0.08,90.0,-10.0,null,gabors,-30.0,null,4.0,0.25020924,101,-0.23874545,-1.5285817,8,0.093937827,True,8,test,2
1965,0.0,576.33671,576.58692,0.8,"[3644.93333333, 3644.93333333]","[20.0, 20.0]",0.08,45.0,40.0,null,gabors,-40.0,null,4.0,0.25020826,195,-0.10879399,-1.7957054,7,0.10231669,True,8,test,1
1966,0.0,576.58692,576.83713,0.8,"[3644.93333333, 3644.93333333]","[20.0, 20.0]",0.08,0.0,10.0,null,gabors,-40.0,null,4.0,0.25020826,233,-0.20546909,-1.6609151,8,0.066609453,True,4,train,0
1967,0.0,576.83713,577.08734,0.8,"[3644.93333333, 3644.93333333]","[20.0, 20.0]",0.08,90.0,-20.0,null,gabors,40.0,null,4.0,0.25020826,147,-0.12188327,-1.7344616,7,0.098977095,True,8,test,2
1968,0.0,577.08734,577.33755,0.8,"[3644.93333333, 3644.93333333]","[20.0, 20.0]",0.08,90.0,20.0,null,gabors,30.0,null,4.0,0.25020826,10,-0.18787033,-1.6838834,8,0.11671859,True,10,train,2
1969,0.0,577.33755,577.58776,0.8,"[3644.93333333, 3644.93333333]","[20.0, 20.0]",0.08,0.0,-20.0,null,gabors,20.0,null,4.0,0.25021174,237,-0.10791357,-1.6465408,7,0.13126364,True,5,test,0
1970,0.0,577.58776,577.83797,0.8,"[3644.93333333, 3644.93333333]","[20.0, 20.0]",0.08,0.0,10.0,null,gabors,-20.0,null,4.0,0.25021174,35,-0.08151233,-1.7243542,8,0.082827111,True,9,train,0
1971,0.0,577.83797,578.08818,0.8,"[3644.93333333, 3644.93333333]","[20.0, 20.0]",0.08,90.0,-10.0,null,gabors,0.0,null,4.0,0.25021174,227,-0.17586538,-1.6682495,7,0.1044095,True,8,test,2
1972,0.0,578.08818,578.33839,0.8,"[3644.93333333, 3644.93333333]","[20.0, 20.0]",0.08,45.0,40.0,null,gabors,-20.0,null,4.0,0.25021174,104,-0.24044377,-1.5109827,8,0.10825748,True,11,test,1
1973,0.0,578.33839,578.5886,0.8,"[3644.93333333, 3644.93333333]","[20.0, 20.0]",0.08,0.0,0.0,null,gabors,-30.0,null,4.0,0.25020576,186,0.003484592,-1.422757,7,0.12452066,True,6,train,0
1974,0.0,578.5886,578.83881,0.8,"[3644.93333333, 3644.93333333]","[20.0, 20.0]",0.08,45.0,30.0,null,gabors,40.0,null,4.0,0.25020576,126,-0.083524433,-1.3648672,8,0.14052162,True,8,test,1
1975,0.0,578.83881,579.08901,0.8,"[3644.93333333, 3644.93333333]","[20.0, 20.0]",0.08,45.0,-40.0,null,gabors,0.0,null,4.0,0.25020576,168,-0.11174012,-1.4115709,7,0.055469957,True,4,train,1
1976,0.0,579.08901,579.33922,0.8,"[3644.93333333, 3644.93333333]","[20.0, 20.0]",0.08,90.0,40.0,null,gabors,20.0,null,4.0,0.25020576,189,-0.11030477,-1.4334671,8,0.084296202,True,8,test,2
1977,0.0,579.33922,579.58943,0.8,"[3644.93333333, 3644.93333333]","[20.0, 20.0]",0.08,0.0,-30.0,null,gabors,40.0,null,4.0,0.25021174,130,-0.17114881,-1.4757609,7,0.086447305,True,7,train,0
1978,0.0,579.58943,579.83964,0.8,"[3644.93333333, 3644.93333333]","[20.0, 20.0]",0.08,45.0,30.0,null,gabors,20.0,null,4.0,0.25021174,49,-0.12246149,-1.4937494,7,0.071040437,True,8,test,1
1979,0.0,579.83964,580.08985,0.8,"[3644.93333333, 3644.93333333]","[20.0, 20.0]",0.08,45.0,-30.0,null,gabors,-20.0,null,4.0,0.25021174,205,-0.17263243,-1.4657176,7,0.12434622,True,7,train,1
1980,0.0,580.08985,580.34006,0.8,"[3644.93333333, 3644.93333333]","[20.0, 20.0]",0.08,0.0,40.0,null,gabors,-10.0,null,4.0,0.25021174,67,-0.28896719,-1.3861508,7,0.10809903,True,9,train,0
1981,0.0,580.34006,580.59028,0.8,"[3644.93333333, 3644.93333333]","[20.0, 20.0]",0.08,90.0,10.0,null,gabors,10.0,null,4.0,0.25021576,20,-0.34205882,-1.4292616,7,0.10551759,True,5,test,2
1982,0.0,580.59028,580.8405,0.8,"[3644.93333333, 3644.93333333]","[20.0, 20.0]",0.08,45.0,40.0,null,gabors,20.0,null,4.0,0.25021576,180,-0.34813853,-1.3081942,7,0.055588842,True,10,train,1
1983,0.0,580.8405,581.09071,0.8,"[3644.93333333, 3644.93333333]","[20.0, 20.0]",0.08,45.0,-30.0,null,gabors,-10.0,null,4.0,0.25021576,41,-0.36848703,-1.2859357,8,0.098075058,True,8,test,1
1984,0.0,581.09071,581.34093,0.8,"[3644.93333333, 3644.93333333]","[20.0, 20.0]",0.08,45.0,-30.0,null,gabors,10.0,null,4.0,0.25021576,202,-0.21578644,-1.3569949,7,0.056131032,True,6,train,1
1985,0.0,581.34093,581.59113,0.8,"[3644.93333333, 3644.93333333]","[20.0, 20.0]",0.08,45.0,10.0,null,gabors,30.0,null,4.0,0.25019924,222,-0.32731656,-1.2131455,8,0.13376664,True,7,train,1
1986,0.0,581.59113,581.84133,0.8,"[3644.93333333, 3644.93333333]","[20.0, 20.0]",0.08,0.0,20.0,null,gabors,-40.0,null,4.0,0.25019924,135,-0.27904435,-1.2104869,7,0.11548063,True,7,train,0
1987,0.0,581.84133,582.09152,0.8,"[3644.93333333, 3644.93333333]","[20.0, 20.0]",0.08,0.0,30.0,null,gabors,10.0,null,4.0,0.25019924,137,-0.41994355,-1.3419396,8,0.091420511,True,8,test,0
1988,0.0,582.09152,582.34172,0.8,"[3644.93333333, 3644.93333333]","[20.0, 20.0]",0.08,45.0,40.0,null,gabors,10.0,null,4.0,0.25019924,150,-0.52826522,-1.4588153,7,0.062461599,True,9,train,1
1989,0.0,582.34172,582.59193,0.8,"[3644.93333333, 3644.93333333]","[20.0, 20.0]",0.08,45.0,-40.0,null,gabors,0.0,null,4.0,0.25020826,168,-0.27475029,-1.5123893,8,0.15252513,True,5,test,1
1990,0.0,582.59193,582.84214,0.8,"[3644.93333333, 3644.93333333]","[20.0, 20.0]",0.08,90.0,10.0,null,gabors,-30.0,null,4.0,0.25020826,209,-0.25012189,-1.5034393,7,0.096903129,True,6,train,2
1991,0.0,582.84214,583.09235,0.8,"[3644.93333333, 3644.93333333]","[20.0, 20.0]",0.08,0.0,10.0,null,gabors,40.0,null,4.0,0.25020826,133,-0.35613373,-1.4409712,8,0.16040593,True,5,test,0
1992,0.0,583.09235,583.34256,0.8,"[3644.93333333, 3644.93333333]","[20.0, 20.0]",0.08,0.0,-10.0,null,gabors,20.0,null,4.0,0.25020826,28,-0.60761388,-1.2915492,7,0.1156852,True,8,test,0
1993,0.0,583.34256,583.59277,0.8,"[3644.93333333, 3644.93333333]","[20.0, 20.0]",0.08,90.0,-20.0,null,gabors,-30.0,null,4.0,0.25020924,162,-0.60729113,-1.259325,8,0.14285192,True,9,train,2
1994,0.0,583.59277,583.84298,0.8,"[3644.93333333, 3644.93333333]","[20.0, 20.0]",0.08,90.0,30.0,null,gabors,20.0,null,4.0,0.25020924,163,-0.38917681,-0.96569572,7,0.10291472,True,8,test,2
1995,0.0,583.84298,584.09318,0.8,"[3644.93333333, 3644.93333333]","[20.0, 20.0]",0.08,0.0,30.0,null,gabors,10.0,null,4.0,0.25020924,137,-0.35073334,-1.1397156,8,0.076783094,True,9,train,0
1996,0.0,584.09318,584.34339,0.8,"[3644.93333333, 3644.93333333]","[20.0, 20.0]",0.08,45.0,-40.0,null,gabors,20.0,null,4.0,0.25020924,96,-0.27603243,-1.1460191,7,0.12651838,True,11,test,1
1997,0.0,584.34339,584.59361,0.8,"[3644.93333333, 3644.93333333]","[20.0, 20.0]",0.08,90.0,30.0,null,gabors,-20.0,null,4.0,0.25021826,212,-0.34140876,-1.0411419,8,0.080757304,True,7,train,2
1998,0.0,584.59361,584.84383,0.8,"[3644.93333333, 3644.93333333]","[20.0, 20.0]",0.08,0.0,30.0,null,gabors,20.0,null,4.0,0.25021826,217,-0.58697808,-1.0045852,7,0.083774264,True,8,test,0
1999,0.0,584.84383,585.09405,0.8,"[3644.93333333, 3644.93333333]","[20.0, 20.0]",0.08,90.0,30.0,null,gabors,-10.0,null,4.0,0.25021826,211,-0.43375566,-0.97880601,8,0.11433941,True,6,train,2
2000,0.0,585.09405,585.34427,0.8,"[3644.93333333, 3644.93333333]","[20.0, 20.0]",0.08,45.0,0.0,null,gabors,-40.0,null,4.0,0.25021826,105,-0.7648314,-1.1834758,7,0.32677043,True,10,train,1
2001,0.0,585.34427,585.59447,0.8,"[3644.93333333, 3644.93333333]","[20.0, 20.0]",0.08,90.0,0.0,null,gabors,10.0,null,4.0,0.25020174,161,-0.69261981,-1.0900491,8,0.17546316,True,10,train,2
2002,0.0,585.59447,585.84467,0.8,"[3644.93333333, 3644.93333333]","[20.0, 20.0]",0.08,0.0,30.0,null,gabors,-40.0,null,4.0,0.25020174,200,-0.69159878,-1.0364493,7,0.16788694,True,11,test,0
2003,0.0,585.84467,586.09487,0.8,"[3644.93333333, 3644.93333333]","[20.0, 20.0]",0.08,0.0,0.0,null,gabors,-20.0,null,4.0,0.25020174,140,-0.26834961,-1.0299136,8,0.14787952,True,8,test,0
2004,0.0,586.09487,586.34507,0.8,"[3644.93333333, 3644.93333333]","[20.0, 20.0]",0.08,0.0,20.0,null,gabors,10.0,null,4.0,0.25020174,207,-0.36148557,-0.94956092,7,0.11249672,True,11,test,0
2005,0.0,586.34507,586.59528,0.8,"[3644.93333333, 3644.93333333]","[20.0, 20.0]",0.08,45.0,10.0,null,gabors,-20.0,null,4.0,0.25021076,23,-0.24100792,-0.82159351,8,0.16687727,True,6,train,1
2006,0.0,586.59528,586.8455,0.8,"[3644.93333333, 3644.93333333]","[20.0, 20.0]",0.08,90.0,40.0,null,gabors,10.0,null,4.0,0.25021076,52,-0.4319785,-0.87251135,7,0.1349911,True,9,train,2
2007,0.0,586.8455,587.09571,0.8,"[3644.93333333, 3644.93333333]","[20.0, 20.0]",0.08,0.0,-10.0,null,gabors,-40.0,null,4.0,0.25021076,112,-0.56684359,-1.0913746,8,0.1383332,True,6,train,0
2008,0.0,587.09571,587.34592,0.8,"[3644.93333333, 3644.93333333]","[20.0, 20.0]",0.08,90.0,-10.0,null,gabors,30.0,null,4.0,0.25021076,87,-0.53229679,-1.1122617,7,0.096069395,True,5,test,2
2009,0.0,587.34592,587.59612,0.8,"[3644.93333333, 3644.93333333]","[20.0, 20.0]",0.08,45.0,10.0,null,gabors,-40.0,null,4.0,0.25020674,5,-0.22611233,-1.2603973,8,0.12836936,True,7,train,1
2010,0.0,587.59612,587.84633,0.8,"[3644.93333333, 3644.93333333]","[20.0, 20.0]",0.08,45.0,-10.0,null,gabors,10.0,null,4.0,0.25020674,199,-0.24976989,-1.3185757,7,0.090616687,True,8,test,1
2011,0.0,587.84633,588.09654,0.8,"[3644.93333333, 3644.93333333]","[20.0, 20.0]",0.08,0.0,40.0,null,gabors,30.0,null,4.0,0.25020674,2,-0.33329202,-1.3768031,8,0.077346894,True,8,test,0
2012,0.0,588.09654,588.34674,0.8,"[3644.93333333, 3644.93333333]","[20.0, 20.0]",0.08,0.0,-20.0,null,gabors,30.0,null,4.0,0.25020674,11,-0.39537596,-1.2680119,7,0.10517714,True,7,train,0
2013,0.0,588.34674,588.59694,0.8,"[3644.93333333, 3644.93333333]","[20.0, 20.0]",0.08,90.0,-40.0,null,gabors,-10.0,null,4.0,0.25020076,22,-0.26281814,-1.239316,8,0.12464693,True,9,train,2
2014,0.0,588.59694,588.84715,0.8,"[3644.93333333, 3644.93333333]","[20.0, 20.0]",0.08,45.0,20.0,null,gabors,-40.0,null,4.0,0.25020076,109,-0.37358334,-1.0269973,7,0.15842374,True,11,test,1
2015,0.0,588.84715,589.09735,0.8,"[3644.93333333, 3644.93333333]","[20.0, 20.0]",0.08,45.0,-30.0,null,gabors,10.0,null,4.0,0.25020076,202,-0.15912054,-1.074152,8,0.11774557,True,7,train,1
2016,0.0,589.09735,589.34755,0.8,"[3644.93333333, 3644.93333333]","[20.0, 20.0]",0.08,0.0,-30.0,null,gabors,20.0,null,4.0,0.25020076,185,-0.18119541,-1.0225728,7,0.080935682,True,10,train,0
2017,0.0,589.34755,589.59776,0.8,"[3644.93333333, 3644.93333333]","[20.0, 20.0]",0.08,0.0,0.0,null,gabors,40.0,null,4.0,0.25021674,224,-0.66338964,-1.2744888,8,0.17998434,True,7,train,0
2018,0.0,589.59776,589.84798,0.8,"[3644.93333333, 3644.93333333]","[20.0, 20.0]",0.08,90.0,20.0,null,gabors,40.0,null,4.0,0.25021674,79,-0.26983266,-0.93980711,7,0.2392584,True,10,train,2
2019,0.0,589.84798,590.0982,0.8,"[3644.93333333, 3644.93333333]","[20.0, 20.0]",0.08,90.0,20.0,null,gabors,-30.0,null,4.0,0.25021674,231,-0.15546391,-0.90605244,8,0.12181439,True,4,train,2
2020,0.0,590.0982,590.34841,0.8,"[3644.93333333, 3644.93333333]","[20.0, 20.0]",0.08,90.0,20.0,null,gabors,0.0,null,4.0,0.25021674,154,-0.02551969,-1.1047599,7,0.12414639,True,10,train,2
2021,0.0,590.34841,590.59863,0.8,"[3644.93333333, 3644.93333333]","[20.0, 20.0]",0.08,90.0,-20.0,null,gabors,-30.0,null,4.0,0.25021326,162,-0.26775177,-0.93087191,8,0.092013963,True,10,train,2
2022,0.0,590.59863,590.84884,0.8,"[3644.93333333, 3644.93333333]","[20.0, 20.0]",0.08,90.0,-30.0,null,gabors,20.0,null,4.0,0.25021326,173,-0.39224136,-1.1080986,7,0.14364012,True,12,train,2
2023,0.0,590.84884,591.09905,0.8,"[3644.93333333, 3644.93333333]","[20.0, 20.0]",0.08,45.0,20.0,null,gabors,40.0,null,4.0,0.25021326,93,-0.24039253,-1.0794119,8,0.13023663,True,9,train,1
2024,0.0,591.09905,591.34927,0.8,"[3644.93333333, 3644.93333333]","[20.0, 20.0]",0.08,90.0,-20.0,null,gabors,-30.0,null,4.0,0.25021326,162,-0.20885447,-1.0369342,7,0.1315876,True,11,test,2
2025,0.0,591.34927,591.59947,0.8,"[3644.93333333, 3644.93333333]","[20.0, 20.0]",0.08,0.0,-40.0,null,gabors,0.0,null,4.0,0.25020674,70,-0.05829534,-0.86637416,8,0.10881335,True,9,train,0
2026,0.0,591.59947,591.84968,0.8,"[3644.93333333, 3644.93333333]","[20.0, 20.0]",0.08,45.0,-20.0,null,gabors,0.0,null,4.0,0.25020674,165,-0.10801682,-0.88075668,7,0.13106406,True,12,train,1
2027,0.0,591.84968,592.09989,0.8,"[3644.93333333, 3644.93333333]","[20.0, 20.0]",0.08,90.0,30.0,null,gabors,-20.0,null,4.0,0.25020674,212,-0.15083408,-0.79791261,8,0.14872678,True,8,test,2
2028,0.0,592.09989,592.35009,0.8,"[3644.93333333, 3644.93333333]","[20.0, 20.0]",0.08,45.0,-20.0,null,gabors,30.0,null,4.0,0.25020674,232,-0.41875049,-0.72572176,7,0.14591684,True,6,train,1
2029,0.0,592.35009,592.60031,0.8,"[3644.93333333, 3644.93333333]","[20.0, 20.0]",0.08,0.0,40.0,null,gabors,0.0,null,4.0,0.25021826,242,-0.47333213,-0.75696495,8,0.11723929,True,7,train,0
2030,0.0,592.60031,592.85053,0.8,"[3644.93333333, 3644.93333333]","[20.0, 20.0]",0.08,45.0,-20.0,null,gabors,40.0,null,4.0,0.25021826,81,-0.67816834,-0.82681975,7,0.14155371,True,9,train,1
2031,0.0,592.85053,593.10075,0.8,"[3644.93333333, 3644.93333333]","[20.0, 20.0]",0.08,0.0,10.0,null,gabors,0.0,null,4.0,0.25021826,206,-0.37149495,-0.74629142,8,0.19646744,True,8,test,0
2032,0.0,593.10075,593.35097,0.8,"[3644.93333333, 3644.93333333]","[20.0, 20.0]",0.08,0.0,-10.0,null,gabors,40.0,null,4.0,0.25021826,60,-0.38464094,-0.6219482,7,0.14600604,True,6,train,0
2033,0.0,593.35097,593.60117,0.8,"[3644.93333333, 3644.93333333]","[20.0, 20.0]",0.08,45.0,20.0,null,gabors,-10.0,null,4.0,0.25020174,167,-0.26382066,-0.70789286,8,0.15083961,True,6,train,1
2034,0.0,593.60117,593.85137,0.8,"[3644.93333333, 3644.93333333]","[20.0, 20.0]",0.08,90.0,-30.0,null,gabors,30.0,null,4.0,0.25020174,194,-0.11748682,-0.8187036,7,0.10344063,True,7,train,2
2035,0.0,593.85137,594.10157,0.8,"[3644.93333333, 3644.93333333]","[20.0, 20.0]",0.08,45.0,-20.0,null,gabors,10.0,null,4.0,0.25020174,218,-0.15221316,-0.7655001,8,0.14353609,True,7,train,1
2036,0.0,594.10157,594.35177,0.8,"[3644.93333333, 3644.93333333]","[20.0, 20.0]",0.08,0.0,-40.0,null,gabors,40.0,null,4.0,0.25020174,141,-0.12160323,-0.77886077,7,0.053215337,True,8,test,0
2037,0.0,594.35177,594.60199,0.8,"[3644.93333333, 3644.93333333]","[20.0, 20.0]",0.08,0.0,30.0,null,gabors,30.0,null,4.0,0.25021326,6,-0.11743853,-0.85644752,8,0.12696784,True,9,train,0
2038,0.0,594.60199,594.8522,0.8,"[3644.93333333, 3644.93333333]","[20.0, 20.0]",0.08,90.0,-30.0,null,gabors,30.0,null,4.0,0.25021326,194,-0.16173384,-0.82148534,7,0.11617989,True,8,test,2
2039,0.0,594.8522,595.10241,0.8,"[3644.93333333, 3644.93333333]","[20.0, 20.0]",0.08,0.0,10.0,null,gabors,40.0,null,4.0,0.25021326,133,-0.18415074,-0.67192177,8,0.11360109,True,6,train,0
2040,0.0,595.10241,595.35263,0.8,"[3644.93333333, 3644.93333333]","[20.0, 20.0]",0.08,0.0,30.0,null,gabors,0.0,null,4.0,0.25021326,97,-0.33296066,-0.69143141,7,0.16025632,True,7,train,0
2041,0.0,595.35263,595.60283,0.8,"[3644.93333333, 3644.93333333]","[20.0, 20.0]",0.08,45.0,-20.0,null,gabors,-10.0,null,4.0,0.25020174,152,-0.36625023,-0.71044238,8,0.048437164,True,7,train,1
2042,0.0,595.60283,595.85303,0.8,"[3644.93333333, 3644.93333333]","[20.0, 20.0]",0.08,0.0,-20.0,null,gabors,0.0,null,4.0,0.25020174,226,-0.31652016,-0.4964537,7,0.068712865,True,6,train,0
2043,0.0,595.85303,596.10323,0.8,"[3644.93333333, 3644.93333333]","[20.0, 20.0]",0.08,0.0,-10.0,null,gabors,0.0,null,4.0,0.25020174,201,-0.41978024,-0.52824179,8,0.072232612,True,4,train,0
2044,0.0,596.10323,596.35343,0.8,"[3644.93333333, 3644.93333333]","[20.0, 20.0]",0.08,90.0,-40.0,null,gabors,20.0,null,4.0,0.25020174,61,-0.50542768,-0.45517408,7,0.058552148,True,6,train,2
2045,0.0,596.35343,596.60365,0.8,"[3644.93333333, 3644.93333333]","[20.0, 20.0]",0.08,90.0,-40.0,null,gabors,20.0,null,4.0,0.25022076,61,-0.49178618,-0.32422835,8,0.12180898,True,7,train,2
2046,0.0,596.60365,596.85388,0.8,"[3644.93333333, 3644.93333333]","[20.0, 20.0]",0.08,45.0,-10.0,null,gabors,10.0,null,4.0,0.25022076,199,-0.32479505,-0.30729886,7,0.067561571,True,9,train,1
2047,0.0,596.85388,597.1041,0.8,"[3644.93333333, 3644.93333333]","[20.0, 20.0]",0.08,90.0,-40.0,null,gabors,-40.0,null,4.0,0.25022076,243,-0.44141405,-0.25411346,8,0.16351973,True,6,train,2
2048,0.0,597.1041,597.35432,0.8,"[3644.93333333, 3644.93333333]","[20.0, 20.0]",0.08,0.0,-30.0,null,gabors,0.0,null,4.0,0.25022076,193,-0.37795651,-0.26507147,7,0.11705626,True,7,train,0
2049,0.0,597.35432,597.60451,0.8,"[3644.93333333, 3644.93333333]","[20.0, 20.0]",0.08,45.0,-10.0,null,gabors,-30.0,null,4.0,0.25019674,184,-0.37108776,-0.1078376,8,0.15939474,True,8,test,1
2050,0.0,597.60451,597.85471,0.8,"[3644.93333333, 3644.93333333]","[20.0, 20.0]",0.08,45.0,0.0,null,gabors,30.0,null,4.0,0.25019674,64,-0.33775838,-0.28072429,7,0.10321759,True,9,train,1
2051,0.0,597.85471,598.10491,0.8,"[3644.93333333, 3644.93333333]","[20.0, 20.0]",0.08,0.0,0.0,null,gabors,-10.0,null,4.0,0.25019674,160,-0.24961383,-0.38336425,8,0.075641691,True,5,test,0
2052,0.0,598.10491,598.3551,0.8,"[3644.93333333, 3644.93333333]","[20.0, 20.0]",0.08,0.0,0.0,null,gabors,-30.0,null,4.0,0.25019674,186,-0.36285939,-0.24192083,7,0.094644197,True,7,train,0
2053,0.0,598.3551,598.60532,0.8,"[3644.93333333, 3644.93333333]","[20.0, 20.0]",0.08,45.0,-10.0,null,gabors,0.0,null,4.0,0.25022076,88,-0.44350831,-0.11928454,8,0.078103008,True,6,train,1
2054,0.0,598.60532,598.85555,0.8,"[3644.93333333, 3644.93333333]","[20.0, 20.0]",0.08,45.0,30.0,null,gabors,-40.0,null,4.0,0.25022076,36,-0.3372203,-0.22320942,7,0.076436192,True,4,train,1
2055,0.0,598.85555,599.10577,0.8,"[3644.93333333, 3644.93333333]","[20.0, 20.0]",0.08,90.0,40.0,null,gabors,0.0,null,4.0,0.25022076,183,-0.4502983,-0.2140523,8,0.098186438,True,6,train,2
2056,0.0,599.10577,599.35599,0.8,"[3644.93333333, 3644.93333333]","[20.0, 20.0]",0.08,0.0,-20.0,null,gabors,20.0,null,4.0,0.25022076,237,-0.57855962,-0.19133907,7,0.079851138,True,6,train,0
2057,0.0,599.35599,599.60618,0.8,"[3644.93333333, 3644.93333333]","[20.0, 20.0]",0.08,0.0,-10.0,null,gabors,20.0,null,4.0,0.25019674,28,-0.50165918,-0.23659953,7,0.13641064,True,9,train,0
2058,0.0,599.60618,599.85638,0.8,"[3644.93333333, 3644.93333333]","[20.0, 20.0]",0.08,90.0,30.0,null,gabors,-10.0,null,4.0,0.25019674,211,-0.6030016,0.010499412,7,0.093843067,True,7,train,2
2059,0.0,599.85638,600.10658,0.8,"[3644.93333333, 3644.93333333]","[20.0, 20.0]",0.08,0.0,0.0,null,gabors,-40.0,null,4.0,0.25019674,239,-0.56398533,0.0041231422,8,0.10774934,True,10,train,0
2060,0.0,600.10658,600.35677,0.8,"[3644.93333333, 3644.93333333]","[20.0, 20.0]",0.08,0.0,40.0,null,gabors,10.0,null,4.0,0.25019674,230,-0.46944133,-0.045815999,7,0.073153272,True,6,train,0
2061,0.0,600.35677,600.60699,0.8,"[3644.93333333, 3644.93333333]","[20.0, 20.0]",0.08,90.0,10.0,null,gabors,10.0,null,4.0,0.25021826,20,-0.25898308,0.034998404,7,0.085757758,True,6,train,2
2062,0.0,600.60699,600.85721,0.8,"[3644.93333333, 3644.93333333]","[20.0, 20.0]",0.08,45.0,20.0,null,gabors,0.0,null,4.0,0.25021826,228,-0.29420878,0.019646512,7,0.074544785,True,7,train,1
2063,0.0,600.85721,601.10743,0.8,"[3644.93333333, 3644.93333333]","[20.0, 20.0]",0.08,90.0,10.0,null,gabors,10.0,null,4.0,0.25021826,20,-0.20357228,-0.17646088,8,0.091361913,True,7,train,2
2064,0.0,601.10743,601.35765,0.8,"[3644.93333333, 3644.93333333]","[20.0, 20.0]",0.08,45.0,10.0,null,gabors,30.0,null,4.0,0.25021826,222,-0.4094583,-0.049675962,8,0.11960639,True,8,test,1
2065,0.0,601.35765,601.60785,0.8,"[3644.93333333, 3644.93333333]","[20.0, 20.0]",0.08,90.0,-30.0,null,gabors,10.0,null,4.0,0.25020174,111,-0.54909026,-0.17925328,7,0.093463063,True,5,test,2
2066,0.0,601.60785,601.85805,0.8,"[3644.93333333, 3644.93333333]","[20.0, 20.0]",0.08,90.0,-40.0,null,gabors,-40.0,null,4.0,0.25020174,243,-0.59740176,-0.0427697,7,0.13338069,True,7,train,2
2067,0.0,601.85805,602.10825,0.8,"[3644.93333333, 3644.93333333]","[20.0, 20.0]",0.08,45.0,-30.0,null,gabors,-20.0,null,4.0,0.25020174,205,-0.55196788,-0.18145889,8,0.13727322,True,8,test,1
2068,0.0,602.10825,602.35845,0.8,"[3644.93333333, 3644.93333333]","[20.0, 20.0]",0.08,90.0,-30.0,null,gabors,10.0,null,4.0,0.25020174,111,-0.37162576,-0.21457096,8,0.10961906,True,6,train,2
2069,0.0,602.35845,602.60867,0.8,"[3644.93333333, 3644.93333333]","[20.0, 20.0]",0.08,0.0,-40.0,null,gabors,40.0,null,4.0,0.25021326,141,-0.50678482,-0.28226971,7,0.083496526,True,9,train,0
2070,0.0,602.60867,602.85888,0.8,"[3644.93333333, 3644.93333333]","[20.0, 20.0]",0.08,90.0,-30.0,null,gabors,-10.0,null,4.0,0.25021326,26,-0.59744307,-0.15420583,7,0.089795587,True,7,train,2
2071,0.0,602.85888,603.10909,0.8,"[3644.93333333, 3644.93333333]","[20.0, 20.0]",0.08,0.0,0.0,null,gabors,0.0,null,4.0,0.25021326,139,-0.68180264,-0.10868829,8,0.090773423,True,8,test,0
2072,0.0,603.10909,603.35931,0.8,"[3644.93333333, 3644.93333333]","[20.0, 20.0]",0.08,90.0,-20.0,null,gabors,-10.0,null,4.0,0.25021326,153,-0.56432448,0.015078972,8,0.081175764,True,3,train,2
2073,0.0,603.35931,603.60952,0.8,"[3644.93333333, 3644.93333333]","[20.0, 20.0]",0.08,45.0,20.0,null,gabors,0.0,null,4.0,0.25020924,228,-0.65304247,-0.027175575,7,0.096234252,True,8,test,1
2074,0.0,603.60952,603.85973,0.8,"[3644.93333333, 3644.93333333]","[20.0, 20.0]",0.08,45.0,30.0,null,gabors,0.0,null,4.0,0.25020924,143,-0.68277784,0.038224435,7,0.074590775,True,9,train,1
2075,0.0,603.85973,604.10993,0.8,"[3644.93333333, 3644.93333333]","[20.0, 20.0]",0.08,45.0,40.0,null,gabors,-40.0,null,4.0,0.25020924,195,-0.57460282,-0.077184552,8,0.062448444,True,9,train,1
2076,0.0,604.10993,604.36014,0.8,"[3644.93333333, 3644.93333333]","[20.0, 20.0]",0.08,0.0,-30.0,null,gabors,-10.0,null,4.0,0.25020924,71,-0.41253209,0.0046681087,8,0.11971227,True,10,train,0
2077,0.0,604.36014,604.61035,0.8,"[3644.93333333, 3644.93333333]","[20.0, 20.0]",0.08,45.0,-30.0,null,gabors,30.0,null,4.0,0.25020326,131,-0.44162627,0.043970702,7,0.081994812,True,9,train,1
2078,0.0,604.61035,604.86055,0.8,"[3644.93333333, 3644.93333333]","[20.0, 20.0]",0.08,45.0,0.0,null,gabors,40.0,null,4.0,0.25020326,159,-0.44261482,-0.0010228386,7,0.11541229,True,10,train,1
2079,0.0,604.86055,605.11075,0.8,"[3644.93333333, 3644.93333333]","[20.0, 20.0]",0.08,90.0,-20.0,null,gabors,40.0,null,4.0,0.25020326,147,-0.53529879,0.0038249472,7,0.086468611,True,9,train,2
2080,0.0,605.11075,605.36096,0.8,"[3644.93333333, 3644.93333333]","[20.0, 20.0]",0.08,90.0,-20.0,null,gabors,20.0,null,4.0,0.25020326,18,-0.51535504,-0.0038960082,8,0.10723055,True,6,train,2
2081,0.0,605.36096,605.61117,0.8,"[3644.93333333, 3644.93333333]","[20.0, 20.0]",0.08,0.0,-40.0,null,gabors,0.0,null,4.0,0.25020924,70,-0.60502192,-5.7067145e-05,7,0.068755767,True,10,train,0
2082,0.0,605.61117,605.86138,0.8,"[3644.93333333, 3644.93333333]","[20.0, 20.0]",0.08,45.0,-20.0,null,gabors,-20.0,null,4.0,0.25020924,83,-0.5777457,0.04629345,8,0.11444567,True,6,train,1
2083,0.0,605.86138,606.11158,0.8,"[3644.93333333, 3644.93333333]","[20.0, 20.0]",0.08,90.0,20.0,null,gabors,-40.0,null,4.0,0.25020924,149,-0.65110344,0.0153826,7,0.086720244,True,12,train,2
2084,0.0,606.11158,606.36179,0.8,"[3644.93333333, 3644.93333333]","[20.0, 20.0]",0.08,90.0,30.0,null,gabors,-40.0,null,4.0,0.25020924,27,-0.63374669,0.044007286,8,0.084824262,True,7,train,2
2085,0.0,606.36179,606.61201,0.8,"[3644.93333333, 3644.93333333]","[20.0, 20.0]",0.08,45.0,-10.0,null,gabors,30.0,null,4.0,0.25021826,175,-0.56241197,-0.19714694,7,0.10605097,True,10,train,1
2086,0.0,606.61201,606.86223,0.8,"[3644.93333333, 3644.93333333]","[20.0, 20.0]",0.08,45.0,20.0,null,gabors,-10.0,null,4.0,0.25021826,167,-0.62539985,-0.053537661,7,0.057910252,True,7,train,1
2087,0.0,606.86223,607.11245,0.8,"[3644.93333333, 3644.93333333]","[20.0, 20.0]",0.08,45.0,0.0,null,gabors,30.0,null,4.0,0.25021826,64,-0.52313113,-0.039773919,8,0.084361745,True,10,train,1
2088,0.0,607.11245,607.36267,0.8,"[3644.93333333, 3644.93333333]","[20.0, 20.0]",0.08,90.0,-10.0,null,gabors,-40.0,null,4.0,0.25021826,198,-0.4758806,-0.089452523,8,0.080894728,True,7,train,2
2089,0.0,607.36267,607.61287,0.8,"[3644.93333333, 3644.93333333]","[20.0, 20.0]",0.08,0.0,10.0,null,gabors,-40.0,null,4.0,0.25020174,233,-0.50310132,0.14009725,7,0.18788264,True,5,test,0
2090,0.0,607.61287,607.86307,0.8,"[3644.93333333, 3644.93333333]","[20.0, 20.0]",0.08,90.0,20.0,null,gabors,30.0,null,4.0,0.25020174,10,-0.57951443,-0.043170137,8,0.12124655,True,11,test,2
2091,0.0,607.86307,608.11327,0.8,"[3644.93333333, 3644.93333333]","[20.0, 20.0]",0.08,0.0,-30.0,null,gabors,-30.0,null,4.0,0.25020174,73,-0.556381,-0.088579221,7,0.098278093,True,11,test,0
2092,0.0,608.11327,608.36347,0.8,"[3644.93333333, 3644.93333333]","[20.0, 20.0]",0.08,45.0,-30.0,null,gabors,-10.0,null,4.0,0.25020174,41,-0.53069952,-0.0095628043,8,0.13045434,True,9,train,1
2093,0.0,608.36347,608.61369,0.8,"[3644.93333333, 3644.93333333]","[20.0, 20.0]",0.08,90.0,30.0,null,gabors,-30.0,null,4.0,0.25021326,234,-0.46554211,0.10282758,7,0.10603653,True,9,train,2
2094,0.0,608.61369,608.8639,0.8,"[3644.93333333, 3644.93333333]","[20.0, 20.0]",0.08,90.0,-30.0,null,gabors,-30.0,null,4.0,0.25021326,124,-0.46532535,0.018126006,8,0.15628639,True,9,train,2
2095,0.0,608.8639,609.11411,0.8,"[3644.93333333, 3644.93333333]","[20.0, 20.0]",0.08,0.0,-10.0,null,gabors,-30.0,null,4.0,0.25021326,164,-0.52713976,0.021128319,7,0.062119816,True,5,test,0
2096,0.0,609.11411,609.36433,0.8,"[3644.93333333, 3644.93333333]","[20.0, 20.0]",0.08,45.0,10.0,null,gabors,30.0,null,4.0,0.25021326,222,-0.4894967,-0.027500129,8,0.12037661,True,9,train,1
2097,0.0,609.36433,609.61453,0.8,"[3644.93333333, 3644.93333333]","[20.0, 20.0]",0.08,90.0,30.0,null,gabors,-20.0,null,4.0,0.25020424,212,-0.52634114,0.21789273,7,0.074383572,True,9,train,2
2098,0.0,609.61453,609.86474,0.8,"[3644.93333333, 3644.93333333]","[20.0, 20.0]",0.08,0.0,-40.0,null,gabors,-40.0,null,4.0,0.25020424,69,-0.53521116,0.084619717,8,0.097937035,True,9,train,0
2099,0.0,609.86474,610.11494,0.8,"[3644.93333333, 3644.93333333]","[20.0, 20.0]",0.08,0.0,40.0,null,gabors,0.0,null,4.0,0.25020424,242,-0.44985585,0.091035519,7,0.10934452,True,8,test,0
2100,0.0,610.11494,610.36514,0.8,"[3644.93333333, 3644.93333333]","[20.0, 20.0]",0.08,0.0,0.0,null,gabors,-10.0,null,4.0,0.25020424,160,-0.47581198,0.23177864,8,0.063915693,True,6,train,0
2101,0.0,610.36514,610.61536,0.8,"[3644.93333333, 3644.93333333]","[20.0, 20.0]",0.08,0.0,20.0,null,gabors,-30.0,null,4.0,0.25021576,155,-0.39756319,0.22128392,7,0.076801426,True,5,test,0
2102,0.0,610.61536,610.86558,0.8,"[3644.93333333, 3644.93333333]","[20.0, 20.0]",0.08,90.0,-20.0,null,gabors,-40.0,null,4.0,0.25021576,34,-0.48514904,0.063439045,8,0.10843222,True,8,test,2
2103,0.0,610.86558,611.11579,0.8,"[3644.93333333, 3644.93333333]","[20.0, 20.0]",0.08,90.0,40.0,null,gabors,-30.0,null,4.0,0.25021576,13,-0.53859491,0.1319751,7,0.059400396,True,11,test,2
2104,0.0,611.11579,611.36601,0.8,"[3644.93333333, 3644.93333333]","[20.0, 20.0]",0.08,0.0,10.0,null,gabors,10.0,null,4.0,0.25021576,119,-0.525157,0.15677325,8,0.10772055,True,9,train,0
2105,0.0,611.36601,611.61621,0.8,"[3644.93333333, 3644.93333333]","[20.0, 20.0]",0.08,0.0,20.0,null,gabors,0.0,null,4.0,0.25020424,148,-0.56198409,0.19186187,7,0.094310989,True,8,test,0
2106,0.0,611.61621,611.86642,0.8,"[3644.93333333, 3644.93333333]","[20.0, 20.0]",0.08,0.0,-20.0,null,gabors,0.0,null,4.0,0.25020424,226,-0.46948131,0.15096762,8,0.1573923,True,7,train,0
2107,0.0,611.86642,612.11662,0.8,"[3644.93333333, 3644.93333333]","[20.0, 20.0]",0.08,0.0,-10.0,null,gabors,0.0,null,4.0,0.25020424,201,-0.46502972,0.15427151,7,0.067741523,True,5,test,0
2108,0.0,612.11662,612.36682,0.8,"[3644.93333333, 3644.93333333]","[20.0, 20.0]",0.08,90.0,10.0,null,gabors,-40.0,null,4.0,0.25020424,117,-0.48013204,0.1360434,8,0.08760594,True,12,train,2
2109,0.0,612.36682,612.61704,0.8,"[3644.93333333, 3644.93333333]","[20.0, 20.0]",0.08,45.0,-40.0,null,gabors,30.0,null,4.0,0.25021576,63,-0.48841413,0.17553046,7,0.097098682,True,5,test,1
2110,0.0,612.61704,612.86726,0.8,"[3644.93333333, 3644.93333333]","[20.0, 20.0]",0.08,90.0,40.0,null,gabors,-40.0,null,4.0,0.25021576,21,-0.61161417,0.095168298,8,0.11889271,True,8,test,2
2111,0.0,612.86726,613.11747,0.8,"[3644.93333333, 3644.93333333]","[20.0, 20.0]",0.08,0.0,40.0,null,gabors,30.0,null,4.0,0.25021576,2,-0.69623363,-0.0006809487,7,0.088813051,True,9,train,0
2112,0.0,613.11747,613.36769,0.8,"[3644.93333333, 3644.93333333]","[20.0, 20.0]",0.08,90.0,0.0,null,gabors,-30.0,null,4.0,0.25021576,74,-0.69751289,0.06926284,8,0.14666342,True,8,test,2
2113,0.0,613.36769,613.61789,0.8,"[3644.93333333, 3644.93333333]","[20.0, 20.0]",0.08,90.0,10.0,null,gabors,-10.0,null,4.0,0.25019924,138,-0.77643572,0.13020529,7,0.067850677,True,9,train,2
2114,0.0,613.61789,613.86809,0.8,"[3644.93333333, 3644.93333333]","[20.0, 20.0]",0.08,90.0,-10.0,null,gabors,40.0,null,4.0,0.25019924,29,-0.67217329,0.11831477,8,0.10476567,True,6,train,2
2115,0.0,613.86809,614.11828,0.8,"[3644.93333333, 3644.93333333]","[20.0, 20.0]",0.08,0.0,-30.0,null,gabors,-10.0,null,4.0,0.25019924,71,-0.56133476,0.32381476,7,0.1799417,True,11,test,0
2116,0.0,614.11828,614.36848,0.8,"[3644.93333333, 3644.93333333]","[20.0, 20.0]",0.08,45.0,20.0,null,gabors,-30.0,null,4.0,0.25019924,172,-0.54407132,0.42998067,8,0.10825203,True,9,train,1
2117,0.0,614.36848,614.6187,0.8,"[3644.93333333, 3644.93333333]","[20.0, 20.0]",0.08,45.0,-10.0,null,gabors,-40.0,null,4.0,0.25022076,238,-0.57759117,0.50408361,7,0.091581266,True,12,train,1
2118,0.0,614.6187,614.86893,0.8,"[3644.93333333, 3644.93333333]","[20.0, 20.0]",0.08,45.0,0.0,null,gabors,-30.0,null,4.0,0.25022076,46,-0.64666688,0.39275625,8,0.084947789,True,10,train,1
2119,0.0,614.86893,615.11915,0.8,"[3644.93333333, 3644.93333333]","[20.0, 20.0]",0.08,90.0,-20.0,null,gabors,-10.0,null,4.0,0.25022076,153,-0.71957088,0.41691865,7,0.08515607,True,4,train,2
2120,0.0,615.11915,615.36937,0.8,"[3644.93333333, 3644.93333333]","[20.0, 20.0]",0.08,0.0,-40.0,null,gabors,-40.0,null,4.0,0.25022076,69,-0.49720283,0.3659241,8,0.11903154,True,10,train,0
2121,0.0,615.36937,615.61957,0.8,"[3644.93333333, 3644.93333333]","[20.0, 20.0]",0.08,0.0,30.0,null,gabors,-10.0,null,4.0,0.25019924,65,-0.36656254,0.27636656,7,0.10912411,True,12,train,0
2122,0.0,615.61957,615.86977,0.8,"[3644.93333333, 3644.93333333]","[20.0, 20.0]",0.08,90.0,0.0,null,gabors,-30.0,null,4.0,0.25019924,74,-0.5455628,0.30862613,8,0.059900261,True,9,train,2
2123,0.0,615.86977,616.11996,0.8,"[3644.93333333, 3644.93333333]","[20.0, 20.0]",0.08,90.0,-30.0,null,gabors,0.0,null,4.0,0.25019924,188,-0.47709887,0.31890614,7,0.11393177,True,7,train,2
2124,0.0,616.11996,616.37016,0.8,"[3644.93333333, 3644.93333333]","[20.0, 20.0]",0.08,45.0,20.0,null,gabors,-20.0,null,4.0,0.25019924,208,-0.44473054,0.08375359,8,0.082748625,True,9,train,1
2125,0.0,616.37016,616.62038,0.8,"[3644.93333333, 3644.93333333]","[20.0, 20.0]",0.08,45.0,30.0,null,gabors,-30.0,null,4.0,0.25022076,84,-0.3905336,0.13482905,7,0.072649521,True,8,test,1
2126,0.0,616.62038,616.87061,0.8,"[3644.93333333, 3644.93333333]","[20.0, 20.0]",0.08,0.0,10.0,null,gabors,-10.0,null,4.0,0.25022076,182,-0.29097849,0.14371239,8,0.068917618,True,8,test,0
2127,0.0,616.87061,617.12083,0.8,"[3644.93333333, 3644.93333333]","[20.0, 20.0]",0.08,90.0,-20.0,null,gabors,10.0,null,4.0,0.25022076,100,-0.42054676,0.17909154,7,0.11176179,True,6,train,2
2128,0.0,617.12083,617.37105,0.8,"[3644.93333333, 3644.93333333]","[20.0, 20.0]",0.08,0.0,0.0,null,gabors,40.0,null,4.0,0.25022076,224,-0.44891349,0.16011915,8,0.11411479,True,8,test,0
2129,0.0,617.37105,617.62124,0.8,"[3644.93333333, 3644.93333333]","[20.0, 20.0]",0.08,45.0,10.0,null,gabors,-40.0,null,4.0,0.25019674,5,-0.44374363,0.10920252,7,0.065807248,True,8,test,1
2130,0.0,617.62124,617.87144,0.8,"[3644.93333333, 3644.93333333]","[20.0, 20.0]",0.08,0.0,10.0,null,gabors,-30.0,null,4.0,0.25019674,116,-0.55092426,0.25461553,8,0.11766655,True,9,train,0
2131,0.0,617.87144,618.12164,0.8,"[3644.93333333, 3644.93333333]","[20.0, 20.0]",0.08,45.0,30.0,null,gabors,0.0,null,4.0,0.25019674,143,-0.5814506,0.28127336,7,0.061217953,True,10,train,1
2132,0.0,618.12164,618.37183,0.8,"[3644.93333333, 3644.93333333]","[20.0, 20.0]",0.08,0.0,-40.0,null,gabors,20.0,null,4.0,0.25019674,151,-0.49235039,0.24537697,8,0.050207677,True,8,test,0
2133,0.0,618.37183,618.62205,0.8,"[3644.93333333, 3644.93333333]","[20.0, 20.0]",0.08,45.0,40.0,null,gabors,40.0,null,4.0,0.25021576,178,-0.55057957,0.29770661,7,0.10864758,True,10,train,1
2134,0.0,618.62205,618.87227,0.8,"[3644.93333333, 3644.93333333]","[20.0, 20.0]",0.08,0.0,0.0,null,gabors,-20.0,null,4.0,0.25021576,140,-0.58430319,0.2983298,8,0.11352516,True,9,train,0
2135,0.0,618.87227,619.12248,0.8,"[3644.93333333, 3644.93333333]","[20.0, 20.0]",0.08,90.0,-30.0,null,gabors,10.0,null,4.0,0.25021576,111,-0.57833289,0.30672718,7,0.067168227,True,7,train,2
2136,0.0,619.12248,619.3727,0.8,"[3644.93333333, 3644.93333333]","[20.0, 20.0]",0.08,45.0,30.0,null,gabors,0.0,null,4.0,0.25021576,143,-0.48101494,0.23376736,7,0.069523416,True,11,test,1
2137,0.0,619.3727,619.6229,0.8,"[3644.93333333, 3644.93333333]","[20.0, 20.0]",0.08,90.0,10.0,null,gabors,0.0,null,4.0,0.25020424,17,-0.4906331,0.14188974,7,0.12248448,True,6,train,2
2138,0.0,619.6229,619.87311,0.8,"[3644.93333333, 3644.93333333]","[20.0, 20.0]",0.08,90.0,-20.0,null,gabors,0.0,null,4.0,0.25020424,121,-0.66964021,0.19520611,7,0.11184844,True,10,train,2
2139,0.0,619.87311,620.12331,0.8,"[3644.93333333, 3644.93333333]","[20.0, 20.0]",0.08,90.0,0.0,null,gabors,20.0,null,4.0,0.25020424,56,-0.69622194,0.24487687,7,0.091851766,True,9,train,2
2140,0.0,620.12331,620.37351,0.8,"[3644.93333333, 3644.93333333]","[20.0, 20.0]",0.08,0.0,0.0,null,gabors,-10.0,null,4.0,0.25020424,160,-0.60254802,0.23387229,7,0.060175225,True,7,train,0
2141,0.0,620.37351,620.62373,0.8,"[3644.93333333, 3644.93333333]","[20.0, 20.0]",0.08,0.0,-30.0,null,gabors,-40.0,null,4.0,0.25021576,12,-0.65900573,0.38812663,8,0.070267583,True,9,train,0
2142,0.0,620.62373,620.87395,0.8,"[3644.93333333, 3644.93333333]","[20.0, 20.0]",0.08,0.0,-30.0,null,gabors,40.0,null,4.0,0.25021576,130,-0.8130736,0.31749927,7,0.038660501,True,8,test,0
2143,0.0,620.87395,621.12416,0.8,"[3644.93333333, 3644.93333333]","[20.0, 20.0]",0.08,90.0,20.0,null,gabors,20.0,null,4.0,0.25021576,210,-0.67632956,0.39548955,8,0.06538687,True,8,test,2
2144,0.0,621.12416,621.37438,0.8,"[3644.93333333, 3644.93333333]","[20.0, 20.0]",0.08,0.0,30.0,null,gabors,0.0,null,4.0,0.25021576,97,-0.69509804,0.50646047,7,0.080115077,True,8,test,0
2145,0.0,621.37438,621.62458,0.8,"[3644.93333333, 3644.93333333]","[20.0, 20.0]",0.08,45.0,30.0,null,gabors,10.0,null,4.0,0.25020174,86,-0.63941492,0.42118146,8,0.052038977,True,5,test,1
2146,0.0,621.62458,621.87478,0.8,"[3644.93333333, 3644.93333333]","[20.0, 20.0]",0.08,90.0,-10.0,null,gabors,-40.0,null,4.0,0.25020174,198,-0.64793408,0.43742824,7,0.077109413,True,8,test,2
2147,0.0,621.87478,622.12498,0.8,"[3644.93333333, 3644.93333333]","[20.0, 20.0]",0.08,45.0,20.0,null,gabors,-20.0,null,4.0,0.25020174,208,-0.76733518,0.52488387,8,0.056159473,True,10,train,1
2148,0.0,622.12498,622.37518,0.8,"[3644.93333333, 3644.93333333]","[20.0, 20.0]",0.08,45.0,-20.0,null,gabors,-10.0,null,4.0,0.25020174,152,-0.77009443,0.4599185,7,0.053501257,True,8,test,1
2149,0.0,622.37518,622.6254,0.8,"[3644.93333333, 3644.93333333]","[20.0, 20.0]",0.08,90.0,0.0,null,gabors,10.0,null,4.0,0.25021326,161,-0.91961861,0.28169768,8,0.13278619,True,11,test,2
2150,0.0,622.6254,622.87561,0.8,"[3644.93333333, 3644.93333333]","[20.0, 20.0]",0.08,90.0,10.0,null,gabors,-30.0,null,4.0,0.25021326,209,-0.80376832,0.37772284,7,0.13106811,True,7,train,2
2151,0.0,622.87561,623.12582,0.8,"[3644.93333333, 3644.93333333]","[20.0, 20.0]",0.08,0.0,-20.0,null,gabors,30.0,null,4.0,0.25021326,11,-0.85842047,0.70813492,8,0.12289633,True,8,test,0
2152,0.0,623.12582,623.37604,0.8,"[3644.93333333, 3644.93333333]","[20.0, 20.0]",0.08,45.0,10.0,null,gabors,-30.0,null,4.0,0.25021326,9,-0.86109053,0.68780889,7,0.080699969,True,9,train,1
2153,0.0,623.37604,623.62624,0.8,"[3644.93333333, 3644.93333333]","[20.0, 20.0]",0.08,0.0,-20.0,null,gabors,30.0,null,4.0,0.25020424,11,-0.72921361,0.50032145,8,0.10296855,True,9,train,0
2154,0.0,623.62624,623.87645,0.8,"[3644.93333333, 3644.93333333]","[20.0, 20.0]",0.08,0.0,20.0,null,gabors,40.0,null,4.0,0.25020424,72,-0.88677417,0.47670454,7,0.24319929,True,8,test,0
2155,0.0,623.87645,624.12665,0.8,"[3644.93333333, 3644.93333333]","[20.0, 20.0]",0.08,45.0,-20.0,null,gabors,40.0,null,4.0,0.25020424,81,-0.93806939,0.62234435,8,0.21196965,True,10,train,1
2156,0.0,624.12665,624.37685,0.8,"[3644.93333333, 3644.93333333]","[20.0, 20.0]",0.08,45.0,-40.0,null,gabors,-10.0,null,4.0,0.25020424,118,-0.81776824,0.54924552,7,0.11156023,True,10,train,1
2157,0.0,624.37685,624.62706,0.8,"[3644.93333333, 3644.93333333]","[20.0, 20.0]",0.08,90.0,20.0,null,gabors,-30.0,null,4.0,0.25020826,231,-0.76841814,0.53393539,8,0.1549806,True,5,test,2
2158,0.0,624.62706,624.87727,0.8,"[3644.93333333, 3644.93333333]","[20.0, 20.0]",0.08,0.0,10.0,null,gabors,10.0,null,4.0,0.25020826,119,-0.66649744,0.53827227,7,0.090925184,True,10,train,0
2159,0.0,624.87727,625.12748,0.8,"[3644.93333333, 3644.93333333]","[20.0, 20.0]",0.08,0.0,-20.0,null,gabors,10.0,null,4.0,0.25020826,94,-0.69566935,0.56274834,8,0.085592018,True,4,train,0
2160,0.0,625.12748,625.37769,0.8,"[3644.93333333, 3644.93333333]","[20.0, 20.0]",0.08,45.0,-30.0,null,gabors,-30.0,null,4.0,0.25020826,221,-0.66229333,0.40381746,7,0.10246444,True,6,train,1
2161,0.0,625.37769,625.6279,0.8,"[3644.93333333, 3644.93333333]","[20.0, 20.0]",0.08,45.0,0.0,null,gabors,0.0,null,4.0,0.25021174,191,-0.85629883,0.50916866,8,0.082521233,True,8,test,1
2162,0.0,625.6279,625.87811,0.8,"[3644.93333333, 3644.93333333]","[20.0, 20.0]",0.08,90.0,30.0,null,gabors,-20.0,null,4.0,0.25021174,212,-0.78504783,0.62392554,7,0.12965308,True,10,train,2
2163,0.0,625.87811,626.12832,0.8,"[3644.93333333, 3644.93333333]","[20.0, 20.0]",0.08,0.0,-10.0,null,gabors,0.0,null,4.0,0.25021174,201,-0.64082043,0.62311381,8,0.060356878,True,6,train,0
2164,0.0,626.12832,626.37853,0.8,"[3644.93333333, 3644.93333333]","[20.0, 20.0]",0.08,90.0,0.0,null,gabors,-40.0,null,4.0,0.25021174,82,-0.68737727,0.57155435,7,0.061513839,True,7,train,2
2165,0.0,626.37853,626.62875,0.8,"[3644.93333333, 3644.93333333]","[20.0, 20.0]",0.08,0.0,-40.0,null,gabors,10.0,null,4.0,0.25021826,15,-0.98005966,0.47137171,8,0.082950552,True,8,test,0
2166,0.0,626.62875,626.87897,0.8,"[3644.93333333, 3644.93333333]","[20.0, 20.0]",0.08,0.0,-20.0,null,gabors,0.0,null,4.0,0.25021826,226,-0.82043128,0.64371675,7,0.091054247,True,8,test,0
2167,0.0,626.87897,627.12919,0.8,"[3644.93333333, 3644.93333333]","[20.0, 20.0]",0.08,90.0,30.0,null,gabors,10.0,null,4.0,0.25021826,40,-0.86886271,0.60477554,8,0.084352014,True,6,train,2
2168,0.0,627.12919,627.37941,0.8,"[3644.93333333, 3644.93333333]","[20.0, 20.0]",0.08,0.0,-40.0,null,gabors,0.0,null,4.0,0.25021826,70,-0.89363965,0.43097941,7,0.06982108,True,11,test,0
2169,0.0,627.37941,627.6296,0.8,"[3644.93333333, 3644.93333333]","[20.0, 20.0]",0.08,90.0,20.0,null,gabors,-30.0,null,4.0,0.25019674,231,-0.74580662,0.55036527,8,0.085017507,True,6,train,2
2170,0.0,627.6296,627.8798,0.8,"[3644.93333333, 3644.93333333]","[20.0, 20.0]",0.08,45.0,0.0,null,gabors,-40.0,null,4.0,0.25019674,105,-0.84717633,0.54712937,7,0.15773295,True,11,test,1
2171,0.0,627.8798,628.13,0.8,"[3644.93333333, 3644.93333333]","[20.0, 20.0]",0.08,0.0,-10.0,null,gabors,30.0,null,4.0,0.25019674,219,-0.74307679,0.43271742,8,0.18690049,True,4,train,0
2172,0.0,628.13,628.38019,0.8,"[3644.93333333, 3644.93333333]","[20.0, 20.0]",0.08,90.0,30.0,null,gabors,30.0,null,4.0,0.25019674,115,-0.53015819,0.48689229,7,0.11820352,True,11,test,2
2173,0.0,628.38019,628.63041,0.8,"[3644.93333333, 3644.93333333]","[20.0, 20.0]",0.08,0.0,-20.0,null,gabors,10.0,null,4.0,0.25021576,94,-0.51470386,0.52314577,8,0.14305729,True,5,test,0
2174,0.0,628.63041,628.88063,0.8,"[3644.93333333, 3644.93333333]","[20.0, 20.0]",0.08,45.0,40.0,null,gabors,0.0,null,4.0,0.25021576,99,-0.5635959,0.56715199,7,0.077615215,True,6,train,1
2175,0.0,628.88063,629.13084,0.8,"[3644.93333333, 3644.93333333]","[20.0, 20.0]",0.08,45.0,10.0,null,gabors,-10.0,null,4.0,0.25021576,31,-0.54054958,0.42486533,8,0.078227796,True,11,test,1
2176,0.0,629.13084,629.38106,0.8,"[3644.93333333, 3644.93333333]","[20.0, 20.0]",0.08,45.0,40.0,null,gabors,30.0,null,4.0,0.25021576,53,-0.44095183,0.53168268,7,0.072963647,True,9,train,1
2177,0.0,629.38106,629.63126,0.8,"[3644.93333333, 3644.93333333]","[20.0, 20.0]",0.08,45.0,30.0,null,gabors,-40.0,null,4.0,0.25020174,36,-0.64203826,0.3930339,8,0.07740606,True,5,test,1
2178,0.0,629.63126,629.88146,0.8,"[3644.93333333, 3644.93333333]","[20.0, 20.0]",0.08,0.0,30.0,null,gabors,10.0,null,4.0,0.25020174,137,-0.62750907,0.52248292,7,0.10256096,True,10,train,0
2179,0.0,629.88146,630.13166,0.8,"[3644.93333333, 3644.93333333]","[20.0, 20.0]",0.08,45.0,0.0,null,gabors,-20.0,null,4.0,0.25020174,177,-0.76184543,0.39907393,8,0.056542549,True,7,train,1
2180,0.0,630.13166,630.38186,0.8,"[3644.93333333, 3644.93333333]","[20.0, 20.0]",0.08,45.0,-20.0,null,gabors,10.0,null,4.0,0.25020174,218,-0.60337328,0.31679575,7,0.095189999,True,8,test,1
2181,0.0,630.38186,630.63208,0.8,"[3644.93333333, 3644.93333333]","[20.0, 20.0]",0.08,45.0,-10.0,null,gabors,-30.0,null,4.0,0.25021826,184,-0.70183922,0.4425785,8,0.085668736,True,9,train,1
2182,0.0,630.63208,630.8823,0.8,"[3644.93333333, 3644.93333333]","[20.0, 20.0]",0.08,45.0,-40.0,null,gabors,30.0,null,4.0,0.25021826,63,-0.71704567,0.24610819,7,0.10200025,True,6,train,1
2183,0.0,630.8823,631.13252,0.8,"[3644.93333333, 3644.93333333]","[20.0, 20.0]",0.08,45.0,-40.0,null,gabors,40.0,null,4.0,0.25021826,134,-0.71494034,0.3332809,8,0.055766586,True,9,train,1
2184,0.0,631.13252,631.38274,0.8,"[3644.93333333, 3644.93333333]","[20.0, 20.0]",0.08,90.0,40.0,null,gabors,30.0,null,4.0,0.25021826,122,-0.74966283,0.3508345,7,0.097046469,True,7,train,2
2185,0.0,631.38274,631.63294,0.8,"[3644.93333333, 3644.93333333]","[20.0, 20.0]",0.08,45.0,-20.0,null,gabors,10.0,null,4.0,0.25020424,218,-0.79649065,0.38543293,8,0.11637253,True,9,train,1
2186,0.0,631.63294,631.88315,0.8,"[3644.93333333, 3644.93333333]","[20.0, 20.0]",0.08,45.0,20.0,null,gabors,-20.0,null,4.0,0.25020424,208,-0.95243221,0.38343395,7,0.073680957,True,11,test,1
2187,0.0,631.88315,632.13335,0.8,"[3644.93333333, 3644.93333333]","[20.0, 20.0]",0.08,90.0,-10.0,null,gabors,40.0,null,4.0,0.25020424,29,-0.88218551,0.56375436,8,0.13526067,True,7,train,2
2188,0.0,632.13335,632.38355,0.8,"[3644.93333333, 3644.93333333]","[20.0, 20.0]",0.08,45.0,-40.0,null,gabors,0.0,null,4.0,0.25020424,168,-0.83537553,0.53503556,7,0.03410767,True,6,train,1
2189,0.0,632.38355,632.63376,0.8,"[3644.93333333, 3644.93333333]","[20.0, 20.0]",0.08,90.0,-10.0,null,gabors,30.0,null,4.0,0.25021076,87,-0.86833949,0.51720017,8,0.085125722,True,6,train,2
2190,0.0,632.63376,632.88398,0.8,"[3644.93333333, 3644.93333333]","[20.0, 20.0]",0.08,45.0,10.0,null,gabors,-20.0,null,4.0,0.25021076,23,-0.7910771,0.64022823,7,0.076391992,True,7,train,1
2191,0.0,632.88398,633.13419,0.8,"[3644.93333333, 3644.93333333]","[20.0, 20.0]",0.08,90.0,10.0,null,gabors,-10.0,null,4.0,0.25021076,138,-0.89142293,0.71147594,8,0.10976693,True,10,train,2
2192,0.0,633.13419,633.3844,0.8,"[3644.93333333, 3644.93333333]","[20.0, 20.0]",0.08,45.0,-30.0,null,gabors,40.0,null,4.0,0.25021076,3,-1.1107839,0.58103026,7,0.10568053,True,7,train,1
2193,0.0,633.3844,633.63461,0.8,"[3644.93333333, 3644.93333333]","[20.0, 20.0]",0.08,45.0,-40.0,null,gabors,-10.0,null,4.0,0.25020924,118,-0.99826412,0.48955251,8,0.081823176,True,11,test,1
2194,0.0,633.63461,633.88482,0.8,"[3644.93333333, 3644.93333333]","[20.0, 20.0]",0.08,45.0,-40.0,null,gabors,10.0,null,4.0,0.25020924,50,-0.75515146,0.40227201,7,0.08596384,True,8,test,1
2195,0.0,633.88482,634.13502,0.8,"[3644.93333333, 3644.93333333]","[20.0, 20.0]",0.08,45.0,10.0,null,gabors,10.0,null,4.0,0.25020924,144,-0.87566884,0.37764096,8,0.08651256,True,9,train,1
2196,0.0,634.13502,634.38523,0.8,"[3644.93333333, 3644.93333333]","[20.0, 20.0]",0.08,90.0,10.0,null,gabors,-20.0,null,4.0,0.25020924,158,-0.98822482,0.40028587,7,0.083212968,True,7,train,2
2197,0.0,634.38523,634.63545,0.8,"[3644.93333333, 3644.93333333]","[20.0, 20.0]",0.08,45.0,30.0,null,gabors,-40.0,null,4.0,0.25021326,36,-1.1256289,0.33431057,8,0.095200347,True,6,train,1
2198,0.0,634.63545,634.88566,0.8,"[3644.93333333, 3644.93333333]","[20.0, 20.0]",0.08,90.0,0.0,null,gabors,10.0,null,4.0,0.25021326,161,-0.98899902,0.31526607,7,0.10617415,True,12,train,2
2199,0.0,634.88566,635.13587,0.8,"[3644.93333333, 3644.93333333]","[20.0, 20.0]",0.08,45.0,-40.0,null,gabors,0.0,null,4.0,0.25021326,168,-0.86405025,0.50475096,8,0.079835512,True,7,train,1
2200,0.0,635.13587,635.38609,0.8,"[3644.93333333, 3644.93333333]","[20.0, 20.0]",0.08,0.0,-10.0,null,gabors,-30.0,null,4.0,0.25021326,164,-0.90313534,0.48910131,7,0.085149937,True,6,train,0
2201,0.0,635.38609,635.63629,0.8,"[3644.93333333, 3644.93333333]","[20.0, 20.0]",0.08,45.0,0.0,null,gabors,20.0,null,4.0,0.25019924,24,-0.96377869,0.65984393,8,0.134903,True,8,test,1
2202,0.0,635.63629,635.88649,0.8,"[3644.93333333, 3644.93333333]","[20.0, 20.0]",0.08,0.0,0.0,null,gabors,30.0,null,4.0,0.25019924,55,-0.92737159,0.42826444,7,0.079363199,True,7,train,0
2203,0.0,635.88649,636.13668,0.8,"[3644.93333333, 3644.93333333]","[20.0, 20.0]",0.08,0.0,30.0,null,gabors,0.0,null,4.0,0.25019924,97,-0.68953645,0.40775179,8,0.12938274,True,9,train,0
2204,0.0,636.13668,636.38688,0.8,"[3644.93333333, 3644.93333333]","[20.0, 20.0]",0.08,45.0,-40.0,null,gabors,-30.0,null,4.0,0.25019924,62,-0.76361544,0.41907622,7,0.11631254,True,7,train,1
2205,0.0,636.38688,636.6371,0.8,"[3644.93333333, 3644.93333333]","[20.0, 20.0]",0.08,90.0,-30.0,null,gabors,-30.0,null,4.0,0.25021826,124,-0.80979557,0.31968129,8,0.070708609,True,10,train,2
2206,0.0,636.6371,636.88732,0.8,"[3644.93333333, 3644.93333333]","[20.0, 20.0]",0.08,45.0,40.0,null,gabors,30.0,null,4.0,0.25021826,53,-0.74492787,0.34777925,6,0.086583971,True,10,train,1
2207,0.0,636.88732,637.13754,0.8,"[3644.93333333, 3644.93333333]","[20.0, 20.0]",0.08,45.0,30.0,null,gabors,10.0,null,4.0,0.25021826,86,-0.84200717,0.37322047,8,0.15609829,True,6,train,1
2208,0.0,637.13754,637.38776,0.8,"[3644.93333333, 3644.93333333]","[20.0, 20.0]",0.08,90.0,-40.0,null,gabors,-40.0,null,4.0,0.25021826,243,-1.1217056,0.30704517,7,0.08353482,True,8,test,2
2209,0.0,637.38776,637.63796,0.8,"[3644.93333333, 3644.93333333]","[20.0, 20.0]",0.08,0.0,-10.0,null,gabors,10.0,null,4.0,0.25020424,114,-0.98763817,0.41935158,8,0.10406675,True,9,train,0
2210,0.0,637.63796,637.88817,0.8,"[3644.93333333, 3644.93333333]","[20.0, 20.0]",0.08,90.0,-10.0,null,gabors,40.0,null,4.0,0.25020424,29,-1.0321998,0.41185873,7,2.0299991,True,8,test,2
2211,0.0,637.88817,638.13837,0.8,"[3644.93333333, 3644.93333333]","[20.0, 20.0]",0.08,45.0,-30.0,null,gabors,30.0,null,4.0,0.25020424,131,-0.069825593,5.8793862,8,0.5927929,True,10,train,1
2212,0.0,638.13837,638.38857,0.8,"[3644.93333333, 3644.93333333]","[20.0, 20.0]",0.08,90.0,-40.0,null,gabors,40.0,null,4.0,0.25020424,156,-0.014999056,5.4941694,7,0.16679526,True,6,train,2
2213,0.0,638.38857,638.63879,0.8,"[3644.93333333, 3644.93333333]","[20.0, 20.0]",0.08,0.0,-20.0,null,gabors,20.0,null,4.0,0.25021826,237,-0.29534666,5.5768157,8,0.19549741,True,7,train,0
2214,0.0,638.63879,638.88901,0.8,"[3644.93333333, 3644.93333333]","[20.0, 20.0]",0.08,90.0,20.0,null,gabors,20.0,null,4.0,0.25021826,210,-0.2582935,5.3926305,7,0.22198809,True,9,train,2
2215,0.0,638.88901,639.13923,0.8,"[3644.93333333, 3644.93333333]","[20.0, 20.0]",0.08,45.0,-40.0,null,gabors,-10.0,null,4.0,0.25021826,118,-0.38224921,5.1579807,8,0.17856313,True,12,train,1
2216,0.0,639.13923,639.38945,0.8,"[3644.93333333, 3644.93333333]","[20.0, 20.0]",0.08,0.0,-10.0,null,gabors,-40.0,null,4.0,0.25021826,112,-0.42837241,4.829326,7,0.17403528,True,7,train,0
2217,0.0,639.38945,639.63965,0.8,"[3644.93333333, 3644.93333333]","[20.0, 20.0]",0.08,0.0,-30.0,null,gabors,-10.0,null,4.0,0.25019924,71,-0.4427778,4.8731199,7,0.1391241,True,12,train,0
2218,0.0,639.63965,639.88985,0.8,"[3644.93333333, 3644.93333333]","[20.0, 20.0]",0.08,0.0,10.0,null,gabors,-40.0,null,4.0,0.25019924,233,-0.35815255,4.9183084,7,0.13431719,True,6,train,0
2219,0.0,639.88985,640.14004,0.8,"[3644.93333333, 3644.93333333]","[20.0, 20.0]",0.08,90.0,-20.0,null,gabors,20.0,null,4.0,0.25019924,18,-0.36137847,4.740329,8,0.17638524,True,7,train,2
2220,0.0,640.14004,640.39024,0.8,"[3644.93333333, 3644.93333333]","[20.0, 20.0]",0.08,45.0,-30.0,null,gabors,-30.0,null,4.0,0.25019924,221,-0.2703174,4.5728912,8,0.17173126,True,7,train,1
2221,0.0,640.39024,640.64046,0.8,"[3644.93333333, 3644.93333333]","[20.0, 20.0]",0.08,0.0,40.0,null,gabors,-40.0,null,4.0,0.25021576,174,-0.2178586,4.3517938,7,0.17803262,True,7,train,0
2222,0.0,640.64046,640.89068,0.8,"[3644.93333333, 3644.93333333]","[20.0, 20.0]",0.08,90.0,-10.0,null,gabors,10.0,null,4.0,0.25021576,89,-0.38434669,4.5380739,5,0.14339291,True,8,test,2
2223,0.0,640.89068,641.14089,0.8,"[3644.93333333, 3644.93333333]","[20.0, 20.0]",0.08,45.0,30.0,null,gabors,30.0,null,4.0,0.25021576,59,-0.35190425,4.4058702,6,0.11155217,True,8,test,1
2224,0.0,641.14089,641.39111,0.8,"[3644.93333333, 3644.93333333]","[20.0, 20.0]",0.08,45.0,-10.0,null,gabors,-10.0,null,4.0,0.25021576,170,-0.31706232,4.2881022,8,0.22073586,True,8,test,1
2225,0.0,641.39111,641.64131,0.8,"[3644.93333333, 3644.93333333]","[20.0, 20.0]",0.08,0.0,10.0,null,gabors,0.0,null,4.0,0.25020174,206,-0.29723497,4.4820219,7,0.16100983,True,9,train,0
2226,0.0,641.64131,641.89151,0.8,"[3644.93333333, 3644.93333333]","[20.0, 20.0]",0.08,90.0,-30.0,null,gabors,10.0,null,4.0,0.25020174,111,-0.49616672,4.5903312,7,0.22986507,True,8,test,2
2227,0.0,641.89151,642.14171,0.8,"[3644.93333333, 3644.93333333]","[20.0, 20.0]",0.08,90.0,-10.0,null,gabors,10.0,null,4.0,0.25020174,89,-0.50580875,4.6295018,8,0.27421591,True,9,train,2
2228,0.0,642.14171,642.39191,0.8,"[3644.93333333, 3644.93333333]","[20.0, 20.0]",0.08,90.0,-40.0,null,gabors,30.0,null,4.0,0.25020174,120,-0.33404017,4.527391,8,0.15337893,True,9,train,2
2229,0.0,642.39191,642.64213,0.8,"[3644.93333333, 3644.93333333]","[20.0, 20.0]",0.08,90.0,40.0,null,gabors,-40.0,null,4.0,0.25021826,21,-0.23916728,4.7498615,7,0.080755694,True,9,train,2
2230,0.0,642.64213,642.89235,0.8,"[3644.93333333, 3644.93333333]","[20.0, 20.0]",0.08,45.0,30.0,null,gabors,40.0,null,4.0,0.25021826,126,-0.1779296,4.5594293,7,0.11680605,True,9,train,1
2231,0.0,642.89235,643.14257,0.8,"[3644.93333333, 3644.93333333]","[20.0, 20.0]",0.08,0.0,-10.0,null,gabors,-30.0,null,4.0,0.25021826,164,0.097397809,4.5272133,8,0.17547366,True,7,train,0
2232,0.0,643.14257,643.39279,0.8,"[3644.93333333, 3644.93333333]","[20.0, 20.0]",0.08,0.0,0.0,null,gabors,30.0,null,4.0,0.25021826,55,0.13048295,4.5843216,8,0.19021677,True,8,test,0
2233,0.0,643.39279,643.64299,0.8,"[3644.93333333, 3644.93333333]","[20.0, 20.0]",0.08,45.0,40.0,null,gabors,-10.0,null,4.0,0.25019924,171,0.086113704,4.2117137,7,0.19272361,True,9,train,1
2234,0.0,643.64299,643.89319,0.8,"[3644.93333333, 3644.93333333]","[20.0, 20.0]",0.08,45.0,10.0,null,gabors,0.0,null,4.0,0.25019924,204,0.04311324,4.4318523,7,0.11645391,True,13,train,1
2235,0.0,643.89319,644.14338,0.8,"[3644.93333333, 3644.93333333]","[20.0, 20.0]",0.08,0.0,0.0,null,gabors,-30.0,null,4.0,0.25019924,186,0.070654482,2.8373345,7,2.7836685,True,8,test,0
2236,0.0,644.14338,644.39358,0.8,"[3644.93333333, 3644.93333333]","[20.0, 20.0]",0.08,0.0,40.0,null,gabors,-40.0,null,4.0,0.25019924,174,-0.10444071,-1.9752596,8,0.25323638,True,8,test,0
2237,0.0,644.39358,644.64379,0.8,"[3644.93333333, 3644.93333333]","[20.0, 20.0]",0.08,90.0,-20.0,null,gabors,20.0,null,4.0,0.25021076,18,-0.32520157,-5.6220736,7,0.44731244,True,8,test,2
2238,0.0,644.64379,644.89401,0.8,"[3644.93333333, 3644.93333333]","[20.0, 20.0]",0.08,90.0,-10.0,null,gabors,-20.0,null,4.0,0.25021076,241,-0.10329365,-5.8171393,8,0.17864625,True,10,train,2
2239,0.0,644.89401,645.14422,0.8,"[3644.93333333, 3644.93333333]","[20.0, 20.0]",0.08,0.0,-20.0,null,gabors,30.0,null,4.0,0.25021076,11,0.10230014,-5.8500372,7,0.11925473,True,10,train,0
2240,0.0,645.14422,645.39443,0.8,"[3644.93333333, 3644.93333333]","[20.0, 20.0]",0.08,45.0,0.0,null,gabors,-20.0,null,4.0,0.25021076,177,-0.073164689,-5.7950364,8,0.15087183,True,8,test,1
2241,0.0,645.39443,645.64464,0.8,"[3644.93333333, 3644.93333333]","[20.0, 20.0]",0.08,45.0,40.0,null,gabors,-30.0,null,4.0,0.25020924,108,0.12693708,-6.0421804,7,0.18871436,True,8,test,1
2242,0.0,645.64464,645.89485,0.8,"[3644.93333333, 3644.93333333]","[20.0, 20.0]",0.08,90.0,-10.0,null,gabors,30.0,null,4.0,0.25020924,87,0.081225896,-5.9313033,8,0.14338181,True,7,train,2
2243,0.0,645.89485,646.14505,0.8,"[3644.93333333, 3644.93333333]","[20.0, 20.0]",0.08,90.0,30.0,null,gabors,30.0,null,4.0,0.25020924,115,-0.028125554,-6.0325287,7,0.10037744,True,12,train,2
2244,0.0,646.14505,646.39526,0.8,"[3644.93333333, 3644.93333333]","[20.0, 20.0]",0.08,0.0,30.0,null,gabors,30.0,null,4.0,0.25020924,6,-0.043128473,-6.1204961,6,0.095534341,True,10,train,0
2245,0.0,646.39526,646.64548,0.8,"[3644.93333333, 3644.93333333]","[20.0, 20.0]",0.08,90.0,-10.0,null,gabors,20.0,null,4.0,0.25021576,1,0.09433278,-6.0334028,7,0.18653997,True,9,train,2
2246,0.0,646.64548,646.8957,0.8,"[3644.93333333, 3644.93333333]","[20.0, 20.0]",0.08,0.0,0.0,null,gabors,-30.0,null,4.0,0.25021576,186,-0.20875581,-6.1517858,8,0.1895831,True,9,train,0
2247,0.0,646.8957,647.14591,0.8,"[3644.93333333, 3644.93333333]","[20.0, 20.0]",0.08,0.0,-40.0,null,gabors,-10.0,null,4.0,0.25021576,103,0.22727285,-6.0788128,7,0.14079818,True,6,train,0
2248,0.0,647.14591,647.39613,0.8,"[3644.93333333, 3644.93333333]","[20.0, 20.0]",0.08,45.0,20.0,null,gabors,40.0,null,4.0,0.25021576,93,0.010479297,-5.9259524,8,0.17952121,True,10,train,1
2249,0.0,647.39613,647.64633,0.8,"[3644.93333333, 3644.93333333]","[20.0, 20.0]",0.08,0.0,-40.0,null,gabors,-20.0,null,4.0,0.25020174,95,0.11866454,-6.0966011,6,0.090171758,True,9,train,0
2250,0.0,647.64633,647.89653,0.8,"[3644.93333333, 3644.93333333]","[20.0, 20.0]",0.08,90.0,-30.0,null,gabors,-10.0,null,4.0,0.25020174,26,0.041978922,-6.0466384,9,0.096987978,True,8,test,2
2251,0.0,647.89653,648.14673,0.8,"[3644.93333333, 3644.93333333]","[20.0, 20.0]",0.08,45.0,-10.0,null,gabors,-30.0,null,4.0,0.25020174,184,0.042614597,-5.9591888,7,0.13661068,True,10,train,1
2252,0.0,648.14673,648.39693,0.8,"[3644.93333333, 3644.93333333]","[20.0, 20.0]",0.08,0.0,20.0,null,gabors,-40.0,null,4.0,0.25020174,135,0.233931,-6.1359937,8,0.10492096,True,8,test,0
2253,0.0,648.39693,648.64715,0.8,"[3644.93333333, 3644.93333333]","[20.0, 20.0]",0.08,45.0,20.0,null,gabors,-40.0,null,4.0,0.25021326,109,0.17934191,-5.9051146,7,0.10134216,True,12,train,1
2254,0.0,648.64715,648.89736,0.8,"[3644.93333333, 3644.93333333]","[20.0, 20.0]",0.08,45.0,-10.0,null,gabors,30.0,null,4.0,0.25021326,175,0.1740943,-5.7611451,8,0.10998046,True,11,test,1
2255,0.0,648.89736,649.14757,0.8,"[3644.93333333, 3644.93333333]","[20.0, 20.0]",0.08,0.0,-30.0,null,gabors,40.0,null,4.0,0.25021326,130,0.19943063,-5.8090635,7,0.096321172,True,9,train,0
2256,0.0,649.14757,649.39779,0.8,"[3644.93333333, 3644.93333333]","[20.0, 20.0]",0.08,0.0,0.0,null,gabors,-30.0,null,4.0,0.25021326,186,0.12031703,-5.7782628,8,0.1157307,True,10,train,0
2257,0.0,649.39779,649.64799,0.8,"[3644.93333333, 3644.93333333]","[20.0, 20.0]",0.08,90.0,-10.0,null,gabors,30.0,null,4.0,0.25020674,87,0.12989612,-5.7675868,7,0.12827263,True,8,test,2
2258,0.0,649.64799,649.8982,0.8,"[3644.93333333, 3644.93333333]","[20.0, 20.0]",0.08,0.0,-40.0,null,gabors,-30.0,null,4.0,0.25020674,220,0.15251764,-5.8575026,8,0.10015388,True,8,test,0
2259,0.0,649.8982,650.14841,0.8,"[3644.93333333, 3644.93333333]","[20.0, 20.0]",0.08,90.0,-20.0,null,gabors,-10.0,null,4.0,0.25020674,153,0.22601329,-5.9466111,7,0.080724979,True,5,test,2
2260,0.0,650.14841,650.39861,0.8,"[3644.93333333, 3644.93333333]","[20.0, 20.0]",0.08,0.0,10.0,null,gabors,40.0,null,4.0,0.25020674,133,0.21649414,-5.9946954,8,0.102782,True,7,train,0
2261,0.0,650.39861,650.64883,0.8,"[3644.93333333, 3644.93333333]","[20.0, 20.0]",0.08,0.0,10.0,null,gabors,-30.0,null,4.0,0.25021826,116,0.21740937,-5.9922231,7,0.1213522,True,10,train,0
2262,0.0,650.64883,650.89905,0.8,"[3644.93333333, 3644.93333333]","[20.0, 20.0]",0.08,45.0,-20.0,null,gabors,20.0,null,4.0,0.25021826,113,0.15731148,-6.010597,8,0.11739147,True,7,train,1
2263,0.0,650.89905,651.14927,0.8,"[3644.93333333, 3644.93333333]","[20.0, 20.0]",0.08,45.0,0.0,null,gabors,30.0,null,4.0,0.25021826,64,0.1973848,-6.0076332,7,0.076214103,True,11,test,1
2264,0.0,651.14927,651.39949,0.8,"[3644.93333333, 3644.93333333]","[20.0, 20.0]",0.08,90.0,20.0,null,gabors,0.0,null,4.0,0.25021826,154,0.25979882,-6.1319282,8,0.076209445,True,11,test,2
2265,0.0,651.39949,651.64968,0.8,"[3644.93333333, 3644.93333333]","[20.0, 20.0]",0.08,0.0,20.0,null,gabors,-30.0,null,4.0,0.25019424,155,0.24004557,-5.9467969,7,0.12607416,True,6,train,0
2266,0.0,651.64968,651.89988,0.8,"[3644.93333333, 3644.93333333]","[20.0, 20.0]",0.08,90.0,0.0,null,gabors,0.0,null,4.0,0.25019424,66,0.37931887,-6.1352731,8,0.11340209,True,9,train,2
2267,0.0,651.89988,652.15007,0.8,"[3644.93333333, 3644.93333333]","[20.0, 20.0]",0.08,0.0,20.0,null,gabors,40.0,null,4.0,0.25019424,72,0.46814889,-5.9655412,7,0.13228047,True,9,train,0
2268,0.0,652.15007,652.40026,0.8,"[3644.93333333, 3644.93333333]","[20.0, 20.0]",0.08,45.0,10.0,null,gabors,-10.0,null,4.0,0.25019424,31,0.31723507,-5.9525059,8,0.11081637,True,12,train,1
2269,0.0,652.40026,652.65048,0.8,"[3644.93333333, 3644.93333333]","[20.0, 20.0]",0.08,45.0,30.0,null,gabors,-10.0,null,4.0,0.25021826,240,0.2151002,-6.1510854,7,0.12657572,True,9,train,1
2270,0.0,652.65048,652.9007,0.8,"[3644.93333333, 3644.93333333]","[20.0, 20.0]",0.08,0.0,0.0,null,gabors,-30.0,null,4.0,0.25021826,186,0.29936483,-5.9192912,8,0.15366562,True,11,test,0
2271,0.0,652.9007,653.15092,0.8,"[3644.93333333, 3644.93333333]","[20.0, 20.0]",0.08,0.0,10.0,null,gabors,10.0,null,4.0,0.25021826,119,0.043084355,-5.8468034,5,0.12732011,True,11,test,0
2272,0.0,653.15092,653.40114,0.8,"[3644.93333333, 3644.93333333]","[20.0, 20.0]",0.08,0.0,-20.0,null,gabors,40.0,null,4.0,0.25021826,33,0.20289546,-5.8341774,8,0.09806476,True,12,train,0
2273,0.0,653.40114,653.65134,0.8,"[3644.93333333, 3644.93333333]","[20.0, 20.0]",0.08,90.0,10.0,null,gabors,10.0,null,4.0,0.25020174,20,0.2374075,-5.808367,7,0.22882992,True,8,test,2
2274,0.0,653.65134,653.90154,0.8,"[3644.93333333, 3644.93333333]","[20.0, 20.0]",0.08,45.0,-20.0,null,gabors,-20.0,null,4.0,0.25020174,83,-0.10300871,-5.8720643,8,0.23168767,True,7,train,1
2275,0.0,653.90154,654.15174,0.8,"[3644.93333333, 3644.93333333]","[20.0, 20.0]",0.08,90.0,10.0,null,gabors,0.0,null,4.0,0.25020174,17,0.69531178,3.2264843,7,2.2657926,True,7,train,2
2276,0.0,654.15174,654.40194,0.8,"[3644.93333333, 3644.93333333]","[20.0, 20.0]",0.08,90.0,-10.0,null,gabors,-20.0,null,4.0,0.25020174,241,0.85119356,3.1496858,8,0.62370151,True,11,test,2
2277,0.0,654.40194,654.65217,0.8,"[3644.93333333, 3644.93333333]","[20.0, 20.0]",0.08,90.0,10.0,null,gabors,20.0,null,4.0,0.25022326,68,0.92711754,4.4204264,7,0.2274882,True,10,train,2
2278,0.0,654.65217,654.90239,0.8,"[3644.93333333, 3644.93333333]","[20.0, 20.0]",0.08,0.0,-40.0,null,gabors,-10.0,null,4.0,0.25022326,103,0.8396513,4.193133,8,0.16754296,True,7,train,0
2279,0.0,654.90239,655.15261,0.8,"[3644.93333333, 3644.93333333]","[20.0, 20.0]",0.08,90.0,20.0,null,gabors,10.0,null,4.0,0.25022326,129,0.69221449,3.9197749,7,0.12996694,True,8,test,2
2280,0.0,655.15261,655.40284,0.8,"[3644.93333333, 3644.93333333]","[20.0, 20.0]",0.08,0.0,-40.0,null,gabors,20.0,null,4.0,0.25022326,151,0.84315985,4.0546793,8,0.22712052,True,9,train,0
2281,0.0,655.40284,655.65303,0.8,"[3644.93333333, 3644.93333333]","[20.0, 20.0]",0.08,90.0,-40.0,null,gabors,-30.0,null,4.0,0.25019674,127,0.74155721,3.7214137,7,0.20328911,True,7,train,2
2282,0.0,655.65303,655.90323,0.8,"[3644.93333333, 3644.93333333]","[20.0, 20.0]",0.08,0.0,30.0,null,gabors,40.0,null,4.0,0.25019674,54,0.87629381,3.660627,8,0.20511454,True,9,train,0
2283,0.0,655.90323,656.15343,0.8,"[3644.93333333, 3644.93333333]","[20.0, 20.0]",0.08,90.0,30.0,null,gabors,0.0,null,4.0,0.25019674,37,0.78286598,3.7833822,7,0.20037928,True,8,test,2
2284,0.0,656.15343,656.40362,0.8,"[3644.93333333, 3644.93333333]","[20.0, 20.0]",0.08,0.0,-10.0,null,gabors,10.0,null,4.0,0.25019674,114,0.72276581,3.6526509,8,0.15600246,True,10,train,0
2285,0.0,656.40362,656.65384,0.8,"[3644.93333333, 3644.93333333]","[20.0, 20.0]",0.08,45.0,40.0,null,gabors,40.0,null,4.0,0.25021576,178,0.71068889,3.6914092,7,0.17259029,True,11,test,1
2286,0.0,656.65384,656.90406,0.8,"[3644.93333333, 3644.93333333]","[20.0, 20.0]",0.08,90.0,30.0,null,gabors,20.0,null,4.0,0.25021576,163,0.73747485,3.6739675,8,0.10065375,True,9,train,2
2287,0.0,656.90406,657.15427,0.8,"[3644.93333333, 3644.93333333]","[20.0, 20.0]",0.08,0.0,-30.0,null,gabors,-10.0,null,4.0,0.25021576,71,0.51783104,3.7374424,7,0.22894813,True,13,train,0
2288,0.0,657.15427,657.40449,0.8,"[3644.93333333, 3644.93333333]","[20.0, 20.0]",0.08,90.0,-40.0,null,gabors,20.0,null,4.0,0.25021576,61,0.6591117,3.4982839,7,0.18579078,True,8,test,2
2289,0.0,657.40449,657.65469,0.8,"[3644.93333333, 3644.93333333]","[20.0, 20.0]",0.08,45.0,-10.0,null,gabors,40.0,null,4.0,0.25020174,39,0.44176227,3.5184087,7,0.16768351,True,10,train,1
2290,0.0,657.65469,657.90489,0.8,"[3644.93333333, 3644.93333333]","[20.0, 20.0]",0.08,45.0,40.0,null,gabors,0.0,null,4.0,0.25020174,99,0.58263173,3.5582256,8,0.097894987,True,7,train,1
2291,0.0,657.90489,658.15509,0.8,"[3644.93333333, 3644.93333333]","[20.0, 20.0]",0.08,0.0,30.0,null,gabors,20.0,null,4.0,0.25020174,217,0.56237612,3.3384654,7,0.15043168,True,9,train,0
2292,0.0,658.15509,658.40529,0.8,"[3644.93333333, 3644.93333333]","[20.0, 20.0]",0.08,90.0,-40.0,null,gabors,10.0,null,4.0,0.25020174,57,0.48827952,3.3407041,8,0.13581722,True,7,train,2
2293,0.0,658.40529,658.6555,0.8,"[3644.93333333, 3644.93333333]","[20.0, 20.0]",0.08,45.0,0.0,null,gabors,0.0,null,4.0,0.25021076,191,0.62345145,3.4026876,7,0.11499758,True,9,train,1
2294,0.0,658.6555,658.90572,0.8,"[3644.93333333, 3644.93333333]","[20.0, 20.0]",0.08,90.0,-40.0,null,gabors,-30.0,null,4.0,0.25021076,127,0.50108821,3.3687864,8,0.078120841,True,8,test,2
2295,0.0,658.90572,659.15593,0.8,"[3644.93333333, 3644.93333333]","[20.0, 20.0]",0.08,90.0,-40.0,null,gabors,10.0,null,4.0,0.25021076,57,0.4205704,3.343477,7,0.13185137,True,8,test,2
2296,0.0,659.15593,659.40614,0.8,"[3644.93333333, 3644.93333333]","[20.0, 20.0]",0.08,0.0,-30.0,null,gabors,30.0,null,4.0,0.25021076,146,0.58379638,3.0563096,7,0.18532911,True,9,train,0
2297,0.0,659.40614,659.65635,0.8,"[3644.93333333, 3644.93333333]","[20.0, 20.0]",0.08,90.0,-20.0,null,gabors,30.0,null,4.0,0.25020924,80,0.62721385,3.2649242,7,0.093206348,True,8,test,2
2298,0.0,659.65635,659.90656,0.8,"[3644.93333333, 3644.93333333]","[20.0, 20.0]",0.08,90.0,0.0,null,gabors,-10.0,null,4.0,0.25020924,7,0.60253979,3.3470593,8,0.16713059,True,7,train,2
2299,0.0,659.90656,660.15676,0.8,"[3644.93333333, 3644.93333333]","[20.0, 20.0]",0.08,0.0,20.0,null,gabors,40.0,null,4.0,0.25020924,72,0.74227691,3.235952,8,0.1631355,True,10,train,0
2300,0.0,660.15676,660.40697,0.8,"[3644.93333333, 3644.93333333]","[20.0, 20.0]",0.08,0.0,30.0,null,gabors,-40.0,null,4.0,0.25020924,200,0.67002655,3.4666662,7,1.0053245,True,12,train,0
2301,0.0,660.40697,660.65719,0.8,"[3644.93333333, 3644.93333333]","[20.0, 20.0]",0.08,90.0,-10.0,null,gabors,-40.0,null,4.0,0.25022076,198,0.094829684,0.59936318,7,0.11662382,True,9,train,2
2302,0.0,660.65719,660.90742,0.8,"[3644.93333333, 3644.93333333]","[20.0, 20.0]",0.08,90.0,-20.0,null,gabors,30.0,null,4.0,0.25022076,80,0.035249162,0.62134118,8,0.18097882,True,9,train,2
2303,0.0,660.90742,661.15764,0.8,"[3644.93333333, 3644.93333333]","[20.0, 20.0]",0.08,45.0,-20.0,null,gabors,30.0,null,4.0,0.25022076,232,0.19270439,-1.4229218,8,1.5570574,True,7,train,1
2304,0.0,661.15764,661.40786,0.8,"[3644.93333333, 3644.93333333]","[20.0, 20.0]",0.08,90.0,-20.0,null,gabors,-40.0,null,4.0,0.25022076,34,-0.10131789,-2.4981913,7,0.20626877,True,9,train,2
2305,0.0,661.40786,661.65805,0.8,"[3644.93333333, 3644.93333333]","[20.0, 20.0]",0.08,0.0,40.0,null,gabors,0.0,null,4.0,0.25019674,242,-0.38582948,-2.5545944,5,0.10948428,True,9,train,0
2306,0.0,661.65805,661.90825,0.8,"[3644.93333333, 3644.93333333]","[20.0, 20.0]",0.08,45.0,-10.0,null,gabors,-30.0,null,4.0,0.25019674,184,-0.29039313,-2.8757888,7,0.28588841,True,11,test,1
2307,0.0,661.90825,662.15845,0.8,"[3644.93333333, 3644.93333333]","[20.0, 20.0]",0.08,45.0,0.0,null,gabors,40.0,null,4.0,0.25019674,159,-0.3280202,-2.9322832,8,0.21939513,True,11,test,1
2308,0.0,662.15845,662.40864,0.8,"[3644.93333333, 3644.93333333]","[20.0, 20.0]",0.08,45.0,30.0,null,gabors,-10.0,null,4.0,0.25019674,240,0.026140929,-2.8831391,7,0.11958677,True,10,train,1
2309,0.0,662.40864,662.65886,0.8,"[3644.93333333, 3644.93333333]","[20.0, 20.0]",0.08,45.0,0.0,null,gabors,-30.0,null,4.0,0.25021326,46,-0.082096946,-2.9367131,7,0.11690301,True,11,test,1
2310,0.0,662.65886,662.90907,0.8,"[3644.93333333, 3644.93333333]","[20.0, 20.0]",0.08,45.0,-10.0,null,gabors,-30.0,null,4.0,0.25021326,184,0.099907204,-2.819281,8,0.13929957,True,12,train,1
2311,0.0,662.90907,663.15928,0.8,"[3644.93333333, 3644.93333333]","[20.0, 20.0]",0.08,45.0,10.0,null,gabors,40.0,null,4.0,0.25021326,235,0.10903692,-2.7252671,8,0.11591517,True,3,train,1
2312,0.0,663.15928,663.4095,0.8,"[3644.93333333, 3644.93333333]","[20.0, 20.0]",0.08,0.0,0.0,null,gabors,30.0,null,4.0,0.25021326,55,0.099562214,-2.7646098,7,0.084853702,True,9,train,0
2313,0.0,663.4095,663.6597,0.8,"[3644.93333333, 3644.93333333]","[20.0, 20.0]",0.08,0.0,-40.0,null,gabors,40.0,null,4.0,0.25020424,141,-0.028970524,-2.5431498,7,0.097078431,True,10,train,0
2314,0.0,663.6597,663.90991,0.8,"[3644.93333333, 3644.93333333]","[20.0, 20.0]",0.08,0.0,-20.0,null,gabors,0.0,null,4.0,0.25020424,226,-0.025983091,-2.6930902,7,0.085101998,True,9,train,0
2315,0.0,663.90991,664.16011,0.8,"[3644.93333333, 3644.93333333]","[20.0, 20.0]",0.08,90.0,-30.0,null,gabors,30.0,null,4.0,0.25020424,194,0.085890077,-2.5389521,8,0.11670114,True,9,train,2
2316,0.0,664.16011,664.41031,0.8,"[3644.93333333, 3644.93333333]","[20.0, 20.0]",0.08,0.0,-40.0,null,gabors,-10.0,null,4.0,0.25020424,103,-0.088262138,-2.4666959,7,0.094603862,True,8,test,0
2317,0.0,664.41031,664.66053,0.8,"[3644.93333333, 3644.93333333]","[20.0, 20.0]",0.08,45.0,0.0,null,gabors,10.0,null,4.0,0.25021826,38,-0.025597896,-2.4974268,7,0.055857462,True,6,train,1
2318,0.0,664.66053,664.91075,0.8,"[3644.93333333, 3644.93333333]","[20.0, 20.0]",0.08,0.0,-20.0,null,gabors,10.0,null,4.0,0.25021826,94,-0.12671218,-2.4922764,7,0.11433779,True,6,train,0
2319,0.0,664.91075,665.16097,0.8,"[3644.93333333, 3644.93333333]","[20.0, 20.0]",0.08,45.0,30.0,null,gabors,0.0,null,4.0,0.25021826,143,0.060589996,-2.4441682,8,0.12537781,True,12,train,1
2320,0.0,665.16097,665.41119,0.8,"[3644.93333333, 3644.93333333]","[20.0, 20.0]",0.08,45.0,10.0,null,gabors,-30.0,null,4.0,0.25021826,9,-0.066206465,-2.3913302,7,0.067992831,True,10,train,1
2321,0.0,665.41119,665.66139,0.8,"[3644.93333333, 3644.93333333]","[20.0, 20.0]",0.08,45.0,0.0,null,gabors,0.0,null,4.0,0.25020174,191,0.042969603,-2.4808111,8,0.083058329,True,10,train,1
2322,0.0,665.66139,665.91159,0.8,"[3644.93333333, 3644.93333333]","[20.0, 20.0]",0.08,90.0,-20.0,null,gabors,30.0,null,4.0,0.25020174,80,0.021965663,-2.539534,7,0.083705248,True,10,train,2
2323,0.0,665.91159,666.16179,0.8,"[3644.93333333, 3644.93333333]","[20.0, 20.0]",0.08,0.0,30.0,null,gabors,40.0,null,4.0,0.25020174,54,-0.022217721,-2.4009486,8,0.096322643,True,10,train,0
2324,0.0,666.16179,666.41199,0.8,"[3644.93333333, 3644.93333333]","[20.0, 20.0]",0.08,0.0,40.0,null,gabors,0.0,null,4.0,0.25020174,242,0.007112389,-2.4019073,7,0.12502893,True,10,train,0
2325,0.0,666.41199,666.6622,0.8,"[3644.93333333, 3644.93333333]","[20.0, 20.0]",0.08,90.0,-10.0,null,gabors,-30.0,null,4.0,0.25020576,101,0.063914557,-2.5174795,7,0.077275724,True,9,train,2
2326,0.0,666.6622,666.91241,0.8,"[3644.93333333, 3644.93333333]","[20.0, 20.0]",0.08,0.0,20.0,null,gabors,-30.0,null,4.0,0.25020576,155,-0.025161167,-2.5035081,6,0.13652731,True,7,train,0
2327,0.0,666.91241,667.16261,0.8,"[3644.93333333, 3644.93333333]","[20.0, 20.0]",0.08,0.0,-20.0,null,gabors,-30.0,null,4.0,0.25020576,236,-0.34966038,-2.471495,8,0.27867328,True,8,test,0
2328,0.0,667.16261,667.41282,0.8,"[3644.93333333, 3644.93333333]","[20.0, 20.0]",0.08,45.0,-30.0,null,gabors,30.0,null,4.0,0.25020576,131,-0.0074658909,0.087048227,4,2.3767479,True,11,test,1
2329,0.0,667.41282,667.66303,0.8,"[3644.93333333, 3644.93333333]","[20.0, 20.0]",0.08,45.0,20.0,null,gabors,10.0,null,4.0,0.25020924,187,0.54068076,2.1314608,8,0.12223367,True,6,train,1
2330,0.0,667.66303,667.91324,0.8,"[3644.93333333, 3644.93333333]","[20.0, 20.0]",0.08,0.0,30.0,null,gabors,-20.0,null,4.0,0.25020924,176,0.49428462,1.7799511,7,0.16311696,True,9,train,0
2331,0.0,667.91324,668.16344,0.8,"[3644.93333333, 3644.93333333]","[20.0, 20.0]",0.08,45.0,0.0,null,gabors,0.0,null,4.0,0.25020924,191,1.1571173,4.3131638,8,0.22969801,True,11,test,1
2332,0.0,668.16344,668.41365,0.8,"[3644.93333333, 3644.93333333]","[20.0, 20.0]",0.08,0.0,-20.0,null,gabors,10.0,null,4.0,0.25020924,94,0.98910255,3.8522771,7,0.12224614,True,7,train,0
2333,0.0,668.41365,668.66387,0.8,"[3644.93333333, 3644.93333333]","[20.0, 20.0]",0.08,90.0,-30.0,null,gabors,0.0,null,4.0,0.25021576,188,0.81392892,3.2473971,8,0.13965289,True,8,test,2
2334,0.0,668.66387,668.91409,0.8,"[3644.93333333, 3644.93333333]","[20.0, 20.0]",0.08,90.0,-10.0,null,gabors,10.0,null,4.0,0.25021576,89,0.79021189,2.9614169,7,0.30420417,True,10,train,2
2335,0.0,668.91409,669.1643,0.8,"[3644.93333333, 3644.93333333]","[20.0, 20.0]",0.08,45.0,-30.0,null,gabors,30.0,null,4.0,0.25021576,131,0.67441484,2.9101934,8,0.2258498,True,12,train,1
2336,0.0,669.1643,669.41452,0.8,"[3644.93333333, 3644.93333333]","[20.0, 20.0]",0.08,45.0,0.0,null,gabors,10.0,null,4.0,0.25021576,38,0.38406983,2.9005187,7,0.20063457,True,7,train,1
2337,0.0,669.41452,669.66472,0.8,"[3644.93333333, 3644.93333333]","[20.0, 20.0]",0.08,90.0,-40.0,null,gabors,-30.0,null,4.0,0.25020674,127,0.51273857,2.6855464,8,0.30383735,True,9,train,2
2338,0.0,669.66472,669.91493,0.8,"[3644.93333333, 3644.93333333]","[20.0, 20.0]",0.08,45.0,20.0,null,gabors,10.0,null,4.0,0.25020674,187,0.54920312,2.5681531,7,0.2200732,True,7,train,1
2339,0.0,669.91493,670.16514,0.8,"[3644.93333333, 3644.93333333]","[20.0, 20.0]",0.08,0.0,10.0,null,gabors,10.0,null,4.0,0.25020674,119,0.75177198,2.533794,8,0.1161525,True,12,train,0
2340,0.0,670.16514,670.41534,0.8,"[3644.93333333, 3644.93333333]","[20.0, 20.0]",0.08,45.0,0.0,null,gabors,10.0,null,4.0,0.25020674,38,0.69641489,2.5194466,7,0.06709079,True,8,test,1
2341,0.0,670.41534,670.66555,0.8,"[3644.93333333, 3644.93333333]","[20.0, 20.0]",0.08,0.0,-10.0,null,gabors,0.0,null,4.0,0.25020826,201,0.56470382,2.4019894,8,0.19496814,True,7,train,0
2342,0.0,670.66555,670.91576,0.8,"[3644.93333333, 3644.93333333]","[20.0, 20.0]",0.08,45.0,30.0,null,gabors,20.0,null,4.0,0.25020826,49,0.78809754,2.4640026,7,0.19002004,True,9,train,1
2343,0.0,670.91576,671.16597,0.8,"[3644.93333333, 3644.93333333]","[20.0, 20.0]",0.08,45.0,10.0,null,gabors,10.0,null,4.0,0.25020826,144,0.52035049,2.7085215,8,0.22399301,True,10,train,1
2344,0.0,671.16597,671.41618,0.8,"[3644.93333333, 3644.93333333]","[20.0, 20.0]",0.08,45.0,40.0,null,gabors,-40.0,null,4.0,0.25020826,195,0.5012164,2.4063012,7,0.22085471,True,10,train,1
2345,0.0,671.41618,671.66638,0.8,"[3644.93333333, 3644.93333333]","[20.0, 20.0]",0.08,90.0,-40.0,null,gabors,10.0,null,4.0,0.25020674,57,0.10516273,1.4657792,8,0.70119396,True,9,train,2
2346,0.0,671.66638,671.91659,0.8,"[3644.93333333, 3644.93333333]","[20.0, 20.0]",0.08,45.0,-40.0,null,gabors,10.0,null,4.0,0.25020674,50,-0.16798408,1.0695755,7,0.22823387,True,9,train,1
2347,0.0,671.91659,672.1668,0.8,"[3644.93333333, 3644.93333333]","[20.0, 20.0]",0.08,45.0,-10.0,null,gabors,10.0,null,4.0,0.25020674,199,-0.031128773,-0.77101933,8,1.6973717,True,10,train,1
2348,0.0,672.1668,672.417,0.8,"[3644.93333333, 3644.93333333]","[20.0, 20.0]",0.08,90.0,-20.0,null,gabors,-40.0,null,4.0,0.25020674,34,0.069842373,-2.4796104,7,0.15620938,True,10,train,2
2349,0.0,672.417,672.66722,0.8,"[3644.93333333, 3644.93333333]","[20.0, 20.0]",0.08,45.0,-40.0,null,gabors,0.0,null,4.0,0.25021326,168,0.3205989,-2.4452222,8,0.21551111,True,8,test,1
2350,0.0,672.66722,672.91743,0.8,"[3644.93333333, 3644.93333333]","[20.0, 20.0]",0.08,90.0,0.0,null,gabors,-20.0,null,4.0,0.25021326,197,0.40349153,-5.1725181,7,1.0735647,True,8,test,2
2351,0.0,672.91743,673.16764,0.8,"[3644.93333333, 3644.93333333]","[20.0, 20.0]",0.08,0.0,20.0,null,gabors,-20.0,null,4.0,0.25021326,132,0.34582317,-5.1310259,8,0.23500822,True,10,train,0
2352,0.0,673.16764,673.41786,0.8,"[3644.93333333, 3644.93333333]","[20.0, 20.0]",0.08,0.0,-30.0,null,gabors,40.0,null,4.0,0.25021326,130,0.53037569,-4.9075211,7,0.22218572,True,10,train,0
2353,0.0,673.41786,673.66807,0.8,"[3644.93333333, 3644.93333333]","[20.0, 20.0]",0.08,90.0,-10.0,null,gabors,-20.0,null,4.0,0.25020924,241,0.5834724,-5.0181016,8,0.26087157,True,12,train,2
2354,0.0,673.66807,673.91828,0.8,"[3644.93333333, 3644.93333333]","[20.0, 20.0]",0.08,90.0,0.0,null,gabors,30.0,null,4.0,0.25020924,215,0.71959802,-5.1445536,7,0.17501432,True,8,test,2
2355,0.0,673.91828,674.16848,0.8,"[3644.93333333, 3644.93333333]","[20.0, 20.0]",0.08,45.0,30.0,null,gabors,-40.0,null,4.0,0.25020924,36,0.26778477,-5.1688079,8,0.20406431,True,7,train,1
2356,0.0,674.16848,674.41869,0.8,"[3644.93333333, 3644.93333333]","[20.0, 20.0]",0.08,45.0,-40.0,null,gabors,-30.0,null,4.0,0.25020924,62,0.39808862,-5.1104527,7,0.12509528,True,8,test,1
2357,0.0,674.41869,674.66889,0.8,"[3644.93333333, 3644.93333333]","[20.0, 20.0]",0.08,0.0,-10.0,null,gabors,40.0,null,4.0,0.25020076,60,0.57872812,-4.9142783,8,0.19771611,True,7,train,0
2358,0.0,674.66889,674.9191,0.8,"[3644.93333333, 3644.93333333]","[20.0, 20.0]",0.08,45.0,-20.0,null,gabors,-30.0,null,4.0,0.25020076,85,0.7688463,-5.0110043,7,0.16600874,True,9,train,1
2359,0.0,674.9191,675.1693,0.8,"[3644.93333333, 3644.93333333]","[20.0, 20.0]",0.08,0.0,-30.0,null,gabors,10.0,null,4.0,0.25020076,43,0.63140662,-5.2033161,8,0.13899726,True,6,train,0
2360,0.0,675.1693,675.4195,0.8,"[3644.93333333, 3644.93333333]","[20.0, 20.0]",0.08,45.0,0.0,null,gabors,-10.0,null,4.0,0.25020076,8,0.52729335,-4.9707434,7,0.15565818,True,8,test,1
2361,0.0,675.4195,675.66971,0.8,"[3644.93333333, 3644.93333333]","[20.0, 20.0]",0.08,90.0,10.0,null,gabors,10.0,null,4.0,0.25021674,20,0.26055095,-5.0713398,8,0.087349609,True,9,train,2
2362,0.0,675.66971,675.91993,0.8,"[3644.93333333, 3644.93333333]","[20.0, 20.0]",0.08,45.0,-10.0,null,gabors,-10.0,null,4.0,0.25021674,170,0.26023224,-4.9792491,7,0.096875785,True,9,train,1
2363,0.0,675.91993,676.17015,0.8,"[3644.93333333, 3644.93333333]","[20.0, 20.0]",0.08,0.0,0.0,null,gabors,20.0,null,4.0,0.25021674,192,0.1449437,-5.1550748,8,0.10625469,True,12,train,0
2364,0.0,676.17015,676.42036,0.8,"[3644.93333333, 3644.93333333]","[20.0, 20.0]",0.08,45.0,-10.0,null,gabors,10.0,null,4.0,0.25021674,199,0.3166993,-5.2466583,7,0.15579393,True,11,test,1
2365,0.0,676.42036,676.67057,0.8,"[3644.93333333, 3644.93333333]","[20.0, 20.0]",0.08,0.0,-20.0,null,gabors,0.0,null,4.0,0.25020576,226,0.33675377,-5.4298458,8,0.094603715,True,10,train,0
2366,0.0,676.67057,676.92078,0.8,"[3644.93333333, 3644.93333333]","[20.0, 20.0]",0.08,45.0,10.0,null,gabors,-40.0,null,4.0,0.25020576,5,0.57251809,-5.3758239,7,0.10714336,True,9,train,1
2367,0.0,676.92078,677.17098,0.8,"[3644.93333333, 3644.93333333]","[20.0, 20.0]",0.08,45.0,20.0,null,gabors,0.0,null,4.0,0.25020576,228,0.59160255,-5.3393753,8,0.1156408,True,9,train,1
2368,0.0,677.17098,677.42119,0.8,"[3644.93333333, 3644.93333333]","[20.0, 20.0]",0.08,90.0,0.0,null,gabors,-20.0,null,4.0,0.25020576,197,0.68129767,-5.2505931,7,0.10847232,True,9,train,2
2369,0.0,677.42119,677.6714,0.8,"[3644.93333333, 3644.93333333]","[20.0, 20.0]",0.08,45.0,0.0,null,gabors,-10.0,null,4.0,0.25020924,8,0.7648467,-5.2775028,8,0.13124343,True,9,train,1
2370,0.0,677.6714,677.92161,0.8,"[3644.93333333, 3644.93333333]","[20.0, 20.0]",0.08,0.0,-10.0,null,gabors,-40.0,null,4.0,0.25020924,112,0.64922061,-5.1385474,7,0.10108183,True,8,test,0
2371,0.0,677.92161,678.17181,0.8,"[3644.93333333, 3644.93333333]","[20.0, 20.0]",0.08,90.0,10.0,null,gabors,30.0,null,4.0,0.25020924,229,0.53031657,-5.1532504,8,0.19824269,True,12,train,2
2372,0.0,678.17181,678.42202,0.8,"[3644.93333333, 3644.93333333]","[20.0, 20.0]",0.08,90.0,20.0,null,gabors,20.0,null,4.0,0.25020924,210,0.69970803,-4.8137835,7,0.11203765,True,10,train,2
2373,0.0,678.42202,678.67224,0.8,"[3644.93333333, 3644.93333333]","[20.0, 20.0]",0.08,0.0,30.0,null,gabors,0.0,null,4.0,0.25021576,97,0.5747848,-4.9180645,7,0.13359612,True,10,train,0
2374,0.0,678.67224,678.92246,0.8,"[3644.93333333, 3644.93333333]","[20.0, 20.0]",0.08,0.0,-10.0,null,gabors,-30.0,null,4.0,0.25021576,164,0.68950068,-4.8316168,7,0.093471166,True,8,test,0
2375,0.0,678.92246,679.17267,0.8,"[3644.93333333, 3644.93333333]","[20.0, 20.0]",0.08,90.0,0.0,null,gabors,-30.0,null,4.0,0.25021576,74,0.72362288,-4.8628204,7,0.083562127,True,10,train,2
2376,0.0,679.17267,679.42289,0.8,"[3644.93333333, 3644.93333333]","[20.0, 20.0]",0.08,45.0,20.0,null,gabors,30.0,null,4.0,0.25021576,181,0.64447054,-4.6211281,7,0.10946008,True,9,train,1
2377,0.0,679.42289,679.67309,0.8,"[3644.93333333, 3644.93333333]","[20.0, 20.0]",0.08,90.0,40.0,null,gabors,-10.0,null,4.0,0.25020424,51,0.55761457,-4.7858497,7,0.094035851,True,7,train,2
2378,0.0,679.67309,679.9233,0.8,"[3644.93333333, 3644.93333333]","[20.0, 20.0]",0.08,0.0,0.0,null,gabors,0.0,null,4.0,0.25020424,139,0.72476346,-4.7050429,8,0.10785678,True,9,train,0
2379,0.0,679.9233,680.1735,0.8,"[3644.93333333, 3644.93333333]","[20.0, 20.0]",0.08,45.0,-20.0,null,gabors,-20.0,null,4.0,0.25020424,83,0.5504175,-4.6088549,7,0.097973827,True,8,test,1
2380,0.0,680.1735,680.4237,0.8,"[3644.93333333, 3644.93333333]","[20.0, 20.0]",0.08,90.0,-30.0,null,gabors,0.0,null,4.0,0.25020424,188,0.54590008,-4.590726,8,0.085702406,True,9,train,2
2381,0.0,680.4237,680.67392,0.8,"[3644.93333333, 3644.93333333]","[20.0, 20.0]",0.08,0.0,-40.0,null,gabors,-30.0,null,4.0,0.25022076,220,0.63539754,-4.6291107,7,0.11641427,True,9,train,0
2382,0.0,680.67392,680.92415,0.8,"[3644.93333333, 3644.93333333]","[20.0, 20.0]",0.08,0.0,0.0,null,gabors,-20.0,null,4.0,0.25022076,140,0.65522993,-4.7148911,8,0.10041639,True,10,train,0
2383,0.0,680.92415,681.17437,0.8,"[3644.93333333, 3644.93333333]","[20.0, 20.0]",0.08,90.0,30.0,null,gabors,10.0,null,4.0,0.25022076,40,0.65020889,-4.6422412,7,0.10873313,True,7,train,2
2384,0.0,681.17437,681.42459,0.8,"[3644.93333333, 3644.93333333]","[20.0, 20.0]",0.08,45.0,-20.0,null,gabors,30.0,null,4.0,0.25022076,232,0.62214712,-4.4898162,8,0.15796107,True,8,test,1
2385,0.0,681.42459,681.67478,0.8,"[3644.93333333, 3644.93333333]","[20.0, 20.0]",0.08,0.0,-10.0,null,gabors,-30.0,null,4.0,0.25019674,164,0.57729134,-4.258972,7,0.10546233,True,9,train,0
2386,0.0,681.67478,681.92498,0.8,"[3644.93333333, 3644.93333333]","[20.0, 20.0]",0.08,90.0,-10.0,null,gabors,-40.0,null,4.0,0.25019674,198,0.49623237,-4.2618638,8,0.076754998,True,10,train,2
2387,0.0,681.92498,682.17518,0.8,"[3644.93333333, 3644.93333333]","[20.0, 20.0]",0.08,45.0,-10.0,null,gabors,-10.0,null,4.0,0.25019674,170,0.55506103,-4.1895583,7,0.065965708,True,10,train,1
2388,0.0,682.17518,682.42537,0.8,"[3644.93333333, 3644.93333333]","[20.0, 20.0]",0.08,90.0,40.0,null,gabors,30.0,null,4.0,0.25019674,122,0.72886146,-4.1296324,8,0.12479832,True,8,test,2
2389,0.0,682.42537,682.67559,0.8,"[3644.93333333, 3644.93333333]","[20.0, 20.0]",0.08,0.0,30.0,null,gabors,20.0,null,4.0,0.25021576,217,0.7505643,-4.0610623,7,0.070484015,True,10,train,0
2390,0.0,682.67559,682.92581,0.8,"[3644.93333333, 3644.93333333]","[20.0, 20.0]",0.08,90.0,40.0,null,gabors,-10.0,null,4.0,0.25021576,51,0.76450455,-3.94374,8,0.085150894,True,8,test,2
2391,0.0,682.92581,683.17602,0.8,"[3644.93333333, 3644.93333333]","[20.0, 20.0]",0.08,0.0,0.0,null,gabors,-10.0,null,4.0,0.25021576,160,0.71120711,-3.9095068,7,0.098454927,True,8,test,0
2392,0.0,683.17602,683.42624,0.8,"[3644.93333333, 3644.93333333]","[20.0, 20.0]",0.08,90.0,-30.0,null,gabors,10.0,null,4.0,0.25021576,111,0.64393792,-3.949208,8,0.10158488,True,9,train,2
2393,0.0,683.42624,683.67644,0.8,"[3644.93333333, 3644.93333333]","[20.0, 20.0]",0.08,0.0,10.0,null,gabors,20.0,null,4.0,0.25020174,145,0.69141302,-3.8736544,7,0.077242894,True,10,train,0
2394,0.0,683.67644,683.92664,0.8,"[3644.93333333, 3644.93333333]","[20.0, 20.0]",0.08,45.0,-20.0,null,gabors,10.0,null,4.0,0.25020174,218,0.72379707,-3.8832576,8,0.063507387,True,10,train,1
2395,0.0,683.92664,684.17684,0.8,"[3644.93333333, 3644.93333333]","[20.0, 20.0]",0.08,0.0,-10.0,null,gabors,-10.0,null,4.0,0.25020174,136,0.8339153,-3.7834756,7,0.14369251,True,11,test,0
2396,0.0,684.17684,684.42704,0.8,"[3644.93333333, 3644.93333333]","[20.0, 20.0]",0.08,90.0,-40.0,null,gabors,10.0,null,4.0,0.25020174,57,0.73404542,-3.9316917,8,0.11502678,True,10,train,2
2397,0.0,684.42704,684.67725,0.8,"[3644.93333333, 3644.93333333]","[20.0, 20.0]",0.08,45.0,40.0,null,gabors,40.0,null,4.0,0.25020326,178,0.70901054,-3.9116537,7,0.093724153,True,12,train,1
2398,0.0,684.67725,684.92745,0.8,"[3644.93333333, 3644.93333333]","[20.0, 20.0]",0.08,0.0,-30.0,null,gabors,30.0,null,4.0,0.25020326,146,0.77770341,-4.0432448,8,0.12002932,True,10,train,0
2399,0.0,684.92745,685.17765,0.8,"[3644.93333333, 3644.93333333]","[20.0, 20.0]",0.08,90.0,-20.0,null,gabors,-40.0,null,4.0,0.25020326,34,0.8538314,-3.6813803,7,0.12078375,True,11,test,2
2400,0.0,685.17765,685.42786,0.8,"[3644.93333333, 3644.93333333]","[20.0, 20.0]",0.08,90.0,0.0,null,gabors,-30.0,null,4.0,0.25020326,74,0.79000516,-3.8291188,8,0.1423219,True,11,test,2
2401,0.0,685.42786,685.67807,0.8,"[3644.93333333, 3644.93333333]","[20.0, 20.0]",0.08,45.0,-10.0,null,gabors,0.0,null,4.0,0.25021674,88,0.77481003,-3.7876481,7,0.11297727,True,7,train,1
2402,0.0,685.67807,685.92829,0.8,"[3644.93333333, 3644.93333333]","[20.0, 20.0]",0.08,45.0,30.0,null,gabors,30.0,null,4.0,0.25021674,59,0.89065171,-3.594557,8,0.095395402,True,9,train,1
2403,0.0,685.92829,686.17851,0.8,"[3644.93333333, 3644.93333333]","[20.0, 20.0]",0.08,0.0,30.0,null,gabors,10.0,null,4.0,0.25021674,137,0.84699305,-3.5728502,7,0.075437523,True,11,test,0
2404,0.0,686.17851,686.42872,0.8,"[3644.93333333, 3644.93333333]","[20.0, 20.0]",0.08,45.0,20.0,null,gabors,30.0,null,4.0,0.25021674,181,0.85869943,-3.4908894,8,0.075265221,True,10,train,1
2405,0.0,686.42872,686.67894,0.8,"[3644.93333333, 3644.93333333]","[20.0, 20.0]",0.08,45.0,30.0,null,gabors,10.0,null,4.0,0.25021326,86,0.84848294,-3.5478493,7,0.086725306,True,7,train,1
2406,0.0,686.67894,686.92915,0.8,"[3644.93333333, 3644.93333333]","[20.0, 20.0]",0.08,0.0,-40.0,null,gabors,-10.0,null,4.0,0.25021326,103,0.7209324,-3.7083763,8,0.083867612,True,9,train,0
2407,0.0,686.92915,687.17936,0.8,"[3644.93333333, 3644.93333333]","[20.0, 20.0]",0.08,0.0,-10.0,null,gabors,40.0,null,4.0,0.25021326,60,0.81033985,-3.3845744,7,0.13065617,True,8,test,0
2408,0.0,687.17936,687.42958,0.8,"[3644.93333333, 3644.93333333]","[20.0, 20.0]",0.08,90.0,0.0,null,gabors,-30.0,null,4.0,0.25021326,74,0.60445307,-3.3997512,8,0.12398144,True,12,train,2
2409,0.0,687.42958,687.67978,0.8,"[3644.93333333, 3644.93333333]","[20.0, 20.0]",0.08,0.0,-20.0,null,gabors,-10.0,null,4.0,0.25020174,216,0.71915325,-3.3971814,7,0.11456848,True,8,test,0
2410,0.0,687.67978,687.92998,0.8,"[3644.93333333, 3644.93333333]","[20.0, 20.0]",0.08,0.0,30.0,null,gabors,0.0,null,4.0,0.25020174,97,0.45037557,-3.397547,8,0.12173991,True,11,test,0
2411,0.0,687.92998,688.18018,0.8,"[3644.93333333, 3644.93333333]","[20.0, 20.0]",0.08,0.0,10.0,null,gabors,-40.0,null,4.0,0.25020174,233,0.65311916,-3.4107424,7,0.092910098,True,7,train,0
2412,0.0,688.18018,688.43038,0.8,"[3644.93333333, 3644.93333333]","[20.0, 20.0]",0.08,90.0,30.0,null,gabors,10.0,null,4.0,0.25020174,40,0.5975043,-3.1886738,8,0.10855634,True,8,test,2
2413,0.0,688.43038,688.6806,0.8,"[3644.93333333, 3644.93333333]","[20.0, 20.0]",0.08,0.0,10.0,null,gabors,-40.0,null,4.0,0.25021826,233,0.58544466,-3.2369989,7,0.084292549,True,8,test,0
2414,0.0,688.6806,688.93082,0.8,"[3644.93333333, 3644.93333333]","[20.0, 20.0]",0.08,45.0,20.0,null,gabors,10.0,null,4.0,0.25021826,187,0.64019208,-3.2850331,8,0.1039204,True,8,test,1
2415,0.0,688.93082,689.18104,0.8,"[3644.93333333, 3644.93333333]","[20.0, 20.0]",0.08,45.0,-30.0,null,gabors,10.0,null,4.0,0.25021826,202,0.58868421,-3.1451167,7,0.1059886,True,8,test,1
2416,0.0,689.18104,689.43126,0.8,"[3644.93333333, 3644.93333333]","[20.0, 20.0]",0.08,45.0,-30.0,null,gabors,40.0,null,4.0,0.25021826,3,0.57913782,-3.2449321,8,0.12233712,True,8,test,1
2417,0.0,689.43126,689.68146,0.8,"[3644.93333333, 3644.93333333]","[20.0, 20.0]",0.08,90.0,40.0,null,gabors,-30.0,null,4.0,0.25019924,13,0.6553839,-3.0205148,7,0.072298974,True,12,train,2
2418,0.0,689.68146,689.93166,0.8,"[3644.93333333, 3644.93333333]","[20.0, 20.0]",0.08,90.0,-40.0,null,gabors,-30.0,null,4.0,0.25019924,127,0.56494933,-2.9882247,8,0.1982169,True,10,train,2
2419,0.0,689.93166,690.18185,0.8,"[3644.93333333, 3644.93333333]","[20.0, 20.0]",0.08,0.0,30.0,null,gabors,10.0,null,4.0,0.25019924,137,0.54396568,-3.1400225,7,0.15227548,True,12,train,0
2420,0.0,690.18185,690.43205,0.8,"[3644.93333333, 3644.93333333]","[20.0, 20.0]",0.08,45.0,-40.0,null,gabors,40.0,null,4.0,0.25019924,134,0.62537268,-2.8482731,8,0.088655071,True,10,train,1
2421,0.0,690.43205,690.68227,0.8,"[3644.93333333, 3644.93333333]","[20.0, 20.0]",0.08,45.0,30.0,null,gabors,-10.0,null,4.0,0.25021826,240,0.45353662,-2.7525676,7,0.15498912,True,11,test,1
2422,0.0,690.68227,690.93249,0.8,"[3644.93333333, 3644.93333333]","[20.0, 20.0]",0.08,0.0,-40.0,null,gabors,10.0,null,4.0,0.25021826,15,0.45860398,-2.6393787,8,0.099869434,True,9,train,0
2423,0.0,690.93249,691.18271,0.8,"[3644.93333333, 3644.93333333]","[20.0, 20.0]",0.08,0.0,-30.0,null,gabors,10.0,null,4.0,0.25021826,43,0.34813979,-2.4280355,7,0.17627733,True,7,train,0
2424,0.0,691.18271,691.43293,0.8,"[3644.93333333, 3644.93333333]","[20.0, 20.0]",0.08,0.0,-40.0,null,gabors,-30.0,null,4.0,0.25021826,220,0.38623145,-2.3337915,8,0.096113431,True,10,train,0
2425,0.0,691.43293,691.68313,0.8,"[3644.93333333, 3644.93333333]","[20.0, 20.0]",0.08,90.0,-40.0,null,gabors,-10.0,null,4.0,0.25020424,22,0.33121472,-2.4313297,7,0.070728774,True,10,train,2
2426,0.0,691.68313,691.93334,0.8,"[3644.93333333, 3644.93333333]","[20.0, 20.0]",0.08,90.0,-40.0,null,gabors,30.0,null,4.0,0.25020424,120,0.30808462,-2.4188461,8,0.14086689,True,10,train,2
2427,0.0,691.93334,692.18354,0.8,"[3644.93333333, 3644.93333333]","[20.0, 20.0]",0.08,45.0,-30.0,null,gabors,0.0,null,4.0,0.25020424,179,0.30602489,-2.4552301,7,0.058933129,True,9,train,1
2428,0.0,692.18354,692.43374,0.8,"[3644.93333333, 3644.93333333]","[20.0, 20.0]",0.08,0.0,-40.0,null,gabors,0.0,null,4.0,0.25020424,70,0.27651538,-2.3468922,8,0.089028541,True,12,train,0
2429,0.0,692.43374,692.68395,0.8,"[3644.93333333, 3644.93333333]","[20.0, 20.0]",0.08,90.0,10.0,null,gabors,40.0,null,4.0,0.25021076,225,0.42737568,-2.3733297,7,0.095254719,True,8,test,2
2430,0.0,692.68395,692.93417,0.8,"[3644.93333333, 3644.93333333]","[20.0, 20.0]",0.08,0.0,0.0,null,gabors,-30.0,null,4.0,0.25021076,186,0.27584127,-2.392195,8,0.095843929,True,12,train,0
2431,0.0,692.93417,693.18438,0.8,"[3644.93333333, 3644.93333333]","[20.0, 20.0]",0.08,0.0,30.0,null,gabors,30.0,null,4.0,0.25021076,6,0.28434667,-2.2089994,7,0.068505201,True,11,test,0
2432,0.0,693.18438,693.43459,0.8,"[3644.93333333, 3644.93333333]","[20.0, 20.0]",0.08,45.0,40.0,null,gabors,0.0,null,4.0,0.25021076,99,0.32102171,-2.4708706,8,0.13369483,True,8,test,1
2433,0.0,693.43459,693.68479,0.8,"[3644.93333333, 3644.93333333]","[20.0, 20.0]",0.08,90.0,-10.0,null,gabors,-10.0,null,4.0,0.25020424,32,0.2328036,-2.3591069,7,0.074577157,True,9,train,2
2434,0.0,693.68479,693.935,0.8,"[3644.93333333, 3644.93333333]","[20.0, 20.0]",0.08,45.0,40.0,null,gabors,20.0,null,4.0,0.25020424,180,0.46071968,-2.2800381,8,0.18314644,True,11,test,1
2435,0.0,693.935,694.1852,0.8,"[3644.93333333, 3644.93333333]","[20.0, 20.0]",0.08,90.0,0.0,null,gabors,-10.0,null,4.0,0.25020424,7,0.48540292,-2.2063068,7,0.094286129,True,8,test,2
2436,0.0,694.1852,694.4354,0.8,"[3644.93333333, 3644.93333333]","[20.0, 20.0]",0.08,90.0,-30.0,null,gabors,10.0,null,4.0,0.25020424,111,0.43789847,-2.1084257,8,0.11662897,True,10,train,2
2437,0.0,694.4354,694.68562,0.8,"[3644.93333333, 3644.93333333]","[20.0, 20.0]",0.08,45.0,40.0,null,gabors,0.0,null,4.0,0.25021826,99,0.36396119,-2.0185318,7,0.095109234,True,9,train,1
2438,0.0,694.68562,694.93584,0.8,"[3644.93333333, 3644.93333333]","[20.0, 20.0]",0.08,90.0,0.0,null,gabors,-40.0,null,4.0,0.25021826,82,0.28094914,-1.9690751,8,0.073138009,True,8,test,2
2439,0.0,694.93584,695.18606,0.8,"[3644.93333333, 3644.93333333]","[20.0, 20.0]",0.08,45.0,-20.0,null,gabors,20.0,null,4.0,0.25021826,113,0.22591629,-1.8334002,7,0.14810505,True,8,test,1
2440,0.0,695.18606,695.43628,0.8,"[3644.93333333, 3644.93333333]","[20.0, 20.0]",0.08,90.0,-40.0,null,gabors,40.0,null,4.0,0.25021826,156,0.38945109,-1.6283785,8,0.1746729,True,7,train,2
2441,0.0,695.43628,695.68648,0.8,"[3644.93333333, 3644.93333333]","[20.0, 20.0]",0.08,45.0,20.0,null,gabors,-10.0,null,4.0,0.25019924,167,0.29113014,-1.6443746,7,0.11289009,True,8,test,1
2442,0.0,695.68648,695.93668,0.8,"[3644.93333333, 3644.93333333]","[20.0, 20.0]",0.08,90.0,40.0,null,gabors,40.0,null,4.0,0.25019924,48,0.36575138,-1.7080078,8,0.061024759,True,9,train,2
2443,0.0,695.93668,696.18687,0.8,"[3644.93333333, 3644.93333333]","[20.0, 20.0]",0.08,45.0,-10.0,null,gabors,10.0,null,4.0,0.25019924,199,0.40672234,-1.9373926,7,0.054256054,True,12,train,1
2444,0.0,696.18687,696.43707,0.8,"[3644.93333333, 3644.93333333]","[20.0, 20.0]",0.08,45.0,-40.0,null,gabors,40.0,null,4.0,0.25019924,134,0.40267815,-1.7705693,8,0.11479247,True,11,test,1
2445,0.0,696.43707,696.68729,0.8,"[3644.93333333, 3644.93333333]","[20.0, 20.0]",0.08,0.0,-40.0,null,gabors,20.0,null,4.0,0.25021826,151,0.32069717,-1.6586423,7,0.16943251,True,10,train,0
2446,0.0,696.68729,696.93751,0.8,"[3644.93333333, 3644.93333333]","[20.0, 20.0]",0.08,0.0,40.0,null,gabors,10.0,null,4.0,0.25021826,230,0.4463267,-1.6150726,8,0.11931696,True,7,train,0
2447,0.0,696.93751,697.18773,0.8,"[3644.93333333, 3644.93333333]","[20.0, 20.0]",0.08,0.0,-10.0,null,gabors,-40.0,null,4.0,0.25021826,112,0.2999548,-1.6494037,7,0.071266257,True,9,train,0
2448,0.0,697.18773,697.43795,0.8,"[3644.93333333, 3644.93333333]","[20.0, 20.0]",0.08,0.0,40.0,null,gabors,10.0,null,4.0,0.25021826,230,0.44701568,-1.4881458,8,0.20770903,True,8,test,0
2449,0.0,697.43795,697.68815,0.8,"[3644.93333333, 3644.93333333]","[20.0, 20.0]",0.08,90.0,0.0,null,gabors,-40.0,null,4.0,0.25020424,82,0.48631485,-1.4547388,7,0.10562228,True,9,train,2
2450,0.0,697.68815,697.93836,0.8,"[3644.93333333, 3644.93333333]","[20.0, 20.0]",0.08,45.0,30.0,null,gabors,-40.0,null,4.0,0.25020424,36,0.45009578,-1.3218528,8,0.08534631,True,8,test,1
2451,0.0,697.93836,698.18856,0.8,"[3644.93333333, 3644.93333333]","[20.0, 20.0]",0.08,45.0,30.0,null,gabors,-40.0,null,4.0,0.25020424,36,0.41409159,-1.2269577,7,0.062013879,True,9,train,1
2452,0.0,698.18856,698.43876,0.8,"[3644.93333333, 3644.93333333]","[20.0, 20.0]",0.08,90.0,10.0,null,gabors,0.0,null,4.0,0.25020424,17,0.47091468,-1.2811622,7,0.14082017,True,8,test,2
2453,0.0,698.43876,698.68898,0.8,"[3644.93333333, 3644.93333333]","[20.0, 20.0]",0.08,45.0,-40.0,null,gabors,10.0,null,4.0,0.25021576,50,0.58181679,-1.2363252,7,0.13408623,True,10,train,1
2454,0.0,698.68898,698.9392,0.8,"[3644.93333333, 3644.93333333]","[20.0, 20.0]",0.08,0.0,-10.0,null,gabors,40.0,null,4.0,0.25021576,60,0.47367232,-1.2068148,7,0.10897334,True,9,train,0
2455,0.0,698.9392,699.18941,0.8,"[3644.93333333, 3644.93333333]","[20.0, 20.0]",0.08,45.0,0.0,null,gabors,-10.0,null,4.0,0.25021576,8,0.42909432,-1.1701436,7,0.088230735,True,10,train,1
2456,0.0,699.18941,699.43963,0.8,"[3644.93333333, 3644.93333333]","[20.0, 20.0]",0.08,0.0,40.0,null,gabors,40.0,null,4.0,0.25021576,110,0.51008349,-1.0402432,7,0.07278637,True,10,train,0
2457,0.0,699.43963,699.68983,0.8,"[3644.93333333, 3644.93333333]","[20.0, 20.0]",0.08,0.0,10.0,null,gabors,-20.0,null,4.0,0.25019924,35,0.47719765,-0.94858497,8,0.075737798,True,10,train,0
2458,0.0,699.68983,699.94003,0.8,"[3644.93333333, 3644.93333333]","[20.0, 20.0]",0.08,90.0,-20.0,null,gabors,-30.0,null,4.0,0.25019924,162,0.48663074,-0.96057545,7,0.080055597,True,12,train,2
2459,0.0,699.94003,700.19022,0.8,"[3644.93333333, 3644.93333333]","[20.0, 20.0]",0.08,0.0,-40.0,null,gabors,20.0,null,4.0,0.25019924,151,0.41949917,-1.0523937,8,0.075678952,True,11,test,0
2460,0.0,700.19022,700.44042,0.8,"[3644.93333333, 3644.93333333]","[20.0, 20.0]",0.08,45.0,-40.0,null,gabors,30.0,null,4.0,0.25019924,63,0.43844683,-0.99906604,7,0.078390135,True,7,train,1
2461,0.0,700.44042,700.69064,0.8,"[3644.93333333, 3644.93333333]","[20.0, 20.0]",0.08,0.0,0.0,null,gabors,-30.0,null,4.0,0.25021576,186,0.4824816,-1.0674953,8,0.07825016,True,13,train,0
2462,0.0,700.69064,700.94086,0.8,"[3644.93333333, 3644.93333333]","[20.0, 20.0]",0.08,90.0,20.0,null,gabors,-10.0,null,4.0,0.25021576,30,0.67672555,-1.0835254,7,0.12090396,True,7,train,2
2463,0.0,700.94086,701.19107,0.8,"[3644.93333333, 3644.93333333]","[20.0, 20.0]",0.08,90.0,-10.0,null,gabors,40.0,null,4.0,0.25021576,29,0.5534166,-1.2540294,8,0.072652414,True,9,train,2
2464,0.0,701.19107,701.44129,0.8,"[3644.93333333, 3644.93333333]","[20.0, 20.0]",0.08,0.0,10.0,null,gabors,30.0,null,4.0,0.25021576,169,0.57085724,-1.2272761,7,0.099918763,True,7,train,0
2465,0.0,701.44129,701.69149,0.8,"[3644.93333333, 3644.93333333]","[20.0, 20.0]",0.08,45.0,-10.0,null,gabors,0.0,null,4.0,0.25020174,88,0.64519344,-1.2278169,8,0.11136108,True,8,test,1
2466,0.0,701.69149,701.94169,0.8,"[3644.93333333, 3644.93333333]","[20.0, 20.0]",0.08,45.0,10.0,null,gabors,30.0,null,4.0,0.25020174,222,0.52041237,-1.0973009,7,0.083554359,True,10,train,1
2467,0.0,701.94169,702.19189,0.8,"[3644.93333333, 3644.93333333]","[20.0, 20.0]",0.08,45.0,-30.0,null,gabors,0.0,null,4.0,0.25020174,179,0.50773668,-1.2133487,8,0.089487937,True,10,train,1
2468,0.0,702.19189,702.44209,0.8,"[3644.93333333, 3644.93333333]","[20.0, 20.0]",0.08,45.0,10.0,null,gabors,-30.0,null,4.0,0.25020174,9,0.71089196,-1.1249743,7,0.14182702,True,11,test,1
2469,0.0,702.44209,702.69231,0.8,"[3644.93333333, 3644.93333333]","[20.0, 20.0]",0.08,90.0,20.0,null,gabors,-20.0,null,4.0,0.25021826,98,0.41478901,-1.0483757,8,0.083922102,True,8,test,2
2470,0.0,702.69231,702.94253,0.8,"[3644.93333333, 3644.93333333]","[20.0, 20.0]",0.08,0.0,-30.0,null,gabors,0.0,null,4.0,0.25021826,193,0.40549098,-1.1001096,7,0.080088062,True,8,test,0
2471,0.0,702.94253,703.19275,0.8,"[3644.93333333, 3644.93333333]","[20.0, 20.0]",0.08,0.0,-20.0,null,gabors,-30.0,null,4.0,0.25021826,236,0.51947067,-1.1442757,8,0.073562272,True,9,train,0
2472,0.0,703.19275,703.44297,0.8,"[3644.93333333, 3644.93333333]","[20.0, 20.0]",0.08,90.0,20.0,null,gabors,-10.0,null,4.0,0.25021826,30,0.49445202,-1.0556181,7,0.062167578,True,8,test,2
2473,0.0,703.44297,703.69317,0.8,"[3644.93333333, 3644.93333333]","[20.0, 20.0]",0.08,90.0,30.0,null,gabors,10.0,null,4.0,0.25020174,40,0.53650603,-0.92715542,8,0.11177607,True,9,train,2
2474,0.0,703.69317,703.94337,0.8,"[3644.93333333, 3644.93333333]","[20.0, 20.0]",0.08,90.0,40.0,null,gabors,40.0,null,4.0,0.25020174,48,0.62618325,-0.93703476,7,0.089382501,True,10,train,2
2475,0.0,703.94337,704.19357,0.8,"[3644.93333333, 3644.93333333]","[20.0, 20.0]",0.08,90.0,40.0,null,gabors,0.0,null,4.0,0.25020174,183,0.46869941,-0.93729424,8,0.10567176,True,7,train,2
2476,0.0,704.19357,704.44377,0.8,"[3644.93333333, 3644.93333333]","[20.0, 20.0]",0.08,45.0,-10.0,null,gabors,10.0,null,4.0,0.25020174,199,0.62958548,-0.93002112,7,0.065577552,True,13,train,1
2477,0.0,704.44377,704.69399,0.8,"[3644.93333333, 3644.93333333]","[20.0, 20.0]",0.08,45.0,-10.0,null,gabors,-20.0,null,4.0,0.25021326,166,0.51385863,-0.84180268,8,0.099040561,True,10,train,1
2478,0.0,704.69399,704.9442,0.8,"[3644.93333333, 3644.93333333]","[20.0, 20.0]",0.08,90.0,-40.0,null,gabors,10.0,null,4.0,0.25021326,57,0.60331038,-0.9782821,7,0.087614101,True,11,test,2
2479,0.0,704.9442,705.19441,0.8,"[3644.93333333, 3644.93333333]","[20.0, 20.0]",0.08,0.0,10.0,null,gabors,0.0,null,4.0,0.25021326,206,0.45712137,-0.9203982,8,0.13290006,True,10,train,0
2480,0.0,705.19441,705.44463,0.8,"[3644.93333333, 3644.93333333]","[20.0, 20.0]",0.08,90.0,-20.0,null,gabors,10.0,null,4.0,0.25021326,100,0.47190935,-0.89490585,7,0.1583254,True,7,train,2
2481,0.0,705.44463,705.69483,0.8,"[3644.93333333, 3644.93333333]","[20.0, 20.0]",0.08,45.0,20.0,null,gabors,-30.0,null,4.0,0.25020424,172,0.46591694,-0.80569569,8,0.11725632,True,10,train,1
2482,0.0,705.69483,705.94504,0.8,"[3644.93333333, 3644.93333333]","[20.0, 20.0]",0.08,0.0,-40.0,null,gabors,30.0,null,4.0,0.25020424,203,0.40340756,-0.81671581,7,0.11954433,True,8,test,0
2483,0.0,705.94504,706.19524,0.8,"[3644.93333333, 3644.93333333]","[20.0, 20.0]",0.08,45.0,20.0,null,gabors,40.0,null,4.0,0.25020424,93,0.53910271,-0.73769139,8,0.12673109,True,11,test,1
2484,0.0,706.19524,706.44544,0.8,"[3644.93333333, 3644.93333333]","[20.0, 20.0]",0.08,0.0,20.0,null,gabors,20.0,null,4.0,0.25020424,196,0.65743178,-0.75691509,7,0.096245762,True,10,train,0
2485,0.0,706.44544,706.69565,0.8,"[3644.93333333, 3644.93333333]","[20.0, 20.0]",0.08,0.0,-40.0,null,gabors,30.0,null,4.0,0.25021076,203,0.54858112,-0.88499998,8,0.12388799,True,9,train,0
2486,0.0,706.69565,706.94587,0.8,"[3644.93333333, 3644.93333333]","[20.0, 20.0]",0.08,45.0,-40.0,null,gabors,-40.0,null,4.0,0.25021076,157,0.31861277,-0.75713265,7,0.12685438,True,12,train,1
2487,0.0,706.94587,707.19608,0.8,"[3644.93333333, 3644.93333333]","[20.0, 20.0]",0.08,0.0,-10.0,null,gabors,30.0,null,4.0,0.25021076,219,0.49433,-0.67978663,8,0.088338762,True,5,test,0
2488,0.0,707.19608,707.44629,0.8,"[3644.93333333, 3644.93333333]","[20.0, 20.0]",0.08,90.0,20.0,null,gabors,10.0,null,4.0,0.25021076,129,0.55824572,-0.67688099,7,0.072393449,True,9,train,2
2489,0.0,707.44629,707.69649,0.8,"[3644.93333333, 3644.93333333]","[20.0, 20.0]",0.08,90.0,10.0,null,gabors,-10.0,null,4.0,0.25020674,138,0.49197069,-0.67586253,8,0.15675536,True,11,test,2
2490,0.0,707.69649,707.9467,0.8,"[3644.93333333, 3644.93333333]","[20.0, 20.0]",0.08,45.0,-30.0,null,gabors,-20.0,null,4.0,0.25020674,205,0.48408122,-0.59637019,7,0.10007952,True,9,train,1
2491,0.0,707.9467,708.19691,0.8,"[3644.93333333, 3644.93333333]","[20.0, 20.0]",0.08,0.0,-20.0,null,gabors,20.0,null,4.0,0.25020674,237,0.34375885,-0.58052324,8,0.10875007,True,8,test,0
2492,0.0,708.19691,708.44711,0.8,"[3644.93333333, 3644.93333333]","[20.0, 20.0]",0.08,45.0,-20.0,null,gabors,-20.0,null,4.0,0.25020674,83,0.42371249,-0.70036744,7,0.098879798,True,9,train,1
2493,0.0,708.44711,708.69733,0.8,"[3644.93333333, 3644.93333333]","[20.0, 20.0]",0.08,0.0,-10.0,null,gabors,-40.0,null,4.0,0.25021326,112,0.34655506,-0.71320132,8,0.06080329,True,10,train,0
2494,0.0,708.69733,708.94754,0.8,"[3644.93333333, 3644.93333333]","[20.0, 20.0]",0.08,0.0,-40.0,null,gabors,40.0,null,4.0,0.25021326,141,0.35375438,-0.57403468,7,0.10700173,True,11,test,0
2495,0.0,708.94754,709.19775,0.8,"[3644.93333333, 3644.93333333]","[20.0, 20.0]",0.08,0.0,-40.0,null,gabors,-30.0,null,4.0,0.25021326,220,0.41443125,-0.60311632,8,0.10841985,True,11,test,0
2496,0.0,709.19775,709.44797,0.8,"[3644.93333333, 3644.93333333]","[20.0, 20.0]",0.08,0.0,-30.0,null,gabors,-20.0,null,4.0,0.25021326,106,0.25821685,-0.65187432,7,0.12470551,True,10,train,0
2497,0.0,709.44797,709.69817,0.8,"[3644.93333333, 3644.93333333]","[20.0, 20.0]",0.08,0.0,-30.0,null,gabors,0.0,null,4.0,0.25020674,193,0.4526182,-0.54671948,8,0.13047984,True,9,train,0
2498,0.0,709.69817,709.94838,0.8,"[3644.93333333, 3644.93333333]","[20.0, 20.0]",0.08,45.0,-30.0,null,gabors,40.0,null,4.0,0.25020674,3,0.14393351,-0.48283865,7,0.14018031,True,9,train,1
2499,0.0,709.94838,710.19859,0.8,"[3644.93333333, 3644.93333333]","[20.0, 20.0]",0.08,0.0,0.0,null,gabors,-10.0,null,4.0,0.25020674,160,0.16910321,-0.57657349,8,0.096465748,True,9,train,0
2500,0.0,710.19859,710.44879,0.8,"[3644.93333333, 3644.93333333]","[20.0, 20.0]",0.08,90.0,20.0,null,gabors,30.0,null,4.0,0.25020674,10,0.10196866,-0.64959871,7,0.096241654,True,12,train,2
2501,0.0,710.44879,710.69901,0.8,"[3644.93333333, 3644.93333333]","[20.0, 20.0]",0.08,45.0,30.0,null,gabors,-20.0,null,4.0,0.25021576,107,0.15333163,-0.57641984,8,0.14621111,True,9,train,1
2502,0.0,710.69901,710.94923,0.8,"[3644.93333333, 3644.93333333]","[20.0, 20.0]",0.08,0.0,-10.0,null,gabors,0.0,null,4.0,0.25021576,201,0.10173861,-0.57171403,7,0.096235158,True,8,test,0
2503,0.0,710.94923,711.19944,0.8,"[3644.93333333, 3644.93333333]","[20.0, 20.0]",0.08,45.0,-20.0,null,gabors,-30.0,null,4.0,0.25021576,85,0.20856116,-0.60506387,8,0.11575318,True,10,train,1
2504,0.0,711.19944,711.44966,0.8,"[3644.93333333, 3644.93333333]","[20.0, 20.0]",0.08,45.0,-40.0,null,gabors,-20.0,null,4.0,0.25021576,77,0.23938758,-0.56006713,7,0.1349613,True,7,train,1
2505,0.0,711.44966,711.69986,0.8,"[3644.93333333, 3644.93333333]","[20.0, 20.0]",0.08,0.0,-30.0,null,gabors,0.0,null,4.0,0.25020174,193,0.11098884,-0.53101749,8,0.073554114,True,10,train,0
2506,0.0,711.69986,711.95006,0.8,"[3644.93333333, 3644.93333333]","[20.0, 20.0]",0.08,45.0,20.0,null,gabors,-10.0,null,4.0,0.25020174,167,0.17465234,-0.48338494,7,0.091330402,True,9,train,1
2507,0.0,711.95006,712.20026,0.8,"[3644.93333333, 3644.93333333]","[20.0, 20.0]",0.08,45.0,10.0,null,gabors,-20.0,null,4.0,0.25020174,23,0.23040633,-0.48568023,8,0.097505238,True,8,test,1
2508,0.0,712.20026,712.45046,0.8,"[3644.93333333, 3644.93333333]","[20.0, 20.0]",0.08,45.0,-30.0,null,gabors,-20.0,null,4.0,0.25020174,205,0.20710171,-0.56253653,7,0.075339792,True,10,train,1
2509,0.0,712.45046,712.70068,0.8,"[3644.93333333, 3644.93333333]","[20.0, 20.0]",0.08,0.0,-20.0,null,gabors,-40.0,null,4.0,0.25022076,123,-0.011964883,-0.50403284,8,0.14120693,True,9,train,0
2510,0.0,712.70068,712.95091,0.8,"[3644.93333333, 3644.93333333]","[20.0, 20.0]",0.08,45.0,20.0,null,gabors,20.0,null,4.0,0.25022076,76,0.12462412,-0.45868453,7,0.078775714,True,10,train,1
2511,0.0,712.95091,713.20113,0.8,"[3644.93333333, 3644.93333333]","[20.0, 20.0]",0.08,90.0,-40.0,null,gabors,40.0,null,4.0,0.25022076,156,0.0063070399,-0.38472313,8,0.093551548,True,8,test,2
2512,0.0,713.20113,713.45135,0.8,"[3644.93333333, 3644.93333333]","[20.0, 20.0]",0.08,0.0,20.0,null,gabors,40.0,null,4.0,0.25022076,72,0.22086131,-0.38252882,7,0.085741635,True,11,test,0
2513,0.0,713.45135,713.70155,0.8,"[3644.93333333, 3644.93333333]","[20.0, 20.0]",0.08,45.0,-30.0,null,gabors,0.0,null,4.0,0.25019924,179,0.18641728,-0.37825795,8,0.093712036,True,11,test,1
2514,0.0,713.70155,713.95175,0.8,"[3644.93333333, 3644.93333333]","[20.0, 20.0]",0.08,90.0,10.0,null,gabors,-30.0,null,4.0,0.25019924,209,0.096483096,-0.18194439,7,0.050424985,True,8,test,2
2515,0.0,713.95175,714.20194,0.8,"[3644.93333333, 3644.93333333]","[20.0, 20.0]",0.08,90.0,40.0,null,gabors,0.0,null,4.0,0.25019924,183,0.037594024,-0.26433433,8,0.07818964,True,8,test,2
2516,0.0,714.20194,714.45214,0.8,"[3644.93333333, 3644.93333333]","[20.0, 20.0]",0.08,90.0,-10.0,null,gabors,-30.0,null,4.0,0.25019924,101,0.021005318,-0.22289868,7,0.097110503,True,10,train,2
2517,0.0,714.45214,714.70236,0.8,"[3644.93333333, 3644.93333333]","[20.0, 20.0]",0.08,90.0,-40.0,null,gabors,-10.0,null,4.0,0.25022076,22,0.12328619,-0.14815821,8,0.055330415,True,11,test,2
2518,0.0,714.70236,714.95259,0.8,"[3644.93333333, 3644.93333333]","[20.0, 20.0]",0.08,0.0,-10.0,null,gabors,30.0,null,4.0,0.25022076,219,0.12844178,-0.21803627,7,0.10026118,True,6,train,0
2519,0.0,714.95259,715.20281,0.8,"[3644.93333333, 3644.93333333]","[20.0, 20.0]",0.08,90.0,30.0,null,gabors,40.0,null,4.0,0.25022076,142,0.026001092,-0.057383999,8,0.080078874,True,9,train,2
2520,0.0,715.20281,715.45303,0.8,"[3644.93333333, 3644.93333333]","[20.0, 20.0]",0.08,45.0,20.0,null,gabors,30.0,null,4.0,0.25022076,181,-0.040345339,-0.13580428,7,0.092348502,True,11,test,1
2521,0.0,715.45303,715.70322,0.8,"[3644.93333333, 3644.93333333]","[20.0, 20.0]",0.08,90.0,20.0,null,gabors,-30.0,null,4.0,0.25019424,231,-0.0019403899,-0.27608428,8,0.13712535,True,7,train,2
2522,0.0,715.70322,715.95342,0.8,"[3644.93333333, 3644.93333333]","[20.0, 20.0]",0.08,90.0,20.0,null,gabors,10.0,null,4.0,0.25019424,129,-0.026795917,-0.2867295,7,0.10190844,True,10,train,2
2523,0.0,715.95342,716.20361,0.8,"[3644.93333333, 3644.93333333]","[20.0, 20.0]",0.08,90.0,-20.0,null,gabors,-10.0,null,4.0,0.25019424,153,0.014433626,-0.16534559,8,0.11720533,True,6,train,2
2524,0.0,716.20361,716.4538,0.8,"[3644.93333333, 3644.93333333]","[20.0, 20.0]",0.08,45.0,30.0,null,gabors,10.0,null,4.0,0.25019424,86,0.038284196,-0.30939414,7,0.095983608,True,8,test,1
2525,0.0,716.4538,716.70402,0.8,"[3644.93333333, 3644.93333333]","[20.0, 20.0]",0.08,90.0,-40.0,null,gabors,-40.0,null,4.0,0.25022076,243,0.060919332,-0.25907033,8,0.11435241,True,9,train,2
2526,0.0,716.70402,716.95425,0.8,"[3644.93333333, 3644.93333333]","[20.0, 20.0]",0.08,0.0,10.0,null,gabors,10.0,null,4.0,0.25022076,119,0.041881066,-0.25410023,7,0.085655836,True,13,train,0
2527,0.0,716.95425,717.20447,0.8,"[3644.93333333, 3644.93333333]","[20.0, 20.0]",0.08,0.0,-20.0,null,gabors,20.0,null,4.0,0.25022076,237,-0.068928492,-0.26002225,8,0.063776978,True,9,train,0
2528,0.0,717.20447,717.45469,0.8,"[3644.93333333, 3644.93333333]","[20.0, 20.0]",0.08,90.0,0.0,null,gabors,40.0,null,4.0,0.25022076,19,-0.051841803,-0.30028167,7,0.12661551,True,9,train,2
2529,0.0,717.45469,717.70489,0.8,"[3644.93333333, 3644.93333333]","[20.0, 20.0]",0.08,90.0,-20.0,null,gabors,-20.0,null,4.0,0.25019924,25,-0.068126172,-0.35571105,8,0.11083981,True,7,train,2
2530,0.0,717.70489,717.95509,0.8,"[3644.93333333, 3644.93333333]","[20.0, 20.0]",0.08,0.0,30.0,null,gabors,-30.0,null,4.0,0.25019924,16,-0.19645589,0.13049303,7,0.18270673,True,8,test,0
2531,0.0,717.95509,718.20528,0.8,"[3644.93333333, 3644.93333333]","[20.0, 20.0]",0.08,45.0,-40.0,null,gabors,10.0,null,4.0,0.25019924,50,-0.20255052,0.27802419,5,0.13240081,True,11,test,1
2532,0.0,718.20528,718.45548,0.8,"[3644.93333333, 3644.93333333]","[20.0, 20.0]",0.08,45.0,20.0,null,gabors,-10.0,null,4.0,0.25019924,167,,,1,,False,10,train,1
2533,0.0,718.45548,718.70569,0.8,"[3644.93333333, 3644.93333333]","[20.0, 20.0]",0.08,0.0,30.0,null,gabors,20.0,null,4.0,0.25021076,217,0.1085331,3.6681294,5,1.8167415,True,11,test,0
2534,0.0,718.70569,718.95591,0.8,"[3644.93333333, 3644.93333333]","[20.0, 20.0]",0.08,90.0,20.0,null,gabors,10.0,null,4.0,0.25021076,129,0.5787311,5.8287368,7,0.64007762,True,11,test,2
2535,0.0,718.95591,719.20612,0.8,"[3644.93333333, 3644.93333333]","[20.0, 20.0]",0.08,0.0,-20.0,null,gabors,0.0,null,4.0,0.25021076,226,0.17398521,5.591347,7,0.22609698,True,11,test,0
2536,0.0,719.20612,719.45633,0.8,"[3644.93333333, 3644.93333333]","[20.0, 20.0]",0.08,90.0,0.0,null,gabors,40.0,null,4.0,0.25021076,19,0.26558416,5.5968447,7,0.098491303,True,10,train,2
2537,0.0,719.45633,719.70653,0.8,"[3644.93333333, 3644.93333333]","[20.0, 20.0]",0.08,90.0,-10.0,null,gabors,0.0,null,4.0,0.25020674,227,0.12148791,5.3573082,7,0.15220579,True,9,train,2
2538,0.0,719.70653,719.95674,0.8,"[3644.93333333, 3644.93333333]","[20.0, 20.0]",0.08,0.0,-30.0,null,gabors,0.0,null,4.0,0.25020674,193,0.14786022,5.1189422,8,0.25826767,True,11,test,0
2539,0.0,719.95674,720.20695,0.8,"[3644.93333333, 3644.93333333]","[20.0, 20.0]",0.08,90.0,-30.0,null,gabors,-10.0,null,4.0,0.25020674,26,0.2174486,5.0343016,7,0.10770408,True,9,train,2
2540,0.0,720.20695,720.45715,0.8,"[3644.93333333, 3644.93333333]","[20.0, 20.0]",0.08,90.0,-30.0,null,gabors,40.0,null,4.0,0.25020674,75,0.21485895,4.7648682,8,0.14812711,True,7,train,2
2541,0.0,720.45715,720.70736,0.8,"[3644.93333333, 3644.93333333]","[20.0, 20.0]",0.08,45.0,-30.0,null,gabors,30.0,null,4.0,0.25020576,131,0.32456844,4.6324081,7,0.14865684,True,13,train,1
2542,0.0,720.70736,720.95757,0.8,"[3644.93333333, 3644.93333333]","[20.0, 20.0]",0.08,45.0,10.0,null,gabors,10.0,null,4.0,0.25020576,144,0.15246693,4.5278003,8,0.14975865,True,11,test,1
2543,0.0,720.95757,721.20777,0.8,"[3644.93333333, 3644.93333333]","[20.0, 20.0]",0.08,45.0,-30.0,null,gabors,40.0,null,4.0,0.25020576,3,0.20041385,4.5032442,7,0.14220214,True,10,train,1
2544,0.0,721.20777,721.45798,0.8,"[3644.93333333, 3644.93333333]","[20.0, 20.0]",0.08,45.0,0.0,null,gabors,-10.0,null,4.0,0.25020576,8,0.11007998,4.5097874,8,0.1242084,True,11,test,1
2545,0.0,721.45798,721.70819,0.8,"[3644.93333333, 3644.93333333]","[20.0, 20.0]",0.08,45.0,40.0,null,gabors,0.0,null,4.0,0.25021424,99,0.10379745,4.5571811,7,0.11798549,True,10,train,1
2546,0.0,721.70819,721.95841,0.8,"[3644.93333333, 3644.93333333]","[20.0, 20.0]",0.08,90.0,30.0,null,gabors,20.0,null,4.0,0.25021424,163,0.15859392,4.5602194,8,0.10851131,True,10,train,2
2547,0.0,721.95841,722.20862,0.8,"[3644.93333333, 3644.93333333]","[20.0, 20.0]",0.08,90.0,-20.0,null,gabors,40.0,null,4.0,0.25021424,147,0.18730312,4.6690596,7,0.11294411,True,10,train,2
2548,0.0,722.20862,722.45883,0.8,"[3644.93333333, 3644.93333333]","[20.0, 20.0]",0.08,45.0,0.0,null,gabors,-10.0,null,4.0,0.25021424,8,0.20112157,4.5827987,8,0.19316334,True,12,train,1
2549,0.0,722.45883,722.70905,0.8,"[3644.93333333, 3644.93333333]","[20.0, 20.0]",0.08,90.0,40.0,null,gabors,20.0,null,4.0,0.25021326,189,0.14316807,4.3353734,7,0.10420837,True,9,train,2
2550,0.0,722.70905,722.95926,0.8,"[3644.93333333, 3644.93333333]","[20.0, 20.0]",0.08,0.0,10.0,null,gabors,-10.0,null,4.0,0.25021326,182,0.38920906,4.446847,8,0.12754267,True,9,train,0
2551,0.0,722.95926,723.20947,0.8,"[3644.93333333, 3644.93333333]","[20.0, 20.0]",0.08,45.0,-20.0,null,gabors,20.0,null,4.0,0.25021326,113,0.34057523,4.0366584,7,0.31415779,True,9,train,1
2552,0.0,723.20947,723.45969,0.8,"[3644.93333333, 3644.93333333]","[20.0, 20.0]",0.08,45.0,40.0,null,gabors,0.0,null,4.0,0.25021326,99,0.13877554,0.48956774,8,0.23625263,True,11,test,1
2553,0.0,723.45969,723.70989,0.8,"[3644.93333333, 3644.93333333]","[20.0, 20.0]",0.08,45.0,-20.0,null,gabors,-30.0,null,4.0,0.25020674,85,0.14005851,0.12162555,7,0.17188444,True,11,test,1
2554,0.0,723.70989,723.9601,0.8,"[3644.93333333, 3644.93333333]","[20.0, 20.0]",0.08,0.0,-10.0,null,gabors,-40.0,null,4.0,0.25020674,112,-0.047585678,-2.6836973,8,0.55995192,True,11,test,0
2555,0.0,723.9601,724.21031,0.8,"[3644.93333333, 3644.93333333]","[20.0, 20.0]",0.08,90.0,0.0,null,gabors,40.0,null,4.0,0.25020674,19,-0.073306363,-2.7053846,7,0.12790402,True,11,test,2
2556,0.0,724.21031,724.46051,0.8,"[3644.93333333, 3644.93333333]","[20.0, 20.0]",0.08,90.0,10.0,null,gabors,-20.0,null,4.0,0.25020674,158,-0.35253393,-2.7016273,8,0.20766802,True,8,test,2
2557,0.0,724.46051,724.71073,0.8,"[3644.93333333, 3644.93333333]","[20.0, 20.0]",0.08,0.0,-10.0,null,gabors,-20.0,null,4.0,0.25021826,125,-0.31629586,-2.5015757,7,0.20783176,True,5,test,0
2558,0.0,724.71073,724.96095,0.8,"[3644.93333333, 3644.93333333]","[20.0, 20.0]",0.08,90.0,-30.0,null,gabors,40.0,null,4.0,0.25021826,75,-0.21123956,-5.9299246,8,1.5272885,True,8,test,2
2559,0.0,724.96095,725.21117,0.8,"[3644.93333333, 3644.93333333]","[20.0, 20.0]",0.08,90.0,40.0,null,gabors,20.0,null,4.0,0.25021826,189,-0.052515916,-5.6642769,7,0.15967174,True,10,train,2
2560,0.0,725.21117,725.46139,0.8,"[3644.93333333, 3644.93333333]","[20.0, 20.0]",0.08,45.0,20.0,null,gabors,10.0,null,4.0,0.25021826,187,0.18852878,-5.8054511,8,0.24373238,True,9,train,1
2561,0.0,725.46139,725.71159,0.8,"[3644.93333333, 3644.93333333]","[20.0, 20.0]",0.08,45.0,30.0,null,gabors,30.0,null,4.0,0.25019924,59,0.03513071,-5.8534092,7,0.2563036,True,10,train,1
2562,0.0,725.71159,725.96179,0.8,"[3644.93333333, 3644.93333333]","[20.0, 20.0]",0.08,45.0,10.0,null,gabors,-40.0,null,4.0,0.25019924,5,0.1489784,-5.8523698,8,0.29298825,True,10,train,1
2563,0.0,725.96179,726.21198,0.8,"[3644.93333333, 3644.93333333]","[20.0, 20.0]",0.08,45.0,20.0,null,gabors,-10.0,null,4.0,0.25019924,167,-0.049108686,-5.9383864,7,0.15071222,True,11,test,1
2564,0.0,726.21198,726.46218,0.8,"[3644.93333333, 3644.93333333]","[20.0, 20.0]",0.08,0.0,-10.0,null,gabors,20.0,null,4.0,0.25019924,28,0.17912521,-6.1254497,8,0.23098388,True,10,train,0
2565,0.0,726.46218,726.71238,0.8,"[3644.93333333, 3644.93333333]","[20.0, 20.0]",0.08,45.0,-20.0,null,gabors,-40.0,null,4.0,0.25020076,45,0.234084,-5.761463,7,0.1861265,True,10,train,1
2566,0.0,726.71238,726.96259,0.8,"[3644.93333333, 3644.93333333]","[20.0, 20.0]",0.08,45.0,-20.0,null,gabors,30.0,null,4.0,0.25020076,232,0.5461852,-5.9148312,8,0.12548424,True,9,train,1
2567,0.0,726.96259,727.21279,0.8,"[3644.93333333, 3644.93333333]","[20.0, 20.0]",0.08,45.0,-30.0,null,gabors,-10.0,null,4.0,0.25020076,41,0.2025849,-5.6799007,7,0.15984206,True,10,train,1
2568,0.0,727.21279,727.46299,0.8,"[3644.93333333, 3644.93333333]","[20.0, 20.0]",0.08,90.0,-10.0,null,gabors,10.0,null,4.0,0.25020076,89,0.25341462,-5.9454354,8,0.1552588,True,11,test,2
2569,0.0,727.46299,727.7132,0.8,"[3644.93333333, 3644.93333333]","[20.0, 20.0]",0.08,0.0,40.0,null,gabors,20.0,null,4.0,0.25021674,14,0.28702366,-5.8309686,7,0.19677832,True,8,test,0
2570,0.0,727.7132,727.96342,0.8,"[3644.93333333, 3644.93333333]","[20.0, 20.0]",0.08,45.0,-30.0,null,gabors,-40.0,null,4.0,0.25021674,91,0.23560336,-5.8614999,8,0.21096136,True,10,train,1
2571,0.0,727.96342,728.21364,0.8,"[3644.93333333, 3644.93333333]","[20.0, 20.0]",0.08,90.0,10.0,null,gabors,0.0,null,4.0,0.25021674,17,-0.011965393,-6.0664273,7,0.20861789,True,9,train,2
2572,0.0,728.21364,728.46385,0.8,"[3644.93333333, 3644.93333333]","[20.0, 20.0]",0.08,0.0,0.0,null,gabors,10.0,null,4.0,0.25021674,58,0.30438357,-5.8351492,8,0.17987492,True,9,train,0
2573,0.0,728.46385,728.71407,0.8,"[3644.93333333, 3644.93333333]","[20.0, 20.0]",0.08,90.0,40.0,null,gabors,-40.0,null,4.0,0.25021576,21,0.28328393,-5.6830245,7,0.34292064,True,10,train,2
2574,0.0,728.71407,728.96429,0.8,"[3644.93333333, 3644.93333333]","[20.0, 20.0]",0.08,90.0,-10.0,null,gabors,40.0,null,4.0,0.25021576,29,0.092637721,-5.5935237,8,0.18433562,True,10,train,2
2575,0.0,728.96429,729.2145,0.8,"[3644.93333333, 3644.93333333]","[20.0, 20.0]",0.08,0.0,0.0,null,gabors,-10.0,null,4.0,0.25021576,160,0.38600437,-5.5465141,7,0.15306553,True,10,train,0
2576,0.0,729.2145,729.46472,0.8,"[3644.93333333, 3644.93333333]","[20.0, 20.0]",0.08,45.0,10.0,null,gabors,20.0,null,4.0,0.25021576,102,0.16299454,-5.3941361,8,0.24125097,True,8,test,1
2577,0.0,729.46472,729.71492,0.8,"[3644.93333333, 3644.93333333]","[20.0, 20.0]",0.08,0.0,0.0,null,gabors,30.0,null,4.0,0.25020174,55,0.61448696,3.5965846,7,3.2242241,True,10,train,0
2578,0.0,729.71492,729.96512,0.8,"[3644.93333333, 3644.93333333]","[20.0, 20.0]",0.08,90.0,-20.0,null,gabors,40.0,null,4.0,0.25020174,147,0.99483641,3.4776797,8,0.1141422,True,11,test,2
2579,0.0,729.96512,730.21532,0.8,"[3644.93333333, 3644.93333333]","[20.0, 20.0]",0.08,90.0,10.0,null,gabors,10.0,null,4.0,0.25020174,20,0.54510662,3.1503715,7,0.29382379,True,10,train,2
2580,0.0,730.21532,730.46552,0.8,"[3644.93333333, 3644.93333333]","[20.0, 20.0]",0.08,90.0,0.0,null,gabors,30.0,null,4.0,0.25020174,215,0.59174107,3.0171253,8,0.16897006,True,9,train,2
2581,0.0,730.46552,730.71574,0.8,"[3644.93333333, 3644.93333333]","[20.0, 20.0]",0.08,45.0,40.0,null,gabors,30.0,null,4.0,0.25021576,53,0.81979689,2.8169117,7,0.20069758,True,11,test,1
2582,0.0,730.71574,730.96596,0.8,"[3644.93333333, 3644.93333333]","[20.0, 20.0]",0.08,90.0,0.0,null,gabors,0.0,null,4.0,0.25021576,66,0.68818752,2.8979422,8,0.20134363,True,10,train,2
2583,0.0,730.96596,731.21617,0.8,"[3644.93333333, 3644.93333333]","[20.0, 20.0]",0.08,0.0,-30.0,null,gabors,-20.0,null,4.0,0.25021576,106,0.61567923,2.4428842,7,0.24094047,True,11,test,0
2584,0.0,731.21617,731.46639,0.8,"[3644.93333333, 3644.93333333]","[20.0, 20.0]",0.08,90.0,40.0,null,gabors,0.0,null,4.0,0.25021576,183,0.67522378,2.5765193,8,0.18600294,True,9,train,2
2585,0.0,731.46639,731.71659,0.8,"[3644.93333333, 3644.93333333]","[20.0, 20.0]",0.08,0.0,20.0,null,gabors,20.0,null,4.0,0.25020174,196,0.52784318,2.7249068,7,0.14544343,True,11,test,0
2586,0.0,731.71659,731.96679,0.8,"[3644.93333333, 3644.93333333]","[20.0, 20.0]",0.08,0.0,10.0,null,gabors,-30.0,null,4.0,0.25020174,116,0.62018676,2.5482326,8,0.24463453,True,11,test,0
2587,0.0,731.96679,732.21699,0.8,"[3644.93333333, 3644.93333333]","[20.0, 20.0]",0.08,45.0,-30.0,null,gabors,20.0,null,4.0,0.25020174,190,0.75088053,2.4814288,7,0.13179512,True,7,train,1
2588,0.0,732.21699,732.46719,0.8,"[3644.93333333, 3644.93333333]","[20.0, 20.0]",0.08,45.0,40.0,null,gabors,-40.0,null,4.0,0.25020174,195,0.6398059,2.4575237,8,0.14643026,True,11,test,1
2589,0.0,732.46719,732.71741,0.8,"[3644.93333333, 3644.93333333]","[20.0, 20.0]",0.08,45.0,20.0,null,gabors,-30.0,null,4.0,0.25021826,172,0.54888252,2.2274407,7,0.22471028,True,11,test,1
2590,0.0,732.71741,732.96763,0.8,"[3644.93333333, 3644.93333333]","[20.0, 20.0]",0.08,90.0,-10.0,null,gabors,-30.0,null,4.0,0.25021826,101,0.590304,2.3178041,8,0.16865364,True,11,test,2
2591,0.0,732.96763,733.21785,0.8,"[3644.93333333, 3644.93333333]","[20.0, 20.0]",0.08,45.0,-10.0,null,gabors,0.0,null,4.0,0.25021826,88,0.58394133,2.1254067,7,0.2074189,True,9,train,1
2592,0.0,733.21785,733.46807,0.8,"[3644.93333333, 3644.93333333]","[20.0, 20.0]",0.08,0.0,30.0,null,gabors,-30.0,null,4.0,0.25021826,16,-0.10572283,-1.2869423,8,0.68255111,True,9,train,0
2593,0.0,733.46807,733.71827,0.8,"[3644.93333333, 3644.93333333]","[20.0, 20.0]",0.08,90.0,-30.0,null,gabors,-40.0,null,4.0,0.25020174,90,-0.12557167,-1.6667494,7,0.2866143,True,10,train,2
2594,0.0,733.71827,733.96847,0.8,"[3644.93333333, 3644.93333333]","[20.0, 20.0]",0.08,90.0,30.0,null,gabors,-30.0,null,4.0,0.25020174,234,-0.33792201,-1.4813682,8,0.251097,True,10,train,2
2595,0.0,733.96847,734.21867,0.8,"[3644.93333333, 3644.93333333]","[20.0, 20.0]",0.08,0.0,-20.0,null,gabors,-40.0,null,4.0,0.25020174,123,-0.37015033,-1.3465863,7,0.22543231,True,10,train,0
2596,0.0,734.21867,734.46887,0.8,"[3644.93333333, 3644.93333333]","[20.0, 20.0]",0.08,90.0,40.0,null,gabors,30.0,null,4.0,0.25020174,122,-0.50357453,-2.2880194,8,0.27676174,True,9,train,2
2597,0.0,734.46887,734.71909,0.8,"[3644.93333333, 3644.93333333]","[20.0, 20.0]",0.08,90.0,10.0,null,gabors,-20.0,null,4.0,0.25021576,158,-0.48450661,-2.1199865,7,0.22287114,True,9,train,2
2598,0.0,734.71909,734.96931,0.8,"[3644.93333333, 3644.93333333]","[20.0, 20.0]",0.08,0.0,-20.0,null,gabors,30.0,null,4.0,0.25021576,11,-0.49781008,-1.9827782,8,0.20938241,True,11,test,0
2599,0.0,734.96931,735.21952,0.8,"[3644.93333333, 3644.93333333]","[20.0, 20.0]",0.08,0.0,-40.0,null,gabors,-20.0,null,4.0,0.25021576,95,-0.42224333,-2.1076689,7,0.22545805,True,10,train,0
2600,0.0,735.21952,735.46974,0.8,"[3644.93333333, 3644.93333333]","[20.0, 20.0]",0.08,0.0,-30.0,null,gabors,10.0,null,4.0,0.25021576,43,-0.28676889,-2.1711667,8,0.20176328,True,8,test,0
2601,0.0,735.46974,735.71994,0.8,"[3644.93333333, 3644.93333333]","[20.0, 20.0]",0.08,45.0,-10.0,null,gabors,40.0,null,4.0,0.25020174,39,-0.11351325,-1.9689953,7,0.21506269,True,11,test,1
2602,0.0,735.71994,735.97014,0.8,"[3644.93333333, 3644.93333333]","[20.0, 20.0]",0.08,0.0,0.0,null,gabors,0.0,null,4.0,0.25020174,139,-0.63949126,-1.9878764,8,0.14937538,True,10,train,0
2603,0.0,735.97014,736.22034,0.8,"[3644.93333333, 3644.93333333]","[20.0, 20.0]",0.08,0.0,30.0,null,gabors,30.0,null,4.0,0.25020174,6,-0.35241001,-1.6770989,7,0.22336286,True,12,train,0
2604,0.0,736.22034,736.47054,0.8,"[3644.93333333, 3644.93333333]","[20.0, 20.0]",0.08,90.0,20.0,null,gabors,30.0,null,4.0,0.25020174,10,-0.24124488,-1.9959965,8,0.14146405,True,13,train,2
2605,0.0,736.47054,736.72076,0.8,"[3644.93333333, 3644.93333333]","[20.0, 20.0]",0.08,45.0,-30.0,null,gabors,10.0,null,4.0,0.25022076,202,-0.32815643,-1.9095995,7,0.15072173,True,9,train,1
2606,0.0,736.72076,736.97099,0.8,"[3644.93333333, 3644.93333333]","[20.0, 20.0]",0.08,90.0,-10.0,null,gabors,-30.0,null,4.0,0.25022076,101,-0.33504149,-1.8522922,8,0.12599216,True,12,train,2
2607,0.0,736.97099,737.22121,0.8,"[3644.93333333, 3644.93333333]","[20.0, 20.0]",0.08,90.0,20.0,null,gabors,20.0,null,4.0,0.25022076,210,-0.58639423,-1.8043362,7,0.085140839,True,11,test,2
2608,0.0,737.22121,737.47143,0.8,"[3644.93333333, 3644.93333333]","[20.0, 20.0]",0.08,0.0,40.0,null,gabors,20.0,null,4.0,0.25022076,14,-0.60087074,-1.7036721,8,0.12505152,True,9,train,0
2609,0.0,737.47143,737.72163,0.8,"[3644.93333333, 3644.93333333]","[20.0, 20.0]",0.08,90.0,0.0,null,gabors,-30.0,null,4.0,0.25019924,74,-0.51153609,-1.7767182,7,0.10944266,True,13,train,2
2610,0.0,737.72163,737.97183,0.8,"[3644.93333333, 3644.93333333]","[20.0, 20.0]",0.08,45.0,-10.0,null,gabors,-20.0,null,4.0,0.25019924,166,-0.64009637,-1.8188716,8,0.11996689,True,11,test,1
2611,0.0,737.97183,738.22202,0.8,"[3644.93333333, 3644.93333333]","[20.0, 20.0]",0.08,90.0,-10.0,null,gabors,10.0,null,4.0,0.25019924,89,-0.60189956,-1.8127777,7,0.11942888,True,12,train,2
2612,0.0,738.22202,738.47222,0.8,"[3644.93333333, 3644.93333333]","[20.0, 20.0]",0.08,0.0,40.0,null,gabors,-30.0,null,4.0,0.25019924,92,-0.5776143,-2.0920903,7,0.11967139,True,8,test,0
2613,0.0,738.47222,738.72243,0.8,"[3644.93333333, 3644.93333333]","[20.0, 20.0]",0.08,0.0,30.0,null,gabors,-10.0,null,4.0,0.25020326,65,-0.69346124,-1.888843,7,0.16021385,True,13,train,0
2614,0.0,738.72243,738.97263,0.8,"[3644.93333333, 3644.93333333]","[20.0, 20.0]",0.08,90.0,0.0,null,gabors,-30.0,null,4.0,0.25020326,74,-0.41673495,-1.9012888,8,0.13429022,True,14,test,2
2615,0.0,738.97263,739.22283,0.8,"[3644.93333333, 3644.93333333]","[20.0, 20.0]",0.08,45.0,10.0,null,gabors,-30.0,null,4.0,0.25020326,9,-0.52141821,-1.7609767,7,0.31778118,True,12,train,1
2616,0.0,739.22283,739.47304,0.8,"[3644.93333333, 3644.93333333]","[20.0, 20.0]",0.08,90.0,0.0,null,gabors,30.0,null,4.0,0.25020326,215,-0.052756902,-1.3719032,7,0.19475383,True,10,train,2
2617,0.0,739.47304,739.72325,0.8,"[3644.93333333, 3644.93333333]","[20.0, 20.0]",0.08,90.0,-40.0,null,gabors,20.0,null,4.0,0.25021674,61,-0.11043127,-1.4936946,7,0.27849524,True,9,train,2
2618,0.0,739.72325,739.97347,0.8,"[3644.93333333, 3644.93333333]","[20.0, 20.0]",0.08,45.0,-20.0,null,gabors,-20.0,null,4.0,0.25021674,83,-0.46539273,-1.5737775,8,2.7981845,True,10,train,1
2619,0.0,739.97347,740.22369,0.8,"[3644.93333333, 3644.93333333]","[20.0, 20.0]",0.08,45.0,-30.0,null,gabors,10.0,null,4.0,0.25021674,202,0.58949823,3.4381084,8,0.15867173,True,10,train,1
2620,0.0,740.22369,740.4739,0.8,"[3644.93333333, 3644.93333333]","[20.0, 20.0]",0.08,90.0,-30.0,null,gabors,-10.0,null,4.0,0.25021674,26,0.45376325,2.9816014,7,0.16431263,True,10,train,2
2621,0.0,740.4739,740.72411,0.8,"[3644.93333333, 3644.93333333]","[20.0, 20.0]",0.08,45.0,30.0,null,gabors,-20.0,null,4.0,0.25020826,107,0.4222142,2.5749899,7,0.13478026,True,10,train,1
2622,0.0,740.72411,740.97432,0.8,"[3644.93333333, 3644.93333333]","[20.0, 20.0]",0.08,45.0,-10.0,null,gabors,0.0,null,4.0,0.25020826,88,0.45163681,2.4942994,8,0.17398546,True,10,train,1
2623,0.0,740.97432,741.22453,0.8,"[3644.93333333, 3644.93333333]","[20.0, 20.0]",0.08,0.0,0.0,null,gabors,40.0,null,4.0,0.25020826,224,0.4547386,2.4274765,8,0.14217522,True,9,train,0
2624,0.0,741.22453,741.47474,0.8,"[3644.93333333, 3644.93333333]","[20.0, 20.0]",0.08,45.0,10.0,null,gabors,-40.0,null,4.0,0.25020826,5,0.27658646,2.1352191,7,0.13645963,True,11,test,1
2625,0.0,741.47474,741.72494,0.8,"[3644.93333333, 3644.93333333]","[20.0, 20.0]",0.08,45.0,30.0,null,gabors,0.0,null,4.0,0.25020674,143,0.27249873,2.0891281,7,0.09889046,True,13,train,1
2626,0.0,741.72494,741.97515,0.8,"[3644.93333333, 3644.93333333]","[20.0, 20.0]",0.08,90.0,40.0,null,gabors,10.0,null,4.0,0.25020674,52,0.18981677,2.1870683,8,0.13777781,True,10,train,2
2627,0.0,741.97515,742.22536,0.8,"[3644.93333333, 3644.93333333]","[20.0, 20.0]",0.08,0.0,20.0,null,gabors,20.0,null,4.0,0.25020674,196,0.37796339,2.0617453,8,0.14623307,True,12,train,0
2628,0.0,742.22536,742.47556,0.8,"[3644.93333333, 3644.93333333]","[20.0, 20.0]",0.08,0.0,-30.0,null,gabors,-40.0,null,4.0,0.25020674,12,0.20983278,2.1311439,7,0.16446361,True,10,train,0
2629,0.0,742.47556,742.72578,0.8,"[3644.93333333, 3644.93333333]","[20.0, 20.0]",0.08,0.0,40.0,null,gabors,20.0,null,4.0,0.25021576,14,0.25719187,2.0240978,7,0.2425919,True,10,train,0
2630,0.0,742.72578,742.976,0.8,"[3644.93333333, 3644.93333333]","[20.0, 20.0]",0.08,90.0,20.0,null,gabors,-30.0,null,4.0,0.25021576,231,0.25386762,1.8605438,7,0.098260414,True,8,test,2
2631,0.0,742.976,743.22621,0.8,"[3644.93333333, 3644.93333333]","[20.0, 20.0]",0.08,45.0,-10.0,null,gabors,-10.0,null,4.0,0.25021576,170,0.3875227,2.0066286,8,0.17882056,True,11,test,1
2632,0.0,743.22621,743.47643,0.8,"[3644.93333333, 3644.93333333]","[20.0, 20.0]",0.08,0.0,0.0,null,gabors,-20.0,null,4.0,0.25021576,140,0.22938141,1.8279913,7,0.21422912,True,11,test,0
2633,0.0,743.47643,743.72663,0.8,"[3644.93333333, 3644.93333333]","[20.0, 20.0]",0.08,90.0,10.0,null,gabors,-10.0,null,4.0,0.25020424,138,0.49418352,0.55609979,7,0.69244196,True,12,train,2
2634,0.0,743.72663,743.97684,0.8,"[3644.93333333, 3644.93333333]","[20.0, 20.0]",0.08,90.0,10.0,null,gabors,20.0,null,4.0,0.25020424,68,0.3010782,0.56302362,7,0.15838134,True,11,test,2
2635,0.0,743.97684,744.22704,0.8,"[3644.93333333, 3644.93333333]","[20.0, 20.0]",0.08,45.0,20.0,null,gabors,20.0,null,4.0,0.25020424,76,0.43236397,0.57932781,8,2.5463007,True,11,test,1
2636,0.0,744.22704,744.47724,0.8,"[3644.93333333, 3644.93333333]","[20.0, 20.0]",0.08,90.0,40.0,null,gabors,0.0,null,4.0,0.25020424,183,-0.12177188,-5.0862183,7,0.15995543,True,10,train,2
2637,0.0,744.47724,744.72745,0.8,"[3644.93333333, 3644.93333333]","[20.0, 20.0]",0.08,0.0,10.0,null,gabors,30.0,null,4.0,0.25020826,169,-0.0210933,-5.3322065,8,0.15168437,True,8,test,0
2638,0.0,744.72745,744.97766,0.8,"[3644.93333333, 3644.93333333]","[20.0, 20.0]",0.08,0.0,20.0,null,gabors,30.0,null,4.0,0.25020826,42,-0.053680149,-5.5351776,7,0.13372124,True,10,train,0
2639,0.0,744.97766,745.22787,0.8,"[3644.93333333, 3644.93333333]","[20.0, 20.0]",0.08,90.0,20.0,null,gabors,-40.0,null,4.0,0.25020826,149,0.037927788,-5.3567572,8,0.22113165,True,13,train,2
2640,0.0,745.22787,745.47808,0.8,"[3644.93333333, 3644.93333333]","[20.0, 20.0]",0.08,90.0,10.0,null,gabors,30.0,null,4.0,0.25020826,229,0.054181563,-5.4320369,7,0.24014918,True,13,train,2
2641,0.0,745.47808,745.72829,0.8,"[3644.93333333, 3644.93333333]","[20.0, 20.0]",0.08,0.0,0.0,null,gabors,40.0,null,4.0,0.25020924,224,-0.11359358,-5.3404132,8,0.2984774,True,10,train,0
2642,0.0,745.72829,745.9785,0.8,"[3644.93333333, 3644.93333333]","[20.0, 20.0]",0.08,90.0,-40.0,null,gabors,-30.0,null,4.0,0.25020924,127,-0.25913262,-5.3530123,7,0.18636961,True,11,test,2
2643,0.0,745.9785,746.2287,0.8,"[3644.93333333, 3644.93333333]","[20.0, 20.0]",0.08,90.0,0.0,null,gabors,40.0,null,4.0,0.25020924,19,-0.14718073,-5.2974359,8,0.13479616,True,12,train,2
2644,0.0,746.2287,746.47891,0.8,"[3644.93333333, 3644.93333333]","[20.0, 20.0]",0.08,45.0,0.0,null,gabors,-20.0,null,4.0,0.25020924,177,-0.28476498,-5.1521163,7,0.20408087,True,9,train,1
2645,0.0,746.47891,746.72913,0.8,"[3644.93333333, 3644.93333333]","[20.0, 20.0]",0.08,90.0,-20.0,null,gabors,10.0,null,4.0,0.25021326,100,-0.14835396,-5.1049241,8,0.15321384,True,8,test,2
2646,0.0,746.72913,746.97934,0.8,"[3644.93333333, 3644.93333333]","[20.0, 20.0]",0.08,0.0,20.0,null,gabors,-40.0,null,4.0,0.25021326,135,-0.022044551,-5.0664666,7,0.15180198,True,9,train,0
2647,0.0,746.97934,747.22955,0.8,"[3644.93333333, 3644.93333333]","[20.0, 20.0]",0.08,0.0,-40.0,null,gabors,10.0,null,4.0,0.25021326,15,-0.26145275,-5.0812014,8,0.095888979,True,10,train,0
2648,0.0,747.22955,747.47977,0.8,"[3644.93333333, 3644.93333333]","[20.0, 20.0]",0.08,90.0,0.0,null,gabors,-20.0,null,4.0,0.25021326,197,-0.32657311,-4.9233782,7,0.18110972,True,10,train,2
2649,0.0,747.47977,747.72997,0.8,"[3644.93333333, 3644.93333333]","[20.0, 20.0]",0.08,45.0,40.0,null,gabors,10.0,null,4.0,0.25020424,150,-0.37188854,-5.2313862,8,0.19027679,True,10,train,1
2650,0.0,747.72997,747.98018,0.8,"[3644.93333333, 3644.93333333]","[20.0, 20.0]",0.08,0.0,30.0,null,gabors,40.0,null,4.0,0.25020424,54,-0.38766176,-5.2061242,7,0.095997352,True,11,test,0
2651,0.0,747.98018,748.23038,0.8,"[3644.93333333, 3644.93333333]","[20.0, 20.0]",0.08,45.0,-30.0,null,gabors,-30.0,null,4.0,0.25020424,221,-0.29781789,-5.2418104,8,0.19579614,True,8,test,1
2652,0.0,748.23038,748.48058,0.8,"[3644.93333333, 3644.93333333]","[20.0, 20.0]",0.08,45.0,-10.0,null,gabors,-10.0,null,4.0,0.25020424,170,-0.20532004,-5.0322543,7,0.3226718,True,12,train,1
2653,0.0,748.48058,748.73079,0.8,"[3644.93333333, 3644.93333333]","[20.0, 20.0]",0.08,45.0,0.0,null,gabors,30.0,null,4.0,0.25021076,64,-0.24244966,-5.0894057,8,0.31285403,True,12,train,1
2654,0.0,748.73079,748.98101,0.8,"[3644.93333333, 3644.93333333]","[20.0, 20.0]",0.08,45.0,30.0,null,gabors,10.0,null,4.0,0.25021076,86,-0.39190021,-4.7743071,7,0.14145252,True,9,train,1
2655,0.0,748.98101,749.23122,0.8,"[3644.93333333, 3644.93333333]","[20.0, 20.0]",0.08,90.0,-10.0,null,gabors,-10.0,null,4.0,0.25021076,32,-0.16506887,-4.9028074,8,0.30876552,True,10,train,2
2656,0.0,749.23122,749.48143,0.8,"[3644.93333333, 3644.93333333]","[20.0, 20.0]",0.08,0.0,-20.0,null,gabors,-30.0,null,4.0,0.25021076,236,-0.69216191,-4.8672059,7,0.18033806,True,10,train,0
2657,0.0,749.48143,749.73163,0.8,"[3644.93333333, 3644.93333333]","[20.0, 20.0]",0.08,45.0,40.0,null,gabors,40.0,null,4.0,0.25020674,178,-0.59669891,-4.759129,8,0.23103136,True,13,train,1
2658,0.0,749.73163,749.98184,0.8,"[3644.93333333, 3644.93333333]","[20.0, 20.0]",0.08,45.0,30.0,null,gabors,20.0,null,4.0,0.25020674,49,-0.054206731,-4.7892479,7,0.17390376,True,10,train,1
2659,0.0,749.98184,750.23205,0.8,"[3644.93333333, 3644.93333333]","[20.0, 20.0]",0.08,0.0,-10.0,null,gabors,20.0,null,4.0,0.25020674,28,-0.0082019635,-4.7669234,8,0.13414923,True,11,test,0
2660,0.0,750.23205,750.48225,0.8,"[3644.93333333, 3644.93333333]","[20.0, 20.0]",0.08,90.0,40.0,null,gabors,40.0,null,4.0,0.25020674,48,-0.19508715,-4.8836173,7,0.238146,True,11,test,2
2661,0.0,750.48225,750.73246,0.8,"[3644.93333333, 3644.93333333]","[20.0, 20.0]",0.08,0.0,30.0,null,gabors,-30.0,null,4.0,0.25021076,16,0.099755378,-4.8913578,8,0.097590498,True,10,train,0
2662,0.0,750.73246,750.98268,0.8,"[3644.93333333, 3644.93333333]","[20.0, 20.0]",0.08,45.0,10.0,null,gabors,40.0,null,4.0,0.25021076,235,0.069273415,-5.0296031,7,0.11934079,True,4,train,1
2663,0.0,750.98268,751.23289,0.8,"[3644.93333333, 3644.93333333]","[20.0, 20.0]",0.08,90.0,30.0,null,gabors,10.0,null,4.0,0.25021076,40,0.067412114,-5.0772904,8,0.13660488,True,10,train,2
2664,0.0,751.23289,751.4831,0.8,"[3644.93333333, 3644.93333333]","[20.0, 20.0]",0.08,90.0,30.0,null,gabors,-40.0,null,4.0,0.25021076,27,0.19099728,-4.7913629,7,0.186424,True,8,test,2
2665,0.0,751.4831,751.73331,0.8,"[3644.93333333, 3644.93333333]","[20.0, 20.0]",0.08,0.0,20.0,null,gabors,-10.0,null,4.0,0.25020924,213,0.19011283,-4.7933404,8,0.16503172,True,7,train,0
2666,0.0,751.73331,751.98352,0.8,"[3644.93333333, 3644.93333333]","[20.0, 20.0]",0.08,45.0,-30.0,null,gabors,-20.0,null,4.0,0.25020924,205,0.06042381,-4.8539318,7,0.16421177,True,11,test,1
2667,0.0,751.98352,752.23372,0.8,"[3644.93333333, 3644.93333333]","[20.0, 20.0]",0.08,90.0,20.0,null,gabors,-30.0,null,4.0,0.25020924,231,0.13273116,-4.7133519,8,0.11648514,True,9,train,2
2668,0.0,752.23372,752.48393,0.8,"[3644.93333333, 3644.93333333]","[20.0, 20.0]",0.08,45.0,-20.0,null,gabors,30.0,null,4.0,0.25020924,232,-0.010795945,-4.6754767,7,0.19763433,True,10,train,1
2669,0.0,752.48393,752.73414,0.8,"[3644.93333333, 3644.93333333]","[20.0, 20.0]",0.08,90.0,20.0,null,gabors,-20.0,null,4.0,0.25021076,98,0.18774655,-4.7228999,8,0.079814806,True,9,train,2
2670,0.0,752.73414,752.98436,0.8,"[3644.93333333, 3644.93333333]","[20.0, 20.0]",0.08,0.0,-40.0,null,gabors,40.0,null,4.0,0.25021076,141,0.38433443,-4.8752512,7,0.15963555,True,12,train,0
2671,0.0,752.98436,753.23457,0.8,"[3644.93333333, 3644.93333333]","[20.0, 20.0]",0.08,0.0,30.0,null,gabors,40.0,null,4.0,0.25021076,54,0.44931283,-4.9719185,8,0.18122667,True,12,train,0
2672,0.0,753.23457,753.48478,0.8,"[3644.93333333, 3644.93333333]","[20.0, 20.0]",0.08,45.0,-40.0,null,gabors,-20.0,null,4.0,0.25021076,77,0.58252543,-4.9184475,7,0.16742296,True,8,test,1
2673,0.0,753.48478,753.73498,0.8,"[3644.93333333, 3644.93333333]","[20.0, 20.0]",0.08,90.0,10.0,null,gabors,-20.0,null,4.0,0.25020424,158,0.2988058,-4.9367389,8,0.2581347,True,10,train,2
2674,0.0,753.73498,753.98519,0.8,"[3644.93333333, 3644.93333333]","[20.0, 20.0]",0.08,90.0,40.0,null,gabors,20.0,null,4.0,0.25020424,189,0.11477496,-4.8105225,7,0.11643006,True,11,test,2
2675,0.0,753.98519,754.23539,0.8,"[3644.93333333, 3644.93333333]","[20.0, 20.0]",0.08,90.0,-30.0,null,gabors,-20.0,null,4.0,0.25020424,44,0.07247002,-4.7082446,8,0.1323937,True,8,test,2
2676,0.0,754.23539,754.48559,0.8,"[3644.93333333, 3644.93333333]","[20.0, 20.0]",0.08,0.0,0.0,null,gabors,-10.0,null,4.0,0.25020424,160,-0.065087053,-4.7033132,7,0.096505678,True,11,test,0
2677,0.0,754.48559,754.73581,0.8,"[3644.93333333, 3644.93333333]","[20.0, 20.0]",0.08,90.0,-40.0,null,gabors,40.0,null,4.0,0.25022076,156,-0.23899243,-4.8399871,8,0.16540871,True,9,train,2
2678,0.0,754.73581,754.98604,0.8,"[3644.93333333, 3644.93333333]","[20.0, 20.0]",0.08,90.0,-30.0,null,gabors,0.0,null,4.0,0.25022076,188,-0.16835438,-4.5954687,7,0.10211503,True,10,train,2
2679,0.0,754.98604,755.23626,0.8,"[3644.93333333, 3644.93333333]","[20.0, 20.0]",0.08,90.0,-40.0,null,gabors,40.0,null,4.0,0.25022076,156,-0.12065139,-4.325431,8,0.19529382,True,10,train,2
2680,0.0,755.23626,755.48648,0.8,"[3644.93333333, 3644.93333333]","[20.0, 20.0]",0.08,45.0,-40.0,null,gabors,0.0,null,4.0,0.25022076,168,-0.068737848,-3.9575292,7,0.14351698,True,9,train,1
2681,0.0,755.48648,755.73668,0.8,"[3644.93333333, 3644.93333333]","[20.0, 20.0]",0.08,0.0,30.0,null,gabors,40.0,null,4.0,0.25019924,54,-0.26688383,-3.9483976,8,0.32029859,True,13,train,0
2682,0.0,755.73668,755.98688,0.8,"[3644.93333333, 3644.93333333]","[20.0, 20.0]",0.08,90.0,30.0,null,gabors,-40.0,null,4.0,0.25019924,27,-0.060957177,-4.0099637,7,0.15548163,True,9,train,2
2683,0.0,755.98688,756.23707,0.8,"[3644.93333333, 3644.93333333]","[20.0, 20.0]",0.08,45.0,20.0,null,gabors,0.0,null,4.0,0.25019924,228,-0.018124653,-4.1761055,8,0.2019471,True,10,train,1
2684,0.0,756.23707,756.48727,0.8,"[3644.93333333, 3644.93333333]","[20.0, 20.0]",0.08,45.0,0.0,null,gabors,40.0,null,4.0,0.25019924,159,-0.19762851,-3.88038,6,0.3214266,True,12,train,1
2685,0.0,756.48727,756.73748,0.8,"[3644.93333333, 3644.93333333]","[20.0, 20.0]",0.08,45.0,0.0,null,gabors,-20.0,null,4.0,0.25021076,177,-0.43000189,-4.8507496,6,0.25872706,True,10,train,1
2686,0.0,756.73748,756.9877,0.8,"[3644.93333333, 3644.93333333]","[20.0, 20.0]",0.08,0.0,40.0,null,gabors,-30.0,null,4.0,0.25021076,92,-0.22366871,-4.6987979,8,0.23467872,True,9,train,0
2687,0.0,756.9877,757.23791,0.8,"[3644.93333333, 3644.93333333]","[20.0, 20.0]",0.08,90.0,0.0,null,gabors,-40.0,null,4.0,0.25021076,82,-0.26018786,-4.4878919,8,0.21189264,True,10,train,2
2688,0.0,757.23791,757.48812,0.8,"[3644.93333333, 3644.93333333]","[20.0, 20.0]",0.08,0.0,-20.0,null,gabors,20.0,null,4.0,0.25021076,237,-0.74044195,-4.4931179,7,0.24868448,True,10,train,0
2689,0.0,757.48812,757.73832,0.8,"[3644.93333333, 3644.93333333]","[20.0, 20.0]",0.08,45.0,-20.0,null,gabors,40.0,null,4.0,0.25020674,81,-0.66097831,-4.4239936,8,0.16596639,True,11,test,1
2690,0.0,757.73832,757.98853,0.8,"[3644.93333333, 3644.93333333]","[20.0, 20.0]",0.08,0.0,10.0,null,gabors,40.0,null,4.0,0.25020674,133,-0.67743578,-4.5241912,7,0.18855345,True,8,test,0
2691,0.0,757.98853,758.23874,0.8,"[3644.93333333, 3644.93333333]","[20.0, 20.0]",0.08,0.0,40.0,null,gabors,30.0,null,4.0,0.25020674,2,-0.32895797,-4.433419,5,0.29903577,True,10,train,0
2692,0.0,758.23874,758.48894,0.8,"[3644.93333333, 3644.93333333]","[20.0, 20.0]",0.08,0.0,10.0,null,gabors,-20.0,null,4.0,0.25020674,35,0.4670062,2.4782881,6,0.34039784,True,11,test,0
2693,0.0,758.48894,758.73916,0.8,"[3644.93333333, 3644.93333333]","[20.0, 20.0]",0.08,0.0,40.0,null,gabors,-40.0,null,4.0,0.25022076,174,0.50034409,2.3893681,7,0.16744714,True,9,train,0
2694,0.0,758.73916,758.98939,0.8,"[3644.93333333, 3644.93333333]","[20.0, 20.0]",0.08,90.0,-10.0,null,gabors,-40.0,null,4.0,0.25022076,198,0.12770926,1.965781,7,0.089983027,True,11,test,2
2695,0.0,758.98939,759.23961,0.8,"[3644.93333333, 3644.93333333]","[20.0, 20.0]",0.08,90.0,-20.0,null,gabors,-30.0,null,4.0,0.25022076,162,0.20539921,1.8161532,7,0.14206969,True,13,train,2
2696,0.0,759.23961,759.48983,0.8,"[3644.93333333, 3644.93333333]","[20.0, 20.0]",0.08,0.0,-10.0,null,gabors,10.0,null,4.0,0.25022076,114,0.14193928,1.8022763,8,0.13169496,True,11,test,0
2697,0.0,759.48983,759.74002,0.8,"[3644.93333333, 3644.93333333]","[20.0, 20.0]",0.08,90.0,-30.0,null,gabors,20.0,null,4.0,0.25019674,173,0.058457621,1.7544766,7,0.094229896,True,13,train,2
2698,0.0,759.74002,759.99022,0.8,"[3644.93333333, 3644.93333333]","[20.0, 20.0]",0.08,45.0,0.0,null,gabors,-20.0,null,4.0,0.25019674,177,0.35834842,1.4951982,8,0.12070394,True,11,test,1
2699,0.0,759.99022,760.24042,0.8,"[3644.93333333, 3644.93333333]","[20.0, 20.0]",0.08,0.0,10.0,null,gabors,30.0,null,4.0,0.25019674,169,0.29540112,1.3213177,7,0.14914928,True,9,train,0
2700,0.0,760.24042,760.49061,0.8,"[3644.93333333, 3644.93333333]","[20.0, 20.0]",0.08,0.0,10.0,null,gabors,-10.0,null,4.0,0.25019674,182,0.20866902,1.6021713,8,0.15262893,True,10,train,0
2701,0.0,760.49061,760.74084,0.8,"[3644.93333333, 3644.93333333]","[20.0, 20.0]",0.08,90.0,-10.0,null,gabors,30.0,null,4.0,0.25022326,87,0.27072531,1.5024691,7,0.091961372,True,9,train,2
2702,0.0,760.74084,760.99106,0.8,"[3644.93333333, 3644.93333333]","[20.0, 20.0]",0.08,45.0,20.0,null,gabors,20.0,null,4.0,0.25022326,76,0.27556253,1.5569082,8,0.13287096,True,12,train,1
2703,0.0,760.99106,761.24128,0.8,"[3644.93333333, 3644.93333333]","[20.0, 20.0]",0.08,45.0,-10.0,null,gabors,-20.0,null,4.0,0.25022326,166,0.19336591,1.336956,7,0.19696139,True,12,train,1
2704,0.0,761.24128,761.49151,0.8,"[3644.93333333, 3644.93333333]","[20.0, 20.0]",0.08,90.0,10.0,null,gabors,-30.0,null,4.0,0.25022326,209,0.1504449,1.6039856,8,0.10654244,True,9,train,2
2705,0.0,761.49151,761.7417,0.8,"[3644.93333333, 3644.93333333]","[20.0, 20.0]",0.08,0.0,-10.0,null,gabors,30.0,null,4.0,0.25019424,219,0.30569142,1.3415066,7,0.25459832,True,7,train,0
2706,0.0,761.7417,761.9919,0.8,"[3644.93333333, 3644.93333333]","[20.0, 20.0]",0.08,0.0,-40.0,null,gabors,-20.0,null,4.0,0.25019424,95,0.17998773,1.4354258,8,0.10535188,True,11,test,0
2707,0.0,761.9919,762.24209,0.8,"[3644.93333333, 3644.93333333]","[20.0, 20.0]",0.08,45.0,20.0,null,gabors,10.0,null,4.0,0.25019424,187,0.39033338,1.3796336,7,0.17253522,True,10,train,1
2708,0.0,762.24209,762.49228,0.8,"[3644.93333333, 3644.93333333]","[20.0, 20.0]",0.08,45.0,40.0,null,gabors,-10.0,null,4.0,0.25019424,171,0.3878594,1.2928196,8,0.12299339,True,10,train,1
2709,0.0,762.49228,762.7425,0.8,"[3644.93333333, 3644.93333333]","[20.0, 20.0]",0.08,45.0,-30.0,null,gabors,-30.0,null,4.0,0.25022076,221,0.13679468,1.158224,7,0.19734352,True,9,train,1
2710,0.0,762.7425,762.99273,0.8,"[3644.93333333, 3644.93333333]","[20.0, 20.0]",0.08,0.0,30.0,null,gabors,-20.0,null,4.0,0.25022076,176,0.16221649,1.3377894,8,0.15023283,True,10,train,0
2711,0.0,762.99273,763.24295,0.8,"[3644.93333333, 3644.93333333]","[20.0, 20.0]",0.08,90.0,40.0,null,gabors,10.0,null,4.0,0.25022076,52,0.3844768,1.1066403,7,0.14808675,True,11,test,2
2712,0.0,763.24295,763.49317,0.8,"[3644.93333333, 3644.93333333]","[20.0, 20.0]",0.08,90.0,-20.0,null,gabors,20.0,null,4.0,0.25022076,18,0.37817892,1.2765517,8,0.19179092,True,9,train,2
2713,0.0,763.49317,763.74337,0.8,"[3644.93333333, 3644.93333333]","[20.0, 20.0]",0.08,0.0,20.0,null,gabors,40.0,null,4.0,0.25019924,72,0.74651924,1.2009831,7,0.21908701,True,12,train,0
2714,0.0,763.74337,763.99357,0.8,"[3644.93333333, 3644.93333333]","[20.0, 20.0]",0.08,45.0,-20.0,null,gabors,-20.0,null,4.0,0.25019924,83,0.41379868,1.2355564,8,0.34189841,True,11,test,1
2715,0.0,763.99357,764.24376,0.8,"[3644.93333333, 3644.93333333]","[20.0, 20.0]",0.08,45.0,-40.0,null,gabors,0.0,null,4.0,0.25019924,168,0.0043794283,-2.0941369,7,0.25678741,True,10,train,1
2716,0.0,764.24376,764.49396,0.8,"[3644.93333333, 3644.93333333]","[20.0, 20.0]",0.08,90.0,40.0,null,gabors,30.0,null,4.0,0.25019924,122,-0.11022497,-2.2683393,8,0.31478558,True,10,train,2
2717,0.0,764.49396,764.74419,0.8,"[3644.93333333, 3644.93333333]","[20.0, 20.0]",0.08,45.0,-30.0,null,gabors,-40.0,null,4.0,0.25022326,91,-0.30194388,-1.7612413,7,0.34150683,True,11,test,1
2718,0.0,764.74419,764.99441,0.8,"[3644.93333333, 3644.93333333]","[20.0, 20.0]",0.08,0.0,-20.0,null,gabors,20.0,null,4.0,0.25022326,237,0.040758536,-2.0010525,8,0.13766972,True,11,test,0
2719,0.0,764.99441,765.24463,0.8,"[3644.93333333, 3644.93333333]","[20.0, 20.0]",0.08,45.0,-20.0,null,gabors,10.0,null,4.0,0.25022326,218,-0.035891724,-2.0833767,7,0.17659867,True,11,test,1
2720,0.0,765.24463,765.49486,0.8,"[3644.93333333, 3644.93333333]","[20.0, 20.0]",0.08,0.0,20.0,null,gabors,-40.0,null,4.0,0.25022326,135,-0.11032365,-2.0896083,8,0.12682779,True,10,train,0
2721,0.0,765.49486,765.74505,0.8,"[3644.93333333, 3644.93333333]","[20.0, 20.0]",0.08,0.0,10.0,null,gabors,-30.0,null,4.0,0.25019424,116,0.18943093,-2.1362844,7,3.1980972,True,12,train,0
2722,0.0,765.74505,765.99525,0.8,"[3644.93333333, 3644.93333333]","[20.0, 20.0]",0.08,45.0,10.0,null,gabors,-40.0,null,4.0,0.25019424,5,0.40925582,4.2480829,8,0.12359501,True,12,train,1
2723,0.0,765.99525,766.24544,0.8,"[3644.93333333, 3644.93333333]","[20.0, 20.0]",0.08,0.0,-30.0,null,gabors,20.0,null,4.0,0.25019424,185,0.49126618,4.1603216,7,0.22115478,True,11,test,0
2724,0.0,766.24544,766.49563,0.8,"[3644.93333333, 3644.93333333]","[20.0, 20.0]",0.08,90.0,-20.0,null,gabors,40.0,null,4.0,0.25019424,147,0.52160596,3.7392814,8,0.14823147,True,12,train,2
2725,0.0,766.49563,766.74585,0.8,"[3644.93333333, 3644.93333333]","[20.0, 20.0]",0.08,0.0,-10.0,null,gabors,40.0,null,4.0,0.25021826,60,0.32086643,3.7132099,7,0.14336397,True,10,train,0
2726,0.0,766.74585,766.99607,0.8,"[3644.93333333, 3644.93333333]","[20.0, 20.0]",0.08,0.0,40.0,null,gabors,0.0,null,4.0,0.25021826,242,0.30433401,3.7138593,8,0.18106313,True,11,test,0
2727,0.0,766.99607,767.24629,0.8,"[3644.93333333, 3644.93333333]","[20.0, 20.0]",0.08,0.0,10.0,null,gabors,40.0,null,4.0,0.25021826,133,0.28277434,3.5081003,7,0.13640492,True,9,train,0
2728,0.0,767.24629,767.49651,0.8,"[3644.93333333, 3644.93333333]","[20.0, 20.0]",0.08,90.0,-30.0,null,gabors,40.0,null,4.0,0.25021826,75,0.11752222,3.3762915,8,0.31339267,True,9,train,2
2729,0.0,767.49651,767.74671,0.8,"[3644.93333333, 3644.93333333]","[20.0, 20.0]",0.08,0.0,0.0,null,gabors,40.0,null,4.0,0.25019924,224,0.28187225,3.4430283,7,0.10866343,True,11,test,0
2730,0.0,767.74671,767.99691,0.8,"[3644.93333333, 3644.93333333]","[20.0, 20.0]",0.08,0.0,40.0,null,gabors,-10.0,null,4.0,0.25019924,67,0.33261144,3.1076179,8,0.30456181,True,10,train,0
2731,0.0,767.99691,768.2471,0.8,"[3644.93333333, 3644.93333333]","[20.0, 20.0]",0.08,90.0,30.0,null,gabors,-20.0,null,4.0,0.25019924,212,0.4157847,2.5132223,7,0.16403755,True,11,test,2
2732,0.0,768.2471,768.4973,0.8,"[3644.93333333, 3644.93333333]","[20.0, 20.0]",0.08,0.0,40.0,null,gabors,40.0,null,4.0,0.25019924,110,0.28598434,2.4137204,8,0.18144836,True,11,test,0
2733,0.0,768.4973,768.74751,0.8,"[3644.93333333, 3644.93333333]","[20.0, 20.0]",0.08,90.0,10.0,null,gabors,10.0,null,4.0,0.25020826,20,0.40669644,2.0318212,7,0.15287369,True,11,test,2
2734,0.0,768.74751,768.99772,0.8,"[3644.93333333, 3644.93333333]","[20.0, 20.0]",0.08,45.0,-30.0,null,gabors,40.0,null,4.0,0.25020826,3,0.19494229,1.922964,8,0.15035862,True,11,test,1
2735,0.0,768.99772,769.24793,0.8,"[3644.93333333, 3644.93333333]","[20.0, 20.0]",0.08,90.0,30.0,null,gabors,-10.0,null,4.0,0.25020826,211,0.28816079,2.0850845,7,0.16347747,True,8,test,2
2736,0.0,769.24793,769.49814,0.8,"[3644.93333333, 3644.93333333]","[20.0, 20.0]",0.08,0.0,-20.0,null,gabors,10.0,null,4.0,0.25020826,94,0.26140363,-1.5319767,8,1.2105526,True,8,test,0
2737,0.0,769.49814,769.74835,0.8,"[3644.93333333, 3644.93333333]","[20.0, 20.0]",0.08,0.0,-20.0,null,gabors,10.0,null,4.0,0.25021174,94,0.32204026,-1.5549235,7,0.21190654,True,9,train,0
2738,0.0,769.74835,769.99856,0.8,"[3644.93333333, 3644.93333333]","[20.0, 20.0]",0.08,0.0,30.0,null,gabors,10.0,null,4.0,0.25021174,137,0.20544987,-1.8315432,8,0.12866978,True,13,train,0
2739,0.0,769.99856,770.24877,0.8,"[3644.93333333, 3644.93333333]","[20.0, 20.0]",0.08,0.0,-20.0,null,gabors,-30.0,null,4.0,0.25021174,236,0.23287044,-1.8925,7,0.28282521,True,11,test,0
2740,0.0,770.24877,770.49898,0.8,"[3644.93333333, 3644.93333333]","[20.0, 20.0]",0.08,0.0,10.0,null,gabors,40.0,null,4.0,0.25021174,133,-0.15626274,-2.0487848,8,2.0605994,True,10,train,0
2741,0.0,770.49898,770.7492,0.8,"[3644.93333333, 3644.93333333]","[20.0, 20.0]",0.08,45.0,0.0,null,gabors,30.0,null,4.0,0.25021826,64,0.45346573,2.8575832,6,0.17483894,True,13,train,1
2742,0.0,770.7492,770.99942,0.8,"[3644.93333333, 3644.93333333]","[20.0, 20.0]",0.08,45.0,-40.0,null,gabors,-40.0,null,4.0,0.25021826,157,0.22863074,2.4796619,8,0.24691172,True,13,train,1
2743,0.0,770.99942,771.24964,0.8,"[3644.93333333, 3644.93333333]","[20.0, 20.0]",0.08,0.0,40.0,null,gabors,30.0,null,4.0,0.25021826,2,0.40352151,2.2455265,7,0.18759929,True,11,test,0
2744,0.0,771.24964,771.49986,0.8,"[3644.93333333, 3644.93333333]","[20.0, 20.0]",0.08,90.0,-30.0,null,gabors,-40.0,null,4.0,0.25021826,90,0.20188209,2.2102169,8,0.11901821,True,11,test,2
2745,0.0,771.49986,771.75006,0.8,"[3644.93333333, 3644.93333333]","[20.0, 20.0]",0.08,45.0,-20.0,null,gabors,10.0,null,4.0,0.25020174,218,0.23111269,1.9931996,7,0.15580686,True,12,train,1
2746,0.0,771.75006,772.00026,0.8,"[3644.93333333, 3644.93333333]","[20.0, 20.0]",0.08,90.0,-10.0,null,gabors,-10.0,null,4.0,0.25020174,32,0.26929907,1.9614978,8,0.065811424,True,11,test,2
2747,0.0,772.00026,772.25046,0.8,"[3644.93333333, 3644.93333333]","[20.0, 20.0]",0.08,90.0,40.0,null,gabors,30.0,null,4.0,0.25020174,122,0.29056986,1.964763,7,0.17687667,True,11,test,2
2748,0.0,772.25046,772.50066,0.8,"[3644.93333333, 3644.93333333]","[20.0, 20.0]",0.08,0.0,20.0,null,gabors,0.0,null,4.0,0.25020174,148,0.19034184,2.0122257,8,0.16091889,True,9,train,0
2749,0.0,772.50066,772.75087,0.8,"[3644.93333333, 3644.93333333]","[20.0, 20.0]",0.08,90.0,-30.0,null,gabors,0.0,null,4.0,0.25020326,188,0.33275924,2.0847209,7,0.25010274,True,11,test,2
2750,0.0,772.75087,773.00107,0.8,"[3644.93333333, 3644.93333333]","[20.0, 20.0]",0.08,90.0,30.0,null,gabors,40.0,null,4.0,0.25020326,142,0.31420229,2.0572581,8,0.21584671,True,10,train,2
2751,0.0,773.00107,773.25127,0.8,"[3644.93333333, 3644.93333333]","[20.0, 20.0]",0.08,0.0,-40.0,null,gabors,-40.0,null,4.0,0.25020326,69,0.19202085,2.0819351,7,0.22250428,True,11,test,0
2752,0.0,773.25127,773.50148,0.8,"[3644.93333333, 3644.93333333]","[20.0, 20.0]",0.08,45.0,-40.0,null,gabors,-20.0,null,4.0,0.25020326,77,-0.039758843,-3.61843,8,1.3707003,True,9,train,1
2753,0.0,773.50148,773.75169,0.8,"[3644.93333333, 3644.93333333]","[20.0, 20.0]",0.08,45.0,20.0,null,gabors,20.0,null,4.0,0.25021424,76,0.23126508,-3.1027346,4,0.14400635,True,13,train,1
2754,0.0,773.75169,774.00191,0.8,"[3644.93333333, 3644.93333333]","[20.0, 20.0]",0.08,0.0,-20.0,null,gabors,10.0,null,4.0,0.25021424,94,0.19089514,-2.8521973,8,0.22059071,True,10,train,0
2755,0.0,774.00191,774.25212,0.8,"[3644.93333333, 3644.93333333]","[20.0, 20.0]",0.08,45.0,0.0,null,gabors,20.0,null,4.0,0.25021424,24,0.31641175,-3.1415592,7,0.10238443,True,9,train,1
2756,0.0,774.25212,774.50233,0.8,"[3644.93333333, 3644.93333333]","[20.0, 20.0]",0.08,0.0,-10.0,null,gabors,0.0,null,4.0,0.25021424,201,0.20845998,-3.0203739,8,0.29395064,True,9,train,0
2757,0.0,774.50233,774.75255,0.8,"[3644.93333333, 3644.93333333]","[20.0, 20.0]",0.08,0.0,-40.0,null,gabors,-10.0,null,4.0,0.25021326,103,0.3017086,-2.8764532,7,0.25464138,True,10,train,0
2758,0.0,774.75255,775.00276,0.8,"[3644.93333333, 3644.93333333]","[20.0, 20.0]",0.08,90.0,30.0,null,gabors,40.0,null,4.0,0.25021326,142,0.12923231,-2.9257515,8,0.31154224,True,11,test,2
2759,0.0,775.00276,775.25297,0.8,"[3644.93333333, 3644.93333333]","[20.0, 20.0]",0.08,45.0,30.0,null,gabors,20.0,null,4.0,0.25021326,49,0.040620294,-2.8607095,7,0.18656223,True,11,test,1
2760,0.0,775.25297,775.50319,0.8,"[3644.93333333, 3644.93333333]","[20.0, 20.0]",0.08,0.0,20.0,null,gabors,-10.0,null,4.0,0.25021326,213,-0.041771305,-2.8336077,8,0.1645331,True,8,test,0
2761,0.0,775.50319,775.75339,0.8,"[3644.93333333, 3644.93333333]","[20.0, 20.0]",0.08,90.0,40.0,null,gabors,-20.0,null,4.0,0.25020424,214,0.46723829,-2.8326537,7,0.34166985,True,6,train,2
2762,0.0,775.75339,776.0036,0.8,"[3644.93333333, 3644.93333333]","[20.0, 20.0]",0.08,0.0,20.0,null,gabors,0.0,null,4.0,0.25020424,148,0.0068607232,-2.6500124,8,0.213153,True,10,train,0
2763,0.0,776.0036,776.2538,0.8,"[3644.93333333, 3644.93333333]","[20.0, 20.0]",0.08,45.0,0.0,null,gabors,20.0,null,4.0,0.25020424,24,0.26582256,-2.5541611,7,0.23436078,True,10,train,1
2764,0.0,776.2538,776.504,0.8,"[3644.93333333, 3644.93333333]","[20.0, 20.0]",0.08,90.0,-30.0,null,gabors,-30.0,null,4.0,0.25020424,124,0.23945466,-2.841136,8,0.17281746,True,11,test,2
2765,0.0,776.504,776.75422,0.8,"[3644.93333333, 3644.93333333]","[20.0, 20.0]",0.08,90.0,-10.0,null,gabors,20.0,null,4.0,0.25021326,1,0.23955653,-2.6650032,7,0.10567223,True,10,train,2
2766,0.0,776.75422,777.00443,0.8,"[3644.93333333, 3644.93333333]","[20.0, 20.0]",0.08,0.0,-10.0,null,gabors,-30.0,null,4.0,0.25021326,164,0.40709698,-2.2783804,8,0.13835299,True,10,train,0
2767,0.0,777.00443,777.25464,0.8,"[3644.93333333, 3644.93333333]","[20.0, 20.0]",0.08,45.0,0.0,null,gabors,40.0,null,4.0,0.25021326,159,0.16975739,-2.5712267,7,0.21342997,True,13,train,1
2768,0.0,777.25464,777.50486,0.8,"[3644.93333333, 3644.93333333]","[20.0, 20.0]",0.08,0.0,-40.0,null,gabors,-30.0,null,4.0,0.25021326,220,0.57036178,-2.4065802,8,0.15862201,True,12,train,0
2769,0.0,777.50486,777.75506,0.8,"[3644.93333333, 3644.93333333]","[20.0, 20.0]",0.08,90.0,-20.0,null,gabors,10.0,null,4.0,0.25020424,100,0.27116331,-2.4253293,7,0.30900761,True,9,train,2
2770,0.0,777.75506,778.00527,0.8,"[3644.93333333, 3644.93333333]","[20.0, 20.0]",0.08,0.0,-40.0,null,gabors,-20.0,null,4.0,0.25020424,95,0.59882138,-2.2348052,8,0.12827809,True,12,train,0
2771,0.0,778.00527,778.25547,0.8,"[3644.93333333, 3644.93333333]","[20.0, 20.0]",0.08,0.0,10.0,null,gabors,-40.0,null,4.0,0.25020424,233,0.23179966,-2.379,7,0.17805991,True,9,train,0
2772,0.0,778.25547,778.50567,0.8,"[3644.93333333, 3644.93333333]","[20.0, 20.0]",0.08,90.0,-10.0,null,gabors,30.0,null,4.0,0.25020424,87,0.070289823,-2.7374173,7,0.12294519,True,10,train,2
2773,0.0,778.50567,778.75589,0.8,"[3644.93333333, 3644.93333333]","[20.0, 20.0]",0.08,0.0,-40.0,null,gabors,10.0,null,4.0,0.25021826,15,0.060867597,-2.6441152,7,0.34776727,True,11,test,0
2774,0.0,778.75589,779.00611,0.8,"[3644.93333333, 3644.93333333]","[20.0, 20.0]",0.08,0.0,-20.0,null,gabors,40.0,null,4.0,0.25021826,33,0.3748396,-2.543274,8,0.23561623,True,13,train,0
2775,0.0,779.00611,779.25633,0.8,"[3644.93333333, 3644.93333333]","[20.0, 20.0]",0.08,90.0,40.0,null,gabors,-10.0,null,4.0,0.25021826,51,0.12424856,-2.6206268,8,0.21479029,True,9,train,2
2776,0.0,779.25633,779.50655,0.8,"[3644.93333333, 3644.93333333]","[20.0, 20.0]",0.08,0.0,-30.0,null,gabors,0.0,null,4.0,0.25021826,193,0.1773525,-2.6697801,7,0.30835788,True,12,train,0
2777,0.0,779.50655,779.75675,0.8,"[3644.93333333, 3644.93333333]","[20.0, 20.0]",0.08,45.0,20.0,null,gabors,40.0,null,4.0,0.25020174,93,0.13131504,-2.5252599,7,0.21056775,True,12,train,1
2778,0.0,779.75675,780.00695,0.8,"[3644.93333333, 3644.93333333]","[20.0, 20.0]",0.08,90.0,-10.0,null,gabors,20.0,null,4.0,0.25020174,1,-0.0056762913,-2.7573328,8,0.083740542,True,11,test,2
2779,0.0,780.00695,780.25715,0.8,"[3644.93333333, 3644.93333333]","[20.0, 20.0]",0.08,90.0,40.0,null,gabors,-40.0,null,4.0,0.25020174,21,0.071908511,-2.5870895,8,0.26714907,True,11,test,2
2780,0.0,780.25715,780.50735,0.8,"[3644.93333333, 3644.93333333]","[20.0, 20.0]",0.08,90.0,-20.0,null,gabors,-10.0,null,4.0,0.25020174,153,-0.078864406,-2.6256391,7,0.1433808,True,7,train,2
2781,0.0,780.50735,780.75756,0.8,"[3644.93333333, 3644.93333333]","[20.0, 20.0]",0.08,0.0,10.0,null,gabors,30.0,null,4.0,0.25020576,169,0.24143822,-2.514152,7,0.1613638,True,10,train,0
2782,0.0,780.75756,781.00777,0.8,"[3644.93333333, 3644.93333333]","[20.0, 20.0]",0.08,0.0,0.0,null,gabors,-20.0,null,4.0,0.25020576,140,0.51318817,-2.2547933,8,0.13450712,True,12,train,0
2783,0.0,781.00777,781.25797,0.8,"[3644.93333333, 3644.93333333]","[20.0, 20.0]",0.08,45.0,-20.0,null,gabors,10.0,null,4.0,0.25020576,218,0.28543474,-2.2723201,8,0.12785718,True,13,train,1
2784,0.0,781.25797,781.50818,0.8,"[3644.93333333, 3644.93333333]","[20.0, 20.0]",0.08,90.0,10.0,null,gabors,-10.0,null,4.0,0.25020576,138,0.2276315,-2.1040816,7,0.18498737,True,13,train,2
2785,0.0,781.50818,781.75839,0.8,"[3644.93333333, 3644.93333333]","[20.0, 20.0]",0.08,90.0,40.0,null,gabors,-10.0,null,4.0,0.25021174,51,0.086320286,-2.0035218,7,0.10586502,True,10,train,2
2786,0.0,781.75839,782.0086,0.8,"[3644.93333333, 3644.93333333]","[20.0, 20.0]",0.08,45.0,-40.0,null,gabors,40.0,null,4.0,0.25021174,134,0.01169893,-2.0062007,8,0.12874918,True,12,train,1
2787,0.0,782.0086,782.25881,0.8,"[3644.93333333, 3644.93333333]","[20.0, 20.0]",0.08,45.0,-30.0,null,gabors,-30.0,null,4.0,0.25021174,221,-0.0027599233,-1.8411016,8,0.10856411,True,10,train,1
2788,0.0,782.25881,782.50902,0.8,"[3644.93333333, 3644.93333333]","[20.0, 20.0]",0.08,45.0,40.0,null,gabors,-30.0,null,4.0,0.25021174,108,0.092560648,-1.8996249,7,0.18451455,True,9,train,1
2789,0.0,782.50902,782.75923,0.8,"[3644.93333333, 3644.93333333]","[20.0, 20.0]",0.08,0.0,40.0,null,gabors,-30.0,null,4.0,0.25021076,92,-0.096091444,-1.7639856,7,0.10241801,True,10,train,0
2790,0.0,782.75923,783.00945,0.8,"[3644.93333333, 3644.93333333]","[20.0, 20.0]",0.08,0.0,10.0,null,gabors,-10.0,null,4.0,0.25021076,182,0.064365931,-1.7980865,7,0.089702283,True,11,test,0
2791,0.0,783.00945,783.25966,0.8,"[3644.93333333, 3644.93333333]","[20.0, 20.0]",0.08,90.0,10.0,null,gabors,0.0,null,4.0,0.25021076,17,0.063341132,-2.2358656,8,0.24997414,True,10,train,2
2792,0.0,783.25966,783.50987,0.8,"[3644.93333333, 3644.93333333]","[20.0, 20.0]",0.08,45.0,-40.0,null,gabors,30.0,null,4.0,0.25021076,63,0.076170414,-2.1763222,7,0.20351546,True,8,test,1
2793,0.0,783.50987,783.76007,0.8,"[3644.93333333, 3644.93333333]","[20.0, 20.0]",0.08,0.0,-40.0,null,gabors,40.0,null,4.0,0.25020424,141,-0.029739311,-2.1812952,8,0.095884021,True,13,train,0
2794,0.0,783.76007,784.01028,0.8,"[3644.93333333, 3644.93333333]","[20.0, 20.0]",0.08,90.0,-20.0,null,gabors,20.0,null,4.0,0.25020424,18,0.084668108,-2.202686,7,0.087881432,True,10,train,2
2795,0.0,784.01028,784.26048,0.8,"[3644.93333333, 3644.93333333]","[20.0, 20.0]",0.08,0.0,0.0,null,gabors,-40.0,null,4.0,0.25020424,239,0.042700014,-2.1828868,8,0.077395316,True,11,test,0
2796,0.0,784.26048,784.51068,0.8,"[3644.93333333, 3644.93333333]","[20.0, 20.0]",0.08,45.0,-20.0,null,gabors,20.0,null,4.0,0.25020424,113,-0.058474478,-2.2404164,7,0.093404994,True,10,train,1
2797,0.0,784.51068,784.7609,0.8,"[3644.93333333, 3644.93333333]","[20.0, 20.0]",0.08,90.0,40.0,null,gabors,30.0,null,4.0,0.25021326,122,-0.088380889,-2.2186719,7,0.049609212,True,12,train,2
2798,0.0,784.7609,785.01111,0.8,"[3644.93333333, 3644.93333333]","[20.0, 20.0]",0.08,45.0,-30.0,null,gabors,-10.0,null,4.0,0.25021326,41,-0.22545046,-1.9472584,7,0.18903225,True,11,test,1
2799,0.0,785.01111,785.26132,0.8,"[3644.93333333, 3644.93333333]","[20.0, 20.0]",0.08,90.0,20.0,null,gabors,-20.0,null,4.0,0.25021326,98,0.0050792614,-1.7777659,8,0.15457387,True,10,train,2
2800,0.0,785.26132,785.51154,0.8,"[3644.93333333, 3644.93333333]","[20.0, 20.0]",0.08,0.0,-10.0,null,gabors,0.0,null,4.0,0.25021326,201,-0.064809597,-1.7736732,7,0.10953336,True,10,train,0
2801,0.0,785.51154,785.76174,0.8,"[3644.93333333, 3644.93333333]","[20.0, 20.0]",0.08,45.0,0.0,null,gabors,-10.0,null,4.0,0.25020674,8,-0.093976347,-1.7475589,8,0.15877216,True,13,train,1
2802,0.0,785.76174,786.01195,0.8,"[3644.93333333, 3644.93333333]","[20.0, 20.0]",0.08,45.0,-30.0,null,gabors,-20.0,null,4.0,0.25020674,205,0.055676031,-1.6534236,7,0.30695058,True,12,train,1
2803,0.0,786.01195,786.26216,0.8,"[3644.93333333, 3644.93333333]","[20.0, 20.0]",0.08,0.0,0.0,null,gabors,-20.0,null,4.0,0.25020674,140,0.46154888,-1.2641083,8,0.26596787,True,13,train,0
2804,0.0,786.26216,786.51236,0.8,"[3644.93333333, 3644.93333333]","[20.0, 20.0]",0.08,45.0,-20.0,null,gabors,-20.0,null,4.0,0.25020674,83,0.13259801,-1.2302193,7,0.13390936,True,12,train,1
2805,0.0,786.51236,786.76257,0.8,"[3644.93333333, 3644.93333333]","[20.0, 20.0]",0.08,0.0,20.0,null,gabors,30.0,null,4.0,0.25021076,42,0.088184168,-1.2191801,8,0.13267256,True,11,test,0
2806,0.0,786.76257,787.01279,0.8,"[3644.93333333, 3644.93333333]","[20.0, 20.0]",0.08,0.0,-30.0,null,gabors,0.0,null,4.0,0.25021076,193,0.10748428,-1.4396165,7,0.076702968,True,13,train,0
2807,0.0,787.01279,787.263,0.8,"[3644.93333333, 3644.93333333]","[20.0, 20.0]",0.08,90.0,20.0,null,gabors,20.0,null,4.0,0.25021076,210,-0.056873789,-1.4941421,8,0.075194165,True,12,train,2
2808,0.0,787.263,787.51321,0.8,"[3644.93333333, 3644.93333333]","[20.0, 20.0]",0.08,0.0,30.0,null,gabors,40.0,null,4.0,0.25021076,54,-0.29024294,-1.3820055,7,0.22246356,True,14,test,0
2809,0.0,787.51321,787.76341,0.8,"[3644.93333333, 3644.93333333]","[20.0, 20.0]",0.08,90.0,10.0,null,gabors,40.0,null,4.0,0.25020674,225,0.017038415,-1.2111084,8,0.11239525,True,9,train,2
2810,0.0,787.76341,788.01362,0.8,"[3644.93333333, 3644.93333333]","[20.0, 20.0]",0.08,45.0,30.0,null,gabors,-30.0,null,4.0,0.25020674,84,-0.14719003,-1.2260499,7,0.079943987,True,9,train,1
2811,0.0,788.01362,788.26383,0.8,"[3644.93333333, 3644.93333333]","[20.0, 20.0]",0.08,0.0,10.0,null,gabors,-20.0,null,4.0,0.25020674,35,0.020413479,-1.1325607,8,0.19189085,True,12,train,0
2812,0.0,788.26383,788.51403,0.8,"[3644.93333333, 3644.93333333]","[20.0, 20.0]",0.08,90.0,10.0,null,gabors,-30.0,null,4.0,0.25020674,209,0.36799904,-1.0440435,7,0.051711873,True,10,train,2
2813,0.0,788.51403,788.76425,0.8,"[3644.93333333, 3644.93333333]","[20.0, 20.0]",0.08,90.0,0.0,null,gabors,-10.0,null,4.0,0.25021576,7,0.48802234,-0.68040174,8,0.1208638,True,9,train,2
2814,0.0,788.76425,789.01447,0.8,"[3644.93333333, 3644.93333333]","[20.0, 20.0]",0.08,0.0,30.0,null,gabors,-40.0,null,4.0,0.25021576,200,0.64473688,-0.64571578,7,0.11769891,True,13,train,0
2815,0.0,789.01447,789.26468,0.8,"[3644.93333333, 3644.93333333]","[20.0, 20.0]",0.08,90.0,-30.0,null,gabors,10.0,null,4.0,0.25021576,111,0.55848211,-0.80927065,8,0.11053622,True,11,test,2
2816,0.0,789.26468,789.5149,0.8,"[3644.93333333, 3644.93333333]","[20.0, 20.0]",0.08,90.0,0.0,null,gabors,30.0,null,4.0,0.25021576,215,0.6222654,-0.73615523,7,0.078581835,True,11,test,2
2817,0.0,789.5149,789.7651,0.8,"[3644.93333333, 3644.93333333]","[20.0, 20.0]",0.08,45.0,-20.0,null,gabors,-40.0,null,4.0,0.25020424,45,0.53473002,-0.79507365,8,0.13726044,True,11,test,1
2818,0.0,789.7651,790.01531,0.8,"[3644.93333333, 3644.93333333]","[20.0, 20.0]",0.08,0.0,10.0,null,gabors,20.0,null,4.0,0.25020424,145,0.60102301,-0.74397445,7,0.093538929,True,11,test,0
2819,0.0,790.01531,790.26551,0.8,"[3644.93333333, 3644.93333333]","[20.0, 20.0]",0.08,0.0,-10.0,null,gabors,-40.0,null,4.0,0.25020424,112,0.62925633,-0.73752146,8,0.10568145,True,12,train,0
2820,0.0,790.26551,790.51571,0.8,"[3644.93333333, 3644.93333333]","[20.0, 20.0]",0.08,45.0,-20.0,null,gabors,20.0,null,4.0,0.25020424,113,0.73252594,-0.6719986,7,0.060397604,True,11,test,1
2821,0.0,790.51571,790.76593,0.8,"[3644.93333333, 3644.93333333]","[20.0, 20.0]",0.08,90.0,30.0,null,gabors,40.0,null,4.0,0.25021576,142,0.77324781,-0.61940595,8,0.049690584,True,12,train,2
2822,0.0,790.76593,791.01615,0.8,"[3644.93333333, 3644.93333333]","[20.0, 20.0]",0.08,45.0,40.0,null,gabors,-30.0,null,4.0,0.25021576,108,0.70679402,-0.66397891,7,0.12700096,True,10,train,1
2823,0.0,791.01615,791.26636,0.8,"[3644.93333333, 3644.93333333]","[20.0, 20.0]",0.08,45.0,-20.0,null,gabors,30.0,null,4.0,0.25021576,232,0.40995655,-0.66104182,8,0.052586602,True,11,test,1
2824,0.0,791.26636,791.51658,0.8,"[3644.93333333, 3644.93333333]","[20.0, 20.0]",0.08,90.0,-10.0,null,gabors,0.0,null,4.0,0.25021576,227,0.50854097,-0.58525287,7,0.076274902,True,10,train,2
2825,0.0,791.51658,791.76678,0.8,"[3644.93333333, 3644.93333333]","[20.0, 20.0]",0.08,90.0,-40.0,null,gabors,-20.0,null,4.0,0.25020424,128,0.42640332,-0.61706608,8,0.07166795,True,9,train,2
2826,0.0,791.76678,792.01699,0.8,"[3644.93333333, 3644.93333333]","[20.0, 20.0]",0.08,45.0,10.0,null,gabors,-20.0,null,4.0,0.25020424,23,0.50045089,-0.70598114,7,0.070074791,True,9,train,1
2827,0.0,792.01699,792.26719,0.8,"[3644.93333333, 3644.93333333]","[20.0, 20.0]",0.08,90.0,30.0,null,gabors,-10.0,null,4.0,0.25020424,211,0.42928798,-0.77151855,8,0.064580104,True,9,train,2
2828,0.0,792.26719,792.51739,0.8,"[3644.93333333, 3644.93333333]","[20.0, 20.0]",0.08,45.0,-40.0,null,gabors,-30.0,null,4.0,0.25020424,62,0.46748704,-0.56346828,7,0.094285826,True,9,train,1
2829,0.0,792.51739,792.76761,0.8,"[3644.93333333, 3644.93333333]","[20.0, 20.0]",0.08,0.0,20.0,null,gabors,-30.0,null,4.0,0.25022076,155,0.37016866,-0.79057306,8,0.098832015,True,8,test,0
2830,0.0,792.76761,793.01784,0.8,"[3644.93333333, 3644.93333333]","[20.0, 20.0]",0.08,90.0,30.0,null,gabors,0.0,null,4.0,0.25022076,37,0.40386065,-0.7556824,7,0.11173119,True,9,train,2
2831,0.0,793.01784,793.26806,0.8,"[3644.93333333, 3644.93333333]","[20.0, 20.0]",0.08,90.0,-40.0,null,gabors,-40.0,null,4.0,0.25022076,243,0.33556481,-0.7283706,8,0.087379267,True,10,train,2
2832,0.0,793.26806,793.51828,0.8,"[3644.93333333, 3644.93333333]","[20.0, 20.0]",0.08,0.0,0.0,null,gabors,10.0,null,4.0,0.25022076,58,0.30064825,-0.78247125,4,0.078656494,True,10,train,0
2833,0.0,793.51828,793.76847,0.8,"[3644.93333333, 3644.93333333]","[20.0, 20.0]",0.08,90.0,0.0,null,gabors,20.0,null,4.0,0.25019674,56,0.45838298,-0.62620061,7,0.087191412,True,10,train,2
2834,0.0,793.76847,794.01867,0.8,"[3644.93333333, 3644.93333333]","[20.0, 20.0]",0.08,45.0,-40.0,null,gabors,-40.0,null,4.0,0.25019674,157,0.4073021,-0.62904327,7,0.097823862,True,14,test,1
2835,0.0,794.01867,794.26887,0.8,"[3644.93333333, 3644.93333333]","[20.0, 20.0]",0.08,90.0,30.0,null,gabors,30.0,null,4.0,0.25019674,115,0.36570982,-0.59409256,8,0.090602715,True,13,train,2
2836,0.0,794.26887,794.51906,0.8,"[3644.93333333, 3644.93333333]","[20.0, 20.0]",0.08,90.0,-40.0,null,gabors,40.0,null,4.0,0.25019674,156,0.23437061,-0.67154346,7,0.076844803,True,11,test,2
2837,0.0,794.51906,794.76928,0.8,"[3644.93333333, 3644.93333333]","[20.0, 20.0]",0.08,0.0,40.0,null,gabors,-30.0,null,4.0,0.25021576,92,0.27495046,-0.90241612,8,0.13085757,True,11,test,0
2838,0.0,794.76928,795.0195,0.8,"[3644.93333333, 3644.93333333]","[20.0, 20.0]",0.08,90.0,-20.0,null,gabors,-20.0,null,4.0,0.25021576,25,0.22241717,-0.83607217,7,0.07847269,True,8,test,2
2839,0.0,795.0195,795.26971,0.8,"[3644.93333333, 3644.93333333]","[20.0, 20.0]",0.08,90.0,40.0,null,gabors,20.0,null,4.0,0.25021576,189,0.25109309,-0.91993925,8,0.098030105,True,12,train,2
2840,0.0,795.26971,795.51993,0.8,"[3644.93333333, 3644.93333333]","[20.0, 20.0]",0.08,45.0,10.0,null,gabors,0.0,null,4.0,0.25021576,204,0.28787473,-0.78790361,7,0.12903159,True,14,test,1
2841,0.0,795.51993,795.77013,0.8,"[3644.93333333, 3644.93333333]","[20.0, 20.0]",0.08,90.0,10.0,null,gabors,-30.0,null,4.0,0.25020174,209,0.2721795,-0.80493324,8,0.09413935,True,11,test,2
2842,0.0,795.77013,796.02033,0.8,"[3644.93333333, 3644.93333333]","[20.0, 20.0]",0.08,90.0,0.0,null,gabors,-10.0,null,4.0,0.25020174,7,0.24567832,-0.91893319,7,0.058181505,True,10,train,2
2843,0.0,796.02033,796.27053,0.8,"[3644.93333333, 3644.93333333]","[20.0, 20.0]",0.08,90.0,20.0,null,gabors,-10.0,null,4.0,0.25020174,30,0.14042349,-0.8604536,8,0.15635147,True,9,train,2
2844,0.0,796.27053,796.52073,0.8,"[3644.93333333, 3644.93333333]","[20.0, 20.0]",0.08,45.0,40.0,null,gabors,20.0,null,4.0,0.25020174,180,0.22446802,-0.65971476,7,0.06816799,True,12,train,1
2845,0.0,796.52073,796.77095,0.8,"[3644.93333333, 3644.93333333]","[20.0, 20.0]",0.08,45.0,-40.0,null,gabors,-10.0,null,4.0,0.25021576,118,0.17847018,-0.77512249,8,0.057966267,True,13,train,1
2846,0.0,796.77095,797.02117,0.8,"[3644.93333333, 3644.93333333]","[20.0, 20.0]",0.08,0.0,-20.0,null,gabors,-10.0,null,4.0,0.25021576,216,0.24242958,-0.73946418,7,0.10642352,True,9,train,0
2847,0.0,797.02117,797.27138,0.8,"[3644.93333333, 3644.93333333]","[20.0, 20.0]",0.08,45.0,10.0,null,gabors,-40.0,null,4.0,0.25021576,5,0.26859711,-0.60750102,8,0.065353732,True,13,train,1
2848,0.0,797.27138,797.5216,0.8,"[3644.93333333, 3644.93333333]","[20.0, 20.0]",0.08,90.0,-20.0,null,gabors,-10.0,null,4.0,0.25021576,153,0.21076953,-0.67601636,7,0.067514359,True,8,test,2
2849,0.0,797.5216,797.7718,0.8,"[3644.93333333, 3644.93333333]","[20.0, 20.0]",0.08,90.0,20.0,null,gabors,10.0,null,4.0,0.25020174,129,0.32152397,-0.57547216,7,0.11697021,True,12,train,2
2850,0.0,797.7718,798.022,0.8,"[3644.93333333, 3644.93333333]","[20.0, 20.0]",0.08,0.0,-30.0,null,gabors,10.0,null,4.0,0.25020174,43,0.25992503,-0.57085209,7,0.071215221,True,9,train,0
2851,0.0,798.022,798.2722,0.8,"[3644.93333333, 3644.93333333]","[20.0, 20.0]",0.08,0.0,20.0,null,gabors,30.0,null,4.0,0.25020174,42,0.35149734,-0.4553909,7,0.068709109,True,12,train,0
2852,0.0,798.2722,798.5224,0.8,"[3644.93333333, 3644.93333333]","[20.0, 20.0]",0.08,90.0,20.0,null,gabors,-30.0,null,4.0,0.25020174,231,0.33174575,-0.53201841,7,0.080367047,True,10,train,2
2853,0.0,798.5224,798.77262,0.8,"[3644.93333333, 3644.93333333]","[20.0, 20.0]",0.08,45.0,40.0,null,gabors,-30.0,null,4.0,0.25022076,108,0.36632319,-0.5714134,7,0.068972353,True,11,test,1
2854,0.0,798.77262,799.02285,0.8,"[3644.93333333, 3644.93333333]","[20.0, 20.0]",0.08,0.0,10.0,null,gabors,40.0,null,4.0,0.25022076,133,0.38403031,-0.51466646,8,0.12383111,True,11,test,0
2855,0.0,799.02285,799.27307,0.8,"[3644.93333333, 3644.93333333]","[20.0, 20.0]",0.08,90.0,-40.0,null,gabors,40.0,null,4.0,0.25022076,156,0.36681445,-0.36837257,7,0.12346543,True,12,train,2
2856,0.0,799.27307,799.52329,0.8,"[3644.93333333, 3644.93333333]","[20.0, 20.0]",0.08,90.0,40.0,null,gabors,-10.0,null,4.0,0.25022076,51,0.29835655,-0.44195806,8,0.093342984,True,11,test,2
2857,0.0,799.52329,799.77349,0.8,"[3644.93333333, 3644.93333333]","[20.0, 20.0]",0.08,90.0,-30.0,null,gabors,-40.0,null,4.0,0.25019924,90,0.28485583,-0.55540423,7,0.084263718,True,12,train,2
2858,0.0,799.77349,800.02369,0.8,"[3644.93333333, 3644.93333333]","[20.0, 20.0]",0.08,0.0,40.0,null,gabors,40.0,null,4.0,0.25019924,110,0.34109884,-0.44433214,8,0.10895041,True,12,train,0
2859,0.0,800.02369,800.27388,0.8,"[3644.93333333, 3644.93333333]","[20.0, 20.0]",0.08,0.0,-10.0,null,gabors,20.0,null,4.0,0.25019924,28,0.33773072,-0.46191008,7,0.12258405,True,12,train,0
2860,0.0,800.27388,800.52408,0.8,"[3644.93333333, 3644.93333333]","[20.0, 20.0]",0.08,45.0,0.0,null,gabors,-20.0,null,4.0,0.25019924,177,0.31380895,-0.38397441,8,0.13582972,True,12,train,1
2861,0.0,800.52408,800.7743,0.8,"[3644.93333333, 3644.93333333]","[20.0, 20.0]",0.08,90.0,20.0,null,gabors,40.0,null,4.0,0.25021826,79,0.34846854,-0.46814361,7,0.065110011,True,11,test,2
2862,0.0,800.7743,801.02452,0.8,"[3644.93333333, 3644.93333333]","[20.0, 20.0]",0.08,45.0,40.0,null,gabors,-20.0,null,4.0,0.25021826,104,0.38888367,-0.47346996,8,0.10388398,True,12,train,1
2863,0.0,801.02452,801.27474,0.8,"[3644.93333333, 3644.93333333]","[20.0, 20.0]",0.08,0.0,-30.0,null,gabors,-20.0,null,4.0,0.25021826,106,0.4072945,-0.5337914,7,0.089809462,True,12,train,0
2864,0.0,801.27474,801.52496,0.8,"[3644.93333333, 3644.93333333]","[20.0, 20.0]",0.08,45.0,-40.0,null,gabors,40.0,null,4.0,0.25021826,134,0.24860979,-0.3769352,8,0.085998572,True,13,train,1
2865,0.0,801.52496,801.77516,0.8,"[3644.93333333, 3644.93333333]","[20.0, 20.0]",0.08,0.0,40.0,null,gabors,-40.0,null,4.0,0.25019924,174,0.27855048,-0.56454093,7,0.12174408,True,10,train,0
2866,0.0,801.77516,802.02536,0.8,"[3644.93333333, 3644.93333333]","[20.0, 20.0]",0.08,0.0,-20.0,null,gabors,10.0,null,4.0,0.25019924,94,0.18993526,-0.48248972,8,0.13849926,True,11,test,0
2867,0.0,802.02536,802.27555,0.8,"[3644.93333333, 3644.93333333]","[20.0, 20.0]",0.08,0.0,-30.0,null,gabors,20.0,null,4.0,0.25019924,185,0.35217987,-0.34725645,7,0.071986073,True,12,train,0
2868,0.0,802.27555,802.52575,0.8,"[3644.93333333, 3644.93333333]","[20.0, 20.0]",0.08,90.0,0.0,null,gabors,40.0,null,4.0,0.25019924,19,0.13453551,-0.25599554,8,0.13165473,True,13,train,2
2869,0.0,802.52575,802.77597,0.8,"[3644.93333333, 3644.93333333]","[20.0, 20.0]",0.08,90.0,-40.0,null,gabors,-40.0,null,4.0,0.25021326,243,0.28471281,-0.18996167,7,0.10959566,True,11,test,2
2870,0.0,802.77597,803.02618,0.8,"[3644.93333333, 3644.93333333]","[20.0, 20.0]",0.08,45.0,-20.0,null,gabors,0.0,null,4.0,0.25021326,165,0.0788642,-0.13654682,8,0.11096343,True,13,train,1
2871,0.0,803.02618,803.27639,0.8,"[3644.93333333, 3644.93333333]","[20.0, 20.0]",0.08,90.0,20.0,null,gabors,20.0,null,4.0,0.25021326,210,0.14075989,-0.20424817,7,0.076600833,True,13,train,2
2872,0.0,803.27639,803.52661,0.8,"[3644.93333333, 3644.93333333]","[20.0, 20.0]",0.08,90.0,0.0,null,gabors,30.0,null,4.0,0.25021326,215,0.18047737,-0.23520186,8,0.064036215,True,12,train,2
2873,0.0,803.52661,803.77681,0.8,"[3644.93333333, 3644.93333333]","[20.0, 20.0]",0.08,90.0,-10.0,null,gabors,40.0,null,4.0,0.25020674,29,0.23713202,-0.09462522,7,0.098114695,True,11,test,2
2874,0.0,803.77681,804.02702,0.8,"[3644.93333333, 3644.93333333]","[20.0, 20.0]",0.08,45.0,10.0,null,gabors,-10.0,null,4.0,0.25020674,31,0.30304832,-0.097907635,8,0.058991108,True,13,train,1
2875,0.0,804.02702,804.27723,0.8,"[3644.93333333, 3644.93333333]","[20.0, 20.0]",0.08,45.0,10.0,null,gabors,40.0,null,4.0,0.25020674,235,0.29762691,-0.14088183,7,0.0628852,True,5,test,1
2876,0.0,804.27723,804.52743,0.8,"[3644.93333333, 3644.93333333]","[20.0, 20.0]",0.08,90.0,-40.0,null,gabors,-10.0,null,4.0,0.25020674,22,0.27007334,0.012844482,8,0.103585,True,12,train,2
2877,0.0,804.52743,804.77765,0.8,"[3644.93333333, 3644.93333333]","[20.0, 20.0]",0.08,45.0,-10.0,null,gabors,20.0,null,4.0,0.25021576,47,0.32392577,-0.21268268,7,0.12913967,True,9,train,1
2878,0.0,804.77765,805.02787,0.8,"[3644.93333333, 3644.93333333]","[20.0, 20.0]",0.08,0.0,40.0,null,gabors,40.0,null,4.0,0.25021576,110,0.37928102,-0.2143318,8,0.10853938,True,13,train,0
2879,0.0,805.02787,805.27808,0.8,"[3644.93333333, 3644.93333333]","[20.0, 20.0]",0.08,45.0,-10.0,null,gabors,0.0,null,4.0,0.25021576,88,0.37009154,-0.2529078,7,0.11308545,True,11,test,1
2880,0.0,805.27808,805.5283,0.8,"[3644.93333333, 3644.93333333]","[20.0, 20.0]",0.08,0.0,-10.0,null,gabors,40.0,null,4.0,0.25021576,60,0.18597786,-0.2045478,8,0.14679901,True,11,test,0
2881,0.0,805.5283,805.7785,0.8,"[3644.93333333, 3644.93333333]","[20.0, 20.0]",0.08,0.0,30.0,null,gabors,10.0,null,4.0,0.25019924,137,0.11016708,0.12566482,7,0.13303679,True,14,test,0
2882,0.0,805.7785,806.0287,0.8,"[3644.93333333, 3644.93333333]","[20.0, 20.0]",0.08,90.0,20.0,null,gabors,-20.0,null,4.0,0.25019924,98,0.36365642,-0.068490569,8,0.072052091,True,11,test,2
2883,0.0,806.0287,806.27889,0.8,"[3644.93333333, 3644.93333333]","[20.0, 20.0]",0.08,0.0,-10.0,null,gabors,30.0,null,4.0,0.25019924,219,0.4303462,-0.09343827,7,0.10428724,True,8,test,0
2884,0.0,806.27889,806.52909,0.8,"[3644.93333333, 3644.93333333]","[20.0, 20.0]",0.08,45.0,-10.0,null,gabors,-40.0,null,4.0,0.25019924,238,0.32631756,-0.21190764,8,0.083051659,True,13,train,1
2885,0.0,806.52909,806.77931,0.8,"[3644.93333333, 3644.93333333]","[20.0, 20.0]",0.08,0.0,-30.0,null,gabors,-30.0,null,4.0,0.25021576,73,0.47327878,-0.18670633,7,0.078611773,True,12,train,0
2886,0.0,806.77931,807.02953,0.8,"[3644.93333333, 3644.93333333]","[20.0, 20.0]",0.08,0.0,-40.0,null,gabors,-40.0,null,4.0,0.25021576,69,0.27190186,-0.1418315,8,0.11570147,True,12,train,0
2887,0.0,807.02953,807.27974,0.8,"[3644.93333333, 3644.93333333]","[20.0, 20.0]",0.08,45.0,10.0,null,gabors,30.0,null,4.0,0.25021576,222,0.32393783,-0.010466627,7,0.081895912,True,11,test,1
2888,0.0,807.27974,807.52996,0.8,"[3644.93333333, 3644.93333333]","[20.0, 20.0]",0.08,0.0,40.0,null,gabors,10.0,null,4.0,0.25021576,230,0.36648644,-0.06623086,8,0.16154849,True,9,train,0
2889,0.0,807.52996,807.78016,0.8,"[3644.93333333, 3644.93333333]","[20.0, 20.0]",0.08,45.0,0.0,null,gabors,-30.0,null,4.0,0.25020424,46,0.27879168,-0.018748406,7,0.10538687,True,12,train,1
2890,0.0,807.78016,808.03037,0.8,"[3644.93333333, 3644.93333333]","[20.0, 20.0]",0.08,90.0,-20.0,null,gabors,0.0,null,4.0,0.25020424,121,0.13481177,0.0038027907,8,0.11622362,True,11,test,2
2891,0.0,808.03037,808.28057,0.8,"[3644.93333333, 3644.93333333]","[20.0, 20.0]",0.08,45.0,0.0,null,gabors,-40.0,null,4.0,0.25020424,105,0.052191473,0.030613701,7,0.0739183,True,12,train,1
2892,0.0,808.28057,808.53077,0.8,"[3644.93333333, 3644.93333333]","[20.0, 20.0]",0.08,45.0,10.0,null,gabors,20.0,null,4.0,0.25020424,102,0.25196362,0.080971375,8,0.19327378,True,9,train,1
2893,0.0,808.53077,808.78098,0.8,"[3644.93333333, 3644.93333333]","[20.0, 20.0]",0.08,45.0,10.0,null,gabors,30.0,null,4.0,0.25021076,222,0.15357778,0.17098592,6,0.10253702,True,12,train,1
2894,0.0,808.78098,809.0312,0.8,"[3644.93333333, 3644.93333333]","[20.0, 20.0]",0.08,90.0,-40.0,null,gabors,10.0,null,4.0,0.25021076,57,0.1502794,-0.10574741,8,0.13502661,True,12,train,2
2895,0.0,809.0312,809.28141,0.8,"[3644.93333333, 3644.93333333]","[20.0, 20.0]",0.08,0.0,-10.0,null,gabors,-20.0,null,4.0,0.25021076,125,0.21139791,-0.087388187,7,0.15432136,True,6,train,0
2896,0.0,809.28141,809.53162,0.8,"[3644.93333333, 3644.93333333]","[20.0, 20.0]",0.08,90.0,-40.0,null,gabors,-40.0,null,4.0,0.25021076,243,0.041510069,0.10129495,8,0.060351249,True,12,train,2
2897,0.0,809.53162,809.78182,0.8,"[3644.93333333, 3644.93333333]","[20.0, 20.0]",0.08,45.0,40.0,null,gabors,10.0,null,4.0,0.25020424,150,0.039133222,0.11598505,7,0.12459382,True,11,test,1
2898,0.0,809.78182,810.03203,0.8,"[3644.93333333, 3644.93333333]","[20.0, 20.0]",0.08,45.0,30.0,null,gabors,10.0,null,4.0,0.25020424,86,0.16607071,0.091673834,8,0.090626967,True,10,train,1
2899,0.0,810.03203,810.28223,0.8,"[3644.93333333, 3644.93333333]","[20.0, 20.0]",0.08,90.0,-10.0,null,gabors,20.0,null,4.0,0.25020424,1,0.14792749,0.20794942,7,0.1326016,True,12,train,2
2900,0.0,810.28223,810.53243,0.8,"[3644.93333333, 3644.93333333]","[20.0, 20.0]",0.08,0.0,-20.0,null,gabors,20.0,null,4.0,0.25020424,237,0.20404177,0.1302705,8,0.070177232,True,12,train,0
2901,0.0,810.53243,810.78265,0.8,"[3644.93333333, 3644.93333333]","[20.0, 20.0]",0.08,45.0,-30.0,null,gabors,-30.0,null,4.0,0.25021826,221,0.21575366,0.096432951,7,0.046250983,True,11,test,1
2902,0.0,810.78265,811.03287,0.8,"[3644.93333333, 3644.93333333]","[20.0, 20.0]",0.08,0.0,-20.0,null,gabors,-10.0,null,4.0,0.25021826,216,0.3825982,0.13381577,8,0.10467588,True,10,train,0
2903,0.0,811.03287,811.28309,0.8,"[3644.93333333, 3644.93333333]","[20.0, 20.0]",0.08,0.0,0.0,null,gabors,-10.0,null,4.0,0.25021826,160,0.21183833,0.23262505,7,0.13387206,True,12,train,0
2904,0.0,811.28309,811.53331,0.8,"[3644.93333333, 3644.93333333]","[20.0, 20.0]",0.08,45.0,-40.0,null,gabors,30.0,null,4.0,0.25021826,63,0.18830507,0.15849064,8,0.1258867,True,9,train,1
2905,0.0,811.53331,811.78351,0.8,"[3644.93333333, 3644.93333333]","[20.0, 20.0]",0.08,90.0,40.0,null,gabors,-20.0,null,4.0,0.25020174,214,0.033080527,0.33844052,7,0.1402911,True,7,train,2
2906,0.0,811.78351,812.03371,0.8,"[3644.93333333, 3644.93333333]","[20.0, 20.0]",0.08,45.0,10.0,null,gabors,-30.0,null,4.0,0.25020174,9,0.0033501712,0.27397414,8,0.11107795,True,13,train,1
2907,0.0,812.03371,812.28391,0.8,"[3644.93333333, 3644.93333333]","[20.0, 20.0]",0.08,90.0,-40.0,null,gabors,-20.0,null,4.0,0.25020174,128,0.04445774,0.39775893,7,0.078387016,True,10,train,2
2908,0.0,812.28391,812.53411,0.8,"[3644.93333333, 3644.93333333]","[20.0, 20.0]",0.08,45.0,30.0,null,gabors,-20.0,null,4.0,0.25020174,107,0.099208318,0.23067096,8,0.08668879,True,11,test,1
2909,0.0,812.53411,812.78433,0.8,"[3644.93333333, 3644.93333333]","[20.0, 20.0]",0.08,90.0,-30.0,null,gabors,-20.0,null,4.0,0.25022076,44,-0.022491698,0.28857141,7,0.077003453,True,9,train,2
2910,0.0,812.78433,813.03456,0.8,"[3644.93333333, 3644.93333333]","[20.0, 20.0]",0.08,90.0,-30.0,null,gabors,10.0,null,4.0,0.25022076,111,0.11412883,0.26109143,8,0.077915926,True,12,train,2
2911,0.0,813.03456,813.28478,0.8,"[3644.93333333, 3644.93333333]","[20.0, 20.0]",0.08,90.0,-10.0,null,gabors,-40.0,null,4.0,0.25022076,198,0.10529549,0.26685473,7,0.087680314,True,12,train,2
2912,0.0,813.28478,813.535,0.8,"[3644.93333333, 3644.93333333]","[20.0, 20.0]",0.08,0.0,20.0,null,gabors,-40.0,null,4.0,0.25022076,135,0.13653545,0.27346833,8,0.075370777,True,11,test,0
2913,0.0,813.535,813.78519,0.8,"[3644.93333333, 3644.93333333]","[20.0, 20.0]",0.08,90.0,10.0,null,gabors,0.0,null,4.0,0.25019674,17,-0.089289288,0.32931778,7,0.1081189,True,11,test,2
2914,0.0,813.78519,814.03539,0.8,"[3644.93333333, 3644.93333333]","[20.0, 20.0]",0.08,45.0,10.0,null,gabors,-10.0,null,4.0,0.25019674,31,-0.10234189,0.22925209,8,0.11084486,True,14,test,1
2915,0.0,814.03539,814.28559,0.8,"[3644.93333333, 3644.93333333]","[20.0, 20.0]",0.08,0.0,10.0,null,gabors,40.0,null,4.0,0.25019674,133,-0.062139585,0.18808888,7,0.043968032,True,12,train,0
2916,0.0,814.28559,814.53578,0.8,"[3644.93333333, 3644.93333333]","[20.0, 20.0]",0.08,0.0,-40.0,null,gabors,30.0,null,4.0,0.25019674,203,0.0050057893,0.18747545,8,0.15079263,True,10,train,0
2917,0.0,814.53578,814.786,0.8,"[3644.93333333, 3644.93333333]","[20.0, 20.0]",0.08,90.0,-20.0,null,gabors,20.0,null,4.0,0.25022076,18,0.016144447,0.2634982,7,0.10340014,True,11,test,2
2918,0.0,814.786,815.03623,0.8,"[3644.93333333, 3644.93333333]","[20.0, 20.0]",0.08,0.0,20.0,null,gabors,10.0,null,4.0,0.25022076,207,-0.15262105,0.44444322,8,0.060360625,True,12,train,0
2919,0.0,815.03623,815.28645,0.8,"[3644.93333333, 3644.93333333]","[20.0, 20.0]",0.08,0.0,20.0,null,gabors,-30.0,null,4.0,0.25022076,155,0.16234,0.25444722,7,0.13987953,True,9,train,0
2920,0.0,815.28645,815.53667,0.8,"[3644.93333333, 3644.93333333]","[20.0, 20.0]",0.08,45.0,-30.0,null,gabors,20.0,null,4.0,0.25022076,190,0.0095256566,0.31942403,8,0.1066088,True,8,test,1
2921,0.0,815.53667,815.78687,0.8,"[3644.93333333, 3644.93333333]","[20.0, 20.0]",0.08,45.0,10.0,null,gabors,40.0,null,4.0,0.25019924,235,0.0013926105,0.47534745,7,0.17594543,True,6,train,1
2922,0.0,815.78687,816.03707,0.8,"[3644.93333333, 3644.93333333]","[20.0, 20.0]",0.08,90.0,20.0,null,gabors,40.0,null,4.0,0.25019924,79,-0.090681253,0.47497334,8,0.12624476,True,12,train,2
2923,0.0,816.03707,816.28726,0.8,"[3644.93333333, 3644.93333333]","[20.0, 20.0]",0.08,0.0,0.0,null,gabors,30.0,null,4.0,0.25019924,55,-0.40929024,0.78766028,7,0.25045518,True,11,test,0
2924,0.0,816.28726,816.53746,0.8,"[3644.93333333, 3644.93333333]","[20.0, 20.0]",0.08,0.0,-10.0,null,gabors,30.0,null,4.0,0.25019924,219,-0.11072527,0.79901351,8,0.17342267,True,9,train,0
2925,0.0,816.53746,816.78767,0.8,"[3644.93333333, 3644.93333333]","[20.0, 20.0]",0.08,45.0,0.0,null,gabors,10.0,null,4.0,0.25021076,38,0.31112441,0.51867056,7,0.18284964,True,9,train,1
2926,0.0,816.78767,817.03789,0.8,"[3644.93333333, 3644.93333333]","[20.0, 20.0]",0.08,0.0,40.0,null,gabors,-20.0,null,4.0,0.25021076,78,0.40553656,0.3962302,8,0.10805083,True,12,train,0
2927,0.0,817.03789,817.2881,0.8,"[3644.93333333, 3644.93333333]","[20.0, 20.0]",0.08,90.0,10.0,null,gabors,0.0,null,4.0,0.25021076,17,0.097097603,0.34711055,7,0.085082431,True,12,train,2
2928,0.0,817.2881,817.53831,0.8,"[3644.93333333, 3644.93333333]","[20.0, 20.0]",0.08,0.0,10.0,null,gabors,0.0,null,4.0,0.25021076,206,0.25995307,0.38938217,7,0.10944881,True,11,test,0
2929,0.0,817.53831,817.78851,0.8,"[3644.93333333, 3644.93333333]","[20.0, 20.0]",0.08,45.0,20.0,null,gabors,-30.0,null,4.0,0.25020674,172,0.15644382,0.58207066,7,0.084662202,True,12,train,1
2930,0.0,817.78851,818.03872,0.8,"[3644.93333333, 3644.93333333]","[20.0, 20.0]",0.08,90.0,-40.0,null,gabors,-20.0,null,4.0,0.25020674,128,0.38678803,0.54718436,7,0.16050047,True,11,test,2
2931,0.0,818.03872,818.28893,0.8,"[3644.93333333, 3644.93333333]","[20.0, 20.0]",0.08,90.0,-10.0,null,gabors,30.0,null,4.0,0.25020674,87,0.37961476,0.55824106,7,0.099022913,True,11,test,2
2932,0.0,818.28893,818.53913,0.8,"[3644.93333333, 3644.93333333]","[20.0, 20.0]",0.08,0.0,-20.0,null,gabors,-10.0,null,4.0,0.25020674,216,0.26079821,0.61972703,7,0.099132329,True,11,test,0
2933,0.0,818.53913,818.78935,0.8,"[3644.93333333, 3644.93333333]","[20.0, 20.0]",0.08,0.0,-20.0,null,gabors,20.0,null,4.0,0.25021326,237,0.23870149,0.52190262,8,0.066987444,True,13,train,0
2934,0.0,818.78935,819.03956,0.8,"[3644.93333333, 3644.93333333]","[20.0, 20.0]",0.08,0.0,-20.0,null,gabors,30.0,null,4.0,0.25021326,11,0.29320455,0.57479237,7,0.089176693,True,12,train,0
2935,0.0,819.03956,819.28977,0.8,"[3644.93333333, 3644.93333333]","[20.0, 20.0]",0.08,90.0,10.0,null,gabors,40.0,null,4.0,0.25021326,225,0.14781929,0.52099049,8,0.077466261,True,10,train,2
2936,0.0,819.28977,819.53999,0.8,"[3644.93333333, 3644.93333333]","[20.0, 20.0]",0.08,90.0,40.0,null,gabors,40.0,null,4.0,0.25021326,48,0.1917632,0.49157116,7,0.15206837,True,12,train,2
2937,0.0,819.53999,819.7902,0.8,"[3644.93333333, 3644.93333333]","[20.0, 20.0]",0.08,45.0,-40.0,null,gabors,10.0,null,4.0,0.25020924,50,0.063291174,0.7170076,8,0.12213939,True,12,train,1
2938,0.0,819.7902,820.04041,0.8,"[3644.93333333, 3644.93333333]","[20.0, 20.0]",0.08,90.0,30.0,null,gabors,10.0,null,4.0,0.25020924,40,0.14242812,0.56976931,7,0.11073003,True,11,test,2
2939,0.0,820.04041,820.29061,0.8,"[3644.93333333, 3644.93333333]","[20.0, 20.0]",0.08,0.0,0.0,null,gabors,10.0,null,4.0,0.25020924,58,0.12780501,0.71978937,8,0.10695475,True,11,test,0
2940,0.0,820.29061,820.54082,0.8,"[3644.93333333, 3644.93333333]","[20.0, 20.0]",0.08,0.0,20.0,null,gabors,40.0,null,4.0,0.25020924,72,0.055268934,0.57755455,7,0.081833302,True,13,train,0
2941,0.0,820.54082,820.79104,0.8,"[3644.93333333, 3644.93333333]","[20.0, 20.0]",0.08,90.0,10.0,null,gabors,20.0,null,4.0,0.25021576,68,0.063850761,0.61566206,8,0.063030562,True,12,train,2
2942,0.0,820.79104,821.04126,0.8,"[3644.93333333, 3644.93333333]","[20.0, 20.0]",0.08,0.0,-20.0,null,gabors,-40.0,null,4.0,0.25021576,123,-0.079074609,0.68324686,7,0.077198606,True,11,test,0
2943,0.0,821.04126,821.29147,0.8,"[3644.93333333, 3644.93333333]","[20.0, 20.0]",0.08,45.0,-30.0,null,gabors,30.0,null,4.0,0.25021576,131,-0.10907454,0.7190685,8,0.12164408,True,14,test,1
2944,0.0,821.29147,821.54169,0.8,"[3644.93333333, 3644.93333333]","[20.0, 20.0]",0.08,45.0,0.0,null,gabors,-40.0,null,4.0,0.25021576,105,-0.05054613,0.82726953,7,0.056810129,True,13,train,1
2945,0.0,821.54169,821.79189,0.8,"[3644.93333333, 3644.93333333]","[20.0, 20.0]",0.08,90.0,0.0,null,gabors,-10.0,null,4.0,0.25019924,7,-0.15209405,0.67229271,8,0.079505171,True,11,test,2
2946,0.0,821.79189,822.04209,0.8,"[3644.93333333, 3644.93333333]","[20.0, 20.0]",0.08,90.0,-40.0,null,gabors,-20.0,null,4.0,0.25019924,128,-0.11208378,0.75413008,7,0.080083082,True,12,train,2
2947,0.0,822.04209,822.29228,0.8,"[3644.93333333, 3644.93333333]","[20.0, 20.0]",0.08,45.0,10.0,null,gabors,20.0,null,4.0,0.25019924,102,-0.11309183,0.66377091,8,0.096616143,True,10,train,1
2948,0.0,822.29228,822.54248,0.8,"[3644.93333333, 3644.93333333]","[20.0, 20.0]",0.08,90.0,-10.0,null,gabors,10.0,null,4.0,0.25019924,89,-0.17490877,0.75866835,7,0.098935933,True,13,train,2
2949,0.0,822.54248,822.79271,0.8,"[3644.93333333, 3644.93333333]","[20.0, 20.0]",0.08,45.0,-10.0,null,gabors,10.0,null,4.0,0.25022326,199,-0.052060417,0.64907555,8,0.14641073,True,14,test,1
2950,0.0,822.79271,823.04293,0.8,"[3644.93333333, 3644.93333333]","[20.0, 20.0]",0.08,90.0,-10.0,null,gabors,-30.0,null,4.0,0.25022326,101,-0.16180038,0.7277917,7,0.07708353,True,13,train,2
2951,0.0,823.04293,823.29315,0.8,"[3644.93333333, 3644.93333333]","[20.0, 20.0]",0.08,45.0,-20.0,null,gabors,30.0,null,4.0,0.25022326,232,-0.16426712,0.5942555,8,0.06836421,True,12,train,1
2952,0.0,823.29315,823.54338,0.8,"[3644.93333333, 3644.93333333]","[20.0, 20.0]",0.08,90.0,10.0,null,gabors,-20.0,null,4.0,0.25022326,158,-0.10738055,0.75110319,7,0.096994315,True,11,test,2
2953,0.0,823.54338,823.79357,0.8,"[3644.93333333, 3644.93333333]","[20.0, 20.0]",0.08,0.0,-20.0,null,gabors,-20.0,null,4.0,0.25019424,223,-0.045460854,0.67789773,8,0.085019108,True,7,train,0
2954,0.0,823.79357,824.04377,0.8,"[3644.93333333, 3644.93333333]","[20.0, 20.0]",0.08,90.0,10.0,null,gabors,40.0,null,4.0,0.25019424,225,-0.10069034,0.67020799,7,0.09123833,True,11,test,2
2955,0.0,824.04377,824.29396,0.8,"[3644.93333333, 3644.93333333]","[20.0, 20.0]",0.08,45.0,30.0,null,gabors,10.0,null,4.0,0.25019424,86,-0.014124271,0.70497399,8,0.10790518,True,11,test,1
2956,0.0,824.29396,824.54415,0.8,"[3644.93333333, 3644.93333333]","[20.0, 20.0]",0.08,0.0,-30.0,null,gabors,10.0,null,4.0,0.25019424,43,-0.15988402,0.57757872,7,0.077216231,True,10,train,0
2957,0.0,824.54415,824.79437,0.8,"[3644.93333333, 3644.93333333]","[20.0, 20.0]",0.08,0.0,-30.0,null,gabors,0.0,null,4.0,0.25021326,193,0.01597254,0.71215986,8,0.090376654,True,14,test,0
2958,0.0,824.79437,825.04458,0.8,"[3644.93333333, 3644.93333333]","[20.0, 20.0]",0.08,0.0,-10.0,null,gabors,0.0,null,4.0,0.25021326,201,-0.017562903,0.68909213,7,0.11195118,True,11,test,0
2959,0.0,825.04458,825.29479,0.8,"[3644.93333333, 3644.93333333]","[20.0, 20.0]",0.08,45.0,20.0,null,gabors,0.0,null,4.0,0.25021326,228,0.022779281,0.61909658,8,0.082386223,True,11,test,1
2960,0.0,825.29479,825.54501,0.8,"[3644.93333333, 3644.93333333]","[20.0, 20.0]",0.08,45.0,30.0,null,gabors,-40.0,null,4.0,0.25021326,36,-0.16059945,0.71835013,7,0.071697699,True,10,train,1
2961,0.0,825.54501,825.79521,0.8,"[3644.93333333, 3644.93333333]","[20.0, 20.0]",0.08,90.0,-40.0,null,gabors,-20.0,null,4.0,0.25020674,128,-0.043921836,0.66489118,8,0.10200271,True,13,train,2
2962,0.0,825.79521,826.04542,0.8,"[3644.93333333, 3644.93333333]","[20.0, 20.0]",0.08,45.0,0.0,null,gabors,30.0,null,4.0,0.25020674,64,-0.081649694,0.71625905,7,0.12290674,True,14,test,1
2963,0.0,826.04542,826.29563,0.8,"[3644.93333333, 3644.93333333]","[20.0, 20.0]",0.08,90.0,10.0,null,gabors,-30.0,null,4.0,0.25020674,209,-0.010600462,0.90392281,8,0.090177511,True,12,train,2
2964,0.0,826.29563,826.54583,0.8,"[3644.93333333, 3644.93333333]","[20.0, 20.0]",0.08,45.0,40.0,null,gabors,-40.0,null,4.0,0.25020674,195,0.16042909,0.58921418,7,0.14067224,True,12,train,1
2965,0.0,826.54583,826.79605,0.8,"[3644.93333333, 3644.93333333]","[20.0, 20.0]",0.08,0.0,-10.0,null,gabors,30.0,null,4.0,0.25021826,219,0.015880462,0.62998842,8,0.076875476,True,10,train,0
2966,0.0,826.79605,827.04627,0.8,"[3644.93333333, 3644.93333333]","[20.0, 20.0]",0.08,90.0,40.0,null,gabors,10.0,null,4.0,0.25021826,52,-0.018693122,0.69661578,7,0.071677464,True,12,train,2
2967,0.0,827.04627,827.29649,0.8,"[3644.93333333, 3644.93333333]","[20.0, 20.0]",0.08,90.0,30.0,null,gabors,0.0,null,4.0,0.25021826,37,0.067854687,0.70887917,8,0.13480872,True,10,train,2
2968,0.0,827.29649,827.54671,0.8,"[3644.93333333, 3644.93333333]","[20.0, 20.0]",0.08,0.0,-40.0,null,gabors,20.0,null,4.0,0.25021826,151,0.048485804,0.6537682,7,0.089913666,True,12,train,0
2969,0.0,827.54671,827.79691,0.8,"[3644.93333333, 3644.93333333]","[20.0, 20.0]",0.08,90.0,0.0,null,gabors,20.0,null,4.0,0.25019924,56,0.17782852,0.84816513,8,0.069058868,True,11,test,2
2970,0.0,827.79691,828.04711,0.8,"[3644.93333333, 3644.93333333]","[20.0, 20.0]",0.08,90.0,-30.0,null,gabors,30.0,null,4.0,0.25019924,194,0.17965552,0.9708717,7,0.14613137,True,10,train,2
2971,0.0,828.04711,828.2973,0.8,"[3644.93333333, 3644.93333333]","[20.0, 20.0]",0.08,90.0,-40.0,null,gabors,40.0,null,4.0,0.25019924,156,-0.059622548,0.82545585,8,0.097707696,True,13,train,2
2972,0.0,828.2973,828.5475,0.8,"[3644.93333333, 3644.93333333]","[20.0, 20.0]",0.08,45.0,10.0,null,gabors,40.0,null,4.0,0.25019924,235,0.030679921,0.92278453,7,0.057772346,True,7,train,1
2973,0.0,828.5475,828.79771,0.8,"[3644.93333333, 3644.93333333]","[20.0, 20.0]",0.08,0.0,-30.0,null,gabors,-10.0,null,4.0,0.25020576,71,-0.040748488,0.94701739,8,0.12101231,True,14,test,0
2974,0.0,828.79771,829.04792,0.8,"[3644.93333333, 3644.93333333]","[20.0, 20.0]",0.08,0.0,0.0,null,gabors,40.0,null,4.0,0.25020576,224,-0.035257201,0.90533601,7,0.092771076,True,12,train,0
2975,0.0,829.04792,829.29812,0.8,"[3644.93333333, 3644.93333333]","[20.0, 20.0]",0.08,90.0,-40.0,null,gabors,10.0,null,4.0,0.25020576,57,0.04793959,0.77303539,8,0.075961464,True,13,train,2
2976,0.0,829.29812,829.54833,0.8,"[3644.93333333, 3644.93333333]","[20.0, 20.0]",0.08,0.0,10.0,null,gabors,-30.0,null,4.0,0.25020576,116,0.036554867,0.88057135,7,0.086738455,True,13,train,0
2977,0.0,829.54833,829.79854,0.8,"[3644.93333333, 3644.93333333]","[20.0, 20.0]",0.08,0.0,-20.0,null,gabors,-40.0,null,4.0,0.25021424,123,0.0069718582,0.97859059,8,0.082926774,True,12,train,0
2978,0.0,829.79854,830.04876,0.8,"[3644.93333333, 3644.93333333]","[20.0, 20.0]",0.08,90.0,40.0,null,gabors,0.0,null,4.0,0.25021424,183,-0.015147971,0.91099555,7,0.076667361,True,11,test,2
2979,0.0,830.04876,830.29897,0.8,"[3644.93333333, 3644.93333333]","[20.0, 20.0]",0.08,90.0,-20.0,null,gabors,0.0,null,4.0,0.25021424,121,-0.1770709,0.9582333,8,0.10097414,True,12,train,2
2980,0.0,830.29897,830.54918,0.8,"[3644.93333333, 3644.93333333]","[20.0, 20.0]",0.08,45.0,10.0,null,gabors,20.0,null,4.0,0.25021424,102,-0.067289408,1.0343449,7,0.07946667,True,11,test,1
2981,0.0,830.54918,830.79939,0.8,"[3644.93333333, 3644.93333333]","[20.0, 20.0]",0.08,45.0,10.0,null,gabors,30.0,null,4.0,0.25021076,222,-0.055470271,1.0952808,8,0.11004034,True,13,train,1
2982,0.0,830.79939,831.04961,0.8,"[3644.93333333, 3644.93333333]","[20.0, 20.0]",0.08,90.0,-20.0,null,gabors,-20.0,null,4.0,0.25021076,25,-0.1144949,1.0968171,7,0.065766469,True,9,train,2
2983,0.0,831.04961,831.29982,0.8,"[3644.93333333, 3644.93333333]","[20.0, 20.0]",0.08,45.0,20.0,null,gabors,0.0,null,4.0,0.25021076,228,0.067505367,1.1976341,8,0.10015683,True,12,train,1
2984,0.0,831.29982,831.55003,0.8,"[3644.93333333, 3644.93333333]","[20.0, 20.0]",0.08,45.0,-20.0,null,gabors,-10.0,null,4.0,0.25021076,152,-0.11513958,1.1724232,7,0.12840418,True,9,train,1
2985,0.0,831.55003,831.80023,0.8,"[3644.93333333, 3644.93333333]","[20.0, 20.0]",0.08,0.0,0.0,null,gabors,-40.0,null,4.0,0.25020424,239,0.024313759,1.0533238,8,0.12781717,True,12,train,0
2986,0.0,831.80023,832.05044,0.8,"[3644.93333333, 3644.93333333]","[20.0, 20.0]",0.08,0.0,40.0,null,gabors,-10.0,null,4.0,0.25020424,67,0.041861826,1.2546652,7,0.051753632,True,11,test,0
2987,0.0,832.05044,832.30064,0.8,"[3644.93333333, 3644.93333333]","[20.0, 20.0]",0.08,0.0,40.0,null,gabors,-40.0,null,4.0,0.25020424,174,-0.067704558,0.95235931,8,0.12845253,True,11,test,0
2988,0.0,832.30064,832.55084,0.8,"[3644.93333333, 3644.93333333]","[20.0, 20.0]",0.08,0.0,-40.0,null,gabors,0.0,null,4.0,0.25020424,70,-0.16352228,1.0640989,7,0.12654521,True,13,train,0
2989,0.0,832.55084,832.80106,0.8,"[3644.93333333, 3644.93333333]","[20.0, 20.0]",0.08,0.0,10.0,null,gabors,-40.0,null,4.0,0.25021576,233,-0.074665624,1.0409265,8,0.086988728,True,10,train,0
2990,0.0,832.80106,833.05128,0.8,"[3644.93333333, 3644.93333333]","[20.0, 20.0]",0.08,45.0,-20.0,null,gabors,-30.0,null,4.0,0.25021576,85,-0.057163566,0.8398618,7,0.07001297,True,12,train,1
2991,0.0,833.05128,833.30149,0.8,"[3644.93333333, 3644.93333333]","[20.0, 20.0]",0.08,0.0,-10.0,null,gabors,0.0,null,4.0,0.25021576,201,-0.13085455,0.83687167,8,0.094769771,True,12,train,0
2992,0.0,833.30149,833.55171,0.8,"[3644.93333333, 3644.93333333]","[20.0, 20.0]",0.08,45.0,0.0,null,gabors,-40.0,null,4.0,0.25021576,105,-0.17298183,0.7631782,7,0.17093688,True,14,test,1
2993,0.0,833.55171,833.80191,0.8,"[3644.93333333, 3644.93333333]","[20.0, 20.0]",0.08,90.0,0.0,null,gabors,-20.0,null,4.0,0.25020424,197,-0.14113954,1.1457991,8,0.07861156,True,11,test,2
2994,0.0,833.80191,834.05212,0.8,"[3644.93333333, 3644.93333333]","[20.0, 20.0]",0.08,45.0,40.0,null,gabors,30.0,null,4.0,0.25020424,53,-0.14123247,1.173206,7,0.066184395,True,12,train,1
2995,0.0,834.05212,834.30232,0.8,"[3644.93333333, 3644.93333333]","[20.0, 20.0]",0.08,0.0,30.0,null,gabors,20.0,null,4.0,0.25020424,217,-0.083095793,1.2339921,8,0.10571177,True,12,train,0
2996,0.0,834.30232,834.55252,0.8,"[3644.93333333, 3644.93333333]","[20.0, 20.0]",0.08,90.0,-20.0,null,gabors,-40.0,null,4.0,0.25020424,34,-0.097298548,1.1534313,7,0.12279679,True,12,train,2
2997,0.0,834.55252,834.80273,0.8,"[3644.93333333, 3644.93333333]","[20.0, 20.0]",0.08,45.0,20.0,null,gabors,-20.0,null,4.0,0.25021076,208,-0.12515918,1.0702393,8,0.066719784,True,12,train,1
2998,0.0,834.80273,835.05295,0.8,"[3644.93333333, 3644.93333333]","[20.0, 20.0]",0.08,90.0,20.0,null,gabors,0.0,null,4.0,0.25021076,154,-0.25500265,1.1362196,7,0.085489192,True,12,train,2
2999,0.0,835.05295,835.30316,0.8,"[3644.93333333, 3644.93333333]","[20.0, 20.0]",0.08,90.0,-20.0,null,gabors,10.0,null,4.0,0.25021076,100,-0.23112468,1.0889308,8,0.087342165,True,10,train,2
3000,0.0,835.30316,835.55337,0.8,"[3644.93333333, 3644.93333333]","[20.0, 20.0]",0.08,90.0,-10.0,null,gabors,-10.0,null,4.0,0.25021076,32,-0.22360483,0.94888248,7,0.10919804,True,12,train,2
3001,0.0,835.55337,835.80357,0.8,"[3644.93333333, 3644.93333333]","[20.0, 20.0]",0.08,0.0,0.0,null,gabors,20.0,null,4.0,0.25020674,192,-0.20527455,1.0565093,8,0.10640503,True,13,train,0
3002,0.0,835.80357,836.05378,0.8,"[3644.93333333, 3644.93333333]","[20.0, 20.0]",0.08,0.0,0.0,null,gabors,10.0,null,4.0,0.25020674,58,-0.20913166,1.0925676,7,0.087214104,True,12,train,0
3003,0.0,836.05378,836.30399,0.8,"[3644.93333333, 3644.93333333]","[20.0, 20.0]",0.08,45.0,0.0,null,gabors,-10.0,null,4.0,0.25020674,8,-0.17066229,1.0766432,8,0.055096825,True,14,test,1
3004,0.0,836.30399,836.55419,0.8,"[3644.93333333, 3644.93333333]","[20.0, 20.0]",0.08,90.0,40.0,null,gabors,-30.0,null,4.0,0.25020674,13,-0.26230859,0.96722542,7,0.09318822,True,13,train,2
3005,0.0,836.55419,836.80441,0.8,"[3644.93333333, 3644.93333333]","[20.0, 20.0]",0.08,0.0,-30.0,null,gabors,30.0,null,4.0,0.25021576,146,-0.30401606,1.0607207,8,0.05236644,True,11,test,0
3006,0.0,836.80441,837.05463,0.8,"[3644.93333333, 3644.93333333]","[20.0, 20.0]",0.08,45.0,0.0,null,gabors,-20.0,null,4.0,0.25021576,177,-0.20511075,1.1235328,7,0.095307711,True,13,train,1
3007,0.0,837.05463,837.30484,0.8,"[3644.93333333, 3644.93333333]","[20.0, 20.0]",0.08,0.0,-20.0,null,gabors,10.0,null,4.0,0.25021576,94,-0.22985761,0.99021191,7,0.10672416,True,12,train,0
3008,0.0,837.30484,837.55506,0.8,"[3644.93333333, 3644.93333333]","[20.0, 20.0]",0.08,0.0,20.0,null,gabors,-30.0,null,4.0,0.25021576,155,-0.16802092,1.0122087,7,0.073774087,True,10,train,0
3009,0.0,837.55506,837.80526,0.8,"[3644.93333333, 3644.93333333]","[20.0, 20.0]",0.08,45.0,20.0,null,gabors,-20.0,null,4.0,0.25020174,208,-0.23506331,1.1136055,7,0.1198611,True,13,train,1
3010,0.0,837.80526,838.05546,0.8,"[3644.93333333, 3644.93333333]","[20.0, 20.0]",0.08,0.0,30.0,null,gabors,0.0,null,4.0,0.25020174,97,-0.20211076,1.1173183,7,0.087146733,True,12,train,0
3011,0.0,838.05546,838.30566,0.8,"[3644.93333333, 3644.93333333]","[20.0, 20.0]",0.08,90.0,40.0,null,gabors,0.0,null,4.0,0.25020174,183,-0.15789749,1.1284858,7,0.059844871,True,12,train,2
3012,0.0,838.30566,838.55586,0.8,"[3644.93333333, 3644.93333333]","[20.0, 20.0]",0.08,0.0,20.0,null,gabors,10.0,null,4.0,0.25020174,207,-0.10465531,1.0574035,8,0.100609,True,13,train,0
3013,0.0,838.55586,838.80608,0.8,"[3644.93333333, 3644.93333333]","[20.0, 20.0]",0.08,45.0,-30.0,null,gabors,20.0,null,4.0,0.25021826,190,-0.080107042,1.1529417,7,0.071031695,True,9,train,1
3014,0.0,838.80608,839.0563,0.8,"[3644.93333333, 3644.93333333]","[20.0, 20.0]",0.08,45.0,30.0,null,gabors,-10.0,null,4.0,0.25021826,240,-0.31729037,1.0222021,8,0.084109701,True,12,train,1
3015,0.0,839.0563,839.30652,0.8,"[3644.93333333, 3644.93333333]","[20.0, 20.0]",0.08,0.0,-10.0,null,gabors,-30.0,null,4.0,0.25021826,164,-0.35326531,1.0551187,7,0.055972723,True,11,test,0
3016,0.0,839.30652,839.55674,0.8,"[3644.93333333, 3644.93333333]","[20.0, 20.0]",0.08,0.0,-30.0,null,gabors,-20.0,null,4.0,0.25021826,106,-0.3445395,1.2022634,8,0.12646837,True,13,train,0
3017,0.0,839.55674,839.80693,0.8,"[3644.93333333, 3644.93333333]","[20.0, 20.0]",0.08,45.0,10.0,null,gabors,10.0,null,4.0,0.25019674,144,-0.28890511,1.1172192,7,0.1329027,True,12,train,1
3018,0.0,839.80693,840.05713,0.8,"[3644.93333333, 3644.93333333]","[20.0, 20.0]",0.08,90.0,-20.0,null,gabors,-40.0,null,4.0,0.25019674,34,-0.40871847,1.1482482,8,0.058987615,True,13,train,2
3019,0.0,840.05713,840.30733,0.8,"[3644.93333333, 3644.93333333]","[20.0, 20.0]",0.08,90.0,-20.0,null,gabors,-30.0,null,4.0,0.25019674,162,-0.28318605,1.5201994,7,0.48615374,True,14,test,2
3020,0.0,840.30733,840.55752,0.8,"[3644.93333333, 3644.93333333]","[20.0, 20.0]",0.08,0.0,-30.0,null,gabors,10.0,null,4.0,0.25019674,43,-0.58765511,1.3571875,8,0.26534627,True,11,test,0
3021,0.0,840.55752,840.80775,0.8,"[3644.93333333, 3644.93333333]","[20.0, 20.0]",0.08,90.0,10.0,null,gabors,40.0,null,4.0,0.25022326,225,-0.26576719,1.3238643,7,0.12035607,True,12,train,2
3022,0.0,840.80775,841.05797,0.8,"[3644.93333333, 3644.93333333]","[20.0, 20.0]",0.08,90.0,-10.0,null,gabors,30.0,null,4.0,0.25022326,87,-0.10853508,1.2044756,8,0.094932668,True,12,train,2
3023,0.0,841.05797,841.30819,0.8,"[3644.93333333, 3644.93333333]","[20.0, 20.0]",0.08,90.0,20.0,null,gabors,-40.0,null,4.0,0.25022326,149,-0.16621168,1.0813619,7,0.15002245,True,14,test,2
3024,0.0,841.30819,841.55842,0.8,"[3644.93333333, 3644.93333333]","[20.0, 20.0]",0.08,90.0,-20.0,null,gabors,-40.0,null,4.0,0.25022326,34,-0.28816169,1.0125565,8,0.07526472,True,14,test,2
3025,0.0,841.55842,841.80862,0.8,"[3644.93333333, 3644.93333333]","[20.0, 20.0]",0.08,90.0,30.0,null,gabors,20.0,null,4.0,0.25020174,163,-0.17525929,1.0796234,7,0.071339997,True,11,test,2
3026,0.0,841.80862,842.05882,0.8,"[3644.93333333, 3644.93333333]","[20.0, 20.0]",0.08,90.0,-30.0,null,gabors,10.0,null,4.0,0.25020174,111,-0.18598587,1.0807677,8,0.16921293,True,13,train,2
3027,0.0,842.05882,842.30902,0.8,"[3644.93333333, 3644.93333333]","[20.0, 20.0]",0.08,90.0,30.0,null,gabors,20.0,null,4.0,0.25020174,163,-0.22472039,1.057301,7,0.14458154,True,12,train,2
3028,0.0,842.30902,842.55922,0.8,"[3644.93333333, 3644.93333333]","[20.0, 20.0]",0.08,90.0,40.0,null,gabors,40.0,null,4.0,0.25020174,48,-0.1864899,1.0972687,8,0.097832628,True,13,train,2
3029,0.0,842.55922,842.80944,0.8,"[3644.93333333, 3644.93333333]","[20.0, 20.0]",0.08,45.0,-20.0,null,gabors,-20.0,null,4.0,0.25021826,83,-0.22140082,1.0678642,7,0.078014466,True,13,train,1
3030,0.0,842.80944,843.05966,0.8,"[3644.93333333, 3644.93333333]","[20.0, 20.0]",0.08,45.0,0.0,null,gabors,10.0,null,4.0,0.25021826,38,-0.19144865,1.1083753,8,0.078444169,True,10,train,1
3031,0.0,843.05966,843.30988,0.8,"[3644.93333333, 3644.93333333]","[20.0, 20.0]",0.08,45.0,-40.0,null,gabors,20.0,null,4.0,0.25021826,96,-0.058520843,0.96661923,7,0.11674883,True,12,train,1
3032,0.0,843.30988,843.5601,0.8,"[3644.93333333, 3644.93333333]","[20.0, 20.0]",0.08,45.0,30.0,null,gabors,-40.0,null,4.0,0.25021826,36,-0.28141183,1.0224765,8,0.10256804,True,11,test,1
3033,0.0,843.5601,843.81029,0.8,"[3644.93333333, 3644.93333333]","[20.0, 20.0]",0.08,90.0,-10.0,null,gabors,-20.0,null,4.0,0.25019674,241,-0.28189015,0.99863467,7,0.048231058,True,13,train,2
3034,0.0,843.81029,844.06049,0.8,"[3644.93333333, 3644.93333333]","[20.0, 20.0]",0.08,0.0,30.0,null,gabors,20.0,null,4.0,0.25019674,217,-0.33853962,1.0168877,8,0.15370103,True,13,train,0
3035,0.0,844.06049,844.31069,0.8,"[3644.93333333, 3644.93333333]","[20.0, 20.0]",0.08,0.0,0.0,null,gabors,-20.0,null,4.0,0.25019674,140,-0.28396826,0.88649775,7,0.1498702,True,14,test,0
3036,0.0,844.31069,844.56088,0.8,"[3644.93333333, 3644.93333333]","[20.0, 20.0]",0.08,0.0,0.0,null,gabors,-40.0,null,4.0,0.25019674,239,-0.30719413,1.0393366,8,0.075482974,True,13,train,0
3037,0.0,844.56088,844.8111,0.8,"[3644.93333333, 3644.93333333]","[20.0, 20.0]",0.08,45.0,20.0,null,gabors,30.0,null,4.0,0.25021326,181,-0.14042581,1.0647077,7,0.088625065,True,12,train,1
3038,0.0,844.8111,845.06131,0.8,"[3644.93333333, 3644.93333333]","[20.0, 20.0]",0.08,0.0,10.0,null,gabors,20.0,null,4.0,0.25021326,145,-0.20973333,0.84075786,8,0.050763123,True,12,train,0
3039,0.0,845.06131,845.31152,0.8,"[3644.93333333, 3644.93333333]","[20.0, 20.0]",0.08,90.0,-40.0,null,gabors,20.0,null,4.0,0.25021326,61,-0.2098073,0.97390594,7,0.064994479,True,10,train,2
3040,0.0,845.31152,845.56174,0.8,"[3644.93333333, 3644.93333333]","[20.0, 20.0]",0.08,0.0,40.0,null,gabors,40.0,null,4.0,0.25021326,110,-0.20294707,1.0219413,8,0.074992964,True,14,test,0
3041,0.0,845.56174,845.81194,0.8,"[3644.93333333, 3644.93333333]","[20.0, 20.0]",0.08,0.0,-10.0,null,gabors,-30.0,null,4.0,0.25020674,164,-0.18133384,1.0021786,7,0.073413394,True,12,train,0
3042,0.0,845.81194,846.06215,0.8,"[3644.93333333, 3644.93333333]","[20.0, 20.0]",0.08,0.0,20.0,null,gabors,-10.0,null,4.0,0.25020674,213,-0.15343169,0.95782182,8,0.096403014,True,9,train,0
3043,0.0,846.06215,846.31236,0.8,"[3644.93333333, 3644.93333333]","[20.0, 20.0]",0.08,0.0,-20.0,null,gabors,-20.0,null,4.0,0.25020674,223,-0.1924665,1.1115636,7,0.060919043,True,8,test,0
3044,0.0,846.31236,846.56256,0.8,"[3644.93333333, 3644.93333333]","[20.0, 20.0]",0.08,0.0,10.0,null,gabors,-20.0,null,4.0,0.25020674,35,-0.20619842,0.99145696,8,0.060587505,True,13,train,0
3045,0.0,846.56256,846.81278,0.8,"[3644.93333333, 3644.93333333]","[20.0, 20.0]",0.08,90.0,-30.0,null,gabors,30.0,null,4.0,0.25021826,194,-0.23958414,1.0305046,7,0.099816844,True,11,test,2
3046,0.0,846.81278,847.063,0.8,"[3644.93333333, 3644.93333333]","[20.0, 20.0]",0.08,45.0,40.0,null,gabors,0.0,null,4.0,0.25021826,99,-0.093085463,1.0280436,8,0.12610383,True,12,train,1
3047,0.0,847.063,847.31322,0.8,"[3644.93333333, 3644.93333333]","[20.0, 20.0]",0.08,0.0,-30.0,null,gabors,30.0,null,4.0,0.25021826,146,-0.24550865,0.92930086,7,0.10411066,True,12,train,0
3048,0.0,847.31322,847.56344,0.8,"[3644.93333333, 3644.93333333]","[20.0, 20.0]",0.08,45.0,-20.0,null,gabors,-10.0,null,4.0,0.25021826,152,-0.13977863,1.0481505,8,0.093180813,True,10,train,1
3049,0.0,847.56344,847.81364,0.8,"[3644.93333333, 3644.93333333]","[20.0, 20.0]",0.08,0.0,40.0,null,gabors,10.0,null,4.0,0.25019924,230,-0.34258418,1.1300678,7,0.096063544,True,10,train,0
3050,0.0,847.81364,848.06384,0.8,"[3644.93333333, 3644.93333333]","[20.0, 20.0]",0.08,90.0,20.0,null,gabors,-10.0,null,4.0,0.25019924,30,-0.31284706,1.0328588,8,0.11116544,True,10,train,2
3051,0.0,848.06384,848.31403,0.8,"[3644.93333333, 3644.93333333]","[20.0, 20.0]",0.08,0.0,-10.0,null,gabors,-20.0,null,4.0,0.25019924,125,-0.2639217,1.2057264,7,0.11510105,True,7,train,0
3052,0.0,848.31403,848.56423,0.8,"[3644.93333333, 3644.93333333]","[20.0, 20.0]",0.08,0.0,30.0,null,gabors,30.0,null,4.0,0.25019924,6,-0.25005209,1.2065227,8,0.056731938,True,13,train,0
3053,0.0,848.56423,848.81445,0.8,"[3644.93333333, 3644.93333333]","[20.0, 20.0]",0.08,45.0,20.0,null,gabors,-40.0,null,4.0,0.25022076,109,-0.079357461,1.1609795,7,0.092916306,True,13,train,1
3054,0.0,848.81445,849.06468,0.8,"[3644.93333333, 3644.93333333]","[20.0, 20.0]",0.08,90.0,0.0,null,gabors,-10.0,null,4.0,0.25022076,7,-0.23617754,1.3430866,8,0.10399045,True,12,train,2
3055,0.0,849.06468,849.3149,0.8,"[3644.93333333, 3644.93333333]","[20.0, 20.0]",0.08,90.0,10.0,null,gabors,-40.0,null,4.0,0.25022076,117,-0.45791207,1.2633897,7,0.15805302,True,13,train,2
3056,0.0,849.3149,849.56512,0.8,"[3644.93333333, 3644.93333333]","[20.0, 20.0]",0.08,0.0,0.0,null,gabors,40.0,null,4.0,0.25022076,224,-0.584786,1.2281997,8,0.10336291,True,13,train,0
3057,0.0,849.56512,849.81531,0.8,"[3644.93333333, 3644.93333333]","[20.0, 20.0]",0.08,45.0,40.0,null,gabors,10.0,null,4.0,0.25019674,150,-0.54087106,1.1000593,7,0.13232515,True,12,train,1
3058,0.0,849.81531,850.06551,0.8,"[3644.93333333, 3644.93333333]","[20.0, 20.0]",0.08,45.0,-10.0,null,gabors,40.0,null,4.0,0.25019674,39,-0.41579367,1.0384571,8,0.084984677,True,12,train,1
3059,0.0,850.06551,850.31571,0.8,"[3644.93333333, 3644.93333333]","[20.0, 20.0]",0.08,90.0,10.0,null,gabors,30.0,null,4.0,0.25019674,229,-0.32695589,1.1653854,7,0.077046374,True,14,test,2
3060,0.0,850.31571,850.5659,0.8,"[3644.93333333, 3644.93333333]","[20.0, 20.0]",0.08,45.0,10.0,null,gabors,20.0,null,4.0,0.25019674,102,-0.33887596,1.1428718,8,0.076129323,True,12,train,1
3061,0.0,850.5659,850.81612,0.8,"[3644.93333333, 3644.93333333]","[20.0, 20.0]",0.08,90.0,30.0,null,gabors,40.0,null,4.0,0.25021576,142,-0.34204364,1.1731188,7,0.088624951,True,13,train,2
3062,0.0,850.81612,851.06634,0.8,"[3644.93333333, 3644.93333333]","[20.0, 20.0]",0.08,45.0,-40.0,null,gabors,-20.0,null,4.0,0.25021576,77,-0.64438661,1.2019311,8,0.053984442,True,10,train,1
3063,0.0,851.06634,851.31655,0.8,"[3644.93333333, 3644.93333333]","[20.0, 20.0]",0.08,0.0,30.0,null,gabors,-30.0,null,4.0,0.25021576,16,-0.396444,1.0777276,7,0.091623566,True,11,test,0
3064,0.0,851.31655,851.56677,0.8,"[3644.93333333, 3644.93333333]","[20.0, 20.0]",0.08,90.0,-30.0,null,gabors,-20.0,null,4.0,0.25021576,44,-0.37869695,1.0637276,8,0.083747843,True,10,train,2
3065,0.0,851.56677,851.81697,0.8,"[3644.93333333, 3644.93333333]","[20.0, 20.0]",0.08,0.0,10.0,null,gabors,40.0,null,4.0,0.25020424,133,-0.61087133,1.0658568,7,0.060490571,True,13,train,0
3066,0.0,851.81697,852.06718,0.8,"[3644.93333333, 3644.93333333]","[20.0, 20.0]",0.08,0.0,20.0,null,gabors,-20.0,null,4.0,0.25020424,132,-0.44326448,1.1299038,8,0.051921389,True,11,test,0
3067,0.0,852.06718,852.31738,0.8,"[3644.93333333, 3644.93333333]","[20.0, 20.0]",0.08,90.0,-10.0,null,gabors,20.0,null,4.0,0.25020424,1,-0.49876712,1.2144155,7,0.071936221,True,13,train,2
3068,0.0,852.31738,852.56758,0.8,"[3644.93333333, 3644.93333333]","[20.0, 20.0]",0.08,45.0,30.0,null,gabors,-20.0,null,4.0,0.25020424,107,-0.43866542,1.0519689,8,0.12007818,True,12,train,1
3069,0.0,852.56758,852.81779,0.8,"[3644.93333333, 3644.93333333]","[20.0, 20.0]",0.08,45.0,-40.0,null,gabors,30.0,null,4.0,0.25021076,63,-0.43732531,1.1444501,7,0.11992338,True,10,train,1
3070,0.0,852.81779,853.06801,0.8,"[3644.93333333, 3644.93333333]","[20.0, 20.0]",0.08,0.0,20.0,null,gabors,-40.0,null,4.0,0.25021076,135,-0.31305357,1.2222312,8,0.072452628,True,12,train,0
3071,0.0,853.06801,853.31822,0.8,"[3644.93333333, 3644.93333333]","[20.0, 20.0]",0.08,45.0,30.0,null,gabors,-10.0,null,4.0,0.25021076,240,-0.29532126,1.0037085,7,0.0805228,True,13,train,1
3072,0.0,853.31822,853.56843,0.8,"[3644.93333333, 3644.93333333]","[20.0, 20.0]",0.08,90.0,10.0,null,gabors,-20.0,null,4.0,0.25021076,158,-0.4772223,1.3181549,8,0.071076745,True,12,train,2
3073,0.0,853.56843,853.81863,0.8,"[3644.93333333, 3644.93333333]","[20.0, 20.0]",0.08,0.0,-10.0,null,gabors,-40.0,null,4.0,0.25020674,112,-0.48276558,1.3466686,7,0.093163535,True,13,train,0
3074,0.0,853.81863,854.06884,0.8,"[3644.93333333, 3644.93333333]","[20.0, 20.0]",0.08,90.0,-40.0,null,gabors,30.0,null,4.0,0.25020674,120,-0.2729181,1.2825865,8,0.081479469,True,11,test,2
3075,0.0,854.06884,854.31905,0.8,"[3644.93333333, 3644.93333333]","[20.0, 20.0]",0.08,90.0,0.0,null,gabors,-10.0,null,4.0,0.25020674,7,-0.32495531,1.2125019,7,0.079672827,True,13,train,2
3076,0.0,854.31905,854.56925,0.8,"[3644.93333333, 3644.93333333]","[20.0, 20.0]",0.08,90.0,40.0,null,gabors,-20.0,null,4.0,0.25020674,214,-0.39220633,1.3285375,8,0.094665451,True,8,test,2
3077,0.0,854.56925,854.81947,0.8,"[3644.93333333, 3644.93333333]","[20.0, 20.0]",0.08,0.0,-30.0,null,gabors,40.0,null,4.0,0.25021326,130,-0.23516773,1.3622926,7,0.14678353,True,11,test,0
3078,0.0,854.81947,855.06968,0.8,"[3644.93333333, 3644.93333333]","[20.0, 20.0]",0.08,0.0,-40.0,null,gabors,10.0,null,4.0,0.25021326,15,-0.29027957,1.2501681,8,0.13300607,True,12,train,0
3079,0.0,855.06968,855.31989,0.8,"[3644.93333333, 3644.93333333]","[20.0, 20.0]",0.08,45.0,-20.0,null,gabors,40.0,null,4.0,0.25021326,81,-0.25775589,1.2373345,7,0.15523445,True,12,train,1
3080,0.0,855.31989,855.57011,0.8,"[3644.93333333, 3644.93333333]","[20.0, 20.0]",0.08,0.0,-20.0,null,gabors,-20.0,null,4.0,0.25021326,223,-0.31324041,1.2847654,8,0.098530474,True,9,train,0
3081,0.0,855.57011,855.82031,0.8,"[3644.93333333, 3644.93333333]","[20.0, 20.0]",0.08,0.0,10.0,null,gabors,30.0,null,4.0,0.25020674,169,-0.42805393,1.3438286,7,0.081372258,True,11,test,0
3082,0.0,855.82031,856.07052,0.8,"[3644.93333333, 3644.93333333]","[20.0, 20.0]",0.08,0.0,-10.0,null,gabors,-20.0,null,4.0,0.25020674,125,-0.38213162,1.5462502,8,0.096860502,True,8,test,0
3083,0.0,856.07052,856.32073,0.8,"[3644.93333333, 3644.93333333]","[20.0, 20.0]",0.08,45.0,-30.0,null,gabors,-10.0,null,4.0,0.25020674,41,-0.3743893,1.4546418,7,0.080458938,True,12,train,1
3084,0.0,856.32073,856.57093,0.8,"[3644.93333333, 3644.93333333]","[20.0, 20.0]",0.08,45.0,40.0,null,gabors,-30.0,null,4.0,0.25020674,108,-0.37956044,1.4846117,8,0.096829855,True,12,train,1
3085,0.0,856.57093,856.82115,0.8,"[3644.93333333, 3644.93333333]","[20.0, 20.0]",0.08,0.0,10.0,null,gabors,-40.0,null,4.0,0.25021326,233,-0.47720429,1.2922001,7,0.0763428,True,11,test,0
3086,0.0,856.82115,857.07136,0.8,"[3644.93333333, 3644.93333333]","[20.0, 20.0]",0.08,45.0,10.0,null,gabors,40.0,null,4.0,0.25021326,235,-0.57772061,1.4565652,7,0.09461839,True,8,test,1
3087,0.0,857.07136,857.32157,0.8,"[3644.93333333, 3644.93333333]","[20.0, 20.0]",0.08,45.0,-10.0,null,gabors,30.0,null,4.0,0.25021326,175,-0.54783766,1.3262273,7,0.078986979,True,12,train,1
3088,0.0,857.32157,857.57179,0.8,"[3644.93333333, 3644.93333333]","[20.0, 20.0]",0.08,45.0,-40.0,null,gabors,-20.0,null,4.0,0.25021326,77,-0.44438267,1.2800657,7,0.1842577,True,11,test,1
3089,0.0,857.57179,857.82199,0.8,"[3644.93333333, 3644.93333333]","[20.0, 20.0]",0.08,90.0,-20.0,null,gabors,10.0,null,4.0,0.25020424,100,-0.5869464,1.3057684,7,0.17454343,True,11,test,2
3090,0.0,857.82199,858.0722,0.8,"[3644.93333333, 3644.93333333]","[20.0, 20.0]",0.08,45.0,40.0,null,gabors,-10.0,null,4.0,0.25020424,171,-0.69241672,1.3354474,7,0.10278894,True,11,test,1
3091,0.0,858.0722,858.3224,0.8,"[3644.93333333, 3644.93333333]","[20.0, 20.0]",0.08,0.0,10.0,null,gabors,20.0,null,4.0,0.25020424,145,-0.71764104,1.4257609,8,0.097327695,True,13,train,0
3092,0.0,858.3224,858.5726,0.8,"[3644.93333333, 3644.93333333]","[20.0, 20.0]",0.08,90.0,0.0,null,gabors,0.0,null,4.0,0.25020424,66,-0.66883791,1.5015722,7,0.083454189,True,11,test,2
3093,0.0,858.5726,858.82281,0.8,"[3644.93333333, 3644.93333333]","[20.0, 20.0]",0.08,90.0,-30.0,null,gabors,-40.0,null,4.0,0.25021076,90,-0.65667853,1.3566347,8,0.054832914,True,13,train,2
3094,0.0,858.82281,859.07303,0.8,"[3644.93333333, 3644.93333333]","[20.0, 20.0]",0.08,45.0,-40.0,null,gabors,-20.0,null,4.0,0.25021076,77,-0.67953034,1.4734099,7,0.061220822,True,12,train,1
3095,0.0,859.07303,859.32324,0.8,"[3644.93333333, 3644.93333333]","[20.0, 20.0]",0.08,90.0,10.0,null,gabors,10.0,null,4.0,0.25021076,20,-0.54488738,1.4335231,8,0.086867799,True,12,train,2
3096,0.0,859.32324,859.57345,0.8,"[3644.93333333, 3644.93333333]","[20.0, 20.0]",0.08,0.0,20.0,null,gabors,-10.0,null,4.0,0.25021076,213,-0.5058329,1.3551303,7,0.069459502,True,10,train,0
3097,0.0,859.57345,859.82365,0.8,"[3644.93333333, 3644.93333333]","[20.0, 20.0]",0.08,45.0,-20.0,null,gabors,40.0,null,4.0,0.25020424,81,-0.62953416,1.4795759,8,0.090102607,True,13,train,1
3098,0.0,859.82365,860.07386,0.8,"[3644.93333333, 3644.93333333]","[20.0, 20.0]",0.08,90.0,-10.0,null,gabors,0.0,null,4.0,0.25020424,227,-0.44688515,1.3916529,7,0.048545851,True,11,test,2
3099,0.0,860.07386,860.32406,0.8,"[3644.93333333, 3644.93333333]","[20.0, 20.0]",0.08,90.0,30.0,null,gabors,-10.0,null,4.0,0.25020424,211,-0.66543661,1.4141971,8,0.1167439,True,10,train,2
3100,0.0,860.32406,860.57426,0.8,"[3644.93333333, 3644.93333333]","[20.0, 20.0]",0.08,45.0,40.0,null,gabors,-40.0,null,4.0,0.25020424,195,-0.45076798,1.3732628,7,0.097111603,True,13,train,1
3101,0.0,860.57426,860.82448,0.8,"[3644.93333333, 3644.93333333]","[20.0, 20.0]",0.08,90.0,10.0,null,gabors,-40.0,null,4.0,0.25021326,117,-0.2562358,1.2662185,8,0.1652812,True,14,test,2
3102,0.0,860.82448,861.07469,0.8,"[3644.93333333, 3644.93333333]","[20.0, 20.0]",0.08,45.0,-30.0,null,gabors,-30.0,null,4.0,0.25021326,221,-0.48874108,1.6038489,7,0.07740217,True,12,train,1
3103,0.0,861.07469,861.3249,0.8,"[3644.93333333, 3644.93333333]","[20.0, 20.0]",0.08,90.0,0.0,null,gabors,20.0,null,4.0,0.25021326,56,-0.38845454,1.3290849,8,0.11899009,True,12,train,2
3104,0.0,861.3249,861.57512,0.8,"[3644.93333333, 3644.93333333]","[20.0, 20.0]",0.08,0.0,-40.0,null,gabors,-30.0,null,4.0,0.25021326,220,-0.44972352,1.5396566,7,0.061247379,True,13,train,0
3105,0.0,861.57512,861.82533,0.8,"[3644.93333333, 3644.93333333]","[20.0, 20.0]",0.08,45.0,20.0,null,gabors,0.0,null,4.0,0.25020924,228,-0.58076665,1.5037219,8,0.11005552,True,13,train,1
3106,0.0,861.82533,862.07554,0.8,"[3644.93333333, 3644.93333333]","[20.0, 20.0]",0.08,0.0,20.0,null,gabors,-30.0,null,4.0,0.25020924,155,-0.51928833,1.3540357,7,0.11935095,True,11,test,0
3107,0.0,862.07554,862.32574,0.8,"[3644.93333333, 3644.93333333]","[20.0, 20.0]",0.08,0.0,40.0,null,gabors,-10.0,null,4.0,0.25020924,67,-0.45012898,1.4855476,8,0.16137553,True,12,train,0
3108,0.0,862.32574,862.57595,0.8,"[3644.93333333, 3644.93333333]","[20.0, 20.0]",0.08,45.0,-20.0,null,gabors,-10.0,null,4.0,0.25020924,152,-0.21393174,1.4687166,7,0.08916283,True,11,test,1
3109,0.0,862.57595,862.82617,0.8,"[3644.93333333, 3644.93333333]","[20.0, 20.0]",0.08,45.0,20.0,null,gabors,-30.0,null,4.0,0.25021326,172,-0.34270085,1.5146992,8,0.13657265,True,13,train,1
3110,0.0,862.82617,863.07638,0.8,"[3644.93333333, 3644.93333333]","[20.0, 20.0]",0.08,90.0,-40.0,null,gabors,-40.0,null,4.0,0.25021326,243,-0.39552014,1.4325718,7,0.12507209,True,13,train,2
3111,0.0,863.07638,863.32659,0.8,"[3644.93333333, 3644.93333333]","[20.0, 20.0]",0.08,90.0,-30.0,null,gabors,10.0,null,4.0,0.25021326,111,-0.47478369,1.4264854,8,0.13565401,True,14,test,2
3112,0.0,863.32659,863.57681,0.8,"[3644.93333333, 3644.93333333]","[20.0, 20.0]",0.08,90.0,30.0,null,gabors,-40.0,null,4.0,0.25021326,27,-0.46506667,1.5265647,7,0.13326592,True,10,train,2
3113,0.0,863.57681,863.82701,0.8,"[3644.93333333, 3644.93333333]","[20.0, 20.0]",0.08,45.0,-20.0,null,gabors,40.0,null,4.0,0.25020174,81,-0.33899703,1.4638803,8,0.099129569,True,14,test,1
3114,0.0,863.82701,864.07721,0.8,"[3644.93333333, 3644.93333333]","[20.0, 20.0]",0.08,45.0,20.0,null,gabors,30.0,null,4.0,0.25020174,181,-0.37446248,1.5878011,7,0.10918566,True,13,train,1
3115,0.0,864.07721,864.32741,0.8,"[3644.93333333, 3644.93333333]","[20.0, 20.0]",0.08,45.0,10.0,null,gabors,40.0,null,4.0,0.25020174,235,-0.41313542,1.4009522,8,0.10231517,True,9,train,1
3116,0.0,864.32741,864.57761,0.8,"[3644.93333333, 3644.93333333]","[20.0, 20.0]",0.08,0.0,30.0,null,gabors,0.0,null,4.0,0.25020174,97,-0.384762,1.4436663,7,0.064945865,True,13,train,0
3117,0.0,864.57761,864.82783,0.8,"[3644.93333333, 3644.93333333]","[20.0, 20.0]",0.08,90.0,30.0,null,gabors,-10.0,null,4.0,0.25021326,211,-0.31367103,1.3203197,8,0.12504009,True,11,test,2
3118,0.0,864.82783,865.07804,0.8,"[3644.93333333, 3644.93333333]","[20.0, 20.0]",0.08,45.0,0.0,null,gabors,10.0,null,4.0,0.25021326,38,-0.33188839,1.544077,7,0.059457677,True,11,test,1
3119,0.0,865.07804,865.32825,0.8,"[3644.93333333, 3644.93333333]","[20.0, 20.0]",0.08,90.0,30.0,null,gabors,0.0,null,4.0,0.25021326,37,-0.33869654,1.5407994,8,0.084797746,True,11,test,2
3120,0.0,865.32825,865.57847,0.8,"[3644.93333333, 3644.93333333]","[20.0, 20.0]",0.08,45.0,30.0,null,gabors,40.0,null,4.0,0.25021326,126,-0.39819146,1.5757531,7,0.064583683,True,10,train,1
3121,0.0,865.57847,865.82867,0.8,"[3644.93333333, 3644.93333333]","[20.0, 20.0]",0.08,45.0,-40.0,null,gabors,-30.0,null,4.0,0.25020674,62,-0.48680927,1.6416531,8,0.072371942,True,10,train,1
3122,0.0,865.82867,866.07888,0.8,"[3644.93333333, 3644.93333333]","[20.0, 20.0]",0.08,0.0,40.0,null,gabors,-40.0,null,4.0,0.25020674,174,-0.40632771,1.5501597,7,0.10072609,True,12,train,0
3123,0.0,866.07888,866.32909,0.8,"[3644.93333333, 3644.93333333]","[20.0, 20.0]",0.08,45.0,30.0,null,gabors,20.0,null,4.0,0.25020674,49,-0.37263648,1.3763153,8,0.11369359,True,12,train,1
3124,0.0,866.32909,866.57929,0.8,"[3644.93333333, 3644.93333333]","[20.0, 20.0]",0.08,45.0,30.0,null,gabors,-20.0,null,4.0,0.25020674,107,-0.41530904,1.3895705,7,0.061542354,True,13,train,1
3125,0.0,866.57929,866.82951,0.8,"[3644.93333333, 3644.93333333]","[20.0, 20.0]",0.08,0.0,30.0,null,gabors,-20.0,null,4.0,0.25021826,176,-0.37574453,1.5150677,8,0.083822362,True,11,test,0
3126,0.0,866.82951,867.07973,0.8,"[3644.93333333, 3644.93333333]","[20.0, 20.0]",0.08,45.0,-40.0,null,gabors,0.0,null,4.0,0.25021826,168,-0.29060845,1.523219,7,0.13892886,True,11,test,1
3127,0.0,867.07973,867.32995,0.8,"[3644.93333333, 3644.93333333]","[20.0, 20.0]",0.08,90.0,-30.0,null,gabors,30.0,null,4.0,0.25021826,194,-0.50630901,1.5521893,8,0.13002932,True,12,train,2
3128,0.0,867.32995,867.58017,0.8,"[3644.93333333, 3644.93333333]","[20.0, 20.0]",0.08,0.0,40.0,null,gabors,-20.0,null,4.0,0.25021826,78,-0.60611397,1.5651411,7,0.078791093,True,13,train,0
3129,0.0,867.58017,867.83037,0.8,"[3644.93333333, 3644.93333333]","[20.0, 20.0]",0.08,45.0,-30.0,null,gabors,-40.0,null,4.0,0.25019924,91,-0.47919865,1.7972804,8,0.12920195,True,12,train,1
3130,0.0,867.83037,868.08057,0.8,"[3644.93333333, 3644.93333333]","[20.0, 20.0]",0.08,90.0,-30.0,null,gabors,-40.0,null,4.0,0.25019924,90,-0.35720329,1.7223153,7,0.10519821,True,14,test,2
3131,0.0,868.08057,868.33076,0.8,"[3644.93333333, 3644.93333333]","[20.0, 20.0]",0.08,90.0,10.0,null,gabors,-30.0,null,4.0,0.25019924,209,-0.39266467,1.6495941,8,0.07614931,True,13,train,2
3132,0.0,868.33076,868.58096,0.8,"[3644.93333333, 3644.93333333]","[20.0, 20.0]",0.08,0.0,40.0,null,gabors,10.0,null,4.0,0.25019924,230,-0.30902904,1.6625791,7,0.049144374,True,11,test,0
3133,0.0,868.58096,868.83118,0.8,"[3644.93333333, 3644.93333333]","[20.0, 20.0]",0.08,90.0,-40.0,null,gabors,-40.0,null,4.0,0.25021576,243,-0.34181692,1.7956298,8,0.064134255,True,14,test,2
3134,0.0,868.83118,869.0814,0.8,"[3644.93333333, 3644.93333333]","[20.0, 20.0]",0.08,90.0,-20.0,null,gabors,30.0,null,4.0,0.25021576,80,-0.38248637,1.8353781,7,0.15175992,True,11,test,2
3135,0.0,869.0814,869.33161,0.8,"[3644.93333333, 3644.93333333]","[20.0, 20.0]",0.08,0.0,20.0,null,gabors,-10.0,null,4.0,0.25021576,213,-0.39423832,1.858775,8,0.11335988,True,11,test,0
3136,0.0,869.33161,869.58183,0.8,"[3644.93333333, 3644.93333333]","[20.0, 20.0]",0.08,0.0,-40.0,null,gabors,20.0,null,4.0,0.25021576,151,-0.42827336,1.76786,7,0.097031196,True,13,train,0
3137,0.0,869.58183,869.83203,0.8,"[3644.93333333, 3644.93333333]","[20.0, 20.0]",0.08,0.0,-10.0,null,gabors,10.0,null,4.0,0.25020424,114,-0.613194,1.4945618,8,0.1424499,True,12,train,0
3138,0.0,869.83203,870.08224,0.8,"[3644.93333333, 3644.93333333]","[20.0, 20.0]",0.08,0.0,-10.0,null,gabors,20.0,null,4.0,0.25020424,28,-0.63222994,1.6501912,7,0.10671514,True,13,train,0
3139,0.0,870.08224,870.33244,0.8,"[3644.93333333, 3644.93333333]","[20.0, 20.0]",0.08,45.0,0.0,null,gabors,-30.0,null,4.0,0.25020424,46,-0.63501408,1.7377012,8,0.0580718,True,13,train,1
3140,0.0,870.33244,870.58264,0.8,"[3644.93333333, 3644.93333333]","[20.0, 20.0]",0.08,0.0,10.0,null,gabors,-30.0,null,4.0,0.25020424,116,-0.47551139,1.8290964,7,0.081615808,True,14,test,0
3141,0.0,870.58264,870.83286,0.8,"[3644.93333333, 3644.93333333]","[20.0, 20.0]",0.08,0.0,20.0,null,gabors,0.0,null,4.0,0.25021576,148,-0.59186228,1.9764798,8,0.12154025,True,11,test,0
3142,0.0,870.83286,871.08308,0.8,"[3644.93333333, 3644.93333333]","[20.0, 20.0]",0.08,45.0,0.0,null,gabors,20.0,null,4.0,0.25021576,24,-0.57572244,1.8558265,7,0.11091079,True,11,test,1
3143,0.0,871.08308,871.33329,0.8,"[3644.93333333, 3644.93333333]","[20.0, 20.0]",0.08,0.0,-40.0,null,gabors,-10.0,null,4.0,0.25021576,103,-0.61266389,1.8924244,8,0.10691953,True,11,test,0
3144,0.0,871.33329,871.58351,0.8,"[3644.93333333, 3644.93333333]","[20.0, 20.0]",0.08,45.0,20.0,null,gabors,-20.0,null,4.0,0.25021576,208,-0.7720978,1.7530239,7,0.062850187,True,14,test,1
3145,0.0,871.58351,871.83371,0.8,"[3644.93333333, 3644.93333333]","[20.0, 20.0]",0.08,0.0,-10.0,null,gabors,-20.0,null,4.0,0.25020174,125,-0.58922097,1.795931,8,0.15430817,True,9,train,0
3146,0.0,871.83371,872.08391,0.8,"[3644.93333333, 3644.93333333]","[20.0, 20.0]",0.08,90.0,-20.0,null,gabors,20.0,null,4.0,0.25020174,18,-0.64020274,1.7714324,7,0.075221777,True,12,train,2
3147,0.0,872.08391,872.33411,0.8,"[3644.93333333, 3644.93333333]","[20.0, 20.0]",0.08,45.0,20.0,null,gabors,-10.0,null,4.0,0.25020174,167,-0.61899651,1.8352679,8,0.084543846,True,12,train,1
3148,0.0,872.33411,872.58431,0.8,"[3644.93333333, 3644.93333333]","[20.0, 20.0]",0.08,0.0,10.0,null,gabors,-20.0,null,4.0,0.25020174,35,-0.54821571,1.7273959,7,0.13238975,True,14,test,0
3149,0.0,872.58431,872.83452,0.8,"[3644.93333333, 3644.93333333]","[20.0, 20.0]",0.08,90.0,20.0,null,gabors,-30.0,null,4.0,0.25020826,231,-0.53249349,1.7833036,8,0.099911565,True,11,test,2
3150,0.0,872.83452,873.08473,0.8,"[3644.93333333, 3644.93333333]","[20.0, 20.0]",0.08,45.0,-30.0,null,gabors,0.0,null,4.0,0.25020826,179,-0.68123982,1.6777604,7,0.12901812,True,12,train,1
3151,0.0,873.08473,873.33494,0.8,"[3644.93333333, 3644.93333333]","[20.0, 20.0]",0.08,90.0,-30.0,null,gabors,0.0,null,4.0,0.25020826,188,-0.69108139,1.6348051,8,0.084032969,True,12,train,2
3152,0.0,873.33494,873.58515,0.8,"[3644.93333333, 3644.93333333]","[20.0, 20.0]",0.08,0.0,-30.0,null,gabors,-40.0,null,4.0,0.25020826,12,-0.71781079,1.7327165,7,0.21210159,True,11,test,0
3153,0.0,873.58515,873.83536,0.8,"[3644.93333333, 3644.93333333]","[20.0, 20.0]",0.08,0.0,40.0,null,gabors,-30.0,null,4.0,0.25021174,92,-0.78088682,1.862684,8,0.10564489,True,12,train,0
3154,0.0,873.83536,874.08557,0.8,"[3644.93333333, 3644.93333333]","[20.0, 20.0]",0.08,45.0,-40.0,null,gabors,30.0,null,4.0,0.25021174,63,-0.65117939,1.7075484,7,0.10426493,True,11,test,1
3155,0.0,874.08557,874.33578,0.8,"[3644.93333333, 3644.93333333]","[20.0, 20.0]",0.08,90.0,40.0,null,gabors,-40.0,null,4.0,0.25021174,21,-0.57842941,1.797554,8,0.10639865,True,12,train,2
3156,0.0,874.33578,874.58599,0.8,"[3644.93333333, 3644.93333333]","[20.0, 20.0]",0.08,90.0,40.0,null,gabors,20.0,null,4.0,0.25021174,189,-0.81300975,1.769579,7,0.10244549,True,13,train,2
3157,0.0,874.58599,874.8362,0.8,"[3644.93333333, 3644.93333333]","[20.0, 20.0]",0.08,90.0,-30.0,null,gabors,0.0,null,4.0,0.25020826,188,-0.77615353,1.8738257,8,0.12069677,True,13,train,2
3158,0.0,874.8362,875.08641,0.8,"[3644.93333333, 3644.93333333]","[20.0, 20.0]",0.08,90.0,30.0,null,gabors,-30.0,null,4.0,0.25020826,234,-0.75665926,1.7188721,7,0.088206362,True,11,test,2
3159,0.0,875.08641,875.33662,0.8,"[3644.93333333, 3644.93333333]","[20.0, 20.0]",0.08,0.0,-10.0,null,gabors,-10.0,null,4.0,0.25020826,136,-0.69451149,1.9078578,8,0.11009994,True,12,train,0
3160,0.0,875.33662,875.58683,0.8,"[3644.93333333, 3644.93333333]","[20.0, 20.0]",0.08,45.0,-10.0,null,gabors,40.0,null,4.0,0.25020826,39,-0.72883256,1.7766271,7,0.096691463,True,13,train,1
3161,0.0,875.58683,875.83703,0.8,"[3644.93333333, 3644.93333333]","[20.0, 20.0]",0.08,90.0,20.0,null,gabors,40.0,null,4.0,0.25020674,79,-0.76761868,1.9206568,8,0.071405982,True,13,train,2
3162,0.0,875.83703,876.08724,0.8,"[3644.93333333, 3644.93333333]","[20.0, 20.0]",0.08,90.0,-20.0,null,gabors,30.0,null,4.0,0.25020674,80,-0.75460278,1.9465573,7,0.12272483,True,12,train,2
3163,0.0,876.08724,876.33745,0.8,"[3644.93333333, 3644.93333333]","[20.0, 20.0]",0.08,45.0,10.0,null,gabors,-20.0,null,4.0,0.25020674,23,-0.59451778,1.9010044,8,0.071116634,True,10,train,1
3164,0.0,876.33745,876.58765,0.8,"[3644.93333333, 3644.93333333]","[20.0, 20.0]",0.08,90.0,-30.0,null,gabors,20.0,null,4.0,0.25020674,173,-0.64196489,1.9259366,7,0.078444144,True,14,test,2
3165,0.0,876.58765,876.83787,0.8,"[3644.93333333, 3644.93333333]","[20.0, 20.0]",0.08,45.0,-20.0,null,gabors,30.0,null,4.0,0.25021576,232,-0.71081269,2.0125074,8,0.09763621,True,13,train,1
3166,0.0,876.83787,877.08809,0.8,"[3644.93333333, 3644.93333333]","[20.0, 20.0]",0.08,90.0,30.0,null,gabors,-10.0,null,4.0,0.25021576,211,-0.82257105,2.3923086,7,0.13233992,True,12,train,2
3167,0.0,877.08809,877.3383,0.8,"[3644.93333333, 3644.93333333]","[20.0, 20.0]",0.08,90.0,0.0,null,gabors,-40.0,null,4.0,0.25021576,82,-0.75920654,2.134522,7,0.090149007,True,11,test,2
3168,0.0,877.3383,877.58852,0.8,"[3644.93333333, 3644.93333333]","[20.0, 20.0]",0.08,45.0,0.0,null,gabors,0.0,null,4.0,0.25021576,191,-0.79478999,2.2956812,7,0.14014607,True,12,train,1
3169,0.0,877.58852,877.83872,0.8,"[3644.93333333, 3644.93333333]","[20.0, 20.0]",0.08,0.0,30.0,null,gabors,30.0,null,4.0,0.25020174,6,-0.83574731,2.0303987,8,0.12240568,True,14,test,0
3170,0.0,877.83872,878.08892,0.8,"[3644.93333333, 3644.93333333]","[20.0, 20.0]",0.08,45.0,-40.0,null,gabors,-30.0,null,4.0,0.25020174,62,-0.79368082,1.9816032,8,0.10929983,True,11,test,1
3171,0.0,878.08892,878.33912,0.8,"[3644.93333333, 3644.93333333]","[20.0, 20.0]",0.08,0.0,0.0,null,gabors,30.0,null,4.0,0.25020174,55,-0.67378475,2.1596452,7,0.10570501,True,12,train,0
3172,0.0,878.33912,878.58932,0.8,"[3644.93333333, 3644.93333333]","[20.0, 20.0]",0.08,45.0,-30.0,null,gabors,20.0,null,4.0,0.25020174,190,-0.82768931,2.214897,7,0.061980974,True,10,train,1
3173,0.0,878.58932,878.83954,0.8,"[3644.93333333, 3644.93333333]","[20.0, 20.0]",0.08,0.0,40.0,null,gabors,30.0,null,4.0,0.25021826,2,-0.77626404,2.256161,8,0.078351159,True,12,train,0
3174,0.0,878.83954,879.08976,0.8,"[3644.93333333, 3644.93333333]","[20.0, 20.0]",0.08,45.0,40.0,null,gabors,40.0,null,4.0,0.25021826,178,-0.84336926,2.0462282,8,0.095092879,True,14,test,1
3175,0.0,879.08976,879.33998,0.8,"[3644.93333333, 3644.93333333]","[20.0, 20.0]",0.08,45.0,20.0,null,gabors,-10.0,null,4.0,0.25021826,167,-0.85056079,2.0547882,7,0.13813366,True,13,train,1
3176,0.0,879.33998,879.5902,0.8,"[3644.93333333, 3644.93333333]","[20.0, 20.0]",0.08,45.0,-10.0,null,gabors,-40.0,null,4.0,0.25021826,238,-0.91408127,2.1062803,7,0.13358254,True,14,test,1
3177,0.0,879.5902,879.8404,0.8,"[3644.93333333, 3644.93333333]","[20.0, 20.0]",0.08,90.0,-20.0,null,gabors,-10.0,null,4.0,0.25020174,153,-0.79662311,2.1262722,8,0.14879487,True,9,train,2
3178,0.0,879.8404,880.0906,0.8,"[3644.93333333, 3644.93333333]","[20.0, 20.0]",0.08,0.0,-20.0,null,gabors,-10.0,null,4.0,0.25020174,216,-0.8401933,2.2902028,8,0.10569531,True,12,train,0
3179,0.0,880.0906,880.3408,0.8,"[3644.93333333, 3644.93333333]","[20.0, 20.0]",0.08,0.0,0.0,null,gabors,0.0,null,4.0,0.25020174,139,-0.8643827,2.3688776,7,0.080963929,True,11,test,0
3180,0.0,880.3408,880.591,0.8,"[3644.93333333, 3644.93333333]","[20.0, 20.0]",0.08,0.0,10.0,null,gabors,20.0,null,4.0,0.25020174,145,-0.59640627,2.1078451,7,0.22753482,True,14,test,0
3181,0.0,880.591,880.84121,0.8,"[3644.93333333, 3644.93333333]","[20.0, 20.0]",0.08,90.0,30.0,null,gabors,-30.0,null,4.0,0.25020826,234,-0.30657851,2.0298862,8,0.23559897,True,12,train,2
3182,0.0,880.84121,881.09142,0.8,"[3644.93333333, 3644.93333333]","[20.0, 20.0]",0.08,90.0,-40.0,null,gabors,30.0,null,4.0,0.25020826,120,-0.220779,1.9243514,8,0.11255469,True,12,train,2
3183,0.0,881.09142,881.34163,0.8,"[3644.93333333, 3644.93333333]","[20.0, 20.0]",0.08,45.0,30.0,null,gabors,-40.0,null,4.0,0.25020826,36,-0.39676801,2.0073961,7,0.1243079,True,12,train,1
3184,0.0,881.34163,881.59184,0.8,"[3644.93333333, 3644.93333333]","[20.0, 20.0]",0.08,90.0,0.0,null,gabors,30.0,null,4.0,0.25020826,215,-0.48660865,2.0305367,7,0.070794429,True,13,train,2
3185,0.0,881.59184,881.84204,0.8,"[3644.93333333, 3644.93333333]","[20.0, 20.0]",0.08,0.0,-40.0,null,gabors,30.0,null,4.0,0.25020674,203,-0.67144185,1.8996893,7,0.064167431,True,11,test,0
3186,0.0,881.84204,882.09225,0.8,"[3644.93333333, 3644.93333333]","[20.0, 20.0]",0.08,45.0,-30.0,null,gabors,-40.0,null,4.0,0.25020674,91,-0.46506502,1.8859841,8,0.09891006,True,13,train,1
3187,0.0,882.09225,882.34246,0.8,"[3644.93333333, 3644.93333333]","[20.0, 20.0]",0.08,0.0,0.0,null,gabors,-10.0,null,4.0,0.25020674,160,-0.57906139,1.8418484,7,0.087896227,True,13,train,0
3188,0.0,882.34246,882.59266,0.8,"[3644.93333333, 3644.93333333]","[20.0, 20.0]",0.08,90.0,30.0,null,gabors,10.0,null,4.0,0.25020674,40,-0.57737572,2.0825417,8,0.091614639,True,12,train,2
3189,0.0,882.59266,882.84288,0.8,"[3644.93333333, 3644.93333333]","[20.0, 20.0]",0.08,90.0,20.0,null,gabors,10.0,null,4.0,0.25022076,129,-0.64902653,2.135533,7,0.12060205,True,13,train,2
3190,0.0,882.84288,883.09311,0.8,"[3644.93333333, 3644.93333333]","[20.0, 20.0]",0.08,45.0,0.0,null,gabors,10.0,null,4.0,0.25022076,38,-0.59440882,2.0640071,8,0.0954695,True,12,train,1
3191,0.0,883.09311,883.34333,0.8,"[3644.93333333, 3644.93333333]","[20.0, 20.0]",0.08,0.0,-40.0,null,gabors,30.0,null,4.0,0.25022076,203,-0.86453764,2.0439624,7,0.13551582,True,12,train,0
3192,0.0,883.34333,883.59355,0.8,"[3644.93333333, 3644.93333333]","[20.0, 20.0]",0.08,0.0,-40.0,null,gabors,40.0,null,4.0,0.25022076,141,-0.85235332,1.8697155,8,0.097284909,True,14,test,0
3193,0.0,883.59355,883.84375,0.8,"[3644.93333333, 3644.93333333]","[20.0, 20.0]",0.08,45.0,-30.0,null,gabors,10.0,null,4.0,0.25019924,202,-0.69399575,2.1917683,7,0.16499479,True,11,test,1
3194,0.0,883.84375,884.09395,0.8,"[3644.93333333, 3644.93333333]","[20.0, 20.0]",0.08,45.0,30.0,null,gabors,40.0,null,4.0,0.25019924,126,-0.63905944,2.1700699,8,0.19884358,True,11,test,1
3195,0.0,884.09395,884.34414,0.8,"[3644.93333333, 3644.93333333]","[20.0, 20.0]",0.08,45.0,-30.0,null,gabors,40.0,null,4.0,0.25019924,3,-0.48535783,1.9780375,7,0.11052247,True,12,train,1
3196,0.0,884.34414,884.59434,0.8,"[3644.93333333, 3644.93333333]","[20.0, 20.0]",0.08,0.0,-10.0,null,gabors,-20.0,null,4.0,0.25019924,125,-0.64074431,2.2056859,8,0.1092187,True,10,train,0
3197,0.0,884.59434,884.84455,0.8,"[3644.93333333, 3644.93333333]","[20.0, 20.0]",0.08,0.0,-10.0,null,gabors,-40.0,null,4.0,0.25021076,112,-0.78027763,2.2314982,7,0.14489516,True,14,test,0
3198,0.0,884.84455,885.09477,0.8,"[3644.93333333, 3644.93333333]","[20.0, 20.0]",0.08,90.0,-30.0,null,gabors,40.0,null,4.0,0.25021076,75,-0.79398507,1.9984797,8,0.26411235,True,10,train,2
3199,0.0,885.09477,885.34498,0.8,"[3644.93333333, 3644.93333333]","[20.0, 20.0]",0.08,0.0,-20.0,null,gabors,-20.0,null,4.0,0.25021076,223,-0.79216696,2.0402515,7,0.12224467,True,10,train,0
3200,0.0,885.34498,885.59519,0.8,"[3644.93333333, 3644.93333333]","[20.0, 20.0]",0.08,0.0,20.0,null,gabors,-20.0,null,4.0,0.25021076,132,-0.8938022,2.2822173,8,0.11217517,True,12,train,0
3201,0.0,885.59519,885.8454,0.8,"[3644.93333333, 3644.93333333]","[20.0, 20.0]",0.08,90.0,-20.0,null,gabors,-10.0,null,4.0,0.25021174,153,-0.89000252,2.1259628,7,0.089735734,True,10,train,2
3202,0.0,885.8454,886.09561,0.8,"[3644.93333333, 3644.93333333]","[20.0, 20.0]",0.08,45.0,30.0,null,gabors,30.0,null,4.0,0.25021174,59,-1.0130779,2.0576507,8,0.1080648,True,11,test,1
3203,0.0,886.09561,886.34582,0.8,"[3644.93333333, 3644.93333333]","[20.0, 20.0]",0.08,45.0,10.0,null,gabors,40.0,null,4.0,0.25021174,235,-0.8374362,2.0754615,7,0.12991577,True,10,train,1
3204,0.0,886.34582,886.59603,0.8,"[3644.93333333, 3644.93333333]","[20.0, 20.0]",0.08,90.0,20.0,null,gabors,40.0,null,4.0,0.25021174,79,-0.71230167,2.1006782,8,0.08022816,True,14,test,2
3205,0.0,886.59603,886.84624,0.8,"[3644.93333333, 3644.93333333]","[20.0, 20.0]",0.08,90.0,40.0,null,gabors,0.0,null,4.0,0.25021076,183,-0.80470902,2.0107913,7,0.065408743,True,13,train,2
3206,0.0,886.84624,887.09646,0.8,"[3644.93333333, 3644.93333333]","[20.0, 20.0]",0.08,0.0,-30.0,null,gabors,10.0,null,4.0,0.25021076,43,-0.71727405,2.0786877,8,0.09658723,True,12,train,0
3207,0.0,887.09646,887.34667,0.8,"[3644.93333333, 3644.93333333]","[20.0, 20.0]",0.08,45.0,40.0,null,gabors,-20.0,null,4.0,0.25021076,104,-0.69190576,2.1936135,7,0.070580884,True,13,train,1
3208,0.0,887.34667,887.59688,0.8,"[3644.93333333, 3644.93333333]","[20.0, 20.0]",0.08,90.0,-30.0,null,gabors,-10.0,null,4.0,0.25021076,26,-0.70136442,2.3376713,8,0.20257665,True,11,test,2
3209,0.0,887.59688,887.84708,0.8,"[3644.93333333, 3644.93333333]","[20.0, 20.0]",0.08,45.0,-30.0,null,gabors,-30.0,null,4.0,0.25020424,221,-0.8980668,2.2168009,7,0.17404649,True,13,train,1
3210,0.0,887.84708,888.09729,0.8,"[3644.93333333, 3644.93333333]","[20.0, 20.0]",0.08,0.0,-20.0,null,gabors,-10.0,null,4.0,0.25020424,216,-0.6946728,2.5347846,8,0.12429613,True,13,train,0
3211,0.0,888.09729,888.34749,0.8,"[3644.93333333, 3644.93333333]","[20.0, 20.0]",0.08,90.0,-30.0,null,gabors,-10.0,null,4.0,0.25020424,26,-0.6420198,2.5401446,7,0.045683453,True,12,train,2
3212,0.0,888.34749,888.59769,0.8,"[3644.93333333, 3644.93333333]","[20.0, 20.0]",0.08,45.0,-40.0,null,gabors,30.0,null,4.0,0.25020424,63,-0.86857899,2.4203068,8,0.13586152,True,12,train,1
3213,0.0,888.59769,888.84791,0.8,"[3644.93333333, 3644.93333333]","[20.0, 20.0]",0.08,90.0,-30.0,null,gabors,40.0,null,4.0,0.25021576,75,-0.67143773,2.4901773,7,0.11507243,True,11,test,2
3214,0.0,888.84791,889.09813,0.8,"[3644.93333333, 3644.93333333]","[20.0, 20.0]",0.08,90.0,30.0,null,gabors,-10.0,null,4.0,0.25021576,211,-0.78228931,2.3981951,8,0.083363021,True,13,train,2
3215,0.0,889.09813,889.34834,0.8,"[3644.93333333, 3644.93333333]","[20.0, 20.0]",0.08,90.0,0.0,null,gabors,30.0,null,4.0,0.25021576,215,-0.80580405,2.4396684,7,0.14464925,True,14,test,2
3216,0.0,889.34834,889.59856,0.8,"[3644.93333333, 3644.93333333]","[20.0, 20.0]",0.08,45.0,0.0,null,gabors,-30.0,null,4.0,0.25021576,46,-0.79186863,2.5343612,8,0.10527741,True,14,test,1
3217,0.0,889.59856,889.84876,0.8,"[3644.93333333, 3644.93333333]","[20.0, 20.0]",0.08,90.0,30.0,null,gabors,-20.0,null,4.0,0.25020174,212,-0.89940246,2.5659951,7,0.09830028,True,12,train,2
3218,0.0,889.84876,890.09896,0.8,"[3644.93333333, 3644.93333333]","[20.0, 20.0]",0.08,45.0,30.0,null,gabors,40.0,null,4.0,0.25020174,126,-0.87674082,2.6346524,8,0.10892057,True,12,train,1
3219,0.0,890.09896,890.34916,0.8,"[3644.93333333, 3644.93333333]","[20.0, 20.0]",0.08,90.0,-40.0,null,gabors,40.0,null,4.0,0.25020174,156,-0.86869087,2.4231178,7,0.08073723,True,14,test,2
3220,0.0,890.34916,890.59936,0.8,"[3644.93333333, 3644.93333333]","[20.0, 20.0]",0.08,90.0,30.0,null,gabors,-40.0,null,4.0,0.25020174,27,-0.8570997,2.479854,8,0.095660185,True,11,test,2
3221,0.0,890.59936,890.84958,0.8,"[3644.93333333, 3644.93333333]","[20.0, 20.0]",0.08,45.0,20.0,null,gabors,20.0,null,4.0,0.25021326,76,-0.6942743,2.7581165,7,0.10149591,True,14,test,1
3222,0.0,890.84958,891.09979,0.8,"[3644.93333333, 3644.93333333]","[20.0, 20.0]",0.08,90.0,-20.0,null,gabors,-20.0,null,4.0,0.25021326,25,-0.87940028,2.5071684,8,0.09287357,True,10,train,2
3223,0.0,891.09979,891.35,0.8,"[3644.93333333, 3644.93333333]","[20.0, 20.0]",0.08,45.0,-20.0,null,gabors,-20.0,null,4.0,0.25021326,83,-0.88777308,2.4248458,7,0.10039864,True,14,test,1
3224,0.0,891.35,891.60022,0.8,"[3644.93333333, 3644.93333333]","[20.0, 20.0]",0.08,0.0,10.0,null,gabors,-10.0,null,4.0,0.25021326,182,-0.84658501,2.4518578,8,0.059104006,True,12,train,0
3225,0.0,891.60022,891.85042,0.8,"[3644.93333333, 3644.93333333]","[20.0, 20.0]",0.08,45.0,10.0,null,gabors,-40.0,null,4.0,0.25020674,5,-0.88120943,2.3816554,7,0.10829776,True,14,test,1
3226,0.0,891.85042,892.10063,0.8,"[3644.93333333, 3644.93333333]","[20.0, 20.0]",0.08,45.0,30.0,null,gabors,-30.0,null,4.0,0.25020674,84,-0.91874355,2.4414644,8,0.095857168,True,10,train,1
3227,0.0,892.10063,892.35084,0.8,"[3644.93333333, 3644.93333333]","[20.0, 20.0]",0.08,90.0,-20.0,null,gabors,0.0,null,4.0,0.25020674,121,-1.0383548,2.3247889,7,0.087094903,True,13,train,2
3228,0.0,892.35084,892.60104,0.8,"[3644.93333333, 3644.93333333]","[20.0, 20.0]",0.08,90.0,0.0,null,gabors,-40.0,null,4.0,0.25020674,82,-0.88560129,2.5290952,8,0.17810325,True,12,train,2
3229,0.0,892.60104,892.85126,0.8,"[3644.93333333, 3644.93333333]","[20.0, 20.0]",0.08,0.0,20.0,null,gabors,-20.0,null,4.0,0.25021826,132,-0.99145364,2.6908104,7,0.10060769,True,13,train,0
3230,0.0,892.85126,893.10148,0.8,"[3644.93333333, 3644.93333333]","[20.0, 20.0]",0.08,45.0,-10.0,null,gabors,20.0,null,4.0,0.25021826,47,-0.68469192,2.5839548,8,0.16999989,True,10,train,1
3231,0.0,893.10148,893.3517,0.8,"[3644.93333333, 3644.93333333]","[20.0, 20.0]",0.08,45.0,-40.0,null,gabors,-30.0,null,4.0,0.25021826,62,-0.9071598,2.525146,7,0.12896507,True,12,train,1
3232,0.0,893.3517,893.60192,0.8,"[3644.93333333, 3644.93333333]","[20.0, 20.0]",0.08,0.0,40.0,null,gabors,-40.0,null,4.0,0.25021826,174,-0.81840387,2.6359854,8,0.15216361,True,13,train,0
3233,0.0,893.60192,893.85211,0.8,"[3644.93333333, 3644.93333333]","[20.0, 20.0]",0.08,90.0,-20.0,null,gabors,-20.0,null,4.0,0.25019674,25,-0.68003619,2.689035,7,0.10698962,True,11,test,2
3234,0.0,893.85211,894.10231,0.8,"[3644.93333333, 3644.93333333]","[20.0, 20.0]",0.08,45.0,-20.0,null,gabors,-40.0,null,4.0,0.25019674,45,-0.71475101,2.5843952,8,0.074203406,True,12,train,1
3235,0.0,894.10231,894.35251,0.8,"[3644.93333333, 3644.93333333]","[20.0, 20.0]",0.08,0.0,40.0,null,gabors,-10.0,null,4.0,0.25019674,67,-0.7106849,2.5036996,7,0.075568235,True,13,train,0
3236,0.0,894.35251,894.6027,0.8,"[3644.93333333, 3644.93333333]","[20.0, 20.0]",0.08,0.0,0.0,null,gabors,-40.0,null,4.0,0.25019674,239,-0.84385454,2.6024122,8,0.12376162,True,14,test,0
3237,0.0,894.6027,894.85292,0.8,"[3644.93333333, 3644.93333333]","[20.0, 20.0]",0.08,45.0,-30.0,null,gabors,-30.0,null,4.0,0.25021326,221,-0.73609398,2.6484867,7,0.14811718,True,14,test,1
3238,0.0,894.85292,895.10313,0.8,"[3644.93333333, 3644.93333333]","[20.0, 20.0]",0.08,45.0,0.0,null,gabors,0.0,null,4.0,0.25021326,191,-0.90191097,2.540766,8,0.093551706,True,13,train,1
3239,0.0,895.10313,895.35334,0.8,"[3644.93333333, 3644.93333333]","[20.0, 20.0]",0.08,45.0,-10.0,null,gabors,-30.0,null,4.0,0.25021326,184,-0.68524617,2.5235433,7,0.080503979,True,13,train,1
3240,0.0,895.35334,895.60356,0.8,"[3644.93333333, 3644.93333333]","[20.0, 20.0]",0.08,45.0,0.0,null,gabors,-20.0,null,4.0,0.25021326,177,-0.64402238,2.6116266,8,0.12050912,True,14,test,1
3241,0.0,895.60356,895.85377,0.8,"[3644.93333333, 3644.93333333]","[20.0, 20.0]",0.08,45.0,-40.0,null,gabors,-30.0,null,4.0,0.25020924,62,-0.64524159,2.6476084,7,0.05970262,True,13,train,1
3242,0.0,895.85377,896.10398,0.8,"[3644.93333333, 3644.93333333]","[20.0, 20.0]",0.08,45.0,-40.0,null,gabors,30.0,null,4.0,0.25020924,63,-0.6690102,2.5207393,8,0.070941835,True,13,train,1
3243,0.0,896.10398,896.35418,0.8,"[3644.93333333, 3644.93333333]","[20.0, 20.0]",0.08,90.0,10.0,null,gabors,-10.0,null,4.0,0.25020924,138,-0.64454022,2.4868444,7,0.096708095,True,14,test,2
3244,0.0,896.35418,896.60439,0.8,"[3644.93333333, 3644.93333333]","[20.0, 20.0]",0.08,45.0,-30.0,null,gabors,20.0,null,4.0,0.25020924,190,-0.72577536,2.4235385,7,0.055000681,True,11,test,1
3245,0.0,896.60439,896.8546,0.8,"[3644.93333333, 3644.93333333]","[20.0, 20.0]",0.08,0.0,-10.0,null,gabors,-20.0,null,4.0,0.25020826,125,-0.69835766,2.3999025,7,0.092464653,True,11,test,0
3246,0.0,896.8546,897.10481,0.8,"[3644.93333333, 3644.93333333]","[20.0, 20.0]",0.08,0.0,-40.0,null,gabors,-40.0,null,4.0,0.25020826,69,-0.67638924,2.3796187,7,0.10388361,True,13,train,0
3247,0.0,897.10481,897.35502,0.8,"[3644.93333333, 3644.93333333]","[20.0, 20.0]",0.08,45.0,30.0,null,gabors,-30.0,null,4.0,0.25020826,84,-0.84660505,2.3036292,7,0.083051289,True,11,test,1
3248,0.0,897.35502,897.60523,0.8,"[3644.93333333, 3644.93333333]","[20.0, 20.0]",0.08,90.0,-20.0,null,gabors,40.0,null,4.0,0.25020826,147,-0.81300719,2.3091875,7,0.12952795,True,13,train,2
3249,0.0,897.60523,897.85544,0.8,"[3644.93333333, 3644.93333333]","[20.0, 20.0]",0.08,0.0,30.0,null,gabors,-20.0,null,4.0,0.25020924,176,-0.7659326,2.3209691,8,0.11960518,True,12,train,0
3250,0.0,897.85544,898.10565,0.8,"[3644.93333333, 3644.93333333]","[20.0, 20.0]",0.08,90.0,10.0,null,gabors,20.0,null,4.0,0.25020924,68,-0.66755219,2.1968204,7,0.095465403,True,13,train,2
3251,0.0,898.10565,898.35585,0.8,"[3644.93333333, 3644.93333333]","[20.0, 20.0]",0.08,0.0,20.0,null,gabors,0.0,null,4.0,0.25020924,148,-0.68893592,2.2107226,8,0.07876985,True,12,train,0
3252,0.0,898.35585,898.60606,0.8,"[3644.93333333, 3644.93333333]","[20.0, 20.0]",0.08,90.0,20.0,null,gabors,-30.0,null,4.0,0.25020924,231,-0.79543816,2.1719245,7,0.08258343,True,12,train,2
3253,0.0,898.60606,898.85628,0.8,"[3644.93333333, 3644.93333333]","[20.0, 20.0]",0.08,45.0,40.0,null,gabors,-30.0,null,4.0,0.25021326,108,-0.80166851,2.1764594,8,0.088205266,True,13,train,1
3254,0.0,898.85628,899.10649,0.8,"[3644.93333333, 3644.93333333]","[20.0, 20.0]",0.08,90.0,10.0,null,gabors,40.0,null,4.0,0.25021326,225,-0.90336086,2.0576171,7,0.090469311,True,13,train,2
3255,0.0,899.10649,899.3567,0.8,"[3644.93333333, 3644.93333333]","[20.0, 20.0]",0.08,45.0,-10.0,null,gabors,20.0,null,4.0,0.25021326,47,-0.72559914,2.1561533,8,0.087271029,True,11,test,1
3256,0.0,899.3567,899.60692,0.8,"[3644.93333333, 3644.93333333]","[20.0, 20.0]",0.08,0.0,20.0,null,gabors,-30.0,null,4.0,0.25021326,155,-0.82838633,2.1951262,7,0.13475044,True,12,train,0
3257,0.0,899.60692,899.85712,0.8,"[3644.93333333, 3644.93333333]","[20.0, 20.0]",0.08,90.0,-40.0,null,gabors,20.0,null,4.0,0.25020424,61,-0.88784338,2.0275675,8,0.061631373,True,11,test,2
3258,0.0,899.85712,900.10733,0.8,"[3644.93333333, 3644.93333333]","[20.0, 20.0]",0.08,45.0,20.0,null,gabors,0.0,null,4.0,0.25020424,228,-0.92124581,2.4431457,7,0.28693963,True,14,test,1
3259,0.0,900.10733,900.35753,0.8,"[3644.93333333, 3644.93333333]","[20.0, 20.0]",0.08,90.0,0.0,null,gabors,-20.0,null,4.0,0.25020424,197,-0.82887507,2.4789878,8,0.13275533,True,12,train,2
3260,0.0,900.35753,900.60773,0.8,"[3644.93333333, 3644.93333333]","[20.0, 20.0]",0.08,45.0,-10.0,null,gabors,20.0,null,4.0,0.25020424,47,-0.77037366,2.3017059,7,0.14043059,True,12,train,1
3261,0.0,900.60773,900.85795,0.8,"[3644.93333333, 3644.93333333]","[20.0, 20.0]",0.08,45.0,-10.0,null,gabors,-20.0,null,4.0,0.25021326,166,-0.68185162,2.0611149,8,0.10757457,True,13,train,1
3262,0.0,900.85795,901.10816,0.8,"[3644.93333333, 3644.93333333]","[20.0, 20.0]",0.08,90.0,-20.0,null,gabors,30.0,null,4.0,0.25021326,80,-0.65920124,2.3326118,7,0.13806228,True,13,train,2
3263,0.0,901.10816,901.35837,0.8,"[3644.93333333, 3644.93333333]","[20.0, 20.0]",0.08,0.0,30.0,null,gabors,-30.0,null,4.0,0.25021326,16,-0.73565319,2.1178064,8,0.065716064,True,12,train,0
3264,0.0,901.35837,901.60859,0.8,"[3644.93333333, 3644.93333333]","[20.0, 20.0]",0.08,0.0,-10.0,null,gabors,-10.0,null,4.0,0.25021326,136,-0.75088278,2.1212497,7,0.09059742,True,13,train,0
3265,0.0,901.60859,901.85879,0.8,"[3644.93333333, 3644.93333333]","[20.0, 20.0]",0.08,0.0,-10.0,null,gabors,-20.0,null,4.0,0.25020424,125,-0.7320383,2.1143339,8,0.14044281,True,12,train,0
3266,0.0,901.85879,902.109,0.8,"[3644.93333333, 3644.93333333]","[20.0, 20.0]",0.08,45.0,-40.0,null,gabors,30.0,null,4.0,0.25020424,63,-0.63025696,2.247588,7,0.089888709,True,14,test,1
3267,0.0,902.109,902.3592,0.8,"[3644.93333333, 3644.93333333]","[20.0, 20.0]",0.08,45.0,20.0,null,gabors,-30.0,null,4.0,0.25020424,172,-0.57966867,2.1310316,8,0.10024262,True,14,test,1
3268,0.0,902.3592,902.6094,0.8,"[3644.93333333, 3644.93333333]","[20.0, 20.0]",0.08,45.0,-40.0,null,gabors,-20.0,null,4.0,0.25020424,77,-0.69722389,2.1369864,7,0.11571002,True,13,train,1
3269,0.0,902.6094,902.85962,0.8,"[3644.93333333, 3644.93333333]","[20.0, 20.0]",0.08,90.0,-20.0,null,gabors,10.0,null,4.0,0.25021576,100,-0.67546872,2.3711288,8,0.10142635,True,12,train,2
3270,0.0,902.85962,903.10984,0.8,"[3644.93333333, 3644.93333333]","[20.0, 20.0]",0.08,90.0,-10.0,null,gabors,0.0,null,4.0,0.25021576,227,-0.67273067,2.4135182,7,0.18715397,True,12,train,2
3271,0.0,903.10984,903.36005,0.8,"[3644.93333333, 3644.93333333]","[20.0, 20.0]",0.08,0.0,10.0,null,gabors,-40.0,null,4.0,0.25021576,233,-0.64094256,2.3063159,8,0.12305727,True,12,train,0
3272,0.0,903.36005,903.61027,0.8,"[3644.93333333, 3644.93333333]","[20.0, 20.0]",0.08,0.0,-20.0,null,gabors,0.0,null,4.0,0.25021576,226,-0.69939868,2.2773785,7,0.087302641,True,12,train,0
3273,0.0,903.61027,903.86047,0.8,"[3644.93333333, 3644.93333333]","[20.0, 20.0]",0.08,0.0,0.0,null,gabors,30.0,null,4.0,0.25020424,55,-0.7239228,2.2418319,8,0.10004251,True,13,train,0
3274,0.0,903.86047,904.11068,0.8,"[3644.93333333, 3644.93333333]","[20.0, 20.0]",0.08,45.0,-30.0,null,gabors,-10.0,null,4.0,0.25020424,41,-0.79371187,2.1991353,7,0.10856874,True,13,train,1
3275,0.0,904.11068,904.36088,0.8,"[3644.93333333, 3644.93333333]","[20.0, 20.0]",0.08,0.0,-10.0,null,gabors,20.0,null,4.0,0.25020424,28,-0.6103369,2.2205153,8,0.17980624,True,14,test,0
3276,0.0,904.36088,904.61108,0.8,"[3644.93333333, 3644.93333333]","[20.0, 20.0]",0.08,0.0,-10.0,null,gabors,30.0,null,4.0,0.25020424,219,-0.71806595,2.2443492,7,0.10756597,True,11,test,0
3277,0.0,904.61108,904.8613,0.8,"[3644.93333333, 3644.93333333]","[20.0, 20.0]",0.08,0.0,20.0,null,gabors,30.0,null,4.0,0.25021826,42,-0.78067686,2.1770089,8,0.068272142,True,13,train,0
3278,0.0,904.8613,905.11152,0.8,"[3644.93333333, 3644.93333333]","[20.0, 20.0]",0.08,90.0,-10.0,null,gabors,40.0,null,4.0,0.25021826,29,-0.86696793,2.1228807,7,0.1338756,True,12,train,2
3279,0.0,905.11152,905.36174,0.8,"[3644.93333333, 3644.93333333]","[20.0, 20.0]",0.08,0.0,10.0,null,gabors,-40.0,null,4.0,0.25021826,233,-0.83470865,2.3043823,8,0.10481151,True,13,train,0
3280,0.0,905.36174,905.61196,0.8,"[3644.93333333, 3644.93333333]","[20.0, 20.0]",0.08,45.0,40.0,null,gabors,30.0,null,4.0,0.25021826,53,-1.0324747,2.2026653,7,0.10989823,True,13,train,1
3281,0.0,905.61196,905.86215,0.8,"[3644.93333333, 3644.93333333]","[20.0, 20.0]",0.08,90.0,-10.0,null,gabors,30.0,null,4.0,0.25019674,87,-1.2260057,2.3300337,8,0.081852993,True,13,train,2
3282,0.0,905.86215,906.11235,0.8,"[3644.93333333, 3644.93333333]","[20.0, 20.0]",0.08,90.0,-20.0,null,gabors,40.0,null,4.0,0.25019674,147,-1.0541832,2.1996269,7,0.12786292,True,14,test,2
3283,0.0,906.11235,906.36255,0.8,"[3644.93333333, 3644.93333333]","[20.0, 20.0]",0.08,0.0,20.0,null,gabors,10.0,null,4.0,0.25019674,207,-1.1476464,2.1699344,8,0.065021524,True,14,test,0
3284,0.0,906.36255,906.61274,0.8,"[3644.93333333, 3644.93333333]","[20.0, 20.0]",0.08,90.0,30.0,null,gabors,-40.0,null,4.0,0.25019674,27,-1.0417632,2.1138141,6,0.11630694,True,12,train,2
3285,0.0,906.61274,906.86296,0.8,"[3644.93333333, 3644.93333333]","[20.0, 20.0]",0.08,90.0,-30.0,null,gabors,-20.0,null,4.0,0.25021326,44,-1.0180954,2.1656995,9,0.09554328,True,11,test,2
3286,0.0,906.86296,907.11317,0.8,"[3644.93333333, 3644.93333333]","[20.0, 20.0]",0.08,45.0,-40.0,null,gabors,10.0,null,4.0,0.25021326,50,-0.98782563,2.1633975,7,0.1062625,True,13,train,1
3287,0.0,907.11317,907.36338,0.8,"[3644.93333333, 3644.93333333]","[20.0, 20.0]",0.08,45.0,30.0,null,gabors,30.0,null,4.0,0.25021326,59,-0.92089696,2.1645347,8,0.12300063,True,12,train,1
3288,0.0,907.36338,907.6136,0.8,"[3644.93333333, 3644.93333333]","[20.0, 20.0]",0.08,0.0,30.0,null,gabors,0.0,null,4.0,0.25021326,97,-0.89945655,2.187537,7,0.10771754,True,14,test,0
3289,0.0,907.6136,907.8638,0.8,"[3644.93333333, 3644.93333333]","[20.0, 20.0]",0.08,45.0,-20.0,null,gabors,20.0,null,4.0,0.25020424,113,-0.99393515,2.3693455,8,0.17773925,True,12,train,1
3290,0.0,907.8638,908.11401,0.8,"[3644.93333333, 3644.93333333]","[20.0, 20.0]",0.08,45.0,40.0,null,gabors,-10.0,null,4.0,0.25020424,171,-0.85934245,2.5043764,7,0.14754896,True,12,train,1
3291,0.0,908.11401,908.36421,0.8,"[3644.93333333, 3644.93333333]","[20.0, 20.0]",0.08,45.0,40.0,null,gabors,0.0,null,4.0,0.25020424,99,-0.83431065,2.2440575,8,0.23716226,True,13,train,1
3292,0.0,908.36421,908.61441,0.8,"[3644.93333333, 3644.93333333]","[20.0, 20.0]",0.08,90.0,-20.0,null,gabors,-20.0,null,4.0,0.25020424,25,-0.38613046,2.2746513,7,1.954435,True,12,train,2
3293,0.0,908.61441,908.86463,0.8,"[3644.93333333, 3644.93333333]","[20.0, 20.0]",0.08,45.0,0.0,null,gabors,20.0,null,4.0,0.25021326,24,-0.078947817,5.2476733,8,0.1331742,True,12,train,1
3294,0.0,908.86463,909.11484,0.8,"[3644.93333333, 3644.93333333]","[20.0, 20.0]",0.08,90.0,-20.0,null,gabors,-10.0,null,4.0,0.25021326,153,-0.25585779,4.9801005,6,0.13723952,True,11,test,2
3295,0.0,909.11484,909.36505,0.8,"[3644.93333333, 3644.93333333]","[20.0, 20.0]",0.08,0.0,40.0,null,gabors,30.0,null,4.0,0.25021326,2,0.20195555,4.855178,6,0.15860099,True,13,train,0
3296,0.0,909.36505,909.61527,0.8,"[3644.93333333, 3644.93333333]","[20.0, 20.0]",0.08,45.0,10.0,null,gabors,-30.0,null,4.0,0.25021326,9,0.13489263,4.750849,7,0.13964328,True,14,test,1
3297,0.0,909.61527,909.86547,0.8,"[3644.93333333, 3644.93333333]","[20.0, 20.0]",0.08,0.0,20.0,null,gabors,20.0,null,4.0,0.25020674,196,0.021705646,4.570601,8,0.17046845,True,13,train,0
3298,0.0,909.86547,910.11568,0.8,"[3644.93333333, 3644.93333333]","[20.0, 20.0]",0.08,90.0,20.0,null,gabors,30.0,null,4.0,0.25020674,10,-0.08160604,4.3757832,7,0.18872818,True,14,test,2
3299,0.0,910.11568,910.36589,0.8,"[3644.93333333, 3644.93333333]","[20.0, 20.0]",0.08,90.0,0.0,null,gabors,-40.0,null,4.0,0.25020674,82,-0.12565341,4.3081131,8,0.21511594,True,13,train,2
3300,0.0,910.36589,910.61609,0.8,"[3644.93333333, 3644.93333333]","[20.0, 20.0]",0.08,0.0,-30.0,null,gabors,30.0,null,4.0,0.25020674,146,-0.13750516,3.9848652,7,0.27491308,True,13,train,0
3301,0.0,910.61609,910.86631,0.8,"[3644.93333333, 3644.93333333]","[20.0, 20.0]",0.08,90.0,-20.0,null,gabors,20.0,null,4.0,0.25021576,18,-0.19553804,3.9778064,8,0.19007754,True,13,train,2
3302,0.0,910.86631,911.11653,0.8,"[3644.93333333, 3644.93333333]","[20.0, 20.0]",0.08,90.0,10.0,null,gabors,10.0,null,4.0,0.25021576,20,-0.17721072,3.8176227,7,0.2675766,True,13,train,2
3303,0.0,911.11653,911.36674,0.8,"[3644.93333333, 3644.93333333]","[20.0, 20.0]",0.08,90.0,0.0,null,gabors,0.0,null,4.0,0.25021576,66,-0.083108725,3.9561678,8,0.21272171,True,12,train,2
3304,0.0,911.36674,911.61696,0.8,"[3644.93333333, 3644.93333333]","[20.0, 20.0]",0.08,0.0,0.0,null,gabors,20.0,null,4.0,0.25021576,192,-0.23721555,3.8548743,7,0.17870139,True,14,test,0
3305,0.0,911.61696,911.86716,0.8,"[3644.93333333, 3644.93333333]","[20.0, 20.0]",0.08,0.0,-30.0,null,gabors,-40.0,null,4.0,0.25020174,12,-0.16928395,3.8467872,8,0.24495403,True,12,train,0
3306,0.0,911.86716,912.11736,0.8,"[3644.93333333, 3644.93333333]","[20.0, 20.0]",0.08,0.0,-40.0,null,gabors,-20.0,null,4.0,0.25020174,95,-0.23924743,3.9008241,7,0.24132798,True,13,train,0
3307,0.0,912.11736,912.36756,0.8,"[3644.93333333, 3644.93333333]","[20.0, 20.0]",0.08,45.0,-10.0,null,gabors,20.0,null,4.0,0.25020174,47,-0.30564421,3.7921243,8,0.23890668,True,13,train,1
3308,0.0,912.36756,912.61776,0.8,"[3644.93333333, 3644.93333333]","[20.0, 20.0]",0.08,45.0,-30.0,null,gabors,0.0,null,4.0,0.25020174,179,-0.0083321035,3.6599318,7,0.22380417,True,13,train,1
3309,0.0,912.61776,912.86798,0.8,"[3644.93333333, 3644.93333333]","[20.0, 20.0]",0.08,45.0,30.0,null,gabors,20.0,null,4.0,0.25021576,49,-0.079406247,3.7489576,8,0.12687391,True,13,train,1
3310,0.0,912.86798,913.1182,0.8,"[3644.93333333, 3644.93333333]","[20.0, 20.0]",0.08,0.0,-10.0,null,gabors,-10.0,null,4.0,0.25021576,136,-0.14289399,3.6052368,7,0.0963873,True,14,test,0
3311,0.0,913.1182,913.36841,0.8,"[3644.93333333, 3644.93333333]","[20.0, 20.0]",0.08,0.0,20.0,null,gabors,0.0,null,4.0,0.25021576,148,-0.17143072,3.4937835,8,0.25320706,True,13,train,0
3312,0.0,913.36841,913.61863,0.8,"[3644.93333333, 3644.93333333]","[20.0, 20.0]",0.08,90.0,-40.0,null,gabors,20.0,null,4.0,0.25021576,61,0.25795211,3.9234856,7,0.21789937,True,12,train,2
3313,0.0,913.61863,913.86883,0.8,"[3644.93333333, 3644.93333333]","[20.0, 20.0]",0.08,0.0,-40.0,null,gabors,-10.0,null,4.0,0.25020674,103,0.17269693,3.5544409,8,0.23430556,True,12,train,0
3314,0.0,913.86883,914.11904,0.8,"[3644.93333333, 3644.93333333]","[20.0, 20.0]",0.08,45.0,-10.0,null,gabors,40.0,null,4.0,0.25020674,39,-0.063379341,3.4951247,7,0.21381202,True,14,test,1
3315,0.0,914.11904,914.36925,0.8,"[3644.93333333, 3644.93333333]","[20.0, 20.0]",0.08,90.0,-40.0,null,gabors,0.0,null,4.0,0.25020674,4,-0.10513054,3.395899,8,0.18727875,True,10,train,2
3316,0.0,914.36925,914.61945,0.8,"[3644.93333333, 3644.93333333]","[20.0, 20.0]",0.08,90.0,-40.0,null,gabors,0.0,null,4.0,0.25020674,4,0.046919398,3.1861391,7,0.19577174,True,11,test,2
3317,0.0,914.61945,914.86966,0.8,"[3644.93333333, 3644.93333333]","[20.0, 20.0]",0.08,90.0,30.0,null,gabors,30.0,null,4.0,0.25020576,115,-0.038727804,3.2579967,8,0.21986967,True,14,test,2
3318,0.0,914.86966,915.11987,0.8,"[3644.93333333, 3644.93333333]","[20.0, 20.0]",0.08,45.0,-20.0,null,gabors,10.0,null,4.0,0.25020576,218,0.093924117,3.4872658,7,0.17304518,True,14,test,1
3319,0.0,915.11987,915.37007,0.8,"[3644.93333333, 3644.93333333]","[20.0, 20.0]",0.08,90.0,-30.0,null,gabors,-10.0,null,4.0,0.25020576,26,-0.067096034,3.4181935,8,0.13433075,True,13,train,2
3320,0.0,915.37007,915.62028,0.8,"[3644.93333333, 3644.93333333]","[20.0, 20.0]",0.08,90.0,40.0,null,gabors,30.0,null,4.0,0.25020576,122,-0.15111883,3.3985004,7,0.17799859,True,13,train,2
3321,0.0,915.62028,915.87049,0.8,"[3644.93333333, 3644.93333333]","[20.0, 20.0]",0.08,0.0,-30.0,null,gabors,10.0,null,4.0,0.25020924,43,0.1493826,3.5120865,8,0.13381822,True,13,train,0
3322,0.0,915.87049,916.1207,0.8,"[3644.93333333, 3644.93333333]","[20.0, 20.0]",0.08,90.0,30.0,null,gabors,40.0,null,4.0,0.25020924,142,0.032430368,3.6787044,7,0.086649959,True,14,test,2
3323,0.0,916.1207,916.3709,0.8,"[3644.93333333, 3644.93333333]","[20.0, 20.0]",0.08,45.0,30.0,null,gabors,30.0,null,4.0,0.25020924,59,-0.07559807,3.5749508,7,0.10893972,True,13,train,1
3324,0.0,916.3709,916.62111,0.8,"[3644.93333333, 3644.93333333]","[20.0, 20.0]",0.08,90.0,-10.0,null,gabors,30.0,null,4.0,0.25020924,87,-0.014324214,3.6053082,7,0.13495125,True,14,test,2
3325,0.0,916.62111,916.87133,0.8,"[3644.93333333, 3644.93333333]","[20.0, 20.0]",0.08,90.0,30.0,null,gabors,10.0,null,4.0,0.25021576,40,-0.57150645,0.10905517,7,0.22454078,True,13,train,2
3326,0.0,916.87133,917.12155,0.8,"[3644.93333333, 3644.93333333]","[20.0, 20.0]",0.08,0.0,-30.0,null,gabors,40.0,null,4.0,0.25021576,130,-1.015831,-0.36014843,7,0.28403987,True,12,train,0
3327,0.0,917.12155,917.37176,0.8,"[3644.93333333, 3644.93333333]","[20.0, 20.0]",0.08,0.0,-30.0,null,gabors,30.0,null,4.0,0.25021576,146,-1.1930612,-4.1305616,7,0.94940897,True,14,test,0
3328,0.0,917.37176,917.62198,0.8,"[3644.93333333, 3644.93333333]","[20.0, 20.0]",0.08,0.0,-40.0,null,gabors,0.0,null,4.0,0.25021576,70,-1.1787276,-4.0899609,8,0.22237051,True,14,test,0
3329,0.0,917.62198,917.87218,0.8,"[3644.93333333, 3644.93333333]","[20.0, 20.0]",0.08,0.0,-20.0,null,gabors,-20.0,null,4.0,0.25020424,223,-0.86531105,-4.4139421,7,0.88410697,True,11,test,0
3330,0.0,917.87218,918.12239,0.8,"[3644.93333333, 3644.93333333]","[20.0, 20.0]",0.08,45.0,30.0,null,gabors,-30.0,null,4.0,0.25020424,84,-0.82391956,-5.9036873,8,0.16915261,True,12,train,1
3331,0.0,918.12239,918.37259,0.8,"[3644.93333333, 3644.93333333]","[20.0, 20.0]",0.08,0.0,-30.0,null,gabors,40.0,null,4.0,0.25020424,130,-0.89648042,-5.8186434,7,0.12962185,True,13,train,0
3332,0.0,918.37259,918.62279,0.8,"[3644.93333333, 3644.93333333]","[20.0, 20.0]",0.08,90.0,40.0,null,gabors,-40.0,null,4.0,0.25020424,21,-0.69839665,-5.8593733,8,0.3096988,True,13,train,2
3333,0.0,918.62279,918.87301,0.8,"[3644.93333333, 3644.93333333]","[20.0, 20.0]",0.08,45.0,20.0,null,gabors,-40.0,null,4.0,0.25021576,109,-0.55960421,-5.5932085,7,0.41523136,True,14,test,1
3334,0.0,918.87301,919.12323,0.8,"[3644.93333333, 3644.93333333]","[20.0, 20.0]",0.08,0.0,-10.0,null,gabors,0.0,null,4.0,0.25021576,201,-0.49281779,-5.3447078,8,0.15424867,True,13,train,0
3335,0.0,919.12323,919.37344,0.8,"[3644.93333333, 3644.93333333]","[20.0, 20.0]",0.08,45.0,-30.0,null,gabors,40.0,null,4.0,0.25021576,3,-0.61942926,-5.4325647,7,0.3251226,True,13,train,1
3336,0.0,919.37344,919.62366,0.8,"[3644.93333333, 3644.93333333]","[20.0, 20.0]",0.08,90.0,-40.0,null,gabors,10.0,null,4.0,0.25021576,57,-0.88118454,-5.9678795,8,0.22555041,True,14,test,2
3337,0.0,919.62366,919.87386,0.8,"[3644.93333333, 3644.93333333]","[20.0, 20.0]",0.08,90.0,0.0,null,gabors,-20.0,null,4.0,0.25019924,197,-0.68406102,-5.8390827,7,0.16839895,True,13,train,2
3338,0.0,919.87386,920.12406,0.8,"[3644.93333333, 3644.93333333]","[20.0, 20.0]",0.08,90.0,-10.0,null,gabors,-40.0,null,4.0,0.25019924,198,-0.85600961,-5.7650714,8,0.17500069,True,13,train,2
3339,0.0,920.12406,920.37425,0.8,"[3644.93333333, 3644.93333333]","[20.0, 20.0]",0.08,45.0,-30.0,null,gabors,0.0,null,4.0,0.25019924,179,-0.73535988,-6.1373476,7,0.29100979,True,14,test,1
3340,0.0,920.37425,920.62445,0.8,"[3644.93333333, 3644.93333333]","[20.0, 20.0]",0.08,45.0,-20.0,null,gabors,30.0,null,4.0,0.25019924,232,-0.29260578,0.1446905,8,2.1466214,True,14,test,1
3341,0.0,920.62445,920.87467,0.8,"[3644.93333333, 3644.93333333]","[20.0, 20.0]",0.08,45.0,30.0,null,gabors,30.0,null,4.0,0.25021826,59,0.45728124,2.63257,7,0.42203721,True,14,test,1
3342,0.0,920.87467,921.12489,0.8,"[3644.93333333, 3644.93333333]","[20.0, 20.0]",0.08,90.0,-40.0,null,gabors,0.0,null,4.0,0.25021826,4,0.3790514,2.156513,8,0.22895122,True,12,train,2
3343,0.0,921.12489,921.37511,0.8,"[3644.93333333, 3644.93333333]","[20.0, 20.0]",0.08,90.0,-40.0,null,gabors,-30.0,null,4.0,0.25021826,127,0.36659451,1.8221019,7,0.23557871,True,12,train,2
3344,0.0,921.37511,921.62533,0.8,"[3644.93333333, 3644.93333333]","[20.0, 20.0]",0.08,45.0,-30.0,null,gabors,40.0,null,4.0,0.25021826,3,0.47953302,1.8596349,8,0.22349939,True,14,test,1
3345,0.0,921.62533,921.87553,0.8,"[3644.93333333, 3644.93333333]","[20.0, 20.0]",0.08,90.0,-40.0,null,gabors,30.0,null,4.0,0.25020174,120,0.061617001,1.7059648,7,0.2194857,True,13,train,2
3346,0.0,921.87553,922.12573,0.8,"[3644.93333333, 3644.93333333]","[20.0, 20.0]",0.08,45.0,-20.0,null,gabors,20.0,null,4.0,0.25020174,113,0.66113872,1.4841937,8,0.33514882,True,13,train,1
3347,0.0,922.12573,922.37593,0.8,"[3644.93333333, 3644.93333333]","[20.0, 20.0]",0.08,90.0,10.0,null,gabors,20.0,null,4.0,0.25020174,68,0.49055158,1.4376079,7,0.19729427,True,14,test,2
3348,0.0,922.37593,922.62613,0.8,"[3644.93333333, 3644.93333333]","[20.0, 20.0]",0.08,45.0,10.0,null,gabors,40.0,null,4.0,0.25020174,235,0.47854913,1.2582478,8,0.12306631,True,11,test,1
3349,0.0,922.62613,922.87634,0.8,"[3644.93333333, 3644.93333333]","[20.0, 20.0]",0.08,45.0,-30.0,null,gabors,-20.0,null,4.0,0.25021076,205,0.52092657,1.0021606,7,0.16575483,True,13,train,1
3350,0.0,922.87634,923.12656,0.8,"[3644.93333333, 3644.93333333]","[20.0, 20.0]",0.08,45.0,-40.0,null,gabors,0.0,null,4.0,0.25021076,168,0.65913124,1.0524901,8,0.19568804,True,12,train,1
3351,0.0,923.12656,923.37677,0.8,"[3644.93333333, 3644.93333333]","[20.0, 20.0]",0.08,45.0,20.0,null,gabors,-10.0,null,4.0,0.25021076,167,0.7120145,1.4807842,7,0.19570881,True,14,test,1
3352,0.0,923.37677,923.62698,0.8,"[3644.93333333, 3644.93333333]","[20.0, 20.0]",0.08,90.0,0.0,null,gabors,0.0,null,4.0,0.25021076,66,0.50651893,1.2840095,8,0.13450357,True,13,train,2
3353,0.0,923.62698,923.87718,0.8,"[3644.93333333, 3644.93333333]","[20.0, 20.0]",0.08,45.0,-20.0,null,gabors,-30.0,null,4.0,0.25020674,85,0.61178619,1.1150511,7,0.16384396,True,13,train,1
3354,0.0,923.87718,924.12739,0.8,"[3644.93333333, 3644.93333333]","[20.0, 20.0]",0.08,90.0,-40.0,null,gabors,-10.0,null,4.0,0.25020674,22,0.55757486,1.4332317,8,0.14318924,True,13,train,2
3355,0.0,924.12739,924.3776,0.8,"[3644.93333333, 3644.93333333]","[20.0, 20.0]",0.08,45.0,-10.0,null,gabors,0.0,null,4.0,0.25020674,88,0.49103773,1.305095,7,0.10927226,True,12,train,1
3356,0.0,924.3776,924.6278,0.8,"[3644.93333333, 3644.93333333]","[20.0, 20.0]",0.08,90.0,10.0,null,gabors,-20.0,null,4.0,0.25020674,158,0.45843917,1.2878271,8,0.19243156,True,13,train,2
3357,0.0,924.6278,924.87802,0.8,"[3644.93333333, 3644.93333333]","[20.0, 20.0]",0.08,90.0,-10.0,null,gabors,-20.0,null,4.0,0.25021326,241,0.72308336,1.2058287,7,0.097207756,True,14,test,2
3358,0.0,924.87802,925.12823,0.8,"[3644.93333333, 3644.93333333]","[20.0, 20.0]",0.08,90.0,10.0,null,gabors,40.0,null,4.0,0.25021326,225,0.45006588,1.2152888,8,0.17999112,True,14,test,2
3359,0.0,925.12823,925.37844,0.8,"[3644.93333333, 3644.93333333]","[20.0, 20.0]",0.08,45.0,10.0,null,gabors,40.0,null,4.0,0.25021326,235,-0.20073687,-2.4926764,7,1.2013811,True,12,train,1
3360,0.0,925.37844,925.62866,0.8,"[3644.93333333, 3644.93333333]","[20.0, 20.0]",0.08,0.0,10.0,null,gabors,-10.0,null,4.0,0.25021326,182,-0.69511739,-2.4610786,8,0.23821484,True,13,train,0
3361,0.0,925.62866,925.87887,0.8,"[3644.93333333, 3644.93333333]","[20.0, 20.0]",0.08,0.0,-20.0,null,gabors,40.0,null,4.0,0.25020924,33,-0.68434881,-2.2128693,7,0.15850368,True,14,test,0
3362,0.0,925.87887,926.12908,0.8,"[3644.93333333, 3644.93333333]","[20.0, 20.0]",0.08,90.0,-30.0,null,gabors,40.0,null,4.0,0.25020924,75,-0.48374936,-1.9812412,8,0.32752736,True,12,train,2
3363,0.0,926.12908,926.37928,0.8,"[3644.93333333, 3644.93333333]","[20.0, 20.0]",0.08,0.0,-10.0,null,gabors,10.0,null,4.0,0.25020924,114,-0.63804149,-2.0553133,7,0.36139393,True,13,train,0
3364,0.0,926.37928,926.62949,0.8,"[3644.93333333, 3644.93333333]","[20.0, 20.0]",0.08,0.0,-40.0,null,gabors,-10.0,null,4.0,0.25020924,103,-0.52342317,-2.0929627,8,0.20483534,True,13,train,0
3365,0.0,926.62949,926.8797,0.8,"[3644.93333333, 3644.93333333]","[20.0, 20.0]",0.08,45.0,40.0,null,gabors,-30.0,null,4.0,0.25020826,108,-0.38076286,-2.270733,7,0.20275783,True,14,test,1
3366,0.0,926.8797,927.12991,0.8,"[3644.93333333, 3644.93333333]","[20.0, 20.0]",0.08,0.0,20.0,null,gabors,-10.0,null,4.0,0.25020826,213,-0.16834852,-2.2787693,8,0.11831284,True,12,train,0
3367,0.0,927.12991,927.38012,0.8,"[3644.93333333, 3644.93333333]","[20.0, 20.0]",0.08,0.0,-10.0,null,gabors,-20.0,null,4.0,0.25020826,125,-0.016590907,-2.2004381,7,0.2037423,True,13,train,0
3368,0.0,927.38012,927.63033,0.8,"[3644.93333333, 3644.93333333]","[20.0, 20.0]",0.08,45.0,40.0,null,gabors,20.0,null,4.0,0.25020826,180,-0.116838,-2.1764921,8,0.25887288,True,13,train,1
3369,0.0,927.63033,927.88054,0.8,"[3644.93333333, 3644.93333333]","[20.0, 20.0]",0.08,45.0,-40.0,null,gabors,-10.0,null,4.0,0.25020924,118,0.057067537,-2.121292,7,0.12480385,True,14,test,1
3370,0.0,927.88054,928.13075,0.8,"[3644.93333333, 3644.93333333]","[20.0, 20.0]",0.08,0.0,-10.0,null,gabors,-30.0,null,4.0,0.25020924,164,-0.23583027,-2.0240824,8,0.3071131,True,13,train,0
3371,0.0,928.13075,928.38095,0.8,"[3644.93333333, 3644.93333333]","[20.0, 20.0]",0.08,45.0,20.0,null,gabors,10.0,null,4.0,0.25020924,187,-0.34741807,-1.9153396,7,0.22972405,True,11,test,1
3372,0.0,928.38095,928.63116,0.8,"[3644.93333333, 3644.93333333]","[20.0, 20.0]",0.08,0.0,20.0,null,gabors,30.0,null,4.0,0.25020924,42,-0.51924603,-1.9659547,8,0.21888392,True,14,test,0
3373,0.0,928.63116,928.88137,0.8,"[3644.93333333, 3644.93333333]","[20.0, 20.0]",0.08,0.0,-20.0,null,gabors,10.0,null,4.0,0.25021076,94,-0.68090855,-2.0664137,7,0.12269316,True,13,train,0
3374,0.0,928.88137,929.13159,0.8,"[3644.93333333, 3644.93333333]","[20.0, 20.0]",0.08,90.0,30.0,null,gabors,20.0,null,4.0,0.25021076,163,-0.65621866,-2.0940677,8,0.21786392,True,13,train,2
3375,0.0,929.13159,929.3818,0.8,"[3644.93333333, 3644.93333333]","[20.0, 20.0]",0.08,0.0,40.0,null,gabors,20.0,null,4.0,0.25021076,14,-0.69431285,-1.9650025,7,1.6618445,True,11,test,0
3376,0.0,929.3818,929.63201,0.8,"[3644.93333333, 3644.93333333]","[20.0, 20.0]",0.08,45.0,-20.0,null,gabors,-40.0,null,4.0,0.25021076,45,-0.10881682,1.7522837,8,0.24317255,True,13,train,1
3377,0.0,929.63201,929.88221,0.8,"[3644.93333333, 3644.93333333]","[20.0, 20.0]",0.08,0.0,-10.0,null,gabors,40.0,null,4.0,0.25020674,60,-0.37466877,1.2407232,7,0.24743022,True,12,train,0
3378,0.0,929.88221,930.13242,0.8,"[3644.93333333, 3644.93333333]","[20.0, 20.0]",0.08,0.0,-20.0,null,gabors,30.0,null,4.0,0.25020674,11,-0.28460369,1.1323236,8,0.21147213,True,13,train,0
3379,0.0,930.13242,930.38263,0.8,"[3644.93333333, 3644.93333333]","[20.0, 20.0]",0.08,0.0,40.0,null,gabors,20.0,null,4.0,0.25020674,14,-0.13624208,0.82491248,7,0.21805197,True,12,train,0
3380,0.0,930.38263,930.63283,0.8,"[3644.93333333, 3644.93333333]","[20.0, 20.0]",0.08,0.0,-20.0,null,gabors,-30.0,null,4.0,0.25020674,236,-0.12906754,0.95266356,8,0.19157156,True,12,train,0
3381,0.0,930.63283,930.88304,0.8,"[3644.93333333, 3644.93333333]","[20.0, 20.0]",0.08,0.0,0.0,null,gabors,40.0,null,4.0,0.25021076,224,-0.048162115,0.9422408,7,0.21771742,True,14,test,0
3382,0.0,930.88304,931.13326,0.8,"[3644.93333333, 3644.93333333]","[20.0, 20.0]",0.08,90.0,30.0,null,gabors,-40.0,null,4.0,0.25021076,27,-0.26998192,0.91176051,8,0.12766119,True,13,train,2
3383,0.0,931.13326,931.38347,0.8,"[3644.93333333, 3644.93333333]","[20.0, 20.0]",0.08,0.0,-20.0,null,gabors,10.0,null,4.0,0.25021076,94,-0.25157741,0.92953569,7,0.15939337,True,14,test,0
3384,0.0,931.38347,931.63368,0.8,"[3644.93333333, 3644.93333333]","[20.0, 20.0]",0.08,45.0,40.0,null,gabors,30.0,null,4.0,0.25021076,53,-0.22443032,0.85296917,8,0.19528608,True,14,test,1
3385,0.0,931.63368,931.88388,0.8,"[3644.93333333, 3644.93333333]","[20.0, 20.0]",0.08,0.0,10.0,null,gabors,30.0,null,4.0,0.25020674,169,-0.56387186,0.749579,7,0.18944351,True,12,train,0
3386,0.0,931.88388,932.13409,0.8,"[3644.93333333, 3644.93333333]","[20.0, 20.0]",0.08,45.0,40.0,null,gabors,10.0,null,4.0,0.25020674,150,-0.083265803,0.79145323,8,0.19213081,True,13,train,1
3387,0.0,932.13409,932.3843,0.8,"[3644.93333333, 3644.93333333]","[20.0, 20.0]",0.08,45.0,-20.0,null,gabors,20.0,null,4.0,0.25020674,113,-0.13753819,0.83165678,7,0.15658397,True,14,test,1
3388,0.0,932.3843,932.6345,0.8,"[3644.93333333, 3644.93333333]","[20.0, 20.0]",0.08,90.0,-30.0,null,gabors,40.0,null,4.0,0.25020674,75,0.15539568,0.85263546,8,0.18341258,True,13,train,2
3389,0.0,932.6345,932.88471,0.8,"[3644.93333333, 3644.93333333]","[20.0, 20.0]",0.08,0.0,40.0,null,gabors,0.0,null,4.0,0.25020826,242,0.15497307,0.62457226,7,0.15392753,True,12,train,0
3390,0.0,932.88471,933.13492,0.8,"[3644.93333333, 3644.93333333]","[20.0, 20.0]",0.08,45.0,0.0,null,gabors,10.0,null,4.0,0.25020826,38,0.019201105,0.92013288,8,0.22271849,True,13,train,1
3391,0.0,933.13492,933.38513,0.8,"[3644.93333333, 3644.93333333]","[20.0, 20.0]",0.08,0.0,30.0,null,gabors,20.0,null,4.0,0.25020826,217,0.013114241,0.83836217,7,0.098094215,True,14,test,0
3392,0.0,933.38513,933.63534,0.8,"[3644.93333333, 3644.93333333]","[20.0, 20.0]",0.08,90.0,-30.0,null,gabors,-20.0,null,4.0,0.25020826,44,0.039857955,0.7895316,8,0.14191105,True,12,train,2
3393,0.0,933.63534,933.88555,0.8,"[3644.93333333, 3644.93333333]","[20.0, 20.0]",0.08,45.0,40.0,null,gabors,0.0,null,4.0,0.25021424,99,-0.060700406,0.65887767,7,0.10545795,True,14,test,1
3394,0.0,933.88555,934.13577,0.8,"[3644.93333333, 3644.93333333]","[20.0, 20.0]",0.08,0.0,40.0,null,gabors,10.0,null,4.0,0.25021424,230,-0.45102579,-1.4041639,8,1.1539041,True,12,train,0
3395,0.0,934.13577,934.38598,0.8,"[3644.93333333, 3644.93333333]","[20.0, 20.0]",0.08,45.0,30.0,null,gabors,-20.0,null,4.0,0.25021424,107,-0.50094803,-1.2716835,7,0.36242443,True,14,test,1
3396,0.0,934.38598,934.63619,0.8,"[3644.93333333, 3644.93333333]","[20.0, 20.0]",0.08,45.0,-10.0,null,gabors,0.0,null,4.0,0.25021424,88,-0.79844332,-0.75914011,8,0.3301113,True,13,train,1
3397,0.0,934.63619,934.8864,0.8,"[3644.93333333, 3644.93333333]","[20.0, 20.0]",0.08,90.0,40.0,null,gabors,-30.0,null,4.0,0.25020576,13,-0.65970184,-0.92395406,7,0.22659869,True,14,test,2
3398,0.0,934.8864,935.13661,0.8,"[3644.93333333, 3644.93333333]","[20.0, 20.0]",0.08,90.0,20.0,null,gabors,-10.0,null,4.0,0.25020576,30,-0.59069635,-0.92251718,8,0.14374293,True,11,test,2
3399,0.0,935.13661,935.38681,0.8,"[3644.93333333, 3644.93333333]","[20.0, 20.0]",0.08,45.0,-10.0,null,gabors,-20.0,null,4.0,0.25020576,166,-0.4120253,-0.91619481,7,0.13222996,True,14,test,1
3400,0.0,935.38681,935.63702,0.8,"[3644.93333333, 3644.93333333]","[20.0, 20.0]",0.08,90.0,-40.0,null,gabors,-10.0,null,4.0,0.25020576,22,-0.4078772,-1.1009673,8,0.13378464,True,14,test,2
3401,0.0,935.63702,935.88722,0.8,"[3644.93333333, 3644.93333333]","[20.0, 20.0]",0.08,0.0,0.0,null,gabors,10.0,null,4.0,0.25020424,58,-0.4274008,-0.92288435,7,0.063843858,True,13,train,0
3402,0.0,935.88722,936.13743,0.8,"[3644.93333333, 3644.93333333]","[20.0, 20.0]",0.08,0.0,10.0,null,gabors,0.0,null,4.0,0.25020424,206,-0.2716494,-0.89860143,7,0.15738719,True,12,train,0
3403,0.0,936.13743,936.38763,0.8,"[3644.93333333, 3644.93333333]","[20.0, 20.0]",0.08,90.0,10.0,null,gabors,0.0,null,4.0,0.25020424,17,-0.23665295,-0.86463551,7,0.15210303,True,13,train,2
3404,0.0,936.38763,936.63783,0.8,"[3644.93333333, 3644.93333333]","[20.0, 20.0]",0.08,90.0,20.0,null,gabors,-30.0,null,4.0,0.25020424,231,-0.24960252,-0.8792843,7,0.13673784,True,13,train,2
3405,0.0,936.63783,936.88805,0.8,"[3644.93333333, 3644.93333333]","[20.0, 20.0]",0.08,45.0,30.0,null,gabors,40.0,null,4.0,0.25021576,126,-0.26057516,-0.91016138,7,0.10120691,True,13,train,1
3406,0.0,936.88805,937.13827,0.8,"[3644.93333333, 3644.93333333]","[20.0, 20.0]",0.08,90.0,40.0,null,gabors,-20.0,null,4.0,0.25021576,214,-0.24976521,-0.84776046,7,0.10256609,True,9,train,2
3407,0.0,937.13827,937.38848,0.8,"[3644.93333333, 3644.93333333]","[20.0, 20.0]",0.08,90.0,10.0,null,gabors,0.0,null,4.0,0.25021576,17,-0.25835768,-1.1345821,8,0.097857151,True,14,test,2
3408,0.0,937.38848,937.6387,0.8,"[3644.93333333, 3644.93333333]","[20.0, 20.0]",0.08,0.0,30.0,null,gabors,-30.0,null,4.0,0.25021576,16,-0.25926451,-1.2040567,7,0.11953872,True,13,train,0
3409,0.0,937.6387,937.8889,0.8,"[3644.93333333, 3644.93333333]","[20.0, 20.0]",0.08,45.0,30.0,null,gabors,-30.0,null,4.0,0.25020424,84,-0.17591314,-0.97864347,8,0.13061578,True,13,train,1
3410,0.0,937.8889,938.13911,0.8,"[3644.93333333, 3644.93333333]","[20.0, 20.0]",0.08,45.0,-20.0,null,gabors,-10.0,null,4.0,0.25020424,152,-0.072367029,-0.96181,7,0.080021263,True,12,train,1
3411,0.0,938.13911,938.38931,0.8,"[3644.93333333, 3644.93333333]","[20.0, 20.0]",0.08,45.0,-20.0,null,gabors,0.0,null,4.0,0.25020424,165,-0.62138611,-1.0521085,8,0.31768475,True,14,test,1
3412,0.0,938.38931,938.63951,0.8,"[3644.93333333, 3644.93333333]","[20.0, 20.0]",0.08,90.0,40.0,null,gabors,30.0,null,4.0,0.25020424,122,-0.071052374,-0.8844341,7,0.38704161,True,14,test,2
3413,0.0,938.63951,938.88973,0.8,"[3644.93333333, 3644.93333333]","[20.0, 20.0]",0.08,90.0,-10.0,null,gabors,40.0,null,4.0,0.25021826,29,-0.10127239,-1.0736168,8,0.09687787,True,13,train,2
3414,0.0,938.88973,939.13995,0.8,"[3644.93333333, 3644.93333333]","[20.0, 20.0]",0.08,0.0,10.0,null,gabors,0.0,null,4.0,0.25021826,206,0.059420814,-1.1812345,7,0.099449519,True,13,train,0
3415,0.0,939.13995,939.39017,0.8,"[3644.93333333, 3644.93333333]","[20.0, 20.0]",0.08,45.0,0.0,null,gabors,10.0,null,4.0,0.25021826,38,-0.095264333,-0.89956193,8,0.09150059,True,14,test,1
3416,0.0,939.39017,939.64039,0.8,"[3644.93333333, 3644.93333333]","[20.0, 20.0]",0.08,90.0,0.0,null,gabors,20.0,null,4.0,0.25021826,56,-0.030181604,-0.85421448,7,0.1008167,True,13,train,2
3417,0.0,939.64039,939.89059,0.8,"[3644.93333333, 3644.93333333]","[20.0, 20.0]",0.08,0.0,-30.0,null,gabors,20.0,null,4.0,0.25020174,185,-0.38037111,-0.78475802,8,0.40233521,True,13,train,0
3418,0.0,939.89059,940.14079,0.8,"[3644.93333333, 3644.93333333]","[20.0, 20.0]",0.08,90.0,30.0,null,gabors,0.0,null,4.0,0.25020174,37,-0.80551895,-0.86791128,5,0.11978786,True,12,train,2
3419,0.0,940.14079,940.39099,0.8,"[3644.93333333, 3644.93333333]","[20.0, 20.0]",0.08,0.0,-10.0,null,gabors,-30.0,null,4.0,0.25020174,164,0.50646731,4.0899819,8,0.65915027,True,14,test,0
3420,0.0,940.39099,940.64119,0.8,"[3644.93333333, 3644.93333333]","[20.0, 20.0]",0.08,90.0,0.0,null,gabors,40.0,null,4.0,0.25020174,19,0.63824469,3.524682,7,0.44178676,True,14,test,2
3421,0.0,940.64119,940.8914,0.8,"[3644.93333333, 3644.93333333]","[20.0, 20.0]",0.08,0.0,-10.0,null,gabors,30.0,null,4.0,0.25020826,219,0.49212387,2.9166958,8,0.142428,True,12,train,0
3422,0.0,940.8914,941.14161,0.8,"[3644.93333333, 3644.93333333]","[20.0, 20.0]",0.08,90.0,40.0,null,gabors,10.0,null,4.0,0.25020826,52,0.32727294,2.5092386,7,0.20517254,True,13,train,2
3423,0.0,941.14161,941.39182,0.8,"[3644.93333333, 3644.93333333]","[20.0, 20.0]",0.08,90.0,40.0,null,gabors,0.0,null,4.0,0.25020826,183,0.49333092,2.2495879,8,0.23501563,True,14,test,2
3424,0.0,941.39182,941.64203,0.8,"[3644.93333333, 3644.93333333]","[20.0, 20.0]",0.08,90.0,30.0,null,gabors,20.0,null,4.0,0.25020826,163,0.45045822,2.4847081,7,0.16608881,True,14,test,2
3425,0.0,941.64203,941.89224,0.8,"[3644.93333333, 3644.93333333]","[20.0, 20.0]",0.08,90.0,0.0,null,gabors,0.0,null,4.0,0.25020924,66,0.3590895,2.3522168,8,0.18132159,True,14,test,2
3426,0.0,941.89224,942.14245,0.8,"[3644.93333333, 3644.93333333]","[20.0, 20.0]",0.08,90.0,-30.0,null,gabors,-30.0,null,4.0,0.25020924,124,0.52030813,2.2163263,7,0.14874056,True,12,train,2
3427,0.0,942.14245,942.39265,0.8,"[3644.93333333, 3644.93333333]","[20.0, 20.0]",0.08,45.0,20.0,null,gabors,10.0,null,4.0,0.25020924,187,0.2961577,2.1447892,8,0.17098859,True,12,train,1
3428,0.0,942.39265,942.64286,0.8,"[3644.93333333, 3644.93333333]","[20.0, 20.0]",0.08,90.0,40.0,null,gabors,-20.0,null,4.0,0.25020924,214,0.40599592,2.1697452,7,0.12370907,True,10,train,2
3429,0.0,942.64286,942.89308,0.8,"[3644.93333333, 3644.93333333]","[20.0, 20.0]",0.08,90.0,-10.0,null,gabors,0.0,null,4.0,0.25021576,227,0.29241413,2.2192697,8,0.088363534,True,13,train,2
3430,0.0,942.89308,943.1433,0.8,"[3644.93333333, 3644.93333333]","[20.0, 20.0]",0.08,45.0,-30.0,null,gabors,10.0,null,4.0,0.25021576,202,0.25935889,2.0782157,7,0.13596574,True,12,train,1
3431,0.0,943.1433,943.39351,0.8,"[3644.93333333, 3644.93333333]","[20.0, 20.0]",0.08,90.0,20.0,null,gabors,-10.0,null,4.0,0.25021576,30,0.36673858,2.1812018,8,0.11298014,True,12,train,2
3432,0.0,943.39351,943.64373,0.8,"[3644.93333333, 3644.93333333]","[20.0, 20.0]",0.08,90.0,40.0,null,gabors,-10.0,null,4.0,0.25021576,51,0.2342039,2.2398289,7,0.099615069,True,12,train,2
3433,0.0,943.64373,943.89393,0.8,"[3644.93333333, 3644.93333333]","[20.0, 20.0]",0.08,0.0,-30.0,null,gabors,10.0,null,4.0,0.25020174,43,0.090452183,1.342027,8,1.3959793,True,14,test,0
3434,0.0,943.89393,944.14413,0.8,"[3644.93333333, 3644.93333333]","[20.0, 20.0]",0.08,90.0,10.0,null,gabors,-30.0,null,4.0,0.25020174,209,-0.89365726,-1.1169715,7,0.21155498,True,14,test,2
3435,0.0,944.14413,944.39433,0.8,"[3644.93333333, 3644.93333333]","[20.0, 20.0]",0.08,90.0,-10.0,null,gabors,20.0,null,4.0,0.25020174,1,-0.70599186,-0.92025246,8,0.20461304,True,14,test,2
3436,0.0,944.39433,944.64453,0.8,"[3644.93333333, 3644.93333333]","[20.0, 20.0]",0.08,0.0,20.0,null,gabors,-30.0,null,4.0,0.25020174,155,-0.62147387,-2.9353126,7,1.2159787,True,13,train,0
3437,0.0,944.64453,944.89474,0.8,"[3644.93333333, 3644.93333333]","[20.0, 20.0]",0.08,45.0,-40.0,null,gabors,-20.0,null,4.0,0.25020826,77,-0.99797634,-3.2656231,8,0.27244943,True,14,test,1
3438,0.0,944.89474,945.14495,0.8,"[3644.93333333, 3644.93333333]","[20.0, 20.0]",0.08,0.0,30.0,null,gabors,-10.0,null,4.0,0.25020826,65,-0.84585814,-3.258331,7,0.30879484,True,14,test,0
3439,0.0,945.14495,945.39516,0.8,"[3644.93333333, 3644.93333333]","[20.0, 20.0]",0.08,45.0,20.0,null,gabors,10.0,null,4.0,0.25020826,187,-0.8107728,-3.2760871,8,0.30455812,True,13,train,1
3440,0.0,945.39516,945.64537,0.8,"[3644.93333333, 3644.93333333]","[20.0, 20.0]",0.08,90.0,-30.0,null,gabors,30.0,null,4.0,0.25020826,194,-0.69480671,-3.3005584,7,0.24110278,True,13,train,2
3441,0.0,945.64537,945.89558,0.8,"[3644.93333333, 3644.93333333]","[20.0, 20.0]",0.08,90.0,-40.0,null,gabors,0.0,null,4.0,0.25020924,4,-0.68781371,-3.4799813,8,0.20249013,True,13,train,2
3442,0.0,945.89558,946.14579,0.8,"[3644.93333333, 3644.93333333]","[20.0, 20.0]",0.08,90.0,-30.0,null,gabors,-10.0,null,4.0,0.25020924,26,-0.64140506,-3.3561196,7,0.19289068,True,14,test,2
3443,0.0,946.14579,946.39599,0.8,"[3644.93333333, 3644.93333333]","[20.0, 20.0]",0.08,0.0,40.0,null,gabors,-20.0,null,4.0,0.25020924,78,-0.3768475,-3.2477465,8,0.1757364,True,14,test,0
3444,0.0,946.39599,946.6462,0.8,"[3644.93333333, 3644.93333333]","[20.0, 20.0]",0.08,0.0,30.0,null,gabors,-20.0,null,4.0,0.25020924,176,-0.36418256,-3.03095,7,0.10876474,True,13,train,0
3445,0.0,946.6462,946.89642,0.8,"[3644.93333333, 3644.93333333]","[20.0, 20.0]",0.08,45.0,-30.0,null,gabors,-10.0,null,4.0,0.25021326,41,-0.41299183,-3.1710636,8,0.19834296,True,14,test,1
3446,0.0,946.89642,947.14663,0.8,"[3644.93333333, 3644.93333333]","[20.0, 20.0]",0.08,45.0,-40.0,null,gabors,-30.0,null,4.0,0.25021326,62,-0.55174273,-3.3128803,7,0.12297031,True,14,test,1
3447,0.0,947.14663,947.39684,0.8,"[3644.93333333, 3644.93333333]","[20.0, 20.0]",0.08,0.0,40.0,null,gabors,-10.0,null,4.0,0.25021326,67,-0.28444616,-3.23189,8,0.21802068,True,14,test,0
3448,0.0,947.39684,947.64706,0.8,"[3644.93333333, 3644.93333333]","[20.0, 20.0]",0.08,45.0,10.0,null,gabors,-20.0,null,4.0,0.25021326,23,-0.34537068,-3.1508819,7,0.081427517,True,11,test,1
3449,0.0,947.64706,947.89726,0.8,"[3644.93333333, 3644.93333333]","[20.0, 20.0]",0.08,0.0,-10.0,null,gabors,10.0,null,4.0,0.25020424,114,-0.36783836,-3.2416559,8,0.11087637,True,14,test,0
3450,0.0,947.89726,948.14747,0.8,"[3644.93333333, 3644.93333333]","[20.0, 20.0]",0.08,90.0,40.0,null,gabors,-10.0,null,4.0,0.25020424,51,-0.20126734,-3.41051,7,0.21011794,True,13,train,2
3451,0.0,948.14747,948.39767,0.8,"[3644.93333333, 3644.93333333]","[20.0, 20.0]",0.08,0.0,10.0,null,gabors,-10.0,null,4.0,0.25020424,182,0.2499578,4.2871306,8,3.8252495,True,14,test,0
3452,0.0,948.39767,948.64787,0.8,"[3644.93333333, 3644.93333333]","[20.0, 20.0]",0.08,0.0,40.0,null,gabors,-40.0,null,4.0,0.25020424,174,0.47276328,4.2259286,7,0.25320588,True,14,test,0
3453,0.0,948.64787,948.89809,0.8,"[3644.93333333, 3644.93333333]","[20.0, 20.0]",0.08,0.0,0.0,null,gabors,0.0,null,4.0,0.25022076,139,0.41490312,3.6216789,8,0.19606676,True,12,train,0
3454,0.0,948.89809,949.14832,0.8,"[3644.93333333, 3644.93333333]","[20.0, 20.0]",0.08,0.0,-20.0,null,gabors,-30.0,null,4.0,0.25022076,236,0.4453195,3.393772,7,0.21522963,True,13,train,0
3455,0.0,949.14832,949.39854,0.8,"[3644.93333333, 3644.93333333]","[20.0, 20.0]",0.08,45.0,-10.0,null,gabors,20.0,null,4.0,0.25022076,47,0.38336044,2.8425103,8,0.094825548,True,14,test,1
3456,0.0,949.39854,949.64876,0.8,"[3644.93333333, 3644.93333333]","[20.0, 20.0]",0.08,90.0,20.0,null,gabors,-30.0,null,4.0,0.25022076,231,0.29518641,2.4874379,7,0.21230686,True,14,test,2
3457,0.0,949.64876,949.89896,0.8,"[3644.93333333, 3644.93333333]","[20.0, 20.0]",0.08,0.0,10.0,null,gabors,30.0,null,4.0,0.25020174,169,0.21992042,2.4955415,8,0.23510602,True,13,train,0
3458,0.0,949.89896,950.14916,0.8,"[3644.93333333, 3644.93333333]","[20.0, 20.0]",0.08,45.0,30.0,null,gabors,-40.0,null,4.0,0.25020174,36,0.14262993,2.2192819,7,0.22120794,True,13,train,1
3459,0.0,950.14916,950.39936,0.8,"[3644.93333333, 3644.93333333]","[20.0, 20.0]",0.08,0.0,10.0,null,gabors,30.0,null,4.0,0.25020174,169,0.16643576,2.0567407,8,0.238257,True,14,test,0
3460,0.0,950.39936,950.64956,0.8,"[3644.93333333, 3644.93333333]","[20.0, 20.0]",0.08,90.0,-40.0,null,gabors,20.0,null,4.0,0.25020174,61,0.1344759,2.2891732,7,0.18683544,True,13,train,2
3461,0.0,950.64956,950.89978,0.8,"[3644.93333333, 3644.93333333]","[20.0, 20.0]",0.08,90.0,20.0,null,gabors,-10.0,null,4.0,0.25021576,30,0.15168566,2.1331762,8,0.18195022,True,13,train,2
3462,0.0,950.89978,951.15,0.8,"[3644.93333333, 3644.93333333]","[20.0, 20.0]",0.08,90.0,-20.0,null,gabors,-10.0,null,4.0,0.25021576,153,0.2404381,2.2458031,7,0.09386056,True,12,train,2
3463,0.0,951.15,951.40021,0.8,"[3644.93333333, 3644.93333333]","[20.0, 20.0]",0.08,0.0,-10.0,null,gabors,30.0,null,4.0,0.25021576,219,0.14215277,2.1380624,8,0.16819138,True,13,train,0
3464,0.0,951.40021,951.65043,0.8,"[3644.93333333, 3644.93333333]","[20.0, 20.0]",0.08,0.0,30.0,null,gabors,-40.0,null,4.0,0.25021576,200,0.091558412,2.3262792,7,0.17674788,True,14,test,0
3465,0.0,951.65043,951.90063,0.8,"[3644.93333333, 3644.93333333]","[20.0, 20.0]",0.08,90.0,-20.0,null,gabors,10.0,null,4.0,0.25020174,100,0.088789607,2.3752386,8,0.19407542,True,13,train,2
3466,0.0,951.90063,952.15083,0.8,"[3644.93333333, 3644.93333333]","[20.0, 20.0]",0.08,90.0,40.0,null,gabors,20.0,null,4.0,0.25020174,189,0.19254836,0.49406318,7,1.1102249,True,14,test,2
3467,0.0,952.15083,952.40103,0.8,"[3644.93333333, 3644.93333333]","[20.0, 20.0]",0.08,90.0,40.0,null,gabors,-10.0,null,4.0,0.25020174,51,-0.19631412,-0.0082527981,8,0.23465069,True,14,test,2
3468,0.0,952.40103,952.65123,0.8,"[3644.93333333, 3644.93333333]","[20.0, 20.0]",0.08,0.0,10.0,null,gabors,40.0,null,4.0,0.25020174,133,0.088380853,0.33251514,7,0.23936761,True,14,test,0
3469,0.0,952.65123,952.90145,0.8,"[3644.93333333, 3644.93333333]","[20.0, 20.0]",0.08,0.0,-30.0,null,gabors,-40.0,null,4.0,0.25021576,12,-0.103754,0.027983481,8,0.24958986,True,13,train,0
3470,0.0,952.90145,953.15167,0.8,"[3644.93333333, 3644.93333333]","[20.0, 20.0]",0.08,0.0,40.0,null,gabors,-30.0,null,4.0,0.25021576,92,0.069684492,-0.072542375,7,0.29196013,True,13,train,0
3471,0.0,953.15167,953.40188,0.8,"[3644.93333333, 3644.93333333]","[20.0, 20.0]",0.08,90.0,30.0,null,gabors,0.0,null,4.0,0.25021576,37,0.23467346,-0.072005815,8,0.12842836,True,13,train,2
3472,0.0,953.40188,953.6521,0.8,"[3644.93333333, 3644.93333333]","[20.0, 20.0]",0.08,90.0,-20.0,null,gabors,-10.0,null,4.0,0.25021576,153,0.26304561,-0.095578797,7,0.086166806,True,13,train,2
3473,0.0,953.6521,953.9023,0.8,"[3644.93333333, 3644.93333333]","[20.0, 20.0]",0.08,45.0,40.0,null,gabors,10.0,null,4.0,0.25019924,150,0.19364226,-0.060067838,8,0.12335707,True,14,test,1
3474,0.0,953.9023,954.1525,0.8,"[3644.93333333, 3644.93333333]","[20.0, 20.0]",0.08,90.0,-20.0,null,gabors,30.0,null,4.0,0.25019924,80,0.14889682,-0.023971826,7,0.1379454,True,14,test,2
3475,0.0,954.1525,954.40269,0.8,"[3644.93333333, 3644.93333333]","[20.0, 20.0]",0.08,45.0,-20.0,null,gabors,-30.0,null,4.0,0.25019924,85,0.13956576,-0.013368286,8,0.098642293,True,14,test,1
3476,0.0,954.40269,954.65289,0.8,"[3644.93333333, 3644.93333333]","[20.0, 20.0]",0.08,45.0,20.0,null,gabors,40.0,null,4.0,0.25019924,93,0.22497706,-0.055927054,7,0.11308777,True,13,train,1
3477,0.0,954.65289,954.90311,0.8,"[3644.93333333, 3644.93333333]","[20.0, 20.0]",0.08,90.0,-30.0,null,gabors,-20.0,null,4.0,0.25022076,44,0.40353301,-0.14719073,8,0.05571621,True,13,train,2
3478,0.0,954.90311,955.15334,0.8,"[3644.93333333, 3644.93333333]","[20.0, 20.0]",0.08,0.0,-30.0,null,gabors,-30.0,null,4.0,0.25022076,73,0.35760785,-0.24128188,7,0.070047242,True,13,train,0
3479,0.0,955.15334,955.40356,0.8,"[3644.93333333, 3644.93333333]","[20.0, 20.0]",0.08,45.0,-10.0,null,gabors,-30.0,null,4.0,0.25022076,184,0.43115028,-0.16366313,8,0.079551423,True,14,test,1
3480,0.0,955.40356,955.65378,0.8,"[3644.93333333, 3644.93333333]","[20.0, 20.0]",0.08,90.0,30.0,null,gabors,-10.0,null,4.0,0.25022076,211,0.3599145,-0.14816456,7,0.066321271,True,14,test,2
3481,0.0,955.65378,955.90398,0.8,"[3644.93333333, 3644.93333333]","[20.0, 20.0]",0.08,90.0,0.0,null,gabors,-20.0,null,4.0,0.25019924,197,0.44327451,-0.28200888,7,0.089443922,True,14,test,2
3482,0.0,955.90398,956.15418,0.8,"[3644.93333333, 3644.93333333]","[20.0, 20.0]",0.08,90.0,40.0,null,gabors,-20.0,null,4.0,0.25019924,214,0.40085714,-0.28395246,7,0.050318611,True,11,test,2
3483,0.0,956.15418,956.40437,0.8,"[3644.93333333, 3644.93333333]","[20.0, 20.0]",0.08,45.0,20.0,null,gabors,30.0,null,4.0,0.25019924,181,0.40003509,-0.30567927,7,0.082545011,True,14,test,1
3484,0.0,956.40437,956.65457,0.8,"[3644.93333333, 3644.93333333]","[20.0, 20.0]",0.08,45.0,-20.0,null,gabors,-40.0,null,4.0,0.25019924,45,0.40634359,-0.39212693,7,0.08205481,True,14,test,1
3485,0.0,956.65457,956.90479,0.8,"[3644.93333333, 3644.93333333]","[20.0, 20.0]",0.08,0.0,10.0,null,gabors,10.0,null,4.0,0.25021576,119,0.42196233,-0.34985083,7,0.064982066,True,14,test,0
3486,0.0,956.90479,957.15501,0.8,"[3644.93333333, 3644.93333333]","[20.0, 20.0]",0.08,45.0,10.0,null,gabors,40.0,null,4.0,0.25021576,235,0.31128529,-0.26158278,8,0.14238739,True,13,train,1
3487,0.0,957.15501,957.40522,0.8,"[3644.93333333, 3644.93333333]","[20.0, 20.0]",0.08,45.0,20.0,null,gabors,10.0,null,4.0,0.25021576,187,0.36849184,-0.3113859,7,0.081124512,True,14,test,1
3488,0.0,957.40522,957.65544,0.8,"[3644.93333333, 3644.93333333]","[20.0, 20.0]",0.08,0.0,-20.0,null,gabors,20.0,null,4.0,0.25021576,237,0.39317127,-0.2649351,8,0.083568045,True,14,test,0
3489,0.0,957.65544,957.90564,0.8,"[3644.93333333, 3644.93333333]","[20.0, 20.0]",0.08,45.0,-30.0,null,gabors,20.0,null,4.0,0.25020424,190,0.43248372,-0.24569877,7,0.053488468,True,12,train,1
3490,0.0,957.90564,958.15585,0.8,"[3644.93333333, 3644.93333333]","[20.0, 20.0]",0.08,45.0,-20.0,null,gabors,-10.0,null,4.0,0.25020424,152,0.45339158,-0.29591938,8,0.071086381,True,13,train,1
3491,0.0,958.15585,958.40605,0.8,"[3644.93333333, 3644.93333333]","[20.0, 20.0]",0.08,90.0,-20.0,null,gabors,20.0,null,4.0,0.25020424,18,0.47441227,-0.28354784,7,0.049369702,True,14,test,2
3492,0.0,958.40605,958.65625,0.8,"[3644.93333333, 3644.93333333]","[20.0, 20.0]",0.08,90.0,40.0,null,gabors,-20.0,null,4.0,0.25020424,214,0.55194927,-0.2756712,8,0.067263451,True,12,train,2
3493,0.0,958.65625,958.90647,0.8,"[3644.93333333, 3644.93333333]","[20.0, 20.0]",0.08,90.0,10.0,null,gabors,10.0,null,4.0,0.25021326,20,0.37364949,-0.42564784,7,0.13507987,True,14,test,2
3494,0.0,958.90647,959.15668,0.8,"[3644.93333333, 3644.93333333]","[20.0, 20.0]",0.08,90.0,-30.0,null,gabors,40.0,null,4.0,0.25021326,75,0.32476364,-0.26409489,8,0.17373845,True,14,test,2
3495,0.0,959.15668,959.40689,0.8,"[3644.93333333, 3644.93333333]","[20.0, 20.0]",0.08,0.0,20.0,null,gabors,-10.0,null,4.0,0.25021326,213,0.37149988,-0.15398876,7,0.13422133,True,13,train,0
3496,0.0,959.40689,959.65711,0.8,"[3644.93333333, 3644.93333333]","[20.0, 20.0]",0.08,0.0,40.0,null,gabors,0.0,null,4.0,0.25021326,242,0.44567049,-0.15875576,8,0.12852332,True,13,train,0
3497,0.0,959.65711,959.90731,0.8,"[3644.93333333, 3644.93333333]","[20.0, 20.0]",0.08,90.0,0.0,null,gabors,10.0,null,4.0,0.25020424,161,0.37363043,-0.15937877,7,0.1397897,True,13,train,2
3498,0.0,959.90731,960.15752,0.8,"[3644.93333333, 3644.93333333]","[20.0, 20.0]",0.08,90.0,-10.0,null,gabors,0.0,null,4.0,0.25020424,227,0.36642125,-0.22548812,8,0.088997999,True,14,test,2
3499,0.0,960.15752,960.40772,0.8,"[3644.93333333, 3644.93333333]","[20.0, 20.0]",0.08,45.0,30.0,null,gabors,20.0,null,4.0,0.25020424,49,0.44097416,-0.212569,7,0.095297702,True,14,test,1
3500,0.0,960.40772,960.65792,0.8,"[3644.93333333, 3644.93333333]","[20.0, 20.0]",0.08,45.0,10.0,null,gabors,30.0,null,4.0,0.25020424,222,0.43501609,-0.16903751,8,0.080081818,True,14,test,1
3501,0.0,960.65792,960.90814,0.8,"[3644.93333333, 3644.93333333]","[20.0, 20.0]",0.08,0.0,0.0,null,gabors,-30.0,null,4.0,0.25021576,186,0.54038261,-0.28055053,7,0.051034387,True,14,test,0
3502,0.0,960.90814,961.15836,0.8,"[3644.93333333, 3644.93333333]","[20.0, 20.0]",0.08,90.0,20.0,null,gabors,0.0,null,4.0,0.25021576,154,0.48032541,-0.29937092,8,0.16847984,True,13,train,2
3503,0.0,961.15836,961.40857,0.8,"[3644.93333333, 3644.93333333]","[20.0, 20.0]",0.08,45.0,-30.0,null,gabors,10.0,null,4.0,0.25021576,202,0.41717154,-0.38986348,7,0.071599354,True,13,train,1
3504,0.0,961.40857,961.65879,0.8,"[3644.93333333, 3644.93333333]","[20.0, 20.0]",0.08,90.0,30.0,null,gabors,0.0,null,4.0,0.25021576,37,0.36502416,-0.38898667,8,0.072810962,True,14,test,2
3505,0.0,961.65879,961.90899,0.8,"[3644.93333333, 3644.93333333]","[20.0, 20.0]",0.08,0.0,40.0,null,gabors,30.0,null,4.0,0.25020424,2,0.46051704,-0.44013627,7,0.079979861,True,14,test,0
3506,0.0,961.90899,962.1592,0.8,"[3644.93333333, 3644.93333333]","[20.0, 20.0]",0.08,45.0,-40.0,null,gabors,20.0,null,4.0,0.25020424,96,0.40706324,-0.42924154,8,0.072101927,True,13,train,1
3507,0.0,962.1592,962.4094,0.8,"[3644.93333333, 3644.93333333]","[20.0, 20.0]",0.08,45.0,-40.0,null,gabors,40.0,null,4.0,0.25020424,134,0.48491596,-0.34055227,7,0.056274771,True,14,test,1
3508,0.0,962.4094,962.6596,0.8,"[3644.93333333, 3644.93333333]","[20.0, 20.0]",0.08,90.0,20.0,null,gabors,0.0,null,4.0,0.25020424,154,0.46321308,-0.35656525,8,0.076083525,True,14,test,2
3509,0.0,962.6596,962.9098,0.8,"[3644.93333333, 3644.93333333]","[20.0, 20.0]",0.08,0.0,0.0,null,gabors,30.0,null,4.0,0.25020076,55,0.50930634,-0.28977212,7,0.082004347,True,14,test,0
3510,0.0,962.9098,963.16001,0.8,"[3644.93333333, 3644.93333333]","[20.0, 20.0]",0.08,45.0,30.0,null,gabors,-30.0,null,4.0,0.25020076,84,0.48044356,-0.29207375,8,0.088482163,True,14,test,1
3511,0.0,963.16001,963.41021,0.8,"[3644.93333333, 3644.93333333]","[20.0, 20.0]",0.08,0.0,20.0,null,gabors,-40.0,null,4.0,0.25020076,135,0.22403374,-0.25530458,7,0.1228775,True,13,train,0
3512,0.0,963.41021,963.66041,0.8,"[3644.93333333, 3644.93333333]","[20.0, 20.0]",0.08,0.0,-20.0,null,gabors,0.0,null,4.0,0.25020076,226,0.20073332,-0.31709771,8,0.07671083,True,13,train,0
3513,0.0,963.66041,963.91062,0.8,"[3644.93333333, 3644.93333333]","[20.0, 20.0]",0.08,45.0,40.0,null,gabors,-10.0,null,4.0,0.25021674,171,0.19623979,-0.37202885,7,0.098386781,True,13,train,1
3514,0.0,963.91062,964.16084,0.8,"[3644.93333333, 3644.93333333]","[20.0, 20.0]",0.08,0.0,20.0,null,gabors,40.0,null,4.0,0.25021674,72,0.28967022,-0.28325332,8,0.11371375,True,14,test,0
3515,0.0,964.16084,964.41106,0.8,"[3644.93333333, 3644.93333333]","[20.0, 20.0]",0.08,0.0,10.0,null,gabors,-40.0,null,4.0,0.25021674,233,0.3051873,-0.21882679,7,0.092453291,True,14,test,0
3516,0.0,964.41106,964.66127,0.8,"[3644.93333333, 3644.93333333]","[20.0, 20.0]",0.08,45.0,10.0,null,gabors,-20.0,null,4.0,0.25021674,23,0.33047592,-0.28355804,8,0.12266023,True,12,train,1
3517,0.0,964.66127,964.91149,0.8,"[3644.93333333, 3644.93333333]","[20.0, 20.0]",0.08,0.0,-40.0,null,gabors,-20.0,null,4.0,0.25021326,95,0.34171895,-0.24581423,7,0.11830981,True,14,test,0
3518,0.0,964.91149,965.1617,0.8,"[3644.93333333, 3644.93333333]","[20.0, 20.0]",0.08,45.0,10.0,null,gabors,-20.0,null,4.0,0.25021326,23,0.26286272,-0.30467432,8,0.086035535,True,13,train,1
3519,0.0,965.1617,965.41191,0.8,"[3644.93333333, 3644.93333333]","[20.0, 20.0]",0.08,90.0,30.0,null,gabors,-30.0,null,4.0,0.25021326,234,0.36993768,-0.32477056,7,0.070007581,True,13,train,2
3520,0.0,965.41191,965.66213,0.8,"[3644.93333333, 3644.93333333]","[20.0, 20.0]",0.08,0.0,-20.0,null,gabors,-20.0,null,4.0,0.25021326,223,0.18639616,-0.21794865,8,0.15184439,True,12,train,0
3521,0.0,965.66213,965.91233,0.8,"[3644.93333333, 3644.93333333]","[20.0, 20.0]",0.08,90.0,40.0,null,gabors,-20.0,null,4.0,0.25020174,214,0.14695195,-0.1194938,7,0.063772261,True,13,train,2
3522,0.0,965.91233,966.16253,0.8,"[3644.93333333, 3644.93333333]","[20.0, 20.0]",0.08,45.0,40.0,null,gabors,-20.0,null,4.0,0.25020174,104,0.10769186,-0.25769149,8,0.13318854,True,14,test,1
3523,0.0,966.16253,966.41273,0.8,"[3644.93333333, 3644.93333333]","[20.0, 20.0]",0.08,90.0,-30.0,null,gabors,0.0,null,4.0,0.25020174,188,0.1052512,-0.48395326,7,0.15171318,True,14,test,2
3524,0.0,966.41273,966.66293,0.8,"[3644.93333333, 3644.93333333]","[20.0, 20.0]",0.08,90.0,-30.0,null,gabors,-30.0,null,4.0,0.25020174,124,0.13363889,-0.16508492,8,0.13836526,True,13,train,2
3525,0.0,966.66293,966.91315,0.8,"[3644.93333333, 3644.93333333]","[20.0, 20.0]",0.08,45.0,-30.0,null,gabors,20.0,null,4.0,0.25021326,190,0.16453925,-0.065509213,7,0.086140527,True,13,train,1
3526,0.0,966.91315,967.16336,0.8,"[3644.93333333, 3644.93333333]","[20.0, 20.0]",0.08,45.0,-20.0,null,gabors,-10.0,null,4.0,0.25021326,152,0.11526514,-0.070712404,8,0.092889667,True,14,test,1
3527,0.0,967.16336,967.41357,0.8,"[3644.93333333, 3644.93333333]","[20.0, 20.0]",0.08,0.0,-30.0,null,gabors,-20.0,null,4.0,0.25021326,106,0.078598601,-0.014516723,7,0.10089964,True,14,test,0
3528,0.0,967.41357,967.66379,0.8,"[3644.93333333, 3644.93333333]","[20.0, 20.0]",0.08,45.0,10.0,null,gabors,40.0,null,4.0,0.25021326,235,0.0053214203,0.17226256,8,0.27778384,True,14,test,1
3529,0.0,967.66379,967.914,0.8,"[3644.93333333, 3644.93333333]","[20.0, 20.0]",0.08,90.0,-10.0,null,gabors,-30.0,null,4.0,0.25020924,101,-0.28983416,-0.26695384,7,0.23626233,True,14,test,2
3530,0.0,967.914,968.16421,0.8,"[3644.93333333, 3644.93333333]","[20.0, 20.0]",0.08,90.0,-40.0,null,gabors,0.0,null,4.0,0.25020924,4,0.33569669,-0.16392681,8,0.13492615,True,14,test,2
3531,0.0,968.16421,968.41441,0.8,"[3644.93333333, 3644.93333333]","[20.0, 20.0]",0.08,90.0,20.0,null,gabors,10.0,null,4.0,0.25020924,129,0.35775974,-0.15387798,7,0.11728613,True,14,test,2
3532,0.0,968.41441,968.66462,0.8,"[3644.93333333, 3644.93333333]","[20.0, 20.0]",0.08,90.0,0.0,null,gabors,-10.0,null,4.0,0.25020924,7,0.21230692,-0.15957612,8,0.071076074,True,14,test,2
3533,0.0,968.66462,968.91483,0.8,"[3644.93333333, 3644.93333333]","[20.0, 20.0]",0.08,0.0,0.0,null,gabors,10.0,null,4.0,0.25020576,58,0.23749642,-0.27191602,7,0.11416091,True,14,test,0
3534,0.0,968.91483,969.16504,0.8,"[3644.93333333, 3644.93333333]","[20.0, 20.0]",0.08,0.0,-10.0,null,gabors,0.0,null,4.0,0.25020576,201,0.31963323,-0.15234639,8,0.079187892,True,14,test,0
3535,0.0,969.16504,969.41524,0.8,"[3644.93333333, 3644.93333333]","[20.0, 20.0]",0.08,45.0,-30.0,null,gabors,-20.0,null,4.0,0.25020576,205,0.19273897,0.049277264,7,0.068346567,True,14,test,1
3536,0.0,969.41524,969.66545,0.8,"[3644.93333333, 3644.93333333]","[20.0, 20.0]",0.08,90.0,40.0,null,gabors,10.0,null,4.0,0.25020576,52,0.14976457,-0.056308726,8,0.10804417,True,14,test,2
3537,0.0,969.66545,969.91565,0.8,"[3644.93333333, 3644.93333333]","[20.0, 20.0]",0.08,0.0,40.0,null,gabors,0.0,null,4.0,0.25020674,242,0.097271794,-0.0062541631,7,0.099210286,True,14,test,0
3538,0.0,969.91565,970.16586,0.8,"[3644.93333333, 3644.93333333]","[20.0, 20.0]",0.08,90.0,30.0,null,gabors,-20.0,null,4.0,0.25020674,212,0.030045154,-0.12226063,8,0.064108992,True,13,train,2
3539,0.0,970.16586,970.41607,0.8,"[3644.93333333, 3644.93333333]","[20.0, 20.0]",0.08,0.0,-40.0,null,gabors,10.0,null,4.0,0.25020674,15,0.06282519,-0.25580893,7,0.12620181,True,13,train,0
3540,0.0,970.41607,970.66627,0.8,"[3644.93333333, 3644.93333333]","[20.0, 20.0]",0.08,90.0,30.0,null,gabors,-40.0,null,4.0,0.25020674,27,-0.0866451,-0.093354279,8,0.20178555,True,14,test,2
3541,0.0,970.66627,970.91649,0.8,"[3644.93333333, 3644.93333333]","[20.0, 20.0]",0.08,0.0,20.0,null,gabors,0.0,null,4.0,0.25021826,148,-0.26798058,-0.17121156,7,0.093443037,True,14,test,0
3542,0.0,970.91649,971.16671,0.8,"[3644.93333333, 3644.93333333]","[20.0, 20.0]",0.08,90.0,30.0,null,gabors,-20.0,null,4.0,0.25021826,212,-0.20511813,-0.073274525,8,0.068759122,True,14,test,2
3543,0.0,971.16671,971.41693,0.8,"[3644.93333333, 3644.93333333]","[20.0, 20.0]",0.08,0.0,-20.0,null,gabors,-20.0,null,4.0,0.25021826,223,-0.074988732,-0.089412544,7,0.070430386,True,13,train,0
3544,0.0,971.41693,971.66715,0.8,"[3644.93333333, 3644.93333333]","[20.0, 20.0]",0.08,45.0,40.0,null,gabors,-10.0,null,4.0,0.25021826,171,-0.036138405,0.06676035,8,0.098874335,True,14,test,1
3545,0.0,971.66715,971.91735,0.8,"[3644.93333333, 3644.93333333]","[20.0, 20.0]",0.08,45.0,10.0,null,gabors,10.0,null,4.0,0.25020174,144,-0.095660055,0.016103394,7,0.055911523,True,13,train,1
3546,0.0,971.91735,972.16755,0.8,"[3644.93333333, 3644.93333333]","[20.0, 20.0]",0.08,45.0,0.0,null,gabors,20.0,null,4.0,0.25020174,24,0.0070809641,0.049815132,8,0.10424597,True,13,train,1
3547,0.0,972.16755,972.41775,0.8,"[3644.93333333, 3644.93333333]","[20.0, 20.0]",0.08,90.0,20.0,null,gabors,-10.0,null,4.0,0.25020174,30,0.06428042,-0.045888785,7,0.098252561,True,14,test,2
3548,0.0,972.41775,972.66795,0.8,"[3644.93333333, 3644.93333333]","[20.0, 20.0]",0.08,0.0,40.0,null,gabors,-30.0,null,4.0,0.25020174,92,0.081658731,-0.080861342,8,0.10273107,True,14,test,0
3549,0.0,972.66795,972.91816,0.8,"[3644.93333333, 3644.93333333]","[20.0, 20.0]",0.08,0.0,20.0,null,gabors,-40.0,null,4.0,0.25020826,135,-0.10132445,-0.17137783,7,0.093944517,True,14,test,0
3550,0.0,972.91816,973.16837,0.8,"[3644.93333333, 3644.93333333]","[20.0, 20.0]",0.08,45.0,30.0,null,gabors,10.0,null,4.0,0.25020826,86,-0.035165997,-0.17900869,8,0.11351222,True,12,train,1
3551,0.0,973.16837,973.41858,0.8,"[3644.93333333, 3644.93333333]","[20.0, 20.0]",0.08,45.0,-30.0,null,gabors,20.0,null,4.0,0.25020826,190,-0.035848649,-0.057345731,7,0.11849837,True,14,test,1
3552,0.0,973.41858,973.66879,0.8,"[3644.93333333, 3644.93333333]","[20.0, 20.0]",0.08,45.0,-10.0,null,gabors,30.0,null,4.0,0.25020826,175,0.022331965,0.019378691,8,0.1192215,True,13,train,1
3553,0.0,973.66879,973.919,0.8,"[3644.93333333, 3644.93333333]","[20.0, 20.0]",0.08,0.0,0.0,null,gabors,0.0,null,4.0,0.25021174,139,-0.10124587,0.067735913,7,0.079870186,True,13,train,0
3554,0.0,973.919,974.16921,0.8,"[3644.93333333, 3644.93333333]","[20.0, 20.0]",0.08,90.0,20.0,null,gabors,-20.0,null,4.0,0.25021174,98,-0.13411518,0.015847961,8,0.06603028,True,12,train,2
3555,0.0,974.16921,974.41942,0.8,"[3644.93333333, 3644.93333333]","[20.0, 20.0]",0.08,90.0,0.0,null,gabors,10.0,null,4.0,0.25021174,161,-0.047069413,-0.080307988,7,0.11068195,True,14,test,2
3556,0.0,974.41942,974.66963,0.8,"[3644.93333333, 3644.93333333]","[20.0, 20.0]",0.08,45.0,30.0,null,gabors,-40.0,null,4.0,0.25021174,36,0.060436014,-0.10712795,8,0.097328841,True,14,test,1
3557,0.0,974.66963,974.91984,0.8,"[3644.93333333, 3644.93333333]","[20.0, 20.0]",0.08,45.0,-10.0,null,gabors,-10.0,null,4.0,0.25020326,170,0.022328778,-0.080799186,7,0.11565835,True,13,train,1
3558,0.0,974.91984,975.17004,0.8,"[3644.93333333, 3644.93333333]","[20.0, 20.0]",0.08,90.0,40.0,null,gabors,-20.0,null,4.0,0.25020326,214,-0.023096152,-0.26104421,8,0.095136411,True,14,test,2
3559,0.0,975.17004,975.42024,0.8,"[3644.93333333, 3644.93333333]","[20.0, 20.0]",0.08,0.0,40.0,null,gabors,20.0,null,4.0,0.25020326,14,-0.011233904,-0.26913283,7,0.098137234,True,13,train,0
3560,0.0,975.42024,975.67045,0.8,"[3644.93333333, 3644.93333333]","[20.0, 20.0]",0.08,90.0,30.0,null,gabors,10.0,null,4.0,0.25020326,40,-0.03580535,-0.24707879,8,0.10108928,True,14,test,2
3561,0.0,975.67045,975.92066,0.8,"[3644.93333333, 3644.93333333]","[20.0, 20.0]",0.08,90.0,-20.0,null,gabors,-20.0,null,4.0,0.25021174,25,0.020690619,-0.16619388,7,0.11473924,True,13,train,2
3562,0.0,975.92066,976.17087,0.8,"[3644.93333333, 3644.93333333]","[20.0, 20.0]",0.08,45.0,10.0,null,gabors,20.0,null,4.0,0.25021174,102,-0.18047428,0.067290177,8,0.15359097,True,13,train,1
3563,0.0,976.17087,976.42108,0.8,"[3644.93333333, 3644.93333333]","[20.0, 20.0]",0.08,0.0,20.0,null,gabors,20.0,null,4.0,0.25021174,196,0.10004724,0.026269548,7,0.22203586,True,14,test,0
3564,0.0,976.42108,976.67129,0.8,"[3644.93333333, 3644.93333333]","[20.0, 20.0]",0.08,0.0,30.0,null,gabors,-30.0,null,4.0,0.25021174,16,0.28567706,-0.13922762,7,0.30546215,True,14,test,0
3565,0.0,976.67129,976.9215,0.8,"[3644.93333333, 3644.93333333]","[20.0, 20.0]",0.08,45.0,-40.0,null,gabors,10.0,null,4.0,0.25021076,50,0.2114165,0.042265755,7,0.16782712,True,14,test,1
3566,0.0,976.9215,977.17172,0.8,"[3644.93333333, 3644.93333333]","[20.0, 20.0]",0.08,45.0,10.0,null,gabors,20.0,null,4.0,0.25021076,102,-0.11572834,0.10630667,8,0.17889392,True,14,test,1
3567,0.0,977.17172,977.42193,0.8,"[3644.93333333, 3644.93333333]","[20.0, 20.0]",0.08,90.0,-30.0,null,gabors,-20.0,null,4.0,0.25021076,44,0.26531913,3.7329225,8,1.8546135,True,14,test,2
3568,0.0,977.42193,977.67214,0.8,"[3644.93333333, 3644.93333333]","[20.0, 20.0]",0.08,45.0,-10.0,null,gabors,-10.0,null,4.0,0.25021076,170,0.16647991,3.5048794,7,0.32875487,True,14,test,1
3569,0.0,977.67214,977.92235,0.8,"[3644.93333333, 3644.93333333]","[20.0, 20.0]",0.08,90.0,-30.0,null,gabors,30.0,null,4.0,0.25021174,194,0.31534509,3.3507518,7,0.20653715,True,14,test,2
3570,0.0,977.92235,978.17256,0.8,"[3644.93333333, 3644.93333333]","[20.0, 20.0]",0.08,90.0,-40.0,null,gabors,-30.0,null,4.0,0.25021174,127,0.066114216,3.0214527,8,0.22882507,True,13,train,2
3571,0.0,978.17256,978.42277,0.8,"[3644.93333333, 3644.93333333]","[20.0, 20.0]",0.08,45.0,30.0,null,gabors,0.0,null,4.0,0.25021174,143,0.29250791,2.8678548,8,0.18312534,True,14,test,1
3572,0.0,978.42277,978.67298,0.8,"[3644.93333333, 3644.93333333]","[20.0, 20.0]",0.08,0.0,-20.0,null,gabors,30.0,null,4.0,0.25021174,11,0.1409452,2.6478865,7,0.12769426,True,14,test,0
3573,0.0,978.67298,978.9232,0.8,"[3644.93333333, 3644.93333333]","[20.0, 20.0]",0.08,45.0,30.0,null,gabors,-10.0,null,4.0,0.25021826,240,0.22182384,2.5052833,7,0.18058107,True,14,test,1
3574,0.0,978.9232,979.17342,0.8,"[3644.93333333, 3644.93333333]","[20.0, 20.0]",0.08,0.0,-30.0,null,gabors,40.0,null,4.0,0.25021826,130,0.089895337,2.5723868,8,0.17859211,True,14,test,0
3575,0.0,979.17342,979.42364,0.8,"[3644.93333333, 3644.93333333]","[20.0, 20.0]",0.08,90.0,-40.0,null,gabors,-20.0,null,4.0,0.25021826,128,0.087926456,2.546638,8,0.10768403,True,14,test,2
3576,0.0,979.42364,979.67386,0.8,"[3644.93333333, 3644.93333333]","[20.0, 20.0]",0.08,0.0,20.0,null,gabors,-30.0,null,4.0,0.25021826,155,0.23771472,2.461333,7,0.088420964,True,14,test,0
3577,0.0,979.67386,979.92406,0.8,"[3644.93333333, 3644.93333333]","[20.0, 20.0]",0.08,0.0,-20.0,null,gabors,-20.0,null,4.0,0.25019924,223,0.297897,2.4164211,7,0.11180898,True,14,test,0
3578,0.0,979.92406,980.17426,0.8,"[3644.93333333, 3644.93333333]","[20.0, 20.0]",0.08,0.0,20.0,null,gabors,-20.0,null,4.0,0.25019924,132,0.21481832,2.3338531,7,0.11737055,True,14,test,0
3579,0.0,980.17426,980.42445,0.8,"[3644.93333333, 3644.93333333]","[20.0, 20.0]",0.08,0.0,10.0,null,gabors,0.0,null,4.0,0.25019924,206,0.20983159,2.3423978,8,0.1518095,True,14,test,0
3580,0.0,980.42445,980.67465,0.8,"[3644.93333333, 3644.93333333]","[20.0, 20.0]",0.08,45.0,-30.0,null,gabors,10.0,null,4.0,0.25019924,202,0.21773544,2.4507331,7,0.12827728,True,14,test,1
3581,0.0,980.67465,980.92486,0.8,"[3644.93333333, 3644.93333333]","[20.0, 20.0]",0.08,0.0,30.0,null,gabors,-20.0,null,4.0,0.25020826,176,0.25504991,2.6583938,7,0.24544458,True,14,test,0
3582,0.0,980.92486,981.17507,0.8,"[3644.93333333, 3644.93333333]","[20.0, 20.0]",0.08,45.0,0.0,null,gabors,20.0,null,4.0,0.25020826,24,0.18767102,2.5201198,7,0.25760341,True,14,test,1
3583,0.0,981.17507,981.42528,0.8,"[3644.93333333, 3644.93333333]","[20.0, 20.0]",0.08,45.0,30.0,null,gabors,40.0,null,4.0,0.25020826,126,0.35981483,2.4514611,8,0.67194101,True,14,test,1
3584,0.0,981.42528,981.67549,0.8,"[3644.93333333, 3644.93333333]","[20.0, 20.0]",0.08,0.0,-30.0,null,gabors,20.0,null,4.0,0.25020826,185,0.10863228,0.64163543,7,0.13795068,True,14,test,0
3585,0.0,981.67549,981.9257,0.8,"[3644.93333333, 3644.93333333]","[20.0, 20.0]",0.08,90.0,-10.0,null,gabors,10.0,null,4.0,0.25020924,89,-0.065971599,0.67161824,8,1.6414536,True,14,test,2
3586,0.0,981.9257,982.17591,0.8,"[3644.93333333, 3644.93333333]","[20.0, 20.0]",0.08,90.0,10.0,null,gabors,-20.0,null,4.0,0.25020924,158,-0.18747946,-3.3085781,7,0.25584679,True,14,test,2
3587,0.0,982.17591,982.42611,0.8,"[3644.93333333, 3644.93333333]","[20.0, 20.0]",0.08,0.0,20.0,null,gabors,-10.0,null,4.0,0.25020924,213,-0.23765084,-3.1974016,8,0.18058784,True,14,test,0
3588,0.0,982.42611,982.67632,0.8,"[3644.93333333, 3644.93333333]","[20.0, 20.0]",0.08,45.0,0.0,null,gabors,0.0,null,4.0,0.25020924,191,0.042796601,-3.413456,7,0.18888595,True,14,test,1
3589,0.0,982.67632,982.92653,0.8,"[3644.93333333, 3644.93333333]","[20.0, 20.0]",0.08,90.0,0.0,null,gabors,20.0,null,4.0,0.25021076,56,-0.2335613,-2.9280413,8,0.24063187,True,14,test,2
3590,0.0,982.92653,983.17675,0.8,"[3644.93333333, 3644.93333333]","[20.0, 20.0]",0.08,90.0,-20.0,null,gabors,-10.0,null,4.0,0.25021076,153,-0.11948563,-2.9957955,6,0.23025979,True,14,test,2
3591,0.0,983.17675,983.42696,0.8,"[3644.93333333, 3644.93333333]","[20.0, 20.0]",0.08,45.0,10.0,null,gabors,-20.0,null,4.0,0.25021076,23,-0.33283425,-2.9772022,3,0.16773796,True,14,test,1
3592,0.0,983.42696,983.67717,0.8,"[3644.93333333, 3644.93333333]","[20.0, 20.0]",0.08,90.0,-10.0,null,gabors,-10.0,null,4.0,0.25021076,32,-0.23081779,-3.1525194,7,0.21777532,True,13,train,2
3593,0.0,983.67717,983.92738,0.8,"[3644.93333333, 3644.93333333]","[20.0, 20.0]",0.08,45.0,-10.0,null,gabors,30.0,null,4.0,0.25020924,175,-0.23842772,-3.3485643,8,0.1847681,True,14,test,1
3594,0.0,983.92738,984.17759,0.8,"[3644.93333333, 3644.93333333]","[20.0, 20.0]",0.08,45.0,30.0,null,gabors,10.0,null,4.0,0.25020924,86,0.012084695,-3.4480355,7,0.13235875,True,13,train,1
3595,0.0,984.17759,984.42779,0.8,"[3644.93333333, 3644.93333333]","[20.0, 20.0]",0.08,90.0,-20.0,null,gabors,10.0,null,4.0,0.25020924,100,-0.018205387,-3.3144248,8,0.17303713,True,14,test,2
3596,0.0,984.42779,984.678,0.8,"[3644.93333333, 3644.93333333]","[20.0, 20.0]",0.08,90.0,-20.0,null,gabors,0.0,null,4.0,0.25020924,121,-0.1613881,-2.876663,7,0.19891475,True,14,test,2
3597,0.0,984.678,984.92822,0.8,"[3644.93333333, 3644.93333333]","[20.0, 20.0]",0.08,90.0,20.0,null,gabors,20.0,null,4.0,0.25021826,210,0.019179638,-3.2750525,8,0.12420998,True,14,test,2
3598,0.0,984.92822,985.17844,0.8,"[3644.93333333, 3644.93333333]","[20.0, 20.0]",0.08,0.0,-20.0,null,gabors,-30.0,null,4.0,0.25021826,236,0.088430258,-3.1824159,7,0.092514343,True,14,test,0
3599,0.0,985.17844,985.42866,0.8,"[3644.93333333, 3644.93333333]","[20.0, 20.0]",0.08,45.0,-30.0,null,gabors,-40.0,null,4.0,0.25021826,91,0.11373315,-3.0976188,8,0.32285442,True,14,test,1
3600,0.0,985.42866,985.67888,0.8,"[3644.93333333, 3644.93333333]","[20.0, 20.0]",0.08,90.0,0.0,null,gabors,-40.0,null,4.0,0.25021826,82,-0.33588303,-2.9705064,7,0.27982081,True,14,test,2
3601,0.0,985.67888,985.92908,0.8,"[3644.93333333, 3644.93333333]","[20.0, 20.0]",0.08,0.0,-40.0,null,gabors,-30.0,null,4.0,0.25019924,220,-0.46568132,-3.2987441,8,0.090772549,True,14,test,0
3602,0.0,985.92908,986.17928,0.8,"[3644.93333333, 3644.93333333]","[20.0, 20.0]",0.08,45.0,30.0,null,gabors,10.0,null,4.0,0.25019924,86,0.094031865,-3.2340673,7,0.23352918,True,14,test,1
3603,0.0,986.17928,986.42947,0.8,"[3644.93333333, 3644.93333333]","[20.0, 20.0]",0.08,90.0,-10.0,null,gabors,40.0,null,4.0,0.25019924,29,-0.0831353,-3.146031,8,0.14767308,True,14,test,2
3604,0.0,986.42947,986.67967,0.8,"[3644.93333333, 3644.93333333]","[20.0, 20.0]",0.08,45.0,10.0,null,gabors,10.0,null,4.0,0.25019924,144,-0.24995455,-2.8986303,7,0.17030048,True,14,test,1
3605,0.0,986.67967,986.92988,0.8,"[3644.93333333, 3644.93333333]","[20.0, 20.0]",0.08,0.0,-40.0,null,gabors,-10.0,null,4.0,0.25020576,103,0.12418349,3.0289883,8,1.956198,True,14,test,0
3606,0.0,986.92988,987.18009,0.8,"[3644.93333333, 3644.93333333]","[20.0, 20.0]",0.08,0.0,-10.0,null,gabors,-20.0,null,4.0,0.25020576,125,0.26598737,2.5886628,7,0.12485488,True,14,test,0
3607,0.0,987.18009,987.43029,0.8,"[3644.93333333, 3644.93333333]","[20.0, 20.0]",0.08,45.0,-40.0,null,gabors,0.0,null,4.0,0.25020576,168,0.18709015,2.3662996,8,0.1616587,True,13,train,1
3608,0.0,987.43029,987.6805,0.8,"[3644.93333333, 3644.93333333]","[20.0, 20.0]",0.08,0.0,-40.0,null,gabors,30.0,null,4.0,0.25020576,203,0.24207423,2.1882269,7,0.19004362,True,13,train,0
3609,0.0,987.6805,987.93071,0.8,"[3644.93333333, 3644.93333333]","[20.0, 20.0]",0.08,45.0,0.0,null,gabors,40.0,null,4.0,0.25021424,159,0.025514003,1.8620922,8,0.13576232,True,14,test,1
3610,0.0,987.93071,988.18093,0.8,"[3644.93333333, 3644.93333333]","[20.0, 20.0]",0.08,0.0,-40.0,null,gabors,20.0,null,4.0,0.25021424,151,0.048770089,1.5762466,7,0.1624603,True,14,test,0
3611,0.0,988.18093,988.43114,0.8,"[3644.93333333, 3644.93333333]","[20.0, 20.0]",0.08,0.0,40.0,null,gabors,10.0,null,4.0,0.25021424,230,-0.037576982,1.5805365,8,0.16529484,True,13,train,0
3612,0.0,988.43114,988.68135,0.8,"[3644.93333333, 3644.93333333]","[20.0, 20.0]",0.08,45.0,-10.0,null,gabors,0.0,null,4.0,0.25021424,88,0.065945587,1.5733565,7,0.14142869,True,14,test,1
3613,0.0,988.68135,988.93156,0.8,"[3644.93333333, 3644.93333333]","[20.0, 20.0]",0.08,0.0,-40.0,null,gabors,30.0,null,4.0,0.25020576,203,-0.050705935,1.5984455,8,0.13914083,True,14,test,0
3614,0.0,988.93156,989.18177,0.8,"[3644.93333333, 3644.93333333]","[20.0, 20.0]",0.08,0.0,-20.0,null,gabors,-10.0,null,4.0,0.25020576,216,-0.0073026637,1.6294342,7,0.14421952,True,14,test,0
3615,0.0,989.18177,989.43197,0.8,"[3644.93333333, 3644.93333333]","[20.0, 20.0]",0.08,45.0,20.0,null,gabors,40.0,null,4.0,0.25020576,93,0.054192884,1.597287,8,0.16165962,True,14,test,1
3616,0.0,989.43197,989.68218,0.8,"[3644.93333333, 3644.93333333]","[20.0, 20.0]",0.08,0.0,0.0,null,gabors,-10.0,null,4.0,0.25020576,160,0.11048372,1.5661287,7,0.065600796,True,14,test,0
3617,0.0,989.68218,989.93238,0.8,"[3644.93333333, 3644.93333333]","[20.0, 20.0]",0.08,90.0,-40.0,null,gabors,30.0,null,4.0,0.25020674,120,0.10575598,1.3737552,8,0.1957115,True,14,test,2
3618,0.0,989.93238,990.18259,0.8,"[3644.93333333, 3644.93333333]","[20.0, 20.0]",0.08,0.0,-20.0,null,gabors,-40.0,null,4.0,0.25020674,123,-0.070796196,1.4553559,7,0.16828945,True,13,train,0
3619,0.0,990.18259,990.4328,0.8,"[3644.93333333, 3644.93333333]","[20.0, 20.0]",0.08,0.0,-40.0,null,gabors,-40.0,null,4.0,0.25020674,69,-0.098864775,1.5559713,8,0.1736306,True,14,test,0
3620,0.0,990.4328,990.683,0.8,"[3644.93333333, 3644.93333333]","[20.0, 20.0]",0.08,90.0,40.0,null,gabors,40.0,null,4.0,0.25020674,48,-0.087143675,1.3771865,7,0.22148222,True,14,test,2
3621,0.0,990.683,990.93323,0.8,"[3644.93333333, 3644.93333333]","[20.0, 20.0]",0.08,90.0,-10.0,null,gabors,-40.0,null,4.0,0.25022826,198,0.049846883,1.3801042,8,0.19872114,True,14,test,2
3622,0.0,990.93323,991.18346,0.8,"[3644.93333333, 3644.93333333]","[20.0, 20.0]",0.08,90.0,20.0,null,gabors,-20.0,null,4.0,0.25022826,98,-0.039479283,1.5087038,7,0.30441109,True,13,train,2
3623,0.0,991.18346,991.43369,0.8,"[3644.93333333, 3644.93333333]","[20.0, 20.0]",0.08,90.0,40.0,null,gabors,-40.0,null,4.0,0.25022826,21,-0.076575759,1.7502677,8,0.23046213,True,14,test,2
3624,0.0,991.43369,991.68392,0.8,"[3644.93333333, 3644.93333333]","[20.0, 20.0]",0.08,90.0,-40.0,null,gabors,-30.0,null,4.0,0.25022826,127,-0.30924722,-0.30174776,7,0.91240575,True,14,test,2
3625,0.0,991.68392,991.93411,0.8,"[3644.93333333, 3644.93333333]","[20.0, 20.0]",0.08,90.0,20.0,null,gabors,-20.0,null,4.0,0.25019174,98,-0.65090515,-2.8143108,6,0.30659677,True,14,test,2
3626,0.0,991.93411,992.1843,0.8,"[3644.93333333, 3644.93333333]","[20.0, 20.0]",0.08,0.0,-30.0,null,gabors,-40.0,null,4.0,0.25019174,12,-0.28738839,-3.0660153,7,0.20727053,True,14,test,0
3627,0.0,992.1843,992.43449,0.8,"[3644.93333333, 3644.93333333]","[20.0, 20.0]",0.08,45.0,40.0,null,gabors,-40.0,null,4.0,0.25019174,195,-0.30442132,-3.189505,8,0.28771936,True,14,test,1
3628,0.0,992.43449,992.68468,0.8,"[3644.93333333, 3644.93333333]","[20.0, 20.0]",0.08,0.0,-10.0,null,gabors,30.0,null,4.0,0.25019174,219,-0.34895649,-3.4054577,7,0.11784271,True,14,test,0
3629,0.0,992.68468,992.9349,0.8,"[3644.93333333, 3644.93333333]","[20.0, 20.0]",0.08,0.0,-20.0,null,gabors,0.0,null,4.0,0.25021576,226,-0.20074016,-3.5166398,8,0.097292813,True,14,test,0
3630,0.0,992.9349,993.18512,0.8,"[3644.93333333, 3644.93333333]","[20.0, 20.0]",0.08,0.0,40.0,null,gabors,20.0,null,4.0,0.25021576,14,-0.39139152,-3.4028505,7,0.062241281,True,14,test,0
3631,0.0,993.18512,993.43533,0.8,"[3644.93333333, 3644.93333333]","[20.0, 20.0]",0.08,0.0,-10.0,null,gabors,40.0,null,4.0,0.25021576,60,-0.23172604,-3.0428699,8,0.076564849,True,13,train,0
3632,0.0,993.43533,993.68555,0.8,"[3644.93333333, 3644.93333333]","[20.0, 20.0]",0.08,45.0,-40.0,null,gabors,0.0,null,4.0,0.25021576,168,-0.15901241,-3.2989497,7,0.077118384,True,14,test,1
3633,0.0,993.68555,993.93575,0.8,"[3644.93333333, 3644.93333333]","[20.0, 20.0]",0.08,45.0,40.0,null,gabors,20.0,null,4.0,0.25020674,180,-0.1432599,-3.1894895,7,0.10276607,True,14,test,1
3634,0.0,993.93575,994.18596,0.8,"[3644.93333333, 3644.93333333]","[20.0, 20.0]",0.08,0.0,-30.0,null,gabors,-30.0,null,4.0,0.25020674,73,0.045497443,-3.1705817,8,0.10626383,True,14,test,0
3635,0.0,994.18596,994.43617,0.8,"[3644.93333333, 3644.93333333]","[20.0, 20.0]",0.08,90.0,-20.0,null,gabors,-20.0,null,4.0,0.25020674,25,0.23242347,-3.1395402,8,0.089027329,True,14,test,2
3636,0.0,994.43617,994.68637,0.8,"[3644.93333333, 3644.93333333]","[20.0, 20.0]",0.08,90.0,30.0,null,gabors,-30.0,null,4.0,0.25020674,234,0.36942591,-3.267484,7,0.086702516,True,14,test,2
3637,0.0,994.68637,994.93657,0.8,"[3644.93333333, 3644.93333333]","[20.0, 20.0]",0.08,0.0,40.0,null,gabors,10.0,null,4.0,0.25020076,230,0.30119317,-3.309042,8,0.097122274,True,14,test,0
3638,0.0,994.93657,995.18678,0.8,"[3644.93333333, 3644.93333333]","[20.0, 20.0]",0.08,0.0,-40.0,null,gabors,10.0,null,4.0,0.25020076,15,0.23206702,-3.1887416,7,0.11570233,True,14,test,0
3639,0.0,995.18678,995.43698,0.8,"[3644.93333333, 3644.93333333]","[20.0, 20.0]",0.08,45.0,-40.0,null,gabors,20.0,null,4.0,0.25020076,96,0.29013152,-3.1654435,8,0.1665226,True,14,test,1
3640,0.0,995.43698,995.68718,0.8,"[3644.93333333, 3644.93333333]","[20.0, 20.0]",0.08,90.0,-40.0,null,gabors,20.0,null,4.0,0.25020076,61,0.13522062,-3.0348548,7,0.10552408,True,14,test,2
3641,0.0,995.68718,995.93739,0.8,"[3644.93333333, 3644.93333333]","[20.0, 20.0]",0.08,90.0,-30.0,null,gabors,-30.0,null,4.0,0.25021424,124,0.19426083,-3.0917565,7,0.085598354,True,14,test,2
3642,0.0,995.93739,996.18761,0.8,"[3644.93333333, 3644.93333333]","[20.0, 20.0]",0.08,90.0,-10.0,null,gabors,-10.0,null,4.0,0.25021424,32,0.17386428,-2.9642003,7,0.10016398,True,14,test,2
3643,0.0,996.18761,996.43782,0.8,"[3644.93333333, 3644.93333333]","[20.0, 20.0]",0.08,0.0,-10.0,null,gabors,40.0,null,4.0,0.25021424,60,0.31719899,-2.9849169,7,0.06990905,True,14,test,0
3644,0.0,996.43782,996.68803,0.8,"[3644.93333333, 3644.93333333]","[20.0, 20.0]",0.08,0.0,0.0,null,gabors,0.0,null,4.0,0.25021424,139,0.27550239,-3.0194256,7,0.062339314,True,14,test,0
3645,0.0,996.68803,996.93825,0.8,"[3644.93333333, 3644.93333333]","[20.0, 20.0]",0.08,0.0,-20.0,null,gabors,-40.0,null,4.0,0.25022076,123,0.32812252,-3.063669,7,0.079284984,True,14,test,0
