stimulus_presentation_id,stimulus_block,start_time,stop_time,orientation,spatial_frequency,x_position,y_position,frame,phase,temporal_frequency,stimulus_name,size,color,contrast,duration,stimulus_condition_id,gaze_dx_deg,gaze_dy_deg,gaze_samples,gaze_within_trial_sd_deg,valid_gaze,repeat_index_within_condition,trial_split,orientation_index
1,0.0,84.496188,84.729704,45.0,0.08,40.0,30.0,null,"[3644.93333333, 3644.93333333]",4.0,gabors,"[20.0, 20.0]",null,0.8,0.23351596,1,,,0,,False,0,train,1
2,0.0,84.729704,84.9799,45.0,0.08,-30.0,10.0,null,"[3644.93333333, 3644.93333333]",4.0,gabors,"[20.0, 20.0]",null,0.8,0.25019567,2,,,0,,False,0,train,1
3,0.0,84.9799,85.230095,90.0,0.08,10.0,-10.0,null,"[3644.93333333, 3644.93333333]",4.0,gabors,"[20.0, 20.0]",null,0.8,0.25019567,3,,,0,,False,0,train,2
4,0.0,85.230095,85.480291,90.0,0.08,30.0,40.0,null,"[3644.93333333, 3644.93333333]",4.0,gabors,"[20.0, 20.0]",null,0.8,0.25019567,4,,,0,,False,0,train,2
5,0.0,85.480291,85.730518,0.0,0.08,30.0,10.0,null,"[3644.93333333, 3644.93333333]",4.0,gabors,"[20.0, 20.0]",null,0.8,0.25022676,5,,,0,,False,0,train,0
6,0.0,85.730518,85.980744,0.0,0.08,0.0,10.0,null,"[3644.93333333, 3644.93333333]",4.0,gabors,"[20.0, 20.0]",null,0.8,0.25022676,6,,,0,,False,0,train,0
7,0.0,85.980744,86.230971,45.0,0.08,0.0,40.0,null,"[3644.93333333, 3644.93333333]",4.0,gabors,"[20.0, 20.0]",null,0.8,0.25022676,7,,,0,,False,0,train,1
8,0.0,86.230971,86.481198,90.0,0.08,30.0,-40.0,null,"[3644.93333333, 3644.93333333]",4.0,gabors,"[20.0, 20.0]",null,0.8,0.25022676,8,,,0,,False,0,train,2
9,0.0,86.481198,86.731391,0.0,0.08,10.0,40.0,null,"[3644.93333333, 3644.93333333]",4.0,gabors,"[20.0, 20.0]",null,0.8,0.25019324,9,,,0,,False,0,train,0
10,0.0,86.731391,86.981584,90.0,0.08,0.0,30.0,null,"[3644.93333333, 3644.93333333]",4.0,gabors,"[20.0, 20.0]",null,0.8,0.25019324,10,,,0,,False,0,train,2
11,0.0,86.981584,87.231778,45.0,0.08,10.0,10.0,null,"[3644.93333333, 3644.93333333]",4.0,gabors,"[20.0, 20.0]",null,0.8,0.25019324,11,,,0,,False,0,train,1
12,0.0,87.231778,87.481971,0.0,0.08,0.0,-40.0,null,"[3644.93333333, 3644.93333333]",4.0,gabors,"[20.0, 20.0]",null,0.8,0.25019324,12,,,0,,False,0,train,0
13,0.0,87.481971,87.73218,0.0,0.08,-40.0,-20.0,null,"[3644.93333333, 3644.93333333]",4.0,gabors,"[20.0, 20.0]",null,0.8,0.25020926,13,,,0,,False,0,train,0
14,0.0,87.73218,87.982389,0.0,0.08,-40.0,40.0,null,"[3644.93333333, 3644.93333333]",4.0,gabors,"[20.0, 20.0]",null,0.8,0.25020926,14,,,0,,False,0,train,0
15,0.0,87.982389,88.232599,0.0,0.08,-20.0,0.0,null,"[3644.93333333, 3644.93333333]",4.0,gabors,"[20.0, 20.0]",null,0.8,0.25020926,15,,,0,,False,0,train,0
16,0.0,88.232599,88.482808,45.0,0.08,-40.0,10.0,null,"[3644.93333333, 3644.93333333]",4.0,gabors,"[20.0, 20.0]",null,0.8,0.25020926,16,,,0,,False,0,train,1
17,0.0,88.482808,88.733016,90.0,0.08,-10.0,-20.0,null,"[3644.93333333, 3644.93333333]",4.0,gabors,"[20.0, 20.0]",null,0.8,0.25020824,17,,,0,,False,0,train,2
18,0.0,88.733016,88.983224,45.0,0.08,0.0,20.0,null,"[3644.93333333, 3644.93333333]",4.0,gabors,"[20.0, 20.0]",null,0.8,0.25020824,18,,,0,,False,0,train,1
19,0.0,88.983224,89.233433,90.0,0.08,10.0,-20.0,null,"[3644.93333333, 3644.93333333]",4.0,gabors,"[20.0, 20.0]",null,0.8,0.25020824,19,,,0,,False,0,train,2
20,0.0,89.233433,89.483641,0.0,0.08,-40.0,-10.0,null,"[3644.93333333, 3644.93333333]",4.0,gabors,"[20.0, 20.0]",null,0.8,0.25020824,20,,,0,,False,0,train,0
21,0.0,89.483641,89.733855,90.0,0.08,30.0,-20.0,null,"[3644.93333333, 3644.93333333]",4.0,gabors,"[20.0, 20.0]",null,0.8,0.25021426,21,,,0,,False,0,train,2
22,0.0,89.733855,89.984069,0.0,0.08,20.0,-30.0,null,"[3644.93333333, 3644.93333333]",4.0,gabors,"[20.0, 20.0]",null,0.8,0.25021426,22,,,0,,False,0,train,0
23,0.0,89.984069,90.234284,0.0,0.08,30.0,40.0,null,"[3644.93333333, 3644.93333333]",4.0,gabors,"[20.0, 20.0]",null,0.8,0.25021426,23,,,0,,False,0,train,0
24,0.0,90.234284,90.484498,45.0,0.08,20.0,40.0,null,"[3644.93333333, 3644.93333333]",4.0,gabors,"[20.0, 20.0]",null,0.8,0.25021426,24,,,0,,False,0,train,1
25,0.0,90.484498,90.734701,90.0,0.08,30.0,20.0,null,"[3644.93333333, 3644.93333333]",4.0,gabors,"[20.0, 20.0]",null,0.8,0.25020324,25,,,0,,False,0,train,2
26,0.0,90.734701,90.984904,0.0,0.08,-40.0,-20.0,null,"[3644.93333333, 3644.93333333]",4.0,gabors,"[20.0, 20.0]",null,0.8,0.25020324,13,,,0,,False,1,train,0
27,0.0,90.984904,91.235108,0.0,0.08,40.0,-30.0,null,"[3644.93333333, 3644.93333333]",4.0,gabors,"[20.0, 20.0]",null,0.8,0.25020324,26,,,0,,False,0,train,0
28,0.0,91.235108,91.485311,90.0,0.08,-10.0,40.0,null,"[3644.93333333, 3644.93333333]",4.0,gabors,"[20.0, 20.0]",null,0.8,0.25020324,27,,,0,,False,0,train,2
29,0.0,91.485311,91.73553,0.0,0.08,30.0,40.0,null,"[3644.93333333, 3644.93333333]",4.0,gabors,"[20.0, 20.0]",null,0.8,0.25021926,23,,,0,,False,1,train,0
30,0.0,91.73553,91.985749,0.0,0.08,0.0,-30.0,null,"[3644.93333333, 3644.93333333]",4.0,gabors,"[20.0, 20.0]",null,0.8,0.25021926,28,,,0,,False,0,train,0
31,0.0,91.985749,92.235969,0.0,0.08,-10.0,30.0,null,"[3644.93333333, 3644.93333333]",4.0,gabors,"[20.0, 20.0]",null,0.8,0.25021926,29,,,0,,False,0,train,0
32,0.0,92.235969,92.486188,90.0,0.08,0.0,10.0,null,"[3644.93333333, 3644.93333333]",4.0,gabors,"[20.0, 20.0]",null,0.8,0.25021926,30,,,0,,False,0,train,2
33,0.0,92.486188,92.736386,90.0,0.08,-30.0,0.0,null,"[3644.93333333, 3644.93333333]",4.0,gabors,"[20.0, 20.0]",null,0.8,0.25019824,31,,,0,,False,0,train,2
34,0.0,92.736386,92.986584,90.0,0.08,-10.0,40.0,null,"[3644.93333333, 3644.93333333]",4.0,gabors,"[20.0, 20.0]",null,0.8,0.25019824,27,,,0,,False,1,train,2
35,0.0,92.986584,93.236783,45.0,0.08,0.0,0.0,null,"[3644.93333333, 3644.93333333]",4.0,gabors,"[20.0, 20.0]",null,0.8,0.25019824,32,,,0,,False,0,train,1
36,0.0,93.236783,93.486981,90.0,0.08,20.0,-40.0,null,"[3644.93333333, 3644.93333333]",4.0,gabors,"[20.0, 20.0]",null,0.8,0.25019824,33,,,0,,False,0,train,2
37,0.0,93.486981,93.737188,45.0,0.08,-20.0,0.0,null,"[3644.93333333, 3644.93333333]",4.0,gabors,"[20.0, 20.0]",null,0.8,0.25020676,34,,,0,,False,0,train,1
38,0.0,93.737188,93.987394,90.0,0.08,20.0,20.0,null,"[3644.93333333, 3644.93333333]",4.0,gabors,"[20.0, 20.0]",null,0.8,0.25020676,35,,,0,,False,0,train,2
39,0.0,93.987394,94.237601,90.0,0.08,-20.0,-40.0,null,"[3644.93333333, 3644.93333333]",4.0,gabors,"[20.0, 20.0]",null,0.8,0.25020676,36,,,0,,False,0,train,2
40,0.0,94.237601,94.487808,0.0,0.08,-10.0,-30.0,null,"[3644.93333333, 3644.93333333]",4.0,gabors,"[20.0, 20.0]",null,0.8,0.25020676,37,,,0,,False,0,train,0
41,0.0,94.487808,94.738019,45.0,0.08,40.0,-10.0,null,"[3644.93333333, 3644.93333333]",4.0,gabors,"[20.0, 20.0]",null,0.8,0.25021074,38,,,0,,False,0,train,1
42,0.0,94.738019,94.988229,45.0,0.08,30.0,30.0,null,"[3644.93333333, 3644.93333333]",4.0,gabors,"[20.0, 20.0]",null,0.8,0.25021074,39,,,0,,False,0,train,1
43,0.0,94.988229,95.23844,0.0,0.08,10.0,40.0,null,"[3644.93333333, 3644.93333333]",4.0,gabors,"[20.0, 20.0]",null,0.8,0.25021074,9,,,0,,False,1,train,0
44,0.0,95.23844,95.488651,45.0,0.08,-10.0,-40.0,null,"[3644.93333333, 3644.93333333]",4.0,gabors,"[20.0, 20.0]",null,0.8,0.25021074,40,,,0,,False,0,train,1
45,0.0,95.488651,95.73887,90.0,0.08,30.0,20.0,null,"[3644.93333333, 3644.93333333]",4.0,gabors,"[20.0, 20.0]",null,0.8,0.25021926,25,,,0,,False,1,train,2
46,0.0,95.73887,95.989089,45.0,0.08,10.0,20.0,null,"[3644.93333333, 3644.93333333]",4.0,gabors,"[20.0, 20.0]",null,0.8,0.25021926,41,,,0,,False,0,train,1
47,0.0,95.989089,96.239309,0.0,0.08,-20.0,30.0,null,"[3644.93333333, 3644.93333333]",4.0,gabors,"[20.0, 20.0]",null,0.8,0.25021926,42,,,0,,False,0,train,0
48,0.0,96.239309,96.489528,0.0,0.08,10.0,30.0,null,"[3644.93333333, 3644.93333333]",4.0,gabors,"[20.0, 20.0]",null,0.8,0.25021926,43,,,0,,False,0,train,0
49,0.0,96.489528,96.739724,0.0,0.08,20.0,10.0,null,"[3644.93333333, 3644.93333333]",4.0,gabors,"[20.0, 20.0]",null,0.8,0.25019574,44,,,0,,False,0,train,0
50,0.0,96.739724,96.989919,0.0,0.08,0.0,10.0,null,"[3644.93333333, 3644.93333333]",4.0,gabors,"[20.0, 20.0]",null,0.8,0.25019574,6,,,0,,False,1,train,0
51,0.0,96.989919,97.240115,0.0,0.08,-20.0,30.0,null,"[3644.93333333, 3644.93333333]",4.0,gabors,"[20.0, 20.0]",null,0.8,0.25019574,42,,,0,,False,1,train,0
52,0.0,97.240115,97.490311,90.0,0.08,-40.0,30.0,null,"[3644.93333333, 3644.93333333]",4.0,gabors,"[20.0, 20.0]",null,0.8,0.25019574,45,,,0,,False,0,train,2
53,0.0,97.490311,97.740528,0.0,0.08,-20.0,30.0,null,"[3644.93333333, 3644.93333333]",4.0,gabors,"[20.0, 20.0]",null,0.8,0.25021676,42,,,0,,False,2,test,0
54,0.0,97.740528,97.990744,0.0,0.08,-30.0,-40.0,null,"[3644.93333333, 3644.93333333]",4.0,gabors,"[20.0, 20.0]",null,0.8,0.25021676,46,,,0,,False,0,train,0
55,0.0,97.990744,98.240961,45.0,0.08,30.0,-20.0,null,"[3644.93333333, 3644.93333333]",4.0,gabors,"[20.0, 20.0]",null,0.8,0.25021676,47,,,0,,False,0,train,1
56,0.0,98.240961,98.491178,45.0,0.08,-10.0,40.0,null,"[3644.93333333, 3644.93333333]",4.0,gabors,"[20.0, 20.0]",null,0.8,0.25021676,48,,,0,,False,0,train,1
57,0.0,98.491178,98.741381,45.0,0.08,10.0,20.0,null,"[3644.93333333, 3644.93333333]",4.0,gabors,"[20.0, 20.0]",null,0.8,0.25020324,41,,,0,,False,1,train,1
58,0.0,98.741381,98.991584,90.0,0.08,0.0,-10.0,null,"[3644.93333333, 3644.93333333]",4.0,gabors,"[20.0, 20.0]",null,0.8,0.25020324,49,,,0,,False,0,train,2
59,0.0,98.991584,99.241788,0.0,0.08,20.0,0.0,null,"[3644.93333333, 3644.93333333]",4.0,gabors,"[20.0, 20.0]",null,0.8,0.25020324,50,,,0,,False,0,train,0
60,0.0,99.241788,99.491991,90.0,0.08,-20.0,-10.0,null,"[3644.93333333, 3644.93333333]",4.0,gabors,"[20.0, 20.0]",null,0.8,0.25020324,51,,,0,,False,0,train,2
61,0.0,99.491991,99.742203,0.0,0.08,20.0,0.0,null,"[3644.93333333, 3644.93333333]",4.0,gabors,"[20.0, 20.0]",null,0.8,0.25021176,50,,,0,,False,1,train,0
62,0.0,99.742203,99.992414,0.0,0.08,-40.0,-40.0,null,"[3644.93333333, 3644.93333333]",4.0,gabors,"[20.0, 20.0]",null,0.8,0.25021176,52,,,0,,False,0,train,0
63,0.0,99.992414,100.24263,45.0,0.08,10.0,0.0,null,"[3644.93333333, 3644.93333333]",4.0,gabors,"[20.0, 20.0]",null,0.8,0.25021176,53,,,0,,False,0,train,1
64,0.0,100.24263,100.49284,0.0,0.08,-20.0,-30.0,null,"[3644.93333333, 3644.93333333]",4.0,gabors,"[20.0, 20.0]",null,0.8,0.25021176,54,,,0,,False,0,train,0
65,0.0,100.49284,100.74305,45.0,0.08,-10.0,-10.0,null,"[3644.93333333, 3644.93333333]",4.0,gabors,"[20.0, 20.0]",null,0.8,0.25020824,55,,,0,,False,0,train,1
66,0.0,100.74305,100.99325,45.0,0.08,-20.0,0.0,null,"[3644.93333333, 3644.93333333]",4.0,gabors,"[20.0, 20.0]",null,0.8,0.25020824,34,,,0,,False,1,train,1
67,0.0,100.99325,101.24346,90.0,0.08,-40.0,30.0,null,"[3644.93333333, 3644.93333333]",4.0,gabors,"[20.0, 20.0]",null,0.8,0.25020824,45,,,0,,False,1,train,2
68,0.0,101.24346,101.49367,90.0,0.08,-40.0,-30.0,null,"[3644.93333333, 3644.93333333]",4.0,gabors,"[20.0, 20.0]",null,0.8,0.25020824,56,,,0,,False,0,train,2
69,0.0,101.49367,101.74388,90.0,0.08,30.0,40.0,null,"[3644.93333333, 3644.93333333]",4.0,gabors,"[20.0, 20.0]",null,0.8,0.25020676,4,,,0,,False,1,train,2
70,0.0,101.74388,101.99408,45.0,0.08,-40.0,-20.0,null,"[3644.93333333, 3644.93333333]",4.0,gabors,"[20.0, 20.0]",null,0.8,0.25020676,57,,,0,,False,0,train,1
71,0.0,101.99408,102.24429,45.0,0.08,30.0,10.0,null,"[3644.93333333, 3644.93333333]",4.0,gabors,"[20.0, 20.0]",null,0.8,0.25020676,58,,,0,,False,0,train,1
72,0.0,102.24429,102.4945,45.0,0.08,-20.0,40.0,null,"[3644.93333333, 3644.93333333]",4.0,gabors,"[20.0, 20.0]",null,0.8,0.25020676,59,,,0,,False,0,train,1
73,0.0,102.4945,102.74471,90.0,0.08,40.0,-20.0,null,"[3644.93333333, 3644.93333333]",4.0,gabors,"[20.0, 20.0]",null,0.8,0.25021074,60,,,0,,False,0,train,2
74,0.0,102.74471,102.99492,90.0,0.08,-30.0,10.0,null,"[3644.93333333, 3644.93333333]",4.0,gabors,"[20.0, 20.0]",null,0.8,0.25021074,61,,,0,,False,0,train,2
75,0.0,102.99492,103.24513,0.0,0.08,40.0,-40.0,null,"[3644.93333333, 3644.93333333]",4.0,gabors,"[20.0, 20.0]",null,0.8,0.25021074,62,,,0,,False,0,train,0
76,0.0,103.24513,103.49534,45.0,0.08,-10.0,0.0,null,"[3644.93333333, 3644.93333333]",4.0,gabors,"[20.0, 20.0]",null,0.8,0.25021074,63,,,0,,False,0,train,1
77,0.0,103.49534,103.74555,0.0,0.08,30.0,20.0,null,"[3644.93333333, 3644.93333333]",4.0,gabors,"[20.0, 20.0]",null,0.8,0.25020426,64,,,0,,False,0,train,0
78,0.0,103.74555,103.99575,90.0,0.08,-20.0,-40.0,null,"[3644.93333333, 3644.93333333]",4.0,gabors,"[20.0, 20.0]",null,0.8,0.25020426,36,,,0,,False,1,train,2
79,0.0,103.99575,104.24595,45.0,0.08,-30.0,10.0,null,"[3644.93333333, 3644.93333333]",4.0,gabors,"[20.0, 20.0]",null,0.8,0.25020426,2,,,0,,False,1,train,1
80,0.0,104.24595,104.49616,90.0,0.08,-40.0,20.0,null,"[3644.93333333, 3644.93333333]",4.0,gabors,"[20.0, 20.0]",null,0.8,0.25020426,65,,,0,,False,0,train,2
81,0.0,104.49616,104.74637,0.0,0.08,30.0,0.0,null,"[3644.93333333, 3644.93333333]",4.0,gabors,"[20.0, 20.0]",null,0.8,0.25021324,66,,,0,,False,0,train,0
82,0.0,104.74637,104.99658,45.0,0.08,-40.0,40.0,null,"[3644.93333333, 3644.93333333]",4.0,gabors,"[20.0, 20.0]",null,0.8,0.25021324,67,,,0,,False,0,train,1
83,0.0,104.99658,105.2468,45.0,0.08,-40.0,30.0,null,"[3644.93333333, 3644.93333333]",4.0,gabors,"[20.0, 20.0]",null,0.8,0.25021324,68,,,0,,False,0,train,1
84,0.0,105.2468,105.49701,90.0,0.08,30.0,-20.0,null,"[3644.93333333, 3644.93333333]",4.0,gabors,"[20.0, 20.0]",null,0.8,0.25021324,21,,,0,,False,1,train,2
85,0.0,105.49701,105.74722,0.0,0.08,20.0,-40.0,null,"[3644.93333333, 3644.93333333]",4.0,gabors,"[20.0, 20.0]",null,0.8,0.25020926,69,,,0,,False,0,train,0
86,0.0,105.74722,105.99743,45.0,0.08,10.0,10.0,null,"[3644.93333333, 3644.93333333]",4.0,gabors,"[20.0, 20.0]",null,0.8,0.25020926,11,,,0,,False,1,train,1
87,0.0,105.99743,106.24764,45.0,0.08,-30.0,-40.0,null,"[3644.93333333, 3644.93333333]",4.0,gabors,"[20.0, 20.0]",null,0.8,0.25020926,70,,,0,,False,0,train,1
88,0.0,106.24764,106.49785,90.0,0.08,-30.0,-10.0,null,"[3644.93333333, 3644.93333333]",4.0,gabors,"[20.0, 20.0]",null,0.8,0.25020926,71,,,0,,False,0,train,2
89,0.0,106.49785,106.74806,0.0,0.08,30.0,20.0,null,"[3644.93333333, 3644.93333333]",4.0,gabors,"[20.0, 20.0]",null,0.8,0.25021074,64,,,0,,False,1,train,0
90,0.0,106.74806,106.99827,45.0,0.08,10.0,-30.0,null,"[3644.93333333, 3644.93333333]",4.0,gabors,"[20.0, 20.0]",null,0.8,0.25021074,72,,,0,,False,0,train,1
91,0.0,106.99827,107.24848,45.0,0.08,10.0,-40.0,null,"[3644.93333333, 3644.93333333]",4.0,gabors,"[20.0, 20.0]",null,0.8,0.25021074,73,,,0,,False,0,train,1
92,0.0,107.24848,107.49869,45.0,0.08,10.0,40.0,null,"[3644.93333333, 3644.93333333]",4.0,gabors,"[20.0, 20.0]",null,0.8,0.25021074,74,,,0,,False,0,train,1
93,0.0,107.49869,107.7489,90.0,0.08,40.0,30.0,null,"[3644.93333333, 3644.93333333]",4.0,gabors,"[20.0, 20.0]",null,0.8,0.25020926,75,,,0,,False,0,train,2
94,0.0,107.7489,107.99911,90.0,0.08,40.0,20.0,null,"[3644.93333333, 3644.93333333]",4.0,gabors,"[20.0, 20.0]",null,0.8,0.25020926,76,,,0,,False,0,train,2
95,0.0,107.99911,108.24932,90.0,0.08,10.0,-40.0,null,"[3644.93333333, 3644.93333333]",4.0,gabors,"[20.0, 20.0]",null,0.8,0.25020926,77,,,0,,False,0,train,2
96,0.0,108.24932,108.49953,90.0,0.08,40.0,-40.0,null,"[3644.93333333, 3644.93333333]",4.0,gabors,"[20.0, 20.0]",null,0.8,0.25020926,78,,,0,,False,0,train,2
97,0.0,108.49953,108.74974,45.0,0.08,-40.0,30.0,null,"[3644.93333333, 3644.93333333]",4.0,gabors,"[20.0, 20.0]",null,0.8,0.25020824,68,,,0,,False,1,train,1
98,0.0,108.74974,108.99994,45.0,0.08,0.0,0.0,null,"[3644.93333333, 3644.93333333]",4.0,gabors,"[20.0, 20.0]",null,0.8,0.25020824,32,,,0,,False,1,train,1
99,0.0,108.99994,109.25015,0.0,0.08,10.0,10.0,null,"[3644.93333333, 3644.93333333]",4.0,gabors,"[20.0, 20.0]",null,0.8,0.25020824,79,,,0,,False,0,train,0
100,0.0,109.25015,109.50036,90.0,0.08,-40.0,0.0,null,"[3644.93333333, 3644.93333333]",4.0,gabors,"[20.0, 20.0]",null,0.8,0.25020824,80,,,0,,False,0,train,2
101,0.0,109.50036,109.75058,0.0,0.08,30.0,-30.0,null,"[3644.93333333, 3644.93333333]",4.0,gabors,"[20.0, 20.0]",null,0.8,0.25022176,81,,,0,,False,0,train,0
102,0.0,109.75058,110.0008,45.0,0.08,-30.0,-30.0,null,"[3644.93333333, 3644.93333333]",4.0,gabors,"[20.0, 20.0]",null,0.8,0.25022176,82,,,0,,False,0,train,1
103,0.0,110.0008,110.25103,45.0,0.08,-10.0,-30.0,null,"[3644.93333333, 3644.93333333]",4.0,gabors,"[20.0, 20.0]",null,0.8,0.25022176,83,,,0,,False,0,train,1
104,0.0,110.25103,110.50125,0.0,0.08,-20.0,-10.0,null,"[3644.93333333, 3644.93333333]",4.0,gabors,"[20.0, 20.0]",null,0.8,0.25022176,84,,,0,,False,0,train,0
105,0.0,110.50125,110.75144,90.0,0.08,0.0,20.0,null,"[3644.93333333, 3644.93333333]",4.0,gabors,"[20.0, 20.0]",null,0.8,0.25019574,85,,,0,,False,0,train,2
106,0.0,110.75144,111.00164,90.0,0.08,-30.0,40.0,null,"[3644.93333333, 3644.93333333]",4.0,gabors,"[20.0, 20.0]",null,0.8,0.25019574,86,,,0,,False,0,train,2
107,0.0,111.00164,111.25184,0.0,0.08,-10.0,10.0,null,"[3644.93333333, 3644.93333333]",4.0,gabors,"[20.0, 20.0]",null,0.8,0.25019574,87,,,0,,False,0,train,0
108,0.0,111.25184,111.50203,90.0,0.08,0.0,0.0,null,"[3644.93333333, 3644.93333333]",4.0,gabors,"[20.0, 20.0]",null,0.8,0.25019574,88,,,0,,False,0,train,2
109,0.0,111.50203,111.75224,0.0,0.08,-30.0,40.0,null,"[3644.93333333, 3644.93333333]",4.0,gabors,"[20.0, 20.0]",null,0.8,0.25020926,89,,,0,,False,0,train,0
110,0.0,111.75224,112.00245,90.0,0.08,30.0,40.0,null,"[3644.93333333, 3644.93333333]",4.0,gabors,"[20.0, 20.0]",null,0.8,0.25020926,4,,,0,,False,2,test,2
111,0.0,112.00245,112.25266,0.0,0.08,40.0,-30.0,null,"[3644.93333333, 3644.93333333]",4.0,gabors,"[20.0, 20.0]",null,0.8,0.25020926,26,,,0,,False,1,train,0
112,0.0,112.25266,112.50287,90.0,0.08,-10.0,40.0,null,"[3644.93333333, 3644.93333333]",4.0,gabors,"[20.0, 20.0]",null,0.8,0.25020926,27,,,0,,False,2,test,2
113,0.0,112.50287,112.75308,45.0,0.08,20.0,-40.0,null,"[3644.93333333, 3644.93333333]",4.0,gabors,"[20.0, 20.0]",null,0.8,0.25020824,90,,,0,,False,0,train,1
114,0.0,112.75308,113.00328,45.0,0.08,40.0,-10.0,null,"[3644.93333333, 3644.93333333]",4.0,gabors,"[20.0, 20.0]",null,0.8,0.25020824,38,,,0,,False,1,train,1
115,0.0,113.00328,113.25349,90.0,0.08,30.0,30.0,null,"[3644.93333333, 3644.93333333]",4.0,gabors,"[20.0, 20.0]",null,0.8,0.25020824,91,,,0,,False,0,train,2
116,0.0,113.25349,113.5037,45.0,0.08,-40.0,-30.0,null,"[3644.93333333, 3644.93333333]",4.0,gabors,"[20.0, 20.0]",null,0.8,0.25020824,92,,,0,,False,0,train,1
117,0.0,113.5037,113.75391,0.0,0.08,-40.0,40.0,null,"[3644.93333333, 3644.93333333]",4.0,gabors,"[20.0, 20.0]",null,0.8,0.25020676,14,,,0,,False,1,train,0
118,0.0,113.75391,114.00411,0.0,0.08,-20.0,-40.0,null,"[3644.93333333, 3644.93333333]",4.0,gabors,"[20.0, 20.0]",null,0.8,0.25020676,93,,,0,,False,0,train,0
119,0.0,114.00411,114.25432,45.0,0.08,10.0,-10.0,null,"[3644.93333333, 3644.93333333]",4.0,gabors,"[20.0, 20.0]",null,0.8,0.25020676,94,,,0,,False,0,train,1
120,0.0,114.25432,114.50453,90.0,0.08,-20.0,-40.0,null,"[3644.93333333, 3644.93333333]",4.0,gabors,"[20.0, 20.0]",null,0.8,0.25020676,36,,,0,,False,2,test,2
121,0.0,114.50453,114.75474,0.0,0.08,40.0,30.0,null,"[3644.93333333, 3644.93333333]",4.0,gabors,"[20.0, 20.0]",null,0.8,0.25020824,95,,,0,,False,0,train,0
122,0.0,114.75474,115.00494,90.0,0.08,-30.0,30.0,null,"[3644.93333333, 3644.93333333]",4.0,gabors,"[20.0, 20.0]",null,0.8,0.25020824,96,,,0,,False,0,train,2
123,0.0,115.00494,115.25515,45.0,0.08,10.0,-40.0,null,"[3644.93333333, 3644.93333333]",4.0,gabors,"[20.0, 20.0]",null,0.8,0.25020824,73,,,0,,False,1,train,1
124,0.0,115.25515,115.50536,90.0,0.08,30.0,20.0,null,"[3644.93333333, 3644.93333333]",4.0,gabors,"[20.0, 20.0]",null,0.8,0.25020824,25,,,0,,False,2,test,2
125,0.0,115.50536,115.75557,90.0,0.08,10.0,0.0,null,"[3644.93333333, 3644.93333333]",4.0,gabors,"[20.0, 20.0]",null,0.8,0.25021176,97,,,0,,False,0,train,2
126,0.0,115.75557,116.00578,0.0,0.08,-30.0,-10.0,null,"[3644.93333333, 3644.93333333]",4.0,gabors,"[20.0, 20.0]",null,0.8,0.25021176,98,,,0,,False,0,train,0
127,0.0,116.00578,116.256,90.0,0.08,0.0,10.0,null,"[3644.93333333, 3644.93333333]",4.0,gabors,"[20.0, 20.0]",null,0.8,0.25021176,30,,,0,,False,1,train,2
128,0.0,116.256,116.50621,0.0,0.08,0.0,-10.0,null,"[3644.93333333, 3644.93333333]",4.0,gabors,"[20.0, 20.0]",null,0.8,0.25021176,99,,,0,,False,0,train,0
129,0.0,116.50621,116.75641,0.0,0.08,40.0,-10.0,null,"[3644.93333333, 3644.93333333]",4.0,gabors,"[20.0, 20.0]",null,0.8,0.25020574,100,,,0,,False,0,train,0
130,0.0,116.75641,117.00662,45.0,0.08,-30.0,20.0,null,"[3644.93333333, 3644.93333333]",4.0,gabors,"[20.0, 20.0]",null,0.8,0.25020574,101,,,0,,False,0,train,1
131,0.0,117.00662,117.25683,45.0,0.08,30.0,0.0,null,"[3644.93333333, 3644.93333333]",4.0,gabors,"[20.0, 20.0]",null,0.8,0.25020574,102,,,0,,False,0,train,1
132,0.0,117.25683,117.50703,90.0,0.08,0.0,10.0,null,"[3644.93333333, 3644.93333333]",4.0,gabors,"[20.0, 20.0]",null,0.8,0.25020574,30,,,0,,False,2,test,2
133,0.0,117.50703,117.75725,90.0,0.08,-40.0,20.0,null,"[3644.93333333, 3644.93333333]",4.0,gabors,"[20.0, 20.0]",null,0.8,0.25021426,65,,,0,,False,1,train,2
134,0.0,117.75725,118.00746,0.0,0.08,40.0,-10.0,null,"[3644.93333333, 3644.93333333]",4.0,gabors,"[20.0, 20.0]",null,0.8,0.25021426,100,,,0,,False,1,train,0
135,0.0,118.00746,118.25767,45.0,0.08,20.0,-40.0,null,"[3644.93333333, 3644.93333333]",4.0,gabors,"[20.0, 20.0]",null,0.8,0.25021426,90,,,0,,False,1,train,1
136,0.0,118.25767,118.50789,45.0,0.08,30.0,20.0,null,"[3644.93333333, 3644.93333333]",4.0,gabors,"[20.0, 20.0]",null,0.8,0.25021426,103,,,0,,False,0,train,1
137,0.0,118.50789,118.7581,90.0,0.08,10.0,0.0,null,"[3644.93333333, 3644.93333333]",4.0,gabors,"[20.0, 20.0]",null,0.8,0.25020824,97,,,0,,False,1,train,2
138,0.0,118.7581,119.0083,90.0,0.08,20.0,-40.0,null,"[3644.93333333, 3644.93333333]",4.0,gabors,"[20.0, 20.0]",null,0.8,0.25020824,33,,,0,,False,1,train,2
139,0.0,119.0083,119.25851,0.0,0.08,30.0,0.0,null,"[3644.93333333, 3644.93333333]",4.0,gabors,"[20.0, 20.0]",null,0.8,0.25020824,66,,,0,,False,1,train,0
140,0.0,119.25851,119.50872,45.0,0.08,40.0,0.0,null,"[3644.93333333, 3644.93333333]",4.0,gabors,"[20.0, 20.0]",null,0.8,0.25020824,104,,,0,,False,0,train,1
141,0.0,119.50872,119.75893,45.0,0.08,40.0,20.0,null,"[3644.93333333, 3644.93333333]",4.0,gabors,"[20.0, 20.0]",null,0.8,0.25020926,105,,,0,,False,0,train,1
142,0.0,119.75893,120.00914,0.0,0.08,-40.0,20.0,null,"[3644.93333333, 3644.93333333]",4.0,gabors,"[20.0, 20.0]",null,0.8,0.25020926,106,,,0,,False,0,train,0
143,0.0,120.00914,120.25935,45.0,0.08,-20.0,-10.0,null,"[3644.93333333, 3644.93333333]",4.0,gabors,"[20.0, 20.0]",null,0.8,0.25020926,107,,,0,,False,0,train,1
144,0.0,120.25935,120.50956,45.0,0.08,20.0,10.0,null,"[3644.93333333, 3644.93333333]",4.0,gabors,"[20.0, 20.0]",null,0.8,0.25020926,108,,,0,,False,0,train,1
145,0.0,120.50956,120.75976,90.0,0.08,10.0,-10.0,null,"[3644.93333333, 3644.93333333]",4.0,gabors,"[20.0, 20.0]",null,0.8,0.25020574,3,,,0,,False,1,train,2
146,0.0,120.75976,121.00997,0.0,0.08,10.0,40.0,null,"[3644.93333333, 3644.93333333]",4.0,gabors,"[20.0, 20.0]",null,0.8,0.25020574,9,,,0,,False,2,test,0
147,0.0,121.00997,121.26018,0.0,0.08,10.0,-20.0,null,"[3644.93333333, 3644.93333333]",4.0,gabors,"[20.0, 20.0]",null,0.8,0.25020574,109,,,0,,False,0,train,0
148,0.0,121.26018,121.51038,45.0,0.08,-40.0,40.0,null,"[3644.93333333, 3644.93333333]",4.0,gabors,"[20.0, 20.0]",null,0.8,0.25020574,67,,,0,,False,1,train,1
149,0.0,121.51038,121.76059,90.0,0.08,40.0,40.0,null,"[3644.93333333, 3644.93333333]",4.0,gabors,"[20.0, 20.0]",null,0.8,0.25020676,110,,,0,,False,0,train,2
150,0.0,121.76059,122.01079,90.0,0.08,-30.0,-20.0,null,"[3644.93333333, 3644.93333333]",4.0,gabors,"[20.0, 20.0]",null,0.8,0.25020676,111,,,0,,False,0,train,2
151,0.0,122.01079,122.261,0.0,0.08,20.0,-20.0,null,"[3644.93333333, 3644.93333333]",4.0,gabors,"[20.0, 20.0]",null,0.8,0.25020676,112,,,0,,False,0,train,0
152,0.0,122.261,122.51121,90.0,0.08,30.0,0.0,null,"[3644.93333333, 3644.93333333]",4.0,gabors,"[20.0, 20.0]",null,0.8,0.25020676,113,,,0,,False,0,train,2
153,0.0,122.51121,122.76142,90.0,0.08,40.0,30.0,null,"[3644.93333333, 3644.93333333]",4.0,gabors,"[20.0, 20.0]",null,0.8,0.25021324,75,,,0,,False,1,train,2
154,0.0,122.76142,123.01163,0.0,0.08,30.0,30.0,null,"[3644.93333333, 3644.93333333]",4.0,gabors,"[20.0, 20.0]",null,0.8,0.25021324,114,,,0,,False,0,train,0
155,0.0,123.01163,123.26185,90.0,0.08,-40.0,10.0,null,"[3644.93333333, 3644.93333333]",4.0,gabors,"[20.0, 20.0]",null,0.8,0.25021324,115,,,0,,False,0,train,2
156,0.0,123.26185,123.51206,90.0,0.08,-30.0,10.0,null,"[3644.93333333, 3644.93333333]",4.0,gabors,"[20.0, 20.0]",null,0.8,0.25021324,61,,,0,,False,1,train,2
157,0.0,123.51206,123.76227,90.0,0.08,-20.0,40.0,null,"[3644.93333333, 3644.93333333]",4.0,gabors,"[20.0, 20.0]",null,0.8,0.25020926,116,,,0,,False,0,train,2
158,0.0,123.76227,124.01248,90.0,0.08,0.0,20.0,null,"[3644.93333333, 3644.93333333]",4.0,gabors,"[20.0, 20.0]",null,0.8,0.25020926,85,,,0,,False,1,train,2
159,0.0,124.01248,124.26269,0.0,0.08,-30.0,40.0,null,"[3644.93333333, 3644.93333333]",4.0,gabors,"[20.0, 20.0]",null,0.8,0.25020926,89,,,0,,False,1,train,0
160,0.0,124.26269,124.5129,90.0,0.08,30.0,40.0,null,"[3644.93333333, 3644.93333333]",4.0,gabors,"[20.0, 20.0]",null,0.8,0.25020926,4,,,0,,False,3,train,2
161,0.0,124.5129,124.7631,45.0,0.08,40.0,-20.0,null,"[3644.93333333, 3644.93333333]",4.0,gabors,"[20.0, 20.0]",null,0.8,0.25020574,117,,,0,,False,0,train,1
162,0.0,124.7631,125.01331,45.0,0.08,-20.0,-40.0,null,"[3644.93333333, 3644.93333333]",4.0,gabors,"[20.0, 20.0]",null,0.8,0.25020574,118,,,0,,False,0,train,1
163,0.0,125.01331,125.26352,45.0,0.08,10.0,10.0,null,"[3644.93333333, 3644.93333333]",4.0,gabors,"[20.0, 20.0]",null,0.8,0.25020574,11,,,0,,False,2,test,1
164,0.0,125.26352,125.51372,45.0,0.08,-30.0,-30.0,null,"[3644.93333333, 3644.93333333]",4.0,gabors,"[20.0, 20.0]",null,0.8,0.25020574,82,,,0,,False,1,train,1
165,0.0,125.51372,125.76394,45.0,0.08,40.0,-40.0,null,"[3644.93333333, 3644.93333333]",4.0,gabors,"[20.0, 20.0]",null,0.8,0.25021926,119,,,0,,False,0,train,1
166,0.0,125.76394,126.01416,0.0,0.08,30.0,10.0,null,"[3644.93333333, 3644.93333333]",4.0,gabors,"[20.0, 20.0]",null,0.8,0.25021926,5,,,0,,False,1,train,0
167,0.0,126.01416,126.26438,0.0,0.08,-10.0,30.0,null,"[3644.93333333, 3644.93333333]",4.0,gabors,"[20.0, 20.0]",null,0.8,0.25021926,29,,,0,,False,1,train,0
168,0.0,126.26438,126.5146,45.0,0.08,-20.0,-20.0,null,"[3644.93333333, 3644.93333333]",4.0,gabors,"[20.0, 20.0]",null,0.8,0.25021926,120,,,0,,False,0,train,1
169,0.0,126.5146,126.7648,90.0,0.08,0.0,10.0,null,"[3644.93333333, 3644.93333333]",4.0,gabors,"[20.0, 20.0]",null,0.8,0.25020324,30,,,0,,False,3,train,2
170,0.0,126.7648,127.015,45.0,0.08,40.0,10.0,null,"[3644.93333333, 3644.93333333]",4.0,gabors,"[20.0, 20.0]",null,0.8,0.25020324,121,,,0,,False,0,train,1
171,0.0,127.015,127.26521,0.0,0.08,-20.0,40.0,null,"[3644.93333333, 3644.93333333]",4.0,gabors,"[20.0, 20.0]",null,0.8,0.25020324,122,,,0,,False,0,train,0
172,0.0,127.26521,127.51541,0.0,0.08,0.0,40.0,null,"[3644.93333333, 3644.93333333]",4.0,gabors,"[20.0, 20.0]",null,0.8,0.25020324,123,,,0,,False,0,train,0
173,0.0,127.51541,127.76562,90.0,0.08,40.0,-20.0,null,"[3644.93333333, 3644.93333333]",4.0,gabors,"[20.0, 20.0]",null,0.8,0.25020426,60,,,0,,False,1,train,2
174,0.0,127.76562,128.01582,45.0,0.08,-10.0,40.0,null,"[3644.93333333, 3644.93333333]",4.0,gabors,"[20.0, 20.0]",null,0.8,0.25020426,48,,,0,,False,1,train,1
175,0.0,128.01582,128.26602,0.0,0.08,40.0,-30.0,null,"[3644.93333333, 3644.93333333]",4.0,gabors,"[20.0, 20.0]",null,0.8,0.25020426,26,,,0,,False,2,test,0
176,0.0,128.26602,128.51623,90.0,0.08,40.0,-20.0,null,"[3644.93333333, 3644.93333333]",4.0,gabors,"[20.0, 20.0]",null,0.8,0.25020426,60,,,0,,False,2,test,2
177,0.0,128.51623,128.76644,90.0,0.08,-20.0,30.0,null,"[3644.93333333, 3644.93333333]",4.0,gabors,"[20.0, 20.0]",null,0.8,0.25021074,124,,,0,,False,0,train,2
178,0.0,128.76644,129.01665,0.0,0.08,10.0,10.0,null,"[3644.93333333, 3644.93333333]",4.0,gabors,"[20.0, 20.0]",null,0.8,0.25021074,79,,,0,,False,1,train,0
179,0.0,129.01665,129.26686,45.0,0.08,0.0,20.0,null,"[3644.93333333, 3644.93333333]",4.0,gabors,"[20.0, 20.0]",null,0.8,0.25021074,18,,,0,,False,1,train,1
180,0.0,129.26686,129.51707,45.0,0.08,10.0,-10.0,null,"[3644.93333333, 3644.93333333]",4.0,gabors,"[20.0, 20.0]",null,0.8,0.25021074,94,,,0,,False,1,train,1
181,0.0,129.51707,129.76728,0.0,0.08,30.0,10.0,null,"[3644.93333333, 3644.93333333]",4.0,gabors,"[20.0, 20.0]",null,0.8,0.25021176,5,,,0,,False,2,test,0
182,0.0,129.76728,130.01749,45.0,0.08,30.0,-40.0,null,"[3644.93333333, 3644.93333333]",4.0,gabors,"[20.0, 20.0]",null,0.8,0.25021176,125,,,0,,False,0,train,1
183,0.0,130.01749,130.26771,0.0,0.08,-30.0,-10.0,null,"[3644.93333333, 3644.93333333]",4.0,gabors,"[20.0, 20.0]",null,0.8,0.25021176,98,,,0,,False,1,train,0
184,0.0,130.26771,130.51792,90.0,0.08,30.0,40.0,null,"[3644.93333333, 3644.93333333]",4.0,gabors,"[20.0, 20.0]",null,0.8,0.25021176,4,,,0,,False,4,train,2
185,0.0,130.51792,130.76812,45.0,0.08,10.0,-20.0,null,"[3644.93333333, 3644.93333333]",4.0,gabors,"[20.0, 20.0]",null,0.8,0.25020574,126,,,0,,False,0,train,1
186,0.0,130.76812,131.01833,0.0,0.08,30.0,10.0,null,"[3644.93333333, 3644.93333333]",4.0,gabors,"[20.0, 20.0]",null,0.8,0.25020574,5,,,0,,False,3,train,0
187,0.0,131.01833,131.26854,0.0,0.08,30.0,30.0,null,"[3644.93333333, 3644.93333333]",4.0,gabors,"[20.0, 20.0]",null,0.8,0.25020574,114,,,0,,False,1,train,0
188,0.0,131.26854,131.51874,45.0,0.08,0.0,40.0,null,"[3644.93333333, 3644.93333333]",4.0,gabors,"[20.0, 20.0]",null,0.8,0.25020574,7,,,0,,False,1,train,1
189,0.0,131.51874,131.76895,90.0,0.08,40.0,-10.0,null,"[3644.93333333, 3644.93333333]",4.0,gabors,"[20.0, 20.0]",null,0.8,0.25020926,127,,,0,,False,0,train,2
190,0.0,131.76895,132.01916,0.0,0.08,30.0,40.0,null,"[3644.93333333, 3644.93333333]",4.0,gabors,"[20.0, 20.0]",null,0.8,0.25020926,23,,,0,,False,2,test,0
191,0.0,132.01916,132.26937,0.0,0.08,-10.0,0.0,null,"[3644.93333333, 3644.93333333]",4.0,gabors,"[20.0, 20.0]",null,0.8,0.25020926,128,,,0,,False,0,train,0
192,0.0,132.26937,132.51958,0.0,0.08,-40.0,30.0,null,"[3644.93333333, 3644.93333333]",4.0,gabors,"[20.0, 20.0]",null,0.8,0.25020926,129,,,0,,False,0,train,0
193,0.0,132.51958,132.76979,45.0,0.08,30.0,0.0,null,"[3644.93333333, 3644.93333333]",4.0,gabors,"[20.0, 20.0]",null,0.8,0.25021074,102,,,0,,False,1,train,1
194,0.0,132.76979,133.02,45.0,0.08,-10.0,-30.0,null,"[3644.93333333, 3644.93333333]",4.0,gabors,"[20.0, 20.0]",null,0.8,0.25021074,83,,,0,,False,1,train,1
195,0.0,133.02,133.27021,90.0,0.08,10.0,-40.0,null,"[3644.93333333, 3644.93333333]",4.0,gabors,"[20.0, 20.0]",null,0.8,0.25021074,77,,,0,,False,1,train,2
196,0.0,133.27021,133.52042,0.0,0.08,20.0,10.0,null,"[3644.93333333, 3644.93333333]",4.0,gabors,"[20.0, 20.0]",null,0.8,0.25021074,44,,,0,,False,1,train,0
197,0.0,133.52042,133.77063,0.0,0.08,-10.0,0.0,null,"[3644.93333333, 3644.93333333]",4.0,gabors,"[20.0, 20.0]",null,0.8,0.25020926,128,,,0,,False,1,train,0
198,0.0,133.77063,134.02084,0.0,0.08,0.0,-30.0,null,"[3644.93333333, 3644.93333333]",4.0,gabors,"[20.0, 20.0]",null,0.8,0.25020926,28,,,0,,False,1,train,0
199,0.0,134.02084,134.27105,0.0,0.08,30.0,20.0,null,"[3644.93333333, 3644.93333333]",4.0,gabors,"[20.0, 20.0]",null,0.8,0.25020926,64,,,0,,False,2,test,0
200,0.0,134.27105,134.52126,45.0,0.08,-20.0,0.0,null,"[3644.93333333, 3644.93333333]",4.0,gabors,"[20.0, 20.0]",null,0.8,0.25020926,34,,,0,,False,2,test,1
201,0.0,134.52126,134.77147,0.0,0.08,-40.0,-40.0,null,"[3644.93333333, 3644.93333333]",4.0,gabors,"[20.0, 20.0]",null,0.8,0.25020824,52,,,0,,False,1,train,0
202,0.0,134.77147,135.02167,90.0,0.08,20.0,10.0,null,"[3644.93333333, 3644.93333333]",4.0,gabors,"[20.0, 20.0]",null,0.8,0.25020824,130,,,0,,False,0,train,2
203,0.0,135.02167,135.27188,0.0,0.08,40.0,-30.0,null,"[3644.93333333, 3644.93333333]",4.0,gabors,"[20.0, 20.0]",null,0.8,0.25020824,26,,,0,,False,3,train,0
204,0.0,135.27188,135.52209,0.0,0.08,-10.0,20.0,null,"[3644.93333333, 3644.93333333]",4.0,gabors,"[20.0, 20.0]",null,0.8,0.25020824,131,,,0,,False,0,train,0
205,0.0,135.52209,135.7723,0.0,0.08,-10.0,-30.0,null,"[3644.93333333, 3644.93333333]",4.0,gabors,"[20.0, 20.0]",null,0.8,0.25020926,37,,,0,,False,1,train,0
206,0.0,135.7723,136.02251,0.0,0.08,10.0,0.0,null,"[3644.93333333, 3644.93333333]",4.0,gabors,"[20.0, 20.0]",null,0.8,0.25020926,132,,,0,,False,0,train,0
207,0.0,136.02251,136.27272,45.0,0.08,-40.0,10.0,null,"[3644.93333333, 3644.93333333]",4.0,gabors,"[20.0, 20.0]",null,0.8,0.25020926,16,,,0,,False,1,train,1
208,0.0,136.27272,136.52293,0.0,0.08,-10.0,20.0,null,"[3644.93333333, 3644.93333333]",4.0,gabors,"[20.0, 20.0]",null,0.8,0.25020926,131,,,0,,False,1,train,0
209,0.0,136.52293,136.77314,0.0,0.08,-20.0,30.0,null,"[3644.93333333, 3644.93333333]",4.0,gabors,"[20.0, 20.0]",null,0.8,0.25021324,42,,,0,,False,3,train,0
210,0.0,136.77314,137.02335,90.0,0.08,-10.0,-30.0,null,"[3644.93333333, 3644.93333333]",4.0,gabors,"[20.0, 20.0]",null,0.8,0.25021324,133,,,0,,False,0,train,2
211,0.0,137.02335,137.27357,0.0,0.08,40.0,10.0,null,"[3644.93333333, 3644.93333333]",4.0,gabors,"[20.0, 20.0]",null,0.8,0.25021324,134,,,0,,False,0,train,0
212,0.0,137.27357,137.52378,90.0,0.08,10.0,-20.0,null,"[3644.93333333, 3644.93333333]",4.0,gabors,"[20.0, 20.0]",null,0.8,0.25021324,19,,,0,,False,1,train,2
213,0.0,137.52378,137.77399,0.0,0.08,10.0,10.0,null,"[3644.93333333, 3644.93333333]",4.0,gabors,"[20.0, 20.0]",null,0.8,0.25020426,79,,,0,,False,2,test,0
214,0.0,137.77399,138.02419,90.0,0.08,10.0,40.0,null,"[3644.93333333, 3644.93333333]",4.0,gabors,"[20.0, 20.0]",null,0.8,0.25020426,135,,,0,,False,0,train,2
215,0.0,138.02419,138.27439,0.0,0.08,-10.0,30.0,null,"[3644.93333333, 3644.93333333]",4.0,gabors,"[20.0, 20.0]",null,0.8,0.25020426,29,,,0,,False,2,test,0
216,0.0,138.27439,138.5246,0.0,0.08,10.0,20.0,null,"[3644.93333333, 3644.93333333]",4.0,gabors,"[20.0, 20.0]",null,0.8,0.25020426,136,,,0,,False,0,train,0
217,0.0,138.5246,138.77481,0.0,0.08,-40.0,20.0,null,"[3644.93333333, 3644.93333333]",4.0,gabors,"[20.0, 20.0]",null,0.8,0.25021324,106,,,0,,False,1,train,0
218,0.0,138.77481,139.02502,90.0,0.08,-10.0,20.0,null,"[3644.93333333, 3644.93333333]",4.0,gabors,"[20.0, 20.0]",null,0.8,0.25021324,137,,,0,,False,0,train,2
219,0.0,139.02502,139.27524,90.0,0.08,20.0,0.0,null,"[3644.93333333, 3644.93333333]",4.0,gabors,"[20.0, 20.0]",null,0.8,0.25021324,138,,,0,,False,0,train,2
220,0.0,139.27524,139.52545,0.0,0.08,-10.0,-40.0,null,"[3644.93333333, 3644.93333333]",4.0,gabors,"[20.0, 20.0]",null,0.8,0.25021324,139,,,0,,False,0,train,0
221,0.0,139.52545,139.77566,90.0,0.08,20.0,-40.0,null,"[3644.93333333, 3644.93333333]",4.0,gabors,"[20.0, 20.0]",null,0.8,0.25020426,33,,,0,,False,2,test,2
222,0.0,139.77566,140.02586,45.0,0.08,40.0,-40.0,null,"[3644.93333333, 3644.93333333]",4.0,gabors,"[20.0, 20.0]",null,0.8,0.25020426,119,,,0,,False,1,train,1
223,0.0,140.02586,140.27606,90.0,0.08,40.0,-30.0,null,"[3644.93333333, 3644.93333333]",4.0,gabors,"[20.0, 20.0]",null,0.8,0.25020426,140,,,0,,False,0,train,2
224,0.0,140.27606,140.52627,90.0,0.08,30.0,40.0,null,"[3644.93333333, 3644.93333333]",4.0,gabors,"[20.0, 20.0]",null,0.8,0.25020426,4,,,0,,False,5,test,2
225,0.0,140.52627,140.77648,90.0,0.08,40.0,10.0,null,"[3644.93333333, 3644.93333333]",4.0,gabors,"[20.0, 20.0]",null,0.8,0.25021074,141,,,0,,False,0,train,2
226,0.0,140.77648,141.02669,45.0,0.08,-10.0,-40.0,null,"[3644.93333333, 3644.93333333]",4.0,gabors,"[20.0, 20.0]",null,0.8,0.25021074,40,,,0,,False,1,train,1
227,0.0,141.02669,141.2769,90.0,0.08,-10.0,0.0,null,"[3644.93333333, 3644.93333333]",4.0,gabors,"[20.0, 20.0]",null,0.8,0.25021074,142,,,0,,False,0,train,2
228,0.0,141.2769,141.52711,45.0,0.08,20.0,0.0,null,"[3644.93333333, 3644.93333333]",4.0,gabors,"[20.0, 20.0]",null,0.8,0.25021074,143,,,0,,False,0,train,1
229,0.0,141.52711,141.77732,90.0,0.08,-30.0,30.0,null,"[3644.93333333, 3644.93333333]",4.0,gabors,"[20.0, 20.0]",null,0.8,0.25021176,96,,,0,,False,1,train,2
230,0.0,141.77732,142.02753,90.0,0.08,10.0,40.0,null,"[3644.93333333, 3644.93333333]",4.0,gabors,"[20.0, 20.0]",null,0.8,0.25021176,135,,,0,,False,1,train,2
231,0.0,142.02753,142.27775,90.0,0.08,40.0,0.0,null,"[3644.93333333, 3644.93333333]",4.0,gabors,"[20.0, 20.0]",null,0.8,0.25021176,144,,,0,,False,0,train,2
232,0.0,142.27775,142.52796,90.0,0.08,-30.0,10.0,null,"[3644.93333333, 3644.93333333]",4.0,gabors,"[20.0, 20.0]",null,0.8,0.25021176,61,,,0,,False,2,test,2
233,0.0,142.52796,142.77816,45.0,0.08,-40.0,20.0,null,"[3644.93333333, 3644.93333333]",4.0,gabors,"[20.0, 20.0]",null,0.8,0.25020324,145,,,0,,False,0,train,1
234,0.0,142.77816,143.02836,45.0,0.08,20.0,30.0,null,"[3644.93333333, 3644.93333333]",4.0,gabors,"[20.0, 20.0]",null,0.8,0.25020324,146,,,0,,False,0,train,1
235,0.0,143.02836,143.27857,45.0,0.08,-30.0,40.0,null,"[3644.93333333, 3644.93333333]",4.0,gabors,"[20.0, 20.0]",null,0.8,0.25020324,147,,,0,,False,0,train,1
236,0.0,143.27857,143.52877,0.0,0.08,10.0,-30.0,null,"[3644.93333333, 3644.93333333]",4.0,gabors,"[20.0, 20.0]",null,0.8,0.25020324,148,,,0,,False,0,train,0
237,0.0,143.52877,143.77898,45.0,0.08,-20.0,-40.0,null,"[3644.93333333, 3644.93333333]",4.0,gabors,"[20.0, 20.0]",null,0.8,0.25021176,118,,,0,,False,1,train,1
238,0.0,143.77898,144.02919,0.0,0.08,30.0,-10.0,null,"[3644.93333333, 3644.93333333]",4.0,gabors,"[20.0, 20.0]",null,0.8,0.25021176,149,,,0,,False,0,train,0
239,0.0,144.02919,144.27941,45.0,0.08,10.0,20.0,null,"[3644.93333333, 3644.93333333]",4.0,gabors,"[20.0, 20.0]",null,0.8,0.25021176,41,,,0,,False,2,test,1
240,0.0,144.27941,144.52962,0.0,0.08,-40.0,40.0,null,"[3644.93333333, 3644.93333333]",4.0,gabors,"[20.0, 20.0]",null,0.8,0.25021176,14,,,0,,False,2,test,0
241,0.0,144.52962,144.77983,90.0,0.08,0.0,10.0,null,"[3644.93333333, 3644.93333333]",4.0,gabors,"[20.0, 20.0]",null,0.8,0.25020824,30,,,0,,False,4,train,2
242,0.0,144.77983,145.03003,0.0,0.08,40.0,-30.0,null,"[3644.93333333, 3644.93333333]",4.0,gabors,"[20.0, 20.0]",null,0.8,0.25020824,26,,,0,,False,4,train,0
243,0.0,145.03003,145.28024,0.0,0.08,-30.0,10.0,null,"[3644.93333333, 3644.93333333]",4.0,gabors,"[20.0, 20.0]",null,0.8,0.25020824,150,,,0,,False,0,train,0
244,0.0,145.28024,145.53045,45.0,0.08,-40.0,10.0,null,"[3644.93333333, 3644.93333333]",4.0,gabors,"[20.0, 20.0]",null,0.8,0.25020824,16,,,0,,False,2,test,1
245,0.0,145.53045,145.78066,45.0,0.08,40.0,10.0,null,"[3644.93333333, 3644.93333333]",4.0,gabors,"[20.0, 20.0]",null,0.8,0.25020926,121,,,0,,False,1,train,1
246,0.0,145.78066,146.03087,0.0,0.08,20.0,40.0,null,"[3644.93333333, 3644.93333333]",4.0,gabors,"[20.0, 20.0]",null,0.8,0.25020926,151,,,0,,False,0,train,0
247,0.0,146.03087,146.28108,90.0,0.08,-20.0,-20.0,null,"[3644.93333333, 3644.93333333]",4.0,gabors,"[20.0, 20.0]",null,0.8,0.25020926,152,,,0,,False,0,train,2
248,0.0,146.28108,146.53129,90.0,0.08,0.0,30.0,null,"[3644.93333333, 3644.93333333]",4.0,gabors,"[20.0, 20.0]",null,0.8,0.25020926,10,,,0,,False,1,train,2
249,0.0,146.53129,146.7815,0.0,0.08,20.0,0.0,null,"[3644.93333333, 3644.93333333]",4.0,gabors,"[20.0, 20.0]",null,0.8,0.25021074,50,,,0,,False,2,test,0
250,0.0,146.7815,147.03171,0.0,0.08,20.0,-30.0,null,"[3644.93333333, 3644.93333333]",4.0,gabors,"[20.0, 20.0]",null,0.8,0.25021074,22,,,0,,False,1,train,0
251,0.0,147.03171,147.28192,45.0,0.08,30.0,-30.0,null,"[3644.93333333, 3644.93333333]",4.0,gabors,"[20.0, 20.0]",null,0.8,0.25021074,153,,,0,,False,0,train,1
252,0.0,147.28192,147.53213,0.0,0.08,40.0,10.0,null,"[3644.93333333, 3644.93333333]",4.0,gabors,"[20.0, 20.0]",null,0.8,0.25021074,134,,,0,,False,1,train,0
253,0.0,147.53213,147.78235,90.0,0.08,20.0,-40.0,null,"[3644.93333333, 3644.93333333]",4.0,gabors,"[20.0, 20.0]",null,0.8,0.25021426,33,,,0,,False,3,train,2
254,0.0,147.78235,148.03256,45.0,0.08,-30.0,-10.0,null,"[3644.93333333, 3644.93333333]",4.0,gabors,"[20.0, 20.0]",null,0.8,0.25021426,154,,,0,,False,0,train,1
255,0.0,148.03256,148.28277,90.0,0.08,0.0,10.0,null,"[3644.93333333, 3644.93333333]",4.0,gabors,"[20.0, 20.0]",null,0.8,0.25021426,30,,,0,,False,5,test,2
256,0.0,148.28277,148.53299,0.0,0.08,10.0,-30.0,null,"[3644.93333333, 3644.93333333]",4.0,gabors,"[20.0, 20.0]",null,0.8,0.25021426,148,,,0,,False,1,train,0
257,0.0,148.53299,148.78319,90.0,0.08,0.0,-20.0,null,"[3644.93333333, 3644.93333333]",4.0,gabors,"[20.0, 20.0]",null,0.8,0.25020074,155,,,0,,False,0,train,2
258,0.0,148.78319,149.03339,90.0,0.08,30.0,30.0,null,"[3644.93333333, 3644.93333333]",4.0,gabors,"[20.0, 20.0]",null,0.8,0.25020074,91,,,0,,False,1,train,2
259,0.0,149.03339,149.28359,90.0,0.08,-10.0,-40.0,null,"[3644.93333333, 3644.93333333]",4.0,gabors,"[20.0, 20.0]",null,0.8,0.25020074,156,,,0,,False,0,train,2
260,0.0,149.28359,149.53379,90.0,0.08,20.0,-30.0,null,"[3644.93333333, 3644.93333333]",4.0,gabors,"[20.0, 20.0]",null,0.8,0.25020074,157,,,0,,False,0,train,2
261,0.0,149.53379,149.784,90.0,0.08,10.0,0.0,null,"[3644.93333333, 3644.93333333]",4.0,gabors,"[20.0, 20.0]",null,0.8,0.25020676,97,,,0,,False,2,test,2
262,0.0,149.784,150.0342,45.0,0.08,-40.0,-20.0,null,"[3644.93333333, 3644.93333333]",4.0,gabors,"[20.0, 20.0]",null,0.8,0.25020676,57,,,0,,False,1,train,1
263,0.0,150.0342,150.28441,0.0,0.08,-10.0,-10.0,null,"[3644.93333333, 3644.93333333]",4.0,gabors,"[20.0, 20.0]",null,0.8,0.25020676,158,,,0,,False,0,train,0
264,0.0,150.28441,150.53462,45.0,0.08,20.0,-30.0,null,"[3644.93333333, 3644.93333333]",4.0,gabors,"[20.0, 20.0]",null,0.8,0.25020676,159,,,0,,False,0,train,1
265,0.0,150.53462,150.78483,45.0,0.08,40.0,-20.0,null,"[3644.93333333, 3644.93333333]",4.0,gabors,"[20.0, 20.0]",null,0.8,0.25021324,117,,,0,,False,1,train,1
266,0.0,150.78483,151.03504,0.0,0.08,10.0,-30.0,null,"[3644.93333333, 3644.93333333]",4.0,gabors,"[20.0, 20.0]",null,0.8,0.25021324,148,,,0,,False,2,test,0
267,0.0,151.03504,151.28526,90.0,0.08,30.0,30.0,null,"[3644.93333333, 3644.93333333]",4.0,gabors,"[20.0, 20.0]",null,0.8,0.25021324,91,,,0,,False,2,test,2
268,0.0,151.28526,151.53547,90.0,0.08,20.0,-10.0,null,"[3644.93333333, 3644.93333333]",4.0,gabors,"[20.0, 20.0]",null,0.8,0.25021324,160,,,0,,False,0,train,2
269,0.0,151.53547,151.78568,90.0,0.08,-20.0,-30.0,null,"[3644.93333333, 3644.93333333]",4.0,gabors,"[20.0, 20.0]",null,0.8,0.25020676,161,,,0,,False,0,train,2
270,0.0,151.78568,152.03588,90.0,0.08,40.0,30.0,null,"[3644.93333333, 3644.93333333]",4.0,gabors,"[20.0, 20.0]",null,0.8,0.25020676,75,,,0,,False,2,test,2
271,0.0,152.03588,152.28609,90.0,0.08,-20.0,10.0,null,"[3644.93333333, 3644.93333333]",4.0,gabors,"[20.0, 20.0]",null,0.8,0.25020676,162,,,0,,False,0,train,2
272,0.0,152.28609,152.5363,90.0,0.08,20.0,-40.0,null,"[3644.93333333, 3644.93333333]",4.0,gabors,"[20.0, 20.0]",null,0.8,0.25020676,33,,,0,,False,4,train,2
273,0.0,152.5363,152.78651,45.0,0.08,-30.0,-40.0,null,"[3644.93333333, 3644.93333333]",4.0,gabors,"[20.0, 20.0]",null,0.8,0.25020824,70,,,0,,False,1,train,1
274,0.0,152.78651,153.03671,90.0,0.08,-40.0,40.0,null,"[3644.93333333, 3644.93333333]",4.0,gabors,"[20.0, 20.0]",null,0.8,0.25020824,163,,,0,,False,0,train,2
275,0.0,153.03671,153.28692,45.0,0.08,-10.0,40.0,null,"[3644.93333333, 3644.93333333]",4.0,gabors,"[20.0, 20.0]",null,0.8,0.25020824,48,,,0,,False,2,test,1
276,0.0,153.28692,153.53713,0.0,0.08,-30.0,40.0,null,"[3644.93333333, 3644.93333333]",4.0,gabors,"[20.0, 20.0]",null,0.8,0.25020824,89,,,0,,False,2,test,0
277,0.0,153.53713,153.78735,0.0,0.08,40.0,-20.0,null,"[3644.93333333, 3644.93333333]",4.0,gabors,"[20.0, 20.0]",null,0.8,0.25021926,164,,,0,,False,0,train,0
278,0.0,153.78735,154.03757,45.0,0.08,40.0,40.0,null,"[3644.93333333, 3644.93333333]",4.0,gabors,"[20.0, 20.0]",null,0.8,0.25021926,165,,,0,,False,0,train,1
279,0.0,154.03757,154.28779,0.0,0.08,20.0,30.0,null,"[3644.93333333, 3644.93333333]",4.0,gabors,"[20.0, 20.0]",null,0.8,0.25021926,166,,,0,,False,0,train,0
280,0.0,154.28779,154.53801,90.0,0.08,20.0,-40.0,null,"[3644.93333333, 3644.93333333]",4.0,gabors,"[20.0, 20.0]",null,0.8,0.25021926,33,,,0,,False,5,test,2
281,0.0,154.53801,154.78821,90.0,0.08,20.0,20.0,null,"[3644.93333333, 3644.93333333]",4.0,gabors,"[20.0, 20.0]",null,0.8,0.25020074,35,,,0,,False,1,train,2
282,0.0,154.78821,155.03841,0.0,0.08,-40.0,-20.0,null,"[3644.93333333, 3644.93333333]",4.0,gabors,"[20.0, 20.0]",null,0.8,0.25020074,13,,,0,,False,2,test,0
283,0.0,155.03841,155.28861,45.0,0.08,20.0,20.0,null,"[3644.93333333, 3644.93333333]",4.0,gabors,"[20.0, 20.0]",null,0.8,0.25020074,167,,,0,,False,0,train,1
284,0.0,155.28861,155.53881,0.0,0.08,-40.0,-40.0,null,"[3644.93333333, 3644.93333333]",4.0,gabors,"[20.0, 20.0]",null,0.8,0.25020074,52,,,0,,False,2,test,0
285,0.0,155.53881,155.78902,0.0,0.08,30.0,-40.0,null,"[3644.93333333, 3644.93333333]",4.0,gabors,"[20.0, 20.0]",null,0.8,0.25020926,168,,,0,,False,0,train,0
286,0.0,155.78902,156.03923,45.0,0.08,40.0,-20.0,null,"[3644.93333333, 3644.93333333]",4.0,gabors,"[20.0, 20.0]",null,0.8,0.25020926,117,,,0,,False,2,test,1
287,0.0,156.03923,156.28944,0.0,0.08,20.0,30.0,null,"[3644.93333333, 3644.93333333]",4.0,gabors,"[20.0, 20.0]",null,0.8,0.25020926,166,,,0,,False,1,train,0
288,0.0,156.28944,156.53965,90.0,0.08,40.0,30.0,null,"[3644.93333333, 3644.93333333]",4.0,gabors,"[20.0, 20.0]",null,0.8,0.25020926,75,,,0,,False,3,train,2
289,0.0,156.53965,156.78986,90.0,0.08,10.0,-40.0,null,"[3644.93333333, 3644.93333333]",4.0,gabors,"[20.0, 20.0]",null,0.8,0.25021074,77,,,0,,False,2,test,2
290,0.0,156.78986,157.04007,45.0,0.08,-20.0,-40.0,null,"[3644.93333333, 3644.93333333]",4.0,gabors,"[20.0, 20.0]",null,0.8,0.25021074,118,,,0,,False,2,test,1
291,0.0,157.04007,157.29028,90.0,0.08,-10.0,10.0,null,"[3644.93333333, 3644.93333333]",4.0,gabors,"[20.0, 20.0]",null,0.8,0.25021074,169,,,0,,False,0,train,2
292,0.0,157.29028,157.54049,45.0,0.08,-40.0,-30.0,null,"[3644.93333333, 3644.93333333]",4.0,gabors,"[20.0, 20.0]",null,0.8,0.25021074,92,,,0,,False,1,train,1
293,0.0,157.54049,157.7907,90.0,0.08,10.0,30.0,null,"[3644.93333333, 3644.93333333]",4.0,gabors,"[20.0, 20.0]",null,0.8,0.25020926,170,,,0,,False,0,train,2
294,0.0,157.7907,158.04091,90.0,0.08,-20.0,0.0,null,"[3644.93333333, 3644.93333333]",4.0,gabors,"[20.0, 20.0]",null,0.8,0.25020926,171,,,0,,False,0,train,2
295,0.0,158.04091,158.29112,0.0,0.08,10.0,-30.0,null,"[3644.93333333, 3644.93333333]",4.0,gabors,"[20.0, 20.0]",null,0.8,0.25020926,148,,,0,,False,3,train,0
296,0.0,158.29112,158.54133,90.0,0.08,30.0,30.0,null,"[3644.93333333, 3644.93333333]",4.0,gabors,"[20.0, 20.0]",null,0.8,0.25020926,91,,,0,,False,3,train,2
297,0.0,158.54133,158.79153,90.0,0.08,-10.0,-40.0,null,"[3644.93333333, 3644.93333333]",4.0,gabors,"[20.0, 20.0]",null,0.8,0.25020574,156,,,0,,False,1,train,2
298,0.0,158.79153,159.04174,0.0,0.08,0.0,-20.0,null,"[3644.93333333, 3644.93333333]",4.0,gabors,"[20.0, 20.0]",null,0.8,0.25020574,172,,,0,,False,0,train,0
299,0.0,159.04174,159.29195,90.0,0.08,0.0,-10.0,null,"[3644.93333333, 3644.93333333]",4.0,gabors,"[20.0, 20.0]",null,0.8,0.25020574,49,,,0,,False,1,train,2
300,0.0,159.29195,159.54215,45.0,0.08,-40.0,40.0,null,"[3644.93333333, 3644.93333333]",4.0,gabors,"[20.0, 20.0]",null,0.8,0.25020574,67,,,0,,False,2,test,1
301,0.0,159.54215,159.79237,90.0,0.08,30.0,40.0,null,"[3644.93333333, 3644.93333333]",4.0,gabors,"[20.0, 20.0]",null,0.8,0.25021426,4,,,0,,False,6,train,2
302,0.0,159.79237,160.04258,90.0,0.08,-10.0,-20.0,null,"[3644.93333333, 3644.93333333]",4.0,gabors,"[20.0, 20.0]",null,0.8,0.25021426,17,,,0,,False,1,train,2
303,0.0,160.04258,160.29279,90.0,0.08,0.0,-40.0,null,"[3644.93333333, 3644.93333333]",4.0,gabors,"[20.0, 20.0]",null,0.8,0.25021426,173,,,0,,False,0,train,2
304,0.0,160.29279,160.54301,90.0,0.08,40.0,10.0,null,"[3644.93333333, 3644.93333333]",4.0,gabors,"[20.0, 20.0]",null,0.8,0.25021426,141,,,0,,False,1,train,2
305,0.0,160.54301,160.79322,45.0,0.08,-20.0,-40.0,null,"[3644.93333333, 3644.93333333]",4.0,gabors,"[20.0, 20.0]",null,0.8,0.25020824,118,,,0,,False,3,train,1
306,0.0,160.79322,161.04342,0.0,0.08,30.0,-40.0,null,"[3644.93333333, 3644.93333333]",4.0,gabors,"[20.0, 20.0]",null,0.8,0.25020824,168,,,0,,False,1,train,0
307,0.0,161.04342,161.29363,45.0,0.08,-20.0,-30.0,null,"[3644.93333333, 3644.93333333]",4.0,gabors,"[20.0, 20.0]",null,0.8,0.25020824,174,,,0,,False,0,train,1
308,0.0,161.29363,161.54384,45.0,0.08,20.0,30.0,null,"[3644.93333333, 3644.93333333]",4.0,gabors,"[20.0, 20.0]",null,0.8,0.25020824,146,,,0,,False,1,train,1
309,0.0,161.54384,161.79405,45.0,0.08,20.0,40.0,null,"[3644.93333333, 3644.93333333]",4.0,gabors,"[20.0, 20.0]",null,0.8,0.25021176,24,,,0,,False,1,train,1
310,0.0,161.79405,162.04426,0.0,0.08,10.0,30.0,null,"[3644.93333333, 3644.93333333]",4.0,gabors,"[20.0, 20.0]",null,0.8,0.25021176,43,,,0,,False,1,train,0
311,0.0,162.04426,162.29448,0.0,0.08,-10.0,20.0,null,"[3644.93333333, 3644.93333333]",4.0,gabors,"[20.0, 20.0]",null,0.8,0.25021176,131,,,0,,False,2,test,0
312,0.0,162.29448,162.54469,45.0,0.08,-10.0,-10.0,null,"[3644.93333333, 3644.93333333]",4.0,gabors,"[20.0, 20.0]",null,0.8,0.25021176,55,,,0,,False,1,train,1
313,0.0,162.54469,162.79489,90.0,0.08,-30.0,-30.0,null,"[3644.93333333, 3644.93333333]",4.0,gabors,"[20.0, 20.0]",null,0.8,0.25020324,175,,,0,,False,0,train,2
314,0.0,162.79489,163.04509,90.0,0.08,-30.0,20.0,null,"[3644.93333333, 3644.93333333]",4.0,gabors,"[20.0, 20.0]",null,0.8,0.25020324,176,,,0,,False,0,train,2
315,0.0,163.04509,163.2953,90.0,0.08,-30.0,40.0,null,"[3644.93333333, 3644.93333333]",4.0,gabors,"[20.0, 20.0]",null,0.8,0.25020324,86,,,0,,False,1,train,2
316,0.0,163.2953,163.5455,90.0,0.08,-20.0,10.0,null,"[3644.93333333, 3644.93333333]",4.0,gabors,"[20.0, 20.0]",null,0.8,0.25020324,162,,,0,,False,1,train,2
317,0.0,163.5455,163.79572,90.0,0.08,40.0,-40.0,null,"[3644.93333333, 3644.93333333]",4.0,gabors,"[20.0, 20.0]",null,0.8,0.25021926,78,,,0,,False,1,train,2
318,0.0,163.79572,164.04594,45.0,0.08,-40.0,-40.0,null,"[3644.93333333, 3644.93333333]",4.0,gabors,"[20.0, 20.0]",null,0.8,0.25021926,177,,,0,,False,0,train,1
319,0.0,164.04594,164.29616,90.0,0.08,-30.0,20.0,null,"[3644.93333333, 3644.93333333]",4.0,gabors,"[20.0, 20.0]",null,0.8,0.25021926,176,,,0,,False,1,train,2
320,0.0,164.29616,164.54638,0.0,0.08,-30.0,-10.0,null,"[3644.93333333, 3644.93333333]",4.0,gabors,"[20.0, 20.0]",null,0.8,0.25021926,98,,,0,,False,2,test,0
321,0.0,164.54638,164.79658,90.0,0.08,20.0,20.0,null,"[3644.93333333, 3644.93333333]",4.0,gabors,"[20.0, 20.0]",null,0.8,0.25020074,35,,,0,,False,2,test,2
322,0.0,164.79658,165.04678,0.0,0.08,-20.0,0.0,null,"[3644.93333333, 3644.93333333]",4.0,gabors,"[20.0, 20.0]",null,0.8,0.25020074,15,,,0,,False,1,train,0
323,0.0,165.04678,165.29698,45.0,0.08,-20.0,0.0,null,"[3644.93333333, 3644.93333333]",4.0,gabors,"[20.0, 20.0]",null,0.8,0.25020074,34,,,0,,False,3,train,1
324,0.0,165.29698,165.54718,45.0,0.08,10.0,-10.0,null,"[3644.93333333, 3644.93333333]",4.0,gabors,"[20.0, 20.0]",null,0.8,0.25020074,94,,,0,,False,2,test,1
325,0.0,165.54718,165.79739,90.0,0.08,0.0,30.0,null,"[3644.93333333, 3644.93333333]",4.0,gabors,"[20.0, 20.0]",null,0.8,0.25020426,10,,,0,,False,2,test,2
326,0.0,165.79739,166.04759,45.0,0.08,-10.0,30.0,null,"[3644.93333333, 3644.93333333]",4.0,gabors,"[20.0, 20.0]",null,0.8,0.25020426,178,,,0,,False,0,train,1
327,0.0,166.04759,166.29779,45.0,0.08,-30.0,40.0,null,"[3644.93333333, 3644.93333333]",4.0,gabors,"[20.0, 20.0]",null,0.8,0.25020426,147,,,0,,False,1,train,1
328,0.0,166.29779,166.548,0.0,0.08,20.0,20.0,null,"[3644.93333333, 3644.93333333]",4.0,gabors,"[20.0, 20.0]",null,0.8,0.25020426,179,,,0,,False,0,train,0
329,0.0,166.548,166.79821,0.0,0.08,40.0,-30.0,null,"[3644.93333333, 3644.93333333]",4.0,gabors,"[20.0, 20.0]",null,0.8,0.25021074,26,,,0,,False,5,test,0
330,0.0,166.79821,167.04842,90.0,0.08,20.0,40.0,null,"[3644.93333333, 3644.93333333]",4.0,gabors,"[20.0, 20.0]",null,0.8,0.25021074,180,,,0,,False,0,train,2
331,0.0,167.04842,167.29863,0.0,0.08,-20.0,40.0,null,"[3644.93333333, 3644.93333333]",4.0,gabors,"[20.0, 20.0]",null,0.8,0.25021074,122,,,0,,False,1,train,0
332,0.0,167.29863,167.54884,90.0,0.08,20.0,10.0,null,"[3644.93333333, 3644.93333333]",4.0,gabors,"[20.0, 20.0]",null,0.8,0.25021074,130,,,0,,False,1,train,2
333,0.0,167.54884,167.79906,0.0,0.08,-10.0,30.0,null,"[3644.93333333, 3644.93333333]",4.0,gabors,"[20.0, 20.0]",null,0.8,0.25021426,29,,,0,,False,3,train,0
334,0.0,167.79906,168.04927,90.0,0.08,-20.0,-40.0,null,"[3644.93333333, 3644.93333333]",4.0,gabors,"[20.0, 20.0]",null,0.8,0.25021426,36,,,0,,False,3,train,2
335,0.0,168.04927,168.29948,45.0,0.08,0.0,40.0,null,"[3644.93333333, 3644.93333333]",4.0,gabors,"[20.0, 20.0]",null,0.8,0.25021426,7,,,0,,False,2,test,1
336,0.0,168.29948,168.5497,45.0,0.08,30.0,10.0,null,"[3644.93333333, 3644.93333333]",4.0,gabors,"[20.0, 20.0]",null,0.8,0.25021426,58,,,0,,False,1,train,1
337,0.0,168.5497,168.7999,45.0,0.08,40.0,-30.0,null,"[3644.93333333, 3644.93333333]",4.0,gabors,"[20.0, 20.0]",null,0.8,0.25020574,181,,,0,,False,0,train,1
338,0.0,168.7999,169.05011,0.0,0.08,-20.0,10.0,null,"[3644.93333333, 3644.93333333]",4.0,gabors,"[20.0, 20.0]",null,0.8,0.25020574,182,,,0,,False,0,train,0
339,0.0,169.05011,169.30032,45.0,0.08,-40.0,-20.0,null,"[3644.93333333, 3644.93333333]",4.0,gabors,"[20.0, 20.0]",null,0.8,0.25020574,57,,,0,,False,2,test,1
340,0.0,169.30032,169.55052,45.0,0.08,-40.0,10.0,null,"[3644.93333333, 3644.93333333]",4.0,gabors,"[20.0, 20.0]",null,0.8,0.25020574,16,,,0,,False,3,train,1
341,0.0,169.55052,169.80073,90.0,0.08,-10.0,-30.0,null,"[3644.93333333, 3644.93333333]",4.0,gabors,"[20.0, 20.0]",null,0.8,0.25020926,133,,,0,,False,1,train,2
342,0.0,169.80073,170.05094,45.0,0.08,20.0,-10.0,null,"[3644.93333333, 3644.93333333]",4.0,gabors,"[20.0, 20.0]",null,0.8,0.25020926,183,,,0,,False,0,train,1
343,0.0,170.05094,170.30115,45.0,0.08,20.0,10.0,null,"[3644.93333333, 3644.93333333]",4.0,gabors,"[20.0, 20.0]",null,0.8,0.25020926,108,,,0,,False,1,train,1
344,0.0,170.30115,170.55136,0.0,0.08,0.0,-20.0,null,"[3644.93333333, 3644.93333333]",4.0,gabors,"[20.0, 20.0]",null,0.8,0.25020926,172,,,0,,False,1,train,0
345,0.0,170.55136,170.80157,45.0,0.08,40.0,40.0,null,"[3644.93333333, 3644.93333333]",4.0,gabors,"[20.0, 20.0]",null,0.8,0.25020824,165,,,0,,False,1,train,1
346,0.0,170.80157,171.05177,0.0,0.08,0.0,-10.0,null,"[3644.93333333, 3644.93333333]",4.0,gabors,"[20.0, 20.0]",null,0.8,0.25020824,99,,,0,,False,1,train,0
347,0.0,171.05177,171.30198,45.0,0.08,10.0,0.0,null,"[3644.93333333, 3644.93333333]",4.0,gabors,"[20.0, 20.0]",null,0.8,0.25020824,53,,,0,,False,1,train,1
348,0.0,171.30198,171.55219,90.0,0.08,-30.0,-40.0,null,"[3644.93333333, 3644.93333333]",4.0,gabors,"[20.0, 20.0]",null,0.8,0.25020824,184,,,0,,False,0,train,2
349,0.0,171.55219,171.80241,90.0,0.08,-40.0,0.0,null,"[3644.93333333, 3644.93333333]",4.0,gabors,"[20.0, 20.0]",null,0.8,0.25021426,80,,,0,,False,1,train,2
350,0.0,171.80241,172.05262,45.0,0.08,-20.0,-20.0,null,"[3644.93333333, 3644.93333333]",4.0,gabors,"[20.0, 20.0]",null,0.8,0.25021426,120,,,0,,False,1,train,1
351,0.0,172.05262,172.30283,0.0,0.08,40.0,20.0,null,"[3644.93333333, 3644.93333333]",4.0,gabors,"[20.0, 20.0]",null,0.8,0.25021426,185,,,0,,False,0,train,0
352,0.0,172.30283,172.55305,90.0,0.08,-30.0,-40.0,null,"[3644.93333333, 3644.93333333]",4.0,gabors,"[20.0, 20.0]",null,0.8,0.25021426,184,,,0,,False,1,train,2
353,0.0,172.55305,172.80325,45.0,0.08,-10.0,10.0,null,"[3644.93333333, 3644.93333333]",4.0,gabors,"[20.0, 20.0]",null,0.8,0.25020574,186,,,0,,False,0,train,1
354,0.0,172.80325,173.05346,0.0,0.08,-10.0,-20.0,null,"[3644.93333333, 3644.93333333]",4.0,gabors,"[20.0, 20.0]",null,0.8,0.25020574,187,,,0,,False,0,train,0
355,0.0,173.05346,173.30367,0.0,0.08,-20.0,-30.0,null,"[3644.93333333, 3644.93333333]",4.0,gabors,"[20.0, 20.0]",null,0.8,0.25020574,54,,,0,,False,1,train,0
356,0.0,173.30367,173.55387,45.0,0.08,40.0,0.0,null,"[3644.93333333, 3644.93333333]",4.0,gabors,"[20.0, 20.0]",null,0.8,0.25020574,104,,,0,,False,1,train,1
357,0.0,173.55387,173.80408,90.0,0.08,40.0,-30.0,null,"[3644.93333333, 3644.93333333]",4.0,gabors,"[20.0, 20.0]",null,0.8,0.25021176,140,,,0,,False,1,train,2
358,0.0,173.80408,174.05429,90.0,0.08,20.0,30.0,null,"[3644.93333333, 3644.93333333]",4.0,gabors,"[20.0, 20.0]",null,0.8,0.25021176,188,,,0,,False,0,train,2
359,0.0,174.05429,174.30451,0.0,0.08,-10.0,10.0,null,"[3644.93333333, 3644.93333333]",4.0,gabors,"[20.0, 20.0]",null,0.8,0.25021176,87,,,0,,False,1,train,0
360,0.0,174.30451,174.55472,0.0,0.08,40.0,-10.0,null,"[3644.93333333, 3644.93333333]",4.0,gabors,"[20.0, 20.0]",null,0.8,0.25021176,100,,,0,,False,2,test,0
361,0.0,174.55472,174.80492,45.0,0.08,30.0,0.0,null,"[3644.93333333, 3644.93333333]",4.0,gabors,"[20.0, 20.0]",null,0.8,0.25020574,102,,,0,,False,2,test,1
362,0.0,174.80492,175.05513,45.0,0.08,20.0,30.0,null,"[3644.93333333, 3644.93333333]",4.0,gabors,"[20.0, 20.0]",null,0.8,0.25020574,146,,,0,,False,2,test,1
363,0.0,175.05513,175.30534,90.0,0.08,-40.0,-20.0,null,"[3644.93333333, 3644.93333333]",4.0,gabors,"[20.0, 20.0]",null,0.8,0.25020574,189,,,0,,False,0,train,2
364,0.0,175.30534,175.55554,45.0,0.08,10.0,-20.0,null,"[3644.93333333, 3644.93333333]",4.0,gabors,"[20.0, 20.0]",null,0.8,0.25020574,126,,,0,,False,1,train,1
365,0.0,175.55554,175.80576,45.0,0.08,-10.0,-40.0,null,"[3644.93333333, 3644.93333333]",4.0,gabors,"[20.0, 20.0]",null,0.8,0.25021676,40,,,0,,False,2,test,1
366,0.0,175.80576,176.05597,0.0,0.08,0.0,40.0,null,"[3644.93333333, 3644.93333333]",4.0,gabors,"[20.0, 20.0]",null,0.8,0.25021676,123,,,0,,False,1,train,0
367,0.0,176.05597,176.30619,0.0,0.08,0.0,40.0,null,"[3644.93333333, 3644.93333333]",4.0,gabors,"[20.0, 20.0]",null,0.8,0.25021676,123,,,0,,False,2,test,0
368,0.0,176.30619,176.55641,90.0,0.08,-20.0,-20.0,null,"[3644.93333333, 3644.93333333]",4.0,gabors,"[20.0, 20.0]",null,0.8,0.25021676,152,,,0,,False,1,train,2
369,0.0,176.55641,176.80661,90.0,0.08,30.0,-20.0,null,"[3644.93333333, 3644.93333333]",4.0,gabors,"[20.0, 20.0]",null,0.8,0.25020324,21,,,0,,False,2,test,2
370,0.0,176.80661,177.05681,45.0,0.08,0.0,40.0,null,"[3644.93333333, 3644.93333333]",4.0,gabors,"[20.0, 20.0]",null,0.8,0.25020324,7,,,0,,False,3,train,1
371,0.0,177.05681,177.30702,0.0,0.08,10.0,0.0,null,"[3644.93333333, 3644.93333333]",4.0,gabors,"[20.0, 20.0]",null,0.8,0.25020324,132,,,0,,False,1,train,0
372,0.0,177.30702,177.55722,45.0,0.08,-10.0,-40.0,null,"[3644.93333333, 3644.93333333]",4.0,gabors,"[20.0, 20.0]",null,0.8,0.25020324,40,,,0,,False,3,train,1
373,0.0,177.55722,177.80742,45.0,0.08,-40.0,20.0,null,"[3644.93333333, 3644.93333333]",4.0,gabors,"[20.0, 20.0]",null,0.8,0.25019676,145,,,0,,False,1,train,1
374,0.0,177.80742,178.05761,90.0,0.08,-40.0,-10.0,null,"[3644.93333333, 3644.93333333]",4.0,gabors,"[20.0, 20.0]",null,0.8,0.25019676,190,,,0,,False,0,train,2
375,0.0,178.05761,178.30781,45.0,0.08,0.0,0.0,null,"[3644.93333333, 3644.93333333]",4.0,gabors,"[20.0, 20.0]",null,0.8,0.25019676,32,,,0,,False,2,test,1
376,0.0,178.30781,178.55801,45.0,0.08,0.0,-10.0,null,"[3644.93333333, 3644.93333333]",4.0,gabors,"[20.0, 20.0]",null,0.8,0.25019676,191,,,0,,False,0,train,1
377,0.0,178.55801,178.80823,45.0,0.08,0.0,40.0,null,"[3644.93333333, 3644.93333333]",4.0,gabors,"[20.0, 20.0]",null,0.8,0.25021824,7,,,0,,False,4,train,1
378,0.0,178.80823,179.05844,0.0,0.08,30.0,-40.0,null,"[3644.93333333, 3644.93333333]",4.0,gabors,"[20.0, 20.0]",null,0.8,0.25021824,168,,,0,,False,2,test,0
379,0.0,179.05844,179.30866,45.0,0.08,40.0,-20.0,null,"[3644.93333333, 3644.93333333]",4.0,gabors,"[20.0, 20.0]",null,0.8,0.25021824,117,,,0,,False,3,train,1
380,0.0,179.30866,179.55888,0.0,0.08,-30.0,-30.0,null,"[3644.93333333, 3644.93333333]",4.0,gabors,"[20.0, 20.0]",null,0.8,0.25021824,192,,,0,,False,0,train,0
381,0.0,179.55888,179.8091,0.0,0.08,40.0,-20.0,null,"[3644.93333333, 3644.93333333]",4.0,gabors,"[20.0, 20.0]",null,0.8,0.25021676,164,,,0,,False,1,train,0
382,0.0,179.8091,180.05931,0.0,0.08,-40.0,-10.0,null,"[3644.93333333, 3644.93333333]",4.0,gabors,"[20.0, 20.0]",null,0.8,0.25021676,20,,,0,,False,1,train,0
383,0.0,180.05931,180.30953,90.0,0.08,20.0,40.0,null,"[3644.93333333, 3644.93333333]",4.0,gabors,"[20.0, 20.0]",null,0.8,0.25021676,180,,,0,,False,1,train,2
384,0.0,180.30953,180.55975,90.0,0.08,10.0,0.0,null,"[3644.93333333, 3644.93333333]",4.0,gabors,"[20.0, 20.0]",null,0.8,0.25021676,97,,,0,,False,3,train,2
385,0.0,180.55975,180.80995,45.0,0.08,0.0,30.0,null,"[3644.93333333, 3644.93333333]",4.0,gabors,"[20.0, 20.0]",null,0.8,0.25020324,193,,,0,,False,0,train,1
386,0.0,180.80995,181.06015,0.0,0.08,30.0,-20.0,null,"[3644.93333333, 3644.93333333]",4.0,gabors,"[20.0, 20.0]",null,0.8,0.25020324,194,,,0,,False,0,train,0
387,0.0,181.06015,181.31036,90.0,0.08,-20.0,40.0,null,"[3644.93333333, 3644.93333333]",4.0,gabors,"[20.0, 20.0]",null,0.8,0.25020324,116,,,0,,False,1,train,2
388,0.0,181.31036,181.56056,45.0,0.08,-40.0,-20.0,null,"[3644.93333333, 3644.93333333]",4.0,gabors,"[20.0, 20.0]",null,0.8,0.25020324,57,,,0,,False,3,train,1
389,0.0,181.56056,181.81077,45.0,0.08,30.0,-30.0,null,"[3644.93333333, 3644.93333333]",4.0,gabors,"[20.0, 20.0]",null,0.8,0.25021176,153,,,0,,False,1,train,1
390,0.0,181.81077,182.06098,90.0,0.08,40.0,20.0,null,"[3644.93333333, 3644.93333333]",4.0,gabors,"[20.0, 20.0]",null,0.8,0.25021176,76,,,0,,False,1,train,2
391,0.0,182.06098,182.3112,0.0,0.08,-20.0,30.0,null,"[3644.93333333, 3644.93333333]",4.0,gabors,"[20.0, 20.0]",null,0.8,0.25021176,42,,,0,,False,4,train,0
392,0.0,182.3112,182.56141,90.0,0.08,-40.0,10.0,null,"[3644.93333333, 3644.93333333]",4.0,gabors,"[20.0, 20.0]",null,0.8,0.25021176,115,,,0,,False,1,train,2
393,0.0,182.56141,182.81161,0.0,0.08,0.0,-30.0,null,"[3644.93333333, 3644.93333333]",4.0,gabors,"[20.0, 20.0]",null,0.8,0.25020324,28,,,0,,False,2,test,0
394,0.0,182.81161,183.06181,45.0,0.08,0.0,10.0,null,"[3644.93333333, 3644.93333333]",4.0,gabors,"[20.0, 20.0]",null,0.8,0.25020324,195,,,0,,False,0,train,1
395,0.0,183.06181,183.31202,90.0,0.08,30.0,40.0,null,"[3644.93333333, 3644.93333333]",4.0,gabors,"[20.0, 20.0]",null,0.8,0.25020324,4,,,0,,False,7,train,2
396,0.0,183.31202,183.56222,90.0,0.08,-40.0,-40.0,null,"[3644.93333333, 3644.93333333]",4.0,gabors,"[20.0, 20.0]",null,0.8,0.25020324,196,,,0,,False,0,train,2
397,0.0,183.56222,183.81244,45.0,0.08,-10.0,-20.0,null,"[3644.93333333, 3644.93333333]",4.0,gabors,"[20.0, 20.0]",null,0.8,0.25021426,197,,,0,,False,0,train,1
398,0.0,183.81244,184.06265,45.0,0.08,-10.0,10.0,null,"[3644.93333333, 3644.93333333]",4.0,gabors,"[20.0, 20.0]",null,0.8,0.25021426,186,,,0,,False,1,train,1
399,0.0,184.06265,184.31286,45.0,0.08,-40.0,40.0,null,"[3644.93333333, 3644.93333333]",4.0,gabors,"[20.0, 20.0]",null,0.8,0.25021426,67,,,0,,False,3,train,1
400,0.0,184.31286,184.56308,90.0,0.08,-20.0,-30.0,null,"[3644.93333333, 3644.93333333]",4.0,gabors,"[20.0, 20.0]",null,0.8,0.25021426,161,,,0,,False,1,train,2
401,0.0,184.56308,184.81328,0.0,0.08,20.0,-40.0,null,"[3644.93333333, 3644.93333333]",4.0,gabors,"[20.0, 20.0]",null,0.8,0.25020324,69,,,0,,False,1,train,0
402,0.0,184.81328,185.06348,45.0,0.08,0.0,-20.0,null,"[3644.93333333, 3644.93333333]",4.0,gabors,"[20.0, 20.0]",null,0.8,0.25020324,198,,,0,,False,0,train,1
403,0.0,185.06348,185.31369,90.0,0.08,-40.0,-20.0,null,"[3644.93333333, 3644.93333333]",4.0,gabors,"[20.0, 20.0]",null,0.8,0.25020324,189,,,0,,False,1,train,2
404,0.0,185.31369,185.56389,45.0,0.08,10.0,0.0,null,"[3644.93333333, 3644.93333333]",4.0,gabors,"[20.0, 20.0]",null,0.8,0.25020324,53,,,0,,False,2,test,1
405,0.0,185.56389,185.8141,45.0,0.08,30.0,-10.0,null,"[3644.93333333, 3644.93333333]",4.0,gabors,"[20.0, 20.0]",null,0.8,0.25021176,199,,,0,,False,0,train,1
406,0.0,185.8141,186.06431,90.0,0.08,-10.0,30.0,null,"[3644.93333333, 3644.93333333]",4.0,gabors,"[20.0, 20.0]",null,0.8,0.25021176,200,,,0,,False,0,train,2
407,0.0,186.06431,186.31453,45.0,0.08,-10.0,20.0,null,"[3644.93333333, 3644.93333333]",4.0,gabors,"[20.0, 20.0]",null,0.8,0.25021176,201,,,0,,False,0,train,1
408,0.0,186.31453,186.56474,0.0,0.08,40.0,40.0,null,"[3644.93333333, 3644.93333333]",4.0,gabors,"[20.0, 20.0]",null,0.8,0.25021176,202,,,0,,False,0,train,0
409,0.0,186.56474,186.81495,0.0,0.08,-30.0,40.0,null,"[3644.93333333, 3644.93333333]",4.0,gabors,"[20.0, 20.0]",null,0.8,0.25021074,89,,,0,,False,3,train,0
410,0.0,186.81495,187.06516,0.0,0.08,0.0,30.0,null,"[3644.93333333, 3644.93333333]",4.0,gabors,"[20.0, 20.0]",null,0.8,0.25021074,203,,,0,,False,0,train,0
411,0.0,187.06516,187.31537,90.0,0.08,-40.0,30.0,null,"[3644.93333333, 3644.93333333]",4.0,gabors,"[20.0, 20.0]",null,0.8,0.25021074,45,,,0,,False,2,test,2
412,0.0,187.31537,187.56558,0.0,0.08,10.0,30.0,null,"[3644.93333333, 3644.93333333]",4.0,gabors,"[20.0, 20.0]",null,0.8,0.25021074,43,,,0,,False,2,test,0
413,0.0,187.56558,187.81579,45.0,0.08,10.0,10.0,null,"[3644.93333333, 3644.93333333]",4.0,gabors,"[20.0, 20.0]",null,0.8,0.25020676,11,,,0,,False,3,train,1
414,0.0,187.81579,188.06599,0.0,0.08,10.0,30.0,null,"[3644.93333333, 3644.93333333]",4.0,gabors,"[20.0, 20.0]",null,0.8,0.25020676,43,,,0,,False,3,train,0
415,0.0,188.06599,188.3162,0.0,0.08,20.0,0.0,null,"[3644.93333333, 3644.93333333]",4.0,gabors,"[20.0, 20.0]",null,0.8,0.25020676,50,,,0,,False,3,train,0
416,0.0,188.3162,188.56641,45.0,0.08,0.0,-20.0,null,"[3644.93333333, 3644.93333333]",4.0,gabors,"[20.0, 20.0]",null,0.8,0.25020676,198,,,0,,False,1,train,1
417,0.0,188.56641,188.81662,45.0,0.08,10.0,-40.0,null,"[3644.93333333, 3644.93333333]",4.0,gabors,"[20.0, 20.0]",null,0.8,0.25021324,73,,,0,,False,2,test,1
418,0.0,188.81662,189.06683,45.0,0.08,30.0,20.0,null,"[3644.93333333, 3644.93333333]",4.0,gabors,"[20.0, 20.0]",null,0.8,0.25021324,103,,,0,,False,1,train,1
419,0.0,189.06683,189.31705,90.0,0.08,40.0,-10.0,null,"[3644.93333333, 3644.93333333]",4.0,gabors,"[20.0, 20.0]",null,0.8,0.25021324,127,,,0,,False,1,train,2
420,0.0,189.31705,189.56726,90.0,0.08,-10.0,10.0,null,"[3644.93333333, 3644.93333333]",4.0,gabors,"[20.0, 20.0]",null,0.8,0.25021324,169,,,0,,False,1,train,2
421,0.0,189.56726,189.81747,0.0,0.08,30.0,10.0,null,"[3644.93333333, 3644.93333333]",4.0,gabors,"[20.0, 20.0]",null,0.8,0.25021176,5,,,0,,False,4,train,0
422,0.0,189.81747,190.06768,45.0,0.08,20.0,-40.0,null,"[3644.93333333, 3644.93333333]",4.0,gabors,"[20.0, 20.0]",null,0.8,0.25021176,90,,,0,,False,2,test,1
423,0.0,190.06768,190.3179,45.0,0.08,20.0,-30.0,null,"[3644.93333333, 3644.93333333]",4.0,gabors,"[20.0, 20.0]",null,0.8,0.25021176,159,,,0,,False,1,train,1
424,0.0,190.3179,190.56811,90.0,0.08,-40.0,10.0,null,"[3644.93333333, 3644.93333333]",4.0,gabors,"[20.0, 20.0]",null,0.8,0.25021176,115,,,0,,False,2,test,2
425,0.0,190.56811,190.81831,45.0,0.08,10.0,0.0,null,"[3644.93333333, 3644.93333333]",4.0,gabors,"[20.0, 20.0]",null,0.8,0.25020324,53,,,0,,False,3,train,1
426,0.0,190.81831,191.06851,0.0,0.08,30.0,30.0,null,"[3644.93333333, 3644.93333333]",4.0,gabors,"[20.0, 20.0]",null,0.8,0.25020324,114,,,0,,False,2,test,0
427,0.0,191.06851,191.31872,45.0,0.08,20.0,-40.0,null,"[3644.93333333, 3644.93333333]",4.0,gabors,"[20.0, 20.0]",null,0.8,0.25020324,90,,,0,,False,3,train,1
428,0.0,191.31872,191.56892,45.0,0.08,30.0,20.0,null,"[3644.93333333, 3644.93333333]",4.0,gabors,"[20.0, 20.0]",null,0.8,0.25020324,103,,,0,,False,2,test,1
429,0.0,191.56892,191.81913,45.0,0.08,-10.0,-30.0,null,"[3644.93333333, 3644.93333333]",4.0,gabors,"[20.0, 20.0]",null,0.8,0.25021176,83,,,0,,False,2,test,1
430,0.0,191.81913,192.06934,90.0,0.08,-10.0,-40.0,null,"[3644.93333333, 3644.93333333]",4.0,gabors,"[20.0, 20.0]",null,0.8,0.25021176,156,,,0,,False,2,test,2
431,0.0,192.06934,192.31956,45.0,0.08,-30.0,-40.0,null,"[3644.93333333, 3644.93333333]",4.0,gabors,"[20.0, 20.0]",null,0.8,0.25021176,70,,,0,,False,2,test,1
432,0.0,192.31956,192.56977,90.0,0.08,-40.0,-20.0,null,"[3644.93333333, 3644.93333333]",4.0,gabors,"[20.0, 20.0]",null,0.8,0.25021176,189,,,0,,False,2,test,2
433,0.0,192.56977,192.81998,0.0,0.08,30.0,-20.0,null,"[3644.93333333, 3644.93333333]",4.0,gabors,"[20.0, 20.0]",null,0.8,0.25020824,194,,,0,,False,1,train,0
434,0.0,192.81998,193.07018,0.0,0.08,30.0,20.0,null,"[3644.93333333, 3644.93333333]",4.0,gabors,"[20.0, 20.0]",null,0.8,0.25020824,64,,,0,,False,3,train,0
435,0.0,193.07018,193.32039,0.0,0.08,10.0,30.0,null,"[3644.93333333, 3644.93333333]",4.0,gabors,"[20.0, 20.0]",null,0.8,0.25020824,43,,,0,,False,4,train,0
436,0.0,193.32039,193.5706,90.0,0.08,30.0,30.0,null,"[3644.93333333, 3644.93333333]",4.0,gabors,"[20.0, 20.0]",null,0.8,0.25020824,91,,,0,,False,4,train,2
437,0.0,193.5706,193.82081,90.0,0.08,-30.0,-40.0,null,"[3644.93333333, 3644.93333333]",4.0,gabors,"[20.0, 20.0]",null,0.8,0.25021176,184,,,0,,False,2,test,2
438,0.0,193.82081,194.07102,45.0,0.08,-10.0,0.0,null,"[3644.93333333, 3644.93333333]",4.0,gabors,"[20.0, 20.0]",null,0.8,0.25021176,63,,,0,,False,1,train,1
439,0.0,194.07102,194.32124,0.0,0.08,20.0,40.0,null,"[3644.93333333, 3644.93333333]",4.0,gabors,"[20.0, 20.0]",null,0.8,0.25021176,151,,,0,,False,1,train,0
440,0.0,194.32124,194.57145,0.0,0.08,-10.0,30.0,null,"[3644.93333333, 3644.93333333]",4.0,gabors,"[20.0, 20.0]",null,0.8,0.25021176,29,,,0,,False,4,train,0
441,0.0,194.57145,194.82165,90.0,0.08,30.0,10.0,null,"[3644.93333333, 3644.93333333]",4.0,gabors,"[20.0, 20.0]",null,0.8,0.25020324,204,,,0,,False,0,train,2
442,0.0,194.82165,195.07185,45.0,0.08,20.0,-30.0,null,"[3644.93333333, 3644.93333333]",4.0,gabors,"[20.0, 20.0]",null,0.8,0.25020324,159,,,0,,False,2,test,1
443,0.0,195.07185,195.32206,0.0,0.08,-30.0,-10.0,null,"[3644.93333333, 3644.93333333]",4.0,gabors,"[20.0, 20.0]",null,0.8,0.25020324,98,,,0,,False,3,train,0
444,0.0,195.32206,195.57226,0.0,0.08,0.0,-20.0,null,"[3644.93333333, 3644.93333333]",4.0,gabors,"[20.0, 20.0]",null,0.8,0.25020324,172,,,0,,False,2,test,0
445,0.0,195.57226,195.82248,0.0,0.08,-20.0,40.0,null,"[3644.93333333, 3644.93333333]",4.0,gabors,"[20.0, 20.0]",null,0.8,0.25021426,122,,,0,,False,2,test,0
446,0.0,195.82248,196.07269,0.0,0.08,-40.0,30.0,null,"[3644.93333333, 3644.93333333]",4.0,gabors,"[20.0, 20.0]",null,0.8,0.25021426,129,,,0,,False,1,train,0
447,0.0,196.07269,196.3229,0.0,0.08,-20.0,10.0,null,"[3644.93333333, 3644.93333333]",4.0,gabors,"[20.0, 20.0]",null,0.8,0.25021426,182,,,0,,False,1,train,0
448,0.0,196.3229,196.57312,0.0,0.08,-10.0,10.0,null,"[3644.93333333, 3644.93333333]",4.0,gabors,"[20.0, 20.0]",null,0.8,0.25021426,87,,,0,,False,2,test,0
449,0.0,196.57312,196.82333,0.0,0.08,0.0,40.0,null,"[3644.93333333, 3644.93333333]",4.0,gabors,"[20.0, 20.0]",null,0.8,0.25020824,123,,,0,,False,3,train,0
450,0.0,196.82333,197.07353,90.0,0.08,-10.0,-40.0,null,"[3644.93333333, 3644.93333333]",4.0,gabors,"[20.0, 20.0]",null,0.8,0.25020824,156,,,0,,False,3,train,2
451,0.0,197.07353,197.32374,45.0,0.08,20.0,-30.0,null,"[3644.93333333, 3644.93333333]",4.0,gabors,"[20.0, 20.0]",null,0.8,0.25020824,159,,,0,,False,3,train,1
452,0.0,197.32374,197.57395,0.0,0.08,-40.0,10.0,null,"[3644.93333333, 3644.93333333]",4.0,gabors,"[20.0, 20.0]",null,0.8,0.25020824,205,,,0,,False,0,train,0
453,0.0,197.57395,197.82415,45.0,0.08,-30.0,-40.0,null,"[3644.93333333, 3644.93333333]",4.0,gabors,"[20.0, 20.0]",null,0.8,0.25020176,70,,,0,,False,3,train,1
454,0.0,197.82415,198.07435,45.0,0.08,10.0,10.0,null,"[3644.93333333, 3644.93333333]",4.0,gabors,"[20.0, 20.0]",null,0.8,0.25020176,11,,,0,,False,4,train,1
455,0.0,198.07435,198.32456,45.0,0.08,10.0,0.0,null,"[3644.93333333, 3644.93333333]",4.0,gabors,"[20.0, 20.0]",null,0.8,0.25020176,53,,,0,,False,4,train,1
456,0.0,198.32456,198.57476,0.0,0.08,40.0,0.0,null,"[3644.93333333, 3644.93333333]",4.0,gabors,"[20.0, 20.0]",null,0.8,0.25020176,206,,,0,,False,0,train,0
457,0.0,198.57476,198.82497,45.0,0.08,-10.0,-30.0,null,"[3644.93333333, 3644.93333333]",4.0,gabors,"[20.0, 20.0]",null,0.8,0.25021324,83,,,0,,False,3,train,1
458,0.0,198.82497,199.07518,90.0,0.08,40.0,-20.0,null,"[3644.93333333, 3644.93333333]",4.0,gabors,"[20.0, 20.0]",null,0.8,0.25021324,60,,,0,,False,3,train,2
459,0.0,199.07518,199.3254,45.0,0.08,-10.0,0.0,null,"[3644.93333333, 3644.93333333]",4.0,gabors,"[20.0, 20.0]",null,0.8,0.25021324,63,,,0,,False,2,test,1
460,0.0,199.3254,199.57561,45.0,0.08,-30.0,30.0,null,"[3644.93333333, 3644.93333333]",4.0,gabors,"[20.0, 20.0]",null,0.8,0.25021324,207,,,0,,False,0,train,1
461,0.0,199.57561,199.82583,90.0,0.08,-10.0,30.0,null,"[3644.93333333, 3644.93333333]",4.0,gabors,"[20.0, 20.0]",null,0.8,0.25021926,200,,,0,,False,1,train,2
462,0.0,199.82583,200.07605,0.0,0.08,30.0,40.0,null,"[3644.93333333, 3644.93333333]",4.0,gabors,"[20.0, 20.0]",null,0.8,0.25021926,23,,,0,,False,3,train,0
463,0.0,200.07605,200.32627,90.0,0.08,-40.0,10.0,null,"[3644.93333333, 3644.93333333]",4.0,gabors,"[20.0, 20.0]",null,0.8,0.25021926,115,,,0,,False,3,train,2
464,0.0,200.32627,200.57649,0.0,0.08,30.0,0.0,null,"[3644.93333333, 3644.93333333]",4.0,gabors,"[20.0, 20.0]",null,0.8,0.25021926,66,,,0,,False,2,test,0
465,0.0,200.57649,200.82669,90.0,0.08,0.0,-20.0,null,"[3644.93333333, 3644.93333333]",4.0,gabors,"[20.0, 20.0]",null,0.8,0.25020074,155,,,0,,False,1,train,2
466,0.0,200.82669,201.07689,90.0,0.08,-40.0,-40.0,null,"[3644.93333333, 3644.93333333]",4.0,gabors,"[20.0, 20.0]",null,0.8,0.25020074,196,,,0,,False,1,train,2
467,0.0,201.07689,201.32709,0.0,0.08,20.0,30.0,null,"[3644.93333333, 3644.93333333]",4.0,gabors,"[20.0, 20.0]",null,0.8,0.25020074,166,,,0,,False,2,test,0
468,0.0,201.32709,201.57729,45.0,0.08,-30.0,-10.0,null,"[3644.93333333, 3644.93333333]",4.0,gabors,"[20.0, 20.0]",null,0.8,0.25020074,154,,,0,,False,1,train,1
469,0.0,201.57729,201.8275,90.0,0.08,30.0,0.0,null,"[3644.93333333, 3644.93333333]",4.0,gabors,"[20.0, 20.0]",null,0.8,0.25020676,113,,,0,,False,1,train,2
470,0.0,201.8275,202.0777,90.0,0.08,-10.0,10.0,null,"[3644.93333333, 3644.93333333]",4.0,gabors,"[20.0, 20.0]",null,0.8,0.25020676,169,,,0,,False,2,test,2
471,0.0,202.0777,202.32791,0.0,0.08,0.0,10.0,null,"[3644.93333333, 3644.93333333]",4.0,gabors,"[20.0, 20.0]",null,0.8,0.25020676,6,,,0,,False,2,test,0
472,0.0,202.32791,202.57812,90.0,0.08,0.0,-40.0,null,"[3644.93333333, 3644.93333333]",4.0,gabors,"[20.0, 20.0]",null,0.8,0.25020676,173,,,0,,False,1,train,2
473,0.0,202.57812,202.82833,45.0,0.08,10.0,-30.0,null,"[3644.93333333, 3644.93333333]",4.0,gabors,"[20.0, 20.0]",null,0.8,0.25021074,72,,,0,,False,1,train,1
474,0.0,202.82833,203.07854,45.0,0.08,20.0,0.0,null,"[3644.93333333, 3644.93333333]",4.0,gabors,"[20.0, 20.0]",null,0.8,0.25021074,143,,,0,,False,1,train,1
475,0.0,203.07854,203.32875,0.0,0.08,10.0,40.0,null,"[3644.93333333, 3644.93333333]",4.0,gabors,"[20.0, 20.0]",null,0.8,0.25021074,9,,,0,,False,3,train,0
476,0.0,203.32875,203.57896,0.0,0.08,0.0,-40.0,null,"[3644.93333333, 3644.93333333]",4.0,gabors,"[20.0, 20.0]",null,0.8,0.25021074,12,,,0,,False,1,train,0
477,0.0,203.57896,203.82917,0.0,0.08,30.0,30.0,null,"[3644.93333333, 3644.93333333]",4.0,gabors,"[20.0, 20.0]",null,0.8,0.25020676,114,,,0,,False,3,train,0
478,0.0,203.82917,204.07937,45.0,0.08,30.0,-20.0,null,"[3644.93333333, 3644.93333333]",4.0,gabors,"[20.0, 20.0]",null,0.8,0.25020676,47,,,0,,False,1,train,1
479,0.0,204.07937,204.32958,0.0,0.08,-10.0,-20.0,null,"[3644.93333333, 3644.93333333]",4.0,gabors,"[20.0, 20.0]",null,0.8,0.25020676,187,,,0,,False,1,train,0
480,0.0,204.32958,204.57979,0.0,0.08,20.0,20.0,null,"[3644.93333333, 3644.93333333]",4.0,gabors,"[20.0, 20.0]",null,0.8,0.25020676,179,,,0,,False,1,train,0
481,0.0,204.57979,204.83,0.0,0.08,40.0,30.0,null,"[3644.93333333, 3644.93333333]",4.0,gabors,"[20.0, 20.0]",null,0.8,0.25021324,95,,,0,,False,1,train,0
482,0.0,204.83,205.08021,45.0,0.08,30.0,30.0,null,"[3644.93333333, 3644.93333333]",4.0,gabors,"[20.0, 20.0]",null,0.8,0.25021324,39,,,0,,False,1,train,1
483,0.0,205.08021,205.33043,45.0,0.08,-40.0,0.0,null,"[3644.93333333, 3644.93333333]",4.0,gabors,"[20.0, 20.0]",null,0.8,0.25021324,208,,,0,,False,0,train,1
484,0.0,205.33043,205.58064,45.0,0.08,40.0,0.0,null,"[3644.93333333, 3644.93333333]",4.0,gabors,"[20.0, 20.0]",null,0.8,0.25021324,104,,,0,,False,2,test,1
485,0.0,205.58064,205.83085,45.0,0.08,10.0,30.0,null,"[3644.93333333, 3644.93333333]",4.0,gabors,"[20.0, 20.0]",null,0.8,0.25020926,209,,,0,,False,0,train,1
486,0.0,205.83085,206.08106,90.0,0.08,-20.0,-20.0,null,"[3644.93333333, 3644.93333333]",4.0,gabors,"[20.0, 20.0]",null,0.8,0.25020926,152,,,0,,False,2,test,2
487,0.0,206.08106,206.33127,45.0,0.08,-40.0,-10.0,null,"[3644.93333333, 3644.93333333]",4.0,gabors,"[20.0, 20.0]",null,0.8,0.25020926,210,,,0,,False,0,train,1
488,0.0,206.33127,206.58148,45.0,0.08,-20.0,-30.0,null,"[3644.93333333, 3644.93333333]",4.0,gabors,"[20.0, 20.0]",null,0.8,0.25020926,174,,,0,,False,1,train,1
489,0.0,206.58148,206.83168,0.0,0.08,20.0,-20.0,null,"[3644.93333333, 3644.93333333]",4.0,gabors,"[20.0, 20.0]",null,0.8,0.25020574,112,,,0,,False,1,train,0
490,0.0,206.83168,207.08189,90.0,0.08,40.0,20.0,null,"[3644.93333333, 3644.93333333]",4.0,gabors,"[20.0, 20.0]",null,0.8,0.25020574,76,,,0,,False,2,test,2
491,0.0,207.08189,207.3321,0.0,0.08,-40.0,40.0,null,"[3644.93333333, 3644.93333333]",4.0,gabors,"[20.0, 20.0]",null,0.8,0.25020574,14,,,0,,False,3,train,0
492,0.0,207.3321,207.5823,0.0,0.08,-20.0,-10.0,null,"[3644.93333333, 3644.93333333]",4.0,gabors,"[20.0, 20.0]",null,0.8,0.25020574,84,,,0,,False,1,train,0
493,0.0,207.5823,207.83252,45.0,0.08,-10.0,-20.0,null,"[3644.93333333, 3644.93333333]",4.0,gabors,"[20.0, 20.0]",null,0.8,0.25021426,197,,,0,,False,1,train,1
494,0.0,207.83252,208.08273,0.0,0.08,10.0,-40.0,null,"[3644.93333333, 3644.93333333]",4.0,gabors,"[20.0, 20.0]",null,0.8,0.25021426,211,,,0,,False,0,train,0
495,0.0,208.08273,208.33294,45.0,0.08,40.0,-40.0,null,"[3644.93333333, 3644.93333333]",4.0,gabors,"[20.0, 20.0]",null,0.8,0.25021426,119,,,0,,False,2,test,1
496,0.0,208.33294,208.58316,90.0,0.08,40.0,-20.0,null,"[3644.93333333, 3644.93333333]",4.0,gabors,"[20.0, 20.0]",null,0.8,0.25021426,60,,,0,,False,4,train,2
497,0.0,208.58316,208.83336,0.0,0.08,0.0,-10.0,null,"[3644.93333333, 3644.93333333]",4.0,gabors,"[20.0, 20.0]",null,0.8,0.25020324,99,,,0,,False,2,test,0
498,0.0,208.83336,209.08356,45.0,0.08,10.0,10.0,null,"[3644.93333333, 3644.93333333]",4.0,gabors,"[20.0, 20.0]",null,0.8,0.25020324,11,,,0,,False,5,test,1
499,0.0,209.08356,209.33377,90.0,0.08,20.0,-10.0,null,"[3644.93333333, 3644.93333333]",4.0,gabors,"[20.0, 20.0]",null,0.8,0.25020324,160,,,0,,False,1,train,2
500,0.0,209.33377,209.58397,45.0,0.08,40.0,-40.0,null,"[3644.93333333, 3644.93333333]",4.0,gabors,"[20.0, 20.0]",null,0.8,0.25020324,119,,,0,,False,3,train,1
501,0.0,209.58397,209.83418,45.0,0.08,-20.0,40.0,null,"[3644.93333333, 3644.93333333]",4.0,gabors,"[20.0, 20.0]",null,0.8,0.25021176,59,,,0,,False,1,train,1
502,0.0,209.83418,210.08439,90.0,0.08,-20.0,10.0,null,"[3644.93333333, 3644.93333333]",4.0,gabors,"[20.0, 20.0]",null,0.8,0.25021176,162,,,0,,False,2,test,2
503,0.0,210.08439,210.33461,90.0,0.08,-40.0,-40.0,null,"[3644.93333333, 3644.93333333]",4.0,gabors,"[20.0, 20.0]",null,0.8,0.25021176,196,,,0,,False,2,test,2
504,0.0,210.33461,210.58482,45.0,0.08,-40.0,-40.0,null,"[3644.93333333, 3644.93333333]",4.0,gabors,"[20.0, 20.0]",null,0.8,0.25021176,177,,,0,,False,1,train,1
505,0.0,210.58482,210.83503,90.0,0.08,-30.0,40.0,null,"[3644.93333333, 3644.93333333]",4.0,gabors,"[20.0, 20.0]",null,0.8,0.25020824,86,,,0,,False,2,test,2
506,0.0,210.83503,211.08523,45.0,0.08,-40.0,-40.0,null,"[3644.93333333, 3644.93333333]",4.0,gabors,"[20.0, 20.0]",null,0.8,0.25020824,177,,,0,,False,2,test,1
507,0.0,211.08523,211.33544,90.0,0.08,20.0,-30.0,null,"[3644.93333333, 3644.93333333]",4.0,gabors,"[20.0, 20.0]",null,0.8,0.25020824,157,,,0,,False,1,train,2
508,0.0,211.33544,211.58565,90.0,0.08,30.0,-40.0,null,"[3644.93333333, 3644.93333333]",4.0,gabors,"[20.0, 20.0]",null,0.8,0.25020824,8,,,0,,False,1,train,2
509,0.0,211.58565,211.83586,0.0,0.08,40.0,10.0,null,"[3644.93333333, 3644.93333333]",4.0,gabors,"[20.0, 20.0]",null,0.8,0.25021176,134,,,0,,False,2,test,0
510,0.0,211.83586,212.08607,45.0,0.08,0.0,0.0,null,"[3644.93333333, 3644.93333333]",4.0,gabors,"[20.0, 20.0]",null,0.8,0.25021176,32,,,0,,False,3,train,1
511,0.0,212.08607,212.33629,0.0,0.08,-20.0,-10.0,null,"[3644.93333333, 3644.93333333]",4.0,gabors,"[20.0, 20.0]",null,0.8,0.25021176,84,,,0,,False,2,test,0
512,0.0,212.33629,212.5865,0.0,0.08,-40.0,-20.0,null,"[3644.93333333, 3644.93333333]",4.0,gabors,"[20.0, 20.0]",null,0.8,0.25021176,13,,,0,,False,3,train,0
513,0.0,212.5865,212.8367,90.0,0.08,-30.0,40.0,null,"[3644.93333333, 3644.93333333]",4.0,gabors,"[20.0, 20.0]",null,0.8,0.25020574,86,,,0,,False,3,train,2
514,0.0,212.8367,213.08691,45.0,0.08,-20.0,-30.0,null,"[3644.93333333, 3644.93333333]",4.0,gabors,"[20.0, 20.0]",null,0.8,0.25020574,174,,,0,,False,2,test,1
515,0.0,213.08691,213.33712,45.0,0.08,30.0,10.0,null,"[3644.93333333, 3644.93333333]",4.0,gabors,"[20.0, 20.0]",null,0.8,0.25020574,58,,,0,,False,2,test,1
516,0.0,213.33712,213.58732,0.0,0.08,-10.0,0.0,null,"[3644.93333333, 3644.93333333]",4.0,gabors,"[20.0, 20.0]",null,0.8,0.25020574,128,,,0,,False,2,test,0
517,0.0,213.58732,213.83753,90.0,0.08,-10.0,10.0,null,"[3644.93333333, 3644.93333333]",4.0,gabors,"[20.0, 20.0]",null,0.8,0.25021176,169,,,0,,False,3,train,2
518,0.0,213.83753,214.08774,45.0,0.08,20.0,-40.0,null,"[3644.93333333, 3644.93333333]",4.0,gabors,"[20.0, 20.0]",null,0.8,0.25021176,90,,,0,,False,4,train,1
519,0.0,214.08774,214.33796,0.0,0.08,30.0,-40.0,null,"[3644.93333333, 3644.93333333]",4.0,gabors,"[20.0, 20.0]",null,0.8,0.25021176,168,,,0,,False,3,train,0
520,0.0,214.33796,214.58817,0.0,0.08,20.0,-20.0,null,"[3644.93333333, 3644.93333333]",4.0,gabors,"[20.0, 20.0]",null,0.8,0.25021176,112,,,0,,False,2,test,0
521,0.0,214.58817,214.83838,0.0,0.08,-20.0,40.0,null,"[3644.93333333, 3644.93333333]",4.0,gabors,"[20.0, 20.0]",null,0.8,0.25020824,122,,,0,,False,3,train,0
522,0.0,214.83838,215.08858,45.0,0.08,-20.0,-30.0,null,"[3644.93333333, 3644.93333333]",4.0,gabors,"[20.0, 20.0]",null,0.8,0.25020824,174,,,0,,False,3,train,1
523,0.0,215.08858,215.33879,45.0,0.08,20.0,-30.0,null,"[3644.93333333, 3644.93333333]",4.0,gabors,"[20.0, 20.0]",null,0.8,0.25020824,159,,,0,,False,4,train,1
524,0.0,215.33879,215.589,45.0,0.08,-30.0,0.0,null,"[3644.93333333, 3644.93333333]",4.0,gabors,"[20.0, 20.0]",null,0.8,0.25020824,212,,,0,,False,0,train,1
525,0.0,215.589,215.83921,45.0,0.08,0.0,-10.0,null,"[3644.93333333, 3644.93333333]",4.0,gabors,"[20.0, 20.0]",null,0.8,0.25021176,191,,,0,,False,1,train,1
526,0.0,215.83921,216.08942,0.0,0.08,0.0,30.0,null,"[3644.93333333, 3644.93333333]",4.0,gabors,"[20.0, 20.0]",null,0.8,0.25021176,203,,,0,,False,1,train,0
527,0.0,216.08942,216.33964,90.0,0.08,40.0,20.0,null,"[3644.93333333, 3644.93333333]",4.0,gabors,"[20.0, 20.0]",null,0.8,0.25021176,76,,,0,,False,3,train,2
528,0.0,216.33964,216.58985,45.0,0.08,-30.0,-10.0,null,"[3644.93333333, 3644.93333333]",4.0,gabors,"[20.0, 20.0]",null,0.8,0.25021176,154,,,0,,False,2,test,1
529,0.0,216.58985,216.84005,0.0,0.08,0.0,-10.0,null,"[3644.93333333, 3644.93333333]",4.0,gabors,"[20.0, 20.0]",null,0.8,0.25020574,99,,,0,,False,3,train,0
530,0.0,216.84005,217.09026,45.0,0.08,30.0,20.0,null,"[3644.93333333, 3644.93333333]",4.0,gabors,"[20.0, 20.0]",null,0.8,0.25020574,103,,,0,,False,3,train,1
531,0.0,217.09026,217.34047,90.0,0.08,-20.0,-30.0,null,"[3644.93333333, 3644.93333333]",4.0,gabors,"[20.0, 20.0]",null,0.8,0.25020574,161,,,0,,False,2,test,2
532,0.0,217.34047,217.59067,45.0,0.08,30.0,20.0,null,"[3644.93333333, 3644.93333333]",4.0,gabors,"[20.0, 20.0]",null,0.8,0.25020574,103,,,0,,False,4,train,1
533,0.0,217.59067,217.84088,45.0,0.08,-20.0,10.0,null,"[3644.93333333, 3644.93333333]",4.0,gabors,"[20.0, 20.0]",null,0.8,0.25020926,213,,,0,,False,0,train,1
534,0.0,217.84088,218.09109,45.0,0.08,10.0,-10.0,null,"[3644.93333333, 3644.93333333]",4.0,gabors,"[20.0, 20.0]",null,0.8,0.25020926,94,,,0,,False,3,train,1
535,0.0,218.09109,218.3413,45.0,0.08,30.0,-40.0,null,"[3644.93333333, 3644.93333333]",4.0,gabors,"[20.0, 20.0]",null,0.8,0.25020926,125,,,0,,False,1,train,1
536,0.0,218.3413,218.59151,45.0,0.08,-10.0,-30.0,null,"[3644.93333333, 3644.93333333]",4.0,gabors,"[20.0, 20.0]",null,0.8,0.25020926,83,,,0,,False,4,train,1
537,0.0,218.59151,218.84172,45.0,0.08,30.0,-40.0,null,"[3644.93333333, 3644.93333333]",4.0,gabors,"[20.0, 20.0]",null,0.8,0.25020824,125,,,0,,False,2,test,1
538,0.0,218.84172,219.09192,0.0,0.08,-10.0,30.0,null,"[3644.93333333, 3644.93333333]",4.0,gabors,"[20.0, 20.0]",null,0.8,0.25020824,29,,,0,,False,5,test,0
539,0.0,219.09192,219.34213,90.0,0.08,-20.0,30.0,null,"[3644.93333333, 3644.93333333]",4.0,gabors,"[20.0, 20.0]",null,0.8,0.25020824,124,,,0,,False,1,train,2
540,0.0,219.34213,219.59234,90.0,0.08,-30.0,-10.0,null,"[3644.93333333, 3644.93333333]",4.0,gabors,"[20.0, 20.0]",null,0.8,0.25020824,71,,,0,,False,1,train,2
541,0.0,219.59234,219.84256,45.0,0.08,0.0,30.0,null,"[3644.93333333, 3644.93333333]",4.0,gabors,"[20.0, 20.0]",null,0.8,0.25021676,193,,,0,,False,1,train,1
542,0.0,219.84256,220.09277,90.0,0.08,20.0,40.0,null,"[3644.93333333, 3644.93333333]",4.0,gabors,"[20.0, 20.0]",null,0.8,0.25021676,180,,,0,,False,2,test,2
543,0.0,220.09277,220.34299,90.0,0.08,-40.0,-20.0,null,"[3644.93333333, 3644.93333333]",4.0,gabors,"[20.0, 20.0]",null,0.8,0.25021676,189,,,0,,False,3,train,2
544,0.0,220.34299,220.59321,90.0,0.08,-10.0,-30.0,null,"[3644.93333333, 3644.93333333]",4.0,gabors,"[20.0, 20.0]",null,0.8,0.25021676,133,,,0,,False,2,test,2
545,0.0,220.59321,220.84341,90.0,0.08,-30.0,-40.0,null,"[3644.93333333, 3644.93333333]",4.0,gabors,"[20.0, 20.0]",null,0.8,0.25020074,184,,,0,,False,3,train,2
546,0.0,220.84341,221.09361,90.0,0.08,10.0,30.0,null,"[3644.93333333, 3644.93333333]",4.0,gabors,"[20.0, 20.0]",null,0.8,0.25020074,170,,,0,,False,1,train,2
547,0.0,221.09361,221.34381,0.0,0.08,-30.0,-30.0,null,"[3644.93333333, 3644.93333333]",4.0,gabors,"[20.0, 20.0]",null,0.8,0.25020074,192,,,0,,False,1,train,0
548,0.0,221.34381,221.59401,90.0,0.08,20.0,-40.0,null,"[3644.93333333, 3644.93333333]",4.0,gabors,"[20.0, 20.0]",null,0.8,0.25020074,33,,,0,,False,6,train,2
549,0.0,221.59401,221.84422,90.0,0.08,0.0,-20.0,null,"[3644.93333333, 3644.93333333]",4.0,gabors,"[20.0, 20.0]",null,0.8,0.25021176,155,,,0,,False,2,test,2
550,0.0,221.84422,222.09443,90.0,0.08,20.0,0.0,null,"[3644.93333333, 3644.93333333]",4.0,gabors,"[20.0, 20.0]",null,0.8,0.25021176,138,,,0,,False,1,train,2
551,0.0,222.09443,222.34465,0.0,0.08,20.0,40.0,null,"[3644.93333333, 3644.93333333]",4.0,gabors,"[20.0, 20.0]",null,0.8,0.25021176,151,,,0,,False,2,test,0
552,0.0,222.34465,222.59486,0.0,0.08,-30.0,-20.0,null,"[3644.93333333, 3644.93333333]",4.0,gabors,"[20.0, 20.0]",null,0.8,0.25021176,214,,,0,,False,0,train,0
553,0.0,222.59486,222.84507,45.0,0.08,30.0,-20.0,null,"[3644.93333333, 3644.93333333]",4.0,gabors,"[20.0, 20.0]",null,0.8,0.25020824,47,,,0,,False,2,test,1
554,0.0,222.84507,223.09527,90.0,0.08,30.0,-30.0,null,"[3644.93333333, 3644.93333333]",4.0,gabors,"[20.0, 20.0]",null,0.8,0.25020824,215,,,0,,False,0,train,2
555,0.0,223.09527,223.34548,45.0,0.08,-30.0,30.0,null,"[3644.93333333, 3644.93333333]",4.0,gabors,"[20.0, 20.0]",null,0.8,0.25020824,207,,,0,,False,1,train,1
556,0.0,223.34548,223.59569,0.0,0.08,-40.0,0.0,null,"[3644.93333333, 3644.93333333]",4.0,gabors,"[20.0, 20.0]",null,0.8,0.25020824,216,,,0,,False,0,train,0
557,0.0,223.59569,223.8459,45.0,0.08,-40.0,-30.0,null,"[3644.93333333, 3644.93333333]",4.0,gabors,"[20.0, 20.0]",null,0.8,0.25020426,92,,,0,,False,2,test,1
558,0.0,223.8459,224.0961,45.0,0.08,10.0,30.0,null,"[3644.93333333, 3644.93333333]",4.0,gabors,"[20.0, 20.0]",null,0.8,0.25020426,209,,,0,,False,1,train,1
559,0.0,224.0961,224.3463,45.0,0.08,-10.0,10.0,null,"[3644.93333333, 3644.93333333]",4.0,gabors,"[20.0, 20.0]",null,0.8,0.25020426,186,,,0,,False,2,test,1
560,0.0,224.3463,224.59651,90.0,0.08,-20.0,-10.0,null,"[3644.93333333, 3644.93333333]",4.0,gabors,"[20.0, 20.0]",null,0.8,0.25020426,51,,,0,,False,1,train,2
561,0.0,224.59651,224.84672,90.0,0.08,0.0,40.0,null,"[3644.93333333, 3644.93333333]",4.0,gabors,"[20.0, 20.0]",null,0.8,0.25021074,217,,,0,,False,0,train,2
562,0.0,224.84672,225.09693,90.0,0.08,30.0,10.0,null,"[3644.93333333, 3644.93333333]",4.0,gabors,"[20.0, 20.0]",null,0.8,0.25021074,204,,,0,,False,1,train,2
563,0.0,225.09693,225.34714,45.0,0.08,-40.0,-40.0,null,"[3644.93333333, 3644.93333333]",4.0,gabors,"[20.0, 20.0]",null,0.8,0.25021074,177,,,0,,False,3,train,1
564,0.0,225.34714,225.59735,45.0,0.08,10.0,-20.0,null,"[3644.93333333, 3644.93333333]",4.0,gabors,"[20.0, 20.0]",null,0.8,0.25021074,126,,,0,,False,2,test,1
565,0.0,225.59735,225.84757,0.0,0.08,-30.0,30.0,null,"[3644.93333333, 3644.93333333]",4.0,gabors,"[20.0, 20.0]",null,0.8,0.25021426,218,,,0,,False,0,train,0
566,0.0,225.84757,226.09778,45.0,0.08,30.0,-30.0,null,"[3644.93333333, 3644.93333333]",4.0,gabors,"[20.0, 20.0]",null,0.8,0.25021426,153,,,0,,False,2,test,1
567,0.0,226.09778,226.34799,90.0,0.08,20.0,20.0,null,"[3644.93333333, 3644.93333333]",4.0,gabors,"[20.0, 20.0]",null,0.8,0.25021426,35,,,0,,False,3,train,2
568,0.0,226.34799,226.59821,0.0,0.08,40.0,-30.0,null,"[3644.93333333, 3644.93333333]",4.0,gabors,"[20.0, 20.0]",null,0.8,0.25021426,26,,,0,,False,6,train,0
569,0.0,226.59821,226.84841,45.0,0.08,40.0,10.0,null,"[3644.93333333, 3644.93333333]",4.0,gabors,"[20.0, 20.0]",null,0.8,0.25020574,121,,,0,,False,2,test,1
570,0.0,226.84841,227.09862,90.0,0.08,10.0,-20.0,null,"[3644.93333333, 3644.93333333]",4.0,gabors,"[20.0, 20.0]",null,0.8,0.25020574,19,,,0,,False,2,test,2
571,0.0,227.09862,227.34883,45.0,0.08,-10.0,-10.0,null,"[3644.93333333, 3644.93333333]",4.0,gabors,"[20.0, 20.0]",null,0.8,0.25020574,55,,,0,,False,2,test,1
572,0.0,227.34883,227.59903,45.0,0.08,-30.0,20.0,null,"[3644.93333333, 3644.93333333]",4.0,gabors,"[20.0, 20.0]",null,0.8,0.25020574,101,,,0,,False,1,train,1
573,0.0,227.59903,227.84924,90.0,0.08,10.0,-30.0,null,"[3644.93333333, 3644.93333333]",4.0,gabors,"[20.0, 20.0]",null,0.8,0.25021176,219,,,0,,False,0,train,2
574,0.0,227.84924,228.09945,45.0,0.08,-10.0,0.0,null,"[3644.93333333, 3644.93333333]",4.0,gabors,"[20.0, 20.0]",null,0.8,0.25021176,63,,,0,,False,3,train,1
575,0.0,228.09945,228.34967,90.0,0.08,10.0,20.0,null,"[3644.93333333, 3644.93333333]",4.0,gabors,"[20.0, 20.0]",null,0.8,0.25021176,220,,,0,,False,0,train,2
576,0.0,228.34967,228.59988,0.0,0.08,0.0,-30.0,null,"[3644.93333333, 3644.93333333]",4.0,gabors,"[20.0, 20.0]",null,0.8,0.25021176,28,,,0,,False,3,train,0
577,0.0,228.59988,228.85009,90.0,0.08,40.0,-40.0,null,"[3644.93333333, 3644.93333333]",4.0,gabors,"[20.0, 20.0]",null,0.8,0.25020824,78,,,0,,False,2,test,2
578,0.0,228.85009,229.10029,0.0,0.08,0.0,-30.0,null,"[3644.93333333, 3644.93333333]",4.0,gabors,"[20.0, 20.0]",null,0.8,0.25020824,28,,,0,,False,4,train,0
579,0.0,229.10029,229.3505,0.0,0.08,-10.0,10.0,null,"[3644.93333333, 3644.93333333]",4.0,gabors,"[20.0, 20.0]",null,0.8,0.25020824,87,,,0,,False,3,train,0
580,0.0,229.3505,229.60071,45.0,0.08,40.0,-30.0,null,"[3644.93333333, 3644.93333333]",4.0,gabors,"[20.0, 20.0]",null,0.8,0.25020824,181,,,0,,False,1,train,1
581,0.0,229.60071,229.85092,0.0,0.08,0.0,20.0,null,"[3644.93333333, 3644.93333333]",4.0,gabors,"[20.0, 20.0]",null,0.8,0.25021176,221,,,0,,False,0,train,0
582,0.0,229.85092,230.10113,45.0,0.08,40.0,-30.0,null,"[3644.93333333, 3644.93333333]",4.0,gabors,"[20.0, 20.0]",null,0.8,0.25021176,181,,,0,,False,2,test,1
583,0.0,230.10113,230.35135,0.0,0.08,20.0,10.0,null,"[3644.93333333, 3644.93333333]",4.0,gabors,"[20.0, 20.0]",null,0.8,0.25021176,44,,,0,,False,2,test,0
584,0.0,230.35135,230.60156,0.0,0.08,-40.0,-30.0,null,"[3644.93333333, 3644.93333333]",4.0,gabors,"[20.0, 20.0]",null,0.8,0.25021176,222,,,0,,False,0,train,0
585,0.0,230.60156,230.85176,90.0,0.08,-40.0,10.0,null,"[3644.93333333, 3644.93333333]",4.0,gabors,"[20.0, 20.0]",null,0.8,0.25020574,115,,,0,,False,4,train,2
586,0.0,230.85176,231.10197,0.0,0.08,-30.0,-20.0,null,"[3644.93333333, 3644.93333333]",4.0,gabors,"[20.0, 20.0]",null,0.8,0.25020574,214,,,0,,False,1,train,0
587,0.0,231.10197,231.35218,45.0,0.08,-10.0,30.0,null,"[3644.93333333, 3644.93333333]",4.0,gabors,"[20.0, 20.0]",null,0.8,0.25020574,178,,,0,,False,1,train,1
588,0.0,231.35218,231.60238,45.0,0.08,-40.0,-10.0,null,"[3644.93333333, 3644.93333333]",4.0,gabors,"[20.0, 20.0]",null,0.8,0.25020574,210,,,0,,False,1,train,1
589,0.0,231.60238,231.8526,45.0,0.08,40.0,30.0,null,"[3644.93333333, 3644.93333333]",4.0,gabors,"[20.0, 20.0]",null,0.8,0.25021926,1,,,0,,False,1,train,1
590,0.0,231.8526,232.10282,90.0,0.08,-30.0,20.0,null,"[3644.93333333, 3644.93333333]",4.0,gabors,"[20.0, 20.0]",null,0.8,0.25021926,176,,,0,,False,2,test,2
591,0.0,232.10282,232.35304,45.0,0.08,30.0,-40.0,null,"[3644.93333333, 3644.93333333]",4.0,gabors,"[20.0, 20.0]",null,0.8,0.25021926,125,,,0,,False,3,train,1
592,0.0,232.35304,232.60326,45.0,0.08,-10.0,-30.0,null,"[3644.93333333, 3644.93333333]",4.0,gabors,"[20.0, 20.0]",null,0.8,0.25021926,83,,,0,,False,5,test,1
593,0.0,232.60326,232.85346,90.0,0.08,30.0,-30.0,null,"[3644.93333333, 3644.93333333]",4.0,gabors,"[20.0, 20.0]",null,0.8,0.25020074,215,,,0,,False,1,train,2
594,0.0,232.85346,233.10366,45.0,0.08,40.0,30.0,null,"[3644.93333333, 3644.93333333]",4.0,gabors,"[20.0, 20.0]",null,0.8,0.25020074,1,,,0,,False,2,test,1
595,0.0,233.10366,233.35386,90.0,0.08,10.0,40.0,null,"[3644.93333333, 3644.93333333]",4.0,gabors,"[20.0, 20.0]",null,0.8,0.25020074,135,,,0,,False,2,test,2
596,0.0,233.35386,233.60406,45.0,0.08,-20.0,-40.0,null,"[3644.93333333, 3644.93333333]",4.0,gabors,"[20.0, 20.0]",null,0.8,0.25020074,118,,,0,,False,4,train,1
597,0.0,233.60406,233.85427,90.0,0.08,-10.0,-10.0,null,"[3644.93333333, 3644.93333333]",4.0,gabors,"[20.0, 20.0]",null,0.8,0.25020926,223,,,0,,False,0,train,2
598,0.0,233.85427,234.10448,90.0,0.08,30.0,-30.0,null,"[3644.93333333, 3644.93333333]",4.0,gabors,"[20.0, 20.0]",null,0.8,0.25020926,215,,,0,,False,2,test,2
599,0.0,234.10448,234.35469,0.0,0.08,-10.0,-20.0,null,"[3644.93333333, 3644.93333333]",4.0,gabors,"[20.0, 20.0]",null,0.8,0.25020926,187,,,0,,False,2,test,0
600,0.0,234.35469,234.6049,0.0,0.08,40.0,0.0,null,"[3644.93333333, 3644.93333333]",4.0,gabors,"[20.0, 20.0]",null,0.8,0.25020926,206,,,0,,False,1,train,0
601,0.0,234.6049,234.8551,90.0,0.08,20.0,-10.0,null,"[3644.93333333, 3644.93333333]",4.0,gabors,"[20.0, 20.0]",null,0.8,0.25020574,160,,,0,,False,2,test,2
602,0.0,234.8551,235.10531,90.0,0.08,-40.0,20.0,null,"[3644.93333333, 3644.93333333]",4.0,gabors,"[20.0, 20.0]",null,0.8,0.25020574,65,,,0,,False,2,test,2
603,0.0,235.10531,235.35552,45.0,0.08,30.0,40.0,null,"[3644.93333333, 3644.93333333]",4.0,gabors,"[20.0, 20.0]",null,0.8,0.25020574,224,,,0,,False,0,train,1
604,0.0,235.35552,235.60572,45.0,0.08,30.0,-10.0,null,"[3644.93333333, 3644.93333333]",4.0,gabors,"[20.0, 20.0]",null,0.8,0.25020574,199,,,0,,False,1,train,1
605,0.0,235.60572,235.85593,45.0,0.08,10.0,-20.0,null,"[3644.93333333, 3644.93333333]",4.0,gabors,"[20.0, 20.0]",null,0.8,0.25020426,126,,,0,,False,3,train,1
606,0.0,235.85593,236.10613,45.0,0.08,10.0,-20.0,null,"[3644.93333333, 3644.93333333]",4.0,gabors,"[20.0, 20.0]",null,0.8,0.25020426,126,,,0,,False,4,train,1
607,0.0,236.10613,236.35633,90.0,0.08,-20.0,10.0,null,"[3644.93333333, 3644.93333333]",4.0,gabors,"[20.0, 20.0]",null,0.8,0.25020426,162,,,0,,False,3,train,2
608,0.0,236.35633,236.60654,90.0,0.08,20.0,0.0,null,"[3644.93333333, 3644.93333333]",4.0,gabors,"[20.0, 20.0]",null,0.8,0.25020426,138,,,0,,False,2,test,2
609,0.0,236.60654,236.85675,0.0,0.08,-10.0,10.0,null,"[3644.93333333, 3644.93333333]",4.0,gabors,"[20.0, 20.0]",null,0.8,0.25021574,87,,,0,,False,4,train,0
610,0.0,236.85675,237.10697,45.0,0.08,-40.0,10.0,null,"[3644.93333333, 3644.93333333]",4.0,gabors,"[20.0, 20.0]",null,0.8,0.25021574,16,,,0,,False,4,train,1
611,0.0,237.10697,237.35719,90.0,0.08,-20.0,-20.0,null,"[3644.93333333, 3644.93333333]",4.0,gabors,"[20.0, 20.0]",null,0.8,0.25021574,152,,,0,,False,3,train,2
612,0.0,237.35719,237.6074,45.0,0.08,-20.0,40.0,null,"[3644.93333333, 3644.93333333]",4.0,gabors,"[20.0, 20.0]",null,0.8,0.25021574,59,,,0,,False,2,test,1
613,0.0,237.6074,237.85761,45.0,0.08,-10.0,30.0,null,"[3644.93333333, 3644.93333333]",4.0,gabors,"[20.0, 20.0]",null,0.8,0.25020926,178,,,0,,False,2,test,1
614,0.0,237.85761,238.10782,90.0,0.08,-30.0,-20.0,null,"[3644.93333333, 3644.93333333]",4.0,gabors,"[20.0, 20.0]",null,0.8,0.25020926,111,,,0,,False,1,train,2
615,0.0,238.10782,238.35803,0.0,0.08,40.0,-40.0,null,"[3644.93333333, 3644.93333333]",4.0,gabors,"[20.0, 20.0]",null,0.8,0.25020926,62,,,0,,False,1,train,0
616,0.0,238.35803,238.60824,90.0,0.08,-10.0,-10.0,null,"[3644.93333333, 3644.93333333]",4.0,gabors,"[20.0, 20.0]",null,0.8,0.25020926,223,,,0,,False,1,train,2
617,0.0,238.60824,238.85845,90.0,0.08,40.0,10.0,null,"[3644.93333333, 3644.93333333]",4.0,gabors,"[20.0, 20.0]",null,0.8,0.25021074,141,,,0,,False,2,test,2
618,0.0,238.85845,239.10866,90.0,0.08,-40.0,-20.0,null,"[3644.93333333, 3644.93333333]",4.0,gabors,"[20.0, 20.0]",null,0.8,0.25021074,189,,,0,,False,4,train,2
619,0.0,239.10866,239.35887,90.0,0.08,-40.0,10.0,null,"[3644.93333333, 3644.93333333]",4.0,gabors,"[20.0, 20.0]",null,0.8,0.25021074,115,,,0,,False,5,test,2
620,0.0,239.35887,239.60908,45.0,0.08,10.0,0.0,null,"[3644.93333333, 3644.93333333]",4.0,gabors,"[20.0, 20.0]",null,0.8,0.25021074,53,,,0,,False,5,test,1
621,0.0,239.60908,239.85929,90.0,0.08,-30.0,20.0,null,"[3644.93333333, 3644.93333333]",4.0,gabors,"[20.0, 20.0]",null,0.8,0.25020426,176,,,0,,False,3,train,2
622,0.0,239.85929,240.10949,90.0,0.08,-30.0,0.0,null,"[3644.93333333, 3644.93333333]",4.0,gabors,"[20.0, 20.0]",null,0.8,0.25020426,31,,,0,,False,1,train,2
623,0.0,240.10949,240.35969,0.0,0.08,-30.0,30.0,null,"[3644.93333333, 3644.93333333]",4.0,gabors,"[20.0, 20.0]",null,0.8,0.25020426,218,,,0,,False,1,train,0
624,0.0,240.35969,240.6099,0.0,0.08,40.0,20.0,null,"[3644.93333333, 3644.93333333]",4.0,gabors,"[20.0, 20.0]",null,0.8,0.25020426,185,,,0,,False,1,train,0
625,0.0,240.6099,240.86011,45.0,0.08,0.0,-40.0,null,"[3644.93333333, 3644.93333333]",4.0,gabors,"[20.0, 20.0]",null,0.8,0.25021074,225,,,0,,False,0,train,1
626,0.0,240.86011,241.11032,0.0,0.08,-30.0,0.0,null,"[3644.93333333, 3644.93333333]",4.0,gabors,"[20.0, 20.0]",null,0.8,0.25021074,226,,,0,,False,0,train,0
627,0.0,241.11032,241.36053,45.0,0.08,0.0,0.0,null,"[3644.93333333, 3644.93333333]",4.0,gabors,"[20.0, 20.0]",null,0.8,0.25021074,32,,,0,,False,4,train,1
628,0.0,241.36053,241.61074,0.0,0.08,30.0,0.0,null,"[3644.93333333, 3644.93333333]",4.0,gabors,"[20.0, 20.0]",null,0.8,0.25021074,66,,,0,,False,3,train,0
629,0.0,241.61074,241.86095,0.0,0.08,30.0,-40.0,null,"[3644.93333333, 3644.93333333]",4.0,gabors,"[20.0, 20.0]",null,0.8,0.25020676,168,,,0,,False,4,train,0
630,0.0,241.86095,242.11115,0.0,0.08,30.0,-20.0,null,"[3644.93333333, 3644.93333333]",4.0,gabors,"[20.0, 20.0]",null,0.8,0.25020676,194,,,0,,False,2,test,0
631,0.0,242.11115,242.36136,45.0,0.08,-40.0,30.0,null,"[3644.93333333, 3644.93333333]",4.0,gabors,"[20.0, 20.0]",null,0.8,0.25020676,68,,,0,,False,2,test,1
632,0.0,242.36136,242.61157,0.0,0.08,30.0,-10.0,null,"[3644.93333333, 3644.93333333]",4.0,gabors,"[20.0, 20.0]",null,0.8,0.25020676,149,,,0,,False,1,train,0
633,0.0,242.61157,242.86178,0.0,0.08,-40.0,-10.0,null,"[3644.93333333, 3644.93333333]",4.0,gabors,"[20.0, 20.0]",null,0.8,0.25021324,20,,,0,,False,2,test,0
634,0.0,242.86178,243.11199,0.0,0.08,-30.0,-20.0,null,"[3644.93333333, 3644.93333333]",4.0,gabors,"[20.0, 20.0]",null,0.8,0.25021324,214,,,0,,False,2,test,0
635,0.0,243.11199,243.36221,90.0,0.08,-20.0,0.0,null,"[3644.93333333, 3644.93333333]",4.0,gabors,"[20.0, 20.0]",null,0.8,0.25021324,171,,,0,,False,1,train,2
636,0.0,243.36221,243.61242,45.0,0.08,-10.0,10.0,null,"[3644.93333333, 3644.93333333]",4.0,gabors,"[20.0, 20.0]",null,0.8,0.25021324,186,,,0,,False,3,train,1
637,0.0,243.61242,243.86263,90.0,0.08,-20.0,0.0,null,"[3644.93333333, 3644.93333333]",4.0,gabors,"[20.0, 20.0]",null,0.8,0.25020926,171,,,0,,False,2,test,2
638,0.0,243.86263,244.11284,45.0,0.08,10.0,40.0,null,"[3644.93333333, 3644.93333333]",4.0,gabors,"[20.0, 20.0]",null,0.8,0.25020926,74,,,0,,False,1,train,1
639,0.0,244.11284,244.36305,90.0,0.08,-30.0,0.0,null,"[3644.93333333, 3644.93333333]",4.0,gabors,"[20.0, 20.0]",null,0.8,0.25020926,31,,,0,,False,2,test,2
640,0.0,244.36305,244.61326,45.0,0.08,0.0,0.0,null,"[3644.93333333, 3644.93333333]",4.0,gabors,"[20.0, 20.0]",null,0.8,0.25020926,32,,,0,,False,5,test,1
641,0.0,244.61326,244.86347,90.0,0.08,10.0,20.0,null,"[3644.93333333, 3644.93333333]",4.0,gabors,"[20.0, 20.0]",null,0.8,0.25021074,220,,,0,,False,1,train,2
642,0.0,244.86347,245.11368,0.0,0.08,-30.0,20.0,null,"[3644.93333333, 3644.93333333]",4.0,gabors,"[20.0, 20.0]",null,0.8,0.25021074,227,,,0,,False,0,train,0
643,0.0,245.11368,245.36389,90.0,0.08,10.0,0.0,null,"[3644.93333333, 3644.93333333]",4.0,gabors,"[20.0, 20.0]",null,0.8,0.25021074,97,,,0,,False,4,train,2
644,0.0,245.36389,245.6141,90.0,0.08,30.0,20.0,null,"[3644.93333333, 3644.93333333]",4.0,gabors,"[20.0, 20.0]",null,0.8,0.25021074,25,,,0,,False,3,train,2
645,0.0,245.6141,245.86431,0.0,0.08,10.0,-20.0,null,"[3644.93333333, 3644.93333333]",4.0,gabors,"[20.0, 20.0]",null,0.8,0.25021176,109,,,0,,False,1,train,0
646,0.0,245.86431,246.11452,45.0,0.08,-10.0,10.0,null,"[3644.93333333, 3644.93333333]",4.0,gabors,"[20.0, 20.0]",null,0.8,0.25021176,186,,,0,,False,4,train,1
647,0.0,246.11452,246.36474,0.0,0.08,-40.0,30.0,null,"[3644.93333333, 3644.93333333]",4.0,gabors,"[20.0, 20.0]",null,0.8,0.25021176,129,,,0,,False,2,test,0
648,0.0,246.36474,246.61495,90.0,0.08,-30.0,-40.0,null,"[3644.93333333, 3644.93333333]",4.0,gabors,"[20.0, 20.0]",null,0.8,0.25021176,184,,,0,,False,4,train,2
649,0.0,246.61495,246.86515,0.0,0.08,-30.0,-10.0,null,"[3644.93333333, 3644.93333333]",4.0,gabors,"[20.0, 20.0]",null,0.8,0.25020574,98,,,0,,False,4,train,0
650,0.0,246.86515,247.11536,45.0,0.08,30.0,10.0,null,"[3644.93333333, 3644.93333333]",4.0,gabors,"[20.0, 20.0]",null,0.8,0.25020574,58,,,0,,False,3,train,1
651,0.0,247.11536,247.36557,45.0,0.08,-40.0,0.0,null,"[3644.93333333, 3644.93333333]",4.0,gabors,"[20.0, 20.0]",null,0.8,0.25020574,208,,,0,,False,1,train,1
652,0.0,247.36557,247.61577,45.0,0.08,40.0,10.0,null,"[3644.93333333, 3644.93333333]",4.0,gabors,"[20.0, 20.0]",null,0.8,0.25020574,121,,,0,,False,3,train,1
653,0.0,247.61577,247.86598,45.0,0.08,10.0,0.0,null,"[3644.93333333, 3644.93333333]",4.0,gabors,"[20.0, 20.0]",null,0.8,0.25021176,53,,,0,,False,6,train,1
654,0.0,247.86598,248.11619,90.0,0.08,-20.0,0.0,null,"[3644.93333333, 3644.93333333]",4.0,gabors,"[20.0, 20.0]",null,0.8,0.25021176,171,,,0,,False,3,train,2
655,0.0,248.11619,248.36641,0.0,0.08,10.0,0.0,null,"[3644.93333333, 3644.93333333]",4.0,gabors,"[20.0, 20.0]",null,0.8,0.25021176,132,,,0,,False,2,test,0
656,0.0,248.36641,248.61662,0.0,0.08,-40.0,10.0,null,"[3644.93333333, 3644.93333333]",4.0,gabors,"[20.0, 20.0]",null,0.8,0.25021176,205,,,0,,False,1,train,0
657,0.0,248.61662,248.86682,0.0,0.08,-40.0,30.0,null,"[3644.93333333, 3644.93333333]",4.0,gabors,"[20.0, 20.0]",null,0.8,0.25020574,129,,,0,,False,3,train,0
658,0.0,248.86682,249.11703,90.0,0.08,-40.0,0.0,null,"[3644.93333333, 3644.93333333]",4.0,gabors,"[20.0, 20.0]",null,0.8,0.25020574,80,,,0,,False,2,test,2
659,0.0,249.11703,249.36724,90.0,0.08,30.0,-40.0,null,"[3644.93333333, 3644.93333333]",4.0,gabors,"[20.0, 20.0]",null,0.8,0.25020574,8,,,0,,False,2,test,2
660,0.0,249.36724,249.61744,45.0,0.08,-30.0,10.0,null,"[3644.93333333, 3644.93333333]",4.0,gabors,"[20.0, 20.0]",null,0.8,0.25020574,2,,,0,,False,2,test,1
661,0.0,249.61744,249.86765,90.0,0.08,-10.0,10.0,null,"[3644.93333333, 3644.93333333]",4.0,gabors,"[20.0, 20.0]",null,0.8,0.25021176,169,,,0,,False,4,train,2
662,0.0,249.86765,250.11786,0.0,0.08,30.0,40.0,null,"[3644.93333333, 3644.93333333]",4.0,gabors,"[20.0, 20.0]",null,0.8,0.25021176,23,,,0,,False,4,train,0
663,0.0,250.11786,250.36808,45.0,0.08,-20.0,30.0,null,"[3644.93333333, 3644.93333333]",4.0,gabors,"[20.0, 20.0]",null,0.8,0.25021176,228,,,0,,False,0,train,1
664,0.0,250.36808,250.61829,45.0,0.08,20.0,-20.0,null,"[3644.93333333, 3644.93333333]",4.0,gabors,"[20.0, 20.0]",null,0.8,0.25021176,229,,,0,,False,0,train,1
665,0.0,250.61829,250.86849,90.0,0.08,30.0,10.0,null,"[3644.93333333, 3644.93333333]",4.0,gabors,"[20.0, 20.0]",null,0.8,0.25020574,204,,,0,,False,2,test,2
666,0.0,250.86849,251.1187,0.0,0.08,40.0,-40.0,null,"[3644.93333333, 3644.93333333]",4.0,gabors,"[20.0, 20.0]",null,0.8,0.25020574,62,,,0,,False,2,test,0
667,0.0,251.1187,251.36891,0.0,0.08,0.0,-20.0,null,"[3644.93333333, 3644.93333333]",4.0,gabors,"[20.0, 20.0]",null,0.8,0.25020574,172,,,0,,False,3,train,0
668,0.0,251.36891,251.61911,45.0,0.08,20.0,20.0,null,"[3644.93333333, 3644.93333333]",4.0,gabors,"[20.0, 20.0]",null,0.8,0.25020574,167,,,0,,False,1,train,1
669,0.0,251.61911,251.86933,90.0,0.08,-10.0,0.0,null,"[3644.93333333, 3644.93333333]",4.0,gabors,"[20.0, 20.0]",null,0.8,0.25021426,142,,,0,,False,1,train,2
670,0.0,251.86933,252.11954,90.0,0.08,40.0,10.0,null,"[3644.93333333, 3644.93333333]",4.0,gabors,"[20.0, 20.0]",null,0.8,0.25021426,141,,,0,,False,3,train,2
671,0.0,252.11954,252.36975,45.0,0.08,20.0,-40.0,null,"[3644.93333333, 3644.93333333]",4.0,gabors,"[20.0, 20.0]",null,0.8,0.25021426,90,,,0,,False,5,test,1
672,0.0,252.36975,252.61997,45.0,0.08,0.0,40.0,null,"[3644.93333333, 3644.93333333]",4.0,gabors,"[20.0, 20.0]",null,0.8,0.25021426,7,,,0,,False,5,test,1
673,0.0,252.61997,252.87017,45.0,0.08,-40.0,-30.0,null,"[3644.93333333, 3644.93333333]",4.0,gabors,"[20.0, 20.0]",null,0.8,0.25020324,92,,,0,,False,3,train,1
674,0.0,252.87017,253.12037,0.0,0.08,-40.0,-30.0,null,"[3644.93333333, 3644.93333333]",4.0,gabors,"[20.0, 20.0]",null,0.8,0.25020324,222,,,0,,False,1,train,0
675,0.0,253.12037,253.37058,90.0,0.08,40.0,-20.0,null,"[3644.93333333, 3644.93333333]",4.0,gabors,"[20.0, 20.0]",null,0.8,0.25020324,60,,,0,,False,5,test,2
676,0.0,253.37058,253.62078,90.0,0.08,-20.0,-40.0,null,"[3644.93333333, 3644.93333333]",4.0,gabors,"[20.0, 20.0]",null,0.8,0.25020324,36,,,0,,False,4,train,2
677,0.0,253.62078,253.87099,0.0,0.08,-30.0,10.0,null,"[3644.93333333, 3644.93333333]",4.0,gabors,"[20.0, 20.0]",null,0.8,0.25020676,150,,,0,,False,1,train,0
678,0.0,253.87099,254.12119,0.0,0.08,-30.0,-10.0,null,"[3644.93333333, 3644.93333333]",4.0,gabors,"[20.0, 20.0]",null,0.8,0.25020676,98,,,0,,False,5,test,0
679,0.0,254.12119,254.3714,45.0,0.08,10.0,10.0,null,"[3644.93333333, 3644.93333333]",4.0,gabors,"[20.0, 20.0]",null,0.8,0.25020676,11,,,0,,False,6,train,1
680,0.0,254.3714,254.62161,0.0,0.08,40.0,-20.0,null,"[3644.93333333, 3644.93333333]",4.0,gabors,"[20.0, 20.0]",null,0.8,0.25020676,164,,,0,,False,2,test,0
681,0.0,254.62161,254.87182,45.0,0.08,-30.0,-30.0,null,"[3644.93333333, 3644.93333333]",4.0,gabors,"[20.0, 20.0]",null,0.8,0.25021074,82,,,0,,False,2,test,1
682,0.0,254.87182,255.12203,45.0,0.08,-30.0,-10.0,null,"[3644.93333333, 3644.93333333]",4.0,gabors,"[20.0, 20.0]",null,0.8,0.25021074,154,,,0,,False,3,train,1
683,0.0,255.12203,255.37224,90.0,0.08,20.0,0.0,null,"[3644.93333333, 3644.93333333]",4.0,gabors,"[20.0, 20.0]",null,0.8,0.25021074,138,,,0,,False,3,train,2
684,0.0,255.37224,255.62245,45.0,0.08,20.0,30.0,null,"[3644.93333333, 3644.93333333]",4.0,gabors,"[20.0, 20.0]",null,0.8,0.25021074,146,,,0,,False,3,train,1
685,0.0,255.62245,255.87267,90.0,0.08,0.0,-30.0,null,"[3644.93333333, 3644.93333333]",4.0,gabors,"[20.0, 20.0]",null,0.8,0.25021926,230,,,0,,False,0,train,2
686,0.0,255.87267,256.12289,0.0,0.08,10.0,-10.0,null,"[3644.93333333, 3644.93333333]",4.0,gabors,"[20.0, 20.0]",null,0.8,0.25021926,231,,,0,,False,0,train,0
687,0.0,256.12289,256.37311,90.0,0.08,0.0,20.0,null,"[3644.93333333, 3644.93333333]",4.0,gabors,"[20.0, 20.0]",null,0.8,0.25021926,85,,,0,,False,2,test,2
688,0.0,256.37311,256.62333,45.0,0.08,10.0,-30.0,null,"[3644.93333333, 3644.93333333]",4.0,gabors,"[20.0, 20.0]",null,0.8,0.25021926,72,,,0,,False,2,test,1
689,0.0,256.62333,256.87353,45.0,0.08,-10.0,-10.0,null,"[3644.93333333, 3644.93333333]",4.0,gabors,"[20.0, 20.0]",null,0.8,0.25020074,55,,,0,,False,3,train,1
690,0.0,256.87353,257.12373,0.0,0.08,-40.0,40.0,null,"[3644.93333333, 3644.93333333]",4.0,gabors,"[20.0, 20.0]",null,0.8,0.25020074,14,,,0,,False,4,train,0
691,0.0,257.12373,257.37393,90.0,0.08,-40.0,-10.0,null,"[3644.93333333, 3644.93333333]",4.0,gabors,"[20.0, 20.0]",null,0.8,0.25020074,190,,,0,,False,1,train,2
692,0.0,257.37393,257.62413,90.0,0.08,-30.0,-10.0,null,"[3644.93333333, 3644.93333333]",4.0,gabors,"[20.0, 20.0]",null,0.8,0.25020074,71,,,0,,False,2,test,2
693,0.0,257.62413,257.87434,90.0,0.08,-10.0,30.0,null,"[3644.93333333, 3644.93333333]",4.0,gabors,"[20.0, 20.0]",null,0.8,0.25021176,200,,,0,,False,2,test,2
694,0.0,257.87434,258.12455,45.0,0.08,-40.0,20.0,null,"[3644.93333333, 3644.93333333]",4.0,gabors,"[20.0, 20.0]",null,0.8,0.25021176,145,,,0,,False,2,test,1
695,0.0,258.12455,258.37477,45.0,0.08,20.0,20.0,null,"[3644.93333333, 3644.93333333]",4.0,gabors,"[20.0, 20.0]",null,0.8,0.25021176,167,,,0,,False,2,test,1
696,0.0,258.37477,258.62498,0.0,0.08,-40.0,-10.0,null,"[3644.93333333, 3644.93333333]",4.0,gabors,"[20.0, 20.0]",null,0.8,0.25021176,20,,,0,,False,3,train,0
697,0.0,258.62498,258.87519,90.0,0.08,20.0,-20.0,null,"[3644.93333333, 3644.93333333]",4.0,gabors,"[20.0, 20.0]",null,0.8,0.25020824,232,,,0,,False,0,train,2
698,0.0,258.87519,259.12539,90.0,0.08,40.0,0.0,null,"[3644.93333333, 3644.93333333]",4.0,gabors,"[20.0, 20.0]",null,0.8,0.25020824,144,,,0,,False,1,train,2
699,0.0,259.12539,259.3756,90.0,0.08,-30.0,-10.0,null,"[3644.93333333, 3644.93333333]",4.0,gabors,"[20.0, 20.0]",null,0.8,0.25020824,71,,,0,,False,3,train,2
700,0.0,259.3756,259.62581,90.0,0.08,0.0,-10.0,null,"[3644.93333333, 3644.93333333]",4.0,gabors,"[20.0, 20.0]",null,0.8,0.25020824,49,,,0,,False,2,test,2
701,0.0,259.62581,259.87602,90.0,0.08,30.0,40.0,null,"[3644.93333333, 3644.93333333]",4.0,gabors,"[20.0, 20.0]",null,0.8,0.25021176,4,,,0,,False,8,test,2
702,0.0,259.87602,260.12623,90.0,0.08,30.0,0.0,null,"[3644.93333333, 3644.93333333]",4.0,gabors,"[20.0, 20.0]",null,0.8,0.25021176,113,,,0,,False,2,test,2
703,0.0,260.12623,260.37645,90.0,0.08,-40.0,-20.0,null,"[3644.93333333, 3644.93333333]",4.0,gabors,"[20.0, 20.0]",null,0.8,0.25021176,189,,,0,,False,5,test,2
704,0.0,260.37645,260.62666,90.0,0.08,10.0,20.0,null,"[3644.93333333, 3644.93333333]",4.0,gabors,"[20.0, 20.0]",null,0.8,0.25021176,220,,,0,,False,2,test,2
705,0.0,260.62666,260.87686,90.0,0.08,20.0,20.0,null,"[3644.93333333, 3644.93333333]",4.0,gabors,"[20.0, 20.0]",null,0.8,0.25020324,35,,,0,,False,4,train,2
706,0.0,260.87686,261.12706,90.0,0.08,-40.0,-10.0,null,"[3644.93333333, 3644.93333333]",4.0,gabors,"[20.0, 20.0]",null,0.8,0.25020324,190,,,0,,False,2,test,2
707,0.0,261.12706,261.37727,90.0,0.08,-10.0,20.0,null,"[3644.93333333, 3644.93333333]",4.0,gabors,"[20.0, 20.0]",null,0.8,0.25020324,137,,,0,,False,1,train,2
708,0.0,261.37727,261.62747,0.0,0.08,-10.0,10.0,null,"[3644.93333333, 3644.93333333]",4.0,gabors,"[20.0, 20.0]",null,0.8,0.25020324,87,,,0,,False,5,test,0
709,0.0,261.62747,261.87768,0.0,0.08,-30.0,-20.0,null,"[3644.93333333, 3644.93333333]",4.0,gabors,"[20.0, 20.0]",null,0.8,0.25020926,214,,,0,,False,3,train,0
710,0.0,261.87768,262.12789,0.0,0.08,-40.0,20.0,null,"[3644.93333333, 3644.93333333]",4.0,gabors,"[20.0, 20.0]",null,0.8,0.25020926,106,,,0,,False,2,test,0
711,0.0,262.12789,262.3781,0.0,0.08,-20.0,40.0,null,"[3644.93333333, 3644.93333333]",4.0,gabors,"[20.0, 20.0]",null,0.8,0.25020926,122,,,0,,False,4,train,0
712,0.0,262.3781,262.62831,45.0,0.08,10.0,40.0,null,"[3644.93333333, 3644.93333333]",4.0,gabors,"[20.0, 20.0]",null,0.8,0.25020926,74,,,0,,False,2,test,1
713,0.0,262.62831,262.87852,45.0,0.08,-40.0,30.0,null,"[3644.93333333, 3644.93333333]",4.0,gabors,"[20.0, 20.0]",null,0.8,0.25020824,68,,,0,,False,3,train,1
714,0.0,262.87852,263.12872,90.0,0.08,20.0,40.0,null,"[3644.93333333, 3644.93333333]",4.0,gabors,"[20.0, 20.0]",null,0.8,0.25020824,180,,,0,,False,3,train,2
715,0.0,263.12872,263.37893,45.0,0.08,30.0,30.0,null,"[3644.93333333, 3644.93333333]",4.0,gabors,"[20.0, 20.0]",null,0.8,0.25020824,39,,,0,,False,2,test,1
716,0.0,263.37893,263.62914,45.0,0.08,-40.0,40.0,null,"[3644.93333333, 3644.93333333]",4.0,gabors,"[20.0, 20.0]",null,0.8,0.25020824,67,,,0,,False,4,train,1
717,0.0,263.62914,263.87936,0.0,0.08,10.0,10.0,null,"[3644.93333333, 3644.93333333]",4.0,gabors,"[20.0, 20.0]",null,0.8,0.25021676,79,,,0,,False,3,train,0
718,0.0,263.87936,264.12957,0.0,0.08,-10.0,-10.0,null,"[3644.93333333, 3644.93333333]",4.0,gabors,"[20.0, 20.0]",null,0.8,0.25021676,158,,,0,,False,1,train,0
719,0.0,264.12957,264.37979,90.0,0.08,10.0,-40.0,null,"[3644.93333333, 3644.93333333]",4.0,gabors,"[20.0, 20.0]",null,0.8,0.25021676,77,,,0,,False,3,train,2
720,0.0,264.37979,264.63001,90.0,0.08,-10.0,-40.0,null,"[3644.93333333, 3644.93333333]",4.0,gabors,"[20.0, 20.0]",null,0.8,0.25021676,156,,,0,,False,4,train,2
721,0.0,264.63001,264.88021,90.0,0.08,-20.0,-10.0,null,"[3644.93333333, 3644.93333333]",4.0,gabors,"[20.0, 20.0]",null,0.8,0.25020324,51,,,0,,False,2,test,2
722,0.0,264.88021,265.13041,0.0,0.08,0.0,-10.0,null,"[3644.93333333, 3644.93333333]",4.0,gabors,"[20.0, 20.0]",null,0.8,0.25020324,99,,,0,,False,4,train,0
723,0.0,265.13041,265.38062,90.0,0.08,-30.0,20.0,null,"[3644.93333333, 3644.93333333]",4.0,gabors,"[20.0, 20.0]",null,0.8,0.25020324,176,,,0,,False,4,train,2
724,0.0,265.38062,265.63082,0.0,0.08,10.0,-10.0,null,"[3644.93333333, 3644.93333333]",4.0,gabors,"[20.0, 20.0]",null,0.8,0.25020324,231,,,0,,False,1,train,0
725,0.0,265.63082,265.88103,45.0,0.08,-10.0,-30.0,null,"[3644.93333333, 3644.93333333]",4.0,gabors,"[20.0, 20.0]",null,0.8,0.25021176,83,,,0,,False,6,train,1
726,0.0,265.88103,266.13124,0.0,0.08,-30.0,-40.0,null,"[3644.93333333, 3644.93333333]",4.0,gabors,"[20.0, 20.0]",null,0.8,0.25021176,46,,,0,,False,1,train,0
727,0.0,266.13124,266.38146,90.0,0.08,-10.0,-10.0,null,"[3644.93333333, 3644.93333333]",4.0,gabors,"[20.0, 20.0]",null,0.8,0.25021176,223,,,0,,False,2,test,2
728,0.0,266.38146,266.63167,45.0,0.08,20.0,20.0,null,"[3644.93333333, 3644.93333333]",4.0,gabors,"[20.0, 20.0]",null,0.8,0.25021176,167,,,0,,False,3,train,1
729,0.0,266.63167,266.88188,45.0,0.08,-30.0,-20.0,null,"[3644.93333333, 3644.93333333]",4.0,gabors,"[20.0, 20.0]",null,0.8,0.25020824,233,,,0,,False,0,train,1
730,0.0,266.88188,267.13208,0.0,0.08,10.0,40.0,null,"[3644.93333333, 3644.93333333]",4.0,gabors,"[20.0, 20.0]",null,0.8,0.25020824,9,,,0,,False,4,train,0
731,0.0,267.13208,267.38229,0.0,0.08,-10.0,40.0,null,"[3644.93333333, 3644.93333333]",4.0,gabors,"[20.0, 20.0]",null,0.8,0.25020824,234,,,0,,False,0,train,0
732,0.0,267.38229,267.6325,90.0,0.08,0.0,30.0,null,"[3644.93333333, 3644.93333333]",4.0,gabors,"[20.0, 20.0]",null,0.8,0.25020824,10,,,0,,False,3,train,2
733,0.0,267.6325,267.88272,45.0,0.08,-40.0,-10.0,null,"[3644.93333333, 3644.93333333]",4.0,gabors,"[20.0, 20.0]",null,0.8,0.25021426,210,,,0,,False,2,test,1
734,0.0,267.88272,268.13293,45.0,0.08,-20.0,40.0,null,"[3644.93333333, 3644.93333333]",4.0,gabors,"[20.0, 20.0]",null,0.8,0.25021426,59,,,0,,False,3,train,1
735,0.0,268.13293,268.38314,45.0,0.08,-40.0,10.0,null,"[3644.93333333, 3644.93333333]",4.0,gabors,"[20.0, 20.0]",null,0.8,0.25021426,16,,,0,,False,5,test,1
736,0.0,268.38314,268.63336,45.0,0.08,-20.0,-10.0,null,"[3644.93333333, 3644.93333333]",4.0,gabors,"[20.0, 20.0]",null,0.8,0.25021426,107,,,0,,False,1,train,1
737,0.0,268.63336,268.88356,45.0,0.08,10.0,30.0,null,"[3644.93333333, 3644.93333333]",4.0,gabors,"[20.0, 20.0]",null,0.8,0.25020324,209,,,0,,False,2,test,1
738,0.0,268.88356,269.13376,90.0,0.08,20.0,0.0,null,"[3644.93333333, 3644.93333333]",4.0,gabors,"[20.0, 20.0]",null,0.8,0.25020324,138,,,0,,False,4,train,2
739,0.0,269.13376,269.38397,90.0,0.08,-20.0,-20.0,null,"[3644.93333333, 3644.93333333]",4.0,gabors,"[20.0, 20.0]",null,0.8,0.25020324,152,,,0,,False,4,train,2
740,0.0,269.38397,269.63417,0.0,0.08,10.0,-30.0,null,"[3644.93333333, 3644.93333333]",4.0,gabors,"[20.0, 20.0]",null,0.8,0.25020324,148,,,0,,False,4,train,0
741,0.0,269.63417,269.88438,45.0,0.08,20.0,-20.0,null,"[3644.93333333, 3644.93333333]",4.0,gabors,"[20.0, 20.0]",null,0.8,0.25020926,229,,,0,,False,1,train,1
742,0.0,269.88438,270.13459,0.0,0.08,-40.0,10.0,null,"[3644.93333333, 3644.93333333]",4.0,gabors,"[20.0, 20.0]",null,0.8,0.25020926,205,,,0,,False,2,test,0
743,0.0,270.13459,270.3848,45.0,0.08,40.0,10.0,null,"[3644.93333333, 3644.93333333]",4.0,gabors,"[20.0, 20.0]",null,0.8,0.25020926,121,,,0,,False,4,train,1
744,0.0,270.3848,270.63501,45.0,0.08,0.0,-20.0,null,"[3644.93333333, 3644.93333333]",4.0,gabors,"[20.0, 20.0]",null,0.8,0.25020926,198,,,0,,False,2,test,1
745,0.0,270.63501,270.88522,0.0,0.08,20.0,40.0,null,"[3644.93333333, 3644.93333333]",4.0,gabors,"[20.0, 20.0]",null,0.8,0.25020824,151,,,0,,False,3,train,0
746,0.0,270.88522,271.13542,45.0,0.08,0.0,0.0,null,"[3644.93333333, 3644.93333333]",4.0,gabors,"[20.0, 20.0]",null,0.8,0.25020824,32,,,0,,False,6,train,1
747,0.0,271.13542,271.38563,0.0,0.08,40.0,20.0,null,"[3644.93333333, 3644.93333333]",4.0,gabors,"[20.0, 20.0]",null,0.8,0.25020824,185,,,0,,False,2,test,0
748,0.0,271.38563,271.63584,0.0,0.08,-30.0,10.0,null,"[3644.93333333, 3644.93333333]",4.0,gabors,"[20.0, 20.0]",null,0.8,0.25020824,150,,,0,,False,2,test,0
749,0.0,271.63584,271.88606,45.0,0.08,40.0,-20.0,null,"[3644.93333333, 3644.93333333]",4.0,gabors,"[20.0, 20.0]",null,0.8,0.25021676,117,,,0,,False,4,train,1
750,0.0,271.88606,272.13627,90.0,0.08,40.0,0.0,null,"[3644.93333333, 3644.93333333]",4.0,gabors,"[20.0, 20.0]",null,0.8,0.25021676,144,,,0,,False,2,test,2
751,0.0,272.13627,272.38649,90.0,0.08,30.0,0.0,null,"[3644.93333333, 3644.93333333]",4.0,gabors,"[20.0, 20.0]",null,0.8,0.25021676,113,,,0,,False,3,train,2
752,0.0,272.38649,272.63671,45.0,0.08,30.0,30.0,null,"[3644.93333333, 3644.93333333]",4.0,gabors,"[20.0, 20.0]",null,0.8,0.25021676,39,,,0,,False,3,train,1
753,0.0,272.63671,272.88691,45.0,0.08,-20.0,20.0,null,"[3644.93333333, 3644.93333333]",4.0,gabors,"[20.0, 20.0]",null,0.8,0.25020324,235,,,0,,False,0,train,1
754,0.0,272.88691,273.13711,0.0,0.08,30.0,40.0,null,"[3644.93333333, 3644.93333333]",4.0,gabors,"[20.0, 20.0]",null,0.8,0.25020324,23,,,0,,False,5,test,0
755,0.0,273.13711,273.38732,45.0,0.08,40.0,10.0,null,"[3644.93333333, 3644.93333333]",4.0,gabors,"[20.0, 20.0]",null,0.8,0.25020324,121,,,0,,False,5,test,1
756,0.0,273.38732,273.63752,90.0,0.08,-40.0,-30.0,null,"[3644.93333333, 3644.93333333]",4.0,gabors,"[20.0, 20.0]",null,0.8,0.25020324,56,,,0,,False,1,train,2
757,0.0,273.63752,273.88773,45.0,0.08,-10.0,40.0,null,"[3644.93333333, 3644.93333333]",4.0,gabors,"[20.0, 20.0]",null,0.8,0.25021176,48,,,0,,False,3,train,1
758,0.0,273.88773,274.13794,0.0,0.08,10.0,-40.0,null,"[3644.93333333, 3644.93333333]",4.0,gabors,"[20.0, 20.0]",null,0.8,0.25021176,211,,,0,,False,1,train,0
759,0.0,274.13794,274.38816,90.0,0.08,10.0,-30.0,null,"[3644.93333333, 3644.93333333]",4.0,gabors,"[20.0, 20.0]",null,0.8,0.25021176,219,,,0,,False,1,train,2
760,0.0,274.38816,274.63837,0.0,0.08,-30.0,40.0,null,"[3644.93333333, 3644.93333333]",4.0,gabors,"[20.0, 20.0]",null,0.8,0.25021176,89,,,0,,False,4,train,0
761,0.0,274.63837,274.88857,0.0,0.08,-30.0,-40.0,null,"[3644.93333333, 3644.93333333]",4.0,gabors,"[20.0, 20.0]",null,0.8,0.25020574,46,,,0,,False,2,test,0
762,0.0,274.88857,275.13878,45.0,0.08,-40.0,40.0,null,"[3644.93333333, 3644.93333333]",4.0,gabors,"[20.0, 20.0]",null,0.8,0.25020574,67,,,0,,False,5,test,1
763,0.0,275.13878,275.38899,45.0,0.08,-20.0,-20.0,null,"[3644.93333333, 3644.93333333]",4.0,gabors,"[20.0, 20.0]",null,0.8,0.25020574,120,,,0,,False,2,test,1
764,0.0,275.38899,275.63919,90.0,0.08,0.0,-40.0,null,"[3644.93333333, 3644.93333333]",4.0,gabors,"[20.0, 20.0]",null,0.8,0.25020574,173,,,0,,False,2,test,2
765,0.0,275.63919,275.88941,90.0,0.08,40.0,-30.0,null,"[3644.93333333, 3644.93333333]",4.0,gabors,"[20.0, 20.0]",null,0.8,0.25021676,140,,,0,,False,2,test,2
766,0.0,275.88941,276.13962,90.0,0.08,0.0,-30.0,null,"[3644.93333333, 3644.93333333]",4.0,gabors,"[20.0, 20.0]",null,0.8,0.25021676,230,,,0,,False,1,train,2
767,0.0,276.13962,276.38984,0.0,0.08,30.0,-40.0,null,"[3644.93333333, 3644.93333333]",4.0,gabors,"[20.0, 20.0]",null,0.8,0.25021676,168,,,0,,False,5,test,0
768,0.0,276.38984,276.64006,0.0,0.08,40.0,0.0,null,"[3644.93333333, 3644.93333333]",4.0,gabors,"[20.0, 20.0]",null,0.8,0.25021676,206,,,0,,False,2,test,0
769,0.0,276.64006,276.89026,0.0,0.08,-20.0,-10.0,null,"[3644.93333333, 3644.93333333]",4.0,gabors,"[20.0, 20.0]",null,0.8,0.25020324,84,,,0,,False,3,train,0
770,0.0,276.89026,277.14046,45.0,0.08,-40.0,30.0,null,"[3644.93333333, 3644.93333333]",4.0,gabors,"[20.0, 20.0]",null,0.8,0.25020324,68,,,0,,False,4,train,1
771,0.0,277.14046,277.39067,45.0,0.08,20.0,-20.0,null,"[3644.93333333, 3644.93333333]",4.0,gabors,"[20.0, 20.0]",null,0.8,0.25020324,229,,,0,,False,2,test,1
772,0.0,277.39067,277.64087,0.0,0.08,30.0,40.0,null,"[3644.93333333, 3644.93333333]",4.0,gabors,"[20.0, 20.0]",null,0.8,0.25020324,23,,,0,,False,6,train,0
773,0.0,277.64087,277.89107,0.0,0.08,10.0,20.0,null,"[3644.93333333, 3644.93333333]",4.0,gabors,"[20.0, 20.0]",null,0.8,0.25020176,136,,,0,,False,1,train,0
774,0.0,277.89107,278.14127,0.0,0.08,-40.0,-30.0,null,"[3644.93333333, 3644.93333333]",4.0,gabors,"[20.0, 20.0]",null,0.8,0.25020176,222,,,0,,False,2,test,0
775,0.0,278.14127,278.39148,90.0,0.08,-30.0,-40.0,null,"[3644.93333333, 3644.93333333]",4.0,gabors,"[20.0, 20.0]",null,0.8,0.25020176,184,,,0,,False,5,test,2
776,0.0,278.39148,278.64168,90.0,0.08,0.0,-40.0,null,"[3644.93333333, 3644.93333333]",4.0,gabors,"[20.0, 20.0]",null,0.8,0.25020176,173,,,0,,False,3,train,2
777,0.0,278.64168,278.89189,90.0,0.08,-30.0,0.0,null,"[3644.93333333, 3644.93333333]",4.0,gabors,"[20.0, 20.0]",null,0.8,0.25021324,31,,,0,,False,3,train,2
778,0.0,278.89189,279.1421,90.0,0.08,0.0,-30.0,null,"[3644.93333333, 3644.93333333]",4.0,gabors,"[20.0, 20.0]",null,0.8,0.25021324,230,,,0,,False,2,test,2
779,0.0,279.1421,279.39232,45.0,0.08,40.0,-10.0,null,"[3644.93333333, 3644.93333333]",4.0,gabors,"[20.0, 20.0]",null,0.8,0.25021324,38,,,0,,False,2,test,1
780,0.0,279.39232,279.64253,0.0,0.08,-20.0,-20.0,null,"[3644.93333333, 3644.93333333]",4.0,gabors,"[20.0, 20.0]",null,0.8,0.25021324,236,,,0,,False,0,train,0
781,0.0,279.64253,279.89274,90.0,0.08,-20.0,-10.0,null,"[3644.93333333, 3644.93333333]",4.0,gabors,"[20.0, 20.0]",null,0.8,0.25020926,51,,,0,,False,3,train,2
782,0.0,279.89274,280.14295,90.0,0.08,40.0,0.0,null,"[3644.93333333, 3644.93333333]",4.0,gabors,"[20.0, 20.0]",null,0.8,0.25020926,144,,,0,,False,3,train,2
783,0.0,280.14295,280.39316,90.0,0.08,30.0,10.0,null,"[3644.93333333, 3644.93333333]",4.0,gabors,"[20.0, 20.0]",null,0.8,0.25020926,204,,,0,,False,3,train,2
784,0.0,280.39316,280.64337,90.0,0.08,-40.0,-30.0,null,"[3644.93333333, 3644.93333333]",4.0,gabors,"[20.0, 20.0]",null,0.8,0.25020926,56,,,0,,False,2,test,2
785,0.0,280.64337,280.89357,0.0,0.08,10.0,-20.0,null,"[3644.93333333, 3644.93333333]",4.0,gabors,"[20.0, 20.0]",null,0.8,0.25020574,109,,,0,,False,2,test,0
786,0.0,280.89357,281.14378,0.0,0.08,10.0,20.0,null,"[3644.93333333, 3644.93333333]",4.0,gabors,"[20.0, 20.0]",null,0.8,0.25020574,136,,,0,,False,2,test,0
787,0.0,281.14378,281.39399,45.0,0.08,20.0,-20.0,null,"[3644.93333333, 3644.93333333]",4.0,gabors,"[20.0, 20.0]",null,0.8,0.25020574,229,,,0,,False,3,train,1
788,0.0,281.39399,281.64419,0.0,0.08,0.0,-30.0,null,"[3644.93333333, 3644.93333333]",4.0,gabors,"[20.0, 20.0]",null,0.8,0.25020574,28,,,0,,False,5,test,0
789,0.0,281.64419,281.89441,45.0,0.08,-40.0,-20.0,null,"[3644.93333333, 3644.93333333]",4.0,gabors,"[20.0, 20.0]",null,0.8,0.25021926,57,,,0,,False,4,train,1
790,0.0,281.89441,282.14463,90.0,0.08,30.0,-20.0,null,"[3644.93333333, 3644.93333333]",4.0,gabors,"[20.0, 20.0]",null,0.8,0.25021926,21,,,0,,False,3,train,2
791,0.0,282.14463,282.39485,90.0,0.08,10.0,10.0,null,"[3644.93333333, 3644.93333333]",4.0,gabors,"[20.0, 20.0]",null,0.8,0.25021926,237,,,0,,False,0,train,2
792,0.0,282.39485,282.64507,90.0,0.08,30.0,10.0,null,"[3644.93333333, 3644.93333333]",4.0,gabors,"[20.0, 20.0]",null,0.8,0.25021926,204,,,0,,False,4,train,2
793,0.0,282.64507,282.89527,90.0,0.08,20.0,-10.0,null,"[3644.93333333, 3644.93333333]",4.0,gabors,"[20.0, 20.0]",null,0.8,0.25020324,160,,,0,,False,3,train,2
794,0.0,282.89527,283.14547,45.0,0.08,-20.0,-20.0,null,"[3644.93333333, 3644.93333333]",4.0,gabors,"[20.0, 20.0]",null,0.8,0.25020324,120,,,0,,False,3,train,1
795,0.0,283.14547,283.39568,90.0,0.08,-20.0,0.0,null,"[3644.93333333, 3644.93333333]",4.0,gabors,"[20.0, 20.0]",null,0.8,0.25020324,171,,,0,,False,4,train,2
796,0.0,283.39568,283.64588,0.0,0.08,-10.0,20.0,null,"[3644.93333333, 3644.93333333]",4.0,gabors,"[20.0, 20.0]",null,0.8,0.25020324,131,,,0,,False,3,train,0
797,0.0,283.64588,283.8961,45.0,0.08,-20.0,20.0,null,"[3644.93333333, 3644.93333333]",4.0,gabors,"[20.0, 20.0]",null,0.8,0.25021676,235,,,0,,False,1,train,1
798,0.0,283.8961,284.14631,90.0,0.08,-40.0,30.0,null,"[3644.93333333, 3644.93333333]",4.0,gabors,"[20.0, 20.0]",null,0.8,0.25021676,45,,,0,,False,3,train,2
799,0.0,284.14631,284.39653,0.0,0.08,0.0,-10.0,null,"[3644.93333333, 3644.93333333]",4.0,gabors,"[20.0, 20.0]",null,0.8,0.25021676,99,,,0,,False,5,test,0
800,0.0,284.39653,284.64675,45.0,0.08,-10.0,0.0,null,"[3644.93333333, 3644.93333333]",4.0,gabors,"[20.0, 20.0]",null,0.8,0.25021676,63,,,0,,False,4,train,1
801,0.0,284.64675,284.89695,45.0,0.08,-10.0,10.0,null,"[3644.93333333, 3644.93333333]",4.0,gabors,"[20.0, 20.0]",null,0.8,0.25020324,186,,,0,,False,5,test,1
802,0.0,284.89695,285.14715,0.0,0.08,40.0,20.0,null,"[3644.93333333, 3644.93333333]",4.0,gabors,"[20.0, 20.0]",null,0.8,0.25020324,185,,,0,,False,3,train,0
803,0.0,285.14715,285.39736,0.0,0.08,0.0,30.0,null,"[3644.93333333, 3644.93333333]",4.0,gabors,"[20.0, 20.0]",null,0.8,0.25020324,203,,,0,,False,2,test,0
804,0.0,285.39736,285.64756,0.0,0.08,30.0,-10.0,null,"[3644.93333333, 3644.93333333]",4.0,gabors,"[20.0, 20.0]",null,0.8,0.25020324,149,,,0,,False,2,test,0
805,0.0,285.64756,285.89776,0.0,0.08,10.0,20.0,null,"[3644.93333333, 3644.93333333]",4.0,gabors,"[20.0, 20.0]",null,0.8,0.25020176,136,,,0,,False,3,train,0
806,0.0,285.89776,286.14796,0.0,0.08,30.0,0.0,null,"[3644.93333333, 3644.93333333]",4.0,gabors,"[20.0, 20.0]",null,0.8,0.25020176,66,,,0,,False,4,train,0
807,0.0,286.14796,286.39817,0.0,0.08,-20.0,-40.0,null,"[3644.93333333, 3644.93333333]",4.0,gabors,"[20.0, 20.0]",null,0.8,0.25020176,93,,,0,,False,1,train,0
808,0.0,286.39817,286.64837,0.0,0.08,-30.0,30.0,null,"[3644.93333333, 3644.93333333]",4.0,gabors,"[20.0, 20.0]",null,0.8,0.25020176,218,,,0,,False,2,test,0
809,0.0,286.64837,286.89858,45.0,0.08,0.0,40.0,null,"[3644.93333333, 3644.93333333]",4.0,gabors,"[20.0, 20.0]",null,0.8,0.25021324,7,,,0,,False,6,train,1
810,0.0,286.89858,287.14879,45.0,0.08,20.0,20.0,null,"[3644.93333333, 3644.93333333]",4.0,gabors,"[20.0, 20.0]",null,0.8,0.25021324,167,,,0,,False,4,train,1
811,0.0,287.14879,287.39901,0.0,0.08,0.0,-20.0,null,"[3644.93333333, 3644.93333333]",4.0,gabors,"[20.0, 20.0]",null,0.8,0.25021324,172,,,0,,False,4,train,0
812,0.0,287.39901,287.64922,90.0,0.08,-10.0,-20.0,null,"[3644.93333333, 3644.93333333]",4.0,gabors,"[20.0, 20.0]",null,0.8,0.25021324,17,,,0,,False,2,test,2
813,0.0,287.64922,287.89942,45.0,0.08,0.0,30.0,null,"[3644.93333333, 3644.93333333]",4.0,gabors,"[20.0, 20.0]",null,0.8,0.25019926,193,,,0,,False,2,test,1
814,0.0,287.89942,288.14962,0.0,0.08,20.0,40.0,null,"[3644.93333333, 3644.93333333]",4.0,gabors,"[20.0, 20.0]",null,0.8,0.25019926,151,,,0,,False,4,train,0
815,0.0,288.14962,288.39982,0.0,0.08,30.0,20.0,null,"[3644.93333333, 3644.93333333]",4.0,gabors,"[20.0, 20.0]",null,0.8,0.25019926,64,,,0,,False,4,train,0
816,0.0,288.39982,288.65002,0.0,0.08,10.0,20.0,null,"[3644.93333333, 3644.93333333]",4.0,gabors,"[20.0, 20.0]",null,0.8,0.25019926,136,,,0,,False,4,train,0
817,0.0,288.65002,288.90024,90.0,0.08,-40.0,10.0,null,"[3644.93333333, 3644.93333333]",4.0,gabors,"[20.0, 20.0]",null,0.8,0.25022074,115,,,0,,False,6,train,2
818,0.0,288.90024,289.15046,90.0,0.08,-10.0,-10.0,null,"[3644.93333333, 3644.93333333]",4.0,gabors,"[20.0, 20.0]",null,0.8,0.25022074,223,,,0,,False,3,train,2
819,0.0,289.15046,289.40068,45.0,0.08,-10.0,40.0,null,"[3644.93333333, 3644.93333333]",4.0,gabors,"[20.0, 20.0]",null,0.8,0.25022074,48,,,0,,False,4,train,1
820,0.0,289.40068,289.6509,0.0,0.08,20.0,-30.0,null,"[3644.93333333, 3644.93333333]",4.0,gabors,"[20.0, 20.0]",null,0.8,0.25022074,22,,,0,,False,2,test,0
821,0.0,289.6509,289.90111,45.0,0.08,-30.0,30.0,null,"[3644.93333333, 3644.93333333]",4.0,gabors,"[20.0, 20.0]",null,0.8,0.25021176,207,,,0,,False,2,test,1
822,0.0,289.90111,290.15132,90.0,0.08,0.0,-30.0,null,"[3644.93333333, 3644.93333333]",4.0,gabors,"[20.0, 20.0]",null,0.8,0.25021176,230,,,0,,False,3,train,2
823,0.0,290.15132,290.40154,0.0,0.08,20.0,-30.0,null,"[3644.93333333, 3644.93333333]",4.0,gabors,"[20.0, 20.0]",null,0.8,0.25021176,22,,,0,,False,3,train,0
824,0.0,290.40154,290.65175,90.0,0.08,30.0,-30.0,null,"[3644.93333333, 3644.93333333]",4.0,gabors,"[20.0, 20.0]",null,0.8,0.25021176,215,,,0,,False,3,train,2
825,0.0,290.65175,290.90196,45.0,0.08,10.0,-20.0,null,"[3644.93333333, 3644.93333333]",4.0,gabors,"[20.0, 20.0]",null,0.8,0.25020824,126,,,0,,False,5,test,1
826,0.0,290.90196,291.15216,45.0,0.08,40.0,-10.0,null,"[3644.93333333, 3644.93333333]",4.0,gabors,"[20.0, 20.0]",null,0.8,0.25020824,38,,,0,,False,3,train,1
827,0.0,291.15216,291.40237,45.0,0.08,40.0,0.0,null,"[3644.93333333, 3644.93333333]",4.0,gabors,"[20.0, 20.0]",null,0.8,0.25020824,104,,,0,,False,3,train,1
828,0.0,291.40237,291.65258,90.0,0.08,-40.0,-40.0,null,"[3644.93333333, 3644.93333333]",4.0,gabors,"[20.0, 20.0]",null,0.8,0.25020824,196,,,0,,False,3,train,2
829,0.0,291.65258,291.9028,90.0,0.08,-10.0,0.0,null,"[3644.93333333, 3644.93333333]",4.0,gabors,"[20.0, 20.0]",null,0.8,0.25021676,142,,,0,,False,2,test,2
830,0.0,291.9028,292.15301,0.0,0.08,-30.0,20.0,null,"[3644.93333333, 3644.93333333]",4.0,gabors,"[20.0, 20.0]",null,0.8,0.25021676,227,,,0,,False,1,train,0
831,0.0,292.15301,292.40323,45.0,0.08,-30.0,-30.0,null,"[3644.93333333, 3644.93333333]",4.0,gabors,"[20.0, 20.0]",null,0.8,0.25021676,82,,,0,,False,3,train,1
832,0.0,292.40323,292.65345,45.0,0.08,0.0,20.0,null,"[3644.93333333, 3644.93333333]",4.0,gabors,"[20.0, 20.0]",null,0.8,0.25021676,18,,,0,,False,2,test,1
833,0.0,292.65345,292.90365,0.0,0.08,40.0,10.0,null,"[3644.93333333, 3644.93333333]",4.0,gabors,"[20.0, 20.0]",null,0.8,0.25020074,134,,,0,,False,3,train,0
834,0.0,292.90365,293.15385,90.0,0.08,-10.0,20.0,null,"[3644.93333333, 3644.93333333]",4.0,gabors,"[20.0, 20.0]",null,0.8,0.25020074,137,,,0,,False,2,test,2
835,0.0,293.15385,293.40405,90.0,0.08,40.0,-40.0,null,"[3644.93333333, 3644.93333333]",4.0,gabors,"[20.0, 20.0]",null,0.8,0.25020074,78,,,0,,False,3,train,2
836,0.0,293.40405,293.65425,45.0,0.08,30.0,30.0,null,"[3644.93333333, 3644.93333333]",4.0,gabors,"[20.0, 20.0]",null,0.8,0.25020074,39,,,0,,False,4,train,1
837,0.0,293.65425,293.90446,90.0,0.08,40.0,20.0,null,"[3644.93333333, 3644.93333333]",4.0,gabors,"[20.0, 20.0]",null,0.8,0.25021176,76,,,0,,False,4,train,2
838,0.0,293.90446,294.15467,0.0,0.08,20.0,10.0,null,"[3644.93333333, 3644.93333333]",4.0,gabors,"[20.0, 20.0]",null,0.8,0.25021176,44,,,0,,False,3,train,0
839,0.0,294.15467,294.40489,0.0,0.08,20.0,0.0,null,"[3644.93333333, 3644.93333333]",4.0,gabors,"[20.0, 20.0]",null,0.8,0.25021176,50,,,0,,False,4,train,0
840,0.0,294.40489,294.6551,0.0,0.08,-10.0,40.0,null,"[3644.93333333, 3644.93333333]",4.0,gabors,"[20.0, 20.0]",null,0.8,0.25021176,234,,,0,,False,1,train,0
841,0.0,294.6551,294.9053,45.0,0.08,-30.0,-20.0,null,"[3644.93333333, 3644.93333333]",4.0,gabors,"[20.0, 20.0]",null,0.8,0.25020324,233,,,0,,False,1,train,1
842,0.0,294.9053,295.1555,90.0,0.08,0.0,-40.0,null,"[3644.93333333, 3644.93333333]",4.0,gabors,"[20.0, 20.0]",null,0.8,0.25020324,173,,,0,,False,4,train,2
843,0.0,295.1555,295.40571,0.0,0.08,-10.0,40.0,null,"[3644.93333333, 3644.93333333]",4.0,gabors,"[20.0, 20.0]",null,0.8,0.25020324,234,,,0,,False,2,test,0
844,0.0,295.40571,295.65591,45.0,0.08,0.0,0.0,null,"[3644.93333333, 3644.93333333]",4.0,gabors,"[20.0, 20.0]",null,0.8,0.25020324,32,,,0,,False,7,train,1
845,0.0,295.65591,295.90613,45.0,0.08,10.0,40.0,null,"[3644.93333333, 3644.93333333]",4.0,gabors,"[20.0, 20.0]",null,0.8,0.25021426,74,,,0,,False,3,train,1
846,0.0,295.90613,296.15634,45.0,0.08,-20.0,-10.0,null,"[3644.93333333, 3644.93333333]",4.0,gabors,"[20.0, 20.0]",null,0.8,0.25021426,107,,,0,,False,2,test,1
847,0.0,296.15634,296.40655,45.0,0.08,0.0,10.0,null,"[3644.93333333, 3644.93333333]",4.0,gabors,"[20.0, 20.0]",null,0.8,0.25021426,195,,,0,,False,1,train,1
848,0.0,296.40655,296.65677,0.0,0.08,-10.0,-40.0,null,"[3644.93333333, 3644.93333333]",4.0,gabors,"[20.0, 20.0]",null,0.8,0.25021426,139,,,0,,False,1,train,0
849,0.0,296.65677,296.90697,45.0,0.08,30.0,20.0,null,"[3644.93333333, 3644.93333333]",4.0,gabors,"[20.0, 20.0]",null,0.8,0.25020574,103,,,0,,False,5,test,1
850,0.0,296.90697,297.15718,90.0,0.08,40.0,20.0,null,"[3644.93333333, 3644.93333333]",4.0,gabors,"[20.0, 20.0]",null,0.8,0.25020574,76,,,0,,False,5,test,2
851,0.0,297.15718,297.40739,45.0,0.08,-20.0,0.0,null,"[3644.93333333, 3644.93333333]",4.0,gabors,"[20.0, 20.0]",null,0.8,0.25020574,34,,,0,,False,4,train,1
852,0.0,297.40739,297.65759,45.0,0.08,0.0,10.0,null,"[3644.93333333, 3644.93333333]",4.0,gabors,"[20.0, 20.0]",null,0.8,0.25020574,195,,,0,,False,2,test,1
853,0.0,297.65759,297.9078,0.0,0.08,40.0,30.0,null,"[3644.93333333, 3644.93333333]",4.0,gabors,"[20.0, 20.0]",null,0.8,0.25020926,95,,,0,,False,2,test,0
854,0.0,297.9078,298.15801,45.0,0.08,-10.0,0.0,null,"[3644.93333333, 3644.93333333]",4.0,gabors,"[20.0, 20.0]",null,0.8,0.25020926,63,,,0,,False,5,test,1
855,0.0,298.15801,298.40822,45.0,0.08,40.0,10.0,null,"[3644.93333333, 3644.93333333]",4.0,gabors,"[20.0, 20.0]",null,0.8,0.25020926,121,,,0,,False,6,train,1
856,0.0,298.40822,298.65843,0.0,0.08,10.0,-40.0,null,"[3644.93333333, 3644.93333333]",4.0,gabors,"[20.0, 20.0]",null,0.8,0.25020926,211,,,0,,False,2,test,0
857,0.0,298.65843,298.90864,45.0,0.08,-20.0,10.0,null,"[3644.93333333, 3644.93333333]",4.0,gabors,"[20.0, 20.0]",null,0.8,0.25021074,213,,,0,,False,1,train,1
858,0.0,298.90864,299.15885,90.0,0.08,20.0,-30.0,null,"[3644.93333333, 3644.93333333]",4.0,gabors,"[20.0, 20.0]",null,0.8,0.25021074,157,,,0,,False,2,test,2
859,0.0,299.15885,299.40906,90.0,0.08,20.0,-10.0,null,"[3644.93333333, 3644.93333333]",4.0,gabors,"[20.0, 20.0]",null,0.8,0.25021074,160,,,0,,False,4,train,2
860,0.0,299.40906,299.65927,45.0,0.08,-30.0,-30.0,null,"[3644.93333333, 3644.93333333]",4.0,gabors,"[20.0, 20.0]",null,0.8,0.25021074,82,,,0,,False,4,train,1
861,0.0,299.65927,299.90948,0.0,0.08,40.0,30.0,null,"[3644.93333333, 3644.93333333]",4.0,gabors,"[20.0, 20.0]",null,0.8,0.25020926,95,,,0,,False,3,train,0
862,0.0,299.90948,300.15969,90.0,0.08,-30.0,10.0,null,"[3644.93333333, 3644.93333333]",4.0,gabors,"[20.0, 20.0]",null,0.8,0.25020926,61,,,0,,False,3,train,2
863,0.0,300.15969,300.4099,0.0,0.08,-20.0,-30.0,null,"[3644.93333333, 3644.93333333]",4.0,gabors,"[20.0, 20.0]",null,0.8,0.25020926,54,,,0,,False,2,test,0
864,0.0,300.4099,300.66011,0.0,0.08,30.0,-20.0,null,"[3644.93333333, 3644.93333333]",4.0,gabors,"[20.0, 20.0]",null,0.8,0.25020926,194,,,0,,False,3,train,0
865,0.0,300.66011,300.91032,0.0,0.08,20.0,30.0,null,"[3644.93333333, 3644.93333333]",4.0,gabors,"[20.0, 20.0]",null,0.8,0.25020824,166,,,0,,False,3,train,0
866,0.0,300.91032,301.16052,0.0,0.08,20.0,-10.0,null,"[3644.93333333, 3644.93333333]",4.0,gabors,"[20.0, 20.0]",null,0.8,0.25020824,238,,,0,,False,0,train,0
867,0.0,301.16052,301.41073,45.0,0.08,40.0,-20.0,null,"[3644.93333333, 3644.93333333]",4.0,gabors,"[20.0, 20.0]",null,0.8,0.25020824,117,,,0,,False,5,test,1
868,0.0,301.41073,301.66094,0.0,0.08,-30.0,-30.0,null,"[3644.93333333, 3644.93333333]",4.0,gabors,"[20.0, 20.0]",null,0.8,0.25020824,192,,,0,,False,2,test,0
869,0.0,301.66094,301.91116,90.0,0.08,-30.0,40.0,null,"[3644.93333333, 3644.93333333]",4.0,gabors,"[20.0, 20.0]",null,0.8,0.25021426,86,,,0,,False,4,train,2
870,0.0,301.91116,302.16137,0.0,0.08,40.0,-10.0,null,"[3644.93333333, 3644.93333333]",4.0,gabors,"[20.0, 20.0]",null,0.8,0.25021426,100,,,0,,False,3,train,0
871,0.0,302.16137,302.41158,45.0,0.08,-30.0,-20.0,null,"[3644.93333333, 3644.93333333]",4.0,gabors,"[20.0, 20.0]",null,0.8,0.25021426,233,,,0,,False,2,test,1
872,0.0,302.41158,302.6618,90.0,0.08,30.0,0.0,null,"[3644.93333333, 3644.93333333]",4.0,gabors,"[20.0, 20.0]",null,0.8,0.25021426,113,,,0,,False,4,train,2
873,0.0,302.6618,302.912,0.0,0.08,-30.0,20.0,null,"[3644.93333333, 3644.93333333]",4.0,gabors,"[20.0, 20.0]",null,0.8,0.25020324,227,,,0,,False,2,test,0
874,0.0,302.912,303.1622,90.0,0.08,-20.0,10.0,null,"[3644.93333333, 3644.93333333]",4.0,gabors,"[20.0, 20.0]",null,0.8,0.25020324,162,,,0,,False,4,train,2
875,0.0,303.1622,303.41241,0.0,0.08,-30.0,0.0,null,"[3644.93333333, 3644.93333333]",4.0,gabors,"[20.0, 20.0]",null,0.8,0.25020324,226,,,0,,False,1,train,0
876,0.0,303.41241,303.66261,0.0,0.08,-40.0,20.0,null,"[3644.93333333, 3644.93333333]",4.0,gabors,"[20.0, 20.0]",null,0.8,0.25020324,106,,,0,,False,3,train,0
877,0.0,303.66261,303.91283,90.0,0.08,30.0,0.0,null,"[3644.93333333, 3644.93333333]",4.0,gabors,"[20.0, 20.0]",null,0.8,0.25021426,113,,,0,,False,5,test,2
878,0.0,303.91283,304.16304,45.0,0.08,-10.0,40.0,null,"[3644.93333333, 3644.93333333]",4.0,gabors,"[20.0, 20.0]",null,0.8,0.25021426,48,,,0,,False,5,test,1
879,0.0,304.16304,304.41325,0.0,0.08,-40.0,40.0,null,"[3644.93333333, 3644.93333333]",4.0,gabors,"[20.0, 20.0]",null,0.8,0.25021426,14,,,0,,False,5,test,0
880,0.0,304.41325,304.66347,0.0,0.08,-30.0,10.0,null,"[3644.93333333, 3644.93333333]",4.0,gabors,"[20.0, 20.0]",null,0.8,0.25021426,150,,,0,,False,3,train,0
881,0.0,304.66347,304.91367,90.0,0.08,-40.0,-30.0,null,"[3644.93333333, 3644.93333333]",4.0,gabors,"[20.0, 20.0]",null,0.8,0.25020324,56,,,0,,False,3,train,2
882,0.0,304.91367,305.16387,45.0,0.08,30.0,-10.0,null,"[3644.93333333, 3644.93333333]",4.0,gabors,"[20.0, 20.0]",null,0.8,0.25020324,199,,,0,,False,2,test,1
883,0.0,305.16387,305.41408,90.0,0.08,-10.0,-30.0,null,"[3644.93333333, 3644.93333333]",4.0,gabors,"[20.0, 20.0]",null,0.8,0.25020324,133,,,0,,False,3,train,2
884,0.0,305.41408,305.66428,45.0,0.08,-40.0,0.0,null,"[3644.93333333, 3644.93333333]",4.0,gabors,"[20.0, 20.0]",null,0.8,0.25020324,208,,,0,,False,2,test,1
885,0.0,305.66428,305.91449,0.0,0.08,40.0,0.0,null,"[3644.93333333, 3644.93333333]",4.0,gabors,"[20.0, 20.0]",null,0.8,0.25021176,206,,,0,,False,3,train,0
886,0.0,305.91449,306.1647,45.0,0.08,10.0,-20.0,null,"[3644.93333333, 3644.93333333]",4.0,gabors,"[20.0, 20.0]",null,0.8,0.25021176,126,,,0,,False,6,train,1
887,0.0,306.1647,306.41492,90.0,0.08,0.0,-10.0,null,"[3644.93333333, 3644.93333333]",4.0,gabors,"[20.0, 20.0]",null,0.8,0.25021176,49,,,0,,False,3,train,2
888,0.0,306.41492,306.66513,0.0,0.08,-40.0,-20.0,null,"[3644.93333333, 3644.93333333]",4.0,gabors,"[20.0, 20.0]",null,0.8,0.25021176,13,,,0,,False,4,train,0
889,0.0,306.66513,306.91534,90.0,0.08,-10.0,40.0,null,"[3644.93333333, 3644.93333333]",4.0,gabors,"[20.0, 20.0]",null,0.8,0.25020824,27,,,0,,False,3,train,2
890,0.0,306.91534,307.16554,90.0,0.08,-10.0,-40.0,null,"[3644.93333333, 3644.93333333]",4.0,gabors,"[20.0, 20.0]",null,0.8,0.25020824,156,,,0,,False,5,test,2
891,0.0,307.16554,307.41575,45.0,0.08,40.0,-30.0,null,"[3644.93333333, 3644.93333333]",4.0,gabors,"[20.0, 20.0]",null,0.8,0.25020824,181,,,0,,False,3,train,1
892,0.0,307.41575,307.66596,0.0,0.08,-40.0,30.0,null,"[3644.93333333, 3644.93333333]",4.0,gabors,"[20.0, 20.0]",null,0.8,0.25020824,129,,,0,,False,4,train,0
893,0.0,307.66596,307.91618,90.0,0.08,-30.0,40.0,null,"[3644.93333333, 3644.93333333]",4.0,gabors,"[20.0, 20.0]",null,0.8,0.25021426,86,,,0,,False,5,test,2
894,0.0,307.91618,308.16639,0.0,0.08,10.0,0.0,null,"[3644.93333333, 3644.93333333]",4.0,gabors,"[20.0, 20.0]",null,0.8,0.25021426,132,,,0,,False,3,train,0
895,0.0,308.16639,308.4166,45.0,0.08,-30.0,0.0,null,"[3644.93333333, 3644.93333333]",4.0,gabors,"[20.0, 20.0]",null,0.8,0.25021426,212,,,0,,False,1,train,1
896,0.0,308.4166,308.66682,45.0,0.08,-20.0,20.0,null,"[3644.93333333, 3644.93333333]",4.0,gabors,"[20.0, 20.0]",null,0.8,0.25021426,235,,,0,,False,2,test,1
897,0.0,308.66682,308.91702,45.0,0.08,20.0,-10.0,null,"[3644.93333333, 3644.93333333]",4.0,gabors,"[20.0, 20.0]",null,0.8,0.25020324,183,,,0,,False,1,train,1
898,0.0,308.91702,309.16722,0.0,0.08,40.0,-10.0,null,"[3644.93333333, 3644.93333333]",4.0,gabors,"[20.0, 20.0]",null,0.8,0.25020324,100,,,0,,False,4,train,0
899,0.0,309.16722,309.41743,45.0,0.08,30.0,-10.0,null,"[3644.93333333, 3644.93333333]",4.0,gabors,"[20.0, 20.0]",null,0.8,0.25020324,199,,,0,,False,3,train,1
900,0.0,309.41743,309.66763,90.0,0.08,-40.0,-10.0,null,"[3644.93333333, 3644.93333333]",4.0,gabors,"[20.0, 20.0]",null,0.8,0.25020324,190,,,0,,False,3,train,2
901,0.0,309.66763,309.91785,0.0,0.08,10.0,-40.0,null,"[3644.93333333, 3644.93333333]",4.0,gabors,"[20.0, 20.0]",null,0.8,0.25021426,211,,,0,,False,3,train,0
902,0.0,309.91785,310.16806,90.0,0.08,-40.0,-10.0,null,"[3644.93333333, 3644.93333333]",4.0,gabors,"[20.0, 20.0]",null,0.8,0.25021426,190,,,0,,False,4,train,2
903,0.0,310.16806,310.41827,45.0,0.08,-20.0,20.0,null,"[3644.93333333, 3644.93333333]",4.0,gabors,"[20.0, 20.0]",null,0.8,0.25021426,235,,,0,,False,3,train,1
904,0.0,310.41827,310.66849,45.0,0.08,-10.0,30.0,null,"[3644.93333333, 3644.93333333]",4.0,gabors,"[20.0, 20.0]",null,0.8,0.25021426,178,,,0,,False,3,train,1
905,0.0,310.66849,310.91869,45.0,0.08,0.0,-40.0,null,"[3644.93333333, 3644.93333333]",4.0,gabors,"[20.0, 20.0]",null,0.8,0.25020324,225,,,0,,False,1,train,1
906,0.0,310.91869,311.16889,45.0,0.08,0.0,40.0,null,"[3644.93333333, 3644.93333333]",4.0,gabors,"[20.0, 20.0]",null,0.8,0.25020324,7,,,0,,False,7,train,1
907,0.0,311.16889,311.4191,90.0,0.08,0.0,-20.0,null,"[3644.93333333, 3644.93333333]",4.0,gabors,"[20.0, 20.0]",null,0.8,0.25020324,155,,,0,,False,3,train,2
908,0.0,311.4191,311.6693,0.0,0.08,-10.0,-30.0,null,"[3644.93333333, 3644.93333333]",4.0,gabors,"[20.0, 20.0]",null,0.8,0.25020324,37,,,0,,False,2,test,0
909,0.0,311.6693,311.91952,45.0,0.08,0.0,10.0,null,"[3644.93333333, 3644.93333333]",4.0,gabors,"[20.0, 20.0]",null,0.8,0.25021676,195,,,0,,False,3,train,1
910,0.0,311.91952,312.16973,90.0,0.08,40.0,30.0,null,"[3644.93333333, 3644.93333333]",4.0,gabors,"[20.0, 20.0]",null,0.8,0.25021676,75,,,0,,False,4,train,2
911,0.0,312.16973,312.41995,45.0,0.08,-20.0,-20.0,null,"[3644.93333333, 3644.93333333]",4.0,gabors,"[20.0, 20.0]",null,0.8,0.25021676,120,,,0,,False,4,train,1
912,0.0,312.41995,312.67017,45.0,0.08,20.0,0.0,null,"[3644.93333333, 3644.93333333]",4.0,gabors,"[20.0, 20.0]",null,0.8,0.25021676,143,,,0,,False,2,test,1
913,0.0,312.67017,312.92037,90.0,0.08,20.0,30.0,null,"[3644.93333333, 3644.93333333]",4.0,gabors,"[20.0, 20.0]",null,0.8,0.25020074,188,,,0,,False,1,train,2
914,0.0,312.92037,313.17057,90.0,0.08,10.0,20.0,null,"[3644.93333333, 3644.93333333]",4.0,gabors,"[20.0, 20.0]",null,0.8,0.25020074,220,,,0,,False,3,train,2
915,0.0,313.17057,313.42077,45.0,0.08,0.0,40.0,null,"[3644.93333333, 3644.93333333]",4.0,gabors,"[20.0, 20.0]",null,0.8,0.25020074,7,,,0,,False,8,test,1
916,0.0,313.42077,313.67097,45.0,0.08,40.0,-10.0,null,"[3644.93333333, 3644.93333333]",4.0,gabors,"[20.0, 20.0]",null,0.8,0.25020074,38,,,0,,False,4,train,1
917,0.0,313.67097,313.92118,90.0,0.08,10.0,-30.0,null,"[3644.93333333, 3644.93333333]",4.0,gabors,"[20.0, 20.0]",null,0.8,0.25021176,219,,,0,,False,2,test,2
918,0.0,313.92118,314.17139,45.0,0.08,30.0,-20.0,null,"[3644.93333333, 3644.93333333]",4.0,gabors,"[20.0, 20.0]",null,0.8,0.25021176,47,,,0,,False,3,train,1
919,0.0,314.17139,314.42161,45.0,0.08,20.0,-20.0,null,"[3644.93333333, 3644.93333333]",4.0,gabors,"[20.0, 20.0]",null,0.8,0.25021176,229,,,0,,False,4,train,1
920,0.0,314.42161,314.67182,90.0,0.08,-40.0,30.0,null,"[3644.93333333, 3644.93333333]",4.0,gabors,"[20.0, 20.0]",null,0.8,0.25021176,45,,,0,,False,4,train,2
921,0.0,314.67182,314.92203,0.0,0.08,-20.0,0.0,null,"[3644.93333333, 3644.93333333]",4.0,gabors,"[20.0, 20.0]",null,0.8,0.25020824,15,,,0,,False,2,test,0
922,0.0,314.92203,315.17223,45.0,0.08,20.0,-10.0,null,"[3644.93333333, 3644.93333333]",4.0,gabors,"[20.0, 20.0]",null,0.8,0.25020824,183,,,0,,False,2,test,1
923,0.0,315.17223,315.42244,0.0,0.08,-20.0,20.0,null,"[3644.93333333, 3644.93333333]",4.0,gabors,"[20.0, 20.0]",null,0.8,0.25020824,239,,,0,,False,0,train,0
924,0.0,315.42244,315.67265,90.0,0.08,0.0,-20.0,null,"[3644.93333333, 3644.93333333]",4.0,gabors,"[20.0, 20.0]",null,0.8,0.25020824,155,,,0,,False,4,train,2
925,0.0,315.67265,315.92286,90.0,0.08,-40.0,10.0,null,"[3644.93333333, 3644.93333333]",4.0,gabors,"[20.0, 20.0]",null,0.8,0.25021176,115,,,0,,False,7,train,2
926,0.0,315.92286,316.17307,90.0,0.08,30.0,-20.0,null,"[3644.93333333, 3644.93333333]",4.0,gabors,"[20.0, 20.0]",null,0.8,0.25021176,21,,,0,,False,4,train,2
927,0.0,316.17307,316.42329,90.0,0.08,20.0,-40.0,null,"[3644.93333333, 3644.93333333]",4.0,gabors,"[20.0, 20.0]",null,0.8,0.25021176,33,,,0,,False,7,train,2
928,0.0,316.42329,316.6735,90.0,0.08,-10.0,20.0,null,"[3644.93333333, 3644.93333333]",4.0,gabors,"[20.0, 20.0]",null,0.8,0.25021176,137,,,0,,False,3,train,2
929,0.0,316.6735,316.9237,90.0,0.08,10.0,10.0,null,"[3644.93333333, 3644.93333333]",4.0,gabors,"[20.0, 20.0]",null,0.8,0.25020574,237,,,0,,False,1,train,2
930,0.0,316.9237,317.17391,90.0,0.08,-20.0,-30.0,null,"[3644.93333333, 3644.93333333]",4.0,gabors,"[20.0, 20.0]",null,0.8,0.25020574,161,,,0,,False,3,train,2
931,0.0,317.17391,317.42412,90.0,0.08,-20.0,30.0,null,"[3644.93333333, 3644.93333333]",4.0,gabors,"[20.0, 20.0]",null,0.8,0.25020574,124,,,0,,False,2,test,2
932,0.0,317.42412,317.67432,0.0,0.08,-30.0,0.0,null,"[3644.93333333, 3644.93333333]",4.0,gabors,"[20.0, 20.0]",null,0.8,0.25020574,226,,,0,,False,2,test,0
933,0.0,317.67432,317.92453,90.0,0.08,20.0,-40.0,null,"[3644.93333333, 3644.93333333]",4.0,gabors,"[20.0, 20.0]",null,0.8,0.25021176,33,,,0,,False,8,test,2
934,0.0,317.92453,318.17474,0.0,0.08,30.0,-20.0,null,"[3644.93333333, 3644.93333333]",4.0,gabors,"[20.0, 20.0]",null,0.8,0.25021176,194,,,0,,False,4,train,0
935,0.0,318.17474,318.42496,0.0,0.08,40.0,-20.0,null,"[3644.93333333, 3644.93333333]",4.0,gabors,"[20.0, 20.0]",null,0.8,0.25021176,164,,,0,,False,3,train,0
936,0.0,318.42496,318.67517,90.0,0.08,-40.0,20.0,null,"[3644.93333333, 3644.93333333]",4.0,gabors,"[20.0, 20.0]",null,0.8,0.25021176,65,,,0,,False,3,train,2
937,0.0,318.67517,318.92538,90.0,0.08,20.0,-30.0,null,"[3644.93333333, 3644.93333333]",4.0,gabors,"[20.0, 20.0]",null,0.8,0.25020824,157,,,0,,False,3,train,2
938,0.0,318.92538,319.17558,90.0,0.08,-40.0,-40.0,null,"[3644.93333333, 3644.93333333]",4.0,gabors,"[20.0, 20.0]",null,0.8,0.25020824,196,,,0,,False,4,train,2
939,0.0,319.17558,319.42579,0.0,0.08,20.0,10.0,null,"[3644.93333333, 3644.93333333]",4.0,gabors,"[20.0, 20.0]",null,0.8,0.25020824,44,,,0,,False,4,train,0
940,0.0,319.42579,319.676,0.0,0.08,-10.0,20.0,null,"[3644.93333333, 3644.93333333]",4.0,gabors,"[20.0, 20.0]",null,0.8,0.25020824,131,,,0,,False,4,train,0
941,0.0,319.676,319.92622,0.0,0.08,30.0,-20.0,null,"[3644.93333333, 3644.93333333]",4.0,gabors,"[20.0, 20.0]",null,0.8,0.25021926,194,,,0,,False,5,test,0
942,0.0,319.92622,320.17644,90.0,0.08,-40.0,-20.0,null,"[3644.93333333, 3644.93333333]",4.0,gabors,"[20.0, 20.0]",null,0.8,0.25021926,189,,,0,,False,6,train,2
943,0.0,320.17644,320.42666,45.0,0.08,20.0,30.0,null,"[3644.93333333, 3644.93333333]",4.0,gabors,"[20.0, 20.0]",null,0.8,0.25021926,146,,,0,,False,4,train,1
944,0.0,320.42666,320.67688,45.0,0.08,30.0,30.0,null,"[3644.93333333, 3644.93333333]",4.0,gabors,"[20.0, 20.0]",null,0.8,0.25021926,39,,,0,,False,5,test,1
945,0.0,320.67688,320.92708,0.0,0.08,-10.0,-20.0,null,"[3644.93333333, 3644.93333333]",4.0,gabors,"[20.0, 20.0]",null,0.8,0.25019824,187,,,0,,False,3,train,0
946,0.0,320.92708,321.17727,0.0,0.08,20.0,-30.0,null,"[3644.93333333, 3644.93333333]",4.0,gabors,"[20.0, 20.0]",null,0.8,0.25019824,22,,,0,,False,4,train,0
947,0.0,321.17727,321.42747,45.0,0.08,-40.0,-30.0,null,"[3644.93333333, 3644.93333333]",4.0,gabors,"[20.0, 20.0]",null,0.8,0.25019824,92,,,0,,False,4,train,1
948,0.0,321.42747,321.67767,45.0,0.08,-40.0,10.0,null,"[3644.93333333, 3644.93333333]",4.0,gabors,"[20.0, 20.0]",null,0.8,0.25019824,16,,,0,,False,6,train,1
949,0.0,321.67767,321.92789,0.0,0.08,-20.0,20.0,null,"[3644.93333333, 3644.93333333]",4.0,gabors,"[20.0, 20.0]",null,0.8,0.25021426,239,,,0,,False,1,train,0
950,0.0,321.92789,322.1781,90.0,0.08,-20.0,10.0,null,"[3644.93333333, 3644.93333333]",4.0,gabors,"[20.0, 20.0]",null,0.8,0.25021426,162,,,0,,False,5,test,2
951,0.0,322.1781,322.42831,90.0,0.08,-10.0,-40.0,null,"[3644.93333333, 3644.93333333]",4.0,gabors,"[20.0, 20.0]",null,0.8,0.25021426,156,,,0,,False,6,train,2
952,0.0,322.42831,322.67853,0.0,0.08,-20.0,-30.0,null,"[3644.93333333, 3644.93333333]",4.0,gabors,"[20.0, 20.0]",null,0.8,0.25021426,54,,,0,,False,3,train,0
953,0.0,322.67853,322.92873,90.0,0.08,30.0,10.0,null,"[3644.93333333, 3644.93333333]",4.0,gabors,"[20.0, 20.0]",null,0.8,0.25020074,204,,,0,,False,5,test,2
954,0.0,322.92873,323.17893,90.0,0.08,20.0,40.0,null,"[3644.93333333, 3644.93333333]",4.0,gabors,"[20.0, 20.0]",null,0.8,0.25020074,180,,,0,,False,4,train,2
955,0.0,323.17893,323.42913,90.0,0.08,-30.0,30.0,null,"[3644.93333333, 3644.93333333]",4.0,gabors,"[20.0, 20.0]",null,0.8,0.25020074,96,,,0,,False,2,test,2
956,0.0,323.42913,323.67933,90.0,0.08,-10.0,20.0,null,"[3644.93333333, 3644.93333333]",4.0,gabors,"[20.0, 20.0]",null,0.8,0.25020074,137,,,0,,False,4,train,2
957,0.0,323.67933,323.92955,0.0,0.08,30.0,20.0,null,"[3644.93333333, 3644.93333333]",4.0,gabors,"[20.0, 20.0]",null,0.8,0.25021926,64,,,0,,False,5,test,0
958,0.0,323.92955,324.17977,0.0,0.08,30.0,-20.0,null,"[3644.93333333, 3644.93333333]",4.0,gabors,"[20.0, 20.0]",null,0.8,0.25021926,194,,,0,,False,6,train,0
959,0.0,324.17977,324.42999,45.0,0.08,30.0,0.0,null,"[3644.93333333, 3644.93333333]",4.0,gabors,"[20.0, 20.0]",null,0.8,0.25021926,102,,,0,,False,3,train,1
960,0.0,324.42999,324.68021,0.0,0.08,10.0,-10.0,null,"[3644.93333333, 3644.93333333]",4.0,gabors,"[20.0, 20.0]",null,0.8,0.25021926,231,,,0,,False,2,test,0
961,0.0,324.68021,324.93041,45.0,0.08,-20.0,10.0,null,"[3644.93333333, 3644.93333333]",4.0,gabors,"[20.0, 20.0]",null,0.8,0.25020074,213,,,0,,False,2,test,1
962,0.0,324.93041,325.18061,0.0,0.08,-30.0,0.0,null,"[3644.93333333, 3644.93333333]",4.0,gabors,"[20.0, 20.0]",null,0.8,0.25020074,226,,,0,,False,3,train,0
963,0.0,325.18061,325.43081,45.0,0.08,-30.0,0.0,null,"[3644.93333333, 3644.93333333]",4.0,gabors,"[20.0, 20.0]",null,0.8,0.25020074,212,,,0,,False,2,test,1
964,0.0,325.43081,325.68101,0.0,0.08,0.0,-10.0,null,"[3644.93333333, 3644.93333333]",4.0,gabors,"[20.0, 20.0]",null,0.8,0.25020074,99,,,0,,False,6,train,0
965,0.0,325.68101,325.93122,45.0,0.08,-20.0,-40.0,null,"[3644.93333333, 3644.93333333]",4.0,gabors,"[20.0, 20.0]",null,0.8,0.25021176,118,,,0,,False,5,test,1
966,0.0,325.93122,326.18143,0.0,0.08,-10.0,40.0,null,"[3644.93333333, 3644.93333333]",4.0,gabors,"[20.0, 20.0]",null,0.8,0.25021176,234,,,0,,False,3,train,0
967,0.0,326.18143,326.43165,90.0,0.08,-40.0,0.0,null,"[3644.93333333, 3644.93333333]",4.0,gabors,"[20.0, 20.0]",null,0.8,0.25021176,80,,,0,,False,3,train,2
968,0.0,326.43165,326.68186,0.0,0.08,10.0,-40.0,null,"[3644.93333333, 3644.93333333]",4.0,gabors,"[20.0, 20.0]",null,0.8,0.25021176,211,,,0,,False,4,train,0
969,0.0,326.68186,326.93207,90.0,0.08,-30.0,-20.0,null,"[3644.93333333, 3644.93333333]",4.0,gabors,"[20.0, 20.0]",null,0.8,0.25020824,111,,,0,,False,2,test,2
970,0.0,326.93207,327.18227,0.0,0.08,10.0,40.0,null,"[3644.93333333, 3644.93333333]",4.0,gabors,"[20.0, 20.0]",null,0.8,0.25020824,9,,,0,,False,5,test,0
971,0.0,327.18227,327.43248,90.0,0.08,-20.0,30.0,null,"[3644.93333333, 3644.93333333]",4.0,gabors,"[20.0, 20.0]",null,0.8,0.25020824,124,,,0,,False,3,train,2
972,0.0,327.43248,327.68269,90.0,0.08,30.0,-30.0,null,"[3644.93333333, 3644.93333333]",4.0,gabors,"[20.0, 20.0]",null,0.8,0.25020824,215,,,0,,False,4,train,2
973,0.0,327.68269,327.9329,0.0,0.08,-10.0,30.0,null,"[3644.93333333, 3644.93333333]",4.0,gabors,"[20.0, 20.0]",null,0.8,0.25020676,29,,,0,,False,6,train,0
974,0.0,327.9329,328.1831,90.0,0.08,-20.0,-10.0,null,"[3644.93333333, 3644.93333333]",4.0,gabors,"[20.0, 20.0]",null,0.8,0.25020676,51,,,0,,False,4,train,2
975,0.0,328.1831,328.43331,90.0,0.08,20.0,-30.0,null,"[3644.93333333, 3644.93333333]",4.0,gabors,"[20.0, 20.0]",null,0.8,0.25020676,157,,,0,,False,4,train,2
976,0.0,328.43331,328.68352,90.0,0.08,40.0,-40.0,null,"[3644.93333333, 3644.93333333]",4.0,gabors,"[20.0, 20.0]",null,0.8,0.25020676,78,,,0,,False,4,train,2
977,0.0,328.68352,328.93373,45.0,0.08,40.0,0.0,null,"[3644.93333333, 3644.93333333]",4.0,gabors,"[20.0, 20.0]",null,0.8,0.25020824,104,,,0,,False,4,train,1
978,0.0,328.93373,329.18393,0.0,0.08,40.0,40.0,null,"[3644.93333333, 3644.93333333]",4.0,gabors,"[20.0, 20.0]",null,0.8,0.25020824,202,,,0,,False,1,train,0
979,0.0,329.18393,329.43414,90.0,0.08,30.0,0.0,null,"[3644.93333333, 3644.93333333]",4.0,gabors,"[20.0, 20.0]",null,0.8,0.25020824,113,,,0,,False,6,train,2
980,0.0,329.43414,329.68435,0.0,0.08,20.0,-20.0,null,"[3644.93333333, 3644.93333333]",4.0,gabors,"[20.0, 20.0]",null,0.8,0.25020824,112,,,0,,False,3,train,0
981,0.0,329.68435,329.93456,45.0,0.08,30.0,-40.0,null,"[3644.93333333, 3644.93333333]",4.0,gabors,"[20.0, 20.0]",null,0.8,0.25020926,125,,,0,,False,4,train,1
982,0.0,329.93456,330.18477,45.0,0.08,20.0,-20.0,null,"[3644.93333333, 3644.93333333]",4.0,gabors,"[20.0, 20.0]",null,0.8,0.25020926,229,,,0,,False,5,test,1
983,0.0,330.18477,330.43498,45.0,0.08,10.0,0.0,null,"[3644.93333333, 3644.93333333]",4.0,gabors,"[20.0, 20.0]",null,0.8,0.25020926,53,,,0,,False,7,train,1
984,0.0,330.43498,330.68519,90.0,0.08,40.0,40.0,null,"[3644.93333333, 3644.93333333]",4.0,gabors,"[20.0, 20.0]",null,0.8,0.25020926,110,,,0,,False,1,train,2
985,0.0,330.68519,330.9354,0.0,0.08,40.0,-10.0,null,"[3644.93333333, 3644.93333333]",4.0,gabors,"[20.0, 20.0]",null,0.8,0.25021324,100,,,0,,False,5,test,0
986,0.0,330.9354,331.18561,90.0,0.08,10.0,40.0,null,"[3644.93333333, 3644.93333333]",4.0,gabors,"[20.0, 20.0]",null,0.8,0.25021324,135,,,0,,False,3,train,2
987,0.0,331.18561,331.43583,45.0,0.08,0.0,20.0,null,"[3644.93333333, 3644.93333333]",4.0,gabors,"[20.0, 20.0]",null,0.8,0.25021324,18,,,0,,False,3,train,1
988,0.0,331.43583,331.68604,45.0,0.08,10.0,0.0,null,"[3644.93333333, 3644.93333333]",4.0,gabors,"[20.0, 20.0]",null,0.8,0.25021324,53,,,0,,False,8,test,1
989,0.0,331.68604,331.93625,90.0,0.08,0.0,20.0,null,"[3644.93333333, 3644.93333333]",4.0,gabors,"[20.0, 20.0]",null,0.8,0.25020926,85,,,0,,False,3,train,2
990,0.0,331.93625,332.18646,0.0,0.08,0.0,-40.0,null,"[3644.93333333, 3644.93333333]",4.0,gabors,"[20.0, 20.0]",null,0.8,0.25020926,12,,,0,,False,2,test,0
991,0.0,332.18646,332.43667,90.0,0.08,-10.0,-10.0,null,"[3644.93333333, 3644.93333333]",4.0,gabors,"[20.0, 20.0]",null,0.8,0.25020926,223,,,0,,False,4,train,2
992,0.0,332.43667,332.68688,45.0,0.08,-10.0,30.0,null,"[3644.93333333, 3644.93333333]",4.0,gabors,"[20.0, 20.0]",null,0.8,0.25020926,178,,,0,,False,4,train,1
993,0.0,332.68688,332.93709,45.0,0.08,-20.0,-40.0,null,"[3644.93333333, 3644.93333333]",4.0,gabors,"[20.0, 20.0]",null,0.8,0.25020824,118,,,0,,False,6,train,1
994,0.0,332.93709,333.18729,45.0,0.08,-40.0,-10.0,null,"[3644.93333333, 3644.93333333]",4.0,gabors,"[20.0, 20.0]",null,0.8,0.25020824,210,,,0,,False,3,train,1
995,0.0,333.18729,333.4375,0.0,0.08,-10.0,30.0,null,"[3644.93333333, 3644.93333333]",4.0,gabors,"[20.0, 20.0]",null,0.8,0.25020824,29,,,0,,False,7,train,0
996,0.0,333.4375,333.68771,0.0,0.08,-10.0,-20.0,null,"[3644.93333333, 3644.93333333]",4.0,gabors,"[20.0, 20.0]",null,0.8,0.25020824,187,,,0,,False,4,train,0
997,0.0,333.68771,333.93793,0.0,0.08,-30.0,0.0,null,"[3644.93333333, 3644.93333333]",4.0,gabors,"[20.0, 20.0]",null,0.8,0.25021426,226,,,0,,False,4,train,0
998,0.0,333.93793,334.18814,90.0,0.08,-20.0,-10.0,null,"[3644.93333333, 3644.93333333]",4.0,gabors,"[20.0, 20.0]",null,0.8,0.25021426,51,,,0,,False,5,test,2
999,0.0,334.18814,334.43835,45.0,0.08,-20.0,30.0,null,"[3644.93333333, 3644.93333333]",4.0,gabors,"[20.0, 20.0]",null,0.8,0.25021426,228,,,0,,False,1,train,1
1000,0.0,334.43835,334.68857,90.0,0.08,-10.0,-10.0,null,"[3644.93333333, 3644.93333333]",4.0,gabors,"[20.0, 20.0]",null,0.8,0.25021426,223,,,0,,False,5,test,2
1001,0.0,334.68857,334.93877,45.0,0.08,10.0,-10.0,null,"[3644.93333333, 3644.93333333]",4.0,gabors,"[20.0, 20.0]",null,0.8,0.25020574,94,,,0,,False,4,train,1
1002,0.0,334.93877,335.18898,45.0,0.08,30.0,30.0,null,"[3644.93333333, 3644.93333333]",4.0,gabors,"[20.0, 20.0]",null,0.8,0.25020574,39,,,0,,False,6,train,1
1003,0.0,335.18898,335.43919,90.0,0.08,20.0,30.0,null,"[3644.93333333, 3644.93333333]",4.0,gabors,"[20.0, 20.0]",null,0.8,0.25020574,188,,,0,,False,2,test,2
1004,0.0,335.43919,335.68939,45.0,0.08,40.0,40.0,null,"[3644.93333333, 3644.93333333]",4.0,gabors,"[20.0, 20.0]",null,0.8,0.25020574,165,,,0,,False,2,test,1
1005,0.0,335.68939,335.9396,0.0,0.08,-20.0,-40.0,null,"[3644.93333333, 3644.93333333]",4.0,gabors,"[20.0, 20.0]",null,0.8,0.25020676,93,,,0,,False,2,test,0
1006,0.0,335.9396,336.1898,90.0,0.08,20.0,-30.0,null,"[3644.93333333, 3644.93333333]",4.0,gabors,"[20.0, 20.0]",null,0.8,0.25020676,157,,,0,,False,5,test,2
1007,0.0,336.1898,336.44001,90.0,0.08,0.0,-20.0,null,"[3644.93333333, 3644.93333333]",4.0,gabors,"[20.0, 20.0]",null,0.8,0.25020676,155,,,0,,False,5,test,2
1008,0.0,336.44001,336.69022,90.0,0.08,20.0,10.0,null,"[3644.93333333, 3644.93333333]",4.0,gabors,"[20.0, 20.0]",null,0.8,0.25020676,130,,,0,,False,2,test,2
1009,0.0,336.69022,336.94043,90.0,0.08,-30.0,-20.0,null,"[3644.93333333, 3644.93333333]",4.0,gabors,"[20.0, 20.0]",null,0.8,0.25020824,111,,,0,,False,3,train,2
1010,0.0,336.94043,337.19063,0.0,0.08,0.0,-20.0,null,"[3644.93333333, 3644.93333333]",4.0,gabors,"[20.0, 20.0]",null,0.8,0.25020824,172,,,0,,False,5,test,0
1011,0.0,337.19063,337.44084,0.0,0.08,-40.0,40.0,null,"[3644.93333333, 3644.93333333]",4.0,gabors,"[20.0, 20.0]",null,0.8,0.25020824,14,,,0,,False,6,train,0
1012,0.0,337.44084,337.69105,45.0,0.08,-10.0,20.0,null,"[3644.93333333, 3644.93333333]",4.0,gabors,"[20.0, 20.0]",null,0.8,0.25020824,201,,,0,,False,1,train,1
1013,0.0,337.69105,337.94126,45.0,0.08,10.0,-40.0,null,"[3644.93333333, 3644.93333333]",4.0,gabors,"[20.0, 20.0]",null,0.8,0.25021176,73,,,0,,False,3,train,1
1014,0.0,337.94126,338.19147,90.0,0.08,0.0,-40.0,null,"[3644.93333333, 3644.93333333]",4.0,gabors,"[20.0, 20.0]",null,0.8,0.25021176,173,,,0,,False,5,test,2
1015,0.0,338.19147,338.44169,45.0,0.08,0.0,10.0,null,"[3644.93333333, 3644.93333333]",4.0,gabors,"[20.0, 20.0]",null,0.8,0.25021176,195,,,0,,False,4,train,1
1016,0.0,338.44169,338.6919,0.0,0.08,40.0,20.0,null,"[3644.93333333, 3644.93333333]",4.0,gabors,"[20.0, 20.0]",null,0.8,0.25021176,185,,,0,,False,4,train,0
1017,0.0,338.6919,338.9421,0.0,0.08,30.0,-10.0,null,"[3644.93333333, 3644.93333333]",4.0,gabors,"[20.0, 20.0]",null,0.8,0.25020574,149,,,0,,False,3,train,0
1018,0.0,338.9421,339.19231,0.0,0.08,0.0,0.0,null,"[3644.93333333, 3644.93333333]",4.0,gabors,"[20.0, 20.0]",null,0.8,0.25020574,240,,,0,,False,0,train,0
1019,0.0,339.19231,339.44252,90.0,0.08,-10.0,-20.0,null,"[3644.93333333, 3644.93333333]",4.0,gabors,"[20.0, 20.0]",null,0.8,0.25020574,17,,,0,,False,3,train,2
1020,0.0,339.44252,339.69272,45.0,0.08,-30.0,-40.0,null,"[3644.93333333, 3644.93333333]",4.0,gabors,"[20.0, 20.0]",null,0.8,0.25020574,70,,,0,,False,4,train,1
1021,0.0,339.69272,339.94294,0.0,0.08,30.0,-30.0,null,"[3644.93333333, 3644.93333333]",4.0,gabors,"[20.0, 20.0]",null,0.8,0.25022176,81,,,0,,False,1,train,0
1022,0.0,339.94294,340.19316,45.0,0.08,10.0,0.0,null,"[3644.93333333, 3644.93333333]",4.0,gabors,"[20.0, 20.0]",null,0.8,0.25022176,53,,,0,,False,9,train,1
1023,0.0,340.19316,340.44339,90.0,0.08,-30.0,30.0,null,"[3644.93333333, 3644.93333333]",4.0,gabors,"[20.0, 20.0]",null,0.8,0.25022176,96,,,0,,False,3,train,2
1024,0.0,340.44339,340.69361,90.0,0.08,-30.0,20.0,null,"[3644.93333333, 3644.93333333]",4.0,gabors,"[20.0, 20.0]",null,0.8,0.25022176,176,,,0,,False,5,test,2
1025,0.0,340.69361,340.94381,90.0,0.08,10.0,0.0,null,"[3644.93333333, 3644.93333333]",4.0,gabors,"[20.0, 20.0]",null,0.8,0.25020074,97,,,0,,False,5,test,2
1026,0.0,340.94381,341.19401,0.0,0.08,30.0,-20.0,null,"[3644.93333333, 3644.93333333]",4.0,gabors,"[20.0, 20.0]",null,0.8,0.25020074,194,,,0,,False,7,train,0
1027,0.0,341.19401,341.44421,90.0,0.08,20.0,0.0,null,"[3644.93333333, 3644.93333333]",4.0,gabors,"[20.0, 20.0]",null,0.8,0.25020074,138,,,0,,False,5,test,2
1028,0.0,341.44421,341.69441,90.0,0.08,-10.0,-30.0,null,"[3644.93333333, 3644.93333333]",4.0,gabors,"[20.0, 20.0]",null,0.8,0.25020074,133,,,0,,False,4,train,2
1029,0.0,341.69441,341.94462,45.0,0.08,30.0,-10.0,null,"[3644.93333333, 3644.93333333]",4.0,gabors,"[20.0, 20.0]",null,0.8,0.25021176,199,,,0,,False,4,train,1
1030,0.0,341.94462,342.19483,0.0,0.08,20.0,40.0,null,"[3644.93333333, 3644.93333333]",4.0,gabors,"[20.0, 20.0]",null,0.8,0.25021176,151,,,0,,False,5,test,0
1031,0.0,342.19483,342.44505,0.0,0.08,10.0,-40.0,null,"[3644.93333333, 3644.93333333]",4.0,gabors,"[20.0, 20.0]",null,0.8,0.25021176,211,,,0,,False,5,test,0
1032,0.0,342.44505,342.69526,0.0,0.08,-40.0,0.0,null,"[3644.93333333, 3644.93333333]",4.0,gabors,"[20.0, 20.0]",null,0.8,0.25021176,216,,,0,,False,1,train,0
1033,0.0,342.69526,342.94547,45.0,0.08,-10.0,40.0,null,"[3644.93333333, 3644.93333333]",4.0,gabors,"[20.0, 20.0]",null,0.8,0.25020824,48,,,0,,False,6,train,1
1034,0.0,342.94547,343.19567,45.0,0.08,10.0,30.0,null,"[3644.93333333, 3644.93333333]",4.0,gabors,"[20.0, 20.0]",null,0.8,0.25020824,209,,,0,,False,3,train,1
1035,0.0,343.19567,343.44588,90.0,0.08,-10.0,-40.0,null,"[3644.93333333, 3644.93333333]",4.0,gabors,"[20.0, 20.0]",null,0.8,0.25020824,156,,,0,,False,7,train,2
1036,0.0,343.44588,343.69609,45.0,0.08,-20.0,-10.0,null,"[3644.93333333, 3644.93333333]",4.0,gabors,"[20.0, 20.0]",null,0.8,0.25020824,107,,,0,,False,3,train,1
1037,0.0,343.69609,343.9463,45.0,0.08,-30.0,40.0,null,"[3644.93333333, 3644.93333333]",4.0,gabors,"[20.0, 20.0]",null,0.8,0.25020676,147,,,0,,False,2,test,1
1038,0.0,343.9463,344.1965,90.0,0.08,-30.0,40.0,null,"[3644.93333333, 3644.93333333]",4.0,gabors,"[20.0, 20.0]",null,0.8,0.25020676,86,,,0,,False,6,train,2
1039,0.0,344.1965,344.44671,45.0,0.08,-40.0,20.0,null,"[3644.93333333, 3644.93333333]",4.0,gabors,"[20.0, 20.0]",null,0.8,0.25020676,145,,,0,,False,3,train,1
1040,0.0,344.44671,344.69692,90.0,0.08,0.0,-10.0,null,"[3644.93333333, 3644.93333333]",4.0,gabors,"[20.0, 20.0]",null,0.8,0.25020676,49,,,0,,False,4,train,2
1041,0.0,344.69692,344.94713,0.0,0.08,-10.0,-40.0,null,"[3644.93333333, 3644.93333333]",4.0,gabors,"[20.0, 20.0]",null,0.8,0.25021074,139,,,0,,False,2,test,0
1042,0.0,344.94713,345.19734,90.0,0.08,-10.0,-40.0,null,"[3644.93333333, 3644.93333333]",4.0,gabors,"[20.0, 20.0]",null,0.8,0.25021074,156,,,0,,False,8,test,2
1043,0.0,345.19734,345.44755,90.0,0.08,10.0,-20.0,null,"[3644.93333333, 3644.93333333]",4.0,gabors,"[20.0, 20.0]",null,0.8,0.25021074,19,,,0,,False,3,train,2
1044,0.0,345.44755,345.69776,45.0,0.08,-10.0,40.0,null,"[3644.93333333, 3644.93333333]",4.0,gabors,"[20.0, 20.0]",null,0.8,0.25021074,48,,,0,,False,7,train,1
1045,0.0,345.69776,345.94797,90.0,0.08,-10.0,-10.0,null,"[3644.93333333, 3644.93333333]",4.0,gabors,"[20.0, 20.0]",null,0.8,0.25020676,223,,,0,,False,6,train,2
1046,0.0,345.94797,346.19817,45.0,0.08,10.0,-40.0,null,"[3644.93333333, 3644.93333333]",4.0,gabors,"[20.0, 20.0]",null,0.8,0.25020676,73,,,0,,False,4,train,1
1047,0.0,346.19817,346.44838,90.0,0.08,10.0,-30.0,null,"[3644.93333333, 3644.93333333]",4.0,gabors,"[20.0, 20.0]",null,0.8,0.25020676,219,,,0,,False,3,train,2
1048,0.0,346.44838,346.69859,0.0,0.08,0.0,-40.0,null,"[3644.93333333, 3644.93333333]",4.0,gabors,"[20.0, 20.0]",null,0.8,0.25020676,12,,,0,,False,3,train,0
1049,0.0,346.69859,346.9488,90.0,0.08,10.0,40.0,null,"[3644.93333333, 3644.93333333]",4.0,gabors,"[20.0, 20.0]",null,0.8,0.25020824,135,,,0,,False,4,train,2
1050,0.0,346.9488,347.199,0.0,0.08,-20.0,30.0,null,"[3644.93333333, 3644.93333333]",4.0,gabors,"[20.0, 20.0]",null,0.8,0.25020824,42,,,0,,False,5,test,0
1051,0.0,347.199,347.44921,0.0,0.08,0.0,0.0,null,"[3644.93333333, 3644.93333333]",4.0,gabors,"[20.0, 20.0]",null,0.8,0.25020824,240,,,0,,False,1,train,0
1052,0.0,347.44921,347.69942,45.0,0.08,-40.0,10.0,null,"[3644.93333333, 3644.93333333]",4.0,gabors,"[20.0, 20.0]",null,0.8,0.25020824,16,,,0,,False,7,train,1
1053,0.0,347.69942,347.94964,0.0,0.08,30.0,30.0,null,"[3644.93333333, 3644.93333333]",4.0,gabors,"[20.0, 20.0]",null,0.8,0.25021426,114,,,0,,False,4,train,0
1054,0.0,347.94964,348.19985,90.0,0.08,40.0,20.0,null,"[3644.93333333, 3644.93333333]",4.0,gabors,"[20.0, 20.0]",null,0.8,0.25021426,76,,,0,,False,6,train,2
1055,0.0,348.19985,348.45006,45.0,0.08,-30.0,-10.0,null,"[3644.93333333, 3644.93333333]",4.0,gabors,"[20.0, 20.0]",null,0.8,0.25021426,154,,,0,,False,4,train,1
1056,0.0,348.45006,348.70028,90.0,0.08,10.0,-10.0,null,"[3644.93333333, 3644.93333333]",4.0,gabors,"[20.0, 20.0]",null,0.8,0.25021426,3,,,0,,False,2,test,2
1057,0.0,348.70028,348.95048,45.0,0.08,0.0,-30.0,null,"[3644.93333333, 3644.93333333]",4.0,gabors,"[20.0, 20.0]",null,0.8,0.25020324,241,,,0,,False,0,train,1
1058,0.0,348.95048,349.20068,0.0,0.08,-20.0,-40.0,null,"[3644.93333333, 3644.93333333]",4.0,gabors,"[20.0, 20.0]",null,0.8,0.25020324,93,,,0,,False,3,train,0
1059,0.0,349.20068,349.45089,0.0,0.08,0.0,20.0,null,"[3644.93333333, 3644.93333333]",4.0,gabors,"[20.0, 20.0]",null,0.8,0.25020324,221,,,0,,False,1,train,0
1060,0.0,349.45089,349.70109,90.0,0.08,-20.0,-30.0,null,"[3644.93333333, 3644.93333333]",4.0,gabors,"[20.0, 20.0]",null,0.8,0.25020324,161,,,0,,False,4,train,2
1061,0.0,349.70109,349.95131,0.0,0.08,-30.0,-20.0,null,"[3644.93333333, 3644.93333333]",4.0,gabors,"[20.0, 20.0]",null,0.8,0.25021426,214,,,0,,False,4,train,0
1062,0.0,349.95131,350.20152,90.0,0.08,0.0,-40.0,null,"[3644.93333333, 3644.93333333]",4.0,gabors,"[20.0, 20.0]",null,0.8,0.25021426,173,,,0,,False,6,train,2
1063,0.0,350.20152,350.45173,45.0,0.08,-10.0,10.0,null,"[3644.93333333, 3644.93333333]",4.0,gabors,"[20.0, 20.0]",null,0.8,0.25021426,186,,,0,,False,6,train,1
1064,0.0,350.45173,350.70195,0.0,0.08,40.0,-30.0,null,"[3644.93333333, 3644.93333333]",4.0,gabors,"[20.0, 20.0]",null,0.8,0.25021426,26,,,0,,False,7,train,0
1065,0.0,350.70195,350.95215,90.0,0.08,20.0,-30.0,null,"[3644.93333333, 3644.93333333]",4.0,gabors,"[20.0, 20.0]",null,0.8,0.25020324,157,,,0,,False,6,train,2
1066,0.0,350.95215,351.20235,45.0,0.08,0.0,-40.0,null,"[3644.93333333, 3644.93333333]",4.0,gabors,"[20.0, 20.0]",null,0.8,0.25020324,225,,,0,,False,2,test,1
1067,0.0,351.20235,351.45256,0.0,0.08,-40.0,30.0,null,"[3644.93333333, 3644.93333333]",4.0,gabors,"[20.0, 20.0]",null,0.8,0.25020324,129,,,0,,False,5,test,0
1068,0.0,351.45256,351.70276,45.0,0.08,-30.0,-10.0,null,"[3644.93333333, 3644.93333333]",4.0,gabors,"[20.0, 20.0]",null,0.8,0.25020324,154,,,0,,False,5,test,1
1069,0.0,351.70276,351.95298,0.0,0.08,-40.0,-40.0,null,"[3644.93333333, 3644.93333333]",4.0,gabors,"[20.0, 20.0]",null,0.8,0.25022176,52,,,0,,False,3,train,0
1070,0.0,351.95298,352.2032,45.0,0.08,-40.0,20.0,null,"[3644.93333333, 3644.93333333]",4.0,gabors,"[20.0, 20.0]",null,0.8,0.25022176,145,,,0,,False,4,train,1
1071,0.0,352.2032,352.45343,45.0,0.08,-30.0,20.0,null,"[3644.93333333, 3644.93333333]",4.0,gabors,"[20.0, 20.0]",null,0.8,0.25022176,101,,,0,,False,2,test,1
1072,0.0,352.45343,352.70365,0.0,0.08,30.0,-40.0,null,"[3644.93333333, 3644.93333333]",4.0,gabors,"[20.0, 20.0]",null,0.8,0.25022176,168,,,0,,False,6,train,0
1073,0.0,352.70365,352.95385,0.0,0.08,-30.0,40.0,null,"[3644.93333333, 3644.93333333]",4.0,gabors,"[20.0, 20.0]",null,0.8,0.25020074,89,,,0,,False,5,test,0
1074,0.0,352.95385,353.20405,45.0,0.08,0.0,-30.0,null,"[3644.93333333, 3644.93333333]",4.0,gabors,"[20.0, 20.0]",null,0.8,0.25020074,241,,,0,,False,1,train,1
1075,0.0,353.20405,353.45425,90.0,0.08,30.0,20.0,null,"[3644.93333333, 3644.93333333]",4.0,gabors,"[20.0, 20.0]",null,0.8,0.25020074,25,,,0,,False,4,train,2
1076,0.0,353.45425,353.70445,45.0,0.08,40.0,-40.0,null,"[3644.93333333, 3644.93333333]",4.0,gabors,"[20.0, 20.0]",null,0.8,0.25020074,119,,,0,,False,4,train,1
1077,0.0,353.70445,353.95466,90.0,0.08,10.0,30.0,null,"[3644.93333333, 3644.93333333]",4.0,gabors,"[20.0, 20.0]",null,0.8,0.25020426,170,,,0,,False,2,test,2
1078,0.0,353.95466,354.20486,45.0,0.08,10.0,10.0,null,"[3644.93333333, 3644.93333333]",4.0,gabors,"[20.0, 20.0]",null,0.8,0.25020426,11,,,0,,False,7,train,1
1079,0.0,354.20486,354.45506,45.0,0.08,0.0,-30.0,null,"[3644.93333333, 3644.93333333]",4.0,gabors,"[20.0, 20.0]",null,0.8,0.25020426,241,,,0,,False,2,test,1
1080,0.0,354.45506,354.70527,45.0,0.08,-20.0,-10.0,null,"[3644.93333333, 3644.93333333]",4.0,gabors,"[20.0, 20.0]",null,0.8,0.25020426,107,,,0,,False,4,train,1
1081,0.0,354.70527,354.95548,90.0,0.08,-40.0,-10.0,null,"[3644.93333333, 3644.93333333]",4.0,gabors,"[20.0, 20.0]",null,0.8,0.25021074,190,,,0,,False,5,test,2
1082,0.0,354.95548,355.20569,0.0,0.08,-40.0,30.0,null,"[3644.93333333, 3644.93333333]",4.0,gabors,"[20.0, 20.0]",null,0.8,0.25021074,129,,,0,,False,6,train,0
1083,0.0,355.20569,355.4559,0.0,0.08,0.0,-40.0,null,"[3644.93333333, 3644.93333333]",4.0,gabors,"[20.0, 20.0]",null,0.8,0.25021074,12,,,0,,False,4,train,0
1084,0.0,355.4559,355.70611,0.0,0.08,-30.0,-40.0,null,"[3644.93333333, 3644.93333333]",4.0,gabors,"[20.0, 20.0]",null,0.8,0.25021074,46,,,0,,False,3,train,0
1085,0.0,355.70611,355.95633,45.0,0.08,-20.0,30.0,null,"[3644.93333333, 3644.93333333]",4.0,gabors,"[20.0, 20.0]",null,0.8,0.25021426,228,,,0,,False,2,test,1
1086,0.0,355.95633,356.20654,90.0,0.08,40.0,0.0,null,"[3644.93333333, 3644.93333333]",4.0,gabors,"[20.0, 20.0]",null,0.8,0.25021426,144,,,0,,False,4,train,2
1087,0.0,356.20654,356.45675,0.0,0.08,30.0,-10.0,null,"[3644.93333333, 3644.93333333]",4.0,gabors,"[20.0, 20.0]",null,0.8,0.25021426,149,,,0,,False,4,train,0
1088,0.0,356.45675,356.70697,45.0,0.08,20.0,40.0,null,"[3644.93333333, 3644.93333333]",4.0,gabors,"[20.0, 20.0]",null,0.8,0.25021426,24,,,0,,False,2,test,1
1089,0.0,356.70697,356.95717,90.0,0.08,-40.0,20.0,null,"[3644.93333333, 3644.93333333]",4.0,gabors,"[20.0, 20.0]",null,0.8,0.25020324,65,,,0,,False,4,train,2
1090,0.0,356.95717,357.20737,90.0,0.08,-30.0,30.0,null,"[3644.93333333, 3644.93333333]",4.0,gabors,"[20.0, 20.0]",null,0.8,0.25020324,96,,,0,,False,4,train,2
1091,0.0,357.20737,357.45758,0.0,0.08,0.0,0.0,null,"[3644.93333333, 3644.93333333]",4.0,gabors,"[20.0, 20.0]",null,0.8,0.25020324,240,,,0,,False,2,test,0
1092,0.0,357.45758,357.70778,90.0,0.08,-30.0,-20.0,null,"[3644.93333333, 3644.93333333]",4.0,gabors,"[20.0, 20.0]",null,0.8,0.25020324,111,,,0,,False,4,train,2
1093,0.0,357.70778,357.958,45.0,0.08,30.0,-10.0,null,"[3644.93333333, 3644.93333333]",4.0,gabors,"[20.0, 20.0]",null,0.8,0.25021676,199,,,0,,False,5,test,1
1094,0.0,357.958,358.20821,90.0,0.08,-40.0,40.0,null,"[3644.93333333, 3644.93333333]",4.0,gabors,"[20.0, 20.0]",null,0.8,0.25021676,163,,,0,,False,1,train,2
1095,0.0,358.20821,358.45843,90.0,0.08,-10.0,10.0,null,"[3644.93333333, 3644.93333333]",4.0,gabors,"[20.0, 20.0]",null,0.8,0.25021676,169,,,0,,False,5,test,2
1096,0.0,358.45843,358.70865,45.0,0.08,-20.0,40.0,null,"[3644.93333333, 3644.93333333]",4.0,gabors,"[20.0, 20.0]",null,0.8,0.25021676,59,,,0,,False,4,train,1
1097,0.0,358.70865,358.95885,45.0,0.08,-10.0,-30.0,null,"[3644.93333333, 3644.93333333]",4.0,gabors,"[20.0, 20.0]",null,0.8,0.25020324,83,,,0,,False,7,train,1
1098,0.0,358.95885,359.20905,0.0,0.08,10.0,10.0,null,"[3644.93333333, 3644.93333333]",4.0,gabors,"[20.0, 20.0]",null,0.8,0.25020324,79,,,0,,False,4,train,0
1099,0.0,359.20905,359.45926,90.0,0.08,0.0,40.0,null,"[3644.93333333, 3644.93333333]",4.0,gabors,"[20.0, 20.0]",null,0.8,0.25020324,217,,,0,,False,1,train,2
1100,0.0,359.45926,359.70946,0.0,0.08,0.0,10.0,null,"[3644.93333333, 3644.93333333]",4.0,gabors,"[20.0, 20.0]",null,0.8,0.25020324,6,,,0,,False,3,train,0
1101,0.0,359.70946,359.95968,45.0,0.08,0.0,-10.0,null,"[3644.93333333, 3644.93333333]",4.0,gabors,"[20.0, 20.0]",null,0.8,0.25021426,191,,,0,,False,2,test,1
1102,0.0,359.95968,360.20989,45.0,0.08,-10.0,30.0,null,"[3644.93333333, 3644.93333333]",4.0,gabors,"[20.0, 20.0]",null,0.8,0.25021426,178,,,0,,False,5,test,1
1103,0.0,360.20989,360.4601,45.0,0.08,30.0,-10.0,null,"[3644.93333333, 3644.93333333]",4.0,gabors,"[20.0, 20.0]",null,0.8,0.25021426,199,,,0,,False,6,train,1
1104,0.0,360.4601,360.71032,90.0,0.08,0.0,10.0,null,"[3644.93333333, 3644.93333333]",4.0,gabors,"[20.0, 20.0]",null,0.8,0.25021426,30,,,0,,False,6,train,2
1105,0.0,360.71032,360.96052,0.0,0.08,30.0,-30.0,null,"[3644.93333333, 3644.93333333]",4.0,gabors,"[20.0, 20.0]",null,0.8,0.25020574,81,,,0,,False,2,test,0
1106,0.0,360.96052,361.21073,90.0,0.08,10.0,40.0,null,"[3644.93333333, 3644.93333333]",4.0,gabors,"[20.0, 20.0]",null,0.8,0.25020574,135,,,0,,False,5,test,2
1107,0.0,361.21073,361.46094,0.0,0.08,-10.0,20.0,null,"[3644.93333333, 3644.93333333]",4.0,gabors,"[20.0, 20.0]",null,0.8,0.25020574,131,,,0,,False,5,test,0
1108,0.0,361.46094,361.71114,90.0,0.08,0.0,40.0,null,"[3644.93333333, 3644.93333333]",4.0,gabors,"[20.0, 20.0]",null,0.8,0.25020574,217,,,0,,False,2,test,2
1109,0.0,361.71114,361.96135,0.0,0.08,-40.0,0.0,null,"[3644.93333333, 3644.93333333]",4.0,gabors,"[20.0, 20.0]",null,0.8,0.25020926,216,,,0,,False,2,test,0
1110,0.0,361.96135,362.21156,0.0,0.08,40.0,40.0,null,"[3644.93333333, 3644.93333333]",4.0,gabors,"[20.0, 20.0]",null,0.8,0.25020926,202,,,0,,False,2,test,0
1111,0.0,362.21156,362.46177,0.0,0.08,10.0,0.0,null,"[3644.93333333, 3644.93333333]",4.0,gabors,"[20.0, 20.0]",null,0.8,0.25020926,132,,,0,,False,4,train,0
1112,0.0,362.46177,362.71198,90.0,0.08,-30.0,-10.0,null,"[3644.93333333, 3644.93333333]",4.0,gabors,"[20.0, 20.0]",null,0.8,0.25020926,71,,,0,,False,4,train,2
1113,0.0,362.71198,362.96219,90.0,0.08,-10.0,10.0,null,"[3644.93333333, 3644.93333333]",4.0,gabors,"[20.0, 20.0]",null,0.8,0.25020824,169,,,0,,False,6,train,2
1114,0.0,362.96219,363.21239,90.0,0.08,40.0,30.0,null,"[3644.93333333, 3644.93333333]",4.0,gabors,"[20.0, 20.0]",null,0.8,0.25020824,75,,,0,,False,5,test,2
1115,0.0,363.21239,363.4626,45.0,0.08,30.0,0.0,null,"[3644.93333333, 3644.93333333]",4.0,gabors,"[20.0, 20.0]",null,0.8,0.25020824,102,,,0,,False,4,train,1
1116,0.0,363.4626,363.71281,45.0,0.08,20.0,0.0,null,"[3644.93333333, 3644.93333333]",4.0,gabors,"[20.0, 20.0]",null,0.8,0.25020824,143,,,0,,False,3,train,1
1117,0.0,363.71281,363.96303,90.0,0.08,40.0,40.0,null,"[3644.93333333, 3644.93333333]",4.0,gabors,"[20.0, 20.0]",null,0.8,0.25021926,110,,,0,,False,2,test,2
1118,0.0,363.96303,364.21325,90.0,0.08,20.0,-10.0,null,"[3644.93333333, 3644.93333333]",4.0,gabors,"[20.0, 20.0]",null,0.8,0.25021926,160,,,0,,False,5,test,2
1119,0.0,364.21325,364.46347,90.0,0.08,-10.0,-10.0,null,"[3644.93333333, 3644.93333333]",4.0,gabors,"[20.0, 20.0]",null,0.8,0.25021926,223,,,0,,False,7,train,2
1120,0.0,364.46347,364.71369,90.0,0.08,0.0,30.0,null,"[3644.93333333, 3644.93333333]",4.0,gabors,"[20.0, 20.0]",null,0.8,0.25021926,10,,,0,,False,4,train,2
1121,0.0,364.71369,364.96389,0.0,0.08,-20.0,10.0,null,"[3644.93333333, 3644.93333333]",4.0,gabors,"[20.0, 20.0]",null,0.8,0.25019824,182,,,0,,False,2,test,0
1122,0.0,364.96389,365.21408,45.0,0.08,-10.0,-10.0,null,"[3644.93333333, 3644.93333333]",4.0,gabors,"[20.0, 20.0]",null,0.8,0.25019824,55,,,0,,False,4,train,1
1123,0.0,365.21408,365.46428,0.0,0.08,30.0,0.0,null,"[3644.93333333, 3644.93333333]",4.0,gabors,"[20.0, 20.0]",null,0.8,0.25019824,66,,,0,,False,5,test,0
1124,0.0,365.46428,365.71448,0.0,0.08,-40.0,20.0,null,"[3644.93333333, 3644.93333333]",4.0,gabors,"[20.0, 20.0]",null,0.8,0.25019824,106,,,0,,False,4,train,0
1125,0.0,365.71448,365.96469,0.0,0.08,40.0,30.0,null,"[3644.93333333, 3644.93333333]",4.0,gabors,"[20.0, 20.0]",null,0.8,0.25021176,95,,,0,,False,4,train,0
1126,0.0,365.96469,366.2149,90.0,0.08,30.0,20.0,null,"[3644.93333333, 3644.93333333]",4.0,gabors,"[20.0, 20.0]",null,0.8,0.25021176,25,,,0,,False,5,test,2
1127,0.0,366.2149,366.46512,45.0,0.08,-40.0,0.0,null,"[3644.93333333, 3644.93333333]",4.0,gabors,"[20.0, 20.0]",null,0.8,0.25021176,208,,,0,,False,3,train,1
1128,0.0,366.46512,366.71533,90.0,0.08,-30.0,30.0,null,"[3644.93333333, 3644.93333333]",4.0,gabors,"[20.0, 20.0]",null,0.8,0.25021176,96,,,0,,False,5,test,2
1129,0.0,366.71533,366.96554,0.0,0.08,-20.0,-20.0,null,"[3644.93333333, 3644.93333333]",4.0,gabors,"[20.0, 20.0]",null,0.8,0.25020824,236,,,0,,False,1,train,0
1130,0.0,366.96554,367.21574,0.0,0.08,-30.0,20.0,null,"[3644.93333333, 3644.93333333]",4.0,gabors,"[20.0, 20.0]",null,0.8,0.25020824,227,,,0,,False,3,train,0
1131,0.0,367.21574,367.46595,45.0,0.08,10.0,40.0,null,"[3644.93333333, 3644.93333333]",4.0,gabors,"[20.0, 20.0]",null,0.8,0.25020824,74,,,0,,False,4,train,1
1132,0.0,367.46595,367.71616,0.0,0.08,40.0,40.0,null,"[3644.93333333, 3644.93333333]",4.0,gabors,"[20.0, 20.0]",null,0.8,0.25020824,202,,,0,,False,3,train,0
1133,0.0,367.71616,367.96637,45.0,0.08,0.0,30.0,null,"[3644.93333333, 3644.93333333]",4.0,gabors,"[20.0, 20.0]",null,0.8,0.25020676,193,,,0,,False,3,train,1
1134,0.0,367.96637,368.21657,90.0,0.08,40.0,40.0,null,"[3644.93333333, 3644.93333333]",4.0,gabors,"[20.0, 20.0]",null,0.8,0.25020676,110,,,0,,False,3,train,2
1135,0.0,368.21657,368.46678,90.0,0.08,-40.0,-20.0,null,"[3644.93333333, 3644.93333333]",4.0,gabors,"[20.0, 20.0]",null,0.8,0.25020676,189,,,0,,False,7,train,2
1136,0.0,368.46678,368.71699,45.0,0.08,30.0,-30.0,null,"[3644.93333333, 3644.93333333]",4.0,gabors,"[20.0, 20.0]",null,0.8,0.25020676,153,,,0,,False,3,train,1
1137,0.0,368.71699,368.9672,45.0,0.08,0.0,-40.0,null,"[3644.93333333, 3644.93333333]",4.0,gabors,"[20.0, 20.0]",null,0.8,0.25021074,225,,,0,,False,3,train,1
1138,0.0,368.9672,369.21741,45.0,0.08,40.0,0.0,null,"[3644.93333333, 3644.93333333]",4.0,gabors,"[20.0, 20.0]",null,0.8,0.25021074,104,,,0,,False,5,test,1
1139,0.0,369.21741,369.46762,90.0,0.08,-20.0,-10.0,null,"[3644.93333333, 3644.93333333]",4.0,gabors,"[20.0, 20.0]",null,0.8,0.25021074,51,,,0,,False,6,train,2
1140,0.0,369.46762,369.71783,0.0,0.08,30.0,0.0,null,"[3644.93333333, 3644.93333333]",4.0,gabors,"[20.0, 20.0]",null,0.8,0.25021074,66,,,0,,False,6,train,0
1141,0.0,369.71783,369.96804,45.0,0.08,10.0,20.0,null,"[3644.93333333, 3644.93333333]",4.0,gabors,"[20.0, 20.0]",null,0.8,0.25020676,41,,,0,,False,3,train,1
1142,0.0,369.96804,370.21824,90.0,0.08,40.0,-10.0,null,"[3644.93333333, 3644.93333333]",4.0,gabors,"[20.0, 20.0]",null,0.8,0.25020676,127,,,0,,False,2,test,2
1143,0.0,370.21824,370.46845,45.0,0.08,30.0,30.0,null,"[3644.93333333, 3644.93333333]",4.0,gabors,"[20.0, 20.0]",null,0.8,0.25020676,39,,,0,,False,7,train,1
1144,0.0,370.46845,370.71866,90.0,0.08,0.0,30.0,null,"[3644.93333333, 3644.93333333]",4.0,gabors,"[20.0, 20.0]",null,0.8,0.25020676,10,,,0,,False,5,test,2
1145,0.0,370.71866,370.96887,45.0,0.08,30.0,-10.0,null,"[3644.93333333, 3644.93333333]",4.0,gabors,"[20.0, 20.0]",null,0.8,0.25021324,199,,,0,,False,7,train,1
1146,0.0,370.96887,371.21908,45.0,0.08,-10.0,30.0,null,"[3644.93333333, 3644.93333333]",4.0,gabors,"[20.0, 20.0]",null,0.8,0.25021324,178,,,0,,False,6,train,1
1147,0.0,371.21908,371.4693,0.0,0.08,-20.0,20.0,null,"[3644.93333333, 3644.93333333]",4.0,gabors,"[20.0, 20.0]",null,0.8,0.25021324,239,,,0,,False,2,test,0
1148,0.0,371.4693,371.71951,90.0,0.08,10.0,10.0,null,"[3644.93333333, 3644.93333333]",4.0,gabors,"[20.0, 20.0]",null,0.8,0.25021324,237,,,0,,False,2,test,2
1149,0.0,371.71951,371.96973,0.0,0.08,30.0,10.0,null,"[3644.93333333, 3644.93333333]",4.0,gabors,"[20.0, 20.0]",null,0.8,0.25021676,5,,,0,,False,5,test,0
1150,0.0,371.96973,372.21994,0.0,0.08,-30.0,-20.0,null,"[3644.93333333, 3644.93333333]",4.0,gabors,"[20.0, 20.0]",null,0.8,0.25021676,214,,,0,,False,5,test,0
1151,0.0,372.21994,372.47016,90.0,0.08,20.0,20.0,null,"[3644.93333333, 3644.93333333]",4.0,gabors,"[20.0, 20.0]",null,0.8,0.25021676,35,,,0,,False,5,test,2
1152,0.0,372.47016,372.72038,90.0,0.08,-30.0,-20.0,null,"[3644.93333333, 3644.93333333]",4.0,gabors,"[20.0, 20.0]",null,0.8,0.25021676,111,,,0,,False,5,test,2
1153,0.0,372.72038,372.97058,45.0,0.08,40.0,-10.0,null,"[3644.93333333, 3644.93333333]",4.0,gabors,"[20.0, 20.0]",null,0.8,0.25019824,38,,,0,,False,5,test,1
1154,0.0,372.97058,373.22077,45.0,0.08,20.0,-10.0,null,"[3644.93333333, 3644.93333333]",4.0,gabors,"[20.0, 20.0]",null,0.8,0.25019824,183,,,0,,False,3,train,1
1155,0.0,373.22077,373.47097,45.0,0.08,10.0,40.0,null,"[3644.93333333, 3644.93333333]",4.0,gabors,"[20.0, 20.0]",null,0.8,0.25019824,74,,,0,,False,5,test,1
1156,0.0,373.47097,373.72117,90.0,0.08,30.0,30.0,null,"[3644.93333333, 3644.93333333]",4.0,gabors,"[20.0, 20.0]",null,0.8,0.25019824,91,,,0,,False,5,test,2
1157,0.0,373.72117,373.97139,45.0,0.08,0.0,-30.0,null,"[3644.93333333, 3644.93333333]",4.0,gabors,"[20.0, 20.0]",null,0.8,0.25021676,241,,,0,,False,3,train,1
1158,0.0,373.97139,374.2216,45.0,0.08,-40.0,-40.0,null,"[3644.93333333, 3644.93333333]",4.0,gabors,"[20.0, 20.0]",null,0.8,0.25021676,177,,,0,,False,4,train,1
1159,0.0,374.2216,374.47182,0.0,0.08,20.0,-40.0,null,"[3644.93333333, 3644.93333333]",4.0,gabors,"[20.0, 20.0]",null,0.8,0.25021676,69,,,0,,False,2,test,0
1160,0.0,374.47182,374.72204,0.0,0.08,-20.0,20.0,null,"[3644.93333333, 3644.93333333]",4.0,gabors,"[20.0, 20.0]",null,0.8,0.25021676,239,,,0,,False,3,train,0
1161,0.0,374.72204,374.97224,45.0,0.08,20.0,30.0,null,"[3644.93333333, 3644.93333333]",4.0,gabors,"[20.0, 20.0]",null,0.8,0.25020324,146,,,0,,False,5,test,1
1162,0.0,374.97224,375.22244,45.0,0.08,40.0,20.0,null,"[3644.93333333, 3644.93333333]",4.0,gabors,"[20.0, 20.0]",null,0.8,0.25020324,105,,,0,,False,1,train,1
1163,0.0,375.22244,375.47265,45.0,0.08,10.0,-30.0,null,"[3644.93333333, 3644.93333333]",4.0,gabors,"[20.0, 20.0]",null,0.8,0.25020324,72,,,0,,False,3,train,1
1164,0.0,375.47265,375.72285,0.0,0.08,-30.0,10.0,null,"[3644.93333333, 3644.93333333]",4.0,gabors,"[20.0, 20.0]",null,0.8,0.25020324,150,,,0,,False,4,train,0
1165,0.0,375.72285,375.97307,90.0,0.08,-20.0,-10.0,null,"[3644.93333333, 3644.93333333]",4.0,gabors,"[20.0, 20.0]",null,0.8,0.25021426,51,,,0,,False,7,train,2
1166,0.0,375.97307,376.22328,45.0,0.08,40.0,30.0,null,"[3644.93333333, 3644.93333333]",4.0,gabors,"[20.0, 20.0]",null,0.8,0.25021426,1,,,0,,False,3,train,1
1167,0.0,376.22328,376.47349,45.0,0.08,-30.0,-30.0,null,"[3644.93333333, 3644.93333333]",4.0,gabors,"[20.0, 20.0]",null,0.8,0.25021426,82,,,0,,False,5,test,1
1168,0.0,376.47349,376.72371,90.0,0.08,-10.0,30.0,null,"[3644.93333333, 3644.93333333]",4.0,gabors,"[20.0, 20.0]",null,0.8,0.25021426,200,,,0,,False,3,train,2
1169,0.0,376.72371,376.97391,0.0,0.08,10.0,0.0,null,"[3644.93333333, 3644.93333333]",4.0,gabors,"[20.0, 20.0]",null,0.8,0.25020324,132,,,0,,False,5,test,0
1170,0.0,376.97391,377.22411,45.0,0.08,-40.0,-20.0,null,"[3644.93333333, 3644.93333333]",4.0,gabors,"[20.0, 20.0]",null,0.8,0.25020324,57,,,0,,False,5,test,1
1171,0.0,377.22411,377.47432,90.0,0.08,-30.0,10.0,null,"[3644.93333333, 3644.93333333]",4.0,gabors,"[20.0, 20.0]",null,0.8,0.25020324,61,,,0,,False,4,train,2
1172,0.0,377.47432,377.72452,90.0,0.08,-30.0,-40.0,null,"[3644.93333333, 3644.93333333]",4.0,gabors,"[20.0, 20.0]",null,0.8,0.25020324,184,,,0,,False,6,train,2
1173,0.0,377.72452,377.97473,0.0,0.08,-40.0,-40.0,null,"[3644.93333333, 3644.93333333]",4.0,gabors,"[20.0, 20.0]",null,0.8,0.25020926,52,,,0,,False,4,train,0
1174,0.0,377.97473,378.22494,0.0,0.08,10.0,-30.0,null,"[3644.93333333, 3644.93333333]",4.0,gabors,"[20.0, 20.0]",null,0.8,0.25020926,148,,,0,,False,5,test,0
1175,0.0,378.22494,378.47515,0.0,0.08,-30.0,-30.0,null,"[3644.93333333, 3644.93333333]",4.0,gabors,"[20.0, 20.0]",null,0.8,0.25020926,192,,,0,,False,3,train,0
1176,0.0,378.47515,378.72536,0.0,0.08,-30.0,-20.0,null,"[3644.93333333, 3644.93333333]",4.0,gabors,"[20.0, 20.0]",null,0.8,0.25020926,214,,,0,,False,6,train,0
1177,0.0,378.72536,378.97557,45.0,0.08,-40.0,20.0,null,"[3644.93333333, 3644.93333333]",4.0,gabors,"[20.0, 20.0]",null,0.8,0.25021074,145,,,0,,False,5,test,1
1178,0.0,378.97557,379.22578,0.0,0.08,0.0,-10.0,null,"[3644.93333333, 3644.93333333]",4.0,gabors,"[20.0, 20.0]",null,0.8,0.25021074,99,,,0,,False,7,train,0
1179,0.0,379.22578,379.47599,90.0,0.08,-30.0,40.0,null,"[3644.93333333, 3644.93333333]",4.0,gabors,"[20.0, 20.0]",null,0.8,0.25021074,86,,,0,,False,7,train,2
1180,0.0,379.47599,379.7262,90.0,0.08,0.0,0.0,null,"[3644.93333333, 3644.93333333]",4.0,gabors,"[20.0, 20.0]",null,0.8,0.25021074,88,,,0,,False,1,train,2
1181,0.0,379.7262,379.97642,90.0,0.08,0.0,20.0,null,"[3644.93333333, 3644.93333333]",4.0,gabors,"[20.0, 20.0]",null,0.8,0.25021426,85,,,0,,False,4,train,2
1182,0.0,379.97642,380.22663,45.0,0.08,0.0,40.0,null,"[3644.93333333, 3644.93333333]",4.0,gabors,"[20.0, 20.0]",null,0.8,0.25021426,7,,,0,,False,9,train,1
1183,0.0,380.22663,380.47684,0.0,0.08,-10.0,-10.0,null,"[3644.93333333, 3644.93333333]",4.0,gabors,"[20.0, 20.0]",null,0.8,0.25021426,158,,,0,,False,2,test,0
1184,0.0,380.47684,380.72706,90.0,0.08,20.0,-30.0,null,"[3644.93333333, 3644.93333333]",4.0,gabors,"[20.0, 20.0]",null,0.8,0.25021426,157,,,0,,False,7,train,2
1185,0.0,380.72706,380.97726,45.0,0.08,-20.0,10.0,null,"[3644.93333333, 3644.93333333]",4.0,gabors,"[20.0, 20.0]",null,0.8,0.25020324,213,,,0,,False,3,train,1
1186,0.0,380.97726,381.22746,0.0,0.08,10.0,-20.0,null,"[3644.93333333, 3644.93333333]",4.0,gabors,"[20.0, 20.0]",null,0.8,0.25020324,109,,,0,,False,3,train,0
1187,0.0,381.22746,381.47767,90.0,0.08,-20.0,-10.0,null,"[3644.93333333, 3644.93333333]",4.0,gabors,"[20.0, 20.0]",null,0.8,0.25020324,51,,,0,,False,8,test,2
1188,0.0,381.47767,381.72787,0.0,0.08,20.0,-10.0,null,"[3644.93333333, 3644.93333333]",4.0,gabors,"[20.0, 20.0]",null,0.8,0.25020324,238,,,0,,False,1,train,0
1189,0.0,381.72787,381.97808,90.0,0.08,-30.0,0.0,null,"[3644.93333333, 3644.93333333]",4.0,gabors,"[20.0, 20.0]",null,0.8,0.25021176,31,,,0,,False,4,train,2
1190,0.0,381.97808,382.22829,90.0,0.08,-40.0,-40.0,null,"[3644.93333333, 3644.93333333]",4.0,gabors,"[20.0, 20.0]",null,0.8,0.25021176,196,,,0,,False,5,test,2
1191,0.0,382.22829,382.47851,0.0,0.08,10.0,0.0,null,"[3644.93333333, 3644.93333333]",4.0,gabors,"[20.0, 20.0]",null,0.8,0.25021176,132,,,0,,False,6,train,0
1192,0.0,382.47851,382.72872,45.0,0.08,20.0,0.0,null,"[3644.93333333, 3644.93333333]",4.0,gabors,"[20.0, 20.0]",null,0.8,0.25021176,143,,,0,,False,4,train,1
1193,0.0,382.72872,382.97892,0.0,0.08,40.0,-20.0,null,"[3644.93333333, 3644.93333333]",4.0,gabors,"[20.0, 20.0]",null,0.8,0.25020574,164,,,0,,False,4,train,0
1194,0.0,382.97892,383.22913,45.0,0.08,-30.0,-40.0,null,"[3644.93333333, 3644.93333333]",4.0,gabors,"[20.0, 20.0]",null,0.8,0.25020574,70,,,0,,False,5,test,1
1195,0.0,383.22913,383.47934,90.0,0.08,-10.0,-20.0,null,"[3644.93333333, 3644.93333333]",4.0,gabors,"[20.0, 20.0]",null,0.8,0.25020574,17,,,0,,False,4,train,2
1196,0.0,383.47934,383.72954,90.0,0.08,0.0,0.0,null,"[3644.93333333, 3644.93333333]",4.0,gabors,"[20.0, 20.0]",null,0.8,0.25020574,88,,,0,,False,2,test,2
1197,0.0,383.72954,383.97975,0.0,0.08,40.0,0.0,null,"[3644.93333333, 3644.93333333]",4.0,gabors,"[20.0, 20.0]",null,0.8,0.25020926,206,,,0,,False,4,train,0
1198,0.0,383.97975,384.22996,0.0,0.08,-40.0,-30.0,null,"[3644.93333333, 3644.93333333]",4.0,gabors,"[20.0, 20.0]",null,0.8,0.25020926,222,,,0,,False,3,train,0
1199,0.0,384.22996,384.48017,0.0,0.08,-20.0,-10.0,null,"[3644.93333333, 3644.93333333]",4.0,gabors,"[20.0, 20.0]",null,0.8,0.25020926,84,,,0,,False,4,train,0
1200,0.0,384.48017,384.73038,45.0,0.08,30.0,40.0,null,"[3644.93333333, 3644.93333333]",4.0,gabors,"[20.0, 20.0]",null,0.8,0.25020926,224,,,0,,False,1,train,1
1201,0.0,384.73038,384.98059,0.0,0.08,40.0,-20.0,null,"[3644.93333333, 3644.93333333]",4.0,gabors,"[20.0, 20.0]",null,0.8,0.25021074,164,,,0,,False,5,test,0
1202,0.0,384.98059,385.2308,90.0,0.08,-10.0,10.0,null,"[3644.93333333, 3644.93333333]",4.0,gabors,"[20.0, 20.0]",null,0.8,0.25021074,169,,,0,,False,7,train,2
1203,0.0,385.2308,385.48101,45.0,0.08,-30.0,0.0,null,"[3644.93333333, 3644.93333333]",4.0,gabors,"[20.0, 20.0]",null,0.8,0.25021074,212,,,0,,False,3,train,1
1204,0.0,385.48101,385.73122,45.0,0.08,20.0,-40.0,null,"[3644.93333333, 3644.93333333]",4.0,gabors,"[20.0, 20.0]",null,0.8,0.25021074,90,,,0,,False,6,train,1
1205,0.0,385.73122,385.98144,0.0,0.08,10.0,20.0,null,"[3644.93333333, 3644.93333333]",4.0,gabors,"[20.0, 20.0]",null,0.8,0.25021926,136,,,0,,False,5,test,0
1206,0.0,385.98144,386.23166,0.0,0.08,0.0,10.0,null,"[3644.93333333, 3644.93333333]",4.0,gabors,"[20.0, 20.0]",null,0.8,0.25021926,6,,,0,,False,4,train,0
1207,0.0,386.23166,386.48188,90.0,0.08,40.0,30.0,null,"[3644.93333333, 3644.93333333]",4.0,gabors,"[20.0, 20.0]",null,0.8,0.25021926,75,,,0,,False,6,train,2
1208,0.0,386.48188,386.7321,45.0,0.08,-10.0,0.0,null,"[3644.93333333, 3644.93333333]",4.0,gabors,"[20.0, 20.0]",null,0.8,0.25021926,63,,,0,,False,6,train,1
1209,0.0,386.7321,386.9823,0.0,0.08,-10.0,-10.0,null,"[3644.93333333, 3644.93333333]",4.0,gabors,"[20.0, 20.0]",null,0.8,0.25019824,158,,,0,,False,3,train,0
1210,0.0,386.9823,387.23249,0.0,0.08,-40.0,0.0,null,"[3644.93333333, 3644.93333333]",4.0,gabors,"[20.0, 20.0]",null,0.8,0.25019824,216,,,0,,False,3,train,0
1211,0.0,387.23249,387.48269,0.0,0.08,20.0,30.0,null,"[3644.93333333, 3644.93333333]",4.0,gabors,"[20.0, 20.0]",null,0.8,0.25019824,166,,,0,,False,4,train,0
1212,0.0,387.48269,387.73289,0.0,0.08,10.0,20.0,null,"[3644.93333333, 3644.93333333]",4.0,gabors,"[20.0, 20.0]",null,0.8,0.25019824,136,,,0,,False,6,train,0
1213,0.0,387.73289,387.9831,90.0,0.08,-20.0,-10.0,null,"[3644.93333333, 3644.93333333]",4.0,gabors,"[20.0, 20.0]",null,0.8,0.25021176,51,,,0,,False,9,train,2
1214,0.0,387.9831,388.23331,45.0,0.08,0.0,-10.0,null,"[3644.93333333, 3644.93333333]",4.0,gabors,"[20.0, 20.0]",null,0.8,0.25021176,191,,,0,,False,3,train,1
1215,0.0,388.23331,388.48353,0.0,0.08,-20.0,-40.0,null,"[3644.93333333, 3644.93333333]",4.0,gabors,"[20.0, 20.0]",null,0.8,0.25021176,93,,,0,,False,4,train,0
1216,0.0,388.48353,388.73374,45.0,0.08,-10.0,20.0,null,"[3644.93333333, 3644.93333333]",4.0,gabors,"[20.0, 20.0]",null,0.8,0.25021176,201,,,0,,False,2,test,1
1217,0.0,388.73374,388.98394,45.0,0.08,0.0,10.0,null,"[3644.93333333, 3644.93333333]",4.0,gabors,"[20.0, 20.0]",null,0.8,0.25020574,195,,,0,,False,5,test,1
1218,0.0,388.98394,389.23415,90.0,0.08,-40.0,10.0,null,"[3644.93333333, 3644.93333333]",4.0,gabors,"[20.0, 20.0]",null,0.8,0.25020574,115,,,0,,False,8,test,2
1219,0.0,389.23415,389.48436,45.0,0.08,10.0,-40.0,null,"[3644.93333333, 3644.93333333]",4.0,gabors,"[20.0, 20.0]",null,0.8,0.25020574,73,,,0,,False,5,test,1
1220,0.0,389.48436,389.73456,90.0,0.08,-20.0,-40.0,null,"[3644.93333333, 3644.93333333]",4.0,gabors,"[20.0, 20.0]",null,0.8,0.25020574,36,,,0,,False,5,test,2
1221,0.0,389.73456,389.98478,0.0,0.08,-10.0,-10.0,null,"[3644.93333333, 3644.93333333]",4.0,gabors,"[20.0, 20.0]",null,0.8,0.25021426,158,,,0,,False,4,train,0
1222,0.0,389.98478,390.23499,0.0,0.08,-40.0,0.0,null,"[3644.93333333, 3644.93333333]",4.0,gabors,"[20.0, 20.0]",null,0.8,0.25021426,216,,,0,,False,4,train,0
1223,0.0,390.23499,390.4852,45.0,0.08,10.0,40.0,null,"[3644.93333333, 3644.93333333]",4.0,gabors,"[20.0, 20.0]",null,0.8,0.25021426,74,,,0,,False,6,train,1
1224,0.0,390.4852,390.73542,0.0,0.08,-20.0,10.0,null,"[3644.93333333, 3644.93333333]",4.0,gabors,"[20.0, 20.0]",null,0.8,0.25021426,182,,,0,,False,3,train,0
1225,0.0,390.73542,390.98562,0.0,0.08,-30.0,-30.0,null,"[3644.93333333, 3644.93333333]",4.0,gabors,"[20.0, 20.0]",null,0.8,0.25020324,192,,,0,,False,4,train,0
1226,0.0,390.98562,391.23582,0.0,0.08,10.0,-10.0,null,"[3644.93333333, 3644.93333333]",4.0,gabors,"[20.0, 20.0]",null,0.8,0.25020324,231,,,0,,False,3,train,0
1227,0.0,391.23582,391.48603,45.0,0.08,20.0,-30.0,null,"[3644.93333333, 3644.93333333]",4.0,gabors,"[20.0, 20.0]",null,0.8,0.25020324,159,,,0,,False,5,test,1
1228,0.0,391.48603,391.73623,90.0,0.08,-20.0,-40.0,null,"[3644.93333333, 3644.93333333]",4.0,gabors,"[20.0, 20.0]",null,0.8,0.25020324,36,,,0,,False,6,train,2
1229,0.0,391.73623,391.98644,0.0,0.08,-10.0,0.0,null,"[3644.93333333, 3644.93333333]",4.0,gabors,"[20.0, 20.0]",null,0.8,0.25021176,128,,,0,,False,3,train,0
1230,0.0,391.98644,392.23665,45.0,0.08,40.0,-20.0,null,"[3644.93333333, 3644.93333333]",4.0,gabors,"[20.0, 20.0]",null,0.8,0.25021176,117,,,0,,False,6,train,1
1231,0.0,392.23665,392.48687,0.0,0.08,-40.0,30.0,null,"[3644.93333333, 3644.93333333]",4.0,gabors,"[20.0, 20.0]",null,0.8,0.25021176,129,,,0,,False,7,train,0
1232,0.0,392.48687,392.73708,45.0,0.08,-20.0,40.0,null,"[3644.93333333, 3644.93333333]",4.0,gabors,"[20.0, 20.0]",null,0.8,0.25021176,59,,,0,,False,5,test,1
1233,0.0,392.73708,392.98729,45.0,0.08,-10.0,-10.0,null,"[3644.93333333, 3644.93333333]",4.0,gabors,"[20.0, 20.0]",null,0.8,0.25021074,55,,,0,,False,5,test,1
1234,0.0,392.98729,393.2375,45.0,0.08,40.0,-40.0,null,"[3644.93333333, 3644.93333333]",4.0,gabors,"[20.0, 20.0]",null,0.8,0.25021074,119,,,0,,False,5,test,1
1235,0.0,393.2375,393.48771,90.0,0.08,-10.0,10.0,null,"[3644.93333333, 3644.93333333]",4.0,gabors,"[20.0, 20.0]",null,0.8,0.25021074,169,,,0,,False,8,test,2
1236,0.0,393.48771,393.73792,45.0,0.08,0.0,-40.0,null,"[3644.93333333, 3644.93333333]",4.0,gabors,"[20.0, 20.0]",null,0.8,0.25021074,225,,,0,,False,4,train,1
1237,0.0,393.73792,393.98813,0.0,0.08,20.0,20.0,null,"[3644.93333333, 3644.93333333]",4.0,gabors,"[20.0, 20.0]",null,0.8,0.25020426,179,,,0,,False,2,test,0
1238,0.0,393.98813,394.23833,0.0,0.08,-30.0,-30.0,null,"[3644.93333333, 3644.93333333]",4.0,gabors,"[20.0, 20.0]",null,0.8,0.25020426,192,,,0,,False,5,test,0
1239,0.0,394.23833,394.48853,0.0,0.08,30.0,-30.0,null,"[3644.93333333, 3644.93333333]",4.0,gabors,"[20.0, 20.0]",null,0.8,0.25020426,81,,,0,,False,3,train,0
1240,0.0,394.48853,394.73874,0.0,0.08,-20.0,0.0,null,"[3644.93333333, 3644.93333333]",4.0,gabors,"[20.0, 20.0]",null,0.8,0.25020426,15,,,0,,False,3,train,0
1241,0.0,394.73874,394.98895,0.0,0.08,40.0,-40.0,null,"[3644.93333333, 3644.93333333]",4.0,gabors,"[20.0, 20.0]",null,0.8,0.25021324,62,,,0,,False,3,train,0
1242,0.0,394.98895,395.23916,0.0,0.08,30.0,20.0,null,"[3644.93333333, 3644.93333333]",4.0,gabors,"[20.0, 20.0]",null,0.8,0.25021324,64,,,0,,False,6,train,0
1243,0.0,395.23916,395.48938,90.0,0.08,-20.0,40.0,null,"[3644.93333333, 3644.93333333]",4.0,gabors,"[20.0, 20.0]",null,0.8,0.25021324,116,,,0,,False,2,test,2
1244,0.0,395.48938,395.73959,90.0,0.08,-40.0,-40.0,null,"[3644.93333333, 3644.93333333]",4.0,gabors,"[20.0, 20.0]",null,0.8,0.25021324,196,,,0,,False,6,train,2
1245,0.0,395.73959,395.9898,0.0,0.08,40.0,10.0,null,"[3644.93333333, 3644.93333333]",4.0,gabors,"[20.0, 20.0]",null,0.8,0.25020676,134,,,0,,False,4,train,0
1246,0.0,395.9898,396.24,45.0,0.08,20.0,10.0,null,"[3644.93333333, 3644.93333333]",4.0,gabors,"[20.0, 20.0]",null,0.8,0.25020676,108,,,0,,False,2,test,1
1247,0.0,396.24,396.49021,0.0,0.08,0.0,20.0,null,"[3644.93333333, 3644.93333333]",4.0,gabors,"[20.0, 20.0]",null,0.8,0.25020676,221,,,0,,False,2,test,0
1248,0.0,396.49021,396.74042,90.0,0.08,-30.0,-30.0,null,"[3644.93333333, 3644.93333333]",4.0,gabors,"[20.0, 20.0]",null,0.8,0.25020676,175,,,0,,False,1,train,2
1249,0.0,396.74042,396.99063,90.0,0.08,-30.0,30.0,null,"[3644.93333333, 3644.93333333]",4.0,gabors,"[20.0, 20.0]",null,0.8,0.25020824,96,,,0,,False,6,train,2
1250,0.0,396.99063,397.24083,45.0,0.08,-40.0,-10.0,null,"[3644.93333333, 3644.93333333]",4.0,gabors,"[20.0, 20.0]",null,0.8,0.25020824,210,,,0,,False,4,train,1
1251,0.0,397.24083,397.49104,45.0,0.08,0.0,20.0,null,"[3644.93333333, 3644.93333333]",4.0,gabors,"[20.0, 20.0]",null,0.8,0.25020824,18,,,0,,False,4,train,1
1252,0.0,397.49104,397.74125,90.0,0.08,-30.0,-40.0,null,"[3644.93333333, 3644.93333333]",4.0,gabors,"[20.0, 20.0]",null,0.8,0.25020824,184,,,0,,False,7,train,2
1253,0.0,397.74125,397.99147,0.0,0.08,-40.0,-10.0,null,"[3644.93333333, 3644.93333333]",4.0,gabors,"[20.0, 20.0]",null,0.8,0.25021926,20,,,0,,False,4,train,0
1254,0.0,397.99147,398.24169,0.0,0.08,-20.0,40.0,null,"[3644.93333333, 3644.93333333]",4.0,gabors,"[20.0, 20.0]",null,0.8,0.25021926,122,,,0,,False,5,test,0
1255,0.0,398.24169,398.49191,90.0,0.08,-40.0,-20.0,null,"[3644.93333333, 3644.93333333]",4.0,gabors,"[20.0, 20.0]",null,0.8,0.25021926,189,,,0,,False,8,test,2
1256,0.0,398.49191,398.74213,0.0,0.08,-20.0,0.0,null,"[3644.93333333, 3644.93333333]",4.0,gabors,"[20.0, 20.0]",null,0.8,0.25021926,15,,,0,,False,4,train,0
1257,0.0,398.74213,398.99233,90.0,0.08,20.0,10.0,null,"[3644.93333333, 3644.93333333]",4.0,gabors,"[20.0, 20.0]",null,0.8,0.25019824,130,,,0,,False,3,train,2
1258,0.0,398.99233,399.24252,90.0,0.08,20.0,-20.0,null,"[3644.93333333, 3644.93333333]",4.0,gabors,"[20.0, 20.0]",null,0.8,0.25019824,232,,,0,,False,1,train,2
1259,0.0,399.24252,399.49272,45.0,0.08,-20.0,-20.0,null,"[3644.93333333, 3644.93333333]",4.0,gabors,"[20.0, 20.0]",null,0.8,0.25019824,120,,,0,,False,5,test,1
1260,0.0,399.49272,399.74292,90.0,0.08,-40.0,-10.0,null,"[3644.93333333, 3644.93333333]",4.0,gabors,"[20.0, 20.0]",null,0.8,0.25019824,190,,,0,,False,6,train,2
1261,0.0,399.74292,399.99314,90.0,0.08,-40.0,0.0,null,"[3644.93333333, 3644.93333333]",4.0,gabors,"[20.0, 20.0]",null,0.8,0.25021426,80,,,0,,False,4,train,2
1262,0.0,399.99314,400.24335,90.0,0.08,-20.0,10.0,null,"[3644.93333333, 3644.93333333]",4.0,gabors,"[20.0, 20.0]",null,0.8,0.25021426,162,,,0,,False,6,train,2
1263,0.0,400.24335,400.49356,0.0,0.08,-10.0,10.0,null,"[3644.93333333, 3644.93333333]",4.0,gabors,"[20.0, 20.0]",null,0.8,0.25021426,87,,,0,,False,6,train,0
1264,0.0,400.49356,400.74378,0.0,0.08,-40.0,-20.0,null,"[3644.93333333, 3644.93333333]",4.0,gabors,"[20.0, 20.0]",null,0.8,0.25021426,13,,,0,,False,5,test,0
1265,0.0,400.74378,400.99399,0.0,0.08,0.0,40.0,null,"[3644.93333333, 3644.93333333]",4.0,gabors,"[20.0, 20.0]",null,0.8,0.25020824,123,,,0,,False,4,train,0
1266,0.0,400.99399,401.24419,45.0,0.08,-40.0,30.0,null,"[3644.93333333, 3644.93333333]",4.0,gabors,"[20.0, 20.0]",null,0.8,0.25020824,68,,,0,,False,5,test,1
1267,0.0,401.24419,401.4944,90.0,0.08,0.0,-10.0,null,"[3644.93333333, 3644.93333333]",4.0,gabors,"[20.0, 20.0]",null,0.8,0.25020824,49,,,0,,False,5,test,2
1268,0.0,401.4944,401.74461,0.0,0.08,20.0,-10.0,null,"[3644.93333333, 3644.93333333]",4.0,gabors,"[20.0, 20.0]",null,0.8,0.25020824,238,,,0,,False,2,test,0
1269,0.0,401.74461,401.99482,90.0,0.08,-20.0,40.0,null,"[3644.93333333, 3644.93333333]",4.0,gabors,"[20.0, 20.0]",null,0.8,0.25021176,116,,,0,,False,3,train,2
1270,0.0,401.99482,402.24503,45.0,0.08,-40.0,20.0,null,"[3644.93333333, 3644.93333333]",4.0,gabors,"[20.0, 20.0]",null,0.8,0.25021176,145,,,0,,False,6,train,1
1271,0.0,402.24503,402.49525,45.0,0.08,10.0,-40.0,null,"[3644.93333333, 3644.93333333]",4.0,gabors,"[20.0, 20.0]",null,0.8,0.25021176,73,,,0,,False,6,train,1
1272,0.0,402.49525,402.74546,90.0,0.08,40.0,40.0,null,"[3644.93333333, 3644.93333333]",4.0,gabors,"[20.0, 20.0]",null,0.8,0.25021176,110,,,0,,False,4,train,2
1273,0.0,402.74546,402.99566,0.0,0.08,20.0,-30.0,null,"[3644.93333333, 3644.93333333]",4.0,gabors,"[20.0, 20.0]",null,0.8,0.25020574,22,,,0,,False,5,test,0
1274,0.0,402.99566,403.24587,45.0,0.08,-20.0,-20.0,null,"[3644.93333333, 3644.93333333]",4.0,gabors,"[20.0, 20.0]",null,0.8,0.25020574,120,,,0,,False,6,train,1
1275,0.0,403.24587,403.49608,90.0,0.08,0.0,30.0,null,"[3644.93333333, 3644.93333333]",4.0,gabors,"[20.0, 20.0]",null,0.8,0.25020574,10,,,0,,False,6,train,2
1276,0.0,403.49608,403.74628,0.0,0.08,-20.0,40.0,null,"[3644.93333333, 3644.93333333]",4.0,gabors,"[20.0, 20.0]",null,0.8,0.25020574,122,,,0,,False,6,train,0
1277,0.0,403.74628,403.9965,45.0,0.08,-20.0,40.0,null,"[3644.93333333, 3644.93333333]",4.0,gabors,"[20.0, 20.0]",null,0.8,0.25021676,59,,,0,,False,6,train,1
1278,0.0,403.9965,404.24671,45.0,0.08,-30.0,40.0,null,"[3644.93333333, 3644.93333333]",4.0,gabors,"[20.0, 20.0]",null,0.8,0.25021676,147,,,0,,False,3,train,1
1279,0.0,404.24671,404.49693,45.0,0.08,10.0,-10.0,null,"[3644.93333333, 3644.93333333]",4.0,gabors,"[20.0, 20.0]",null,0.8,0.25021676,94,,,0,,False,5,test,1
1280,0.0,404.49693,404.74715,0.0,0.08,-40.0,-40.0,null,"[3644.93333333, 3644.93333333]",4.0,gabors,"[20.0, 20.0]",null,0.8,0.25021676,52,,,0,,False,5,test,0
1281,0.0,404.74715,404.99735,45.0,0.08,-40.0,-20.0,null,"[3644.93333333, 3644.93333333]",4.0,gabors,"[20.0, 20.0]",null,0.8,0.25020074,57,,,0,,False,6,train,1
1282,0.0,404.99735,405.24755,90.0,0.08,-30.0,40.0,null,"[3644.93333333, 3644.93333333]",4.0,gabors,"[20.0, 20.0]",null,0.8,0.25020074,86,,,0,,False,8,test,2
1283,0.0,405.24755,405.49775,90.0,0.08,-40.0,40.0,null,"[3644.93333333, 3644.93333333]",4.0,gabors,"[20.0, 20.0]",null,0.8,0.25020074,163,,,0,,False,2,test,2
1284,0.0,405.49775,405.74795,45.0,0.08,30.0,-40.0,null,"[3644.93333333, 3644.93333333]",4.0,gabors,"[20.0, 20.0]",null,0.8,0.25020074,125,,,0,,False,5,test,1
1285,0.0,405.74795,405.99815,90.0,0.08,10.0,-40.0,null,"[3644.93333333, 3644.93333333]",4.0,gabors,"[20.0, 20.0]",null,0.8,0.25020176,77,,,0,,False,4,train,2
1286,0.0,405.99815,406.24835,90.0,0.08,-30.0,-10.0,null,"[3644.93333333, 3644.93333333]",4.0,gabors,"[20.0, 20.0]",null,0.8,0.25020176,71,,,0,,False,5,test,2
1287,0.0,406.24835,406.49856,45.0,0.08,-20.0,-30.0,null,"[3644.93333333, 3644.93333333]",4.0,gabors,"[20.0, 20.0]",null,0.8,0.25020176,174,,,0,,False,4,train,1
1288,0.0,406.49856,406.74876,0.0,0.08,-40.0,-40.0,null,"[3644.93333333, 3644.93333333]",4.0,gabors,"[20.0, 20.0]",null,0.8,0.25020176,52,,,0,,False,6,train,0
1289,0.0,406.74876,406.99897,0.0,0.08,-10.0,20.0,null,"[3644.93333333, 3644.93333333]",4.0,gabors,"[20.0, 20.0]",null,0.8,0.25021574,131,,,0,,False,6,train,0
1290,0.0,406.99897,407.24919,0.0,0.08,20.0,0.0,null,"[3644.93333333, 3644.93333333]",4.0,gabors,"[20.0, 20.0]",null,0.8,0.25021574,50,,,0,,False,5,test,0
1291,0.0,407.24919,407.49941,90.0,0.08,10.0,20.0,null,"[3644.93333333, 3644.93333333]",4.0,gabors,"[20.0, 20.0]",null,0.8,0.25021574,220,,,0,,False,4,train,2
1292,0.0,407.49941,407.74962,0.0,0.08,40.0,-40.0,null,"[3644.93333333, 3644.93333333]",4.0,gabors,"[20.0, 20.0]",null,0.8,0.25021574,62,,,0,,False,4,train,0
1293,0.0,407.74962,407.99982,45.0,0.08,30.0,-30.0,null,"[3644.93333333, 3644.93333333]",4.0,gabors,"[20.0, 20.0]",null,0.8,0.25020176,153,,,0,,False,4,train,1
1294,0.0,407.99982,408.25002,45.0,0.08,-30.0,10.0,null,"[3644.93333333, 3644.93333333]",4.0,gabors,"[20.0, 20.0]",null,0.8,0.25020176,2,,,0,,False,3,train,1
1295,0.0,408.25002,408.50023,45.0,0.08,30.0,20.0,null,"[3644.93333333, 3644.93333333]",4.0,gabors,"[20.0, 20.0]",null,0.8,0.25020176,103,,,0,,False,6,train,1
1296,0.0,408.50023,408.75043,90.0,0.08,-10.0,-20.0,null,"[3644.93333333, 3644.93333333]",4.0,gabors,"[20.0, 20.0]",null,0.8,0.25020176,17,,,0,,False,5,test,2
1297,0.0,408.75043,409.00064,0.0,0.08,10.0,20.0,null,"[3644.93333333, 3644.93333333]",4.0,gabors,"[20.0, 20.0]",null,0.8,0.25021574,136,,,0,,False,7,train,0
1298,0.0,409.00064,409.25086,0.0,0.08,30.0,0.0,null,"[3644.93333333, 3644.93333333]",4.0,gabors,"[20.0, 20.0]",null,0.8,0.25021574,66,,,0,,False,7,train,0
1299,0.0,409.25086,409.50108,90.0,0.08,-10.0,-40.0,null,"[3644.93333333, 3644.93333333]",4.0,gabors,"[20.0, 20.0]",null,0.8,0.25021574,156,,,0,,False,9,train,2
1300,0.0,409.50108,409.75129,90.0,0.08,-10.0,-30.0,null,"[3644.93333333, 3644.93333333]",4.0,gabors,"[20.0, 20.0]",null,0.8,0.25021574,133,,,0,,False,5,test,2
1301,0.0,409.75129,410.00151,45.0,0.08,0.0,20.0,null,"[3644.93333333, 3644.93333333]",4.0,gabors,"[20.0, 20.0]",null,0.8,0.25021676,18,,,0,,False,5,test,1
1302,0.0,410.00151,410.25172,90.0,0.08,10.0,-10.0,null,"[3644.93333333, 3644.93333333]",4.0,gabors,"[20.0, 20.0]",null,0.8,0.25021676,3,,,0,,False,3,train,2
1303,0.0,410.25172,410.50194,90.0,0.08,-40.0,-30.0,null,"[3644.93333333, 3644.93333333]",4.0,gabors,"[20.0, 20.0]",null,0.8,0.25021676,56,,,0,,False,4,train,2
1304,0.0,410.50194,410.75216,90.0,0.08,40.0,40.0,null,"[3644.93333333, 3644.93333333]",4.0,gabors,"[20.0, 20.0]",null,0.8,0.25021676,110,,,0,,False,5,test,2
1305,0.0,410.75216,411.00236,90.0,0.08,40.0,20.0,null,"[3644.93333333, 3644.93333333]",4.0,gabors,"[20.0, 20.0]",null,0.8,0.25020324,76,,,0,,False,7,train,2
1306,0.0,411.00236,411.25256,45.0,0.08,10.0,30.0,null,"[3644.93333333, 3644.93333333]",4.0,gabors,"[20.0, 20.0]",null,0.8,0.25020324,209,,,0,,False,4,train,1
1307,0.0,411.25256,411.50277,45.0,0.08,-20.0,-40.0,null,"[3644.93333333, 3644.93333333]",4.0,gabors,"[20.0, 20.0]",null,0.8,0.25020324,118,,,0,,False,7,train,1
1308,0.0,411.50277,411.75297,90.0,0.08,0.0,0.0,null,"[3644.93333333, 3644.93333333]",4.0,gabors,"[20.0, 20.0]",null,0.8,0.25020324,88,,,0,,False,3,train,2
1309,0.0,411.75297,412.00318,45.0,0.08,10.0,-10.0,null,"[3644.93333333, 3644.93333333]",4.0,gabors,"[20.0, 20.0]",null,0.8,0.25021176,94,,,0,,False,6,train,1
1310,0.0,412.00318,412.25339,90.0,0.08,40.0,10.0,null,"[3644.93333333, 3644.93333333]",4.0,gabors,"[20.0, 20.0]",null,0.8,0.25021176,141,,,0,,False,4,train,2
1311,0.0,412.25339,412.50361,0.0,0.08,10.0,30.0,null,"[3644.93333333, 3644.93333333]",4.0,gabors,"[20.0, 20.0]",null,0.8,0.25021176,43,,,0,,False,5,test,0
1312,0.0,412.50361,412.75382,90.0,0.08,20.0,0.0,null,"[3644.93333333, 3644.93333333]",4.0,gabors,"[20.0, 20.0]",null,0.8,0.25021176,138,,,0,,False,6,train,2
1313,0.0,412.75382,413.00402,90.0,0.08,0.0,10.0,null,"[3644.93333333, 3644.93333333]",4.0,gabors,"[20.0, 20.0]",null,0.8,0.25020574,30,,,0,,False,7,train,2
1314,0.0,413.00402,413.25423,0.0,0.08,-30.0,-20.0,null,"[3644.93333333, 3644.93333333]",4.0,gabors,"[20.0, 20.0]",null,0.8,0.25020574,214,,,0,,False,7,train,0
1315,0.0,413.25423,413.50444,90.0,0.08,10.0,40.0,null,"[3644.93333333, 3644.93333333]",4.0,gabors,"[20.0, 20.0]",null,0.8,0.25020574,135,,,0,,False,6,train,2
1316,0.0,413.50444,413.75464,90.0,0.08,0.0,20.0,null,"[3644.93333333, 3644.93333333]",4.0,gabors,"[20.0, 20.0]",null,0.8,0.25020574,85,,,0,,False,5,test,2
1317,0.0,413.75464,414.00485,90.0,0.08,20.0,-40.0,null,"[3644.93333333, 3644.93333333]",4.0,gabors,"[20.0, 20.0]",null,0.8,0.25021176,33,,,0,,False,9,train,2
1318,0.0,414.00485,414.25506,0.0,0.08,40.0,-10.0,null,"[3644.93333333, 3644.93333333]",4.0,gabors,"[20.0, 20.0]",null,0.8,0.25021176,100,,,0,,False,6,train,0
1319,0.0,414.25506,414.50528,90.0,0.08,-20.0,0.0,null,"[3644.93333333, 3644.93333333]",4.0,gabors,"[20.0, 20.0]",null,0.8,0.25021176,171,,,0,,False,5,test,2
1320,0.0,414.50528,414.75549,0.0,0.08,-10.0,20.0,null,"[3644.93333333, 3644.93333333]",4.0,gabors,"[20.0, 20.0]",null,0.8,0.25021176,131,,,0,,False,7,train,0
1321,0.0,414.75549,415.00569,90.0,0.08,20.0,-40.0,null,"[3644.93333333, 3644.93333333]",4.0,gabors,"[20.0, 20.0]",null,0.8,0.25020574,33,,,0,,False,10,train,2
1322,0.0,415.00569,415.2559,90.0,0.08,20.0,-20.0,null,"[3644.93333333, 3644.93333333]",4.0,gabors,"[20.0, 20.0]",null,0.8,0.25020574,232,,,0,,False,2,test,2
1323,0.0,415.2559,415.50611,45.0,0.08,10.0,-30.0,null,"[3644.93333333, 3644.93333333]",4.0,gabors,"[20.0, 20.0]",null,0.8,0.25020574,72,,,0,,False,4,train,1
1324,0.0,415.50611,415.75631,90.0,0.08,20.0,10.0,null,"[3644.93333333, 3644.93333333]",4.0,gabors,"[20.0, 20.0]",null,0.8,0.25020574,130,,,0,,False,4,train,2
1325,0.0,415.75631,416.00652,90.0,0.08,0.0,-20.0,null,"[3644.93333333, 3644.93333333]",4.0,gabors,"[20.0, 20.0]",null,0.8,0.25021176,155,,,0,,False,6,train,2
1326,0.0,416.00652,416.25673,45.0,0.08,-10.0,-20.0,null,"[3644.93333333, 3644.93333333]",4.0,gabors,"[20.0, 20.0]",null,0.8,0.25021176,197,,,0,,False,2,test,1
1327,0.0,416.25673,416.50695,90.0,0.08,-30.0,20.0,null,"[3644.93333333, 3644.93333333]",4.0,gabors,"[20.0, 20.0]",null,0.8,0.25021176,176,,,0,,False,6,train,2
1328,0.0,416.50695,416.75716,45.0,0.08,30.0,10.0,null,"[3644.93333333, 3644.93333333]",4.0,gabors,"[20.0, 20.0]",null,0.8,0.25021176,58,,,0,,False,4,train,1
1329,0.0,416.75716,417.00737,90.0,0.08,-20.0,40.0,null,"[3644.93333333, 3644.93333333]",4.0,gabors,"[20.0, 20.0]",null,0.8,0.25020824,116,,,0,,False,4,train,2
1330,0.0,417.00737,417.25757,0.0,0.08,40.0,-30.0,null,"[3644.93333333, 3644.93333333]",4.0,gabors,"[20.0, 20.0]",null,0.8,0.25020824,26,,,0,,False,8,test,0
1331,0.0,417.25757,417.50778,0.0,0.08,30.0,20.0,null,"[3644.93333333, 3644.93333333]",4.0,gabors,"[20.0, 20.0]",null,0.8,0.25020824,64,,,0,,False,7,train,0
1332,0.0,417.50778,417.75799,0.0,0.08,30.0,-40.0,null,"[3644.93333333, 3644.93333333]",4.0,gabors,"[20.0, 20.0]",null,0.8,0.25020824,168,,,0,,False,7,train,0
1333,0.0,417.75799,418.0082,45.0,0.08,30.0,-40.0,null,"[3644.93333333, 3644.93333333]",4.0,gabors,"[20.0, 20.0]",null,0.8,0.25020926,125,,,0,,False,6,train,1
1334,0.0,418.0082,418.25841,0.0,0.08,-30.0,-20.0,null,"[3644.93333333, 3644.93333333]",4.0,gabors,"[20.0, 20.0]",null,0.8,0.25020926,214,,,0,,False,8,test,0
1335,0.0,418.25841,418.50862,90.0,0.08,-10.0,0.0,null,"[3644.93333333, 3644.93333333]",4.0,gabors,"[20.0, 20.0]",null,0.8,0.25020926,142,,,0,,False,3,train,2
1336,0.0,418.50862,418.75883,90.0,0.08,30.0,-40.0,null,"[3644.93333333, 3644.93333333]",4.0,gabors,"[20.0, 20.0]",null,0.8,0.25020926,8,,,0,,False,3,train,2
1337,0.0,418.75883,419.00903,0.0,0.08,30.0,-30.0,null,"[3644.93333333, 3644.93333333]",4.0,gabors,"[20.0, 20.0]",null,0.8,0.25020574,81,,,0,,False,4,train,0
1338,0.0,419.00903,419.25924,0.0,0.08,0.0,20.0,null,"[3644.93333333, 3644.93333333]",4.0,gabors,"[20.0, 20.0]",null,0.8,0.25020574,221,,,0,,False,3,train,0
1339,0.0,419.25924,419.50945,90.0,0.08,-40.0,20.0,null,"[3644.93333333, 3644.93333333]",4.0,gabors,"[20.0, 20.0]",null,0.8,0.25020574,65,,,0,,False,5,test,2
1340,0.0,419.50945,419.75965,45.0,0.08,40.0,30.0,null,"[3644.93333333, 3644.93333333]",4.0,gabors,"[20.0, 20.0]",null,0.8,0.25020574,1,,,0,,False,4,train,1
1341,0.0,419.75965,420.00986,90.0,0.08,-10.0,-20.0,null,"[3644.93333333, 3644.93333333]",4.0,gabors,"[20.0, 20.0]",null,0.8,0.25020676,17,,,0,,False,6,train,2
1342,0.0,420.00986,420.26006,90.0,0.08,10.0,-40.0,null,"[3644.93333333, 3644.93333333]",4.0,gabors,"[20.0, 20.0]",null,0.8,0.25020676,77,,,0,,False,5,test,2
1343,0.0,420.26006,420.51027,0.0,0.08,30.0,-10.0,null,"[3644.93333333, 3644.93333333]",4.0,gabors,"[20.0, 20.0]",null,0.8,0.25020676,149,,,0,,False,5,test,0
1344,0.0,420.51027,420.76048,0.0,0.08,20.0,-20.0,null,"[3644.93333333, 3644.93333333]",4.0,gabors,"[20.0, 20.0]",null,0.8,0.25020676,112,,,0,,False,4,train,0
1345,0.0,420.76048,421.01069,45.0,0.08,30.0,30.0,null,"[3644.93333333, 3644.93333333]",4.0,gabors,"[20.0, 20.0]",null,0.8,0.25021324,39,,,0,,False,8,test,1
1346,0.0,421.01069,421.2609,0.0,0.08,-30.0,30.0,null,"[3644.93333333, 3644.93333333]",4.0,gabors,"[20.0, 20.0]",null,0.8,0.25021324,218,,,0,,False,3,train,0
1347,0.0,421.2609,421.51112,0.0,0.08,40.0,0.0,null,"[3644.93333333, 3644.93333333]",4.0,gabors,"[20.0, 20.0]",null,0.8,0.25021324,206,,,0,,False,5,test,0
1348,0.0,421.51112,421.76133,0.0,0.08,20.0,40.0,null,"[3644.93333333, 3644.93333333]",4.0,gabors,"[20.0, 20.0]",null,0.8,0.25021324,151,,,0,,False,6,train,0
1349,0.0,421.76133,422.01154,0.0,0.08,-40.0,-40.0,null,"[3644.93333333, 3644.93333333]",4.0,gabors,"[20.0, 20.0]",null,0.8,0.25020926,52,,,0,,False,7,train,0
1350,0.0,422.01154,422.26175,90.0,0.08,40.0,-30.0,null,"[3644.93333333, 3644.93333333]",4.0,gabors,"[20.0, 20.0]",null,0.8,0.25020926,140,,,0,,False,3,train,2
1351,0.0,422.26175,422.51196,45.0,0.08,20.0,40.0,null,"[3644.93333333, 3644.93333333]",4.0,gabors,"[20.0, 20.0]",null,0.8,0.25020926,24,,,0,,False,3,train,1
1352,0.0,422.51196,422.76217,0.0,0.08,-30.0,40.0,null,"[3644.93333333, 3644.93333333]",4.0,gabors,"[20.0, 20.0]",null,0.8,0.25020926,89,,,0,,False,6,train,0
1353,0.0,422.76217,423.01238,0.0,0.08,20.0,30.0,null,"[3644.93333333, 3644.93333333]",4.0,gabors,"[20.0, 20.0]",null,0.8,0.25021074,166,,,0,,False,5,test,0
1354,0.0,423.01238,423.26259,90.0,0.08,-20.0,-20.0,null,"[3644.93333333, 3644.93333333]",4.0,gabors,"[20.0, 20.0]",null,0.8,0.25021074,152,,,0,,False,5,test,2
1355,0.0,423.26259,423.5128,45.0,0.08,30.0,-40.0,null,"[3644.93333333, 3644.93333333]",4.0,gabors,"[20.0, 20.0]",null,0.8,0.25021074,125,,,0,,False,7,train,1
1356,0.0,423.5128,423.76301,45.0,0.08,-20.0,0.0,null,"[3644.93333333, 3644.93333333]",4.0,gabors,"[20.0, 20.0]",null,0.8,0.25021074,34,,,0,,False,5,test,1
1357,0.0,423.76301,424.01322,90.0,0.08,-20.0,20.0,null,"[3644.93333333, 3644.93333333]",4.0,gabors,"[20.0, 20.0]",null,0.8,0.25020676,242,,,0,,False,0,train,2
1358,0.0,424.01322,424.26342,90.0,0.08,40.0,-20.0,null,"[3644.93333333, 3644.93333333]",4.0,gabors,"[20.0, 20.0]",null,0.8,0.25020676,60,,,0,,False,6,train,2
1359,0.0,424.26342,424.51363,0.0,0.08,0.0,0.0,null,"[3644.93333333, 3644.93333333]",4.0,gabors,"[20.0, 20.0]",null,0.8,0.25020676,240,,,0,,False,3,train,0
1360,0.0,424.51363,424.76384,0.0,0.08,-30.0,30.0,null,"[3644.93333333, 3644.93333333]",4.0,gabors,"[20.0, 20.0]",null,0.8,0.25020676,218,,,0,,False,4,train,0
1361,0.0,424.76384,425.01405,0.0,0.08,-30.0,-40.0,null,"[3644.93333333, 3644.93333333]",4.0,gabors,"[20.0, 20.0]",null,0.8,0.25021074,46,,,0,,False,4,train,0
1362,0.0,425.01405,425.26426,0.0,0.08,10.0,-10.0,null,"[3644.93333333, 3644.93333333]",4.0,gabors,"[20.0, 20.0]",null,0.8,0.25021074,231,,,0,,False,4,train,0
1363,0.0,425.26426,425.51447,45.0,0.08,20.0,10.0,null,"[3644.93333333, 3644.93333333]",4.0,gabors,"[20.0, 20.0]",null,0.8,0.25021074,108,,,0,,False,3,train,1
1364,0.0,425.51447,425.76468,0.0,0.08,20.0,20.0,null,"[3644.93333333, 3644.93333333]",4.0,gabors,"[20.0, 20.0]",null,0.8,0.25021074,179,,,0,,False,3,train,0
1365,0.0,425.76468,426.0149,0.0,0.08,0.0,-30.0,null,"[3644.93333333, 3644.93333333]",4.0,gabors,"[20.0, 20.0]",null,0.8,0.25021676,28,,,0,,False,6,train,0
1366,0.0,426.0149,426.26511,90.0,0.08,-20.0,-20.0,null,"[3644.93333333, 3644.93333333]",4.0,gabors,"[20.0, 20.0]",null,0.8,0.25021676,152,,,0,,False,6,train,2
1367,0.0,426.26511,426.51533,90.0,0.08,10.0,30.0,null,"[3644.93333333, 3644.93333333]",4.0,gabors,"[20.0, 20.0]",null,0.8,0.25021676,170,,,0,,False,3,train,2
1368,0.0,426.51533,426.76555,90.0,0.08,40.0,20.0,null,"[3644.93333333, 3644.93333333]",4.0,gabors,"[20.0, 20.0]",null,0.8,0.25021676,76,,,0,,False,8,test,2
1369,0.0,426.76555,427.01575,0.0,0.08,10.0,-30.0,null,"[3644.93333333, 3644.93333333]",4.0,gabors,"[20.0, 20.0]",null,0.8,0.25020074,148,,,0,,False,6,train,0
1370,0.0,427.01575,427.26595,0.0,0.08,0.0,-10.0,null,"[3644.93333333, 3644.93333333]",4.0,gabors,"[20.0, 20.0]",null,0.8,0.25020074,99,,,0,,False,8,test,0
1371,0.0,427.26595,427.51615,45.0,0.08,-30.0,10.0,null,"[3644.93333333, 3644.93333333]",4.0,gabors,"[20.0, 20.0]",null,0.8,0.25020074,2,,,0,,False,4,train,1
1372,0.0,427.51615,427.76635,0.0,0.08,10.0,30.0,null,"[3644.93333333, 3644.93333333]",4.0,gabors,"[20.0, 20.0]",null,0.8,0.25020074,43,,,0,,False,6,train,0
1373,0.0,427.76635,428.01656,45.0,0.08,20.0,0.0,null,"[3644.93333333, 3644.93333333]",4.0,gabors,"[20.0, 20.0]",null,0.8,0.25021176,143,,,0,,False,5,test,1
1374,0.0,428.01656,428.26677,90.0,0.08,-20.0,40.0,null,"[3644.93333333, 3644.93333333]",4.0,gabors,"[20.0, 20.0]",null,0.8,0.25021176,116,,,0,,False,5,test,2
1375,0.0,428.26677,428.51699,45.0,0.08,-30.0,-30.0,null,"[3644.93333333, 3644.93333333]",4.0,gabors,"[20.0, 20.0]",null,0.8,0.25021176,82,,,0,,False,6,train,1
1376,0.0,428.51699,428.7672,90.0,0.08,20.0,-10.0,null,"[3644.93333333, 3644.93333333]",4.0,gabors,"[20.0, 20.0]",null,0.8,0.25021176,160,,,0,,False,6,train,2
1377,0.0,428.7672,429.01741,0.0,0.08,0.0,-20.0,null,"[3644.93333333, 3644.93333333]",4.0,gabors,"[20.0, 20.0]",null,0.8,0.25020824,172,,,0,,False,6,train,0
1378,0.0,429.01741,429.26761,90.0,0.08,20.0,40.0,null,"[3644.93333333, 3644.93333333]",4.0,gabors,"[20.0, 20.0]",null,0.8,0.25020824,180,,,0,,False,5,test,2
1379,0.0,429.26761,429.51782,0.0,0.08,20.0,-30.0,null,"[3644.93333333, 3644.93333333]",4.0,gabors,"[20.0, 20.0]",null,0.8,0.25020824,22,,,0,,False,6,train,0
1380,0.0,429.51782,429.76803,45.0,0.08,40.0,-10.0,null,"[3644.93333333, 3644.93333333]",4.0,gabors,"[20.0, 20.0]",null,0.8,0.25020824,38,,,0,,False,6,train,1
1381,0.0,429.76803,430.01824,90.0,0.08,30.0,-30.0,null,"[3644.93333333, 3644.93333333]",4.0,gabors,"[20.0, 20.0]",null,0.8,0.25021176,215,,,0,,False,5,test,2
1382,0.0,430.01824,430.26845,45.0,0.08,-10.0,30.0,null,"[3644.93333333, 3644.93333333]",4.0,gabors,"[20.0, 20.0]",null,0.8,0.25021176,178,,,0,,False,7,train,1
1383,0.0,430.26845,430.51867,0.0,0.08,10.0,-40.0,null,"[3644.93333333, 3644.93333333]",4.0,gabors,"[20.0, 20.0]",null,0.8,0.25021176,211,,,0,,False,6,train,0
1384,0.0,430.51867,430.76888,90.0,0.08,10.0,20.0,null,"[3644.93333333, 3644.93333333]",4.0,gabors,"[20.0, 20.0]",null,0.8,0.25021176,220,,,0,,False,5,test,2
1385,0.0,430.76888,431.01909,90.0,0.08,0.0,-30.0,null,"[3644.93333333, 3644.93333333]",4.0,gabors,"[20.0, 20.0]",null,0.8,0.25020824,230,,,0,,False,4,train,2
1386,0.0,431.01909,431.26929,45.0,0.08,0.0,10.0,null,"[3644.93333333, 3644.93333333]",4.0,gabors,"[20.0, 20.0]",null,0.8,0.25020824,195,,,0,,False,6,train,1
1387,0.0,431.26929,431.5195,45.0,0.08,30.0,30.0,null,"[3644.93333333, 3644.93333333]",4.0,gabors,"[20.0, 20.0]",null,0.8,0.25020824,39,,,0,,False,9,train,1
1388,0.0,431.5195,431.76971,45.0,0.08,-20.0,-30.0,null,"[3644.93333333, 3644.93333333]",4.0,gabors,"[20.0, 20.0]",null,0.8,0.25020824,174,,,0,,False,5,test,1
1389,0.0,431.76971,432.01992,90.0,0.08,-20.0,-20.0,null,"[3644.93333333, 3644.93333333]",4.0,gabors,"[20.0, 20.0]",null,0.8,0.25021176,152,,,0,,False,7,train,2
1390,0.0,432.01992,432.27013,45.0,0.08,40.0,-20.0,null,"[3644.93333333, 3644.93333333]",4.0,gabors,"[20.0, 20.0]",null,0.8,0.25021176,117,,,0,,False,7,train,1
1391,0.0,432.27013,432.52035,45.0,0.08,40.0,20.0,null,"[3644.93333333, 3644.93333333]",4.0,gabors,"[20.0, 20.0]",null,0.8,0.25021176,105,,,0,,False,2,test,1
1392,0.0,432.52035,432.77056,45.0,0.08,40.0,0.0,null,"[3644.93333333, 3644.93333333]",4.0,gabors,"[20.0, 20.0]",null,0.8,0.25021176,104,,,0,,False,6,train,1
1393,0.0,432.77056,433.02076,0.0,0.08,40.0,10.0,null,"[3644.93333333, 3644.93333333]",4.0,gabors,"[20.0, 20.0]",null,0.8,0.25020574,134,,,0,,False,5,test,0
1394,0.0,433.02076,433.27097,45.0,0.08,0.0,20.0,null,"[3644.93333333, 3644.93333333]",4.0,gabors,"[20.0, 20.0]",null,0.8,0.25020574,18,,,0,,False,6,train,1
1395,0.0,433.27097,433.52118,90.0,0.08,40.0,-30.0,null,"[3644.93333333, 3644.93333333]",4.0,gabors,"[20.0, 20.0]",null,0.8,0.25020574,140,,,0,,False,4,train,2
1396,0.0,433.52118,433.77138,45.0,0.08,20.0,10.0,null,"[3644.93333333, 3644.93333333]",4.0,gabors,"[20.0, 20.0]",null,0.8,0.25020574,108,,,0,,False,4,train,1
1397,0.0,433.77138,434.0216,90.0,0.08,20.0,30.0,null,"[3644.93333333, 3644.93333333]",4.0,gabors,"[20.0, 20.0]",null,0.8,0.25021676,188,,,0,,False,3,train,2
1398,0.0,434.0216,434.27181,90.0,0.08,30.0,10.0,null,"[3644.93333333, 3644.93333333]",4.0,gabors,"[20.0, 20.0]",null,0.8,0.25021676,204,,,0,,False,6,train,2
1399,0.0,434.27181,434.52203,45.0,0.08,-10.0,-40.0,null,"[3644.93333333, 3644.93333333]",4.0,gabors,"[20.0, 20.0]",null,0.8,0.25021676,40,,,0,,False,4,train,1
1400,0.0,434.52203,434.77225,0.0,0.08,20.0,30.0,null,"[3644.93333333, 3644.93333333]",4.0,gabors,"[20.0, 20.0]",null,0.8,0.25021676,166,,,0,,False,6,train,0
1401,0.0,434.77225,435.02245,0.0,0.08,-30.0,30.0,null,"[3644.93333333, 3644.93333333]",4.0,gabors,"[20.0, 20.0]",null,0.8,0.25019824,218,,,0,,False,5,test,0
1402,0.0,435.02245,435.27264,0.0,0.08,40.0,-40.0,null,"[3644.93333333, 3644.93333333]",4.0,gabors,"[20.0, 20.0]",null,0.8,0.25019824,62,,,0,,False,5,test,0
1403,0.0,435.27264,435.52284,90.0,0.08,10.0,-20.0,null,"[3644.93333333, 3644.93333333]",4.0,gabors,"[20.0, 20.0]",null,0.8,0.25019824,19,,,0,,False,4,train,2
1404,0.0,435.52284,435.77304,0.0,0.08,-20.0,30.0,null,"[3644.93333333, 3644.93333333]",4.0,gabors,"[20.0, 20.0]",null,0.8,0.25019824,42,,,0,,False,6,train,0
1405,0.0,435.77304,436.02325,0.0,0.08,40.0,-40.0,null,"[3644.93333333, 3644.93333333]",4.0,gabors,"[20.0, 20.0]",null,0.8,0.25021176,62,,,0,,False,6,train,0
1406,0.0,436.02325,436.27346,0.0,0.08,-30.0,40.0,null,"[3644.93333333, 3644.93333333]",4.0,gabors,"[20.0, 20.0]",null,0.8,0.25021176,89,,,0,,False,7,train,0
1407,0.0,436.27346,436.52368,90.0,0.08,-40.0,0.0,null,"[3644.93333333, 3644.93333333]",4.0,gabors,"[20.0, 20.0]",null,0.8,0.25021176,80,,,0,,False,5,test,2
1408,0.0,436.52368,436.77389,45.0,0.08,-30.0,20.0,null,"[3644.93333333, 3644.93333333]",4.0,gabors,"[20.0, 20.0]",null,0.8,0.25021176,101,,,0,,False,3,train,1
1409,0.0,436.77389,437.0241,0.0,0.08,10.0,20.0,null,"[3644.93333333, 3644.93333333]",4.0,gabors,"[20.0, 20.0]",null,0.8,0.25020824,136,,,0,,False,8,test,0
1410,0.0,437.0241,437.2743,90.0,0.08,-10.0,-30.0,null,"[3644.93333333, 3644.93333333]",4.0,gabors,"[20.0, 20.0]",null,0.8,0.25020824,133,,,0,,False,6,train,2
1411,0.0,437.2743,437.52451,0.0,0.08,-10.0,-20.0,null,"[3644.93333333, 3644.93333333]",4.0,gabors,"[20.0, 20.0]",null,0.8,0.25020824,187,,,0,,False,5,test,0
1412,0.0,437.52451,437.77472,90.0,0.08,-20.0,-40.0,null,"[3644.93333333, 3644.93333333]",4.0,gabors,"[20.0, 20.0]",null,0.8,0.25020824,36,,,0,,False,7,train,2
1413,0.0,437.77472,438.02493,45.0,0.08,40.0,-10.0,null,"[3644.93333333, 3644.93333333]",4.0,gabors,"[20.0, 20.0]",null,0.8,0.25021176,38,,,0,,False,7,train,1
1414,0.0,438.02493,438.27514,90.0,0.08,40.0,30.0,null,"[3644.93333333, 3644.93333333]",4.0,gabors,"[20.0, 20.0]",null,0.8,0.25021176,75,,,0,,False,7,train,2
1415,0.0,438.27514,438.52536,45.0,0.08,30.0,-10.0,null,"[3644.93333333, 3644.93333333]",4.0,gabors,"[20.0, 20.0]",null,0.8,0.25021176,199,,,0,,False,8,test,1
1416,0.0,438.52536,438.77557,0.0,0.08,20.0,-20.0,null,"[3644.93333333, 3644.93333333]",4.0,gabors,"[20.0, 20.0]",null,0.8,0.25021176,112,,,0,,False,5,test,0
1417,0.0,438.77557,439.02578,0.0,0.08,-20.0,10.0,null,"[3644.93333333, 3644.93333333]",4.0,gabors,"[20.0, 20.0]",null,0.8,0.25020824,182,,,0,,False,4,train,0
1418,0.0,439.02578,439.27598,45.0,0.08,10.0,30.0,null,"[3644.93333333, 3644.93333333]",4.0,gabors,"[20.0, 20.0]",null,0.8,0.25020824,209,,,0,,False,5,test,1
1419,0.0,439.27598,439.52619,90.0,0.08,-10.0,30.0,null,"[3644.93333333, 3644.93333333]",4.0,gabors,"[20.0, 20.0]",null,0.8,0.25020824,200,,,0,,False,4,train,2
1420,0.0,439.52619,439.7764,45.0,0.08,20.0,-30.0,null,"[3644.93333333, 3644.93333333]",4.0,gabors,"[20.0, 20.0]",null,0.8,0.25020824,159,,,0,,False,6,train,1
1421,0.0,439.7764,440.02661,0.0,0.08,10.0,-20.0,null,"[3644.93333333, 3644.93333333]",4.0,gabors,"[20.0, 20.0]",null,0.8,0.25021176,109,,,0,,False,4,train,0
1422,0.0,440.02661,440.27682,45.0,0.08,40.0,20.0,null,"[3644.93333333, 3644.93333333]",4.0,gabors,"[20.0, 20.0]",null,0.8,0.25021176,105,,,0,,False,3,train,1
1423,0.0,440.27682,440.52704,45.0,0.08,30.0,-40.0,null,"[3644.93333333, 3644.93333333]",4.0,gabors,"[20.0, 20.0]",null,0.8,0.25021176,125,,,0,,False,8,test,1
1424,0.0,440.52704,440.77725,90.0,0.08,-40.0,20.0,null,"[3644.93333333, 3644.93333333]",4.0,gabors,"[20.0, 20.0]",null,0.8,0.25021176,65,,,0,,False,6,train,2
1425,0.0,440.77725,441.02745,0.0,0.08,-30.0,20.0,null,"[3644.93333333, 3644.93333333]",4.0,gabors,"[20.0, 20.0]",null,0.8,0.25020324,227,,,0,,False,4,train,0
1426,0.0,441.02745,441.27765,45.0,0.08,-20.0,20.0,null,"[3644.93333333, 3644.93333333]",4.0,gabors,"[20.0, 20.0]",null,0.8,0.25020324,235,,,0,,False,4,train,1
1427,0.0,441.27765,441.52786,0.0,0.08,10.0,40.0,null,"[3644.93333333, 3644.93333333]",4.0,gabors,"[20.0, 20.0]",null,0.8,0.25020324,9,,,0,,False,6,train,0
1428,0.0,441.52786,441.77806,45.0,0.08,10.0,30.0,null,"[3644.93333333, 3644.93333333]",4.0,gabors,"[20.0, 20.0]",null,0.8,0.25020324,209,,,0,,False,6,train,1
1429,0.0,441.77806,442.02828,45.0,0.08,-10.0,-20.0,null,"[3644.93333333, 3644.93333333]",4.0,gabors,"[20.0, 20.0]",null,0.8,0.25021426,197,,,0,,False,3,train,1
1430,0.0,442.02828,442.27849,90.0,0.08,10.0,20.0,null,"[3644.93333333, 3644.93333333]",4.0,gabors,"[20.0, 20.0]",null,0.8,0.25021426,220,,,0,,False,6,train,2
1431,0.0,442.27849,442.5287,90.0,0.08,-20.0,-40.0,null,"[3644.93333333, 3644.93333333]",4.0,gabors,"[20.0, 20.0]",null,0.8,0.25021426,36,,,0,,False,8,test,2
1432,0.0,442.5287,442.77892,45.0,0.08,40.0,-10.0,null,"[3644.93333333, 3644.93333333]",4.0,gabors,"[20.0, 20.0]",null,0.8,0.25021426,38,,,0,,False,8,test,1
1433,0.0,442.77892,443.02913,45.0,0.08,-30.0,30.0,null,"[3644.93333333, 3644.93333333]",4.0,gabors,"[20.0, 20.0]",null,0.8,0.25020824,207,,,0,,False,3,train,1
1434,0.0,443.02913,443.27933,90.0,0.08,20.0,-20.0,null,"[3644.93333333, 3644.93333333]",4.0,gabors,"[20.0, 20.0]",null,0.8,0.25020824,232,,,0,,False,3,train,2
1435,0.0,443.27933,443.52954,0.0,0.08,20.0,30.0,null,"[3644.93333333, 3644.93333333]",4.0,gabors,"[20.0, 20.0]",null,0.8,0.25020824,166,,,0,,False,7,train,0
1436,0.0,443.52954,443.77975,90.0,0.08,-40.0,-30.0,null,"[3644.93333333, 3644.93333333]",4.0,gabors,"[20.0, 20.0]",null,0.8,0.25020824,56,,,0,,False,5,test,2
1437,0.0,443.77975,444.02997,45.0,0.08,30.0,-20.0,null,"[3644.93333333, 3644.93333333]",4.0,gabors,"[20.0, 20.0]",null,0.8,0.25021426,47,,,0,,False,4,train,1
1438,0.0,444.02997,444.28018,0.0,0.08,-10.0,-30.0,null,"[3644.93333333, 3644.93333333]",4.0,gabors,"[20.0, 20.0]",null,0.8,0.25021426,37,,,0,,False,3,train,0
1439,0.0,444.28018,444.53039,45.0,0.08,40.0,10.0,null,"[3644.93333333, 3644.93333333]",4.0,gabors,"[20.0, 20.0]",null,0.8,0.25021426,121,,,0,,False,7,train,1
1440,0.0,444.53039,444.78061,45.0,0.08,-40.0,-30.0,null,"[3644.93333333, 3644.93333333]",4.0,gabors,"[20.0, 20.0]",null,0.8,0.25021426,92,,,0,,False,5,test,1
1441,0.0,444.78061,445.03081,0.0,0.08,0.0,10.0,null,"[3644.93333333, 3644.93333333]",4.0,gabors,"[20.0, 20.0]",null,0.8,0.25020074,6,,,0,,False,5,test,0
1442,0.0,445.03081,445.28101,90.0,0.08,-30.0,-20.0,null,"[3644.93333333, 3644.93333333]",4.0,gabors,"[20.0, 20.0]",null,0.8,0.25020074,111,,,0,,False,6,train,2
1443,0.0,445.28101,445.53121,45.0,0.08,10.0,10.0,null,"[3644.93333333, 3644.93333333]",4.0,gabors,"[20.0, 20.0]",null,0.8,0.25020074,11,,,0,,False,8,test,1
1444,0.0,445.53121,445.78141,45.0,0.08,-10.0,10.0,null,"[3644.93333333, 3644.93333333]",4.0,gabors,"[20.0, 20.0]",null,0.8,0.25020074,186,,,0,,False,7,train,1
1445,0.0,445.78141,446.03162,45.0,0.08,20.0,-20.0,null,"[3644.93333333, 3644.93333333]",4.0,gabors,"[20.0, 20.0]",null,0.8,0.25020676,229,,,0,,False,6,train,1
1446,0.0,446.03162,446.28182,45.0,0.08,-20.0,40.0,null,"[3644.93333333, 3644.93333333]",4.0,gabors,"[20.0, 20.0]",null,0.8,0.25020676,59,,,0,,False,7,train,1
1447,0.0,446.28182,446.53203,0.0,0.08,0.0,10.0,null,"[3644.93333333, 3644.93333333]",4.0,gabors,"[20.0, 20.0]",null,0.8,0.25020676,6,,,0,,False,6,train,0
1448,0.0,446.53203,446.78224,0.0,0.08,-40.0,20.0,null,"[3644.93333333, 3644.93333333]",4.0,gabors,"[20.0, 20.0]",null,0.8,0.25020676,106,,,0,,False,5,test,0
1449,0.0,446.78224,447.03245,90.0,0.08,-10.0,20.0,null,"[3644.93333333, 3644.93333333]",4.0,gabors,"[20.0, 20.0]",null,0.8,0.25021324,137,,,0,,False,5,test,2
1450,0.0,447.03245,447.28266,45.0,0.08,20.0,30.0,null,"[3644.93333333, 3644.93333333]",4.0,gabors,"[20.0, 20.0]",null,0.8,0.25021324,146,,,0,,False,6,train,1
1451,0.0,447.28266,447.53288,90.0,0.08,30.0,-40.0,null,"[3644.93333333, 3644.93333333]",4.0,gabors,"[20.0, 20.0]",null,0.8,0.25021324,8,,,0,,False,4,train,2
1452,0.0,447.53288,447.78309,90.0,0.08,20.0,20.0,null,"[3644.93333333, 3644.93333333]",4.0,gabors,"[20.0, 20.0]",null,0.8,0.25021324,35,,,0,,False,6,train,2
1453,0.0,447.78309,448.0333,0.0,0.08,-20.0,10.0,null,"[3644.93333333, 3644.93333333]",4.0,gabors,"[20.0, 20.0]",null,0.8,0.25021176,182,,,0,,False,5,test,0
1454,0.0,448.0333,448.28351,0.0,0.08,-10.0,-20.0,null,"[3644.93333333, 3644.93333333]",4.0,gabors,"[20.0, 20.0]",null,0.8,0.25021176,187,,,0,,False,6,train,0
1455,0.0,448.28351,448.53373,0.0,0.08,40.0,-10.0,null,"[3644.93333333, 3644.93333333]",4.0,gabors,"[20.0, 20.0]",null,0.8,0.25021176,100,,,0,,False,7,train,0
1456,0.0,448.53373,448.78394,45.0,0.08,-20.0,-30.0,null,"[3644.93333333, 3644.93333333]",4.0,gabors,"[20.0, 20.0]",null,0.8,0.25021176,174,,,0,,False,6,train,1
1457,0.0,448.78394,449.03415,90.0,0.08,10.0,20.0,null,"[3644.93333333, 3644.93333333]",4.0,gabors,"[20.0, 20.0]",null,0.8,0.25020824,220,,,0,,False,7,train,2
1458,0.0,449.03415,449.28435,45.0,0.08,-40.0,0.0,null,"[3644.93333333, 3644.93333333]",4.0,gabors,"[20.0, 20.0]",null,0.8,0.25020824,208,,,0,,False,4,train,1
1459,0.0,449.28435,449.53456,90.0,0.08,20.0,-20.0,null,"[3644.93333333, 3644.93333333]",4.0,gabors,"[20.0, 20.0]",null,0.8,0.25020824,232,,,0,,False,4,train,2
1460,0.0,449.53456,449.78477,90.0,0.08,-30.0,0.0,null,"[3644.93333333, 3644.93333333]",4.0,gabors,"[20.0, 20.0]",null,0.8,0.25020824,31,,,0,,False,5,test,2
1461,0.0,449.78477,450.03498,0.0,0.08,0.0,20.0,null,"[3644.93333333, 3644.93333333]",4.0,gabors,"[20.0, 20.0]",null,0.8,0.25020676,221,,,0,,False,4,train,0
1462,0.0,450.03498,450.28518,45.0,0.08,20.0,-40.0,null,"[3644.93333333, 3644.93333333]",4.0,gabors,"[20.0, 20.0]",null,0.8,0.25020676,90,,,0,,False,7,train,1
1463,0.0,450.28518,450.53539,90.0,0.08,-40.0,-10.0,null,"[3644.93333333, 3644.93333333]",4.0,gabors,"[20.0, 20.0]",null,0.8,0.25020676,190,,,0,,False,7,train,2
1464,0.0,450.53539,450.7856,90.0,0.08,40.0,-30.0,null,"[3644.93333333, 3644.93333333]",4.0,gabors,"[20.0, 20.0]",null,0.8,0.25020676,140,,,0,,False,5,test,2
1465,0.0,450.7856,451.03581,0.0,0.08,-20.0,-30.0,null,"[3644.93333333, 3644.93333333]",4.0,gabors,"[20.0, 20.0]",null,0.8,0.25020824,54,,,0,,False,4,train,0
1466,0.0,451.03581,451.28601,0.0,0.08,40.0,-40.0,null,"[3644.93333333, 3644.93333333]",4.0,gabors,"[20.0, 20.0]",null,0.8,0.25020824,62,,,0,,False,7,train,0
1467,0.0,451.28601,451.53622,0.0,0.08,-20.0,-20.0,null,"[3644.93333333, 3644.93333333]",4.0,gabors,"[20.0, 20.0]",null,0.8,0.25020824,236,,,0,,False,2,test,0
1468,0.0,451.53622,451.78643,0.0,0.08,0.0,-30.0,null,"[3644.93333333, 3644.93333333]",4.0,gabors,"[20.0, 20.0]",null,0.8,0.25020824,28,,,0,,False,7,train,0
1469,0.0,451.78643,452.03664,45.0,0.08,-20.0,-10.0,null,"[3644.93333333, 3644.93333333]",4.0,gabors,"[20.0, 20.0]",null,0.8,0.25020926,107,,,0,,False,5,test,1
1470,0.0,452.03664,452.28685,90.0,0.08,-40.0,-40.0,null,"[3644.93333333, 3644.93333333]",4.0,gabors,"[20.0, 20.0]",null,0.8,0.25020926,196,,,0,,False,7,train,2
1471,0.0,452.28685,452.53706,0.0,0.08,-40.0,-30.0,null,"[3644.93333333, 3644.93333333]",4.0,gabors,"[20.0, 20.0]",null,0.8,0.25020926,222,,,0,,False,4,train,0
1472,0.0,452.53706,452.78727,90.0,0.08,20.0,30.0,null,"[3644.93333333, 3644.93333333]",4.0,gabors,"[20.0, 20.0]",null,0.8,0.25020926,188,,,0,,False,4,train,2
1473,0.0,452.78727,453.03747,45.0,0.08,10.0,0.0,null,"[3644.93333333, 3644.93333333]",4.0,gabors,"[20.0, 20.0]",null,0.8,0.25020574,53,,,0,,False,10,train,1
1474,0.0,453.03747,453.28768,90.0,0.08,-30.0,0.0,null,"[3644.93333333, 3644.93333333]",4.0,gabors,"[20.0, 20.0]",null,0.8,0.25020574,31,,,0,,False,6,train,2
1475,0.0,453.28768,453.53789,90.0,0.08,0.0,-40.0,null,"[3644.93333333, 3644.93333333]",4.0,gabors,"[20.0, 20.0]",null,0.8,0.25020574,173,,,0,,False,7,train,2
1476,0.0,453.53789,453.78809,0.0,0.08,20.0,-30.0,null,"[3644.93333333, 3644.93333333]",4.0,gabors,"[20.0, 20.0]",null,0.8,0.25020574,22,,,0,,False,7,train,0
1477,0.0,453.78809,454.03831,45.0,0.08,20.0,-40.0,null,"[3644.93333333, 3644.93333333]",4.0,gabors,"[20.0, 20.0]",null,0.8,0.25021926,90,,,0,,False,8,test,1
1478,0.0,454.03831,454.28853,0.0,0.08,0.0,-20.0,null,"[3644.93333333, 3644.93333333]",4.0,gabors,"[20.0, 20.0]",null,0.8,0.25021926,172,,,0,,False,7,train,0
1479,0.0,454.28853,454.53875,45.0,0.08,-20.0,-30.0,null,"[3644.93333333, 3644.93333333]",4.0,gabors,"[20.0, 20.0]",null,0.8,0.25021926,174,,,0,,False,7,train,1
1480,0.0,454.53875,454.78897,45.0,0.08,0.0,-20.0,null,"[3644.93333333, 3644.93333333]",4.0,gabors,"[20.0, 20.0]",null,0.8,0.25021926,198,,,0,,False,3,train,1
1481,0.0,454.78897,455.03917,45.0,0.08,-20.0,-10.0,null,"[3644.93333333, 3644.93333333]",4.0,gabors,"[20.0, 20.0]",null,0.8,0.25020574,107,,,0,,False,6,train,1
1482,0.0,455.03917,455.28938,45.0,0.08,-40.0,40.0,null,"[3644.93333333, 3644.93333333]",4.0,gabors,"[20.0, 20.0]",null,0.8,0.25020574,67,,,0,,False,6,train,1
1483,0.0,455.28938,455.53959,45.0,0.08,-30.0,30.0,null,"[3644.93333333, 3644.93333333]",4.0,gabors,"[20.0, 20.0]",null,0.8,0.25020574,207,,,0,,False,4,train,1
1484,0.0,455.53959,455.78979,90.0,0.08,40.0,-30.0,null,"[3644.93333333, 3644.93333333]",4.0,gabors,"[20.0, 20.0]",null,0.8,0.25020574,140,,,0,,False,6,train,2
1485,0.0,455.78979,456.03999,90.0,0.08,30.0,-40.0,null,"[3644.93333333, 3644.93333333]",4.0,gabors,"[20.0, 20.0]",null,0.8,0.25020176,8,,,0,,False,5,test,2
1486,0.0,456.03999,456.29019,90.0,0.08,-30.0,20.0,null,"[3644.93333333, 3644.93333333]",4.0,gabors,"[20.0, 20.0]",null,0.8,0.25020176,176,,,0,,False,7,train,2
1487,0.0,456.29019,456.5404,45.0,0.08,-40.0,20.0,null,"[3644.93333333, 3644.93333333]",4.0,gabors,"[20.0, 20.0]",null,0.8,0.25020176,145,,,0,,False,7,train,1
1488,0.0,456.5404,456.7906,0.0,0.08,-30.0,0.0,null,"[3644.93333333, 3644.93333333]",4.0,gabors,"[20.0, 20.0]",null,0.8,0.25020176,226,,,0,,False,5,test,0
1489,0.0,456.7906,457.04081,0.0,0.08,-30.0,30.0,null,"[3644.93333333, 3644.93333333]",4.0,gabors,"[20.0, 20.0]",null,0.8,0.25021574,218,,,0,,False,6,train,0
1490,0.0,457.04081,457.29103,45.0,0.08,-30.0,-20.0,null,"[3644.93333333, 3644.93333333]",4.0,gabors,"[20.0, 20.0]",null,0.8,0.25021574,233,,,0,,False,3,train,1
1491,0.0,457.29103,457.54125,0.0,0.08,40.0,-20.0,null,"[3644.93333333, 3644.93333333]",4.0,gabors,"[20.0, 20.0]",null,0.8,0.25021574,164,,,0,,False,6,train,0
1492,0.0,457.54125,457.79146,0.0,0.08,-20.0,20.0,null,"[3644.93333333, 3644.93333333]",4.0,gabors,"[20.0, 20.0]",null,0.8,0.25021574,239,,,0,,False,4,train,0
1493,0.0,457.79146,458.04167,45.0,0.08,40.0,-30.0,null,"[3644.93333333, 3644.93333333]",4.0,gabors,"[20.0, 20.0]",null,0.8,0.25020676,181,,,0,,False,4,train,1
1494,0.0,458.04167,458.29187,90.0,0.08,40.0,0.0,null,"[3644.93333333, 3644.93333333]",4.0,gabors,"[20.0, 20.0]",null,0.8,0.25020676,144,,,0,,False,5,test,2
1495,0.0,458.29187,458.54208,45.0,0.08,30.0,40.0,null,"[3644.93333333, 3644.93333333]",4.0,gabors,"[20.0, 20.0]",null,0.8,0.25020676,224,,,0,,False,2,test,1
1496,0.0,458.54208,458.79229,45.0,0.08,-30.0,-10.0,null,"[3644.93333333, 3644.93333333]",4.0,gabors,"[20.0, 20.0]",null,0.8,0.25020676,154,,,0,,False,6,train,1
1497,0.0,458.79229,459.0425,45.0,0.08,-20.0,20.0,null,"[3644.93333333, 3644.93333333]",4.0,gabors,"[20.0, 20.0]",null,0.8,0.25020824,235,,,0,,False,5,test,1
1498,0.0,459.0425,459.2927,45.0,0.08,0.0,30.0,null,"[3644.93333333, 3644.93333333]",4.0,gabors,"[20.0, 20.0]",null,0.8,0.25020824,193,,,0,,False,4,train,1
1499,0.0,459.2927,459.54291,45.0,0.08,0.0,-30.0,null,"[3644.93333333, 3644.93333333]",4.0,gabors,"[20.0, 20.0]",null,0.8,0.25020824,241,,,0,,False,4,train,1
1500,0.0,459.54291,459.79312,0.0,0.08,-10.0,-30.0,null,"[3644.93333333, 3644.93333333]",4.0,gabors,"[20.0, 20.0]",null,0.8,0.25020824,37,,,0,,False,4,train,0
1501,0.0,459.79312,460.04334,45.0,0.08,-40.0,-40.0,null,"[3644.93333333, 3644.93333333]",4.0,gabors,"[20.0, 20.0]",null,0.8,0.25021426,177,,,0,,False,5,test,1
1502,0.0,460.04334,460.29355,90.0,0.08,0.0,10.0,null,"[3644.93333333, 3644.93333333]",4.0,gabors,"[20.0, 20.0]",null,0.8,0.25021426,30,,,0,,False,8,test,2
1503,0.0,460.29355,460.54376,45.0,0.08,0.0,-20.0,null,"[3644.93333333, 3644.93333333]",4.0,gabors,"[20.0, 20.0]",null,0.8,0.25021426,198,,,0,,False,4,train,1
1504,0.0,460.54376,460.79398,45.0,0.08,20.0,30.0,null,"[3644.93333333, 3644.93333333]",4.0,gabors,"[20.0, 20.0]",null,0.8,0.25021426,146,,,0,,False,7,train,1
1505,0.0,460.79398,461.04418,45.0,0.08,10.0,20.0,null,"[3644.93333333, 3644.93333333]",4.0,gabors,"[20.0, 20.0]",null,0.8,0.25020574,41,,,0,,False,4,train,1
1506,0.0,461.04418,461.29439,90.0,0.08,0.0,10.0,null,"[3644.93333333, 3644.93333333]",4.0,gabors,"[20.0, 20.0]",null,0.8,0.25020574,30,,,0,,False,9,train,2
1507,0.0,461.29439,461.5446,0.0,0.08,0.0,40.0,null,"[3644.93333333, 3644.93333333]",4.0,gabors,"[20.0, 20.0]",null,0.8,0.25020574,123,,,0,,False,5,test,0
1508,0.0,461.5446,461.7948,0.0,0.08,-40.0,0.0,null,"[3644.93333333, 3644.93333333]",4.0,gabors,"[20.0, 20.0]",null,0.8,0.25020574,216,,,0,,False,5,test,0
1509,0.0,461.7948,462.04501,0.0,0.08,20.0,-30.0,null,"[3644.93333333, 3644.93333333]",4.0,gabors,"[20.0, 20.0]",null,0.8,0.25020676,22,,,0,,False,8,test,0
1510,0.0,462.04501,462.29521,45.0,0.08,-30.0,-20.0,null,"[3644.93333333, 3644.93333333]",4.0,gabors,"[20.0, 20.0]",null,0.8,0.25020676,233,,,0,,False,4,train,1
1511,0.0,462.29521,462.54542,0.0,0.08,40.0,0.0,null,"[3644.93333333, 3644.93333333]",4.0,gabors,"[20.0, 20.0]",null,0.8,0.25020676,206,,,0,,False,6,train,0
1512,0.0,462.54542,462.79563,45.0,0.08,-30.0,10.0,null,"[3644.93333333, 3644.93333333]",4.0,gabors,"[20.0, 20.0]",null,0.8,0.25020676,2,,,0,,False,5,test,1
1513,0.0,462.79563,463.04584,90.0,0.08,-40.0,10.0,null,"[3644.93333333, 3644.93333333]",4.0,gabors,"[20.0, 20.0]",null,0.8,0.25021324,115,,,0,,False,9,train,2
1514,0.0,463.04584,463.29605,0.0,0.08,0.0,10.0,null,"[3644.93333333, 3644.93333333]",4.0,gabors,"[20.0, 20.0]",null,0.8,0.25021324,6,,,0,,False,7,train,0
1515,0.0,463.29605,463.54627,90.0,0.08,0.0,-10.0,null,"[3644.93333333, 3644.93333333]",4.0,gabors,"[20.0, 20.0]",null,0.8,0.25021324,49,,,0,,False,6,train,2
1516,0.0,463.54627,463.79648,45.0,0.08,-20.0,40.0,null,"[3644.93333333, 3644.93333333]",4.0,gabors,"[20.0, 20.0]",null,0.8,0.25021324,59,,,0,,False,8,test,1
1517,0.0,463.79648,464.04669,45.0,0.08,20.0,20.0,null,"[3644.93333333, 3644.93333333]",4.0,gabors,"[20.0, 20.0]",null,0.8,0.25021176,167,,,0,,False,5,test,1
1518,0.0,464.04669,464.2969,45.0,0.08,-40.0,10.0,null,"[3644.93333333, 3644.93333333]",4.0,gabors,"[20.0, 20.0]",null,0.8,0.25021176,16,,,0,,False,8,test,1
1519,0.0,464.2969,464.54712,45.0,0.08,-20.0,0.0,null,"[3644.93333333, 3644.93333333]",4.0,gabors,"[20.0, 20.0]",null,0.8,0.25021176,34,,,0,,False,6,train,1
1520,0.0,464.54712,464.79733,90.0,0.08,30.0,20.0,null,"[3644.93333333, 3644.93333333]",4.0,gabors,"[20.0, 20.0]",null,0.8,0.25021176,25,,,0,,False,6,train,2
1521,0.0,464.79733,465.04753,45.0,0.08,-20.0,20.0,null,"[3644.93333333, 3644.93333333]",4.0,gabors,"[20.0, 20.0]",null,0.8,0.25020574,235,,,0,,False,6,train,1
1522,0.0,465.04753,465.29774,0.0,0.08,40.0,-10.0,null,"[3644.93333333, 3644.93333333]",4.0,gabors,"[20.0, 20.0]",null,0.8,0.25020574,100,,,0,,False,8,test,0
1523,0.0,465.29774,465.54795,0.0,0.08,-10.0,-40.0,null,"[3644.93333333, 3644.93333333]",4.0,gabors,"[20.0, 20.0]",null,0.8,0.25020574,139,,,0,,False,3,train,0
1524,0.0,465.54795,465.79815,0.0,0.08,30.0,40.0,null,"[3644.93333333, 3644.93333333]",4.0,gabors,"[20.0, 20.0]",null,0.8,0.25020574,23,,,0,,False,7,train,0
1525,0.0,465.79815,466.04837,90.0,0.08,30.0,0.0,null,"[3644.93333333, 3644.93333333]",4.0,gabors,"[20.0, 20.0]",null,0.8,0.25021426,113,,,0,,False,7,train,2
1526,0.0,466.04837,466.29858,45.0,0.08,-30.0,-10.0,null,"[3644.93333333, 3644.93333333]",4.0,gabors,"[20.0, 20.0]",null,0.8,0.25021426,154,,,0,,False,7,train,1
1527,0.0,466.29858,466.54879,0.0,0.08,0.0,-40.0,null,"[3644.93333333, 3644.93333333]",4.0,gabors,"[20.0, 20.0]",null,0.8,0.25021426,12,,,0,,False,5,test,0
1528,0.0,466.54879,466.79901,90.0,0.08,0.0,0.0,null,"[3644.93333333, 3644.93333333]",4.0,gabors,"[20.0, 20.0]",null,0.8,0.25021426,88,,,0,,False,4,train,2
1529,0.0,466.79901,467.04921,45.0,0.08,-40.0,40.0,null,"[3644.93333333, 3644.93333333]",4.0,gabors,"[20.0, 20.0]",null,0.8,0.25020324,67,,,0,,False,7,train,1
1530,0.0,467.04921,467.29941,45.0,0.08,30.0,30.0,null,"[3644.93333333, 3644.93333333]",4.0,gabors,"[20.0, 20.0]",null,0.8,0.25020324,39,,,0,,False,10,train,1
1531,0.0,467.29941,467.54962,0.0,0.08,-10.0,-10.0,null,"[3644.93333333, 3644.93333333]",4.0,gabors,"[20.0, 20.0]",null,0.8,0.25020324,158,,,0,,False,5,test,0
1532,0.0,467.54962,467.79982,45.0,0.08,-30.0,-40.0,null,"[3644.93333333, 3644.93333333]",4.0,gabors,"[20.0, 20.0]",null,0.8,0.25020324,70,,,0,,False,6,train,1
1533,0.0,467.79982,468.05004,0.0,0.08,-40.0,-10.0,null,"[3644.93333333, 3644.93333333]",4.0,gabors,"[20.0, 20.0]",null,0.8,0.25021426,20,,,0,,False,5,test,0
1534,0.0,468.05004,468.30025,0.0,0.08,40.0,30.0,null,"[3644.93333333, 3644.93333333]",4.0,gabors,"[20.0, 20.0]",null,0.8,0.25021426,95,,,0,,False,5,test,0
1535,0.0,468.30025,468.55046,45.0,0.08,40.0,-40.0,null,"[3644.93333333, 3644.93333333]",4.0,gabors,"[20.0, 20.0]",null,0.8,0.25021426,119,,,0,,False,6,train,1
1536,0.0,468.55046,468.80068,45.0,0.08,-30.0,0.0,null,"[3644.93333333, 3644.93333333]",4.0,gabors,"[20.0, 20.0]",null,0.8,0.25021426,212,,,0,,False,4,train,1
1537,0.0,468.80068,469.05088,45.0,0.08,10.0,-10.0,null,"[3644.93333333, 3644.93333333]",4.0,gabors,"[20.0, 20.0]",null,0.8,0.25020324,94,,,0,,False,7,train,1
1538,0.0,469.05088,469.30108,45.0,0.08,-30.0,-20.0,null,"[3644.93333333, 3644.93333333]",4.0,gabors,"[20.0, 20.0]",null,0.8,0.25020324,233,,,0,,False,5,test,1
1539,0.0,469.30108,469.55129,45.0,0.08,10.0,-40.0,null,"[3644.93333333, 3644.93333333]",4.0,gabors,"[20.0, 20.0]",null,0.8,0.25020324,73,,,0,,False,7,train,1
1540,0.0,469.55129,469.80149,90.0,0.08,-40.0,40.0,null,"[3644.93333333, 3644.93333333]",4.0,gabors,"[20.0, 20.0]",null,0.8,0.25020324,163,,,0,,False,3,train,2
1541,0.0,469.80149,470.05171,90.0,0.08,-30.0,0.0,null,"[3644.93333333, 3644.93333333]",4.0,gabors,"[20.0, 20.0]",null,0.8,0.25021426,31,,,0,,False,7,train,2
1542,0.0,470.05171,470.30192,90.0,0.08,-20.0,-40.0,null,"[3644.93333333, 3644.93333333]",4.0,gabors,"[20.0, 20.0]",null,0.8,0.25021426,36,,,0,,False,9,train,2
1543,0.0,470.30192,470.55213,45.0,0.08,30.0,-20.0,null,"[3644.93333333, 3644.93333333]",4.0,gabors,"[20.0, 20.0]",null,0.8,0.25021426,47,,,0,,False,5,test,1
1544,0.0,470.55213,470.80235,0.0,0.08,20.0,20.0,null,"[3644.93333333, 3644.93333333]",4.0,gabors,"[20.0, 20.0]",null,0.8,0.25021426,179,,,0,,False,4,train,0
1545,0.0,470.80235,471.05255,45.0,0.08,-30.0,0.0,null,"[3644.93333333, 3644.93333333]",4.0,gabors,"[20.0, 20.0]",null,0.8,0.25020574,212,,,0,,False,5,test,1
1546,0.0,471.05255,471.30276,90.0,0.08,10.0,30.0,null,"[3644.93333333, 3644.93333333]",4.0,gabors,"[20.0, 20.0]",null,0.8,0.25020574,170,,,0,,False,4,train,2
1547,0.0,471.30276,471.55297,0.0,0.08,-40.0,10.0,null,"[3644.93333333, 3644.93333333]",4.0,gabors,"[20.0, 20.0]",null,0.8,0.25020574,205,,,0,,False,3,train,0
1548,0.0,471.55297,471.80317,0.0,0.08,-40.0,20.0,null,"[3644.93333333, 3644.93333333]",4.0,gabors,"[20.0, 20.0]",null,0.8,0.25020574,106,,,0,,False,6,train,0
1549,0.0,471.80317,472.05337,45.0,0.08,40.0,-40.0,null,"[3644.93333333, 3644.93333333]",4.0,gabors,"[20.0, 20.0]",null,0.8,0.25020176,119,,,0,,False,7,train,1
1550,0.0,472.05337,472.30357,90.0,0.08,0.0,40.0,null,"[3644.93333333, 3644.93333333]",4.0,gabors,"[20.0, 20.0]",null,0.8,0.25020176,217,,,0,,False,3,train,2
1551,0.0,472.30357,472.55378,0.0,0.08,0.0,-20.0,null,"[3644.93333333, 3644.93333333]",4.0,gabors,"[20.0, 20.0]",null,0.8,0.25020176,172,,,0,,False,8,test,0
1552,0.0,472.55378,472.80398,45.0,0.08,-30.0,10.0,null,"[3644.93333333, 3644.93333333]",4.0,gabors,"[20.0, 20.0]",null,0.8,0.25020176,2,,,0,,False,6,train,1
1553,0.0,472.80398,473.0542,90.0,0.08,0.0,20.0,null,"[3644.93333333, 3644.93333333]",4.0,gabors,"[20.0, 20.0]",null,0.8,0.25021824,85,,,0,,False,6,train,2
1554,0.0,473.0542,473.30441,0.0,0.08,30.0,-10.0,null,"[3644.93333333, 3644.93333333]",4.0,gabors,"[20.0, 20.0]",null,0.8,0.25021824,149,,,0,,False,6,train,0
1555,0.0,473.30441,473.55463,0.0,0.08,40.0,0.0,null,"[3644.93333333, 3644.93333333]",4.0,gabors,"[20.0, 20.0]",null,0.8,0.25021824,206,,,0,,False,7,train,0
1556,0.0,473.55463,473.80485,90.0,0.08,-30.0,0.0,null,"[3644.93333333, 3644.93333333]",4.0,gabors,"[20.0, 20.0]",null,0.8,0.25021824,31,,,0,,False,8,test,2
1557,0.0,473.80485,474.05506,45.0,0.08,-40.0,0.0,null,"[3644.93333333, 3644.93333333]",4.0,gabors,"[20.0, 20.0]",null,0.8,0.25020676,208,,,0,,False,5,test,1
1558,0.0,474.05506,474.30526,90.0,0.08,-10.0,40.0,null,"[3644.93333333, 3644.93333333]",4.0,gabors,"[20.0, 20.0]",null,0.8,0.25020676,27,,,0,,False,4,train,2
1559,0.0,474.30526,474.55547,90.0,0.08,-30.0,40.0,null,"[3644.93333333, 3644.93333333]",4.0,gabors,"[20.0, 20.0]",null,0.8,0.25020676,86,,,0,,False,9,train,2
1560,0.0,474.55547,474.80568,0.0,0.08,-30.0,-20.0,null,"[3644.93333333, 3644.93333333]",4.0,gabors,"[20.0, 20.0]",null,0.8,0.25020676,214,,,0,,False,9,train,0
1561,0.0,474.80568,475.05588,0.0,0.08,40.0,40.0,null,"[3644.93333333, 3644.93333333]",4.0,gabors,"[20.0, 20.0]",null,0.8,0.25020574,202,,,0,,False,4,train,0
1562,0.0,475.05588,475.30609,90.0,0.08,20.0,-30.0,null,"[3644.93333333, 3644.93333333]",4.0,gabors,"[20.0, 20.0]",null,0.8,0.25020574,157,,,0,,False,8,test,2
1563,0.0,475.30609,475.5563,45.0,0.08,-20.0,-40.0,null,"[3644.93333333, 3644.93333333]",4.0,gabors,"[20.0, 20.0]",null,0.8,0.25020574,118,,,0,,False,8,test,1
1564,0.0,475.5563,475.8065,0.0,0.08,-40.0,10.0,null,"[3644.93333333, 3644.93333333]",4.0,gabors,"[20.0, 20.0]",null,0.8,0.25020574,205,,,0,,False,4,train,0
1565,0.0,475.8065,476.05671,90.0,0.08,-10.0,40.0,null,"[3644.93333333, 3644.93333333]",4.0,gabors,"[20.0, 20.0]",null,0.8,0.25021176,27,,,0,,False,5,test,2
1566,0.0,476.05671,476.30692,0.0,0.08,0.0,-20.0,null,"[3644.93333333, 3644.93333333]",4.0,gabors,"[20.0, 20.0]",null,0.8,0.25021176,172,,,0,,False,9,train,0
1567,0.0,476.30692,476.55714,45.0,0.08,-10.0,-10.0,null,"[3644.93333333, 3644.93333333]",4.0,gabors,"[20.0, 20.0]",null,0.8,0.25021176,55,,,0,,False,6,train,1
1568,0.0,476.55714,476.80735,90.0,0.08,40.0,-40.0,null,"[3644.93333333, 3644.93333333]",4.0,gabors,"[20.0, 20.0]",null,0.8,0.25021176,78,,,0,,False,5,test,2
1569,0.0,476.80735,477.05756,90.0,0.08,0.0,-20.0,null,"[3644.93333333, 3644.93333333]",4.0,gabors,"[20.0, 20.0]",null,0.8,0.25021074,155,,,0,,False,7,train,2
1570,0.0,477.05756,477.30777,45.0,0.08,-20.0,-20.0,null,"[3644.93333333, 3644.93333333]",4.0,gabors,"[20.0, 20.0]",null,0.8,0.25021074,120,,,0,,False,7,train,1
1571,0.0,477.30777,477.55798,0.0,0.08,-20.0,30.0,null,"[3644.93333333, 3644.93333333]",4.0,gabors,"[20.0, 20.0]",null,0.8,0.25021074,42,,,0,,False,7,train,0
1572,0.0,477.55798,477.80819,0.0,0.08,40.0,10.0,null,"[3644.93333333, 3644.93333333]",4.0,gabors,"[20.0, 20.0]",null,0.8,0.25021074,134,,,0,,False,6,train,0
1573,0.0,477.80819,478.0584,0.0,0.08,10.0,-30.0,null,"[3644.93333333, 3644.93333333]",4.0,gabors,"[20.0, 20.0]",null,0.8,0.25021176,148,,,0,,False,7,train,0
1574,0.0,478.0584,478.30861,90.0,0.08,10.0,-20.0,null,"[3644.93333333, 3644.93333333]",4.0,gabors,"[20.0, 20.0]",null,0.8,0.25021176,19,,,0,,False,5,test,2
1575,0.0,478.30861,478.55883,90.0,0.08,-30.0,0.0,null,"[3644.93333333, 3644.93333333]",4.0,gabors,"[20.0, 20.0]",null,0.8,0.25021176,31,,,0,,False,9,train,2
1576,0.0,478.55883,478.80904,45.0,0.08,10.0,30.0,null,"[3644.93333333, 3644.93333333]",4.0,gabors,"[20.0, 20.0]",null,0.8,0.25021176,209,,,0,,False,7,train,1
1577,0.0,478.80904,479.05924,90.0,0.08,10.0,-10.0,null,"[3644.93333333, 3644.93333333]",4.0,gabors,"[20.0, 20.0]",null,0.8,0.25020574,3,,,0,,False,4,train,2
1578,0.0,479.05924,479.30945,45.0,0.08,-30.0,10.0,null,"[3644.93333333, 3644.93333333]",4.0,gabors,"[20.0, 20.0]",null,0.8,0.25020574,2,,,0,,False,7,train,1
1579,0.0,479.30945,479.55966,0.0,0.08,-20.0,-40.0,null,"[3644.93333333, 3644.93333333]",4.0,gabors,"[20.0, 20.0]",null,0.8,0.25020574,93,,,0,,False,5,test,0
1580,0.0,479.55966,479.80986,90.0,0.08,40.0,40.0,null,"[3644.93333333, 3644.93333333]",4.0,gabors,"[20.0, 20.0]",null,0.8,0.25020574,110,,,0,,False,6,train,2
1581,0.0,479.80986,480.06007,90.0,0.08,-30.0,30.0,null,"[3644.93333333, 3644.93333333]",4.0,gabors,"[20.0, 20.0]",null,0.8,0.25021176,96,,,0,,False,7,train,2
1582,0.0,480.06007,480.31028,90.0,0.08,-40.0,0.0,null,"[3644.93333333, 3644.93333333]",4.0,gabors,"[20.0, 20.0]",null,0.8,0.25021176,80,,,0,,False,6,train,2
1583,0.0,480.31028,480.5605,90.0,0.08,0.0,20.0,null,"[3644.93333333, 3644.93333333]",4.0,gabors,"[20.0, 20.0]",null,0.8,0.25021176,85,,,0,,False,7,train,2
1584,0.0,480.5605,480.81071,90.0,0.08,-20.0,0.0,null,"[3644.93333333, 3644.93333333]",4.0,gabors,"[20.0, 20.0]",null,0.8,0.25021176,171,,,0,,False,6,train,2
1585,0.0,480.81071,481.06091,90.0,0.08,10.0,-20.0,null,"[3644.93333333, 3644.93333333]",4.0,gabors,"[20.0, 20.0]",null,0.8,0.25020574,19,,,0,,False,6,train,2
1586,0.0,481.06091,481.31112,90.0,0.08,10.0,40.0,null,"[3644.93333333, 3644.93333333]",4.0,gabors,"[20.0, 20.0]",null,0.8,0.25020574,135,,,0,,False,7,train,2
1587,0.0,481.31112,481.56133,45.0,0.08,20.0,-40.0,null,"[3644.93333333, 3644.93333333]",4.0,gabors,"[20.0, 20.0]",null,0.8,0.25020574,90,,,0,,False,9,train,1
1588,0.0,481.56133,481.81153,90.0,0.08,40.0,-30.0,null,"[3644.93333333, 3644.93333333]",4.0,gabors,"[20.0, 20.0]",null,0.8,0.25020574,140,,,0,,False,7,train,2
1589,0.0,481.81153,482.06174,90.0,0.08,-10.0,20.0,null,"[3644.93333333, 3644.93333333]",4.0,gabors,"[20.0, 20.0]",null,0.8,0.25021176,137,,,0,,False,6,train,2
1590,0.0,482.06174,482.31195,90.0,0.08,-40.0,0.0,null,"[3644.93333333, 3644.93333333]",4.0,gabors,"[20.0, 20.0]",null,0.8,0.25021176,80,,,0,,False,7,train,2
1591,0.0,482.31195,482.56217,90.0,0.08,30.0,20.0,null,"[3644.93333333, 3644.93333333]",4.0,gabors,"[20.0, 20.0]",null,0.8,0.25021176,25,,,0,,False,7,train,2
1592,0.0,482.56217,482.81238,90.0,0.08,0.0,10.0,null,"[3644.93333333, 3644.93333333]",4.0,gabors,"[20.0, 20.0]",null,0.8,0.25021176,30,,,0,,False,10,train,2
1593,0.0,482.81238,483.06258,0.0,0.08,20.0,-10.0,null,"[3644.93333333, 3644.93333333]",4.0,gabors,"[20.0, 20.0]",null,0.8,0.25020574,238,,,0,,False,3,train,0
1594,0.0,483.06258,483.31279,0.0,0.08,20.0,10.0,null,"[3644.93333333, 3644.93333333]",4.0,gabors,"[20.0, 20.0]",null,0.8,0.25020574,44,,,0,,False,5,test,0
1595,0.0,483.31279,483.563,90.0,0.08,0.0,10.0,null,"[3644.93333333, 3644.93333333]",4.0,gabors,"[20.0, 20.0]",null,0.8,0.25020574,30,,,0,,False,11,test,2
1596,0.0,483.563,483.8132,90.0,0.08,0.0,30.0,null,"[3644.93333333, 3644.93333333]",4.0,gabors,"[20.0, 20.0]",null,0.8,0.25020574,10,,,0,,False,7,train,2
1597,0.0,483.8132,484.06341,0.0,0.08,-10.0,0.0,null,"[3644.93333333, 3644.93333333]",4.0,gabors,"[20.0, 20.0]",null,0.8,0.25021176,128,,,0,,False,4,train,0
1598,0.0,484.06341,484.31362,0.0,0.08,10.0,40.0,null,"[3644.93333333, 3644.93333333]",4.0,gabors,"[20.0, 20.0]",null,0.8,0.25021176,9,,,0,,False,7,train,0
1599,0.0,484.31362,484.56384,0.0,0.08,0.0,0.0,null,"[3644.93333333, 3644.93333333]",4.0,gabors,"[20.0, 20.0]",null,0.8,0.25021176,240,,,0,,False,4,train,0
1600,0.0,484.56384,484.81405,0.0,0.08,20.0,30.0,null,"[3644.93333333, 3644.93333333]",4.0,gabors,"[20.0, 20.0]",null,0.8,0.25021176,166,,,0,,False,8,test,0
1601,0.0,484.81405,485.06425,0.0,0.08,-10.0,-40.0,null,"[3644.93333333, 3644.93333333]",4.0,gabors,"[20.0, 20.0]",null,0.8,0.25020574,139,,,0,,False,4,train,0
1602,0.0,485.06425,485.31446,90.0,0.08,-40.0,30.0,null,"[3644.93333333, 3644.93333333]",4.0,gabors,"[20.0, 20.0]",null,0.8,0.25020574,45,,,0,,False,5,test,2
1603,0.0,485.31446,485.56467,45.0,0.08,-10.0,30.0,null,"[3644.93333333, 3644.93333333]",4.0,gabors,"[20.0, 20.0]",null,0.8,0.25020574,178,,,0,,False,8,test,1
1604,0.0,485.56467,485.81487,45.0,0.08,40.0,20.0,null,"[3644.93333333, 3644.93333333]",4.0,gabors,"[20.0, 20.0]",null,0.8,0.25020574,105,,,0,,False,4,train,1
1605,0.0,485.81487,486.06509,45.0,0.08,-10.0,0.0,null,"[3644.93333333, 3644.93333333]",4.0,gabors,"[20.0, 20.0]",null,0.8,0.25021426,63,,,0,,False,7,train,1
1606,0.0,486.06509,486.3153,90.0,0.08,30.0,-10.0,null,"[3644.93333333, 3644.93333333]",4.0,gabors,"[20.0, 20.0]",null,0.8,0.25021426,243,,,0,,False,0,train,2
1607,0.0,486.3153,486.56551,0.0,0.08,-20.0,0.0,null,"[3644.93333333, 3644.93333333]",4.0,gabors,"[20.0, 20.0]",null,0.8,0.25021426,15,,,0,,False,5,test,0
1608,0.0,486.56551,486.81573,0.0,0.08,-20.0,-30.0,null,"[3644.93333333, 3644.93333333]",4.0,gabors,"[20.0, 20.0]",null,0.8,0.25021426,54,,,0,,False,5,test,0
1609,0.0,486.81573,487.06594,90.0,0.08,30.0,-30.0,null,"[3644.93333333, 3644.93333333]",4.0,gabors,"[20.0, 20.0]",null,0.8,0.25020824,215,,,0,,False,6,train,2
1610,0.0,487.06594,487.31614,90.0,0.08,10.0,0.0,null,"[3644.93333333, 3644.93333333]",4.0,gabors,"[20.0, 20.0]",null,0.8,0.25020824,97,,,0,,False,6,train,2
1611,0.0,487.31614,487.56635,90.0,0.08,30.0,10.0,null,"[3644.93333333, 3644.93333333]",4.0,gabors,"[20.0, 20.0]",null,0.8,0.25020824,204,,,0,,False,7,train,2
1612,0.0,487.56635,487.81656,0.0,0.08,40.0,-40.0,null,"[3644.93333333, 3644.93333333]",4.0,gabors,"[20.0, 20.0]",null,0.8,0.25020824,62,,,0,,False,8,test,0
1613,0.0,487.81656,488.06677,90.0,0.08,40.0,-20.0,null,"[3644.93333333, 3644.93333333]",4.0,gabors,"[20.0, 20.0]",null,0.8,0.25021176,60,,,0,,False,7,train,2
1614,0.0,488.06677,488.31698,45.0,0.08,-20.0,10.0,null,"[3644.93333333, 3644.93333333]",4.0,gabors,"[20.0, 20.0]",null,0.8,0.25021176,213,,,0,,False,4,train,1
1615,0.0,488.31698,488.5672,90.0,0.08,20.0,-10.0,null,"[3644.93333333, 3644.93333333]",4.0,gabors,"[20.0, 20.0]",null,0.8,0.25021176,160,,,0,,False,7,train,2
1616,0.0,488.5672,488.81741,0.0,0.08,-20.0,-20.0,null,"[3644.93333333, 3644.93333333]",4.0,gabors,"[20.0, 20.0]",null,0.8,0.25021176,236,,,0,,False,3,train,0
1617,0.0,488.81741,489.06761,90.0,0.08,0.0,-10.0,null,"[3644.93333333, 3644.93333333]",4.0,gabors,"[20.0, 20.0]",null,0.8,0.25020574,49,,,0,,False,7,train,2
1618,0.0,489.06761,489.31782,45.0,0.08,-40.0,-30.0,null,"[3644.93333333, 3644.93333333]",4.0,gabors,"[20.0, 20.0]",null,0.8,0.25020574,92,,,0,,False,6,train,1
1619,0.0,489.31782,489.56803,45.0,0.08,-40.0,0.0,null,"[3644.93333333, 3644.93333333]",4.0,gabors,"[20.0, 20.0]",null,0.8,0.25020574,208,,,0,,False,6,train,1
1620,0.0,489.56803,489.81823,0.0,0.08,0.0,30.0,null,"[3644.93333333, 3644.93333333]",4.0,gabors,"[20.0, 20.0]",null,0.8,0.25020574,203,,,0,,False,3,train,0
1621,0.0,489.81823,490.06844,0.0,0.08,-20.0,-30.0,null,"[3644.93333333, 3644.93333333]",4.0,gabors,"[20.0, 20.0]",null,0.8,0.25021176,54,,,0,,False,6,train,0
1622,0.0,490.06844,490.31865,90.0,0.08,-10.0,-20.0,null,"[3644.93333333, 3644.93333333]",4.0,gabors,"[20.0, 20.0]",null,0.8,0.25021176,17,,,0,,False,7,train,2
1623,0.0,490.31865,490.56887,90.0,0.08,40.0,-30.0,null,"[3644.93333333, 3644.93333333]",4.0,gabors,"[20.0, 20.0]",null,0.8,0.25021176,140,,,0,,False,8,test,2
1624,0.0,490.56887,490.81908,90.0,0.08,-30.0,-40.0,null,"[3644.93333333, 3644.93333333]",4.0,gabors,"[20.0, 20.0]",null,0.8,0.25021176,184,,,0,,False,8,test,2
1625,0.0,490.81908,491.06928,90.0,0.08,10.0,30.0,null,"[3644.93333333, 3644.93333333]",4.0,gabors,"[20.0, 20.0]",null,0.8,0.25020574,170,,,0,,False,5,test,2
1626,0.0,491.06928,491.31949,0.0,0.08,-40.0,-30.0,null,"[3644.93333333, 3644.93333333]",4.0,gabors,"[20.0, 20.0]",null,0.8,0.25020574,222,,,0,,False,5,test,0
1627,0.0,491.31949,491.5697,45.0,0.08,-30.0,40.0,null,"[3644.93333333, 3644.93333333]",4.0,gabors,"[20.0, 20.0]",null,0.8,0.25020574,147,,,0,,False,4,train,1
1628,0.0,491.5697,491.8199,0.0,0.08,10.0,-40.0,null,"[3644.93333333, 3644.93333333]",4.0,gabors,"[20.0, 20.0]",null,0.8,0.25020574,211,,,0,,False,7,train,0
1629,0.0,491.8199,492.0701,45.0,0.08,-30.0,-10.0,null,"[3644.93333333, 3644.93333333]",4.0,gabors,"[20.0, 20.0]",null,0.8,0.25019926,154,,,0,,False,8,test,1
1630,0.0,492.0701,492.3203,45.0,0.08,0.0,-40.0,null,"[3644.93333333, 3644.93333333]",4.0,gabors,"[20.0, 20.0]",null,0.8,0.25019926,225,,,0,,False,5,test,1
1631,0.0,492.3203,492.5705,45.0,0.08,-40.0,-20.0,null,"[3644.93333333, 3644.93333333]",4.0,gabors,"[20.0, 20.0]",null,0.8,0.25019926,57,,,0,,False,7,train,1
1632,0.0,492.5705,492.8207,90.0,0.08,10.0,0.0,null,"[3644.93333333, 3644.93333333]",4.0,gabors,"[20.0, 20.0]",null,0.8,0.25019926,97,,,0,,False,7,train,2
1633,0.0,492.8207,493.07092,90.0,0.08,30.0,30.0,null,"[3644.93333333, 3644.93333333]",4.0,gabors,"[20.0, 20.0]",null,0.8,0.25021824,91,,,0,,False,6,train,2
1634,0.0,493.07092,493.32113,0.0,0.08,-40.0,-40.0,null,"[3644.93333333, 3644.93333333]",4.0,gabors,"[20.0, 20.0]",null,0.8,0.25021824,52,,,0,,False,8,test,0
1635,0.0,493.32113,493.57135,90.0,0.08,30.0,-20.0,null,"[3644.93333333, 3644.93333333]",4.0,gabors,"[20.0, 20.0]",null,0.8,0.25021824,21,,,0,,False,5,test,2
1636,0.0,493.57135,493.82157,45.0,0.08,40.0,10.0,null,"[3644.93333333, 3644.93333333]",4.0,gabors,"[20.0, 20.0]",null,0.8,0.25021824,121,,,0,,False,8,test,1
1637,0.0,493.82157,494.07178,0.0,0.08,20.0,-10.0,null,"[3644.93333333, 3644.93333333]",4.0,gabors,"[20.0, 20.0]",null,0.8,0.25021176,238,,,0,,False,4,train,0
1638,0.0,494.07178,494.32199,90.0,0.08,-20.0,30.0,null,"[3644.93333333, 3644.93333333]",4.0,gabors,"[20.0, 20.0]",null,0.8,0.25021176,124,,,0,,False,4,train,2
1639,0.0,494.32199,494.57221,0.0,0.08,-40.0,-20.0,null,"[3644.93333333, 3644.93333333]",4.0,gabors,"[20.0, 20.0]",null,0.8,0.25021176,13,,,0,,False,6,train,0
1640,0.0,494.57221,494.82242,45.0,0.08,-20.0,10.0,null,"[3644.93333333, 3644.93333333]",4.0,gabors,"[20.0, 20.0]",null,0.8,0.25021176,213,,,0,,False,5,test,1
1641,0.0,494.82242,495.07262,0.0,0.08,20.0,-20.0,null,"[3644.93333333, 3644.93333333]",4.0,gabors,"[20.0, 20.0]",null,0.8,0.25020574,112,,,0,,False,6,train,0
1642,0.0,495.07262,495.32283,0.0,0.08,10.0,40.0,null,"[3644.93333333, 3644.93333333]",4.0,gabors,"[20.0, 20.0]",null,0.8,0.25020574,9,,,0,,False,8,test,0
1643,0.0,495.32283,495.57304,45.0,0.08,40.0,30.0,null,"[3644.93333333, 3644.93333333]",4.0,gabors,"[20.0, 20.0]",null,0.8,0.25020574,1,,,0,,False,5,test,1
1644,0.0,495.57304,495.82324,90.0,0.08,10.0,-30.0,null,"[3644.93333333, 3644.93333333]",4.0,gabors,"[20.0, 20.0]",null,0.8,0.25020574,219,,,0,,False,4,train,2
1645,0.0,495.82324,496.07346,45.0,0.08,-10.0,-30.0,null,"[3644.93333333, 3644.93333333]",4.0,gabors,"[20.0, 20.0]",null,0.8,0.25021676,83,,,0,,False,8,test,1
1646,0.0,496.07346,496.32367,0.0,0.08,0.0,0.0,null,"[3644.93333333, 3644.93333333]",4.0,gabors,"[20.0, 20.0]",null,0.8,0.25021676,240,,,0,,False,5,test,0
1647,0.0,496.32367,496.57389,0.0,0.08,-40.0,0.0,null,"[3644.93333333, 3644.93333333]",4.0,gabors,"[20.0, 20.0]",null,0.8,0.25021676,216,,,0,,False,6,train,0
1648,0.0,496.57389,496.82411,45.0,0.08,-40.0,0.0,null,"[3644.93333333, 3644.93333333]",4.0,gabors,"[20.0, 20.0]",null,0.8,0.25021676,208,,,0,,False,7,train,1
1649,0.0,496.82411,497.07431,90.0,0.08,20.0,10.0,null,"[3644.93333333, 3644.93333333]",4.0,gabors,"[20.0, 20.0]",null,0.8,0.25020324,130,,,0,,False,5,test,2
1650,0.0,497.07431,497.32451,90.0,0.08,-10.0,-10.0,null,"[3644.93333333, 3644.93333333]",4.0,gabors,"[20.0, 20.0]",null,0.8,0.25020324,223,,,0,,False,8,test,2
1651,0.0,497.32451,497.57472,45.0,0.08,40.0,20.0,null,"[3644.93333333, 3644.93333333]",4.0,gabors,"[20.0, 20.0]",null,0.8,0.25020324,105,,,0,,False,5,test,1
1652,0.0,497.57472,497.82492,0.0,0.08,30.0,-30.0,null,"[3644.93333333, 3644.93333333]",4.0,gabors,"[20.0, 20.0]",null,0.8,0.25020324,81,,,0,,False,5,test,0
1653,0.0,497.82492,498.07514,0.0,0.08,40.0,-10.0,null,"[3644.93333333, 3644.93333333]",4.0,gabors,"[20.0, 20.0]",null,0.8,0.25021426,100,,,0,,False,9,train,0
1654,0.0,498.07514,498.32535,45.0,0.08,0.0,-20.0,null,"[3644.93333333, 3644.93333333]",4.0,gabors,"[20.0, 20.0]",null,0.8,0.25021426,198,,,0,,False,5,test,1
1655,0.0,498.32535,498.57556,45.0,0.08,-10.0,-40.0,null,"[3644.93333333, 3644.93333333]",4.0,gabors,"[20.0, 20.0]",null,0.8,0.25021426,40,,,0,,False,5,test,1
1656,0.0,498.57556,498.82578,0.0,0.08,-30.0,0.0,null,"[3644.93333333, 3644.93333333]",4.0,gabors,"[20.0, 20.0]",null,0.8,0.25021426,226,,,0,,False,6,train,0
1657,0.0,498.82578,499.07598,45.0,0.08,-20.0,0.0,null,"[3644.93333333, 3644.93333333]",4.0,gabors,"[20.0, 20.0]",null,0.8,0.25020324,34,,,0,,False,7,train,1
1658,0.0,499.07598,499.32618,90.0,0.08,0.0,40.0,null,"[3644.93333333, 3644.93333333]",4.0,gabors,"[20.0, 20.0]",null,0.8,0.25020324,217,,,0,,False,4,train,2
1659,0.0,499.32618,499.57639,90.0,0.08,40.0,20.0,null,"[3644.93333333, 3644.93333333]",4.0,gabors,"[20.0, 20.0]",null,0.8,0.25020324,76,,,0,,False,9,train,2
1660,0.0,499.57639,499.82659,0.0,0.08,-20.0,-20.0,null,"[3644.93333333, 3644.93333333]",4.0,gabors,"[20.0, 20.0]",null,0.8,0.25020324,236,,,0,,False,4,train,0
1661,0.0,499.82659,500.0768,90.0,0.08,-30.0,-30.0,null,"[3644.93333333, 3644.93333333]",4.0,gabors,"[20.0, 20.0]",null,0.8,0.25020926,175,,,0,,False,2,test,2
1662,0.0,500.0768,500.32701,45.0,0.08,-20.0,30.0,null,"[3644.93333333, 3644.93333333]",4.0,gabors,"[20.0, 20.0]",null,0.8,0.25020926,228,,,0,,False,3,train,1
1663,0.0,500.32701,500.57722,90.0,0.08,10.0,-40.0,null,"[3644.93333333, 3644.93333333]",4.0,gabors,"[20.0, 20.0]",null,0.8,0.25020926,77,,,0,,False,6,train,2
1664,0.0,500.57722,500.82743,90.0,0.08,-40.0,20.0,null,"[3644.93333333, 3644.93333333]",4.0,gabors,"[20.0, 20.0]",null,0.8,0.25020926,65,,,0,,False,7,train,2
1665,0.0,500.82743,501.07764,45.0,0.08,-30.0,-20.0,null,"[3644.93333333, 3644.93333333]",4.0,gabors,"[20.0, 20.0]",null,0.8,0.25021074,233,,,0,,False,6,train,1
1666,0.0,501.07764,501.32785,0.0,0.08,40.0,-30.0,null,"[3644.93333333, 3644.93333333]",4.0,gabors,"[20.0, 20.0]",null,0.8,0.25021074,26,,,0,,False,9,train,0
1667,0.0,501.32785,501.57806,90.0,0.08,-40.0,30.0,null,"[3644.93333333, 3644.93333333]",4.0,gabors,"[20.0, 20.0]",null,0.8,0.25021074,45,,,0,,False,6,train,2
1668,0.0,501.57806,501.82827,0.0,0.08,10.0,40.0,null,"[3644.93333333, 3644.93333333]",4.0,gabors,"[20.0, 20.0]",null,0.8,0.25021074,9,,,0,,False,9,train,0
1669,0.0,501.82827,502.07848,90.0,0.08,-40.0,20.0,null,"[3644.93333333, 3644.93333333]",4.0,gabors,"[20.0, 20.0]",null,0.8,0.25020926,65,,,0,,False,8,test,2
1670,0.0,502.07848,502.32869,45.0,0.08,0.0,30.0,null,"[3644.93333333, 3644.93333333]",4.0,gabors,"[20.0, 20.0]",null,0.8,0.25020926,193,,,0,,False,5,test,1
1671,0.0,502.32869,502.5789,90.0,0.08,-30.0,-20.0,null,"[3644.93333333, 3644.93333333]",4.0,gabors,"[20.0, 20.0]",null,0.8,0.25020926,111,,,0,,False,7,train,2
1672,0.0,502.5789,502.82911,0.0,0.08,20.0,40.0,null,"[3644.93333333, 3644.93333333]",4.0,gabors,"[20.0, 20.0]",null,0.8,0.25020926,151,,,0,,False,7,train,0
1673,0.0,502.82911,503.07932,0.0,0.08,40.0,-30.0,null,"[3644.93333333, 3644.93333333]",4.0,gabors,"[20.0, 20.0]",null,0.8,0.25020824,26,,,0,,False,10,train,0
1674,0.0,503.07932,503.32952,0.0,0.08,-10.0,30.0,null,"[3644.93333333, 3644.93333333]",4.0,gabors,"[20.0, 20.0]",null,0.8,0.25020824,29,,,0,,False,8,test,0
1675,0.0,503.32952,503.57973,0.0,0.08,0.0,-20.0,null,"[3644.93333333, 3644.93333333]",4.0,gabors,"[20.0, 20.0]",null,0.8,0.25020824,172,,,0,,False,10,train,0
1676,0.0,503.57973,503.82994,45.0,0.08,40.0,-30.0,null,"[3644.93333333, 3644.93333333]",4.0,gabors,"[20.0, 20.0]",null,0.8,0.25020824,181,,,0,,False,5,test,1
1677,0.0,503.82994,504.08016,90.0,0.08,10.0,0.0,null,"[3644.93333333, 3644.93333333]",4.0,gabors,"[20.0, 20.0]",null,0.8,0.25021426,97,,,0,,False,8,test,2
1678,0.0,504.08016,504.33037,90.0,0.08,10.0,-40.0,null,"[3644.93333333, 3644.93333333]",4.0,gabors,"[20.0, 20.0]",null,0.8,0.25021426,77,,,0,,False,7,train,2
1679,0.0,504.33037,504.58058,45.0,0.08,40.0,40.0,null,"[3644.93333333, 3644.93333333]",4.0,gabors,"[20.0, 20.0]",null,0.8,0.25021426,165,,,0,,False,3,train,1
1680,0.0,504.58058,504.8308,0.0,0.08,30.0,-20.0,null,"[3644.93333333, 3644.93333333]",4.0,gabors,"[20.0, 20.0]",null,0.8,0.25021426,194,,,0,,False,8,test,0
1681,0.0,504.8308,505.08101,45.0,0.08,30.0,20.0,null,"[3644.93333333, 3644.93333333]",4.0,gabors,"[20.0, 20.0]",null,0.8,0.25020824,103,,,0,,False,7,train,1
1682,0.0,505.08101,505.33121,90.0,0.08,-20.0,-40.0,null,"[3644.93333333, 3644.93333333]",4.0,gabors,"[20.0, 20.0]",null,0.8,0.25020824,36,,,0,,False,10,train,2
1683,0.0,505.33121,505.58142,0.0,0.08,0.0,0.0,null,"[3644.93333333, 3644.93333333]",4.0,gabors,"[20.0, 20.0]",null,0.8,0.25020824,240,,,0,,False,6,train,0
1684,0.0,505.58142,505.83163,0.0,0.08,-40.0,-20.0,null,"[3644.93333333, 3644.93333333]",4.0,gabors,"[20.0, 20.0]",null,0.8,0.25020824,13,,,0,,False,7,train,0
1685,0.0,505.83163,506.08184,0.0,0.08,-20.0,-40.0,null,"[3644.93333333, 3644.93333333]",4.0,gabors,"[20.0, 20.0]",null,0.8,0.25020676,93,,,0,,False,6,train,0
1686,0.0,506.08184,506.33204,90.0,0.08,0.0,-30.0,null,"[3644.93333333, 3644.93333333]",4.0,gabors,"[20.0, 20.0]",null,0.8,0.25020676,230,,,0,,False,5,test,2
1687,0.0,506.33204,506.58225,0.0,0.08,-20.0,20.0,null,"[3644.93333333, 3644.93333333]",4.0,gabors,"[20.0, 20.0]",null,0.8,0.25020676,239,,,0,,False,5,test,0
1688,0.0,506.58225,506.83246,90.0,0.08,0.0,-30.0,null,"[3644.93333333, 3644.93333333]",4.0,gabors,"[20.0, 20.0]",null,0.8,0.25020676,230,,,0,,False,6,train,2
1689,0.0,506.83246,507.08267,0.0,0.08,30.0,20.0,null,"[3644.93333333, 3644.93333333]",4.0,gabors,"[20.0, 20.0]",null,0.8,0.25020824,64,,,0,,False,8,test,0
1690,0.0,507.08267,507.33287,90.0,0.08,20.0,10.0,null,"[3644.93333333, 3644.93333333]",4.0,gabors,"[20.0, 20.0]",null,0.8,0.25020824,130,,,0,,False,6,train,2
1691,0.0,507.33287,507.58308,0.0,0.08,-30.0,-40.0,null,"[3644.93333333, 3644.93333333]",4.0,gabors,"[20.0, 20.0]",null,0.8,0.25020824,46,,,0,,False,5,test,0
1692,0.0,507.58308,507.83329,45.0,0.08,-20.0,10.0,null,"[3644.93333333, 3644.93333333]",4.0,gabors,"[20.0, 20.0]",null,0.8,0.25020824,213,,,0,,False,6,train,1
1693,0.0,507.83329,508.0835,0.0,0.08,-20.0,40.0,null,"[3644.93333333, 3644.93333333]",4.0,gabors,"[20.0, 20.0]",null,0.8,0.25021176,122,,,0,,False,7,train,0
1694,0.0,508.0835,508.33371,45.0,0.08,-40.0,40.0,null,"[3644.93333333, 3644.93333333]",4.0,gabors,"[20.0, 20.0]",null,0.8,0.25021176,67,,,0,,False,8,test,1
1695,0.0,508.33371,508.58393,90.0,0.08,-10.0,-10.0,null,"[3644.93333333, 3644.93333333]",4.0,gabors,"[20.0, 20.0]",null,0.8,0.25021176,223,,,0,,False,9,train,2
1696,0.0,508.58393,508.83414,45.0,0.08,-20.0,-40.0,null,"[3644.93333333, 3644.93333333]",4.0,gabors,"[20.0, 20.0]",null,0.8,0.25021176,118,,,0,,False,9,train,1
1697,0.0,508.83414,509.08434,90.0,0.08,-40.0,0.0,null,"[3644.93333333, 3644.93333333]",4.0,gabors,"[20.0, 20.0]",null,0.8,0.25020574,80,,,0,,False,8,test,2
1698,0.0,509.08434,509.33455,45.0,0.08,0.0,-40.0,null,"[3644.93333333, 3644.93333333]",4.0,gabors,"[20.0, 20.0]",null,0.8,0.25020574,225,,,0,,False,6,train,1
1699,0.0,509.33455,509.58476,0.0,0.08,0.0,-40.0,null,"[3644.93333333, 3644.93333333]",4.0,gabors,"[20.0, 20.0]",null,0.8,0.25020574,12,,,0,,False,6,train,0
1700,0.0,509.58476,509.83496,45.0,0.08,20.0,-10.0,null,"[3644.93333333, 3644.93333333]",4.0,gabors,"[20.0, 20.0]",null,0.8,0.25020574,183,,,0,,False,4,train,1
1701,0.0,509.83496,510.08518,0.0,0.08,20.0,-10.0,null,"[3644.93333333, 3644.93333333]",4.0,gabors,"[20.0, 20.0]",null,0.8,0.25021426,238,,,0,,False,5,test,0
1702,0.0,510.08518,510.33539,90.0,0.08,10.0,20.0,null,"[3644.93333333, 3644.93333333]",4.0,gabors,"[20.0, 20.0]",null,0.8,0.25021426,220,,,0,,False,8,test,2
1703,0.0,510.33539,510.5856,0.0,0.08,-20.0,40.0,null,"[3644.93333333, 3644.93333333]",4.0,gabors,"[20.0, 20.0]",null,0.8,0.25021426,122,,,0,,False,8,test,0
1704,0.0,510.5856,510.83582,45.0,0.08,30.0,0.0,null,"[3644.93333333, 3644.93333333]",4.0,gabors,"[20.0, 20.0]",null,0.8,0.25021426,102,,,0,,False,5,test,1
1705,0.0,510.83582,511.08602,90.0,0.08,30.0,0.0,null,"[3644.93333333, 3644.93333333]",4.0,gabors,"[20.0, 20.0]",null,0.8,0.25020574,113,,,0,,False,8,test,2
1706,0.0,511.08602,511.33623,45.0,0.08,10.0,20.0,null,"[3644.93333333, 3644.93333333]",4.0,gabors,"[20.0, 20.0]",null,0.8,0.25020574,41,,,0,,False,5,test,1
1707,0.0,511.33623,511.58644,45.0,0.08,-10.0,20.0,null,"[3644.93333333, 3644.93333333]",4.0,gabors,"[20.0, 20.0]",null,0.8,0.25020574,201,,,0,,False,3,train,1
1708,0.0,511.58644,511.83664,0.0,0.08,20.0,-40.0,null,"[3644.93333333, 3644.93333333]",4.0,gabors,"[20.0, 20.0]",null,0.8,0.25020574,69,,,0,,False,3,train,0
1709,0.0,511.83664,512.08686,90.0,0.08,20.0,-10.0,null,"[3644.93333333, 3644.93333333]",4.0,gabors,"[20.0, 20.0]",null,0.8,0.25021676,160,,,0,,False,8,test,2
1710,0.0,512.08686,512.33707,90.0,0.08,-40.0,-40.0,null,"[3644.93333333, 3644.93333333]",4.0,gabors,"[20.0, 20.0]",null,0.8,0.25021676,196,,,0,,False,8,test,2
1711,0.0,512.33707,512.58729,0.0,0.08,-30.0,20.0,null,"[3644.93333333, 3644.93333333]",4.0,gabors,"[20.0, 20.0]",null,0.8,0.25021676,227,,,0,,False,5,test,0
1712,0.0,512.58729,512.83751,0.0,0.08,-30.0,30.0,null,"[3644.93333333, 3644.93333333]",4.0,gabors,"[20.0, 20.0]",null,0.8,0.25021676,218,,,0,,False,7,train,0
1713,0.0,512.83751,513.08771,90.0,0.08,30.0,-10.0,null,"[3644.93333333, 3644.93333333]",4.0,gabors,"[20.0, 20.0]",null,0.8,0.25020074,243,,,0,,False,1,train,2
1714,0.0,513.08771,513.33791,90.0,0.08,-20.0,-40.0,null,"[3644.93333333, 3644.93333333]",4.0,gabors,"[20.0, 20.0]",null,0.8,0.25020074,36,,,0,,False,11,test,2
1715,0.0,513.33791,513.58811,0.0,0.08,-20.0,40.0,null,"[3644.93333333, 3644.93333333]",4.0,gabors,"[20.0, 20.0]",null,0.8,0.25020074,122,,,0,,False,9,train,0
1716,0.0,513.58811,513.83831,45.0,0.08,-40.0,-10.0,null,"[3644.93333333, 3644.93333333]",4.0,gabors,"[20.0, 20.0]",null,0.8,0.25020074,210,,,0,,False,5,test,1
1717,0.0,513.83831,514.08852,45.0,0.08,-10.0,0.0,null,"[3644.93333333, 3644.93333333]",4.0,gabors,"[20.0, 20.0]",null,0.8,0.25020926,63,,,0,,False,8,test,1
1718,0.0,514.08852,514.33873,90.0,0.08,30.0,40.0,null,"[3644.93333333, 3644.93333333]",4.0,gabors,"[20.0, 20.0]",null,0.8,0.25020926,4,,,0,,False,9,train,2
1719,0.0,514.33873,514.58894,90.0,0.08,10.0,40.0,null,"[3644.93333333, 3644.93333333]",4.0,gabors,"[20.0, 20.0]",null,0.8,0.25020926,135,,,0,,False,8,test,2
1720,0.0,514.58894,514.83915,90.0,0.08,30.0,-30.0,null,"[3644.93333333, 3644.93333333]",4.0,gabors,"[20.0, 20.0]",null,0.8,0.25020926,215,,,0,,False,7,train,2
1721,0.0,514.83915,515.08936,45.0,0.08,-30.0,20.0,null,"[3644.93333333, 3644.93333333]",4.0,gabors,"[20.0, 20.0]",null,0.8,0.25021074,101,,,0,,False,4,train,1
1722,0.0,515.08936,515.33957,0.0,0.08,-20.0,-10.0,null,"[3644.93333333, 3644.93333333]",4.0,gabors,"[20.0, 20.0]",null,0.8,0.25021074,84,,,0,,False,5,test,0
1723,0.0,515.33957,515.58978,0.0,0.08,20.0,0.0,null,"[3644.93333333, 3644.93333333]",4.0,gabors,"[20.0, 20.0]",null,0.8,0.25021074,50,,,0,,False,6,train,0
1724,0.0,515.58978,515.83999,90.0,0.08,30.0,20.0,null,"[3644.93333333, 3644.93333333]",4.0,gabors,"[20.0, 20.0]",null,0.8,0.25021074,25,,,0,,False,8,test,2
1725,0.0,515.83999,516.0902,45.0,0.08,40.0,20.0,null,"[3644.93333333, 3644.93333333]",4.0,gabors,"[20.0, 20.0]",null,0.8,0.25020676,105,,,0,,False,6,train,1
1726,0.0,516.0902,516.3404,0.0,0.08,40.0,-30.0,null,"[3644.93333333, 3644.93333333]",4.0,gabors,"[20.0, 20.0]",null,0.8,0.25020676,26,,,0,,False,11,test,0
1727,0.0,516.3404,516.59061,0.0,0.08,10.0,40.0,null,"[3644.93333333, 3644.93333333]",4.0,gabors,"[20.0, 20.0]",null,0.8,0.25020676,9,,,0,,False,10,train,0
1728,0.0,516.59061,516.84082,90.0,0.08,30.0,-10.0,null,"[3644.93333333, 3644.93333333]",4.0,gabors,"[20.0, 20.0]",null,0.8,0.25020676,243,,,0,,False,2,test,2
1729,0.0,516.84082,517.09103,90.0,0.08,-10.0,20.0,null,"[3644.93333333, 3644.93333333]",4.0,gabors,"[20.0, 20.0]",null,0.8,0.25021074,137,,,0,,False,7,train,2
1730,0.0,517.09103,517.34124,0.0,0.08,10.0,30.0,null,"[3644.93333333, 3644.93333333]",4.0,gabors,"[20.0, 20.0]",null,0.8,0.25021074,43,,,0,,False,7,train,0
1731,0.0,517.34124,517.59145,90.0,0.08,20.0,10.0,null,"[3644.93333333, 3644.93333333]",4.0,gabors,"[20.0, 20.0]",null,0.8,0.25021074,130,,,0,,False,7,train,2
1732,0.0,517.59145,517.84166,45.0,0.08,0.0,-40.0,null,"[3644.93333333, 3644.93333333]",4.0,gabors,"[20.0, 20.0]",null,0.8,0.25021074,225,,,0,,False,7,train,1
1733,0.0,517.84166,518.09187,90.0,0.08,10.0,30.0,null,"[3644.93333333, 3644.93333333]",4.0,gabors,"[20.0, 20.0]",null,0.8,0.25020676,170,,,0,,False,6,train,2
1734,0.0,518.09187,518.34207,45.0,0.08,-30.0,-20.0,null,"[3644.93333333, 3644.93333333]",4.0,gabors,"[20.0, 20.0]",null,0.8,0.25020676,233,,,0,,False,7,train,1
1735,0.0,518.34207,518.59228,90.0,0.08,-40.0,-40.0,null,"[3644.93333333, 3644.93333333]",4.0,gabors,"[20.0, 20.0]",null,0.8,0.25020676,196,,,0,,False,9,train,2
1736,0.0,518.59228,518.84249,90.0,0.08,-40.0,40.0,null,"[3644.93333333, 3644.93333333]",4.0,gabors,"[20.0, 20.0]",null,0.8,0.25020676,163,,,0,,False,4,train,2
1737,0.0,518.84249,519.0927,0.0,0.08,40.0,30.0,null,"[3644.93333333, 3644.93333333]",4.0,gabors,"[20.0, 20.0]",null,0.8,0.25021074,95,,,0,,False,6,train,0
1738,0.0,519.0927,519.34291,90.0,0.08,40.0,30.0,null,"[3644.93333333, 3644.93333333]",4.0,gabors,"[20.0, 20.0]",null,0.8,0.25021074,75,,,0,,False,8,test,2
1739,0.0,519.34291,519.59312,0.0,0.08,-30.0,-10.0,null,"[3644.93333333, 3644.93333333]",4.0,gabors,"[20.0, 20.0]",null,0.8,0.25021074,98,,,0,,False,6,train,0
1740,0.0,519.59312,519.84333,0.0,0.08,0.0,-40.0,null,"[3644.93333333, 3644.93333333]",4.0,gabors,"[20.0, 20.0]",null,0.8,0.25021074,12,,,0,,False,7,train,0
1741,0.0,519.84333,520.09354,90.0,0.08,-10.0,40.0,null,"[3644.93333333, 3644.93333333]",4.0,gabors,"[20.0, 20.0]",null,0.8,0.25021176,27,,,0,,False,6,train,2
1742,0.0,520.09354,520.34375,45.0,0.08,-30.0,-10.0,null,"[3644.93333333, 3644.93333333]",4.0,gabors,"[20.0, 20.0]",null,0.8,0.25021176,154,,,0,,False,9,train,1
1743,0.0,520.34375,520.59397,0.0,0.08,20.0,-10.0,null,"[3644.93333333, 3644.93333333]",4.0,gabors,"[20.0, 20.0]",null,0.8,0.25021176,238,,,0,,False,6,train,0
1744,0.0,520.59397,520.84418,45.0,0.08,40.0,-40.0,null,"[3644.93333333, 3644.93333333]",4.0,gabors,"[20.0, 20.0]",null,0.8,0.25021176,119,,,0,,False,8,test,1
1745,0.0,520.84418,521.09438,90.0,0.08,-40.0,-20.0,null,"[3644.93333333, 3644.93333333]",4.0,gabors,"[20.0, 20.0]",null,0.8,0.25020574,189,,,0,,False,9,train,2
1746,0.0,521.09438,521.34459,45.0,0.08,10.0,20.0,null,"[3644.93333333, 3644.93333333]",4.0,gabors,"[20.0, 20.0]",null,0.8,0.25020574,41,,,0,,False,6,train,1
1747,0.0,521.34459,521.5948,45.0,0.08,40.0,-40.0,null,"[3644.93333333, 3644.93333333]",4.0,gabors,"[20.0, 20.0]",null,0.8,0.25020574,119,,,0,,False,9,train,1
1748,0.0,521.5948,521.845,45.0,0.08,-10.0,40.0,null,"[3644.93333333, 3644.93333333]",4.0,gabors,"[20.0, 20.0]",null,0.8,0.25020574,48,,,0,,False,8,test,1
1749,0.0,521.845,522.09522,45.0,0.08,20.0,0.0,null,"[3644.93333333, 3644.93333333]",4.0,gabors,"[20.0, 20.0]",null,0.8,0.25021426,143,,,0,,False,6,train,1
1750,0.0,522.09522,522.34543,0.0,0.08,-20.0,20.0,null,"[3644.93333333, 3644.93333333]",4.0,gabors,"[20.0, 20.0]",null,0.8,0.25021426,239,,,0,,False,6,train,0
1751,0.0,522.34543,522.59564,0.0,0.08,-40.0,30.0,null,"[3644.93333333, 3644.93333333]",4.0,gabors,"[20.0, 20.0]",null,0.8,0.25021426,129,,,0,,False,8,test,0
1752,0.0,522.59564,522.84586,45.0,0.08,0.0,-10.0,null,"[3644.93333333, 3644.93333333]",4.0,gabors,"[20.0, 20.0]",null,0.8,0.25021426,191,,,0,,False,4,train,1
1753,0.0,522.84586,523.09606,0.0,0.08,30.0,30.0,null,"[3644.93333333, 3644.93333333]",4.0,gabors,"[20.0, 20.0]",null,0.8,0.25020574,114,,,0,,False,5,test,0
1754,0.0,523.09606,523.34627,90.0,0.08,0.0,10.0,null,"[3644.93333333, 3644.93333333]",4.0,gabors,"[20.0, 20.0]",null,0.8,0.25020574,30,,,0,,False,12,train,2
1755,0.0,523.34627,523.59648,45.0,0.08,30.0,30.0,null,"[3644.93333333, 3644.93333333]",4.0,gabors,"[20.0, 20.0]",null,0.8,0.25020574,39,,,0,,False,11,test,1
1756,0.0,523.59648,523.84668,0.0,0.08,30.0,-40.0,null,"[3644.93333333, 3644.93333333]",4.0,gabors,"[20.0, 20.0]",null,0.8,0.25020574,168,,,0,,False,8,test,0
1757,0.0,523.84668,524.09689,0.0,0.08,0.0,-10.0,null,"[3644.93333333, 3644.93333333]",4.0,gabors,"[20.0, 20.0]",null,0.8,0.25020676,99,,,0,,False,9,train,0
1758,0.0,524.09689,524.34709,90.0,0.08,-40.0,0.0,null,"[3644.93333333, 3644.93333333]",4.0,gabors,"[20.0, 20.0]",null,0.8,0.25020676,80,,,0,,False,9,train,2
1759,0.0,524.34709,524.5973,0.0,0.08,-40.0,10.0,null,"[3644.93333333, 3644.93333333]",4.0,gabors,"[20.0, 20.0]",null,0.8,0.25020676,205,,,0,,False,5,test,0
1760,0.0,524.5973,524.84751,0.0,0.08,0.0,20.0,null,"[3644.93333333, 3644.93333333]",4.0,gabors,"[20.0, 20.0]",null,0.8,0.25020676,221,,,0,,False,5,test,0
1761,0.0,524.84751,525.09772,0.0,0.08,-20.0,-20.0,null,"[3644.93333333, 3644.93333333]",4.0,gabors,"[20.0, 20.0]",null,0.8,0.25021074,236,,,0,,False,5,test,0
1762,0.0,525.09772,525.34793,45.0,0.08,20.0,-40.0,null,"[3644.93333333, 3644.93333333]",4.0,gabors,"[20.0, 20.0]",null,0.8,0.25021074,90,,,0,,False,10,train,1
1763,0.0,525.34793,525.59814,45.0,0.08,40.0,40.0,null,"[3644.93333333, 3644.93333333]",4.0,gabors,"[20.0, 20.0]",null,0.8,0.25021074,165,,,0,,False,4,train,1
1764,0.0,525.59814,525.84835,90.0,0.08,-20.0,-40.0,null,"[3644.93333333, 3644.93333333]",4.0,gabors,"[20.0, 20.0]",null,0.8,0.25021074,36,,,0,,False,12,train,2
1765,0.0,525.84835,526.09856,45.0,0.08,20.0,-40.0,null,"[3644.93333333, 3644.93333333]",4.0,gabors,"[20.0, 20.0]",null,0.8,0.25020426,90,,,0,,False,11,test,1
1766,0.0,526.09856,526.34876,0.0,0.08,20.0,-10.0,null,"[3644.93333333, 3644.93333333]",4.0,gabors,"[20.0, 20.0]",null,0.8,0.25020426,238,,,0,,False,7,train,0
1767,0.0,526.34876,526.59896,90.0,0.08,30.0,-10.0,null,"[3644.93333333, 3644.93333333]",4.0,gabors,"[20.0, 20.0]",null,0.8,0.25020426,243,,,0,,False,3,train,2
1768,0.0,526.59896,526.84917,0.0,0.08,40.0,20.0,null,"[3644.93333333, 3644.93333333]",4.0,gabors,"[20.0, 20.0]",null,0.8,0.25020426,185,,,0,,False,5,test,0
1769,0.0,526.84917,527.09938,45.0,0.08,-10.0,-10.0,null,"[3644.93333333, 3644.93333333]",4.0,gabors,"[20.0, 20.0]",null,0.8,0.25021324,55,,,0,,False,7,train,1
1770,0.0,527.09938,527.34959,0.0,0.08,10.0,-10.0,null,"[3644.93333333, 3644.93333333]",4.0,gabors,"[20.0, 20.0]",null,0.8,0.25021324,231,,,0,,False,5,test,0
1771,0.0,527.34959,527.59981,45.0,0.08,10.0,-30.0,null,"[3644.93333333, 3644.93333333]",4.0,gabors,"[20.0, 20.0]",null,0.8,0.25021324,72,,,0,,False,5,test,1
1772,0.0,527.59981,527.85002,0.0,0.08,30.0,-30.0,null,"[3644.93333333, 3644.93333333]",4.0,gabors,"[20.0, 20.0]",null,0.8,0.25021324,81,,,0,,False,6,train,0
1773,0.0,527.85002,528.10024,45.0,0.08,-10.0,20.0,null,"[3644.93333333, 3644.93333333]",4.0,gabors,"[20.0, 20.0]",null,0.8,0.25021426,201,,,0,,False,4,train,1
1774,0.0,528.10024,528.35045,0.0,0.08,40.0,20.0,null,"[3644.93333333, 3644.93333333]",4.0,gabors,"[20.0, 20.0]",null,0.8,0.25021426,185,,,0,,False,6,train,0
1775,0.0,528.35045,528.60066,45.0,0.08,-30.0,20.0,null,"[3644.93333333, 3644.93333333]",4.0,gabors,"[20.0, 20.0]",null,0.8,0.25021426,101,,,0,,False,5,test,1
1776,0.0,528.60066,528.85088,90.0,0.08,30.0,0.0,null,"[3644.93333333, 3644.93333333]",4.0,gabors,"[20.0, 20.0]",null,0.8,0.25021426,113,,,0,,False,9,train,2
1777,0.0,528.85088,529.10108,45.0,0.08,0.0,30.0,null,"[3644.93333333, 3644.93333333]",4.0,gabors,"[20.0, 20.0]",null,0.8,0.25020324,193,,,0,,False,6,train,1
1778,0.0,529.10108,529.35128,45.0,0.08,-40.0,-30.0,null,"[3644.93333333, 3644.93333333]",4.0,gabors,"[20.0, 20.0]",null,0.8,0.25020324,92,,,0,,False,7,train,1
1779,0.0,529.35128,529.60149,45.0,0.08,40.0,40.0,null,"[3644.93333333, 3644.93333333]",4.0,gabors,"[20.0, 20.0]",null,0.8,0.25020324,165,,,0,,False,5,test,1
1780,0.0,529.60149,529.85169,0.0,0.08,20.0,0.0,null,"[3644.93333333, 3644.93333333]",4.0,gabors,"[20.0, 20.0]",null,0.8,0.25020324,50,,,0,,False,7,train,0
1781,0.0,529.85169,530.1019,90.0,0.08,-20.0,-30.0,null,"[3644.93333333, 3644.93333333]",4.0,gabors,"[20.0, 20.0]",null,0.8,0.25021176,161,,,0,,False,5,test,2
1782,0.0,530.1019,530.35211,0.0,0.08,10.0,30.0,null,"[3644.93333333, 3644.93333333]",4.0,gabors,"[20.0, 20.0]",null,0.8,0.25021176,43,,,0,,False,8,test,0
1783,0.0,530.35211,530.60233,90.0,0.08,10.0,30.0,null,"[3644.93333333, 3644.93333333]",4.0,gabors,"[20.0, 20.0]",null,0.8,0.25021176,170,,,0,,False,7,train,2
1784,0.0,530.60233,530.85254,90.0,0.08,40.0,-40.0,null,"[3644.93333333, 3644.93333333]",4.0,gabors,"[20.0, 20.0]",null,0.8,0.25021176,78,,,0,,False,6,train,2
1785,0.0,530.85254,531.10275,90.0,0.08,30.0,30.0,null,"[3644.93333333, 3644.93333333]",4.0,gabors,"[20.0, 20.0]",null,0.8,0.25020824,91,,,0,,False,7,train,2
1786,0.0,531.10275,531.35295,0.0,0.08,10.0,-10.0,null,"[3644.93333333, 3644.93333333]",4.0,gabors,"[20.0, 20.0]",null,0.8,0.25020824,231,,,0,,False,6,train,0
1787,0.0,531.35295,531.60316,0.0,0.08,-20.0,10.0,null,"[3644.93333333, 3644.93333333]",4.0,gabors,"[20.0, 20.0]",null,0.8,0.25020824,182,,,0,,False,6,train,0
1788,0.0,531.60316,531.85337,45.0,0.08,10.0,30.0,null,"[3644.93333333, 3644.93333333]",4.0,gabors,"[20.0, 20.0]",null,0.8,0.25020824,209,,,0,,False,8,test,1
1789,0.0,531.85337,532.10358,45.0,0.08,10.0,20.0,null,"[3644.93333333, 3644.93333333]",4.0,gabors,"[20.0, 20.0]",null,0.8,0.25021176,41,,,0,,False,7,train,1
1790,0.0,532.10358,532.35379,45.0,0.08,40.0,30.0,null,"[3644.93333333, 3644.93333333]",4.0,gabors,"[20.0, 20.0]",null,0.8,0.25021176,1,,,0,,False,6,train,1
1791,0.0,532.35379,532.60401,90.0,0.08,-10.0,0.0,null,"[3644.93333333, 3644.93333333]",4.0,gabors,"[20.0, 20.0]",null,0.8,0.25021176,142,,,0,,False,4,train,2
1792,0.0,532.60401,532.85422,90.0,0.08,-20.0,-30.0,null,"[3644.93333333, 3644.93333333]",4.0,gabors,"[20.0, 20.0]",null,0.8,0.25021176,161,,,0,,False,6,train,2
1793,0.0,532.85422,533.10443,45.0,0.08,20.0,-20.0,null,"[3644.93333333, 3644.93333333]",4.0,gabors,"[20.0, 20.0]",null,0.8,0.25020824,229,,,0,,False,7,train,1
1794,0.0,533.10443,533.35463,0.0,0.08,0.0,40.0,null,"[3644.93333333, 3644.93333333]",4.0,gabors,"[20.0, 20.0]",null,0.8,0.25020824,123,,,0,,False,6,train,0
1795,0.0,533.35463,533.60484,90.0,0.08,-10.0,20.0,null,"[3644.93333333, 3644.93333333]",4.0,gabors,"[20.0, 20.0]",null,0.8,0.25020824,137,,,0,,False,8,test,2
1796,0.0,533.60484,533.85505,45.0,0.08,10.0,-20.0,null,"[3644.93333333, 3644.93333333]",4.0,gabors,"[20.0, 20.0]",null,0.8,0.25020824,126,,,0,,False,7,train,1
1797,0.0,533.85505,534.10526,0.0,0.08,-10.0,30.0,null,"[3644.93333333, 3644.93333333]",4.0,gabors,"[20.0, 20.0]",null,0.8,0.25021176,29,,,0,,False,9,train,0
1798,0.0,534.10526,534.35547,0.0,0.08,-30.0,-10.0,null,"[3644.93333333, 3644.93333333]",4.0,gabors,"[20.0, 20.0]",null,0.8,0.25021176,98,,,0,,False,7,train,0
1799,0.0,534.35547,534.60569,90.0,0.08,10.0,-30.0,null,"[3644.93333333, 3644.93333333]",4.0,gabors,"[20.0, 20.0]",null,0.8,0.25021176,219,,,0,,False,5,test,2
1800,0.0,534.60569,534.8559,90.0,0.08,-30.0,10.0,null,"[3644.93333333, 3644.93333333]",4.0,gabors,"[20.0, 20.0]",null,0.8,0.25021176,61,,,0,,False,5,test,2
1801,0.0,534.8559,535.1061,45.0,0.08,30.0,20.0,null,"[3644.93333333, 3644.93333333]",4.0,gabors,"[20.0, 20.0]",null,0.8,0.25020574,103,,,0,,False,8,test,1
1802,0.0,535.1061,535.35631,90.0,0.08,30.0,10.0,null,"[3644.93333333, 3644.93333333]",4.0,gabors,"[20.0, 20.0]",null,0.8,0.25020574,204,,,0,,False,8,test,2
1803,0.0,535.35631,535.60652,45.0,0.08,-10.0,30.0,null,"[3644.93333333, 3644.93333333]",4.0,gabors,"[20.0, 20.0]",null,0.8,0.25020574,178,,,0,,False,9,train,1
1804,0.0,535.60652,535.85672,90.0,0.08,30.0,-40.0,null,"[3644.93333333, 3644.93333333]",4.0,gabors,"[20.0, 20.0]",null,0.8,0.25020574,8,,,0,,False,6,train,2
1805,0.0,535.85672,536.10693,45.0,0.08,30.0,-10.0,null,"[3644.93333333, 3644.93333333]",4.0,gabors,"[20.0, 20.0]",null,0.8,0.25020926,199,,,0,,False,9,train,1
1806,0.0,536.10693,536.35714,0.0,0.08,10.0,30.0,null,"[3644.93333333, 3644.93333333]",4.0,gabors,"[20.0, 20.0]",null,0.8,0.25020926,43,,,0,,False,9,train,0
1807,0.0,536.35714,536.60735,90.0,0.08,-10.0,30.0,null,"[3644.93333333, 3644.93333333]",4.0,gabors,"[20.0, 20.0]",null,0.8,0.25020926,200,,,0,,False,5,test,2
1808,0.0,536.60735,536.85756,90.0,0.08,-20.0,-20.0,null,"[3644.93333333, 3644.93333333]",4.0,gabors,"[20.0, 20.0]",null,0.8,0.25020926,152,,,0,,False,8,test,2
1809,0.0,536.85756,537.10777,0.0,0.08,10.0,-40.0,null,"[3644.93333333, 3644.93333333]",4.0,gabors,"[20.0, 20.0]",null,0.8,0.25021074,211,,,0,,False,8,test,0
1810,0.0,537.10777,537.35798,45.0,0.08,-30.0,10.0,null,"[3644.93333333, 3644.93333333]",4.0,gabors,"[20.0, 20.0]",null,0.8,0.25021074,2,,,0,,False,8,test,1
1811,0.0,537.35798,537.60819,0.0,0.08,0.0,-40.0,null,"[3644.93333333, 3644.93333333]",4.0,gabors,"[20.0, 20.0]",null,0.8,0.25021074,12,,,0,,False,8,test,0
1812,0.0,537.60819,537.8584,0.0,0.08,20.0,30.0,null,"[3644.93333333, 3644.93333333]",4.0,gabors,"[20.0, 20.0]",null,0.8,0.25021074,166,,,0,,False,9,train,0
1813,0.0,537.8584,538.10861,45.0,0.08,10.0,-10.0,null,"[3644.93333333, 3644.93333333]",4.0,gabors,"[20.0, 20.0]",null,0.8,0.25020926,94,,,0,,False,8,test,1
1814,0.0,538.10861,538.35882,90.0,0.08,-20.0,-20.0,null,"[3644.93333333, 3644.93333333]",4.0,gabors,"[20.0, 20.0]",null,0.8,0.25020926,152,,,0,,False,9,train,2
1815,0.0,538.35882,538.60903,45.0,0.08,30.0,10.0,null,"[3644.93333333, 3644.93333333]",4.0,gabors,"[20.0, 20.0]",null,0.8,0.25020926,58,,,0,,False,5,test,1
1816,0.0,538.60903,538.85924,45.0,0.08,10.0,30.0,null,"[3644.93333333, 3644.93333333]",4.0,gabors,"[20.0, 20.0]",null,0.8,0.25020926,209,,,0,,False,9,train,1
1817,0.0,538.85924,539.10944,90.0,0.08,40.0,0.0,null,"[3644.93333333, 3644.93333333]",4.0,gabors,"[20.0, 20.0]",null,0.8,0.25020574,144,,,0,,False,6,train,2
1818,0.0,539.10944,539.35965,0.0,0.08,40.0,40.0,null,"[3644.93333333, 3644.93333333]",4.0,gabors,"[20.0, 20.0]",null,0.8,0.25020574,202,,,0,,False,5,test,0
1819,0.0,539.35965,539.60986,0.0,0.08,40.0,20.0,null,"[3644.93333333, 3644.93333333]",4.0,gabors,"[20.0, 20.0]",null,0.8,0.25020574,185,,,0,,False,7,train,0
1820,0.0,539.60986,539.86006,0.0,0.08,30.0,-40.0,null,"[3644.93333333, 3644.93333333]",4.0,gabors,"[20.0, 20.0]",null,0.8,0.25020574,168,,,0,,False,9,train,0
1821,0.0,539.86006,540.11027,90.0,0.08,-30.0,10.0,null,"[3644.93333333, 3644.93333333]",4.0,gabors,"[20.0, 20.0]",null,0.8,0.25021176,61,,,0,,False,6,train,2
1822,0.0,540.11027,540.36048,0.0,0.08,30.0,30.0,null,"[3644.93333333, 3644.93333333]",4.0,gabors,"[20.0, 20.0]",null,0.8,0.25021176,114,,,0,,False,6,train,0
1823,0.0,540.36048,540.6107,90.0,0.08,40.0,10.0,null,"[3644.93333333, 3644.93333333]",4.0,gabors,"[20.0, 20.0]",null,0.8,0.25021176,141,,,0,,False,5,test,2
1824,0.0,540.6107,540.86091,0.0,0.08,-10.0,30.0,null,"[3644.93333333, 3644.93333333]",4.0,gabors,"[20.0, 20.0]",null,0.8,0.25021176,29,,,0,,False,10,train,0
1825,0.0,540.86091,541.11111,0.0,0.08,-30.0,-10.0,null,"[3644.93333333, 3644.93333333]",4.0,gabors,"[20.0, 20.0]",null,0.8,0.25020574,98,,,0,,False,8,test,0
1826,0.0,541.11111,541.36132,90.0,0.08,40.0,-40.0,null,"[3644.93333333, 3644.93333333]",4.0,gabors,"[20.0, 20.0]",null,0.8,0.25020574,78,,,0,,False,7,train,2
1827,0.0,541.36132,541.61153,90.0,0.08,-40.0,-30.0,null,"[3644.93333333, 3644.93333333]",4.0,gabors,"[20.0, 20.0]",null,0.8,0.25020574,56,,,0,,False,6,train,2
1828,0.0,541.61153,541.86173,45.0,0.08,-10.0,-20.0,null,"[3644.93333333, 3644.93333333]",4.0,gabors,"[20.0, 20.0]",null,0.8,0.25020574,197,,,0,,False,4,train,1
1829,0.0,541.86173,542.11195,90.0,0.08,-10.0,-40.0,null,"[3644.93333333, 3644.93333333]",4.0,gabors,"[20.0, 20.0]",null,0.8,0.25021426,156,,,0,,False,10,train,2
1830,0.0,542.11195,542.36216,90.0,0.08,-10.0,10.0,null,"[3644.93333333, 3644.93333333]",4.0,gabors,"[20.0, 20.0]",null,0.8,0.25021426,169,,,0,,False,9,train,2
1831,0.0,542.36216,542.61237,0.0,0.08,0.0,10.0,null,"[3644.93333333, 3644.93333333]",4.0,gabors,"[20.0, 20.0]",null,0.8,0.25021426,6,,,0,,False,8,test,0
1832,0.0,542.61237,542.86259,90.0,0.08,-20.0,10.0,null,"[3644.93333333, 3644.93333333]",4.0,gabors,"[20.0, 20.0]",null,0.8,0.25021426,162,,,0,,False,7,train,2
1833,0.0,542.86259,543.11279,90.0,0.08,30.0,10.0,null,"[3644.93333333, 3644.93333333]",4.0,gabors,"[20.0, 20.0]",null,0.8,0.25020324,204,,,0,,False,9,train,2
1834,0.0,543.11279,543.36299,90.0,0.08,-10.0,-10.0,null,"[3644.93333333, 3644.93333333]",4.0,gabors,"[20.0, 20.0]",null,0.8,0.25020324,223,,,0,,False,10,train,2
1835,0.0,543.36299,543.6132,0.0,0.08,20.0,30.0,null,"[3644.93333333, 3644.93333333]",4.0,gabors,"[20.0, 20.0]",null,0.8,0.25020324,166,,,0,,False,10,train,0
1836,0.0,543.6132,543.8634,45.0,0.08,30.0,40.0,null,"[3644.93333333, 3644.93333333]",4.0,gabors,"[20.0, 20.0]",null,0.8,0.25020324,224,,,0,,False,3,train,1
1837,0.0,543.8634,544.11361,45.0,0.08,20.0,-10.0,null,"[3644.93333333, 3644.93333333]",4.0,gabors,"[20.0, 20.0]",null,0.8,0.25020926,183,,,0,,False,5,test,1
1838,0.0,544.11361,544.36382,0.0,0.08,0.0,10.0,null,"[3644.93333333, 3644.93333333]",4.0,gabors,"[20.0, 20.0]",null,0.8,0.25020926,6,,,0,,False,9,train,0
1839,0.0,544.36382,544.61403,0.0,0.08,30.0,20.0,null,"[3644.93333333, 3644.93333333]",4.0,gabors,"[20.0, 20.0]",null,0.8,0.25020926,64,,,0,,False,9,train,0
1840,0.0,544.61403,544.86424,90.0,0.08,20.0,-20.0,null,"[3644.93333333, 3644.93333333]",4.0,gabors,"[20.0, 20.0]",null,0.8,0.25020926,232,,,0,,False,5,test,2
1841,0.0,544.86424,545.11445,45.0,0.08,30.0,-30.0,null,"[3644.93333333, 3644.93333333]",4.0,gabors,"[20.0, 20.0]",null,0.8,0.25021074,153,,,0,,False,5,test,1
1842,0.0,545.11445,545.36466,0.0,0.08,-20.0,0.0,null,"[3644.93333333, 3644.93333333]",4.0,gabors,"[20.0, 20.0]",null,0.8,0.25021074,15,,,0,,False,6,train,0
1843,0.0,545.36466,545.61487,45.0,0.08,30.0,40.0,null,"[3644.93333333, 3644.93333333]",4.0,gabors,"[20.0, 20.0]",null,0.8,0.25021074,224,,,0,,False,4,train,1
1844,0.0,545.61487,545.86508,90.0,0.08,10.0,-10.0,null,"[3644.93333333, 3644.93333333]",4.0,gabors,"[20.0, 20.0]",null,0.8,0.25021074,3,,,0,,False,5,test,2
1845,0.0,545.86508,546.1153,0.0,0.08,30.0,-20.0,null,"[3644.93333333, 3644.93333333]",4.0,gabors,"[20.0, 20.0]",null,0.8,0.25021676,194,,,0,,False,9,train,0
1846,0.0,546.1153,546.36551,45.0,0.08,-10.0,-40.0,null,"[3644.93333333, 3644.93333333]",4.0,gabors,"[20.0, 20.0]",null,0.8,0.25021676,40,,,0,,False,6,train,1
1847,0.0,546.36551,546.61573,45.0,0.08,-30.0,10.0,null,"[3644.93333333, 3644.93333333]",4.0,gabors,"[20.0, 20.0]",null,0.8,0.25021676,2,,,0,,False,9,train,1
1848,0.0,546.61573,546.86595,0.0,0.08,-10.0,-40.0,null,"[3644.93333333, 3644.93333333]",4.0,gabors,"[20.0, 20.0]",null,0.8,0.25021676,139,,,0,,False,5,test,0
1849,0.0,546.86595,547.11615,90.0,0.08,10.0,30.0,null,"[3644.93333333, 3644.93333333]",4.0,gabors,"[20.0, 20.0]",null,0.8,0.25020074,170,,,0,,False,8,test,2
1850,0.0,547.11615,547.36635,90.0,0.08,40.0,10.0,null,"[3644.93333333, 3644.93333333]",4.0,gabors,"[20.0, 20.0]",null,0.8,0.25020074,141,,,0,,False,6,train,2
1851,0.0,547.36635,547.61655,45.0,0.08,20.0,40.0,null,"[3644.93333333, 3644.93333333]",4.0,gabors,"[20.0, 20.0]",null,0.8,0.25020074,24,,,0,,False,4,train,1
1852,0.0,547.61655,547.86675,0.0,0.08,30.0,10.0,null,"[3644.93333333, 3644.93333333]",4.0,gabors,"[20.0, 20.0]",null,0.8,0.25020074,5,,,0,,False,6,train,0
1853,0.0,547.86675,548.11697,45.0,0.08,-30.0,30.0,null,"[3644.93333333, 3644.93333333]",4.0,gabors,"[20.0, 20.0]",null,0.8,0.25021676,207,,,0,,False,5,test,1
1854,0.0,548.11697,548.36718,90.0,0.08,-10.0,20.0,null,"[3644.93333333, 3644.93333333]",4.0,gabors,"[20.0, 20.0]",null,0.8,0.25021676,137,,,0,,False,9,train,2
1855,0.0,548.36718,548.6174,0.0,0.08,40.0,30.0,null,"[3644.93333333, 3644.93333333]",4.0,gabors,"[20.0, 20.0]",null,0.8,0.25021676,95,,,0,,False,7,train,0
1856,0.0,548.6174,548.86762,0.0,0.08,40.0,-10.0,null,"[3644.93333333, 3644.93333333]",4.0,gabors,"[20.0, 20.0]",null,0.8,0.25021676,100,,,0,,False,10,train,0
1857,0.0,548.86762,549.11782,90.0,0.08,-40.0,40.0,null,"[3644.93333333, 3644.93333333]",4.0,gabors,"[20.0, 20.0]",null,0.8,0.25020324,163,,,0,,False,5,test,2
1858,0.0,549.11782,549.36802,0.0,0.08,20.0,0.0,null,"[3644.93333333, 3644.93333333]",4.0,gabors,"[20.0, 20.0]",null,0.8,0.25020324,50,,,0,,False,8,test,0
1859,0.0,549.36802,549.61823,45.0,0.08,20.0,-40.0,null,"[3644.93333333, 3644.93333333]",4.0,gabors,"[20.0, 20.0]",null,0.8,0.25020324,90,,,0,,False,12,train,1
1860,0.0,549.61823,549.86843,45.0,0.08,40.0,-30.0,null,"[3644.93333333, 3644.93333333]",4.0,gabors,"[20.0, 20.0]",null,0.8,0.25020324,181,,,0,,False,6,train,1
1861,0.0,549.86843,550.11864,0.0,0.08,-30.0,0.0,null,"[3644.93333333, 3644.93333333]",4.0,gabors,"[20.0, 20.0]",null,0.8,0.25021176,226,,,0,,False,7,train,0
1862,0.0,550.11864,550.36885,90.0,0.08,-10.0,20.0,null,"[3644.93333333, 3644.93333333]",4.0,gabors,"[20.0, 20.0]",null,0.8,0.25021176,137,,,0,,False,10,train,2
1863,0.0,550.36885,550.61907,0.0,0.08,-40.0,-30.0,null,"[3644.93333333, 3644.93333333]",4.0,gabors,"[20.0, 20.0]",null,0.8,0.25021176,222,,,0,,False,6,train,0
1864,0.0,550.61907,550.86928,45.0,0.08,40.0,10.0,null,"[3644.93333333, 3644.93333333]",4.0,gabors,"[20.0, 20.0]",null,0.8,0.25021176,121,,,0,,False,9,train,1
1865,0.0,550.86928,551.11949,45.0,0.08,-30.0,40.0,null,"[3644.93333333, 3644.93333333]",4.0,gabors,"[20.0, 20.0]",null,0.8,0.25020824,147,,,0,,False,5,test,1
1866,0.0,551.11949,551.36969,45.0,0.08,-40.0,20.0,null,"[3644.93333333, 3644.93333333]",4.0,gabors,"[20.0, 20.0]",null,0.8,0.25020824,145,,,0,,False,8,test,1
1867,0.0,551.36969,551.6199,90.0,0.08,-10.0,0.0,null,"[3644.93333333, 3644.93333333]",4.0,gabors,"[20.0, 20.0]",null,0.8,0.25020824,142,,,0,,False,5,test,2
1868,0.0,551.6199,551.87011,0.0,0.08,30.0,10.0,null,"[3644.93333333, 3644.93333333]",4.0,gabors,"[20.0, 20.0]",null,0.8,0.25020824,5,,,0,,False,7,train,0
1869,0.0,551.87011,552.12033,0.0,0.08,40.0,0.0,null,"[3644.93333333, 3644.93333333]",4.0,gabors,"[20.0, 20.0]",null,0.8,0.25021426,206,,,0,,False,8,test,0
1870,0.0,552.12033,552.37054,0.0,0.08,40.0,30.0,null,"[3644.93333333, 3644.93333333]",4.0,gabors,"[20.0, 20.0]",null,0.8,0.25021426,95,,,0,,False,8,test,0
1871,0.0,552.37054,552.62075,45.0,0.08,-20.0,-20.0,null,"[3644.93333333, 3644.93333333]",4.0,gabors,"[20.0, 20.0]",null,0.8,0.25021426,120,,,0,,False,8,test,1
1872,0.0,552.62075,552.87097,45.0,0.08,-10.0,40.0,null,"[3644.93333333, 3644.93333333]",4.0,gabors,"[20.0, 20.0]",null,0.8,0.25021426,48,,,0,,False,9,train,1
1873,0.0,552.87097,553.12117,0.0,0.08,-30.0,40.0,null,"[3644.93333333, 3644.93333333]",4.0,gabors,"[20.0, 20.0]",null,0.8,0.25020324,89,,,0,,False,8,test,0
1874,0.0,553.12117,553.37137,0.0,0.08,-30.0,40.0,null,"[3644.93333333, 3644.93333333]",4.0,gabors,"[20.0, 20.0]",null,0.8,0.25020324,89,,,0,,False,9,train,0
1875,0.0,553.37137,553.62158,45.0,0.08,0.0,10.0,null,"[3644.93333333, 3644.93333333]",4.0,gabors,"[20.0, 20.0]",null,0.8,0.25020324,195,,,0,,False,7,train,1
1876,0.0,553.62158,553.87178,90.0,0.08,-30.0,30.0,null,"[3644.93333333, 3644.93333333]",4.0,gabors,"[20.0, 20.0]",null,0.8,0.25020324,96,,,0,,False,8,test,2
1877,0.0,553.87178,554.122,90.0,0.08,-40.0,40.0,null,"[3644.93333333, 3644.93333333]",4.0,gabors,"[20.0, 20.0]",null,0.8,0.25021426,163,,,0,,False,6,train,2
1878,0.0,554.122,554.37221,0.0,0.08,-30.0,40.0,null,"[3644.93333333, 3644.93333333]",4.0,gabors,"[20.0, 20.0]",null,0.8,0.25021426,89,,,0,,False,10,train,0
1879,0.0,554.37221,554.62242,90.0,0.08,-30.0,30.0,null,"[3644.93333333, 3644.93333333]",4.0,gabors,"[20.0, 20.0]",null,0.8,0.25021426,96,,,0,,False,9,train,2
1880,0.0,554.62242,554.87264,90.0,0.08,40.0,30.0,null,"[3644.93333333, 3644.93333333]",4.0,gabors,"[20.0, 20.0]",null,0.8,0.25021426,75,,,0,,False,9,train,2
1881,0.0,554.87264,555.12284,90.0,0.08,0.0,-30.0,null,"[3644.93333333, 3644.93333333]",4.0,gabors,"[20.0, 20.0]",null,0.8,0.25020324,230,,,0,,False,7,train,2
1882,0.0,555.12284,555.37304,0.0,0.08,-30.0,10.0,null,"[3644.93333333, 3644.93333333]",4.0,gabors,"[20.0, 20.0]",null,0.8,0.25020324,150,,,0,,False,5,test,0
1883,0.0,555.37304,555.62325,45.0,0.08,-20.0,30.0,null,"[3644.93333333, 3644.93333333]",4.0,gabors,"[20.0, 20.0]",null,0.8,0.25020324,228,,,0,,False,4,train,1
1884,0.0,555.62325,555.87345,90.0,0.08,-20.0,0.0,null,"[3644.93333333, 3644.93333333]",4.0,gabors,"[20.0, 20.0]",null,0.8,0.25020324,171,,,0,,False,7,train,2
1885,0.0,555.87345,556.12366,45.0,0.08,30.0,20.0,null,"[3644.93333333, 3644.93333333]",4.0,gabors,"[20.0, 20.0]",null,0.8,0.25020676,103,,,0,,False,9,train,1
1886,0.0,556.12366,556.37386,90.0,0.08,0.0,20.0,null,"[3644.93333333, 3644.93333333]",4.0,gabors,"[20.0, 20.0]",null,0.8,0.25020676,85,,,0,,False,8,test,2
1887,0.0,556.37386,556.62407,0.0,0.08,40.0,-20.0,null,"[3644.93333333, 3644.93333333]",4.0,gabors,"[20.0, 20.0]",null,0.8,0.25020676,164,,,0,,False,7,train,0
1888,0.0,556.62407,556.87428,0.0,0.08,0.0,0.0,null,"[3644.93333333, 3644.93333333]",4.0,gabors,"[20.0, 20.0]",null,0.8,0.25020676,240,,,0,,False,7,train,0
1889,0.0,556.87428,557.12449,0.0,0.08,-30.0,-10.0,null,"[3644.93333333, 3644.93333333]",4.0,gabors,"[20.0, 20.0]",null,0.8,0.25021074,98,,,0,,False,9,train,0
1890,0.0,557.12449,557.3747,90.0,0.08,0.0,-20.0,null,"[3644.93333333, 3644.93333333]",4.0,gabors,"[20.0, 20.0]",null,0.8,0.25021074,155,,,0,,False,8,test,2
1891,0.0,557.3747,557.62491,45.0,0.08,0.0,20.0,null,"[3644.93333333, 3644.93333333]",4.0,gabors,"[20.0, 20.0]",null,0.8,0.25021074,18,,,0,,False,7,train,1
1892,0.0,557.62491,557.87512,0.0,0.08,-20.0,10.0,null,"[3644.93333333, 3644.93333333]",4.0,gabors,"[20.0, 20.0]",null,0.8,0.25021074,182,,,0,,False,7,train,0
1893,0.0,557.87512,558.12533,45.0,0.08,-20.0,30.0,null,"[3644.93333333, 3644.93333333]",4.0,gabors,"[20.0, 20.0]",null,0.8,0.25021176,228,,,0,,False,5,test,1
1894,0.0,558.12533,558.37554,0.0,0.08,30.0,40.0,null,"[3644.93333333, 3644.93333333]",4.0,gabors,"[20.0, 20.0]",null,0.8,0.25021176,23,,,0,,False,8,test,0
1895,0.0,558.37554,558.62576,45.0,0.08,-40.0,-20.0,null,"[3644.93333333, 3644.93333333]",4.0,gabors,"[20.0, 20.0]",null,0.8,0.25021176,57,,,0,,False,8,test,1
1896,0.0,558.62576,558.87597,0.0,0.08,-30.0,-40.0,null,"[3644.93333333, 3644.93333333]",4.0,gabors,"[20.0, 20.0]",null,0.8,0.25021176,46,,,0,,False,6,train,0
1897,0.0,558.87597,559.12617,45.0,0.08,-20.0,0.0,null,"[3644.93333333, 3644.93333333]",4.0,gabors,"[20.0, 20.0]",null,0.8,0.25020574,34,,,0,,False,8,test,1
1898,0.0,559.12617,559.37638,90.0,0.08,40.0,30.0,null,"[3644.93333333, 3644.93333333]",4.0,gabors,"[20.0, 20.0]",null,0.8,0.25020574,75,,,0,,False,10,train,2
1899,0.0,559.37638,559.62659,90.0,0.08,-10.0,-30.0,null,"[3644.93333333, 3644.93333333]",4.0,gabors,"[20.0, 20.0]",null,0.8,0.25020574,133,,,0,,False,7,train,2
1900,0.0,559.62659,559.87679,0.0,0.08,20.0,-20.0,null,"[3644.93333333, 3644.93333333]",4.0,gabors,"[20.0, 20.0]",null,0.8,0.25020574,112,,,0,,False,7,train,0
1901,0.0,559.87679,560.127,90.0,0.08,40.0,-30.0,null,"[3644.93333333, 3644.93333333]",4.0,gabors,"[20.0, 20.0]",null,0.8,0.25020926,140,,,0,,False,9,train,2
1902,0.0,560.127,560.37721,0.0,0.08,-30.0,-30.0,null,"[3644.93333333, 3644.93333333]",4.0,gabors,"[20.0, 20.0]",null,0.8,0.25020926,192,,,0,,False,6,train,0
1903,0.0,560.37721,560.62742,90.0,0.08,30.0,-20.0,null,"[3644.93333333, 3644.93333333]",4.0,gabors,"[20.0, 20.0]",null,0.8,0.25020926,21,,,0,,False,6,train,2
1904,0.0,560.62742,560.87763,90.0,0.08,0.0,30.0,null,"[3644.93333333, 3644.93333333]",4.0,gabors,"[20.0, 20.0]",null,0.8,0.25020926,10,,,0,,False,8,test,2
1905,0.0,560.87763,561.12784,0.0,0.08,-40.0,10.0,null,"[3644.93333333, 3644.93333333]",4.0,gabors,"[20.0, 20.0]",null,0.8,0.25021074,205,,,0,,False,6,train,0
1906,0.0,561.12784,561.37805,90.0,0.08,-30.0,10.0,null,"[3644.93333333, 3644.93333333]",4.0,gabors,"[20.0, 20.0]",null,0.8,0.25021074,61,,,0,,False,7,train,2
1907,0.0,561.37805,561.62826,90.0,0.08,0.0,20.0,null,"[3644.93333333, 3644.93333333]",4.0,gabors,"[20.0, 20.0]",null,0.8,0.25021074,85,,,0,,False,9,train,2
1908,0.0,561.62826,561.87847,90.0,0.08,30.0,-30.0,null,"[3644.93333333, 3644.93333333]",4.0,gabors,"[20.0, 20.0]",null,0.8,0.25021074,215,,,0,,False,8,test,2
1909,0.0,561.87847,562.12868,45.0,0.08,20.0,20.0,null,"[3644.93333333, 3644.93333333]",4.0,gabors,"[20.0, 20.0]",null,0.8,0.25021176,167,,,0,,False,6,train,1
1910,0.0,562.12868,562.37889,0.0,0.08,40.0,10.0,null,"[3644.93333333, 3644.93333333]",4.0,gabors,"[20.0, 20.0]",null,0.8,0.25021176,134,,,0,,False,7,train,0
1911,0.0,562.37889,562.62911,0.0,0.08,-40.0,-30.0,null,"[3644.93333333, 3644.93333333]",4.0,gabors,"[20.0, 20.0]",null,0.8,0.25021176,222,,,0,,False,7,train,0
1912,0.0,562.62911,562.87932,0.0,0.08,-40.0,-10.0,null,"[3644.93333333, 3644.93333333]",4.0,gabors,"[20.0, 20.0]",null,0.8,0.25021176,20,,,0,,False,6,train,0
1913,0.0,562.87932,563.12952,45.0,0.08,-10.0,-20.0,null,"[3644.93333333, 3644.93333333]",4.0,gabors,"[20.0, 20.0]",null,0.8,0.25020324,197,,,0,,False,5,test,1
1914,0.0,563.12952,563.37972,90.0,0.08,0.0,-20.0,null,"[3644.93333333, 3644.93333333]",4.0,gabors,"[20.0, 20.0]",null,0.8,0.25020324,155,,,0,,False,9,train,2
1915,0.0,563.37972,563.62993,45.0,0.08,0.0,40.0,null,"[3644.93333333, 3644.93333333]",4.0,gabors,"[20.0, 20.0]",null,0.8,0.25020324,7,,,0,,False,10,train,1
1916,0.0,563.62993,563.88013,45.0,0.08,0.0,-30.0,null,"[3644.93333333, 3644.93333333]",4.0,gabors,"[20.0, 20.0]",null,0.8,0.25020324,241,,,0,,False,5,test,1
1917,0.0,563.88013,564.13035,0.0,0.08,-30.0,20.0,null,"[3644.93333333, 3644.93333333]",4.0,gabors,"[20.0, 20.0]",null,0.8,0.25021426,227,,,0,,False,6,train,0
1918,0.0,564.13035,564.38056,0.0,0.08,-30.0,-20.0,null,"[3644.93333333, 3644.93333333]",4.0,gabors,"[20.0, 20.0]",null,0.8,0.25021426,214,,,0,,False,10,train,0
1919,0.0,564.38056,564.63077,45.0,0.08,0.0,-40.0,null,"[3644.93333333, 3644.93333333]",4.0,gabors,"[20.0, 20.0]",null,0.8,0.25021426,225,,,0,,False,8,test,1
1920,0.0,564.63077,564.88099,0.0,0.08,30.0,-30.0,null,"[3644.93333333, 3644.93333333]",4.0,gabors,"[20.0, 20.0]",null,0.8,0.25021426,81,,,0,,False,7,train,0
1921,0.0,564.88099,565.1312,0.0,0.08,-30.0,10.0,null,"[3644.93333333, 3644.93333333]",4.0,gabors,"[20.0, 20.0]",null,0.8,0.25020824,150,,,0,,False,6,train,0
1922,0.0,565.1312,565.3814,90.0,0.08,20.0,-10.0,null,"[3644.93333333, 3644.93333333]",4.0,gabors,"[20.0, 20.0]",null,0.8,0.25020824,160,,,0,,False,9,train,2
1923,0.0,565.3814,565.63161,45.0,0.08,30.0,10.0,null,"[3644.93333333, 3644.93333333]",4.0,gabors,"[20.0, 20.0]",null,0.8,0.25020824,58,,,0,,False,6,train,1
1924,0.0,565.63161,565.88182,90.0,0.08,-10.0,40.0,null,"[3644.93333333, 3644.93333333]",4.0,gabors,"[20.0, 20.0]",null,0.8,0.25020824,27,,,0,,False,7,train,2
1925,0.0,565.88182,566.13204,0.0,0.08,30.0,-30.0,null,"[3644.93333333, 3644.93333333]",4.0,gabors,"[20.0, 20.0]",null,0.8,0.25021676,81,,,0,,False,8,test,0
1926,0.0,566.13204,566.38225,90.0,0.08,0.0,-20.0,null,"[3644.93333333, 3644.93333333]",4.0,gabors,"[20.0, 20.0]",null,0.8,0.25021676,155,,,0,,False,10,train,2
1927,0.0,566.38225,566.63247,0.0,0.08,30.0,10.0,null,"[3644.93333333, 3644.93333333]",4.0,gabors,"[20.0, 20.0]",null,0.8,0.25021676,5,,,0,,False,8,test,0
1928,0.0,566.63247,566.88269,90.0,0.08,-20.0,30.0,null,"[3644.93333333, 3644.93333333]",4.0,gabors,"[20.0, 20.0]",null,0.8,0.25021676,124,,,0,,False,5,test,2
1929,0.0,566.88269,567.13289,45.0,0.08,10.0,-40.0,null,"[3644.93333333, 3644.93333333]",4.0,gabors,"[20.0, 20.0]",null,0.8,0.25020074,73,,,0,,False,8,test,1
1930,0.0,567.13289,567.38309,90.0,0.08,40.0,40.0,null,"[3644.93333333, 3644.93333333]",4.0,gabors,"[20.0, 20.0]",null,0.8,0.25020074,110,,,0,,False,7,train,2
1931,0.0,567.38309,567.63329,90.0,0.08,-20.0,-10.0,null,"[3644.93333333, 3644.93333333]",4.0,gabors,"[20.0, 20.0]",null,0.8,0.25020074,51,,,0,,False,10,train,2
1932,0.0,567.63329,567.88349,0.0,0.08,-30.0,-30.0,null,"[3644.93333333, 3644.93333333]",4.0,gabors,"[20.0, 20.0]",null,0.8,0.25020074,192,,,0,,False,7,train,0
1933,0.0,567.88349,568.1337,90.0,0.08,0.0,30.0,null,"[3644.93333333, 3644.93333333]",4.0,gabors,"[20.0, 20.0]",null,0.8,0.25020926,10,,,0,,False,9,train,2
1934,0.0,568.1337,568.38391,0.0,0.08,-20.0,-20.0,null,"[3644.93333333, 3644.93333333]",4.0,gabors,"[20.0, 20.0]",null,0.8,0.25020926,236,,,0,,False,6,train,0
1935,0.0,568.38391,568.63412,0.0,0.08,40.0,30.0,null,"[3644.93333333, 3644.93333333]",4.0,gabors,"[20.0, 20.0]",null,0.8,0.25020926,95,,,0,,False,9,train,0
1936,0.0,568.63412,568.88433,90.0,0.08,-10.0,30.0,null,"[3644.93333333, 3644.93333333]",4.0,gabors,"[20.0, 20.0]",null,0.8,0.25020926,200,,,0,,False,6,train,2
1937,0.0,568.88433,569.13454,45.0,0.08,-30.0,0.0,null,"[3644.93333333, 3644.93333333]",4.0,gabors,"[20.0, 20.0]",null,0.8,0.25021074,212,,,0,,False,6,train,1
1938,0.0,569.13454,569.38475,45.0,0.08,10.0,-10.0,null,"[3644.93333333, 3644.93333333]",4.0,gabors,"[20.0, 20.0]",null,0.8,0.25021074,94,,,0,,False,9,train,1
1939,0.0,569.38475,569.63496,0.0,0.08,20.0,0.0,null,"[3644.93333333, 3644.93333333]",4.0,gabors,"[20.0, 20.0]",null,0.8,0.25021074,50,,,0,,False,9,train,0
1940,0.0,569.63496,569.88517,0.0,0.08,20.0,20.0,null,"[3644.93333333, 3644.93333333]",4.0,gabors,"[20.0, 20.0]",null,0.8,0.25021074,179,,,0,,False,5,test,0
1941,0.0,569.88517,570.13539,0.0,0.08,-20.0,20.0,null,"[3644.93333333, 3644.93333333]",4.0,gabors,"[20.0, 20.0]",null,0.8,0.25021926,239,,,0,,False,7,train,0
1942,0.0,570.13539,570.38561,0.0,0.08,30.0,0.0,null,"[3644.93333333, 3644.93333333]",4.0,gabors,"[20.0, 20.0]",null,0.8,0.25021926,66,,,0,,False,8,test,0
1943,0.0,570.38561,570.63583,0.0,0.08,-10.0,-30.0,null,"[3644.93333333, 3644.93333333]",4.0,gabors,"[20.0, 20.0]",null,0.8,0.25021926,37,,,0,,False,5,test,0
1944,0.0,570.63583,570.88605,90.0,0.08,10.0,30.0,null,"[3644.93333333, 3644.93333333]",4.0,gabors,"[20.0, 20.0]",null,0.8,0.25021926,170,,,0,,False,9,train,2
1945,0.0,570.88605,571.13625,0.0,0.08,-40.0,-30.0,null,"[3644.93333333, 3644.93333333]",4.0,gabors,"[20.0, 20.0]",null,0.8,0.25020074,222,,,0,,False,8,test,0
1946,0.0,571.13625,571.38645,0.0,0.08,-10.0,-40.0,null,"[3644.93333333, 3644.93333333]",4.0,gabors,"[20.0, 20.0]",null,0.8,0.25020074,139,,,0,,False,6,train,0
1947,0.0,571.38645,571.63665,0.0,0.08,10.0,-40.0,null,"[3644.93333333, 3644.93333333]",4.0,gabors,"[20.0, 20.0]",null,0.8,0.25020074,211,,,0,,False,9,train,0
1948,0.0,571.63665,571.88685,45.0,0.08,-20.0,-20.0,null,"[3644.93333333, 3644.93333333]",4.0,gabors,"[20.0, 20.0]",null,0.8,0.25020074,120,,,0,,False,9,train,1
1949,0.0,571.88685,572.13706,0.0,0.08,10.0,-10.0,null,"[3644.93333333, 3644.93333333]",4.0,gabors,"[20.0, 20.0]",null,0.8,0.25020426,231,,,0,,False,7,train,0
1950,0.0,572.13706,572.38726,90.0,0.08,-10.0,-30.0,null,"[3644.93333333, 3644.93333333]",4.0,gabors,"[20.0, 20.0]",null,0.8,0.25020426,133,,,0,,False,8,test,2
1951,0.0,572.38726,572.63746,90.0,0.08,30.0,30.0,null,"[3644.93333333, 3644.93333333]",4.0,gabors,"[20.0, 20.0]",null,0.8,0.25020426,91,,,0,,False,8,test,2
1952,0.0,572.63746,572.88767,90.0,0.08,10.0,-40.0,null,"[3644.93333333, 3644.93333333]",4.0,gabors,"[20.0, 20.0]",null,0.8,0.25020426,77,,,0,,False,8,test,2
1953,0.0,572.88767,573.13788,90.0,0.08,-30.0,10.0,null,"[3644.93333333, 3644.93333333]",4.0,gabors,"[20.0, 20.0]",null,0.8,0.25020824,61,,,0,,False,8,test,2
1954,0.0,573.13788,573.38808,90.0,0.08,-10.0,0.0,null,"[3644.93333333, 3644.93333333]",4.0,gabors,"[20.0, 20.0]",null,0.8,0.25020824,142,,,0,,False,6,train,2
1955,0.0,573.38808,573.63829,45.0,0.08,10.0,-20.0,null,"[3644.93333333, 3644.93333333]",4.0,gabors,"[20.0, 20.0]",null,0.8,0.25020824,126,,,0,,False,8,test,1
1956,0.0,573.63829,573.8885,90.0,0.08,10.0,0.0,null,"[3644.93333333, 3644.93333333]",4.0,gabors,"[20.0, 20.0]",null,0.8,0.25020824,97,,,0,,False,9,train,2
1957,0.0,573.8885,574.13871,45.0,0.08,30.0,-40.0,null,"[3644.93333333, 3644.93333333]",4.0,gabors,"[20.0, 20.0]",null,0.8,0.25020676,125,,,0,,False,9,train,1
1958,0.0,574.13871,574.38891,90.0,0.08,10.0,10.0,null,"[3644.93333333, 3644.93333333]",4.0,gabors,"[20.0, 20.0]",null,0.8,0.25020676,237,,,0,,False,3,train,2
1959,0.0,574.38891,574.63912,90.0,0.08,-40.0,-10.0,null,"[3644.93333333, 3644.93333333]",4.0,gabors,"[20.0, 20.0]",null,0.8,0.25020676,190,,,0,,False,8,test,2
1960,0.0,574.63912,574.88933,90.0,0.08,-30.0,-10.0,null,"[3644.93333333, 3644.93333333]",4.0,gabors,"[20.0, 20.0]",null,0.8,0.25020676,71,,,0,,False,6,train,2
1961,0.0,574.88933,575.13954,45.0,0.08,30.0,20.0,null,"[3644.93333333, 3644.93333333]",4.0,gabors,"[20.0, 20.0]",null,0.8,0.25021074,103,,,0,,False,10,train,1
1962,0.0,575.13954,575.38975,45.0,0.08,40.0,40.0,null,"[3644.93333333, 3644.93333333]",4.0,gabors,"[20.0, 20.0]",null,0.8,0.25021074,165,,,0,,False,6,train,1
1963,0.0,575.38975,575.63996,0.0,0.08,-30.0,-30.0,null,"[3644.93333333, 3644.93333333]",4.0,gabors,"[20.0, 20.0]",null,0.8,0.25021074,192,,,0,,False,8,test,0
1964,0.0,575.63996,575.89017,90.0,0.08,40.0,40.0,null,"[3644.93333333, 3644.93333333]",4.0,gabors,"[20.0, 20.0]",null,0.8,0.25021074,110,,,0,,False,8,test,2
1965,0.0,575.89017,576.14038,45.0,0.08,10.0,20.0,null,"[3644.93333333, 3644.93333333]",4.0,gabors,"[20.0, 20.0]",null,0.8,0.25020926,41,,,0,,False,8,test,1
1966,0.0,576.14038,576.39059,45.0,0.08,20.0,10.0,null,"[3644.93333333, 3644.93333333]",4.0,gabors,"[20.0, 20.0]",null,0.8,0.25020926,108,,,0,,False,5,test,1
1967,0.0,576.39059,576.6408,90.0,0.08,10.0,10.0,null,"[3644.93333333, 3644.93333333]",4.0,gabors,"[20.0, 20.0]",null,0.8,0.25020926,237,,,0,,False,4,train,2
1968,0.0,576.6408,576.89101,90.0,0.08,-20.0,30.0,null,"[3644.93333333, 3644.93333333]",4.0,gabors,"[20.0, 20.0]",null,0.8,0.25020926,124,,,0,,False,6,train,2
1969,0.0,576.89101,577.14122,45.0,0.08,-20.0,40.0,null,"[3644.93333333, 3644.93333333]",4.0,gabors,"[20.0, 20.0]",null,0.8,0.25021324,59,,,0,,False,9,train,1
1970,0.0,577.14122,577.39143,90.0,0.08,-10.0,-20.0,null,"[3644.93333333, 3644.93333333]",4.0,gabors,"[20.0, 20.0]",null,0.8,0.25021324,17,,,0,,False,8,test,2
1971,0.0,577.39143,577.64165,0.0,0.08,40.0,30.0,null,"[3644.93333333, 3644.93333333]",4.0,gabors,"[20.0, 20.0]",null,0.8,0.25021324,95,,,0,,False,10,train,0
1972,0.0,577.64165,577.89186,90.0,0.08,30.0,-30.0,null,"[3644.93333333, 3644.93333333]",4.0,gabors,"[20.0, 20.0]",null,0.8,0.25021324,215,,,0,,False,9,train,2
1973,0.0,577.89186,578.14207,45.0,0.08,-40.0,-40.0,null,"[3644.93333333, 3644.93333333]",4.0,gabors,"[20.0, 20.0]",null,0.8,0.25020426,177,,,0,,False,6,train,1
1974,0.0,578.14207,578.39227,0.0,0.08,-10.0,-20.0,null,"[3644.93333333, 3644.93333333]",4.0,gabors,"[20.0, 20.0]",null,0.8,0.25020426,187,,,0,,False,7,train,0
1975,0.0,578.39227,578.64247,45.0,0.08,-40.0,-10.0,null,"[3644.93333333, 3644.93333333]",4.0,gabors,"[20.0, 20.0]",null,0.8,0.25020426,210,,,0,,False,6,train,1
1976,0.0,578.64247,578.89268,90.0,0.08,0.0,20.0,null,"[3644.93333333, 3644.93333333]",4.0,gabors,"[20.0, 20.0]",null,0.8,0.25020426,85,,,0,,False,10,train,2
1977,0.0,578.89268,579.14289,90.0,0.08,-20.0,10.0,null,"[3644.93333333, 3644.93333333]",4.0,gabors,"[20.0, 20.0]",null,0.8,0.25021324,162,,,0,,False,8,test,2
1978,0.0,579.14289,579.3931,45.0,0.08,40.0,-10.0,null,"[3644.93333333, 3644.93333333]",4.0,gabors,"[20.0, 20.0]",null,0.8,0.25021324,38,,,0,,False,9,train,1
1979,0.0,579.3931,579.64332,45.0,0.08,-30.0,40.0,null,"[3644.93333333, 3644.93333333]",4.0,gabors,"[20.0, 20.0]",null,0.8,0.25021324,147,,,0,,False,6,train,1
1980,0.0,579.64332,579.89353,0.0,0.08,40.0,-10.0,null,"[3644.93333333, 3644.93333333]",4.0,gabors,"[20.0, 20.0]",null,0.8,0.25021324,100,,,0,,False,11,test,0
1981,0.0,579.89353,580.14374,90.0,0.08,-20.0,40.0,null,"[3644.93333333, 3644.93333333]",4.0,gabors,"[20.0, 20.0]",null,0.8,0.25020926,116,,,0,,False,6,train,2
1982,0.0,580.14374,580.39395,0.0,0.08,0.0,-10.0,null,"[3644.93333333, 3644.93333333]",4.0,gabors,"[20.0, 20.0]",null,0.8,0.25020926,99,,,0,,False,10,train,0
1983,0.0,580.39395,580.64416,90.0,0.08,10.0,-30.0,null,"[3644.93333333, 3644.93333333]",4.0,gabors,"[20.0, 20.0]",null,0.8,0.25020926,219,,,0,,False,6,train,2
1984,0.0,580.64416,580.89437,90.0,0.08,-10.0,30.0,null,"[3644.93333333, 3644.93333333]",4.0,gabors,"[20.0, 20.0]",null,0.8,0.25020926,200,,,0,,False,7,train,2
1985,0.0,580.89437,581.14458,45.0,0.08,-20.0,-30.0,null,"[3644.93333333, 3644.93333333]",4.0,gabors,"[20.0, 20.0]",null,0.8,0.25020824,174,,,0,,False,8,test,1
1986,0.0,581.14458,581.39478,45.0,0.08,40.0,-20.0,null,"[3644.93333333, 3644.93333333]",4.0,gabors,"[20.0, 20.0]",null,0.8,0.25020824,117,,,0,,False,8,test,1
1987,0.0,581.39478,581.64499,90.0,0.08,-40.0,20.0,null,"[3644.93333333, 3644.93333333]",4.0,gabors,"[20.0, 20.0]",null,0.8,0.25020824,65,,,0,,False,9,train,2
1988,0.0,581.64499,581.8952,45.0,0.08,10.0,-30.0,null,"[3644.93333333, 3644.93333333]",4.0,gabors,"[20.0, 20.0]",null,0.8,0.25020824,72,,,0,,False,6,train,1
1989,0.0,581.8952,582.14542,45.0,0.08,-40.0,-10.0,null,"[3644.93333333, 3644.93333333]",4.0,gabors,"[20.0, 20.0]",null,0.8,0.25021426,210,,,0,,False,7,train,1
1990,0.0,582.14542,582.39563,90.0,0.08,40.0,0.0,null,"[3644.93333333, 3644.93333333]",4.0,gabors,"[20.0, 20.0]",null,0.8,0.25021426,144,,,0,,False,7,train,2
1991,0.0,582.39563,582.64584,0.0,0.08,-20.0,-20.0,null,"[3644.93333333, 3644.93333333]",4.0,gabors,"[20.0, 20.0]",null,0.8,0.25021426,236,,,0,,False,7,train,0
1992,0.0,582.64584,582.89606,90.0,0.08,-10.0,-10.0,null,"[3644.93333333, 3644.93333333]",4.0,gabors,"[20.0, 20.0]",null,0.8,0.25021426,223,,,0,,False,11,test,2
1993,0.0,582.89606,583.14626,45.0,0.08,-20.0,-30.0,null,"[3644.93333333, 3644.93333333]",4.0,gabors,"[20.0, 20.0]",null,0.8,0.25020574,174,,,0,,False,9,train,1
1994,0.0,583.14626,583.39647,90.0,0.08,10.0,0.0,null,"[3644.93333333, 3644.93333333]",4.0,gabors,"[20.0, 20.0]",null,0.8,0.25020574,97,,,0,,False,10,train,2
1995,0.0,583.39647,583.64668,0.0,0.08,40.0,0.0,null,"[3644.93333333, 3644.93333333]",4.0,gabors,"[20.0, 20.0]",null,0.8,0.25020574,206,,,0,,False,9,train,0
1996,0.0,583.64668,583.89688,0.0,0.08,20.0,-40.0,null,"[3644.93333333, 3644.93333333]",4.0,gabors,"[20.0, 20.0]",null,0.8,0.25020574,69,,,0,,False,4,train,0
1997,0.0,583.89688,584.14709,45.0,0.08,-20.0,40.0,null,"[3644.93333333, 3644.93333333]",4.0,gabors,"[20.0, 20.0]",null,0.8,0.25020676,59,,,0,,False,10,train,1
1998,0.0,584.14709,584.39729,90.0,0.08,-10.0,20.0,null,"[3644.93333333, 3644.93333333]",4.0,gabors,"[20.0, 20.0]",null,0.8,0.25020676,137,,,0,,False,11,test,2
1999,0.0,584.39729,584.6475,0.0,0.08,-10.0,20.0,null,"[3644.93333333, 3644.93333333]",4.0,gabors,"[20.0, 20.0]",null,0.8,0.25020676,131,,,0,,False,8,test,0
2000,0.0,584.6475,584.89771,45.0,0.08,-10.0,10.0,null,"[3644.93333333, 3644.93333333]",4.0,gabors,"[20.0, 20.0]",null,0.8,0.25020676,186,,,0,,False,8,test,1
2001,0.0,584.89771,585.14792,90.0,0.08,30.0,-40.0,null,"[3644.93333333, 3644.93333333]",4.0,gabors,"[20.0, 20.0]",null,0.8,0.25020824,8,,,0,,False,7,train,2
2002,0.0,585.14792,585.39812,45.0,0.08,0.0,20.0,null,"[3644.93333333, 3644.93333333]",4.0,gabors,"[20.0, 20.0]",null,0.8,0.25020824,18,,,0,,False,8,test,1
2003,0.0,585.39812,585.64833,90.0,0.08,0.0,-20.0,null,"[3644.93333333, 3644.93333333]",4.0,gabors,"[20.0, 20.0]",null,0.8,0.25020824,155,,,0,,False,11,test,2
2004,0.0,585.64833,585.89854,0.0,0.08,-40.0,20.0,null,"[3644.93333333, 3644.93333333]",4.0,gabors,"[20.0, 20.0]",null,0.8,0.25020824,106,,,0,,False,7,train,0
2005,0.0,585.89854,586.14875,0.0,0.08,0.0,-10.0,null,"[3644.93333333, 3644.93333333]",4.0,gabors,"[20.0, 20.0]",null,0.8,0.25021176,99,,,0,,False,11,test,0
2006,0.0,586.14875,586.39896,90.0,0.08,30.0,20.0,null,"[3644.93333333, 3644.93333333]",4.0,gabors,"[20.0, 20.0]",null,0.8,0.25021176,25,,,0,,False,9,train,2
2007,0.0,586.39896,586.64918,0.0,0.08,10.0,10.0,null,"[3644.93333333, 3644.93333333]",4.0,gabors,"[20.0, 20.0]",null,0.8,0.25021176,79,,,0,,False,5,test,0
2008,0.0,586.64918,586.89939,90.0,0.08,-20.0,-20.0,null,"[3644.93333333, 3644.93333333]",4.0,gabors,"[20.0, 20.0]",null,0.8,0.25021176,152,,,0,,False,10,train,2
2009,0.0,586.89939,587.1496,0.0,0.08,20.0,-30.0,null,"[3644.93333333, 3644.93333333]",4.0,gabors,"[20.0, 20.0]",null,0.8,0.25020824,22,,,0,,False,9,train,0
2010,0.0,587.1496,587.3998,0.0,0.08,-10.0,20.0,null,"[3644.93333333, 3644.93333333]",4.0,gabors,"[20.0, 20.0]",null,0.8,0.25020824,131,,,0,,False,9,train,0
2011,0.0,587.3998,587.65001,0.0,0.08,30.0,10.0,null,"[3644.93333333, 3644.93333333]",4.0,gabors,"[20.0, 20.0]",null,0.8,0.25020824,5,,,0,,False,9,train,0
2012,0.0,587.65001,587.90022,0.0,0.08,10.0,-10.0,null,"[3644.93333333, 3644.93333333]",4.0,gabors,"[20.0, 20.0]",null,0.8,0.25020824,231,,,0,,False,8,test,0
2013,0.0,587.90022,588.15043,90.0,0.08,-40.0,40.0,null,"[3644.93333333, 3644.93333333]",4.0,gabors,"[20.0, 20.0]",null,0.8,0.25020926,163,,,0,,False,7,train,2
2014,0.0,588.15043,588.40064,0.0,0.08,-30.0,-40.0,null,"[3644.93333333, 3644.93333333]",4.0,gabors,"[20.0, 20.0]",null,0.8,0.25020926,46,,,0,,False,7,train,0
2015,0.0,588.40064,588.65085,90.0,0.08,20.0,10.0,null,"[3644.93333333, 3644.93333333]",4.0,gabors,"[20.0, 20.0]",null,0.8,0.25020926,130,,,0,,False,8,test,2
2016,0.0,588.65085,588.90106,0.0,0.08,0.0,30.0,null,"[3644.93333333, 3644.93333333]",4.0,gabors,"[20.0, 20.0]",null,0.8,0.25020926,203,,,0,,False,4,train,0
2017,0.0,588.90106,589.15127,90.0,0.08,-40.0,-30.0,null,"[3644.93333333, 3644.93333333]",4.0,gabors,"[20.0, 20.0]",null,0.8,0.25021074,56,,,0,,False,7,train,2
2018,0.0,589.15127,589.40148,45.0,0.08,-10.0,40.0,null,"[3644.93333333, 3644.93333333]",4.0,gabors,"[20.0, 20.0]",null,0.8,0.25021074,48,,,0,,False,10,train,1
2019,0.0,589.40148,589.65169,90.0,0.08,-40.0,30.0,null,"[3644.93333333, 3644.93333333]",4.0,gabors,"[20.0, 20.0]",null,0.8,0.25021074,45,,,0,,False,7,train,2
2020,0.0,589.65169,589.9019,45.0,0.08,-20.0,30.0,null,"[3644.93333333, 3644.93333333]",4.0,gabors,"[20.0, 20.0]",null,0.8,0.25021074,228,,,0,,False,6,train,1
2021,0.0,589.9019,590.15211,0.0,0.08,-10.0,0.0,null,"[3644.93333333, 3644.93333333]",4.0,gabors,"[20.0, 20.0]",null,0.8,0.25021176,128,,,0,,False,5,test,0
2022,0.0,590.15211,590.40232,45.0,0.08,0.0,-30.0,null,"[3644.93333333, 3644.93333333]",4.0,gabors,"[20.0, 20.0]",null,0.8,0.25021176,241,,,0,,False,6,train,1
2023,0.0,590.40232,590.65254,45.0,0.08,-20.0,30.0,null,"[3644.93333333, 3644.93333333]",4.0,gabors,"[20.0, 20.0]",null,0.8,0.25021176,228,,,0,,False,7,train,1
2024,0.0,590.65254,590.90275,45.0,0.08,-40.0,40.0,null,"[3644.93333333, 3644.93333333]",4.0,gabors,"[20.0, 20.0]",null,0.8,0.25021176,67,,,0,,False,9,train,1
2025,0.0,590.90275,591.15295,0.0,0.08,0.0,-30.0,null,"[3644.93333333, 3644.93333333]",4.0,gabors,"[20.0, 20.0]",null,0.8,0.25020324,28,,,0,,False,8,test,0
2026,0.0,591.15295,591.40315,0.0,0.08,0.0,40.0,null,"[3644.93333333, 3644.93333333]",4.0,gabors,"[20.0, 20.0]",null,0.8,0.25020324,123,,,0,,False,7,train,0
2027,0.0,591.40315,591.65336,45.0,0.08,-40.0,30.0,null,"[3644.93333333, 3644.93333333]",4.0,gabors,"[20.0, 20.0]",null,0.8,0.25020324,68,,,0,,False,6,train,1
2028,0.0,591.65336,591.90356,90.0,0.08,30.0,40.0,null,"[3644.93333333, 3644.93333333]",4.0,gabors,"[20.0, 20.0]",null,0.8,0.25020324,4,,,0,,False,10,train,2
2029,0.0,591.90356,592.15377,90.0,0.08,-40.0,0.0,null,"[3644.93333333, 3644.93333333]",4.0,gabors,"[20.0, 20.0]",null,0.8,0.25020926,80,,,0,,False,10,train,2
2030,0.0,592.15377,592.40398,0.0,0.08,30.0,10.0,null,"[3644.93333333, 3644.93333333]",4.0,gabors,"[20.0, 20.0]",null,0.8,0.25020926,5,,,0,,False,10,train,0
2031,0.0,592.40398,592.65419,90.0,0.08,20.0,0.0,null,"[3644.93333333, 3644.93333333]",4.0,gabors,"[20.0, 20.0]",null,0.8,0.25020926,138,,,0,,False,7,train,2
2032,0.0,592.65419,592.9044,0.0,0.08,20.0,-10.0,null,"[3644.93333333, 3644.93333333]",4.0,gabors,"[20.0, 20.0]",null,0.8,0.25020926,238,,,0,,False,8,test,0
2033,0.0,592.9044,593.15461,90.0,0.08,-10.0,-10.0,null,"[3644.93333333, 3644.93333333]",4.0,gabors,"[20.0, 20.0]",null,0.8,0.25021074,223,,,0,,False,12,train,2
2034,0.0,593.15461,593.40482,90.0,0.08,10.0,-10.0,null,"[3644.93333333, 3644.93333333]",4.0,gabors,"[20.0, 20.0]",null,0.8,0.25021074,3,,,0,,False,6,train,2
2035,0.0,593.40482,593.65503,90.0,0.08,0.0,20.0,null,"[3644.93333333, 3644.93333333]",4.0,gabors,"[20.0, 20.0]",null,0.8,0.25021074,85,,,0,,False,11,test,2
2036,0.0,593.65503,593.90524,90.0,0.08,-20.0,30.0,null,"[3644.93333333, 3644.93333333]",4.0,gabors,"[20.0, 20.0]",null,0.8,0.25021074,124,,,0,,False,7,train,2
2037,0.0,593.90524,594.15546,90.0,0.08,40.0,-30.0,null,"[3644.93333333, 3644.93333333]",4.0,gabors,"[20.0, 20.0]",null,0.8,0.25021426,140,,,0,,False,10,train,2
2038,0.0,594.15546,594.40567,45.0,0.08,40.0,-30.0,null,"[3644.93333333, 3644.93333333]",4.0,gabors,"[20.0, 20.0]",null,0.8,0.25021426,181,,,0,,False,7,train,1
2039,0.0,594.40567,594.65588,45.0,0.08,-10.0,-10.0,null,"[3644.93333333, 3644.93333333]",4.0,gabors,"[20.0, 20.0]",null,0.8,0.25021426,55,,,0,,False,8,test,1
2040,0.0,594.65588,594.9061,90.0,0.08,-10.0,-30.0,null,"[3644.93333333, 3644.93333333]",4.0,gabors,"[20.0, 20.0]",null,0.8,0.25021426,133,,,0,,False,9,train,2
2041,0.0,594.9061,595.15631,0.0,0.08,-30.0,10.0,null,"[3644.93333333, 3644.93333333]",4.0,gabors,"[20.0, 20.0]",null,0.8,0.25020824,150,,,0,,False,7,train,0
2042,0.0,595.15631,595.40651,90.0,0.08,-40.0,40.0,null,"[3644.93333333, 3644.93333333]",4.0,gabors,"[20.0, 20.0]",null,0.8,0.25020824,163,,,0,,False,8,test,2
2043,0.0,595.40651,595.65672,45.0,0.08,-20.0,30.0,null,"[3644.93333333, 3644.93333333]",4.0,gabors,"[20.0, 20.0]",null,0.8,0.25020824,228,,,0,,False,8,test,1
2044,0.0,595.65672,595.90693,45.0,0.08,10.0,40.0,null,"[3644.93333333, 3644.93333333]",4.0,gabors,"[20.0, 20.0]",null,0.8,0.25020824,74,,,0,,False,7,train,1
2045,0.0,595.90693,596.15714,90.0,0.08,-30.0,-40.0,null,"[3644.93333333, 3644.93333333]",4.0,gabors,"[20.0, 20.0]",null,0.8,0.25020926,184,,,0,,False,9,train,2
2046,0.0,596.15714,596.40735,0.0,0.08,-20.0,-10.0,null,"[3644.93333333, 3644.93333333]",4.0,gabors,"[20.0, 20.0]",null,0.8,0.25020926,84,,,0,,False,6,train,0
2047,0.0,596.40735,596.65756,45.0,0.08,-20.0,40.0,null,"[3644.93333333, 3644.93333333]",4.0,gabors,"[20.0, 20.0]",null,0.8,0.25020926,59,,,0,,False,11,test,1
2048,0.0,596.65756,596.90777,0.0,0.08,20.0,-40.0,null,"[3644.93333333, 3644.93333333]",4.0,gabors,"[20.0, 20.0]",null,0.8,0.25020926,69,,,0,,False,5,test,0
2049,0.0,596.90777,597.15797,90.0,0.08,-20.0,10.0,null,"[3644.93333333, 3644.93333333]",4.0,gabors,"[20.0, 20.0]",null,0.8,0.25020324,162,,,0,,False,9,train,2
2050,0.0,597.15797,597.40817,45.0,0.08,-20.0,-40.0,null,"[3644.93333333, 3644.93333333]",4.0,gabors,"[20.0, 20.0]",null,0.8,0.25020324,118,,,0,,False,10,train,1
2051,0.0,597.40817,597.65838,0.0,0.08,20.0,-10.0,null,"[3644.93333333, 3644.93333333]",4.0,gabors,"[20.0, 20.0]",null,0.8,0.25020324,238,,,0,,False,9,train,0
2052,0.0,597.65838,597.90858,45.0,0.08,40.0,-10.0,null,"[3644.93333333, 3644.93333333]",4.0,gabors,"[20.0, 20.0]",null,0.8,0.25020324,38,,,0,,False,10,train,1
2053,0.0,597.90858,598.1588,90.0,0.08,-10.0,-30.0,null,"[3644.93333333, 3644.93333333]",4.0,gabors,"[20.0, 20.0]",null,0.8,0.25021676,133,,,0,,False,10,train,2
2054,0.0,598.1588,598.40901,0.0,0.08,10.0,10.0,null,"[3644.93333333, 3644.93333333]",4.0,gabors,"[20.0, 20.0]",null,0.8,0.25021676,79,,,0,,False,6,train,0
2055,0.0,598.40901,598.65923,45.0,0.08,0.0,-30.0,null,"[3644.93333333, 3644.93333333]",4.0,gabors,"[20.0, 20.0]",null,0.8,0.25021676,241,,,0,,False,7,train,1
2056,0.0,598.65923,598.90945,90.0,0.08,-10.0,30.0,null,"[3644.93333333, 3644.93333333]",4.0,gabors,"[20.0, 20.0]",null,0.8,0.25021676,200,,,0,,False,8,test,2
2057,0.0,598.90945,599.15965,45.0,0.08,10.0,40.0,null,"[3644.93333333, 3644.93333333]",4.0,gabors,"[20.0, 20.0]",null,0.8,0.25020574,74,,,0,,False,8,test,1
2058,0.0,599.15965,599.40986,45.0,0.08,-20.0,-10.0,null,"[3644.93333333, 3644.93333333]",4.0,gabors,"[20.0, 20.0]",null,0.8,0.25020574,107,,,0,,False,7,train,1
2059,0.0,599.40986,599.66007,45.0,0.08,-10.0,-20.0,null,"[3644.93333333, 3644.93333333]",4.0,gabors,"[20.0, 20.0]",null,0.8,0.25020574,197,,,0,,False,6,train,1
2060,0.0,599.66007,599.91027,45.0,0.08,-40.0,-10.0,null,"[3644.93333333, 3644.93333333]",4.0,gabors,"[20.0, 20.0]",null,0.8,0.25020574,210,,,0,,False,8,test,1
2061,0.0,599.91027,600.16048,45.0,0.08,-20.0,-40.0,null,"[3644.93333333, 3644.93333333]",4.0,gabors,"[20.0, 20.0]",null,0.8,0.25020676,118,,,0,,False,11,test,1
2062,0.0,600.16048,600.41068,90.0,0.08,0.0,0.0,null,"[3644.93333333, 3644.93333333]",4.0,gabors,"[20.0, 20.0]",null,0.8,0.25020676,88,,,0,,False,5,test,2
2063,0.0,600.41068,600.66089,45.0,0.08,30.0,40.0,null,"[3644.93333333, 3644.93333333]",4.0,gabors,"[20.0, 20.0]",null,0.8,0.25020676,224,,,0,,False,5,test,1
2064,0.0,600.66089,600.9111,45.0,0.08,0.0,-10.0,null,"[3644.93333333, 3644.93333333]",4.0,gabors,"[20.0, 20.0]",null,0.8,0.25020676,191,,,0,,False,5,test,1
2065,0.0,600.9111,601.16131,90.0,0.08,20.0,20.0,null,"[3644.93333333, 3644.93333333]",4.0,gabors,"[20.0, 20.0]",null,0.8,0.25020824,35,,,0,,False,7,train,2
2066,0.0,601.16131,601.41151,90.0,0.08,10.0,-10.0,null,"[3644.93333333, 3644.93333333]",4.0,gabors,"[20.0, 20.0]",null,0.8,0.25020824,3,,,0,,False,7,train,2
2067,0.0,601.41151,601.66172,0.0,0.08,30.0,40.0,null,"[3644.93333333, 3644.93333333]",4.0,gabors,"[20.0, 20.0]",null,0.8,0.25020824,23,,,0,,False,9,train,0
2068,0.0,601.66172,601.91193,45.0,0.08,20.0,10.0,null,"[3644.93333333, 3644.93333333]",4.0,gabors,"[20.0, 20.0]",null,0.8,0.25020824,108,,,0,,False,6,train,1
2069,0.0,601.91193,602.16215,45.0,0.08,20.0,20.0,null,"[3644.93333333, 3644.93333333]",4.0,gabors,"[20.0, 20.0]",null,0.8,0.25021926,167,,,0,,False,7,train,1
2070,0.0,602.16215,602.41237,0.0,0.08,-40.0,40.0,null,"[3644.93333333, 3644.93333333]",4.0,gabors,"[20.0, 20.0]",null,0.8,0.25021926,14,,,0,,False,7,train,0
2071,0.0,602.41237,602.66259,45.0,0.08,0.0,-30.0,null,"[3644.93333333, 3644.93333333]",4.0,gabors,"[20.0, 20.0]",null,0.8,0.25021926,241,,,0,,False,8,test,1
2072,0.0,602.66259,602.91281,90.0,0.08,40.0,-10.0,null,"[3644.93333333, 3644.93333333]",4.0,gabors,"[20.0, 20.0]",null,0.8,0.25021926,127,,,0,,False,3,train,2
2073,0.0,602.91281,603.16301,90.0,0.08,-10.0,40.0,null,"[3644.93333333, 3644.93333333]",4.0,gabors,"[20.0, 20.0]",null,0.8,0.25020074,27,,,0,,False,8,test,2
2074,0.0,603.16301,603.41321,45.0,0.08,30.0,10.0,null,"[3644.93333333, 3644.93333333]",4.0,gabors,"[20.0, 20.0]",null,0.8,0.25020074,58,,,0,,False,7,train,1
2075,0.0,603.41321,603.66341,45.0,0.08,-30.0,30.0,null,"[3644.93333333, 3644.93333333]",4.0,gabors,"[20.0, 20.0]",null,0.8,0.25020074,207,,,0,,False,6,train,1
2076,0.0,603.66341,603.91361,0.0,0.08,20.0,0.0,null,"[3644.93333333, 3644.93333333]",4.0,gabors,"[20.0, 20.0]",null,0.8,0.25020074,50,,,0,,False,10,train,0
2077,0.0,603.91361,604.16382,0.0,0.08,30.0,-40.0,null,"[3644.93333333, 3644.93333333]",4.0,gabors,"[20.0, 20.0]",null,0.8,0.25020926,168,,,0,,False,10,train,0
2078,0.0,604.16382,604.41403,0.0,0.08,-40.0,-10.0,null,"[3644.93333333, 3644.93333333]",4.0,gabors,"[20.0, 20.0]",null,0.8,0.25020926,20,,,0,,False,7,train,0
2079,0.0,604.41403,604.66424,45.0,0.08,-30.0,30.0,null,"[3644.93333333, 3644.93333333]",4.0,gabors,"[20.0, 20.0]",null,0.8,0.25020926,207,,,0,,False,7,train,1
2080,0.0,604.66424,604.91445,90.0,0.08,-10.0,30.0,null,"[3644.93333333, 3644.93333333]",4.0,gabors,"[20.0, 20.0]",null,0.8,0.25020926,200,,,0,,False,9,train,2
2081,0.0,604.91445,605.16466,0.0,0.08,-30.0,0.0,null,"[3644.93333333, 3644.93333333]",4.0,gabors,"[20.0, 20.0]",null,0.8,0.25021074,226,,,0,,False,8,test,0
2082,0.0,605.16466,605.41487,0.0,0.08,10.0,-20.0,null,"[3644.93333333, 3644.93333333]",4.0,gabors,"[20.0, 20.0]",null,0.8,0.25021074,109,,,0,,False,5,test,0
2083,0.0,605.41487,605.66508,90.0,0.08,20.0,0.0,null,"[3644.93333333, 3644.93333333]",4.0,gabors,"[20.0, 20.0]",null,0.8,0.25021074,138,,,0,,False,8,test,2
2084,0.0,605.66508,605.91529,90.0,0.08,-30.0,-20.0,null,"[3644.93333333, 3644.93333333]",4.0,gabors,"[20.0, 20.0]",null,0.8,0.25021074,111,,,0,,False,8,test,2
2085,0.0,605.91529,606.1655,0.0,0.08,40.0,-40.0,null,"[3644.93333333, 3644.93333333]",4.0,gabors,"[20.0, 20.0]",null,0.8,0.25021176,62,,,0,,False,9,train,0
2086,0.0,606.1655,606.41571,0.0,0.08,30.0,0.0,null,"[3644.93333333, 3644.93333333]",4.0,gabors,"[20.0, 20.0]",null,0.8,0.25021176,66,,,0,,False,9,train,0
2087,0.0,606.41571,606.66593,45.0,0.08,30.0,0.0,null,"[3644.93333333, 3644.93333333]",4.0,gabors,"[20.0, 20.0]",null,0.8,0.25021176,102,,,0,,False,6,train,1
2088,0.0,606.66593,606.91614,90.0,0.08,40.0,-40.0,null,"[3644.93333333, 3644.93333333]",4.0,gabors,"[20.0, 20.0]",null,0.8,0.25021176,78,,,0,,False,8,test,2
2089,0.0,606.91614,607.16634,0.0,0.08,20.0,-40.0,null,"[3644.93333333, 3644.93333333]",4.0,gabors,"[20.0, 20.0]",null,0.8,0.25020574,69,,,0,,False,6,train,0
2090,0.0,607.16634,607.41655,45.0,0.08,-40.0,20.0,null,"[3644.93333333, 3644.93333333]",4.0,gabors,"[20.0, 20.0]",null,0.8,0.25020574,145,,,0,,False,9,train,1
2091,0.0,607.41655,607.66676,45.0,0.08,-40.0,30.0,null,"[3644.93333333, 3644.93333333]",4.0,gabors,"[20.0, 20.0]",null,0.8,0.25020574,68,,,0,,False,7,train,1
2092,0.0,607.66676,607.91696,90.0,0.08,40.0,-20.0,null,"[3644.93333333, 3644.93333333]",4.0,gabors,"[20.0, 20.0]",null,0.8,0.25020574,60,,,0,,False,8,test,2
2093,0.0,607.91696,608.16717,45.0,0.08,0.0,-40.0,null,"[3644.93333333, 3644.93333333]",4.0,gabors,"[20.0, 20.0]",null,0.8,0.25020676,225,,,0,,False,9,train,1
2094,0.0,608.16717,608.41737,90.0,0.08,-20.0,20.0,null,"[3644.93333333, 3644.93333333]",4.0,gabors,"[20.0, 20.0]",null,0.8,0.25020676,242,,,0,,False,1,train,2
2095,0.0,608.41737,608.66758,45.0,0.08,-10.0,40.0,null,"[3644.93333333, 3644.93333333]",4.0,gabors,"[20.0, 20.0]",null,0.8,0.25020676,48,,,0,,False,11,test,1
2096,0.0,608.66758,608.91779,45.0,0.08,20.0,0.0,null,"[3644.93333333, 3644.93333333]",4.0,gabors,"[20.0, 20.0]",null,0.8,0.25020676,143,,,0,,False,7,train,1
2097,0.0,608.91779,609.168,90.0,0.08,30.0,0.0,null,"[3644.93333333, 3644.93333333]",4.0,gabors,"[20.0, 20.0]",null,0.8,0.25020824,113,,,0,,False,10,train,2
2098,0.0,609.168,609.4182,90.0,0.08,-10.0,10.0,null,"[3644.93333333, 3644.93333333]",4.0,gabors,"[20.0, 20.0]",null,0.8,0.25020824,169,,,0,,False,10,train,2
2099,0.0,609.4182,609.66841,0.0,0.08,-10.0,-10.0,null,"[3644.93333333, 3644.93333333]",4.0,gabors,"[20.0, 20.0]",null,0.8,0.25020824,158,,,0,,False,6,train,0
2100,0.0,609.66841,609.91862,90.0,0.08,-30.0,10.0,null,"[3644.93333333, 3644.93333333]",4.0,gabors,"[20.0, 20.0]",null,0.8,0.25020824,61,,,0,,False,9,train,2
2101,0.0,609.91862,610.16883,45.0,0.08,40.0,-30.0,null,"[3644.93333333, 3644.93333333]",4.0,gabors,"[20.0, 20.0]",null,0.8,0.25020676,181,,,0,,False,8,test,1
2102,0.0,610.16883,610.41903,0.0,0.08,-40.0,20.0,null,"[3644.93333333, 3644.93333333]",4.0,gabors,"[20.0, 20.0]",null,0.8,0.25020676,106,,,0,,False,8,test,0
2103,0.0,610.41903,610.66924,0.0,0.08,-20.0,40.0,null,"[3644.93333333, 3644.93333333]",4.0,gabors,"[20.0, 20.0]",null,0.8,0.25020676,122,,,0,,False,10,train,0
2104,0.0,610.66924,610.91945,45.0,0.08,20.0,10.0,null,"[3644.93333333, 3644.93333333]",4.0,gabors,"[20.0, 20.0]",null,0.8,0.25020676,108,,,0,,False,7,train,1
2105,0.0,610.91945,611.16966,0.0,0.08,10.0,30.0,null,"[3644.93333333, 3644.93333333]",4.0,gabors,"[20.0, 20.0]",null,0.8,0.25021324,43,,,0,,False,10,train,0
2106,0.0,611.16966,611.41987,45.0,0.08,20.0,-30.0,null,"[3644.93333333, 3644.93333333]",4.0,gabors,"[20.0, 20.0]",null,0.8,0.25021324,159,,,0,,False,7,train,1
2107,0.0,611.41987,611.67009,90.0,0.08,0.0,-40.0,null,"[3644.93333333, 3644.93333333]",4.0,gabors,"[20.0, 20.0]",null,0.8,0.25021324,173,,,0,,False,8,test,2
2108,0.0,611.67009,611.9203,45.0,0.08,10.0,20.0,null,"[3644.93333333, 3644.93333333]",4.0,gabors,"[20.0, 20.0]",null,0.8,0.25021324,41,,,0,,False,9,train,1
2109,0.0,611.9203,612.17051,0.0,0.08,20.0,-30.0,null,"[3644.93333333, 3644.93333333]",4.0,gabors,"[20.0, 20.0]",null,0.8,0.25020676,22,,,0,,False,10,train,0
2110,0.0,612.17051,612.42071,0.0,0.08,0.0,30.0,null,"[3644.93333333, 3644.93333333]",4.0,gabors,"[20.0, 20.0]",null,0.8,0.25020676,203,,,0,,False,5,test,0
2111,0.0,612.42071,612.67092,90.0,0.08,0.0,30.0,null,"[3644.93333333, 3644.93333333]",4.0,gabors,"[20.0, 20.0]",null,0.8,0.25020676,10,,,0,,False,10,train,2
2112,0.0,612.67092,612.92113,90.0,0.08,-10.0,40.0,null,"[3644.93333333, 3644.93333333]",4.0,gabors,"[20.0, 20.0]",null,0.8,0.25020676,27,,,0,,False,9,train,2
2113,0.0,612.92113,613.17134,45.0,0.08,40.0,10.0,null,"[3644.93333333, 3644.93333333]",4.0,gabors,"[20.0, 20.0]",null,0.8,0.25021324,121,,,0,,False,10,train,1
2114,0.0,613.17134,613.42155,90.0,0.08,-20.0,30.0,null,"[3644.93333333, 3644.93333333]",4.0,gabors,"[20.0, 20.0]",null,0.8,0.25021324,124,,,0,,False,8,test,2
2115,0.0,613.42155,613.67177,45.0,0.08,-20.0,-10.0,null,"[3644.93333333, 3644.93333333]",4.0,gabors,"[20.0, 20.0]",null,0.8,0.25021324,107,,,0,,False,8,test,1
2116,0.0,613.67177,613.92198,90.0,0.08,-30.0,-20.0,null,"[3644.93333333, 3644.93333333]",4.0,gabors,"[20.0, 20.0]",null,0.8,0.25021324,111,,,0,,False,9,train,2
2117,0.0,613.92198,614.1722,90.0,0.08,0.0,0.0,null,"[3644.93333333, 3644.93333333]",4.0,gabors,"[20.0, 20.0]",null,0.8,0.25021426,88,,,0,,False,6,train,2
2118,0.0,614.1722,614.42241,45.0,0.08,10.0,30.0,null,"[3644.93333333, 3644.93333333]",4.0,gabors,"[20.0, 20.0]",null,0.8,0.25021426,209,,,0,,False,10,train,1
2119,0.0,614.42241,614.67262,90.0,0.08,10.0,10.0,null,"[3644.93333333, 3644.93333333]",4.0,gabors,"[20.0, 20.0]",null,0.8,0.25021426,237,,,0,,False,5,test,2
2120,0.0,614.67262,614.92284,45.0,0.08,0.0,0.0,null,"[3644.93333333, 3644.93333333]",4.0,gabors,"[20.0, 20.0]",null,0.8,0.25021426,32,,,0,,False,8,test,1
2121,0.0,614.92284,615.17304,45.0,0.08,0.0,0.0,null,"[3644.93333333, 3644.93333333]",4.0,gabors,"[20.0, 20.0]",null,0.8,0.25020074,32,,,0,,False,9,train,1
2122,0.0,615.17304,615.42324,90.0,0.08,20.0,0.0,null,"[3644.93333333, 3644.93333333]",4.0,gabors,"[20.0, 20.0]",null,0.8,0.25020074,138,,,0,,False,9,train,2
2123,0.0,615.42324,615.67344,0.0,0.08,-20.0,40.0,null,"[3644.93333333, 3644.93333333]",4.0,gabors,"[20.0, 20.0]",null,0.8,0.25020074,122,,,0,,False,11,test,0
2124,0.0,615.67344,615.92364,90.0,0.08,30.0,40.0,null,"[3644.93333333, 3644.93333333]",4.0,gabors,"[20.0, 20.0]",null,0.8,0.25020074,4,,,0,,False,11,test,2
2125,0.0,615.92364,616.17385,0.0,0.08,-10.0,-10.0,null,"[3644.93333333, 3644.93333333]",4.0,gabors,"[20.0, 20.0]",null,0.8,0.25020926,158,,,0,,False,7,train,0
2126,0.0,616.17385,616.42406,0.0,0.08,40.0,-10.0,null,"[3644.93333333, 3644.93333333]",4.0,gabors,"[20.0, 20.0]",null,0.8,0.25020926,100,,,0,,False,12,train,0
2127,0.0,616.42406,616.67427,45.0,0.08,40.0,20.0,null,"[3644.93333333, 3644.93333333]",4.0,gabors,"[20.0, 20.0]",null,0.8,0.25020926,105,,,0,,False,7,train,1
2128,0.0,616.67427,616.92448,45.0,0.08,10.0,-10.0,null,"[3644.93333333, 3644.93333333]",4.0,gabors,"[20.0, 20.0]",null,0.8,0.25020926,94,,,0,,False,10,train,1
2129,0.0,616.92448,617.17469,45.0,0.08,-10.0,-20.0,null,"[3644.93333333, 3644.93333333]",4.0,gabors,"[20.0, 20.0]",null,0.8,0.25020824,197,,,0,,False,7,train,1
2130,0.0,617.17469,617.42489,45.0,0.08,10.0,-40.0,null,"[3644.93333333, 3644.93333333]",4.0,gabors,"[20.0, 20.0]",null,0.8,0.25020824,73,,,0,,False,9,train,1
2131,0.0,617.42489,617.6751,90.0,0.08,40.0,-20.0,null,"[3644.93333333, 3644.93333333]",4.0,gabors,"[20.0, 20.0]",null,0.8,0.25020824,60,,,0,,False,9,train,2
2132,0.0,617.6751,617.92531,45.0,0.08,0.0,20.0,null,"[3644.93333333, 3644.93333333]",4.0,gabors,"[20.0, 20.0]",null,0.8,0.25020824,18,,,0,,False,9,train,1
2133,0.0,617.92531,618.17553,90.0,0.08,0.0,20.0,null,"[3644.93333333, 3644.93333333]",4.0,gabors,"[20.0, 20.0]",null,0.8,0.25021426,85,,,0,,False,12,train,2
2134,0.0,618.17553,618.42574,0.0,0.08,-20.0,-30.0,null,"[3644.93333333, 3644.93333333]",4.0,gabors,"[20.0, 20.0]",null,0.8,0.25021426,54,,,0,,False,7,train,0
2135,0.0,618.42574,618.67595,45.0,0.08,20.0,40.0,null,"[3644.93333333, 3644.93333333]",4.0,gabors,"[20.0, 20.0]",null,0.8,0.25021426,24,,,0,,False,5,test,1
2136,0.0,618.67595,618.92617,0.0,0.08,0.0,30.0,null,"[3644.93333333, 3644.93333333]",4.0,gabors,"[20.0, 20.0]",null,0.8,0.25021426,203,,,0,,False,6,train,0
2137,0.0,618.92617,619.17637,45.0,0.08,30.0,40.0,null,"[3644.93333333, 3644.93333333]",4.0,gabors,"[20.0, 20.0]",null,0.8,0.25020574,224,,,0,,False,6,train,1
2138,0.0,619.17637,619.42658,0.0,0.08,30.0,-40.0,null,"[3644.93333333, 3644.93333333]",4.0,gabors,"[20.0, 20.0]",null,0.8,0.25020574,168,,,0,,False,11,test,0
2139,0.0,619.42658,619.67679,45.0,0.08,-40.0,30.0,null,"[3644.93333333, 3644.93333333]",4.0,gabors,"[20.0, 20.0]",null,0.8,0.25020574,68,,,0,,False,8,test,1
2140,0.0,619.67679,619.92699,0.0,0.08,40.0,40.0,null,"[3644.93333333, 3644.93333333]",4.0,gabors,"[20.0, 20.0]",null,0.8,0.25020574,202,,,0,,False,6,train,0
2141,0.0,619.92699,620.1772,0.0,0.08,10.0,10.0,null,"[3644.93333333, 3644.93333333]",4.0,gabors,"[20.0, 20.0]",null,0.8,0.25020926,79,,,0,,False,7,train,0
2142,0.0,620.1772,620.42741,45.0,0.08,-20.0,10.0,null,"[3644.93333333, 3644.93333333]",4.0,gabors,"[20.0, 20.0]",null,0.8,0.25020926,213,,,0,,False,7,train,1
2143,0.0,620.42741,620.67762,45.0,0.08,-10.0,-20.0,null,"[3644.93333333, 3644.93333333]",4.0,gabors,"[20.0, 20.0]",null,0.8,0.25020926,197,,,0,,False,8,test,1
2144,0.0,620.67762,620.92783,45.0,0.08,20.0,10.0,null,"[3644.93333333, 3644.93333333]",4.0,gabors,"[20.0, 20.0]",null,0.8,0.25020926,108,,,0,,False,8,test,1
2145,0.0,620.92783,621.17804,90.0,0.08,-10.0,-30.0,null,"[3644.93333333, 3644.93333333]",4.0,gabors,"[20.0, 20.0]",null,0.8,0.25021074,133,,,0,,False,11,test,2
2146,0.0,621.17804,621.42825,90.0,0.08,10.0,10.0,null,"[3644.93333333, 3644.93333333]",4.0,gabors,"[20.0, 20.0]",null,0.8,0.25021074,237,,,0,,False,6,train,2
2147,0.0,621.42825,621.67846,0.0,0.08,30.0,-10.0,null,"[3644.93333333, 3644.93333333]",4.0,gabors,"[20.0, 20.0]",null,0.8,0.25021074,149,,,0,,False,7,train,0
2148,0.0,621.67846,621.92867,90.0,0.08,-30.0,10.0,null,"[3644.93333333, 3644.93333333]",4.0,gabors,"[20.0, 20.0]",null,0.8,0.25021074,61,,,0,,False,10,train,2
2149,0.0,621.92867,622.17889,0.0,0.08,-40.0,30.0,null,"[3644.93333333, 3644.93333333]",4.0,gabors,"[20.0, 20.0]",null,0.8,0.25021426,129,,,0,,False,9,train,0
2150,0.0,622.17889,622.4291,45.0,0.08,0.0,30.0,null,"[3644.93333333, 3644.93333333]",4.0,gabors,"[20.0, 20.0]",null,0.8,0.25021426,193,,,0,,False,7,train,1
2151,0.0,622.4291,622.67931,90.0,0.08,-20.0,-30.0,null,"[3644.93333333, 3644.93333333]",4.0,gabors,"[20.0, 20.0]",null,0.8,0.25021426,161,,,0,,False,7,train,2
2152,0.0,622.67931,622.92953,45.0,0.08,-30.0,-30.0,null,"[3644.93333333, 3644.93333333]",4.0,gabors,"[20.0, 20.0]",null,0.8,0.25021426,82,,,0,,False,7,train,1
2153,0.0,622.92953,623.17973,0.0,0.08,-10.0,-20.0,null,"[3644.93333333, 3644.93333333]",4.0,gabors,"[20.0, 20.0]",null,0.8,0.25020324,187,,,0,,False,8,test,0
2154,0.0,623.17973,623.42993,0.0,0.08,-10.0,40.0,null,"[3644.93333333, 3644.93333333]",4.0,gabors,"[20.0, 20.0]",null,0.8,0.25020324,234,,,0,,False,4,train,0
2155,0.0,623.42993,623.68014,90.0,0.08,-40.0,-40.0,null,"[3644.93333333, 3644.93333333]",4.0,gabors,"[20.0, 20.0]",null,0.8,0.25020324,196,,,0,,False,10,train,2
2156,0.0,623.68014,623.93034,90.0,0.08,10.0,0.0,null,"[3644.93333333, 3644.93333333]",4.0,gabors,"[20.0, 20.0]",null,0.8,0.25020324,97,,,0,,False,11,test,2
2157,0.0,623.93034,624.18056,45.0,0.08,20.0,-30.0,null,"[3644.93333333, 3644.93333333]",4.0,gabors,"[20.0, 20.0]",null,0.8,0.25021426,159,,,0,,False,8,test,1
2158,0.0,624.18056,624.43077,0.0,0.08,-30.0,-30.0,null,"[3644.93333333, 3644.93333333]",4.0,gabors,"[20.0, 20.0]",null,0.8,0.25021426,192,,,0,,False,9,train,0
2159,0.0,624.43077,624.68098,45.0,0.08,20.0,40.0,null,"[3644.93333333, 3644.93333333]",4.0,gabors,"[20.0, 20.0]",null,0.8,0.25021426,24,,,0,,False,6,train,1
2160,0.0,624.68098,624.9312,0.0,0.08,-30.0,10.0,null,"[3644.93333333, 3644.93333333]",4.0,gabors,"[20.0, 20.0]",null,0.8,0.25021426,150,,,0,,False,8,test,0
2161,0.0,624.9312,625.1814,90.0,0.08,10.0,-10.0,null,"[3644.93333333, 3644.93333333]",4.0,gabors,"[20.0, 20.0]",null,0.8,0.25020324,3,,,0,,False,8,test,2
2162,0.0,625.1814,625.4316,0.0,0.08,-40.0,10.0,null,"[3644.93333333, 3644.93333333]",4.0,gabors,"[20.0, 20.0]",null,0.8,0.25020324,205,,,0,,False,7,train,0
2163,0.0,625.4316,625.68181,45.0,0.08,0.0,30.0,null,"[3644.93333333, 3644.93333333]",4.0,gabors,"[20.0, 20.0]",null,0.8,0.25020324,193,,,0,,False,8,test,1
2164,0.0,625.68181,625.93201,90.0,0.08,20.0,20.0,null,"[3644.93333333, 3644.93333333]",4.0,gabors,"[20.0, 20.0]",null,0.8,0.25020324,35,,,0,,False,8,test,2
2165,0.0,625.93201,626.18223,90.0,0.08,20.0,10.0,null,"[3644.93333333, 3644.93333333]",4.0,gabors,"[20.0, 20.0]",null,0.8,0.25021426,130,,,0,,False,9,train,2
2166,0.0,626.18223,626.43244,90.0,0.08,0.0,0.0,null,"[3644.93333333, 3644.93333333]",4.0,gabors,"[20.0, 20.0]",null,0.8,0.25021426,88,,,0,,False,7,train,2
2167,0.0,626.43244,626.68265,0.0,0.08,0.0,0.0,null,"[3644.93333333, 3644.93333333]",4.0,gabors,"[20.0, 20.0]",null,0.8,0.25021426,240,,,0,,False,8,test,0
2168,0.0,626.68265,626.93287,45.0,0.08,30.0,0.0,null,"[3644.93333333, 3644.93333333]",4.0,gabors,"[20.0, 20.0]",null,0.8,0.25021426,102,,,0,,False,7,train,1
2169,0.0,626.93287,627.18307,90.0,0.08,20.0,40.0,null,"[3644.93333333, 3644.93333333]",4.0,gabors,"[20.0, 20.0]",null,0.8,0.25020574,180,,,0,,False,6,train,2
2170,0.0,627.18307,627.43328,0.0,0.08,-20.0,0.0,null,"[3644.93333333, 3644.93333333]",4.0,gabors,"[20.0, 20.0]",null,0.8,0.25020574,15,,,0,,False,7,train,0
2171,0.0,627.43328,627.68349,45.0,0.08,-10.0,-30.0,null,"[3644.93333333, 3644.93333333]",4.0,gabors,"[20.0, 20.0]",null,0.8,0.25020574,83,,,0,,False,9,train,1
2172,0.0,627.68349,627.93369,0.0,0.08,-30.0,30.0,null,"[3644.93333333, 3644.93333333]",4.0,gabors,"[20.0, 20.0]",null,0.8,0.25020574,218,,,0,,False,8,test,0
2173,0.0,627.93369,628.18391,0.0,0.08,10.0,40.0,null,"[3644.93333333, 3644.93333333]",4.0,gabors,"[20.0, 20.0]",null,0.8,0.25021426,9,,,0,,False,11,test,0
2174,0.0,628.18391,628.43412,45.0,0.08,-30.0,-40.0,null,"[3644.93333333, 3644.93333333]",4.0,gabors,"[20.0, 20.0]",null,0.8,0.25021426,70,,,0,,False,7,train,1
2175,0.0,628.43412,628.68433,45.0,0.08,-30.0,-40.0,null,"[3644.93333333, 3644.93333333]",4.0,gabors,"[20.0, 20.0]",null,0.8,0.25021426,70,,,0,,False,8,test,1
2176,0.0,628.68433,628.93455,90.0,0.08,-30.0,-20.0,null,"[3644.93333333, 3644.93333333]",4.0,gabors,"[20.0, 20.0]",null,0.8,0.25021426,111,,,0,,False,10,train,2
2177,0.0,628.93455,629.18475,45.0,0.08,-40.0,10.0,null,"[3644.93333333, 3644.93333333]",4.0,gabors,"[20.0, 20.0]",null,0.8,0.25020074,16,,,0,,False,9,train,1
2178,0.0,629.18475,629.43495,45.0,0.08,30.0,10.0,null,"[3644.93333333, 3644.93333333]",4.0,gabors,"[20.0, 20.0]",null,0.8,0.25020074,58,,,0,,False,8,test,1
2179,0.0,629.43495,629.68515,90.0,0.08,0.0,30.0,null,"[3644.93333333, 3644.93333333]",4.0,gabors,"[20.0, 20.0]",null,0.8,0.25020074,10,,,0,,False,11,test,2
2180,0.0,629.68515,629.93535,0.0,0.08,0.0,30.0,null,"[3644.93333333, 3644.93333333]",4.0,gabors,"[20.0, 20.0]",null,0.8,0.25020074,203,,,0,,False,7,train,0
2181,0.0,629.93535,630.18556,90.0,0.08,10.0,10.0,null,"[3644.93333333, 3644.93333333]",4.0,gabors,"[20.0, 20.0]",null,0.8,0.25020426,237,,,0,,False,7,train,2
2182,0.0,630.18556,630.43576,0.0,0.08,10.0,0.0,null,"[3644.93333333, 3644.93333333]",4.0,gabors,"[20.0, 20.0]",null,0.8,0.25020426,132,,,0,,False,7,train,0
2183,0.0,630.43576,630.68596,0.0,0.08,20.0,40.0,null,"[3644.93333333, 3644.93333333]",4.0,gabors,"[20.0, 20.0]",null,0.8,0.25020426,151,,,0,,False,8,test,0
2184,0.0,630.68596,630.93617,0.0,0.08,-30.0,0.0,null,"[3644.93333333, 3644.93333333]",4.0,gabors,"[20.0, 20.0]",null,0.8,0.25020426,226,,,0,,False,9,train,0
2185,0.0,630.93617,631.18639,45.0,0.08,20.0,-20.0,null,"[3644.93333333, 3644.93333333]",4.0,gabors,"[20.0, 20.0]",null,0.8,0.25021824,229,,,0,,False,8,test,1
2186,0.0,631.18639,631.4366,90.0,0.08,40.0,-10.0,null,"[3644.93333333, 3644.93333333]",4.0,gabors,"[20.0, 20.0]",null,0.8,0.25021824,127,,,0,,False,4,train,2
2187,0.0,631.4366,631.68682,0.0,0.08,-40.0,-40.0,null,"[3644.93333333, 3644.93333333]",4.0,gabors,"[20.0, 20.0]",null,0.8,0.25021824,52,,,0,,False,9,train,0
2188,0.0,631.68682,631.93704,0.0,0.08,-20.0,40.0,null,"[3644.93333333, 3644.93333333]",4.0,gabors,"[20.0, 20.0]",null,0.8,0.25021824,122,,,0,,False,12,train,0
2189,0.0,631.93704,632.18725,90.0,0.08,30.0,10.0,null,"[3644.93333333, 3644.93333333]",4.0,gabors,"[20.0, 20.0]",null,0.8,0.25021176,204,,,0,,False,10,train,2
2190,0.0,632.18725,632.43746,0.0,0.08,20.0,-40.0,null,"[3644.93333333, 3644.93333333]",4.0,gabors,"[20.0, 20.0]",null,0.8,0.25021176,69,,,0,,False,7,train,0
2191,0.0,632.43746,632.68768,45.0,0.08,10.0,-30.0,null,"[3644.93333333, 3644.93333333]",4.0,gabors,"[20.0, 20.0]",null,0.8,0.25021176,72,,,0,,False,7,train,1
2192,0.0,632.68768,632.93789,45.0,0.08,40.0,30.0,null,"[3644.93333333, 3644.93333333]",4.0,gabors,"[20.0, 20.0]",null,0.8,0.25021176,1,,,0,,False,7,train,1
2193,0.0,632.93789,633.1881,90.0,0.08,40.0,-40.0,null,"[3644.93333333, 3644.93333333]",4.0,gabors,"[20.0, 20.0]",null,0.8,0.25020824,78,,,0,,False,9,train,2
2194,0.0,633.1881,633.4383,45.0,0.08,10.0,20.0,null,"[3644.93333333, 3644.93333333]",4.0,gabors,"[20.0, 20.0]",null,0.8,0.25020824,41,,,0,,False,10,train,1
2195,0.0,633.4383,633.68851,90.0,0.08,10.0,40.0,null,"[3644.93333333, 3644.93333333]",4.0,gabors,"[20.0, 20.0]",null,0.8,0.25020824,135,,,0,,False,9,train,2
2196,0.0,633.68851,633.93872,90.0,0.08,-30.0,-30.0,null,"[3644.93333333, 3644.93333333]",4.0,gabors,"[20.0, 20.0]",null,0.8,0.25020824,175,,,0,,False,3,train,2
2197,0.0,633.93872,634.18893,0.0,0.08,10.0,-30.0,null,"[3644.93333333, 3644.93333333]",4.0,gabors,"[20.0, 20.0]",null,0.8,0.25020926,148,,,0,,False,8,test,0
2198,0.0,634.18893,634.43914,45.0,0.08,20.0,0.0,null,"[3644.93333333, 3644.93333333]",4.0,gabors,"[20.0, 20.0]",null,0.8,0.25020926,143,,,0,,False,8,test,1
2199,0.0,634.43914,634.68935,90.0,0.08,20.0,-20.0,null,"[3644.93333333, 3644.93333333]",4.0,gabors,"[20.0, 20.0]",null,0.8,0.25020926,232,,,0,,False,6,train,2
2200,0.0,634.68935,634.93956,90.0,0.08,10.0,0.0,null,"[3644.93333333, 3644.93333333]",4.0,gabors,"[20.0, 20.0]",null,0.8,0.25020926,97,,,0,,False,12,train,2
2201,0.0,634.93956,635.18976,90.0,0.08,0.0,-10.0,null,"[3644.93333333, 3644.93333333]",4.0,gabors,"[20.0, 20.0]",null,0.8,0.25020574,49,,,0,,False,8,test,2
2202,0.0,635.18976,635.43997,45.0,0.08,40.0,40.0,null,"[3644.93333333, 3644.93333333]",4.0,gabors,"[20.0, 20.0]",null,0.8,0.25020574,165,,,0,,False,7,train,1
2203,0.0,635.43997,635.69018,90.0,0.08,-10.0,40.0,null,"[3644.93333333, 3644.93333333]",4.0,gabors,"[20.0, 20.0]",null,0.8,0.25020574,27,,,0,,False,10,train,2
2204,0.0,635.69018,635.94038,90.0,0.08,-20.0,20.0,null,"[3644.93333333, 3644.93333333]",4.0,gabors,"[20.0, 20.0]",null,0.8,0.25020574,242,,,0,,False,2,test,2
2205,0.0,635.94038,636.1906,0.0,0.08,30.0,-20.0,null,"[3644.93333333, 3644.93333333]",4.0,gabors,"[20.0, 20.0]",null,0.8,0.25021926,194,,,0,,False,10,train,0
2206,0.0,636.1906,636.44082,90.0,0.08,40.0,30.0,null,"[3644.93333333, 3644.93333333]",4.0,gabors,"[20.0, 20.0]",null,0.8,0.25021926,75,,,0,,False,11,test,2
2207,0.0,636.44082,636.69104,0.0,0.08,-20.0,0.0,null,"[3644.93333333, 3644.93333333]",4.0,gabors,"[20.0, 20.0]",null,0.8,0.25021926,15,,,0,,False,8,test,0
2208,0.0,636.69104,636.94126,0.0,0.08,20.0,-40.0,null,"[3644.93333333, 3644.93333333]",4.0,gabors,"[20.0, 20.0]",null,0.8,0.25021926,69,,,0,,False,8,test,0
2209,0.0,636.94126,637.19146,45.0,0.08,30.0,40.0,null,"[3644.93333333, 3644.93333333]",4.0,gabors,"[20.0, 20.0]",null,0.8,0.25019824,224,,,0,,False,7,train,1
2210,0.0,637.19146,637.44165,45.0,0.08,-40.0,10.0,null,"[3644.93333333, 3644.93333333]",4.0,gabors,"[20.0, 20.0]",null,0.8,0.25019824,16,,,0,,False,10,train,1
2211,0.0,637.44165,637.69185,0.0,0.08,10.0,0.0,null,"[3644.93333333, 3644.93333333]",4.0,gabors,"[20.0, 20.0]",null,0.8,0.25019824,132,,,0,,False,8,test,0
2212,0.0,637.69185,637.94205,90.0,0.08,40.0,0.0,null,"[3644.93333333, 3644.93333333]",4.0,gabors,"[20.0, 20.0]",null,0.8,0.25019824,144,,,0,,False,8,test,2
2213,0.0,637.94205,638.19226,0.0,0.08,40.0,0.0,null,"[3644.93333333, 3644.93333333]",4.0,gabors,"[20.0, 20.0]",null,0.8,0.25020926,206,,,0,,False,10,train,0
2214,0.0,638.19226,638.44247,45.0,0.08,0.0,-30.0,null,"[3644.93333333, 3644.93333333]",4.0,gabors,"[20.0, 20.0]",null,0.8,0.25020926,241,,,0,,False,9,train,1
2215,0.0,638.44247,638.69268,45.0,0.08,-20.0,0.0,null,"[3644.93333333, 3644.93333333]",4.0,gabors,"[20.0, 20.0]",null,0.8,0.25020926,34,,,0,,False,9,train,1
2216,0.0,638.69268,638.94289,45.0,0.08,0.0,-20.0,null,"[3644.93333333, 3644.93333333]",4.0,gabors,"[20.0, 20.0]",null,0.8,0.25020926,198,,,0,,False,6,train,1
2217,0.0,638.94289,639.1931,90.0,0.08,-40.0,-30.0,null,"[3644.93333333, 3644.93333333]",4.0,gabors,"[20.0, 20.0]",null,0.8,0.25021324,56,,,0,,False,8,test,2
2218,0.0,639.1931,639.44331,90.0,0.08,-20.0,0.0,null,"[3644.93333333, 3644.93333333]",4.0,gabors,"[20.0, 20.0]",null,0.8,0.25021324,171,,,0,,False,8,test,2
2219,0.0,639.44331,639.69353,0.0,0.08,40.0,-20.0,null,"[3644.93333333, 3644.93333333]",4.0,gabors,"[20.0, 20.0]",null,0.8,0.25021324,164,,,0,,False,8,test,0
2220,0.0,639.69353,639.94374,0.0,0.08,-40.0,-10.0,null,"[3644.93333333, 3644.93333333]",4.0,gabors,"[20.0, 20.0]",null,0.8,0.25021324,20,,,0,,False,8,test,0
2221,0.0,639.94374,640.19395,0.0,0.08,-40.0,10.0,null,"[3644.93333333, 3644.93333333]",4.0,gabors,"[20.0, 20.0]",null,0.8,0.25020926,205,,,0,,False,8,test,0
2222,0.0,640.19395,640.44416,0.0,0.08,-40.0,20.0,null,"[3644.93333333, 3644.93333333]",4.0,gabors,"[20.0, 20.0]",null,0.8,0.25020926,106,,,0,,False,9,train,0
2223,0.0,640.44416,640.69437,0.0,0.08,20.0,20.0,null,"[3644.93333333, 3644.93333333]",4.0,gabors,"[20.0, 20.0]",null,0.8,0.25020926,179,,,0,,False,6,train,0
2224,0.0,640.69437,640.94458,90.0,0.08,0.0,40.0,null,"[3644.93333333, 3644.93333333]",4.0,gabors,"[20.0, 20.0]",null,0.8,0.25020926,217,,,0,,False,5,test,2
2225,0.0,640.94458,641.19479,45.0,0.08,-40.0,0.0,null,"[3644.93333333, 3644.93333333]",4.0,gabors,"[20.0, 20.0]",null,0.8,0.25020824,208,,,0,,False,8,test,1
2226,0.0,641.19479,641.44499,90.0,0.08,0.0,-30.0,null,"[3644.93333333, 3644.93333333]",4.0,gabors,"[20.0, 20.0]",null,0.8,0.25020824,230,,,0,,False,8,test,2
2227,0.0,641.44499,641.6952,45.0,0.08,0.0,-10.0,null,"[3644.93333333, 3644.93333333]",4.0,gabors,"[20.0, 20.0]",null,0.8,0.25020824,191,,,0,,False,6,train,1
2228,0.0,641.6952,641.94541,45.0,0.08,30.0,0.0,null,"[3644.93333333, 3644.93333333]",4.0,gabors,"[20.0, 20.0]",null,0.8,0.25020824,102,,,0,,False,8,test,1
2229,0.0,641.94541,642.19563,45.0,0.08,-10.0,-30.0,null,"[3644.93333333, 3644.93333333]",4.0,gabors,"[20.0, 20.0]",null,0.8,0.25021426,83,,,0,,False,10,train,1
2230,0.0,642.19563,642.44584,0.0,0.08,30.0,10.0,null,"[3644.93333333, 3644.93333333]",4.0,gabors,"[20.0, 20.0]",null,0.8,0.25021426,5,,,0,,False,11,test,0
2231,0.0,642.44584,642.69605,0.0,0.08,-40.0,40.0,null,"[3644.93333333, 3644.93333333]",4.0,gabors,"[20.0, 20.0]",null,0.8,0.25021426,14,,,0,,False,8,test,0
2232,0.0,642.69605,642.94627,90.0,0.08,-10.0,0.0,null,"[3644.93333333, 3644.93333333]",4.0,gabors,"[20.0, 20.0]",null,0.8,0.25021426,142,,,0,,False,7,train,2
2233,0.0,642.94627,643.19647,90.0,0.08,0.0,-30.0,null,"[3644.93333333, 3644.93333333]",4.0,gabors,"[20.0, 20.0]",null,0.8,0.25020324,230,,,0,,False,9,train,2
2234,0.0,643.19647,643.44667,90.0,0.08,10.0,-40.0,null,"[3644.93333333, 3644.93333333]",4.0,gabors,"[20.0, 20.0]",null,0.8,0.25020324,77,,,0,,False,9,train,2
2235,0.0,643.44667,643.69688,45.0,0.08,-20.0,0.0,null,"[3644.93333333, 3644.93333333]",4.0,gabors,"[20.0, 20.0]",null,0.8,0.25020324,34,,,0,,False,10,train,1
2236,0.0,643.69688,643.94708,90.0,0.08,-10.0,-20.0,null,"[3644.93333333, 3644.93333333]",4.0,gabors,"[20.0, 20.0]",null,0.8,0.25020324,17,,,0,,False,9,train,2
2237,0.0,643.94708,644.19729,0.0,0.08,-20.0,10.0,null,"[3644.93333333, 3644.93333333]",4.0,gabors,"[20.0, 20.0]",null,0.8,0.25021176,182,,,0,,False,8,test,0
2238,0.0,644.19729,644.4475,45.0,0.08,-10.0,20.0,null,"[3644.93333333, 3644.93333333]",4.0,gabors,"[20.0, 20.0]",null,0.8,0.25021176,201,,,0,,False,5,test,1
2239,0.0,644.4475,644.69772,0.0,0.08,20.0,-30.0,null,"[3644.93333333, 3644.93333333]",4.0,gabors,"[20.0, 20.0]",null,0.8,0.25021176,22,,,0,,False,11,test,0
2240,0.0,644.69772,644.94793,45.0,0.08,30.0,-10.0,null,"[3644.93333333, 3644.93333333]",4.0,gabors,"[20.0, 20.0]",null,0.8,0.25021176,199,,,0,,False,10,train,1
2241,0.0,644.94793,645.19813,0.0,0.08,20.0,20.0,null,"[3644.93333333, 3644.93333333]",4.0,gabors,"[20.0, 20.0]",null,0.8,0.25020574,179,,,0,,False,7,train,0
2242,0.0,645.19813,645.44834,45.0,0.08,-20.0,-10.0,null,"[3644.93333333, 3644.93333333]",4.0,gabors,"[20.0, 20.0]",null,0.8,0.25020574,107,,,0,,False,9,train,1
2243,0.0,645.44834,645.69855,0.0,0.08,-10.0,-20.0,null,"[3644.93333333, 3644.93333333]",4.0,gabors,"[20.0, 20.0]",null,0.8,0.25020574,187,,,0,,False,9,train,0
2244,0.0,645.69855,645.94875,0.0,0.08,20.0,-20.0,null,"[3644.93333333, 3644.93333333]",4.0,gabors,"[20.0, 20.0]",null,0.8,0.25020574,112,,,0,,False,8,test,0
2245,0.0,645.94875,646.19897,90.0,0.08,-20.0,20.0,null,"[3644.93333333, 3644.93333333]",4.0,gabors,"[20.0, 20.0]",null,0.8,0.25021426,242,,,0,,False,3,train,2
2246,0.0,646.19897,646.44918,45.0,0.08,40.0,20.0,null,"[3644.93333333, 3644.93333333]",4.0,gabors,"[20.0, 20.0]",null,0.8,0.25021426,105,,,0,,False,8,test,1
2247,0.0,646.44918,646.69939,0.0,0.08,0.0,10.0,null,"[3644.93333333, 3644.93333333]",4.0,gabors,"[20.0, 20.0]",null,0.8,0.25021426,6,,,0,,False,10,train,0
2248,0.0,646.69939,646.94961,45.0,0.08,-10.0,30.0,null,"[3644.93333333, 3644.93333333]",4.0,gabors,"[20.0, 20.0]",null,0.8,0.25021426,178,,,0,,False,10,train,1
2249,0.0,646.94961,647.19981,0.0,0.08,-20.0,10.0,null,"[3644.93333333, 3644.93333333]",4.0,gabors,"[20.0, 20.0]",null,0.8,0.25020324,182,,,0,,False,9,train,0
2250,0.0,647.19981,647.45001,0.0,0.08,-30.0,20.0,null,"[3644.93333333, 3644.93333333]",4.0,gabors,"[20.0, 20.0]",null,0.8,0.25020324,227,,,0,,False,7,train,0
2251,0.0,647.45001,647.70022,45.0,0.08,-30.0,-30.0,null,"[3644.93333333, 3644.93333333]",4.0,gabors,"[20.0, 20.0]",null,0.8,0.25020324,82,,,0,,False,8,test,1
2252,0.0,647.70022,647.95042,0.0,0.08,-30.0,40.0,null,"[3644.93333333, 3644.93333333]",4.0,gabors,"[20.0, 20.0]",null,0.8,0.25020324,89,,,0,,False,11,test,0
2253,0.0,647.95042,648.20064,90.0,0.08,-20.0,-40.0,null,"[3644.93333333, 3644.93333333]",4.0,gabors,"[20.0, 20.0]",null,0.8,0.25021426,36,,,0,,False,13,train,2
2254,0.0,648.20064,648.45085,90.0,0.08,30.0,20.0,null,"[3644.93333333, 3644.93333333]",4.0,gabors,"[20.0, 20.0]",null,0.8,0.25021426,25,,,0,,False,10,train,2
2255,0.0,648.45085,648.70106,90.0,0.08,30.0,30.0,null,"[3644.93333333, 3644.93333333]",4.0,gabors,"[20.0, 20.0]",null,0.8,0.25021426,91,,,0,,False,9,train,2
2256,0.0,648.70106,648.95128,0.0,0.08,-40.0,40.0,null,"[3644.93333333, 3644.93333333]",4.0,gabors,"[20.0, 20.0]",null,0.8,0.25021426,14,,,0,,False,9,train,0
2257,0.0,648.95128,649.20148,0.0,0.08,20.0,40.0,null,"[3644.93333333, 3644.93333333]",4.0,gabors,"[20.0, 20.0]",null,0.8,0.25020324,151,,,0,,False,9,train,0
2258,0.0,649.20148,649.45168,45.0,0.08,20.0,20.0,null,"[3644.93333333, 3644.93333333]",4.0,gabors,"[20.0, 20.0]",null,0.8,0.25020324,167,,,0,,False,8,test,1
2259,0.0,649.45168,649.70189,0.0,0.08,30.0,30.0,null,"[3644.93333333, 3644.93333333]",4.0,gabors,"[20.0, 20.0]",null,0.8,0.25020324,114,,,0,,False,7,train,0
2260,0.0,649.70189,649.95209,90.0,0.08,-20.0,-10.0,null,"[3644.93333333, 3644.93333333]",4.0,gabors,"[20.0, 20.0]",null,0.8,0.25020324,51,,,0,,False,11,test,2
2261,0.0,649.95209,650.2023,45.0,0.08,-30.0,40.0,null,"[3644.93333333, 3644.93333333]",4.0,gabors,"[20.0, 20.0]",null,0.8,0.25020926,147,,,0,,False,7,train,1
2262,0.0,650.2023,650.45251,0.0,0.08,-40.0,-30.0,null,"[3644.93333333, 3644.93333333]",4.0,gabors,"[20.0, 20.0]",null,0.8,0.25020926,222,,,0,,False,9,train,0
2263,0.0,650.45251,650.70272,0.0,0.08,0.0,30.0,null,"[3644.93333333, 3644.93333333]",4.0,gabors,"[20.0, 20.0]",null,0.8,0.25020926,203,,,0,,False,8,test,0
2264,0.0,650.70272,650.95293,45.0,0.08,-10.0,-20.0,null,"[3644.93333333, 3644.93333333]",4.0,gabors,"[20.0, 20.0]",null,0.8,0.25020926,197,,,0,,False,9,train,1
2265,0.0,650.95293,651.20314,0.0,0.08,20.0,0.0,null,"[3644.93333333, 3644.93333333]",4.0,gabors,"[20.0, 20.0]",null,0.8,0.25021074,50,,,0,,False,11,test,0
2266,0.0,651.20314,651.45335,45.0,0.08,-30.0,0.0,null,"[3644.93333333, 3644.93333333]",4.0,gabors,"[20.0, 20.0]",null,0.8,0.25021074,212,,,0,,False,7,train,1
2267,0.0,651.45335,651.70356,90.0,0.08,-30.0,0.0,null,"[3644.93333333, 3644.93333333]",4.0,gabors,"[20.0, 20.0]",null,0.8,0.25021074,31,,,0,,False,10,train,2
2268,0.0,651.70356,651.95377,90.0,0.08,-20.0,40.0,null,"[3644.93333333, 3644.93333333]",4.0,gabors,"[20.0, 20.0]",null,0.8,0.25021074,116,,,0,,False,7,train,2
2269,0.0,651.95377,652.20398,0.0,0.08,-10.0,40.0,null,"[3644.93333333, 3644.93333333]",4.0,gabors,"[20.0, 20.0]",null,0.8,0.25020926,234,,,0,,False,5,test,0
2270,0.0,652.20398,652.45419,90.0,0.08,-20.0,-30.0,null,"[3644.93333333, 3644.93333333]",4.0,gabors,"[20.0, 20.0]",null,0.8,0.25020926,161,,,0,,False,8,test,2
2271,0.0,652.45419,652.7044,45.0,0.08,40.0,10.0,null,"[3644.93333333, 3644.93333333]",4.0,gabors,"[20.0, 20.0]",null,0.8,0.25020926,121,,,0,,False,11,test,1
2272,0.0,652.7044,652.95461,0.0,0.08,0.0,-10.0,null,"[3644.93333333, 3644.93333333]",4.0,gabors,"[20.0, 20.0]",null,0.8,0.25020926,99,,,0,,False,12,train,0
2273,0.0,652.95461,653.20481,45.0,0.08,0.0,-20.0,null,"[3644.93333333, 3644.93333333]",4.0,gabors,"[20.0, 20.0]",null,0.8,0.25020574,198,,,0,,False,7,train,1
2274,0.0,653.20481,653.45502,0.0,0.08,0.0,-10.0,null,"[3644.93333333, 3644.93333333]",4.0,gabors,"[20.0, 20.0]",null,0.8,0.25020574,99,,,0,,False,13,train,0
2275,0.0,653.45502,653.70523,90.0,0.08,-20.0,20.0,null,"[3644.93333333, 3644.93333333]",4.0,gabors,"[20.0, 20.0]",null,0.8,0.25020574,242,,,0,,False,4,train,2
2276,0.0,653.70523,653.95543,90.0,0.08,30.0,40.0,null,"[3644.93333333, 3644.93333333]",4.0,gabors,"[20.0, 20.0]",null,0.8,0.25020574,4,,,0,,False,12,train,2
2277,0.0,653.95543,654.20565,0.0,0.08,-20.0,20.0,null,"[3644.93333333, 3644.93333333]",4.0,gabors,"[20.0, 20.0]",null,0.8,0.25021426,239,,,0,,False,8,test,0
2278,0.0,654.20565,654.45586,90.0,0.08,40.0,-40.0,null,"[3644.93333333, 3644.93333333]",4.0,gabors,"[20.0, 20.0]",null,0.8,0.25021426,78,,,0,,False,10,train,2
2279,0.0,654.45586,654.70607,0.0,0.08,20.0,-20.0,null,"[3644.93333333, 3644.93333333]",4.0,gabors,"[20.0, 20.0]",null,0.8,0.25021426,112,,,0,,False,9,train,0
2280,0.0,654.70607,654.95629,45.0,0.08,20.0,30.0,null,"[3644.93333333, 3644.93333333]",4.0,gabors,"[20.0, 20.0]",null,0.8,0.25021426,146,,,0,,False,8,test,1
2281,0.0,654.95629,655.20649,0.0,0.08,-10.0,40.0,null,"[3644.93333333, 3644.93333333]",4.0,gabors,"[20.0, 20.0]",null,0.8,0.25020574,234,,,0,,False,6,train,0
2282,0.0,655.20649,655.4567,0.0,0.08,0.0,10.0,null,"[3644.93333333, 3644.93333333]",4.0,gabors,"[20.0, 20.0]",null,0.8,0.25020574,6,,,0,,False,11,test,0
2283,0.0,655.4567,655.70691,90.0,0.08,-20.0,-20.0,null,"[3644.93333333, 3644.93333333]",4.0,gabors,"[20.0, 20.0]",null,0.8,0.25020574,152,,,0,,False,11,test,2
2284,0.0,655.70691,655.95711,90.0,0.08,20.0,-20.0,null,"[3644.93333333, 3644.93333333]",4.0,gabors,"[20.0, 20.0]",null,0.8,0.25020574,232,,,0,,False,7,train,2
2285,0.0,655.95711,656.20733,90.0,0.08,30.0,-40.0,null,"[3644.93333333, 3644.93333333]",4.0,gabors,"[20.0, 20.0]",null,0.8,0.25021426,8,,,0,,False,8,test,2
2286,0.0,656.20733,656.45754,90.0,0.08,40.0,-40.0,null,"[3644.93333333, 3644.93333333]",4.0,gabors,"[20.0, 20.0]",null,0.8,0.25021426,78,,,0,,False,11,test,2
2287,0.0,656.45754,656.70775,45.0,0.08,-30.0,0.0,null,"[3644.93333333, 3644.93333333]",4.0,gabors,"[20.0, 20.0]",null,0.8,0.25021426,212,,,0,,False,8,test,1
2288,0.0,656.70775,656.95797,90.0,0.08,-30.0,-20.0,null,"[3644.93333333, 3644.93333333]",4.0,gabors,"[20.0, 20.0]",null,0.8,0.25021426,111,,,0,,False,11,test,2
2289,0.0,656.95797,657.20817,0.0,0.08,-20.0,10.0,null,"[3644.93333333, 3644.93333333]",4.0,gabors,"[20.0, 20.0]",null,0.8,0.25020574,182,,,0,,False,10,train,0
2290,0.0,657.20817,657.45838,45.0,0.08,0.0,-10.0,null,"[3644.93333333, 3644.93333333]",4.0,gabors,"[20.0, 20.0]",null,0.8,0.25020574,191,,,0,,False,7,train,1
2291,0.0,657.45838,657.70859,0.0,0.08,-10.0,40.0,null,"[3644.93333333, 3644.93333333]",4.0,gabors,"[20.0, 20.0]",null,0.8,0.25020574,234,,,0,,False,7,train,0
2292,0.0,657.70859,657.95879,45.0,0.08,40.0,30.0,null,"[3644.93333333, 3644.93333333]",4.0,gabors,"[20.0, 20.0]",null,0.8,0.25020574,1,,,0,,False,8,test,1
2293,0.0,657.95879,658.209,90.0,0.08,40.0,30.0,null,"[3644.93333333, 3644.93333333]",4.0,gabors,"[20.0, 20.0]",null,0.8,0.25020926,75,,,0,,False,12,train,2
2294,0.0,658.209,658.45921,0.0,0.08,-30.0,-20.0,null,"[3644.93333333, 3644.93333333]",4.0,gabors,"[20.0, 20.0]",null,0.8,0.25020926,214,,,0,,False,11,test,0
2295,0.0,658.45921,658.70942,0.0,0.08,-20.0,10.0,null,"[3644.93333333, 3644.93333333]",4.0,gabors,"[20.0, 20.0]",null,0.8,0.25020926,182,,,0,,False,11,test,0
2296,0.0,658.70942,658.95963,0.0,0.08,-20.0,20.0,null,"[3644.93333333, 3644.93333333]",4.0,gabors,"[20.0, 20.0]",null,0.8,0.25020926,239,,,0,,False,9,train,0
2297,0.0,658.95963,659.20984,45.0,0.08,-10.0,20.0,null,"[3644.93333333, 3644.93333333]",4.0,gabors,"[20.0, 20.0]",null,0.8,0.25020824,201,,,0,,False,6,train,1
2298,0.0,659.20984,659.46004,45.0,0.08,-40.0,30.0,null,"[3644.93333333, 3644.93333333]",4.0,gabors,"[20.0, 20.0]",null,0.8,0.25020824,68,,,0,,False,9,train,1
2299,0.0,659.46004,659.71025,0.0,0.08,0.0,-20.0,null,"[3644.93333333, 3644.93333333]",4.0,gabors,"[20.0, 20.0]",null,0.8,0.25020824,172,,,0,,False,11,test,0
2300,0.0,659.71025,659.96046,0.0,0.08,10.0,-20.0,null,"[3644.93333333, 3644.93333333]",4.0,gabors,"[20.0, 20.0]",null,0.8,0.25020824,109,,,0,,False,6,train,0
2301,0.0,659.96046,660.21066,0.0,0.08,-10.0,-40.0,null,"[3644.93333333, 3644.93333333]",4.0,gabors,"[20.0, 20.0]",null,0.8,0.25020176,139,,,0,,False,7,train,0
2302,0.0,660.21066,660.46086,90.0,0.08,-30.0,-20.0,null,"[3644.93333333, 3644.93333333]",4.0,gabors,"[20.0, 20.0]",null,0.8,0.25020176,111,,,0,,False,12,train,2
2303,0.0,660.46086,660.71107,45.0,0.08,-40.0,-40.0,null,"[3644.93333333, 3644.93333333]",4.0,gabors,"[20.0, 20.0]",null,0.8,0.25020176,177,,,0,,False,7,train,1
2304,0.0,660.71107,660.96127,45.0,0.08,20.0,40.0,null,"[3644.93333333, 3644.93333333]",4.0,gabors,"[20.0, 20.0]",null,0.8,0.25020176,24,,,0,,False,7,train,1
2305,0.0,660.96127,661.21148,45.0,0.08,-20.0,-10.0,null,"[3644.93333333, 3644.93333333]",4.0,gabors,"[20.0, 20.0]",null,0.8,0.25021574,107,,,0,,False,10,train,1
2306,0.0,661.21148,661.4617,0.0,0.08,30.0,-20.0,null,"[3644.93333333, 3644.93333333]",4.0,gabors,"[20.0, 20.0]",null,0.8,0.25021574,194,,,0,,False,11,test,0
2307,0.0,661.4617,661.71192,0.0,0.08,-40.0,30.0,null,"[3644.93333333, 3644.93333333]",4.0,gabors,"[20.0, 20.0]",null,0.8,0.25021574,129,,,0,,False,10,train,0
2308,0.0,661.71192,661.96213,45.0,0.08,-30.0,20.0,null,"[3644.93333333, 3644.93333333]",4.0,gabors,"[20.0, 20.0]",null,0.8,0.25021574,101,,,0,,False,6,train,1
2309,0.0,661.96213,662.21235,45.0,0.08,30.0,-10.0,null,"[3644.93333333, 3644.93333333]",4.0,gabors,"[20.0, 20.0]",null,0.8,0.25022176,199,,,0,,False,11,test,1
2310,0.0,662.21235,662.46257,45.0,0.08,10.0,40.0,null,"[3644.93333333, 3644.93333333]",4.0,gabors,"[20.0, 20.0]",null,0.8,0.25022176,74,,,0,,False,9,train,1
2311,0.0,662.46257,662.7128,45.0,0.08,0.0,-30.0,null,"[3644.93333333, 3644.93333333]",4.0,gabors,"[20.0, 20.0]",null,0.8,0.25022176,241,,,0,,False,10,train,1
2312,0.0,662.7128,662.96302,45.0,0.08,-20.0,-30.0,null,"[3644.93333333, 3644.93333333]",4.0,gabors,"[20.0, 20.0]",null,0.8,0.25022176,174,,,0,,False,10,train,1
2313,0.0,662.96302,663.21322,45.0,0.08,30.0,-40.0,null,"[3644.93333333, 3644.93333333]",4.0,gabors,"[20.0, 20.0]",null,0.8,0.25019824,125,,,0,,False,10,train,1
2314,0.0,663.21322,663.46341,0.0,0.08,-40.0,10.0,null,"[3644.93333333, 3644.93333333]",4.0,gabors,"[20.0, 20.0]",null,0.8,0.25019824,205,,,0,,False,9,train,0
2315,0.0,663.46341,663.71361,45.0,0.08,30.0,0.0,null,"[3644.93333333, 3644.93333333]",4.0,gabors,"[20.0, 20.0]",null,0.8,0.25019824,102,,,0,,False,9,train,1
2316,0.0,663.71361,663.96381,45.0,0.08,30.0,-10.0,null,"[3644.93333333, 3644.93333333]",4.0,gabors,"[20.0, 20.0]",null,0.8,0.25019824,199,,,0,,False,12,train,1
2317,0.0,663.96381,664.21403,90.0,0.08,-30.0,20.0,null,"[3644.93333333, 3644.93333333]",4.0,gabors,"[20.0, 20.0]",null,0.8,0.25021426,176,,,0,,False,8,test,2
2318,0.0,664.21403,664.46424,45.0,0.08,30.0,40.0,null,"[3644.93333333, 3644.93333333]",4.0,gabors,"[20.0, 20.0]",null,0.8,0.25021426,224,,,0,,False,8,test,1
2319,0.0,664.46424,664.71445,45.0,0.08,40.0,-20.0,null,"[3644.93333333, 3644.93333333]",4.0,gabors,"[20.0, 20.0]",null,0.8,0.25021426,117,,,0,,False,9,train,1
2320,0.0,664.71445,664.96467,45.0,0.08,-30.0,-40.0,null,"[3644.93333333, 3644.93333333]",4.0,gabors,"[20.0, 20.0]",null,0.8,0.25021426,70,,,0,,False,9,train,1
2321,0.0,664.96467,665.21487,45.0,0.08,10.0,40.0,null,"[3644.93333333, 3644.93333333]",4.0,gabors,"[20.0, 20.0]",null,0.8,0.25020074,74,,,0,,False,10,train,1
2322,0.0,665.21487,665.46507,45.0,0.08,-40.0,30.0,null,"[3644.93333333, 3644.93333333]",4.0,gabors,"[20.0, 20.0]",null,0.8,0.25020074,68,,,0,,False,10,train,1
2323,0.0,665.46507,665.71527,45.0,0.08,40.0,-30.0,null,"[3644.93333333, 3644.93333333]",4.0,gabors,"[20.0, 20.0]",null,0.8,0.25020074,181,,,0,,False,9,train,1
2324,0.0,665.71527,665.96547,90.0,0.08,-40.0,-40.0,null,"[3644.93333333, 3644.93333333]",4.0,gabors,"[20.0, 20.0]",null,0.8,0.25020074,196,,,0,,False,11,test,2
2325,0.0,665.96547,666.21569,90.0,0.08,20.0,-20.0,null,"[3644.93333333, 3644.93333333]",4.0,gabors,"[20.0, 20.0]",null,0.8,0.25021426,232,,,0,,False,8,test,2
2326,0.0,666.21569,666.4659,45.0,0.08,20.0,-10.0,null,"[3644.93333333, 3644.93333333]",4.0,gabors,"[20.0, 20.0]",null,0.8,0.25021426,183,,,0,,False,6,train,1
2327,0.0,666.4659,666.71611,45.0,0.08,0.0,40.0,null,"[3644.93333333, 3644.93333333]",4.0,gabors,"[20.0, 20.0]",null,0.8,0.25021426,7,,,0,,False,11,test,1
2328,0.0,666.71611,666.96633,0.0,0.08,0.0,10.0,null,"[3644.93333333, 3644.93333333]",4.0,gabors,"[20.0, 20.0]",null,0.8,0.25021426,6,,,0,,False,12,train,0
2329,0.0,666.96633,667.21654,45.0,0.08,10.0,-40.0,null,"[3644.93333333, 3644.93333333]",4.0,gabors,"[20.0, 20.0]",null,0.8,0.25020824,73,,,0,,False,10,train,1
2330,0.0,667.21654,667.46674,45.0,0.08,10.0,10.0,null,"[3644.93333333, 3644.93333333]",4.0,gabors,"[20.0, 20.0]",null,0.8,0.25020824,11,,,0,,False,9,train,1
2331,0.0,667.46674,667.71695,90.0,0.08,30.0,30.0,null,"[3644.93333333, 3644.93333333]",4.0,gabors,"[20.0, 20.0]",null,0.8,0.25020824,91,,,0,,False,10,train,2
2332,0.0,667.71695,667.96716,45.0,0.08,10.0,-10.0,null,"[3644.93333333, 3644.93333333]",4.0,gabors,"[20.0, 20.0]",null,0.8,0.25020824,94,,,0,,False,11,test,1
2333,0.0,667.96716,668.21736,45.0,0.08,-10.0,20.0,null,"[3644.93333333, 3644.93333333]",4.0,gabors,"[20.0, 20.0]",null,0.8,0.25019926,201,,,0,,False,7,train,1
2334,0.0,668.21736,668.46756,45.0,0.08,0.0,10.0,null,"[3644.93333333, 3644.93333333]",4.0,gabors,"[20.0, 20.0]",null,0.8,0.25019926,195,,,0,,False,8,test,1
2335,0.0,668.46756,668.71776,45.0,0.08,0.0,20.0,null,"[3644.93333333, 3644.93333333]",4.0,gabors,"[20.0, 20.0]",null,0.8,0.25019926,18,,,0,,False,10,train,1
2336,0.0,668.71776,668.96796,0.0,0.08,10.0,0.0,null,"[3644.93333333, 3644.93333333]",4.0,gabors,"[20.0, 20.0]",null,0.8,0.25019926,132,,,0,,False,9,train,0
2337,0.0,668.96796,669.21818,45.0,0.08,20.0,10.0,null,"[3644.93333333, 3644.93333333]",4.0,gabors,"[20.0, 20.0]",null,0.8,0.25021824,108,,,0,,False,9,train,1
2338,0.0,669.21818,669.46839,0.0,0.08,-20.0,30.0,null,"[3644.93333333, 3644.93333333]",4.0,gabors,"[20.0, 20.0]",null,0.8,0.25021824,42,,,0,,False,8,test,0
2339,0.0,669.46839,669.71861,45.0,0.08,-40.0,40.0,null,"[3644.93333333, 3644.93333333]",4.0,gabors,"[20.0, 20.0]",null,0.8,0.25021824,67,,,0,,False,10,train,1
2340,0.0,669.71861,669.96883,90.0,0.08,-10.0,-30.0,null,"[3644.93333333, 3644.93333333]",4.0,gabors,"[20.0, 20.0]",null,0.8,0.25021824,133,,,0,,False,12,train,2
2341,0.0,669.96883,670.21905,90.0,0.08,-20.0,-40.0,null,"[3644.93333333, 3644.93333333]",4.0,gabors,"[20.0, 20.0]",null,0.8,0.25021426,36,,,0,,False,14,test,2
2342,0.0,670.21905,670.46926,45.0,0.08,40.0,0.0,null,"[3644.93333333, 3644.93333333]",4.0,gabors,"[20.0, 20.0]",null,0.8,0.25021426,104,,,0,,False,7,train,1
2343,0.0,670.46926,670.71947,0.0,0.08,-10.0,-20.0,null,"[3644.93333333, 3644.93333333]",4.0,gabors,"[20.0, 20.0]",null,0.8,0.25021426,187,,,0,,False,10,train,0
2344,0.0,670.71947,670.96969,45.0,0.08,20.0,20.0,null,"[3644.93333333, 3644.93333333]",4.0,gabors,"[20.0, 20.0]",null,0.8,0.25021426,167,,,0,,False,9,train,1
2345,0.0,670.96969,671.21989,45.0,0.08,-30.0,30.0,null,"[3644.93333333, 3644.93333333]",4.0,gabors,"[20.0, 20.0]",null,0.8,0.25020574,207,,,0,,False,8,test,1
2346,0.0,671.21989,671.4701,0.0,0.08,40.0,0.0,null,"[3644.93333333, 3644.93333333]",4.0,gabors,"[20.0, 20.0]",null,0.8,0.25020574,206,,,0,,False,11,test,0
2347,0.0,671.4701,671.72031,90.0,0.08,-30.0,-20.0,null,"[3644.93333333, 3644.93333333]",4.0,gabors,"[20.0, 20.0]",null,0.8,0.25020574,111,,,0,,False,13,train,2
2348,0.0,671.72031,671.97051,90.0,0.08,-10.0,0.0,null,"[3644.93333333, 3644.93333333]",4.0,gabors,"[20.0, 20.0]",null,0.8,0.25020574,142,,,0,,False,8,test,2
2349,0.0,671.97051,672.22072,45.0,0.08,-30.0,20.0,null,"[3644.93333333, 3644.93333333]",4.0,gabors,"[20.0, 20.0]",null,0.8,0.25020426,101,,,0,,False,7,train,1
2350,0.0,672.22072,672.47092,90.0,0.08,40.0,40.0,null,"[3644.93333333, 3644.93333333]",4.0,gabors,"[20.0, 20.0]",null,0.8,0.25020426,110,,,0,,False,9,train,2
2351,0.0,672.47092,672.72112,0.0,0.08,-20.0,30.0,null,"[3644.93333333, 3644.93333333]",4.0,gabors,"[20.0, 20.0]",null,0.8,0.25020426,42,,,0,,False,9,train,0
2352,0.0,672.72112,672.97133,90.0,0.08,-20.0,20.0,null,"[3644.93333333, 3644.93333333]",4.0,gabors,"[20.0, 20.0]",null,0.8,0.25020426,242,,,0,,False,5,test,2
2353,0.0,672.97133,673.22154,0.0,0.08,20.0,20.0,null,"[3644.93333333, 3644.93333333]",4.0,gabors,"[20.0, 20.0]",null,0.8,0.25021324,179,,,0,,False,8,test,0
2354,0.0,673.22154,673.47175,0.0,0.08,40.0,40.0,null,"[3644.93333333, 3644.93333333]",4.0,gabors,"[20.0, 20.0]",null,0.8,0.25021324,202,,,0,,False,7,train,0
2355,0.0,673.47175,673.72197,0.0,0.08,-10.0,-20.0,null,"[3644.93333333, 3644.93333333]",4.0,gabors,"[20.0, 20.0]",null,0.8,0.25021324,187,,,0,,False,11,test,0
2356,0.0,673.72197,673.97218,90.0,0.08,-20.0,-10.0,null,"[3644.93333333, 3644.93333333]",4.0,gabors,"[20.0, 20.0]",null,0.8,0.25021324,51,,,0,,False,12,train,2
2357,0.0,673.97218,674.22239,0.0,0.08,40.0,30.0,null,"[3644.93333333, 3644.93333333]",4.0,gabors,"[20.0, 20.0]",null,0.8,0.25020926,95,,,0,,False,11,test,0
2358,0.0,674.22239,674.4726,90.0,0.08,-30.0,-30.0,null,"[3644.93333333, 3644.93333333]",4.0,gabors,"[20.0, 20.0]",null,0.8,0.25020926,175,,,0,,False,4,train,2
2359,0.0,674.4726,674.72281,0.0,0.08,0.0,20.0,null,"[3644.93333333, 3644.93333333]",4.0,gabors,"[20.0, 20.0]",null,0.8,0.25020926,221,,,0,,False,6,train,0
2360,0.0,674.72281,674.97302,45.0,0.08,-10.0,30.0,null,"[3644.93333333, 3644.93333333]",4.0,gabors,"[20.0, 20.0]",null,0.8,0.25020926,178,,,0,,False,11,test,1
2361,0.0,674.97302,675.22323,0.0,0.08,-10.0,20.0,null,"[3644.93333333, 3644.93333333]",4.0,gabors,"[20.0, 20.0]",null,0.8,0.25020824,131,,,0,,False,10,train,0
2362,0.0,675.22323,675.47343,0.0,0.08,-20.0,-10.0,null,"[3644.93333333, 3644.93333333]",4.0,gabors,"[20.0, 20.0]",null,0.8,0.25020824,84,,,0,,False,7,train,0
2363,0.0,675.47343,675.72364,90.0,0.08,20.0,10.0,null,"[3644.93333333, 3644.93333333]",4.0,gabors,"[20.0, 20.0]",null,0.8,0.25020824,130,,,0,,False,10,train,2
2364,0.0,675.72364,675.97385,45.0,0.08,20.0,-20.0,null,"[3644.93333333, 3644.93333333]",4.0,gabors,"[20.0, 20.0]",null,0.8,0.25020824,229,,,0,,False,9,train,1
2365,0.0,675.97385,676.22406,45.0,0.08,40.0,-20.0,null,"[3644.93333333, 3644.93333333]",4.0,gabors,"[20.0, 20.0]",null,0.8,0.25020676,117,,,0,,False,10,train,1
2366,0.0,676.22406,676.47426,0.0,0.08,20.0,-40.0,null,"[3644.93333333, 3644.93333333]",4.0,gabors,"[20.0, 20.0]",null,0.8,0.25020676,69,,,0,,False,9,train,0
2367,0.0,676.47426,676.72447,0.0,0.08,-20.0,-30.0,null,"[3644.93333333, 3644.93333333]",4.0,gabors,"[20.0, 20.0]",null,0.8,0.25020676,54,,,0,,False,8,test,0
2368,0.0,676.72447,676.97468,0.0,0.08,-20.0,-40.0,null,"[3644.93333333, 3644.93333333]",4.0,gabors,"[20.0, 20.0]",null,0.8,0.25020676,93,,,0,,False,7,train,0
2369,0.0,676.97468,677.22489,45.0,0.08,-20.0,30.0,null,"[3644.93333333, 3644.93333333]",4.0,gabors,"[20.0, 20.0]",null,0.8,0.25021074,228,,,0,,False,9,train,1
2370,0.0,677.22489,677.4751,0.0,0.08,20.0,20.0,null,"[3644.93333333, 3644.93333333]",4.0,gabors,"[20.0, 20.0]",null,0.8,0.25021074,179,,,0,,False,9,train,0
2371,0.0,677.4751,677.72531,90.0,0.08,20.0,20.0,null,"[3644.93333333, 3644.93333333]",4.0,gabors,"[20.0, 20.0]",null,0.8,0.25021074,35,,,0,,False,9,train,2
2372,0.0,677.72531,677.97552,0.0,0.08,0.0,40.0,null,"[3644.93333333, 3644.93333333]",4.0,gabors,"[20.0, 20.0]",null,0.8,0.25021074,123,,,0,,False,8,test,0
2373,0.0,677.97552,678.22572,45.0,0.08,20.0,40.0,null,"[3644.93333333, 3644.93333333]",4.0,gabors,"[20.0, 20.0]",null,0.8,0.25020176,24,,,0,,False,8,test,1
2374,0.0,678.22572,678.47592,45.0,0.08,-40.0,20.0,null,"[3644.93333333, 3644.93333333]",4.0,gabors,"[20.0, 20.0]",null,0.8,0.25020176,145,,,0,,False,10,train,1
2375,0.0,678.47592,678.72613,0.0,0.08,40.0,20.0,null,"[3644.93333333, 3644.93333333]",4.0,gabors,"[20.0, 20.0]",null,0.8,0.25020176,185,,,0,,False,8,test,0
2376,0.0,678.72613,678.97633,45.0,0.08,0.0,10.0,null,"[3644.93333333, 3644.93333333]",4.0,gabors,"[20.0, 20.0]",null,0.8,0.25020176,195,,,0,,False,9,train,1
2377,0.0,678.97633,679.22654,45.0,0.08,10.0,-40.0,null,"[3644.93333333, 3644.93333333]",4.0,gabors,"[20.0, 20.0]",null,0.8,0.25021574,73,,,0,,False,11,test,1
2378,0.0,679.22654,679.47676,90.0,0.08,-10.0,-20.0,null,"[3644.93333333, 3644.93333333]",4.0,gabors,"[20.0, 20.0]",null,0.8,0.25021574,17,,,0,,False,10,train,2
2379,0.0,679.47676,679.72698,45.0,0.08,-40.0,-10.0,null,"[3644.93333333, 3644.93333333]",4.0,gabors,"[20.0, 20.0]",null,0.8,0.25021574,210,,,0,,False,9,train,1
2380,0.0,679.72698,679.97719,45.0,0.08,-10.0,20.0,null,"[3644.93333333, 3644.93333333]",4.0,gabors,"[20.0, 20.0]",null,0.8,0.25021574,201,,,0,,False,8,test,1
2381,0.0,679.97719,680.22741,45.0,0.08,30.0,20.0,null,"[3644.93333333, 3644.93333333]",4.0,gabors,"[20.0, 20.0]",null,0.8,0.25021426,103,,,0,,False,11,test,1
2382,0.0,680.22741,680.47762,90.0,0.08,40.0,-30.0,null,"[3644.93333333, 3644.93333333]",4.0,gabors,"[20.0, 20.0]",null,0.8,0.25021426,140,,,0,,False,11,test,2
2383,0.0,680.47762,680.72783,45.0,0.08,-40.0,-20.0,null,"[3644.93333333, 3644.93333333]",4.0,gabors,"[20.0, 20.0]",null,0.8,0.25021426,57,,,0,,False,9,train,1
2384,0.0,680.72783,680.97805,0.0,0.08,-10.0,40.0,null,"[3644.93333333, 3644.93333333]",4.0,gabors,"[20.0, 20.0]",null,0.8,0.25021426,234,,,0,,False,8,test,0
2385,0.0,680.97805,681.22826,90.0,0.08,30.0,-10.0,null,"[3644.93333333, 3644.93333333]",4.0,gabors,"[20.0, 20.0]",null,0.8,0.25020824,243,,,0,,False,4,train,2
2386,0.0,681.22826,681.47846,90.0,0.08,20.0,-30.0,null,"[3644.93333333, 3644.93333333]",4.0,gabors,"[20.0, 20.0]",null,0.8,0.25020824,157,,,0,,False,9,train,2
2387,0.0,681.47846,681.72867,90.0,0.08,10.0,0.0,null,"[3644.93333333, 3644.93333333]",4.0,gabors,"[20.0, 20.0]",null,0.8,0.25020824,97,,,0,,False,13,train,2
2388,0.0,681.72867,681.97888,90.0,0.08,-30.0,30.0,null,"[3644.93333333, 3644.93333333]",4.0,gabors,"[20.0, 20.0]",null,0.8,0.25020824,96,,,0,,False,10,train,2
2389,0.0,681.97888,682.22909,45.0,0.08,20.0,10.0,null,"[3644.93333333, 3644.93333333]",4.0,gabors,"[20.0, 20.0]",null,0.8,0.25020426,108,,,0,,False,10,train,1
2390,0.0,682.22909,682.47929,45.0,0.08,30.0,10.0,null,"[3644.93333333, 3644.93333333]",4.0,gabors,"[20.0, 20.0]",null,0.8,0.25020426,58,,,0,,False,9,train,1
2391,0.0,682.47929,682.72949,45.0,0.08,-30.0,-30.0,null,"[3644.93333333, 3644.93333333]",4.0,gabors,"[20.0, 20.0]",null,0.8,0.25020426,82,,,0,,False,9,train,1
2392,0.0,682.72949,682.9797,90.0,0.08,40.0,10.0,null,"[3644.93333333, 3644.93333333]",4.0,gabors,"[20.0, 20.0]",null,0.8,0.25020426,141,,,0,,False,7,train,2
2393,0.0,682.9797,683.22991,0.0,0.08,-10.0,-40.0,null,"[3644.93333333, 3644.93333333]",4.0,gabors,"[20.0, 20.0]",null,0.8,0.25021074,139,,,0,,False,8,test,0
2394,0.0,683.22991,683.48012,0.0,0.08,-30.0,-20.0,null,"[3644.93333333, 3644.93333333]",4.0,gabors,"[20.0, 20.0]",null,0.8,0.25021074,214,,,0,,False,12,train,0
2395,0.0,683.48012,683.73033,45.0,0.08,0.0,-20.0,null,"[3644.93333333, 3644.93333333]",4.0,gabors,"[20.0, 20.0]",null,0.8,0.25021074,198,,,0,,False,8,test,1
2396,0.0,683.73033,683.98054,45.0,0.08,30.0,10.0,null,"[3644.93333333, 3644.93333333]",4.0,gabors,"[20.0, 20.0]",null,0.8,0.25021074,58,,,0,,False,10,train,1
2397,0.0,683.98054,684.23076,0.0,0.08,-10.0,0.0,null,"[3644.93333333, 3644.93333333]",4.0,gabors,"[20.0, 20.0]",null,0.8,0.25021926,128,,,0,,False,6,train,0
2398,0.0,684.23076,684.48098,45.0,0.08,40.0,30.0,null,"[3644.93333333, 3644.93333333]",4.0,gabors,"[20.0, 20.0]",null,0.8,0.25021926,1,,,0,,False,9,train,1
2399,0.0,684.48098,684.7312,90.0,0.08,20.0,30.0,null,"[3644.93333333, 3644.93333333]",4.0,gabors,"[20.0, 20.0]",null,0.8,0.25021926,188,,,0,,False,5,test,2
2400,0.0,684.7312,684.98142,45.0,0.08,40.0,40.0,null,"[3644.93333333, 3644.93333333]",4.0,gabors,"[20.0, 20.0]",null,0.8,0.25021926,165,,,0,,False,8,test,1
2401,0.0,684.98142,685.23161,45.0,0.08,30.0,0.0,null,"[3644.93333333, 3644.93333333]",4.0,gabors,"[20.0, 20.0]",null,0.8,0.25019574,102,,,0,,False,10,train,1
2402,0.0,685.23161,685.48181,45.0,0.08,-20.0,-20.0,null,"[3644.93333333, 3644.93333333]",4.0,gabors,"[20.0, 20.0]",null,0.8,0.25019574,120,,,0,,False,10,train,1
2403,0.0,685.48181,685.73201,45.0,0.08,-10.0,-40.0,null,"[3644.93333333, 3644.93333333]",4.0,gabors,"[20.0, 20.0]",null,0.8,0.25019574,40,,,0,,False,7,train,1
2404,0.0,685.73201,685.9822,90.0,0.08,40.0,10.0,null,"[3644.93333333, 3644.93333333]",4.0,gabors,"[20.0, 20.0]",null,0.8,0.25019574,141,,,0,,False,8,test,2
2405,0.0,685.9822,686.23242,45.0,0.08,0.0,-20.0,null,"[3644.93333333, 3644.93333333]",4.0,gabors,"[20.0, 20.0]",null,0.8,0.25021676,198,,,0,,False,9,train,1
2406,0.0,686.23242,686.48263,0.0,0.08,0.0,10.0,null,"[3644.93333333, 3644.93333333]",4.0,gabors,"[20.0, 20.0]",null,0.8,0.25021676,6,,,0,,False,13,train,0
2407,0.0,686.48263,686.73285,45.0,0.08,-20.0,30.0,null,"[3644.93333333, 3644.93333333]",4.0,gabors,"[20.0, 20.0]",null,0.8,0.25021676,228,,,0,,False,10,train,1
2408,0.0,686.73285,686.98307,90.0,0.08,40.0,30.0,null,"[3644.93333333, 3644.93333333]",4.0,gabors,"[20.0, 20.0]",null,0.8,0.25021676,75,,,0,,False,13,train,2
2409,0.0,686.98307,687.23327,45.0,0.08,20.0,30.0,null,"[3644.93333333, 3644.93333333]",4.0,gabors,"[20.0, 20.0]",null,0.8,0.25020574,146,,,0,,False,9,train,1
2410,0.0,687.23327,687.48348,0.0,0.08,20.0,10.0,null,"[3644.93333333, 3644.93333333]",4.0,gabors,"[20.0, 20.0]",null,0.8,0.25020574,44,,,0,,False,6,train,0
2411,0.0,687.48348,687.73369,45.0,0.08,-20.0,-10.0,null,"[3644.93333333, 3644.93333333]",4.0,gabors,"[20.0, 20.0]",null,0.8,0.25020574,107,,,0,,False,11,test,1
2412,0.0,687.73369,687.98389,0.0,0.08,-40.0,-30.0,null,"[3644.93333333, 3644.93333333]",4.0,gabors,"[20.0, 20.0]",null,0.8,0.25020574,222,,,0,,False,10,train,0
2413,0.0,687.98389,688.23411,90.0,0.08,-10.0,0.0,null,"[3644.93333333, 3644.93333333]",4.0,gabors,"[20.0, 20.0]",null,0.8,0.25021676,142,,,0,,False,9,train,2
2414,0.0,688.23411,688.48432,0.0,0.08,-40.0,-10.0,null,"[3644.93333333, 3644.93333333]",4.0,gabors,"[20.0, 20.0]",null,0.8,0.25021676,20,,,0,,False,9,train,0
2415,0.0,688.48432,688.73454,0.0,0.08,-10.0,10.0,null,"[3644.93333333, 3644.93333333]",4.0,gabors,"[20.0, 20.0]",null,0.8,0.25021676,87,,,0,,False,7,train,0
2416,0.0,688.73454,688.98476,90.0,0.08,0.0,-10.0,null,"[3644.93333333, 3644.93333333]",4.0,gabors,"[20.0, 20.0]",null,0.8,0.25021676,49,,,0,,False,9,train,2
2417,0.0,688.98476,689.23496,90.0,0.08,-20.0,20.0,null,"[3644.93333333, 3644.93333333]",4.0,gabors,"[20.0, 20.0]",null,0.8,0.25020074,242,,,0,,False,6,train,2
2418,0.0,689.23496,689.48516,45.0,0.08,-10.0,-10.0,null,"[3644.93333333, 3644.93333333]",4.0,gabors,"[20.0, 20.0]",null,0.8,0.25020074,55,,,0,,False,9,train,1
2419,0.0,689.48516,689.73536,90.0,0.08,10.0,-10.0,null,"[3644.93333333, 3644.93333333]",4.0,gabors,"[20.0, 20.0]",null,0.8,0.25020074,3,,,0,,False,9,train,2
2420,0.0,689.73536,689.98556,0.0,0.08,-20.0,20.0,null,"[3644.93333333, 3644.93333333]",4.0,gabors,"[20.0, 20.0]",null,0.8,0.25020074,239,,,0,,False,10,train,0
2421,0.0,689.98556,690.23578,90.0,0.08,40.0,40.0,null,"[3644.93333333, 3644.93333333]",4.0,gabors,"[20.0, 20.0]",null,0.8,0.25021676,110,,,0,,False,10,train,2
2422,0.0,690.23578,690.48599,0.0,0.08,20.0,40.0,null,"[3644.93333333, 3644.93333333]",4.0,gabors,"[20.0, 20.0]",null,0.8,0.25021676,151,,,0,,False,10,train,0
2423,0.0,690.48599,690.73621,0.0,0.08,10.0,20.0,null,"[3644.93333333, 3644.93333333]",4.0,gabors,"[20.0, 20.0]",null,0.8,0.25021676,136,,,0,,False,9,train,0
2424,0.0,690.73621,690.98643,45.0,0.08,0.0,-30.0,null,"[3644.93333333, 3644.93333333]",4.0,gabors,"[20.0, 20.0]",null,0.8,0.25021676,241,,,0,,False,11,test,1
2425,0.0,690.98643,691.23663,45.0,0.08,40.0,30.0,null,"[3644.93333333, 3644.93333333]",4.0,gabors,"[20.0, 20.0]",null,0.8,0.25020324,1,,,0,,False,10,train,1
2426,0.0,691.23663,691.48683,0.0,0.08,-10.0,-30.0,null,"[3644.93333333, 3644.93333333]",4.0,gabors,"[20.0, 20.0]",null,0.8,0.25020324,37,,,0,,False,6,train,0
2427,0.0,691.48683,691.73704,45.0,0.08,-10.0,-10.0,null,"[3644.93333333, 3644.93333333]",4.0,gabors,"[20.0, 20.0]",null,0.8,0.25020324,55,,,0,,False,10,train,1
2428,0.0,691.73704,691.98724,0.0,0.08,30.0,-10.0,null,"[3644.93333333, 3644.93333333]",4.0,gabors,"[20.0, 20.0]",null,0.8,0.25020324,149,,,0,,False,8,test,0
2429,0.0,691.98724,692.23745,90.0,0.08,10.0,40.0,null,"[3644.93333333, 3644.93333333]",4.0,gabors,"[20.0, 20.0]",null,0.8,0.25020676,135,,,0,,False,10,train,2
2430,0.0,692.23745,692.48765,0.0,0.08,30.0,30.0,null,"[3644.93333333, 3644.93333333]",4.0,gabors,"[20.0, 20.0]",null,0.8,0.25020676,114,,,0,,False,8,test,0
2431,0.0,692.48765,692.73786,45.0,0.08,20.0,-30.0,null,"[3644.93333333, 3644.93333333]",4.0,gabors,"[20.0, 20.0]",null,0.8,0.25020676,159,,,0,,False,9,train,1
2432,0.0,692.73786,692.98807,0.0,0.08,30.0,20.0,null,"[3644.93333333, 3644.93333333]",4.0,gabors,"[20.0, 20.0]",null,0.8,0.25020676,64,,,0,,False,10,train,0
2433,0.0,692.98807,693.23828,90.0,0.08,30.0,40.0,null,"[3644.93333333, 3644.93333333]",4.0,gabors,"[20.0, 20.0]",null,0.8,0.25021324,4,,,0,,False,13,train,2
2434,0.0,693.23828,693.48849,90.0,0.08,0.0,40.0,null,"[3644.93333333, 3644.93333333]",4.0,gabors,"[20.0, 20.0]",null,0.8,0.25021324,217,,,0,,False,6,train,2
2435,0.0,693.48849,693.73871,45.0,0.08,10.0,40.0,null,"[3644.93333333, 3644.93333333]",4.0,gabors,"[20.0, 20.0]",null,0.8,0.25021324,74,,,0,,False,11,test,1
2436,0.0,693.73871,693.98892,0.0,0.08,-20.0,10.0,null,"[3644.93333333, 3644.93333333]",4.0,gabors,"[20.0, 20.0]",null,0.8,0.25021324,182,,,0,,False,12,train,0
2437,0.0,693.98892,694.23914,45.0,0.08,0.0,30.0,null,"[3644.93333333, 3644.93333333]",4.0,gabors,"[20.0, 20.0]",null,0.8,0.25021426,193,,,0,,False,9,train,1
2438,0.0,694.23914,694.48935,45.0,0.08,10.0,30.0,null,"[3644.93333333, 3644.93333333]",4.0,gabors,"[20.0, 20.0]",null,0.8,0.25021426,209,,,0,,False,11,test,1
2439,0.0,694.48935,694.73956,45.0,0.08,0.0,-40.0,null,"[3644.93333333, 3644.93333333]",4.0,gabors,"[20.0, 20.0]",null,0.8,0.25021426,225,,,0,,False,10,train,1
2440,0.0,694.73956,694.98978,0.0,0.08,-10.0,-40.0,null,"[3644.93333333, 3644.93333333]",4.0,gabors,"[20.0, 20.0]",null,0.8,0.25021426,139,,,0,,False,9,train,0
2441,0.0,694.98978,695.23998,0.0,0.08,-10.0,40.0,null,"[3644.93333333, 3644.93333333]",4.0,gabors,"[20.0, 20.0]",null,0.8,0.25020074,234,,,0,,False,9,train,0
2442,0.0,695.23998,695.49018,0.0,0.08,-30.0,40.0,null,"[3644.93333333, 3644.93333333]",4.0,gabors,"[20.0, 20.0]",null,0.8,0.25020074,89,,,0,,False,12,train,0
2443,0.0,695.49018,695.74038,45.0,0.08,-10.0,-20.0,null,"[3644.93333333, 3644.93333333]",4.0,gabors,"[20.0, 20.0]",null,0.8,0.25020074,197,,,0,,False,10,train,1
2444,0.0,695.74038,695.99058,0.0,0.08,40.0,30.0,null,"[3644.93333333, 3644.93333333]",4.0,gabors,"[20.0, 20.0]",null,0.8,0.25020074,95,,,0,,False,12,train,0
2445,0.0,695.99058,696.24079,90.0,0.08,0.0,0.0,null,"[3644.93333333, 3644.93333333]",4.0,gabors,"[20.0, 20.0]",null,0.8,0.25020676,88,,,0,,False,8,test,2
2446,0.0,696.24079,696.49099,45.0,0.08,40.0,-10.0,null,"[3644.93333333, 3644.93333333]",4.0,gabors,"[20.0, 20.0]",null,0.8,0.25020676,38,,,0,,False,11,test,1
2447,0.0,696.49099,696.7412,0.0,0.08,-20.0,-20.0,null,"[3644.93333333, 3644.93333333]",4.0,gabors,"[20.0, 20.0]",null,0.8,0.25020676,236,,,0,,False,8,test,0
2448,0.0,696.7412,696.99141,0.0,0.08,-40.0,30.0,null,"[3644.93333333, 3644.93333333]",4.0,gabors,"[20.0, 20.0]",null,0.8,0.25020676,129,,,0,,False,11,test,0
2449,0.0,696.99141,697.24162,90.0,0.08,20.0,30.0,null,"[3644.93333333, 3644.93333333]",4.0,gabors,"[20.0, 20.0]",null,0.8,0.25021324,188,,,0,,False,6,train,2
2450,0.0,697.24162,697.49183,90.0,0.08,30.0,-20.0,null,"[3644.93333333, 3644.93333333]",4.0,gabors,"[20.0, 20.0]",null,0.8,0.25021324,21,,,0,,False,7,train,2
2451,0.0,697.49183,697.74205,45.0,0.08,-10.0,40.0,null,"[3644.93333333, 3644.93333333]",4.0,gabors,"[20.0, 20.0]",null,0.8,0.25021324,48,,,0,,False,12,train,1
2452,0.0,697.74205,697.99226,0.0,0.08,20.0,-40.0,null,"[3644.93333333, 3644.93333333]",4.0,gabors,"[20.0, 20.0]",null,0.8,0.25021324,69,,,0,,False,10,train,0
2453,0.0,697.99226,698.24248,90.0,0.08,40.0,-10.0,null,"[3644.93333333, 3644.93333333]",4.0,gabors,"[20.0, 20.0]",null,0.8,0.25022176,127,,,0,,False,5,test,2
2454,0.0,698.24248,698.4927,45.0,0.08,-30.0,-40.0,null,"[3644.93333333, 3644.93333333]",4.0,gabors,"[20.0, 20.0]",null,0.8,0.25022176,70,,,0,,False,10,train,1
2455,0.0,698.4927,698.74293,45.0,0.08,-30.0,-20.0,null,"[3644.93333333, 3644.93333333]",4.0,gabors,"[20.0, 20.0]",null,0.8,0.25022176,233,,,0,,False,8,test,1
2456,0.0,698.74293,698.99315,0.0,0.08,-10.0,-10.0,null,"[3644.93333333, 3644.93333333]",4.0,gabors,"[20.0, 20.0]",null,0.8,0.25022176,158,,,0,,False,8,test,0
2457,0.0,698.99315,699.24334,90.0,0.08,30.0,20.0,null,"[3644.93333333, 3644.93333333]",4.0,gabors,"[20.0, 20.0]",null,0.8,0.25019574,25,,,0,,False,11,test,2
2458,0.0,699.24334,699.49354,90.0,0.08,40.0,-40.0,null,"[3644.93333333, 3644.93333333]",4.0,gabors,"[20.0, 20.0]",null,0.8,0.25019574,78,,,0,,False,12,train,2
2459,0.0,699.49354,699.74374,0.0,0.08,-10.0,-40.0,null,"[3644.93333333, 3644.93333333]",4.0,gabors,"[20.0, 20.0]",null,0.8,0.25019574,139,,,0,,False,10,train,0
2460,0.0,699.74374,699.99393,0.0,0.08,40.0,-40.0,null,"[3644.93333333, 3644.93333333]",4.0,gabors,"[20.0, 20.0]",null,0.8,0.25019574,62,,,0,,False,10,train,0
2461,0.0,699.99393,700.24414,0.0,0.08,0.0,-30.0,null,"[3644.93333333, 3644.93333333]",4.0,gabors,"[20.0, 20.0]",null,0.8,0.25020426,28,,,0,,False,9,train,0
2462,0.0,700.24414,700.49434,0.0,0.08,0.0,-40.0,null,"[3644.93333333, 3644.93333333]",4.0,gabors,"[20.0, 20.0]",null,0.8,0.25020426,12,,,0,,False,9,train,0
2463,0.0,700.49434,700.74454,0.0,0.08,-40.0,20.0,null,"[3644.93333333, 3644.93333333]",4.0,gabors,"[20.0, 20.0]",null,0.8,0.25020426,106,,,0,,False,10,train,0
2464,0.0,700.74454,700.99475,0.0,0.08,-10.0,30.0,null,"[3644.93333333, 3644.93333333]",4.0,gabors,"[20.0, 20.0]",null,0.8,0.25020426,29,,,0,,False,11,test,0
2465,0.0,700.99475,701.24496,90.0,0.08,-10.0,-40.0,null,"[3644.93333333, 3644.93333333]",4.0,gabors,"[20.0, 20.0]",null,0.8,0.25021574,156,,,0,,False,11,test,2
2466,0.0,701.24496,701.49518,45.0,0.08,-40.0,-30.0,null,"[3644.93333333, 3644.93333333]",4.0,gabors,"[20.0, 20.0]",null,0.8,0.25021574,92,,,0,,False,8,test,1
2467,0.0,701.49518,701.7454,0.0,0.08,40.0,-40.0,null,"[3644.93333333, 3644.93333333]",4.0,gabors,"[20.0, 20.0]",null,0.8,0.25021574,62,,,0,,False,11,test,0
2468,0.0,701.7454,701.99561,45.0,0.08,-40.0,-40.0,null,"[3644.93333333, 3644.93333333]",4.0,gabors,"[20.0, 20.0]",null,0.8,0.25021574,177,,,0,,False,8,test,1
2469,0.0,701.99561,702.24582,45.0,0.08,40.0,-30.0,null,"[3644.93333333, 3644.93333333]",4.0,gabors,"[20.0, 20.0]",null,0.8,0.25020426,181,,,0,,False,10,train,1
2470,0.0,702.24582,702.49602,0.0,0.08,0.0,30.0,null,"[3644.93333333, 3644.93333333]",4.0,gabors,"[20.0, 20.0]",null,0.8,0.25020426,203,,,0,,False,9,train,0
2471,0.0,702.49602,702.74622,0.0,0.08,-30.0,30.0,null,"[3644.93333333, 3644.93333333]",4.0,gabors,"[20.0, 20.0]",null,0.8,0.25020426,218,,,0,,False,9,train,0
2472,0.0,702.74622,702.99643,0.0,0.08,10.0,40.0,null,"[3644.93333333, 3644.93333333]",4.0,gabors,"[20.0, 20.0]",null,0.8,0.25020426,9,,,0,,False,12,train,0
2473,0.0,702.99643,703.24664,90.0,0.08,-10.0,-40.0,null,"[3644.93333333, 3644.93333333]",4.0,gabors,"[20.0, 20.0]",null,0.8,0.25021574,156,,,0,,False,12,train,2
2474,0.0,703.24664,703.49686,0.0,0.08,-30.0,-40.0,null,"[3644.93333333, 3644.93333333]",4.0,gabors,"[20.0, 20.0]",null,0.8,0.25021574,46,,,0,,False,8,test,0
2475,0.0,703.49686,703.74708,90.0,0.08,10.0,20.0,null,"[3644.93333333, 3644.93333333]",4.0,gabors,"[20.0, 20.0]",null,0.8,0.25021574,220,,,0,,False,9,train,2
2476,0.0,703.74708,703.99729,90.0,0.08,20.0,-10.0,null,"[3644.93333333, 3644.93333333]",4.0,gabors,"[20.0, 20.0]",null,0.8,0.25021574,160,,,0,,False,10,train,2
2477,0.0,703.99729,704.2475,45.0,0.08,10.0,-30.0,null,"[3644.93333333, 3644.93333333]",4.0,gabors,"[20.0, 20.0]",null,0.8,0.25020426,72,,,0,,False,8,test,1
2478,0.0,704.2475,704.4977,0.0,0.08,-30.0,30.0,null,"[3644.93333333, 3644.93333333]",4.0,gabors,"[20.0, 20.0]",null,0.8,0.25020426,218,,,0,,False,10,train,0
2479,0.0,704.4977,704.7479,0.0,0.08,30.0,0.0,null,"[3644.93333333, 3644.93333333]",4.0,gabors,"[20.0, 20.0]",null,0.8,0.25020426,66,,,0,,False,10,train,0
2480,0.0,704.7479,704.99811,45.0,0.08,-40.0,40.0,null,"[3644.93333333, 3644.93333333]",4.0,gabors,"[20.0, 20.0]",null,0.8,0.25020426,67,,,0,,False,11,test,1
2481,0.0,704.99811,705.24832,45.0,0.08,-40.0,40.0,null,"[3644.93333333, 3644.93333333]",4.0,gabors,"[20.0, 20.0]",null,0.8,0.25021074,67,,,0,,False,12,train,1
2482,0.0,705.24832,705.49853,0.0,0.08,40.0,10.0,null,"[3644.93333333, 3644.93333333]",4.0,gabors,"[20.0, 20.0]",null,0.8,0.25021074,134,,,0,,False,8,test,0
2483,0.0,705.49853,705.74874,45.0,0.08,-30.0,30.0,null,"[3644.93333333, 3644.93333333]",4.0,gabors,"[20.0, 20.0]",null,0.8,0.25021074,207,,,0,,False,9,train,1
2484,0.0,705.74874,705.99895,0.0,0.08,20.0,10.0,null,"[3644.93333333, 3644.93333333]",4.0,gabors,"[20.0, 20.0]",null,0.8,0.25021074,44,,,0,,False,7,train,0
2485,0.0,705.99895,706.24917,0.0,0.08,30.0,20.0,null,"[3644.93333333, 3644.93333333]",4.0,gabors,"[20.0, 20.0]",null,0.8,0.25021426,64,,,0,,False,11,test,0
2486,0.0,706.24917,706.49938,90.0,0.08,40.0,0.0,null,"[3644.93333333, 3644.93333333]",4.0,gabors,"[20.0, 20.0]",null,0.8,0.25021426,144,,,0,,False,9,train,2
2487,0.0,706.49938,706.74959,0.0,0.08,30.0,-10.0,null,"[3644.93333333, 3644.93333333]",4.0,gabors,"[20.0, 20.0]",null,0.8,0.25021426,149,,,0,,False,9,train,0
2488,0.0,706.74959,706.99981,90.0,0.08,-40.0,40.0,null,"[3644.93333333, 3644.93333333]",4.0,gabors,"[20.0, 20.0]",null,0.8,0.25021426,163,,,0,,False,9,train,2
2489,0.0,706.99981,707.25001,45.0,0.08,-40.0,30.0,null,"[3644.93333333, 3644.93333333]",4.0,gabors,"[20.0, 20.0]",null,0.8,0.25020324,68,,,0,,False,11,test,1
2490,0.0,707.25001,707.50021,0.0,0.08,-40.0,40.0,null,"[3644.93333333, 3644.93333333]",4.0,gabors,"[20.0, 20.0]",null,0.8,0.25020324,14,,,0,,False,10,train,0
2491,0.0,707.50021,707.75042,90.0,0.08,30.0,20.0,null,"[3644.93333333, 3644.93333333]",4.0,gabors,"[20.0, 20.0]",null,0.8,0.25020324,25,,,0,,False,12,train,2
2492,0.0,707.75042,708.00062,45.0,0.08,30.0,-20.0,null,"[3644.93333333, 3644.93333333]",4.0,gabors,"[20.0, 20.0]",null,0.8,0.25020324,47,,,0,,False,6,train,1
2493,0.0,708.00062,708.25084,90.0,0.08,40.0,-10.0,null,"[3644.93333333, 3644.93333333]",4.0,gabors,"[20.0, 20.0]",null,0.8,0.25021676,127,,,0,,False,6,train,2
2494,0.0,708.25084,708.50105,45.0,0.08,-30.0,10.0,null,"[3644.93333333, 3644.93333333]",4.0,gabors,"[20.0, 20.0]",null,0.8,0.25021676,2,,,0,,False,10,train,1
2495,0.0,708.50105,708.75127,0.0,0.08,20.0,-20.0,null,"[3644.93333333, 3644.93333333]",4.0,gabors,"[20.0, 20.0]",null,0.8,0.25021676,112,,,0,,False,10,train,0
2496,0.0,708.75127,709.00149,0.0,0.08,-40.0,-10.0,null,"[3644.93333333, 3644.93333333]",4.0,gabors,"[20.0, 20.0]",null,0.8,0.25021676,20,,,0,,False,10,train,0
2497,0.0,709.00149,709.25169,0.0,0.08,30.0,30.0,null,"[3644.93333333, 3644.93333333]",4.0,gabors,"[20.0, 20.0]",null,0.8,0.25020324,114,,,0,,False,9,train,0
2498,0.0,709.25169,709.50189,45.0,0.08,0.0,-10.0,null,"[3644.93333333, 3644.93333333]",4.0,gabors,"[20.0, 20.0]",null,0.8,0.25020324,191,,,0,,False,8,test,1
2499,0.0,709.50189,709.7521,45.0,0.08,0.0,-30.0,null,"[3644.93333333, 3644.93333333]",4.0,gabors,"[20.0, 20.0]",null,0.8,0.25020324,241,,,0,,False,12,train,1
2500,0.0,709.7521,710.0023,0.0,0.08,-10.0,-20.0,null,"[3644.93333333, 3644.93333333]",4.0,gabors,"[20.0, 20.0]",null,0.8,0.25020324,187,,,0,,False,12,train,0
2501,0.0,710.0023,710.25251,0.0,0.08,10.0,10.0,null,"[3644.93333333, 3644.93333333]",4.0,gabors,"[20.0, 20.0]",null,0.8,0.25020676,79,,,0,,False,8,test,0
2502,0.0,710.25251,710.50271,45.0,0.08,0.0,20.0,null,"[3644.93333333, 3644.93333333]",4.0,gabors,"[20.0, 20.0]",null,0.8,0.25020676,18,,,0,,False,11,test,1
2503,0.0,710.50271,710.75292,0.0,0.08,-30.0,-30.0,null,"[3644.93333333, 3644.93333333]",4.0,gabors,"[20.0, 20.0]",null,0.8,0.25020676,192,,,0,,False,10,train,0
2504,0.0,710.75292,711.00313,0.0,0.08,-10.0,-30.0,null,"[3644.93333333, 3644.93333333]",4.0,gabors,"[20.0, 20.0]",null,0.8,0.25020676,37,,,0,,False,7,train,0
2505,0.0,711.00313,711.25334,0.0,0.08,-30.0,10.0,null,"[3644.93333333, 3644.93333333]",4.0,gabors,"[20.0, 20.0]",null,0.8,0.25021324,150,,,0,,False,9,train,0
2506,0.0,711.25334,711.50355,45.0,0.08,40.0,40.0,null,"[3644.93333333, 3644.93333333]",4.0,gabors,"[20.0, 20.0]",null,0.8,0.25021324,165,,,0,,False,9,train,1
2507,0.0,711.50355,711.75377,0.0,0.08,-10.0,-20.0,null,"[3644.93333333, 3644.93333333]",4.0,gabors,"[20.0, 20.0]",null,0.8,0.25021324,187,,,0,,False,13,train,0
2508,0.0,711.75377,712.00398,90.0,0.08,0.0,-30.0,null,"[3644.93333333, 3644.93333333]",4.0,gabors,"[20.0, 20.0]",null,0.8,0.25021324,230,,,0,,False,10,train,2
2509,0.0,712.00398,712.25419,0.0,0.08,-20.0,-20.0,null,"[3644.93333333, 3644.93333333]",4.0,gabors,"[20.0, 20.0]",null,0.8,0.25020676,236,,,0,,False,9,train,0
2510,0.0,712.25419,712.50439,45.0,0.08,40.0,-40.0,null,"[3644.93333333, 3644.93333333]",4.0,gabors,"[20.0, 20.0]",null,0.8,0.25020676,119,,,0,,False,10,train,1
2511,0.0,712.50439,712.7546,0.0,0.08,-30.0,10.0,null,"[3644.93333333, 3644.93333333]",4.0,gabors,"[20.0, 20.0]",null,0.8,0.25020676,150,,,0,,False,10,train,0
2512,0.0,712.7546,713.00481,0.0,0.08,30.0,-20.0,null,"[3644.93333333, 3644.93333333]",4.0,gabors,"[20.0, 20.0]",null,0.8,0.25020676,194,,,0,,False,12,train,0
2513,0.0,713.00481,713.25502,90.0,0.08,-30.0,-30.0,null,"[3644.93333333, 3644.93333333]",4.0,gabors,"[20.0, 20.0]",null,0.8,0.25020824,175,,,0,,False,5,test,2
2514,0.0,713.25502,713.50522,90.0,0.08,10.0,30.0,null,"[3644.93333333, 3644.93333333]",4.0,gabors,"[20.0, 20.0]",null,0.8,0.25020824,170,,,0,,False,10,train,2
2515,0.0,713.50522,713.75543,45.0,0.08,20.0,-10.0,null,"[3644.93333333, 3644.93333333]",4.0,gabors,"[20.0, 20.0]",null,0.8,0.25020824,183,,,0,,False,7,train,1
2516,0.0,713.75543,714.00564,0.0,0.08,10.0,20.0,null,"[3644.93333333, 3644.93333333]",4.0,gabors,"[20.0, 20.0]",null,0.8,0.25020824,136,,,0,,False,10,train,0
2517,0.0,714.00564,714.25586,90.0,0.08,10.0,-30.0,null,"[3644.93333333, 3644.93333333]",4.0,gabors,"[20.0, 20.0]",null,0.8,0.25021676,219,,,0,,False,7,train,2
2518,0.0,714.25586,714.50607,0.0,0.08,20.0,0.0,null,"[3644.93333333, 3644.93333333]",4.0,gabors,"[20.0, 20.0]",null,0.8,0.25021676,50,,,0,,False,12,train,0
2519,0.0,714.50607,714.75629,45.0,0.08,-10.0,-10.0,null,"[3644.93333333, 3644.93333333]",4.0,gabors,"[20.0, 20.0]",null,0.8,0.25021676,55,,,0,,False,11,test,1
2520,0.0,714.75629,715.00651,90.0,0.08,10.0,10.0,null,"[3644.93333333, 3644.93333333]",4.0,gabors,"[20.0, 20.0]",null,0.8,0.25021676,237,,,0,,False,8,test,2
2521,0.0,715.00651,715.25671,45.0,0.08,20.0,30.0,null,"[3644.93333333, 3644.93333333]",4.0,gabors,"[20.0, 20.0]",null,0.8,0.25020074,146,,,0,,False,10,train,1
2522,0.0,715.25671,715.50691,45.0,0.08,40.0,-20.0,null,"[3644.93333333, 3644.93333333]",4.0,gabors,"[20.0, 20.0]",null,0.8,0.25020074,117,,,0,,False,11,test,1
2523,0.0,715.50691,715.75711,45.0,0.08,-20.0,20.0,null,"[3644.93333333, 3644.93333333]",4.0,gabors,"[20.0, 20.0]",null,0.8,0.25020074,235,,,0,,False,7,train,1
2524,0.0,715.75711,716.00731,0.0,0.08,-30.0,-40.0,null,"[3644.93333333, 3644.93333333]",4.0,gabors,"[20.0, 20.0]",null,0.8,0.25020074,46,,,0,,False,9,train,0
2525,0.0,716.00731,716.25753,90.0,0.08,-10.0,20.0,null,"[3644.93333333, 3644.93333333]",4.0,gabors,"[20.0, 20.0]",null,0.8,0.25021426,137,,,0,,False,12,train,2
2526,0.0,716.25753,716.50774,45.0,0.08,20.0,30.0,null,"[3644.93333333, 3644.93333333]",4.0,gabors,"[20.0, 20.0]",null,0.8,0.25021426,146,,,0,,False,11,test,1
2527,0.0,716.50774,716.75795,90.0,0.08,-30.0,-30.0,null,"[3644.93333333, 3644.93333333]",4.0,gabors,"[20.0, 20.0]",null,0.8,0.25021426,175,,,0,,False,6,train,2
2528,0.0,716.75795,717.00817,45.0,0.08,-20.0,0.0,null,"[3644.93333333, 3644.93333333]",4.0,gabors,"[20.0, 20.0]",null,0.8,0.25021426,34,,,0,,False,11,test,1
2529,0.0,717.00817,717.25837,0.0,0.08,-40.0,20.0,null,"[3644.93333333, 3644.93333333]",4.0,gabors,"[20.0, 20.0]",null,0.8,0.25020324,106,,,0,,False,11,test,0
2530,0.0,717.25837,717.50857,0.0,0.08,10.0,-30.0,null,"[3644.93333333, 3644.93333333]",4.0,gabors,"[20.0, 20.0]",null,0.8,0.25020324,148,,,0,,False,9,train,0
2531,0.0,717.50857,717.75878,45.0,0.08,-40.0,-40.0,null,"[3644.93333333, 3644.93333333]",4.0,gabors,"[20.0, 20.0]",null,0.8,0.25020324,177,,,0,,False,9,train,1
2532,0.0,717.75878,718.00898,0.0,0.08,-10.0,-10.0,null,"[3644.93333333, 3644.93333333]",4.0,gabors,"[20.0, 20.0]",null,0.8,0.25020324,158,,,0,,False,9,train,0
2533,0.0,718.00898,718.2592,90.0,0.08,20.0,30.0,null,"[3644.93333333, 3644.93333333]",4.0,gabors,"[20.0, 20.0]",null,0.8,0.25021426,188,,,0,,False,7,train,2
2534,0.0,718.2592,718.50941,90.0,0.08,-10.0,0.0,null,"[3644.93333333, 3644.93333333]",4.0,gabors,"[20.0, 20.0]",null,0.8,0.25021426,142,,,0,,False,10,train,2
2535,0.0,718.50941,718.75962,45.0,0.08,-40.0,10.0,null,"[3644.93333333, 3644.93333333]",4.0,gabors,"[20.0, 20.0]",null,0.8,0.25021426,16,,,0,,False,11,test,1
2536,0.0,718.75962,719.00984,90.0,0.08,20.0,-20.0,null,"[3644.93333333, 3644.93333333]",4.0,gabors,"[20.0, 20.0]",null,0.8,0.25021426,232,,,0,,False,9,train,2
2537,0.0,719.00984,719.26005,0.0,0.08,40.0,30.0,null,"[3644.93333333, 3644.93333333]",4.0,gabors,"[20.0, 20.0]",null,0.8,0.25020824,95,,,0,,False,13,train,0
2538,0.0,719.26005,719.51025,90.0,0.08,0.0,10.0,null,"[3644.93333333, 3644.93333333]",4.0,gabors,"[20.0, 20.0]",null,0.8,0.25020824,30,,,0,,False,13,train,2
2539,0.0,719.51025,719.76046,0.0,0.08,10.0,40.0,null,"[3644.93333333, 3644.93333333]",4.0,gabors,"[20.0, 20.0]",null,0.8,0.25020824,9,,,0,,False,13,train,0
2540,0.0,719.76046,720.01067,45.0,0.08,0.0,10.0,null,"[3644.93333333, 3644.93333333]",4.0,gabors,"[20.0, 20.0]",null,0.8,0.25020824,195,,,0,,False,10,train,1
2541,0.0,720.01067,720.26089,45.0,0.08,30.0,-30.0,null,"[3644.93333333, 3644.93333333]",4.0,gabors,"[20.0, 20.0]",null,0.8,0.25021426,153,,,0,,False,6,train,1
2542,0.0,720.26089,720.5111,0.0,0.08,40.0,-40.0,null,"[3644.93333333, 3644.93333333]",4.0,gabors,"[20.0, 20.0]",null,0.8,0.25021426,62,,,0,,False,12,train,0
2543,0.0,720.5111,720.76131,0.0,0.08,20.0,-30.0,null,"[3644.93333333, 3644.93333333]",4.0,gabors,"[20.0, 20.0]",null,0.8,0.25021426,22,,,0,,False,12,train,0
2544,0.0,720.76131,721.01153,0.0,0.08,30.0,30.0,null,"[3644.93333333, 3644.93333333]",4.0,gabors,"[20.0, 20.0]",null,0.8,0.25021426,114,,,0,,False,10,train,0
2545,0.0,721.01153,721.26173,45.0,0.08,30.0,-30.0,null,"[3644.93333333, 3644.93333333]",4.0,gabors,"[20.0, 20.0]",null,0.8,0.25020074,153,,,0,,False,7,train,1
2546,0.0,721.26173,721.51193,0.0,0.08,30.0,30.0,null,"[3644.93333333, 3644.93333333]",4.0,gabors,"[20.0, 20.0]",null,0.8,0.25020074,114,,,0,,False,11,test,0
2547,0.0,721.51193,721.76213,45.0,0.08,-10.0,20.0,null,"[3644.93333333, 3644.93333333]",4.0,gabors,"[20.0, 20.0]",null,0.8,0.25020074,201,,,0,,False,9,train,1
2548,0.0,721.76213,722.01233,0.0,0.08,20.0,30.0,null,"[3644.93333333, 3644.93333333]",4.0,gabors,"[20.0, 20.0]",null,0.8,0.25020074,166,,,0,,False,11,test,0
2549,0.0,722.01233,722.26255,0.0,0.08,30.0,10.0,null,"[3644.93333333, 3644.93333333]",4.0,gabors,"[20.0, 20.0]",null,0.8,0.25021426,5,,,0,,False,12,train,0
2550,0.0,722.26255,722.51276,45.0,0.08,-20.0,0.0,null,"[3644.93333333, 3644.93333333]",4.0,gabors,"[20.0, 20.0]",null,0.8,0.25021426,34,,,0,,False,12,train,1
2551,0.0,722.51276,722.76297,0.0,0.08,30.0,0.0,null,"[3644.93333333, 3644.93333333]",4.0,gabors,"[20.0, 20.0]",null,0.8,0.25021426,66,,,0,,False,11,test,0
2552,0.0,722.76297,723.01319,90.0,0.08,0.0,30.0,null,"[3644.93333333, 3644.93333333]",4.0,gabors,"[20.0, 20.0]",null,0.8,0.25021426,10,,,0,,False,12,train,2
2553,0.0,723.01319,723.26339,0.0,0.08,30.0,40.0,null,"[3644.93333333, 3644.93333333]",4.0,gabors,"[20.0, 20.0]",null,0.8,0.25020574,23,,,0,,False,10,train,0
2554,0.0,723.26339,723.5136,90.0,0.08,-40.0,-30.0,null,"[3644.93333333, 3644.93333333]",4.0,gabors,"[20.0, 20.0]",null,0.8,0.25020574,56,,,0,,False,9,train,2
2555,0.0,723.5136,723.76381,0.0,0.08,-40.0,30.0,null,"[3644.93333333, 3644.93333333]",4.0,gabors,"[20.0, 20.0]",null,0.8,0.25020574,129,,,0,,False,12,train,0
2556,0.0,723.76381,724.01401,45.0,0.08,-40.0,-30.0,null,"[3644.93333333, 3644.93333333]",4.0,gabors,"[20.0, 20.0]",null,0.8,0.25020574,92,,,0,,False,9,train,1
2557,0.0,724.01401,724.26422,90.0,0.08,20.0,-10.0,null,"[3644.93333333, 3644.93333333]",4.0,gabors,"[20.0, 20.0]",null,0.8,0.25020426,160,,,0,,False,11,test,2
2558,0.0,724.26422,724.51442,90.0,0.08,40.0,-20.0,null,"[3644.93333333, 3644.93333333]",4.0,gabors,"[20.0, 20.0]",null,0.8,0.25020426,60,,,0,,False,10,train,2
2559,0.0,724.51442,724.76462,45.0,0.08,20.0,40.0,null,"[3644.93333333, 3644.93333333]",4.0,gabors,"[20.0, 20.0]",null,0.8,0.25020426,24,,,0,,False,9,train,1
2560,0.0,724.76462,725.01483,90.0,0.08,-40.0,10.0,null,"[3644.93333333, 3644.93333333]",4.0,gabors,"[20.0, 20.0]",null,0.8,0.25020426,115,,,0,,False,10,train,2
2561,0.0,725.01483,725.26504,90.0,0.08,-20.0,20.0,null,"[3644.93333333, 3644.93333333]",4.0,gabors,"[20.0, 20.0]",null,0.8,0.25021074,242,,,0,,False,7,train,2
2562,0.0,725.26504,725.51525,0.0,0.08,20.0,40.0,null,"[3644.93333333, 3644.93333333]",4.0,gabors,"[20.0, 20.0]",null,0.8,0.25021074,151,,,0,,False,11,test,0
2563,0.0,725.51525,725.76546,0.0,0.08,20.0,0.0,null,"[3644.93333333, 3644.93333333]",4.0,gabors,"[20.0, 20.0]",null,0.8,0.25021074,50,,,0,,False,13,train,0
2564,0.0,725.76546,726.01567,90.0,0.08,-30.0,-30.0,null,"[3644.93333333, 3644.93333333]",4.0,gabors,"[20.0, 20.0]",null,0.8,0.25021074,175,,,0,,False,7,train,2
2565,0.0,726.01567,726.26589,45.0,0.08,-40.0,0.0,null,"[3644.93333333, 3644.93333333]",4.0,gabors,"[20.0, 20.0]",null,0.8,0.25021426,208,,,0,,False,9,train,1
2566,0.0,726.26589,726.5161,90.0,0.08,-20.0,-30.0,null,"[3644.93333333, 3644.93333333]",4.0,gabors,"[20.0, 20.0]",null,0.8,0.25021426,161,,,0,,False,9,train,2
2567,0.0,726.5161,726.76631,45.0,0.08,-10.0,0.0,null,"[3644.93333333, 3644.93333333]",4.0,gabors,"[20.0, 20.0]",null,0.8,0.25021426,63,,,0,,False,9,train,1
2568,0.0,726.76631,727.01653,0.0,0.08,10.0,-40.0,null,"[3644.93333333, 3644.93333333]",4.0,gabors,"[20.0, 20.0]",null,0.8,0.25021426,211,,,0,,False,10,train,0
2569,0.0,727.01653,727.26674,45.0,0.08,-40.0,-10.0,null,"[3644.93333333, 3644.93333333]",4.0,gabors,"[20.0, 20.0]",null,0.8,0.25020824,210,,,0,,False,10,train,1
2570,0.0,727.26674,727.51694,0.0,0.08,-10.0,40.0,null,"[3644.93333333, 3644.93333333]",4.0,gabors,"[20.0, 20.0]",null,0.8,0.25020824,234,,,0,,False,10,train,0
2571,0.0,727.51694,727.76715,45.0,0.08,-10.0,-10.0,null,"[3644.93333333, 3644.93333333]",4.0,gabors,"[20.0, 20.0]",null,0.8,0.25020824,55,,,0,,False,12,train,1
2572,0.0,727.76715,728.01736,45.0,0.08,10.0,10.0,null,"[3644.93333333, 3644.93333333]",4.0,gabors,"[20.0, 20.0]",null,0.8,0.25020824,11,,,0,,False,10,train,1
2573,0.0,728.01736,728.26758,0.0,0.08,30.0,-20.0,null,"[3644.93333333, 3644.93333333]",4.0,gabors,"[20.0, 20.0]",null,0.8,0.25021426,194,,,0,,False,13,train,0
2574,0.0,728.26758,728.51779,45.0,0.08,40.0,-40.0,null,"[3644.93333333, 3644.93333333]",4.0,gabors,"[20.0, 20.0]",null,0.8,0.25021426,119,,,0,,False,11,test,1
2575,0.0,728.51779,728.768,90.0,0.08,40.0,-10.0,null,"[3644.93333333, 3644.93333333]",4.0,gabors,"[20.0, 20.0]",null,0.8,0.25021426,127,,,0,,False,7,train,2
2576,0.0,728.768,729.01822,45.0,0.08,-20.0,30.0,null,"[3644.93333333, 3644.93333333]",4.0,gabors,"[20.0, 20.0]",null,0.8,0.25021426,228,,,0,,False,11,test,1
2577,0.0,729.01822,729.26842,90.0,0.08,-30.0,30.0,null,"[3644.93333333, 3644.93333333]",4.0,gabors,"[20.0, 20.0]",null,0.8,0.25020574,96,,,0,,False,11,test,2
2578,0.0,729.26842,729.51863,90.0,0.08,40.0,-10.0,null,"[3644.93333333, 3644.93333333]",4.0,gabors,"[20.0, 20.0]",null,0.8,0.25020574,127,,,0,,False,8,test,2
2579,0.0,729.51863,729.76884,45.0,0.08,0.0,0.0,null,"[3644.93333333, 3644.93333333]",4.0,gabors,"[20.0, 20.0]",null,0.8,0.25020574,32,,,0,,False,10,train,1
2580,0.0,729.76884,730.01904,90.0,0.08,0.0,40.0,null,"[3644.93333333, 3644.93333333]",4.0,gabors,"[20.0, 20.0]",null,0.8,0.25020574,217,,,0,,False,7,train,2
2581,0.0,730.01904,730.26925,45.0,0.08,-10.0,20.0,null,"[3644.93333333, 3644.93333333]",4.0,gabors,"[20.0, 20.0]",null,0.8,0.25020676,201,,,0,,False,10,train,1
2582,0.0,730.26925,730.51945,90.0,0.08,0.0,-10.0,null,"[3644.93333333, 3644.93333333]",4.0,gabors,"[20.0, 20.0]",null,0.8,0.25020676,49,,,0,,False,10,train,2
2583,0.0,730.51945,730.76966,90.0,0.08,-20.0,-30.0,null,"[3644.93333333, 3644.93333333]",4.0,gabors,"[20.0, 20.0]",null,0.8,0.25020676,161,,,0,,False,10,train,2
2584,0.0,730.76966,731.01987,0.0,0.08,-40.0,-20.0,null,"[3644.93333333, 3644.93333333]",4.0,gabors,"[20.0, 20.0]",null,0.8,0.25020676,13,,,0,,False,8,test,0
2585,0.0,731.01987,731.27008,0.0,0.08,-40.0,10.0,null,"[3644.93333333, 3644.93333333]",4.0,gabors,"[20.0, 20.0]",null,0.8,0.25020824,205,,,0,,False,10,train,0
2586,0.0,731.27008,731.52028,45.0,0.08,-40.0,30.0,null,"[3644.93333333, 3644.93333333]",4.0,gabors,"[20.0, 20.0]",null,0.8,0.25020824,68,,,0,,False,12,train,1
2587,0.0,731.52028,731.77049,0.0,0.08,10.0,-10.0,null,"[3644.93333333, 3644.93333333]",4.0,gabors,"[20.0, 20.0]",null,0.8,0.25020824,231,,,0,,False,9,train,0
2588,0.0,731.77049,732.0207,45.0,0.08,-10.0,40.0,null,"[3644.93333333, 3644.93333333]",4.0,gabors,"[20.0, 20.0]",null,0.8,0.25020824,48,,,0,,False,13,train,1
2589,0.0,732.0207,732.27091,45.0,0.08,-40.0,-40.0,null,"[3644.93333333, 3644.93333333]",4.0,gabors,"[20.0, 20.0]",null,0.8,0.25021176,177,,,0,,False,10,train,1
2590,0.0,732.27091,732.52112,0.0,0.08,0.0,-40.0,null,"[3644.93333333, 3644.93333333]",4.0,gabors,"[20.0, 20.0]",null,0.8,0.25021176,12,,,0,,False,10,train,0
2591,0.0,732.52112,732.77134,90.0,0.08,20.0,10.0,null,"[3644.93333333, 3644.93333333]",4.0,gabors,"[20.0, 20.0]",null,0.8,0.25021176,130,,,0,,False,11,test,2
2592,0.0,732.77134,733.02155,0.0,0.08,0.0,0.0,null,"[3644.93333333, 3644.93333333]",4.0,gabors,"[20.0, 20.0]",null,0.8,0.25021176,240,,,0,,False,9,train,0
2593,0.0,733.02155,733.27175,0.0,0.08,30.0,-40.0,null,"[3644.93333333, 3644.93333333]",4.0,gabors,"[20.0, 20.0]",null,0.8,0.25020574,168,,,0,,False,12,train,0
2594,0.0,733.27175,733.52196,45.0,0.08,20.0,-30.0,null,"[3644.93333333, 3644.93333333]",4.0,gabors,"[20.0, 20.0]",null,0.8,0.25020574,159,,,0,,False,10,train,1
2595,0.0,733.52196,733.77217,90.0,0.08,-10.0,40.0,null,"[3644.93333333, 3644.93333333]",4.0,gabors,"[20.0, 20.0]",null,0.8,0.25020574,27,,,0,,False,11,test,2
2596,0.0,733.77217,734.02237,90.0,0.08,40.0,-10.0,null,"[3644.93333333, 3644.93333333]",4.0,gabors,"[20.0, 20.0]",null,0.8,0.25020574,127,,,0,,False,9,train,2
2597,0.0,734.02237,734.27258,90.0,0.08,10.0,40.0,null,"[3644.93333333, 3644.93333333]",4.0,gabors,"[20.0, 20.0]",null,0.8,0.25021176,135,,,0,,False,11,test,2
2598,0.0,734.27258,734.52279,90.0,0.08,30.0,-20.0,null,"[3644.93333333, 3644.93333333]",4.0,gabors,"[20.0, 20.0]",null,0.8,0.25021176,21,,,0,,False,8,test,2
2599,0.0,734.52279,734.77301,90.0,0.08,-10.0,-20.0,null,"[3644.93333333, 3644.93333333]",4.0,gabors,"[20.0, 20.0]",null,0.8,0.25021176,17,,,0,,False,11,test,2
2600,0.0,734.77301,735.02322,0.0,0.08,-10.0,-10.0,null,"[3644.93333333, 3644.93333333]",4.0,gabors,"[20.0, 20.0]",null,0.8,0.25021176,158,,,0,,False,10,train,0
2601,0.0,735.02322,735.27343,90.0,0.08,-10.0,40.0,null,"[3644.93333333, 3644.93333333]",4.0,gabors,"[20.0, 20.0]",null,0.8,0.25020824,27,,,0,,False,12,train,2
2602,0.0,735.27343,735.52363,90.0,0.08,-20.0,-10.0,null,"[3644.93333333, 3644.93333333]",4.0,gabors,"[20.0, 20.0]",null,0.8,0.25020824,51,,,0,,False,13,train,2
2603,0.0,735.52363,735.77384,90.0,0.08,-30.0,40.0,null,"[3644.93333333, 3644.93333333]",4.0,gabors,"[20.0, 20.0]",null,0.8,0.25020824,86,,,0,,False,10,train,2
2604,0.0,735.77384,736.02405,45.0,0.08,-40.0,-20.0,null,"[3644.93333333, 3644.93333333]",4.0,gabors,"[20.0, 20.0]",null,0.8,0.25020824,57,,,0,,False,10,train,1
2605,0.0,736.02405,736.27426,90.0,0.08,20.0,-20.0,null,"[3644.93333333, 3644.93333333]",4.0,gabors,"[20.0, 20.0]",null,0.8,0.25021176,232,,,0,,False,10,train,2
2606,0.0,736.27426,736.52447,0.0,0.08,-30.0,20.0,null,"[3644.93333333, 3644.93333333]",4.0,gabors,"[20.0, 20.0]",null,0.8,0.25021176,227,,,0,,False,8,test,0
2607,0.0,736.52447,736.77469,0.0,0.08,-40.0,40.0,null,"[3644.93333333, 3644.93333333]",4.0,gabors,"[20.0, 20.0]",null,0.8,0.25021176,14,,,0,,False,11,test,0
2608,0.0,736.77469,737.0249,45.0,0.08,30.0,0.0,null,"[3644.93333333, 3644.93333333]",4.0,gabors,"[20.0, 20.0]",null,0.8,0.25021176,102,,,0,,False,11,test,1
2609,0.0,737.0249,737.2751,0.0,0.08,-20.0,0.0,null,"[3644.93333333, 3644.93333333]",4.0,gabors,"[20.0, 20.0]",null,0.8,0.25020574,15,,,0,,False,9,train,0
2610,0.0,737.2751,737.52531,0.0,0.08,-30.0,-20.0,null,"[3644.93333333, 3644.93333333]",4.0,gabors,"[20.0, 20.0]",null,0.8,0.25020574,214,,,0,,False,13,train,0
2611,0.0,737.52531,737.77552,45.0,0.08,30.0,-10.0,null,"[3644.93333333, 3644.93333333]",4.0,gabors,"[20.0, 20.0]",null,0.8,0.25020574,199,,,0,,False,13,train,1
2612,0.0,737.77552,738.02572,0.0,0.08,0.0,40.0,null,"[3644.93333333, 3644.93333333]",4.0,gabors,"[20.0, 20.0]",null,0.8,0.25020574,123,,,0,,False,9,train,0
2613,0.0,738.02572,738.27593,45.0,0.08,-40.0,10.0,null,"[3644.93333333, 3644.93333333]",4.0,gabors,"[20.0, 20.0]",null,0.8,0.25021176,16,,,0,,False,12,train,1
2614,0.0,738.27593,738.52614,90.0,0.08,40.0,0.0,null,"[3644.93333333, 3644.93333333]",4.0,gabors,"[20.0, 20.0]",null,0.8,0.25021176,144,,,0,,False,10,train,2
2615,0.0,738.52614,738.77636,90.0,0.08,40.0,20.0,null,"[3644.93333333, 3644.93333333]",4.0,gabors,"[20.0, 20.0]",null,0.8,0.25021176,76,,,0,,False,10,train,2
2616,0.0,738.77636,739.02657,90.0,0.08,40.0,10.0,null,"[3644.93333333, 3644.93333333]",4.0,gabors,"[20.0, 20.0]",null,0.8,0.25021176,141,,,0,,False,9,train,2
2617,0.0,739.02657,739.27678,90.0,0.08,-20.0,10.0,null,"[3644.93333333, 3644.93333333]",4.0,gabors,"[20.0, 20.0]",null,0.8,0.25020824,162,,,0,,False,10,train,2
2618,0.0,739.27678,739.52698,90.0,0.08,0.0,-30.0,null,"[3644.93333333, 3644.93333333]",4.0,gabors,"[20.0, 20.0]",null,0.8,0.25020824,230,,,0,,False,11,test,2
2619,0.0,739.52698,739.77719,45.0,0.08,30.0,-10.0,null,"[3644.93333333, 3644.93333333]",4.0,gabors,"[20.0, 20.0]",null,0.8,0.25020824,199,,,0,,False,14,test,1
2620,0.0,739.77719,740.0274,90.0,0.08,-10.0,10.0,null,"[3644.93333333, 3644.93333333]",4.0,gabors,"[20.0, 20.0]",null,0.8,0.25020824,169,,,0,,False,11,test,2
2621,0.0,740.0274,740.27762,45.0,0.08,40.0,-10.0,null,"[3644.93333333, 3644.93333333]",4.0,gabors,"[20.0, 20.0]",null,0.8,0.25021926,38,,,0,,False,12,train,1
2622,0.0,740.27762,740.52784,90.0,0.08,0.0,-20.0,null,"[3644.93333333, 3644.93333333]",4.0,gabors,"[20.0, 20.0]",null,0.8,0.25021926,155,,,0,,False,12,train,2
2623,0.0,740.52784,740.77806,45.0,0.08,-30.0,-20.0,null,"[3644.93333333, 3644.93333333]",4.0,gabors,"[20.0, 20.0]",null,0.8,0.25021926,233,,,0,,False,9,train,1
2624,0.0,740.77806,741.02828,90.0,0.08,30.0,-10.0,null,"[3644.93333333, 3644.93333333]",4.0,gabors,"[20.0, 20.0]",null,0.8,0.25021926,243,,,0,,False,5,test,2
2625,0.0,741.02828,741.27848,90.0,0.08,-20.0,40.0,null,"[3644.93333333, 3644.93333333]",4.0,gabors,"[20.0, 20.0]",null,0.8,0.25019824,116,,,0,,False,8,test,2
2626,0.0,741.27848,741.52867,45.0,0.08,10.0,0.0,null,"[3644.93333333, 3644.93333333]",4.0,gabors,"[20.0, 20.0]",null,0.8,0.25019824,53,,,0,,False,11,test,1
2627,0.0,741.52867,741.77887,45.0,0.08,-10.0,10.0,null,"[3644.93333333, 3644.93333333]",4.0,gabors,"[20.0, 20.0]",null,0.8,0.25019824,186,,,0,,False,9,train,1
2628,0.0,741.77887,742.02907,90.0,0.08,20.0,20.0,null,"[3644.93333333, 3644.93333333]",4.0,gabors,"[20.0, 20.0]",null,0.8,0.25019824,35,,,0,,False,10,train,2
2629,0.0,742.02907,742.27928,90.0,0.08,-10.0,30.0,null,"[3644.93333333, 3644.93333333]",4.0,gabors,"[20.0, 20.0]",null,0.8,0.25020926,200,,,0,,False,10,train,2
2630,0.0,742.27928,742.52949,90.0,0.08,-40.0,0.0,null,"[3644.93333333, 3644.93333333]",4.0,gabors,"[20.0, 20.0]",null,0.8,0.25020926,80,,,0,,False,11,test,2
2631,0.0,742.52949,742.7797,90.0,0.08,-10.0,-40.0,null,"[3644.93333333, 3644.93333333]",4.0,gabors,"[20.0, 20.0]",null,0.8,0.25020926,156,,,0,,False,13,train,2
2632,0.0,742.7797,743.02991,45.0,0.08,-30.0,-10.0,null,"[3644.93333333, 3644.93333333]",4.0,gabors,"[20.0, 20.0]",null,0.8,0.25020926,154,,,0,,False,10,train,1
2633,0.0,743.02991,743.28012,0.0,0.08,0.0,0.0,null,"[3644.93333333, 3644.93333333]",4.0,gabors,"[20.0, 20.0]",null,0.8,0.25021074,240,,,0,,False,10,train,0
2634,0.0,743.28012,743.53033,45.0,0.08,0.0,40.0,null,"[3644.93333333, 3644.93333333]",4.0,gabors,"[20.0, 20.0]",null,0.8,0.25021074,7,,,0,,False,12,train,1
2635,0.0,743.53033,743.78054,90.0,0.08,20.0,30.0,null,"[3644.93333333, 3644.93333333]",4.0,gabors,"[20.0, 20.0]",null,0.8,0.25021074,188,,,0,,False,8,test,2
2636,0.0,743.78054,744.03075,45.0,0.08,-20.0,-40.0,null,"[3644.93333333, 3644.93333333]",4.0,gabors,"[20.0, 20.0]",null,0.8,0.25021074,118,,,0,,False,12,train,1
2637,0.0,744.03075,744.28096,0.0,0.08,10.0,-30.0,null,"[3644.93333333, 3644.93333333]",4.0,gabors,"[20.0, 20.0]",null,0.8,0.25021176,148,,,0,,False,10,train,0
2638,0.0,744.28096,744.53117,0.0,0.08,-10.0,30.0,null,"[3644.93333333, 3644.93333333]",4.0,gabors,"[20.0, 20.0]",null,0.8,0.25021176,29,,,0,,False,12,train,0
2639,0.0,744.53117,744.78139,45.0,0.08,30.0,-30.0,null,"[3644.93333333, 3644.93333333]",4.0,gabors,"[20.0, 20.0]",null,0.8,0.25021176,153,,,0,,False,8,test,1
2640,0.0,744.78139,745.0316,90.0,0.08,-30.0,0.0,null,"[3644.93333333, 3644.93333333]",4.0,gabors,"[20.0, 20.0]",null,0.8,0.25021176,31,,,0,,False,11,test,2
2641,0.0,745.0316,745.2818,90.0,0.08,-20.0,20.0,null,"[3644.93333333, 3644.93333333]",4.0,gabors,"[20.0, 20.0]",null,0.8,0.25020324,242,,,0,,False,8,test,2
2642,0.0,745.2818,745.532,90.0,0.08,20.0,-40.0,null,"[3644.93333333, 3644.93333333]",4.0,gabors,"[20.0, 20.0]",null,0.8,0.25020324,33,,,0,,False,11,test,2
2643,0.0,745.532,745.78221,45.0,0.08,-40.0,-10.0,null,"[3644.93333333, 3644.93333333]",4.0,gabors,"[20.0, 20.0]",null,0.8,0.25020324,210,,,0,,False,11,test,1
2644,0.0,745.78221,746.03241,90.0,0.08,20.0,40.0,null,"[3644.93333333, 3644.93333333]",4.0,gabors,"[20.0, 20.0]",null,0.8,0.25020324,180,,,0,,False,7,train,2
2645,0.0,746.03241,746.28262,45.0,0.08,-40.0,-20.0,null,"[3644.93333333, 3644.93333333]",4.0,gabors,"[20.0, 20.0]",null,0.8,0.25020926,57,,,0,,False,11,test,1
2646,0.0,746.28262,746.53283,45.0,0.08,20.0,-30.0,null,"[3644.93333333, 3644.93333333]",4.0,gabors,"[20.0, 20.0]",null,0.8,0.25020926,159,,,0,,False,11,test,1
2647,0.0,746.53283,746.78304,0.0,0.08,-20.0,-10.0,null,"[3644.93333333, 3644.93333333]",4.0,gabors,"[20.0, 20.0]",null,0.8,0.25020926,84,,,0,,False,8,test,0
2648,0.0,746.78304,747.03325,45.0,0.08,-20.0,-10.0,null,"[3644.93333333, 3644.93333333]",4.0,gabors,"[20.0, 20.0]",null,0.8,0.25020926,107,,,0,,False,12,train,1
2649,0.0,747.03325,747.28346,90.0,0.08,40.0,0.0,null,"[3644.93333333, 3644.93333333]",4.0,gabors,"[20.0, 20.0]",null,0.8,0.25021324,144,,,0,,False,11,test,2
2650,0.0,747.28346,747.53367,90.0,0.08,-30.0,40.0,null,"[3644.93333333, 3644.93333333]",4.0,gabors,"[20.0, 20.0]",null,0.8,0.25021324,86,,,0,,False,11,test,2
2651,0.0,747.53367,747.78389,90.0,0.08,10.0,-10.0,null,"[3644.93333333, 3644.93333333]",4.0,gabors,"[20.0, 20.0]",null,0.8,0.25021324,3,,,0,,False,10,train,2
2652,0.0,747.78389,748.0341,90.0,0.08,30.0,-40.0,null,"[3644.93333333, 3644.93333333]",4.0,gabors,"[20.0, 20.0]",null,0.8,0.25021324,8,,,0,,False,9,train,2
2653,0.0,748.0341,748.28431,45.0,0.08,40.0,10.0,null,"[3644.93333333, 3644.93333333]",4.0,gabors,"[20.0, 20.0]",null,0.8,0.25020676,121,,,0,,False,12,train,1
2654,0.0,748.28431,748.53451,90.0,0.08,-10.0,-30.0,null,"[3644.93333333, 3644.93333333]",4.0,gabors,"[20.0, 20.0]",null,0.8,0.25020676,133,,,0,,False,13,train,2
2655,0.0,748.53451,748.78472,90.0,0.08,-30.0,20.0,null,"[3644.93333333, 3644.93333333]",4.0,gabors,"[20.0, 20.0]",null,0.8,0.25020676,176,,,0,,False,9,train,2
2656,0.0,748.78472,749.03493,90.0,0.08,30.0,-40.0,null,"[3644.93333333, 3644.93333333]",4.0,gabors,"[20.0, 20.0]",null,0.8,0.25020676,8,,,0,,False,10,train,2
2657,0.0,749.03493,749.28514,45.0,0.08,0.0,-40.0,null,"[3644.93333333, 3644.93333333]",4.0,gabors,"[20.0, 20.0]",null,0.8,0.25020824,225,,,0,,False,11,test,1
2658,0.0,749.28514,749.53534,45.0,0.08,0.0,10.0,null,"[3644.93333333, 3644.93333333]",4.0,gabors,"[20.0, 20.0]",null,0.8,0.25020824,195,,,0,,False,11,test,1
2659,0.0,749.53534,749.78555,45.0,0.08,20.0,-40.0,null,"[3644.93333333, 3644.93333333]",4.0,gabors,"[20.0, 20.0]",null,0.8,0.25020824,90,,,0,,False,13,train,1
2660,0.0,749.78555,750.03576,0.0,0.08,-10.0,10.0,null,"[3644.93333333, 3644.93333333]",4.0,gabors,"[20.0, 20.0]",null,0.8,0.25020824,87,,,0,,False,8,test,0
2661,0.0,750.03576,750.28597,0.0,0.08,40.0,-20.0,null,"[3644.93333333, 3644.93333333]",4.0,gabors,"[20.0, 20.0]",null,0.8,0.25020926,164,,,0,,False,9,train,0
2662,0.0,750.28597,750.53618,90.0,0.08,0.0,0.0,null,"[3644.93333333, 3644.93333333]",4.0,gabors,"[20.0, 20.0]",null,0.8,0.25020926,88,,,0,,False,9,train,2
2663,0.0,750.53618,750.78639,90.0,0.08,-30.0,30.0,null,"[3644.93333333, 3644.93333333]",4.0,gabors,"[20.0, 20.0]",null,0.8,0.25020926,96,,,0,,False,12,train,2
2664,0.0,750.78639,751.0366,45.0,0.08,-40.0,-30.0,null,"[3644.93333333, 3644.93333333]",4.0,gabors,"[20.0, 20.0]",null,0.8,0.25020926,92,,,0,,False,10,train,1
2665,0.0,751.0366,751.28681,0.0,0.08,-30.0,-40.0,null,"[3644.93333333, 3644.93333333]",4.0,gabors,"[20.0, 20.0]",null,0.8,0.25021074,46,,,0,,False,10,train,0
2666,0.0,751.28681,751.53702,45.0,0.08,-20.0,-40.0,null,"[3644.93333333, 3644.93333333]",4.0,gabors,"[20.0, 20.0]",null,0.8,0.25021074,118,,,0,,False,13,train,1
2667,0.0,751.53702,751.78723,0.0,0.08,30.0,40.0,null,"[3644.93333333, 3644.93333333]",4.0,gabors,"[20.0, 20.0]",null,0.8,0.25021074,23,,,0,,False,11,test,0
2668,0.0,751.78723,752.03744,0.0,0.08,40.0,40.0,null,"[3644.93333333, 3644.93333333]",4.0,gabors,"[20.0, 20.0]",null,0.8,0.25021074,202,,,0,,False,8,test,0
2669,0.0,752.03744,752.28765,0.0,0.08,10.0,-30.0,null,"[3644.93333333, 3644.93333333]",4.0,gabors,"[20.0, 20.0]",null,0.8,0.25020676,148,,,0,,False,11,test,0
2670,0.0,752.28765,752.53785,90.0,0.08,10.0,40.0,null,"[3644.93333333, 3644.93333333]",4.0,gabors,"[20.0, 20.0]",null,0.8,0.25020676,135,,,0,,False,12,train,2
2671,0.0,752.53785,752.78806,90.0,0.08,-40.0,40.0,null,"[3644.93333333, 3644.93333333]",4.0,gabors,"[20.0, 20.0]",null,0.8,0.25020676,163,,,0,,False,10,train,2
2672,0.0,752.78806,753.03827,0.0,0.08,10.0,30.0,null,"[3644.93333333, 3644.93333333]",4.0,gabors,"[20.0, 20.0]",null,0.8,0.25020676,43,,,0,,False,11,test,0
2673,0.0,753.03827,753.28848,45.0,0.08,30.0,30.0,null,"[3644.93333333, 3644.93333333]",4.0,gabors,"[20.0, 20.0]",null,0.8,0.25021074,39,,,0,,False,12,train,1
2674,0.0,753.28848,753.53869,45.0,0.08,40.0,20.0,null,"[3644.93333333, 3644.93333333]",4.0,gabors,"[20.0, 20.0]",null,0.8,0.25021074,105,,,0,,False,9,train,1
2675,0.0,753.53869,753.7889,90.0,0.08,-10.0,-20.0,null,"[3644.93333333, 3644.93333333]",4.0,gabors,"[20.0, 20.0]",null,0.8,0.25021074,17,,,0,,False,12,train,2
2676,0.0,753.7889,754.03911,0.0,0.08,30.0,40.0,null,"[3644.93333333, 3644.93333333]",4.0,gabors,"[20.0, 20.0]",null,0.8,0.25021074,23,,,0,,False,12,train,0
2677,0.0,754.03911,754.28932,0.0,0.08,40.0,40.0,null,"[3644.93333333, 3644.93333333]",4.0,gabors,"[20.0, 20.0]",null,0.8,0.25020676,202,,,0,,False,9,train,0
2678,0.0,754.28932,754.53952,0.0,0.08,-30.0,20.0,null,"[3644.93333333, 3644.93333333]",4.0,gabors,"[20.0, 20.0]",null,0.8,0.25020676,227,,,0,,False,9,train,0
2679,0.0,754.53952,754.78973,90.0,0.08,-10.0,30.0,null,"[3644.93333333, 3644.93333333]",4.0,gabors,"[20.0, 20.0]",null,0.8,0.25020676,200,,,0,,False,11,test,2
2680,0.0,754.78973,755.03994,45.0,0.08,20.0,0.0,null,"[3644.93333333, 3644.93333333]",4.0,gabors,"[20.0, 20.0]",null,0.8,0.25020676,143,,,0,,False,9,train,1
2681,0.0,755.03994,755.29015,0.0,0.08,-10.0,-30.0,null,"[3644.93333333, 3644.93333333]",4.0,gabors,"[20.0, 20.0]",null,0.8,0.25021324,37,,,0,,False,8,test,0
2682,0.0,755.29015,755.54036,90.0,0.08,-20.0,-20.0,null,"[3644.93333333, 3644.93333333]",4.0,gabors,"[20.0, 20.0]",null,0.8,0.25021324,152,,,0,,False,12,train,2
2683,0.0,755.54036,755.79058,90.0,0.08,-30.0,30.0,null,"[3644.93333333, 3644.93333333]",4.0,gabors,"[20.0, 20.0]",null,0.8,0.25021324,96,,,0,,False,13,train,2
2684,0.0,755.79058,756.04079,0.0,0.08,-20.0,-30.0,null,"[3644.93333333, 3644.93333333]",4.0,gabors,"[20.0, 20.0]",null,0.8,0.25021324,54,,,0,,False,9,train,0
2685,0.0,756.04079,756.291,90.0,0.08,-40.0,-10.0,null,"[3644.93333333, 3644.93333333]",4.0,gabors,"[20.0, 20.0]",null,0.8,0.25020676,190,,,0,,False,9,train,2
2686,0.0,756.291,756.5412,90.0,0.08,30.0,-20.0,null,"[3644.93333333, 3644.93333333]",4.0,gabors,"[20.0, 20.0]",null,0.8,0.25020676,21,,,0,,False,9,train,2
2687,0.0,756.5412,756.79141,45.0,0.08,-10.0,-40.0,null,"[3644.93333333, 3644.93333333]",4.0,gabors,"[20.0, 20.0]",null,0.8,0.25020676,40,,,0,,False,8,test,1
2688,0.0,756.79141,757.04162,45.0,0.08,30.0,10.0,null,"[3644.93333333, 3644.93333333]",4.0,gabors,"[20.0, 20.0]",null,0.8,0.25020676,58,,,0,,False,11,test,1
2689,0.0,757.04162,757.29183,90.0,0.08,20.0,-30.0,null,"[3644.93333333, 3644.93333333]",4.0,gabors,"[20.0, 20.0]",null,0.8,0.25021324,157,,,0,,False,10,train,2
2690,0.0,757.29183,757.54204,90.0,0.08,30.0,0.0,null,"[3644.93333333, 3644.93333333]",4.0,gabors,"[20.0, 20.0]",null,0.8,0.25021324,113,,,0,,False,11,test,2
2691,0.0,757.54204,757.79226,90.0,0.08,-20.0,-30.0,null,"[3644.93333333, 3644.93333333]",4.0,gabors,"[20.0, 20.0]",null,0.8,0.25021324,161,,,0,,False,11,test,2
2692,0.0,757.79226,758.04247,90.0,0.08,40.0,20.0,null,"[3644.93333333, 3644.93333333]",4.0,gabors,"[20.0, 20.0]",null,0.8,0.25021324,76,,,0,,False,11,test,2
2693,0.0,758.04247,758.29268,90.0,0.08,-20.0,30.0,null,"[3644.93333333, 3644.93333333]",4.0,gabors,"[20.0, 20.0]",null,0.8,0.25020926,124,,,0,,False,9,train,2
2694,0.0,758.29268,758.54289,45.0,0.08,-30.0,-20.0,null,"[3644.93333333, 3644.93333333]",4.0,gabors,"[20.0, 20.0]",null,0.8,0.25020926,233,,,0,,False,10,train,1
2695,0.0,758.54289,758.7931,0.0,0.08,-20.0,-40.0,null,"[3644.93333333, 3644.93333333]",4.0,gabors,"[20.0, 20.0]",null,0.8,0.25020926,93,,,0,,False,8,test,0
2696,0.0,758.7931,759.04331,90.0,0.08,-30.0,-10.0,null,"[3644.93333333, 3644.93333333]",4.0,gabors,"[20.0, 20.0]",null,0.8,0.25020926,71,,,0,,False,7,train,2
2697,0.0,759.04331,759.29352,90.0,0.08,-30.0,-40.0,null,"[3644.93333333, 3644.93333333]",4.0,gabors,"[20.0, 20.0]",null,0.8,0.25021074,184,,,0,,False,10,train,2
2698,0.0,759.29352,759.54373,45.0,0.08,-30.0,-10.0,null,"[3644.93333333, 3644.93333333]",4.0,gabors,"[20.0, 20.0]",null,0.8,0.25021074,154,,,0,,False,11,test,1
2699,0.0,759.54373,759.79394,90.0,0.08,-40.0,10.0,null,"[3644.93333333, 3644.93333333]",4.0,gabors,"[20.0, 20.0]",null,0.8,0.25021074,115,,,0,,False,11,test,2
2700,0.0,759.79394,760.04415,90.0,0.08,0.0,0.0,null,"[3644.93333333, 3644.93333333]",4.0,gabors,"[20.0, 20.0]",null,0.8,0.25021074,88,,,0,,False,10,train,2
2701,0.0,760.04415,760.29436,0.0,0.08,30.0,30.0,null,"[3644.93333333, 3644.93333333]",4.0,gabors,"[20.0, 20.0]",null,0.8,0.25020676,114,,,0,,False,12,train,0
2702,0.0,760.29436,760.54456,0.0,0.08,-40.0,-40.0,null,"[3644.93333333, 3644.93333333]",4.0,gabors,"[20.0, 20.0]",null,0.8,0.25020676,52,,,0,,False,10,train,0
2703,0.0,760.54456,760.79477,45.0,0.08,-40.0,-40.0,null,"[3644.93333333, 3644.93333333]",4.0,gabors,"[20.0, 20.0]",null,0.8,0.25020676,177,,,0,,False,11,test,1
2704,0.0,760.79477,761.04498,0.0,0.08,-10.0,-40.0,null,"[3644.93333333, 3644.93333333]",4.0,gabors,"[20.0, 20.0]",null,0.8,0.25020676,139,,,0,,False,11,test,0
2705,0.0,761.04498,761.29519,0.0,0.08,-10.0,20.0,null,"[3644.93333333, 3644.93333333]",4.0,gabors,"[20.0, 20.0]",null,0.8,0.25020824,131,,,0,,False,11,test,0
2706,0.0,761.29519,761.54539,90.0,0.08,30.0,-10.0,null,"[3644.93333333, 3644.93333333]",4.0,gabors,"[20.0, 20.0]",null,0.8,0.25020824,243,,,0,,False,6,train,2
2707,0.0,761.54539,761.7956,90.0,0.08,-40.0,-20.0,null,"[3644.93333333, 3644.93333333]",4.0,gabors,"[20.0, 20.0]",null,0.8,0.25020824,189,,,0,,False,10,train,2
2708,0.0,761.7956,762.04581,0.0,0.08,-10.0,0.0,null,"[3644.93333333, 3644.93333333]",4.0,gabors,"[20.0, 20.0]",null,0.8,0.25020824,128,,,0,,False,7,train,0
2709,0.0,762.04581,762.29602,45.0,0.08,10.0,40.0,null,"[3644.93333333, 3644.93333333]",4.0,gabors,"[20.0, 20.0]",null,0.8,0.25020926,74,,,0,,False,12,train,1
2710,0.0,762.29602,762.54623,90.0,0.08,-40.0,30.0,null,"[3644.93333333, 3644.93333333]",4.0,gabors,"[20.0, 20.0]",null,0.8,0.25020926,45,,,0,,False,8,test,2
2711,0.0,762.54623,762.79644,90.0,0.08,30.0,-20.0,null,"[3644.93333333, 3644.93333333]",4.0,gabors,"[20.0, 20.0]",null,0.8,0.25020926,21,,,0,,False,10,train,2
2712,0.0,762.79644,763.04665,0.0,0.08,-20.0,0.0,null,"[3644.93333333, 3644.93333333]",4.0,gabors,"[20.0, 20.0]",null,0.8,0.25020926,15,,,0,,False,10,train,0
2713,0.0,763.04665,763.29686,45.0,0.08,-10.0,20.0,null,"[3644.93333333, 3644.93333333]",4.0,gabors,"[20.0, 20.0]",null,0.8,0.25020824,201,,,0,,False,11,test,1
2714,0.0,763.29686,763.54706,90.0,0.08,0.0,-30.0,null,"[3644.93333333, 3644.93333333]",4.0,gabors,"[20.0, 20.0]",null,0.8,0.25020824,230,,,0,,False,12,train,2
2715,0.0,763.54706,763.79727,45.0,0.08,30.0,-30.0,null,"[3644.93333333, 3644.93333333]",4.0,gabors,"[20.0, 20.0]",null,0.8,0.25020824,153,,,0,,False,9,train,1
2716,0.0,763.79727,764.04748,45.0,0.08,20.0,10.0,null,"[3644.93333333, 3644.93333333]",4.0,gabors,"[20.0, 20.0]",null,0.8,0.25020824,108,,,0,,False,11,test,1
2717,0.0,764.04748,764.29769,0.0,0.08,-20.0,10.0,null,"[3644.93333333, 3644.93333333]",4.0,gabors,"[20.0, 20.0]",null,0.8,0.25020926,182,,,0,,False,13,train,0
2718,0.0,764.29769,764.5479,45.0,0.08,-20.0,10.0,null,"[3644.93333333, 3644.93333333]",4.0,gabors,"[20.0, 20.0]",null,0.8,0.25020926,213,,,0,,False,8,test,1
2719,0.0,764.5479,764.79811,0.0,0.08,-20.0,30.0,null,"[3644.93333333, 3644.93333333]",4.0,gabors,"[20.0, 20.0]",null,0.8,0.25020926,42,,,0,,False,10,train,0
2720,0.0,764.79811,765.04832,0.0,0.08,-30.0,-40.0,null,"[3644.93333333, 3644.93333333]",4.0,gabors,"[20.0, 20.0]",null,0.8,0.25020926,46,,,0,,False,11,test,0
2721,0.0,765.04832,765.29853,90.0,0.08,40.0,0.0,null,"[3644.93333333, 3644.93333333]",4.0,gabors,"[20.0, 20.0]",null,0.8,0.25020824,144,,,0,,False,12,train,2
2722,0.0,765.29853,765.54873,0.0,0.08,-20.0,-10.0,null,"[3644.93333333, 3644.93333333]",4.0,gabors,"[20.0, 20.0]",null,0.8,0.25020824,84,,,0,,False,9,train,0
2723,0.0,765.54873,765.79894,90.0,0.08,-30.0,-20.0,null,"[3644.93333333, 3644.93333333]",4.0,gabors,"[20.0, 20.0]",null,0.8,0.25020824,111,,,0,,False,14,test,2
2724,0.0,765.79894,766.04915,90.0,0.08,20.0,40.0,null,"[3644.93333333, 3644.93333333]",4.0,gabors,"[20.0, 20.0]",null,0.8,0.25020824,180,,,0,,False,8,test,2
2725,0.0,766.04915,766.29937,45.0,0.08,-30.0,20.0,null,"[3644.93333333, 3644.93333333]",4.0,gabors,"[20.0, 20.0]",null,0.8,0.25021426,101,,,0,,False,8,test,1
2726,0.0,766.29937,766.54958,90.0,0.08,-30.0,40.0,null,"[3644.93333333, 3644.93333333]",4.0,gabors,"[20.0, 20.0]",null,0.8,0.25021426,86,,,0,,False,12,train,2
2727,0.0,766.54958,766.79979,0.0,0.08,-30.0,0.0,null,"[3644.93333333, 3644.93333333]",4.0,gabors,"[20.0, 20.0]",null,0.8,0.25021426,226,,,0,,False,10,train,0
2728,0.0,766.79979,767.05001,45.0,0.08,-30.0,40.0,null,"[3644.93333333, 3644.93333333]",4.0,gabors,"[20.0, 20.0]",null,0.8,0.25021426,147,,,0,,False,8,test,1
2729,0.0,767.05001,767.30022,0.0,0.08,40.0,0.0,null,"[3644.93333333, 3644.93333333]",4.0,gabors,"[20.0, 20.0]",null,0.8,0.25020824,206,,,0,,False,12,train,0
2730,0.0,767.30022,767.55042,0.0,0.08,-10.0,40.0,null,"[3644.93333333, 3644.93333333]",4.0,gabors,"[20.0, 20.0]",null,0.8,0.25020824,234,,,0,,False,11,test,0
2731,0.0,767.55042,767.80063,0.0,0.08,40.0,0.0,null,"[3644.93333333, 3644.93333333]",4.0,gabors,"[20.0, 20.0]",null,0.8,0.25020824,206,,,0,,False,13,train,0
2732,0.0,767.80063,768.05084,90.0,0.08,-40.0,-20.0,null,"[3644.93333333, 3644.93333333]",4.0,gabors,"[20.0, 20.0]",null,0.8,0.25020824,189,,,0,,False,11,test,2
2733,0.0,768.05084,768.30104,0.0,0.08,20.0,-20.0,null,"[3644.93333333, 3644.93333333]",4.0,gabors,"[20.0, 20.0]",null,0.8,0.25020176,112,,,0,,False,11,test,0
2734,0.0,768.30104,768.55124,0.0,0.08,10.0,-20.0,null,"[3644.93333333, 3644.93333333]",4.0,gabors,"[20.0, 20.0]",null,0.8,0.25020176,109,,,0,,False,7,train,0
2735,0.0,768.55124,768.80145,90.0,0.08,0.0,40.0,null,"[3644.93333333, 3644.93333333]",4.0,gabors,"[20.0, 20.0]",null,0.8,0.25020176,217,,,0,,False,8,test,2
2736,0.0,768.80145,769.05165,0.0,0.08,20.0,-30.0,null,"[3644.93333333, 3644.93333333]",4.0,gabors,"[20.0, 20.0]",null,0.8,0.25020176,22,,,0,,False,13,train,0
2737,0.0,769.05165,769.30186,45.0,0.08,20.0,0.0,null,"[3644.93333333, 3644.93333333]",4.0,gabors,"[20.0, 20.0]",null,0.8,0.25021574,143,,,0,,False,10,train,1
2738,0.0,769.30186,769.55208,90.0,0.08,-40.0,30.0,null,"[3644.93333333, 3644.93333333]",4.0,gabors,"[20.0, 20.0]",null,0.8,0.25021574,45,,,0,,False,9,train,2
2739,0.0,769.55208,769.8023,90.0,0.08,20.0,0.0,null,"[3644.93333333, 3644.93333333]",4.0,gabors,"[20.0, 20.0]",null,0.8,0.25021574,138,,,0,,False,10,train,2
2740,0.0,769.8023,770.05251,45.0,0.08,-10.0,20.0,null,"[3644.93333333, 3644.93333333]",4.0,gabors,"[20.0, 20.0]",null,0.8,0.25021574,201,,,0,,False,12,train,1
2741,0.0,770.05251,770.30272,0.0,0.08,-30.0,20.0,null,"[3644.93333333, 3644.93333333]",4.0,gabors,"[20.0, 20.0]",null,0.8,0.25020426,227,,,0,,False,10,train,0
2742,0.0,770.30272,770.55292,0.0,0.08,-20.0,0.0,null,"[3644.93333333, 3644.93333333]",4.0,gabors,"[20.0, 20.0]",null,0.8,0.25020426,15,,,0,,False,11,test,0
2743,0.0,770.55292,770.80312,0.0,0.08,-40.0,10.0,null,"[3644.93333333, 3644.93333333]",4.0,gabors,"[20.0, 20.0]",null,0.8,0.25020426,205,,,0,,False,11,test,0
2744,0.0,770.80312,771.05333,45.0,0.08,-10.0,10.0,null,"[3644.93333333, 3644.93333333]",4.0,gabors,"[20.0, 20.0]",null,0.8,0.25020426,186,,,0,,False,10,train,1
2745,0.0,771.05333,771.30354,90.0,0.08,30.0,10.0,null,"[3644.93333333, 3644.93333333]",4.0,gabors,"[20.0, 20.0]",null,0.8,0.25021324,204,,,0,,False,11,test,2
2746,0.0,771.30354,771.55375,45.0,0.08,40.0,30.0,null,"[3644.93333333, 3644.93333333]",4.0,gabors,"[20.0, 20.0]",null,0.8,0.25021324,1,,,0,,False,11,test,1
2747,0.0,771.55375,771.80397,90.0,0.08,-10.0,0.0,null,"[3644.93333333, 3644.93333333]",4.0,gabors,"[20.0, 20.0]",null,0.8,0.25021324,142,,,0,,False,11,test,2
2748,0.0,771.80397,772.05418,45.0,0.08,30.0,-30.0,null,"[3644.93333333, 3644.93333333]",4.0,gabors,"[20.0, 20.0]",null,0.8,0.25021324,153,,,0,,False,10,train,1
2749,0.0,772.05418,772.30438,0.0,0.08,0.0,-40.0,null,"[3644.93333333, 3644.93333333]",4.0,gabors,"[20.0, 20.0]",null,0.8,0.25020176,12,,,0,,False,11,test,0
2750,0.0,772.30438,772.55458,45.0,0.08,-20.0,20.0,null,"[3644.93333333, 3644.93333333]",4.0,gabors,"[20.0, 20.0]",null,0.8,0.25020176,235,,,0,,False,8,test,1
2751,0.0,772.55458,772.80479,90.0,0.08,40.0,40.0,null,"[3644.93333333, 3644.93333333]",4.0,gabors,"[20.0, 20.0]",null,0.8,0.25020176,110,,,0,,False,11,test,2
2752,0.0,772.80479,773.05499,90.0,0.08,-40.0,20.0,null,"[3644.93333333, 3644.93333333]",4.0,gabors,"[20.0, 20.0]",null,0.8,0.25020176,65,,,0,,False,10,train,2
2753,0.0,773.05499,773.30521,0.0,0.08,0.0,30.0,null,"[3644.93333333, 3644.93333333]",4.0,gabors,"[20.0, 20.0]",null,0.8,0.25021824,203,,,0,,False,10,train,0
2754,0.0,773.30521,773.55542,90.0,0.08,30.0,-10.0,null,"[3644.93333333, 3644.93333333]",4.0,gabors,"[20.0, 20.0]",null,0.8,0.25021824,243,,,0,,False,7,train,2
2755,0.0,773.55542,773.80564,90.0,0.08,20.0,-30.0,null,"[3644.93333333, 3644.93333333]",4.0,gabors,"[20.0, 20.0]",null,0.8,0.25021824,157,,,0,,False,11,test,2
2756,0.0,773.80564,774.05586,0.0,0.08,30.0,-20.0,null,"[3644.93333333, 3644.93333333]",4.0,gabors,"[20.0, 20.0]",null,0.8,0.25021824,194,,,0,,False,14,test,0
2757,0.0,774.05586,774.30607,45.0,0.08,10.0,-30.0,null,"[3644.93333333, 3644.93333333]",4.0,gabors,"[20.0, 20.0]",null,0.8,0.25021176,72,,,0,,False,9,train,1
2758,0.0,774.30607,774.55628,45.0,0.08,-40.0,-10.0,null,"[3644.93333333, 3644.93333333]",4.0,gabors,"[20.0, 20.0]",null,0.8,0.25021176,210,,,0,,False,12,train,1
2759,0.0,774.55628,774.8065,0.0,0.08,-30.0,-40.0,null,"[3644.93333333, 3644.93333333]",4.0,gabors,"[20.0, 20.0]",null,0.8,0.25021176,46,,,0,,False,12,train,0
2760,0.0,774.8065,775.05671,45.0,0.08,40.0,-30.0,null,"[3644.93333333, 3644.93333333]",4.0,gabors,"[20.0, 20.0]",null,0.8,0.25021176,181,,,0,,False,11,test,1
2761,0.0,775.05671,775.30691,90.0,0.08,20.0,40.0,null,"[3644.93333333, 3644.93333333]",4.0,gabors,"[20.0, 20.0]",null,0.8,0.25020074,180,,,0,,False,9,train,2
2762,0.0,775.30691,775.55711,45.0,0.08,10.0,-40.0,null,"[3644.93333333, 3644.93333333]",4.0,gabors,"[20.0, 20.0]",null,0.8,0.25020074,73,,,0,,False,12,train,1
2763,0.0,775.55711,775.80731,90.0,0.08,-20.0,0.0,null,"[3644.93333333, 3644.93333333]",4.0,gabors,"[20.0, 20.0]",null,0.8,0.25020074,171,,,0,,False,9,train,2
2764,0.0,775.80731,776.05751,90.0,0.08,-30.0,-40.0,null,"[3644.93333333, 3644.93333333]",4.0,gabors,"[20.0, 20.0]",null,0.8,0.25020074,184,,,0,,False,11,test,2
2765,0.0,776.05751,776.30773,90.0,0.08,-30.0,-10.0,null,"[3644.93333333, 3644.93333333]",4.0,gabors,"[20.0, 20.0]",null,0.8,0.25021926,71,,,0,,False,8,test,2
2766,0.0,776.30773,776.55795,45.0,0.08,0.0,-10.0,null,"[3644.93333333, 3644.93333333]",4.0,gabors,"[20.0, 20.0]",null,0.8,0.25021926,191,,,0,,False,9,train,1
2767,0.0,776.55795,776.80817,45.0,0.08,-10.0,-20.0,null,"[3644.93333333, 3644.93333333]",4.0,gabors,"[20.0, 20.0]",null,0.8,0.25021926,197,,,0,,False,11,test,1
2768,0.0,776.80817,777.05839,0.0,0.08,40.0,-20.0,null,"[3644.93333333, 3644.93333333]",4.0,gabors,"[20.0, 20.0]",null,0.8,0.25021926,164,,,0,,False,10,train,0
2769,0.0,777.05839,777.30859,0.0,0.08,40.0,-30.0,null,"[3644.93333333, 3644.93333333]",4.0,gabors,"[20.0, 20.0]",null,0.8,0.25020074,26,,,0,,False,12,train,0
2770,0.0,777.30859,777.55879,90.0,0.08,40.0,20.0,null,"[3644.93333333, 3644.93333333]",4.0,gabors,"[20.0, 20.0]",null,0.8,0.25020074,76,,,0,,False,12,train,2
2771,0.0,777.55879,777.80899,0.0,0.08,30.0,-10.0,null,"[3644.93333333, 3644.93333333]",4.0,gabors,"[20.0, 20.0]",null,0.8,0.25020074,149,,,0,,False,10,train,0
2772,0.0,777.80899,778.05919,45.0,0.08,-30.0,30.0,null,"[3644.93333333, 3644.93333333]",4.0,gabors,"[20.0, 20.0]",null,0.8,0.25020074,207,,,0,,False,10,train,1
2773,0.0,778.05919,778.3094,45.0,0.08,10.0,40.0,null,"[3644.93333333, 3644.93333333]",4.0,gabors,"[20.0, 20.0]",null,0.8,0.25020926,74,,,0,,False,13,train,1
2774,0.0,778.3094,778.55961,0.0,0.08,20.0,-20.0,null,"[3644.93333333, 3644.93333333]",4.0,gabors,"[20.0, 20.0]",null,0.8,0.25020926,112,,,0,,False,12,train,0
2775,0.0,778.55961,778.80982,45.0,0.08,20.0,-20.0,null,"[3644.93333333, 3644.93333333]",4.0,gabors,"[20.0, 20.0]",null,0.8,0.25020926,229,,,0,,False,10,train,1
2776,0.0,778.80982,779.06003,45.0,0.08,-40.0,20.0,null,"[3644.93333333, 3644.93333333]",4.0,gabors,"[20.0, 20.0]",null,0.8,0.25020926,145,,,0,,False,11,test,1
2777,0.0,779.06003,779.31024,0.0,0.08,30.0,-30.0,null,"[3644.93333333, 3644.93333333]",4.0,gabors,"[20.0, 20.0]",null,0.8,0.25021074,81,,,0,,False,9,train,0
2778,0.0,779.31024,779.56045,45.0,0.08,-30.0,30.0,null,"[3644.93333333, 3644.93333333]",4.0,gabors,"[20.0, 20.0]",null,0.8,0.25021074,207,,,0,,False,11,test,1
2779,0.0,779.56045,779.81066,0.0,0.08,-30.0,-30.0,null,"[3644.93333333, 3644.93333333]",4.0,gabors,"[20.0, 20.0]",null,0.8,0.25021074,192,,,0,,False,11,test,0
2780,0.0,779.81066,780.06087,45.0,0.08,-30.0,20.0,null,"[3644.93333333, 3644.93333333]",4.0,gabors,"[20.0, 20.0]",null,0.8,0.25021074,101,,,0,,False,9,train,1
2781,0.0,780.06087,780.31107,90.0,0.08,10.0,-20.0,null,"[3644.93333333, 3644.93333333]",4.0,gabors,"[20.0, 20.0]",null,0.8,0.25020176,19,,,0,,False,7,train,2
2782,0.0,780.31107,780.56127,90.0,0.08,10.0,-40.0,null,"[3644.93333333, 3644.93333333]",4.0,gabors,"[20.0, 20.0]",null,0.8,0.25020176,77,,,0,,False,10,train,2
2783,0.0,780.56127,780.81148,45.0,0.08,-20.0,20.0,null,"[3644.93333333, 3644.93333333]",4.0,gabors,"[20.0, 20.0]",null,0.8,0.25020176,235,,,0,,False,9,train,1
2784,0.0,780.81148,781.06168,45.0,0.08,20.0,30.0,null,"[3644.93333333, 3644.93333333]",4.0,gabors,"[20.0, 20.0]",null,0.8,0.25020176,146,,,0,,False,12,train,1
2785,0.0,781.06168,781.31189,0.0,0.08,30.0,20.0,null,"[3644.93333333, 3644.93333333]",4.0,gabors,"[20.0, 20.0]",null,0.8,0.25021574,64,,,0,,False,12,train,0
2786,0.0,781.31189,781.56211,45.0,0.08,10.0,-10.0,null,"[3644.93333333, 3644.93333333]",4.0,gabors,"[20.0, 20.0]",null,0.8,0.25021574,94,,,0,,False,12,train,1
2787,0.0,781.56211,781.81233,90.0,0.08,-40.0,-10.0,null,"[3644.93333333, 3644.93333333]",4.0,gabors,"[20.0, 20.0]",null,0.8,0.25021574,190,,,0,,False,10,train,2
2788,0.0,781.81233,782.06254,90.0,0.08,40.0,20.0,null,"[3644.93333333, 3644.93333333]",4.0,gabors,"[20.0, 20.0]",null,0.8,0.25021574,76,,,0,,False,13,train,2
2789,0.0,782.06254,782.31275,45.0,0.08,-30.0,20.0,null,"[3644.93333333, 3644.93333333]",4.0,gabors,"[20.0, 20.0]",null,0.8,0.25020926,101,,,0,,False,10,train,1
2790,0.0,782.31275,782.56296,0.0,0.08,20.0,30.0,null,"[3644.93333333, 3644.93333333]",4.0,gabors,"[20.0, 20.0]",null,0.8,0.25020926,166,,,0,,False,12,train,0
2791,0.0,782.56296,782.81317,90.0,0.08,-10.0,30.0,null,"[3644.93333333, 3644.93333333]",4.0,gabors,"[20.0, 20.0]",null,0.8,0.25020926,200,,,0,,False,12,train,2
2792,0.0,782.81317,783.06338,0.0,0.08,30.0,-40.0,null,"[3644.93333333, 3644.93333333]",4.0,gabors,"[20.0, 20.0]",null,0.8,0.25020926,168,,,0,,False,13,train,0
2793,0.0,783.06338,783.31359,0.0,0.08,-20.0,-30.0,null,"[3644.93333333, 3644.93333333]",4.0,gabors,"[20.0, 20.0]",null,0.8,0.25021074,54,,,0,,False,10,train,0
2794,0.0,783.31359,783.5638,0.0,0.08,-30.0,-40.0,null,"[3644.93333333, 3644.93333333]",4.0,gabors,"[20.0, 20.0]",null,0.8,0.25021074,46,,,0,,False,13,train,0
2795,0.0,783.5638,783.81401,0.0,0.08,0.0,-30.0,null,"[3644.93333333, 3644.93333333]",4.0,gabors,"[20.0, 20.0]",null,0.8,0.25021074,28,,,0,,False,10,train,0
2796,0.0,783.81401,784.06422,90.0,0.08,20.0,20.0,null,"[3644.93333333, 3644.93333333]",4.0,gabors,"[20.0, 20.0]",null,0.8,0.25021074,35,,,0,,False,11,test,2
2797,0.0,784.06422,784.31443,0.0,0.08,-30.0,0.0,null,"[3644.93333333, 3644.93333333]",4.0,gabors,"[20.0, 20.0]",null,0.8,0.25021176,226,,,0,,False,11,test,0
2798,0.0,784.31443,784.56464,90.0,0.08,-40.0,-20.0,null,"[3644.93333333, 3644.93333333]",4.0,gabors,"[20.0, 20.0]",null,0.8,0.25021176,189,,,0,,False,12,train,2
2799,0.0,784.56464,784.81486,45.0,0.08,30.0,0.0,null,"[3644.93333333, 3644.93333333]",4.0,gabors,"[20.0, 20.0]",null,0.8,0.25021176,102,,,0,,False,12,train,1
2800,0.0,784.81486,785.06507,0.0,0.08,-10.0,0.0,null,"[3644.93333333, 3644.93333333]",4.0,gabors,"[20.0, 20.0]",null,0.8,0.25021176,128,,,0,,False,8,test,0
2801,0.0,785.06507,785.31527,90.0,0.08,40.0,10.0,null,"[3644.93333333, 3644.93333333]",4.0,gabors,"[20.0, 20.0]",null,0.8,0.25020574,141,,,0,,False,10,train,2
2802,0.0,785.31527,785.56548,0.0,0.08,30.0,30.0,null,"[3644.93333333, 3644.93333333]",4.0,gabors,"[20.0, 20.0]",null,0.8,0.25020574,114,,,0,,False,13,train,0
2803,0.0,785.56548,785.81569,0.0,0.08,-10.0,40.0,null,"[3644.93333333, 3644.93333333]",4.0,gabors,"[20.0, 20.0]",null,0.8,0.25020574,234,,,0,,False,12,train,0
2804,0.0,785.81569,786.06589,90.0,0.08,0.0,0.0,null,"[3644.93333333, 3644.93333333]",4.0,gabors,"[20.0, 20.0]",null,0.8,0.25020574,88,,,0,,False,11,test,2
2805,0.0,786.06589,786.31611,90.0,0.08,-20.0,20.0,null,"[3644.93333333, 3644.93333333]",4.0,gabors,"[20.0, 20.0]",null,0.8,0.25021926,242,,,0,,False,9,train,2
2806,0.0,786.31611,786.56633,90.0,0.08,10.0,-30.0,null,"[3644.93333333, 3644.93333333]",4.0,gabors,"[20.0, 20.0]",null,0.8,0.25021926,219,,,0,,False,8,test,2
2807,0.0,786.56633,786.81655,45.0,0.08,20.0,40.0,null,"[3644.93333333, 3644.93333333]",4.0,gabors,"[20.0, 20.0]",null,0.8,0.25021926,24,,,0,,False,10,train,1
2808,0.0,786.81655,787.06677,45.0,0.08,-40.0,-30.0,null,"[3644.93333333, 3644.93333333]",4.0,gabors,"[20.0, 20.0]",null,0.8,0.25021926,92,,,0,,False,11,test,1
2809,0.0,787.06677,787.31697,90.0,0.08,-30.0,-30.0,null,"[3644.93333333, 3644.93333333]",4.0,gabors,"[20.0, 20.0]",null,0.8,0.25019824,175,,,0,,False,8,test,2
2810,0.0,787.31697,787.56716,45.0,0.08,-10.0,-20.0,null,"[3644.93333333, 3644.93333333]",4.0,gabors,"[20.0, 20.0]",null,0.8,0.25019824,197,,,0,,False,12,train,1
2811,0.0,787.56716,787.81736,0.0,0.08,-20.0,40.0,null,"[3644.93333333, 3644.93333333]",4.0,gabors,"[20.0, 20.0]",null,0.8,0.25019824,122,,,0,,False,13,train,0
2812,0.0,787.81736,788.06756,90.0,0.08,-30.0,-30.0,null,"[3644.93333333, 3644.93333333]",4.0,gabors,"[20.0, 20.0]",null,0.8,0.25019824,175,,,0,,False,9,train,2
2813,0.0,788.06756,788.31778,90.0,0.08,20.0,-40.0,null,"[3644.93333333, 3644.93333333]",4.0,gabors,"[20.0, 20.0]",null,0.8,0.25021926,33,,,0,,False,12,train,2
2814,0.0,788.31778,788.568,45.0,0.08,0.0,-10.0,null,"[3644.93333333, 3644.93333333]",4.0,gabors,"[20.0, 20.0]",null,0.8,0.25021926,191,,,0,,False,10,train,1
2815,0.0,788.568,788.81822,45.0,0.08,30.0,-20.0,null,"[3644.93333333, 3644.93333333]",4.0,gabors,"[20.0, 20.0]",null,0.8,0.25021926,47,,,0,,False,7,train,1
2816,0.0,788.81822,789.06844,0.0,0.08,30.0,-10.0,null,"[3644.93333333, 3644.93333333]",4.0,gabors,"[20.0, 20.0]",null,0.8,0.25021926,149,,,0,,False,11,test,0
2817,0.0,789.06844,789.31864,0.0,0.08,-30.0,0.0,null,"[3644.93333333, 3644.93333333]",4.0,gabors,"[20.0, 20.0]",null,0.8,0.25019824,226,,,0,,False,12,train,0
2818,0.0,789.31864,789.56883,90.0,0.08,20.0,20.0,null,"[3644.93333333, 3644.93333333]",4.0,gabors,"[20.0, 20.0]",null,0.8,0.25019824,35,,,0,,False,12,train,2
2819,0.0,789.56883,789.81903,90.0,0.08,-40.0,30.0,null,"[3644.93333333, 3644.93333333]",4.0,gabors,"[20.0, 20.0]",null,0.8,0.25019824,45,,,0,,False,10,train,2
2820,0.0,789.81903,790.06923,45.0,0.08,20.0,40.0,null,"[3644.93333333, 3644.93333333]",4.0,gabors,"[20.0, 20.0]",null,0.8,0.25019824,24,,,0,,False,11,test,1
2821,0.0,790.06923,790.31945,45.0,0.08,20.0,10.0,null,"[3644.93333333, 3644.93333333]",4.0,gabors,"[20.0, 20.0]",null,0.8,0.25021426,108,,,0,,False,12,train,1
2822,0.0,790.31945,790.56966,45.0,0.08,-30.0,-30.0,null,"[3644.93333333, 3644.93333333]",4.0,gabors,"[20.0, 20.0]",null,0.8,0.25021426,82,,,0,,False,10,train,1
2823,0.0,790.56966,790.81987,0.0,0.08,40.0,-30.0,null,"[3644.93333333, 3644.93333333]",4.0,gabors,"[20.0, 20.0]",null,0.8,0.25021426,26,,,0,,False,13,train,0
2824,0.0,790.81987,791.07009,90.0,0.08,30.0,40.0,null,"[3644.93333333, 3644.93333333]",4.0,gabors,"[20.0, 20.0]",null,0.8,0.25021426,4,,,0,,False,14,test,2
2825,0.0,791.07009,791.32029,90.0,0.08,-30.0,-10.0,null,"[3644.93333333, 3644.93333333]",4.0,gabors,"[20.0, 20.0]",null,0.8,0.25020324,71,,,0,,False,9,train,2
2826,0.0,791.32029,791.57049,90.0,0.08,0.0,40.0,null,"[3644.93333333, 3644.93333333]",4.0,gabors,"[20.0, 20.0]",null,0.8,0.25020324,217,,,0,,False,9,train,2
2827,0.0,791.57049,791.8207,90.0,0.08,20.0,10.0,null,"[3644.93333333, 3644.93333333]",4.0,gabors,"[20.0, 20.0]",null,0.8,0.25020324,130,,,0,,False,12,train,2
2828,0.0,791.8207,792.0709,90.0,0.08,30.0,10.0,null,"[3644.93333333, 3644.93333333]",4.0,gabors,"[20.0, 20.0]",null,0.8,0.25020324,204,,,0,,False,12,train,2
2829,0.0,792.0709,792.32112,0.0,0.08,-20.0,-20.0,null,"[3644.93333333, 3644.93333333]",4.0,gabors,"[20.0, 20.0]",null,0.8,0.25022176,236,,,0,,False,10,train,0
2830,0.0,792.32112,792.57134,0.0,0.08,40.0,20.0,null,"[3644.93333333, 3644.93333333]",4.0,gabors,"[20.0, 20.0]",null,0.8,0.25022176,185,,,0,,False,9,train,0
2831,0.0,792.57134,792.82157,0.0,0.08,30.0,20.0,null,"[3644.93333333, 3644.93333333]",4.0,gabors,"[20.0, 20.0]",null,0.8,0.25022176,64,,,0,,False,13,train,0
2832,0.0,792.82157,793.07179,0.0,0.08,40.0,20.0,null,"[3644.93333333, 3644.93333333]",4.0,gabors,"[20.0, 20.0]",null,0.8,0.25022176,185,,,0,,False,10,train,0
2833,0.0,793.07179,793.32199,45.0,0.08,0.0,10.0,null,"[3644.93333333, 3644.93333333]",4.0,gabors,"[20.0, 20.0]",null,0.8,0.25019824,195,,,0,,False,12,train,1
2834,0.0,793.32199,793.57218,45.0,0.08,40.0,40.0,null,"[3644.93333333, 3644.93333333]",4.0,gabors,"[20.0, 20.0]",null,0.8,0.25019824,165,,,0,,False,10,train,1
2835,0.0,793.57218,793.82238,90.0,0.08,-20.0,20.0,null,"[3644.93333333, 3644.93333333]",4.0,gabors,"[20.0, 20.0]",null,0.8,0.25019824,242,,,0,,False,10,train,2
2836,0.0,793.82238,794.07258,0.0,0.08,30.0,40.0,null,"[3644.93333333, 3644.93333333]",4.0,gabors,"[20.0, 20.0]",null,0.8,0.25019824,23,,,0,,False,13,train,0
2837,0.0,794.07258,794.3228,45.0,0.08,40.0,0.0,null,"[3644.93333333, 3644.93333333]",4.0,gabors,"[20.0, 20.0]",null,0.8,0.25021426,104,,,0,,False,8,test,1
2838,0.0,794.3228,794.57301,0.0,0.08,-10.0,20.0,null,"[3644.93333333, 3644.93333333]",4.0,gabors,"[20.0, 20.0]",null,0.8,0.25021426,131,,,0,,False,12,train,0
2839,0.0,794.57301,794.82322,90.0,0.08,-40.0,-10.0,null,"[3644.93333333, 3644.93333333]",4.0,gabors,"[20.0, 20.0]",null,0.8,0.25021426,190,,,0,,False,11,test,2
2840,0.0,794.82322,795.07344,45.0,0.08,-40.0,-20.0,null,"[3644.93333333, 3644.93333333]",4.0,gabors,"[20.0, 20.0]",null,0.8,0.25021426,57,,,0,,False,12,train,1
2841,0.0,795.07344,795.32364,0.0,0.08,-20.0,-30.0,null,"[3644.93333333, 3644.93333333]",4.0,gabors,"[20.0, 20.0]",null,0.8,0.25020074,54,,,0,,False,11,test,0
2842,0.0,795.32364,795.57384,0.0,0.08,-30.0,20.0,null,"[3644.93333333, 3644.93333333]",4.0,gabors,"[20.0, 20.0]",null,0.8,0.25020074,227,,,0,,False,11,test,0
2843,0.0,795.57384,795.82404,45.0,0.08,-20.0,10.0,null,"[3644.93333333, 3644.93333333]",4.0,gabors,"[20.0, 20.0]",null,0.8,0.25020074,213,,,0,,False,9,train,1
2844,0.0,795.82404,796.07424,45.0,0.08,30.0,10.0,null,"[3644.93333333, 3644.93333333]",4.0,gabors,"[20.0, 20.0]",null,0.8,0.25020074,58,,,0,,False,12,train,1
2845,0.0,796.07424,796.32446,0.0,0.08,30.0,0.0,null,"[3644.93333333, 3644.93333333]",4.0,gabors,"[20.0, 20.0]",null,0.8,0.25022176,66,,,0,,False,12,train,0
2846,0.0,796.32446,796.57468,0.0,0.08,10.0,40.0,null,"[3644.93333333, 3644.93333333]",4.0,gabors,"[20.0, 20.0]",null,0.8,0.25022176,9,,,0,,False,14,test,0
2847,0.0,796.57468,796.82491,0.0,0.08,-20.0,30.0,null,"[3644.93333333, 3644.93333333]",4.0,gabors,"[20.0, 20.0]",null,0.8,0.25022176,42,,,0,,False,11,test,0
2848,0.0,796.82491,797.07513,45.0,0.08,-30.0,-10.0,null,"[3644.93333333, 3644.93333333]",4.0,gabors,"[20.0, 20.0]",null,0.8,0.25022176,154,,,0,,False,12,train,1
2849,0.0,797.07513,797.32532,45.0,0.08,40.0,40.0,null,"[3644.93333333, 3644.93333333]",4.0,gabors,"[20.0, 20.0]",null,0.8,0.25019574,165,,,0,,False,11,test,1
2850,0.0,797.32532,797.57552,0.0,0.08,40.0,-40.0,null,"[3644.93333333, 3644.93333333]",4.0,gabors,"[20.0, 20.0]",null,0.8,0.25019574,62,,,0,,False,13,train,0
2851,0.0,797.57552,797.82572,90.0,0.08,20.0,20.0,null,"[3644.93333333, 3644.93333333]",4.0,gabors,"[20.0, 20.0]",null,0.8,0.25019574,35,,,0,,False,13,train,2
2852,0.0,797.82572,798.07591,0.0,0.08,-20.0,10.0,null,"[3644.93333333, 3644.93333333]",4.0,gabors,"[20.0, 20.0]",null,0.8,0.25019574,182,,,0,,False,14,test,0
2853,0.0,798.07591,798.32612,45.0,0.08,40.0,30.0,null,"[3644.93333333, 3644.93333333]",4.0,gabors,"[20.0, 20.0]",null,0.8,0.25021176,1,,,0,,False,12,train,1
2854,0.0,798.32612,798.57633,45.0,0.08,20.0,-20.0,null,"[3644.93333333, 3644.93333333]",4.0,gabors,"[20.0, 20.0]",null,0.8,0.25021176,229,,,0,,False,11,test,1
2855,0.0,798.57633,798.82655,0.0,0.08,20.0,30.0,null,"[3644.93333333, 3644.93333333]",4.0,gabors,"[20.0, 20.0]",null,0.8,0.25021176,166,,,0,,False,13,train,0
2856,0.0,798.82655,799.07676,90.0,0.08,-30.0,-40.0,null,"[3644.93333333, 3644.93333333]",4.0,gabors,"[20.0, 20.0]",null,0.8,0.25021176,184,,,0,,False,12,train,2
2857,0.0,799.07676,799.32697,45.0,0.08,40.0,30.0,null,"[3644.93333333, 3644.93333333]",4.0,gabors,"[20.0, 20.0]",null,0.8,0.25021324,1,,,0,,False,13,train,1
2858,0.0,799.32697,799.57718,0.0,0.08,0.0,30.0,null,"[3644.93333333, 3644.93333333]",4.0,gabors,"[20.0, 20.0]",null,0.8,0.25021324,203,,,0,,False,11,test,0
2859,0.0,799.57718,799.8274,0.0,0.08,20.0,-20.0,null,"[3644.93333333, 3644.93333333]",4.0,gabors,"[20.0, 20.0]",null,0.8,0.25021324,112,,,0,,False,13,train,0
2860,0.0,799.8274,800.07761,90.0,0.08,30.0,20.0,null,"[3644.93333333, 3644.93333333]",4.0,gabors,"[20.0, 20.0]",null,0.8,0.25021324,25,,,0,,False,13,train,2
2861,0.0,800.07761,800.32782,45.0,0.08,40.0,10.0,null,"[3644.93333333, 3644.93333333]",4.0,gabors,"[20.0, 20.0]",null,0.8,0.25020676,121,,,0,,False,13,train,1
2862,0.0,800.32782,800.57802,90.0,0.08,30.0,-10.0,null,"[3644.93333333, 3644.93333333]",4.0,gabors,"[20.0, 20.0]",null,0.8,0.25020676,243,,,0,,False,8,test,2
2863,0.0,800.57802,800.82823,45.0,0.08,-30.0,40.0,null,"[3644.93333333, 3644.93333333]",4.0,gabors,"[20.0, 20.0]",null,0.8,0.25020676,147,,,0,,False,9,train,1
2864,0.0,800.82823,801.07844,90.0,0.08,20.0,-20.0,null,"[3644.93333333, 3644.93333333]",4.0,gabors,"[20.0, 20.0]",null,0.8,0.25020676,232,,,0,,False,11,test,2
2865,0.0,801.07844,801.32865,45.0,0.08,20.0,-20.0,null,"[3644.93333333, 3644.93333333]",4.0,gabors,"[20.0, 20.0]",null,0.8,0.25021074,229,,,0,,False,12,train,1
2866,0.0,801.32865,801.57886,0.0,0.08,-20.0,0.0,null,"[3644.93333333, 3644.93333333]",4.0,gabors,"[20.0, 20.0]",null,0.8,0.25021074,15,,,0,,False,12,train,0
2867,0.0,801.57886,801.82907,90.0,0.08,-20.0,-20.0,null,"[3644.93333333, 3644.93333333]",4.0,gabors,"[20.0, 20.0]",null,0.8,0.25021074,152,,,0,,False,13,train,2
2868,0.0,801.82907,802.07928,45.0,0.08,0.0,-30.0,null,"[3644.93333333, 3644.93333333]",4.0,gabors,"[20.0, 20.0]",null,0.8,0.25021074,241,,,0,,False,13,train,1
2869,0.0,802.07928,802.32949,45.0,0.08,-40.0,-20.0,null,"[3644.93333333, 3644.93333333]",4.0,gabors,"[20.0, 20.0]",null,0.8,0.25020926,57,,,0,,False,13,train,1
2870,0.0,802.32949,802.5797,90.0,0.08,40.0,40.0,null,"[3644.93333333, 3644.93333333]",4.0,gabors,"[20.0, 20.0]",null,0.8,0.25020926,110,,,0,,False,12,train,2
2871,0.0,802.5797,802.82991,45.0,0.08,20.0,30.0,null,"[3644.93333333, 3644.93333333]",4.0,gabors,"[20.0, 20.0]",null,0.8,0.25020926,146,,,0,,False,13,train,1
2872,0.0,802.82991,803.08012,90.0,0.08,10.0,30.0,null,"[3644.93333333, 3644.93333333]",4.0,gabors,"[20.0, 20.0]",null,0.8,0.25020926,170,,,0,,False,11,test,2
2873,0.0,803.08012,803.33033,90.0,0.08,40.0,-30.0,null,"[3644.93333333, 3644.93333333]",4.0,gabors,"[20.0, 20.0]",null,0.8,0.25020824,140,,,0,,False,12,train,2
2874,0.0,803.33033,803.58053,0.0,0.08,-20.0,20.0,null,"[3644.93333333, 3644.93333333]",4.0,gabors,"[20.0, 20.0]",null,0.8,0.25020824,239,,,0,,False,11,test,0
2875,0.0,803.58053,803.83074,90.0,0.08,-40.0,40.0,null,"[3644.93333333, 3644.93333333]",4.0,gabors,"[20.0, 20.0]",null,0.8,0.25020824,163,,,0,,False,11,test,2
2876,0.0,803.83074,804.08095,0.0,0.08,-10.0,0.0,null,"[3644.93333333, 3644.93333333]",4.0,gabors,"[20.0, 20.0]",null,0.8,0.25020824,128,,,0,,False,9,train,0
2877,0.0,804.08095,804.33115,45.0,0.08,10.0,40.0,null,"[3644.93333333, 3644.93333333]",4.0,gabors,"[20.0, 20.0]",null,0.8,0.25020176,74,,,0,,False,14,test,1
2878,0.0,804.33115,804.58135,90.0,0.08,-40.0,20.0,null,"[3644.93333333, 3644.93333333]",4.0,gabors,"[20.0, 20.0]",null,0.8,0.25020176,65,,,0,,False,11,test,2
2879,0.0,804.58135,804.83156,45.0,0.08,-10.0,40.0,null,"[3644.93333333, 3644.93333333]",4.0,gabors,"[20.0, 20.0]",null,0.8,0.25020176,48,,,0,,False,14,test,1
2880,0.0,804.83156,805.08176,45.0,0.08,30.0,-30.0,null,"[3644.93333333, 3644.93333333]",4.0,gabors,"[20.0, 20.0]",null,0.8,0.25020176,153,,,0,,False,11,test,1
2881,0.0,805.08176,805.33197,90.0,0.08,-20.0,20.0,null,"[3644.93333333, 3644.93333333]",4.0,gabors,"[20.0, 20.0]",null,0.8,0.25021324,242,,,0,,False,11,test,2
2882,0.0,805.33197,805.58218,0.0,0.08,10.0,-10.0,null,"[3644.93333333, 3644.93333333]",4.0,gabors,"[20.0, 20.0]",null,0.8,0.25021324,231,,,0,,False,10,train,0
2883,0.0,805.58218,805.8324,0.0,0.08,-20.0,-40.0,null,"[3644.93333333, 3644.93333333]",4.0,gabors,"[20.0, 20.0]",null,0.8,0.25021324,93,,,0,,False,9,train,0
2884,0.0,805.8324,806.08261,0.0,0.08,40.0,10.0,null,"[3644.93333333, 3644.93333333]",4.0,gabors,"[20.0, 20.0]",null,0.8,0.25021324,134,,,0,,False,9,train,0
2885,0.0,806.08261,806.33283,45.0,0.08,10.0,30.0,null,"[3644.93333333, 3644.93333333]",4.0,gabors,"[20.0, 20.0]",null,0.8,0.25021426,209,,,0,,False,12,train,1
2886,0.0,806.33283,806.58304,90.0,0.08,10.0,30.0,null,"[3644.93333333, 3644.93333333]",4.0,gabors,"[20.0, 20.0]",null,0.8,0.25021426,170,,,0,,False,12,train,2
2887,0.0,806.58304,806.83325,0.0,0.08,-10.0,30.0,null,"[3644.93333333, 3644.93333333]",4.0,gabors,"[20.0, 20.0]",null,0.8,0.25021426,29,,,0,,False,13,train,0
2888,0.0,806.83325,807.08347,0.0,0.08,10.0,30.0,null,"[3644.93333333, 3644.93333333]",4.0,gabors,"[20.0, 20.0]",null,0.8,0.25021426,43,,,0,,False,12,train,0
2889,0.0,807.08347,807.33368,0.0,0.08,20.0,-10.0,null,"[3644.93333333, 3644.93333333]",4.0,gabors,"[20.0, 20.0]",null,0.8,0.25020824,238,,,0,,False,10,train,0
2890,0.0,807.33368,807.58388,90.0,0.08,40.0,10.0,null,"[3644.93333333, 3644.93333333]",4.0,gabors,"[20.0, 20.0]",null,0.8,0.25020824,141,,,0,,False,11,test,2
2891,0.0,807.58388,807.83409,45.0,0.08,10.0,-20.0,null,"[3644.93333333, 3644.93333333]",4.0,gabors,"[20.0, 20.0]",null,0.8,0.25020824,126,,,0,,False,9,train,1
2892,0.0,807.83409,808.0843,0.0,0.08,10.0,10.0,null,"[3644.93333333, 3644.93333333]",4.0,gabors,"[20.0, 20.0]",null,0.8,0.25020824,79,,,0,,False,9,train,0
2893,0.0,808.0843,808.33451,45.0,0.08,10.0,10.0,null,"[3644.93333333, 3644.93333333]",4.0,gabors,"[20.0, 20.0]",null,0.8,0.25020926,11,,,0,,False,11,test,1
2894,0.0,808.33451,808.58472,0.0,0.08,30.0,30.0,null,"[3644.93333333, 3644.93333333]",4.0,gabors,"[20.0, 20.0]",null,0.8,0.25020926,114,,,0,,False,14,test,0
2895,0.0,808.58472,808.83493,0.0,0.08,20.0,20.0,null,"[3644.93333333, 3644.93333333]",4.0,gabors,"[20.0, 20.0]",null,0.8,0.25020926,179,,,0,,False,10,train,0
2896,0.0,808.83493,809.08514,0.0,0.08,20.0,10.0,null,"[3644.93333333, 3644.93333333]",4.0,gabors,"[20.0, 20.0]",null,0.8,0.25020926,44,,,0,,False,8,test,0
2897,0.0,809.08514,809.33534,90.0,0.08,40.0,40.0,null,"[3644.93333333, 3644.93333333]",4.0,gabors,"[20.0, 20.0]",null,0.8,0.25020574,110,,,0,,False,13,train,2
2898,0.0,809.33534,809.58555,45.0,0.08,20.0,-10.0,null,"[3644.93333333, 3644.93333333]",4.0,gabors,"[20.0, 20.0]",null,0.8,0.25020574,183,,,0,,False,8,test,1
2899,0.0,809.58555,809.83576,90.0,0.08,-40.0,0.0,null,"[3644.93333333, 3644.93333333]",4.0,gabors,"[20.0, 20.0]",null,0.8,0.25020574,80,,,0,,False,12,train,2
2900,0.0,809.83576,810.08596,45.0,0.08,0.0,20.0,null,"[3644.93333333, 3644.93333333]",4.0,gabors,"[20.0, 20.0]",null,0.8,0.25020574,18,,,0,,False,12,train,1
2901,0.0,810.08596,810.33617,0.0,0.08,-10.0,-40.0,null,"[3644.93333333, 3644.93333333]",4.0,gabors,"[20.0, 20.0]",null,0.8,0.25021176,139,,,0,,False,12,train,0
2902,0.0,810.33617,810.58638,0.0,0.08,-40.0,-30.0,null,"[3644.93333333, 3644.93333333]",4.0,gabors,"[20.0, 20.0]",null,0.8,0.25021176,222,,,0,,False,11,test,0
2903,0.0,810.58638,810.8366,45.0,0.08,40.0,0.0,null,"[3644.93333333, 3644.93333333]",4.0,gabors,"[20.0, 20.0]",null,0.8,0.25021176,104,,,0,,False,9,train,1
2904,0.0,810.8366,811.08681,0.0,0.08,10.0,-20.0,null,"[3644.93333333, 3644.93333333]",4.0,gabors,"[20.0, 20.0]",null,0.8,0.25021176,109,,,0,,False,8,test,0
2905,0.0,811.08681,811.33702,0.0,0.08,20.0,10.0,null,"[3644.93333333, 3644.93333333]",4.0,gabors,"[20.0, 20.0]",null,0.8,0.25021074,44,,,0,,False,9,train,0
2906,0.0,811.33702,811.58723,0.0,0.08,30.0,40.0,null,"[3644.93333333, 3644.93333333]",4.0,gabors,"[20.0, 20.0]",null,0.8,0.25021074,23,,,0,,False,14,test,0
2907,0.0,811.58723,811.83744,45.0,0.08,-30.0,40.0,null,"[3644.93333333, 3644.93333333]",4.0,gabors,"[20.0, 20.0]",null,0.8,0.25021074,147,,,0,,False,10,train,1
2908,0.0,811.83744,812.08765,0.0,0.08,20.0,-40.0,null,"[3644.93333333, 3644.93333333]",4.0,gabors,"[20.0, 20.0]",null,0.8,0.25021074,69,,,0,,False,11,test,0
2909,0.0,812.08765,812.33786,90.0,0.08,10.0,20.0,null,"[3644.93333333, 3644.93333333]",4.0,gabors,"[20.0, 20.0]",null,0.8,0.25020426,220,,,0,,False,10,train,2
2910,0.0,812.33786,812.58806,45.0,0.08,-30.0,-10.0,null,"[3644.93333333, 3644.93333333]",4.0,gabors,"[20.0, 20.0]",null,0.8,0.25020426,154,,,0,,False,13,train,1
2911,0.0,812.58806,812.83826,0.0,0.08,10.0,-30.0,null,"[3644.93333333, 3644.93333333]",4.0,gabors,"[20.0, 20.0]",null,0.8,0.25020426,148,,,0,,False,12,train,0
2912,0.0,812.83826,813.08847,45.0,0.08,-20.0,20.0,null,"[3644.93333333, 3644.93333333]",4.0,gabors,"[20.0, 20.0]",null,0.8,0.25020426,235,,,0,,False,10,train,1
2913,0.0,813.08847,813.33868,90.0,0.08,40.0,-30.0,null,"[3644.93333333, 3644.93333333]",4.0,gabors,"[20.0, 20.0]",null,0.8,0.25021324,140,,,0,,False,13,train,2
2914,0.0,813.33868,813.58889,0.0,0.08,10.0,-20.0,null,"[3644.93333333, 3644.93333333]",4.0,gabors,"[20.0, 20.0]",null,0.8,0.25021324,109,,,0,,False,9,train,0
2915,0.0,813.58889,813.83911,45.0,0.08,-10.0,0.0,null,"[3644.93333333, 3644.93333333]",4.0,gabors,"[20.0, 20.0]",null,0.8,0.25021324,63,,,0,,False,10,train,1
2916,0.0,813.83911,814.08932,90.0,0.08,40.0,10.0,null,"[3644.93333333, 3644.93333333]",4.0,gabors,"[20.0, 20.0]",null,0.8,0.25021324,141,,,0,,False,12,train,2
2917,0.0,814.08932,814.33952,0.0,0.08,-30.0,-10.0,null,"[3644.93333333, 3644.93333333]",4.0,gabors,"[20.0, 20.0]",null,0.8,0.25019676,98,,,0,,False,10,train,0
2918,0.0,814.33952,814.58971,0.0,0.08,30.0,-30.0,null,"[3644.93333333, 3644.93333333]",4.0,gabors,"[20.0, 20.0]",null,0.8,0.25019676,81,,,0,,False,10,train,0
2919,0.0,814.58971,814.83991,45.0,0.08,-30.0,0.0,null,"[3644.93333333, 3644.93333333]",4.0,gabors,"[20.0, 20.0]",null,0.8,0.25019676,212,,,0,,False,9,train,1
2920,0.0,814.83991,815.09011,45.0,0.08,-40.0,0.0,null,"[3644.93333333, 3644.93333333]",4.0,gabors,"[20.0, 20.0]",null,0.8,0.25019676,208,,,0,,False,10,train,1
2921,0.0,815.09011,815.34033,90.0,0.08,-40.0,-40.0,null,"[3644.93333333, 3644.93333333]",4.0,gabors,"[20.0, 20.0]",null,0.8,0.25022074,196,,,0,,False,12,train,2
2922,0.0,815.34033,815.59055,45.0,0.08,20.0,40.0,null,"[3644.93333333, 3644.93333333]",4.0,gabors,"[20.0, 20.0]",null,0.8,0.25022074,24,,,0,,False,12,train,1
2923,0.0,815.59055,815.84077,45.0,0.08,-10.0,-40.0,null,"[3644.93333333, 3644.93333333]",4.0,gabors,"[20.0, 20.0]",null,0.8,0.25022074,40,,,0,,False,9,train,1
2924,0.0,815.84077,816.09099,0.0,0.08,10.0,0.0,null,"[3644.93333333, 3644.93333333]",4.0,gabors,"[20.0, 20.0]",null,0.8,0.25022074,132,,,0,,False,10,train,0
2925,0.0,816.09099,816.3412,0.0,0.08,40.0,-10.0,null,"[3644.93333333, 3644.93333333]",4.0,gabors,"[20.0, 20.0]",null,0.8,0.25020926,100,,,0,,False,13,train,0
2926,0.0,816.3412,816.59141,90.0,0.08,-20.0,10.0,null,"[3644.93333333, 3644.93333333]",4.0,gabors,"[20.0, 20.0]",null,0.8,0.25020926,162,,,0,,False,11,test,2
2927,0.0,816.59141,816.84162,0.0,0.08,0.0,-30.0,null,"[3644.93333333, 3644.93333333]",4.0,gabors,"[20.0, 20.0]",null,0.8,0.25020926,28,,,0,,False,11,test,0
2928,0.0,816.84162,817.09183,0.0,0.08,-20.0,-10.0,null,"[3644.93333333, 3644.93333333]",4.0,gabors,"[20.0, 20.0]",null,0.8,0.25020926,84,,,0,,False,10,train,0
2929,0.0,817.09183,817.34203,0.0,0.08,-20.0,20.0,null,"[3644.93333333, 3644.93333333]",4.0,gabors,"[20.0, 20.0]",null,0.8,0.25020574,239,,,0,,False,12,train,0
2930,0.0,817.34203,817.59224,0.0,0.08,40.0,10.0,null,"[3644.93333333, 3644.93333333]",4.0,gabors,"[20.0, 20.0]",null,0.8,0.25020574,134,,,0,,False,10,train,0
2931,0.0,817.59224,817.84245,90.0,0.08,20.0,-10.0,null,"[3644.93333333, 3644.93333333]",4.0,gabors,"[20.0, 20.0]",null,0.8,0.25020574,160,,,0,,False,12,train,2
2932,0.0,817.84245,818.09265,45.0,0.08,-30.0,10.0,null,"[3644.93333333, 3644.93333333]",4.0,gabors,"[20.0, 20.0]",null,0.8,0.25020574,2,,,0,,False,11,test,1
2933,0.0,818.09265,818.34287,45.0,0.08,20.0,-30.0,null,"[3644.93333333, 3644.93333333]",4.0,gabors,"[20.0, 20.0]",null,0.8,0.25021676,159,,,0,,False,12,train,1
2934,0.0,818.34287,818.59308,0.0,0.08,40.0,20.0,null,"[3644.93333333, 3644.93333333]",4.0,gabors,"[20.0, 20.0]",null,0.8,0.25021676,185,,,0,,False,11,test,0
2935,0.0,818.59308,818.8433,0.0,0.08,0.0,-20.0,null,"[3644.93333333, 3644.93333333]",4.0,gabors,"[20.0, 20.0]",null,0.8,0.25021676,172,,,0,,False,12,train,0
2936,0.0,818.8433,819.09352,0.0,0.08,0.0,-30.0,null,"[3644.93333333, 3644.93333333]",4.0,gabors,"[20.0, 20.0]",null,0.8,0.25021676,28,,,0,,False,12,train,0
2937,0.0,819.09352,819.34372,90.0,0.08,30.0,-20.0,null,"[3644.93333333, 3644.93333333]",4.0,gabors,"[20.0, 20.0]",null,0.8,0.25020324,21,,,0,,False,11,test,2
2938,0.0,819.34372,819.59392,45.0,0.08,-30.0,10.0,null,"[3644.93333333, 3644.93333333]",4.0,gabors,"[20.0, 20.0]",null,0.8,0.25020324,2,,,0,,False,12,train,1
2939,0.0,819.59392,819.84413,0.0,0.08,20.0,-40.0,null,"[3644.93333333, 3644.93333333]",4.0,gabors,"[20.0, 20.0]",null,0.8,0.25020324,69,,,0,,False,12,train,0
2940,0.0,819.84413,820.09433,45.0,0.08,30.0,40.0,null,"[3644.93333333, 3644.93333333]",4.0,gabors,"[20.0, 20.0]",null,0.8,0.25020324,224,,,0,,False,9,train,1
2941,0.0,820.09433,820.34454,90.0,0.08,-30.0,10.0,null,"[3644.93333333, 3644.93333333]",4.0,gabors,"[20.0, 20.0]",null,0.8,0.25021176,61,,,0,,False,11,test,2
2942,0.0,820.34454,820.59475,90.0,0.08,-10.0,0.0,null,"[3644.93333333, 3644.93333333]",4.0,gabors,"[20.0, 20.0]",null,0.8,0.25021176,142,,,0,,False,12,train,2
2943,0.0,820.59475,820.84497,45.0,0.08,20.0,-10.0,null,"[3644.93333333, 3644.93333333]",4.0,gabors,"[20.0, 20.0]",null,0.8,0.25021176,183,,,0,,False,9,train,1
2944,0.0,820.84497,821.09518,45.0,0.08,30.0,-20.0,null,"[3644.93333333, 3644.93333333]",4.0,gabors,"[20.0, 20.0]",null,0.8,0.25021176,47,,,0,,False,8,test,1
2945,0.0,821.09518,821.34538,0.0,0.08,20.0,10.0,null,"[3644.93333333, 3644.93333333]",4.0,gabors,"[20.0, 20.0]",null,0.8,0.25020574,44,,,0,,False,10,train,0
2946,0.0,821.34538,821.59559,0.0,0.08,20.0,10.0,null,"[3644.93333333, 3644.93333333]",4.0,gabors,"[20.0, 20.0]",null,0.8,0.25020574,44,,,0,,False,11,test,0
2947,0.0,821.59559,821.8458,0.0,0.08,-30.0,-20.0,null,"[3644.93333333, 3644.93333333]",4.0,gabors,"[20.0, 20.0]",null,0.8,0.25020574,214,,,0,,False,14,test,0
2948,0.0,821.8458,822.096,45.0,0.08,40.0,-20.0,null,"[3644.93333333, 3644.93333333]",4.0,gabors,"[20.0, 20.0]",null,0.8,0.25020574,117,,,0,,False,12,train,1
2949,0.0,822.096,822.34622,45.0,0.08,-30.0,10.0,null,"[3644.93333333, 3644.93333333]",4.0,gabors,"[20.0, 20.0]",null,0.8,0.25021426,2,,,0,,False,13,train,1
2950,0.0,822.34622,822.59643,0.0,0.08,-40.0,0.0,null,"[3644.93333333, 3644.93333333]",4.0,gabors,"[20.0, 20.0]",null,0.8,0.25021426,216,,,0,,False,7,train,0
2951,0.0,822.59643,822.84664,90.0,0.08,10.0,-20.0,null,"[3644.93333333, 3644.93333333]",4.0,gabors,"[20.0, 20.0]",null,0.8,0.25021426,19,,,0,,False,8,test,2
2952,0.0,822.84664,823.09686,0.0,0.08,40.0,-30.0,null,"[3644.93333333, 3644.93333333]",4.0,gabors,"[20.0, 20.0]",null,0.8,0.25021426,26,,,0,,False,14,test,0
2953,0.0,823.09686,823.34706,45.0,0.08,20.0,30.0,null,"[3644.93333333, 3644.93333333]",4.0,gabors,"[20.0, 20.0]",null,0.8,0.25020324,146,,,0,,False,14,test,1
2954,0.0,823.34706,823.59726,90.0,0.08,10.0,40.0,null,"[3644.93333333, 3644.93333333]",4.0,gabors,"[20.0, 20.0]",null,0.8,0.25020324,135,,,0,,False,13,train,2
2955,0.0,823.59726,823.84747,90.0,0.08,10.0,-40.0,null,"[3644.93333333, 3644.93333333]",4.0,gabors,"[20.0, 20.0]",null,0.8,0.25020324,77,,,0,,False,11,test,2
2956,0.0,823.84747,824.09767,0.0,0.08,0.0,30.0,null,"[3644.93333333, 3644.93333333]",4.0,gabors,"[20.0, 20.0]",null,0.8,0.25020324,203,,,0,,False,12,train,0
2957,0.0,824.09767,824.34789,0.0,0.08,-30.0,-10.0,null,"[3644.93333333, 3644.93333333]",4.0,gabors,"[20.0, 20.0]",null,0.8,0.25021926,98,,,0,,False,11,test,0
2958,0.0,824.34789,824.59811,0.0,0.08,10.0,-20.0,null,"[3644.93333333, 3644.93333333]",4.0,gabors,"[20.0, 20.0]",null,0.8,0.25021926,109,,,0,,False,10,train,0
2959,0.0,824.59811,824.84833,0.0,0.08,-40.0,0.0,null,"[3644.93333333, 3644.93333333]",4.0,gabors,"[20.0, 20.0]",null,0.8,0.25021926,216,,,0,,False,8,test,0
2960,0.0,824.84833,825.09855,0.0,0.08,0.0,0.0,null,"[3644.93333333, 3644.93333333]",4.0,gabors,"[20.0, 20.0]",null,0.8,0.25021926,240,,,0,,False,11,test,0
2961,0.0,825.09855,825.34875,90.0,0.08,-40.0,-10.0,null,"[3644.93333333, 3644.93333333]",4.0,gabors,"[20.0, 20.0]",null,0.8,0.25020324,190,,,0,,False,12,train,2
2962,0.0,825.34875,825.59895,45.0,0.08,10.0,-30.0,null,"[3644.93333333, 3644.93333333]",4.0,gabors,"[20.0, 20.0]",null,0.8,0.25020324,72,,,0,,False,10,train,1
2963,0.0,825.59895,825.84916,0.0,0.08,-30.0,30.0,null,"[3644.93333333, 3644.93333333]",4.0,gabors,"[20.0, 20.0]",null,0.8,0.25020324,218,,,0,,False,11,test,0
2964,0.0,825.84916,826.09936,0.0,0.08,10.0,-20.0,null,"[3644.93333333, 3644.93333333]",4.0,gabors,"[20.0, 20.0]",null,0.8,0.25020324,109,,,0,,False,11,test,0
2965,0.0,826.09936,826.34957,45.0,0.08,-20.0,-40.0,null,"[3644.93333333, 3644.93333333]",4.0,gabors,"[20.0, 20.0]",null,0.8,0.25020676,118,,,0,,False,14,test,1
2966,0.0,826.34957,826.59977,90.0,0.08,-30.0,-10.0,null,"[3644.93333333, 3644.93333333]",4.0,gabors,"[20.0, 20.0]",null,0.8,0.25020676,71,,,0,,False,10,train,2
2967,0.0,826.59977,826.84998,90.0,0.08,-30.0,0.0,null,"[3644.93333333, 3644.93333333]",4.0,gabors,"[20.0, 20.0]",null,0.8,0.25020676,31,,,0,,False,12,train,2
2968,0.0,826.84998,827.10019,45.0,0.08,-20.0,40.0,null,"[3644.93333333, 3644.93333333]",4.0,gabors,"[20.0, 20.0]",null,0.8,0.25020676,59,,,0,,False,12,train,1
2969,0.0,827.10019,827.3504,45.0,0.08,-30.0,40.0,null,"[3644.93333333, 3644.93333333]",4.0,gabors,"[20.0, 20.0]",null,0.8,0.25020824,147,,,0,,False,11,test,1
2970,0.0,827.3504,827.6006,45.0,0.08,-30.0,-20.0,null,"[3644.93333333, 3644.93333333]",4.0,gabors,"[20.0, 20.0]",null,0.8,0.25020824,233,,,0,,False,11,test,1
2971,0.0,827.6006,827.85081,0.0,0.08,30.0,-30.0,null,"[3644.93333333, 3644.93333333]",4.0,gabors,"[20.0, 20.0]",null,0.8,0.25020824,81,,,0,,False,11,test,0
2972,0.0,827.85081,828.10102,90.0,0.08,0.0,-30.0,null,"[3644.93333333, 3644.93333333]",4.0,gabors,"[20.0, 20.0]",null,0.8,0.25020824,230,,,0,,False,13,train,2
2973,0.0,828.10102,828.35123,90.0,0.08,0.0,20.0,null,"[3644.93333333, 3644.93333333]",4.0,gabors,"[20.0, 20.0]",null,0.8,0.25020926,85,,,0,,False,13,train,2
2974,0.0,828.35123,828.60144,45.0,0.08,10.0,-40.0,null,"[3644.93333333, 3644.93333333]",4.0,gabors,"[20.0, 20.0]",null,0.8,0.25020926,73,,,0,,False,13,train,1
2975,0.0,828.60144,828.85165,0.0,0.08,10.0,-40.0,null,"[3644.93333333, 3644.93333333]",4.0,gabors,"[20.0, 20.0]",null,0.8,0.25020926,211,,,0,,False,11,test,0
2976,0.0,828.85165,829.10186,45.0,0.08,-10.0,20.0,null,"[3644.93333333, 3644.93333333]",4.0,gabors,"[20.0, 20.0]",null,0.8,0.25020926,201,,,0,,False,13,train,1
2977,0.0,829.10186,829.35207,0.0,0.08,0.0,-20.0,null,"[3644.93333333, 3644.93333333]",4.0,gabors,"[20.0, 20.0]",null,0.8,0.25021074,172,,,0,,False,13,train,0
2978,0.0,829.35207,829.60228,0.0,0.08,40.0,-20.0,null,"[3644.93333333, 3644.93333333]",4.0,gabors,"[20.0, 20.0]",null,0.8,0.25021074,164,,,0,,False,11,test,0
2979,0.0,829.60228,829.85249,90.0,0.08,10.0,-20.0,null,"[3644.93333333, 3644.93333333]",4.0,gabors,"[20.0, 20.0]",null,0.8,0.25021074,19,,,0,,False,9,train,2
2980,0.0,829.85249,830.1027,90.0,0.08,10.0,-30.0,null,"[3644.93333333, 3644.93333333]",4.0,gabors,"[20.0, 20.0]",null,0.8,0.25021074,219,,,0,,False,9,train,2
2981,0.0,830.1027,830.35291,45.0,0.08,40.0,20.0,null,"[3644.93333333, 3644.93333333]",4.0,gabors,"[20.0, 20.0]",null,0.8,0.25021176,105,,,0,,False,10,train,1
2982,0.0,830.35291,830.60312,0.0,0.08,-40.0,-30.0,null,"[3644.93333333, 3644.93333333]",4.0,gabors,"[20.0, 20.0]",null,0.8,0.25021176,222,,,0,,False,12,train,0
2983,0.0,830.60312,830.85334,90.0,0.08,30.0,-10.0,null,"[3644.93333333, 3644.93333333]",4.0,gabors,"[20.0, 20.0]",null,0.8,0.25021176,243,,,0,,False,9,train,2
2984,0.0,830.85334,831.10355,45.0,0.08,-30.0,-30.0,null,"[3644.93333333, 3644.93333333]",4.0,gabors,"[20.0, 20.0]",null,0.8,0.25021176,82,,,0,,False,11,test,1
2985,0.0,831.10355,831.35375,0.0,0.08,10.0,10.0,null,"[3644.93333333, 3644.93333333]",4.0,gabors,"[20.0, 20.0]",null,0.8,0.25020574,79,,,0,,False,10,train,0
2986,0.0,831.35375,831.60396,0.0,0.08,-20.0,-10.0,null,"[3644.93333333, 3644.93333333]",4.0,gabors,"[20.0, 20.0]",null,0.8,0.25020574,84,,,0,,False,11,test,0
2987,0.0,831.60396,831.85417,45.0,0.08,-40.0,-40.0,null,"[3644.93333333, 3644.93333333]",4.0,gabors,"[20.0, 20.0]",null,0.8,0.25020574,177,,,0,,False,12,train,1
2988,0.0,831.85417,832.10437,45.0,0.08,20.0,0.0,null,"[3644.93333333, 3644.93333333]",4.0,gabors,"[20.0, 20.0]",null,0.8,0.25020574,143,,,0,,False,11,test,1
2989,0.0,832.10437,832.35458,45.0,0.08,-30.0,40.0,null,"[3644.93333333, 3644.93333333]",4.0,gabors,"[20.0, 20.0]",null,0.8,0.25020676,147,,,0,,False,12,train,1
2990,0.0,832.35458,832.60478,90.0,0.08,-40.0,-20.0,null,"[3644.93333333, 3644.93333333]",4.0,gabors,"[20.0, 20.0]",null,0.8,0.25020676,189,,,0,,False,13,train,2
2991,0.0,832.60478,832.85499,0.0,0.08,-40.0,40.0,null,"[3644.93333333, 3644.93333333]",4.0,gabors,"[20.0, 20.0]",null,0.8,0.25020676,14,,,0,,False,12,train,0
2992,0.0,832.85499,833.1052,45.0,0.08,40.0,20.0,null,"[3644.93333333, 3644.93333333]",4.0,gabors,"[20.0, 20.0]",null,0.8,0.25020676,105,,,0,,False,11,test,1
2993,0.0,833.1052,833.35541,0.0,0.08,10.0,20.0,null,"[3644.93333333, 3644.93333333]",4.0,gabors,"[20.0, 20.0]",null,0.8,0.25021074,136,,,0,,False,11,test,0
2994,0.0,833.35541,833.60562,0.0,0.08,40.0,10.0,null,"[3644.93333333, 3644.93333333]",4.0,gabors,"[20.0, 20.0]",null,0.8,0.25021074,134,,,0,,False,11,test,0
2995,0.0,833.60562,833.85583,45.0,0.08,-20.0,10.0,null,"[3644.93333333, 3644.93333333]",4.0,gabors,"[20.0, 20.0]",null,0.8,0.25021074,213,,,0,,False,10,train,1
2996,0.0,833.85583,834.10604,90.0,0.08,-30.0,-10.0,null,"[3644.93333333, 3644.93333333]",4.0,gabors,"[20.0, 20.0]",null,0.8,0.25021074,71,,,0,,False,11,test,2
2997,0.0,834.10604,834.35625,45.0,0.08,30.0,0.0,null,"[3644.93333333, 3644.93333333]",4.0,gabors,"[20.0, 20.0]",null,0.8,0.25020926,102,,,0,,False,13,train,1
2998,0.0,834.35625,834.60646,0.0,0.08,-40.0,-40.0,null,"[3644.93333333, 3644.93333333]",4.0,gabors,"[20.0, 20.0]",null,0.8,0.25020926,52,,,0,,False,11,test,0
2999,0.0,834.60646,834.85667,90.0,0.08,-40.0,30.0,null,"[3644.93333333, 3644.93333333]",4.0,gabors,"[20.0, 20.0]",null,0.8,0.25020926,45,,,0,,False,11,test,2
3000,0.0,834.85667,835.10688,0.0,0.08,10.0,10.0,null,"[3644.93333333, 3644.93333333]",4.0,gabors,"[20.0, 20.0]",null,0.8,0.25020926,79,,,0,,False,11,test,0
3001,0.0,835.10688,835.35709,90.0,0.08,-10.0,20.0,null,"[3644.93333333, 3644.93333333]",4.0,gabors,"[20.0, 20.0]",null,0.8,0.25021324,137,,,0,,False,13,train,2
3002,0.0,835.35709,835.6073,90.0,0.08,-40.0,40.0,null,"[3644.93333333, 3644.93333333]",4.0,gabors,"[20.0, 20.0]",null,0.8,0.25021324,163,,,0,,False,12,train,2
3003,0.0,835.6073,835.85752,0.0,0.08,-40.0,-30.0,null,"[3644.93333333, 3644.93333333]",4.0,gabors,"[20.0, 20.0]",null,0.8,0.25021324,222,,,0,,False,13,train,0
3004,0.0,835.85752,836.10773,45.0,0.08,30.0,-40.0,null,"[3644.93333333, 3644.93333333]",4.0,gabors,"[20.0, 20.0]",null,0.8,0.25021324,125,,,0,,False,11,test,1
3005,0.0,836.10773,836.35794,0.0,0.08,-20.0,-30.0,null,"[3644.93333333, 3644.93333333]",4.0,gabors,"[20.0, 20.0]",null,0.8,0.25021176,54,,,0,,False,12,train,0
3006,0.0,836.35794,836.60815,45.0,0.08,10.0,0.0,null,"[3644.93333333, 3644.93333333]",4.0,gabors,"[20.0, 20.0]",null,0.8,0.25021176,53,,,0,,False,12,train,1
3007,0.0,836.60815,836.85837,0.0,0.08,-30.0,-10.0,null,"[3644.93333333, 3644.93333333]",4.0,gabors,"[20.0, 20.0]",null,0.8,0.25021176,98,,,0,,False,12,train,0
3008,0.0,836.85837,837.10858,0.0,0.08,-10.0,-20.0,null,"[3644.93333333, 3644.93333333]",4.0,gabors,"[20.0, 20.0]",null,0.8,0.25021176,187,,,0,,False,14,test,0
3009,0.0,837.10858,837.35878,90.0,0.08,-30.0,40.0,null,"[3644.93333333, 3644.93333333]",4.0,gabors,"[20.0, 20.0]",null,0.8,0.25020074,86,,,0,,False,13,train,2
3010,0.0,837.35878,837.60898,90.0,0.08,-40.0,-10.0,null,"[3644.93333333, 3644.93333333]",4.0,gabors,"[20.0, 20.0]",null,0.8,0.25020074,190,,,0,,False,13,train,2
3011,0.0,837.60898,837.85918,0.0,0.08,-40.0,0.0,null,"[3644.93333333, 3644.93333333]",4.0,gabors,"[20.0, 20.0]",null,0.8,0.25020074,216,,,0,,False,9,train,0
3012,0.0,837.85918,838.10938,0.0,0.08,0.0,0.0,null,"[3644.93333333, 3644.93333333]",4.0,gabors,"[20.0, 20.0]",null,0.8,0.25020074,240,,,0,,False,12,train,0
3013,0.0,838.10938,838.35959,45.0,0.08,10.0,-20.0,null,"[3644.93333333, 3644.93333333]",4.0,gabors,"[20.0, 20.0]",null,0.8,0.25020926,126,,,0,,False,10,train,1
3014,0.0,838.35959,838.6098,90.0,0.08,40.0,-10.0,null,"[3644.93333333, 3644.93333333]",4.0,gabors,"[20.0, 20.0]",null,0.8,0.25020926,127,,,0,,False,10,train,2
3015,0.0,838.6098,838.86001,0.0,0.08,10.0,-40.0,null,"[3644.93333333, 3644.93333333]",4.0,gabors,"[20.0, 20.0]",null,0.8,0.25020926,211,,,0,,False,12,train,0
3016,0.0,838.86001,839.11022,0.0,0.08,0.0,10.0,null,"[3644.93333333, 3644.93333333]",4.0,gabors,"[20.0, 20.0]",null,0.8,0.25020926,6,,,0,,False,14,test,0
3017,0.0,839.11022,839.36043,90.0,0.08,40.0,30.0,null,"[3644.93333333, 3644.93333333]",4.0,gabors,"[20.0, 20.0]",null,0.8,0.25021074,75,,,0,,False,14,test,2
3018,0.0,839.36043,839.61064,0.0,0.08,0.0,40.0,null,"[3644.93333333, 3644.93333333]",4.0,gabors,"[20.0, 20.0]",null,0.8,0.25021074,123,,,0,,False,10,train,0
3019,0.0,839.61064,839.86085,45.0,0.08,-10.0,10.0,null,"[3644.93333333, 3644.93333333]",4.0,gabors,"[20.0, 20.0]",null,0.8,0.25021074,186,,,0,,False,11,test,1
3020,0.0,839.86085,840.11106,45.0,0.08,30.0,30.0,null,"[3644.93333333, 3644.93333333]",4.0,gabors,"[20.0, 20.0]",null,0.8,0.25021074,39,,,0,,False,13,train,1
3021,0.0,840.11106,840.36127,90.0,0.08,30.0,0.0,null,"[3644.93333333, 3644.93333333]",4.0,gabors,"[20.0, 20.0]",null,0.8,0.25021176,113,,,0,,False,12,train,2
3022,0.0,840.36127,840.61148,90.0,0.08,-40.0,-20.0,null,"[3644.93333333, 3644.93333333]",4.0,gabors,"[20.0, 20.0]",null,0.8,0.25021176,189,,,0,,False,14,test,2
3023,0.0,840.61148,840.8617,90.0,0.08,-40.0,30.0,null,"[3644.93333333, 3644.93333333]",4.0,gabors,"[20.0, 20.0]",null,0.8,0.25021176,45,,,0,,False,12,train,2
3024,0.0,840.8617,841.11191,0.0,0.08,-20.0,40.0,null,"[3644.93333333, 3644.93333333]",4.0,gabors,"[20.0, 20.0]",null,0.8,0.25021176,122,,,0,,False,14,test,0
3025,0.0,841.11191,841.36212,45.0,0.08,-10.0,20.0,null,"[3644.93333333, 3644.93333333]",4.0,gabors,"[20.0, 20.0]",null,0.8,0.25021074,201,,,0,,False,14,test,1
3026,0.0,841.36212,841.61233,45.0,0.08,40.0,30.0,null,"[3644.93333333, 3644.93333333]",4.0,gabors,"[20.0, 20.0]",null,0.8,0.25021074,1,,,0,,False,14,test,1
3027,0.0,841.61233,841.86254,0.0,0.08,-30.0,30.0,null,"[3644.93333333, 3644.93333333]",4.0,gabors,"[20.0, 20.0]",null,0.8,0.25021074,218,,,0,,False,12,train,0
3028,0.0,841.86254,842.11275,0.0,0.08,0.0,-40.0,null,"[3644.93333333, 3644.93333333]",4.0,gabors,"[20.0, 20.0]",null,0.8,0.25021074,12,,,0,,False,12,train,0
3029,0.0,842.11275,842.36295,0.0,0.08,0.0,40.0,null,"[3644.93333333, 3644.93333333]",4.0,gabors,"[20.0, 20.0]",null,0.8,0.25020176,123,,,0,,False,11,test,0
3030,0.0,842.36295,842.61315,45.0,0.08,30.0,20.0,null,"[3644.93333333, 3644.93333333]",4.0,gabors,"[20.0, 20.0]",null,0.8,0.25020176,103,,,0,,False,12,train,1
3031,0.0,842.61315,842.86336,45.0,0.08,20.0,-10.0,null,"[3644.93333333, 3644.93333333]",4.0,gabors,"[20.0, 20.0]",null,0.8,0.25020176,183,,,0,,False,10,train,1
3032,0.0,842.86336,843.11356,0.0,0.08,40.0,30.0,null,"[3644.93333333, 3644.93333333]",4.0,gabors,"[20.0, 20.0]",null,0.8,0.25020176,95,,,0,,False,14,test,0
3033,0.0,843.11356,843.36377,90.0,0.08,30.0,-10.0,null,"[3644.93333333, 3644.93333333]",4.0,gabors,"[20.0, 20.0]",null,0.8,0.25021324,243,,,0,,False,10,train,2
3034,0.0,843.36377,843.61398,45.0,0.08,-30.0,0.0,null,"[3644.93333333, 3644.93333333]",4.0,gabors,"[20.0, 20.0]",null,0.8,0.25021324,212,,,0,,False,10,train,1
3035,0.0,843.61398,843.8642,0.0,0.08,10.0,20.0,null,"[3644.93333333, 3644.93333333]",4.0,gabors,"[20.0, 20.0]",null,0.8,0.25021324,136,,,0,,False,12,train,0
3036,0.0,843.8642,844.11441,45.0,0.08,-40.0,-10.0,null,"[3644.93333333, 3644.93333333]",4.0,gabors,"[20.0, 20.0]",null,0.8,0.25021324,210,,,0,,False,13,train,1
3037,0.0,844.11441,844.36462,90.0,0.08,20.0,40.0,null,"[3644.93333333, 3644.93333333]",4.0,gabors,"[20.0, 20.0]",null,0.8,0.25021176,180,,,0,,False,10,train,2
3038,0.0,844.36462,844.61483,90.0,0.08,10.0,-30.0,null,"[3644.93333333, 3644.93333333]",4.0,gabors,"[20.0, 20.0]",null,0.8,0.25021176,219,,,0,,False,10,train,2
3039,0.0,844.61483,844.86505,0.0,0.08,-40.0,20.0,null,"[3644.93333333, 3644.93333333]",4.0,gabors,"[20.0, 20.0]",null,0.8,0.25021176,106,,,0,,False,12,train,0
3040,0.0,844.86505,845.11526,0.0,0.08,-10.0,30.0,null,"[3644.93333333, 3644.93333333]",4.0,gabors,"[20.0, 20.0]",null,0.8,0.25021176,29,,,0,,False,14,test,0
3041,0.0,845.11526,845.36546,45.0,0.08,-20.0,-30.0,null,"[3644.93333333, 3644.93333333]",4.0,gabors,"[20.0, 20.0]",null,0.8,0.25020574,174,,,0,,False,11,test,1
3042,0.0,845.36546,845.61567,45.0,0.08,-30.0,20.0,null,"[3644.93333333, 3644.93333333]",4.0,gabors,"[20.0, 20.0]",null,0.8,0.25020574,101,,,0,,False,11,test,1
3043,0.0,845.61567,845.86588,90.0,0.08,20.0,-40.0,null,"[3644.93333333, 3644.93333333]",4.0,gabors,"[20.0, 20.0]",null,0.8,0.25020574,33,,,0,,False,13,train,2
3044,0.0,845.86588,846.11608,90.0,0.08,-10.0,-40.0,null,"[3644.93333333, 3644.93333333]",4.0,gabors,"[20.0, 20.0]",null,0.8,0.25020574,156,,,0,,False,14,test,2
3045,0.0,846.11608,846.36629,45.0,0.08,0.0,-10.0,null,"[3644.93333333, 3644.93333333]",4.0,gabors,"[20.0, 20.0]",null,0.8,0.25020676,191,,,0,,False,11,test,1
3046,0.0,846.36629,846.61649,45.0,0.08,-30.0,30.0,null,"[3644.93333333, 3644.93333333]",4.0,gabors,"[20.0, 20.0]",null,0.8,0.25020676,207,,,0,,False,12,train,1
3047,0.0,846.61649,846.8667,0.0,0.08,20.0,10.0,null,"[3644.93333333, 3644.93333333]",4.0,gabors,"[20.0, 20.0]",null,0.8,0.25020676,44,,,0,,False,12,train,0
3048,0.0,846.8667,847.11691,0.0,0.08,-20.0,30.0,null,"[3644.93333333, 3644.93333333]",4.0,gabors,"[20.0, 20.0]",null,0.8,0.25020676,42,,,0,,False,12,train,0
3049,0.0,847.11691,847.36712,90.0,0.08,30.0,30.0,null,"[3644.93333333, 3644.93333333]",4.0,gabors,"[20.0, 20.0]",null,0.8,0.25021324,91,,,0,,False,11,test,2
3050,0.0,847.36712,847.61733,45.0,0.08,0.0,30.0,null,"[3644.93333333, 3644.93333333]",4.0,gabors,"[20.0, 20.0]",null,0.8,0.25021324,193,,,0,,False,10,train,1
3051,0.0,847.61733,847.86755,0.0,0.08,-20.0,-40.0,null,"[3644.93333333, 3644.93333333]",4.0,gabors,"[20.0, 20.0]",null,0.8,0.25021324,93,,,0,,False,10,train,0
3052,0.0,847.86755,848.11776,45.0,0.08,40.0,20.0,null,"[3644.93333333, 3644.93333333]",4.0,gabors,"[20.0, 20.0]",null,0.8,0.25021324,105,,,0,,False,12,train,1
3053,0.0,848.11776,848.36797,90.0,0.08,40.0,-10.0,null,"[3644.93333333, 3644.93333333]",4.0,gabors,"[20.0, 20.0]",null,0.8,0.25020926,127,,,0,,False,11,test,2
3054,0.0,848.36797,848.61818,45.0,0.08,-30.0,-20.0,null,"[3644.93333333, 3644.93333333]",4.0,gabors,"[20.0, 20.0]",null,0.8,0.25020926,233,,,0,,False,12,train,1
3055,0.0,848.61818,848.86839,90.0,0.08,-10.0,40.0,null,"[3644.93333333, 3644.93333333]",4.0,gabors,"[20.0, 20.0]",null,0.8,0.25020926,27,,,0,,False,13,train,2
3056,0.0,848.86839,849.1186,90.0,0.08,10.0,-10.0,null,"[3644.93333333, 3644.93333333]",4.0,gabors,"[20.0, 20.0]",null,0.8,0.25020926,3,,,0,,False,11,test,2
3057,0.0,849.1186,849.36881,0.0,0.08,-30.0,20.0,null,"[3644.93333333, 3644.93333333]",4.0,gabors,"[20.0, 20.0]",null,0.8,0.25021074,227,,,0,,False,12,train,0
3058,0.0,849.36881,849.61902,0.0,0.08,-10.0,0.0,null,"[3644.93333333, 3644.93333333]",4.0,gabors,"[20.0, 20.0]",null,0.8,0.25021074,128,,,0,,False,10,train,0
3059,0.0,849.61902,849.86923,90.0,0.08,-20.0,0.0,null,"[3644.93333333, 3644.93333333]",4.0,gabors,"[20.0, 20.0]",null,0.8,0.25021074,171,,,0,,False,10,train,2
3060,0.0,849.86923,850.11944,0.0,0.08,-20.0,0.0,null,"[3644.93333333, 3644.93333333]",4.0,gabors,"[20.0, 20.0]",null,0.8,0.25021074,15,,,0,,False,13,train,0
3061,0.0,850.11944,850.36965,45.0,0.08,30.0,-20.0,null,"[3644.93333333, 3644.93333333]",4.0,gabors,"[20.0, 20.0]",null,0.8,0.25020426,47,,,0,,False,9,train,1
3062,0.0,850.36965,850.61985,45.0,0.08,-40.0,-30.0,null,"[3644.93333333, 3644.93333333]",4.0,gabors,"[20.0, 20.0]",null,0.8,0.25020426,92,,,0,,False,12,train,1
3063,0.0,850.61985,850.87005,0.0,0.08,20.0,-10.0,null,"[3644.93333333, 3644.93333333]",4.0,gabors,"[20.0, 20.0]",null,0.8,0.25020426,238,,,0,,False,11,test,0
3064,0.0,850.87005,851.12026,45.0,0.08,30.0,-20.0,null,"[3644.93333333, 3644.93333333]",4.0,gabors,"[20.0, 20.0]",null,0.8,0.25020426,47,,,0,,False,10,train,1
3065,0.0,851.12026,851.37047,0.0,0.08,-30.0,-30.0,null,"[3644.93333333, 3644.93333333]",4.0,gabors,"[20.0, 20.0]",null,0.8,0.25021074,192,,,0,,False,12,train,0
3066,0.0,851.37047,851.62068,45.0,0.08,10.0,-10.0,null,"[3644.93333333, 3644.93333333]",4.0,gabors,"[20.0, 20.0]",null,0.8,0.25021074,94,,,0,,False,13,train,1
3067,0.0,851.62068,851.87089,90.0,0.08,30.0,10.0,null,"[3644.93333333, 3644.93333333]",4.0,gabors,"[20.0, 20.0]",null,0.8,0.25021074,204,,,0,,False,13,train,2
3068,0.0,851.87089,852.1211,90.0,0.08,0.0,-40.0,null,"[3644.93333333, 3644.93333333]",4.0,gabors,"[20.0, 20.0]",null,0.8,0.25021074,173,,,0,,False,9,train,2
3069,0.0,852.1211,852.37131,45.0,0.08,40.0,0.0,null,"[3644.93333333, 3644.93333333]",4.0,gabors,"[20.0, 20.0]",null,0.8,0.25020676,104,,,0,,False,10,train,1
3070,0.0,852.37131,852.62151,0.0,0.08,-40.0,0.0,null,"[3644.93333333, 3644.93333333]",4.0,gabors,"[20.0, 20.0]",null,0.8,0.25020676,216,,,0,,False,10,train,0
3071,0.0,852.62151,852.87172,90.0,0.08,-20.0,20.0,null,"[3644.93333333, 3644.93333333]",4.0,gabors,"[20.0, 20.0]",null,0.8,0.25020676,242,,,0,,False,12,train,2
3072,0.0,852.87172,853.12193,90.0,0.08,10.0,-40.0,null,"[3644.93333333, 3644.93333333]",4.0,gabors,"[20.0, 20.0]",null,0.8,0.25020676,77,,,0,,False,12,train,2
3073,0.0,853.12193,853.37214,45.0,0.08,-30.0,20.0,null,"[3644.93333333, 3644.93333333]",4.0,gabors,"[20.0, 20.0]",null,0.8,0.25021324,101,,,0,,False,12,train,1
3074,0.0,853.37214,853.62235,90.0,0.08,30.0,-40.0,null,"[3644.93333333, 3644.93333333]",4.0,gabors,"[20.0, 20.0]",null,0.8,0.25021324,8,,,0,,False,11,test,2
3075,0.0,853.62235,853.87257,45.0,0.08,40.0,-10.0,null,"[3644.93333333, 3644.93333333]",4.0,gabors,"[20.0, 20.0]",null,0.8,0.25021324,38,,,0,,False,13,train,1
3076,0.0,853.87257,854.12278,45.0,0.08,20.0,20.0,null,"[3644.93333333, 3644.93333333]",4.0,gabors,"[20.0, 20.0]",null,0.8,0.25021324,167,,,0,,False,10,train,1
3077,0.0,854.12278,854.37299,45.0,0.08,-20.0,10.0,null,"[3644.93333333, 3644.93333333]",4.0,gabors,"[20.0, 20.0]",null,0.8,0.25021176,213,,,0,,False,11,test,1
3078,0.0,854.37299,854.6232,0.0,0.08,0.0,20.0,null,"[3644.93333333, 3644.93333333]",4.0,gabors,"[20.0, 20.0]",null,0.8,0.25021176,221,,,0,,False,7,train,0
3079,0.0,854.6232,854.87342,0.0,0.08,-10.0,20.0,null,"[3644.93333333, 3644.93333333]",4.0,gabors,"[20.0, 20.0]",null,0.8,0.25021176,131,,,0,,False,13,train,0
3080,0.0,854.87342,855.12363,0.0,0.08,-40.0,0.0,null,"[3644.93333333, 3644.93333333]",4.0,gabors,"[20.0, 20.0]",null,0.8,0.25021176,216,,,0,,False,11,test,0
3081,0.0,855.12363,855.37384,45.0,0.08,-30.0,30.0,null,"[3644.93333333, 3644.93333333]",4.0,gabors,"[20.0, 20.0]",null,0.8,0.25020824,207,,,0,,False,13,train,1
3082,0.0,855.37384,855.62404,90.0,0.08,-30.0,10.0,null,"[3644.93333333, 3644.93333333]",4.0,gabors,"[20.0, 20.0]",null,0.8,0.25020824,61,,,0,,False,12,train,2
3083,0.0,855.62404,855.87425,45.0,0.08,0.0,40.0,null,"[3644.93333333, 3644.93333333]",4.0,gabors,"[20.0, 20.0]",null,0.8,0.25020824,7,,,0,,False,13,train,1
3084,0.0,855.87425,856.12446,0.0,0.08,30.0,-30.0,null,"[3644.93333333, 3644.93333333]",4.0,gabors,"[20.0, 20.0]",null,0.8,0.25020824,81,,,0,,False,12,train,0
3085,0.0,856.12446,856.37467,0.0,0.08,20.0,10.0,null,"[3644.93333333, 3644.93333333]",4.0,gabors,"[20.0, 20.0]",null,0.8,0.25020926,44,,,0,,False,13,train,0
3086,0.0,856.37467,856.62488,90.0,0.08,-20.0,40.0,null,"[3644.93333333, 3644.93333333]",4.0,gabors,"[20.0, 20.0]",null,0.8,0.25020926,116,,,0,,False,9,train,2
3087,0.0,856.62488,856.87509,90.0,0.08,20.0,20.0,null,"[3644.93333333, 3644.93333333]",4.0,gabors,"[20.0, 20.0]",null,0.8,0.25020926,35,,,0,,False,14,test,2
3088,0.0,856.87509,857.1253,0.0,0.08,-40.0,-40.0,null,"[3644.93333333, 3644.93333333]",4.0,gabors,"[20.0, 20.0]",null,0.8,0.25020926,52,,,0,,False,12,train,0
3089,0.0,857.1253,857.3755,45.0,0.08,-20.0,20.0,null,"[3644.93333333, 3644.93333333]",4.0,gabors,"[20.0, 20.0]",null,0.8,0.25020574,235,,,0,,False,11,test,1
3090,0.0,857.3755,857.62571,45.0,0.08,-40.0,40.0,null,"[3644.93333333, 3644.93333333]",4.0,gabors,"[20.0, 20.0]",null,0.8,0.25020574,67,,,0,,False,13,train,1
3091,0.0,857.62571,857.87592,0.0,0.08,0.0,30.0,null,"[3644.93333333, 3644.93333333]",4.0,gabors,"[20.0, 20.0]",null,0.8,0.25020574,203,,,0,,False,13,train,0
3092,0.0,857.87592,858.12612,45.0,0.08,10.0,-20.0,null,"[3644.93333333, 3644.93333333]",4.0,gabors,"[20.0, 20.0]",null,0.8,0.25020574,126,,,0,,False,11,test,1
3093,0.0,858.12612,858.37633,90.0,0.08,0.0,30.0,null,"[3644.93333333, 3644.93333333]",4.0,gabors,"[20.0, 20.0]",null,0.8,0.25020676,10,,,0,,False,13,train,2
3094,0.0,858.37633,858.62653,90.0,0.08,10.0,-30.0,null,"[3644.93333333, 3644.93333333]",4.0,gabors,"[20.0, 20.0]",null,0.8,0.25020676,219,,,0,,False,11,test,2
3095,0.0,858.62653,858.87674,0.0,0.08,10.0,10.0,null,"[3644.93333333, 3644.93333333]",4.0,gabors,"[20.0, 20.0]",null,0.8,0.25020676,79,,,0,,False,12,train,0
3096,0.0,858.87674,859.12695,90.0,0.08,-40.0,10.0,null,"[3644.93333333, 3644.93333333]",4.0,gabors,"[20.0, 20.0]",null,0.8,0.25020676,115,,,0,,False,12,train,2
3097,0.0,859.12695,859.37716,0.0,0.08,-10.0,-10.0,null,"[3644.93333333, 3644.93333333]",4.0,gabors,"[20.0, 20.0]",null,0.8,0.25021074,158,,,0,,False,11,test,0
3098,0.0,859.37716,859.62737,45.0,0.08,-30.0,10.0,null,"[3644.93333333, 3644.93333333]",4.0,gabors,"[20.0, 20.0]",null,0.8,0.25021074,2,,,0,,False,14,test,1
3099,0.0,859.62737,859.87758,0.0,0.08,0.0,-40.0,null,"[3644.93333333, 3644.93333333]",4.0,gabors,"[20.0, 20.0]",null,0.8,0.25021074,12,,,0,,False,13,train,0
3100,0.0,859.87758,860.12779,45.0,0.08,-20.0,20.0,null,"[3644.93333333, 3644.93333333]",4.0,gabors,"[20.0, 20.0]",null,0.8,0.25021074,235,,,0,,False,12,train,1
3101,0.0,860.12779,860.378,0.0,0.08,-30.0,0.0,null,"[3644.93333333, 3644.93333333]",4.0,gabors,"[20.0, 20.0]",null,0.8,0.25020926,226,,,0,,False,13,train,0
3102,0.0,860.378,860.62821,45.0,0.08,10.0,-30.0,null,"[3644.93333333, 3644.93333333]",4.0,gabors,"[20.0, 20.0]",null,0.8,0.25020926,72,,,0,,False,11,test,1
3103,0.0,860.62821,860.87842,90.0,0.08,-40.0,-40.0,null,"[3644.93333333, 3644.93333333]",4.0,gabors,"[20.0, 20.0]",null,0.8,0.25020926,196,,,0,,False,13,train,2
3104,0.0,860.87842,861.12863,0.0,0.08,-40.0,-10.0,null,"[3644.93333333, 3644.93333333]",4.0,gabors,"[20.0, 20.0]",null,0.8,0.25020926,20,,,0,,False,11,test,0
3105,0.0,861.12863,861.37884,45.0,0.08,10.0,10.0,null,"[3644.93333333, 3644.93333333]",4.0,gabors,"[20.0, 20.0]",null,0.8,0.25021574,11,,,0,,False,12,train,1
3106,0.0,861.37884,861.62906,45.0,0.08,30.0,10.0,null,"[3644.93333333, 3644.93333333]",4.0,gabors,"[20.0, 20.0]",null,0.8,0.25021574,58,,,0,,False,13,train,1
3107,0.0,861.62906,861.87928,90.0,0.08,-10.0,-10.0,null,"[3644.93333333, 3644.93333333]",4.0,gabors,"[20.0, 20.0]",null,0.8,0.25021574,223,,,0,,False,13,train,2
3108,0.0,861.87928,862.12949,45.0,0.08,-10.0,30.0,null,"[3644.93333333, 3644.93333333]",4.0,gabors,"[20.0, 20.0]",null,0.8,0.25021574,178,,,0,,False,12,train,1
3109,0.0,862.12949,862.37969,90.0,0.08,-10.0,0.0,null,"[3644.93333333, 3644.93333333]",4.0,gabors,"[20.0, 20.0]",null,0.8,0.25020176,142,,,0,,False,13,train,2
3110,0.0,862.37969,862.62989,45.0,0.08,-10.0,10.0,null,"[3644.93333333, 3644.93333333]",4.0,gabors,"[20.0, 20.0]",null,0.8,0.25020176,186,,,0,,False,12,train,1
3111,0.0,862.62989,862.8801,90.0,0.08,10.0,-40.0,null,"[3644.93333333, 3644.93333333]",4.0,gabors,"[20.0, 20.0]",null,0.8,0.25020176,77,,,0,,False,13,train,2
3112,0.0,862.8801,863.1303,90.0,0.08,10.0,0.0,null,"[3644.93333333, 3644.93333333]",4.0,gabors,"[20.0, 20.0]",null,0.8,0.25020176,97,,,0,,False,14,test,2
3113,0.0,863.1303,863.38051,90.0,0.08,-10.0,-20.0,null,"[3644.93333333, 3644.93333333]",4.0,gabors,"[20.0, 20.0]",null,0.8,0.25021324,17,,,0,,False,13,train,2
3114,0.0,863.38051,863.63072,0.0,0.08,-10.0,-10.0,null,"[3644.93333333, 3644.93333333]",4.0,gabors,"[20.0, 20.0]",null,0.8,0.25021324,158,,,0,,False,12,train,0
3115,0.0,863.63072,863.88094,45.0,0.08,10.0,20.0,null,"[3644.93333333, 3644.93333333]",4.0,gabors,"[20.0, 20.0]",null,0.8,0.25021324,41,,,0,,False,11,test,1
3116,0.0,863.88094,864.13115,45.0,0.08,0.0,-20.0,null,"[3644.93333333, 3644.93333333]",4.0,gabors,"[20.0, 20.0]",null,0.8,0.25021324,198,,,0,,False,10,train,1
3117,0.0,864.13115,864.38136,90.0,0.08,10.0,30.0,null,"[3644.93333333, 3644.93333333]",4.0,gabors,"[20.0, 20.0]",null,0.8,0.25021176,170,,,0,,False,13,train,2
3118,0.0,864.38136,864.63157,45.0,0.08,20.0,20.0,null,"[3644.93333333, 3644.93333333]",4.0,gabors,"[20.0, 20.0]",null,0.8,0.25021176,167,,,0,,False,11,test,1
3119,0.0,864.63157,864.88179,45.0,0.08,-30.0,-20.0,null,"[3644.93333333, 3644.93333333]",4.0,gabors,"[20.0, 20.0]",null,0.8,0.25021176,233,,,0,,False,13,train,1
3120,0.0,864.88179,865.132,0.0,0.08,-40.0,-10.0,null,"[3644.93333333, 3644.93333333]",4.0,gabors,"[20.0, 20.0]",null,0.8,0.25021176,20,,,0,,False,12,train,0
3121,0.0,865.132,865.3822,90.0,0.08,-20.0,0.0,null,"[3644.93333333, 3644.93333333]",4.0,gabors,"[20.0, 20.0]",null,0.8,0.25020574,171,,,0,,False,11,test,2
3122,0.0,865.3822,865.63241,45.0,0.08,-20.0,20.0,null,"[3644.93333333, 3644.93333333]",4.0,gabors,"[20.0, 20.0]",null,0.8,0.25020574,235,,,0,,False,13,train,1
3123,0.0,865.63241,865.88262,45.0,0.08,-20.0,-30.0,null,"[3644.93333333, 3644.93333333]",4.0,gabors,"[20.0, 20.0]",null,0.8,0.25020574,174,,,0,,False,12,train,1
3124,0.0,865.88262,866.13282,90.0,0.08,-10.0,10.0,null,"[3644.93333333, 3644.93333333]",4.0,gabors,"[20.0, 20.0]",null,0.8,0.25020574,169,,,0,,False,12,train,2
3125,0.0,866.13282,866.38302,90.0,0.08,-20.0,10.0,null,"[3644.93333333, 3644.93333333]",4.0,gabors,"[20.0, 20.0]",null,0.8,0.25020176,162,,,0,,False,12,train,2
3126,0.0,866.38302,866.63322,45.0,0.08,-10.0,-40.0,null,"[3644.93333333, 3644.93333333]",4.0,gabors,"[20.0, 20.0]",null,0.8,0.25020176,40,,,0,,False,10,train,1
3127,0.0,866.63322,866.88343,90.0,0.08,-40.0,30.0,null,"[3644.93333333, 3644.93333333]",4.0,gabors,"[20.0, 20.0]",null,0.8,0.25020176,45,,,0,,False,13,train,2
3128,0.0,866.88343,867.13363,45.0,0.08,40.0,-20.0,null,"[3644.93333333, 3644.93333333]",4.0,gabors,"[20.0, 20.0]",null,0.8,0.25020176,117,,,0,,False,13,train,1
3129,0.0,867.13363,867.38385,90.0,0.08,10.0,-20.0,null,"[3644.93333333, 3644.93333333]",4.0,gabors,"[20.0, 20.0]",null,0.8,0.25021824,19,,,0,,False,10,train,2
3130,0.0,867.38385,867.63406,90.0,0.08,-40.0,-30.0,null,"[3644.93333333, 3644.93333333]",4.0,gabors,"[20.0, 20.0]",null,0.8,0.25021824,56,,,0,,False,10,train,2
3131,0.0,867.63406,867.88428,90.0,0.08,10.0,10.0,null,"[3644.93333333, 3644.93333333]",4.0,gabors,"[20.0, 20.0]",null,0.8,0.25021824,237,,,0,,False,9,train,2
3132,0.0,867.88428,868.1345,0.0,0.08,-30.0,30.0,null,"[3644.93333333, 3644.93333333]",4.0,gabors,"[20.0, 20.0]",null,0.8,0.25021824,218,,,0,,False,13,train,0
3133,0.0,868.1345,868.3847,90.0,0.08,-20.0,30.0,null,"[3644.93333333, 3644.93333333]",4.0,gabors,"[20.0, 20.0]",null,0.8,0.25020176,124,,,0,,False,10,train,2
3134,0.0,868.3847,868.6349,45.0,0.08,-20.0,10.0,null,"[3644.93333333, 3644.93333333]",4.0,gabors,"[20.0, 20.0]",null,0.8,0.25020176,213,,,0,,False,12,train,1
3135,0.0,868.6349,868.88511,45.0,0.08,-10.0,-40.0,null,"[3644.93333333, 3644.93333333]",4.0,gabors,"[20.0, 20.0]",null,0.8,0.25020176,40,,,0,,False,11,test,1
3136,0.0,868.88511,869.13531,45.0,0.08,-40.0,-20.0,null,"[3644.93333333, 3644.93333333]",4.0,gabors,"[20.0, 20.0]",null,0.8,0.25020176,57,,,0,,False,14,test,1
3137,0.0,869.13531,869.38552,0.0,0.08,-10.0,-30.0,null,"[3644.93333333, 3644.93333333]",4.0,gabors,"[20.0, 20.0]",null,0.8,0.25021574,37,,,0,,False,9,train,0
3138,0.0,869.38552,869.63574,45.0,0.08,-20.0,20.0,null,"[3644.93333333, 3644.93333333]",4.0,gabors,"[20.0, 20.0]",null,0.8,0.25021574,235,,,0,,False,14,test,1
3139,0.0,869.63574,869.88596,45.0,0.08,0.0,30.0,null,"[3644.93333333, 3644.93333333]",4.0,gabors,"[20.0, 20.0]",null,0.8,0.25021574,193,,,0,,False,11,test,1
3140,0.0,869.88596,870.13617,0.0,0.08,-10.0,10.0,null,"[3644.93333333, 3644.93333333]",4.0,gabors,"[20.0, 20.0]",null,0.8,0.25021574,87,,,0,,False,9,train,0
3141,0.0,870.13617,870.38638,0.0,0.08,0.0,-10.0,null,"[3644.93333333, 3644.93333333]",4.0,gabors,"[20.0, 20.0]",null,0.8,0.25021176,99,,,0,,False,14,test,0
3142,0.0,870.38638,870.63659,0.0,0.08,20.0,30.0,null,"[3644.93333333, 3644.93333333]",4.0,gabors,"[20.0, 20.0]",null,0.8,0.25021176,166,,,0,,False,14,test,0
3143,0.0,870.63659,870.88681,0.0,0.08,-20.0,-10.0,null,"[3644.93333333, 3644.93333333]",4.0,gabors,"[20.0, 20.0]",null,0.8,0.25021176,84,,,0,,False,12,train,0
3144,0.0,870.88681,871.13702,45.0,0.08,0.0,30.0,null,"[3644.93333333, 3644.93333333]",4.0,gabors,"[20.0, 20.0]",null,0.8,0.25021176,193,,,0,,False,12,train,1
3145,0.0,871.13702,871.38723,45.0,0.08,-30.0,-40.0,null,"[3644.93333333, 3644.93333333]",4.0,gabors,"[20.0, 20.0]",null,0.8,0.25020824,70,,,0,,False,11,test,1
3146,0.0,871.38723,871.63743,45.0,0.08,-10.0,-30.0,null,"[3644.93333333, 3644.93333333]",4.0,gabors,"[20.0, 20.0]",null,0.8,0.25020824,83,,,0,,False,11,test,1
3147,0.0,871.63743,871.88764,45.0,0.08,-10.0,-30.0,null,"[3644.93333333, 3644.93333333]",4.0,gabors,"[20.0, 20.0]",null,0.8,0.25020824,83,,,0,,False,12,train,1
3148,0.0,871.88764,872.13785,90.0,0.08,0.0,-10.0,null,"[3644.93333333, 3644.93333333]",4.0,gabors,"[20.0, 20.0]",null,0.8,0.25020824,49,,,0,,False,11,test,2
3149,0.0,872.13785,872.38806,90.0,0.08,-20.0,-30.0,null,"[3644.93333333, 3644.93333333]",4.0,gabors,"[20.0, 20.0]",null,0.8,0.25020926,161,,,0,,False,12,train,2
3150,0.0,872.38806,872.63827,45.0,0.08,0.0,-20.0,null,"[3644.93333333, 3644.93333333]",4.0,gabors,"[20.0, 20.0]",null,0.8,0.25020926,198,,,0,,False,11,test,1
3151,0.0,872.63827,872.88848,90.0,0.08,-10.0,-20.0,null,"[3644.93333333, 3644.93333333]",4.0,gabors,"[20.0, 20.0]",null,0.8,0.25020926,17,,,0,,False,14,test,2
3152,0.0,872.88848,873.13869,90.0,0.08,0.0,40.0,null,"[3644.93333333, 3644.93333333]",4.0,gabors,"[20.0, 20.0]",null,0.8,0.25020926,217,,,0,,False,10,train,2
3153,0.0,873.13869,873.38889,90.0,0.08,-10.0,0.0,null,"[3644.93333333, 3644.93333333]",4.0,gabors,"[20.0, 20.0]",null,0.8,0.25020324,142,,,0,,False,14,test,2
3154,0.0,873.38889,873.63909,90.0,0.08,30.0,0.0,null,"[3644.93333333, 3644.93333333]",4.0,gabors,"[20.0, 20.0]",null,0.8,0.25020324,113,,,0,,False,13,train,2
3155,0.0,873.63909,873.8893,45.0,0.08,10.0,20.0,null,"[3644.93333333, 3644.93333333]",4.0,gabors,"[20.0, 20.0]",null,0.8,0.25020324,41,,,0,,False,12,train,1
3156,0.0,873.8893,874.1395,90.0,0.08,-10.0,10.0,null,"[3644.93333333, 3644.93333333]",4.0,gabors,"[20.0, 20.0]",null,0.8,0.25020324,169,,,0,,False,13,train,2
3157,0.0,874.1395,874.38972,0.0,0.08,20.0,40.0,null,"[3644.93333333, 3644.93333333]",4.0,gabors,"[20.0, 20.0]",null,0.8,0.25021676,151,,,0,,False,12,train,0
3158,0.0,874.38972,874.63993,90.0,0.08,0.0,-20.0,null,"[3644.93333333, 3644.93333333]",4.0,gabors,"[20.0, 20.0]",null,0.8,0.25021676,155,,,0,,False,13,train,2
3159,0.0,874.63993,874.89015,45.0,0.08,20.0,40.0,null,"[3644.93333333, 3644.93333333]",4.0,gabors,"[20.0, 20.0]",null,0.8,0.25021676,24,,,0,,False,13,train,1
3160,0.0,874.89015,875.14037,0.0,0.08,40.0,10.0,null,"[3644.93333333, 3644.93333333]",4.0,gabors,"[20.0, 20.0]",null,0.8,0.25021676,134,,,0,,False,12,train,0
3161,0.0,875.14037,875.39057,0.0,0.08,40.0,-10.0,null,"[3644.93333333, 3644.93333333]",4.0,gabors,"[20.0, 20.0]",null,0.8,0.25020324,100,,,0,,False,14,test,0
3162,0.0,875.39057,875.64077,90.0,0.08,30.0,-30.0,null,"[3644.93333333, 3644.93333333]",4.0,gabors,"[20.0, 20.0]",null,0.8,0.25020324,215,,,0,,False,10,train,2
3163,0.0,875.64077,875.89098,90.0,0.08,40.0,-30.0,null,"[3644.93333333, 3644.93333333]",4.0,gabors,"[20.0, 20.0]",null,0.8,0.25020324,140,,,0,,False,14,test,2
3164,0.0,875.89098,876.14118,0.0,0.08,-40.0,-40.0,null,"[3644.93333333, 3644.93333333]",4.0,gabors,"[20.0, 20.0]",null,0.8,0.25020324,52,,,0,,False,13,train,0
3165,0.0,876.14118,876.3914,45.0,0.08,-40.0,0.0,null,"[3644.93333333, 3644.93333333]",4.0,gabors,"[20.0, 20.0]",null,0.8,0.25021676,208,,,0,,False,11,test,1
3166,0.0,876.3914,876.64161,45.0,0.08,40.0,-40.0,null,"[3644.93333333, 3644.93333333]",4.0,gabors,"[20.0, 20.0]",null,0.8,0.25021676,119,,,0,,False,12,train,1
3167,0.0,876.64161,876.89183,0.0,0.08,-40.0,-40.0,null,"[3644.93333333, 3644.93333333]",4.0,gabors,"[20.0, 20.0]",null,0.8,0.25021676,52,,,0,,False,14,test,0
3168,0.0,876.89183,877.14205,45.0,0.08,-20.0,0.0,null,"[3644.93333333, 3644.93333333]",4.0,gabors,"[20.0, 20.0]",null,0.8,0.25021676,34,,,0,,False,13,train,1
3169,0.0,877.14205,877.39225,45.0,0.08,0.0,10.0,null,"[3644.93333333, 3644.93333333]",4.0,gabors,"[20.0, 20.0]",null,0.8,0.25020324,195,,,0,,False,13,train,1
3170,0.0,877.39225,877.64245,0.0,0.08,10.0,0.0,null,"[3644.93333333, 3644.93333333]",4.0,gabors,"[20.0, 20.0]",null,0.8,0.25020324,132,,,0,,False,11,test,0
3171,0.0,877.64245,877.89266,45.0,0.08,40.0,-30.0,null,"[3644.93333333, 3644.93333333]",4.0,gabors,"[20.0, 20.0]",null,0.8,0.25020324,181,,,0,,False,12,train,1
3172,0.0,877.89266,878.14286,0.0,0.08,-10.0,40.0,null,"[3644.93333333, 3644.93333333]",4.0,gabors,"[20.0, 20.0]",null,0.8,0.25020324,234,,,0,,False,13,train,0
3173,0.0,878.14286,878.39308,90.0,0.08,-40.0,0.0,null,"[3644.93333333, 3644.93333333]",4.0,gabors,"[20.0, 20.0]",null,0.8,0.25021926,80,,,0,,False,13,train,2
3174,0.0,878.39308,878.6433,45.0,0.08,-10.0,0.0,null,"[3644.93333333, 3644.93333333]",4.0,gabors,"[20.0, 20.0]",null,0.8,0.25021926,63,,,0,,False,11,test,1
3175,0.0,878.6433,878.89352,0.0,0.08,-10.0,-30.0,null,"[3644.93333333, 3644.93333333]",4.0,gabors,"[20.0, 20.0]",null,0.8,0.25021926,37,,,0,,False,10,train,0
3176,0.0,878.89352,879.14374,45.0,0.08,40.0,40.0,null,"[3644.93333333, 3644.93333333]",4.0,gabors,"[20.0, 20.0]",null,0.8,0.25021926,165,,,0,,False,12,train,1
3177,0.0,879.14374,879.39394,90.0,0.08,40.0,-20.0,null,"[3644.93333333, 3644.93333333]",4.0,gabors,"[20.0, 20.0]",null,0.8,0.25019824,60,,,0,,False,11,test,2
3178,0.0,879.39394,879.64413,45.0,0.08,20.0,-30.0,null,"[3644.93333333, 3644.93333333]",4.0,gabors,"[20.0, 20.0]",null,0.8,0.25019824,159,,,0,,False,13,train,1
3179,0.0,879.64413,879.89433,90.0,0.08,10.0,10.0,null,"[3644.93333333, 3644.93333333]",4.0,gabors,"[20.0, 20.0]",null,0.8,0.25019824,237,,,0,,False,10,train,2
3180,0.0,879.89433,880.14453,45.0,0.08,-20.0,30.0,null,"[3644.93333333, 3644.93333333]",4.0,gabors,"[20.0, 20.0]",null,0.8,0.25019824,228,,,0,,False,12,train,1
3181,0.0,880.14453,880.39474,0.0,0.08,-20.0,30.0,null,"[3644.93333333, 3644.93333333]",4.0,gabors,"[20.0, 20.0]",null,0.8,0.25020926,42,,,0,,False,13,train,0
3182,0.0,880.39474,880.64495,0.0,0.08,20.0,-40.0,null,"[3644.93333333, 3644.93333333]",4.0,gabors,"[20.0, 20.0]",null,0.8,0.25020926,69,,,0,,False,13,train,0
3183,0.0,880.64495,880.89516,0.0,0.08,-20.0,-20.0,null,"[3644.93333333, 3644.93333333]",4.0,gabors,"[20.0, 20.0]",null,0.8,0.25020926,236,,,0,,False,11,test,0
3184,0.0,880.89516,881.14537,45.0,0.08,-30.0,0.0,null,"[3644.93333333, 3644.93333333]",4.0,gabors,"[20.0, 20.0]",null,0.8,0.25020926,212,,,0,,False,11,test,1
3185,0.0,881.14537,881.39558,45.0,0.08,10.0,10.0,null,"[3644.93333333, 3644.93333333]",4.0,gabors,"[20.0, 20.0]",null,0.8,0.25021074,11,,,0,,False,13,train,1
3186,0.0,881.39558,881.64579,45.0,0.08,30.0,-20.0,null,"[3644.93333333, 3644.93333333]",4.0,gabors,"[20.0, 20.0]",null,0.8,0.25021074,47,,,0,,False,11,test,1
3187,0.0,881.64579,881.896,0.0,0.08,30.0,20.0,null,"[3644.93333333, 3644.93333333]",4.0,gabors,"[20.0, 20.0]",null,0.8,0.25021074,64,,,0,,False,14,test,0
3188,0.0,881.896,882.14621,90.0,0.08,20.0,10.0,null,"[3644.93333333, 3644.93333333]",4.0,gabors,"[20.0, 20.0]",null,0.8,0.25021074,130,,,0,,False,13,train,2
3189,0.0,882.14621,882.39643,45.0,0.08,-30.0,-40.0,null,"[3644.93333333, 3644.93333333]",4.0,gabors,"[20.0, 20.0]",null,0.8,0.25021926,70,,,0,,False,12,train,1
3190,0.0,882.39643,882.64665,90.0,0.08,-30.0,20.0,null,"[3644.93333333, 3644.93333333]",4.0,gabors,"[20.0, 20.0]",null,0.8,0.25021926,176,,,0,,False,10,train,2
3191,0.0,882.64665,882.89687,45.0,0.08,10.0,-40.0,null,"[3644.93333333, 3644.93333333]",4.0,gabors,"[20.0, 20.0]",null,0.8,0.25021926,73,,,0,,False,14,test,1
3192,0.0,882.89687,883.14709,90.0,0.08,0.0,-10.0,null,"[3644.93333333, 3644.93333333]",4.0,gabors,"[20.0, 20.0]",null,0.8,0.25021926,49,,,0,,False,12,train,2
3193,0.0,883.14709,883.39728,90.0,0.08,-40.0,30.0,null,"[3644.93333333, 3644.93333333]",4.0,gabors,"[20.0, 20.0]",null,0.8,0.25019574,45,,,0,,False,14,test,2
3194,0.0,883.39728,883.64748,0.0,0.08,-40.0,-20.0,null,"[3644.93333333, 3644.93333333]",4.0,gabors,"[20.0, 20.0]",null,0.8,0.25019574,13,,,0,,False,9,train,0
3195,0.0,883.64748,883.89768,45.0,0.08,20.0,-20.0,null,"[3644.93333333, 3644.93333333]",4.0,gabors,"[20.0, 20.0]",null,0.8,0.25019574,229,,,0,,False,13,train,1
3196,0.0,883.89768,884.14787,45.0,0.08,40.0,20.0,null,"[3644.93333333, 3644.93333333]",4.0,gabors,"[20.0, 20.0]",null,0.8,0.25019574,105,,,0,,False,13,train,1
3197,0.0,884.14787,884.39808,0.0,0.08,30.0,-10.0,null,"[3644.93333333, 3644.93333333]",4.0,gabors,"[20.0, 20.0]",null,0.8,0.25021176,149,,,0,,False,12,train,0
3198,0.0,884.39808,884.64829,0.0,0.08,10.0,30.0,null,"[3644.93333333, 3644.93333333]",4.0,gabors,"[20.0, 20.0]",null,0.8,0.25021176,43,,,0,,False,13,train,0
3199,0.0,884.64829,884.89851,0.0,0.08,20.0,20.0,null,"[3644.93333333, 3644.93333333]",4.0,gabors,"[20.0, 20.0]",null,0.8,0.25021176,179,,,0,,False,11,test,0
3200,0.0,884.89851,885.14872,0.0,0.08,-20.0,-40.0,null,"[3644.93333333, 3644.93333333]",4.0,gabors,"[20.0, 20.0]",null,0.8,0.25021176,93,,,0,,False,11,test,0
3201,0.0,885.14872,885.39892,45.0,0.08,-10.0,10.0,null,"[3644.93333333, 3644.93333333]",4.0,gabors,"[20.0, 20.0]",null,0.8,0.25020574,186,,,0,,False,13,train,1
3202,0.0,885.39892,885.64913,0.0,0.08,10.0,-10.0,null,"[3644.93333333, 3644.93333333]",4.0,gabors,"[20.0, 20.0]",null,0.8,0.25020574,231,,,0,,False,11,test,0
3203,0.0,885.64913,885.89934,45.0,0.08,-30.0,30.0,null,"[3644.93333333, 3644.93333333]",4.0,gabors,"[20.0, 20.0]",null,0.8,0.25020574,207,,,0,,False,14,test,1
3204,0.0,885.89934,886.14954,0.0,0.08,30.0,-10.0,null,"[3644.93333333, 3644.93333333]",4.0,gabors,"[20.0, 20.0]",null,0.8,0.25020574,149,,,0,,False,13,train,0
3205,0.0,886.14954,886.39976,45.0,0.08,-10.0,-30.0,null,"[3644.93333333, 3644.93333333]",4.0,gabors,"[20.0, 20.0]",null,0.8,0.25021676,83,,,0,,False,13,train,1
3206,0.0,886.39976,886.64997,45.0,0.08,-10.0,30.0,null,"[3644.93333333, 3644.93333333]",4.0,gabors,"[20.0, 20.0]",null,0.8,0.25021676,178,,,0,,False,13,train,1
3207,0.0,886.64997,886.90019,90.0,0.08,10.0,-30.0,null,"[3644.93333333, 3644.93333333]",4.0,gabors,"[20.0, 20.0]",null,0.8,0.25021676,219,,,0,,False,12,train,2
3208,0.0,886.90019,887.15041,45.0,0.08,10.0,-20.0,null,"[3644.93333333, 3644.93333333]",4.0,gabors,"[20.0, 20.0]",null,0.8,0.25021676,126,,,0,,False,12,train,1
3209,0.0,887.15041,887.40061,0.0,0.08,10.0,-10.0,null,"[3644.93333333, 3644.93333333]",4.0,gabors,"[20.0, 20.0]",null,0.8,0.25020574,231,,,0,,False,12,train,0
3210,0.0,887.40061,887.65082,90.0,0.08,10.0,-20.0,null,"[3644.93333333, 3644.93333333]",4.0,gabors,"[20.0, 20.0]",null,0.8,0.25020574,19,,,0,,False,11,test,2
3211,0.0,887.65082,887.90103,90.0,0.08,-40.0,10.0,null,"[3644.93333333, 3644.93333333]",4.0,gabors,"[20.0, 20.0]",null,0.8,0.25020574,115,,,0,,False,13,train,2
3212,0.0,887.90103,888.15123,90.0,0.08,30.0,-40.0,null,"[3644.93333333, 3644.93333333]",4.0,gabors,"[20.0, 20.0]",null,0.8,0.25020574,8,,,0,,False,12,train,2
3213,0.0,888.15123,888.40144,0.0,0.08,-20.0,-10.0,null,"[3644.93333333, 3644.93333333]",4.0,gabors,"[20.0, 20.0]",null,0.8,0.25020676,84,,,0,,False,13,train,0
3214,0.0,888.40144,888.65164,90.0,0.08,30.0,20.0,null,"[3644.93333333, 3644.93333333]",4.0,gabors,"[20.0, 20.0]",null,0.8,0.25020676,25,,,0,,False,14,test,2
3215,0.0,888.65164,888.90185,90.0,0.08,30.0,-20.0,null,"[3644.93333333, 3644.93333333]",4.0,gabors,"[20.0, 20.0]",null,0.8,0.25020676,21,,,0,,False,12,train,2
3216,0.0,888.90185,889.15206,0.0,0.08,-10.0,0.0,null,"[3644.93333333, 3644.93333333]",4.0,gabors,"[20.0, 20.0]",null,0.8,0.25020676,128,,,0,,False,11,test,0
3217,0.0,889.15206,889.40227,0.0,0.08,40.0,20.0,null,"[3644.93333333, 3644.93333333]",4.0,gabors,"[20.0, 20.0]",null,0.8,0.25021074,185,,,0,,False,12,train,0
3218,0.0,889.40227,889.65248,90.0,0.08,-30.0,10.0,null,"[3644.93333333, 3644.93333333]",4.0,gabors,"[20.0, 20.0]",null,0.8,0.25021074,61,,,0,,False,13,train,2
3219,0.0,889.65248,889.90269,90.0,0.08,-40.0,20.0,null,"[3644.93333333, 3644.93333333]",4.0,gabors,"[20.0, 20.0]",null,0.8,0.25021074,65,,,0,,False,12,train,2
3220,0.0,889.90269,890.1529,0.0,0.08,10.0,-20.0,null,"[3644.93333333, 3644.93333333]",4.0,gabors,"[20.0, 20.0]",null,0.8,0.25021074,109,,,0,,False,12,train,0
3221,0.0,890.1529,890.40311,0.0,0.08,-30.0,40.0,null,"[3644.93333333, 3644.93333333]",4.0,gabors,"[20.0, 20.0]",null,0.8,0.25021176,89,,,0,,False,13,train,0
3222,0.0,890.40311,890.65332,45.0,0.08,0.0,-10.0,null,"[3644.93333333, 3644.93333333]",4.0,gabors,"[20.0, 20.0]",null,0.8,0.25021176,191,,,0,,False,12,train,1
3223,0.0,890.65332,890.90354,45.0,0.08,-30.0,-40.0,null,"[3644.93333333, 3644.93333333]",4.0,gabors,"[20.0, 20.0]",null,0.8,0.25021176,70,,,0,,False,13,train,1
3224,0.0,890.90354,891.15375,90.0,0.08,-20.0,30.0,null,"[3644.93333333, 3644.93333333]",4.0,gabors,"[20.0, 20.0]",null,0.8,0.25021176,124,,,0,,False,11,test,2
3225,0.0,891.15375,891.40396,90.0,0.08,-30.0,20.0,null,"[3644.93333333, 3644.93333333]",4.0,gabors,"[20.0, 20.0]",null,0.8,0.25020824,176,,,0,,False,11,test,2
3226,0.0,891.40396,891.65416,90.0,0.08,-40.0,20.0,null,"[3644.93333333, 3644.93333333]",4.0,gabors,"[20.0, 20.0]",null,0.8,0.25020824,65,,,0,,False,13,train,2
3227,0.0,891.65416,891.90437,0.0,0.08,-40.0,20.0,null,"[3644.93333333, 3644.93333333]",4.0,gabors,"[20.0, 20.0]",null,0.8,0.25020824,106,,,0,,False,13,train,0
3228,0.0,891.90437,892.15458,90.0,0.08,10.0,30.0,null,"[3644.93333333, 3644.93333333]",4.0,gabors,"[20.0, 20.0]",null,0.8,0.25020824,170,,,0,,False,14,test,2
3229,0.0,892.15458,892.40479,0.0,0.08,20.0,-20.0,null,"[3644.93333333, 3644.93333333]",4.0,gabors,"[20.0, 20.0]",null,0.8,0.25020676,112,,,0,,False,14,test,0
3230,0.0,892.40479,892.65499,0.0,0.08,30.0,10.0,null,"[3644.93333333, 3644.93333333]",4.0,gabors,"[20.0, 20.0]",null,0.8,0.25020676,5,,,0,,False,13,train,0
3231,0.0,892.65499,892.9052,45.0,0.08,-40.0,-40.0,null,"[3644.93333333, 3644.93333333]",4.0,gabors,"[20.0, 20.0]",null,0.8,0.25020676,177,,,0,,False,13,train,1
3232,0.0,892.9052,893.15541,0.0,0.08,-40.0,10.0,null,"[3644.93333333, 3644.93333333]",4.0,gabors,"[20.0, 20.0]",null,0.8,0.25020676,205,,,0,,False,12,train,0
3233,0.0,893.15541,893.40562,45.0,0.08,40.0,40.0,null,"[3644.93333333, 3644.93333333]",4.0,gabors,"[20.0, 20.0]",null,0.8,0.25021074,165,,,0,,False,13,train,1
3234,0.0,893.40562,893.65583,0.0,0.08,-30.0,-30.0,null,"[3644.93333333, 3644.93333333]",4.0,gabors,"[20.0, 20.0]",null,0.8,0.25021074,192,,,0,,False,13,train,0
3235,0.0,893.65583,893.90604,90.0,0.08,20.0,40.0,null,"[3644.93333333, 3644.93333333]",4.0,gabors,"[20.0, 20.0]",null,0.8,0.25021074,180,,,0,,False,11,test,2
3236,0.0,893.90604,894.15625,0.0,0.08,20.0,0.0,null,"[3644.93333333, 3644.93333333]",4.0,gabors,"[20.0, 20.0]",null,0.8,0.25021074,50,,,0,,False,14,test,0
3237,0.0,894.15625,894.40646,45.0,0.08,-30.0,-30.0,null,"[3644.93333333, 3644.93333333]",4.0,gabors,"[20.0, 20.0]",null,0.8,0.25020426,82,,,0,,False,12,train,1
3238,0.0,894.40646,894.65666,45.0,0.08,30.0,40.0,null,"[3644.93333333, 3644.93333333]",4.0,gabors,"[20.0, 20.0]",null,0.8,0.25020426,224,,,0,,False,10,train,1
3239,0.0,894.65666,894.90686,0.0,0.08,0.0,20.0,null,"[3644.93333333, 3644.93333333]",4.0,gabors,"[20.0, 20.0]",null,0.8,0.25020426,221,,,0,,False,8,test,0
3240,0.0,894.90686,895.15707,45.0,0.08,0.0,-20.0,null,"[3644.93333333, 3644.93333333]",4.0,gabors,"[20.0, 20.0]",null,0.8,0.25020426,198,,,0,,False,12,train,1
3241,0.0,895.15707,895.40728,0.0,0.08,-40.0,20.0,null,"[3644.93333333, 3644.93333333]",4.0,gabors,"[20.0, 20.0]",null,0.8,0.25021324,106,,,0,,False,14,test,0
3242,0.0,895.40728,895.65749,45.0,0.08,20.0,0.0,null,"[3644.93333333, 3644.93333333]",4.0,gabors,"[20.0, 20.0]",null,0.8,0.25021324,143,,,0,,False,12,train,1
3243,0.0,895.65749,895.90771,45.0,0.08,-30.0,40.0,null,"[3644.93333333, 3644.93333333]",4.0,gabors,"[20.0, 20.0]",null,0.8,0.25021324,147,,,0,,False,13,train,1
3244,0.0,895.90771,896.15792,90.0,0.08,-10.0,30.0,null,"[3644.93333333, 3644.93333333]",4.0,gabors,"[20.0, 20.0]",null,0.8,0.25021324,200,,,0,,False,13,train,2
3245,0.0,896.15792,896.40813,45.0,0.08,30.0,-20.0,null,"[3644.93333333, 3644.93333333]",4.0,gabors,"[20.0, 20.0]",null,0.8,0.25020426,47,,,0,,False,12,train,1
3246,0.0,896.40813,896.65833,90.0,0.08,0.0,40.0,null,"[3644.93333333, 3644.93333333]",4.0,gabors,"[20.0, 20.0]",null,0.8,0.25020426,217,,,0,,False,11,test,2
3247,0.0,896.65833,896.90853,45.0,0.08,-30.0,0.0,null,"[3644.93333333, 3644.93333333]",4.0,gabors,"[20.0, 20.0]",null,0.8,0.25020426,212,,,0,,False,12,train,1
3248,0.0,896.90853,897.15874,45.0,0.08,20.0,-10.0,null,"[3644.93333333, 3644.93333333]",4.0,gabors,"[20.0, 20.0]",null,0.8,0.25020426,183,,,0,,False,11,test,1
3249,0.0,897.15874,897.40895,90.0,0.08,20.0,-10.0,null,"[3644.93333333, 3644.93333333]",4.0,gabors,"[20.0, 20.0]",null,0.8,0.25021574,160,,,0,,False,13,train,2
3250,0.0,897.40895,897.65917,45.0,0.08,-10.0,-10.0,null,"[3644.93333333, 3644.93333333]",4.0,gabors,"[20.0, 20.0]",null,0.8,0.25021574,55,,,0,,False,13,train,1
3251,0.0,897.65917,897.90939,0.0,0.08,-40.0,30.0,null,"[3644.93333333, 3644.93333333]",4.0,gabors,"[20.0, 20.0]",null,0.8,0.25021574,129,,,0,,False,13,train,0
3252,0.0,897.90939,898.1596,90.0,0.08,-30.0,-30.0,null,"[3644.93333333, 3644.93333333]",4.0,gabors,"[20.0, 20.0]",null,0.8,0.25021574,175,,,0,,False,10,train,2
3253,0.0,898.1596,898.40981,45.0,0.08,-20.0,40.0,null,"[3644.93333333, 3644.93333333]",4.0,gabors,"[20.0, 20.0]",null,0.8,0.25020926,59,,,0,,False,13,train,1
3254,0.0,898.40981,898.66002,0.0,0.08,10.0,10.0,null,"[3644.93333333, 3644.93333333]",4.0,gabors,"[20.0, 20.0]",null,0.8,0.25020926,79,,,0,,False,13,train,0
3255,0.0,898.66002,898.91023,45.0,0.08,0.0,-10.0,null,"[3644.93333333, 3644.93333333]",4.0,gabors,"[20.0, 20.0]",null,0.8,0.25020926,191,,,0,,False,13,train,1
3256,0.0,898.91023,899.16044,45.0,0.08,-40.0,-30.0,null,"[3644.93333333, 3644.93333333]",4.0,gabors,"[20.0, 20.0]",null,0.8,0.25020926,92,,,0,,False,13,train,1
3257,0.0,899.16044,899.41065,90.0,0.08,-20.0,20.0,null,"[3644.93333333, 3644.93333333]",4.0,gabors,"[20.0, 20.0]",null,0.8,0.25020824,242,,,0,,False,13,train,2
3258,0.0,899.41065,899.66085,90.0,0.08,-10.0,-10.0,null,"[3644.93333333, 3644.93333333]",4.0,gabors,"[20.0, 20.0]",null,0.8,0.25020824,223,,,0,,False,14,test,2
3259,0.0,899.66085,899.91106,90.0,0.08,-30.0,20.0,null,"[3644.93333333, 3644.93333333]",4.0,gabors,"[20.0, 20.0]",null,0.8,0.25020824,176,,,0,,False,12,train,2
3260,0.0,899.91106,900.16127,45.0,0.08,-30.0,-30.0,null,"[3644.93333333, 3644.93333333]",4.0,gabors,"[20.0, 20.0]",null,0.8,0.25020824,82,,,0,,False,13,train,1
3261,0.0,900.16127,900.41148,0.0,0.08,-30.0,10.0,null,"[3644.93333333, 3644.93333333]",4.0,gabors,"[20.0, 20.0]",null,0.8,0.25020676,150,,,0,,False,11,test,0
3262,0.0,900.41148,900.66168,0.0,0.08,-40.0,-20.0,null,"[3644.93333333, 3644.93333333]",4.0,gabors,"[20.0, 20.0]",null,0.8,0.25020676,13,,,0,,False,10,train,0
3263,0.0,900.66168,900.91189,90.0,0.08,-30.0,10.0,null,"[3644.93333333, 3644.93333333]",4.0,gabors,"[20.0, 20.0]",null,0.8,0.25020676,61,,,0,,False,14,test,2
3264,0.0,900.91189,901.1621,45.0,0.08,20.0,-40.0,null,"[3644.93333333, 3644.93333333]",4.0,gabors,"[20.0, 20.0]",null,0.8,0.25020676,90,,,0,,False,14,test,1
3265,0.0,901.1621,901.41231,45.0,0.08,-20.0,30.0,null,"[3644.93333333, 3644.93333333]",4.0,gabors,"[20.0, 20.0]",null,0.8,0.25021074,228,,,0,,False,13,train,1
3266,0.0,901.41231,901.66252,45.0,0.08,30.0,-40.0,null,"[3644.93333333, 3644.93333333]",4.0,gabors,"[20.0, 20.0]",null,0.8,0.25021074,125,,,0,,False,12,train,1
3267,0.0,901.66252,901.91273,45.0,0.08,40.0,0.0,null,"[3644.93333333, 3644.93333333]",4.0,gabors,"[20.0, 20.0]",null,0.8,0.25021074,104,,,0,,False,11,test,1
3268,0.0,901.91273,902.16294,0.0,0.08,0.0,20.0,null,"[3644.93333333, 3644.93333333]",4.0,gabors,"[20.0, 20.0]",null,0.8,0.25021074,221,,,0,,False,9,train,0
3269,0.0,902.16294,902.41316,90.0,0.08,-30.0,-10.0,null,"[3644.93333333, 3644.93333333]",4.0,gabors,"[20.0, 20.0]",null,0.8,0.25021426,71,,,0,,False,12,train,2
3270,0.0,902.41316,902.66337,90.0,0.08,40.0,-20.0,null,"[3644.93333333, 3644.93333333]",4.0,gabors,"[20.0, 20.0]",null,0.8,0.25021426,60,,,0,,False,12,train,2
3271,0.0,902.66337,902.91358,45.0,0.08,20.0,10.0,null,"[3644.93333333, 3644.93333333]",4.0,gabors,"[20.0, 20.0]",null,0.8,0.25021426,108,,,0,,False,13,train,1
3272,0.0,902.91358,903.1638,0.0,0.08,-20.0,-20.0,null,"[3644.93333333, 3644.93333333]",4.0,gabors,"[20.0, 20.0]",null,0.8,0.25021426,236,,,0,,False,12,train,0
3273,0.0,903.1638,903.414,0.0,0.08,-10.0,10.0,null,"[3644.93333333, 3644.93333333]",4.0,gabors,"[20.0, 20.0]",null,0.8,0.25020324,87,,,0,,False,10,train,0
3274,0.0,903.414,903.6642,90.0,0.08,30.0,-30.0,null,"[3644.93333333, 3644.93333333]",4.0,gabors,"[20.0, 20.0]",null,0.8,0.25020324,215,,,0,,False,11,test,2
3275,0.0,903.6642,903.91441,45.0,0.08,20.0,-20.0,null,"[3644.93333333, 3644.93333333]",4.0,gabors,"[20.0, 20.0]",null,0.8,0.25020324,229,,,0,,False,14,test,1
3276,0.0,903.91441,904.16461,90.0,0.08,20.0,30.0,null,"[3644.93333333, 3644.93333333]",4.0,gabors,"[20.0, 20.0]",null,0.8,0.25020324,188,,,0,,False,9,train,2
3277,0.0,904.16461,904.41482,45.0,0.08,-40.0,0.0,null,"[3644.93333333, 3644.93333333]",4.0,gabors,"[20.0, 20.0]",null,0.8,0.25020676,208,,,0,,False,12,train,1
3278,0.0,904.41482,904.66502,90.0,0.08,20.0,30.0,null,"[3644.93333333, 3644.93333333]",4.0,gabors,"[20.0, 20.0]",null,0.8,0.25020676,188,,,0,,False,10,train,2
3279,0.0,904.66502,904.91523,45.0,0.08,40.0,40.0,null,"[3644.93333333, 3644.93333333]",4.0,gabors,"[20.0, 20.0]",null,0.8,0.25020676,165,,,0,,False,14,test,1
3280,0.0,904.91523,905.16544,0.0,0.08,-40.0,30.0,null,"[3644.93333333, 3644.93333333]",4.0,gabors,"[20.0, 20.0]",null,0.8,0.25020676,129,,,0,,False,14,test,0
3281,0.0,905.16544,905.41565,45.0,0.08,-30.0,-20.0,null,"[3644.93333333, 3644.93333333]",4.0,gabors,"[20.0, 20.0]",null,0.8,0.25021324,233,,,0,,False,14,test,1
3282,0.0,905.41565,905.66586,90.0,0.08,-30.0,40.0,null,"[3644.93333333, 3644.93333333]",4.0,gabors,"[20.0, 20.0]",null,0.8,0.25021324,86,,,0,,False,14,test,2
3283,0.0,905.66586,905.91608,0.0,0.08,-20.0,20.0,null,"[3644.93333333, 3644.93333333]",4.0,gabors,"[20.0, 20.0]",null,0.8,0.25021324,239,,,0,,False,13,train,0
3284,0.0,905.91608,906.16629,45.0,0.08,0.0,30.0,null,"[3644.93333333, 3644.93333333]",4.0,gabors,"[20.0, 20.0]",null,0.8,0.25021324,193,,,0,,False,13,train,1
3285,0.0,906.16629,906.4165,90.0,0.08,20.0,10.0,null,"[3644.93333333, 3644.93333333]",4.0,gabors,"[20.0, 20.0]",null,0.8,0.25021176,130,,,0,,False,14,test,2
3286,0.0,906.4165,906.66671,90.0,0.08,0.0,-40.0,null,"[3644.93333333, 3644.93333333]",4.0,gabors,"[20.0, 20.0]",null,0.8,0.25021176,173,,,0,,False,10,train,2
3287,0.0,906.66671,906.91693,45.0,0.08,0.0,0.0,null,"[3644.93333333, 3644.93333333]",4.0,gabors,"[20.0, 20.0]",null,0.8,0.25021176,32,,,0,,False,11,test,1
3288,0.0,906.91693,907.16714,90.0,0.08,30.0,0.0,null,"[3644.93333333, 3644.93333333]",4.0,gabors,"[20.0, 20.0]",null,0.8,0.25021176,113,,,0,,False,14,test,2
3289,0.0,907.16714,907.41734,45.0,0.08,30.0,40.0,null,"[3644.93333333, 3644.93333333]",4.0,gabors,"[20.0, 20.0]",null,0.8,0.25020574,224,,,0,,False,11,test,1
3290,0.0,907.41734,907.66755,90.0,0.08,40.0,10.0,null,"[3644.93333333, 3644.93333333]",4.0,gabors,"[20.0, 20.0]",null,0.8,0.25020574,141,,,0,,False,13,train,2
3291,0.0,907.66755,907.91776,45.0,0.08,-10.0,0.0,null,"[3644.93333333, 3644.93333333]",4.0,gabors,"[20.0, 20.0]",null,0.8,0.25020574,63,,,0,,False,12,train,1
3292,0.0,907.91776,908.16796,0.0,0.08,-20.0,0.0,null,"[3644.93333333, 3644.93333333]",4.0,gabors,"[20.0, 20.0]",null,0.8,0.25020574,15,,,0,,False,14,test,0
3293,0.0,908.16796,908.41818,90.0,0.08,-30.0,0.0,null,"[3644.93333333, 3644.93333333]",4.0,gabors,"[20.0, 20.0]",null,0.8,0.25021676,31,,,0,,False,13,train,2
3294,0.0,908.41818,908.66839,90.0,0.08,20.0,-30.0,null,"[3644.93333333, 3644.93333333]",4.0,gabors,"[20.0, 20.0]",null,0.8,0.25021676,157,,,0,,False,12,train,2
3295,0.0,908.66839,908.91861,90.0,0.08,-20.0,-30.0,null,"[3644.93333333, 3644.93333333]",4.0,gabors,"[20.0, 20.0]",null,0.8,0.25021676,161,,,0,,False,13,train,2
3296,0.0,908.91861,909.16883,45.0,0.08,0.0,20.0,null,"[3644.93333333, 3644.93333333]",4.0,gabors,"[20.0, 20.0]",null,0.8,0.25021676,18,,,0,,False,13,train,1
3297,0.0,909.16883,909.41903,0.0,0.08,-20.0,-40.0,null,"[3644.93333333, 3644.93333333]",4.0,gabors,"[20.0, 20.0]",null,0.8,0.25020324,93,,,0,,False,12,train,0
3298,0.0,909.41903,909.66923,0.0,0.08,10.0,0.0,null,"[3644.93333333, 3644.93333333]",4.0,gabors,"[20.0, 20.0]",null,0.8,0.25020324,132,,,0,,False,12,train,0
3299,0.0,909.66923,909.91944,0.0,0.08,0.0,-30.0,null,"[3644.93333333, 3644.93333333]",4.0,gabors,"[20.0, 20.0]",null,0.8,0.25020324,28,,,0,,False,13,train,0
3300,0.0,909.91944,910.16964,45.0,0.08,20.0,20.0,null,"[3644.93333333, 3644.93333333]",4.0,gabors,"[20.0, 20.0]",null,0.8,0.25020324,167,,,0,,False,12,train,1
3301,0.0,910.16964,910.41986,45.0,0.08,20.0,-10.0,null,"[3644.93333333, 3644.93333333]",4.0,gabors,"[20.0, 20.0]",null,0.8,0.25021676,183,,,0,,False,12,train,1
3302,0.0,910.41986,910.67007,90.0,0.08,20.0,-30.0,null,"[3644.93333333, 3644.93333333]",4.0,gabors,"[20.0, 20.0]",null,0.8,0.25021676,157,,,0,,False,13,train,2
3303,0.0,910.67007,910.92029,90.0,0.08,30.0,-20.0,null,"[3644.93333333, 3644.93333333]",4.0,gabors,"[20.0, 20.0]",null,0.8,0.25021676,21,,,0,,False,13,train,2
3304,0.0,910.92029,911.17051,45.0,0.08,30.0,20.0,null,"[3644.93333333, 3644.93333333]",4.0,gabors,"[20.0, 20.0]",null,0.8,0.25021676,103,,,0,,False,13,train,1
3305,0.0,911.17051,911.4207,90.0,0.08,-30.0,30.0,null,"[3644.93333333, 3644.93333333]",4.0,gabors,"[20.0, 20.0]",null,0.8,0.25019574,96,,,0,,False,14,test,2
3306,0.0,911.4207,911.6709,90.0,0.08,0.0,10.0,null,"[3644.93333333, 3644.93333333]",4.0,gabors,"[20.0, 20.0]",null,0.8,0.25019574,30,,,0,,False,14,test,2
3307,0.0,911.6709,911.9211,0.0,0.08,40.0,0.0,null,"[3644.93333333, 3644.93333333]",4.0,gabors,"[20.0, 20.0]",null,0.8,0.25019574,206,,,0,,False,14,test,0
3308,0.0,911.9211,912.17129,0.0,0.08,-10.0,20.0,null,"[3644.93333333, 3644.93333333]",4.0,gabors,"[20.0, 20.0]",null,0.8,0.25019574,131,,,0,,False,14,test,0
3309,0.0,912.17129,912.4215,90.0,0.08,0.0,0.0,null,"[3644.93333333, 3644.93333333]",4.0,gabors,"[20.0, 20.0]",null,0.8,0.25020926,88,,,0,,False,12,train,2
3310,0.0,912.4215,912.67171,90.0,0.08,20.0,30.0,null,"[3644.93333333, 3644.93333333]",4.0,gabors,"[20.0, 20.0]",null,0.8,0.25020926,188,,,0,,False,11,test,2
3311,0.0,912.67171,912.92192,0.0,0.08,30.0,0.0,null,"[3644.93333333, 3644.93333333]",4.0,gabors,"[20.0, 20.0]",null,0.8,0.25020926,66,,,0,,False,13,train,0
3312,0.0,912.92192,913.17213,0.0,0.08,-10.0,-10.0,null,"[3644.93333333, 3644.93333333]",4.0,gabors,"[20.0, 20.0]",null,0.8,0.25020926,158,,,0,,False,13,train,0
3313,0.0,913.17213,913.42234,0.0,0.08,-10.0,-30.0,null,"[3644.93333333, 3644.93333333]",4.0,gabors,"[20.0, 20.0]",null,0.8,0.25021574,37,,,0,,False,11,test,0
3314,0.0,913.42234,913.67256,90.0,0.08,-30.0,20.0,null,"[3644.93333333, 3644.93333333]",4.0,gabors,"[20.0, 20.0]",null,0.8,0.25021574,176,,,0,,False,13,train,2
3315,0.0,913.67256,913.92278,90.0,0.08,30.0,-10.0,null,"[3644.93333333, 3644.93333333]",4.0,gabors,"[20.0, 20.0]",null,0.8,0.25021574,243,,,0,,False,11,test,2
3316,0.0,913.92278,914.17299,90.0,0.08,40.0,0.0,null,"[3644.93333333, 3644.93333333]",4.0,gabors,"[20.0, 20.0]",null,0.8,0.25021574,144,,,0,,False,13,train,2
3317,0.0,914.17299,914.42319,0.0,0.08,0.0,40.0,null,"[3644.93333333, 3644.93333333]",4.0,gabors,"[20.0, 20.0]",null,0.8,0.25020176,123,,,0,,False,12,train,0
3318,0.0,914.42319,914.67339,45.0,0.08,-10.0,-20.0,null,"[3644.93333333, 3644.93333333]",4.0,gabors,"[20.0, 20.0]",null,0.8,0.25020176,197,,,0,,False,13,train,1
3319,0.0,914.67339,914.9236,0.0,0.08,-30.0,20.0,null,"[3644.93333333, 3644.93333333]",4.0,gabors,"[20.0, 20.0]",null,0.8,0.25020176,227,,,0,,False,13,train,0
3320,0.0,914.9236,915.1738,90.0,0.08,10.0,-10.0,null,"[3644.93333333, 3644.93333333]",4.0,gabors,"[20.0, 20.0]",null,0.8,0.25020176,3,,,0,,False,12,train,2
3321,0.0,915.1738,915.42401,0.0,0.08,10.0,-40.0,null,"[3644.93333333, 3644.93333333]",4.0,gabors,"[20.0, 20.0]",null,0.8,0.25021324,211,,,0,,False,13,train,0
3322,0.0,915.42401,915.67422,45.0,0.08,40.0,0.0,null,"[3644.93333333, 3644.93333333]",4.0,gabors,"[20.0, 20.0]",null,0.8,0.25021324,104,,,0,,False,12,train,1
3323,0.0,915.67422,915.92444,0.0,0.08,40.0,40.0,null,"[3644.93333333, 3644.93333333]",4.0,gabors,"[20.0, 20.0]",null,0.8,0.25021324,202,,,0,,False,10,train,0
3324,0.0,915.92444,916.17465,0.0,0.08,-10.0,10.0,null,"[3644.93333333, 3644.93333333]",4.0,gabors,"[20.0, 20.0]",null,0.8,0.25021324,87,,,0,,False,11,test,0
3325,0.0,916.17465,916.42486,45.0,0.08,20.0,0.0,null,"[3644.93333333, 3644.93333333]",4.0,gabors,"[20.0, 20.0]",null,0.8,0.25021176,143,,,0,,False,13,train,1
3326,0.0,916.42486,916.67507,90.0,0.08,20.0,-20.0,null,"[3644.93333333, 3644.93333333]",4.0,gabors,"[20.0, 20.0]",null,0.8,0.25021176,232,,,0,,False,12,train,2
3327,0.0,916.67507,916.92529,90.0,0.08,-40.0,20.0,null,"[3644.93333333, 3644.93333333]",4.0,gabors,"[20.0, 20.0]",null,0.8,0.25021176,65,,,0,,False,14,test,2
3328,0.0,916.92529,917.1755,90.0,0.08,30.0,-10.0,null,"[3644.93333333, 3644.93333333]",4.0,gabors,"[20.0, 20.0]",null,0.8,0.25021176,243,,,0,,False,12,train,2
3329,0.0,917.1755,917.42571,45.0,0.08,-20.0,-20.0,null,"[3644.93333333, 3644.93333333]",4.0,gabors,"[20.0, 20.0]",null,0.8,0.25021074,120,,,0,,False,11,test,1
3330,0.0,917.42571,917.67592,45.0,0.08,0.0,10.0,null,"[3644.93333333, 3644.93333333]",4.0,gabors,"[20.0, 20.0]",null,0.8,0.25021074,195,,,0,,False,14,test,1
3331,0.0,917.67592,917.92613,90.0,0.08,-20.0,-20.0,null,"[3644.93333333, 3644.93333333]",4.0,gabors,"[20.0, 20.0]",null,0.8,0.25021074,152,,,0,,False,14,test,2
3332,0.0,917.92613,918.17634,0.0,0.08,10.0,0.0,null,"[3644.93333333, 3644.93333333]",4.0,gabors,"[20.0, 20.0]",null,0.8,0.25021074,132,,,0,,False,13,train,0
3333,0.0,918.17634,918.42655,45.0,0.08,30.0,0.0,null,"[3644.93333333, 3644.93333333]",4.0,gabors,"[20.0, 20.0]",null,0.8,0.25020676,102,,,0,,False,14,test,1
3334,0.0,918.42655,918.67675,90.0,0.08,20.0,40.0,null,"[3644.93333333, 3644.93333333]",4.0,gabors,"[20.0, 20.0]",null,0.8,0.25020676,180,,,0,,False,12,train,2
3335,0.0,918.67675,918.92696,90.0,0.08,40.0,-40.0,null,"[3644.93333333, 3644.93333333]",4.0,gabors,"[20.0, 20.0]",null,0.8,0.25020676,78,,,0,,False,13,train,2
3336,0.0,918.92696,919.17717,0.0,0.08,40.0,-20.0,null,"[3644.93333333, 3644.93333333]",4.0,gabors,"[20.0, 20.0]",null,0.8,0.25020676,164,,,0,,False,12,train,0
3337,0.0,919.17717,919.42738,90.0,0.08,10.0,20.0,null,"[3644.93333333, 3644.93333333]",4.0,gabors,"[20.0, 20.0]",null,0.8,0.25020824,220,,,0,,False,11,test,2
3338,0.0,919.42738,919.67758,0.0,0.08,-40.0,-10.0,null,"[3644.93333333, 3644.93333333]",4.0,gabors,"[20.0, 20.0]",null,0.8,0.25020824,20,,,0,,False,13,train,0
3339,0.0,919.67758,919.92779,0.0,0.08,0.0,-30.0,null,"[3644.93333333, 3644.93333333]",4.0,gabors,"[20.0, 20.0]",null,0.8,0.25020824,28,,,0,,False,14,test,0
3340,0.0,919.92779,920.178,90.0,0.08,0.0,40.0,null,"[3644.93333333, 3644.93333333]",4.0,gabors,"[20.0, 20.0]",null,0.8,0.25020824,217,,,0,,False,12,train,2
3341,0.0,920.178,920.42821,0.0,0.08,40.0,-20.0,null,"[3644.93333333, 3644.93333333]",4.0,gabors,"[20.0, 20.0]",null,0.8,0.25020926,164,,,0,,False,13,train,0
3342,0.0,920.42821,920.67842,0.0,0.08,-10.0,-30.0,null,"[3644.93333333, 3644.93333333]",4.0,gabors,"[20.0, 20.0]",null,0.8,0.25020926,37,,,0,,False,12,train,0
3343,0.0,920.67842,920.92863,45.0,0.08,40.0,10.0,null,"[3644.93333333, 3644.93333333]",4.0,gabors,"[20.0, 20.0]",null,0.8,0.25020926,121,,,0,,False,14,test,1
3344,0.0,920.92863,921.17884,45.0,0.08,40.0,0.0,null,"[3644.93333333, 3644.93333333]",4.0,gabors,"[20.0, 20.0]",null,0.8,0.25020926,104,,,0,,False,13,train,1
3345,0.0,921.17884,921.42905,45.0,0.08,-20.0,-20.0,null,"[3644.93333333, 3644.93333333]",4.0,gabors,"[20.0, 20.0]",null,0.8,0.25020824,120,,,0,,False,12,train,1
3346,0.0,921.42905,921.67925,45.0,0.08,-30.0,0.0,null,"[3644.93333333, 3644.93333333]",4.0,gabors,"[20.0, 20.0]",null,0.8,0.25020824,212,,,0,,False,13,train,1
3347,0.0,921.67925,921.92946,45.0,0.08,30.0,10.0,null,"[3644.93333333, 3644.93333333]",4.0,gabors,"[20.0, 20.0]",null,0.8,0.25020824,58,,,0,,False,14,test,1
3348,0.0,921.92946,922.17967,45.0,0.08,0.0,-10.0,null,"[3644.93333333, 3644.93333333]",4.0,gabors,"[20.0, 20.0]",null,0.8,0.25020824,191,,,0,,False,14,test,1
3349,0.0,922.17967,922.42988,0.0,0.08,-10.0,-40.0,null,"[3644.93333333, 3644.93333333]",4.0,gabors,"[20.0, 20.0]",null,0.8,0.25020426,139,,,0,,False,13,train,0
3350,0.0,922.42988,922.68008,45.0,0.08,-20.0,-30.0,null,"[3644.93333333, 3644.93333333]",4.0,gabors,"[20.0, 20.0]",null,0.8,0.25020426,174,,,0,,False,13,train,1
3351,0.0,922.68008,922.93028,0.0,0.08,-20.0,-10.0,null,"[3644.93333333, 3644.93333333]",4.0,gabors,"[20.0, 20.0]",null,0.8,0.25020426,84,,,0,,False,14,test,0
3352,0.0,922.93028,923.18049,90.0,0.08,30.0,-20.0,null,"[3644.93333333, 3644.93333333]",4.0,gabors,"[20.0, 20.0]",null,0.8,0.25020426,21,,,0,,False,14,test,2
3353,0.0,923.18049,923.4307,0.0,0.08,30.0,-10.0,null,"[3644.93333333, 3644.93333333]",4.0,gabors,"[20.0, 20.0]",null,0.8,0.25021074,149,,,0,,False,14,test,0
3354,0.0,923.4307,923.68091,45.0,0.08,0.0,40.0,null,"[3644.93333333, 3644.93333333]",4.0,gabors,"[20.0, 20.0]",null,0.8,0.25021074,7,,,0,,False,14,test,1
3355,0.0,923.68091,923.93112,90.0,0.08,20.0,0.0,null,"[3644.93333333, 3644.93333333]",4.0,gabors,"[20.0, 20.0]",null,0.8,0.25021074,138,,,0,,False,11,test,2
3356,0.0,923.93112,924.18133,45.0,0.08,0.0,-40.0,null,"[3644.93333333, 3644.93333333]",4.0,gabors,"[20.0, 20.0]",null,0.8,0.25021074,225,,,0,,False,12,train,1
3357,0.0,924.18133,924.43155,90.0,0.08,-30.0,-10.0,null,"[3644.93333333, 3644.93333333]",4.0,gabors,"[20.0, 20.0]",null,0.8,0.25021426,71,,,0,,False,13,train,2
3358,0.0,924.43155,924.68176,90.0,0.08,-10.0,10.0,null,"[3644.93333333, 3644.93333333]",4.0,gabors,"[20.0, 20.0]",null,0.8,0.25021426,169,,,0,,False,14,test,2
3359,0.0,924.68176,924.93197,0.0,0.08,-40.0,40.0,null,"[3644.93333333, 3644.93333333]",4.0,gabors,"[20.0, 20.0]",null,0.8,0.25021426,14,,,0,,False,13,train,0
3360,0.0,924.93197,925.18219,45.0,0.08,-40.0,0.0,null,"[3644.93333333, 3644.93333333]",4.0,gabors,"[20.0, 20.0]",null,0.8,0.25021426,208,,,0,,False,13,train,1
3361,0.0,925.18219,925.4324,45.0,0.08,-40.0,-40.0,null,"[3644.93333333, 3644.93333333]",4.0,gabors,"[20.0, 20.0]",null,0.8,0.25020824,177,,,0,,False,14,test,1
3362,0.0,925.4324,925.6826,90.0,0.08,-30.0,-30.0,null,"[3644.93333333, 3644.93333333]",4.0,gabors,"[20.0, 20.0]",null,0.8,0.25020824,175,,,0,,False,11,test,2
3363,0.0,925.6826,925.93281,45.0,0.08,40.0,-30.0,null,"[3644.93333333, 3644.93333333]",4.0,gabors,"[20.0, 20.0]",null,0.8,0.25020824,181,,,0,,False,13,train,1
3364,0.0,925.93281,926.18302,45.0,0.08,-10.0,30.0,null,"[3644.93333333, 3644.93333333]",4.0,gabors,"[20.0, 20.0]",null,0.8,0.25020824,178,,,0,,False,14,test,1
3365,0.0,926.18302,926.43324,90.0,0.08,0.0,-40.0,null,"[3644.93333333, 3644.93333333]",4.0,gabors,"[20.0, 20.0]",null,0.8,0.25021426,173,,,0,,False,11,test,2
3366,0.0,926.43324,926.68345,90.0,0.08,30.0,-40.0,null,"[3644.93333333, 3644.93333333]",4.0,gabors,"[20.0, 20.0]",null,0.8,0.25021426,8,,,0,,False,13,train,2
3367,0.0,926.68345,926.93366,0.0,0.08,40.0,40.0,null,"[3644.93333333, 3644.93333333]",4.0,gabors,"[20.0, 20.0]",null,0.8,0.25021426,202,,,0,,False,11,test,0
3368,0.0,926.93366,927.18388,45.0,0.08,-30.0,-40.0,null,"[3644.93333333, 3644.93333333]",4.0,gabors,"[20.0, 20.0]",null,0.8,0.25021426,70,,,0,,False,14,test,1
3369,0.0,927.18388,927.43408,0.0,0.08,-40.0,-10.0,null,"[3644.93333333, 3644.93333333]",4.0,gabors,"[20.0, 20.0]",null,0.8,0.25020574,20,,,0,,False,14,test,0
3370,0.0,927.43408,927.68429,90.0,0.08,20.0,-10.0,null,"[3644.93333333, 3644.93333333]",4.0,gabors,"[20.0, 20.0]",null,0.8,0.25020574,160,,,0,,False,14,test,2
3371,0.0,927.68429,927.9345,45.0,0.08,10.0,0.0,null,"[3644.93333333, 3644.93333333]",4.0,gabors,"[20.0, 20.0]",null,0.8,0.25020574,53,,,0,,False,13,train,1
3372,0.0,927.9345,928.1847,45.0,0.08,-20.0,10.0,null,"[3644.93333333, 3644.93333333]",4.0,gabors,"[20.0, 20.0]",null,0.8,0.25020574,213,,,0,,False,13,train,1
3373,0.0,928.1847,928.4349,0.0,0.08,30.0,-30.0,null,"[3644.93333333, 3644.93333333]",4.0,gabors,"[20.0, 20.0]",null,0.8,0.25019926,81,,,0,,False,13,train,0
3374,0.0,928.4349,928.6851,90.0,0.08,-10.0,20.0,null,"[3644.93333333, 3644.93333333]",4.0,gabors,"[20.0, 20.0]",null,0.8,0.25019926,137,,,0,,False,14,test,2
3375,0.0,928.6851,928.9353,90.0,0.08,-20.0,40.0,null,"[3644.93333333, 3644.93333333]",4.0,gabors,"[20.0, 20.0]",null,0.8,0.25019926,116,,,0,,False,10,train,2
3376,0.0,928.9353,929.1855,90.0,0.08,-30.0,-30.0,null,"[3644.93333333, 3644.93333333]",4.0,gabors,"[20.0, 20.0]",null,0.8,0.25019926,175,,,0,,False,12,train,2
3377,0.0,929.1855,929.43572,45.0,0.08,-40.0,-10.0,null,"[3644.93333333, 3644.93333333]",4.0,gabors,"[20.0, 20.0]",null,0.8,0.25021824,210,,,0,,False,14,test,1
3378,0.0,929.43572,929.68593,90.0,0.08,-20.0,30.0,null,"[3644.93333333, 3644.93333333]",4.0,gabors,"[20.0, 20.0]",null,0.8,0.25021824,124,,,0,,False,12,train,2
3379,0.0,929.68593,929.93615,0.0,0.08,-10.0,10.0,null,"[3644.93333333, 3644.93333333]",4.0,gabors,"[20.0, 20.0]",null,0.8,0.25021824,87,,,0,,False,12,train,0
3380,0.0,929.93615,930.18637,90.0,0.08,40.0,-20.0,null,"[3644.93333333, 3644.93333333]",4.0,gabors,"[20.0, 20.0]",null,0.8,0.25021824,60,,,0,,False,13,train,2
3381,0.0,930.18637,930.43658,45.0,0.08,-30.0,-30.0,null,"[3644.93333333, 3644.93333333]",4.0,gabors,"[20.0, 20.0]",null,0.8,0.25020926,82,,,0,,False,14,test,1
3382,0.0,930.43658,930.68679,0.0,0.08,40.0,40.0,null,"[3644.93333333, 3644.93333333]",4.0,gabors,"[20.0, 20.0]",null,0.8,0.25020926,202,,,0,,False,12,train,0
3383,0.0,930.68679,930.937,45.0,0.08,20.0,0.0,null,"[3644.93333333, 3644.93333333]",4.0,gabors,"[20.0, 20.0]",null,0.8,0.25020926,143,,,0,,False,14,test,1
3384,0.0,930.937,931.18721,90.0,0.08,0.0,-10.0,null,"[3644.93333333, 3644.93333333]",4.0,gabors,"[20.0, 20.0]",null,0.8,0.25020926,49,,,0,,False,13,train,2
3385,0.0,931.18721,931.43742,45.0,0.08,-40.0,20.0,null,"[3644.93333333, 3644.93333333]",4.0,gabors,"[20.0, 20.0]",null,0.8,0.25021074,145,,,0,,False,12,train,1
3386,0.0,931.43742,931.68763,0.0,0.08,0.0,20.0,null,"[3644.93333333, 3644.93333333]",4.0,gabors,"[20.0, 20.0]",null,0.8,0.25021074,221,,,0,,False,10,train,0
3387,0.0,931.68763,931.93784,0.0,0.08,-40.0,0.0,null,"[3644.93333333, 3644.93333333]",4.0,gabors,"[20.0, 20.0]",null,0.8,0.25021074,216,,,0,,False,12,train,0
3388,0.0,931.93784,932.18805,90.0,0.08,0.0,0.0,null,"[3644.93333333, 3644.93333333]",4.0,gabors,"[20.0, 20.0]",null,0.8,0.25021074,88,,,0,,False,13,train,2
3389,0.0,932.18805,932.43826,90.0,0.08,0.0,-30.0,null,"[3644.93333333, 3644.93333333]",4.0,gabors,"[20.0, 20.0]",null,0.8,0.25020676,230,,,0,,False,14,test,2
3390,0.0,932.43826,932.68846,45.0,0.08,-30.0,20.0,null,"[3644.93333333, 3644.93333333]",4.0,gabors,"[20.0, 20.0]",null,0.8,0.25020676,101,,,0,,False,13,train,1
3391,0.0,932.68846,932.93867,90.0,0.08,-20.0,20.0,null,"[3644.93333333, 3644.93333333]",4.0,gabors,"[20.0, 20.0]",null,0.8,0.25020676,242,,,0,,False,14,test,2
3392,0.0,932.93867,933.18888,45.0,0.08,10.0,-30.0,null,"[3644.93333333, 3644.93333333]",4.0,gabors,"[20.0, 20.0]",null,0.8,0.25020676,72,,,0,,False,12,train,1
3393,0.0,933.18888,933.43909,45.0,0.08,-20.0,-10.0,null,"[3644.93333333, 3644.93333333]",4.0,gabors,"[20.0, 20.0]",null,0.8,0.25021074,107,,,0,,False,13,train,1
3394,0.0,933.43909,933.6893,45.0,0.08,-20.0,30.0,null,"[3644.93333333, 3644.93333333]",4.0,gabors,"[20.0, 20.0]",null,0.8,0.25021074,228,,,0,,False,14,test,1
3395,0.0,933.6893,933.93951,90.0,0.08,10.0,-40.0,null,"[3644.93333333, 3644.93333333]",4.0,gabors,"[20.0, 20.0]",null,0.8,0.25021074,77,,,0,,False,14,test,2
3396,0.0,933.93951,934.18972,45.0,0.08,40.0,-40.0,null,"[3644.93333333, 3644.93333333]",4.0,gabors,"[20.0, 20.0]",null,0.8,0.25021074,119,,,0,,False,13,train,1
3397,0.0,934.18972,934.43994,45.0,0.08,30.0,-30.0,null,"[3644.93333333, 3644.93333333]",4.0,gabors,"[20.0, 20.0]",null,0.8,0.25021676,153,,,0,,False,12,train,1
3398,0.0,934.43994,934.69015,90.0,0.08,-40.0,10.0,null,"[3644.93333333, 3644.93333333]",4.0,gabors,"[20.0, 20.0]",null,0.8,0.25021676,115,,,0,,False,14,test,2
3399,0.0,934.69015,934.94037,0.0,0.08,30.0,-40.0,null,"[3644.93333333, 3644.93333333]",4.0,gabors,"[20.0, 20.0]",null,0.8,0.25021676,168,,,0,,False,14,test,0
3400,0.0,934.94037,935.19059,0.0,0.08,30.0,0.0,null,"[3644.93333333, 3644.93333333]",4.0,gabors,"[20.0, 20.0]",null,0.8,0.25021676,66,,,0,,False,14,test,0
3401,0.0,935.19059,935.44079,90.0,0.08,-40.0,-30.0,null,"[3644.93333333, 3644.93333333]",4.0,gabors,"[20.0, 20.0]",null,0.8,0.25020074,56,,,0,,False,11,test,2
3402,0.0,935.44079,935.69099,45.0,0.08,40.0,-30.0,null,"[3644.93333333, 3644.93333333]",4.0,gabors,"[20.0, 20.0]",null,0.8,0.25020074,181,,,0,,False,14,test,1
3403,0.0,935.69099,935.94119,45.0,0.08,10.0,10.0,null,"[3644.93333333, 3644.93333333]",4.0,gabors,"[20.0, 20.0]",null,0.8,0.25020074,11,,,0,,False,14,test,1
3404,0.0,935.94119,936.19139,45.0,0.08,10.0,20.0,null,"[3644.93333333, 3644.93333333]",4.0,gabors,"[20.0, 20.0]",null,0.8,0.25020074,41,,,0,,False,13,train,1
3405,0.0,936.19139,936.4416,90.0,0.08,-20.0,30.0,null,"[3644.93333333, 3644.93333333]",4.0,gabors,"[20.0, 20.0]",null,0.8,0.25020426,124,,,0,,False,13,train,2
3406,0.0,936.4416,936.6918,45.0,0.08,0.0,-40.0,null,"[3644.93333333, 3644.93333333]",4.0,gabors,"[20.0, 20.0]",null,0.8,0.25020426,225,,,0,,False,13,train,1
3407,0.0,936.6918,936.942,0.0,0.08,10.0,-30.0,null,"[3644.93333333, 3644.93333333]",4.0,gabors,"[20.0, 20.0]",null,0.8,0.25020426,148,,,0,,False,13,train,0
3408,0.0,936.942,937.19221,45.0,0.08,-10.0,-20.0,null,"[3644.93333333, 3644.93333333]",4.0,gabors,"[20.0, 20.0]",null,0.8,0.25020426,197,,,0,,False,14,test,1
3409,0.0,937.19221,937.44242,0.0,0.08,-20.0,-30.0,null,"[3644.93333333, 3644.93333333]",4.0,gabors,"[20.0, 20.0]",null,0.8,0.25021574,54,,,0,,False,13,train,0
3410,0.0,937.44242,937.69264,0.0,0.08,-40.0,-20.0,null,"[3644.93333333, 3644.93333333]",4.0,gabors,"[20.0, 20.0]",null,0.8,0.25021574,13,,,0,,False,11,test,0
3411,0.0,937.69264,937.94286,45.0,0.08,-20.0,-10.0,null,"[3644.93333333, 3644.93333333]",4.0,gabors,"[20.0, 20.0]",null,0.8,0.25021574,107,,,0,,False,14,test,1
3412,0.0,937.94286,938.19307,0.0,0.08,10.0,-10.0,null,"[3644.93333333, 3644.93333333]",4.0,gabors,"[20.0, 20.0]",null,0.8,0.25021574,231,,,0,,False,13,train,0
3413,0.0,938.19307,938.44328,90.0,0.08,30.0,-30.0,null,"[3644.93333333, 3644.93333333]",4.0,gabors,"[20.0, 20.0]",null,0.8,0.25020426,215,,,0,,False,12,train,2
3414,0.0,938.44328,938.69348,90.0,0.08,-10.0,40.0,null,"[3644.93333333, 3644.93333333]",4.0,gabors,"[20.0, 20.0]",null,0.8,0.25020426,27,,,0,,False,14,test,2
3415,0.0,938.69348,938.94368,45.0,0.08,-20.0,0.0,null,"[3644.93333333, 3644.93333333]",4.0,gabors,"[20.0, 20.0]",null,0.8,0.25020426,34,,,0,,False,14,test,1
3416,0.0,938.94368,939.19389,45.0,0.08,-30.0,-10.0,null,"[3644.93333333, 3644.93333333]",4.0,gabors,"[20.0, 20.0]",null,0.8,0.25020426,154,,,0,,False,14,test,1
3417,0.0,939.19389,939.4441,0.0,0.08,10.0,30.0,null,"[3644.93333333, 3644.93333333]",4.0,gabors,"[20.0, 20.0]",null,0.8,0.25021324,43,,,0,,False,14,test,0
3418,0.0,939.4441,939.69431,0.0,0.08,-10.0,0.0,null,"[3644.93333333, 3644.93333333]",4.0,gabors,"[20.0, 20.0]",null,0.8,0.25021324,128,,,0,,False,12,train,0
3419,0.0,939.69431,939.94453,45.0,0.08,-40.0,30.0,null,"[3644.93333333, 3644.93333333]",4.0,gabors,"[20.0, 20.0]",null,0.8,0.25021324,68,,,0,,False,13,train,1
3420,0.0,939.94453,940.19474,0.0,0.08,-30.0,10.0,null,"[3644.93333333, 3644.93333333]",4.0,gabors,"[20.0, 20.0]",null,0.8,0.25021324,150,,,0,,False,12,train,0
3421,0.0,940.19474,940.44495,0.0,0.08,10.0,0.0,null,"[3644.93333333, 3644.93333333]",4.0,gabors,"[20.0, 20.0]",null,0.8,0.25020926,132,,,0,,False,14,test,0
3422,0.0,940.44495,940.69516,90.0,0.08,-20.0,10.0,null,"[3644.93333333, 3644.93333333]",4.0,gabors,"[20.0, 20.0]",null,0.8,0.25020926,162,,,0,,False,13,train,2
3423,0.0,940.69516,940.94537,0.0,0.08,-10.0,10.0,null,"[3644.93333333, 3644.93333333]",4.0,gabors,"[20.0, 20.0]",null,0.8,0.25020926,87,,,0,,False,13,train,0
3424,0.0,940.94537,941.19558,90.0,0.08,-30.0,-40.0,null,"[3644.93333333, 3644.93333333]",4.0,gabors,"[20.0, 20.0]",null,0.8,0.25020926,184,,,0,,False,13,train,2
3425,0.0,941.19558,941.44579,45.0,0.08,40.0,0.0,null,"[3644.93333333, 3644.93333333]",4.0,gabors,"[20.0, 20.0]",null,0.8,0.25020824,104,,,0,,False,14,test,1
3426,0.0,941.44579,941.69599,90.0,0.08,-40.0,0.0,null,"[3644.93333333, 3644.93333333]",4.0,gabors,"[20.0, 20.0]",null,0.8,0.25020824,80,,,0,,False,14,test,2
3427,0.0,941.69599,941.9462,90.0,0.08,20.0,0.0,null,"[3644.93333333, 3644.93333333]",4.0,gabors,"[20.0, 20.0]",null,0.8,0.25020824,138,,,0,,False,12,train,2
3428,0.0,941.9462,942.19641,45.0,0.08,10.0,-20.0,null,"[3644.93333333, 3644.93333333]",4.0,gabors,"[20.0, 20.0]",null,0.8,0.25020824,126,,,0,,False,13,train,1
3429,0.0,942.19641,942.44663,0.0,0.08,20.0,-10.0,null,"[3644.93333333, 3644.93333333]",4.0,gabors,"[20.0, 20.0]",null,0.8,0.25022176,238,,,0,,False,12,train,0
3430,0.0,942.44663,942.69685,45.0,0.08,0.0,20.0,null,"[3644.93333333, 3644.93333333]",4.0,gabors,"[20.0, 20.0]",null,0.8,0.25022176,18,,,0,,False,14,test,1
3431,0.0,942.69685,942.94708,90.0,0.08,10.0,20.0,null,"[3644.93333333, 3644.93333333]",4.0,gabors,"[20.0, 20.0]",null,0.8,0.25022176,220,,,0,,False,12,train,2
3432,0.0,942.94708,943.1973,45.0,0.08,-20.0,10.0,null,"[3644.93333333, 3644.93333333]",4.0,gabors,"[20.0, 20.0]",null,0.8,0.25022176,213,,,0,,False,14,test,1
3433,0.0,943.1973,943.44749,90.0,0.08,10.0,-20.0,null,"[3644.93333333, 3644.93333333]",4.0,gabors,"[20.0, 20.0]",null,0.8,0.25019574,19,,,0,,False,12,train,2
3434,0.0,943.44749,943.69769,45.0,0.08,10.0,-10.0,null,"[3644.93333333, 3644.93333333]",4.0,gabors,"[20.0, 20.0]",null,0.8,0.25019574,94,,,0,,False,14,test,1
3435,0.0,943.69769,943.94789,0.0,0.08,40.0,10.0,null,"[3644.93333333, 3644.93333333]",4.0,gabors,"[20.0, 20.0]",null,0.8,0.25019574,134,,,0,,False,13,train,0
3436,0.0,943.94789,944.19808,0.0,0.08,0.0,0.0,null,"[3644.93333333, 3644.93333333]",4.0,gabors,"[20.0, 20.0]",null,0.8,0.25019574,240,,,0,,False,13,train,0
3437,0.0,944.19808,944.44829,90.0,0.08,-30.0,-10.0,null,"[3644.93333333, 3644.93333333]",4.0,gabors,"[20.0, 20.0]",null,0.8,0.25021176,71,,,0,,False,14,test,2
3438,0.0,944.44829,944.6985,0.0,0.08,10.0,10.0,null,"[3644.93333333, 3644.93333333]",4.0,gabors,"[20.0, 20.0]",null,0.8,0.25021176,79,,,0,,False,14,test,0
3439,0.0,944.6985,944.94872,90.0,0.08,10.0,-20.0,null,"[3644.93333333, 3644.93333333]",4.0,gabors,"[20.0, 20.0]",null,0.8,0.25021176,19,,,0,,False,13,train,2
3440,0.0,944.94872,945.19893,45.0,0.08,-40.0,20.0,null,"[3644.93333333, 3644.93333333]",4.0,gabors,"[20.0, 20.0]",null,0.8,0.25021176,145,,,0,,False,13,train,1
3441,0.0,945.19893,945.44913,90.0,0.08,40.0,-10.0,null,"[3644.93333333, 3644.93333333]",4.0,gabors,"[20.0, 20.0]",null,0.8,0.25020324,127,,,0,,False,12,train,2
3442,0.0,945.44913,945.69933,45.0,0.08,30.0,-20.0,null,"[3644.93333333, 3644.93333333]",4.0,gabors,"[20.0, 20.0]",null,0.8,0.25020324,47,,,0,,False,13,train,1
3443,0.0,945.69933,945.94954,45.0,0.08,30.0,30.0,null,"[3644.93333333, 3644.93333333]",4.0,gabors,"[20.0, 20.0]",null,0.8,0.25020324,39,,,0,,False,14,test,1
3444,0.0,945.94954,946.19974,0.0,0.08,-30.0,10.0,null,"[3644.93333333, 3644.93333333]",4.0,gabors,"[20.0, 20.0]",null,0.8,0.25020324,150,,,0,,False,13,train,0
3445,0.0,946.19974,946.44995,45.0,0.08,0.0,-20.0,null,"[3644.93333333, 3644.93333333]",4.0,gabors,"[20.0, 20.0]",null,0.8,0.25021176,198,,,0,,False,13,train,1
3446,0.0,946.44995,946.70016,90.0,0.08,-40.0,40.0,null,"[3644.93333333, 3644.93333333]",4.0,gabors,"[20.0, 20.0]",null,0.8,0.25021176,163,,,0,,False,13,train,2
3447,0.0,946.70016,946.95038,45.0,0.08,-30.0,40.0,null,"[3644.93333333, 3644.93333333]",4.0,gabors,"[20.0, 20.0]",null,0.8,0.25021176,147,,,0,,False,14,test,1
3448,0.0,946.95038,947.20059,90.0,0.08,0.0,40.0,null,"[3644.93333333, 3644.93333333]",4.0,gabors,"[20.0, 20.0]",null,0.8,0.25021176,217,,,0,,False,13,train,2
3449,0.0,947.20059,947.4508,90.0,0.08,0.0,-40.0,null,"[3644.93333333, 3644.93333333]",4.0,gabors,"[20.0, 20.0]",null,0.8,0.25021074,173,,,0,,False,12,train,2
3450,0.0,947.4508,947.70101,90.0,0.08,-20.0,0.0,null,"[3644.93333333, 3644.93333333]",4.0,gabors,"[20.0, 20.0]",null,0.8,0.25021074,171,,,0,,False,12,train,2
3451,0.0,947.70101,947.95122,0.0,0.08,-20.0,-40.0,null,"[3644.93333333, 3644.93333333]",4.0,gabors,"[20.0, 20.0]",null,0.8,0.25021074,93,,,0,,False,13,train,0
3452,0.0,947.95122,948.20143,0.0,0.08,-30.0,0.0,null,"[3644.93333333, 3644.93333333]",4.0,gabors,"[20.0, 20.0]",null,0.8,0.25021074,226,,,0,,False,14,test,0
3453,0.0,948.20143,948.45164,45.0,0.08,20.0,-30.0,null,"[3644.93333333, 3644.93333333]",4.0,gabors,"[20.0, 20.0]",null,0.8,0.25021176,159,,,0,,False,14,test,1
3454,0.0,948.45164,948.70185,90.0,0.08,20.0,-20.0,null,"[3644.93333333, 3644.93333333]",4.0,gabors,"[20.0, 20.0]",null,0.8,0.25021176,232,,,0,,False,13,train,2
3455,0.0,948.70185,948.95207,45.0,0.08,0.0,0.0,null,"[3644.93333333, 3644.93333333]",4.0,gabors,"[20.0, 20.0]",null,0.8,0.25021176,32,,,0,,False,12,train,1
3456,0.0,948.95207,949.20228,90.0,0.08,-30.0,20.0,null,"[3644.93333333, 3644.93333333]",4.0,gabors,"[20.0, 20.0]",null,0.8,0.25021176,176,,,0,,False,14,test,2
3457,0.0,949.20228,949.45248,0.0,0.08,0.0,40.0,null,"[3644.93333333, 3644.93333333]",4.0,gabors,"[20.0, 20.0]",null,0.8,0.25020574,123,,,0,,False,13,train,0
3458,0.0,949.45248,949.70269,90.0,0.08,-30.0,-30.0,null,"[3644.93333333, 3644.93333333]",4.0,gabors,"[20.0, 20.0]",null,0.8,0.25020574,175,,,0,,False,13,train,2
3459,0.0,949.70269,949.9529,0.0,0.08,10.0,-20.0,null,"[3644.93333333, 3644.93333333]",4.0,gabors,"[20.0, 20.0]",null,0.8,0.25020574,109,,,0,,False,13,train,0
3460,0.0,949.9529,950.2031,0.0,0.08,-30.0,-30.0,null,"[3644.93333333, 3644.93333333]",4.0,gabors,"[20.0, 20.0]",null,0.8,0.25020574,192,,,0,,False,14,test,0
3461,0.0,950.2031,950.45331,0.0,0.08,-30.0,20.0,null,"[3644.93333333, 3644.93333333]",4.0,gabors,"[20.0, 20.0]",null,0.8,0.25020926,227,,,0,,False,14,test,0
3462,0.0,950.45331,950.70352,0.0,0.08,-20.0,-20.0,null,"[3644.93333333, 3644.93333333]",4.0,gabors,"[20.0, 20.0]",null,0.8,0.25020926,236,,,0,,False,13,train,0
3463,0.0,950.70352,950.95373,90.0,0.08,-20.0,40.0,null,"[3644.93333333, 3644.93333333]",4.0,gabors,"[20.0, 20.0]",null,0.8,0.25020926,116,,,0,,False,11,test,2
3464,0.0,950.95373,951.20394,0.0,0.08,-30.0,10.0,null,"[3644.93333333, 3644.93333333]",4.0,gabors,"[20.0, 20.0]",null,0.8,0.25020926,150,,,0,,False,14,test,0
3465,0.0,951.20394,951.45415,0.0,0.08,-10.0,10.0,null,"[3644.93333333, 3644.93333333]",4.0,gabors,"[20.0, 20.0]",null,0.8,0.25020824,87,,,0,,False,14,test,0
3466,0.0,951.45415,951.70435,0.0,0.08,40.0,10.0,null,"[3644.93333333, 3644.93333333]",4.0,gabors,"[20.0, 20.0]",null,0.8,0.25020824,134,,,0,,False,14,test,0
3467,0.0,951.70435,951.95456,45.0,0.08,-10.0,-40.0,null,"[3644.93333333, 3644.93333333]",4.0,gabors,"[20.0, 20.0]",null,0.8,0.25020824,40,,,0,,False,12,train,1
3468,0.0,951.95456,952.20477,0.0,0.08,-10.0,-30.0,null,"[3644.93333333, 3644.93333333]",4.0,gabors,"[20.0, 20.0]",null,0.8,0.25020824,37,,,0,,False,13,train,0
3469,0.0,952.20477,952.45498,90.0,0.08,10.0,-30.0,null,"[3644.93333333, 3644.93333333]",4.0,gabors,"[20.0, 20.0]",null,0.8,0.25020676,219,,,0,,False,13,train,2
3470,0.0,952.45498,952.70518,0.0,0.08,-20.0,-40.0,null,"[3644.93333333, 3644.93333333]",4.0,gabors,"[20.0, 20.0]",null,0.8,0.25020676,93,,,0,,False,14,test,0
3471,0.0,952.70518,952.95539,90.0,0.08,10.0,-20.0,null,"[3644.93333333, 3644.93333333]",4.0,gabors,"[20.0, 20.0]",null,0.8,0.25020676,19,,,0,,False,14,test,2
3472,0.0,952.95539,953.2056,0.0,0.08,-30.0,-10.0,null,"[3644.93333333, 3644.93333333]",4.0,gabors,"[20.0, 20.0]",null,0.8,0.25020676,98,,,0,,False,13,train,0
3473,0.0,953.2056,953.45581,45.0,0.08,-40.0,40.0,null,"[3644.93333333, 3644.93333333]",4.0,gabors,"[20.0, 20.0]",null,0.8,0.25021074,67,,,0,,False,14,test,1
3474,0.0,953.45581,953.70602,90.0,0.08,20.0,30.0,null,"[3644.93333333, 3644.93333333]",4.0,gabors,"[20.0, 20.0]",null,0.8,0.25021074,188,,,0,,False,12,train,2
3475,0.0,953.70602,953.95623,45.0,0.08,10.0,20.0,null,"[3644.93333333, 3644.93333333]",4.0,gabors,"[20.0, 20.0]",null,0.8,0.25021074,41,,,0,,False,14,test,1
3476,0.0,953.95623,954.20644,0.0,0.08,-40.0,10.0,null,"[3644.93333333, 3644.93333333]",4.0,gabors,"[20.0, 20.0]",null,0.8,0.25021074,205,,,0,,False,13,train,0
3477,0.0,954.20644,954.45665,0.0,0.08,20.0,40.0,null,"[3644.93333333, 3644.93333333]",4.0,gabors,"[20.0, 20.0]",null,0.8,0.25021176,151,,,0,,False,13,train,0
3478,0.0,954.45665,954.70686,0.0,0.08,-10.0,0.0,null,"[3644.93333333, 3644.93333333]",4.0,gabors,"[20.0, 20.0]",null,0.8,0.25021176,128,,,0,,False,13,train,0
3479,0.0,954.70686,954.95708,0.0,0.08,-20.0,-20.0,null,"[3644.93333333, 3644.93333333]",4.0,gabors,"[20.0, 20.0]",null,0.8,0.25021176,236,,,0,,False,14,test,0
3480,0.0,954.95708,955.20729,90.0,0.08,-10.0,-30.0,null,"[3644.93333333, 3644.93333333]",4.0,gabors,"[20.0, 20.0]",null,0.8,0.25021176,133,,,0,,False,14,test,2
3481,0.0,955.20729,955.4575,90.0,0.08,10.0,20.0,null,"[3644.93333333, 3644.93333333]",4.0,gabors,"[20.0, 20.0]",null,0.8,0.25020824,220,,,0,,False,13,train,2
3482,0.0,955.4575,955.7077,90.0,0.08,-40.0,-30.0,null,"[3644.93333333, 3644.93333333]",4.0,gabors,"[20.0, 20.0]",null,0.8,0.25020824,56,,,0,,False,12,train,2
3483,0.0,955.7077,955.95791,90.0,0.08,40.0,20.0,null,"[3644.93333333, 3644.93333333]",4.0,gabors,"[20.0, 20.0]",null,0.8,0.25020824,76,,,0,,False,14,test,2
3484,0.0,955.95791,956.20812,0.0,0.08,-10.0,0.0,null,"[3644.93333333, 3644.93333333]",4.0,gabors,"[20.0, 20.0]",null,0.8,0.25020824,128,,,0,,False,14,test,0
3485,0.0,956.20812,956.45833,90.0,0.08,-40.0,-30.0,null,"[3644.93333333, 3644.93333333]",4.0,gabors,"[20.0, 20.0]",null,0.8,0.25021176,56,,,0,,False,13,train,2
3486,0.0,956.45833,956.70854,45.0,0.08,30.0,40.0,null,"[3644.93333333, 3644.93333333]",4.0,gabors,"[20.0, 20.0]",null,0.8,0.25021176,224,,,0,,False,12,train,1
3487,0.0,956.70854,956.95876,0.0,0.08,20.0,-10.0,null,"[3644.93333333, 3644.93333333]",4.0,gabors,"[20.0, 20.0]",null,0.8,0.25021176,238,,,0,,False,13,train,0
3488,0.0,956.95876,957.20897,90.0,0.08,30.0,30.0,null,"[3644.93333333, 3644.93333333]",4.0,gabors,"[20.0, 20.0]",null,0.8,0.25021176,91,,,0,,False,12,train,2
3489,0.0,957.20897,957.45918,45.0,0.08,20.0,10.0,null,"[3644.93333333, 3644.93333333]",4.0,gabors,"[20.0, 20.0]",null,0.8,0.25020824,108,,,0,,False,14,test,1
3490,0.0,957.45918,957.70938,90.0,0.08,0.0,20.0,null,"[3644.93333333, 3644.93333333]",4.0,gabors,"[20.0, 20.0]",null,0.8,0.25020824,85,,,0,,False,14,test,2
3491,0.0,957.70938,957.95959,45.0,0.08,10.0,-30.0,null,"[3644.93333333, 3644.93333333]",4.0,gabors,"[20.0, 20.0]",null,0.8,0.25020824,72,,,0,,False,13,train,1
3492,0.0,957.95959,958.2098,0.0,0.08,10.0,-40.0,null,"[3644.93333333, 3644.93333333]",4.0,gabors,"[20.0, 20.0]",null,0.8,0.25020824,211,,,0,,False,14,test,0
3493,0.0,958.2098,958.46001,90.0,0.08,-40.0,-40.0,null,"[3644.93333333, 3644.93333333]",4.0,gabors,"[20.0, 20.0]",null,0.8,0.25021176,196,,,0,,False,14,test,2
3494,0.0,958.46001,958.71022,90.0,0.08,40.0,-40.0,null,"[3644.93333333, 3644.93333333]",4.0,gabors,"[20.0, 20.0]",null,0.8,0.25021176,78,,,0,,False,14,test,2
3495,0.0,958.71022,958.96044,45.0,0.08,30.0,-30.0,null,"[3644.93333333, 3644.93333333]",4.0,gabors,"[20.0, 20.0]",null,0.8,0.25021176,153,,,0,,False,13,train,1
3496,0.0,958.96044,959.21065,45.0,0.08,-10.0,-40.0,null,"[3644.93333333, 3644.93333333]",4.0,gabors,"[20.0, 20.0]",null,0.8,0.25021176,40,,,0,,False,13,train,1
3497,0.0,959.21065,959.46085,90.0,0.08,-20.0,10.0,null,"[3644.93333333, 3644.93333333]",4.0,gabors,"[20.0, 20.0]",null,0.8,0.25020324,162,,,0,,False,14,test,2
3498,0.0,959.46085,959.71105,0.0,0.08,0.0,-40.0,null,"[3644.93333333, 3644.93333333]",4.0,gabors,"[20.0, 20.0]",null,0.8,0.25020324,12,,,0,,False,14,test,0
3499,0.0,959.71105,959.96126,90.0,0.08,-20.0,0.0,null,"[3644.93333333, 3644.93333333]",4.0,gabors,"[20.0, 20.0]",null,0.8,0.25020324,171,,,0,,False,13,train,2
3500,0.0,959.96126,960.21146,45.0,0.08,-30.0,20.0,null,"[3644.93333333, 3644.93333333]",4.0,gabors,"[20.0, 20.0]",null,0.8,0.25020324,101,,,0,,False,14,test,1
3501,0.0,960.21146,960.46168,90.0,0.08,20.0,-20.0,null,"[3644.93333333, 3644.93333333]",4.0,gabors,"[20.0, 20.0]",null,0.8,0.25021676,232,,,0,,False,14,test,2
3502,0.0,960.46168,960.71189,0.0,0.08,-40.0,0.0,null,"[3644.93333333, 3644.93333333]",4.0,gabors,"[20.0, 20.0]",null,0.8,0.25021676,216,,,0,,False,13,train,0
3503,0.0,960.71189,960.96211,90.0,0.08,30.0,-10.0,null,"[3644.93333333, 3644.93333333]",4.0,gabors,"[20.0, 20.0]",null,0.8,0.25021676,243,,,0,,False,13,train,2
3504,0.0,960.96211,961.21233,90.0,0.08,10.0,20.0,null,"[3644.93333333, 3644.93333333]",4.0,gabors,"[20.0, 20.0]",null,0.8,0.25021676,220,,,0,,False,14,test,2
3505,0.0,961.21233,961.46253,90.0,0.08,10.0,10.0,null,"[3644.93333333, 3644.93333333]",4.0,gabors,"[20.0, 20.0]",null,0.8,0.25020324,237,,,0,,False,11,test,2
3506,0.0,961.46253,961.71273,45.0,0.08,30.0,20.0,null,"[3644.93333333, 3644.93333333]",4.0,gabors,"[20.0, 20.0]",null,0.8,0.25020324,103,,,0,,False,14,test,1
3507,0.0,961.71273,961.96294,45.0,0.08,10.0,30.0,null,"[3644.93333333, 3644.93333333]",4.0,gabors,"[20.0, 20.0]",null,0.8,0.25020324,209,,,0,,False,13,train,1
3508,0.0,961.96294,962.21314,90.0,0.08,-20.0,40.0,null,"[3644.93333333, 3644.93333333]",4.0,gabors,"[20.0, 20.0]",null,0.8,0.25020324,116,,,0,,False,12,train,2
3509,0.0,962.21314,962.46335,45.0,0.08,40.0,-10.0,null,"[3644.93333333, 3644.93333333]",4.0,gabors,"[20.0, 20.0]",null,0.8,0.25021176,38,,,0,,False,14,test,1
3510,0.0,962.46335,962.71356,45.0,0.08,-40.0,30.0,null,"[3644.93333333, 3644.93333333]",4.0,gabors,"[20.0, 20.0]",null,0.8,0.25021176,68,,,0,,False,14,test,1
3511,0.0,962.71356,962.96378,45.0,0.08,20.0,-10.0,null,"[3644.93333333, 3644.93333333]",4.0,gabors,"[20.0, 20.0]",null,0.8,0.25021176,183,,,0,,False,13,train,1
3512,0.0,962.96378,963.21399,90.0,0.08,10.0,-30.0,null,"[3644.93333333, 3644.93333333]",4.0,gabors,"[20.0, 20.0]",null,0.8,0.25021176,219,,,0,,False,14,test,2
3513,0.0,963.21399,963.46419,0.0,0.08,20.0,-30.0,null,"[3644.93333333, 3644.93333333]",4.0,gabors,"[20.0, 20.0]",null,0.8,0.25020074,22,,,0,,False,14,test,0
3514,0.0,963.46419,963.71439,45.0,0.08,-20.0,-20.0,null,"[3644.93333333, 3644.93333333]",4.0,gabors,"[20.0, 20.0]",null,0.8,0.25020074,120,,,0,,False,13,train,1
3515,0.0,963.71439,963.96459,90.0,0.08,-20.0,40.0,null,"[3644.93333333, 3644.93333333]",4.0,gabors,"[20.0, 20.0]",null,0.8,0.25020074,116,,,0,,False,13,train,2
3516,0.0,963.96459,964.21479,0.0,0.08,0.0,40.0,null,"[3644.93333333, 3644.93333333]",4.0,gabors,"[20.0, 20.0]",null,0.8,0.25020074,123,,,0,,False,14,test,0
3517,0.0,964.21479,964.465,45.0,0.08,-20.0,40.0,null,"[3644.93333333, 3644.93333333]",4.0,gabors,"[20.0, 20.0]",null,0.8,0.25020926,59,,,0,,False,14,test,1
3518,0.0,964.465,964.71521,0.0,0.08,-10.0,-30.0,null,"[3644.93333333, 3644.93333333]",4.0,gabors,"[20.0, 20.0]",null,0.8,0.25020926,37,,,0,,False,14,test,0
3519,0.0,964.71521,964.96542,0.0,0.08,0.0,0.0,null,"[3644.93333333, 3644.93333333]",4.0,gabors,"[20.0, 20.0]",null,0.8,0.25020926,240,,,0,,False,14,test,0
3520,0.0,964.96542,965.21563,90.0,0.08,0.0,-40.0,null,"[3644.93333333, 3644.93333333]",4.0,gabors,"[20.0, 20.0]",null,0.8,0.25020926,173,,,0,,False,13,train,2
3521,0.0,965.21563,965.46584,45.0,0.08,20.0,20.0,null,"[3644.93333333, 3644.93333333]",4.0,gabors,"[20.0, 20.0]",null,0.8,0.25021324,167,,,0,,False,13,train,1
3522,0.0,965.46584,965.71605,45.0,0.08,0.0,30.0,null,"[3644.93333333, 3644.93333333]",4.0,gabors,"[20.0, 20.0]",null,0.8,0.25021324,193,,,0,,False,14,test,1
3523,0.0,965.71605,965.96627,90.0,0.08,10.0,10.0,null,"[3644.93333333, 3644.93333333]",4.0,gabors,"[20.0, 20.0]",null,0.8,0.25021324,237,,,0,,False,12,train,2
3524,0.0,965.96627,966.21648,0.0,0.08,-40.0,0.0,null,"[3644.93333333, 3644.93333333]",4.0,gabors,"[20.0, 20.0]",null,0.8,0.25021324,216,,,0,,False,14,test,0
3525,0.0,966.21648,966.4667,90.0,0.08,-20.0,0.0,null,"[3644.93333333, 3644.93333333]",4.0,gabors,"[20.0, 20.0]",null,0.8,0.25021426,171,,,0,,False,14,test,2
3526,0.0,966.4667,966.71691,90.0,0.08,40.0,0.0,null,"[3644.93333333, 3644.93333333]",4.0,gabors,"[20.0, 20.0]",null,0.8,0.25021426,144,,,0,,False,14,test,2
3527,0.0,966.71691,966.96712,90.0,0.08,30.0,-10.0,null,"[3644.93333333, 3644.93333333]",4.0,gabors,"[20.0, 20.0]",null,0.8,0.25021426,243,,,0,,False,14,test,2
3528,0.0,966.96712,967.21734,0.0,0.08,-40.0,-20.0,null,"[3644.93333333, 3644.93333333]",4.0,gabors,"[20.0, 20.0]",null,0.8,0.25021426,13,,,0,,False,12,train,0
3529,0.0,967.21734,967.46755,90.0,0.08,-20.0,-10.0,null,"[3644.93333333, 3644.93333333]",4.0,gabors,"[20.0, 20.0]",null,0.8,0.25020824,51,,,0,,False,14,test,2
3530,0.0,967.46755,967.71775,45.0,0.08,-10.0,-10.0,null,"[3644.93333333, 3644.93333333]",4.0,gabors,"[20.0, 20.0]",null,0.8,0.25020824,55,,,0,,False,14,test,1
3531,0.0,967.71775,967.96796,90.0,0.08,0.0,-20.0,null,"[3644.93333333, 3644.93333333]",4.0,gabors,"[20.0, 20.0]",null,0.8,0.25020824,155,,,0,,False,14,test,2
3532,0.0,967.96796,968.21817,90.0,0.08,-20.0,-30.0,null,"[3644.93333333, 3644.93333333]",4.0,gabors,"[20.0, 20.0]",null,0.8,0.25020824,161,,,0,,False,14,test,2
3533,0.0,968.21817,968.46838,0.0,0.08,10.0,20.0,null,"[3644.93333333, 3644.93333333]",4.0,gabors,"[20.0, 20.0]",null,0.8,0.25020926,136,,,0,,False,13,train,0
3534,0.0,968.46838,968.71859,45.0,0.08,40.0,-40.0,null,"[3644.93333333, 3644.93333333]",4.0,gabors,"[20.0, 20.0]",null,0.8,0.25020926,119,,,0,,False,14,test,1
3535,0.0,968.71859,968.9688,0.0,0.08,0.0,20.0,null,"[3644.93333333, 3644.93333333]",4.0,gabors,"[20.0, 20.0]",null,0.8,0.25020926,221,,,0,,False,11,test,0
3536,0.0,968.9688,969.21901,0.0,0.08,40.0,20.0,null,"[3644.93333333, 3644.93333333]",4.0,gabors,"[20.0, 20.0]",null,0.8,0.25020926,185,,,0,,False,13,train,0
3537,0.0,969.21901,969.46921,45.0,0.08,-40.0,-30.0,null,"[3644.93333333, 3644.93333333]",4.0,gabors,"[20.0, 20.0]",null,0.8,0.25020574,92,,,0,,False,14,test,1
3538,0.0,969.46921,969.71942,45.0,0.08,0.0,0.0,null,"[3644.93333333, 3644.93333333]",4.0,gabors,"[20.0, 20.0]",null,0.8,0.25020574,32,,,0,,False,13,train,1
3539,0.0,969.71942,969.96963,90.0,0.08,20.0,40.0,null,"[3644.93333333, 3644.93333333]",4.0,gabors,"[20.0, 20.0]",null,0.8,0.25020574,180,,,0,,False,13,train,2
3540,0.0,969.96963,970.21983,90.0,0.08,40.0,-10.0,null,"[3644.93333333, 3644.93333333]",4.0,gabors,"[20.0, 20.0]",null,0.8,0.25020574,127,,,0,,False,13,train,2
3541,0.0,970.21983,970.47005,90.0,0.08,10.0,10.0,null,"[3644.93333333, 3644.93333333]",4.0,gabors,"[20.0, 20.0]",null,0.8,0.25021426,237,,,0,,False,13,train,2
3542,0.0,970.47005,970.72026,90.0,0.08,0.0,0.0,null,"[3644.93333333, 3644.93333333]",4.0,gabors,"[20.0, 20.0]",null,0.8,0.25021426,88,,,0,,False,14,test,2
3543,0.0,970.72026,970.97047,90.0,0.08,10.0,-10.0,null,"[3644.93333333, 3644.93333333]",4.0,gabors,"[20.0, 20.0]",null,0.8,0.25021426,3,,,0,,False,13,train,2
3544,0.0,970.97047,971.22069,0.0,0.08,0.0,-20.0,null,"[3644.93333333, 3644.93333333]",4.0,gabors,"[20.0, 20.0]",null,0.8,0.25021426,172,,,0,,False,14,test,0
3545,0.0,971.22069,971.47089,45.0,0.08,-10.0,-40.0,null,"[3644.93333333, 3644.93333333]",4.0,gabors,"[20.0, 20.0]",null,0.8,0.25020574,40,,,0,,False,14,test,1
3546,0.0,971.47089,971.7211,45.0,0.08,10.0,-30.0,null,"[3644.93333333, 3644.93333333]",4.0,gabors,"[20.0, 20.0]",null,0.8,0.25020574,72,,,0,,False,14,test,1
3547,0.0,971.7211,971.97131,0.0,0.08,40.0,-20.0,null,"[3644.93333333, 3644.93333333]",4.0,gabors,"[20.0, 20.0]",null,0.8,0.25020574,164,,,0,,False,14,test,0
3548,0.0,971.97131,972.22151,90.0,0.08,0.0,-10.0,null,"[3644.93333333, 3644.93333333]",4.0,gabors,"[20.0, 20.0]",null,0.8,0.25020574,49,,,0,,False,14,test,2
3549,0.0,972.22151,972.47172,90.0,0.08,-30.0,-30.0,null,"[3644.93333333, 3644.93333333]",4.0,gabors,"[20.0, 20.0]",null,0.8,0.25020426,175,,,0,,False,14,test,2
3550,0.0,972.47172,972.72192,90.0,0.08,-20.0,30.0,null,"[3644.93333333, 3644.93333333]",4.0,gabors,"[20.0, 20.0]",null,0.8,0.25020426,124,,,0,,False,14,test,2
3551,0.0,972.72192,972.97212,90.0,0.08,40.0,40.0,null,"[3644.93333333, 3644.93333333]",4.0,gabors,"[20.0, 20.0]",null,0.8,0.25020426,110,,,0,,False,14,test,2
3552,0.0,972.97212,973.22233,45.0,0.08,10.0,-20.0,null,"[3644.93333333, 3644.93333333]",4.0,gabors,"[20.0, 20.0]",null,0.8,0.25020426,126,,,0,,False,14,test,1
3553,0.0,973.22233,973.47254,45.0,0.08,30.0,40.0,null,"[3644.93333333, 3644.93333333]",4.0,gabors,"[20.0, 20.0]",null,0.8,0.25021324,224,,,0,,False,13,train,1
3554,0.0,973.47254,973.72275,90.0,0.08,10.0,10.0,null,"[3644.93333333, 3644.93333333]",4.0,gabors,"[20.0, 20.0]",null,0.8,0.25021324,237,,,0,,False,14,test,2
3555,0.0,973.72275,973.97297,45.0,0.08,20.0,40.0,null,"[3644.93333333, 3644.93333333]",4.0,gabors,"[20.0, 20.0]",null,0.8,0.25021324,24,,,0,,False,14,test,1
3556,0.0,973.97297,974.22318,90.0,0.08,-20.0,40.0,null,"[3644.93333333, 3644.93333333]",4.0,gabors,"[20.0, 20.0]",null,0.8,0.25021324,116,,,0,,False,14,test,2
3557,0.0,974.22318,974.47339,45.0,0.08,0.0,-30.0,null,"[3644.93333333, 3644.93333333]",4.0,gabors,"[20.0, 20.0]",null,0.8,0.25021176,241,,,0,,False,14,test,1
3558,0.0,974.47339,974.7236,0.0,0.08,-20.0,-30.0,null,"[3644.93333333, 3644.93333333]",4.0,gabors,"[20.0, 20.0]",null,0.8,0.25021176,54,,,0,,False,14,test,0
3559,0.0,974.7236,974.97382,0.0,0.08,-30.0,30.0,null,"[3644.93333333, 3644.93333333]",4.0,gabors,"[20.0, 20.0]",null,0.8,0.25021176,218,,,0,,False,14,test,0
3560,0.0,974.97382,975.22403,0.0,0.08,-20.0,30.0,null,"[3644.93333333, 3644.93333333]",4.0,gabors,"[20.0, 20.0]",null,0.8,0.25021176,42,,,0,,False,14,test,0
3561,0.0,975.22403,975.47423,90.0,0.08,20.0,0.0,null,"[3644.93333333, 3644.93333333]",4.0,gabors,"[20.0, 20.0]",null,0.8,0.25020574,138,,,0,,False,13,train,2
3562,0.0,975.47423,975.72444,0.0,0.08,30.0,-30.0,null,"[3644.93333333, 3644.93333333]",4.0,gabors,"[20.0, 20.0]",null,0.8,0.25020574,81,,,0,,False,14,test,0
3563,0.0,975.72444,975.97465,0.0,0.08,20.0,10.0,null,"[3644.93333333, 3644.93333333]",4.0,gabors,"[20.0, 20.0]",null,0.8,0.25020574,44,,,0,,False,14,test,0
3564,0.0,975.97465,976.22485,45.0,0.08,-40.0,10.0,null,"[3644.93333333, 3644.93333333]",4.0,gabors,"[20.0, 20.0]",null,0.8,0.25020574,16,,,0,,False,13,train,1
3565,0.0,976.22485,976.47506,45.0,0.08,-30.0,0.0,null,"[3644.93333333, 3644.93333333]",4.0,gabors,"[20.0, 20.0]",null,0.8,0.25020676,212,,,0,,False,14,test,1
3566,0.0,976.47506,976.72526,0.0,0.08,-10.0,-40.0,null,"[3644.93333333, 3644.93333333]",4.0,gabors,"[20.0, 20.0]",null,0.8,0.25020676,139,,,0,,False,14,test,0
3567,0.0,976.72526,976.97547,45.0,0.08,40.0,-20.0,null,"[3644.93333333, 3644.93333333]",4.0,gabors,"[20.0, 20.0]",null,0.8,0.25020676,117,,,0,,False,14,test,1
3568,0.0,976.97547,977.22568,45.0,0.08,-40.0,0.0,null,"[3644.93333333, 3644.93333333]",4.0,gabors,"[20.0, 20.0]",null,0.8,0.25020676,208,,,0,,False,14,test,1
3569,0.0,977.22568,977.47589,45.0,0.08,10.0,0.0,null,"[3644.93333333, 3644.93333333]",4.0,gabors,"[20.0, 20.0]",null,0.8,0.25021324,53,,,0,,False,14,test,1
3570,0.0,977.47589,977.7261,90.0,0.08,-30.0,0.0,null,"[3644.93333333, 3644.93333333]",4.0,gabors,"[20.0, 20.0]",null,0.8,0.25021324,31,,,0,,False,14,test,2
3571,0.0,977.7261,977.97632,0.0,0.08,-40.0,10.0,null,"[3644.93333333, 3644.93333333]",4.0,gabors,"[20.0, 20.0]",null,0.8,0.25021324,205,,,0,,False,14,test,0
3572,0.0,977.97632,978.22653,45.0,0.08,-10.0,0.0,null,"[3644.93333333, 3644.93333333]",4.0,gabors,"[20.0, 20.0]",null,0.8,0.25021324,63,,,0,,False,13,train,1
3573,0.0,978.22653,978.47674,45.0,0.08,-40.0,20.0,null,"[3644.93333333, 3644.93333333]",4.0,gabors,"[20.0, 20.0]",null,0.8,0.25020676,145,,,0,,False,14,test,1
3574,0.0,978.47674,978.72694,0.0,0.08,40.0,-40.0,null,"[3644.93333333, 3644.93333333]",4.0,gabors,"[20.0, 20.0]",null,0.8,0.25020676,62,,,0,,False,14,test,0
3575,0.0,978.72694,978.97715,90.0,0.08,20.0,0.0,null,"[3644.93333333, 3644.93333333]",4.0,gabors,"[20.0, 20.0]",null,0.8,0.25020676,138,,,0,,False,14,test,2
3576,0.0,978.97715,979.22736,90.0,0.08,20.0,-40.0,null,"[3644.93333333, 3644.93333333]",4.0,gabors,"[20.0, 20.0]",null,0.8,0.25020676,33,,,0,,False,14,test,2
3577,0.0,979.22736,979.47757,45.0,0.08,30.0,-20.0,null,"[3644.93333333, 3644.93333333]",4.0,gabors,"[20.0, 20.0]",null,0.8,0.25021074,47,,,0,,False,14,test,1
3578,0.0,979.47757,979.72778,45.0,0.08,-10.0,10.0,null,"[3644.93333333, 3644.93333333]",4.0,gabors,"[20.0, 20.0]",null,0.8,0.25021074,186,,,0,,False,14,test,1
3579,0.0,979.72778,979.97799,90.0,0.08,30.0,-30.0,null,"[3644.93333333, 3644.93333333]",4.0,gabors,"[20.0, 20.0]",null,0.8,0.25021074,215,,,0,,False,13,train,2
3580,0.0,979.97799,980.2282,90.0,0.08,30.0,-40.0,null,"[3644.93333333, 3644.93333333]",4.0,gabors,"[20.0, 20.0]",null,0.8,0.25021074,8,,,0,,False,14,test,2
3581,0.0,980.2282,980.47841,90.0,0.08,20.0,-30.0,null,"[3644.93333333, 3644.93333333]",4.0,gabors,"[20.0, 20.0]",null,0.8,0.25021176,157,,,0,,False,14,test,2
3582,0.0,980.47841,980.72862,90.0,0.08,30.0,30.0,null,"[3644.93333333, 3644.93333333]",4.0,gabors,"[20.0, 20.0]",null,0.8,0.25021176,91,,,0,,False,13,train,2
3583,0.0,980.72862,980.97884,0.0,0.08,-20.0,20.0,null,"[3644.93333333, 3644.93333333]",4.0,gabors,"[20.0, 20.0]",null,0.8,0.25021176,239,,,0,,False,14,test,0
3584,0.0,980.97884,981.22905,90.0,0.08,0.0,40.0,null,"[3644.93333333, 3644.93333333]",4.0,gabors,"[20.0, 20.0]",null,0.8,0.25021176,217,,,0,,False,14,test,2
3585,0.0,981.22905,981.47925,90.0,0.08,10.0,-10.0,null,"[3644.93333333, 3644.93333333]",4.0,gabors,"[20.0, 20.0]",null,0.8,0.25020574,3,,,0,,False,14,test,2
3586,0.0,981.47925,981.72946,0.0,0.08,-30.0,-10.0,null,"[3644.93333333, 3644.93333333]",4.0,gabors,"[20.0, 20.0]",null,0.8,0.25020574,98,,,0,,False,14,test,0
3587,0.0,981.72946,981.97967,90.0,0.08,-30.0,-40.0,null,"[3644.93333333, 3644.93333333]",4.0,gabors,"[20.0, 20.0]",null,0.8,0.25020574,184,,,0,,False,14,test,2
3588,0.0,981.97967,982.22987,0.0,0.08,0.0,30.0,null,"[3644.93333333, 3644.93333333]",4.0,gabors,"[20.0, 20.0]",null,0.8,0.25020574,203,,,0,,False,14,test,0
3589,0.0,982.22987,982.48008,90.0,0.08,-10.0,30.0,null,"[3644.93333333, 3644.93333333]",4.0,gabors,"[20.0, 20.0]",null,0.8,0.25020676,200,,,0,,False,14,test,2
3590,0.0,982.48008,982.73028,0.0,0.08,-40.0,-30.0,null,"[3644.93333333, 3644.93333333]",4.0,gabors,"[20.0, 20.0]",null,0.8,0.25020676,222,,,0,,False,14,test,0
3591,0.0,982.73028,982.98049,90.0,0.08,20.0,30.0,null,"[3644.93333333, 3644.93333333]",4.0,gabors,"[20.0, 20.0]",null,0.8,0.25020676,188,,,0,,False,13,train,2
3592,0.0,982.98049,983.2307,90.0,0.08,-40.0,-30.0,null,"[3644.93333333, 3644.93333333]",4.0,gabors,"[20.0, 20.0]",null,0.8,0.25020676,56,,,0,,False,14,test,2
3593,0.0,983.2307,983.48091,90.0,0.08,40.0,-10.0,null,"[3644.93333333, 3644.93333333]",4.0,gabors,"[20.0, 20.0]",null,0.8,0.25021324,127,,,0,,False,14,test,2
3594,0.0,983.48091,983.73112,0.0,0.08,20.0,20.0,null,"[3644.93333333, 3644.93333333]",4.0,gabors,"[20.0, 20.0]",null,0.8,0.25021324,179,,,0,,False,12,train,0
3595,0.0,983.73112,983.98134,0.0,0.08,40.0,20.0,null,"[3644.93333333, 3644.93333333]",4.0,gabors,"[20.0, 20.0]",null,0.8,0.25021324,185,,,0,,False,14,test,0
3596,0.0,983.98134,984.23155,45.0,0.08,30.0,40.0,null,"[3644.93333333, 3644.93333333]",4.0,gabors,"[20.0, 20.0]",null,0.8,0.25021324,224,,,0,,False,14,test,1
3597,0.0,984.23155,984.48176,90.0,0.08,-40.0,40.0,null,"[3644.93333333, 3644.93333333]",4.0,gabors,"[20.0, 20.0]",null,0.8,0.25021176,163,,,0,,False,14,test,2
3598,0.0,984.48176,984.73197,0.0,0.08,40.0,40.0,null,"[3644.93333333, 3644.93333333]",4.0,gabors,"[20.0, 20.0]",null,0.8,0.25021176,202,,,0,,False,13,train,0
3599,0.0,984.73197,984.98219,0.0,0.08,40.0,40.0,null,"[3644.93333333, 3644.93333333]",4.0,gabors,"[20.0, 20.0]",null,0.8,0.25021176,202,,,0,,False,14,test,0
3600,0.0,984.98219,985.2324,0.0,0.08,-30.0,-40.0,null,"[3644.93333333, 3644.93333333]",4.0,gabors,"[20.0, 20.0]",null,0.8,0.25021176,46,,,0,,False,14,test,0
3601,0.0,985.2324,985.48261,0.0,0.08,0.0,20.0,null,"[3644.93333333, 3644.93333333]",4.0,gabors,"[20.0, 20.0]",null,0.8,0.25020824,221,,,0,,False,12,train,0
3602,0.0,985.48261,985.73281,45.0,0.08,0.0,0.0,null,"[3644.93333333, 3644.93333333]",4.0,gabors,"[20.0, 20.0]",null,0.8,0.25020824,32,,,0,,False,14,test,1
3603,0.0,985.73281,985.98302,0.0,0.08,20.0,20.0,null,"[3644.93333333, 3644.93333333]",4.0,gabors,"[20.0, 20.0]",null,0.8,0.25020824,179,,,0,,False,13,train,0
3604,0.0,985.98302,986.23323,45.0,0.08,20.0,-10.0,null,"[3644.93333333, 3644.93333333]",4.0,gabors,"[20.0, 20.0]",null,0.8,0.25020824,183,,,0,,False,14,test,1
3605,0.0,986.23323,986.48344,45.0,0.08,20.0,20.0,null,"[3644.93333333, 3644.93333333]",4.0,gabors,"[20.0, 20.0]",null,0.8,0.25020676,167,,,0,,False,14,test,1
3606,0.0,986.48344,986.73364,0.0,0.08,20.0,-40.0,null,"[3644.93333333, 3644.93333333]",4.0,gabors,"[20.0, 20.0]",null,0.8,0.25020676,69,,,0,,False,14,test,0
3607,0.0,986.73364,986.98385,90.0,0.08,30.0,30.0,null,"[3644.93333333, 3644.93333333]",4.0,gabors,"[20.0, 20.0]",null,0.8,0.25020676,91,,,0,,False,14,test,2
3608,0.0,986.98385,987.23406,0.0,0.08,10.0,-10.0,null,"[3644.93333333, 3644.93333333]",4.0,gabors,"[20.0, 20.0]",null,0.8,0.25020676,231,,,0,,False,14,test,0
3609,0.0,987.23406,987.48426,45.0,0.08,0.0,-40.0,null,"[3644.93333333, 3644.93333333]",4.0,gabors,"[20.0, 20.0]",null,0.8,0.25020324,225,,,0,,False,14,test,1
3610,0.0,987.48426,987.73446,45.0,0.08,-40.0,10.0,null,"[3644.93333333, 3644.93333333]",4.0,gabors,"[20.0, 20.0]",null,0.8,0.25020324,16,,,0,,False,14,test,1
3611,0.0,987.73446,987.98467,90.0,0.08,0.0,30.0,null,"[3644.93333333, 3644.93333333]",4.0,gabors,"[20.0, 20.0]",null,0.8,0.25020324,10,,,0,,False,14,test,2
3612,0.0,987.98467,988.23487,90.0,0.08,40.0,10.0,null,"[3644.93333333, 3644.93333333]",4.0,gabors,"[20.0, 20.0]",null,0.8,0.25020324,141,,,0,,False,14,test,2
3613,0.0,988.23487,988.48509,0.0,0.08,20.0,-10.0,null,"[3644.93333333, 3644.93333333]",4.0,gabors,"[20.0, 20.0]",null,0.8,0.25021676,238,,,0,,False,14,test,0
3614,0.0,988.48509,988.7353,0.0,0.08,0.0,20.0,null,"[3644.93333333, 3644.93333333]",4.0,gabors,"[20.0, 20.0]",null,0.8,0.25021676,221,,,0,,False,13,train,0
3615,0.0,988.7353,988.98552,0.0,0.08,0.0,20.0,null,"[3644.93333333, 3644.93333333]",4.0,gabors,"[20.0, 20.0]",null,0.8,0.25021676,221,,,0,,False,14,test,0
3616,0.0,988.98552,989.23574,0.0,0.08,10.0,-20.0,null,"[3644.93333333, 3644.93333333]",4.0,gabors,"[20.0, 20.0]",null,0.8,0.25021676,109,,,0,,False,14,test,0
3617,0.0,989.23574,989.48594,90.0,0.08,20.0,40.0,null,"[3644.93333333, 3644.93333333]",4.0,gabors,"[20.0, 20.0]",null,0.8,0.25020574,180,,,0,,False,14,test,2
3618,0.0,989.48594,989.73615,45.0,0.08,30.0,-40.0,null,"[3644.93333333, 3644.93333333]",4.0,gabors,"[20.0, 20.0]",null,0.8,0.25020574,125,,,0,,False,13,train,1
3619,0.0,989.73615,989.98636,0.0,0.08,-40.0,-20.0,null,"[3644.93333333, 3644.93333333]",4.0,gabors,"[20.0, 20.0]",null,0.8,0.25020574,13,,,0,,False,13,train,0
3620,0.0,989.98636,990.23656,45.0,0.08,-10.0,0.0,null,"[3644.93333333, 3644.93333333]",4.0,gabors,"[20.0, 20.0]",null,0.8,0.25020574,63,,,0,,False,14,test,1
3621,0.0,990.23656,990.48678,90.0,0.08,20.0,30.0,null,"[3644.93333333, 3644.93333333]",4.0,gabors,"[20.0, 20.0]",null,0.8,0.25021676,188,,,0,,False,14,test,2
3622,0.0,990.48678,990.73699,45.0,0.08,40.0,20.0,null,"[3644.93333333, 3644.93333333]",4.0,gabors,"[20.0, 20.0]",null,0.8,0.25021676,105,,,0,,False,14,test,1
3623,0.0,990.73699,990.98721,0.0,0.08,-30.0,40.0,null,"[3644.93333333, 3644.93333333]",4.0,gabors,"[20.0, 20.0]",null,0.8,0.25021676,89,,,0,,False,14,test,0
3624,0.0,990.98721,991.23743,45.0,0.08,-20.0,-20.0,null,"[3644.93333333, 3644.93333333]",4.0,gabors,"[20.0, 20.0]",null,0.8,0.25021676,120,,,0,,False,14,test,1
3625,0.0,991.23743,991.48764,90.0,0.08,40.0,-20.0,null,"[3644.93333333, 3644.93333333]",4.0,gabors,"[20.0, 20.0]",null,0.8,0.25020824,60,,,0,,False,14,test,2
3626,0.0,991.48764,991.73784,0.0,0.08,10.0,20.0,null,"[3644.93333333, 3644.93333333]",4.0,gabors,"[20.0, 20.0]",null,0.8,0.25020824,136,,,0,,False,14,test,0
3627,0.0,991.73784,991.98805,45.0,0.08,10.0,30.0,null,"[3644.93333333, 3644.93333333]",4.0,gabors,"[20.0, 20.0]",null,0.8,0.25020824,209,,,0,,False,14,test,1
3628,0.0,991.98805,992.23826,90.0,0.08,-40.0,-10.0,null,"[3644.93333333, 3644.93333333]",4.0,gabors,"[20.0, 20.0]",null,0.8,0.25020824,190,,,0,,False,14,test,2
3629,0.0,992.23826,992.48846,45.0,0.08,30.0,-30.0,null,"[3644.93333333, 3644.93333333]",4.0,gabors,"[20.0, 20.0]",null,0.8,0.25020176,153,,,0,,False,14,test,1
3630,0.0,992.48846,992.73866,0.0,0.08,-40.0,40.0,null,"[3644.93333333, 3644.93333333]",4.0,gabors,"[20.0, 20.0]",null,0.8,0.25020176,14,,,0,,False,14,test,0
3631,0.0,992.73866,992.98887,0.0,0.08,30.0,10.0,null,"[3644.93333333, 3644.93333333]",4.0,gabors,"[20.0, 20.0]",null,0.8,0.25020176,5,,,0,,False,14,test,0
3632,0.0,992.98887,993.23907,90.0,0.08,0.0,-40.0,null,"[3644.93333333, 3644.93333333]",4.0,gabors,"[20.0, 20.0]",null,0.8,0.25020176,173,,,0,,False,14,test,2
3633,0.0,993.23907,993.48928,90.0,0.08,10.0,40.0,null,"[3644.93333333, 3644.93333333]",4.0,gabors,"[20.0, 20.0]",null,0.8,0.25021324,135,,,0,,False,14,test,2
3634,0.0,993.48928,993.73949,45.0,0.08,-20.0,-30.0,null,"[3644.93333333, 3644.93333333]",4.0,gabors,"[20.0, 20.0]",null,0.8,0.25021324,174,,,0,,False,14,test,1
3635,0.0,993.73949,993.98971,45.0,0.08,30.0,-40.0,null,"[3644.93333333, 3644.93333333]",4.0,gabors,"[20.0, 20.0]",null,0.8,0.25021324,125,,,0,,False,14,test,1
3636,0.0,993.98971,994.23992,0.0,0.08,20.0,40.0,null,"[3644.93333333, 3644.93333333]",4.0,gabors,"[20.0, 20.0]",null,0.8,0.25021324,151,,,0,,False,14,test,0
3637,0.0,994.23992,994.49013,0.0,0.08,10.0,-30.0,null,"[3644.93333333, 3644.93333333]",4.0,gabors,"[20.0, 20.0]",null,0.8,0.25020926,148,,,0,,False,14,test,0
3638,0.0,994.49013,994.74034,0.0,0.08,20.0,20.0,null,"[3644.93333333, 3644.93333333]",4.0,gabors,"[20.0, 20.0]",null,0.8,0.25020926,179,,,0,,False,14,test,0
3639,0.0,994.74034,994.99055,45.0,0.08,0.0,-20.0,null,"[3644.93333333, 3644.93333333]",4.0,gabors,"[20.0, 20.0]",null,0.8,0.25020926,198,,,0,,False,14,test,1
3640,0.0,994.99055,995.24076,90.0,0.08,30.0,10.0,null,"[3644.93333333, 3644.93333333]",4.0,gabors,"[20.0, 20.0]",null,0.8,0.25020926,204,,,0,,False,14,test,2
3641,0.0,995.24076,995.49097,90.0,0.08,30.0,-30.0,null,"[3644.93333333, 3644.93333333]",4.0,gabors,"[20.0, 20.0]",null,0.8,0.25021074,215,,,0,,False,14,test,2
3642,0.0,995.49097,995.74118,0.0,0.08,-10.0,-10.0,null,"[3644.93333333, 3644.93333333]",4.0,gabors,"[20.0, 20.0]",null,0.8,0.25021074,158,,,0,,False,14,test,0
3643,0.0,995.74118,995.99139,0.0,0.08,-10.0,40.0,null,"[3644.93333333, 3644.93333333]",4.0,gabors,"[20.0, 20.0]",null,0.8,0.25021074,234,,,0,,False,14,test,0
3644,0.0,995.99139,996.2416,45.0,0.08,-10.0,-30.0,null,"[3644.93333333, 3644.93333333]",4.0,gabors,"[20.0, 20.0]",null,0.8,0.25021074,83,,,0,,False,14,test,1
3645,0.0,996.2416,996.49181,0.0,0.08,-40.0,-20.0,null,"[3644.93333333, 3644.93333333]",4.0,gabors,"[20.0, 20.0]",null,0.8,0.25021176,13,,,0,,False,14,test,0
